trial,start_frame,end_frame,is_swapped
2024.10.30_07-43-39_Stocago_metben,3,587,True
2024.10.30_07-43-39_Stocago_metben,1055,2120,True
2024.10.30_07-43-39_Stocago_metben,2122,2247,True
2024.10.30_07-43-39_Stocago_metben,2249,2573,True
2024.10.30_07-43-39_Stocago_metben,2575,2576,True
2024.10.30_07-43-39_Stocago_metben,2578,2650,True
2024.10.30_07-43-39_Stocago_metben,2653,2653,True
2024.10.30_07-43-39_Stocago_metben,2656,3318,True
2024.10.30_07-43-39_Stocago_metben,3321,3322,True
2024.10.30_07-43-39_Stocago_metben,3324,3327,True
2024.10.30_07-43-39_Stocago_metben,3329,3329,True
2024.10.30_07-43-39_Stocago_metben,3332,3336,True
2024.10.30_07-43-39_Stocago_metben,3338,3566,True
2024.10.30_07-43-39_Stocago_metben,5216,6853,True
2024.10.30_07-43-39_Stocago_metben,6860,7095,True
2024.10.30_07-43-39_Stocago_metben,7097,7191,True
2024.10.30_07-43-39_Stocago_metben,7194,7204,True
2024.10.30_07-43-39_Stocago_metben,7208,7212,True
2024.10.30_07-43-39_Stocago_metben,7215,7252,True
2024.10.30_07-43-39_Stocago_metben,7254,7291,True
2024.10.30_07-43-39_Stocago_metben,7293,7358,True
2024.10.30_07-43-39_Stocago_metben,7360,7361,True
2024.10.30_07-43-39_Stocago_metben,7363,7712,True
2024.10.30_07-43-39_Stocago_metben,7714,8453,True
2024.10.30_07-43-39_Stocago_metben,8455,8483,True
2024.10.30_07-43-39_Stocago_metben,8492,8501,True
2024.10.30_07-43-39_Stocago_metben,8503,8526,True
2024.10.30_07-43-39_Stocago_metben,8540,8575,True
2024.10.30_07-43-39_Stocago_metben,8588,8616,True
2024.09.30_11-32-23_Sussex_no_odor,3926,4003,True
2024.09.30_11-32-23_Sussex_no_odor,4154,4165,True
2024.09.30_11-32-23_Sussex_no_odor,4193,4195,True
2024.09.30_11-32-23_Sussex_no_odor,4204,4226,True
2024.09.30_11-32-23_Sussex_no_odor,4231,4237,True
2024.09.30_11-32-23_Sussex_no_odor,4382,4385,True
2024.09.30_11-32-23_Sussex_no_odor,4387,4392,True
2024.09.30_11-32-23_Sussex_no_odor,4394,5174,True
2024.09.30_11-32-23_Sussex_no_odor,5280,5495,True
2024.09.30_11-32-23_Sussex_no_odor,5500,5500,True
2024.09.30_11-32-23_Sussex_no_odor,5502,5502,True
2024.09.30_11-32-23_Sussex_no_odor,5513,8203,True
2024.10.03_12-13-00_Riverside_metbut,3,472,True
2024.10.03_12-13-00_Riverside_metbut,476,666,True
2024.10.03_12-13-00_Riverside_metbut,668,668,True
2024.10.03_12-13-00_Riverside_metbut,670,753,True
2024.10.03_12-13-00_Riverside_metbut,1201,1244,True
2024.10.03_12-13-00_Riverside_metbut,1246,1258,True
2024.10.03_12-13-00_Riverside_metbut,1260,1267,True
2024.10.03_12-13-00_Riverside_metbut,1269,2163,True
2024.10.03_12-13-00_Riverside_metbut,3158,3158,True
2024.10.03_12-13-00_Riverside_metbut,3160,3465,True
2024.10.03_12-13-00_Riverside_metbut,3765,3787,True
2024.10.03_12-13-00_Riverside_metbut,3802,3909,True
2024.10.03_12-13-00_Riverside_metbut,4604,4611,True
2024.10.03_12-13-00_Riverside_metbut,4613,4615,True
2024.10.03_12-13-00_Riverside_metbut,4617,4630,True
2024.10.03_12-13-00_Riverside_metbut,4749,4750,True
2024.10.03_12-13-00_Riverside_metbut,4764,4764,True
2024.10.03_12-13-00_Riverside_metbut,4766,6116,True
2024.10.03_12-13-00_Riverside_metbut,6123,6123,True
2024.10.03_12-13-00_Riverside_metbut,6137,6137,True
2024.10.03_12-13-00_Riverside_metbut,7589,7603,True
2024.10.03_12-13-00_Riverside_metbut,7643,7643,True
2024.10.03_12-13-00_Riverside_metbut,7723,7793,True
2024.10.03_12-13-00_Riverside_metbut,7795,7828,True
2024.10.03_12-13-00_Riverside_metbut,7830,7855,True
2024.10.03_12-13-00_Riverside_metbut,7858,7858,True
2024.10.03_12-13-00_Riverside_metbut,7860,7862,True
2024.10.03_12-13-00_Riverside_metbut,7865,7865,True
2024.10.03_12-13-00_Riverside_metbut,7869,7869,True
2024.10.03_12-13-00_Riverside_metbut,7875,7875,True
2024.10.03_12-13-00_Riverside_metbut,7879,7879,True
2024.10.03_12-13-00_Riverside_metbut,7884,7884,True
2024.10.03_12-13-00_Riverside_metbut,7890,7891,True
2024.10.03_12-13-00_Riverside_metbut,7893,7898,True
2024.10.03_12-13-00_Riverside_metbut,7900,7903,True
2024.10.03_12-13-00_Riverside_metbut,7905,7905,True
2024.10.03_12-13-00_Riverside_metbut,7907,7907,True
2024.10.03_12-13-00_Riverside_metbut,7909,7910,True
2024.10.03_12-13-00_Riverside_metbut,7912,7912,True
2024.10.03_12-13-00_Riverside_metbut,7914,7914,True
2024.10.03_12-13-00_Riverside_metbut,7916,7917,True
2024.10.03_12-13-00_Riverside_metbut,7919,7920,True
2024.10.03_12-13-00_Riverside_metbut,7922,7923,True
2024.10.03_12-13-00_Riverside_metbut,7925,7926,True
2024.10.03_12-13-00_Riverside_metbut,7930,7930,True
2024.10.03_12-13-00_Riverside_metbut,7932,7936,True
2024.10.03_12-13-00_Riverside_metbut,7938,7940,True
2024.10.03_12-13-00_Riverside_metbut,7942,7942,True
2024.10.03_12-13-00_Riverside_metbut,7945,7947,True
2024.10.03_12-13-00_Riverside_metbut,7949,7977,True
2024.10.03_12-13-00_Riverside_metbut,7980,8046,True
2024.10.03_12-13-00_Riverside_metbut,8048,8574,True
2024.10.15_07-53-05_Biarmipes_G224_1hexanol,3,331,True
2024.10.15_07-53-05_Biarmipes_G224_1hexanol,1572,3427,True
2024.10.15_07-53-05_Biarmipes_G224_1hexanol,3723,4298,True
2024.10.15_07-53-05_Biarmipes_G224_1hexanol,4300,4493,True
2024.10.15_07-53-05_Biarmipes_G224_1hexanol,5492,5492,True
2024.10.15_07-53-05_Biarmipes_G224_1hexanol,5509,5513,True
2024.10.15_07-53-05_Biarmipes_G224_1hexanol,5515,5515,True
2024.10.15_07-53-05_Biarmipes_G224_1hexanol,5552,5559,True
2024.10.15_07-53-05_Biarmipes_G224_1hexanol,5623,5627,True
2024.10.15_07-53-05_Biarmipes_G224_1hexanol,5755,5759,True
2024.10.15_07-53-05_Biarmipes_G224_1hexanol,5766,6873,True
2024.10.15_07-53-05_Biarmipes_G224_1hexanol,6875,6887,True
2024.10.15_07-53-05_Biarmipes_G224_1hexanol,6984,7019,True
2024.10.15_07-53-05_Biarmipes_G224_1hexanol,7024,7393,True
2024.10.15_07-53-05_Biarmipes_G224_1hexanol,7399,7477,True
2024.10.15_07-53-05_Biarmipes_G224_1hexanol,7479,7480,True
2024.10.15_07-53-05_Biarmipes_G224_1hexanol,7488,7488,True
2024.10.15_07-53-05_Biarmipes_G224_1hexanol,7492,7492,True
2024.10.15_07-53-05_Biarmipes_G224_1hexanol,7497,7497,True
2024.10.15_07-53-05_Biarmipes_G224_1hexanol,7499,7501,True
2024.10.15_07-53-05_Biarmipes_G224_1hexanol,7503,7509,True
2024.10.15_07-53-05_Biarmipes_G224_1hexanol,7516,7516,True
2024.10.15_07-53-05_Biarmipes_G224_1hexanol,7518,7861,True
2024.10.15_07-53-05_Biarmipes_G224_1hexanol,7894,7895,True
2024.10.15_07-53-05_Biarmipes_G224_1hexanol,7902,7918,True
2024.10.15_07-53-05_Biarmipes_G224_1hexanol,7946,7949,True
2024.10.15_07-53-05_Biarmipes_G224_1hexanol,7959,7962,True
2024.10.15_07-53-05_Biarmipes_G224_1hexanol,7976,7999,True
2024.10.15_07-53-05_Biarmipes_G224_1hexanol,8001,8001,True
2024.10.15_07-53-05_Biarmipes_G224_1hexanol,8009,8022,True
2024.10.15_07-53-05_Biarmipes_G224_1hexanol,8032,8055,True
2024.10.15_07-53-05_Biarmipes_G224_1hexanol,8074,8101,True
2024.10.15_07-53-05_Biarmipes_G224_1hexanol,8113,8117,True
2024.10.15_07-53-05_Biarmipes_G224_1hexanol,8170,8180,True
2024.10.15_07-53-05_Biarmipes_G224_1hexanol,8187,8202,True
2024.10.15_07-53-05_Biarmipes_G224_1hexanol,8213,8240,True
2024.10.15_07-53-05_Biarmipes_G224_1hexanol,8267,8267,True
2024.10.15_07-53-05_Biarmipes_G224_1hexanol,8274,8274,True
2024.10.15_07-53-05_Biarmipes_G224_1hexanol,8276,8276,True
2024.10.15_07-53-05_Biarmipes_G224_1hexanol,8278,8278,True
2024.10.15_07-53-05_Biarmipes_G224_1hexanol,8280,8280,True
2024.10.15_07-53-05_Biarmipes_G224_1hexanol,8293,8329,True
2024.11.13_02-21-38_Biarmipes_G224_e2hex,3,1377,True
2024.11.13_02-21-38_Biarmipes_G224_e2hex,2143,2143,True
2024.11.13_02-21-38_Biarmipes_G224_e2hex,2145,2153,True
2024.11.13_02-21-38_Biarmipes_G224_e2hex,2157,2185,True
2024.11.13_02-21-38_Biarmipes_G224_e2hex,2187,2187,True
2024.11.13_02-21-38_Biarmipes_G224_e2hex,2197,2250,True
2024.11.13_02-21-38_Biarmipes_G224_e2hex,2266,2268,True
2024.11.13_02-21-38_Biarmipes_G224_e2hex,2270,2270,True
2024.11.13_02-21-38_Biarmipes_G224_e2hex,2272,2272,True
2024.11.13_02-21-38_Biarmipes_G224_e2hex,2276,2615,True
2024.11.13_02-21-38_Biarmipes_G224_e2hex,2617,2629,True
2024.11.13_02-21-38_Biarmipes_G224_e2hex,2631,2632,True
2024.11.13_02-21-38_Biarmipes_G224_e2hex,2634,2695,True
2024.11.13_02-21-38_Biarmipes_G224_e2hex,2715,2771,True
2024.11.13_02-21-38_Biarmipes_G224_e2hex,2983,3171,True
2024.11.13_02-21-38_Biarmipes_G224_e2hex,3173,3248,True
2024.11.13_02-21-38_Biarmipes_G224_e2hex,3250,3250,True
2024.11.13_02-21-38_Biarmipes_G224_e2hex,3253,3255,True
2024.11.13_02-21-38_Biarmipes_G224_e2hex,3280,3280,True
2024.11.13_02-21-38_Biarmipes_G224_e2hex,3282,3282,True
2024.11.13_02-21-38_Biarmipes_G224_e2hex,3284,3413,True
2024.11.13_02-21-38_Biarmipes_G224_e2hex,4000,4000,True
2024.11.13_02-21-38_Biarmipes_G224_e2hex,4392,4827,True
2024.11.13_02-21-38_Biarmipes_G224_e2hex,5385,5715,True
2024.11.13_02-21-38_Biarmipes_G224_e2hex,6095,6556,True
2024.11.13_02-21-38_Biarmipes_G224_e2hex,6559,6563,True
2024.11.13_02-21-38_Biarmipes_G224_e2hex,7789,8630,True
2024.11.13_02-21-38_Biarmipes_G224_e2hex,8936,8999,True
2024.12.18_16-13-27_CantonS_metben,1003,1739,True
2024.12.18_16-13-27_CantonS_metben,1742,1742,True
2024.12.18_16-13-27_CantonS_metben,1744,1860,True
2024.12.18_16-13-27_CantonS_metben,1862,3239,True
2024.12.18_16-13-27_CantonS_metben,3241,3675,True
2024.12.18_16-13-27_CantonS_metben,3677,3696,True
2024.12.18_16-13-27_CantonS_metben,3923,3934,True
2024.12.18_16-13-27_CantonS_metben,3937,3943,True
2024.12.18_16-13-27_CantonS_metben,3945,3952,True
2024.12.18_16-13-27_CantonS_metben,5516,6967,True
2024.12.18_16-13-27_CantonS_metben,8273,8999,True
2024.10.28_06-14-53_Yakuba_cameroon_metben,3,670,True
2024.10.28_06-14-53_Yakuba_cameroon_metben,932,1177,True
2024.10.28_06-14-53_Yakuba_cameroon_metben,1179,1182,True
2024.10.28_06-14-53_Yakuba_cameroon_metben,1184,1191,True
2024.10.28_06-14-53_Yakuba_cameroon_metben,1194,1194,True
2024.10.28_06-14-53_Yakuba_cameroon_metben,1316,1320,True
2024.10.28_06-14-53_Yakuba_cameroon_metben,1323,1887,True
2024.10.28_06-14-53_Yakuba_cameroon_metben,1980,2022,True
2024.10.28_06-14-53_Yakuba_cameroon_metben,2024,2026,True
2024.10.28_06-14-53_Yakuba_cameroon_metben,3489,8176,True
2024.10.28_06-14-53_Yakuba_cameroon_metben,8178,8999,True
2024.10.24_12-03-53_Biarmipes84_prenac,681,683,True
2024.10.24_12-03-53_Biarmipes84_prenac,686,690,True
2024.10.24_12-03-53_Biarmipes84_prenac,692,696,True
2024.10.24_12-03-53_Biarmipes84_prenac,707,708,True
2024.10.24_12-03-53_Biarmipes84_prenac,711,712,True
2024.10.24_12-03-53_Biarmipes84_prenac,721,721,True
2024.10.24_12-03-53_Biarmipes84_prenac,733,733,True
2024.10.24_12-03-53_Biarmipes84_prenac,737,737,True
2024.10.24_12-03-53_Biarmipes84_prenac,741,741,True
2024.10.24_12-03-53_Biarmipes84_prenac,753,753,True
2024.10.24_12-03-53_Biarmipes84_prenac,757,757,True
2024.10.24_12-03-53_Biarmipes84_prenac,772,772,True
2024.10.24_12-03-53_Biarmipes84_prenac,778,779,True
2024.10.24_12-03-53_Biarmipes84_prenac,781,782,True
2024.10.24_12-03-53_Biarmipes84_prenac,791,791,True
2024.10.24_12-03-53_Biarmipes84_prenac,793,793,True
2024.10.24_12-03-53_Biarmipes84_prenac,895,896,True
2024.10.24_12-03-53_Biarmipes84_prenac,899,899,True
2024.10.24_12-03-53_Biarmipes84_prenac,903,903,True
2024.10.24_12-03-53_Biarmipes84_prenac,907,907,True
2024.10.24_12-03-53_Biarmipes84_prenac,911,916,True
2024.10.24_12-03-53_Biarmipes84_prenac,918,924,True
2024.10.24_12-03-53_Biarmipes84_prenac,929,929,True
2024.10.24_12-03-53_Biarmipes84_prenac,934,952,True
2024.10.24_12-03-53_Biarmipes84_prenac,954,979,True
2024.10.24_12-03-53_Biarmipes84_prenac,981,1029,True
2024.10.24_12-03-53_Biarmipes84_prenac,1031,1033,True
2024.10.24_12-03-53_Biarmipes84_prenac,1035,1063,True
2024.10.24_12-03-53_Biarmipes84_prenac,1065,1081,True
2024.10.24_12-03-53_Biarmipes84_prenac,1083,1086,True
2024.10.24_12-03-53_Biarmipes84_prenac,1088,1089,True
2024.10.24_12-03-53_Biarmipes84_prenac,1096,1096,True
2024.10.24_12-03-53_Biarmipes84_prenac,1105,1107,True
2024.10.24_12-03-53_Biarmipes84_prenac,1113,1114,True
2024.10.24_12-03-53_Biarmipes84_prenac,1123,1125,True
2024.10.24_12-03-53_Biarmipes84_prenac,1127,1134,True
2024.10.24_12-03-53_Biarmipes84_prenac,1152,1154,True
2024.10.24_12-03-53_Biarmipes84_prenac,1157,1158,True
2024.10.24_12-03-53_Biarmipes84_prenac,1212,1226,True
2024.10.24_12-03-53_Biarmipes84_prenac,1228,1230,True
2024.10.24_12-03-53_Biarmipes84_prenac,1233,1233,True
2024.10.24_12-03-53_Biarmipes84_prenac,1241,1241,True
2024.10.24_12-03-53_Biarmipes84_prenac,1251,1251,True
2024.10.24_12-03-53_Biarmipes84_prenac,1256,1256,True
2024.10.24_12-03-53_Biarmipes84_prenac,1259,1261,True
2024.10.24_12-03-53_Biarmipes84_prenac,1263,1265,True
2024.10.24_12-03-53_Biarmipes84_prenac,1267,1272,True
2024.10.24_12-03-53_Biarmipes84_prenac,1274,1274,True
2024.10.24_12-03-53_Biarmipes84_prenac,1276,1276,True
2024.10.24_12-03-53_Biarmipes84_prenac,1291,1291,True
2024.10.24_12-03-53_Biarmipes84_prenac,1297,1298,True
2024.10.24_12-03-53_Biarmipes84_prenac,1314,1314,True
2024.10.24_12-03-53_Biarmipes84_prenac,1320,1321,True
2024.10.24_12-03-53_Biarmipes84_prenac,1358,1434,True
2024.10.24_12-03-53_Biarmipes84_prenac,1458,1569,True
2024.10.24_12-03-53_Biarmipes84_prenac,1571,1616,True
2024.10.24_12-03-53_Biarmipes84_prenac,1618,1701,True
2024.10.24_12-03-53_Biarmipes84_prenac,1730,1770,True
2024.10.24_12-03-53_Biarmipes84_prenac,1890,1905,True
2024.10.24_12-03-53_Biarmipes84_prenac,1914,1915,True
2024.10.24_12-03-53_Biarmipes84_prenac,1918,1930,True
2024.10.24_12-03-53_Biarmipes84_prenac,1941,1949,True
2024.10.24_12-03-53_Biarmipes84_prenac,2009,2020,True
2024.10.24_12-03-53_Biarmipes84_prenac,2027,2029,True
2024.10.24_12-03-53_Biarmipes84_prenac,2045,2055,True
2024.10.24_12-03-53_Biarmipes84_prenac,2061,2062,True
2024.10.24_12-03-53_Biarmipes84_prenac,2072,2072,True
2024.10.24_12-03-53_Biarmipes84_prenac,2074,2093,True
2024.10.24_12-03-53_Biarmipes84_prenac,2095,2096,True
2024.10.24_12-03-53_Biarmipes84_prenac,2099,2099,True
2024.10.24_12-03-53_Biarmipes84_prenac,2117,2125,True
2024.10.24_12-03-53_Biarmipes84_prenac,2127,2127,True
2024.10.24_12-03-53_Biarmipes84_prenac,2129,2134,True
2024.10.24_12-03-53_Biarmipes84_prenac,2164,2165,True
2024.10.24_12-03-53_Biarmipes84_prenac,2168,2168,True
2024.10.24_12-03-53_Biarmipes84_prenac,2170,2173,True
2024.10.24_12-03-53_Biarmipes84_prenac,2177,2177,True
2024.10.24_12-03-53_Biarmipes84_prenac,2240,2250,True
2024.10.24_12-03-53_Biarmipes84_prenac,2328,2331,True
2024.10.24_12-03-53_Biarmipes84_prenac,2347,2347,True
2024.10.24_12-03-53_Biarmipes84_prenac,2353,2353,True
2024.10.24_12-03-53_Biarmipes84_prenac,2355,2355,True
2024.10.24_12-03-53_Biarmipes84_prenac,2363,2366,True
2024.10.24_12-03-53_Biarmipes84_prenac,2379,2379,True
2024.10.24_12-03-53_Biarmipes84_prenac,2387,2390,True
2024.10.24_12-03-53_Biarmipes84_prenac,2396,2396,True
2024.10.24_12-03-53_Biarmipes84_prenac,2429,2429,True
2024.10.24_12-03-53_Biarmipes84_prenac,2457,2458,True
2024.10.24_12-03-53_Biarmipes84_prenac,2463,2463,True
2024.10.24_12-03-53_Biarmipes84_prenac,2478,2478,True
2024.10.24_12-03-53_Biarmipes84_prenac,2480,2481,True
2024.10.24_12-03-53_Biarmipes84_prenac,2625,2625,True
2024.10.24_12-03-53_Biarmipes84_prenac,2628,2632,True
2024.10.24_12-03-53_Biarmipes84_prenac,2644,2648,True
2024.10.24_12-03-53_Biarmipes84_prenac,2664,2666,True
2024.10.24_12-03-53_Biarmipes84_prenac,2668,2675,True
2024.10.24_12-03-53_Biarmipes84_prenac,2677,2696,True
2024.10.24_12-03-53_Biarmipes84_prenac,2698,2704,True
2024.10.24_12-03-53_Biarmipes84_prenac,2734,2734,True
2024.10.24_12-03-53_Biarmipes84_prenac,2798,2799,True
2024.10.24_12-03-53_Biarmipes84_prenac,2801,2804,True
2024.10.24_12-03-53_Biarmipes84_prenac,2806,2807,True
2024.10.24_12-03-53_Biarmipes84_prenac,2809,2809,True
2024.10.24_12-03-53_Biarmipes84_prenac,2812,2817,True
2024.10.24_12-03-53_Biarmipes84_prenac,2819,2825,True
2024.10.24_12-03-53_Biarmipes84_prenac,2827,2827,True
2024.10.24_12-03-53_Biarmipes84_prenac,2835,2836,True
2024.10.24_12-03-53_Biarmipes84_prenac,2839,2841,True
2024.10.24_12-03-53_Biarmipes84_prenac,2844,2845,True
2024.10.24_12-03-53_Biarmipes84_prenac,2853,2853,True
2024.10.24_12-03-53_Biarmipes84_prenac,2883,2889,True
2024.10.24_12-03-53_Biarmipes84_prenac,2990,2996,True
2024.10.24_12-03-53_Biarmipes84_prenac,3239,3291,True
2024.10.24_12-03-53_Biarmipes84_prenac,3371,3372,True
2024.10.24_12-03-53_Biarmipes84_prenac,3386,3386,True
2024.10.24_12-03-53_Biarmipes84_prenac,3550,3552,True
2024.10.24_12-03-53_Biarmipes84_prenac,3563,3564,True
2024.10.24_12-03-53_Biarmipes84_prenac,3571,3575,True
2024.10.24_12-03-53_Biarmipes84_prenac,3610,3611,True
2024.10.24_12-03-53_Biarmipes84_prenac,3737,3741,True
2024.10.24_12-03-53_Biarmipes84_prenac,3743,3744,True
2024.10.24_12-03-53_Biarmipes84_prenac,3816,3816,True
2024.10.24_12-03-53_Biarmipes84_prenac,4475,4480,True
2024.10.24_12-03-53_Biarmipes84_prenac,4500,4511,True
2024.10.24_12-03-53_Biarmipes84_prenac,4514,4515,True
2024.10.24_12-03-53_Biarmipes84_prenac,4517,4517,True
2024.10.24_12-03-53_Biarmipes84_prenac,4519,4527,True
2024.10.24_12-03-53_Biarmipes84_prenac,4530,4537,True
2024.10.24_12-03-53_Biarmipes84_prenac,4540,4540,True
2024.10.24_12-03-53_Biarmipes84_prenac,4542,4545,True
2024.10.24_12-03-53_Biarmipes84_prenac,4547,4550,True
2024.10.24_12-03-53_Biarmipes84_prenac,4552,4559,True
2024.10.24_12-03-53_Biarmipes84_prenac,4561,4578,True
2024.10.24_12-03-53_Biarmipes84_prenac,4580,4580,True
2024.10.24_12-03-53_Biarmipes84_prenac,4582,4602,True
2024.10.24_12-03-53_Biarmipes84_prenac,4614,4615,True
2024.10.24_12-03-53_Biarmipes84_prenac,4618,4618,True
2024.10.24_12-03-53_Biarmipes84_prenac,4620,4624,True
2024.10.24_12-03-53_Biarmipes84_prenac,4626,4634,True
2024.10.24_12-03-53_Biarmipes84_prenac,4637,4637,True
2024.10.24_12-03-53_Biarmipes84_prenac,4639,4642,True
2024.10.24_12-03-53_Biarmipes84_prenac,4666,4666,True
2024.10.24_12-03-53_Biarmipes84_prenac,4696,4697,True
2024.10.24_12-03-53_Biarmipes84_prenac,4706,4714,True
2024.10.24_12-03-53_Biarmipes84_prenac,4716,4716,True
2024.10.24_12-03-53_Biarmipes84_prenac,4718,4721,True
2024.10.24_12-03-53_Biarmipes84_prenac,4723,4723,True
2024.10.24_12-03-53_Biarmipes84_prenac,4725,4727,True
2024.10.24_12-03-53_Biarmipes84_prenac,4739,4758,True
2024.10.24_12-03-53_Biarmipes84_prenac,4760,4760,True
2024.10.24_12-03-53_Biarmipes84_prenac,4762,4774,True
2024.10.24_12-03-53_Biarmipes84_prenac,4776,4810,True
2024.10.24_12-03-53_Biarmipes84_prenac,4812,4852,True
2024.10.24_12-03-53_Biarmipes84_prenac,4854,4886,True
2024.10.24_12-03-53_Biarmipes84_prenac,4888,4891,True
2024.10.24_12-03-53_Biarmipes84_prenac,4893,4922,True
2024.10.24_12-03-53_Biarmipes84_prenac,5070,5136,True
2024.10.24_12-03-53_Biarmipes84_prenac,5138,5143,True
2024.10.24_12-03-53_Biarmipes84_prenac,5145,5147,True
2024.10.24_12-03-53_Biarmipes84_prenac,5149,5150,True
2024.10.24_12-03-53_Biarmipes84_prenac,5152,5158,True
2024.10.24_12-03-53_Biarmipes84_prenac,5160,5160,True
2024.10.24_12-03-53_Biarmipes84_prenac,5162,5162,True
2024.10.24_12-03-53_Biarmipes84_prenac,5164,5164,True
2024.10.24_12-03-53_Biarmipes84_prenac,5166,5168,True
2024.10.24_12-03-53_Biarmipes84_prenac,5170,5171,True
2024.10.24_12-03-53_Biarmipes84_prenac,5173,5190,True
2024.10.24_12-03-53_Biarmipes84_prenac,5192,5194,True
2024.10.24_12-03-53_Biarmipes84_prenac,5196,5196,True
2024.10.24_12-03-53_Biarmipes84_prenac,5198,5199,True
2024.10.24_12-03-53_Biarmipes84_prenac,5359,5359,True
2024.10.24_12-03-53_Biarmipes84_prenac,5361,5362,True
2024.10.24_12-03-53_Biarmipes84_prenac,5367,5367,True
2024.10.24_12-03-53_Biarmipes84_prenac,5369,5369,True
2024.10.24_12-03-53_Biarmipes84_prenac,5375,5375,True
2024.10.24_12-03-53_Biarmipes84_prenac,5380,5382,True
2024.10.24_12-03-53_Biarmipes84_prenac,5386,5386,True
2024.10.24_12-03-53_Biarmipes84_prenac,5682,5682,True
2024.10.24_12-03-53_Biarmipes84_prenac,5684,7146,True
2024.10.24_12-03-53_Biarmipes84_prenac,8214,8214,True
2024.10.24_12-03-53_Biarmipes84_prenac,8216,8225,True
2024.10.24_12-03-53_Biarmipes84_prenac,8346,8346,True
2024.10.31_08-23-37_Biarmipes84_metben,3,2494,True
2024.10.31_08-23-37_Biarmipes84_metben,3718,3721,True
2024.10.31_08-23-37_Biarmipes84_metben,4589,7302,True
2024.10.31_08-23-37_Biarmipes84_metben,7815,7830,True
2024.10.31_08-23-37_Biarmipes84_metben,7894,7894,True
2024.10.31_08-23-37_Biarmipes84_metben,7896,7915,True
2024.10.31_08-23-37_Biarmipes84_metben,7935,7935,True
2024.10.31_08-23-37_Biarmipes84_metben,8074,8126,True
2024.11.05_05-51-49_CantonS_e2hex,3,157,True
2024.11.05_05-51-49_CantonS_e2hex,747,1325,True
2024.11.05_05-51-49_CantonS_e2hex,2145,2152,True
2024.11.05_05-51-49_CantonS_e2hex,2939,3102,True
2024.11.05_05-51-49_CantonS_e2hex,3791,4166,True
2024.11.05_05-51-49_CantonS_e2hex,4672,5154,True
2024.11.05_05-51-49_CantonS_e2hex,5156,5178,True
2024.11.05_05-51-49_CantonS_e2hex,5184,5194,True
2024.11.05_05-51-49_CantonS_e2hex,5197,5203,True
2024.11.05_05-51-49_CantonS_e2hex,5216,5225,True
2024.11.05_05-51-49_CantonS_e2hex,5233,5476,True
2024.11.05_05-51-49_CantonS_e2hex,5884,6570,True
2024.11.05_05-51-49_CantonS_e2hex,7499,8301,True
2024.10.30_07-24-33_Stocago_metben,3,186,True
2024.10.30_07-24-33_Stocago_metben,480,1009,True
2024.10.30_07-24-33_Stocago_metben,1011,1101,True
2024.10.30_07-24-33_Stocago_metben,1104,1104,True
2024.10.30_07-24-33_Stocago_metben,1106,1153,True
2024.10.30_07-24-33_Stocago_metben,1156,1180,True
2024.10.30_07-24-33_Stocago_metben,1182,1182,True
2024.10.30_07-24-33_Stocago_metben,1186,1229,True
2024.10.30_07-24-33_Stocago_metben,1231,1232,True
2024.10.30_07-24-33_Stocago_metben,1251,1281,True
2024.10.30_07-24-33_Stocago_metben,1283,1293,True
2024.10.30_07-24-33_Stocago_metben,1297,1999,True
2024.10.30_07-24-33_Stocago_metben,3394,4446,True
2024.10.30_07-24-33_Stocago_metben,4521,4525,True
2024.10.30_07-24-33_Stocago_metben,4527,4529,True
2024.10.30_07-24-33_Stocago_metben,4531,4554,True
2024.10.30_07-24-33_Stocago_metben,4556,4560,True
2024.10.30_07-24-33_Stocago_metben,4576,4908,True
2024.10.30_07-24-33_Stocago_metben,5033,5058,True
2024.10.30_07-24-33_Stocago_metben,5135,5173,True
2024.10.30_07-24-33_Stocago_metben,5249,5278,True
2024.10.30_07-24-33_Stocago_metben,6874,6880,True
2024.10.30_07-24-33_Stocago_metben,6884,6885,True
2024.10.30_07-24-33_Stocago_metben,6887,6902,True
2024.10.30_07-24-33_Stocago_metben,6938,7993,True
2024.10.30_07-24-33_Stocago_metben,7997,7997,True
2024.10.30_07-24-33_Stocago_metben,8000,8069,True
2024.10.30_07-24-33_Stocago_metben,8084,8149,True
2024.10.30_07-24-33_Stocago_metben,8151,8258,True
2024.10.30_07-24-33_Stocago_metben,8260,8268,True
2024.10.30_07-24-33_Stocago_metben,8688,8740,True
2024.10.30_07-24-33_Stocago_metben,8786,8812,True
2024.10.30_07-24-33_Stocago_metben,8844,8881,True
2024.10.30_07-24-33_Stocago_metben,8883,8912,True
2024.10.30_07-24-33_Stocago_metben,8954,8999,True
2024.07.10_17-15-47_CantonS (E-2-Hex),3,1213,True
2024.07.10_17-15-47_CantonS (E-2-Hex),2192,2215,True
2024.07.10_17-15-47_CantonS (E-2-Hex),2773,2773,True
2024.07.10_17-15-47_CantonS (E-2-Hex),2777,5265,True
2024.07.10_17-15-47_CantonS (E-2-Hex),6083,6084,True
2024.07.10_17-15-47_CantonS (E-2-Hex),6088,6088,True
2024.07.10_17-15-47_CantonS (E-2-Hex),6093,6094,True
2024.07.10_17-15-47_CantonS (E-2-Hex),6096,6096,True
2024.07.10_17-15-47_CantonS (E-2-Hex),6098,6099,True
2024.07.10_17-15-47_CantonS (E-2-Hex),6101,6101,True
2024.07.10_17-15-47_CantonS (E-2-Hex),6104,6104,True
2024.07.10_17-15-47_CantonS (E-2-Hex),6135,6136,True
2024.07.10_17-15-47_CantonS (E-2-Hex),6140,6141,True
2024.07.10_17-15-47_CantonS (E-2-Hex),6143,6143,True
2024.07.10_17-15-47_CantonS (E-2-Hex),6146,6146,True
2024.07.10_17-15-47_CantonS (E-2-Hex),6149,6151,True
2024.07.10_17-15-47_CantonS (E-2-Hex),6165,6165,True
2024.07.10_17-15-47_CantonS (E-2-Hex),6174,6174,True
2024.07.10_17-15-47_CantonS (E-2-Hex),6547,6548,True
2024.07.10_17-15-47_CantonS (E-2-Hex),6990,6991,True
2024.07.10_17-15-47_CantonS (E-2-Hex),7423,7423,True
2024.07.10_17-15-47_CantonS (E-2-Hex),8975,8975,True
2024.07.10_17-15-47_CantonS (E-2-Hex),8985,8985,True
2024.09.24_16-57-51_Yakuba7_no_odor,3,580,True
2024.09.24_16-57-51_Yakuba7_no_odor,3181,3181,True
2024.09.24_16-57-51_Yakuba7_no_odor,3200,3201,True
2024.09.24_16-57-51_Yakuba7_no_odor,3203,3208,True
2024.09.24_16-57-51_Yakuba7_no_odor,3210,3210,True
2024.09.24_16-57-51_Yakuba7_no_odor,3257,3261,True
2024.09.24_16-57-51_Yakuba7_no_odor,3263,3324,True
2024.09.24_16-57-51_Yakuba7_no_odor,3326,3354,True
2024.09.24_16-57-51_Yakuba7_no_odor,3356,3373,True
2024.09.24_16-57-51_Yakuba7_no_odor,3736,3783,True
2024.09.24_16-57-51_Yakuba7_no_odor,3785,3786,True
2024.09.24_16-57-51_Yakuba7_no_odor,4383,4447,True
2024.09.24_16-57-51_Yakuba7_no_odor,4449,4462,True
2024.09.24_16-57-51_Yakuba7_no_odor,4464,4475,True
2024.09.24_16-57-51_Yakuba7_no_odor,4478,4480,True
2024.09.24_16-57-51_Yakuba7_no_odor,4482,4482,True
2024.09.24_16-57-51_Yakuba7_no_odor,4491,4493,True
2024.09.24_16-57-51_Yakuba7_no_odor,4495,4495,True
2024.09.24_16-57-51_Yakuba7_no_odor,4497,4514,True
2024.09.24_16-57-51_Yakuba7_no_odor,4516,4518,True
2024.09.24_16-57-51_Yakuba7_no_odor,4520,4547,True
2024.09.24_16-57-51_Yakuba7_no_odor,4549,4640,True
2024.09.24_16-57-51_Yakuba7_no_odor,4661,4716,True
2024.09.24_16-57-51_Yakuba7_no_odor,4718,4738,True
2024.09.24_16-57-51_Yakuba7_no_odor,4740,4743,True
2024.09.24_16-57-51_Yakuba7_no_odor,4745,4746,True
2024.09.24_16-57-51_Yakuba7_no_odor,4748,4750,True
2024.09.24_16-57-51_Yakuba7_no_odor,4754,4755,True
2024.09.24_16-57-51_Yakuba7_no_odor,4758,4768,True
2024.09.24_16-57-51_Yakuba7_no_odor,4771,4774,True
2024.09.24_16-57-51_Yakuba7_no_odor,4776,4782,True
2024.09.24_16-57-51_Yakuba7_no_odor,4785,4787,True
2024.09.24_16-57-51_Yakuba7_no_odor,4790,4792,True
2024.09.24_16-57-51_Yakuba7_no_odor,4795,4796,True
2024.09.24_16-57-51_Yakuba7_no_odor,4799,4803,True
2024.09.24_16-57-51_Yakuba7_no_odor,4806,4812,True
2024.09.24_16-57-51_Yakuba7_no_odor,4814,4816,True
2024.09.24_16-57-51_Yakuba7_no_odor,4818,4820,True
2024.09.24_16-57-51_Yakuba7_no_odor,4822,4822,True
2024.09.24_16-57-51_Yakuba7_no_odor,4824,4825,True
2024.09.24_16-57-51_Yakuba7_no_odor,4827,4830,True
2024.09.24_16-57-51_Yakuba7_no_odor,4833,4834,True
2024.09.24_16-57-51_Yakuba7_no_odor,6220,6259,True
2024.09.24_16-57-51_Yakuba7_no_odor,6261,6286,True
2024.09.24_16-57-51_Yakuba7_no_odor,6288,6302,True
2024.09.24_16-57-51_Yakuba7_no_odor,6305,6310,True
2024.09.24_16-57-51_Yakuba7_no_odor,6312,6327,True
2024.09.24_16-57-51_Yakuba7_no_odor,6329,6329,True
2024.09.24_16-57-51_Yakuba7_no_odor,6331,6339,True
2024.09.24_16-57-51_Yakuba7_no_odor,6341,6347,True
2024.09.24_16-57-51_Yakuba7_no_odor,6351,6351,True
2024.09.24_16-57-51_Yakuba7_no_odor,6353,6353,True
2024.09.24_16-57-51_Yakuba7_no_odor,6357,6363,True
2024.09.24_16-57-51_Yakuba7_no_odor,6371,6373,True
2024.09.24_16-57-51_Yakuba7_no_odor,6375,6378,True
2024.09.24_16-57-51_Yakuba7_no_odor,6380,6383,True
2024.09.24_16-57-51_Yakuba7_no_odor,6385,6386,True
2024.09.24_16-57-51_Yakuba7_no_odor,6394,6395,True
2024.09.24_16-57-51_Yakuba7_no_odor,6397,6399,True
2024.09.24_16-57-51_Yakuba7_no_odor,6401,6402,True
2024.09.24_16-57-51_Yakuba7_no_odor,6405,6405,True
2024.09.24_16-57-51_Yakuba7_no_odor,6407,6410,True
2024.09.24_16-57-51_Yakuba7_no_odor,6412,6414,True
2024.09.24_16-57-51_Yakuba7_no_odor,6416,6416,True
2024.09.24_16-57-51_Yakuba7_no_odor,6420,6420,True
2024.09.24_16-57-51_Yakuba7_no_odor,6424,6428,True
2024.09.24_16-57-51_Yakuba7_no_odor,6430,6433,True
2024.09.24_16-57-51_Yakuba7_no_odor,6435,6435,True
2024.09.24_16-57-51_Yakuba7_no_odor,6440,6445,True
2024.09.24_16-57-51_Yakuba7_no_odor,6447,6447,True
2024.09.24_16-57-51_Yakuba7_no_odor,6449,6449,True
2024.09.24_16-57-51_Yakuba7_no_odor,6451,6451,True
2024.09.24_16-57-51_Yakuba7_no_odor,6454,6454,True
2024.09.24_16-57-51_Yakuba7_no_odor,6456,6457,True
2024.09.24_16-57-51_Yakuba7_no_odor,6460,6462,True
2024.09.24_16-57-51_Yakuba7_no_odor,6465,6465,True
2024.09.24_16-57-51_Yakuba7_no_odor,6467,6467,True
2024.09.24_16-57-51_Yakuba7_no_odor,6469,6469,True
2024.09.24_16-57-51_Yakuba7_no_odor,6471,6471,True
2024.09.24_16-57-51_Yakuba7_no_odor,6475,6476,True
2024.09.24_16-57-51_Yakuba7_no_odor,6478,6480,True
2024.09.24_16-57-51_Yakuba7_no_odor,6486,6487,True
2024.09.24_16-57-51_Yakuba7_no_odor,6489,6489,True
2024.09.24_16-57-51_Yakuba7_no_odor,6494,6494,True
2024.09.24_16-57-51_Yakuba7_no_odor,6496,6500,True
2024.09.24_16-57-51_Yakuba7_no_odor,6504,6504,True
2024.09.24_16-57-51_Yakuba7_no_odor,6506,6507,True
2024.09.24_16-57-51_Yakuba7_no_odor,6515,6515,True
2024.09.24_16-57-51_Yakuba7_no_odor,6517,6517,True
2024.09.24_16-57-51_Yakuba7_no_odor,6519,6531,True
2024.09.24_16-57-51_Yakuba7_no_odor,6533,6533,True
2024.09.24_16-57-51_Yakuba7_no_odor,6535,6535,True
2024.09.24_16-57-51_Yakuba7_no_odor,6538,6540,True
2024.09.24_16-57-51_Yakuba7_no_odor,6542,6542,True
2024.09.24_16-57-51_Yakuba7_no_odor,6544,6550,True
2024.09.24_16-57-51_Yakuba7_no_odor,6555,6558,True
2024.09.24_16-57-51_Yakuba7_no_odor,6561,6563,True
2024.09.24_16-57-51_Yakuba7_no_odor,6567,6567,True
2024.09.24_16-57-51_Yakuba7_no_odor,6569,6569,True
2024.09.24_16-57-51_Yakuba7_no_odor,6571,6571,True
2024.09.24_16-57-51_Yakuba7_no_odor,6573,6587,True
2024.09.24_16-57-51_Yakuba7_no_odor,6589,6598,True
2024.09.24_16-57-51_Yakuba7_no_odor,6600,6600,True
2024.09.24_16-57-51_Yakuba7_no_odor,6602,6606,True
2024.09.24_16-57-51_Yakuba7_no_odor,6608,6616,True
2024.09.24_16-57-51_Yakuba7_no_odor,6618,6622,True
2024.09.24_16-57-51_Yakuba7_no_odor,6624,6628,True
2024.09.24_16-57-51_Yakuba7_no_odor,6630,6637,True
2024.09.24_16-57-51_Yakuba7_no_odor,6639,6710,True
2024.09.24_16-57-51_Yakuba7_no_odor,6712,6725,True
2024.09.24_16-57-51_Yakuba7_no_odor,6727,6734,True
2024.09.24_16-57-51_Yakuba7_no_odor,6736,6740,True
2024.09.24_16-57-51_Yakuba7_no_odor,6743,6743,True
2024.09.24_16-57-51_Yakuba7_no_odor,6745,6745,True
2024.09.24_16-57-51_Yakuba7_no_odor,6747,6747,True
2024.09.24_16-57-51_Yakuba7_no_odor,6749,6752,True
2024.09.24_16-57-51_Yakuba7_no_odor,6755,6789,True
2024.09.24_16-57-51_Yakuba7_no_odor,6794,6794,True
2024.09.24_16-57-51_Yakuba7_no_odor,6796,6797,True
2024.09.24_16-57-51_Yakuba7_no_odor,6799,6803,True
2024.09.24_16-57-51_Yakuba7_no_odor,6805,6808,True
2024.09.24_16-57-51_Yakuba7_no_odor,6810,6814,True
2024.09.24_16-57-51_Yakuba7_no_odor,6817,6821,True
2024.09.24_16-57-51_Yakuba7_no_odor,6823,6825,True
2024.09.24_16-57-51_Yakuba7_no_odor,6828,6829,True
2024.09.24_16-57-51_Yakuba7_no_odor,6831,6833,True
2024.09.24_16-57-51_Yakuba7_no_odor,6835,6836,True
2024.09.24_16-57-51_Yakuba7_no_odor,6838,6842,True
2024.09.24_16-57-51_Yakuba7_no_odor,6844,6848,True
2024.09.24_16-57-51_Yakuba7_no_odor,6850,6852,True
2024.09.24_16-57-51_Yakuba7_no_odor,6856,6858,True
2024.09.24_16-57-51_Yakuba7_no_odor,6860,6863,True
2024.09.24_16-57-51_Yakuba7_no_odor,6868,6868,True
2024.09.24_16-57-51_Yakuba7_no_odor,6870,6873,True
2024.09.24_16-57-51_Yakuba7_no_odor,6876,6876,True
2024.09.24_16-57-51_Yakuba7_no_odor,6879,6888,True
2024.09.24_16-57-51_Yakuba7_no_odor,6891,6891,True
2024.09.24_16-57-51_Yakuba7_no_odor,6893,6894,True
2024.09.24_16-57-51_Yakuba7_no_odor,6896,6896,True
2024.09.24_16-57-51_Yakuba7_no_odor,6900,6901,True
2024.09.24_16-57-51_Yakuba7_no_odor,6903,6903,True
2024.09.24_16-57-51_Yakuba7_no_odor,6905,6910,True
2024.09.24_16-57-51_Yakuba7_no_odor,6912,6913,True
2024.09.24_16-57-51_Yakuba7_no_odor,6915,6916,True
2024.09.24_16-57-51_Yakuba7_no_odor,6918,6924,True
2024.09.24_16-57-51_Yakuba7_no_odor,6926,6926,True
2024.09.24_16-57-51_Yakuba7_no_odor,6930,6930,True
2024.09.24_16-57-51_Yakuba7_no_odor,6932,6933,True
2024.09.24_16-57-51_Yakuba7_no_odor,6938,6938,True
2024.09.24_16-57-51_Yakuba7_no_odor,6941,6950,True
2024.09.24_16-57-51_Yakuba7_no_odor,6952,6956,True
2024.09.24_16-57-51_Yakuba7_no_odor,6959,6964,True
2024.09.24_16-57-51_Yakuba7_no_odor,6967,6967,True
2024.09.24_16-57-51_Yakuba7_no_odor,6969,6969,True
2024.09.24_16-57-51_Yakuba7_no_odor,6972,6975,True
2024.09.24_16-57-51_Yakuba7_no_odor,6977,6978,True
2024.09.24_16-57-51_Yakuba7_no_odor,6980,6980,True
2024.09.24_16-57-51_Yakuba7_no_odor,6982,6984,True
2024.09.24_16-57-51_Yakuba7_no_odor,6987,6990,True
2024.09.24_16-57-51_Yakuba7_no_odor,6992,6994,True
2024.09.24_16-57-51_Yakuba7_no_odor,6997,6999,True
2024.09.24_16-57-51_Yakuba7_no_odor,7001,7004,True
2024.09.24_16-57-51_Yakuba7_no_odor,7010,7020,True
2024.09.24_16-57-51_Yakuba7_no_odor,7022,7023,True
2024.09.24_16-57-51_Yakuba7_no_odor,7025,7025,True
2024.09.24_16-57-51_Yakuba7_no_odor,7027,7028,True
2024.09.24_16-57-51_Yakuba7_no_odor,7030,7031,True
2024.09.24_16-57-51_Yakuba7_no_odor,7033,7033,True
2024.09.24_16-57-51_Yakuba7_no_odor,7036,7037,True
2024.09.24_16-57-51_Yakuba7_no_odor,7039,7039,True
2024.09.24_16-57-51_Yakuba7_no_odor,7041,7046,True
2024.09.24_16-57-51_Yakuba7_no_odor,7048,7056,True
2024.09.24_16-57-51_Yakuba7_no_odor,7058,7059,True
2024.09.24_16-57-51_Yakuba7_no_odor,7061,7062,True
2024.09.24_16-57-51_Yakuba7_no_odor,7064,7069,True
2024.09.24_16-57-51_Yakuba7_no_odor,7071,7072,True
2024.09.24_16-57-51_Yakuba7_no_odor,7074,7078,True
2024.09.24_16-57-51_Yakuba7_no_odor,7080,7087,True
2024.09.24_16-57-51_Yakuba7_no_odor,7089,7090,True
2024.09.24_16-57-51_Yakuba7_no_odor,7092,7093,True
2024.09.24_16-57-51_Yakuba7_no_odor,7095,7098,True
2024.09.24_16-57-51_Yakuba7_no_odor,7100,7102,True
2024.09.24_16-57-51_Yakuba7_no_odor,7104,7106,True
2024.09.24_16-57-51_Yakuba7_no_odor,7108,7110,True
2024.09.24_16-57-51_Yakuba7_no_odor,7112,7112,True
2024.09.24_16-57-51_Yakuba7_no_odor,7115,7123,True
2024.09.24_16-57-51_Yakuba7_no_odor,7125,7128,True
2024.09.24_16-57-51_Yakuba7_no_odor,7130,7133,True
2024.09.24_16-57-51_Yakuba7_no_odor,7135,7138,True
2024.09.24_16-57-51_Yakuba7_no_odor,7140,7147,True
2024.09.24_16-57-51_Yakuba7_no_odor,7149,7149,True
2024.09.24_16-57-51_Yakuba7_no_odor,7151,7157,True
2024.09.24_16-57-51_Yakuba7_no_odor,7160,7162,True
2024.09.24_16-57-51_Yakuba7_no_odor,7165,7165,True
2024.09.24_16-57-51_Yakuba7_no_odor,7167,7172,True
2024.09.24_16-57-51_Yakuba7_no_odor,7174,7191,True
2024.09.24_16-57-51_Yakuba7_no_odor,7194,7206,True
2024.09.24_16-57-51_Yakuba7_no_odor,7208,7208,True
2024.09.24_16-57-51_Yakuba7_no_odor,7210,7211,True
2024.09.24_16-57-51_Yakuba7_no_odor,7215,7216,True
2024.09.24_16-57-51_Yakuba7_no_odor,7218,7219,True
2024.09.24_16-57-51_Yakuba7_no_odor,7221,7223,True
2024.09.24_16-57-51_Yakuba7_no_odor,7226,7229,True
2024.09.24_16-57-51_Yakuba7_no_odor,7231,7232,True
2024.09.24_16-57-51_Yakuba7_no_odor,7235,7239,True
2024.09.24_16-57-51_Yakuba7_no_odor,7241,7241,True
2024.09.24_16-57-51_Yakuba7_no_odor,7243,7245,True
2024.09.24_16-57-51_Yakuba7_no_odor,7247,7250,True
2024.09.24_16-57-51_Yakuba7_no_odor,7252,7253,True
2024.09.24_16-57-51_Yakuba7_no_odor,7255,7255,True
2024.09.24_16-57-51_Yakuba7_no_odor,7258,7258,True
2024.09.24_16-57-51_Yakuba7_no_odor,7260,7269,True
2024.09.24_16-57-51_Yakuba7_no_odor,7272,7276,True
2024.09.24_16-57-51_Yakuba7_no_odor,7279,7280,True
2024.09.24_16-57-51_Yakuba7_no_odor,7282,7284,True
2024.09.24_16-57-51_Yakuba7_no_odor,7286,7288,True
2024.09.24_16-57-51_Yakuba7_no_odor,7290,7290,True
2024.09.24_16-57-51_Yakuba7_no_odor,7292,7294,True
2024.09.24_16-57-51_Yakuba7_no_odor,7298,7302,True
2024.09.24_16-57-51_Yakuba7_no_odor,7304,7309,True
2024.09.24_16-57-51_Yakuba7_no_odor,7311,7321,True
2024.09.24_16-57-51_Yakuba7_no_odor,7323,7326,True
2024.09.24_16-57-51_Yakuba7_no_odor,7329,7330,True
2024.09.24_16-57-51_Yakuba7_no_odor,7332,7344,True
2024.09.24_16-57-51_Yakuba7_no_odor,7346,7346,True
2024.09.24_16-57-51_Yakuba7_no_odor,7349,7350,True
2024.09.24_16-57-51_Yakuba7_no_odor,7356,7361,True
2024.09.24_16-57-51_Yakuba7_no_odor,7364,7368,True
2024.09.24_16-57-51_Yakuba7_no_odor,7370,7376,True
2024.09.24_16-57-51_Yakuba7_no_odor,7378,7379,True
2024.09.24_16-57-51_Yakuba7_no_odor,7381,7382,True
2024.09.24_16-57-51_Yakuba7_no_odor,7385,7392,True
2024.09.24_16-57-51_Yakuba7_no_odor,7394,7404,True
2024.09.24_16-57-51_Yakuba7_no_odor,7406,7407,True
2024.09.24_16-57-51_Yakuba7_no_odor,7409,7412,True
2024.09.24_16-57-51_Yakuba7_no_odor,7414,7418,True
2024.09.24_16-57-51_Yakuba7_no_odor,7420,7421,True
2024.09.24_16-57-51_Yakuba7_no_odor,7423,7427,True
2024.09.24_16-57-51_Yakuba7_no_odor,7432,7437,True
2024.09.24_16-57-51_Yakuba7_no_odor,7439,7442,True
2024.09.24_16-57-51_Yakuba7_no_odor,7444,7461,True
2024.09.24_16-57-51_Yakuba7_no_odor,7463,7466,True
2024.09.24_16-57-51_Yakuba7_no_odor,7468,7475,True
2024.09.24_16-57-51_Yakuba7_no_odor,7478,7483,True
2024.09.24_16-57-51_Yakuba7_no_odor,7486,7490,True
2024.09.24_16-57-51_Yakuba7_no_odor,7495,7495,True
2024.09.24_16-57-51_Yakuba7_no_odor,7498,7498,True
2024.09.24_16-57-51_Yakuba7_no_odor,7500,7503,True
2024.09.24_16-57-51_Yakuba7_no_odor,7505,7505,True
2024.09.24_16-57-51_Yakuba7_no_odor,7508,7508,True
2024.09.24_16-57-51_Yakuba7_no_odor,7512,7512,True
2024.09.24_16-57-51_Yakuba7_no_odor,7515,7515,True
2024.09.24_16-57-51_Yakuba7_no_odor,7519,7519,True
2024.09.24_16-57-51_Yakuba7_no_odor,7525,7525,True
2024.09.24_16-57-51_Yakuba7_no_odor,7527,7527,True
2024.09.24_16-57-51_Yakuba7_no_odor,7529,7533,True
2024.09.24_16-57-51_Yakuba7_no_odor,7535,7536,True
2024.09.24_16-57-51_Yakuba7_no_odor,7538,7539,True
2024.09.24_16-57-51_Yakuba7_no_odor,7541,7541,True
2024.09.24_16-57-51_Yakuba7_no_odor,7543,7544,True
2024.09.24_16-57-51_Yakuba7_no_odor,7546,7547,True
2024.09.24_16-57-51_Yakuba7_no_odor,7549,7552,True
2024.09.24_16-57-51_Yakuba7_no_odor,7554,7558,True
2024.09.24_16-57-51_Yakuba7_no_odor,7560,7562,True
2024.09.24_16-57-51_Yakuba7_no_odor,7564,7565,True
2024.09.24_16-57-51_Yakuba7_no_odor,7567,7567,True
2024.09.24_16-57-51_Yakuba7_no_odor,7570,7570,True
2024.09.24_16-57-51_Yakuba7_no_odor,7573,7575,True
2024.09.24_16-57-51_Yakuba7_no_odor,7577,7580,True
2024.09.24_16-57-51_Yakuba7_no_odor,7582,7588,True
2024.09.24_16-57-51_Yakuba7_no_odor,7594,7614,True
2024.09.24_16-57-51_Yakuba7_no_odor,7616,7624,True
2024.09.24_16-57-51_Yakuba7_no_odor,7627,7629,True
2024.09.24_16-57-51_Yakuba7_no_odor,7631,7638,True
2024.09.24_16-57-51_Yakuba7_no_odor,7640,7640,True
2024.09.24_16-57-51_Yakuba7_no_odor,7642,7645,True
2024.09.24_16-57-51_Yakuba7_no_odor,7648,7648,True
2024.09.24_16-57-51_Yakuba7_no_odor,7650,7650,True
2024.09.24_16-57-51_Yakuba7_no_odor,7655,7656,True
2024.09.24_16-57-51_Yakuba7_no_odor,7658,7659,True
2024.09.24_16-57-51_Yakuba7_no_odor,7663,7664,True
2024.09.24_16-57-51_Yakuba7_no_odor,7666,7667,True
2024.09.24_16-57-51_Yakuba7_no_odor,7669,7669,True
2024.09.24_16-57-51_Yakuba7_no_odor,7672,7678,True
2024.09.24_16-57-51_Yakuba7_no_odor,7688,7690,True
2024.09.24_16-57-51_Yakuba7_no_odor,7695,7696,True
2024.09.24_16-57-51_Yakuba7_no_odor,7698,7701,True
2024.09.24_16-57-51_Yakuba7_no_odor,7711,7713,True
2024.09.24_16-57-51_Yakuba7_no_odor,7715,7718,True
2024.09.24_16-57-51_Yakuba7_no_odor,7736,7738,True
2024.09.24_16-57-51_Yakuba7_no_odor,7745,7753,True
2024.09.24_16-57-51_Yakuba7_no_odor,7769,7772,True
2024.09.24_16-57-51_Yakuba7_no_odor,7775,7819,True
2024.09.24_16-57-51_Yakuba7_no_odor,7821,7827,True
2024.09.24_16-57-51_Yakuba7_no_odor,7829,7833,True
2024.09.24_16-57-51_Yakuba7_no_odor,7835,7837,True
2024.09.24_16-57-51_Yakuba7_no_odor,7839,7839,True
2024.09.24_16-57-51_Yakuba7_no_odor,7841,7845,True
2024.09.24_16-57-51_Yakuba7_no_odor,7848,7861,True
2024.09.24_16-57-51_Yakuba7_no_odor,7863,7865,True
2024.09.24_16-57-51_Yakuba7_no_odor,7877,7877,True
2024.09.24_16-57-51_Yakuba7_no_odor,7884,7884,True
2024.09.24_16-57-51_Yakuba7_no_odor,7900,7905,True
2024.09.24_16-57-51_Yakuba7_no_odor,7908,7908,True
2024.09.24_16-57-51_Yakuba7_no_odor,7910,7910,True
2024.09.24_16-57-51_Yakuba7_no_odor,7922,7922,True
2024.09.24_16-57-51_Yakuba7_no_odor,7926,7926,True
2024.09.24_16-57-51_Yakuba7_no_odor,7947,8078,True
2024.09.24_16-57-51_Yakuba7_no_odor,8080,8102,True
2024.09.24_16-57-51_Yakuba7_no_odor,8104,8106,True
2024.09.24_16-57-51_Yakuba7_no_odor,8108,8108,True
2024.09.24_16-57-51_Yakuba7_no_odor,8111,8118,True
2024.09.24_16-57-51_Yakuba7_no_odor,8120,8121,True
2024.09.24_16-57-51_Yakuba7_no_odor,8123,8136,True
2024.09.24_16-57-51_Yakuba7_no_odor,8139,8185,True
2024.09.24_16-57-51_Yakuba7_no_odor,8187,8211,True
2024.10.17_14-07-03_Biarmipes_G224_prenac,3,206,True
2024.10.17_14-07-03_Biarmipes_G224_prenac,209,212,True
2024.10.17_14-07-03_Biarmipes_G224_prenac,214,215,True
2024.10.17_14-07-03_Biarmipes_G224_prenac,222,222,True
2024.10.17_14-07-03_Biarmipes_G224_prenac,320,379,True
2024.10.17_14-07-03_Biarmipes_G224_prenac,381,388,True
2024.10.17_14-07-03_Biarmipes_G224_prenac,390,390,True
2024.10.17_14-07-03_Biarmipes_G224_prenac,413,414,True
2024.10.17_14-07-03_Biarmipes_G224_prenac,416,417,True
2024.10.17_14-07-03_Biarmipes_G224_prenac,420,420,True
2024.10.17_14-07-03_Biarmipes_G224_prenac,423,607,True
2024.10.17_14-07-03_Biarmipes_G224_prenac,1561,1561,True
2024.10.17_14-07-03_Biarmipes_G224_prenac,1565,1567,True
2024.10.17_14-07-03_Biarmipes_G224_prenac,1571,1574,True
2024.10.17_14-07-03_Biarmipes_G224_prenac,1577,1579,True
2024.10.17_14-07-03_Biarmipes_G224_prenac,1581,1582,True
2024.10.17_14-07-03_Biarmipes_G224_prenac,1584,1608,True
2024.10.17_14-07-03_Biarmipes_G224_prenac,1610,1616,True
2024.10.17_14-07-03_Biarmipes_G224_prenac,1618,1619,True
2024.10.17_14-07-03_Biarmipes_G224_prenac,1621,1624,True
2024.10.17_14-07-03_Biarmipes_G224_prenac,1655,1694,True
2024.10.17_14-07-03_Biarmipes_G224_prenac,1696,2278,True
2024.10.17_14-07-03_Biarmipes_G224_prenac,2280,3276,True
2024.10.17_14-07-03_Biarmipes_G224_prenac,3278,3278,True
2024.10.17_14-07-03_Biarmipes_G224_prenac,3280,3283,True
2024.10.17_14-07-03_Biarmipes_G224_prenac,7394,7394,True
2024.10.17_14-07-03_Biarmipes_G224_prenac,7398,7398,True
2024.10.17_14-07-03_Biarmipes_G224_prenac,7408,7412,True
2024.10.17_14-07-03_Biarmipes_G224_prenac,7418,7421,True
2024.10.17_14-07-03_Biarmipes_G224_prenac,7424,7424,True
2024.10.17_14-07-03_Biarmipes_G224_prenac,7427,7428,True
2024.10.17_14-07-03_Biarmipes_G224_prenac,7430,7431,True
2024.10.17_14-07-03_Biarmipes_G224_prenac,7433,7433,True
2024.10.17_14-07-03_Biarmipes_G224_prenac,7435,7435,True
2024.10.17_14-07-03_Biarmipes_G224_prenac,7437,7439,True
2024.10.17_14-07-03_Biarmipes_G224_prenac,7442,7443,True
2024.10.17_14-07-03_Biarmipes_G224_prenac,7498,7500,True
2024.10.17_14-07-03_Biarmipes_G224_prenac,7502,7502,True
2024.10.17_14-07-03_Biarmipes_G224_prenac,7508,7508,True
2024.10.17_14-07-03_Biarmipes_G224_prenac,7510,7510,True
2024.10.17_14-07-03_Biarmipes_G224_prenac,7515,7515,True
2024.10.17_14-07-03_Biarmipes_G224_prenac,7522,7522,True
2024.10.17_14-07-03_Biarmipes_G224_prenac,7524,7524,True
2024.10.17_14-07-03_Biarmipes_G224_prenac,7532,7533,True
2024.10.17_14-07-03_Biarmipes_G224_prenac,7559,7559,True
2024.10.17_14-07-03_Biarmipes_G224_prenac,7561,7564,True
2024.10.17_14-07-03_Biarmipes_G224_prenac,7570,7573,True
2024.10.17_14-07-03_Biarmipes_G224_prenac,7575,7575,True
2024.10.17_14-07-03_Biarmipes_G224_prenac,7580,7580,True
2024.10.17_14-07-03_Biarmipes_G224_prenac,7597,7599,True
2024.10.17_14-07-03_Biarmipes_G224_prenac,7602,7602,True
2024.10.17_14-07-03_Biarmipes_G224_prenac,7606,7608,True
2024.10.17_14-07-03_Biarmipes_G224_prenac,7610,7611,True
2024.10.17_14-07-03_Biarmipes_G224_prenac,7613,7615,True
2024.10.17_14-07-03_Biarmipes_G224_prenac,7617,7621,True
2024.10.17_14-07-03_Biarmipes_G224_prenac,7625,7626,True
2024.10.17_14-07-03_Biarmipes_G224_prenac,7628,7629,True
2024.10.17_14-07-03_Biarmipes_G224_prenac,7631,7631,True
2024.10.17_14-07-03_Biarmipes_G224_prenac,7679,7679,True
2024.10.17_14-07-03_Biarmipes_G224_prenac,7683,7685,True
2024.10.17_14-07-03_Biarmipes_G224_prenac,7687,7687,True
2024.10.17_14-07-03_Biarmipes_G224_prenac,7689,7690,True
2024.10.17_14-07-03_Biarmipes_G224_prenac,7692,7692,True
2024.10.17_14-07-03_Biarmipes_G224_prenac,7694,7696,True
2024.10.17_14-07-03_Biarmipes_G224_prenac,7701,7703,True
2024.10.17_14-07-03_Biarmipes_G224_prenac,7707,7707,True
2024.10.17_14-07-03_Biarmipes_G224_prenac,7709,7711,True
2024.10.17_14-07-03_Biarmipes_G224_prenac,7713,7713,True
2024.10.17_14-07-03_Biarmipes_G224_prenac,7715,7715,True
2024.10.17_14-07-03_Biarmipes_G224_prenac,7719,7720,True
2024.10.17_14-07-03_Biarmipes_G224_prenac,7723,7725,True
2024.10.17_14-07-03_Biarmipes_G224_prenac,7728,7730,True
2024.10.17_14-07-03_Biarmipes_G224_prenac,7732,7734,True
2024.10.17_14-07-03_Biarmipes_G224_prenac,7736,7741,True
2024.10.17_14-07-03_Biarmipes_G224_prenac,7743,7744,True
2024.10.17_14-07-03_Biarmipes_G224_prenac,7746,7746,True
2024.10.17_14-07-03_Biarmipes_G224_prenac,7749,7750,True
2024.10.17_14-07-03_Biarmipes_G224_prenac,7753,8004,True
2024.10.17_14-07-03_Biarmipes_G224_prenac,8006,8028,True
2024.10.17_14-07-03_Biarmipes_G224_prenac,8030,8052,True
2024.10.17_14-07-03_Biarmipes_G224_prenac,8054,8063,True
2024.10.17_14-07-03_Biarmipes_G224_prenac,8065,8066,True
2024.10.17_14-07-03_Biarmipes_G224_prenac,8068,8070,True
2024.10.17_14-07-03_Biarmipes_G224_prenac,8072,8072,True
2024.10.17_14-07-03_Biarmipes_G224_prenac,8074,8074,True
2024.10.17_14-07-03_Biarmipes_G224_prenac,8077,8081,True
2024.10.17_14-07-03_Biarmipes_G224_prenac,8084,8088,True
2024.10.17_14-07-03_Biarmipes_G224_prenac,8090,8093,True
2024.10.17_14-07-03_Biarmipes_G224_prenac,8095,8111,True
2024.10.17_14-07-03_Biarmipes_G224_prenac,8113,8116,True
2024.10.17_14-07-03_Biarmipes_G224_prenac,8118,8176,True
2024.10.17_14-07-03_Biarmipes_G224_prenac,8178,8187,True
2024.10.17_14-07-03_Biarmipes_G224_prenac,8189,8940,True
2024.10.24_11-51-34_Biarmipes84_prenac,579,1561,True
2024.10.24_11-51-34_Biarmipes84_prenac,3915,3915,True
2024.10.24_11-51-34_Biarmipes84_prenac,3917,3917,True
2024.10.24_11-51-34_Biarmipes84_prenac,4013,5757,True
2024.10.24_11-51-34_Biarmipes84_prenac,6748,6748,True
2024.10.24_11-51-34_Biarmipes84_prenac,6750,6750,True
2024.10.24_11-51-34_Biarmipes84_prenac,6752,6754,True
2024.10.24_11-51-34_Biarmipes84_prenac,6758,6761,True
2024.10.24_11-51-34_Biarmipes84_prenac,6763,6763,True
2024.10.24_11-51-34_Biarmipes84_prenac,6765,6766,True
2024.10.24_11-51-34_Biarmipes84_prenac,6770,6771,True
2024.10.24_11-51-34_Biarmipes84_prenac,6774,6774,True
2024.10.24_11-51-34_Biarmipes84_prenac,6778,6779,True
2024.10.24_11-51-34_Biarmipes84_prenac,6783,6784,True
2024.10.24_11-51-34_Biarmipes84_prenac,6786,6787,True
2024.10.24_11-51-34_Biarmipes84_prenac,6789,6789,True
2024.10.24_11-51-34_Biarmipes84_prenac,6797,6797,True
2024.10.24_11-51-34_Biarmipes84_prenac,6800,6800,True
2024.10.24_11-51-34_Biarmipes84_prenac,6813,6813,True
2024.10.24_11-51-34_Biarmipes84_prenac,6817,6817,True
2024.10.24_11-51-34_Biarmipes84_prenac,6838,6838,True
2024.10.24_11-51-34_Biarmipes84_prenac,6842,6842,True
2024.10.24_11-51-34_Biarmipes84_prenac,6862,6863,True
2024.10.24_11-51-34_Biarmipes84_prenac,6885,6885,True
2024.10.24_11-51-34_Biarmipes84_prenac,6891,6891,True
2024.10.24_11-51-34_Biarmipes84_prenac,6942,6942,True
2024.10.24_11-51-34_Biarmipes84_prenac,6946,6947,True
2024.10.24_11-51-34_Biarmipes84_prenac,6973,6974,True
2024.10.24_11-51-34_Biarmipes84_prenac,7132,7133,True
2024.10.24_11-51-34_Biarmipes84_prenac,7135,7137,True
2024.10.24_11-51-34_Biarmipes84_prenac,7251,7331,True
2024.10.24_11-51-34_Biarmipes84_prenac,7333,8881,True
2024.09.24_15-59-49_Yakuba7_no_odor,1855,2324,True
2024.09.24_15-59-49_Yakuba7_no_odor,2875,3115,True
2024.09.24_15-59-49_Yakuba7_no_odor,5545,5548,True
2024.09.24_15-59-49_Yakuba7_no_odor,5551,5551,True
2024.09.24_15-59-49_Yakuba7_no_odor,5568,5568,True
2024.09.24_15-59-49_Yakuba7_no_odor,5570,5570,True
2024.09.24_15-59-49_Yakuba7_no_odor,5572,5572,True
2024.09.24_15-59-49_Yakuba7_no_odor,5583,5584,True
2024.09.24_15-59-49_Yakuba7_no_odor,5586,5590,True
2024.09.24_15-59-49_Yakuba7_no_odor,5592,5592,True
2024.09.24_15-59-49_Yakuba7_no_odor,5594,5596,True
2024.09.24_15-59-49_Yakuba7_no_odor,5598,5598,True
2024.09.24_15-59-49_Yakuba7_no_odor,5600,5601,True
2024.09.24_15-59-49_Yakuba7_no_odor,5603,5603,True
2024.09.24_15-59-49_Yakuba7_no_odor,5605,5613,True
2024.09.24_15-59-49_Yakuba7_no_odor,5617,5621,True
2024.09.24_15-59-49_Yakuba7_no_odor,5623,5623,True
2024.09.24_15-59-49_Yakuba7_no_odor,5625,5626,True
2024.09.24_15-59-49_Yakuba7_no_odor,5630,5631,True
2024.09.24_15-59-49_Yakuba7_no_odor,5633,5633,True
2024.09.24_15-59-49_Yakuba7_no_odor,5635,5635,True
2024.09.24_15-59-49_Yakuba7_no_odor,5642,5645,True
2024.09.24_15-59-49_Yakuba7_no_odor,5648,5651,True
2024.09.24_15-59-49_Yakuba7_no_odor,5655,5659,True
2024.09.24_15-59-49_Yakuba7_no_odor,5661,5661,True
2024.09.24_15-59-49_Yakuba7_no_odor,5665,5671,True
2024.09.24_15-59-49_Yakuba7_no_odor,5673,5676,True
2024.09.24_15-59-49_Yakuba7_no_odor,5678,5678,True
2024.09.24_15-59-49_Yakuba7_no_odor,5680,5685,True
2024.09.24_15-59-49_Yakuba7_no_odor,5687,5689,True
2024.09.24_15-59-49_Yakuba7_no_odor,5691,5705,True
2024.09.24_15-59-49_Yakuba7_no_odor,5707,5708,True
2024.09.24_15-59-49_Yakuba7_no_odor,5710,5715,True
2024.09.24_15-59-49_Yakuba7_no_odor,5717,5723,True
2024.09.24_15-59-49_Yakuba7_no_odor,5726,5726,True
2024.09.24_15-59-49_Yakuba7_no_odor,5728,5731,True
2024.09.24_15-59-49_Yakuba7_no_odor,5733,5733,True
2024.09.24_15-59-49_Yakuba7_no_odor,5736,5737,True
2024.09.24_15-59-49_Yakuba7_no_odor,5739,5739,True
2024.09.24_15-59-49_Yakuba7_no_odor,5743,5743,True
2024.09.24_15-59-49_Yakuba7_no_odor,5745,5745,True
2024.09.24_15-59-49_Yakuba7_no_odor,5751,5751,True
2024.09.24_15-59-49_Yakuba7_no_odor,5754,5758,True
2024.09.24_15-59-49_Yakuba7_no_odor,5760,5760,True
2024.09.24_15-59-49_Yakuba7_no_odor,5762,5769,True
2024.09.24_15-59-49_Yakuba7_no_odor,5772,5776,True
2024.09.24_15-59-49_Yakuba7_no_odor,5779,5780,True
2024.09.24_15-59-49_Yakuba7_no_odor,5786,5786,True
2024.09.24_15-59-49_Yakuba7_no_odor,5790,5790,True
2024.09.24_15-59-49_Yakuba7_no_odor,5794,5794,True
2024.09.24_15-59-49_Yakuba7_no_odor,5797,5797,True
2024.09.24_15-59-49_Yakuba7_no_odor,5799,5800,True
2024.09.24_15-59-49_Yakuba7_no_odor,5803,5803,True
2024.09.24_15-59-49_Yakuba7_no_odor,5805,5806,True
2024.09.24_15-59-49_Yakuba7_no_odor,5808,5808,True
2024.09.24_15-59-49_Yakuba7_no_odor,5813,5815,True
2024.09.24_15-59-49_Yakuba7_no_odor,5820,5820,True
2024.09.24_15-59-49_Yakuba7_no_odor,5824,5825,True
2024.09.24_15-59-49_Yakuba7_no_odor,5828,5835,True
2024.09.24_15-59-49_Yakuba7_no_odor,5838,5838,True
2024.09.24_15-59-49_Yakuba7_no_odor,5842,5842,True
2024.09.24_15-59-49_Yakuba7_no_odor,5853,5853,True
2024.09.24_15-59-49_Yakuba7_no_odor,5860,5860,True
2024.09.24_15-59-49_Yakuba7_no_odor,5879,5879,True
2024.09.24_15-59-49_Yakuba7_no_odor,5881,5881,True
2024.09.24_15-59-49_Yakuba7_no_odor,5885,5885,True
2024.09.24_15-59-49_Yakuba7_no_odor,5896,5896,True
2024.09.24_15-59-49_Yakuba7_no_odor,5903,5903,True
2024.09.24_15-59-49_Yakuba7_no_odor,5912,5912,True
2024.09.24_15-59-49_Yakuba7_no_odor,5914,5914,True
2024.09.24_15-59-49_Yakuba7_no_odor,5916,5919,True
2024.09.24_15-59-49_Yakuba7_no_odor,5922,5922,True
2024.09.24_15-59-49_Yakuba7_no_odor,5927,5927,True
2024.09.24_15-59-49_Yakuba7_no_odor,5930,5930,True
2024.09.24_15-59-49_Yakuba7_no_odor,5932,5933,True
2024.09.24_15-59-49_Yakuba7_no_odor,5941,5941,True
2024.09.24_15-59-49_Yakuba7_no_odor,5944,5946,True
2024.09.24_15-59-49_Yakuba7_no_odor,5951,5951,True
2024.09.24_15-59-49_Yakuba7_no_odor,5957,5957,True
2024.09.24_15-59-49_Yakuba7_no_odor,5959,5959,True
2024.09.24_15-59-49_Yakuba7_no_odor,6119,6138,True
2024.09.24_15-59-49_Yakuba7_no_odor,6153,6173,True
2024.09.24_15-59-49_Yakuba7_no_odor,6249,6249,True
2024.09.24_15-59-49_Yakuba7_no_odor,6256,6271,True
2024.09.24_15-59-49_Yakuba7_no_odor,6324,6332,True
2024.09.24_15-59-49_Yakuba7_no_odor,6368,6368,True
2024.09.24_15-59-49_Yakuba7_no_odor,6377,6377,True
2024.09.24_15-59-49_Yakuba7_no_odor,6389,6395,True
2024.09.24_15-59-49_Yakuba7_no_odor,6405,6408,True
2024.09.24_15-59-49_Yakuba7_no_odor,6414,6425,True
2024.09.24_15-59-49_Yakuba7_no_odor,6427,6441,True
2024.09.24_15-59-49_Yakuba7_no_odor,6444,6448,True
2024.09.24_15-59-49_Yakuba7_no_odor,6450,6450,True
2024.09.24_15-59-49_Yakuba7_no_odor,6454,6461,True
2024.09.24_15-59-49_Yakuba7_no_odor,6463,6470,True
2024.09.24_15-59-49_Yakuba7_no_odor,6473,6477,True
2024.09.24_15-59-49_Yakuba7_no_odor,6479,6484,True
2024.09.24_15-59-49_Yakuba7_no_odor,6486,6487,True
2024.09.24_15-59-49_Yakuba7_no_odor,6495,6495,True
2024.09.24_15-59-49_Yakuba7_no_odor,6501,6501,True
2024.09.24_15-59-49_Yakuba7_no_odor,6503,6503,True
2024.09.24_15-59-49_Yakuba7_no_odor,6505,6505,True
2024.09.24_15-59-49_Yakuba7_no_odor,6507,6507,True
2024.09.24_15-59-49_Yakuba7_no_odor,6509,6529,True
2024.09.24_15-59-49_Yakuba7_no_odor,6531,6544,True
2024.09.24_15-59-49_Yakuba7_no_odor,6546,6557,True
2024.09.24_15-59-49_Yakuba7_no_odor,6559,6568,True
2024.09.24_15-59-49_Yakuba7_no_odor,6651,6669,True
2024.09.24_15-59-49_Yakuba7_no_odor,6803,6803,True
2024.09.24_15-59-49_Yakuba7_no_odor,6869,6869,True
2024.09.24_15-59-49_Yakuba7_no_odor,6872,6873,True
2024.09.24_15-59-49_Yakuba7_no_odor,6878,6886,True
2024.09.24_15-59-49_Yakuba7_no_odor,6888,6889,True
2024.09.24_15-59-49_Yakuba7_no_odor,6891,6891,True
2024.09.24_15-59-49_Yakuba7_no_odor,6893,6900,True
2024.09.24_15-59-49_Yakuba7_no_odor,6903,6903,True
2024.09.24_15-59-49_Yakuba7_no_odor,6906,6944,True
2024.09.24_15-59-49_Yakuba7_no_odor,6946,6951,True
2024.09.24_15-59-49_Yakuba7_no_odor,6954,6979,True
2024.09.24_15-59-49_Yakuba7_no_odor,6981,7010,True
2024.09.24_15-59-49_Yakuba7_no_odor,7012,7047,True
2024.09.24_15-59-49_Yakuba7_no_odor,7049,7075,True
2024.09.24_15-59-49_Yakuba7_no_odor,7077,7077,True
2024.09.24_15-59-49_Yakuba7_no_odor,7079,7096,True
2024.09.24_15-59-49_Yakuba7_no_odor,7098,7098,True
2024.09.24_15-59-49_Yakuba7_no_odor,7105,7105,True
2024.09.24_15-59-49_Yakuba7_no_odor,7107,7111,True
2024.09.24_15-59-49_Yakuba7_no_odor,7113,7114,True
2024.09.24_15-59-49_Yakuba7_no_odor,7117,7117,True
2024.09.24_15-59-49_Yakuba7_no_odor,7120,7120,True
2024.09.24_15-59-49_Yakuba7_no_odor,7127,7131,True
2024.09.24_15-59-49_Yakuba7_no_odor,7134,7134,True
2024.09.24_15-59-49_Yakuba7_no_odor,7147,7148,True
2024.09.24_15-59-49_Yakuba7_no_odor,7314,7317,True
2024.09.24_15-59-49_Yakuba7_no_odor,7337,7337,True
2024.09.24_15-59-49_Yakuba7_no_odor,7339,7360,True
2024.09.24_15-59-49_Yakuba7_no_odor,7362,7403,True
2024.09.24_15-59-49_Yakuba7_no_odor,7405,7405,True
2024.09.24_15-59-49_Yakuba7_no_odor,7408,7412,True
2024.09.24_15-59-49_Yakuba7_no_odor,7414,7415,True
2024.09.24_15-59-49_Yakuba7_no_odor,7417,7424,True
2024.09.24_15-59-49_Yakuba7_no_odor,7426,7432,True
2024.09.24_15-59-49_Yakuba7_no_odor,7530,7530,True
2024.09.24_15-59-49_Yakuba7_no_odor,7543,7543,True
2024.09.24_15-59-49_Yakuba7_no_odor,7624,7624,True
2024.09.24_15-59-49_Yakuba7_no_odor,7651,7651,True
2024.09.24_15-59-49_Yakuba7_no_odor,7660,7660,True
2024.09.24_15-59-49_Yakuba7_no_odor,7669,7669,True
2024.09.24_15-59-49_Yakuba7_no_odor,7679,7679,True
2024.09.24_15-59-49_Yakuba7_no_odor,7681,7681,True
2024.09.24_15-59-49_Yakuba7_no_odor,7692,7692,True
2024.09.24_15-59-49_Yakuba7_no_odor,7697,7697,True
2024.09.24_15-59-49_Yakuba7_no_odor,7699,7699,True
2024.09.24_15-59-49_Yakuba7_no_odor,7708,7708,True
2024.09.24_15-59-49_Yakuba7_no_odor,7720,7720,True
2024.09.24_15-59-49_Yakuba7_no_odor,7724,7724,True
2024.09.24_15-59-49_Yakuba7_no_odor,7728,7729,True
2024.09.24_15-59-49_Yakuba7_no_odor,7732,7741,True
2024.09.24_15-59-49_Yakuba7_no_odor,7743,7744,True
2024.09.24_15-59-49_Yakuba7_no_odor,7746,7748,True
2024.09.24_15-59-49_Yakuba7_no_odor,7751,7751,True
2024.09.24_15-59-49_Yakuba7_no_odor,7753,7754,True
2024.09.24_15-59-49_Yakuba7_no_odor,7756,7761,True
2024.09.24_15-59-49_Yakuba7_no_odor,7763,7763,True
2024.09.24_15-59-49_Yakuba7_no_odor,7766,7766,True
2024.09.24_15-59-49_Yakuba7_no_odor,7768,7769,True
2024.09.24_15-59-49_Yakuba7_no_odor,7771,7772,True
2024.09.24_15-59-49_Yakuba7_no_odor,7775,7776,True
2024.09.24_15-59-49_Yakuba7_no_odor,7779,7783,True
2024.09.24_15-59-49_Yakuba7_no_odor,7799,7799,True
2024.09.24_15-59-49_Yakuba7_no_odor,7801,7803,True
2024.09.24_15-59-49_Yakuba7_no_odor,7819,7819,True
2024.09.24_15-59-49_Yakuba7_no_odor,7833,7833,True
2024.09.24_15-59-49_Yakuba7_no_odor,7892,7902,True
2024.09.24_15-59-49_Yakuba7_no_odor,7927,7928,True
2024.09.24_15-59-49_Yakuba7_no_odor,8003,8056,True
2024.09.24_15-59-49_Yakuba7_no_odor,8058,8060,True
2024.09.24_15-59-49_Yakuba7_no_odor,8062,8062,True
2024.09.24_15-59-49_Yakuba7_no_odor,8064,8066,True
2024.09.24_15-59-49_Yakuba7_no_odor,8069,8102,True
2024.09.24_15-59-49_Yakuba7_no_odor,8104,8105,True
2024.09.24_15-59-49_Yakuba7_no_odor,8108,8110,True
2024.09.24_15-59-49_Yakuba7_no_odor,8112,8140,True
2024.09.24_15-59-49_Yakuba7_no_odor,8142,8144,True
2024.09.24_15-59-49_Yakuba7_no_odor,8146,8160,True
2024.09.24_15-59-49_Yakuba7_no_odor,8162,8168,True
2024.09.24_15-59-49_Yakuba7_no_odor,8170,8176,True
2024.09.24_15-59-49_Yakuba7_no_odor,8178,8178,True
2024.09.24_15-59-49_Yakuba7_no_odor,8180,8192,True
2024.09.24_15-59-49_Yakuba7_no_odor,8194,8207,True
2024.09.24_15-59-49_Yakuba7_no_odor,8209,8239,True
2024.09.24_15-59-49_Yakuba7_no_odor,8241,8270,True
2024.09.24_15-59-49_Yakuba7_no_odor,8272,8296,True
2024.09.24_15-59-49_Yakuba7_no_odor,8298,8640,True
2024.09.24_15-59-49_Yakuba7_no_odor,8642,8643,True
2024.09.24_15-59-49_Yakuba7_no_odor,8645,8710,True
2024.09.24_15-59-49_Yakuba7_no_odor,8763,8795,True
2024.12.01_19-22-44_Biarmipes84_prenac,624,1528,True
2024.12.01_19-22-44_Biarmipes84_prenac,1589,1620,True
2024.12.01_19-22-44_Biarmipes84_prenac,1681,1687,True
2024.12.01_19-22-44_Biarmipes84_prenac,3698,3797,True
2024.12.01_19-22-44_Biarmipes84_prenac,3855,5561,True
2024.12.01_19-22-44_Biarmipes84_prenac,5936,5958,True
2024.12.01_19-22-44_Biarmipes84_prenac,6019,6046,True
2024.12.01_19-22-44_Biarmipes84_prenac,6231,6254,True
2024.12.01_19-22-44_Biarmipes84_prenac,6285,6286,True
2024.12.01_19-22-44_Biarmipes84_prenac,6288,6312,True
2024.12.01_19-22-44_Biarmipes84_prenac,6315,6316,True
2024.12.01_19-22-44_Biarmipes84_prenac,6322,6323,True
2024.12.01_19-22-44_Biarmipes84_prenac,6325,6336,True
2024.12.01_19-22-44_Biarmipes84_prenac,6338,6339,True
2024.12.01_19-22-44_Biarmipes84_prenac,6341,6342,True
2024.12.01_19-22-44_Biarmipes84_prenac,6344,6344,True
2024.12.01_19-22-44_Biarmipes84_prenac,6347,6667,True
2024.12.01_19-22-44_Biarmipes84_prenac,6670,6722,True
2024.12.01_19-22-44_Biarmipes84_prenac,6724,6747,True
2024.12.01_19-22-44_Biarmipes84_prenac,6749,6750,True
2024.12.01_19-22-44_Biarmipes84_prenac,6762,6778,True
2024.12.01_19-22-44_Biarmipes84_prenac,6782,6811,True
2024.12.01_19-22-44_Biarmipes84_prenac,6828,6871,True
2024.12.01_19-22-44_Biarmipes84_prenac,6877,6968,True
2024.12.01_19-22-44_Biarmipes84_prenac,6973,7070,True
2024.12.01_19-22-44_Biarmipes84_prenac,7072,7210,True
2024.12.01_19-22-44_Biarmipes84_prenac,7212,7299,True
2024.12.01_19-22-44_Biarmipes84_prenac,7320,7358,True
2024.12.01_19-22-44_Biarmipes84_prenac,7383,7391,True
2024.12.01_19-22-44_Biarmipes84_prenac,7393,7636,True
2024.12.01_19-22-44_Biarmipes84_prenac,8014,8500,True
2024.11.14_20-48-04_Sto_car_e2hex,4505,4505,True
2024.11.14_20-48-04_Sto_car_e2hex,4507,4507,True
2024.11.14_20-48-04_Sto_car_e2hex,4521,4521,True
2024.11.14_20-48-04_Sto_car_e2hex,4602,4606,True
2024.11.14_20-48-04_Sto_car_e2hex,4653,4655,True
2024.11.14_20-48-04_Sto_car_e2hex,4657,4684,True
2024.11.14_20-48-04_Sto_car_e2hex,5035,5441,True
2024.11.14_20-48-04_Sto_car_e2hex,5443,6144,True
2024.11.14_20-48-04_Sto_car_e2hex,6147,6347,True
2024.11.14_20-48-04_Sto_car_e2hex,6848,7546,True
2024.11.14_20-48-04_Sto_car_e2hex,8368,8368,True
2024.11.14_20-48-04_Sto_car_e2hex,8373,8373,True
2024.11.14_20-48-04_Sto_car_e2hex,8379,8999,True
2024.07.10_13-13-12_Riverside (MetBen),155,499,True
2024.07.10_13-13-12_Riverside (MetBen),746,746,True
2024.07.10_13-13-12_Riverside (MetBen),1110,1111,True
2024.07.10_13-13-12_Riverside (MetBen),1432,1432,True
2024.07.10_13-13-12_Riverside (MetBen),1437,1437,True
2024.07.10_13-13-12_Riverside (MetBen),1444,1444,True
2024.07.10_13-13-12_Riverside (MetBen),1459,1459,True
2024.07.10_13-13-12_Riverside (MetBen),1464,1464,True
2024.07.10_13-13-12_Riverside (MetBen),1487,1489,True
2024.07.10_13-13-12_Riverside (MetBen),1505,2174,True
2024.07.10_13-13-12_Riverside (MetBen),2902,3073,True
2024.07.10_13-13-12_Riverside (MetBen),3080,3291,True
2024.07.10_13-13-12_Riverside (MetBen),3547,3547,True
2024.07.10_13-13-12_Riverside (MetBen),3555,3593,True
2024.07.10_13-13-12_Riverside (MetBen),3667,3743,True
2024.07.10_13-13-12_Riverside (MetBen),3802,3802,True
2024.07.10_13-13-12_Riverside (MetBen),3911,3957,True
2024.07.10_13-13-12_Riverside (MetBen),3983,3987,True
2024.07.10_13-13-12_Riverside (MetBen),3989,3989,True
2024.07.10_13-13-12_Riverside (MetBen),3991,4414,True
2024.07.10_13-13-12_Riverside (MetBen),4432,4432,True
2024.07.10_13-13-12_Riverside (MetBen),4456,4456,True
2024.07.10_13-13-12_Riverside (MetBen),4466,4469,True
2024.07.10_13-13-12_Riverside (MetBen),4471,4476,True
2024.07.10_13-13-12_Riverside (MetBen),4479,4480,True
2024.07.10_13-13-12_Riverside (MetBen),4484,4484,True
2024.07.10_13-13-12_Riverside (MetBen),4488,4491,True
2024.07.10_13-13-12_Riverside (MetBen),4507,4507,True
2024.07.10_13-13-12_Riverside (MetBen),4520,4520,True
2024.07.10_13-13-12_Riverside (MetBen),4537,4537,True
2024.07.10_13-13-12_Riverside (MetBen),4560,4560,True
2024.07.10_13-13-12_Riverside (MetBen),5013,5075,True
2024.07.10_13-13-12_Riverside (MetBen),5105,5128,True
2024.07.10_13-13-12_Riverside (MetBen),5131,5258,True
2024.07.10_13-13-12_Riverside (MetBen),5261,5261,True
2024.07.10_13-13-12_Riverside (MetBen),5267,5267,True
2024.07.10_13-13-12_Riverside (MetBen),5271,5271,True
2024.07.10_13-13-12_Riverside (MetBen),5283,5283,True
2024.07.10_13-13-12_Riverside (MetBen),5295,5358,True
2024.07.10_13-13-12_Riverside (MetBen),6085,6160,True
2024.07.10_13-13-12_Riverside (MetBen),6190,6810,True
2024.07.10_13-13-12_Riverside (MetBen),6812,6813,True
2024.07.10_13-13-12_Riverside (MetBen),6815,6815,True
2024.07.10_13-13-12_Riverside (MetBen),6817,6817,True
2024.07.10_13-13-12_Riverside (MetBen),6821,6821,True
2024.07.10_13-13-12_Riverside (MetBen),6824,6824,True
2024.07.10_13-13-12_Riverside (MetBen),6826,6826,True
2024.07.10_13-13-12_Riverside (MetBen),6887,6948,True
2024.07.10_13-13-12_Riverside (MetBen),6977,6977,True
2024.07.10_13-13-12_Riverside (MetBen),7023,7023,True
2024.07.10_13-13-12_Riverside (MetBen),7096,7096,True
2024.07.10_13-13-12_Riverside (MetBen),7106,7106,True
2024.07.10_13-13-12_Riverside (MetBen),7109,7110,True
2024.07.10_13-13-12_Riverside (MetBen),7219,8625,True
2024.07.10_13-13-12_Riverside (MetBen),8894,8903,True
2024.07.10_13-13-12_Riverside (MetBen),8924,8924,True
2024.07.10_13-13-12_Riverside (MetBen),8926,8926,True
2024.07.10_13-13-12_Riverside (MetBen),8960,8963,True
2024.07.10_13-13-12_Riverside (MetBen),8965,8966,True
2024.07.10_13-13-12_Riverside (MetBen),8968,8968,True
2024.10.08_10-57-34_Biarmipes_G224_no_odor,12,29,True
2024.10.08_10-57-34_Biarmipes_G224_no_odor,31,33,True
2024.10.08_10-57-34_Biarmipes_G224_no_odor,35,804,True
2024.10.08_10-57-34_Biarmipes_G224_no_odor,806,812,True
2024.10.08_10-57-34_Biarmipes_G224_no_odor,814,814,True
2024.10.08_10-57-34_Biarmipes_G224_no_odor,1315,1324,True
2024.10.08_10-57-34_Biarmipes_G224_no_odor,1326,1326,True
2024.10.08_10-57-34_Biarmipes_G224_no_odor,1328,1328,True
2024.10.08_10-57-34_Biarmipes_G224_no_odor,1351,1351,True
2024.10.08_10-57-34_Biarmipes_G224_no_odor,1355,1391,True
2024.10.08_10-57-34_Biarmipes_G224_no_odor,1393,1400,True
2024.10.08_10-57-34_Biarmipes_G224_no_odor,1477,2366,True
2024.10.08_10-57-34_Biarmipes_G224_no_odor,2474,2669,True
2024.10.08_10-57-34_Biarmipes_G224_no_odor,2671,2672,True
2024.10.08_10-57-34_Biarmipes_G224_no_odor,2679,2679,True
2024.10.08_10-57-34_Biarmipes_G224_no_odor,2681,2682,True
2024.10.08_10-57-34_Biarmipes_G224_no_odor,2684,2684,True
2024.10.08_10-57-34_Biarmipes_G224_no_odor,2686,2869,True
2024.10.08_10-57-34_Biarmipes_G224_no_odor,4295,6255,True
2024.10.08_10-57-34_Biarmipes_G224_no_odor,8630,8718,True
2024.10.17_09-26-35_Sto_car_prenac,3,2134,True
2024.10.17_09-26-35_Sto_car_prenac,3181,3182,True
2024.10.17_09-26-35_Sto_car_prenac,3229,3449,True
2024.10.17_09-26-35_Sto_car_prenac,3657,3703,True
2024.10.17_09-26-35_Sto_car_prenac,3706,3721,True
2024.10.17_09-26-35_Sto_car_prenac,3754,3757,True
2024.10.17_09-26-35_Sto_car_prenac,3759,3759,True
2024.10.17_09-26-35_Sto_car_prenac,3761,3763,True
2024.10.17_09-26-35_Sto_car_prenac,3765,3771,True
2024.10.17_09-26-35_Sto_car_prenac,3882,3885,True
2024.10.17_09-26-35_Sto_car_prenac,3887,3887,True
2024.10.17_09-26-35_Sto_car_prenac,3904,3906,True
2024.10.17_09-26-35_Sto_car_prenac,3908,4341,True
2024.10.17_09-26-35_Sto_car_prenac,4587,4587,True
2024.10.17_09-26-35_Sto_car_prenac,4589,4653,True
2024.10.17_09-26-35_Sto_car_prenac,4758,4762,True
2024.10.17_09-26-35_Sto_car_prenac,4764,5034,True
2024.10.17_09-26-35_Sto_car_prenac,5036,5134,True
2024.10.17_09-26-35_Sto_car_prenac,5136,5136,True
2024.10.17_09-26-35_Sto_car_prenac,5157,5283,True
2024.10.17_09-26-35_Sto_car_prenac,8845,8845,True
2024.10.17_09-26-35_Sto_car_prenac,8860,8860,True
2024.10.17_09-26-35_Sto_car_prenac,8891,8891,True
2024.10.17_09-26-35_Sto_car_prenac,8894,8894,True
2024.10.17_09-26-35_Sto_car_prenac,8898,8898,True
2024.10.17_09-26-35_Sto_car_prenac,8903,8903,True
2024.10.17_09-26-35_Sto_car_prenac,8905,8905,True
2024.10.17_09-26-35_Sto_car_prenac,8907,8907,True
2024.10.17_09-26-35_Sto_car_prenac,8909,8913,True
2024.10.17_09-26-35_Sto_car_prenac,8915,8915,True
2024.10.17_09-26-35_Sto_car_prenac,8917,8932,True
2024.10.17_09-26-35_Sto_car_prenac,8943,8943,True
2024.10.17_09-26-35_Sto_car_prenac,8945,8949,True
2024.10.17_09-26-35_Sto_car_prenac,8955,8955,True
2024.10.17_09-26-35_Sto_car_prenac,8958,8963,True
2024.10.17_09-26-35_Sto_car_prenac,8965,8968,True
2024.10.17_09-26-35_Sto_car_prenac,8970,8971,True
2024.10.17_09-26-35_Sto_car_prenac,8975,8976,True
2024.10.17_09-26-35_Sto_car_prenac,8979,8998,True
2024.11.13_02-30-14_Biarmipes_G224_e2hex,1413,1414,True
2024.11.13_02-30-14_Biarmipes_G224_e2hex,1456,1469,True
2024.11.13_02-30-14_Biarmipes_G224_e2hex,1663,1663,True
2024.11.13_02-30-14_Biarmipes_G224_e2hex,1669,1669,True
2024.11.13_02-30-14_Biarmipes_G224_e2hex,1671,1671,True
2024.11.13_02-30-14_Biarmipes_G224_e2hex,1700,1700,True
2024.11.13_02-30-14_Biarmipes_G224_e2hex,1702,2503,True
2024.11.13_02-30-14_Biarmipes_G224_e2hex,3378,3386,True
2024.11.13_02-30-14_Biarmipes_G224_e2hex,3418,3420,True
2024.11.13_02-30-14_Biarmipes_G224_e2hex,3422,3422,True
2024.11.13_02-30-14_Biarmipes_G224_e2hex,3424,3425,True
2024.11.13_02-30-14_Biarmipes_G224_e2hex,3430,3456,True
2024.11.13_02-30-14_Biarmipes_G224_e2hex,3460,3460,True
2024.11.13_02-30-14_Biarmipes_G224_e2hex,3463,3463,True
2024.11.13_02-30-14_Biarmipes_G224_e2hex,3465,3536,True
2024.11.13_02-30-14_Biarmipes_G224_e2hex,3538,3560,True
2024.11.13_02-30-14_Biarmipes_G224_e2hex,3564,3602,True
2024.11.13_02-30-14_Biarmipes_G224_e2hex,3604,3613,True
2024.11.13_02-30-14_Biarmipes_G224_e2hex,3615,3616,True
2024.11.13_02-30-14_Biarmipes_G224_e2hex,3618,3620,True
2024.11.13_02-30-14_Biarmipes_G224_e2hex,3622,3622,True
2024.11.13_02-30-14_Biarmipes_G224_e2hex,3626,3723,True
2024.11.13_02-30-14_Biarmipes_G224_e2hex,3759,3765,True
2024.11.13_02-30-14_Biarmipes_G224_e2hex,3927,3927,True
2024.11.13_02-30-14_Biarmipes_G224_e2hex,3930,3930,True
2024.11.13_02-30-14_Biarmipes_G224_e2hex,3933,3933,True
2024.11.13_02-30-14_Biarmipes_G224_e2hex,4770,5876,True
2024.11.13_02-30-14_Biarmipes_G224_e2hex,6705,6707,True
2024.11.13_02-30-14_Biarmipes_G224_e2hex,7412,8021,True
2024.11.13_02-30-14_Biarmipes_G224_e2hex,8023,8025,True
2024.11.13_02-30-14_Biarmipes_G224_e2hex,8031,8031,True
2024.11.13_02-30-14_Biarmipes_G224_e2hex,8048,8161,True
2024.11.13_02-30-14_Biarmipes_G224_e2hex,8562,8575,True
2024.11.13_02-30-14_Biarmipes_G224_e2hex,8797,8867,True
2024.11.13_02-30-14_Biarmipes_G224_e2hex,8917,8920,True
2024.11.13_02-30-14_Biarmipes_G224_e2hex,8922,8925,True
2024.11.13_02-30-14_Biarmipes_G224_e2hex,8941,8961,True
2024.11.13_02-30-14_Biarmipes_G224_e2hex,8968,8968,True
2024.11.13_02-30-14_Biarmipes_G224_e2hex,8972,8977,True
2024.11.13_02-30-14_Biarmipes_G224_e2hex,8981,8999,True
2024.10.03_12-36-20_Yakuba_cameroon_2hex,3,1628,True
2024.10.03_12-36-20_Yakuba_cameroon_2hex,2575,2587,True
2024.10.03_12-36-20_Yakuba_cameroon_2hex,2712,2743,True
2024.10.03_12-36-20_Yakuba_cameroon_2hex,2814,2884,True
2024.10.03_12-36-20_Yakuba_cameroon_2hex,2994,2994,True
2024.10.03_12-36-20_Yakuba_cameroon_2hex,3621,3627,True
2024.10.03_12-36-20_Yakuba_cameroon_2hex,3643,3647,True
2024.10.03_12-36-20_Yakuba_cameroon_2hex,3672,4712,True
2024.10.03_12-36-20_Yakuba_cameroon_2hex,5836,6904,True
2024.10.03_12-36-20_Yakuba_cameroon_2hex,7767,7771,True
2024.10.03_12-36-20_Yakuba_cameroon_2hex,7773,7773,True
2024.10.03_12-36-20_Yakuba_cameroon_2hex,8507,8518,True
2024.10.03_12-36-20_Yakuba_cameroon_2hex,8545,8545,True
2024.10.03_12-36-20_Yakuba_cameroon_2hex,8549,8999,True
2024.10.08_10-10-30_Biarmipes_G224_no_odor,139,139,True
2024.10.08_10-10-30_Biarmipes_G224_no_odor,141,582,True
2024.10.08_10-10-30_Biarmipes_G224_no_odor,691,745,True
2024.10.08_10-10-30_Biarmipes_G224_no_odor,747,748,True
2024.10.08_10-10-30_Biarmipes_G224_no_odor,755,755,True
2024.10.08_10-10-30_Biarmipes_G224_no_odor,762,766,True
2024.10.08_10-10-30_Biarmipes_G224_no_odor,769,771,True
2024.10.08_10-10-30_Biarmipes_G224_no_odor,776,777,True
2024.10.08_10-10-30_Biarmipes_G224_no_odor,779,779,True
2024.10.08_10-10-30_Biarmipes_G224_no_odor,781,1138,True
2024.10.08_10-10-30_Biarmipes_G224_no_odor,1140,1140,True
2024.10.08_10-10-30_Biarmipes_G224_no_odor,1144,1148,True
2024.10.08_10-10-30_Biarmipes_G224_no_odor,2054,2121,True
2024.10.08_10-10-30_Biarmipes_G224_no_odor,2123,2124,True
2024.10.08_10-10-30_Biarmipes_G224_no_odor,2139,2140,True
2024.10.08_10-10-30_Biarmipes_G224_no_odor,2142,2142,True
2024.10.08_10-10-30_Biarmipes_G224_no_odor,2145,2172,True
2024.10.08_10-10-30_Biarmipes_G224_no_odor,2174,2390,True
2024.10.08_10-10-30_Biarmipes_G224_no_odor,3199,3298,True
2024.10.08_10-10-30_Biarmipes_G224_no_odor,3860,4622,True
2024.10.08_10-10-30_Biarmipes_G224_no_odor,4696,5038,True
2024.10.08_10-10-30_Biarmipes_G224_no_odor,5040,5092,True
2024.10.08_10-10-30_Biarmipes_G224_no_odor,5626,6137,True
2024.10.08_10-10-30_Biarmipes_G224_no_odor,6359,6421,True
2024.10.08_10-10-30_Biarmipes_G224_no_odor,7960,8990,True
2024.11.01_07-21-21_Yakuba7_e2hex,855,2170,True
2024.11.01_07-21-21_Yakuba7_e2hex,3927,4546,True
2024.10.15_08-58-48_Biarmipes_G224_1hexanol,1661,3647,True
2024.10.15_08-58-48_Biarmipes_G224_1hexanol,4542,4558,True
2024.10.15_08-58-48_Biarmipes_G224_1hexanol,4589,4589,True
2024.10.15_08-58-48_Biarmipes_G224_1hexanol,4596,4647,True
2024.10.15_08-58-48_Biarmipes_G224_1hexanol,4677,4680,True
2024.10.15_08-58-48_Biarmipes_G224_1hexanol,4684,4739,True
2024.10.15_08-58-48_Biarmipes_G224_1hexanol,4932,4932,True
2024.10.15_08-58-48_Biarmipes_G224_1hexanol,4956,5001,True
2024.10.15_08-58-48_Biarmipes_G224_1hexanol,5042,5446,True
2024.10.15_08-58-48_Biarmipes_G224_1hexanol,5668,5683,True
2024.10.15_08-58-48_Biarmipes_G224_1hexanol,5701,5702,True
2024.10.15_08-58-48_Biarmipes_G224_1hexanol,5704,5704,True
2024.10.15_08-58-48_Biarmipes_G224_1hexanol,5711,5711,True
2024.10.15_08-58-48_Biarmipes_G224_1hexanol,5804,5867,True
2024.10.15_08-58-48_Biarmipes_G224_1hexanol,6017,6021,True
2024.10.15_08-58-48_Biarmipes_G224_1hexanol,6073,6076,True
2024.10.15_08-58-48_Biarmipes_G224_1hexanol,6078,6078,True
2024.10.15_08-58-48_Biarmipes_G224_1hexanol,6085,6110,True
2024.10.15_08-58-48_Biarmipes_G224_1hexanol,6113,6118,True
2024.10.15_08-58-48_Biarmipes_G224_1hexanol,6128,6131,True
2024.10.15_08-58-48_Biarmipes_G224_1hexanol,6135,6138,True
2024.10.15_08-58-48_Biarmipes_G224_1hexanol,6169,6171,True
2024.10.15_08-58-48_Biarmipes_G224_1hexanol,6183,6219,True
2024.10.15_08-58-48_Biarmipes_G224_1hexanol,6251,6251,True
2024.10.15_08-58-48_Biarmipes_G224_1hexanol,6821,6824,True
2024.10.15_08-58-48_Biarmipes_G224_1hexanol,7382,8142,True
2024.10.15_08-58-48_Biarmipes_G224_1hexanol,8700,8701,True
2024.10.15_08-58-48_Biarmipes_G224_1hexanol,8703,8723,True
2024.10.15_08-58-48_Biarmipes_G224_1hexanol,8764,8790,True
2024.10.15_08-58-48_Biarmipes_G224_1hexanol,8801,8801,True
2024.10.15_08-58-48_Biarmipes_G224_1hexanol,8828,8828,True
2024.10.15_08-58-48_Biarmipes_G224_1hexanol,8830,8831,True
2024.10.15_08-58-48_Biarmipes_G224_1hexanol,8866,8894,True
2024.10.15_08-58-48_Biarmipes_G224_1hexanol,8911,8930,True
2024.10.02_10-46-18_Biarmipes_G224_no_odor,552,817,True
2024.10.02_10-46-18_Biarmipes_G224_no_odor,819,830,True
2024.10.02_10-46-18_Biarmipes_G224_no_odor,850,850,True
2024.10.02_10-46-18_Biarmipes_G224_no_odor,855,858,True
2024.10.02_10-46-18_Biarmipes_G224_no_odor,896,901,True
2024.10.02_10-46-18_Biarmipes_G224_no_odor,914,936,True
2024.10.02_10-46-18_Biarmipes_G224_no_odor,1019,1041,True
2024.10.02_10-46-18_Biarmipes_G224_no_odor,1043,1049,True
2024.10.02_10-46-18_Biarmipes_G224_no_odor,1051,1051,True
2024.10.02_10-46-18_Biarmipes_G224_no_odor,1056,1056,True
2024.10.02_10-46-18_Biarmipes_G224_no_odor,1060,1222,True
2024.10.02_10-46-18_Biarmipes_G224_no_odor,1224,1808,True
2024.10.02_10-46-18_Biarmipes_G224_no_odor,1989,2485,True
2024.10.02_10-46-18_Biarmipes_G224_no_odor,2515,2661,True
2024.10.02_10-46-18_Biarmipes_G224_no_odor,2663,2705,True
2024.10.02_10-46-18_Biarmipes_G224_no_odor,3355,4384,True
2024.10.02_10-46-18_Biarmipes_G224_no_odor,6322,6341,True
2024.10.02_10-46-18_Biarmipes_G224_no_odor,6343,6346,True
2024.10.02_10-46-18_Biarmipes_G224_no_odor,6349,6349,True
2024.10.02_10-46-18_Biarmipes_G224_no_odor,6379,6379,True
2024.10.02_10-46-18_Biarmipes_G224_no_odor,6400,6400,True
2024.10.02_10-46-18_Biarmipes_G224_no_odor,6404,6404,True
2024.10.02_10-46-18_Biarmipes_G224_no_odor,6409,6409,True
2024.10.02_10-46-18_Biarmipes_G224_no_odor,6414,6414,True
2024.10.02_10-46-18_Biarmipes_G224_no_odor,6420,6422,True
2024.10.02_10-46-18_Biarmipes_G224_no_odor,6427,6427,True
2024.10.02_10-46-18_Biarmipes_G224_no_odor,6430,6432,True
2024.10.02_10-46-18_Biarmipes_G224_no_odor,6447,6478,True
2024.10.02_10-46-18_Biarmipes_G224_no_odor,6480,6481,True
2024.10.02_10-46-18_Biarmipes_G224_no_odor,6483,6484,True
2024.10.02_10-46-18_Biarmipes_G224_no_odor,6486,6511,True
2024.10.02_10-46-18_Biarmipes_G224_no_odor,6513,6516,True
2024.10.02_10-46-18_Biarmipes_G224_no_odor,6734,6734,True
2024.10.02_10-46-18_Biarmipes_G224_no_odor,6886,6886,True
2024.10.02_10-46-18_Biarmipes_G224_no_odor,6896,6896,True
2024.10.02_10-46-18_Biarmipes_G224_no_odor,6902,6905,True
2024.10.02_10-46-18_Biarmipes_G224_no_odor,6908,6908,True
2024.10.02_10-46-18_Biarmipes_G224_no_odor,6934,6934,True
2024.10.02_10-46-18_Biarmipes_G224_no_odor,6938,6938,True
2024.10.02_10-46-18_Biarmipes_G224_no_odor,6942,6942,True
2024.10.02_10-46-18_Biarmipes_G224_no_odor,6947,6947,True
2024.10.02_10-46-18_Biarmipes_G224_no_odor,6949,6949,True
2024.10.02_10-46-18_Biarmipes_G224_no_odor,7038,7046,True
2024.10.02_10-46-18_Biarmipes_G224_no_odor,7059,7059,True
2024.10.02_10-46-18_Biarmipes_G224_no_odor,7066,7067,True
2024.10.02_10-46-18_Biarmipes_G224_no_odor,7194,7194,True
2024.10.02_10-46-18_Biarmipes_G224_no_odor,7247,7247,True
2024.10.02_10-46-18_Biarmipes_G224_no_odor,7249,7252,True
2024.10.02_10-46-18_Biarmipes_G224_no_odor,7254,7259,True
2024.10.02_10-46-18_Biarmipes_G224_no_odor,7261,7266,True
2024.10.02_10-46-18_Biarmipes_G224_no_odor,7268,7296,True
2024.10.02_10-46-18_Biarmipes_G224_no_odor,7299,7303,True
2024.10.02_10-46-18_Biarmipes_G224_no_odor,7305,7308,True
2024.10.02_10-46-18_Biarmipes_G224_no_odor,7310,7315,True
2024.10.02_10-46-18_Biarmipes_G224_no_odor,7317,7345,True
2024.10.02_10-46-18_Biarmipes_G224_no_odor,7347,7350,True
2024.10.02_10-46-18_Biarmipes_G224_no_odor,7352,7352,True
2024.10.02_10-46-18_Biarmipes_G224_no_odor,7355,7355,True
2024.10.02_10-46-18_Biarmipes_G224_no_odor,7357,7369,True
2024.10.02_10-46-18_Biarmipes_G224_no_odor,7371,7371,True
2024.10.02_10-46-18_Biarmipes_G224_no_odor,7375,7376,True
2024.10.02_10-46-18_Biarmipes_G224_no_odor,7380,7381,True
2024.10.02_10-46-18_Biarmipes_G224_no_odor,7423,7424,True
2024.10.02_10-46-18_Biarmipes_G224_no_odor,7438,7438,True
2024.10.02_10-46-18_Biarmipes_G224_no_odor,7453,7453,True
2024.10.02_10-46-18_Biarmipes_G224_no_odor,7469,7481,True
2024.10.02_10-46-18_Biarmipes_G224_no_odor,7483,7486,True
2024.10.02_10-46-18_Biarmipes_G224_no_odor,7488,7488,True
2024.10.02_10-46-18_Biarmipes_G224_no_odor,7490,7492,True
2024.10.02_10-46-18_Biarmipes_G224_no_odor,7494,7503,True
2024.10.02_10-46-18_Biarmipes_G224_no_odor,7505,7511,True
2024.10.02_10-46-18_Biarmipes_G224_no_odor,7513,7520,True
2024.10.02_10-46-18_Biarmipes_G224_no_odor,7522,7523,True
2024.10.02_10-46-18_Biarmipes_G224_no_odor,7525,7533,True
2024.10.02_10-46-18_Biarmipes_G224_no_odor,7536,7556,True
2024.10.02_10-46-18_Biarmipes_G224_no_odor,7558,7571,True
2024.10.02_10-46-18_Biarmipes_G224_no_odor,7573,7576,True
2024.10.02_10-46-18_Biarmipes_G224_no_odor,7578,7580,True
2024.10.02_10-46-18_Biarmipes_G224_no_odor,7582,7587,True
2024.10.02_10-46-18_Biarmipes_G224_no_odor,7589,7608,True
2024.10.02_10-46-18_Biarmipes_G224_no_odor,7610,7619,True
2024.10.02_10-46-18_Biarmipes_G224_no_odor,7892,7899,True
2024.10.02_10-46-18_Biarmipes_G224_no_odor,7911,7911,True
2024.10.02_10-46-18_Biarmipes_G224_no_odor,7938,7939,True
2024.10.02_10-46-18_Biarmipes_G224_no_odor,7942,7942,True
2024.10.02_10-46-18_Biarmipes_G224_no_odor,7945,7946,True
2024.10.02_10-46-18_Biarmipes_G224_no_odor,7948,7950,True
2024.10.02_10-46-18_Biarmipes_G224_no_odor,7952,7954,True
2024.10.02_10-46-18_Biarmipes_G224_no_odor,7957,7957,True
2024.10.02_10-46-18_Biarmipes_G224_no_odor,7975,7975,True
2024.10.02_10-46-18_Biarmipes_G224_no_odor,7984,7984,True
2024.10.02_10-46-18_Biarmipes_G224_no_odor,7989,7989,True
2024.10.02_10-46-18_Biarmipes_G224_no_odor,8003,8004,True
2024.10.02_10-46-18_Biarmipes_G224_no_odor,8008,8008,True
2024.10.02_10-46-18_Biarmipes_G224_no_odor,8011,8015,True
2024.10.02_10-46-18_Biarmipes_G224_no_odor,8017,8021,True
2024.10.02_10-46-18_Biarmipes_G224_no_odor,8025,8065,True
2024.10.02_10-46-18_Biarmipes_G224_no_odor,8070,8075,True
2024.10.02_10-46-18_Biarmipes_G224_no_odor,8081,8081,True
2024.10.02_10-46-18_Biarmipes_G224_no_odor,8099,8100,True
2024.10.02_10-46-18_Biarmipes_G224_no_odor,8104,8104,True
2024.10.02_10-46-18_Biarmipes_G224_no_odor,8106,8106,True
2024.10.02_10-46-18_Biarmipes_G224_no_odor,8108,8114,True
2024.10.02_10-46-18_Biarmipes_G224_no_odor,8116,8327,True
2024.10.02_10-46-18_Biarmipes_G224_no_odor,8329,8407,True
2024.10.02_10-46-18_Biarmipes_G224_no_odor,8410,8446,True
2024.10.02_10-46-18_Biarmipes_G224_no_odor,8448,8448,True
2024.10.02_10-46-18_Biarmipes_G224_no_odor,8450,8451,True
2024.10.02_10-46-18_Biarmipes_G224_no_odor,8454,8464,True
2024.10.02_10-46-18_Biarmipes_G224_no_odor,8466,8474,True
2024.10.02_10-46-18_Biarmipes_G224_no_odor,8477,8482,True
2024.10.02_10-46-18_Biarmipes_G224_no_odor,8484,8510,True
2024.10.02_10-46-18_Biarmipes_G224_no_odor,8564,8635,True
2024.10.02_10-46-18_Biarmipes_G224_no_odor,8638,8644,True
2024.10.02_10-46-18_Biarmipes_G224_no_odor,8646,8647,True
2024.10.02_10-46-18_Biarmipes_G224_no_odor,8649,8649,True
2024.10.02_10-46-18_Biarmipes_G224_no_odor,8651,8660,True
2024.10.02_10-46-18_Biarmipes_G224_no_odor,8662,8663,True
2024.10.02_10-46-18_Biarmipes_G224_no_odor,8665,8668,True
2024.10.02_10-46-18_Biarmipes_G224_no_odor,8671,8671,True
2024.10.02_10-46-18_Biarmipes_G224_no_odor,8676,8676,True
2024.10.02_10-46-18_Biarmipes_G224_no_odor,8683,8685,True
2024.10.02_10-46-18_Biarmipes_G224_no_odor,8689,8692,True
2024.10.02_10-46-18_Biarmipes_G224_no_odor,8695,8695,True
2024.10.02_10-46-18_Biarmipes_G224_no_odor,8699,8699,True
2024.10.02_10-46-18_Biarmipes_G224_no_odor,8701,8845,True
2024.10.02_10-46-18_Biarmipes_G224_no_odor,8847,8854,True
2024.10.02_10-46-18_Biarmipes_G224_no_odor,8856,8913,True
2024.10.04_15-12-48_Biarmipes84_no_odor,2483,2512,True
2024.10.04_15-12-48_Biarmipes84_no_odor,3434,3434,True
2024.10.04_15-12-48_Biarmipes84_no_odor,3478,3483,True
2024.10.04_15-12-48_Biarmipes84_no_odor,3497,3499,True
2024.10.04_15-12-48_Biarmipes84_no_odor,3505,3505,True
2024.10.04_15-12-48_Biarmipes84_no_odor,3515,3515,True
2024.10.04_15-12-48_Biarmipes84_no_odor,3618,3621,True
2024.10.04_15-12-48_Biarmipes84_no_odor,3624,3625,True
2024.10.04_15-12-48_Biarmipes84_no_odor,3632,3642,True
2024.10.04_15-12-48_Biarmipes84_no_odor,3644,3661,True
2024.10.04_15-12-48_Biarmipes84_no_odor,3663,3676,True
2024.10.04_15-12-48_Biarmipes84_no_odor,3678,3838,True
2024.10.04_15-12-48_Biarmipes84_no_odor,3840,4145,True
2024.10.04_15-12-48_Biarmipes84_no_odor,4543,7387,True
2024.10.04_15-12-48_Biarmipes84_no_odor,8699,8699,True
2024.10.04_15-12-48_Biarmipes84_no_odor,8701,8705,True
2024.10.04_15-12-48_Biarmipes84_no_odor,8707,8707,True
2024.10.04_15-12-48_Biarmipes84_no_odor,8709,8710,True
2024.10.04_15-12-48_Biarmipes84_no_odor,8713,8714,True
2024.10.04_15-12-48_Biarmipes84_no_odor,8716,8718,True
2024.10.04_15-12-48_Biarmipes84_no_odor,8720,8726,True
2024.10.04_15-12-48_Biarmipes84_no_odor,8730,8795,True
2024.10.04_15-12-48_Biarmipes84_no_odor,8797,8799,True
2024.10.04_15-12-48_Biarmipes84_no_odor,8803,8803,True
2024.10.04_15-12-48_Biarmipes84_no_odor,8810,8829,True
2024.10.04_15-12-48_Biarmipes84_no_odor,8832,8833,True
2024.10.04_15-12-48_Biarmipes84_no_odor,8835,8843,True
2024.10.04_15-12-48_Biarmipes84_no_odor,8847,8849,True
2024.10.04_15-12-48_Biarmipes84_no_odor,8852,8866,True
2024.10.04_15-12-48_Biarmipes84_no_odor,8868,8932,True
2024.10.04_15-12-48_Biarmipes84_no_odor,8975,8976,True
2024.10.04_15-12-48_Biarmipes84_no_odor,8982,8999,True
2024.10.11_11-38-32_Sto_car_2hexanol,3,1115,True
2024.10.11_11-38-32_Sto_car_2hexanol,2087,2088,True
2024.10.11_11-38-32_Sto_car_2hexanol,2091,2093,True
2024.10.11_11-38-32_Sto_car_2hexanol,2286,2286,True
2024.10.11_11-38-32_Sto_car_2hexanol,2291,2291,True
2024.10.11_11-38-32_Sto_car_2hexanol,2293,2305,True
2024.10.11_11-38-32_Sto_car_2hexanol,2308,2312,True
2024.10.11_11-38-32_Sto_car_2hexanol,2314,2315,True
2024.10.11_11-38-32_Sto_car_2hexanol,3633,4147,True
2024.10.11_11-38-32_Sto_car_2hexanol,4636,4672,True
2024.10.11_11-38-32_Sto_car_2hexanol,4699,4699,True
2024.10.11_11-38-32_Sto_car_2hexanol,4702,4702,True
2024.10.11_11-38-32_Sto_car_2hexanol,4704,4710,True
2024.10.11_11-38-32_Sto_car_2hexanol,4812,4861,True
2024.10.11_11-38-32_Sto_car_2hexanol,5389,5395,True
2024.10.11_11-38-32_Sto_car_2hexanol,5951,5953,True
2024.10.11_11-38-32_Sto_car_2hexanol,5971,6063,True
2024.10.11_11-38-32_Sto_car_2hexanol,6240,6477,True
2024.10.11_11-38-32_Sto_car_2hexanol,6479,6709,True
2024.10.11_11-38-32_Sto_car_2hexanol,6711,6798,True
2024.10.11_11-38-32_Sto_car_2hexanol,6800,6805,True
2024.10.11_11-38-32_Sto_car_2hexanol,6807,6809,True
2024.10.11_11-38-32_Sto_car_2hexanol,6811,6878,True
2024.10.11_11-38-32_Sto_car_2hexanol,6883,6965,True
2024.10.11_11-38-32_Sto_car_2hexanol,6967,6967,True
2024.10.11_11-38-32_Sto_car_2hexanol,6969,6996,True
2024.10.11_11-38-32_Sto_car_2hexanol,6998,7025,True
2024.10.11_11-38-32_Sto_car_2hexanol,7027,7030,True
2024.10.11_11-38-32_Sto_car_2hexanol,7032,7032,True
2024.10.11_11-38-32_Sto_car_2hexanol,7036,7036,True
2024.10.11_11-38-32_Sto_car_2hexanol,7043,7658,True
2024.10.11_11-38-32_Sto_car_2hexanol,7660,7678,True
2024.10.11_11-38-32_Sto_car_2hexanol,7680,7684,True
2024.10.11_11-38-32_Sto_car_2hexanol,7686,7687,True
2024.10.11_11-38-32_Sto_car_2hexanol,7689,7728,True
2024.10.11_11-38-32_Sto_car_2hexanol,7731,7736,True
2024.10.11_11-38-32_Sto_car_2hexanol,7738,7815,True
2024.10.11_11-38-32_Sto_car_2hexanol,7817,7818,True
2024.10.11_11-38-32_Sto_car_2hexanol,7820,7821,True
2024.10.11_11-38-32_Sto_car_2hexanol,7823,7961,True
2024.10.11_11-38-32_Sto_car_2hexanol,7968,7968,True
2024.10.11_11-38-32_Sto_car_2hexanol,7975,8082,True
2024.10.11_11-38-32_Sto_car_2hexanol,8104,8104,True
2024.10.11_11-38-32_Sto_car_2hexanol,8106,8106,True
2024.07.10_12-41-04_Riverside (MetBen),1250,1528,True
2024.07.10_12-41-04_Riverside (MetBen),2094,2094,True
2024.07.10_12-41-04_Riverside (MetBen),2314,2317,True
2024.07.10_12-41-04_Riverside (MetBen),2346,2349,True
2024.07.10_12-41-04_Riverside (MetBen),2353,2354,True
2024.07.10_12-41-04_Riverside (MetBen),2357,2364,True
2024.07.10_12-41-04_Riverside (MetBen),2366,2366,True
2024.07.10_12-41-04_Riverside (MetBen),2371,2371,True
2024.07.10_12-41-04_Riverside (MetBen),2381,2382,True
2024.07.10_12-41-04_Riverside (MetBen),2404,2404,True
2024.07.10_12-41-04_Riverside (MetBen),2446,2446,True
2024.07.10_12-41-04_Riverside (MetBen),2451,2451,True
2024.07.10_12-41-04_Riverside (MetBen),4039,4062,True
2024.07.10_12-41-04_Riverside (MetBen),4095,5331,True
2024.07.10_12-41-04_Riverside (MetBen),6298,6415,True
2024.07.10_12-41-04_Riverside (MetBen),6858,7956,True
2024.11.14_02-14-20_Biarmipes_G224_e2hex,102,674,True
2024.11.14_02-14-20_Biarmipes_G224_e2hex,758,896,True
2024.11.14_02-14-20_Biarmipes_G224_e2hex,898,898,True
2024.11.14_02-14-20_Biarmipes_G224_e2hex,900,900,True
2024.11.14_02-14-20_Biarmipes_G224_e2hex,959,1649,True
2024.11.14_02-14-20_Biarmipes_G224_e2hex,1657,1659,True
2024.11.14_02-14-20_Biarmipes_G224_e2hex,1661,1661,True
2024.11.14_02-14-20_Biarmipes_G224_e2hex,2103,2603,True
2024.11.14_02-14-20_Biarmipes_G224_e2hex,3845,3848,True
2024.11.14_02-14-20_Biarmipes_G224_e2hex,3850,4261,True
2024.11.14_02-14-20_Biarmipes_G224_e2hex,4675,5288,True
2024.11.14_02-14-20_Biarmipes_G224_e2hex,6716,7087,True
2024.11.14_02-14-20_Biarmipes_G224_e2hex,7144,7290,True
2024.11.14_02-14-20_Biarmipes_G224_e2hex,7304,7675,True
2024.10.15_09-59-45_Sto_car_2hexanol,3,10,True
2024.10.15_09-59-45_Sto_car_2hexanol,12,147,True
2024.10.15_09-59-45_Sto_car_2hexanol,149,450,True
2024.10.15_09-59-45_Sto_car_2hexanol,462,708,True
2024.10.15_09-59-45_Sto_car_2hexanol,1109,1109,True
2024.10.15_09-59-45_Sto_car_2hexanol,1113,1113,True
2024.10.15_09-59-45_Sto_car_2hexanol,1118,1118,True
2024.10.15_09-59-45_Sto_car_2hexanol,1122,1233,True
2024.10.15_09-59-45_Sto_car_2hexanol,1235,1235,True
2024.10.15_09-59-45_Sto_car_2hexanol,1243,1328,True
2024.10.15_09-59-45_Sto_car_2hexanol,1330,3727,True
2024.10.15_09-59-45_Sto_car_2hexanol,3729,3986,True
2024.10.15_09-59-45_Sto_car_2hexanol,3988,3990,True
2024.10.15_09-59-45_Sto_car_2hexanol,4015,4054,True
2024.10.15_09-59-45_Sto_car_2hexanol,4079,4117,True
2024.10.15_09-59-45_Sto_car_2hexanol,4119,4334,True
2024.10.15_09-59-45_Sto_car_2hexanol,4336,4336,True
2024.10.15_09-59-45_Sto_car_2hexanol,6158,6158,True
2024.10.15_09-59-45_Sto_car_2hexanol,6160,6168,True
2024.10.15_09-59-45_Sto_car_2hexanol,6213,6213,True
2024.10.15_09-59-45_Sto_car_2hexanol,6248,6248,True
2024.10.15_09-59-45_Sto_car_2hexanol,6250,7294,True
2024.10.15_09-59-45_Sto_car_2hexanol,8225,8226,True
2024.10.15_09-59-45_Sto_car_2hexanol,8228,8258,True
2024.09.30_12-49-02_Sussex_no_odor,3,689,True
2024.09.30_12-49-02_Sussex_no_odor,2913,3042,True
2024.09.30_12-49-02_Sussex_no_odor,3177,3182,True
2024.09.30_12-49-02_Sussex_no_odor,3530,5062,True
2024.09.30_12-49-02_Sussex_no_odor,5334,5334,True
2024.09.30_12-49-02_Sussex_no_odor,5339,5339,True
2024.09.30_12-49-02_Sussex_no_odor,5364,5393,True
2024.09.30_12-49-02_Sussex_no_odor,5395,5395,True
2024.09.30_12-49-02_Sussex_no_odor,5398,6264,True
2024.12.18_17-28-44_Biarmipes_G224_prenac,3,70,True
2024.12.18_17-28-44_Biarmipes_G224_prenac,711,788,True
2024.12.18_17-28-44_Biarmipes_G224_prenac,792,799,True
2024.12.18_17-28-44_Biarmipes_G224_prenac,801,801,True
2024.12.18_17-28-44_Biarmipes_G224_prenac,805,848,True
2024.12.18_17-28-44_Biarmipes_G224_prenac,863,865,True
2024.12.18_17-28-44_Biarmipes_G224_prenac,867,908,True
2024.12.18_17-28-44_Biarmipes_G224_prenac,915,916,True
2024.12.18_17-28-44_Biarmipes_G224_prenac,920,920,True
2024.12.18_17-28-44_Biarmipes_G224_prenac,922,1557,True
2024.12.18_17-28-44_Biarmipes_G224_prenac,3900,3973,True
2024.12.18_17-28-44_Biarmipes_G224_prenac,4313,4541,True
2024.12.18_17-28-44_Biarmipes_G224_prenac,4966,4966,True
2024.12.18_17-28-44_Biarmipes_G224_prenac,4980,4980,True
2024.12.18_17-28-44_Biarmipes_G224_prenac,4983,4983,True
2024.12.18_17-28-44_Biarmipes_G224_prenac,4985,4985,True
2024.12.18_17-28-44_Biarmipes_G224_prenac,4989,4989,True
2024.12.18_17-28-44_Biarmipes_G224_prenac,5035,5035,True
2024.12.18_17-28-44_Biarmipes_G224_prenac,5135,5253,True
2024.12.18_17-28-44_Biarmipes_G224_prenac,5255,5303,True
2024.12.18_17-28-44_Biarmipes_G224_prenac,5305,5314,True
2024.12.18_17-28-44_Biarmipes_G224_prenac,5316,5327,True
2024.12.18_17-28-44_Biarmipes_G224_prenac,5329,5332,True
2024.12.18_17-28-44_Biarmipes_G224_prenac,5334,5335,True
2024.12.18_17-28-44_Biarmipes_G224_prenac,5337,5338,True
2024.12.18_17-28-44_Biarmipes_G224_prenac,5340,5343,True
2024.12.18_17-28-44_Biarmipes_G224_prenac,5346,5351,True
2024.12.18_17-28-44_Biarmipes_G224_prenac,5353,5374,True
2024.12.18_17-28-44_Biarmipes_G224_prenac,5376,7738,True
2024.11.25_17-05-42_Sussex_no_odor,97,97,True
2024.11.25_17-05-42_Sussex_no_odor,102,102,True
2024.11.25_17-05-42_Sussex_no_odor,105,584,True
2024.11.25_17-05-42_Sussex_no_odor,946,970,True
2024.11.25_17-05-42_Sussex_no_odor,1192,1201,True
2024.11.25_17-05-42_Sussex_no_odor,1215,1778,True
2024.11.25_17-05-42_Sussex_no_odor,3351,3351,True
2024.11.25_17-05-42_Sussex_no_odor,3365,3481,True
2024.11.25_17-05-42_Sussex_no_odor,3492,4120,True
2024.11.25_17-05-42_Sussex_no_odor,5140,5257,True
2024.11.25_17-05-42_Sussex_no_odor,5276,5289,True
2024.11.25_17-05-42_Sussex_no_odor,5291,5316,True
2024.11.25_17-05-42_Sussex_no_odor,5318,5319,True
2024.11.25_17-05-42_Sussex_no_odor,5326,5331,True
2024.11.25_17-05-42_Sussex_no_odor,5351,5352,True
2024.11.25_17-05-42_Sussex_no_odor,5354,5372,True
2024.11.25_17-05-42_Sussex_no_odor,5374,5376,True
2024.11.25_17-05-42_Sussex_no_odor,5378,5381,True
2024.11.25_17-05-42_Sussex_no_odor,5383,5387,True
2024.11.25_17-05-42_Sussex_no_odor,5389,6918,True
2024.11.25_17-05-42_Sussex_no_odor,7631,8569,True
2024.11.25_19-28-25_Biarmipes84_no_odor,3,25,True
2024.11.25_19-28-25_Biarmipes84_no_odor,2012,2012,True
2024.11.25_19-28-25_Biarmipes84_no_odor,2014,2014,True
2024.11.25_19-28-25_Biarmipes84_no_odor,2020,2020,True
2024.11.25_19-28-25_Biarmipes84_no_odor,2022,2026,True
2024.11.25_19-28-25_Biarmipes84_no_odor,2028,2040,True
2024.11.25_19-28-25_Biarmipes84_no_odor,2042,2089,True
2024.11.25_19-28-25_Biarmipes84_no_odor,2091,2095,True
2024.11.25_19-28-25_Biarmipes84_no_odor,2097,2097,True
2024.11.25_19-28-25_Biarmipes84_no_odor,2100,2105,True
2024.11.25_19-28-25_Biarmipes84_no_odor,2107,2108,True
2024.11.25_19-28-25_Biarmipes84_no_odor,2111,2215,True
2024.11.25_19-28-25_Biarmipes84_no_odor,2217,2224,True
2024.11.25_19-28-25_Biarmipes84_no_odor,2226,2248,True
2024.11.25_19-28-25_Biarmipes84_no_odor,2250,2265,True
2024.11.25_19-28-25_Biarmipes84_no_odor,2267,2362,True
2024.11.25_19-28-25_Biarmipes84_no_odor,2373,2378,True
2024.11.25_19-28-25_Biarmipes84_no_odor,2381,2381,True
2024.11.25_19-28-25_Biarmipes84_no_odor,2383,2392,True
2024.11.25_19-28-25_Biarmipes84_no_odor,2394,2400,True
2024.11.25_19-28-25_Biarmipes84_no_odor,2402,2422,True
2024.11.25_19-28-25_Biarmipes84_no_odor,2424,2696,True
2024.11.25_19-28-25_Biarmipes84_no_odor,2801,2899,True
2024.11.25_19-28-25_Biarmipes84_no_odor,3447,3447,True
2024.11.25_19-28-25_Biarmipes84_no_odor,3472,3526,True
2024.11.25_19-28-25_Biarmipes84_no_odor,3530,3587,True
2024.11.25_19-28-25_Biarmipes84_no_odor,3594,3796,True
2024.11.25_19-28-25_Biarmipes84_no_odor,3798,3805,True
2024.11.25_19-28-25_Biarmipes84_no_odor,3807,3808,True
2024.11.25_19-28-25_Biarmipes84_no_odor,3810,3818,True
2024.11.25_19-28-25_Biarmipes84_no_odor,3820,3822,True
2024.11.25_19-28-25_Biarmipes84_no_odor,3824,3826,True
2024.11.25_19-28-25_Biarmipes84_no_odor,3828,3828,True
2024.11.25_19-28-25_Biarmipes84_no_odor,3830,3843,True
2024.11.25_19-28-25_Biarmipes84_no_odor,3845,3849,True
2024.11.25_19-28-25_Biarmipes84_no_odor,3851,3869,True
2024.11.25_19-28-25_Biarmipes84_no_odor,3871,4321,True
2024.11.25_19-28-25_Biarmipes84_no_odor,4653,4653,True
2024.11.25_19-28-25_Biarmipes84_no_odor,4655,4674,True
2024.11.25_19-28-25_Biarmipes84_no_odor,4685,4687,True
2024.11.25_19-28-25_Biarmipes84_no_odor,4689,4690,True
2024.11.25_19-28-25_Biarmipes84_no_odor,4692,4692,True
2024.11.25_19-28-25_Biarmipes84_no_odor,4710,4711,True
2024.11.25_19-28-25_Biarmipes84_no_odor,4713,4714,True
2024.11.25_19-28-25_Biarmipes84_no_odor,4717,4717,True
2024.11.25_19-28-25_Biarmipes84_no_odor,4719,4720,True
2024.11.25_19-28-25_Biarmipes84_no_odor,4722,4723,True
2024.11.25_19-28-25_Biarmipes84_no_odor,4729,4729,True
2024.11.25_19-28-25_Biarmipes84_no_odor,4745,4745,True
2024.11.25_19-28-25_Biarmipes84_no_odor,4748,4748,True
2024.11.25_19-28-25_Biarmipes84_no_odor,4755,4755,True
2024.11.25_19-28-25_Biarmipes84_no_odor,4757,4757,True
2024.11.25_19-28-25_Biarmipes84_no_odor,4760,4760,True
2024.11.25_19-28-25_Biarmipes84_no_odor,4818,4820,True
2024.11.25_19-28-25_Biarmipes84_no_odor,4824,4824,True
2024.11.25_19-28-25_Biarmipes84_no_odor,4872,4872,True
2024.11.25_19-28-25_Biarmipes84_no_odor,4897,4908,True
2024.11.25_19-28-25_Biarmipes84_no_odor,4913,4914,True
2024.11.25_19-28-25_Biarmipes84_no_odor,4918,4919,True
2024.11.25_19-28-25_Biarmipes84_no_odor,4921,4922,True
2024.11.25_19-28-25_Biarmipes84_no_odor,4928,4933,True
2024.11.25_19-28-25_Biarmipes84_no_odor,4938,4942,True
2024.11.25_19-28-25_Biarmipes84_no_odor,4944,4957,True
2024.11.25_19-28-25_Biarmipes84_no_odor,4961,4966,True
2024.11.25_19-28-25_Biarmipes84_no_odor,4970,4970,True
2024.11.25_19-28-25_Biarmipes84_no_odor,4991,4991,True
2024.11.25_19-28-25_Biarmipes84_no_odor,4994,4995,True
2024.11.25_19-28-25_Biarmipes84_no_odor,4998,5002,True
2024.11.25_19-28-25_Biarmipes84_no_odor,5004,5004,True
2024.11.25_19-28-25_Biarmipes84_no_odor,5012,5015,True
2024.11.25_19-28-25_Biarmipes84_no_odor,5018,5020,True
2024.11.25_19-28-25_Biarmipes84_no_odor,5026,5026,True
2024.11.25_19-28-25_Biarmipes84_no_odor,5028,5028,True
2024.11.25_19-28-25_Biarmipes84_no_odor,5034,5035,True
2024.11.25_19-28-25_Biarmipes84_no_odor,5059,5059,True
2024.11.25_19-28-25_Biarmipes84_no_odor,5072,5072,True
2024.11.25_19-28-25_Biarmipes84_no_odor,5074,5076,True
2024.11.25_19-28-25_Biarmipes84_no_odor,5081,5081,True
2024.11.25_19-28-25_Biarmipes84_no_odor,5089,5092,True
2024.11.25_19-28-25_Biarmipes84_no_odor,5106,5115,True
2024.11.25_19-28-25_Biarmipes84_no_odor,5122,5126,True
2024.11.25_19-28-25_Biarmipes84_no_odor,5128,5132,True
2024.11.25_19-28-25_Biarmipes84_no_odor,5134,5135,True
2024.11.25_19-28-25_Biarmipes84_no_odor,5137,5140,True
2024.11.25_19-28-25_Biarmipes84_no_odor,5143,5143,True
2024.11.25_19-28-25_Biarmipes84_no_odor,5159,5160,True
2024.11.25_19-28-25_Biarmipes84_no_odor,5166,5168,True
2024.11.25_19-28-25_Biarmipes84_no_odor,5172,5172,True
2024.11.25_19-28-25_Biarmipes84_no_odor,5174,5174,True
2024.11.25_19-28-25_Biarmipes84_no_odor,5176,5177,True
2024.11.25_19-28-25_Biarmipes84_no_odor,5183,5187,True
2024.11.25_19-28-25_Biarmipes84_no_odor,5189,5189,True
2024.11.25_19-28-25_Biarmipes84_no_odor,5191,5196,True
2024.11.25_19-28-25_Biarmipes84_no_odor,5200,5203,True
2024.11.25_19-28-25_Biarmipes84_no_odor,5208,5218,True
2024.11.25_19-28-25_Biarmipes84_no_odor,5230,5231,True
2024.11.25_19-28-25_Biarmipes84_no_odor,5233,5233,True
2024.11.25_19-28-25_Biarmipes84_no_odor,5236,5239,True
2024.11.25_19-28-25_Biarmipes84_no_odor,5245,5245,True
2024.11.25_19-28-25_Biarmipes84_no_odor,5264,5265,True
2024.11.25_19-28-25_Biarmipes84_no_odor,5270,5270,True
2024.11.25_19-28-25_Biarmipes84_no_odor,5272,5272,True
2024.11.25_19-28-25_Biarmipes84_no_odor,5274,5274,True
2024.11.25_19-28-25_Biarmipes84_no_odor,5276,5282,True
2024.11.25_19-28-25_Biarmipes84_no_odor,5287,5287,True
2024.11.25_19-28-25_Biarmipes84_no_odor,5289,5294,True
2024.11.25_19-28-25_Biarmipes84_no_odor,5296,5297,True
2024.11.25_19-28-25_Biarmipes84_no_odor,5299,5300,True
2024.11.25_19-28-25_Biarmipes84_no_odor,5302,5303,True
2024.11.25_19-28-25_Biarmipes84_no_odor,5313,5314,True
2024.11.25_19-28-25_Biarmipes84_no_odor,5326,5336,True
2024.11.25_19-28-25_Biarmipes84_no_odor,5340,5344,True
2024.11.25_19-28-25_Biarmipes84_no_odor,5347,5347,True
2024.11.25_19-28-25_Biarmipes84_no_odor,5349,5350,True
2024.11.25_19-28-25_Biarmipes84_no_odor,5353,5353,True
2024.11.25_19-28-25_Biarmipes84_no_odor,5357,5357,True
2024.11.25_19-28-25_Biarmipes84_no_odor,5360,5363,True
2024.11.25_19-28-25_Biarmipes84_no_odor,5373,5373,True
2024.11.25_19-28-25_Biarmipes84_no_odor,5381,5384,True
2024.11.25_19-28-25_Biarmipes84_no_odor,5388,5388,True
2024.11.25_19-28-25_Biarmipes84_no_odor,5392,5392,True
2024.11.25_19-28-25_Biarmipes84_no_odor,5396,5401,True
2024.11.25_19-28-25_Biarmipes84_no_odor,5411,5411,True
2024.11.25_19-28-25_Biarmipes84_no_odor,5413,5413,True
2024.11.25_19-28-25_Biarmipes84_no_odor,5424,5425,True
2024.11.25_19-28-25_Biarmipes84_no_odor,5442,5449,True
2024.11.25_19-28-25_Biarmipes84_no_odor,5460,5462,True
2024.11.25_19-28-25_Biarmipes84_no_odor,5477,5478,True
2024.11.25_19-28-25_Biarmipes84_no_odor,5480,5482,True
2024.11.25_19-28-25_Biarmipes84_no_odor,5487,5488,True
2024.11.25_19-28-25_Biarmipes84_no_odor,5503,5503,True
2024.11.25_19-28-25_Biarmipes84_no_odor,5507,5511,True
2024.11.25_19-28-25_Biarmipes84_no_odor,5516,5519,True
2024.11.25_19-28-25_Biarmipes84_no_odor,5521,5525,True
2024.11.25_19-28-25_Biarmipes84_no_odor,5527,5527,True
2024.11.25_19-28-25_Biarmipes84_no_odor,5529,5534,True
2024.11.25_19-28-25_Biarmipes84_no_odor,5536,5538,True
2024.11.25_19-28-25_Biarmipes84_no_odor,5550,5551,True
2024.11.25_19-28-25_Biarmipes84_no_odor,5557,5560,True
2024.11.25_19-28-25_Biarmipes84_no_odor,5565,5565,True
2024.11.25_19-28-25_Biarmipes84_no_odor,5568,5568,True
2024.11.25_19-28-25_Biarmipes84_no_odor,5577,5579,True
2024.11.25_19-28-25_Biarmipes84_no_odor,5590,5592,True
2024.11.25_19-28-25_Biarmipes84_no_odor,5594,5597,True
2024.11.25_19-28-25_Biarmipes84_no_odor,5602,5602,True
2024.11.25_19-28-25_Biarmipes84_no_odor,5610,5612,True
2024.11.25_19-28-25_Biarmipes84_no_odor,5614,5614,True
2024.11.25_19-28-25_Biarmipes84_no_odor,5616,5627,True
2024.11.25_19-28-25_Biarmipes84_no_odor,5629,5637,True
2024.11.25_19-28-25_Biarmipes84_no_odor,5640,5642,True
2024.11.25_19-28-25_Biarmipes84_no_odor,5644,5646,True
2024.11.25_19-28-25_Biarmipes84_no_odor,5667,5668,True
2024.11.25_19-28-25_Biarmipes84_no_odor,5700,5707,True
2024.11.25_19-28-25_Biarmipes84_no_odor,5712,5712,True
2024.11.25_19-28-25_Biarmipes84_no_odor,5723,5723,True
2024.11.25_19-28-25_Biarmipes84_no_odor,5725,5726,True
2024.11.25_19-28-25_Biarmipes84_no_odor,5728,5730,True
2024.11.25_19-28-25_Biarmipes84_no_odor,5732,5749,True
2024.11.25_19-28-25_Biarmipes84_no_odor,5756,5756,True
2024.11.25_19-28-25_Biarmipes84_no_odor,5761,5762,True
2024.11.25_19-28-25_Biarmipes84_no_odor,5766,5766,True
2024.11.25_19-28-25_Biarmipes84_no_odor,5782,5782,True
2024.11.25_19-28-25_Biarmipes84_no_odor,5784,5787,True
2024.11.25_19-28-25_Biarmipes84_no_odor,5789,5789,True
2024.11.25_19-28-25_Biarmipes84_no_odor,5794,5795,True
2024.11.25_19-28-25_Biarmipes84_no_odor,5797,5798,True
2024.11.25_19-28-25_Biarmipes84_no_odor,5808,5808,True
2024.11.25_19-28-25_Biarmipes84_no_odor,5811,5811,True
2024.11.25_19-28-25_Biarmipes84_no_odor,5813,5813,True
2024.11.25_19-28-25_Biarmipes84_no_odor,5818,5822,True
2024.11.25_19-28-25_Biarmipes84_no_odor,5825,5825,True
2024.11.25_19-28-25_Biarmipes84_no_odor,5830,5835,True
2024.11.25_19-28-25_Biarmipes84_no_odor,5839,5839,True
2024.11.25_19-28-25_Biarmipes84_no_odor,5841,5841,True
2024.11.25_19-28-25_Biarmipes84_no_odor,5844,5849,True
2024.11.25_19-28-25_Biarmipes84_no_odor,5852,5853,True
2024.11.25_19-28-25_Biarmipes84_no_odor,5856,5857,True
2024.11.25_19-28-25_Biarmipes84_no_odor,5879,5879,True
2024.11.25_19-28-25_Biarmipes84_no_odor,5881,5882,True
2024.11.25_19-28-25_Biarmipes84_no_odor,5884,5891,True
2024.11.25_19-28-25_Biarmipes84_no_odor,5894,5894,True
2024.11.25_19-28-25_Biarmipes84_no_odor,5897,5897,True
2024.11.25_19-28-25_Biarmipes84_no_odor,5901,5917,True
2024.11.25_19-28-25_Biarmipes84_no_odor,5921,5942,True
2024.11.25_19-28-25_Biarmipes84_no_odor,5946,5967,True
2024.11.25_19-28-25_Biarmipes84_no_odor,5969,5979,True
2024.11.25_19-28-25_Biarmipes84_no_odor,5981,5982,True
2024.11.25_19-28-25_Biarmipes84_no_odor,5986,6025,True
2024.11.25_19-28-25_Biarmipes84_no_odor,6028,6028,True
2024.11.25_19-28-25_Biarmipes84_no_odor,6030,6034,True
2024.11.25_19-28-25_Biarmipes84_no_odor,6052,6067,True
2024.11.25_19-28-25_Biarmipes84_no_odor,6075,6078,True
2024.11.25_19-28-25_Biarmipes84_no_odor,6080,6082,True
2024.11.25_19-28-25_Biarmipes84_no_odor,6108,6111,True
2024.11.25_19-28-25_Biarmipes84_no_odor,6142,6142,True
2024.11.25_19-28-25_Biarmipes84_no_odor,6144,6146,True
2024.11.25_19-28-25_Biarmipes84_no_odor,6156,6156,True
2024.11.25_19-28-25_Biarmipes84_no_odor,6162,6162,True
2024.11.25_19-28-25_Biarmipes84_no_odor,6165,6173,True
2024.11.25_19-28-25_Biarmipes84_no_odor,6176,6177,True
2024.11.25_19-28-25_Biarmipes84_no_odor,6179,6179,True
2024.11.25_19-28-25_Biarmipes84_no_odor,6183,6185,True
2024.11.25_19-28-25_Biarmipes84_no_odor,6190,6190,True
2024.11.25_19-28-25_Biarmipes84_no_odor,6196,6204,True
2024.11.25_19-28-25_Biarmipes84_no_odor,6208,6208,True
2024.11.25_19-28-25_Biarmipes84_no_odor,6213,6213,True
2024.11.25_19-28-25_Biarmipes84_no_odor,6217,6218,True
2024.11.25_19-28-25_Biarmipes84_no_odor,6221,6226,True
2024.11.25_19-28-25_Biarmipes84_no_odor,6230,6230,True
2024.11.25_19-28-25_Biarmipes84_no_odor,6236,6236,True
2024.11.25_19-28-25_Biarmipes84_no_odor,6238,6240,True
2024.11.25_19-28-25_Biarmipes84_no_odor,6243,6244,True
2024.11.25_19-28-25_Biarmipes84_no_odor,6248,6248,True
2024.11.25_19-28-25_Biarmipes84_no_odor,6252,6252,True
2024.11.25_19-28-25_Biarmipes84_no_odor,6256,6258,True
2024.11.25_19-28-25_Biarmipes84_no_odor,6260,6260,True
2024.11.25_19-28-25_Biarmipes84_no_odor,6266,6273,True
2024.11.25_19-28-25_Biarmipes84_no_odor,6275,6282,True
2024.11.25_19-28-25_Biarmipes84_no_odor,6284,6286,True
2024.11.25_19-28-25_Biarmipes84_no_odor,6288,6296,True
2024.11.25_19-28-25_Biarmipes84_no_odor,6298,6306,True
2024.11.25_19-28-25_Biarmipes84_no_odor,6308,6310,True
2024.11.25_19-28-25_Biarmipes84_no_odor,6313,6319,True
2024.11.25_19-28-25_Biarmipes84_no_odor,6321,6322,True
2024.11.25_19-28-25_Biarmipes84_no_odor,6325,6325,True
2024.11.25_19-28-25_Biarmipes84_no_odor,6327,6347,True
2024.11.25_19-28-25_Biarmipes84_no_odor,6349,7838,True
2024.09.30_14-18-59_Yakuba_cameroon_no_odor,3,103,True
2024.09.30_14-18-59_Yakuba_cameroon_no_odor,105,158,True
2024.09.30_14-18-59_Yakuba_cameroon_no_odor,160,181,True
2024.09.30_14-18-59_Yakuba_cameroon_no_odor,183,188,True
2024.09.30_14-18-59_Yakuba_cameroon_no_odor,190,196,True
2024.09.30_14-18-59_Yakuba_cameroon_no_odor,216,216,True
2024.09.30_14-18-59_Yakuba_cameroon_no_odor,355,355,True
2024.09.30_14-18-59_Yakuba_cameroon_no_odor,1438,1438,True
2024.09.30_14-18-59_Yakuba_cameroon_no_odor,1468,1468,True
2024.09.30_14-18-59_Yakuba_cameroon_no_odor,1470,1470,True
2024.09.30_14-18-59_Yakuba_cameroon_no_odor,1472,3463,True
2024.09.30_14-18-59_Yakuba_cameroon_no_odor,3465,3466,True
2024.09.30_14-18-59_Yakuba_cameroon_no_odor,3469,3475,True
2024.09.30_14-18-59_Yakuba_cameroon_no_odor,3477,3479,True
2024.09.30_14-18-59_Yakuba_cameroon_no_odor,3482,3482,True
2024.09.30_14-18-59_Yakuba_cameroon_no_odor,3484,3485,True
2024.09.30_14-18-59_Yakuba_cameroon_no_odor,3487,3487,True
2024.09.30_14-18-59_Yakuba_cameroon_no_odor,5317,5395,True
2024.09.30_14-18-59_Yakuba_cameroon_no_odor,5397,5399,True
2024.09.30_14-18-59_Yakuba_cameroon_no_odor,5401,5404,True
2024.09.30_14-18-59_Yakuba_cameroon_no_odor,5407,5407,True
2024.09.30_14-18-59_Yakuba_cameroon_no_odor,5436,6602,True
2024.10.14_11-12-12_CantonS_prenac,138,138,True
2024.10.14_11-12-12_CantonS_prenac,154,154,True
2024.10.14_11-12-12_CantonS_prenac,177,177,True
2024.10.14_11-12-12_CantonS_prenac,441,442,True
2024.10.14_11-12-12_CantonS_prenac,461,462,True
2024.10.14_11-12-12_CantonS_prenac,662,662,True
2024.10.14_11-12-12_CantonS_prenac,704,705,True
2024.10.14_11-12-12_CantonS_prenac,712,713,True
2024.10.14_11-12-12_CantonS_prenac,724,724,True
2024.10.14_11-12-12_CantonS_prenac,1287,1367,True
2024.10.14_11-12-12_CantonS_prenac,1503,2010,True
2024.10.14_11-12-12_CantonS_prenac,2117,3155,True
2024.10.14_11-12-12_CantonS_prenac,4280,4742,True
2024.10.14_11-12-12_CantonS_prenac,4879,5693,True
2024.10.14_11-12-12_CantonS_prenac,8542,8542,True
2024.10.14_11-12-12_CantonS_prenac,8545,8545,True
2024.10.14_11-12-12_CantonS_prenac,8565,8740,True
2024.07.09_11-51-06_Riverside (E-2-Hex),3,931,True
2024.07.09_11-51-06_Riverside (E-2-Hex),1607,1607,True
2024.07.09_11-51-06_Riverside (E-2-Hex),1998,1998,True
2024.07.09_11-51-06_Riverside (E-2-Hex),2017,2017,True
2024.07.09_11-51-06_Riverside (E-2-Hex),2041,2041,True
2024.07.09_11-51-06_Riverside (E-2-Hex),2116,2116,True
2024.07.09_11-51-06_Riverside (E-2-Hex),2224,2227,True
2024.07.09_11-51-06_Riverside (E-2-Hex),2247,2247,True
2024.07.09_11-51-06_Riverside (E-2-Hex),2249,2249,True
2024.07.09_11-51-06_Riverside (E-2-Hex),2337,2341,True
2024.07.09_11-51-06_Riverside (E-2-Hex),2344,3340,True
2024.07.09_11-51-06_Riverside (E-2-Hex),4688,6064,True
2024.07.09_11-51-06_Riverside (E-2-Hex),6429,6429,True
2024.07.09_11-51-06_Riverside (E-2-Hex),6431,6431,True
2024.07.09_11-51-06_Riverside (E-2-Hex),6444,6444,True
2024.07.09_11-51-06_Riverside (E-2-Hex),6447,6448,True
2024.07.09_11-51-06_Riverside (E-2-Hex),6453,6453,True
2024.07.09_11-51-06_Riverside (E-2-Hex),6460,6460,True
2024.07.09_11-51-06_Riverside (E-2-Hex),6462,6462,True
2024.07.09_11-51-06_Riverside (E-2-Hex),6493,6493,True
2024.07.09_11-51-06_Riverside (E-2-Hex),6497,6497,True
2024.07.09_11-51-06_Riverside (E-2-Hex),6500,6500,True
2024.07.09_11-51-06_Riverside (E-2-Hex),6502,6503,True
2024.07.09_11-51-06_Riverside (E-2-Hex),6508,6508,True
2024.07.09_11-51-06_Riverside (E-2-Hex),6953,6953,True
2024.07.09_11-51-06_Riverside (E-2-Hex),7015,7017,True
2024.07.09_11-51-06_Riverside (E-2-Hex),7044,7045,True
2024.07.09_11-51-06_Riverside (E-2-Hex),7085,7085,True
2024.07.09_11-51-06_Riverside (E-2-Hex),7087,7087,True
2024.07.09_11-51-06_Riverside (E-2-Hex),7098,7098,True
2024.07.09_11-51-06_Riverside (E-2-Hex),7126,7137,True
2024.07.09_11-51-06_Riverside (E-2-Hex),7139,7879,True
2024.07.09_11-51-06_Riverside (E-2-Hex),8452,8452,True
2024.07.09_11-51-06_Riverside (E-2-Hex),8458,8458,True
2024.07.09_11-51-06_Riverside (E-2-Hex),8486,8486,True
2024.07.09_11-51-06_Riverside (E-2-Hex),8542,8561,True
2024.07.09_11-51-06_Riverside (E-2-Hex),8591,8601,True
2024.07.09_11-51-06_Riverside (E-2-Hex),8608,8612,True
2024.07.09_11-51-06_Riverside (E-2-Hex),8616,8616,True
2024.07.09_11-51-06_Riverside (E-2-Hex),8624,8624,True
2024.07.09_11-51-06_Riverside (E-2-Hex),8626,8626,True
2024.07.09_11-51-06_Riverside (E-2-Hex),8630,8631,True
2024.07.09_11-51-06_Riverside (E-2-Hex),8633,8633,True
2024.07.09_11-51-06_Riverside (E-2-Hex),8635,8635,True
2024.07.09_11-51-06_Riverside (E-2-Hex),8638,8638,True
2024.07.09_11-51-06_Riverside (E-2-Hex),8640,8640,True
2024.07.09_11-51-06_Riverside (E-2-Hex),8642,8643,True
2024.07.09_11-51-06_Riverside (E-2-Hex),8654,8673,True
2024.07.09_11-51-06_Riverside (E-2-Hex),8675,8678,True
2024.07.09_11-51-06_Riverside (E-2-Hex),8693,8702,True
2024.07.09_11-51-06_Riverside (E-2-Hex),8704,8980,True
2024.07.09_11-51-06_Riverside (E-2-Hex),8982,8999,True
2024.11.05_04-35-08_Yakuba7_e2hex,2477,2491,True
2024.11.05_04-35-08_Yakuba7_e2hex,2493,2501,True
2024.11.05_04-35-08_Yakuba7_e2hex,2503,2660,True
2024.11.05_04-35-08_Yakuba7_e2hex,2662,2662,True
2024.11.05_04-35-08_Yakuba7_e2hex,2664,2668,True
2024.11.05_04-35-08_Yakuba7_e2hex,2670,2674,True
2024.11.05_04-35-08_Yakuba7_e2hex,2677,2677,True
2024.11.05_04-35-08_Yakuba7_e2hex,2686,2688,True
2024.11.05_04-35-08_Yakuba7_e2hex,2693,2715,True
2024.11.05_04-35-08_Yakuba7_e2hex,2717,2722,True
2024.11.05_04-35-08_Yakuba7_e2hex,2726,2729,True
2024.11.05_04-35-08_Yakuba7_e2hex,2731,2805,True
2024.11.05_04-35-08_Yakuba7_e2hex,2820,2839,True
2024.11.05_04-35-08_Yakuba7_e2hex,2841,2847,True
2024.11.05_04-35-08_Yakuba7_e2hex,2849,2869,True
2024.11.05_04-35-08_Yakuba7_e2hex,2871,2894,True
2024.11.05_04-35-08_Yakuba7_e2hex,2896,2903,True
2024.11.05_04-35-08_Yakuba7_e2hex,2905,2945,True
2024.11.05_04-35-08_Yakuba7_e2hex,2947,3040,True
2024.11.05_04-35-08_Yakuba7_e2hex,3061,3061,True
2024.11.05_04-35-08_Yakuba7_e2hex,3097,3207,True
2024.11.05_04-35-08_Yakuba7_e2hex,3209,3782,True
2024.11.05_04-35-08_Yakuba7_e2hex,4129,7106,True
2024.11.05_04-35-08_Yakuba7_e2hex,8896,8999,True
2025.04.08_09-41-51_CantonS_metbut,1473,1515,True
2025.04.08_09-41-51_CantonS_metbut,1526,2473,True
2025.04.08_09-41-51_CantonS_metbut,2993,3007,True
2025.04.08_09-41-51_CantonS_metbut,3031,3526,True
2025.04.08_09-41-51_CantonS_metbut,3528,3980,True
2025.04.08_09-41-51_CantonS_metbut,3982,3982,True
2025.04.08_09-41-51_CantonS_metbut,3986,3997,True
2025.04.08_09-41-51_CantonS_metbut,4001,4001,True
2025.04.08_09-41-51_CantonS_metbut,4003,4020,True
2025.04.08_09-41-51_CantonS_metbut,4022,4022,True
2025.04.08_09-41-51_CantonS_metbut,4024,4027,True
2025.04.08_09-41-51_CantonS_metbut,4031,4547,True
2025.04.08_09-41-51_CantonS_metbut,5825,5830,True
2025.04.08_09-41-51_CantonS_metbut,5834,5838,True
2025.04.08_09-41-51_CantonS_metbut,7671,8999,True
2024.10.23_14-37-04_Biarmipes_g224_prenac,781,944,True
2024.10.23_14-37-04_Biarmipes_g224_prenac,1174,1624,True
2024.10.23_14-37-04_Biarmipes_g224_prenac,2802,2817,True
2024.10.23_14-37-04_Biarmipes_g224_prenac,2819,2852,True
2024.10.23_14-37-04_Biarmipes_g224_prenac,2855,2857,True
2024.10.23_14-37-04_Biarmipes_g224_prenac,2859,2867,True
2024.10.23_14-37-04_Biarmipes_g224_prenac,2869,2872,True
2024.10.23_14-37-04_Biarmipes_g224_prenac,2874,2875,True
2024.10.23_14-37-04_Biarmipes_g224_prenac,2877,2877,True
2024.10.23_14-37-04_Biarmipes_g224_prenac,2883,2884,True
2024.10.23_14-37-04_Biarmipes_g224_prenac,2894,2894,True
2024.10.23_14-37-04_Biarmipes_g224_prenac,2914,2914,True
2024.10.23_14-37-04_Biarmipes_g224_prenac,2932,2934,True
2024.10.23_14-37-04_Biarmipes_g224_prenac,2945,2945,True
2024.10.23_14-37-04_Biarmipes_g224_prenac,2947,2950,True
2024.10.23_14-37-04_Biarmipes_g224_prenac,2992,2992,True
2024.10.23_14-37-04_Biarmipes_g224_prenac,3018,3018,True
2024.10.23_14-37-04_Biarmipes_g224_prenac,3020,3020,True
2024.10.23_14-37-04_Biarmipes_g224_prenac,3030,3030,True
2024.10.23_14-37-04_Biarmipes_g224_prenac,3043,3043,True
2024.10.23_14-37-04_Biarmipes_g224_prenac,3045,3045,True
2024.10.23_14-37-04_Biarmipes_g224_prenac,3054,3054,True
2024.10.23_14-37-04_Biarmipes_g224_prenac,3057,3058,True
2024.10.23_14-37-04_Biarmipes_g224_prenac,3060,3060,True
2024.10.23_14-37-04_Biarmipes_g224_prenac,3074,3074,True
2024.10.23_14-37-04_Biarmipes_g224_prenac,3077,3077,True
2024.10.23_14-37-04_Biarmipes_g224_prenac,3610,3610,True
2024.10.23_14-37-04_Biarmipes_g224_prenac,3612,3613,True
2024.10.23_14-37-04_Biarmipes_g224_prenac,3616,3617,True
2024.10.23_14-37-04_Biarmipes_g224_prenac,3625,3628,True
2024.10.23_14-37-04_Biarmipes_g224_prenac,3639,3639,True
2024.10.23_14-37-04_Biarmipes_g224_prenac,3799,3799,True
2024.10.23_14-37-04_Biarmipes_g224_prenac,3806,3822,True
2024.10.23_14-37-04_Biarmipes_g224_prenac,3835,3837,True
2024.10.23_14-37-04_Biarmipes_g224_prenac,3841,3842,True
2024.10.23_14-37-04_Biarmipes_g224_prenac,3844,3845,True
2024.10.23_14-37-04_Biarmipes_g224_prenac,3852,3852,True
2024.10.23_14-37-04_Biarmipes_g224_prenac,3854,3854,True
2024.10.23_14-37-04_Biarmipes_g224_prenac,3857,3857,True
2024.10.23_14-37-04_Biarmipes_g224_prenac,3878,3881,True
2024.10.23_14-37-04_Biarmipes_g224_prenac,3888,3894,True
2024.10.23_14-37-04_Biarmipes_g224_prenac,3898,3898,True
2024.10.23_14-37-04_Biarmipes_g224_prenac,3900,3904,True
2024.10.23_14-37-04_Biarmipes_g224_prenac,3985,4020,True
2024.10.23_14-37-04_Biarmipes_g224_prenac,4037,4053,True
2024.10.23_14-37-04_Biarmipes_g224_prenac,4057,4066,True
2024.10.23_14-37-04_Biarmipes_g224_prenac,4122,4131,True
2024.10.23_14-37-04_Biarmipes_g224_prenac,4185,4187,True
2024.10.23_14-37-04_Biarmipes_g224_prenac,4229,4232,True
2024.10.23_14-37-04_Biarmipes_g224_prenac,4234,4249,True
2024.10.23_14-37-04_Biarmipes_g224_prenac,4253,4261,True
2024.10.23_14-37-04_Biarmipes_g224_prenac,4266,4266,True
2024.10.23_14-37-04_Biarmipes_g224_prenac,4382,4382,True
2024.10.23_14-37-04_Biarmipes_g224_prenac,4386,4391,True
2024.10.23_14-37-04_Biarmipes_g224_prenac,4397,4397,True
2024.10.23_14-37-04_Biarmipes_g224_prenac,4399,4402,True
2024.10.23_14-37-04_Biarmipes_g224_prenac,4425,4428,True
2024.10.23_14-37-04_Biarmipes_g224_prenac,4603,4604,True
2024.10.23_14-37-04_Biarmipes_g224_prenac,4609,4611,True
2024.10.23_14-37-04_Biarmipes_g224_prenac,4615,4621,True
2024.10.23_14-37-04_Biarmipes_g224_prenac,4626,4626,True
2024.10.23_14-37-04_Biarmipes_g224_prenac,4633,4636,True
2024.10.23_14-37-04_Biarmipes_g224_prenac,4642,4642,True
2024.10.23_14-37-04_Biarmipes_g224_prenac,4701,4705,True
2024.10.23_14-37-04_Biarmipes_g224_prenac,4722,4722,True
2024.10.23_14-37-04_Biarmipes_g224_prenac,4736,4739,True
2024.10.23_14-37-04_Biarmipes_g224_prenac,4741,4742,True
2024.10.23_14-37-04_Biarmipes_g224_prenac,4753,4753,True
2024.10.23_14-37-04_Biarmipes_g224_prenac,4755,4755,True
2024.10.23_14-37-04_Biarmipes_g224_prenac,4757,4764,True
2024.10.23_14-37-04_Biarmipes_g224_prenac,4766,4768,True
2024.10.23_14-37-04_Biarmipes_g224_prenac,4771,4773,True
2024.10.23_14-37-04_Biarmipes_g224_prenac,4775,4775,True
2024.10.23_14-37-04_Biarmipes_g224_prenac,4840,4841,True
2024.10.23_14-37-04_Biarmipes_g224_prenac,4871,4872,True
2024.10.23_14-37-04_Biarmipes_g224_prenac,4874,4874,True
2024.10.23_14-37-04_Biarmipes_g224_prenac,4877,4877,True
2024.10.23_14-37-04_Biarmipes_g224_prenac,4879,4879,True
2024.10.23_14-37-04_Biarmipes_g224_prenac,4916,4923,True
2024.10.23_14-37-04_Biarmipes_g224_prenac,4925,4936,True
2024.10.23_14-37-04_Biarmipes_g224_prenac,4941,4941,True
2024.10.23_14-37-04_Biarmipes_g224_prenac,4947,5788,True
2024.10.23_14-37-04_Biarmipes_g224_prenac,7581,7581,True
2024.10.23_14-37-04_Biarmipes_g224_prenac,7583,7589,True
2024.10.23_14-37-04_Biarmipes_g224_prenac,7595,7595,True
2024.10.23_14-37-04_Biarmipes_g224_prenac,7597,7597,True
2024.10.23_14-37-04_Biarmipes_g224_prenac,7599,7600,True
2024.10.23_14-37-04_Biarmipes_g224_prenac,7614,7614,True
2024.10.23_14-37-04_Biarmipes_g224_prenac,7617,7619,True
2024.10.23_14-37-04_Biarmipes_g224_prenac,7621,7622,True
2024.10.23_14-37-04_Biarmipes_g224_prenac,7624,7624,True
2024.10.23_14-37-04_Biarmipes_g224_prenac,7626,7631,True
2024.10.23_14-37-04_Biarmipes_g224_prenac,7657,7657,True
2024.10.23_14-37-04_Biarmipes_g224_prenac,7659,7664,True
2024.10.23_14-37-04_Biarmipes_g224_prenac,7666,7669,True
2024.10.23_14-37-04_Biarmipes_g224_prenac,7673,7673,True
2024.10.23_14-37-04_Biarmipes_g224_prenac,7675,7677,True
2024.10.23_14-37-04_Biarmipes_g224_prenac,7679,7680,True
2024.10.23_14-37-04_Biarmipes_g224_prenac,7686,7688,True
2024.10.23_14-37-04_Biarmipes_g224_prenac,7694,7696,True
2024.10.23_14-37-04_Biarmipes_g224_prenac,7698,7698,True
2024.10.23_14-37-04_Biarmipes_g224_prenac,7702,7705,True
2024.10.23_14-37-04_Biarmipes_g224_prenac,7707,7710,True
2024.10.23_14-37-04_Biarmipes_g224_prenac,7712,7713,True
2024.10.23_14-37-04_Biarmipes_g224_prenac,7716,7716,True
2024.10.23_14-37-04_Biarmipes_g224_prenac,7718,7718,True
2024.10.23_14-37-04_Biarmipes_g224_prenac,7721,7723,True
2024.10.23_14-37-04_Biarmipes_g224_prenac,7731,7731,True
2024.10.23_14-37-04_Biarmipes_g224_prenac,7733,7734,True
2024.10.23_14-37-04_Biarmipes_g224_prenac,7741,7741,True
2024.10.23_14-37-04_Biarmipes_g224_prenac,7749,7759,True
2024.10.23_14-37-04_Biarmipes_g224_prenac,7761,7765,True
2024.10.23_14-37-04_Biarmipes_g224_prenac,7768,7771,True
2024.10.23_14-37-04_Biarmipes_g224_prenac,7774,7804,True
2024.10.23_14-37-04_Biarmipes_g224_prenac,7807,7808,True
2024.10.23_14-37-04_Biarmipes_g224_prenac,7816,7880,True
2024.07.05_11-45-17_CantonS (no odor),1231,1507,True
2024.07.05_11-45-17_CantonS (no odor),1949,1953,True
2024.07.05_11-45-17_CantonS (no odor),1956,1956,True
2024.07.05_11-45-17_CantonS (no odor),1959,1960,True
2024.07.05_11-45-17_CantonS (no odor),1962,1963,True
2024.07.05_11-45-17_CantonS (no odor),1965,1967,True
2024.07.05_11-45-17_CantonS (no odor),1982,2578,True
2024.07.05_11-45-17_CantonS (no odor),2794,3824,True
2024.11.13_21-58-25_Yakuba_cameroon_e2hex,3,2205,True
2024.11.13_21-58-25_Yakuba_cameroon_e2hex,2373,2450,True
2024.11.13_21-58-25_Yakuba_cameroon_e2hex,2525,2546,True
2024.11.13_21-58-25_Yakuba_cameroon_e2hex,2550,2550,True
2024.11.13_21-58-25_Yakuba_cameroon_e2hex,2567,2567,True
2024.11.13_21-58-25_Yakuba_cameroon_e2hex,2570,2850,True
2024.11.13_21-58-25_Yakuba_cameroon_e2hex,2857,2966,True
2024.11.13_21-58-25_Yakuba_cameroon_e2hex,2968,3138,True
2024.11.13_21-58-25_Yakuba_cameroon_e2hex,4190,6085,True
2024.11.13_21-58-25_Yakuba_cameroon_e2hex,8632,8998,True
2024.11.21_18-21-08_Biarmipes_G224_e2hex,698,1343,True
2024.11.21_18-21-08_Biarmipes_G224_e2hex,1346,1415,True
2024.11.21_18-21-08_Biarmipes_G224_e2hex,1641,2148,True
2024.11.21_18-21-08_Biarmipes_G224_e2hex,2701,2890,True
2024.11.21_18-21-08_Biarmipes_G224_e2hex,3054,3058,True
2024.11.21_18-21-08_Biarmipes_G224_e2hex,3060,3060,True
2024.11.21_18-21-08_Biarmipes_G224_e2hex,3062,3088,True
2024.11.21_18-21-08_Biarmipes_G224_e2hex,3338,3344,True
2024.11.21_18-21-08_Biarmipes_G224_e2hex,3377,3416,True
2024.11.21_18-21-08_Biarmipes_G224_e2hex,3418,3420,True
2024.11.21_18-21-08_Biarmipes_G224_e2hex,3422,3422,True
2024.11.21_18-21-08_Biarmipes_G224_e2hex,3424,3736,True
2024.11.21_18-21-08_Biarmipes_G224_e2hex,3856,3858,True
2024.11.21_18-21-08_Biarmipes_G224_e2hex,4642,4642,True
2024.11.21_18-21-08_Biarmipes_G224_e2hex,4647,4648,True
2024.11.21_18-21-08_Biarmipes_G224_e2hex,4650,4650,True
2024.11.21_18-21-08_Biarmipes_G224_e2hex,4652,4653,True
2024.11.21_18-21-08_Biarmipes_G224_e2hex,4656,4656,True
2024.11.21_18-21-08_Biarmipes_G224_e2hex,4658,5011,True
2024.11.21_18-21-08_Biarmipes_G224_e2hex,5013,5063,True
2024.11.21_18-21-08_Biarmipes_G224_e2hex,5531,5549,True
2024.11.21_18-21-08_Biarmipes_G224_e2hex,5710,5993,True
2024.11.21_18-21-08_Biarmipes_G224_e2hex,5998,6010,True
2024.11.21_18-21-08_Biarmipes_G224_e2hex,6015,6016,True
2024.11.21_18-21-08_Biarmipes_G224_e2hex,6018,6020,True
2024.11.21_18-21-08_Biarmipes_G224_e2hex,6022,6025,True
2024.11.21_18-21-08_Biarmipes_G224_e2hex,6028,6079,True
2024.11.21_18-21-08_Biarmipes_G224_e2hex,6086,6093,True
2024.11.21_18-21-08_Biarmipes_G224_e2hex,6096,6105,True
2024.11.21_18-21-08_Biarmipes_G224_e2hex,6158,6244,True
2024.11.21_18-21-08_Biarmipes_G224_e2hex,6256,6520,True
2024.11.21_18-21-08_Biarmipes_G224_e2hex,6809,6849,True
2024.11.21_18-21-08_Biarmipes_G224_e2hex,7018,7106,True
2024.11.21_18-21-08_Biarmipes_G224_e2hex,7153,7158,True
2024.11.21_18-21-08_Biarmipes_G224_e2hex,7160,7163,True
2024.11.21_18-21-08_Biarmipes_G224_e2hex,7165,7473,True
2024.11.21_18-21-08_Biarmipes_G224_e2hex,7583,8085,True
2024.11.21_18-21-08_Biarmipes_G224_e2hex,8087,8090,True
2024.11.21_18-21-08_Biarmipes_G224_e2hex,8092,8093,True
2024.11.21_18-21-08_Biarmipes_G224_e2hex,8097,8160,True
2024.11.21_18-21-08_Biarmipes_G224_e2hex,8327,8328,True
2024.11.21_18-21-08_Biarmipes_G224_e2hex,8827,8844,True
2024.11.21_18-21-08_Biarmipes_G224_e2hex,8846,8848,True
2024.11.21_18-21-08_Biarmipes_G224_e2hex,8854,8877,True
2024.11.21_18-21-08_Biarmipes_G224_e2hex,8881,8881,True
2024.11.21_18-21-08_Biarmipes_G224_e2hex,8883,8938,True
2024.11.21_18-21-08_Biarmipes_G224_e2hex,8940,8999,True
2024.11.14_01-17-36_Biarmipes84_e2hex,3,1279,True
2024.11.14_01-17-36_Biarmipes84_e2hex,1281,1281,True
2024.11.14_01-17-36_Biarmipes84_e2hex,1283,1286,True
2024.11.14_01-17-36_Biarmipes84_e2hex,1289,1341,True
2024.11.14_01-17-36_Biarmipes84_e2hex,1343,1348,True
2024.11.14_01-17-36_Biarmipes84_e2hex,2492,3275,True
2024.11.14_01-17-36_Biarmipes84_e2hex,3283,3569,True
2024.11.14_01-17-36_Biarmipes84_e2hex,5930,6122,True
2024.11.14_01-17-36_Biarmipes84_e2hex,7433,8999,True
2024.11.25_19-34-49_Biarmipes84_no_odor,3,300,True
2024.11.25_19-34-49_Biarmipes84_no_odor,2541,2542,True
2024.11.25_19-34-49_Biarmipes84_no_odor,2584,2585,True
2024.11.25_19-34-49_Biarmipes84_no_odor,2587,2596,True
2024.11.25_19-34-49_Biarmipes84_no_odor,2598,2598,True
2024.11.25_19-34-49_Biarmipes84_no_odor,2601,2603,True
2024.11.25_19-34-49_Biarmipes84_no_odor,2607,2614,True
2024.11.25_19-34-49_Biarmipes84_no_odor,2616,2616,True
2024.11.25_19-34-49_Biarmipes84_no_odor,2622,2623,True
2024.11.25_19-34-49_Biarmipes84_no_odor,2628,2636,True
2024.11.25_19-34-49_Biarmipes84_no_odor,2638,2644,True
2024.11.25_19-34-49_Biarmipes84_no_odor,2646,2649,True
2024.11.25_19-34-49_Biarmipes84_no_odor,2652,2657,True
2024.11.25_19-34-49_Biarmipes84_no_odor,2659,2661,True
2024.11.25_19-34-49_Biarmipes84_no_odor,2663,2670,True
2024.11.25_19-34-49_Biarmipes84_no_odor,2672,2676,True
2024.11.25_19-34-49_Biarmipes84_no_odor,2678,2678,True
2024.11.25_19-34-49_Biarmipes84_no_odor,2680,2681,True
2024.11.25_19-34-49_Biarmipes84_no_odor,2683,2686,True
2024.11.25_19-34-49_Biarmipes84_no_odor,2690,2690,True
2024.11.25_19-34-49_Biarmipes84_no_odor,2692,2693,True
2024.11.25_19-34-49_Biarmipes84_no_odor,2695,2698,True
2024.11.25_19-34-49_Biarmipes84_no_odor,2700,2701,True
2024.11.25_19-34-49_Biarmipes84_no_odor,2703,2707,True
2024.11.25_19-34-49_Biarmipes84_no_odor,2709,2711,True
2024.11.25_19-34-49_Biarmipes84_no_odor,2713,2714,True
2024.11.25_19-34-49_Biarmipes84_no_odor,2718,2718,True
2024.11.25_19-34-49_Biarmipes84_no_odor,2720,2721,True
2024.11.25_19-34-49_Biarmipes84_no_odor,2723,2730,True
2024.11.25_19-34-49_Biarmipes84_no_odor,2737,2738,True
2024.11.25_19-34-49_Biarmipes84_no_odor,2745,2745,True
2024.11.25_19-34-49_Biarmipes84_no_odor,2748,2750,True
2024.11.25_19-34-49_Biarmipes84_no_odor,2752,2753,True
2024.11.25_19-34-49_Biarmipes84_no_odor,2755,2755,True
2024.11.25_19-34-49_Biarmipes84_no_odor,2757,2757,True
2024.11.25_19-34-49_Biarmipes84_no_odor,2762,2763,True
2024.11.25_19-34-49_Biarmipes84_no_odor,2766,2767,True
2024.11.25_19-34-49_Biarmipes84_no_odor,2769,2770,True
2024.11.25_19-34-49_Biarmipes84_no_odor,2772,2773,True
2024.11.25_19-34-49_Biarmipes84_no_odor,2775,2776,True
2024.11.25_19-34-49_Biarmipes84_no_odor,2779,2779,True
2024.11.25_19-34-49_Biarmipes84_no_odor,2782,2782,True
2024.11.25_19-34-49_Biarmipes84_no_odor,2786,2789,True
2024.11.25_19-34-49_Biarmipes84_no_odor,2791,2791,True
2024.11.25_19-34-49_Biarmipes84_no_odor,2793,2796,True
2024.11.25_19-34-49_Biarmipes84_no_odor,2798,2798,True
2024.11.25_19-34-49_Biarmipes84_no_odor,2800,2801,True
2024.11.25_19-34-49_Biarmipes84_no_odor,2807,2807,True
2024.11.25_19-34-49_Biarmipes84_no_odor,2810,2812,True
2024.11.25_19-34-49_Biarmipes84_no_odor,2816,2817,True
2024.11.25_19-34-49_Biarmipes84_no_odor,2819,2823,True
2024.11.25_19-34-49_Biarmipes84_no_odor,2830,2830,True
2024.11.25_19-34-49_Biarmipes84_no_odor,2832,3286,True
2024.11.25_19-34-49_Biarmipes84_no_odor,3288,3334,True
2024.11.25_19-34-49_Biarmipes84_no_odor,3336,3524,True
2024.11.25_19-34-49_Biarmipes84_no_odor,3578,3595,True
2024.11.25_19-34-49_Biarmipes84_no_odor,3597,3632,True
2024.11.25_19-34-49_Biarmipes84_no_odor,3634,3643,True
2024.11.25_19-34-49_Biarmipes84_no_odor,3654,3656,True
2024.11.25_19-34-49_Biarmipes84_no_odor,3665,3665,True
2024.11.25_19-34-49_Biarmipes84_no_odor,3667,3668,True
2024.11.25_19-34-49_Biarmipes84_no_odor,3673,3674,True
2024.11.25_19-34-49_Biarmipes84_no_odor,3677,3678,True
2024.11.25_19-34-49_Biarmipes84_no_odor,3681,3681,True
2024.11.25_19-34-49_Biarmipes84_no_odor,3683,3684,True
2024.11.25_19-34-49_Biarmipes84_no_odor,3686,3709,True
2024.11.25_19-34-49_Biarmipes84_no_odor,3711,3723,True
2024.11.25_19-34-49_Biarmipes84_no_odor,3725,3727,True
2024.11.25_19-34-49_Biarmipes84_no_odor,3961,3982,True
2024.11.25_19-34-49_Biarmipes84_no_odor,3984,4002,True
2024.11.25_19-34-49_Biarmipes84_no_odor,4004,4010,True
2024.11.25_19-34-49_Biarmipes84_no_odor,4015,4036,True
2024.11.25_19-34-49_Biarmipes84_no_odor,4038,4040,True
2024.11.25_19-34-49_Biarmipes84_no_odor,4042,4044,True
2024.11.25_19-34-49_Biarmipes84_no_odor,4046,4047,True
2024.11.25_19-34-49_Biarmipes84_no_odor,4049,4065,True
2024.11.25_19-34-49_Biarmipes84_no_odor,4067,4071,True
2024.11.25_19-34-49_Biarmipes84_no_odor,4073,4080,True
2024.11.25_19-34-49_Biarmipes84_no_odor,4082,4087,True
2024.11.25_19-34-49_Biarmipes84_no_odor,4089,4097,True
2024.11.25_19-34-49_Biarmipes84_no_odor,4099,4139,True
2024.11.25_19-34-49_Biarmipes84_no_odor,4144,4147,True
2024.11.25_19-34-49_Biarmipes84_no_odor,4150,4150,True
2024.11.25_19-34-49_Biarmipes84_no_odor,4153,4157,True
2024.11.25_19-34-49_Biarmipes84_no_odor,4159,4161,True
2024.11.25_19-34-49_Biarmipes84_no_odor,4164,4166,True
2024.11.25_19-34-49_Biarmipes84_no_odor,4171,4181,True
2024.11.25_19-34-49_Biarmipes84_no_odor,4183,4185,True
2024.11.25_19-34-49_Biarmipes84_no_odor,4187,4187,True
2024.11.25_19-34-49_Biarmipes84_no_odor,4189,4284,True
2024.11.25_19-34-49_Biarmipes84_no_odor,4286,4293,True
2024.11.25_19-34-49_Biarmipes84_no_odor,4295,4305,True
2024.11.25_19-34-49_Biarmipes84_no_odor,4307,4313,True
2024.11.25_19-34-49_Biarmipes84_no_odor,4315,4323,True
2024.11.25_19-34-49_Biarmipes84_no_odor,4325,4325,True
2024.11.25_19-34-49_Biarmipes84_no_odor,4327,4328,True
2024.11.25_19-34-49_Biarmipes84_no_odor,4330,4340,True
2024.11.25_19-34-49_Biarmipes84_no_odor,4342,4344,True
2024.11.25_19-34-49_Biarmipes84_no_odor,4349,4349,True
2024.11.25_19-34-49_Biarmipes84_no_odor,4352,4354,True
2024.11.25_19-34-49_Biarmipes84_no_odor,4358,4360,True
2024.11.25_19-34-49_Biarmipes84_no_odor,4362,4368,True
2024.11.25_19-34-49_Biarmipes84_no_odor,4370,4373,True
2024.11.25_19-34-49_Biarmipes84_no_odor,4375,4384,True
2024.11.25_19-34-49_Biarmipes84_no_odor,4386,4522,True
2024.11.25_19-34-49_Biarmipes84_no_odor,4524,4561,True
2024.11.25_19-34-49_Biarmipes84_no_odor,4563,4582,True
2024.11.25_19-34-49_Biarmipes84_no_odor,4584,4726,True
2024.11.25_19-34-49_Biarmipes84_no_odor,4728,4751,True
2024.11.25_19-34-49_Biarmipes84_no_odor,4753,4766,True
2024.11.25_19-34-49_Biarmipes84_no_odor,4768,4768,True
2024.11.25_19-34-49_Biarmipes84_no_odor,4770,4772,True
2024.11.25_19-34-49_Biarmipes84_no_odor,4774,4788,True
2024.11.25_19-34-49_Biarmipes84_no_odor,4790,4796,True
2024.11.25_19-34-49_Biarmipes84_no_odor,4798,4799,True
2024.11.25_19-34-49_Biarmipes84_no_odor,4801,4807,True
2024.11.25_19-34-49_Biarmipes84_no_odor,4809,4812,True
2024.11.25_19-34-49_Biarmipes84_no_odor,4814,4820,True
2024.11.25_19-34-49_Biarmipes84_no_odor,4823,4829,True
2024.11.25_19-34-49_Biarmipes84_no_odor,4835,4837,True
2024.11.25_19-34-49_Biarmipes84_no_odor,4841,4843,True
2024.11.25_19-34-49_Biarmipes84_no_odor,4846,4847,True
2024.11.25_19-34-49_Biarmipes84_no_odor,4849,4850,True
2024.11.25_19-34-49_Biarmipes84_no_odor,4852,4852,True
2024.11.25_19-34-49_Biarmipes84_no_odor,4854,4854,True
2024.11.25_19-34-49_Biarmipes84_no_odor,4856,4856,True
2024.11.25_19-34-49_Biarmipes84_no_odor,4859,4860,True
2024.11.25_19-34-49_Biarmipes84_no_odor,4862,4867,True
2024.11.25_19-34-49_Biarmipes84_no_odor,4869,4887,True
2024.11.25_19-34-49_Biarmipes84_no_odor,4891,4899,True
2024.11.25_19-34-49_Biarmipes84_no_odor,4902,4904,True
2024.11.25_19-34-49_Biarmipes84_no_odor,4906,4906,True
2024.11.25_19-34-49_Biarmipes84_no_odor,4908,4908,True
2024.11.25_19-34-49_Biarmipes84_no_odor,4915,4916,True
2024.11.25_19-34-49_Biarmipes84_no_odor,4918,4918,True
2024.11.25_19-34-49_Biarmipes84_no_odor,4920,4922,True
2024.11.25_19-34-49_Biarmipes84_no_odor,4927,4930,True
2024.11.25_19-34-49_Biarmipes84_no_odor,4932,4932,True
2024.11.25_19-34-49_Biarmipes84_no_odor,4934,4935,True
2024.11.25_19-34-49_Biarmipes84_no_odor,4938,4938,True
2024.11.25_19-34-49_Biarmipes84_no_odor,4940,4940,True
2024.11.25_19-34-49_Biarmipes84_no_odor,4943,4943,True
2024.11.25_19-34-49_Biarmipes84_no_odor,4945,4948,True
2024.11.25_19-34-49_Biarmipes84_no_odor,4951,4960,True
2024.11.25_19-34-49_Biarmipes84_no_odor,4962,4966,True
2024.11.25_19-34-49_Biarmipes84_no_odor,4971,4972,True
2024.11.25_19-34-49_Biarmipes84_no_odor,4974,4976,True
2024.11.25_19-34-49_Biarmipes84_no_odor,4978,4980,True
2024.11.25_19-34-49_Biarmipes84_no_odor,4982,4982,True
2024.11.25_19-34-49_Biarmipes84_no_odor,4984,4984,True
2024.11.25_19-34-49_Biarmipes84_no_odor,4986,4997,True
2024.11.25_19-34-49_Biarmipes84_no_odor,4999,5001,True
2024.11.25_19-34-49_Biarmipes84_no_odor,5003,5017,True
2024.11.25_19-34-49_Biarmipes84_no_odor,5026,5041,True
2024.11.25_19-34-49_Biarmipes84_no_odor,5043,5047,True
2024.11.25_19-34-49_Biarmipes84_no_odor,5055,5058,True
2024.11.25_19-34-49_Biarmipes84_no_odor,5060,5068,True
2024.11.25_19-34-49_Biarmipes84_no_odor,5071,5072,True
2024.11.25_19-34-49_Biarmipes84_no_odor,5074,5090,True
2024.11.25_19-34-49_Biarmipes84_no_odor,5092,5119,True
2024.11.25_19-34-49_Biarmipes84_no_odor,5121,5121,True
2024.11.25_19-34-49_Biarmipes84_no_odor,5123,5125,True
2024.11.25_19-34-49_Biarmipes84_no_odor,5127,5133,True
2024.11.25_19-34-49_Biarmipes84_no_odor,5136,5138,True
2024.11.25_19-34-49_Biarmipes84_no_odor,5144,5145,True
2024.11.25_19-34-49_Biarmipes84_no_odor,5147,5158,True
2024.11.25_19-34-49_Biarmipes84_no_odor,5160,5985,True
2024.11.25_19-34-49_Biarmipes84_no_odor,6049,6064,True
2024.11.25_19-34-49_Biarmipes84_no_odor,6078,6106,True
2024.11.25_19-34-49_Biarmipes84_no_odor,6108,6186,True
2024.11.25_19-34-49_Biarmipes84_no_odor,6188,6202,True
2024.11.25_19-34-49_Biarmipes84_no_odor,6204,6205,True
2024.11.25_19-34-49_Biarmipes84_no_odor,6207,6216,True
2024.11.25_19-34-49_Biarmipes84_no_odor,6218,6219,True
2024.11.25_19-34-49_Biarmipes84_no_odor,6223,6243,True
2024.11.25_19-34-49_Biarmipes84_no_odor,6245,6245,True
2024.11.25_19-34-49_Biarmipes84_no_odor,6247,6254,True
2024.11.25_19-34-49_Biarmipes84_no_odor,6256,6257,True
2024.11.25_19-34-49_Biarmipes84_no_odor,6259,6259,True
2024.11.25_19-34-49_Biarmipes84_no_odor,6261,6261,True
2024.11.25_19-34-49_Biarmipes84_no_odor,6263,6268,True
2024.11.25_19-34-49_Biarmipes84_no_odor,6270,6278,True
2024.11.25_19-34-49_Biarmipes84_no_odor,6280,6282,True
2024.11.25_19-34-49_Biarmipes84_no_odor,6284,6292,True
2024.11.25_19-34-49_Biarmipes84_no_odor,6294,6302,True
2024.11.25_19-34-49_Biarmipes84_no_odor,6322,6325,True
2024.11.25_19-34-49_Biarmipes84_no_odor,6327,6334,True
2024.11.25_19-34-49_Biarmipes84_no_odor,6370,6378,True
2024.11.25_19-34-49_Biarmipes84_no_odor,6380,6385,True
2024.11.25_19-34-49_Biarmipes84_no_odor,6388,6401,True
2024.11.25_19-34-49_Biarmipes84_no_odor,6427,6432,True
2024.11.25_19-34-49_Biarmipes84_no_odor,6434,6482,True
2024.11.25_19-34-49_Biarmipes84_no_odor,6484,6837,True
2024.11.25_19-34-49_Biarmipes84_no_odor,6943,6943,True
2024.11.25_19-34-49_Biarmipes84_no_odor,6987,6995,True
2024.11.25_19-34-49_Biarmipes84_no_odor,6998,7005,True
2024.11.25_19-34-49_Biarmipes84_no_odor,7007,7051,True
2024.11.25_19-34-49_Biarmipes84_no_odor,7093,7094,True
2024.11.25_19-34-49_Biarmipes84_no_odor,7098,7100,True
2024.11.25_19-34-49_Biarmipes84_no_odor,7256,7285,True
2024.10.31_02-55-04_Yakuba7_metben,3,1060,True
2024.10.31_02-55-04_Yakuba7_metben,4522,4522,True
2024.10.31_02-55-04_Yakuba7_metben,4524,4527,True
2024.10.31_02-55-04_Yakuba7_metben,4557,4558,True
2024.10.31_02-55-04_Yakuba7_metben,4565,4569,True
2024.10.31_02-55-04_Yakuba7_metben,4578,4583,True
2024.10.31_02-55-04_Yakuba7_metben,4604,4604,True
2024.10.31_02-55-04_Yakuba7_metben,4613,4613,True
2024.10.31_02-55-04_Yakuba7_metben,4618,4618,True
2024.10.31_02-55-04_Yakuba7_metben,4623,4625,True
2024.10.31_02-55-04_Yakuba7_metben,4638,4645,True
2024.10.31_02-55-04_Yakuba7_metben,4651,4658,True
2024.10.31_02-55-04_Yakuba7_metben,4660,4664,True
2024.10.31_02-55-04_Yakuba7_metben,4668,4671,True
2024.10.31_02-55-04_Yakuba7_metben,4673,4674,True
2024.10.31_02-55-04_Yakuba7_metben,4676,4680,True
2024.10.31_02-55-04_Yakuba7_metben,4682,4692,True
2024.10.31_02-55-04_Yakuba7_metben,4696,4701,True
2024.10.31_02-55-04_Yakuba7_metben,4804,4805,True
2024.10.31_02-55-04_Yakuba7_metben,4817,4821,True
2024.10.31_02-55-04_Yakuba7_metben,4969,5119,True
2024.10.31_02-55-04_Yakuba7_metben,5121,5122,True
2024.10.31_02-55-04_Yakuba7_metben,5125,5134,True
2024.10.31_02-55-04_Yakuba7_metben,5136,5136,True
2024.10.31_02-55-04_Yakuba7_metben,5138,5139,True
2024.10.31_02-55-04_Yakuba7_metben,5141,5142,True
2024.10.31_02-55-04_Yakuba7_metben,5145,5145,True
2024.10.31_02-55-04_Yakuba7_metben,5147,5149,True
2024.10.31_02-55-04_Yakuba7_metben,5151,5151,True
2024.10.31_02-55-04_Yakuba7_metben,5154,5154,True
2024.10.31_02-55-04_Yakuba7_metben,5156,5156,True
2024.10.31_02-55-04_Yakuba7_metben,5163,5173,True
2024.10.31_02-55-04_Yakuba7_metben,5175,5178,True
2024.10.31_02-55-04_Yakuba7_metben,5181,5188,True
2024.10.31_02-55-04_Yakuba7_metben,5190,5190,True
2024.10.31_02-55-04_Yakuba7_metben,5192,5193,True
2024.10.31_02-55-04_Yakuba7_metben,5197,5197,True
2024.10.31_02-55-04_Yakuba7_metben,5200,5202,True
2024.10.31_02-55-04_Yakuba7_metben,5204,5211,True
2024.10.31_02-55-04_Yakuba7_metben,5214,5226,True
2024.10.31_02-55-04_Yakuba7_metben,5228,5229,True
2024.10.31_02-55-04_Yakuba7_metben,5231,5238,True
2024.10.31_02-55-04_Yakuba7_metben,5240,5242,True
2024.10.31_02-55-04_Yakuba7_metben,5244,5246,True
2024.10.31_02-55-04_Yakuba7_metben,5248,5248,True
2024.10.31_02-55-04_Yakuba7_metben,5250,5257,True
2024.10.31_02-55-04_Yakuba7_metben,5259,8017,True
2024.10.31_02-55-04_Yakuba7_metben,8019,8134,True
2024.10.31_02-55-04_Yakuba7_metben,8146,8195,True
2024.10.31_02-55-04_Yakuba7_metben,8205,8403,True
2024.10.31_02-55-04_Yakuba7_metben,8577,8596,True
2024.10.31_02-55-04_Yakuba7_metben,8656,8656,True
2024.10.31_02-55-04_Yakuba7_metben,8722,8737,True
2024.10.31_02-55-04_Yakuba7_metben,8740,8997,True
2024.10.03_10-27-18_Sto_car_no_odor,3,5,True
2024.10.03_10-27-18_Sto_car_no_odor,7,18,True
2024.10.03_10-27-18_Sto_car_no_odor,20,67,True
2024.10.03_10-27-18_Sto_car_no_odor,69,203,True
2024.10.03_10-27-18_Sto_car_no_odor,205,206,True
2024.10.03_10-27-18_Sto_car_no_odor,208,214,True
2024.10.03_10-27-18_Sto_car_no_odor,216,216,True
2024.10.03_10-27-18_Sto_car_no_odor,219,219,True
2024.10.03_10-27-18_Sto_car_no_odor,221,221,True
2024.10.03_10-27-18_Sto_car_no_odor,224,224,True
2024.10.03_10-27-18_Sto_car_no_odor,227,227,True
2024.10.03_10-27-18_Sto_car_no_odor,234,234,True
2024.10.03_10-27-18_Sto_car_no_odor,238,239,True
2024.10.03_10-27-18_Sto_car_no_odor,242,242,True
2024.10.03_10-27-18_Sto_car_no_odor,247,247,True
2024.10.03_10-27-18_Sto_car_no_odor,249,249,True
2024.10.03_10-27-18_Sto_car_no_odor,251,253,True
2024.10.03_10-27-18_Sto_car_no_odor,255,255,True
2024.10.03_10-27-18_Sto_car_no_odor,257,257,True
2024.10.03_10-27-18_Sto_car_no_odor,259,264,True
2024.10.03_10-27-18_Sto_car_no_odor,266,267,True
2024.10.03_10-27-18_Sto_car_no_odor,269,273,True
2024.10.03_10-27-18_Sto_car_no_odor,276,286,True
2024.10.03_10-27-18_Sto_car_no_odor,288,288,True
2024.10.03_10-27-18_Sto_car_no_odor,291,295,True
2024.10.03_10-27-18_Sto_car_no_odor,297,305,True
2024.10.03_10-27-18_Sto_car_no_odor,307,317,True
2024.10.03_10-27-18_Sto_car_no_odor,319,324,True
2024.10.03_10-27-18_Sto_car_no_odor,326,329,True
2024.10.03_10-27-18_Sto_car_no_odor,331,332,True
2024.10.03_10-27-18_Sto_car_no_odor,334,334,True
2024.10.03_10-27-18_Sto_car_no_odor,336,365,True
2024.10.03_10-27-18_Sto_car_no_odor,367,582,True
2024.10.03_10-27-18_Sto_car_no_odor,586,586,True
2024.10.03_10-27-18_Sto_car_no_odor,624,624,True
2024.10.03_10-27-18_Sto_car_no_odor,626,628,True
2024.10.03_10-27-18_Sto_car_no_odor,630,630,True
2024.10.03_10-27-18_Sto_car_no_odor,633,633,True
2024.10.03_10-27-18_Sto_car_no_odor,640,640,True
2024.10.03_10-27-18_Sto_car_no_odor,647,648,True
2024.10.03_10-27-18_Sto_car_no_odor,666,666,True
2024.10.03_10-27-18_Sto_car_no_odor,669,670,True
2024.10.03_10-27-18_Sto_car_no_odor,672,673,True
2024.10.03_10-27-18_Sto_car_no_odor,675,681,True
2024.10.03_10-27-18_Sto_car_no_odor,3428,3429,True
2024.10.03_10-27-18_Sto_car_no_odor,3434,3435,True
2024.10.03_10-27-18_Sto_car_no_odor,3437,3442,True
2024.10.03_10-27-18_Sto_car_no_odor,3444,3445,True
2024.10.03_10-27-18_Sto_car_no_odor,3448,3453,True
2024.10.03_10-27-18_Sto_car_no_odor,3455,3456,True
2024.10.03_10-27-18_Sto_car_no_odor,3458,3508,True
2024.10.03_10-27-18_Sto_car_no_odor,3635,3658,True
2024.10.03_10-27-18_Sto_car_no_odor,3662,3662,True
2024.10.03_10-27-18_Sto_car_no_odor,3664,3665,True
2024.10.03_10-27-18_Sto_car_no_odor,3667,3720,True
2024.10.03_10-27-18_Sto_car_no_odor,3756,3902,True
2024.10.03_10-27-18_Sto_car_no_odor,3975,3997,True
2024.10.03_10-27-18_Sto_car_no_odor,4067,4067,True
2024.10.03_10-27-18_Sto_car_no_odor,4873,5146,True
2024.10.03_10-27-18_Sto_car_no_odor,5148,5868,True
2024.10.03_10-27-18_Sto_car_no_odor,6962,6962,True
2024.10.03_10-27-18_Sto_car_no_odor,6982,6983,True
2024.10.03_10-27-18_Sto_car_no_odor,6986,8999,True
2024.10.08_12-50-07_Stocago_2hexanol,3,608,True
2024.10.08_12-50-07_Stocago_2hexanol,1030,1097,True
2024.10.08_12-50-07_Stocago_2hexanol,1104,1395,True
2024.10.08_12-50-07_Stocago_2hexanol,1397,1397,True
2024.10.08_12-50-07_Stocago_2hexanol,1399,1401,True
2024.10.08_12-50-07_Stocago_2hexanol,1404,1404,True
2024.10.08_12-50-07_Stocago_2hexanol,1406,1410,True
2024.10.08_12-50-07_Stocago_2hexanol,1414,1414,True
2024.10.08_12-50-07_Stocago_2hexanol,1416,1422,True
2024.10.08_12-50-07_Stocago_2hexanol,1425,1425,True
2024.10.08_12-50-07_Stocago_2hexanol,1429,1455,True
2024.10.08_12-50-07_Stocago_2hexanol,1457,1469,True
2024.10.08_12-50-07_Stocago_2hexanol,1480,1783,True
2024.10.08_12-50-07_Stocago_2hexanol,1787,1813,True
2024.10.08_12-50-07_Stocago_2hexanol,1820,1838,True
2024.10.08_12-50-07_Stocago_2hexanol,1841,1872,True
2024.10.08_12-50-07_Stocago_2hexanol,1874,1893,True
2024.10.08_12-50-07_Stocago_2hexanol,1895,1895,True
2024.10.08_12-50-07_Stocago_2hexanol,1898,1914,True
2024.10.08_12-50-07_Stocago_2hexanol,1918,2545,True
2024.10.08_12-50-07_Stocago_2hexanol,3271,3748,True
2024.10.08_12-50-07_Stocago_2hexanol,4252,5008,True
2024.10.08_12-50-07_Stocago_2hexanol,5786,6234,True
2024.10.08_12-50-07_Stocago_2hexanol,7306,8452,True
2024.10.08_12-50-07_Stocago_2hexanol,8456,8722,True
2024.07.09_12-56-36_Riverside (MetBen),287,539,True
2024.07.09_12-56-36_Riverside (MetBen),584,790,True
2024.07.09_12-56-36_Riverside (MetBen),1273,4024,True
2024.07.09_12-56-36_Riverside (MetBen),4187,4187,True
2024.07.09_12-56-36_Riverside (MetBen),4197,4197,True
2024.07.09_12-56-36_Riverside (MetBen),4306,4306,True
2024.07.09_12-56-36_Riverside (MetBen),4313,4313,True
2024.07.09_12-56-36_Riverside (MetBen),4323,4323,True
2024.07.09_12-56-36_Riverside (MetBen),4325,4325,True
2024.07.09_12-56-36_Riverside (MetBen),4933,5266,True
2024.07.09_12-56-36_Riverside (MetBen),7656,7656,True
2024.07.09_12-56-36_Riverside (MetBen),7832,7832,True
2024.07.09_12-56-36_Riverside (MetBen),7841,7841,True
2024.07.09_12-56-36_Riverside (MetBen),7869,7869,True
2024.07.09_12-56-36_Riverside (MetBen),7871,7871,True
2024.07.09_12-56-36_Riverside (MetBen),7873,7873,True
2024.07.09_12-56-36_Riverside (MetBen),7875,7878,True
2024.07.09_12-56-36_Riverside (MetBen),7882,7882,True
2024.07.09_12-56-36_Riverside (MetBen),7887,7889,True
2024.07.09_12-56-36_Riverside (MetBen),7894,7894,True
2024.07.09_12-56-36_Riverside (MetBen),7896,7896,True
2024.07.09_12-56-36_Riverside (MetBen),7908,7908,True
2024.07.09_12-56-36_Riverside (MetBen),7910,7911,True
2024.07.09_12-56-36_Riverside (MetBen),7913,7913,True
2024.07.09_12-56-36_Riverside (MetBen),7920,7920,True
2024.07.09_12-56-36_Riverside (MetBen),7923,7923,True
2024.07.09_12-56-36_Riverside (MetBen),7926,7926,True
2024.07.09_12-56-36_Riverside (MetBen),7931,7932,True
2024.07.09_12-56-36_Riverside (MetBen),7934,7935,True
2024.07.09_12-56-36_Riverside (MetBen),7997,7997,True
2024.07.09_12-56-36_Riverside (MetBen),8000,8000,True
2024.07.09_12-56-36_Riverside (MetBen),8002,8002,True
2024.07.09_12-56-36_Riverside (MetBen),8005,8005,True
2024.07.09_12-56-36_Riverside (MetBen),8069,8069,True
2024.07.09_12-56-36_Riverside (MetBen),8072,8072,True
2024.07.09_12-56-36_Riverside (MetBen),8145,8417,True
2024.10.17_08-45-58_Sto_car_2hexanol,3,947,True
2024.10.17_08-45-58_Sto_car_2hexanol,2338,2355,True
2024.10.17_08-45-58_Sto_car_2hexanol,2424,2470,True
2024.10.17_08-45-58_Sto_car_2hexanol,2520,2532,True
2024.10.17_08-45-58_Sto_car_2hexanol,2534,2592,True
2024.10.17_08-45-58_Sto_car_2hexanol,3007,3008,True
2024.10.17_08-45-58_Sto_car_2hexanol,3012,3029,True
2024.10.17_08-45-58_Sto_car_2hexanol,3186,3727,True
2024.10.17_08-45-58_Sto_car_2hexanol,4989,4997,True
2024.10.17_08-45-58_Sto_car_2hexanol,5044,5842,True
2024.10.17_08-45-58_Sto_car_2hexanol,6231,7184,True
2024.10.17_08-45-58_Sto_car_2hexanol,7676,7676,True
2024.10.17_08-45-58_Sto_car_2hexanol,7678,7690,True
2024.10.17_08-45-58_Sto_car_2hexanol,7723,7723,True
2024.10.17_08-45-58_Sto_car_2hexanol,7725,7725,True
2024.10.17_08-45-58_Sto_car_2hexanol,7727,7728,True
2024.10.17_08-45-58_Sto_car_2hexanol,7730,7742,True
2024.10.17_08-45-58_Sto_car_2hexanol,7829,7840,True
2024.10.17_08-45-58_Sto_car_2hexanol,7907,7913,True
2024.10.17_08-45-58_Sto_car_2hexanol,7916,7916,True
2024.10.17_08-45-58_Sto_car_2hexanol,7920,8345,True
2024.09.25_16-00-16_Sto_cago_no_odor,534,537,True
2024.09.25_16-00-16_Sto_cago_no_odor,561,3253,True
2024.09.25_16-00-16_Sto_cago_no_odor,4068,4082,True
2024.09.25_16-00-16_Sto_cago_no_odor,4084,4142,True
2024.09.25_16-00-16_Sto_cago_no_odor,4146,4146,True
2024.09.25_16-00-16_Sto_cago_no_odor,4148,4150,True
2024.09.25_16-00-16_Sto_cago_no_odor,4165,4166,True
2024.09.25_16-00-16_Sto_cago_no_odor,4170,5357,True
2024.12.01_19-42-50_Biarmipes84_prenac,3,7,True
2024.12.01_19-42-50_Biarmipes84_prenac,10,96,True
2024.12.01_19-42-50_Biarmipes84_prenac,98,860,True
2024.12.01_19-42-50_Biarmipes84_prenac,4198,4200,True
2024.12.01_19-42-50_Biarmipes84_prenac,4219,4224,True
2024.12.01_19-42-50_Biarmipes84_prenac,4273,4437,True
2024.12.01_19-42-50_Biarmipes84_prenac,4439,4443,True
2024.12.01_19-42-50_Biarmipes84_prenac,4445,4469,True
2024.12.01_19-42-50_Biarmipes84_prenac,4472,4488,True
2024.12.01_19-42-50_Biarmipes84_prenac,4490,4503,True
2024.12.01_19-42-50_Biarmipes84_prenac,4505,4510,True
2024.12.01_19-42-50_Biarmipes84_prenac,4512,4536,True
2024.12.01_19-42-50_Biarmipes84_prenac,4538,4566,True
2024.12.01_19-42-50_Biarmipes84_prenac,4568,6416,True
2024.12.01_19-42-50_Biarmipes84_prenac,7395,7395,True
2024.12.01_19-42-50_Biarmipes84_prenac,7398,7402,True
2024.12.01_19-42-50_Biarmipes84_prenac,7408,7408,True
2024.12.01_19-42-50_Biarmipes84_prenac,7412,7412,True
2024.12.01_19-42-50_Biarmipes84_prenac,7415,7415,True
2024.12.01_19-42-50_Biarmipes84_prenac,7420,7420,True
2024.12.01_19-42-50_Biarmipes84_prenac,7430,7430,True
2024.12.01_19-42-50_Biarmipes84_prenac,7441,7442,True
2024.12.01_19-42-50_Biarmipes84_prenac,7508,7509,True
2024.12.01_19-42-50_Biarmipes84_prenac,7512,7522,True
2024.12.01_19-42-50_Biarmipes84_prenac,7524,7535,True
2024.12.01_19-42-50_Biarmipes84_prenac,7537,7547,True
2024.12.01_19-42-50_Biarmipes84_prenac,7549,7558,True
2024.12.01_19-42-50_Biarmipes84_prenac,7562,7575,True
2024.12.01_19-42-50_Biarmipes84_prenac,7578,7578,True
2024.12.01_19-42-50_Biarmipes84_prenac,7580,7585,True
2024.12.01_19-42-50_Biarmipes84_prenac,7588,7588,True
2024.12.01_19-42-50_Biarmipes84_prenac,7649,7790,True
2024.12.01_19-42-50_Biarmipes84_prenac,7792,7806,True
2024.12.01_19-42-50_Biarmipes84_prenac,7808,7808,True
2024.12.01_19-42-50_Biarmipes84_prenac,7810,7811,True
2024.12.01_19-42-50_Biarmipes84_prenac,7813,7815,True
2024.12.01_19-42-50_Biarmipes84_prenac,7817,7835,True
2024.12.01_19-42-50_Biarmipes84_prenac,7837,8911,True
2024.09.24_16-38-02_Yakuba7_no_odor,2392,2392,True
2024.09.24_16-38-02_Yakuba7_no_odor,2399,2400,True
2024.09.24_16-38-02_Yakuba7_no_odor,2792,2800,True
2024.09.24_16-38-02_Yakuba7_no_odor,2804,2819,True
2024.09.24_16-38-02_Yakuba7_no_odor,2825,2825,True
2024.09.24_16-38-02_Yakuba7_no_odor,2828,2835,True
2024.09.24_16-38-02_Yakuba7_no_odor,2840,2842,True
2024.09.24_16-38-02_Yakuba7_no_odor,2858,2868,True
2024.09.24_16-38-02_Yakuba7_no_odor,2871,2871,True
2024.09.24_16-38-02_Yakuba7_no_odor,2878,2881,True
2024.09.24_16-38-02_Yakuba7_no_odor,2884,2888,True
2024.09.24_16-38-02_Yakuba7_no_odor,2898,2903,True
2024.09.24_16-38-02_Yakuba7_no_odor,2905,2908,True
2024.09.24_16-38-02_Yakuba7_no_odor,2911,2912,True
2024.09.24_16-38-02_Yakuba7_no_odor,2914,2914,True
2024.09.24_16-38-02_Yakuba7_no_odor,2921,2921,True
2024.09.24_16-38-02_Yakuba7_no_odor,2927,2929,True
2024.09.24_16-38-02_Yakuba7_no_odor,2932,2932,True
2024.09.24_16-38-02_Yakuba7_no_odor,2934,2934,True
2024.09.24_16-38-02_Yakuba7_no_odor,2936,2937,True
2024.09.24_16-38-02_Yakuba7_no_odor,2940,2940,True
2024.09.24_16-38-02_Yakuba7_no_odor,2942,2942,True
2024.09.24_16-38-02_Yakuba7_no_odor,2947,2947,True
2024.09.24_16-38-02_Yakuba7_no_odor,2949,2949,True
2024.09.24_16-38-02_Yakuba7_no_odor,2952,2952,True
2024.09.24_16-38-02_Yakuba7_no_odor,2956,2960,True
2024.09.24_16-38-02_Yakuba7_no_odor,2968,2970,True
2024.09.24_16-38-02_Yakuba7_no_odor,2976,2976,True
2024.09.24_16-38-02_Yakuba7_no_odor,2978,2978,True
2024.09.24_16-38-02_Yakuba7_no_odor,2980,2980,True
2024.09.24_16-38-02_Yakuba7_no_odor,2983,2983,True
2024.09.24_16-38-02_Yakuba7_no_odor,2992,2992,True
2024.09.24_16-38-02_Yakuba7_no_odor,2995,2997,True
2024.09.24_16-38-02_Yakuba7_no_odor,2999,2999,True
2024.09.24_16-38-02_Yakuba7_no_odor,3001,3001,True
2024.09.24_16-38-02_Yakuba7_no_odor,3003,3003,True
2024.09.24_16-38-02_Yakuba7_no_odor,3006,3008,True
2024.09.24_16-38-02_Yakuba7_no_odor,3010,3010,True
2024.09.24_16-38-02_Yakuba7_no_odor,3012,3012,True
2024.09.24_16-38-02_Yakuba7_no_odor,3015,3016,True
2024.09.24_16-38-02_Yakuba7_no_odor,3019,3022,True
2024.09.24_16-38-02_Yakuba7_no_odor,3024,3024,True
2024.09.24_16-38-02_Yakuba7_no_odor,3027,3029,True
2024.09.24_16-38-02_Yakuba7_no_odor,3031,3031,True
2024.09.24_16-38-02_Yakuba7_no_odor,3033,3044,True
2024.09.24_16-38-02_Yakuba7_no_odor,3047,3057,True
2024.09.24_16-38-02_Yakuba7_no_odor,3059,3075,True
2024.09.24_16-38-02_Yakuba7_no_odor,3079,3083,True
2024.09.24_16-38-02_Yakuba7_no_odor,3085,3091,True
2024.09.24_16-38-02_Yakuba7_no_odor,3094,3104,True
2024.09.24_16-38-02_Yakuba7_no_odor,3106,3113,True
2024.09.24_16-38-02_Yakuba7_no_odor,3115,3115,True
2024.09.24_16-38-02_Yakuba7_no_odor,3117,3119,True
2024.09.24_16-38-02_Yakuba7_no_odor,3121,3132,True
2024.09.24_16-38-02_Yakuba7_no_odor,3134,3134,True
2024.09.24_16-38-02_Yakuba7_no_odor,3136,3136,True
2024.09.24_16-38-02_Yakuba7_no_odor,3140,3141,True
2024.09.24_16-38-02_Yakuba7_no_odor,3143,3145,True
2024.09.24_16-38-02_Yakuba7_no_odor,3147,3147,True
2024.09.24_16-38-02_Yakuba7_no_odor,3151,3154,True
2024.09.24_16-38-02_Yakuba7_no_odor,3156,3156,True
2024.09.24_16-38-02_Yakuba7_no_odor,3158,3158,True
2024.09.24_16-38-02_Yakuba7_no_odor,3177,3177,True
2024.09.24_16-38-02_Yakuba7_no_odor,3179,3179,True
2024.09.24_16-38-02_Yakuba7_no_odor,3182,3184,True
2024.09.24_16-38-02_Yakuba7_no_odor,3187,3188,True
2024.09.24_16-38-02_Yakuba7_no_odor,3230,3233,True
2024.09.24_16-38-02_Yakuba7_no_odor,3235,3235,True
2024.09.24_16-38-02_Yakuba7_no_odor,3237,3263,True
2024.09.24_16-38-02_Yakuba7_no_odor,3364,3364,True
2024.09.24_16-38-02_Yakuba7_no_odor,3373,3379,True
2024.09.24_16-38-02_Yakuba7_no_odor,3381,3467,True
2024.09.24_16-38-02_Yakuba7_no_odor,3469,3485,True
2024.09.24_16-38-02_Yakuba7_no_odor,3497,3512,True
2024.09.24_16-38-02_Yakuba7_no_odor,3622,3622,True
2024.09.24_16-38-02_Yakuba7_no_odor,3628,3630,True
2024.09.24_16-38-02_Yakuba7_no_odor,3632,3632,True
2024.09.24_16-38-02_Yakuba7_no_odor,3634,3637,True
2024.09.24_16-38-02_Yakuba7_no_odor,3639,3642,True
2024.09.24_16-38-02_Yakuba7_no_odor,3644,3644,True
2024.09.24_16-38-02_Yakuba7_no_odor,3736,3737,True
2024.09.24_16-38-02_Yakuba7_no_odor,3742,3744,True
2024.09.24_16-38-02_Yakuba7_no_odor,3746,3764,True
2024.09.24_16-38-02_Yakuba7_no_odor,3767,3770,True
2024.09.24_16-38-02_Yakuba7_no_odor,3774,3774,True
2024.09.24_16-38-02_Yakuba7_no_odor,3785,3785,True
2024.09.24_16-38-02_Yakuba7_no_odor,3799,3800,True
2024.09.24_16-38-02_Yakuba7_no_odor,3804,3805,True
2024.09.24_16-38-02_Yakuba7_no_odor,3809,3826,True
2024.09.24_16-38-02_Yakuba7_no_odor,3828,3828,True
2024.09.24_16-38-02_Yakuba7_no_odor,3830,3830,True
2024.09.24_16-38-02_Yakuba7_no_odor,3832,4024,True
2024.09.24_16-38-02_Yakuba7_no_odor,4026,4055,True
2024.09.24_16-38-02_Yakuba7_no_odor,4057,4106,True
2024.09.24_16-38-02_Yakuba7_no_odor,4108,5464,True
2024.09.24_16-38-02_Yakuba7_no_odor,7232,7232,True
2024.09.24_16-38-02_Yakuba7_no_odor,7234,7234,True
2024.09.24_16-38-02_Yakuba7_no_odor,7293,7296,True
2024.09.24_16-38-02_Yakuba7_no_odor,7306,7306,True
2024.09.24_16-38-02_Yakuba7_no_odor,7319,7319,True
2024.09.24_16-38-02_Yakuba7_no_odor,7322,7325,True
2024.09.24_16-38-02_Yakuba7_no_odor,7328,7328,True
2024.09.24_16-38-02_Yakuba7_no_odor,7330,7333,True
2024.09.24_16-38-02_Yakuba7_no_odor,7459,7476,True
2024.09.24_16-38-02_Yakuba7_no_odor,7478,7478,True
2024.09.24_16-38-02_Yakuba7_no_odor,7480,7481,True
2024.09.24_16-38-02_Yakuba7_no_odor,7483,7492,True
2024.09.24_16-38-02_Yakuba7_no_odor,7494,7497,True
2024.09.24_16-38-02_Yakuba7_no_odor,7500,7505,True
2024.09.24_16-38-02_Yakuba7_no_odor,7507,7524,True
2024.09.24_16-38-02_Yakuba7_no_odor,7526,7528,True
2024.09.24_16-38-02_Yakuba7_no_odor,7530,7536,True
2024.09.24_16-38-02_Yakuba7_no_odor,7539,7549,True
2024.09.24_16-38-02_Yakuba7_no_odor,7551,7557,True
2024.09.24_16-38-02_Yakuba7_no_odor,7559,7560,True
2024.09.24_16-38-02_Yakuba7_no_odor,7562,7565,True
2024.09.24_16-38-02_Yakuba7_no_odor,7567,7584,True
2024.09.24_16-38-02_Yakuba7_no_odor,7675,7675,True
2024.09.24_16-38-02_Yakuba7_no_odor,7684,7696,True
2024.09.24_16-38-02_Yakuba7_no_odor,7743,7821,True
2024.09.24_16-38-02_Yakuba7_no_odor,7823,7862,True
2024.09.24_16-38-02_Yakuba7_no_odor,7864,7864,True
2024.09.24_16-38-02_Yakuba7_no_odor,7866,7867,True
2024.09.24_16-38-02_Yakuba7_no_odor,7869,7906,True
2024.09.24_16-38-02_Yakuba7_no_odor,7977,7989,True
2024.09.24_16-38-02_Yakuba7_no_odor,7991,8018,True
2024.09.24_16-38-02_Yakuba7_no_odor,8020,8024,True
2024.09.24_16-38-02_Yakuba7_no_odor,8026,8028,True
2024.09.24_16-38-02_Yakuba7_no_odor,8030,8034,True
2024.09.24_16-38-02_Yakuba7_no_odor,8040,8040,True
2024.09.24_16-38-02_Yakuba7_no_odor,8048,8053,True
2024.09.24_16-38-02_Yakuba7_no_odor,8055,8058,True
2024.09.24_16-38-02_Yakuba7_no_odor,8064,8064,True
2024.09.24_16-38-02_Yakuba7_no_odor,8091,8091,True
2024.09.24_16-38-02_Yakuba7_no_odor,8093,8093,True
2024.09.24_16-38-02_Yakuba7_no_odor,8096,8096,True
2024.09.24_16-38-02_Yakuba7_no_odor,8098,8099,True
2024.09.24_16-38-02_Yakuba7_no_odor,8131,8133,True
2024.09.24_16-38-02_Yakuba7_no_odor,8137,8139,True
2024.09.24_16-38-02_Yakuba7_no_odor,8141,8164,True
2024.09.24_16-38-02_Yakuba7_no_odor,8210,8408,True
2024.09.24_16-38-02_Yakuba7_no_odor,8410,8415,True
2024.09.24_16-38-02_Yakuba7_no_odor,8417,8434,True
2024.09.24_16-38-02_Yakuba7_no_odor,8436,8438,True
2024.09.24_16-38-02_Yakuba7_no_odor,8440,8442,True
2024.09.24_16-38-02_Yakuba7_no_odor,8444,8446,True
2024.09.24_16-38-02_Yakuba7_no_odor,8450,8451,True
2024.09.24_16-38-02_Yakuba7_no_odor,8453,8453,True
2024.09.24_16-38-02_Yakuba7_no_odor,8455,8455,True
2024.09.24_16-38-02_Yakuba7_no_odor,8458,8458,True
2024.09.24_16-38-02_Yakuba7_no_odor,8461,8462,True
2024.09.24_16-38-02_Yakuba7_no_odor,8465,8469,True
2024.09.24_16-38-02_Yakuba7_no_odor,8471,8471,True
2024.09.24_16-38-02_Yakuba7_no_odor,8475,8475,True
2024.09.24_16-38-02_Yakuba7_no_odor,8482,8482,True
2024.09.24_16-38-02_Yakuba7_no_odor,8485,8485,True
2024.09.24_16-38-02_Yakuba7_no_odor,8487,8487,True
2024.09.24_16-38-02_Yakuba7_no_odor,8491,8491,True
2024.09.24_16-38-02_Yakuba7_no_odor,8502,8502,True
2024.09.24_16-38-02_Yakuba7_no_odor,8510,8511,True
2024.09.24_16-38-02_Yakuba7_no_odor,8526,8526,True
2024.09.24_16-38-02_Yakuba7_no_odor,8528,8530,True
2024.09.24_16-38-02_Yakuba7_no_odor,8532,8532,True
2024.09.24_16-38-02_Yakuba7_no_odor,8538,8538,True
2024.09.24_16-38-02_Yakuba7_no_odor,8540,8541,True
2024.09.24_16-38-02_Yakuba7_no_odor,8543,8546,True
2024.09.24_16-38-02_Yakuba7_no_odor,8554,8557,True
2024.09.24_16-38-02_Yakuba7_no_odor,8625,8627,True
2024.09.24_16-38-02_Yakuba7_no_odor,8635,8643,True
2024.10.15_08-52-06_Biarmipes_G224_1hexanol,3,1334,True
2024.10.15_08-52-06_Biarmipes_G224_1hexanol,1336,1346,True
2024.10.15_08-52-06_Biarmipes_G224_1hexanol,1358,1360,True
2024.10.15_08-52-06_Biarmipes_G224_1hexanol,1362,1370,True
2024.10.15_08-52-06_Biarmipes_G224_1hexanol,1376,1401,True
2024.10.15_08-52-06_Biarmipes_G224_1hexanol,1406,1406,True
2024.10.15_08-52-06_Biarmipes_G224_1hexanol,1408,1408,True
2024.10.15_08-52-06_Biarmipes_G224_1hexanol,1410,1430,True
2024.10.15_08-52-06_Biarmipes_G224_1hexanol,1441,1472,True
2024.10.15_08-52-06_Biarmipes_G224_1hexanol,1474,1474,True
2024.10.15_08-52-06_Biarmipes_G224_1hexanol,1477,1478,True
2024.10.15_08-52-06_Biarmipes_G224_1hexanol,1480,1872,True
2024.10.15_08-52-06_Biarmipes_G224_1hexanol,1874,1874,True
2024.10.15_08-52-06_Biarmipes_G224_1hexanol,1876,2019,True
2024.10.15_08-52-06_Biarmipes_G224_1hexanol,2048,2057,True
2024.10.15_08-52-06_Biarmipes_G224_1hexanol,2064,2064,True
2024.10.15_08-52-06_Biarmipes_G224_1hexanol,2083,2111,True
2024.10.15_08-52-06_Biarmipes_G224_1hexanol,2131,2133,True
2024.10.15_08-52-06_Biarmipes_G224_1hexanol,2152,2161,True
2024.10.15_08-52-06_Biarmipes_G224_1hexanol,2176,2177,True
2024.10.15_08-52-06_Biarmipes_G224_1hexanol,2183,2204,True
2024.10.15_08-52-06_Biarmipes_G224_1hexanol,2208,2214,True
2024.10.15_08-52-06_Biarmipes_G224_1hexanol,2216,2242,True
2024.10.15_08-52-06_Biarmipes_G224_1hexanol,2246,2248,True
2024.10.15_08-52-06_Biarmipes_G224_1hexanol,2305,2327,True
2024.10.15_08-52-06_Biarmipes_G224_1hexanol,2329,2331,True
2024.10.15_08-52-06_Biarmipes_G224_1hexanol,2333,2333,True
2024.10.15_08-52-06_Biarmipes_G224_1hexanol,2343,2834,True
2024.10.15_08-52-06_Biarmipes_G224_1hexanol,2840,2886,True
2024.10.15_08-52-06_Biarmipes_G224_1hexanol,2888,3105,True
2024.10.15_08-52-06_Biarmipes_G224_1hexanol,3107,3297,True
2024.10.15_08-52-06_Biarmipes_G224_1hexanol,3589,3604,True
2024.10.15_08-52-06_Biarmipes_G224_1hexanol,3618,4045,True
2024.10.15_08-52-06_Biarmipes_G224_1hexanol,5053,5147,True
2024.10.15_08-52-06_Biarmipes_G224_1hexanol,5734,5745,True
2024.10.15_08-52-06_Biarmipes_G224_1hexanol,5794,6921,True
2024.10.15_08-52-06_Biarmipes_G224_1hexanol,7253,7385,True
2024.10.15_08-52-06_Biarmipes_G224_1hexanol,7402,7923,True
2024.10.15_08-52-06_Biarmipes_G224_1hexanol,8011,8011,True
2024.10.15_08-52-06_Biarmipes_G224_1hexanol,8034,8065,True
2024.10.15_08-52-06_Biarmipes_G224_1hexanol,8278,8278,True
2024.10.15_08-52-06_Biarmipes_G224_1hexanol,8280,8280,True
2024.10.15_08-52-06_Biarmipes_G224_1hexanol,8283,8292,True
2024.10.15_08-52-06_Biarmipes_G224_1hexanol,8294,8302,True
2024.10.15_08-52-06_Biarmipes_G224_1hexanol,8398,8398,True
2024.10.15_08-52-06_Biarmipes_G224_1hexanol,8400,8411,True
2024.10.15_08-52-06_Biarmipes_G224_1hexanol,8432,8439,True
2024.10.15_08-52-06_Biarmipes_G224_1hexanol,8471,8499,True
2024.10.15_08-52-06_Biarmipes_G224_1hexanol,8501,8527,True
2024.10.15_08-52-06_Biarmipes_G224_1hexanol,8604,8604,True
2024.10.15_08-52-06_Biarmipes_G224_1hexanol,8606,8609,True
2024.10.15_08-52-06_Biarmipes_G224_1hexanol,8693,8693,True
2024.10.15_08-52-06_Biarmipes_G224_1hexanol,8696,8702,True
2024.07.05_11-33-31_CantonS (no odor),7,7,True
2024.07.05_11-33-31_CantonS (no odor),924,929,True
2024.07.05_11-33-31_CantonS (no odor),931,2473,True
2024.07.05_11-33-31_CantonS (no odor),2476,2478,True
2024.07.05_11-33-31_CantonS (no odor),2484,2484,True
2024.07.05_11-33-31_CantonS (no odor),2489,2489,True
2024.07.05_11-33-31_CantonS (no odor),2509,2509,True
2024.07.05_11-33-31_CantonS (no odor),3104,3104,True
2024.07.05_11-33-31_CantonS (no odor),3146,3756,True
2024.07.05_11-33-31_CantonS (no odor),4677,4677,True
2024.07.05_11-33-31_CantonS (no odor),4816,6370,True
2024.07.05_11-33-31_CantonS (no odor),6414,7270,True
2024.07.05_11-33-31_CantonS (no odor),8827,8827,True
2024.10.18_11-45-36_Riverside_prenac,3,197,True
2024.10.18_11-45-36_Riverside_prenac,894,1223,True
2024.10.18_11-45-36_Riverside_prenac,1225,1237,True
2024.10.18_11-45-36_Riverside_prenac,1239,1244,True
2024.10.18_11-45-36_Riverside_prenac,1445,1528,True
2024.10.18_11-45-36_Riverside_prenac,1530,1530,True
2024.10.18_11-45-36_Riverside_prenac,1535,1913,True
2024.10.18_11-45-36_Riverside_prenac,2546,2617,True
2024.10.18_11-45-36_Riverside_prenac,2987,3185,True
2024.10.18_11-45-36_Riverside_prenac,5397,5508,True
2024.10.18_11-45-36_Riverside_prenac,5510,5518,True
2024.10.18_11-45-36_Riverside_prenac,5520,5531,True
2024.10.18_11-45-36_Riverside_prenac,5533,5534,True
2024.10.18_11-45-36_Riverside_prenac,5536,5542,True
2024.10.18_11-45-36_Riverside_prenac,5544,5568,True
2024.10.18_11-45-36_Riverside_prenac,5570,5573,True
2024.10.18_11-45-36_Riverside_prenac,5575,5588,True
2024.10.18_11-45-36_Riverside_prenac,5590,5621,True
2024.10.18_11-45-36_Riverside_prenac,5623,5628,True
2024.10.18_11-45-36_Riverside_prenac,5630,5645,True
2024.10.18_11-45-36_Riverside_prenac,5650,5661,True
2024.10.18_11-45-36_Riverside_prenac,5663,5665,True
2024.10.18_11-45-36_Riverside_prenac,5667,5669,True
2024.10.18_11-45-36_Riverside_prenac,5671,5673,True
2024.10.18_11-45-36_Riverside_prenac,5675,5678,True
2024.10.18_11-45-36_Riverside_prenac,5680,5683,True
2024.10.18_11-45-36_Riverside_prenac,5685,5699,True
2024.10.18_11-45-36_Riverside_prenac,5701,5704,True
2024.10.18_11-45-36_Riverside_prenac,5706,5710,True
2024.10.18_11-45-36_Riverside_prenac,5712,5714,True
2024.10.18_11-45-36_Riverside_prenac,5960,5979,True
2024.10.18_11-45-36_Riverside_prenac,6263,6263,True
2024.10.18_11-45-36_Riverside_prenac,6265,6265,True
2024.10.18_11-45-36_Riverside_prenac,6267,6272,True
2024.10.18_11-45-36_Riverside_prenac,6274,6274,True
2024.10.18_11-45-36_Riverside_prenac,6276,6287,True
2024.10.18_11-45-36_Riverside_prenac,6289,6298,True
2024.10.18_11-45-36_Riverside_prenac,6300,6317,True
2024.10.18_11-45-36_Riverside_prenac,6320,6390,True
2024.10.18_11-45-36_Riverside_prenac,6393,6411,True
2024.10.18_11-45-36_Riverside_prenac,6413,6434,True
2024.10.18_11-45-36_Riverside_prenac,6436,6470,True
2024.10.18_11-45-36_Riverside_prenac,6472,6475,True
2024.10.18_11-45-36_Riverside_prenac,6477,6478,True
2024.10.18_11-45-36_Riverside_prenac,6480,6547,True
2024.10.18_11-45-36_Riverside_prenac,6549,6612,True
2024.10.18_11-45-36_Riverside_prenac,6614,6782,True
2024.10.18_11-45-36_Riverside_prenac,6784,6792,True
2024.10.18_11-45-36_Riverside_prenac,6794,6808,True
2024.10.18_11-45-36_Riverside_prenac,6810,6818,True
2024.10.18_11-45-36_Riverside_prenac,6820,6822,True
2024.10.18_11-45-36_Riverside_prenac,6824,6858,True
2024.10.18_11-45-36_Riverside_prenac,6860,6860,True
2024.10.18_11-45-36_Riverside_prenac,6862,6862,True
2024.10.18_11-45-36_Riverside_prenac,6865,6871,True
2024.10.18_11-45-36_Riverside_prenac,6873,6873,True
2024.10.18_11-45-36_Riverside_prenac,6875,6878,True
2024.10.18_11-45-36_Riverside_prenac,6880,6881,True
2024.10.18_11-45-36_Riverside_prenac,6883,6883,True
2024.10.18_11-45-36_Riverside_prenac,6893,6893,True
2024.10.18_11-45-36_Riverside_prenac,6897,6900,True
2024.10.18_11-45-36_Riverside_prenac,6902,6902,True
2024.10.18_11-45-36_Riverside_prenac,6904,6907,True
2024.10.18_11-45-36_Riverside_prenac,6912,6913,True
2024.10.18_11-45-36_Riverside_prenac,6916,6917,True
2024.10.18_11-45-36_Riverside_prenac,6919,6921,True
2024.10.18_11-45-36_Riverside_prenac,6924,6925,True
2024.10.18_11-45-36_Riverside_prenac,6929,6930,True
2024.10.18_11-45-36_Riverside_prenac,6932,6932,True
2024.10.18_11-45-36_Riverside_prenac,6934,6935,True
2024.10.18_11-45-36_Riverside_prenac,6937,6937,True
2024.10.18_11-45-36_Riverside_prenac,6941,6944,True
2024.10.18_11-45-36_Riverside_prenac,6946,6946,True
2024.10.18_11-45-36_Riverside_prenac,6962,6962,True
2024.10.18_11-45-36_Riverside_prenac,6966,6966,True
2024.10.18_11-45-36_Riverside_prenac,6968,6968,True
2024.10.18_11-45-36_Riverside_prenac,6979,6981,True
2024.10.18_11-45-36_Riverside_prenac,6984,6984,True
2024.10.18_11-45-36_Riverside_prenac,6987,6989,True
2024.10.18_11-45-36_Riverside_prenac,6996,6997,True
2024.10.18_11-45-36_Riverside_prenac,6999,6999,True
2024.10.18_11-45-36_Riverside_prenac,7002,7004,True
2024.10.18_11-45-36_Riverside_prenac,7006,7009,True
2024.10.18_11-45-36_Riverside_prenac,7011,7013,True
2024.10.18_11-45-36_Riverside_prenac,7015,7015,True
2024.10.18_11-45-36_Riverside_prenac,7019,7019,True
2024.10.18_11-45-36_Riverside_prenac,7023,7025,True
2024.10.18_11-45-36_Riverside_prenac,7027,7029,True
2024.10.18_11-45-36_Riverside_prenac,7032,7032,True
2024.10.18_11-45-36_Riverside_prenac,7037,7039,True
2024.10.18_11-45-36_Riverside_prenac,7041,7042,True
2024.10.18_11-45-36_Riverside_prenac,7049,7050,True
2024.10.18_11-45-36_Riverside_prenac,7055,7055,True
2024.10.18_11-45-36_Riverside_prenac,7058,7058,True
2024.10.18_11-45-36_Riverside_prenac,7077,7077,True
2024.10.18_11-45-36_Riverside_prenac,7079,7079,True
2024.10.18_11-45-36_Riverside_prenac,7084,7084,True
2024.10.18_11-45-36_Riverside_prenac,7091,7091,True
2024.10.18_11-45-36_Riverside_prenac,7097,7097,True
2024.10.18_11-45-36_Riverside_prenac,7109,7110,True
2024.10.18_11-45-36_Riverside_prenac,7112,7113,True
2024.10.18_11-45-36_Riverside_prenac,7120,7123,True
2024.10.18_11-45-36_Riverside_prenac,7128,7131,True
2024.10.18_11-45-36_Riverside_prenac,7134,7134,True
2024.10.18_11-45-36_Riverside_prenac,7138,7139,True
2024.10.18_11-45-36_Riverside_prenac,7141,7143,True
2024.10.18_11-45-36_Riverside_prenac,7150,7150,True
2024.10.18_11-45-36_Riverside_prenac,7154,7154,True
2024.10.18_11-45-36_Riverside_prenac,7156,7157,True
2024.10.18_11-45-36_Riverside_prenac,7159,7164,True
2024.10.18_11-45-36_Riverside_prenac,7167,7167,True
2024.10.18_11-45-36_Riverside_prenac,7170,7170,True
2024.10.18_11-45-36_Riverside_prenac,7172,7172,True
2024.10.18_11-45-36_Riverside_prenac,7185,7186,True
2024.10.18_11-45-36_Riverside_prenac,7188,7190,True
2024.10.18_11-45-36_Riverside_prenac,7195,7195,True
2024.10.18_11-45-36_Riverside_prenac,7197,7197,True
2024.10.18_11-45-36_Riverside_prenac,7205,7205,True
2024.10.18_11-45-36_Riverside_prenac,7207,7208,True
2024.10.18_11-45-36_Riverside_prenac,7210,7210,True
2024.10.18_11-45-36_Riverside_prenac,7226,7226,True
2024.10.18_11-45-36_Riverside_prenac,7230,7232,True
2024.10.18_11-45-36_Riverside_prenac,7234,7234,True
2024.10.18_11-45-36_Riverside_prenac,7238,7238,True
2024.10.18_11-45-36_Riverside_prenac,7241,7243,True
2024.10.18_11-45-36_Riverside_prenac,7247,7247,True
2024.10.18_11-45-36_Riverside_prenac,7254,7257,True
2024.10.18_11-45-36_Riverside_prenac,7260,7269,True
2024.10.18_11-45-36_Riverside_prenac,7292,7299,True
2024.10.18_11-45-36_Riverside_prenac,7302,7305,True
2024.10.18_11-45-36_Riverside_prenac,7307,7315,True
2024.10.18_11-45-36_Riverside_prenac,7317,7326,True
2024.10.18_11-45-36_Riverside_prenac,7328,7329,True
2024.10.18_11-45-36_Riverside_prenac,7333,7333,True
2024.10.18_11-45-36_Riverside_prenac,7336,7336,True
2024.10.18_11-45-36_Riverside_prenac,7339,7340,True
2024.10.18_11-45-36_Riverside_prenac,7342,7343,True
2024.10.18_11-45-36_Riverside_prenac,7345,7346,True
2024.10.18_11-45-36_Riverside_prenac,7349,7350,True
2024.10.18_11-45-36_Riverside_prenac,7352,7357,True
2024.10.18_11-45-36_Riverside_prenac,7363,7366,True
2024.10.18_11-45-36_Riverside_prenac,7368,7371,True
2024.10.18_11-45-36_Riverside_prenac,7373,7373,True
2024.10.18_11-45-36_Riverside_prenac,7376,7381,True
2024.10.18_11-45-36_Riverside_prenac,7383,7383,True
2024.10.18_11-45-36_Riverside_prenac,7385,7385,True
2024.10.18_11-45-36_Riverside_prenac,7387,7388,True
2024.10.18_11-45-36_Riverside_prenac,7391,7394,True
2024.10.18_11-45-36_Riverside_prenac,7399,7399,True
2024.10.18_11-45-36_Riverside_prenac,7402,7406,True
2024.10.18_11-45-36_Riverside_prenac,7414,7415,True
2024.10.18_11-45-36_Riverside_prenac,7464,7464,True
2024.10.18_11-45-36_Riverside_prenac,7522,7522,True
2024.10.18_11-45-36_Riverside_prenac,7552,7552,True
2024.10.18_11-45-36_Riverside_prenac,7554,7554,True
2024.10.18_11-45-36_Riverside_prenac,7556,7564,True
2024.10.18_11-45-36_Riverside_prenac,7566,7568,True
2024.10.18_11-45-36_Riverside_prenac,7570,7571,True
2024.10.18_11-45-36_Riverside_prenac,7573,7574,True
2024.10.18_11-45-36_Riverside_prenac,7576,7577,True
2024.10.18_11-45-36_Riverside_prenac,7599,7599,True
2024.10.18_11-45-36_Riverside_prenac,7659,7659,True
2024.10.18_11-45-36_Riverside_prenac,7667,7670,True
2024.10.18_11-45-36_Riverside_prenac,7674,7675,True
2024.10.18_11-45-36_Riverside_prenac,7678,7678,True
2024.10.18_11-45-36_Riverside_prenac,7686,7695,True
2024.10.18_11-45-36_Riverside_prenac,7697,7710,True
2024.10.18_11-45-36_Riverside_prenac,7712,7713,True
2024.10.18_11-45-36_Riverside_prenac,7715,7759,True
2024.10.18_11-45-36_Riverside_prenac,7761,7762,True
2024.10.18_11-45-36_Riverside_prenac,7764,7773,True
2024.10.18_11-45-36_Riverside_prenac,7775,7777,True
2024.10.18_11-45-36_Riverside_prenac,7779,7811,True
2024.10.18_11-45-36_Riverside_prenac,7813,7813,True
2024.10.18_11-45-36_Riverside_prenac,7815,7876,True
2024.10.18_11-45-36_Riverside_prenac,7878,7881,True
2024.10.18_11-45-36_Riverside_prenac,7896,7910,True
2024.10.18_11-45-36_Riverside_prenac,7953,7959,True
2024.10.18_11-45-36_Riverside_prenac,7962,7969,True
2024.10.18_11-45-36_Riverside_prenac,8078,8080,True
2024.10.18_11-45-36_Riverside_prenac,8082,8082,True
2024.10.18_11-45-36_Riverside_prenac,8084,8088,True
2024.10.18_11-45-36_Riverside_prenac,8090,8090,True
2024.10.18_11-45-36_Riverside_prenac,8092,8094,True
2024.10.18_11-45-36_Riverside_prenac,8096,8101,True
2024.10.18_11-45-36_Riverside_prenac,8103,8105,True
2024.10.18_11-45-36_Riverside_prenac,8107,8107,True
2024.10.18_11-45-36_Riverside_prenac,8109,8111,True
2024.10.18_11-45-36_Riverside_prenac,8113,8135,True
2024.10.18_11-45-36_Riverside_prenac,8137,8137,True
2024.10.18_11-45-36_Riverside_prenac,8139,8140,True
2024.10.18_11-45-36_Riverside_prenac,8142,8152,True
2024.10.18_11-45-36_Riverside_prenac,8154,8197,True
2024.10.18_11-45-36_Riverside_prenac,8213,8218,True
2024.10.18_11-45-36_Riverside_prenac,8220,8256,True
2024.10.18_11-45-36_Riverside_prenac,8261,8302,True
2024.10.18_11-45-36_Riverside_prenac,8304,8311,True
2024.10.18_11-45-36_Riverside_prenac,8340,8340,True
2024.10.18_11-45-36_Riverside_prenac,8624,8657,True
2024.10.18_11-45-36_Riverside_prenac,8660,8660,True
2024.10.18_11-45-36_Riverside_prenac,8663,8665,True
2024.10.18_11-45-36_Riverside_prenac,8668,8668,True
2024.10.18_11-45-36_Riverside_prenac,8671,8671,True
2024.10.18_11-45-36_Riverside_prenac,8674,8674,True
2024.10.18_11-45-36_Riverside_prenac,8676,8677,True
2024.10.18_11-45-36_Riverside_prenac,8679,8680,True
2024.10.18_11-45-36_Riverside_prenac,8683,8683,True
2024.10.18_11-45-36_Riverside_prenac,8685,8687,True
2024.10.18_11-45-36_Riverside_prenac,8691,8691,True
2024.10.18_11-45-36_Riverside_prenac,8698,8698,True
2024.10.18_11-45-36_Riverside_prenac,8701,8701,True
2024.10.18_11-45-36_Riverside_prenac,8704,8705,True
2024.10.18_11-45-36_Riverside_prenac,8708,8708,True
2024.10.18_11-45-36_Riverside_prenac,8716,8729,True
2024.10.18_11-45-36_Riverside_prenac,8731,8762,True
2024.10.18_11-45-36_Riverside_prenac,8765,8767,True
2024.10.18_11-45-36_Riverside_prenac,8769,8879,True
2024.10.18_11-45-36_Riverside_prenac,8881,8882,True
2024.10.18_11-45-36_Riverside_prenac,8884,8892,True
2024.10.18_11-45-36_Riverside_prenac,8894,8924,True
2024.10.18_11-45-36_Riverside_prenac,8926,8928,True
2024.10.18_11-45-36_Riverside_prenac,8930,8986,True
2024.10.01_09-36-42_Yakuba_cameroon_no_odor,203,212,True
2024.10.01_09-36-42_Yakuba_cameroon_no_odor,214,216,True
2024.10.01_09-36-42_Yakuba_cameroon_no_odor,218,243,True
2024.10.01_09-36-42_Yakuba_cameroon_no_odor,267,267,True
2024.10.01_09-36-42_Yakuba_cameroon_no_odor,269,1036,True
2024.10.01_09-36-42_Yakuba_cameroon_no_odor,2063,2071,True
2024.10.01_09-36-42_Yakuba_cameroon_no_odor,2089,4005,True
2024.10.01_09-36-42_Yakuba_cameroon_no_odor,4983,4988,True
2024.10.01_09-36-42_Yakuba_cameroon_no_odor,4990,4991,True
2024.10.01_09-36-42_Yakuba_cameroon_no_odor,5002,6226,True
2024.10.01_09-36-42_Yakuba_cameroon_no_odor,8594,8594,True
2024.10.01_09-36-42_Yakuba_cameroon_no_odor,8596,8999,True
2024.10.25_07-10-10_CantonS_metben,4766,4767,True
2024.10.25_07-10-10_CantonS_metben,4769,5164,True
2024.10.25_07-10-10_CantonS_metben,5166,5241,True
2024.10.25_07-10-10_CantonS_metben,5244,5244,True
2024.10.25_07-10-10_CantonS_metben,5247,5248,True
2024.10.25_07-10-10_CantonS_metben,5250,5252,True
2024.10.25_07-10-10_CantonS_metben,5254,5258,True
2024.10.25_07-10-10_CantonS_metben,5260,5264,True
2024.10.25_07-10-10_CantonS_metben,5266,5280,True
2024.10.25_07-10-10_CantonS_metben,5282,7139,True
2024.10.15_08-15-26_Biarmipes_G224_1hexanol,779,798,True
2024.10.15_08-15-26_Biarmipes_G224_1hexanol,807,829,True
2024.10.15_08-15-26_Biarmipes_G224_1hexanol,831,867,True
2024.10.15_08-15-26_Biarmipes_G224_1hexanol,994,1049,True
2024.10.15_08-15-26_Biarmipes_G224_1hexanol,1066,1076,True
2024.10.15_08-15-26_Biarmipes_G224_1hexanol,1080,1110,True
2024.10.15_08-15-26_Biarmipes_G224_1hexanol,1723,2814,True
2024.10.15_08-15-26_Biarmipes_G224_1hexanol,2816,3317,True
2024.10.15_08-15-26_Biarmipes_G224_1hexanol,3319,3335,True
2024.10.15_08-15-26_Biarmipes_G224_1hexanol,3337,3377,True
2024.10.15_08-15-26_Biarmipes_G224_1hexanol,3379,3455,True
2024.10.15_08-15-26_Biarmipes_G224_1hexanol,3459,3462,True
2024.10.15_08-15-26_Biarmipes_G224_1hexanol,3464,3496,True
2024.10.15_08-15-26_Biarmipes_G224_1hexanol,3500,3500,True
2024.10.15_08-15-26_Biarmipes_G224_1hexanol,3503,3503,True
2024.10.15_08-15-26_Biarmipes_G224_1hexanol,3505,3508,True
2024.10.15_08-15-26_Biarmipes_G224_1hexanol,3510,3512,True
2024.10.15_08-15-26_Biarmipes_G224_1hexanol,3516,3542,True
2024.10.15_08-15-26_Biarmipes_G224_1hexanol,3544,3596,True
2024.10.15_08-15-26_Biarmipes_G224_1hexanol,3598,3600,True
2024.10.15_08-15-26_Biarmipes_G224_1hexanol,3602,3645,True
2024.10.15_08-15-26_Biarmipes_G224_1hexanol,3647,3656,True
2024.10.15_08-15-26_Biarmipes_G224_1hexanol,3658,3675,True
2024.10.15_08-15-26_Biarmipes_G224_1hexanol,3677,3685,True
2024.10.15_08-15-26_Biarmipes_G224_1hexanol,3687,3696,True
2024.10.15_08-15-26_Biarmipes_G224_1hexanol,3723,3784,True
2024.10.15_08-15-26_Biarmipes_G224_1hexanol,3787,3808,True
2024.10.15_08-15-26_Biarmipes_G224_1hexanol,3810,3814,True
2024.10.15_08-15-26_Biarmipes_G224_1hexanol,3816,3819,True
2024.10.15_08-15-26_Biarmipes_G224_1hexanol,3821,3821,True
2024.10.15_08-15-26_Biarmipes_G224_1hexanol,3824,3825,True
2024.10.15_08-15-26_Biarmipes_G224_1hexanol,3827,3929,True
2024.10.15_08-15-26_Biarmipes_G224_1hexanol,3932,4272,True
2024.10.15_08-15-26_Biarmipes_G224_1hexanol,4274,4283,True
2024.10.15_08-15-26_Biarmipes_G224_1hexanol,4285,4309,True
2024.10.15_08-15-26_Biarmipes_G224_1hexanol,4311,4487,True
2024.10.15_08-15-26_Biarmipes_G224_1hexanol,4489,4501,True
2024.10.15_08-15-26_Biarmipes_G224_1hexanol,4503,4507,True
2024.10.15_08-15-26_Biarmipes_G224_1hexanol,4518,4518,True
2024.10.15_08-15-26_Biarmipes_G224_1hexanol,4520,4520,True
2024.10.15_08-15-26_Biarmipes_G224_1hexanol,4536,4536,True
2024.10.15_08-15-26_Biarmipes_G224_1hexanol,4538,4759,True
2024.10.15_08-15-26_Biarmipes_G224_1hexanol,4761,4766,True
2024.10.15_08-15-26_Biarmipes_G224_1hexanol,4769,4786,True
2024.10.15_08-15-26_Biarmipes_G224_1hexanol,4825,4860,True
2024.10.15_08-15-26_Biarmipes_G224_1hexanol,5058,5058,True
2024.10.15_08-15-26_Biarmipes_G224_1hexanol,5061,5061,True
2024.10.15_08-15-26_Biarmipes_G224_1hexanol,5089,5100,True
2024.10.15_08-15-26_Biarmipes_G224_1hexanol,5208,5208,True
2024.10.15_08-15-26_Biarmipes_G224_1hexanol,5210,5210,True
2024.10.15_08-15-26_Biarmipes_G224_1hexanol,5212,5212,True
2024.10.15_08-15-26_Biarmipes_G224_1hexanol,5269,5274,True
2024.10.15_08-15-26_Biarmipes_G224_1hexanol,6278,6818,True
2024.10.15_08-15-26_Biarmipes_G224_1hexanol,6847,6926,True
2024.10.15_08-15-26_Biarmipes_G224_1hexanol,6937,7010,True
2024.10.15_08-15-26_Biarmipes_G224_1hexanol,7012,7046,True
2024.10.15_08-15-26_Biarmipes_G224_1hexanol,7065,7077,True
2024.10.15_08-15-26_Biarmipes_G224_1hexanol,7082,7082,True
2024.10.15_08-15-26_Biarmipes_G224_1hexanol,7084,7087,True
2024.10.15_08-15-26_Biarmipes_G224_1hexanol,7092,7094,True
2024.10.15_08-15-26_Biarmipes_G224_1hexanol,7096,7149,True
2024.10.15_08-15-26_Biarmipes_G224_1hexanol,7151,7151,True
2024.10.15_08-15-26_Biarmipes_G224_1hexanol,7157,7157,True
2024.10.15_08-15-26_Biarmipes_G224_1hexanol,7159,7159,True
2024.10.15_08-15-26_Biarmipes_G224_1hexanol,7161,7178,True
2024.10.15_08-15-26_Biarmipes_G224_1hexanol,7839,7848,True
2024.10.15_08-15-26_Biarmipes_G224_1hexanol,7851,7909,True
2024.10.15_08-15-26_Biarmipes_G224_1hexanol,7911,7912,True
2024.10.15_08-15-26_Biarmipes_G224_1hexanol,7924,7925,True
2024.10.15_08-15-26_Biarmipes_G224_1hexanol,7931,7934,True
2024.10.15_08-15-26_Biarmipes_G224_1hexanol,7943,7951,True
2024.10.15_08-15-26_Biarmipes_G224_1hexanol,7955,7955,True
2024.10.15_08-15-26_Biarmipes_G224_1hexanol,7959,7962,True
2024.10.15_08-15-26_Biarmipes_G224_1hexanol,7993,7998,True
2024.10.15_08-15-26_Biarmipes_G224_1hexanol,8001,8001,True
2024.10.15_08-15-26_Biarmipes_G224_1hexanol,8019,8019,True
2024.10.15_08-15-26_Biarmipes_G224_1hexanol,8023,8023,True
2024.10.15_08-15-26_Biarmipes_G224_1hexanol,8064,8080,True
2024.10.15_08-15-26_Biarmipes_G224_1hexanol,8201,8254,True
2024.10.15_08-15-26_Biarmipes_G224_1hexanol,8259,8285,True
2024.10.15_08-15-26_Biarmipes_G224_1hexanol,8287,8293,True
2024.10.15_08-15-26_Biarmipes_G224_1hexanol,8349,8349,True
2024.10.29_05-31-45_Biarmipes84_metben,1154,1154,True
2024.10.29_05-31-45_Biarmipes84_metben,1156,1167,True
2024.10.29_05-31-45_Biarmipes84_metben,1170,1172,True
2024.10.29_05-31-45_Biarmipes84_metben,1174,1174,True
2024.10.29_05-31-45_Biarmipes84_metben,1176,1177,True
2024.10.29_05-31-45_Biarmipes84_metben,1179,1180,True
2024.10.29_05-31-45_Biarmipes84_metben,1183,1184,True
2024.10.29_05-31-45_Biarmipes84_metben,1187,1195,True
2024.10.29_05-31-45_Biarmipes84_metben,1197,1233,True
2024.10.29_05-31-45_Biarmipes84_metben,1235,1246,True
2024.10.29_05-31-45_Biarmipes84_metben,1248,1256,True
2024.10.29_05-31-45_Biarmipes84_metben,1258,1266,True
2024.10.29_05-31-45_Biarmipes84_metben,1271,1272,True
2024.10.29_05-31-45_Biarmipes84_metben,1274,1274,True
2024.10.29_05-31-45_Biarmipes84_metben,1278,1279,True
2024.10.29_05-31-45_Biarmipes84_metben,1285,1325,True
2024.10.29_05-31-45_Biarmipes84_metben,1328,1328,True
2024.10.29_05-31-45_Biarmipes84_metben,1330,1347,True
2024.10.29_05-31-45_Biarmipes84_metben,1351,1360,True
2024.10.29_05-31-45_Biarmipes84_metben,1362,1362,True
2024.10.29_05-31-45_Biarmipes84_metben,1374,1374,True
2024.10.29_05-31-45_Biarmipes84_metben,1377,1377,True
2024.10.29_05-31-45_Biarmipes84_metben,1437,1441,True
2024.10.29_05-31-45_Biarmipes84_metben,1444,1473,True
2024.10.29_05-31-45_Biarmipes84_metben,1475,1483,True
2024.10.29_05-31-45_Biarmipes84_metben,1485,1522,True
2024.10.29_05-31-45_Biarmipes84_metben,1524,1527,True
2024.10.29_05-31-45_Biarmipes84_metben,1532,1533,True
2024.10.29_05-31-45_Biarmipes84_metben,1535,1536,True
2024.10.29_05-31-45_Biarmipes84_metben,1540,1540,True
2024.10.29_05-31-45_Biarmipes84_metben,1543,1544,True
2024.10.29_05-31-45_Biarmipes84_metben,1549,1549,True
2024.10.29_05-31-45_Biarmipes84_metben,1556,1556,True
2024.10.29_05-31-45_Biarmipes84_metben,1564,1564,True
2024.10.29_05-31-45_Biarmipes84_metben,1566,1572,True
2024.10.29_05-31-45_Biarmipes84_metben,1582,1590,True
2024.10.29_05-31-45_Biarmipes84_metben,1592,1593,True
2024.10.29_05-31-45_Biarmipes84_metben,1596,1604,True
2024.10.29_05-31-45_Biarmipes84_metben,1607,1607,True
2024.10.29_05-31-45_Biarmipes84_metben,1609,1609,True
2024.10.29_05-31-45_Biarmipes84_metben,1615,1618,True
2024.10.29_05-31-45_Biarmipes84_metben,1626,1630,True
2024.10.29_05-31-45_Biarmipes84_metben,1632,1641,True
2024.10.29_05-31-45_Biarmipes84_metben,1651,1681,True
2024.10.29_05-31-45_Biarmipes84_metben,1694,1857,True
2024.10.29_05-31-45_Biarmipes84_metben,1865,2125,True
2024.10.29_05-31-45_Biarmipes84_metben,2127,2750,True
2024.10.29_05-31-45_Biarmipes84_metben,2769,2777,True
2024.10.29_05-31-45_Biarmipes84_metben,2779,2785,True
2024.10.29_05-31-45_Biarmipes84_metben,2787,2799,True
2024.10.29_05-31-45_Biarmipes84_metben,2801,2809,True
2024.10.29_05-31-45_Biarmipes84_metben,2811,2818,True
2024.10.29_05-31-45_Biarmipes84_metben,2820,2820,True
2024.10.29_05-31-45_Biarmipes84_metben,2822,2822,True
2024.10.29_05-31-45_Biarmipes84_metben,2845,2927,True
2024.10.29_05-31-45_Biarmipes84_metben,3063,3064,True
2024.10.29_05-31-45_Biarmipes84_metben,3066,3067,True
2024.10.29_05-31-45_Biarmipes84_metben,3069,3070,True
2024.10.29_05-31-45_Biarmipes84_metben,3072,3074,True
2024.10.29_05-31-45_Biarmipes84_metben,3076,3077,True
2024.10.29_05-31-45_Biarmipes84_metben,3079,3088,True
2024.10.29_05-31-45_Biarmipes84_metben,3090,3092,True
2024.10.29_05-31-45_Biarmipes84_metben,3095,3096,True
2024.10.29_05-31-45_Biarmipes84_metben,3098,3106,True
2024.10.29_05-31-45_Biarmipes84_metben,3108,3108,True
2024.10.29_05-31-45_Biarmipes84_metben,3110,3132,True
2024.10.29_05-31-45_Biarmipes84_metben,3134,3149,True
2024.10.29_05-31-45_Biarmipes84_metben,3304,3367,True
2024.10.29_05-31-45_Biarmipes84_metben,3375,3378,True
2024.10.29_05-31-45_Biarmipes84_metben,3381,3382,True
2024.10.29_05-31-45_Biarmipes84_metben,3387,3387,True
2024.10.29_05-31-45_Biarmipes84_metben,3389,3389,True
2024.10.29_05-31-45_Biarmipes84_metben,3391,3405,True
2024.10.29_05-31-45_Biarmipes84_metben,3407,3413,True
2024.10.29_05-31-45_Biarmipes84_metben,3415,3460,True
2024.10.29_05-31-45_Biarmipes84_metben,3462,3465,True
2024.10.29_05-31-45_Biarmipes84_metben,3469,3469,True
2024.10.29_05-31-45_Biarmipes84_metben,3472,3474,True
2024.10.29_05-31-45_Biarmipes84_metben,3480,3480,True
2024.10.29_05-31-45_Biarmipes84_metben,3484,3484,True
2024.10.29_05-31-45_Biarmipes84_metben,3487,3487,True
2024.10.29_05-31-45_Biarmipes84_metben,3489,3489,True
2024.10.29_05-31-45_Biarmipes84_metben,3492,3492,True
2024.10.29_05-31-45_Biarmipes84_metben,3498,3499,True
2024.10.29_05-31-45_Biarmipes84_metben,3506,3506,True
2024.10.29_05-31-45_Biarmipes84_metben,3510,3511,True
2024.10.29_05-31-45_Biarmipes84_metben,3513,3513,True
2024.10.29_05-31-45_Biarmipes84_metben,3516,3516,True
2024.10.29_05-31-45_Biarmipes84_metben,3520,3520,True
2024.10.29_05-31-45_Biarmipes84_metben,3522,3522,True
2024.10.29_05-31-45_Biarmipes84_metben,3527,3529,True
2024.10.29_05-31-45_Biarmipes84_metben,3534,3536,True
2024.10.29_05-31-45_Biarmipes84_metben,3538,3538,True
2024.10.29_05-31-45_Biarmipes84_metben,3540,3540,True
2024.10.29_05-31-45_Biarmipes84_metben,3545,3546,True
2024.10.29_05-31-45_Biarmipes84_metben,3548,3549,True
2024.10.29_05-31-45_Biarmipes84_metben,3551,3551,True
2024.10.29_05-31-45_Biarmipes84_metben,3554,3555,True
2024.10.29_05-31-45_Biarmipes84_metben,3557,3557,True
2024.10.29_05-31-45_Biarmipes84_metben,3560,3560,True
2024.10.29_05-31-45_Biarmipes84_metben,3564,3564,True
2024.10.29_05-31-45_Biarmipes84_metben,3573,3573,True
2024.10.29_05-31-45_Biarmipes84_metben,3575,3575,True
2024.10.29_05-31-45_Biarmipes84_metben,3577,3578,True
2024.10.29_05-31-45_Biarmipes84_metben,3583,3583,True
2024.10.29_05-31-45_Biarmipes84_metben,3591,3591,True
2024.10.29_05-31-45_Biarmipes84_metben,3593,3593,True
2024.10.29_05-31-45_Biarmipes84_metben,3595,3595,True
2024.10.29_05-31-45_Biarmipes84_metben,3597,3598,True
2024.10.29_05-31-45_Biarmipes84_metben,3604,3604,True
2024.10.29_05-31-45_Biarmipes84_metben,3606,3606,True
2024.10.29_05-31-45_Biarmipes84_metben,3610,3610,True
2024.10.29_05-31-45_Biarmipes84_metben,3622,3623,True
2024.10.29_05-31-45_Biarmipes84_metben,3625,3625,True
2024.10.29_05-31-45_Biarmipes84_metben,3638,3638,True
2024.10.29_05-31-45_Biarmipes84_metben,3640,3641,True
2024.10.29_05-31-45_Biarmipes84_metben,3644,3647,True
2024.10.29_05-31-45_Biarmipes84_metben,3649,3656,True
2024.10.29_05-31-45_Biarmipes84_metben,3662,3663,True
2024.10.29_05-31-45_Biarmipes84_metben,3666,3667,True
2024.10.29_05-31-45_Biarmipes84_metben,3670,3671,True
2024.10.29_05-31-45_Biarmipes84_metben,3673,3673,True
2024.10.29_05-31-45_Biarmipes84_metben,3675,3675,True
2024.10.29_05-31-45_Biarmipes84_metben,3677,3678,True
2024.10.29_05-31-45_Biarmipes84_metben,3680,3682,True
2024.10.29_05-31-45_Biarmipes84_metben,3684,3684,True
2024.10.29_05-31-45_Biarmipes84_metben,3687,3688,True
2024.10.29_05-31-45_Biarmipes84_metben,3690,3698,True
2024.10.29_05-31-45_Biarmipes84_metben,3700,3733,True
2024.10.29_05-31-45_Biarmipes84_metben,3735,3755,True
2024.10.29_05-31-45_Biarmipes84_metben,3757,3763,True
2024.10.29_05-31-45_Biarmipes84_metben,3766,3771,True
2024.10.29_05-31-45_Biarmipes84_metben,3773,3774,True
2024.10.29_05-31-45_Biarmipes84_metben,3776,3796,True
2024.10.29_05-31-45_Biarmipes84_metben,3798,3813,True
2024.10.29_05-31-45_Biarmipes84_metben,3815,3822,True
2024.10.29_05-31-45_Biarmipes84_metben,3824,3824,True
2024.10.29_05-31-45_Biarmipes84_metben,3826,3827,True
2024.10.29_05-31-45_Biarmipes84_metben,3829,3831,True
2024.10.29_05-31-45_Biarmipes84_metben,3833,3849,True
2024.10.29_05-31-45_Biarmipes84_metben,3851,3858,True
2024.10.29_05-31-45_Biarmipes84_metben,3860,3860,True
2024.10.29_05-31-45_Biarmipes84_metben,3862,3885,True
2024.10.29_05-31-45_Biarmipes84_metben,4112,4115,True
2024.10.29_05-31-45_Biarmipes84_metben,4117,4126,True
2024.10.29_05-31-45_Biarmipes84_metben,4128,4129,True
2024.10.29_05-31-45_Biarmipes84_metben,4131,4133,True
2024.10.29_05-31-45_Biarmipes84_metben,4135,4137,True
2024.10.29_05-31-45_Biarmipes84_metben,4140,4141,True
2024.10.29_05-31-45_Biarmipes84_metben,4143,4148,True
2024.10.29_05-31-45_Biarmipes84_metben,4150,4162,True
2024.10.29_05-31-45_Biarmipes84_metben,4165,4165,True
2024.10.29_05-31-45_Biarmipes84_metben,4167,4174,True
2024.10.29_05-31-45_Biarmipes84_metben,4176,4184,True
2024.10.29_05-31-45_Biarmipes84_metben,4196,4196,True
2024.10.29_05-31-45_Biarmipes84_metben,4199,4203,True
2024.10.29_05-31-45_Biarmipes84_metben,4205,4205,True
2024.10.29_05-31-45_Biarmipes84_metben,4207,4215,True
2024.10.29_05-31-45_Biarmipes84_metben,4217,4219,True
2024.10.29_05-31-45_Biarmipes84_metben,4221,4221,True
2024.10.29_05-31-45_Biarmipes84_metben,4223,4227,True
2024.10.29_05-31-45_Biarmipes84_metben,4229,4234,True
2024.10.29_05-31-45_Biarmipes84_metben,4236,4237,True
2024.10.29_05-31-45_Biarmipes84_metben,4239,4248,True
2024.10.29_05-31-45_Biarmipes84_metben,4250,4274,True
2024.10.29_05-31-45_Biarmipes84_metben,4277,4278,True
2024.10.29_05-31-45_Biarmipes84_metben,4280,4295,True
2024.10.29_05-31-45_Biarmipes84_metben,4297,4308,True
2024.10.29_05-31-45_Biarmipes84_metben,4310,4324,True
2024.10.29_05-31-45_Biarmipes84_metben,4326,4326,True
2024.10.29_05-31-45_Biarmipes84_metben,4328,4329,True
2024.10.29_05-31-45_Biarmipes84_metben,4331,4335,True
2024.10.29_05-31-45_Biarmipes84_metben,4337,4345,True
2024.10.29_05-31-45_Biarmipes84_metben,4356,4366,True
2024.10.29_05-31-45_Biarmipes84_metben,4368,4370,True
2024.10.29_05-31-45_Biarmipes84_metben,4376,4381,True
2024.10.29_05-31-45_Biarmipes84_metben,4383,4415,True
2024.10.29_05-31-45_Biarmipes84_metben,4417,4419,True
2024.10.29_05-31-45_Biarmipes84_metben,4422,4424,True
2024.10.29_05-31-45_Biarmipes84_metben,4426,4430,True
2024.10.29_05-31-45_Biarmipes84_metben,4433,4436,True
2024.10.29_05-31-45_Biarmipes84_metben,4439,4439,True
2024.10.29_05-31-45_Biarmipes84_metben,4441,4441,True
2024.10.29_05-31-45_Biarmipes84_metben,4443,4443,True
2024.10.29_05-31-45_Biarmipes84_metben,4445,4446,True
2024.10.29_05-31-45_Biarmipes84_metben,4448,4449,True
2024.10.29_05-31-45_Biarmipes84_metben,4451,4452,True
2024.10.29_05-31-45_Biarmipes84_metben,4507,4510,True
2024.10.29_05-31-45_Biarmipes84_metben,4512,4514,True
2024.10.29_05-31-45_Biarmipes84_metben,4523,4524,True
2024.10.29_05-31-45_Biarmipes84_metben,4526,4532,True
2024.10.29_05-31-45_Biarmipes84_metben,4534,4534,True
2024.10.29_05-31-45_Biarmipes84_metben,4536,4558,True
2024.10.29_05-31-45_Biarmipes84_metben,4562,4573,True
2024.10.29_05-31-45_Biarmipes84_metben,4575,4655,True
2024.10.29_05-31-45_Biarmipes84_metben,4658,4662,True
2024.10.29_05-31-45_Biarmipes84_metben,4992,4992,True
2024.10.29_05-31-45_Biarmipes84_metben,5057,5070,True
2024.10.29_05-31-45_Biarmipes84_metben,5195,5197,True
2024.10.29_05-31-45_Biarmipes84_metben,5257,5257,True
2024.10.29_05-31-45_Biarmipes84_metben,5264,5266,True
2024.10.29_05-31-45_Biarmipes84_metben,5327,5327,True
2024.10.29_05-31-45_Biarmipes84_metben,5630,5630,True
2024.10.29_05-31-45_Biarmipes84_metben,5638,5639,True
2024.10.29_05-31-45_Biarmipes84_metben,5652,5652,True
2024.10.29_05-31-45_Biarmipes84_metben,5654,5654,True
2024.10.29_05-31-45_Biarmipes84_metben,5656,5656,True
2024.10.29_05-31-45_Biarmipes84_metben,5659,5659,True
2024.10.29_05-31-45_Biarmipes84_metben,5661,5661,True
2024.10.29_05-31-45_Biarmipes84_metben,5665,5666,True
2024.10.29_05-31-45_Biarmipes84_metben,5668,5668,True
2024.10.29_05-31-45_Biarmipes84_metben,5670,5671,True
2024.10.29_05-31-45_Biarmipes84_metben,5673,5673,True
2024.10.29_05-31-45_Biarmipes84_metben,5677,5678,True
2024.10.29_05-31-45_Biarmipes84_metben,5683,5683,True
2024.10.29_05-31-45_Biarmipes84_metben,5685,5685,True
2024.10.29_05-31-45_Biarmipes84_metben,5687,5687,True
2024.10.29_05-31-45_Biarmipes84_metben,5689,5689,True
2024.10.29_05-31-45_Biarmipes84_metben,5692,5693,True
2024.10.29_05-31-45_Biarmipes84_metben,5710,5710,True
2024.10.29_05-31-45_Biarmipes84_metben,5717,5717,True
2024.10.29_05-31-45_Biarmipes84_metben,5722,5723,True
2024.10.29_05-31-45_Biarmipes84_metben,5726,5727,True
2024.10.29_05-31-45_Biarmipes84_metben,5784,5894,True
2024.10.29_05-31-45_Biarmipes84_metben,5896,7896,True
2024.10.29_05-31-45_Biarmipes84_metben,8198,8215,True
2024.10.29_05-31-45_Biarmipes84_metben,8217,8296,True
2024.10.29_05-31-45_Biarmipes84_metben,8314,8340,True
2024.10.29_05-31-45_Biarmipes84_metben,8359,8389,True
2024.10.29_05-31-45_Biarmipes84_metben,8408,8985,True
2024.10.23_12-31-20_Yakuba_Cameroon_prenac,4115,4116,True
2024.10.23_12-31-20_Yakuba_Cameroon_prenac,4118,4118,True
2024.10.23_12-31-20_Yakuba_Cameroon_prenac,4123,4123,True
2024.10.23_12-31-20_Yakuba_Cameroon_prenac,4127,5040,True
2024.10.23_12-31-20_Yakuba_Cameroon_prenac,5042,5043,True
2024.10.23_12-31-20_Yakuba_Cameroon_prenac,5045,5046,True
2024.10.23_12-31-20_Yakuba_Cameroon_prenac,5048,5051,True
2024.10.23_12-31-20_Yakuba_Cameroon_prenac,5054,5055,True
2024.10.23_12-31-20_Yakuba_Cameroon_prenac,5057,5057,True
2024.10.23_12-31-20_Yakuba_Cameroon_prenac,5059,5068,True
2024.10.23_12-31-20_Yakuba_Cameroon_prenac,5070,5071,True
2024.10.23_12-31-20_Yakuba_Cameroon_prenac,5075,5075,True
2024.10.23_12-31-20_Yakuba_Cameroon_prenac,5079,5081,True
2024.10.23_12-31-20_Yakuba_Cameroon_prenac,5083,5089,True
2024.10.23_12-31-20_Yakuba_Cameroon_prenac,5091,5093,True
2024.10.23_12-31-20_Yakuba_Cameroon_prenac,5095,5097,True
2024.10.23_12-31-20_Yakuba_Cameroon_prenac,5101,5102,True
2024.10.23_12-31-20_Yakuba_Cameroon_prenac,5107,5107,True
2024.10.23_12-31-20_Yakuba_Cameroon_prenac,5110,5110,True
2024.10.23_12-31-20_Yakuba_Cameroon_prenac,5112,5113,True
2024.10.23_12-31-20_Yakuba_Cameroon_prenac,5124,5125,True
2024.10.23_12-31-20_Yakuba_Cameroon_prenac,5139,5139,True
2024.10.23_12-31-20_Yakuba_Cameroon_prenac,5141,5141,True
2024.10.23_12-31-20_Yakuba_Cameroon_prenac,5151,5151,True
2024.10.23_12-31-20_Yakuba_Cameroon_prenac,5155,5155,True
2024.10.23_12-31-20_Yakuba_Cameroon_prenac,5157,5157,True
2024.10.23_12-31-20_Yakuba_Cameroon_prenac,5165,5165,True
2024.10.23_12-31-20_Yakuba_Cameroon_prenac,5174,5174,True
2024.10.23_12-31-20_Yakuba_Cameroon_prenac,5184,5187,True
2024.10.23_12-31-20_Yakuba_Cameroon_prenac,5189,5190,True
2024.10.23_12-31-20_Yakuba_Cameroon_prenac,5193,5195,True
2024.10.23_12-31-20_Yakuba_Cameroon_prenac,5198,6600,True
2024.10.23_12-31-20_Yakuba_Cameroon_prenac,6602,6624,True
2024.10.23_12-31-20_Yakuba_Cameroon_prenac,6626,6627,True
2024.10.23_12-31-20_Yakuba_Cameroon_prenac,6629,6633,True
2024.10.23_12-31-20_Yakuba_Cameroon_prenac,6635,6641,True
2024.10.23_12-31-20_Yakuba_Cameroon_prenac,6643,6644,True
2024.10.23_12-31-20_Yakuba_Cameroon_prenac,6646,6710,True
2024.10.23_12-31-20_Yakuba_Cameroon_prenac,6712,6726,True
2024.10.23_12-31-20_Yakuba_Cameroon_prenac,6728,6755,True
2024.10.23_12-31-20_Yakuba_Cameroon_prenac,6757,7132,True
2024.10.23_12-31-20_Yakuba_Cameroon_prenac,7171,7240,True
2024.10.23_12-31-20_Yakuba_Cameroon_prenac,7285,7489,True
2024.10.23_12-31-20_Yakuba_Cameroon_prenac,7491,7492,True
2024.10.23_12-31-20_Yakuba_Cameroon_prenac,7499,7499,True
2024.10.23_12-31-20_Yakuba_Cameroon_prenac,7517,7518,True
2024.10.23_12-31-20_Yakuba_Cameroon_prenac,7970,7970,True
2024.10.23_12-31-20_Yakuba_Cameroon_prenac,8891,8972,True
2024.11.21_18-13-24_CantonS_no_odor,1011,1061,True
2024.11.21_18-13-24_CantonS_no_odor,1557,1982,True
2024.11.21_18-13-24_CantonS_no_odor,1984,1985,True
2024.11.21_18-13-24_CantonS_no_odor,1987,1988,True
2024.11.21_18-13-24_CantonS_no_odor,2471,2478,True
2024.11.21_18-13-24_CantonS_no_odor,2589,3795,True
2024.11.21_18-13-24_CantonS_no_odor,5492,7316,True
2024.11.21_18-13-24_CantonS_no_odor,8786,8999,True
2024.07.10_16-25-35_CantonS (E-2-Hex),41,43,True
2024.07.10_16-25-35_CantonS (E-2-Hex),45,45,True
2024.07.10_16-25-35_CantonS (E-2-Hex),48,48,True
2024.07.10_16-25-35_CantonS (E-2-Hex),58,58,True
2024.07.10_16-25-35_CantonS (E-2-Hex),82,82,True
2024.07.10_16-25-35_CantonS (E-2-Hex),1139,1139,True
2024.07.10_16-25-35_CantonS (E-2-Hex),1710,1710,True
2024.07.10_16-25-35_CantonS (E-2-Hex),1736,3421,True
2024.07.10_16-25-35_CantonS (E-2-Hex),3575,3575,True
2024.07.10_16-25-35_CantonS (E-2-Hex),3595,3595,True
2024.07.10_16-25-35_CantonS (E-2-Hex),3613,3613,True
2024.07.10_16-25-35_CantonS (E-2-Hex),3633,3634,True
2024.07.10_16-25-35_CantonS (E-2-Hex),3637,3637,True
2024.07.10_16-25-35_CantonS (E-2-Hex),3639,3640,True
2024.07.10_16-25-35_CantonS (E-2-Hex),3642,3642,True
2024.07.10_16-25-35_CantonS (E-2-Hex),3646,3646,True
2024.07.10_16-25-35_CantonS (E-2-Hex),3649,3651,True
2024.07.10_16-25-35_CantonS (E-2-Hex),3653,3653,True
2024.07.10_16-25-35_CantonS (E-2-Hex),3667,3667,True
2024.07.10_16-25-35_CantonS (E-2-Hex),3737,3737,True
2024.07.10_16-25-35_CantonS (E-2-Hex),3767,3767,True
2024.07.10_16-25-35_CantonS (E-2-Hex),3784,3784,True
2024.07.10_16-25-35_CantonS (E-2-Hex),3820,3820,True
2024.07.10_16-25-35_CantonS (E-2-Hex),3824,3827,True
2024.07.10_16-25-35_CantonS (E-2-Hex),3907,3907,True
2024.07.10_16-25-35_CantonS (E-2-Hex),3935,3935,True
2024.07.10_16-25-35_CantonS (E-2-Hex),5194,5194,True
2024.07.10_16-25-35_CantonS (E-2-Hex),5197,5199,True
2024.07.10_16-25-35_CantonS (E-2-Hex),5203,5207,True
2024.07.10_16-25-35_CantonS (E-2-Hex),5214,5214,True
2024.07.10_16-25-35_CantonS (E-2-Hex),5217,5217,True
2024.07.10_16-25-35_CantonS (E-2-Hex),5235,5235,True
2024.07.10_16-25-35_CantonS (E-2-Hex),5258,5259,True
2024.07.10_16-25-35_CantonS (E-2-Hex),5318,5318,True
2024.07.10_16-25-35_CantonS (E-2-Hex),6412,8618,True
2024.12.19_16-18-19_Sto_car_2hex,1053,1053,True
2024.12.19_16-18-19_Sto_car_2hex,1060,1080,True
2024.12.19_16-18-19_Sto_car_2hex,1201,1248,True
2024.12.19_16-18-19_Sto_car_2hex,1250,1256,True
2024.12.19_16-18-19_Sto_car_2hex,1258,1304,True
2024.12.19_16-18-19_Sto_car_2hex,1396,1396,True
2024.12.19_16-18-19_Sto_car_2hex,1399,1420,True
2024.12.19_16-18-19_Sto_car_2hex,1863,1871,True
2024.12.19_16-18-19_Sto_car_2hex,2315,2803,True
2024.12.19_16-18-19_Sto_car_2hex,2834,2888,True
2024.12.19_16-18-19_Sto_car_2hex,2890,2951,True
2024.12.19_16-18-19_Sto_car_2hex,2954,2986,True
2024.12.19_16-18-19_Sto_car_2hex,3636,3834,True
2024.12.19_16-18-19_Sto_car_2hex,3836,3837,True
2024.12.19_16-18-19_Sto_car_2hex,3846,3996,True
2024.12.19_16-18-19_Sto_car_2hex,4470,6089,True
2024.12.19_16-18-19_Sto_car_2hex,6569,6572,True
2024.12.19_16-18-19_Sto_car_2hex,6722,6722,True
2024.12.19_16-18-19_Sto_car_2hex,6724,6729,True
2024.12.19_16-18-19_Sto_car_2hex,6732,6732,True
2024.12.19_16-18-19_Sto_car_2hex,7337,7542,True
2024.12.19_16-18-19_Sto_car_2hex,8299,8649,True
2024.12.19_16-18-19_Sto_car_2hex,8651,8705,True
2024.12.19_16-18-19_Sto_car_2hex,8707,8999,True
2024.09.30_11-07-03_Stocago_no_odor,966,1729,True
2024.09.30_11-07-03_Stocago_no_odor,1731,1743,True
2024.09.30_11-07-03_Stocago_no_odor,1745,1816,True
2024.09.30_11-07-03_Stocago_no_odor,2355,3334,True
2024.09.30_11-07-03_Stocago_no_odor,3467,3977,True
2024.09.30_11-07-03_Stocago_no_odor,4796,4918,True
2024.09.30_11-07-03_Stocago_no_odor,4920,4989,True
2024.09.30_11-07-03_Stocago_no_odor,4991,5916,True
2024.09.30_11-07-03_Stocago_no_odor,7622,8999,True
2024.10.02_13-34-23_Riverside_metbut,128,2273,True
2024.10.02_13-34-23_Riverside_metbut,2413,2430,True
2024.10.02_13-34-23_Riverside_metbut,2436,2437,True
2024.10.02_13-34-23_Riverside_metbut,2462,2462,True
2024.10.02_13-34-23_Riverside_metbut,2465,2483,True
2024.10.02_13-34-23_Riverside_metbut,2489,3634,True
2024.10.02_13-34-23_Riverside_metbut,5274,7597,True
2024.10.02_13-34-23_Riverside_metbut,8586,8999,True
2024.11.14_01-42-25_Biarmipes_G224_e2hex,911,1245,True
2024.11.14_01-42-25_Biarmipes_G224_e2hex,1722,1813,True
2024.11.14_01-42-25_Biarmipes_G224_e2hex,1965,1968,True
2024.11.14_01-42-25_Biarmipes_G224_e2hex,1982,1982,True
2024.11.14_01-42-25_Biarmipes_G224_e2hex,1984,1984,True
2024.11.14_01-42-25_Biarmipes_G224_e2hex,1989,1992,True
2024.11.14_01-42-25_Biarmipes_G224_e2hex,1994,1996,True
2024.11.14_01-42-25_Biarmipes_G224_e2hex,1998,1999,True
2024.11.14_01-42-25_Biarmipes_G224_e2hex,2001,2001,True
2024.11.14_01-42-25_Biarmipes_G224_e2hex,2003,2397,True
2024.11.14_01-42-25_Biarmipes_G224_e2hex,3047,3475,True
2024.11.14_01-42-25_Biarmipes_G224_e2hex,3965,4172,True
2024.11.14_01-42-25_Biarmipes_G224_e2hex,4244,4462,True
2024.11.14_01-42-25_Biarmipes_G224_e2hex,4511,4513,True
2024.11.14_01-42-25_Biarmipes_G224_e2hex,4523,4523,True
2024.11.14_01-42-25_Biarmipes_G224_e2hex,4527,4527,True
2024.11.14_01-42-25_Biarmipes_G224_e2hex,4529,4529,True
2024.11.14_01-42-25_Biarmipes_G224_e2hex,4531,5183,True
2024.11.14_01-42-25_Biarmipes_G224_e2hex,5185,5187,True
2024.11.14_01-42-25_Biarmipes_G224_e2hex,5189,5191,True
2024.11.14_01-42-25_Biarmipes_G224_e2hex,5193,5217,True
2024.11.14_01-42-25_Biarmipes_G224_e2hex,5220,5224,True
2024.11.14_01-42-25_Biarmipes_G224_e2hex,5226,5231,True
2024.11.14_01-42-25_Biarmipes_G224_e2hex,5504,5895,True
2024.11.14_01-42-25_Biarmipes_G224_e2hex,6562,6570,True
2024.11.14_01-42-25_Biarmipes_G224_e2hex,6595,6618,True
2024.11.14_01-42-25_Biarmipes_G224_e2hex,6740,6745,True
2024.11.14_01-42-25_Biarmipes_G224_e2hex,6749,6754,True
2024.11.14_01-42-25_Biarmipes_G224_e2hex,6773,6773,True
2024.11.14_01-42-25_Biarmipes_G224_e2hex,6777,6880,True
2024.11.14_01-42-25_Biarmipes_G224_e2hex,6886,6886,True
2024.11.14_01-42-25_Biarmipes_G224_e2hex,6888,6889,True
2024.11.14_01-42-25_Biarmipes_G224_e2hex,6895,6895,True
2024.11.14_01-42-25_Biarmipes_G224_e2hex,6900,6921,True
2024.11.14_01-42-25_Biarmipes_G224_e2hex,6925,6930,True
2024.11.14_01-42-25_Biarmipes_G224_e2hex,6933,6939,True
2024.11.14_01-42-25_Biarmipes_G224_e2hex,7002,7024,True
2024.11.14_01-42-25_Biarmipes_G224_e2hex,7039,7057,True
2024.11.14_01-42-25_Biarmipes_G224_e2hex,7120,7122,True
2024.11.14_01-42-25_Biarmipes_G224_e2hex,7124,7200,True
2024.11.14_01-42-25_Biarmipes_G224_e2hex,7202,7800,True
2024.11.14_01-42-25_Biarmipes_G224_e2hex,8409,8469,True
2024.10.23_13-47-20_Biarmipes_g224_prenac,4,8,True
2024.10.23_13-47-20_Biarmipes_g224_prenac,10,947,True
2024.10.23_13-47-20_Biarmipes_g224_prenac,1597,1597,True
2024.10.23_13-47-20_Biarmipes_g224_prenac,1621,1621,True
2024.10.23_13-47-20_Biarmipes_g224_prenac,1624,1627,True
2024.10.23_13-47-20_Biarmipes_g224_prenac,1629,2477,True
2024.10.23_13-47-20_Biarmipes_g224_prenac,3579,3818,True
2024.10.23_13-47-20_Biarmipes_g224_prenac,4838,4855,True
2024.10.23_13-47-20_Biarmipes_g224_prenac,4857,4857,True
2024.10.23_13-47-20_Biarmipes_g224_prenac,4859,4859,True
2024.10.23_13-47-20_Biarmipes_g224_prenac,4862,4862,True
2024.10.23_13-47-20_Biarmipes_g224_prenac,4869,4881,True
2024.10.23_13-47-20_Biarmipes_g224_prenac,4884,4887,True
2024.10.23_13-47-20_Biarmipes_g224_prenac,4889,4889,True
2024.10.23_13-47-20_Biarmipes_g224_prenac,4896,4896,True
2024.10.23_13-47-20_Biarmipes_g224_prenac,4898,4907,True
2024.10.23_13-47-20_Biarmipes_g224_prenac,4911,4912,True
2024.10.23_13-47-20_Biarmipes_g224_prenac,4914,4914,True
2024.10.23_13-47-20_Biarmipes_g224_prenac,4930,4930,True
2024.10.23_13-47-20_Biarmipes_g224_prenac,4932,4933,True
2024.10.23_13-47-20_Biarmipes_g224_prenac,4936,4937,True
2024.10.23_13-47-20_Biarmipes_g224_prenac,4946,4947,True
2024.10.23_13-47-20_Biarmipes_g224_prenac,4956,4957,True
2024.10.23_13-47-20_Biarmipes_g224_prenac,4965,4965,True
2024.10.23_13-47-20_Biarmipes_g224_prenac,4983,4985,True
2024.10.23_13-47-20_Biarmipes_g224_prenac,4987,4987,True
2024.10.23_13-47-20_Biarmipes_g224_prenac,4989,4989,True
2024.10.23_13-47-20_Biarmipes_g224_prenac,4991,4991,True
2024.10.23_13-47-20_Biarmipes_g224_prenac,5050,5050,True
2024.10.23_13-47-20_Biarmipes_g224_prenac,5060,5060,True
2024.10.23_13-47-20_Biarmipes_g224_prenac,5072,5072,True
2024.10.23_13-47-20_Biarmipes_g224_prenac,5349,5422,True
2024.10.23_13-47-20_Biarmipes_g224_prenac,5424,5428,True
2024.10.23_13-47-20_Biarmipes_g224_prenac,5430,5457,True
2024.10.23_13-47-20_Biarmipes_g224_prenac,5484,5485,True
2024.10.23_13-47-20_Biarmipes_g224_prenac,5502,5502,True
2024.10.23_13-47-20_Biarmipes_g224_prenac,5508,5509,True
2024.10.23_13-47-20_Biarmipes_g224_prenac,5512,5527,True
2024.10.23_13-47-20_Biarmipes_g224_prenac,5529,5529,True
2024.10.23_13-47-20_Biarmipes_g224_prenac,5531,5531,True
2024.10.23_13-47-20_Biarmipes_g224_prenac,5533,5542,True
2024.10.23_13-47-20_Biarmipes_g224_prenac,5545,5602,True
2024.10.23_13-47-20_Biarmipes_g224_prenac,5604,5629,True
2024.10.23_13-47-20_Biarmipes_g224_prenac,5631,5647,True
2024.10.23_13-47-20_Biarmipes_g224_prenac,5649,5655,True
2024.10.23_13-47-20_Biarmipes_g224_prenac,5657,5657,True
2024.10.23_13-47-20_Biarmipes_g224_prenac,5661,5661,True
2024.10.23_13-47-20_Biarmipes_g224_prenac,5705,5713,True
2024.10.23_13-47-20_Biarmipes_g224_prenac,5715,5730,True
2024.10.23_13-47-20_Biarmipes_g224_prenac,5732,5739,True
2024.10.23_13-47-20_Biarmipes_g224_prenac,5839,5859,True
2024.10.23_13-47-20_Biarmipes_g224_prenac,6000,6001,True
2024.10.23_13-47-20_Biarmipes_g224_prenac,6025,6032,True
2024.10.23_13-47-20_Biarmipes_g224_prenac,6037,6039,True
2024.10.23_13-47-20_Biarmipes_g224_prenac,6047,6050,True
2024.10.23_13-47-20_Biarmipes_g224_prenac,6082,6085,True
2024.10.23_13-47-20_Biarmipes_g224_prenac,6096,6105,True
2024.10.23_13-47-20_Biarmipes_g224_prenac,6107,6116,True
2024.10.23_13-47-20_Biarmipes_g224_prenac,6118,6125,True
2024.10.23_13-47-20_Biarmipes_g224_prenac,6128,6128,True
2024.10.23_13-47-20_Biarmipes_g224_prenac,6131,6131,True
2024.10.23_13-47-20_Biarmipes_g224_prenac,6133,6135,True
2024.10.23_13-47-20_Biarmipes_g224_prenac,6247,6247,True
2024.10.23_13-47-20_Biarmipes_g224_prenac,6474,6477,True
2024.10.23_13-47-20_Biarmipes_g224_prenac,6479,6482,True
2024.10.23_13-47-20_Biarmipes_g224_prenac,6488,6490,True
2024.10.23_13-47-20_Biarmipes_g224_prenac,6578,6578,True
2024.10.23_13-47-20_Biarmipes_g224_prenac,6582,6584,True
2024.10.23_13-47-20_Biarmipes_g224_prenac,6587,6598,True
2024.10.23_13-47-20_Biarmipes_g224_prenac,6601,6608,True
2024.10.23_13-47-20_Biarmipes_g224_prenac,6610,6626,True
2024.10.23_13-47-20_Biarmipes_g224_prenac,6629,6673,True
2024.10.23_13-47-20_Biarmipes_g224_prenac,6675,6676,True
2024.10.23_13-47-20_Biarmipes_g224_prenac,6698,6698,True
2024.10.23_13-47-20_Biarmipes_g224_prenac,6701,6701,True
2024.10.23_13-47-20_Biarmipes_g224_prenac,6710,6713,True
2024.10.23_13-47-20_Biarmipes_g224_prenac,6716,6720,True
2024.10.23_13-47-20_Biarmipes_g224_prenac,6722,6722,True
2024.10.23_13-47-20_Biarmipes_g224_prenac,6724,6724,True
2024.10.23_13-47-20_Biarmipes_g224_prenac,6792,6792,True
2024.10.23_13-47-20_Biarmipes_g224_prenac,6879,6880,True
2024.10.23_13-47-20_Biarmipes_g224_prenac,7127,7137,True
2024.10.23_13-47-20_Biarmipes_g224_prenac,7139,7154,True
2024.10.23_13-47-20_Biarmipes_g224_prenac,7156,7157,True
2024.10.23_13-47-20_Biarmipes_g224_prenac,7159,7163,True
2024.10.23_13-47-20_Biarmipes_g224_prenac,7165,7173,True
2024.10.23_13-47-20_Biarmipes_g224_prenac,7175,7182,True
2024.10.23_13-47-20_Biarmipes_g224_prenac,7184,7185,True
2024.10.23_13-47-20_Biarmipes_g224_prenac,7215,7215,True
2024.10.23_13-47-20_Biarmipes_g224_prenac,7218,7218,True
2024.10.23_13-47-20_Biarmipes_g224_prenac,7242,7246,True
2024.10.23_13-47-20_Biarmipes_g224_prenac,7248,7249,True
2024.10.23_13-47-20_Biarmipes_g224_prenac,7251,7252,True
2024.10.23_13-47-20_Biarmipes_g224_prenac,7254,7255,True
2024.10.23_13-47-20_Biarmipes_g224_prenac,7257,7320,True
2024.10.23_13-47-20_Biarmipes_g224_prenac,7322,8770,True
2024.11.14_01-36-12_Biarmipes_G224_e2hex,3,690,True
2024.11.14_01-36-12_Biarmipes_G224_e2hex,1236,1884,True
2024.11.14_01-36-12_Biarmipes_G224_e2hex,1933,1959,True
2024.11.14_01-36-12_Biarmipes_G224_e2hex,1980,2015,True
2024.11.14_01-36-12_Biarmipes_G224_e2hex,2017,2460,True
2024.11.14_01-36-12_Biarmipes_G224_e2hex,2462,2483,True
2024.11.14_01-36-12_Biarmipes_G224_e2hex,2485,2568,True
2024.11.14_01-36-12_Biarmipes_G224_e2hex,2570,2624,True
2024.11.14_01-36-12_Biarmipes_G224_e2hex,2652,2704,True
2024.11.14_01-36-12_Biarmipes_G224_e2hex,2711,2714,True
2024.11.14_01-36-12_Biarmipes_G224_e2hex,2716,2719,True
2024.11.14_01-36-12_Biarmipes_G224_e2hex,2722,2722,True
2024.11.14_01-36-12_Biarmipes_G224_e2hex,2724,2813,True
2024.11.14_01-36-12_Biarmipes_G224_e2hex,3156,3241,True
2024.11.14_01-36-12_Biarmipes_G224_e2hex,3248,3254,True
2024.11.14_01-36-12_Biarmipes_G224_e2hex,3256,3263,True
2024.11.14_01-36-12_Biarmipes_G224_e2hex,3265,3287,True
2024.11.14_01-36-12_Biarmipes_G224_e2hex,3289,3301,True
2024.11.14_01-36-12_Biarmipes_G224_e2hex,3307,3325,True
2024.11.14_01-36-12_Biarmipes_G224_e2hex,3327,3327,True
2024.11.14_01-36-12_Biarmipes_G224_e2hex,3329,3356,True
2024.11.14_01-36-12_Biarmipes_G224_e2hex,3418,3418,True
2024.11.14_01-36-12_Biarmipes_G224_e2hex,3433,3470,True
2024.11.14_01-36-12_Biarmipes_G224_e2hex,3477,3530,True
2024.11.14_01-36-12_Biarmipes_G224_e2hex,3560,3560,True
2024.11.14_01-36-12_Biarmipes_G224_e2hex,3563,3572,True
2024.11.14_01-36-12_Biarmipes_G224_e2hex,3575,3575,True
2024.11.14_01-36-12_Biarmipes_G224_e2hex,4087,5059,True
2024.11.14_01-36-12_Biarmipes_G224_e2hex,5338,5367,True
2024.11.14_01-36-12_Biarmipes_G224_e2hex,5369,5369,True
2024.11.14_01-36-12_Biarmipes_G224_e2hex,5372,5401,True
2024.11.14_01-36-12_Biarmipes_G224_e2hex,5445,5460,True
2024.11.14_01-36-12_Biarmipes_G224_e2hex,5463,5473,True
2024.11.14_01-36-12_Biarmipes_G224_e2hex,5475,5483,True
2024.11.14_01-36-12_Biarmipes_G224_e2hex,5485,5486,True
2024.11.14_01-36-12_Biarmipes_G224_e2hex,5490,5536,True
2024.11.14_01-36-12_Biarmipes_G224_e2hex,5543,5543,True
2024.11.14_01-36-12_Biarmipes_G224_e2hex,5545,5545,True
2024.11.14_01-36-12_Biarmipes_G224_e2hex,5551,5551,True
2024.11.14_01-36-12_Biarmipes_G224_e2hex,5553,5975,True
2024.11.14_01-36-12_Biarmipes_G224_e2hex,6635,6641,True
2024.11.14_01-36-12_Biarmipes_G224_e2hex,6718,6821,True
2024.11.14_01-36-12_Biarmipes_G224_e2hex,6823,7013,True
2024.11.14_01-36-12_Biarmipes_G224_e2hex,7065,7139,True
2024.11.14_01-36-12_Biarmipes_G224_e2hex,7142,7202,True
2024.11.14_01-36-12_Biarmipes_G224_e2hex,7204,7599,True
2024.11.14_01-36-12_Biarmipes_G224_e2hex,7601,7902,True
2024.11.14_01-36-12_Biarmipes_G224_e2hex,8166,8168,True
2024.11.14_01-36-12_Biarmipes_G224_e2hex,8499,8502,True
2024.11.14_01-36-12_Biarmipes_G224_e2hex,8511,8999,True
2024.10.31_04-40-53_Biarmipes_G224_metben,156,445,True
2024.10.31_04-40-53_Biarmipes_G224_metben,457,554,True
2024.10.31_04-40-53_Biarmipes_G224_metben,562,642,True
2024.10.31_04-40-53_Biarmipes_G224_metben,655,659,True
2024.10.31_04-40-53_Biarmipes_G224_metben,662,662,True
2024.10.31_04-40-53_Biarmipes_G224_metben,664,670,True
2024.10.31_04-40-53_Biarmipes_G224_metben,923,925,True
2024.10.31_04-40-53_Biarmipes_G224_metben,927,2306,True
2024.10.31_04-40-53_Biarmipes_G224_metben,2308,2308,True
2024.10.31_04-40-53_Biarmipes_G224_metben,2313,2313,True
2024.10.31_04-40-53_Biarmipes_G224_metben,2316,2316,True
2024.10.31_04-40-53_Biarmipes_G224_metben,2318,2651,True
2024.10.31_04-40-53_Biarmipes_G224_metben,2662,3048,True
2024.10.31_04-40-53_Biarmipes_G224_metben,3052,3251,True
2024.10.31_04-40-53_Biarmipes_G224_metben,3264,3486,True
2024.10.31_04-40-53_Biarmipes_G224_metben,3488,3542,True
2024.10.31_04-40-53_Biarmipes_G224_metben,3544,3547,True
2024.10.31_04-40-53_Biarmipes_G224_metben,3551,3670,True
2024.10.31_04-40-53_Biarmipes_G224_metben,3987,3988,True
2024.10.31_04-40-53_Biarmipes_G224_metben,3995,4269,True
2024.10.31_04-40-53_Biarmipes_G224_metben,4432,4433,True
2024.10.31_04-40-53_Biarmipes_G224_metben,4495,4506,True
2024.10.31_04-40-53_Biarmipes_G224_metben,4845,4969,True
2024.10.31_04-40-53_Biarmipes_G224_metben,4971,4971,True
2024.10.31_04-40-53_Biarmipes_G224_metben,4974,5063,True
2024.10.31_04-40-53_Biarmipes_G224_metben,5451,5717,True
2024.10.31_04-40-53_Biarmipes_G224_metben,6238,6238,True
2024.10.31_04-40-53_Biarmipes_G224_metben,6295,6306,True
2024.10.31_04-40-53_Biarmipes_G224_metben,6345,6345,True
2024.10.31_04-40-53_Biarmipes_G224_metben,6352,6590,True
2024.10.31_04-40-53_Biarmipes_G224_metben,6619,6636,True
2024.10.31_04-40-53_Biarmipes_G224_metben,6673,6677,True
2024.10.31_04-40-53_Biarmipes_G224_metben,6679,6688,True
2024.10.31_04-40-53_Biarmipes_G224_metben,6690,6694,True
2024.10.31_04-40-53_Biarmipes_G224_metben,6776,6809,True
2024.10.31_04-40-53_Biarmipes_G224_metben,6814,6815,True
2024.10.31_04-40-53_Biarmipes_G224_metben,6823,6836,True
2024.10.31_04-40-53_Biarmipes_G224_metben,6853,6859,True
2024.10.31_04-40-53_Biarmipes_G224_metben,6861,6892,True
2024.10.31_04-40-53_Biarmipes_G224_metben,6905,6910,True
2024.10.31_04-40-53_Biarmipes_G224_metben,6934,6935,True
2024.10.31_04-40-53_Biarmipes_G224_metben,6937,7574,True
2024.10.31_04-40-53_Biarmipes_G224_metben,7578,7992,True
2024.10.31_04-40-53_Biarmipes_G224_metben,8007,8007,True
2024.10.31_04-40-53_Biarmipes_G224_metben,8080,8080,True
2024.10.31_04-40-53_Biarmipes_G224_metben,8091,8113,True
2024.10.31_04-40-53_Biarmipes_G224_metben,8115,8119,True
2024.10.31_04-40-53_Biarmipes_G224_metben,8122,8122,True
2024.10.31_04-40-53_Biarmipes_G224_metben,8124,8125,True
2024.10.31_04-40-53_Biarmipes_G224_metben,8465,8791,True
2024.12.19_16-48-57_Riverside_metben,3,782,True
2024.12.19_16-48-57_Riverside_metben,840,850,True
2024.12.19_16-48-57_Riverside_metben,879,891,True
2024.12.19_16-48-57_Riverside_metben,894,894,True
2024.12.19_16-48-57_Riverside_metben,896,911,True
2024.12.19_16-48-57_Riverside_metben,913,917,True
2024.12.19_16-48-57_Riverside_metben,919,1253,True
2024.12.19_16-48-57_Riverside_metben,4125,4130,True
2024.12.19_16-48-57_Riverside_metben,4132,4133,True
2024.12.19_16-48-57_Riverside_metben,4136,4137,True
2024.12.19_16-48-57_Riverside_metben,4149,4149,True
2024.12.19_16-48-57_Riverside_metben,4151,4151,True
2024.12.19_16-48-57_Riverside_metben,4154,4154,True
2024.12.19_16-48-57_Riverside_metben,4156,4157,True
2024.12.19_16-48-57_Riverside_metben,4164,4164,True
2024.12.19_16-48-57_Riverside_metben,4167,4190,True
2024.12.19_16-48-57_Riverside_metben,5429,5429,True
2024.12.19_16-48-57_Riverside_metben,5451,5455,True
2024.12.19_16-48-57_Riverside_metben,5458,5467,True
2024.12.19_16-48-57_Riverside_metben,5470,5475,True
2024.12.19_16-48-57_Riverside_metben,5477,5562,True
2024.12.19_16-48-57_Riverside_metben,5823,5828,True
2024.12.19_16-48-57_Riverside_metben,5830,5836,True
2024.12.19_16-48-57_Riverside_metben,5839,5845,True
2024.12.19_16-48-57_Riverside_metben,5847,5852,True
2024.12.19_16-48-57_Riverside_metben,5855,5855,True
2024.12.19_16-48-57_Riverside_metben,5857,5962,True
2024.12.19_16-48-57_Riverside_metben,5965,5966,True
2024.12.19_16-48-57_Riverside_metben,5986,5987,True
2024.12.19_16-48-57_Riverside_metben,5989,6221,True
2024.12.19_16-48-57_Riverside_metben,6223,6328,True
2024.12.19_16-48-57_Riverside_metben,6330,6334,True
2024.12.19_16-48-57_Riverside_metben,6336,6800,True
2024.12.19_16-48-57_Riverside_metben,7409,7721,True
2025.03.07_07-31-53_CantonS_metbut,923,2257,True
2025.03.07_07-31-53_CantonS_metbut,3464,4755,True
2025.03.07_07-31-53_CantonS_metbut,5905,7072,True
2025.03.07_07-31-53_CantonS_metbut,8447,8999,True
2024.10.03_14-01-06_Yakuba_cameroon_2hex,289,682,True
2024.10.03_14-01-06_Yakuba_cameroon_2hex,684,686,True
2024.10.03_14-01-06_Yakuba_cameroon_2hex,1464,6662,True
2024.10.03_14-01-06_Yakuba_cameroon_2hex,6664,7023,True
2024.10.03_14-01-06_Yakuba_cameroon_2hex,7531,7678,True
2024.10.03_14-01-06_Yakuba_cameroon_2hex,7680,8999,True
2024.10.02_11-00-56_Biarmipes_G224_no_odor,1480,1488,True
2024.10.02_11-00-56_Biarmipes_G224_no_odor,1490,1490,True
2024.10.02_11-00-56_Biarmipes_G224_no_odor,1497,2972,True
2024.10.02_11-00-56_Biarmipes_G224_no_odor,4283,4288,True
2024.10.02_11-00-56_Biarmipes_G224_no_odor,4316,4319,True
2024.10.02_11-00-56_Biarmipes_G224_no_odor,4321,4336,True
2024.10.02_11-00-56_Biarmipes_G224_no_odor,4338,4345,True
2024.10.02_11-00-56_Biarmipes_G224_no_odor,4347,4349,True
2024.10.02_11-00-56_Biarmipes_G224_no_odor,4351,4351,True
2024.10.02_11-00-56_Biarmipes_G224_no_odor,4356,4362,True
2024.10.02_11-00-56_Biarmipes_G224_no_odor,4365,4411,True
2024.10.02_11-00-56_Biarmipes_G224_no_odor,4413,4424,True
2024.10.02_11-00-56_Biarmipes_G224_no_odor,4427,4451,True
2024.10.02_11-00-56_Biarmipes_G224_no_odor,4467,4516,True
2024.10.02_11-00-56_Biarmipes_G224_no_odor,4518,4522,True
2024.10.02_11-00-56_Biarmipes_G224_no_odor,4524,4534,True
2024.10.02_11-00-56_Biarmipes_G224_no_odor,4537,4542,True
2024.10.02_11-00-56_Biarmipes_G224_no_odor,4544,4549,True
2024.10.02_11-00-56_Biarmipes_G224_no_odor,4551,5727,True
2024.10.02_11-00-56_Biarmipes_G224_no_odor,6668,6824,True
2024.10.02_11-00-56_Biarmipes_G224_no_odor,7340,8849,True
2024.10.25_04-38-39_Yakuba7_prenac,899,906,True
2024.10.25_04-38-39_Yakuba7_prenac,912,917,True
2024.10.25_04-38-39_Yakuba7_prenac,921,932,True
2024.10.25_04-38-39_Yakuba7_prenac,1113,1386,True
2024.10.25_04-38-39_Yakuba7_prenac,3577,3577,True
2024.10.25_04-38-39_Yakuba7_prenac,3580,3580,True
2024.10.25_04-38-39_Yakuba7_prenac,3589,3590,True
2024.10.25_04-38-39_Yakuba7_prenac,3593,3593,True
2024.10.25_04-38-39_Yakuba7_prenac,3596,3597,True
2024.10.25_04-38-39_Yakuba7_prenac,3600,3601,True
2024.10.25_04-38-39_Yakuba7_prenac,3603,3603,True
2024.10.25_04-38-39_Yakuba7_prenac,3605,3605,True
2024.10.25_04-38-39_Yakuba7_prenac,3612,3612,True
2024.10.25_04-38-39_Yakuba7_prenac,3636,3642,True
2024.10.25_04-38-39_Yakuba7_prenac,3644,3644,True
2024.10.25_04-38-39_Yakuba7_prenac,3646,3648,True
2024.10.25_04-38-39_Yakuba7_prenac,3653,3653,True
2024.10.25_04-38-39_Yakuba7_prenac,3656,3667,True
2024.10.25_04-38-39_Yakuba7_prenac,3669,3675,True
2024.10.25_04-38-39_Yakuba7_prenac,3678,3696,True
2024.10.25_04-38-39_Yakuba7_prenac,3698,3698,True
2024.10.25_04-38-39_Yakuba7_prenac,3700,3711,True
2024.10.25_04-38-39_Yakuba7_prenac,3713,3719,True
2024.10.25_04-38-39_Yakuba7_prenac,3721,3723,True
2024.10.25_04-38-39_Yakuba7_prenac,3725,3737,True
2024.10.25_04-38-39_Yakuba7_prenac,3739,3746,True
2024.10.25_04-38-39_Yakuba7_prenac,3748,3749,True
2024.10.25_04-38-39_Yakuba7_prenac,3751,3751,True
2024.10.25_04-38-39_Yakuba7_prenac,3754,3754,True
2024.10.25_04-38-39_Yakuba7_prenac,3761,3761,True
2024.10.25_04-38-39_Yakuba7_prenac,3764,3764,True
2024.10.25_04-38-39_Yakuba7_prenac,3766,3770,True
2024.10.25_04-38-39_Yakuba7_prenac,3772,3774,True
2024.10.25_04-38-39_Yakuba7_prenac,3776,3779,True
2024.10.25_04-38-39_Yakuba7_prenac,3781,3782,True
2024.10.25_04-38-39_Yakuba7_prenac,3785,3785,True
2024.10.25_04-38-39_Yakuba7_prenac,3787,3815,True
2024.10.25_04-38-39_Yakuba7_prenac,3817,3845,True
2024.10.25_04-38-39_Yakuba7_prenac,3847,3847,True
2024.10.25_04-38-39_Yakuba7_prenac,3849,3878,True
2024.10.25_04-38-39_Yakuba7_prenac,3880,3880,True
2024.10.25_04-38-39_Yakuba7_prenac,3882,3896,True
2024.10.25_04-38-39_Yakuba7_prenac,3898,3900,True
2024.10.25_04-38-39_Yakuba7_prenac,3902,3906,True
2024.10.25_04-38-39_Yakuba7_prenac,3910,3911,True
2024.10.25_04-38-39_Yakuba7_prenac,3913,3919,True
2024.10.25_04-38-39_Yakuba7_prenac,3921,3925,True
2024.10.25_04-38-39_Yakuba7_prenac,3927,3978,True
2024.10.25_04-38-39_Yakuba7_prenac,3980,3980,True
2024.10.25_04-38-39_Yakuba7_prenac,3982,3996,True
2024.10.25_04-38-39_Yakuba7_prenac,3998,4019,True
2024.10.25_04-38-39_Yakuba7_prenac,4021,4324,True
2024.10.25_04-38-39_Yakuba7_prenac,4326,4329,True
2024.10.25_04-38-39_Yakuba7_prenac,4331,4349,True
2024.10.25_04-38-39_Yakuba7_prenac,4351,4365,True
2024.10.25_04-38-39_Yakuba7_prenac,4367,4372,True
2024.10.25_04-38-39_Yakuba7_prenac,4374,4375,True
2024.10.25_04-38-39_Yakuba7_prenac,4377,4380,True
2024.10.25_04-38-39_Yakuba7_prenac,4382,4383,True
2024.10.25_04-38-39_Yakuba7_prenac,4385,4386,True
2024.10.25_04-38-39_Yakuba7_prenac,4388,4397,True
2024.10.25_04-38-39_Yakuba7_prenac,4399,4401,True
2024.10.25_04-38-39_Yakuba7_prenac,4403,4407,True
2024.10.25_04-38-39_Yakuba7_prenac,4409,4448,True
2024.10.25_04-38-39_Yakuba7_prenac,4450,5402,True
2024.10.25_04-38-39_Yakuba7_prenac,6400,6404,True
2024.10.25_04-38-39_Yakuba7_prenac,6406,6415,True
2024.10.25_04-38-39_Yakuba7_prenac,6446,6459,True
2024.10.25_04-38-39_Yakuba7_prenac,6461,6470,True
2024.10.25_04-38-39_Yakuba7_prenac,6472,6474,True
2024.10.25_04-38-39_Yakuba7_prenac,6476,6497,True
2024.10.25_04-38-39_Yakuba7_prenac,6499,6503,True
2024.10.25_04-38-39_Yakuba7_prenac,6507,6507,True
2024.10.25_04-38-39_Yakuba7_prenac,6509,6523,True
2024.10.25_04-38-39_Yakuba7_prenac,6525,6526,True
2024.10.25_04-38-39_Yakuba7_prenac,6529,6529,True
2024.10.25_04-38-39_Yakuba7_prenac,6535,6535,True
2024.10.25_04-38-39_Yakuba7_prenac,6537,6538,True
2024.10.25_04-38-39_Yakuba7_prenac,6540,6540,True
2024.10.25_04-38-39_Yakuba7_prenac,6542,6542,True
2024.10.25_04-38-39_Yakuba7_prenac,6551,6552,True
2024.10.25_04-38-39_Yakuba7_prenac,6554,6554,True
2024.10.25_04-38-39_Yakuba7_prenac,6562,6564,True
2024.10.25_04-38-39_Yakuba7_prenac,6566,6567,True
2024.10.25_04-38-39_Yakuba7_prenac,6573,6574,True
2024.10.25_04-38-39_Yakuba7_prenac,6589,6589,True
2024.10.25_04-38-39_Yakuba7_prenac,6591,6597,True
2024.10.25_04-38-39_Yakuba7_prenac,6599,6599,True
2024.10.25_04-38-39_Yakuba7_prenac,6602,6602,True
2024.10.25_04-38-39_Yakuba7_prenac,6615,6616,True
2024.10.25_04-38-39_Yakuba7_prenac,6619,6619,True
2024.10.25_04-38-39_Yakuba7_prenac,6622,6622,True
2024.10.25_04-38-39_Yakuba7_prenac,6624,6627,True
2024.10.25_04-38-39_Yakuba7_prenac,6629,6633,True
2024.10.25_04-38-39_Yakuba7_prenac,6635,6635,True
2024.10.25_04-38-39_Yakuba7_prenac,6637,6639,True
2024.10.25_04-38-39_Yakuba7_prenac,6664,6665,True
2024.10.25_04-38-39_Yakuba7_prenac,6681,6681,True
2024.10.25_04-38-39_Yakuba7_prenac,6683,6691,True
2024.10.25_04-38-39_Yakuba7_prenac,6693,6693,True
2024.10.25_04-38-39_Yakuba7_prenac,6699,6699,True
2024.10.25_04-38-39_Yakuba7_prenac,6710,6715,True
2024.10.25_04-38-39_Yakuba7_prenac,6717,6719,True
2024.10.25_04-38-39_Yakuba7_prenac,6721,6721,True
2024.10.25_04-38-39_Yakuba7_prenac,6724,6732,True
2024.10.25_04-38-39_Yakuba7_prenac,6734,6736,True
2024.10.25_04-38-39_Yakuba7_prenac,6739,6764,True
2024.10.25_04-38-39_Yakuba7_prenac,6769,6770,True
2024.10.25_04-38-39_Yakuba7_prenac,6795,6795,True
2024.10.25_04-38-39_Yakuba7_prenac,6799,6799,True
2024.10.25_04-38-39_Yakuba7_prenac,6810,6811,True
2024.10.25_04-38-39_Yakuba7_prenac,6818,6818,True
2024.10.25_04-38-39_Yakuba7_prenac,6825,6830,True
2024.10.25_04-38-39_Yakuba7_prenac,6832,6839,True
2024.10.25_04-38-39_Yakuba7_prenac,6841,6841,True
2024.10.25_04-38-39_Yakuba7_prenac,6843,6843,True
2024.10.25_04-38-39_Yakuba7_prenac,6845,6845,True
2024.10.25_04-38-39_Yakuba7_prenac,6847,6848,True
2024.10.25_04-38-39_Yakuba7_prenac,6850,6874,True
2024.10.25_04-38-39_Yakuba7_prenac,6876,6924,True
2024.10.25_04-38-39_Yakuba7_prenac,6926,6965,True
2024.10.25_04-38-39_Yakuba7_prenac,6967,6967,True
2024.10.25_04-38-39_Yakuba7_prenac,6969,6970,True
2024.10.25_04-38-39_Yakuba7_prenac,6972,6975,True
2024.10.25_04-38-39_Yakuba7_prenac,6982,6991,True
2024.10.25_04-38-39_Yakuba7_prenac,6993,6999,True
2024.10.25_04-38-39_Yakuba7_prenac,7045,7049,True
2024.10.25_04-38-39_Yakuba7_prenac,7064,7064,True
2024.10.25_04-38-39_Yakuba7_prenac,7070,7070,True
2024.10.25_04-38-39_Yakuba7_prenac,7073,7073,True
2024.10.25_04-38-39_Yakuba7_prenac,7086,7086,True
2024.10.25_04-38-39_Yakuba7_prenac,7088,7088,True
2024.10.25_04-38-39_Yakuba7_prenac,7090,7093,True
2024.10.25_04-38-39_Yakuba7_prenac,7096,7096,True
2024.10.25_04-38-39_Yakuba7_prenac,7098,7098,True
2024.10.25_04-38-39_Yakuba7_prenac,7102,7102,True
2024.10.25_04-38-39_Yakuba7_prenac,7119,7120,True
2024.10.25_04-38-39_Yakuba7_prenac,7128,7129,True
2024.10.25_04-38-39_Yakuba7_prenac,7133,7133,True
2024.10.25_04-38-39_Yakuba7_prenac,7135,7135,True
2024.10.25_04-38-39_Yakuba7_prenac,7137,7137,True
2024.10.25_04-38-39_Yakuba7_prenac,7145,7145,True
2024.10.25_04-38-39_Yakuba7_prenac,7154,7154,True
2024.10.25_04-38-39_Yakuba7_prenac,7161,7169,True
2024.10.25_04-38-39_Yakuba7_prenac,7174,7174,True
2024.10.25_04-38-39_Yakuba7_prenac,7360,7360,True
2024.10.25_04-38-39_Yakuba7_prenac,7364,7364,True
2024.10.25_04-38-39_Yakuba7_prenac,7369,7370,True
2024.10.25_04-38-39_Yakuba7_prenac,7395,7397,True
2024.10.25_04-38-39_Yakuba7_prenac,7409,7413,True
2024.10.25_04-38-39_Yakuba7_prenac,7415,7415,True
2024.10.25_04-38-39_Yakuba7_prenac,7417,7418,True
2024.10.25_04-38-39_Yakuba7_prenac,7420,7420,True
2024.10.25_04-38-39_Yakuba7_prenac,7423,7427,True
2024.10.25_04-38-39_Yakuba7_prenac,7430,7430,True
2024.10.25_04-38-39_Yakuba7_prenac,7434,7434,True
2024.10.25_04-38-39_Yakuba7_prenac,7436,7440,True
2024.10.25_04-38-39_Yakuba7_prenac,7442,7443,True
2024.10.25_04-38-39_Yakuba7_prenac,7448,7471,True
2024.10.25_04-38-39_Yakuba7_prenac,7474,7499,True
2024.10.25_04-38-39_Yakuba7_prenac,7501,7505,True
2024.10.25_04-38-39_Yakuba7_prenac,7507,7605,True
2024.10.25_04-38-39_Yakuba7_prenac,7607,7645,True
2024.10.25_04-38-39_Yakuba7_prenac,7647,7662,True
2024.10.25_04-38-39_Yakuba7_prenac,7664,7667,True
2024.10.25_04-38-39_Yakuba7_prenac,7669,7672,True
2024.10.25_04-38-39_Yakuba7_prenac,7674,8844,True
2024.09.30_12-29-41_Sussex_no_odor,2356,2356,True
2024.09.30_12-29-41_Sussex_no_odor,2358,2360,True
2024.09.30_12-29-41_Sussex_no_odor,2363,2363,True
2024.09.30_12-29-41_Sussex_no_odor,2367,2369,True
2024.09.30_12-29-41_Sussex_no_odor,2372,2372,True
2024.09.30_12-29-41_Sussex_no_odor,2375,2375,True
2024.09.30_12-29-41_Sussex_no_odor,2377,2378,True
2024.09.30_12-29-41_Sussex_no_odor,2381,2381,True
2024.09.30_12-29-41_Sussex_no_odor,2383,2383,True
2024.09.30_12-29-41_Sussex_no_odor,2388,2388,True
2024.09.30_12-29-41_Sussex_no_odor,2411,2411,True
2024.09.30_12-29-41_Sussex_no_odor,2415,2415,True
2024.09.30_12-29-41_Sussex_no_odor,2417,2422,True
2024.09.30_12-29-41_Sussex_no_odor,2424,2427,True
2024.09.30_12-29-41_Sussex_no_odor,2431,2431,True
2024.09.30_12-29-41_Sussex_no_odor,2433,2433,True
2024.09.30_12-29-41_Sussex_no_odor,2435,2435,True
2024.09.30_12-29-41_Sussex_no_odor,2438,2441,True
2024.09.30_12-29-41_Sussex_no_odor,2444,2447,True
2024.09.30_12-29-41_Sussex_no_odor,2453,2453,True
2024.09.30_12-29-41_Sussex_no_odor,2457,2457,True
2024.09.30_12-29-41_Sussex_no_odor,2463,2463,True
2024.09.30_12-29-41_Sussex_no_odor,2468,2468,True
2024.09.30_12-29-41_Sussex_no_odor,2482,2483,True
2024.09.30_12-29-41_Sussex_no_odor,2487,2492,True
2024.09.30_12-29-41_Sussex_no_odor,2494,2494,True
2024.09.30_12-29-41_Sussex_no_odor,2501,2502,True
2024.09.30_12-29-41_Sussex_no_odor,2520,2521,True
2024.09.30_12-29-41_Sussex_no_odor,2523,2523,True
2024.09.30_12-29-41_Sussex_no_odor,2525,2527,True
2024.09.30_12-29-41_Sussex_no_odor,2529,2530,True
2024.09.30_12-29-41_Sussex_no_odor,2536,2543,True
2024.09.30_12-29-41_Sussex_no_odor,2545,2546,True
2024.09.30_12-29-41_Sussex_no_odor,2548,2548,True
2024.09.30_12-29-41_Sussex_no_odor,2551,2553,True
2024.09.30_12-29-41_Sussex_no_odor,2557,2559,True
2024.09.30_12-29-41_Sussex_no_odor,2561,2561,True
2024.09.30_12-29-41_Sussex_no_odor,2564,2566,True
2024.09.30_12-29-41_Sussex_no_odor,2569,2569,True
2024.09.30_12-29-41_Sussex_no_odor,2572,2574,True
2024.09.30_12-29-41_Sussex_no_odor,2585,2585,True
2024.09.30_12-29-41_Sussex_no_odor,2587,2589,True
2024.09.30_12-29-41_Sussex_no_odor,2592,2593,True
2024.09.30_12-29-41_Sussex_no_odor,2602,2602,True
2024.09.30_12-29-41_Sussex_no_odor,2606,2606,True
2024.09.30_12-29-41_Sussex_no_odor,2610,2610,True
2024.09.30_12-29-41_Sussex_no_odor,2613,2614,True
2024.09.30_12-29-41_Sussex_no_odor,2616,2616,True
2024.09.30_12-29-41_Sussex_no_odor,2618,2618,True
2024.09.30_12-29-41_Sussex_no_odor,2622,2625,True
2024.09.30_12-29-41_Sussex_no_odor,2627,2627,True
2024.09.30_12-29-41_Sussex_no_odor,2630,2630,True
2024.09.30_12-29-41_Sussex_no_odor,2634,2635,True
2024.09.30_12-29-41_Sussex_no_odor,2640,2640,True
2024.09.30_12-29-41_Sussex_no_odor,2644,2644,True
2024.09.30_12-29-41_Sussex_no_odor,2659,2659,True
2024.09.30_12-29-41_Sussex_no_odor,2664,2664,True
2024.09.30_12-29-41_Sussex_no_odor,2674,2674,True
2024.09.30_12-29-41_Sussex_no_odor,2677,2678,True
2024.09.30_12-29-41_Sussex_no_odor,2687,2689,True
2024.09.30_12-29-41_Sussex_no_odor,2707,2707,True
2024.09.30_12-29-41_Sussex_no_odor,2709,2711,True
2024.09.30_12-29-41_Sussex_no_odor,2713,2714,True
2024.09.30_12-29-41_Sussex_no_odor,2717,2717,True
2024.09.30_12-29-41_Sussex_no_odor,2724,2725,True
2024.09.30_12-29-41_Sussex_no_odor,2734,2734,True
2024.09.30_12-29-41_Sussex_no_odor,2736,2739,True
2024.09.30_12-29-41_Sussex_no_odor,2743,2743,True
2024.09.30_12-29-41_Sussex_no_odor,2745,2746,True
2024.09.30_12-29-41_Sussex_no_odor,2757,2758,True
2024.09.30_12-29-41_Sussex_no_odor,2760,2760,True
2024.09.30_12-29-41_Sussex_no_odor,2763,2764,True
2024.09.30_12-29-41_Sussex_no_odor,2767,2767,True
2024.09.30_12-29-41_Sussex_no_odor,2777,2777,True
2024.09.30_12-29-41_Sussex_no_odor,2780,2781,True
2024.09.30_12-29-41_Sussex_no_odor,2829,2829,True
2024.09.30_12-29-41_Sussex_no_odor,2843,2844,True
2024.09.30_12-29-41_Sussex_no_odor,2846,2846,True
2024.09.30_12-29-41_Sussex_no_odor,2848,2848,True
2024.09.30_12-29-41_Sussex_no_odor,2858,2858,True
2024.09.30_12-29-41_Sussex_no_odor,2867,2867,True
2024.09.30_12-29-41_Sussex_no_odor,2873,2874,True
2024.09.30_12-29-41_Sussex_no_odor,2879,2880,True
2024.09.30_12-29-41_Sussex_no_odor,2882,2882,True
2024.09.30_12-29-41_Sussex_no_odor,2890,2890,True
2024.09.30_12-29-41_Sussex_no_odor,2896,2896,True
2024.09.30_12-29-41_Sussex_no_odor,2899,2899,True
2024.09.30_12-29-41_Sussex_no_odor,2901,2902,True
2024.09.30_12-29-41_Sussex_no_odor,2906,2914,True
2024.09.30_12-29-41_Sussex_no_odor,2920,2921,True
2024.09.30_12-29-41_Sussex_no_odor,2925,2928,True
2024.09.30_12-29-41_Sussex_no_odor,2932,2933,True
2024.09.30_12-29-41_Sussex_no_odor,2939,2942,True
2024.09.30_12-29-41_Sussex_no_odor,2947,2949,True
2024.09.30_12-29-41_Sussex_no_odor,2952,2952,True
2024.09.30_12-29-41_Sussex_no_odor,2956,2961,True
2024.09.30_12-29-41_Sussex_no_odor,2963,2964,True
2024.09.30_12-29-41_Sussex_no_odor,2981,2981,True
2024.09.30_12-29-41_Sussex_no_odor,3044,3045,True
2024.09.30_12-29-41_Sussex_no_odor,3047,3048,True
2024.09.30_12-29-41_Sussex_no_odor,3056,3057,True
2024.09.30_12-29-41_Sussex_no_odor,3062,3062,True
2024.09.30_12-29-41_Sussex_no_odor,3067,3071,True
2024.09.30_12-29-41_Sussex_no_odor,3077,3081,True
2024.09.30_12-29-41_Sussex_no_odor,3084,3084,True
2024.09.30_12-29-41_Sussex_no_odor,3086,3086,True
2024.09.30_12-29-41_Sussex_no_odor,3092,3092,True
2024.09.30_12-29-41_Sussex_no_odor,3094,3095,True
2024.09.30_12-29-41_Sussex_no_odor,3104,3104,True
2024.09.30_12-29-41_Sussex_no_odor,3111,3113,True
2024.09.30_12-29-41_Sussex_no_odor,3123,3123,True
2024.09.30_12-29-41_Sussex_no_odor,3132,3133,True
2024.09.30_12-29-41_Sussex_no_odor,3138,3138,True
2024.09.30_12-29-41_Sussex_no_odor,3147,3147,True
2024.09.30_12-29-41_Sussex_no_odor,3168,3169,True
2024.09.30_12-29-41_Sussex_no_odor,3181,3181,True
2024.09.30_12-29-41_Sussex_no_odor,3186,3187,True
2024.09.30_12-29-41_Sussex_no_odor,3191,3192,True
2024.09.30_12-29-41_Sussex_no_odor,3208,3212,True
2024.09.30_12-29-41_Sussex_no_odor,3214,3221,True
2024.09.30_12-29-41_Sussex_no_odor,3223,3223,True
2024.09.30_12-29-41_Sussex_no_odor,3240,3242,True
2024.09.30_12-29-41_Sussex_no_odor,3245,3248,True
2024.09.30_12-29-41_Sussex_no_odor,3252,3253,True
2024.09.30_12-29-41_Sussex_no_odor,3255,3255,True
2024.09.30_12-29-41_Sussex_no_odor,3257,3257,True
2024.09.30_12-29-41_Sussex_no_odor,3281,3281,True
2024.09.30_12-29-41_Sussex_no_odor,3294,3294,True
2024.09.30_12-29-41_Sussex_no_odor,3299,3299,True
2024.09.30_12-29-41_Sussex_no_odor,3307,3308,True
2024.09.30_12-29-41_Sussex_no_odor,3311,3313,True
2024.09.30_12-29-41_Sussex_no_odor,3330,3331,True
2024.09.30_12-29-41_Sussex_no_odor,3333,3333,True
2024.09.30_12-29-41_Sussex_no_odor,3335,3337,True
2024.09.30_12-29-41_Sussex_no_odor,3339,3339,True
2024.09.30_12-29-41_Sussex_no_odor,3344,3347,True
2024.09.30_12-29-41_Sussex_no_odor,3349,3351,True
2024.09.30_12-29-41_Sussex_no_odor,3354,3355,True
2024.09.30_12-29-41_Sussex_no_odor,3360,3360,True
2024.09.30_12-29-41_Sussex_no_odor,3363,3363,True
2024.09.30_12-29-41_Sussex_no_odor,3373,3377,True
2024.09.30_12-29-41_Sussex_no_odor,3381,3381,True
2024.09.30_12-29-41_Sussex_no_odor,3385,3386,True
2024.09.30_12-29-41_Sussex_no_odor,3390,3390,True
2024.09.30_12-29-41_Sussex_no_odor,3392,3394,True
2024.09.30_12-29-41_Sussex_no_odor,3404,3404,True
2024.09.30_12-29-41_Sussex_no_odor,3417,3417,True
2024.09.30_12-29-41_Sussex_no_odor,3431,3432,True
2024.09.30_12-29-41_Sussex_no_odor,3440,3440,True
2024.09.30_12-29-41_Sussex_no_odor,3442,3442,True
2024.09.30_12-29-41_Sussex_no_odor,3444,3444,True
2024.09.30_12-29-41_Sussex_no_odor,3447,3448,True
2024.09.30_12-29-41_Sussex_no_odor,3465,3465,True
2024.09.30_12-29-41_Sussex_no_odor,3521,3522,True
2024.09.30_12-29-41_Sussex_no_odor,3528,3528,True
2024.09.30_12-29-41_Sussex_no_odor,3532,3533,True
2024.09.30_12-29-41_Sussex_no_odor,3536,3536,True
2024.09.30_12-29-41_Sussex_no_odor,3551,3551,True
2024.09.30_12-29-41_Sussex_no_odor,3561,3561,True
2024.09.30_12-29-41_Sussex_no_odor,3571,3572,True
2024.09.30_12-29-41_Sussex_no_odor,3586,3591,True
2024.09.30_12-29-41_Sussex_no_odor,3593,3594,True
2024.09.30_12-29-41_Sussex_no_odor,3603,3607,True
2024.09.30_12-29-41_Sussex_no_odor,3619,3620,True
2024.09.30_12-29-41_Sussex_no_odor,3631,3631,True
2024.09.30_12-29-41_Sussex_no_odor,3658,3658,True
2024.09.30_12-29-41_Sussex_no_odor,3667,3667,True
2024.09.30_12-29-41_Sussex_no_odor,3673,3673,True
2024.09.30_12-29-41_Sussex_no_odor,3686,3686,True
2024.09.30_12-29-41_Sussex_no_odor,3700,3701,True
2024.09.30_12-29-41_Sussex_no_odor,3704,3704,True
2024.09.30_12-29-41_Sussex_no_odor,3712,3712,True
2024.09.30_12-29-41_Sussex_no_odor,3714,3714,True
2024.09.30_12-29-41_Sussex_no_odor,3726,3726,True
2024.09.30_12-29-41_Sussex_no_odor,3728,3729,True
2024.09.30_12-29-41_Sussex_no_odor,3734,3734,True
2024.09.30_12-29-41_Sussex_no_odor,3737,3737,True
2024.09.30_12-29-41_Sussex_no_odor,3744,3750,True
2024.09.30_12-29-41_Sussex_no_odor,3787,3787,True
2024.09.30_12-29-41_Sussex_no_odor,3805,3805,True
2024.09.30_12-29-41_Sussex_no_odor,3807,3807,True
2024.09.30_12-29-41_Sussex_no_odor,3810,3811,True
2024.09.30_12-29-41_Sussex_no_odor,3815,3817,True
2024.09.30_12-29-41_Sussex_no_odor,3819,3819,True
2024.09.30_12-29-41_Sussex_no_odor,3824,3824,True
2024.09.30_12-29-41_Sussex_no_odor,3826,3827,True
2024.09.30_12-29-41_Sussex_no_odor,3829,3830,True
2024.09.30_12-29-41_Sussex_no_odor,3832,3832,True
2024.09.30_12-29-41_Sussex_no_odor,3835,3835,True
2024.09.30_12-29-41_Sussex_no_odor,3837,3837,True
2024.09.30_12-29-41_Sussex_no_odor,3841,4407,True
2024.09.30_12-29-41_Sussex_no_odor,4409,4951,True
2024.09.30_12-29-41_Sussex_no_odor,4997,5620,True
2024.09.30_12-29-41_Sussex_no_odor,5961,6004,True
2024.09.30_12-29-41_Sussex_no_odor,6401,6401,True
2024.09.30_12-29-41_Sussex_no_odor,6405,6412,True
2024.09.30_12-29-41_Sussex_no_odor,6415,6415,True
2024.09.30_12-29-41_Sussex_no_odor,6421,6432,True
2024.09.30_12-29-41_Sussex_no_odor,6441,6443,True
2024.09.30_12-29-41_Sussex_no_odor,6549,6549,True
2024.09.30_12-29-41_Sussex_no_odor,6651,6655,True
2024.09.30_12-29-41_Sussex_no_odor,6657,6658,True
2024.09.30_12-29-41_Sussex_no_odor,6662,6662,True
2024.09.30_12-29-41_Sussex_no_odor,6665,6665,True
2024.09.30_12-29-41_Sussex_no_odor,6678,6678,True
2024.09.30_12-29-41_Sussex_no_odor,6691,6692,True
2024.09.30_12-29-41_Sussex_no_odor,6723,6723,True
2024.09.30_12-29-41_Sussex_no_odor,6757,6757,True
2024.09.30_12-29-41_Sussex_no_odor,6771,6772,True
2024.09.30_12-29-41_Sussex_no_odor,6774,6774,True
2024.09.30_12-29-41_Sussex_no_odor,6777,6777,True
2024.09.30_12-29-41_Sussex_no_odor,6779,6780,True
2024.09.30_12-29-41_Sussex_no_odor,6784,6785,True
2024.09.30_12-29-41_Sussex_no_odor,6787,6788,True
2024.09.30_12-29-41_Sussex_no_odor,6803,6807,True
2024.09.30_12-29-41_Sussex_no_odor,6819,6819,True
2024.09.30_12-29-41_Sussex_no_odor,6824,6824,True
2024.09.30_12-29-41_Sussex_no_odor,6832,6832,True
2024.09.30_12-29-41_Sussex_no_odor,6837,6839,True
2024.09.30_12-29-41_Sussex_no_odor,6850,6850,True
2024.09.30_12-29-41_Sussex_no_odor,6853,6854,True
2024.09.30_12-29-41_Sussex_no_odor,6862,6862,True
2024.09.30_12-29-41_Sussex_no_odor,6864,6864,True
2024.09.30_12-29-41_Sussex_no_odor,6886,6886,True
2024.09.30_12-29-41_Sussex_no_odor,6897,6897,True
2024.09.30_12-29-41_Sussex_no_odor,6955,6961,True
2024.09.30_12-29-41_Sussex_no_odor,6963,6968,True
2024.09.30_12-29-41_Sussex_no_odor,6970,6972,True
2024.09.30_12-29-41_Sussex_no_odor,6974,6976,True
2024.09.30_12-29-41_Sussex_no_odor,6978,6985,True
2024.09.30_12-29-41_Sussex_no_odor,6989,6989,True
2024.09.30_12-29-41_Sussex_no_odor,6991,6991,True
2024.09.30_12-29-41_Sussex_no_odor,6993,6995,True
2024.09.30_12-29-41_Sussex_no_odor,6997,6999,True
2024.09.30_12-29-41_Sussex_no_odor,7001,7004,True
2024.09.30_12-29-41_Sussex_no_odor,7006,7007,True
2024.09.30_12-29-41_Sussex_no_odor,7009,7011,True
2024.09.30_12-29-41_Sussex_no_odor,7013,7015,True
2024.09.30_12-29-41_Sussex_no_odor,7018,7020,True
2024.09.30_12-29-41_Sussex_no_odor,7023,7025,True
2024.09.30_12-29-41_Sussex_no_odor,7027,7029,True
2024.09.30_12-29-41_Sussex_no_odor,7031,7031,True
2024.09.30_12-29-41_Sussex_no_odor,7033,7046,True
2024.09.30_12-29-41_Sussex_no_odor,7048,7051,True
2024.09.30_12-29-41_Sussex_no_odor,7053,7054,True
2024.09.30_12-29-41_Sussex_no_odor,7057,7058,True
2024.09.30_12-29-41_Sussex_no_odor,7060,7060,True
2024.09.30_12-29-41_Sussex_no_odor,7065,7067,True
2024.09.30_12-29-41_Sussex_no_odor,7070,7070,True
2024.09.30_12-29-41_Sussex_no_odor,7072,7072,True
2024.09.30_12-29-41_Sussex_no_odor,7074,7077,True
2024.09.30_12-29-41_Sussex_no_odor,7079,7083,True
2024.09.30_12-29-41_Sussex_no_odor,7085,7085,True
2024.09.30_12-29-41_Sussex_no_odor,7089,7090,True
2024.09.30_12-29-41_Sussex_no_odor,7094,7099,True
2024.09.30_12-29-41_Sussex_no_odor,7101,7101,True
2024.09.30_12-29-41_Sussex_no_odor,7103,7104,True
2024.09.30_12-29-41_Sussex_no_odor,7108,7111,True
2024.09.30_12-29-41_Sussex_no_odor,7114,7114,True
2024.09.30_12-29-41_Sussex_no_odor,7116,7116,True
2024.09.30_12-29-41_Sussex_no_odor,7118,7118,True
2024.09.30_12-29-41_Sussex_no_odor,7122,7122,True
2024.09.30_12-29-41_Sussex_no_odor,7151,7151,True
2024.09.30_12-29-41_Sussex_no_odor,7153,7154,True
2024.09.30_12-29-41_Sussex_no_odor,7156,7156,True
2024.09.30_12-29-41_Sussex_no_odor,7158,7159,True
2024.09.30_12-29-41_Sussex_no_odor,7164,7165,True
2024.09.30_12-29-41_Sussex_no_odor,7167,7168,True
2024.09.30_12-29-41_Sussex_no_odor,7172,7174,True
2024.09.30_12-29-41_Sussex_no_odor,7177,7178,True
2024.09.30_12-29-41_Sussex_no_odor,7189,7189,True
2024.09.30_12-29-41_Sussex_no_odor,7201,7201,True
2024.09.30_12-29-41_Sussex_no_odor,7204,7204,True
2024.09.30_12-29-41_Sussex_no_odor,7207,7207,True
2024.09.30_12-29-41_Sussex_no_odor,7223,7223,True
2024.09.30_12-29-41_Sussex_no_odor,7234,7235,True
2024.09.30_12-29-41_Sussex_no_odor,7239,7239,True
2024.09.30_12-29-41_Sussex_no_odor,7279,7279,True
2024.09.30_12-29-41_Sussex_no_odor,7296,7298,True
2024.09.30_12-29-41_Sussex_no_odor,7301,7302,True
2024.09.30_12-29-41_Sussex_no_odor,7369,7369,True
2024.09.30_12-29-41_Sussex_no_odor,7514,7514,True
2024.09.30_12-29-41_Sussex_no_odor,7542,7545,True
2024.09.30_12-29-41_Sussex_no_odor,7583,7584,True
2024.09.30_12-29-41_Sussex_no_odor,7608,7612,True
2024.09.30_12-29-41_Sussex_no_odor,7626,7626,True
2024.09.30_12-29-41_Sussex_no_odor,7630,7630,True
2024.09.30_12-29-41_Sussex_no_odor,7633,7750,True
2024.09.30_12-29-41_Sussex_no_odor,7786,7791,True
2024.09.30_12-29-41_Sussex_no_odor,7793,7795,True
2024.09.30_12-29-41_Sussex_no_odor,7797,7797,True
2024.09.30_12-29-41_Sussex_no_odor,7799,7801,True
2024.09.30_12-29-41_Sussex_no_odor,7803,7803,True
2024.09.30_12-29-41_Sussex_no_odor,7805,7806,True
2024.09.30_12-29-41_Sussex_no_odor,7808,7809,True
2024.09.30_12-29-41_Sussex_no_odor,7811,7821,True
2024.09.30_12-29-41_Sussex_no_odor,7823,7825,True
2024.09.30_12-29-41_Sussex_no_odor,7827,7832,True
2024.09.30_12-29-41_Sussex_no_odor,7840,7840,True
2024.09.30_12-29-41_Sussex_no_odor,7843,7874,True
2024.09.30_12-29-41_Sussex_no_odor,7878,7878,True
2024.09.30_12-29-41_Sussex_no_odor,7880,7993,True
2024.07.08_13-31-08_Riverside (E-2-Hex),102,102,True
2024.07.08_13-31-08_Riverside (E-2-Hex),108,109,True
2024.07.08_13-31-08_Riverside (E-2-Hex),283,283,True
2024.07.08_13-31-08_Riverside (E-2-Hex),403,460,True
2024.07.08_13-31-08_Riverside (E-2-Hex),462,633,True
2024.07.08_13-31-08_Riverside (E-2-Hex),826,826,True
2024.07.08_13-31-08_Riverside (E-2-Hex),1308,1321,True
2024.07.08_13-31-08_Riverside (E-2-Hex),1332,1333,True
2024.07.08_13-31-08_Riverside (E-2-Hex),1335,1370,True
2024.07.08_13-31-08_Riverside (E-2-Hex),1375,1375,True
2024.07.08_13-31-08_Riverside (E-2-Hex),1406,1479,True
2024.07.08_13-31-08_Riverside (E-2-Hex),1531,1537,True
2024.07.08_13-31-08_Riverside (E-2-Hex),1542,1545,True
2024.07.08_13-31-08_Riverside (E-2-Hex),1556,2009,True
2024.07.08_13-31-08_Riverside (E-2-Hex),2565,2623,True
2024.07.08_13-31-08_Riverside (E-2-Hex),2695,2707,True
2024.07.08_13-31-08_Riverside (E-2-Hex),2709,2719,True
2024.07.08_13-31-08_Riverside (E-2-Hex),2732,3553,True
2024.07.08_13-31-08_Riverside (E-2-Hex),4431,5817,True
2024.07.08_13-31-08_Riverside (E-2-Hex),6798,6799,True
2024.07.08_13-31-08_Riverside (E-2-Hex),6843,7486,True
2024.07.08_13-31-08_Riverside (E-2-Hex),8759,8759,True
2024.07.08_13-31-08_Riverside (E-2-Hex),8782,8782,True
2024.07.08_13-31-08_Riverside (E-2-Hex),8949,8953,True
2024.07.08_13-31-08_Riverside (E-2-Hex),8969,8999,True
2024.10.15_10-20-55_Sto_car_2hexanol,3,1220,True
2024.10.15_10-20-55_Sto_car_2hexanol,1828,1830,True
2024.10.15_10-20-55_Sto_car_2hexanol,3087,3111,True
2024.10.15_10-20-55_Sto_car_2hexanol,3199,3211,True
2024.10.15_10-20-55_Sto_car_2hexanol,3215,3216,True
2024.10.15_10-20-55_Sto_car_2hexanol,3218,3223,True
2024.10.15_10-20-55_Sto_car_2hexanol,3317,3317,True
2024.10.15_10-20-55_Sto_car_2hexanol,3319,3378,True
2024.10.15_10-20-55_Sto_car_2hexanol,3385,3903,True
2024.10.15_10-20-55_Sto_car_2hexanol,3905,3922,True
2024.10.15_10-20-55_Sto_car_2hexanol,5113,5729,True
2024.10.15_10-20-55_Sto_car_2hexanol,5857,5857,True
2024.10.15_10-20-55_Sto_car_2hexanol,5923,5942,True
2024.10.15_10-20-55_Sto_car_2hexanol,5944,5948,True
2024.10.15_10-20-55_Sto_car_2hexanol,5950,5950,True
2024.10.15_10-20-55_Sto_car_2hexanol,5956,5984,True
2024.10.15_10-20-55_Sto_car_2hexanol,5992,5992,True
2024.10.15_10-20-55_Sto_car_2hexanol,5994,5994,True
2024.10.15_10-20-55_Sto_car_2hexanol,5998,5999,True
2024.10.15_10-20-55_Sto_car_2hexanol,6001,6002,True
2024.10.15_10-20-55_Sto_car_2hexanol,6004,6008,True
2024.10.15_10-20-55_Sto_car_2hexanol,6010,6010,True
2024.10.15_10-20-55_Sto_car_2hexanol,6014,6069,True
2024.10.15_10-20-55_Sto_car_2hexanol,6071,6403,True
2024.10.15_10-20-55_Sto_car_2hexanol,6915,7529,True
2024.10.15_10-20-55_Sto_car_2hexanol,8252,8999,True
