trial,start_frame,end_frame,is_swapped
2024.10.30_07-43-39_Stocago_metben,6854.0,7095.0,1.0
2024.10.30_07-43-39_Stocago_metben,7097.0,7191.0,1.0
2024.10.30_07-43-39_Stocago_metben,7194.0,7204.0,1.0
2024.10.30_07-43-39_Stocago_metben,7208.0,7212.0,1.0
2024.10.30_07-43-39_Stocago_metben,7215.0,7252.0,1.0
2024.09.30_11-32-23_Sussex_no_odor,4382.0,4385.0,1.0
2024.09.30_11-32-23_Sussex_no_odor,4387.0,4392.0,1.0
2024.09.30_11-32-23_Sussex_no_odor,4394.0,5495.0,1.0
2024.09.30_11-32-23_Sussex_no_odor,5500.0,5500.0,1.0
2024.09.30_11-32-23_Sussex_no_odor,5502.0,5502.0,1.0
2024.09.30_11-32-23_Sussex_no_odor,5513.0,8998.0,1.0
2024.10.03_12-13-00_Riverside_metbut,4764.0,4764.0,1.0
2024.10.03_12-13-00_Riverside_metbut,4766.0,6116.0,1.0
2024.10.03_12-13-00_Riverside_metbut,6123.0,6123.0,1.0
2024.10.03_12-13-00_Riverside_metbut,6137.0,6137.0,1.0
2024.10.03_12-13-00_Riverside_metbut,6140.0,7033.0,1.0
2024.10.03_12-13-00_Riverside_metbut,7035.0,7525.0,1.0
2024.10.03_12-13-00_Riverside_metbut,7527.0,7561.0,1.0
2024.10.03_12-13-00_Riverside_metbut,7563.0,7572.0,1.0
2024.10.03_12-13-00_Riverside_metbut,7575.0,7575.0,1.0
2024.10.03_12-13-00_Riverside_metbut,7577.0,7577.0,1.0
2024.10.03_12-13-00_Riverside_metbut,7580.0,7584.0,1.0
2024.10.03_12-13-00_Riverside_metbut,7586.0,7603.0,1.0
2024.10.03_12-13-00_Riverside_metbut,7620.0,7631.0,1.0
2024.10.03_12-13-00_Riverside_metbut,7633.0,7634.0,1.0
2024.10.03_12-13-00_Riverside_metbut,7637.0,7639.0,1.0
2024.10.03_12-13-00_Riverside_metbut,7643.0,7793.0,1.0
2024.10.03_12-13-00_Riverside_metbut,7795.0,7828.0,1.0
2024.10.03_12-13-00_Riverside_metbut,7830.0,7855.0,1.0
2024.10.03_12-13-00_Riverside_metbut,7858.0,7858.0,1.0
2024.10.03_12-13-00_Riverside_metbut,7860.0,7862.0,1.0
2024.10.03_12-13-00_Riverside_metbut,7865.0,7865.0,1.0
2024.10.03_12-13-00_Riverside_metbut,7869.0,7869.0,1.0
2024.10.03_12-13-00_Riverside_metbut,7875.0,7875.0,1.0
2024.10.03_12-13-00_Riverside_metbut,7879.0,7879.0,1.0
2024.10.03_12-13-00_Riverside_metbut,7884.0,7884.0,1.0
2024.10.03_12-13-00_Riverside_metbut,7890.0,7891.0,1.0
2024.10.03_12-13-00_Riverside_metbut,7893.0,7898.0,1.0
2024.10.03_12-13-00_Riverside_metbut,7900.0,7903.0,1.0
2024.10.03_12-13-00_Riverside_metbut,7905.0,7905.0,1.0
2024.10.03_12-13-00_Riverside_metbut,7907.0,7907.0,1.0
2024.10.03_12-13-00_Riverside_metbut,7909.0,7910.0,1.0
2024.10.03_12-13-00_Riverside_metbut,7912.0,7912.0,1.0
2024.10.03_12-13-00_Riverside_metbut,7914.0,7914.0,1.0
2024.10.03_12-13-00_Riverside_metbut,7916.0,7917.0,1.0
2024.10.03_12-13-00_Riverside_metbut,7919.0,7920.0,1.0
2024.10.03_12-13-00_Riverside_metbut,7922.0,7923.0,1.0
2024.10.03_12-13-00_Riverside_metbut,7925.0,7926.0,1.0
2024.10.03_12-13-00_Riverside_metbut,7930.0,7930.0,1.0
2024.10.03_12-13-00_Riverside_metbut,7932.0,7936.0,1.0
2024.10.03_12-13-00_Riverside_metbut,7938.0,7940.0,1.0
2024.10.03_12-13-00_Riverside_metbut,7942.0,7942.0,1.0
2024.10.03_12-13-00_Riverside_metbut,7945.0,7947.0,1.0
2024.10.03_12-13-00_Riverside_metbut,7949.0,7977.0,1.0
2024.10.03_12-13-00_Riverside_metbut,7980.0,8046.0,1.0
2024.10.03_12-13-00_Riverside_metbut,8048.0,8869.0,1.0
2024.10.03_12-13-00_Riverside_metbut,8871.0,8999.0,1.0
2024.10.15_07-53-05_Biarmipes_G224_1hexanol,5518.0,5559.0,1.0
2024.10.15_07-53-05_Biarmipes_G224_1hexanol,5567.0,5575.0,1.0
2024.10.15_07-53-05_Biarmipes_G224_1hexanol,5578.0,5580.0,1.0
2024.10.15_07-53-05_Biarmipes_G224_1hexanol,5584.0,5585.0,1.0
2024.10.15_07-53-05_Biarmipes_G224_1hexanol,5587.0,5588.0,1.0
2024.10.15_07-53-05_Biarmipes_G224_1hexanol,5596.0,5627.0,1.0
2024.10.15_07-53-05_Biarmipes_G224_1hexanol,5641.0,5676.0,1.0
2024.10.15_07-53-05_Biarmipes_G224_1hexanol,5680.0,5694.0,1.0
2024.10.15_07-53-05_Biarmipes_G224_1hexanol,5696.0,5728.0,1.0
2024.10.15_07-53-05_Biarmipes_G224_1hexanol,5732.0,5736.0,1.0
2024.10.15_07-53-05_Biarmipes_G224_1hexanol,5740.0,5740.0,1.0
2024.10.15_07-53-05_Biarmipes_G224_1hexanol,5742.0,5759.0,1.0
2024.10.15_07-53-05_Biarmipes_G224_1hexanol,5766.0,6873.0,1.0
2024.10.15_07-53-05_Biarmipes_G224_1hexanol,6875.0,6887.0,1.0
2024.10.15_07-53-05_Biarmipes_G224_1hexanol,6895.0,6978.0,1.0
2024.10.15_07-53-05_Biarmipes_G224_1hexanol,6980.0,6981.0,1.0
2024.10.15_07-53-05_Biarmipes_G224_1hexanol,6984.0,7019.0,1.0
2024.10.15_07-53-05_Biarmipes_G224_1hexanol,7024.0,7393.0,1.0
2024.10.15_07-53-05_Biarmipes_G224_1hexanol,7399.0,7477.0,1.0
2024.10.15_07-53-05_Biarmipes_G224_1hexanol,7479.0,7480.0,1.0
2024.10.15_07-53-05_Biarmipes_G224_1hexanol,7488.0,7488.0,1.0
2024.10.15_07-53-05_Biarmipes_G224_1hexanol,7492.0,7492.0,1.0
2024.10.15_07-53-05_Biarmipes_G224_1hexanol,7497.0,7497.0,1.0
2024.10.15_07-53-05_Biarmipes_G224_1hexanol,7499.0,7501.0,1.0
2024.10.15_07-53-05_Biarmipes_G224_1hexanol,7503.0,7509.0,1.0
2024.10.15_07-53-05_Biarmipes_G224_1hexanol,7516.0,7516.0,1.0
2024.10.15_07-53-05_Biarmipes_G224_1hexanol,7518.0,7861.0,1.0
2024.10.15_07-53-05_Biarmipes_G224_1hexanol,7863.0,7863.0,1.0
2024.10.15_07-53-05_Biarmipes_G224_1hexanol,7865.0,7895.0,1.0
2024.10.15_07-53-05_Biarmipes_G224_1hexanol,7902.0,7918.0,1.0
2024.10.15_07-53-05_Biarmipes_G224_1hexanol,7920.0,7921.0,1.0
2024.10.15_07-53-05_Biarmipes_G224_1hexanol,7923.0,7949.0,1.0
2024.10.15_07-53-05_Biarmipes_G224_1hexanol,7959.0,7962.0,1.0
2024.10.15_07-53-05_Biarmipes_G224_1hexanol,7976.0,7999.0,1.0
2024.10.15_07-53-05_Biarmipes_G224_1hexanol,8001.0,8001.0,1.0
2024.10.15_07-53-05_Biarmipes_G224_1hexanol,8009.0,8022.0,1.0
2024.10.15_07-53-05_Biarmipes_G224_1hexanol,8032.0,8101.0,1.0
2024.10.15_07-53-05_Biarmipes_G224_1hexanol,8120.0,8150.0,1.0
2024.10.15_07-53-05_Biarmipes_G224_1hexanol,8152.0,8158.0,1.0
2024.10.15_07-53-05_Biarmipes_G224_1hexanol,8160.0,8180.0,1.0
2024.10.15_07-53-05_Biarmipes_G224_1hexanol,8187.0,8240.0,1.0
2024.10.15_07-53-05_Biarmipes_G224_1hexanol,8254.0,8265.0,1.0
2024.10.15_07-53-05_Biarmipes_G224_1hexanol,8267.0,8267.0,1.0
2024.10.15_07-53-05_Biarmipes_G224_1hexanol,8274.0,8274.0,1.0
2024.10.15_07-53-05_Biarmipes_G224_1hexanol,8276.0,8276.0,1.0
2024.10.15_07-53-05_Biarmipes_G224_1hexanol,8278.0,8278.0,1.0
2024.10.15_07-53-05_Biarmipes_G224_1hexanol,8280.0,8280.0,1.0
2024.10.15_07-53-05_Biarmipes_G224_1hexanol,8283.0,8283.0,1.0
2024.10.15_07-53-05_Biarmipes_G224_1hexanol,8285.0,8285.0,1.0
2024.10.15_07-53-05_Biarmipes_G224_1hexanol,8290.0,8291.0,1.0
2024.10.15_07-53-05_Biarmipes_G224_1hexanol,8293.0,8345.0,1.0
2024.11.13_02-21-38_Biarmipes_G224_e2hex,2143.0,2143.0,1.0
2024.11.13_02-21-38_Biarmipes_G224_e2hex,2145.0,2153.0,1.0
2024.11.13_02-21-38_Biarmipes_G224_e2hex,2157.0,2187.0,1.0
2024.11.13_02-21-38_Biarmipes_G224_e2hex,2189.0,2189.0,1.0
2024.11.13_02-21-38_Biarmipes_G224_e2hex,2197.0,2268.0,1.0
2024.12.18_16-13-27_CantonS_metben,3958.0,3958.0,1.0
2024.12.18_16-13-27_CantonS_metben,3961.0,3961.0,1.0
2024.12.18_16-13-27_CantonS_metben,3963.0,3967.0,1.0
2024.12.18_16-13-27_CantonS_metben,3969.0,3988.0,1.0
2024.12.18_16-13-27_CantonS_metben,3990.0,3990.0,1.0
2024.12.18_16-13-27_CantonS_metben,3996.0,4000.0,1.0
2024.12.18_16-13-27_CantonS_metben,4002.0,4027.0,1.0
2024.12.18_16-13-27_CantonS_metben,4029.0,7335.0,1.0
2024.12.18_16-13-27_CantonS_metben,7337.0,8999.0,1.0
2024.10.28_06-14-53_Yakuba_cameroon_metben,3.0,1177.0,1.0
2024.10.28_06-14-53_Yakuba_cameroon_metben,1179.0,1182.0,1.0
2024.10.28_06-14-53_Yakuba_cameroon_metben,1184.0,1191.0,1.0
2024.10.28_06-14-53_Yakuba_cameroon_metben,1194.0,1194.0,1.0
2024.10.24_12-03-53_Biarmipes84_prenac,4500.0,4511.0,1.0
2024.10.24_12-03-53_Biarmipes84_prenac,4514.0,4515.0,1.0
2024.10.24_12-03-53_Biarmipes84_prenac,4517.0,4517.0,1.0
2024.10.24_12-03-53_Biarmipes84_prenac,4519.0,4527.0,1.0
2024.10.24_12-03-53_Biarmipes84_prenac,4530.0,4537.0,1.0
2024.10.24_12-03-53_Biarmipes84_prenac,4540.0,4540.0,1.0
2024.10.24_12-03-53_Biarmipes84_prenac,4542.0,4545.0,1.0
2024.10.24_12-03-53_Biarmipes84_prenac,4547.0,4550.0,1.0
2024.10.24_12-03-53_Biarmipes84_prenac,4552.0,4559.0,1.0
2024.10.24_12-03-53_Biarmipes84_prenac,4561.0,4578.0,1.0
2024.10.24_12-03-53_Biarmipes84_prenac,4580.0,4580.0,1.0
2024.10.24_12-03-53_Biarmipes84_prenac,4582.0,4602.0,1.0
2024.10.24_12-03-53_Biarmipes84_prenac,4614.0,4615.0,1.0
2024.10.24_12-03-53_Biarmipes84_prenac,4618.0,4618.0,1.0
2024.10.24_12-03-53_Biarmipes84_prenac,4620.0,4624.0,1.0
2024.10.24_12-03-53_Biarmipes84_prenac,4626.0,4634.0,1.0
2024.10.24_12-03-53_Biarmipes84_prenac,4637.0,4637.0,1.0
2024.10.24_12-03-53_Biarmipes84_prenac,4639.0,4642.0,1.0
2024.10.24_12-03-53_Biarmipes84_prenac,4644.0,4654.0,1.0
2024.10.24_12-03-53_Biarmipes84_prenac,4657.0,4660.0,1.0
2024.10.24_12-03-53_Biarmipes84_prenac,4662.0,4662.0,1.0
2024.10.24_12-03-53_Biarmipes84_prenac,4664.0,4664.0,1.0
2024.10.24_12-03-53_Biarmipes84_prenac,4666.0,4666.0,1.0
2024.10.24_12-03-53_Biarmipes84_prenac,4672.0,4672.0,1.0
2024.10.24_12-03-53_Biarmipes84_prenac,4677.0,4677.0,1.0
2024.10.24_12-03-53_Biarmipes84_prenac,4680.0,4680.0,1.0
2024.10.24_12-03-53_Biarmipes84_prenac,4693.0,4693.0,1.0
2024.10.24_12-03-53_Biarmipes84_prenac,4695.0,4697.0,1.0
2024.10.24_12-03-53_Biarmipes84_prenac,4706.0,4714.0,1.0
2024.10.24_12-03-53_Biarmipes84_prenac,4716.0,4716.0,1.0
2024.10.24_12-03-53_Biarmipes84_prenac,4718.0,4721.0,1.0
2024.10.24_12-03-53_Biarmipes84_prenac,4723.0,4723.0,1.0
2024.10.24_12-03-53_Biarmipes84_prenac,4725.0,4727.0,1.0
2024.10.24_12-03-53_Biarmipes84_prenac,4731.0,4731.0,1.0
2024.10.24_12-03-53_Biarmipes84_prenac,4739.0,4758.0,1.0
2024.10.24_12-03-53_Biarmipes84_prenac,4760.0,4760.0,1.0
2024.10.24_12-03-53_Biarmipes84_prenac,4762.0,4774.0,1.0
2024.10.24_12-03-53_Biarmipes84_prenac,4776.0,4810.0,1.0
2024.10.24_12-03-53_Biarmipes84_prenac,4812.0,4852.0,1.0
2024.10.24_12-03-53_Biarmipes84_prenac,4854.0,4886.0,1.0
2024.10.24_12-03-53_Biarmipes84_prenac,4888.0,4891.0,1.0
2024.10.24_12-03-53_Biarmipes84_prenac,4893.0,4938.0,1.0
2024.10.24_12-03-53_Biarmipes84_prenac,4940.0,4950.0,1.0
2024.10.24_12-03-53_Biarmipes84_prenac,4952.0,4959.0,1.0
2024.10.24_12-03-53_Biarmipes84_prenac,4961.0,4965.0,1.0
2024.10.24_12-03-53_Biarmipes84_prenac,4967.0,4977.0,1.0
2024.10.24_12-03-53_Biarmipes84_prenac,4979.0,4980.0,1.0
2024.10.24_12-03-53_Biarmipes84_prenac,4982.0,4997.0,1.0
2024.10.24_12-03-53_Biarmipes84_prenac,4999.0,5067.0,1.0
2024.10.24_12-03-53_Biarmipes84_prenac,5070.0,5136.0,1.0
2024.10.24_12-03-53_Biarmipes84_prenac,5138.0,5143.0,1.0
2024.10.24_12-03-53_Biarmipes84_prenac,5145.0,5147.0,1.0
2024.10.24_12-03-53_Biarmipes84_prenac,5149.0,5150.0,1.0
2024.10.24_12-03-53_Biarmipes84_prenac,5152.0,5158.0,1.0
2024.10.24_12-03-53_Biarmipes84_prenac,5160.0,5160.0,1.0
2024.10.24_12-03-53_Biarmipes84_prenac,5162.0,5162.0,1.0
2024.10.24_12-03-53_Biarmipes84_prenac,5164.0,5164.0,1.0
2024.10.24_12-03-53_Biarmipes84_prenac,5166.0,5168.0,1.0
2024.10.24_12-03-53_Biarmipes84_prenac,5170.0,5171.0,1.0
2024.10.24_12-03-53_Biarmipes84_prenac,5173.0,5190.0,1.0
2024.10.24_12-03-53_Biarmipes84_prenac,5192.0,5194.0,1.0
2024.10.24_12-03-53_Biarmipes84_prenac,5196.0,5196.0,1.0
2024.10.24_12-03-53_Biarmipes84_prenac,5198.0,5199.0,1.0
2024.10.24_12-03-53_Biarmipes84_prenac,5201.0,5201.0,1.0
2024.10.24_12-03-53_Biarmipes84_prenac,5205.0,5205.0,1.0
2024.10.24_12-03-53_Biarmipes84_prenac,5207.0,5222.0,1.0
2024.10.24_12-03-53_Biarmipes84_prenac,5224.0,5227.0,1.0
2024.10.24_12-03-53_Biarmipes84_prenac,5230.0,5239.0,1.0
2024.10.24_12-03-53_Biarmipes84_prenac,5241.0,5242.0,1.0
2024.10.24_12-03-53_Biarmipes84_prenac,5244.0,5247.0,1.0
2024.10.24_12-03-53_Biarmipes84_prenac,5256.0,5256.0,1.0
2024.10.24_12-03-53_Biarmipes84_prenac,5262.0,5263.0,1.0
2024.10.24_12-03-53_Biarmipes84_prenac,5265.0,5279.0,1.0
2024.10.24_12-03-53_Biarmipes84_prenac,5281.0,5284.0,1.0
2024.10.24_12-03-53_Biarmipes84_prenac,5286.0,5287.0,1.0
2024.10.24_12-03-53_Biarmipes84_prenac,5289.0,5309.0,1.0
2024.10.24_12-03-53_Biarmipes84_prenac,5311.0,5315.0,1.0
2024.10.24_12-03-53_Biarmipes84_prenac,5317.0,5319.0,1.0
2024.10.24_12-03-53_Biarmipes84_prenac,5322.0,5324.0,1.0
2024.10.24_12-03-53_Biarmipes84_prenac,5327.0,5331.0,1.0
2024.10.24_12-03-53_Biarmipes84_prenac,5335.0,5337.0,1.0
2024.10.24_12-03-53_Biarmipes84_prenac,5339.0,5339.0,1.0
2024.10.24_12-03-53_Biarmipes84_prenac,5341.0,5347.0,1.0
2024.10.24_12-03-53_Biarmipes84_prenac,5350.0,5350.0,1.0
2024.10.24_12-03-53_Biarmipes84_prenac,5359.0,5362.0,1.0
2024.10.24_12-03-53_Biarmipes84_prenac,5365.0,5369.0,1.0
2024.10.24_12-03-53_Biarmipes84_prenac,5375.0,5375.0,1.0
2024.10.24_12-03-53_Biarmipes84_prenac,5380.0,5382.0,1.0
2024.10.24_12-03-53_Biarmipes84_prenac,5386.0,5386.0,1.0
2024.10.24_12-03-53_Biarmipes84_prenac,5388.0,5389.0,1.0
2024.10.24_12-03-53_Biarmipes84_prenac,5399.0,5402.0,1.0
2024.10.24_12-03-53_Biarmipes84_prenac,5682.0,8214.0,1.0
2024.10.24_12-03-53_Biarmipes84_prenac,8216.0,8233.0,1.0
2024.10.24_12-03-53_Biarmipes84_prenac,8235.0,8239.0,1.0
2024.10.24_12-03-53_Biarmipes84_prenac,8252.0,8253.0,1.0
2024.10.24_12-03-53_Biarmipes84_prenac,8256.0,8256.0,1.0
2024.10.24_12-03-53_Biarmipes84_prenac,8258.0,8258.0,1.0
2024.10.24_12-03-53_Biarmipes84_prenac,8261.0,8262.0,1.0
2024.10.24_12-03-53_Biarmipes84_prenac,8264.0,8267.0,1.0
2024.10.24_12-03-53_Biarmipes84_prenac,8271.0,8271.0,1.0
2024.10.24_12-03-53_Biarmipes84_prenac,8273.0,8276.0,1.0
2024.10.24_12-03-53_Biarmipes84_prenac,8280.0,8280.0,1.0
2024.10.24_12-03-53_Biarmipes84_prenac,8282.0,8282.0,1.0
2024.10.24_12-03-53_Biarmipes84_prenac,8284.0,8284.0,1.0
2024.10.24_12-03-53_Biarmipes84_prenac,8292.0,8292.0,1.0
2024.10.24_12-03-53_Biarmipes84_prenac,8296.0,8298.0,1.0
2024.10.24_12-03-53_Biarmipes84_prenac,8301.0,8301.0,1.0
2024.10.24_12-03-53_Biarmipes84_prenac,8304.0,8304.0,1.0
2024.10.24_12-03-53_Biarmipes84_prenac,8307.0,8309.0,1.0
2024.10.24_12-03-53_Biarmipes84_prenac,8314.0,8319.0,1.0
2024.10.24_12-03-53_Biarmipes84_prenac,8323.0,8323.0,1.0
2024.10.24_12-03-53_Biarmipes84_prenac,8325.0,8328.0,1.0
2024.10.24_12-03-53_Biarmipes84_prenac,8330.0,8331.0,1.0
2024.10.24_12-03-53_Biarmipes84_prenac,8333.0,8337.0,1.0
2024.10.24_12-03-53_Biarmipes84_prenac,8340.0,8342.0,1.0
2024.10.24_12-03-53_Biarmipes84_prenac,8344.0,8347.0,1.0
2024.10.24_12-03-53_Biarmipes84_prenac,8351.0,8351.0,1.0
2024.10.24_12-03-53_Biarmipes84_prenac,8355.0,8366.0,1.0
2024.10.24_12-03-53_Biarmipes84_prenac,8368.0,8369.0,1.0
2024.10.24_12-03-53_Biarmipes84_prenac,8371.0,8374.0,1.0
2024.10.24_12-03-53_Biarmipes84_prenac,8377.0,8414.0,1.0
2024.10.24_12-03-53_Biarmipes84_prenac,8416.0,8416.0,1.0
2024.10.24_12-03-53_Biarmipes84_prenac,8418.0,8418.0,1.0
2024.10.24_12-03-53_Biarmipes84_prenac,8421.0,8426.0,1.0
2024.10.24_12-03-53_Biarmipes84_prenac,8430.0,8430.0,1.0
2024.10.24_12-03-53_Biarmipes84_prenac,8433.0,8435.0,1.0
2024.10.24_12-03-53_Biarmipes84_prenac,8439.0,8445.0,1.0
2024.10.24_12-03-53_Biarmipes84_prenac,8452.0,8452.0,1.0
2024.10.24_12-03-53_Biarmipes84_prenac,8455.0,8456.0,1.0
2024.10.24_12-03-53_Biarmipes84_prenac,8458.0,8460.0,1.0
2024.10.24_12-03-53_Biarmipes84_prenac,8462.0,8462.0,1.0
2024.10.24_12-03-53_Biarmipes84_prenac,8465.0,8465.0,1.0
2024.10.24_12-03-53_Biarmipes84_prenac,8471.0,8471.0,1.0
2024.10.24_12-03-53_Biarmipes84_prenac,8475.0,8475.0,1.0
2024.10.24_12-03-53_Biarmipes84_prenac,8477.0,8478.0,1.0
2024.10.24_12-03-53_Biarmipes84_prenac,8481.0,8481.0,1.0
2024.10.24_12-03-53_Biarmipes84_prenac,8488.0,8488.0,1.0
2024.10.24_12-03-53_Biarmipes84_prenac,8493.0,8493.0,1.0
2024.10.24_12-03-53_Biarmipes84_prenac,8496.0,8498.0,1.0
2024.10.24_12-03-53_Biarmipes84_prenac,8500.0,8502.0,1.0
2024.10.24_12-03-53_Biarmipes84_prenac,8506.0,8508.0,1.0
2024.10.24_12-03-53_Biarmipes84_prenac,8510.0,8510.0,1.0
2024.10.24_12-03-53_Biarmipes84_prenac,8517.0,8517.0,1.0
2024.10.24_12-03-53_Biarmipes84_prenac,8520.0,8520.0,1.0
2024.10.24_12-03-53_Biarmipes84_prenac,8524.0,8758.0,1.0
2024.10.24_12-03-53_Biarmipes84_prenac,8760.0,8767.0,1.0
2024.10.31_08-23-37_Biarmipes84_metben,7303.0,7601.0,1.0
2024.10.31_08-23-37_Biarmipes84_metben,7603.0,7603.0,1.0
2024.10.31_08-23-37_Biarmipes84_metben,7605.0,7608.0,1.0
2024.10.31_08-23-37_Biarmipes84_metben,7611.0,7812.0,1.0
2024.10.31_08-23-37_Biarmipes84_metben,7815.0,7892.0,1.0
2024.10.31_08-23-37_Biarmipes84_metben,7894.0,7894.0,1.0
2024.10.31_08-23-37_Biarmipes84_metben,7896.0,7935.0,1.0
2024.11.05_05-51-49_CantonS_e2hex,3103.0,3789.0,1.0
2024.11.05_05-51-49_CantonS_e2hex,3791.0,5154.0,1.0
2024.11.05_05-51-49_CantonS_e2hex,5156.0,5178.0,1.0
2024.10.30_07-24-33_Stocago_metben,8084.0,8149.0,1.0
2024.10.30_07-24-33_Stocago_metben,8151.0,8258.0,1.0
2024.10.30_07-24-33_Stocago_metben,8260.0,8635.0,1.0
2024.10.30_07-24-33_Stocago_metben,8638.0,8638.0,1.0
2024.10.30_07-24-33_Stocago_metben,8642.0,8740.0,1.0
2024.10.30_07-24-33_Stocago_metben,8743.0,8812.0,1.0
2024.10.30_07-24-33_Stocago_metben,8814.0,8881.0,1.0
2024.10.30_07-24-33_Stocago_metben,8883.0,8929.0,1.0
2024.10.30_07-24-33_Stocago_metben,8931.0,8932.0,1.0
2024.10.30_07-24-33_Stocago_metben,8935.0,8999.0,1.0
2024.07.10_17-15-47_CantonS (E-2-Hex),3.0,2774.0,1.0
2024.09.24_16-57-51_Yakuba7_no_odor,3.0,2883.0,1.0
2024.09.24_16-57-51_Yakuba7_no_odor,2885.0,2886.0,1.0
2024.09.24_16-57-51_Yakuba7_no_odor,2888.0,3182.0,1.0
2024.09.24_16-57-51_Yakuba7_no_odor,3185.0,3201.0,1.0
2024.09.24_16-57-51_Yakuba7_no_odor,3203.0,3210.0,1.0
2024.09.24_16-57-51_Yakuba7_no_odor,3213.0,3246.0,1.0
2024.09.24_16-57-51_Yakuba7_no_odor,3248.0,3254.0,1.0
2024.09.24_16-57-51_Yakuba7_no_odor,3257.0,3261.0,1.0
2024.09.24_16-57-51_Yakuba7_no_odor,3263.0,3324.0,1.0
2024.09.24_16-57-51_Yakuba7_no_odor,3326.0,3354.0,1.0
2024.09.24_16-57-51_Yakuba7_no_odor,3356.0,3373.0,1.0
2024.09.24_16-57-51_Yakuba7_no_odor,3375.0,3408.0,1.0
2024.09.24_16-57-51_Yakuba7_no_odor,3410.0,3410.0,1.0
2024.09.24_16-57-51_Yakuba7_no_odor,3412.0,3413.0,1.0
2024.09.24_16-57-51_Yakuba7_no_odor,3417.0,3436.0,1.0
2024.09.24_16-57-51_Yakuba7_no_odor,3438.0,3443.0,1.0
2024.09.24_16-57-51_Yakuba7_no_odor,3445.0,3455.0,1.0
2024.09.24_16-57-51_Yakuba7_no_odor,3457.0,3473.0,1.0
2024.09.24_16-57-51_Yakuba7_no_odor,3476.0,3486.0,1.0
2024.09.24_16-57-51_Yakuba7_no_odor,3488.0,3497.0,1.0
2024.09.24_16-57-51_Yakuba7_no_odor,3499.0,3505.0,1.0
2024.09.24_16-57-51_Yakuba7_no_odor,3507.0,3507.0,1.0
2024.09.24_16-57-51_Yakuba7_no_odor,3509.0,3522.0,1.0
2024.09.24_16-57-51_Yakuba7_no_odor,3524.0,3526.0,1.0
2024.09.24_16-57-51_Yakuba7_no_odor,3529.0,3529.0,1.0
2024.09.24_16-57-51_Yakuba7_no_odor,3532.0,3538.0,1.0
2024.09.24_16-57-51_Yakuba7_no_odor,3540.0,3565.0,1.0
2024.09.24_16-57-51_Yakuba7_no_odor,3567.0,3570.0,1.0
2024.09.24_16-57-51_Yakuba7_no_odor,3572.0,3578.0,1.0
2024.09.24_16-57-51_Yakuba7_no_odor,3580.0,3585.0,1.0
2024.09.24_16-57-51_Yakuba7_no_odor,3587.0,3615.0,1.0
2024.09.24_16-57-51_Yakuba7_no_odor,3617.0,3620.0,1.0
2024.09.24_16-57-51_Yakuba7_no_odor,3622.0,3627.0,1.0
2024.09.24_16-57-51_Yakuba7_no_odor,3630.0,3636.0,1.0
2024.09.24_16-57-51_Yakuba7_no_odor,3638.0,3647.0,1.0
2024.09.24_16-57-51_Yakuba7_no_odor,3650.0,3665.0,1.0
2024.09.24_16-57-51_Yakuba7_no_odor,3669.0,3673.0,1.0
2024.09.24_16-57-51_Yakuba7_no_odor,3676.0,3679.0,1.0
2024.09.24_16-57-51_Yakuba7_no_odor,3681.0,3689.0,1.0
2024.09.24_16-57-51_Yakuba7_no_odor,3693.0,3700.0,1.0
2024.09.24_16-57-51_Yakuba7_no_odor,3702.0,3724.0,1.0
2024.09.24_16-57-51_Yakuba7_no_odor,3726.0,3733.0,1.0
2024.09.24_16-57-51_Yakuba7_no_odor,3736.0,3783.0,1.0
2024.09.24_16-57-51_Yakuba7_no_odor,3785.0,3786.0,1.0
2024.09.24_16-57-51_Yakuba7_no_odor,3788.0,4320.0,1.0
2024.09.24_16-57-51_Yakuba7_no_odor,4322.0,4327.0,1.0
2024.09.24_16-57-51_Yakuba7_no_odor,4329.0,4339.0,1.0
2024.09.24_16-57-51_Yakuba7_no_odor,4341.0,4348.0,1.0
2024.09.24_16-57-51_Yakuba7_no_odor,4350.0,4355.0,1.0
2024.09.24_16-57-51_Yakuba7_no_odor,4357.0,4357.0,1.0
2024.09.24_16-57-51_Yakuba7_no_odor,4359.0,4370.0,1.0
2024.09.24_16-57-51_Yakuba7_no_odor,4372.0,4378.0,1.0
2024.09.24_16-57-51_Yakuba7_no_odor,4380.0,4381.0,1.0
2024.09.24_16-57-51_Yakuba7_no_odor,4383.0,4447.0,1.0
2024.09.24_16-57-51_Yakuba7_no_odor,4449.0,4462.0,1.0
2024.09.24_16-57-51_Yakuba7_no_odor,4464.0,4475.0,1.0
2024.09.24_16-57-51_Yakuba7_no_odor,4478.0,4480.0,1.0
2024.09.24_16-57-51_Yakuba7_no_odor,4482.0,4482.0,1.0
2024.09.24_16-57-51_Yakuba7_no_odor,4485.0,4489.0,1.0
2024.09.24_16-57-51_Yakuba7_no_odor,4491.0,4493.0,1.0
2024.09.24_16-57-51_Yakuba7_no_odor,4495.0,4495.0,1.0
2024.09.24_16-57-51_Yakuba7_no_odor,4497.0,4514.0,1.0
2024.09.24_16-57-51_Yakuba7_no_odor,4516.0,4518.0,1.0
2024.09.24_16-57-51_Yakuba7_no_odor,4520.0,4547.0,1.0
2024.09.24_16-57-51_Yakuba7_no_odor,4549.0,4640.0,1.0
2024.09.24_16-57-51_Yakuba7_no_odor,4644.0,4644.0,1.0
2024.09.24_16-57-51_Yakuba7_no_odor,4646.0,4646.0,1.0
2024.09.24_16-57-51_Yakuba7_no_odor,4648.0,4649.0,1.0
2024.09.24_16-57-51_Yakuba7_no_odor,4651.0,4652.0,1.0
2024.09.24_16-57-51_Yakuba7_no_odor,4654.0,4658.0,1.0
2024.09.24_16-57-51_Yakuba7_no_odor,4660.0,4716.0,1.0
2024.09.24_16-57-51_Yakuba7_no_odor,4718.0,4738.0,1.0
2024.09.24_16-57-51_Yakuba7_no_odor,4740.0,4743.0,1.0
2024.09.24_16-57-51_Yakuba7_no_odor,4745.0,4746.0,1.0
2024.09.24_16-57-51_Yakuba7_no_odor,4748.0,4750.0,1.0
2024.09.24_16-57-51_Yakuba7_no_odor,4754.0,4755.0,1.0
2024.09.24_16-57-51_Yakuba7_no_odor,4758.0,4768.0,1.0
2024.09.24_16-57-51_Yakuba7_no_odor,4771.0,4774.0,1.0
2024.09.24_16-57-51_Yakuba7_no_odor,4776.0,4782.0,1.0
2024.09.24_16-57-51_Yakuba7_no_odor,4785.0,4787.0,1.0
2024.09.24_16-57-51_Yakuba7_no_odor,4790.0,4792.0,1.0
2024.09.24_16-57-51_Yakuba7_no_odor,4795.0,4796.0,1.0
2024.09.24_16-57-51_Yakuba7_no_odor,4799.0,4803.0,1.0
2024.09.24_16-57-51_Yakuba7_no_odor,4806.0,4812.0,1.0
2024.09.24_16-57-51_Yakuba7_no_odor,4814.0,4816.0,1.0
2024.09.24_16-57-51_Yakuba7_no_odor,4818.0,4820.0,1.0
2024.09.24_16-57-51_Yakuba7_no_odor,4822.0,4822.0,1.0
2024.09.24_16-57-51_Yakuba7_no_odor,4824.0,4825.0,1.0
2024.09.24_16-57-51_Yakuba7_no_odor,4827.0,4830.0,1.0
2024.09.24_16-57-51_Yakuba7_no_odor,4833.0,4834.0,1.0
2024.09.24_16-57-51_Yakuba7_no_odor,4836.0,5313.0,1.0
2024.09.24_16-57-51_Yakuba7_no_odor,5315.0,5315.0,1.0
2024.09.24_16-57-51_Yakuba7_no_odor,5319.0,5319.0,1.0
2024.09.24_16-57-51_Yakuba7_no_odor,5324.0,5324.0,1.0
2024.09.24_16-57-51_Yakuba7_no_odor,5326.0,5326.0,1.0
2024.09.24_16-57-51_Yakuba7_no_odor,5329.0,5335.0,1.0
2024.09.24_16-57-51_Yakuba7_no_odor,5337.0,5338.0,1.0
2024.09.24_16-57-51_Yakuba7_no_odor,5342.0,5345.0,1.0
2024.09.24_16-57-51_Yakuba7_no_odor,5348.0,5351.0,1.0
2024.09.24_16-57-51_Yakuba7_no_odor,5353.0,5355.0,1.0
2024.09.24_16-57-51_Yakuba7_no_odor,5358.0,5358.0,1.0
2024.09.24_16-57-51_Yakuba7_no_odor,5362.0,5365.0,1.0
2024.09.24_16-57-51_Yakuba7_no_odor,5367.0,5372.0,1.0
2024.09.24_16-57-51_Yakuba7_no_odor,5376.0,5382.0,1.0
2024.09.24_16-57-51_Yakuba7_no_odor,5384.0,5393.0,1.0
2024.09.24_16-57-51_Yakuba7_no_odor,5395.0,5395.0,1.0
2024.09.24_16-57-51_Yakuba7_no_odor,5397.0,5403.0,1.0
2024.09.24_16-57-51_Yakuba7_no_odor,5405.0,5409.0,1.0
2024.09.24_16-57-51_Yakuba7_no_odor,5411.0,5411.0,1.0
2024.09.24_16-57-51_Yakuba7_no_odor,5413.0,5419.0,1.0
2024.09.24_16-57-51_Yakuba7_no_odor,5422.0,5449.0,1.0
2024.09.24_16-57-51_Yakuba7_no_odor,5451.0,5451.0,1.0
2024.09.24_16-57-51_Yakuba7_no_odor,5453.0,5468.0,1.0
2024.09.24_16-57-51_Yakuba7_no_odor,5470.0,5478.0,1.0
2024.09.24_16-57-51_Yakuba7_no_odor,5480.0,5480.0,1.0
2024.09.24_16-57-51_Yakuba7_no_odor,5482.0,5483.0,1.0
2024.09.24_16-57-51_Yakuba7_no_odor,5485.0,5490.0,1.0
2024.09.24_16-57-51_Yakuba7_no_odor,5492.0,5498.0,1.0
2024.09.24_16-57-51_Yakuba7_no_odor,5500.0,5502.0,1.0
2024.09.24_16-57-51_Yakuba7_no_odor,5504.0,5520.0,1.0
2024.09.24_16-57-51_Yakuba7_no_odor,5522.0,5533.0,1.0
2024.09.24_16-57-51_Yakuba7_no_odor,5535.0,5608.0,1.0
2024.09.24_16-57-51_Yakuba7_no_odor,5610.0,5611.0,1.0
2024.09.24_16-57-51_Yakuba7_no_odor,5613.0,5619.0,1.0
2024.09.24_16-57-51_Yakuba7_no_odor,5621.0,5624.0,1.0
2024.09.24_16-57-51_Yakuba7_no_odor,5627.0,5627.0,1.0
2024.09.24_16-57-51_Yakuba7_no_odor,5629.0,5630.0,1.0
2024.09.24_16-57-51_Yakuba7_no_odor,5632.0,5635.0,1.0
2024.09.24_16-57-51_Yakuba7_no_odor,5637.0,5641.0,1.0
2024.09.24_16-57-51_Yakuba7_no_odor,5649.0,5661.0,1.0
2024.09.24_16-57-51_Yakuba7_no_odor,5666.0,5680.0,1.0
2024.09.24_16-57-51_Yakuba7_no_odor,5682.0,5683.0,1.0
2024.09.24_16-57-51_Yakuba7_no_odor,5685.0,5685.0,1.0
2024.09.24_16-57-51_Yakuba7_no_odor,5687.0,5691.0,1.0
2024.09.24_16-57-51_Yakuba7_no_odor,5693.0,5701.0,1.0
2024.09.24_16-57-51_Yakuba7_no_odor,5703.0,5706.0,1.0
2024.09.24_16-57-51_Yakuba7_no_odor,5709.0,5709.0,1.0
2024.09.24_16-57-51_Yakuba7_no_odor,5711.0,5713.0,1.0
2024.09.24_16-57-51_Yakuba7_no_odor,5719.0,5720.0,1.0
2024.09.24_16-57-51_Yakuba7_no_odor,5722.0,5722.0,1.0
2024.09.24_16-57-51_Yakuba7_no_odor,5724.0,5724.0,1.0
2024.09.24_16-57-51_Yakuba7_no_odor,5728.0,5728.0,1.0
2024.09.24_16-57-51_Yakuba7_no_odor,5733.0,5738.0,1.0
2024.09.24_16-57-51_Yakuba7_no_odor,5740.0,5740.0,1.0
2024.09.24_16-57-51_Yakuba7_no_odor,5742.0,5744.0,1.0
2024.09.24_16-57-51_Yakuba7_no_odor,5746.0,5746.0,1.0
2024.09.24_16-57-51_Yakuba7_no_odor,5750.0,5751.0,1.0
2024.09.24_16-57-51_Yakuba7_no_odor,5754.0,5754.0,1.0
2024.09.24_16-57-51_Yakuba7_no_odor,5758.0,5758.0,1.0
2024.09.24_16-57-51_Yakuba7_no_odor,5760.0,5760.0,1.0
2024.09.24_16-57-51_Yakuba7_no_odor,5762.0,5763.0,1.0
2024.09.24_16-57-51_Yakuba7_no_odor,5767.0,5767.0,1.0
2024.09.24_16-57-51_Yakuba7_no_odor,5772.0,5773.0,1.0
2024.09.24_16-57-51_Yakuba7_no_odor,5778.0,5778.0,1.0
2024.09.24_16-57-51_Yakuba7_no_odor,5780.0,5780.0,1.0
2024.09.24_16-57-51_Yakuba7_no_odor,5784.0,5784.0,1.0
2024.09.24_16-57-51_Yakuba7_no_odor,5789.0,5794.0,1.0
2024.09.24_16-57-51_Yakuba7_no_odor,5796.0,5796.0,1.0
2024.09.24_16-57-51_Yakuba7_no_odor,5798.0,5800.0,1.0
2024.09.24_16-57-51_Yakuba7_no_odor,5805.0,5805.0,1.0
2024.09.24_16-57-51_Yakuba7_no_odor,5807.0,5811.0,1.0
2024.09.24_16-57-51_Yakuba7_no_odor,5815.0,5815.0,1.0
2024.09.24_16-57-51_Yakuba7_no_odor,5820.0,5820.0,1.0
2024.09.24_16-57-51_Yakuba7_no_odor,5823.0,5823.0,1.0
2024.09.24_16-57-51_Yakuba7_no_odor,5825.0,5828.0,1.0
2024.09.24_16-57-51_Yakuba7_no_odor,5830.0,5830.0,1.0
2024.09.24_16-57-51_Yakuba7_no_odor,5832.0,5833.0,1.0
2024.09.24_16-57-51_Yakuba7_no_odor,5839.0,5839.0,1.0
2024.09.24_16-57-51_Yakuba7_no_odor,5845.0,5845.0,1.0
2024.09.24_16-57-51_Yakuba7_no_odor,5847.0,5847.0,1.0
2024.09.24_16-57-51_Yakuba7_no_odor,5849.0,5849.0,1.0
2024.09.24_16-57-51_Yakuba7_no_odor,5855.0,5855.0,1.0
2024.09.24_16-57-51_Yakuba7_no_odor,5857.0,5857.0,1.0
2024.09.24_16-57-51_Yakuba7_no_odor,5860.0,5861.0,1.0
2024.09.24_16-57-51_Yakuba7_no_odor,5864.0,5869.0,1.0
2024.09.24_16-57-51_Yakuba7_no_odor,5871.0,5871.0,1.0
2024.09.24_16-57-51_Yakuba7_no_odor,5874.0,5875.0,1.0
2024.09.24_16-57-51_Yakuba7_no_odor,5884.0,5884.0,1.0
2024.09.24_16-57-51_Yakuba7_no_odor,5886.0,5888.0,1.0
2024.09.24_16-57-51_Yakuba7_no_odor,5891.0,5891.0,1.0
2024.09.24_16-57-51_Yakuba7_no_odor,5893.0,5895.0,1.0
2024.09.24_16-57-51_Yakuba7_no_odor,5897.0,5908.0,1.0
2024.09.24_16-57-51_Yakuba7_no_odor,5910.0,5910.0,1.0
2024.09.24_16-57-51_Yakuba7_no_odor,5914.0,5916.0,1.0
2024.09.24_16-57-51_Yakuba7_no_odor,5918.0,5919.0,1.0
2024.09.24_16-57-51_Yakuba7_no_odor,5921.0,5923.0,1.0
2024.09.24_16-57-51_Yakuba7_no_odor,5925.0,5927.0,1.0
2024.09.24_16-57-51_Yakuba7_no_odor,5929.0,5934.0,1.0
2024.09.24_16-57-51_Yakuba7_no_odor,5936.0,5941.0,1.0
2024.09.24_16-57-51_Yakuba7_no_odor,5943.0,5943.0,1.0
2024.09.24_16-57-51_Yakuba7_no_odor,5945.0,5952.0,1.0
2024.09.24_16-57-51_Yakuba7_no_odor,5954.0,5963.0,1.0
2024.09.24_16-57-51_Yakuba7_no_odor,5965.0,5977.0,1.0
2024.09.24_16-57-51_Yakuba7_no_odor,5979.0,5979.0,1.0
2024.09.24_16-57-51_Yakuba7_no_odor,5981.0,5985.0,1.0
2024.09.24_16-57-51_Yakuba7_no_odor,5988.0,5988.0,1.0
2024.09.24_16-57-51_Yakuba7_no_odor,5990.0,6012.0,1.0
2024.09.24_16-57-51_Yakuba7_no_odor,6014.0,6018.0,1.0
2024.09.24_16-57-51_Yakuba7_no_odor,6021.0,6023.0,1.0
2024.09.24_16-57-51_Yakuba7_no_odor,6025.0,6031.0,1.0
2024.09.24_16-57-51_Yakuba7_no_odor,6033.0,6042.0,1.0
2024.09.24_16-57-51_Yakuba7_no_odor,6044.0,6047.0,1.0
2024.09.24_16-57-51_Yakuba7_no_odor,6049.0,6059.0,1.0
2024.09.24_16-57-51_Yakuba7_no_odor,6062.0,6062.0,1.0
2024.09.24_16-57-51_Yakuba7_no_odor,6064.0,6064.0,1.0
2024.09.24_16-57-51_Yakuba7_no_odor,6066.0,6084.0,1.0
2024.09.24_16-57-51_Yakuba7_no_odor,6087.0,6089.0,1.0
2024.09.24_16-57-51_Yakuba7_no_odor,6092.0,6096.0,1.0
2024.09.24_16-57-51_Yakuba7_no_odor,6098.0,6101.0,1.0
2024.09.24_16-57-51_Yakuba7_no_odor,6103.0,6111.0,1.0
2024.09.24_16-57-51_Yakuba7_no_odor,6113.0,6116.0,1.0
2024.09.24_16-57-51_Yakuba7_no_odor,6118.0,6124.0,1.0
2024.09.24_16-57-51_Yakuba7_no_odor,6126.0,6130.0,1.0
2024.09.24_16-57-51_Yakuba7_no_odor,6132.0,6136.0,1.0
2024.09.24_16-57-51_Yakuba7_no_odor,6138.0,6139.0,1.0
2024.09.24_16-57-51_Yakuba7_no_odor,6141.0,6143.0,1.0
2024.09.24_16-57-51_Yakuba7_no_odor,6145.0,6150.0,1.0
2024.09.24_16-57-51_Yakuba7_no_odor,6153.0,6154.0,1.0
2024.09.24_16-57-51_Yakuba7_no_odor,6156.0,6159.0,1.0
2024.09.24_16-57-51_Yakuba7_no_odor,6161.0,6161.0,1.0
2024.09.24_16-57-51_Yakuba7_no_odor,6163.0,6170.0,1.0
2024.09.24_16-57-51_Yakuba7_no_odor,6172.0,6184.0,1.0
2024.09.24_16-57-51_Yakuba7_no_odor,6186.0,6187.0,1.0
2024.09.24_16-57-51_Yakuba7_no_odor,6189.0,6189.0,1.0
2024.09.24_16-57-51_Yakuba7_no_odor,6191.0,6192.0,1.0
2024.09.24_16-57-51_Yakuba7_no_odor,6194.0,6197.0,1.0
2024.09.24_16-57-51_Yakuba7_no_odor,6199.0,6200.0,1.0
2024.09.24_16-57-51_Yakuba7_no_odor,6202.0,6202.0,1.0
2024.09.24_16-57-51_Yakuba7_no_odor,6204.0,6204.0,1.0
2024.09.24_16-57-51_Yakuba7_no_odor,6206.0,6206.0,1.0
2024.09.24_16-57-51_Yakuba7_no_odor,6208.0,6218.0,1.0
2024.09.24_16-57-51_Yakuba7_no_odor,6220.0,6259.0,1.0
2024.09.24_16-57-51_Yakuba7_no_odor,6261.0,6286.0,1.0
2024.09.24_16-57-51_Yakuba7_no_odor,6288.0,6302.0,1.0
2024.09.24_16-57-51_Yakuba7_no_odor,6305.0,6310.0,1.0
2024.09.24_16-57-51_Yakuba7_no_odor,6312.0,6327.0,1.0
2024.09.24_16-57-51_Yakuba7_no_odor,6329.0,6329.0,1.0
2024.09.24_16-57-51_Yakuba7_no_odor,6331.0,6339.0,1.0
2024.09.24_16-57-51_Yakuba7_no_odor,6341.0,6347.0,1.0
2024.09.24_16-57-51_Yakuba7_no_odor,6351.0,6351.0,1.0
2024.09.24_16-57-51_Yakuba7_no_odor,6353.0,6353.0,1.0
2024.09.24_16-57-51_Yakuba7_no_odor,6357.0,6363.0,1.0
2024.09.24_16-57-51_Yakuba7_no_odor,6365.0,6369.0,1.0
2024.09.24_16-57-51_Yakuba7_no_odor,6371.0,6373.0,1.0
2024.09.24_16-57-51_Yakuba7_no_odor,6375.0,6378.0,1.0
2024.09.24_16-57-51_Yakuba7_no_odor,6380.0,6383.0,1.0
2024.09.24_16-57-51_Yakuba7_no_odor,6385.0,6386.0,1.0
2024.09.24_16-57-51_Yakuba7_no_odor,6388.0,6395.0,1.0
2024.09.24_16-57-51_Yakuba7_no_odor,6397.0,6399.0,1.0
2024.09.24_16-57-51_Yakuba7_no_odor,6401.0,6402.0,1.0
2024.09.24_16-57-51_Yakuba7_no_odor,6405.0,6405.0,1.0
2024.09.24_16-57-51_Yakuba7_no_odor,6407.0,6410.0,1.0
2024.09.24_16-57-51_Yakuba7_no_odor,6412.0,6414.0,1.0
2024.09.24_16-57-51_Yakuba7_no_odor,6416.0,6416.0,1.0
2024.09.24_16-57-51_Yakuba7_no_odor,6420.0,6420.0,1.0
2024.09.24_16-57-51_Yakuba7_no_odor,6424.0,6428.0,1.0
2024.09.24_16-57-51_Yakuba7_no_odor,6430.0,6433.0,1.0
2024.09.24_16-57-51_Yakuba7_no_odor,6435.0,6435.0,1.0
2024.09.24_16-57-51_Yakuba7_no_odor,6437.0,6445.0,1.0
2024.09.24_16-57-51_Yakuba7_no_odor,6447.0,6447.0,1.0
2024.09.24_16-57-51_Yakuba7_no_odor,6449.0,6449.0,1.0
2024.09.24_16-57-51_Yakuba7_no_odor,6451.0,6451.0,1.0
2024.09.24_16-57-51_Yakuba7_no_odor,6454.0,6454.0,1.0
2024.09.24_16-57-51_Yakuba7_no_odor,6456.0,6457.0,1.0
2024.09.24_16-57-51_Yakuba7_no_odor,6460.0,6462.0,1.0
2024.09.24_16-57-51_Yakuba7_no_odor,6465.0,6465.0,1.0
2024.09.24_16-57-51_Yakuba7_no_odor,6467.0,6467.0,1.0
2024.09.24_16-57-51_Yakuba7_no_odor,6469.0,6469.0,1.0
2024.09.24_16-57-51_Yakuba7_no_odor,6471.0,6471.0,1.0
2024.09.24_16-57-51_Yakuba7_no_odor,6475.0,6476.0,1.0
2024.09.24_16-57-51_Yakuba7_no_odor,6478.0,6480.0,1.0
2024.09.24_16-57-51_Yakuba7_no_odor,6486.0,6487.0,1.0
2024.09.24_16-57-51_Yakuba7_no_odor,6489.0,6489.0,1.0
2024.09.24_16-57-51_Yakuba7_no_odor,6494.0,6494.0,1.0
2024.09.24_16-57-51_Yakuba7_no_odor,6496.0,6500.0,1.0
2024.09.24_16-57-51_Yakuba7_no_odor,6504.0,6504.0,1.0
2024.09.24_16-57-51_Yakuba7_no_odor,6506.0,6507.0,1.0
2024.09.24_16-57-51_Yakuba7_no_odor,6515.0,6515.0,1.0
2024.09.24_16-57-51_Yakuba7_no_odor,6517.0,6517.0,1.0
2024.09.24_16-57-51_Yakuba7_no_odor,6519.0,6531.0,1.0
2024.09.24_16-57-51_Yakuba7_no_odor,6533.0,6533.0,1.0
2024.09.24_16-57-51_Yakuba7_no_odor,6535.0,6535.0,1.0
2024.09.24_16-57-51_Yakuba7_no_odor,6538.0,6540.0,1.0
2024.09.24_16-57-51_Yakuba7_no_odor,6542.0,6542.0,1.0
2024.09.24_16-57-51_Yakuba7_no_odor,6544.0,6550.0,1.0
2024.09.24_16-57-51_Yakuba7_no_odor,6555.0,6558.0,1.0
2024.09.24_16-57-51_Yakuba7_no_odor,6561.0,6563.0,1.0
2024.09.24_16-57-51_Yakuba7_no_odor,6567.0,6567.0,1.0
2024.09.24_16-57-51_Yakuba7_no_odor,6569.0,6569.0,1.0
2024.09.24_16-57-51_Yakuba7_no_odor,6571.0,6571.0,1.0
2024.09.24_16-57-51_Yakuba7_no_odor,6573.0,6587.0,1.0
2024.09.24_16-57-51_Yakuba7_no_odor,6589.0,6598.0,1.0
2024.09.24_16-57-51_Yakuba7_no_odor,6600.0,6600.0,1.0
2024.09.24_16-57-51_Yakuba7_no_odor,6602.0,6606.0,1.0
2024.09.24_16-57-51_Yakuba7_no_odor,6608.0,6616.0,1.0
2024.09.24_16-57-51_Yakuba7_no_odor,6618.0,6622.0,1.0
2024.09.24_16-57-51_Yakuba7_no_odor,6624.0,6628.0,1.0
2024.09.24_16-57-51_Yakuba7_no_odor,6630.0,6637.0,1.0
2024.09.24_16-57-51_Yakuba7_no_odor,6639.0,6710.0,1.0
2024.09.24_16-57-51_Yakuba7_no_odor,6712.0,6725.0,1.0
2024.09.24_16-57-51_Yakuba7_no_odor,6727.0,6734.0,1.0
2024.09.24_16-57-51_Yakuba7_no_odor,6736.0,6740.0,1.0
2024.09.24_16-57-51_Yakuba7_no_odor,6743.0,6743.0,1.0
2024.09.24_16-57-51_Yakuba7_no_odor,6745.0,6745.0,1.0
2024.09.24_16-57-51_Yakuba7_no_odor,6747.0,6747.0,1.0
2024.09.24_16-57-51_Yakuba7_no_odor,6749.0,6752.0,1.0
2024.09.24_16-57-51_Yakuba7_no_odor,6755.0,6789.0,1.0
2024.09.24_16-57-51_Yakuba7_no_odor,6792.0,6794.0,1.0
2024.09.24_16-57-51_Yakuba7_no_odor,6796.0,6797.0,1.0
2024.09.24_16-57-51_Yakuba7_no_odor,6799.0,6803.0,1.0
2024.09.24_16-57-51_Yakuba7_no_odor,6805.0,6808.0,1.0
2024.09.24_16-57-51_Yakuba7_no_odor,6810.0,6814.0,1.0
2024.09.24_16-57-51_Yakuba7_no_odor,6817.0,6821.0,1.0
2024.09.24_16-57-51_Yakuba7_no_odor,6823.0,6825.0,1.0
2024.09.24_16-57-51_Yakuba7_no_odor,6828.0,6829.0,1.0
2024.09.24_16-57-51_Yakuba7_no_odor,6831.0,6833.0,1.0
2024.09.24_16-57-51_Yakuba7_no_odor,6835.0,6836.0,1.0
2024.09.24_16-57-51_Yakuba7_no_odor,6838.0,6842.0,1.0
2024.09.24_16-57-51_Yakuba7_no_odor,6844.0,6848.0,1.0
2024.09.24_16-57-51_Yakuba7_no_odor,6850.0,6852.0,1.0
2024.09.24_16-57-51_Yakuba7_no_odor,6856.0,6858.0,1.0
2024.09.24_16-57-51_Yakuba7_no_odor,6860.0,6863.0,1.0
2024.09.24_16-57-51_Yakuba7_no_odor,6868.0,6868.0,1.0
2024.09.24_16-57-51_Yakuba7_no_odor,6870.0,6873.0,1.0
2024.09.24_16-57-51_Yakuba7_no_odor,6876.0,6876.0,1.0
2024.09.24_16-57-51_Yakuba7_no_odor,6879.0,6888.0,1.0
2024.09.24_16-57-51_Yakuba7_no_odor,6891.0,6891.0,1.0
2024.09.24_16-57-51_Yakuba7_no_odor,6893.0,6894.0,1.0
2024.09.24_16-57-51_Yakuba7_no_odor,6896.0,6896.0,1.0
2024.09.24_16-57-51_Yakuba7_no_odor,6900.0,6901.0,1.0
2024.09.24_16-57-51_Yakuba7_no_odor,6903.0,6903.0,1.0
2024.09.24_16-57-51_Yakuba7_no_odor,6905.0,6910.0,1.0
2024.09.24_16-57-51_Yakuba7_no_odor,6912.0,6913.0,1.0
2024.09.24_16-57-51_Yakuba7_no_odor,6915.0,6916.0,1.0
2024.09.24_16-57-51_Yakuba7_no_odor,6918.0,6924.0,1.0
2024.09.24_16-57-51_Yakuba7_no_odor,6926.0,6926.0,1.0
2024.09.24_16-57-51_Yakuba7_no_odor,6930.0,6930.0,1.0
2024.09.24_16-57-51_Yakuba7_no_odor,6932.0,6933.0,1.0
2024.09.24_16-57-51_Yakuba7_no_odor,6938.0,6938.0,1.0
2024.09.24_16-57-51_Yakuba7_no_odor,6941.0,6950.0,1.0
2024.09.24_16-57-51_Yakuba7_no_odor,6952.0,6956.0,1.0
2024.09.24_16-57-51_Yakuba7_no_odor,6959.0,6964.0,1.0
2024.09.24_16-57-51_Yakuba7_no_odor,6967.0,6967.0,1.0
2024.09.24_16-57-51_Yakuba7_no_odor,6969.0,6969.0,1.0
2024.09.24_16-57-51_Yakuba7_no_odor,6972.0,6975.0,1.0
2024.09.24_16-57-51_Yakuba7_no_odor,6977.0,6978.0,1.0
2024.09.24_16-57-51_Yakuba7_no_odor,6980.0,6980.0,1.0
2024.09.24_16-57-51_Yakuba7_no_odor,6982.0,6984.0,1.0
2024.09.24_16-57-51_Yakuba7_no_odor,6987.0,6990.0,1.0
2024.09.24_16-57-51_Yakuba7_no_odor,6992.0,6994.0,1.0
2024.09.24_16-57-51_Yakuba7_no_odor,6997.0,6999.0,1.0
2024.09.24_16-57-51_Yakuba7_no_odor,7001.0,7004.0,1.0
2024.09.24_16-57-51_Yakuba7_no_odor,7008.0,7020.0,1.0
2024.09.24_16-57-51_Yakuba7_no_odor,7022.0,7023.0,1.0
2024.09.24_16-57-51_Yakuba7_no_odor,7025.0,7025.0,1.0
2024.09.24_16-57-51_Yakuba7_no_odor,7027.0,7028.0,1.0
2024.09.24_16-57-51_Yakuba7_no_odor,7030.0,7031.0,1.0
2024.09.24_16-57-51_Yakuba7_no_odor,7033.0,7033.0,1.0
2024.09.24_16-57-51_Yakuba7_no_odor,7036.0,7037.0,1.0
2024.09.24_16-57-51_Yakuba7_no_odor,7039.0,7039.0,1.0
2024.09.24_16-57-51_Yakuba7_no_odor,7041.0,7046.0,1.0
2024.09.24_16-57-51_Yakuba7_no_odor,7048.0,7056.0,1.0
2024.09.24_16-57-51_Yakuba7_no_odor,7058.0,7059.0,1.0
2024.09.24_16-57-51_Yakuba7_no_odor,7061.0,7062.0,1.0
2024.09.24_16-57-51_Yakuba7_no_odor,7064.0,7069.0,1.0
2024.09.24_16-57-51_Yakuba7_no_odor,7071.0,7072.0,1.0
2024.09.24_16-57-51_Yakuba7_no_odor,7074.0,7078.0,1.0
2024.09.24_16-57-51_Yakuba7_no_odor,7080.0,7087.0,1.0
2024.09.24_16-57-51_Yakuba7_no_odor,7089.0,7090.0,1.0
2024.09.24_16-57-51_Yakuba7_no_odor,7092.0,7093.0,1.0
2024.09.24_16-57-51_Yakuba7_no_odor,7095.0,7098.0,1.0
2024.09.24_16-57-51_Yakuba7_no_odor,7100.0,7102.0,1.0
2024.09.24_16-57-51_Yakuba7_no_odor,7104.0,7106.0,1.0
2024.09.24_16-57-51_Yakuba7_no_odor,7108.0,7110.0,1.0
2024.09.24_16-57-51_Yakuba7_no_odor,7112.0,7112.0,1.0
2024.09.24_16-57-51_Yakuba7_no_odor,7115.0,7123.0,1.0
2024.09.24_16-57-51_Yakuba7_no_odor,7125.0,7128.0,1.0
2024.09.24_16-57-51_Yakuba7_no_odor,7130.0,7133.0,1.0
2024.09.24_16-57-51_Yakuba7_no_odor,7135.0,7138.0,1.0
2024.09.24_16-57-51_Yakuba7_no_odor,7140.0,7147.0,1.0
2024.09.24_16-57-51_Yakuba7_no_odor,7149.0,7149.0,1.0
2024.09.24_16-57-51_Yakuba7_no_odor,7151.0,7157.0,1.0
2024.09.24_16-57-51_Yakuba7_no_odor,7160.0,7162.0,1.0
2024.09.24_16-57-51_Yakuba7_no_odor,7165.0,7165.0,1.0
2024.09.24_16-57-51_Yakuba7_no_odor,7167.0,7172.0,1.0
2024.09.24_16-57-51_Yakuba7_no_odor,7174.0,7191.0,1.0
2024.09.24_16-57-51_Yakuba7_no_odor,7194.0,7206.0,1.0
2024.09.24_16-57-51_Yakuba7_no_odor,7208.0,7208.0,1.0
2024.09.24_16-57-51_Yakuba7_no_odor,7210.0,7211.0,1.0
2024.09.24_16-57-51_Yakuba7_no_odor,7215.0,7216.0,1.0
2024.09.24_16-57-51_Yakuba7_no_odor,7218.0,7219.0,1.0
2024.09.24_16-57-51_Yakuba7_no_odor,7221.0,7223.0,1.0
2024.09.24_16-57-51_Yakuba7_no_odor,7226.0,7229.0,1.0
2024.09.24_16-57-51_Yakuba7_no_odor,7231.0,7232.0,1.0
2024.09.24_16-57-51_Yakuba7_no_odor,7235.0,7239.0,1.0
2024.09.24_16-57-51_Yakuba7_no_odor,7241.0,7241.0,1.0
2024.09.24_16-57-51_Yakuba7_no_odor,7243.0,7245.0,1.0
2024.09.24_16-57-51_Yakuba7_no_odor,7247.0,7250.0,1.0
2024.09.24_16-57-51_Yakuba7_no_odor,7252.0,7253.0,1.0
2024.09.24_16-57-51_Yakuba7_no_odor,7255.0,7255.0,1.0
2024.09.24_16-57-51_Yakuba7_no_odor,7258.0,7258.0,1.0
2024.09.24_16-57-51_Yakuba7_no_odor,7260.0,7269.0,1.0
2024.09.24_16-57-51_Yakuba7_no_odor,7272.0,7276.0,1.0
2024.09.24_16-57-51_Yakuba7_no_odor,7279.0,7280.0,1.0
2024.09.24_16-57-51_Yakuba7_no_odor,7282.0,7284.0,1.0
2024.09.24_16-57-51_Yakuba7_no_odor,7286.0,7288.0,1.0
2024.09.24_16-57-51_Yakuba7_no_odor,7290.0,7290.0,1.0
2024.09.24_16-57-51_Yakuba7_no_odor,7292.0,7294.0,1.0
2024.09.24_16-57-51_Yakuba7_no_odor,7298.0,7302.0,1.0
2024.09.24_16-57-51_Yakuba7_no_odor,7304.0,7309.0,1.0
2024.09.24_16-57-51_Yakuba7_no_odor,7311.0,7321.0,1.0
2024.09.24_16-57-51_Yakuba7_no_odor,7323.0,7326.0,1.0
2024.09.24_16-57-51_Yakuba7_no_odor,7329.0,7330.0,1.0
2024.09.24_16-57-51_Yakuba7_no_odor,7332.0,7344.0,1.0
2024.09.24_16-57-51_Yakuba7_no_odor,7346.0,7346.0,1.0
2024.09.24_16-57-51_Yakuba7_no_odor,7349.0,7350.0,1.0
2024.09.24_16-57-51_Yakuba7_no_odor,7352.0,7354.0,1.0
2024.09.24_16-57-51_Yakuba7_no_odor,7356.0,7361.0,1.0
2024.09.24_16-57-51_Yakuba7_no_odor,7364.0,7368.0,1.0
2024.09.24_16-57-51_Yakuba7_no_odor,7370.0,7376.0,1.0
2024.09.24_16-57-51_Yakuba7_no_odor,7378.0,7379.0,1.0
2024.09.24_16-57-51_Yakuba7_no_odor,7381.0,7382.0,1.0
2024.09.24_16-57-51_Yakuba7_no_odor,7385.0,7392.0,1.0
2024.09.24_16-57-51_Yakuba7_no_odor,7394.0,7404.0,1.0
2024.09.24_16-57-51_Yakuba7_no_odor,7406.0,7407.0,1.0
2024.09.24_16-57-51_Yakuba7_no_odor,7409.0,7412.0,1.0
2024.09.24_16-57-51_Yakuba7_no_odor,7414.0,7418.0,1.0
2024.09.24_16-57-51_Yakuba7_no_odor,7420.0,7421.0,1.0
2024.09.24_16-57-51_Yakuba7_no_odor,7423.0,7427.0,1.0
2024.09.24_16-57-51_Yakuba7_no_odor,7432.0,7437.0,1.0
2024.09.24_16-57-51_Yakuba7_no_odor,7439.0,7442.0,1.0
2024.09.24_16-57-51_Yakuba7_no_odor,7444.0,7461.0,1.0
2024.09.24_16-57-51_Yakuba7_no_odor,7463.0,7466.0,1.0
2024.09.24_16-57-51_Yakuba7_no_odor,7468.0,7475.0,1.0
2024.09.24_16-57-51_Yakuba7_no_odor,7478.0,7483.0,1.0
2024.09.24_16-57-51_Yakuba7_no_odor,7486.0,7490.0,1.0
2024.09.24_16-57-51_Yakuba7_no_odor,7495.0,7495.0,1.0
2024.09.24_16-57-51_Yakuba7_no_odor,7498.0,7498.0,1.0
2024.09.24_16-57-51_Yakuba7_no_odor,7500.0,7503.0,1.0
2024.09.24_16-57-51_Yakuba7_no_odor,7505.0,7505.0,1.0
2024.09.24_16-57-51_Yakuba7_no_odor,7508.0,7508.0,1.0
2024.09.24_16-57-51_Yakuba7_no_odor,7512.0,7512.0,1.0
2024.09.24_16-57-51_Yakuba7_no_odor,7515.0,7515.0,1.0
2024.09.24_16-57-51_Yakuba7_no_odor,7519.0,7519.0,1.0
2024.09.24_16-57-51_Yakuba7_no_odor,7525.0,7525.0,1.0
2024.09.24_16-57-51_Yakuba7_no_odor,7527.0,7527.0,1.0
2024.09.24_16-57-51_Yakuba7_no_odor,7529.0,7533.0,1.0
2024.09.24_16-57-51_Yakuba7_no_odor,7535.0,7536.0,1.0
2024.09.24_16-57-51_Yakuba7_no_odor,7538.0,7539.0,1.0
2024.09.24_16-57-51_Yakuba7_no_odor,7541.0,7541.0,1.0
2024.09.24_16-57-51_Yakuba7_no_odor,7543.0,7544.0,1.0
2024.09.24_16-57-51_Yakuba7_no_odor,7546.0,7547.0,1.0
2024.09.24_16-57-51_Yakuba7_no_odor,7549.0,7552.0,1.0
2024.09.24_16-57-51_Yakuba7_no_odor,7554.0,7558.0,1.0
2024.09.24_16-57-51_Yakuba7_no_odor,7560.0,7562.0,1.0
2024.09.24_16-57-51_Yakuba7_no_odor,7564.0,7565.0,1.0
2024.09.24_16-57-51_Yakuba7_no_odor,7567.0,7567.0,1.0
2024.09.24_16-57-51_Yakuba7_no_odor,7570.0,7570.0,1.0
2024.09.24_16-57-51_Yakuba7_no_odor,7573.0,7575.0,1.0
2024.09.24_16-57-51_Yakuba7_no_odor,7577.0,7580.0,1.0
2024.09.24_16-57-51_Yakuba7_no_odor,7582.0,7592.0,1.0
2024.09.24_16-57-51_Yakuba7_no_odor,7594.0,7614.0,1.0
2024.09.24_16-57-51_Yakuba7_no_odor,7616.0,7624.0,1.0
2024.09.24_16-57-51_Yakuba7_no_odor,7627.0,7629.0,1.0
2024.09.24_16-57-51_Yakuba7_no_odor,7631.0,7638.0,1.0
2024.09.24_16-57-51_Yakuba7_no_odor,7640.0,7640.0,1.0
2024.09.24_16-57-51_Yakuba7_no_odor,7642.0,7645.0,1.0
2024.09.24_16-57-51_Yakuba7_no_odor,7648.0,7648.0,1.0
2024.09.24_16-57-51_Yakuba7_no_odor,7650.0,7650.0,1.0
2024.09.24_16-57-51_Yakuba7_no_odor,7655.0,7656.0,1.0
2024.09.24_16-57-51_Yakuba7_no_odor,7658.0,7659.0,1.0
2024.09.24_16-57-51_Yakuba7_no_odor,7663.0,7664.0,1.0
2024.09.24_16-57-51_Yakuba7_no_odor,7666.0,7667.0,1.0
2024.09.24_16-57-51_Yakuba7_no_odor,7669.0,7669.0,1.0
2024.09.24_16-57-51_Yakuba7_no_odor,7672.0,7678.0,1.0
2024.09.24_16-57-51_Yakuba7_no_odor,7680.0,7684.0,1.0
2024.09.24_16-57-51_Yakuba7_no_odor,7686.0,7690.0,1.0
2024.09.24_16-57-51_Yakuba7_no_odor,7692.0,7693.0,1.0
2024.09.24_16-57-51_Yakuba7_no_odor,7695.0,7696.0,1.0
2024.09.24_16-57-51_Yakuba7_no_odor,7698.0,7701.0,1.0
2024.09.24_16-57-51_Yakuba7_no_odor,7703.0,7703.0,1.0
2024.09.24_16-57-51_Yakuba7_no_odor,7705.0,7709.0,1.0
2024.09.24_16-57-51_Yakuba7_no_odor,7711.0,7713.0,1.0
2024.09.24_16-57-51_Yakuba7_no_odor,7715.0,7718.0,1.0
2024.09.24_16-57-51_Yakuba7_no_odor,7721.0,7721.0,1.0
2024.09.24_16-57-51_Yakuba7_no_odor,7724.0,7734.0,1.0
2024.09.24_16-57-51_Yakuba7_no_odor,7736.0,7740.0,1.0
2024.09.24_16-57-51_Yakuba7_no_odor,7742.0,7742.0,1.0
2024.09.24_16-57-51_Yakuba7_no_odor,7744.0,7758.0,1.0
2024.09.24_16-57-51_Yakuba7_no_odor,7760.0,7767.0,1.0
2024.09.24_16-57-51_Yakuba7_no_odor,7769.0,7772.0,1.0
2024.09.24_16-57-51_Yakuba7_no_odor,7775.0,7819.0,1.0
2024.09.24_16-57-51_Yakuba7_no_odor,7821.0,7837.0,1.0
2024.09.24_16-57-51_Yakuba7_no_odor,7839.0,7839.0,1.0
2024.09.24_16-57-51_Yakuba7_no_odor,7841.0,7845.0,1.0
2024.09.24_16-57-51_Yakuba7_no_odor,7847.0,7861.0,1.0
2024.09.24_16-57-51_Yakuba7_no_odor,7863.0,7865.0,1.0
2024.09.24_16-57-51_Yakuba7_no_odor,7867.0,7908.0,1.0
2024.09.24_16-57-51_Yakuba7_no_odor,7910.0,7910.0,1.0
2024.09.24_16-57-51_Yakuba7_no_odor,7914.0,7916.0,1.0
2024.09.24_16-57-51_Yakuba7_no_odor,7918.0,7919.0,1.0
2024.09.24_16-57-51_Yakuba7_no_odor,7922.0,7922.0,1.0
2024.09.24_16-57-51_Yakuba7_no_odor,7925.0,7926.0,1.0
2024.09.24_16-57-51_Yakuba7_no_odor,7929.0,7932.0,1.0
2024.09.24_16-57-51_Yakuba7_no_odor,7935.0,7945.0,1.0
2024.09.24_16-57-51_Yakuba7_no_odor,7947.0,8078.0,1.0
2024.09.24_16-57-51_Yakuba7_no_odor,8080.0,8102.0,1.0
2024.09.24_16-57-51_Yakuba7_no_odor,8104.0,8106.0,1.0
2024.09.24_16-57-51_Yakuba7_no_odor,8108.0,8108.0,1.0
2024.09.24_16-57-51_Yakuba7_no_odor,8111.0,8118.0,1.0
2024.09.24_16-57-51_Yakuba7_no_odor,8120.0,8121.0,1.0
2024.09.24_16-57-51_Yakuba7_no_odor,8123.0,8136.0,1.0
2024.09.24_16-57-51_Yakuba7_no_odor,8139.0,8185.0,1.0
2024.09.24_16-57-51_Yakuba7_no_odor,8187.0,8217.0,1.0
2024.09.24_16-57-51_Yakuba7_no_odor,8219.0,8234.0,1.0
2024.09.24_16-57-51_Yakuba7_no_odor,8236.0,8333.0,1.0
2024.09.24_16-57-51_Yakuba7_no_odor,8335.0,8357.0,1.0
2024.09.24_16-57-51_Yakuba7_no_odor,8359.0,8379.0,1.0
2024.09.24_16-57-51_Yakuba7_no_odor,8381.0,8395.0,1.0
2024.09.24_16-57-51_Yakuba7_no_odor,8397.0,8417.0,1.0
2024.09.24_16-57-51_Yakuba7_no_odor,8419.0,8447.0,1.0
2024.09.24_16-57-51_Yakuba7_no_odor,8449.0,8458.0,1.0
2024.09.24_16-57-51_Yakuba7_no_odor,8460.0,8478.0,1.0
2024.09.24_16-57-51_Yakuba7_no_odor,8480.0,8482.0,1.0
2024.09.24_16-57-51_Yakuba7_no_odor,8484.0,8784.0,1.0
2024.09.24_16-57-51_Yakuba7_no_odor,8786.0,8810.0,1.0
2024.10.17_14-07-03_Biarmipes_G224_prenac,3.0,206.0,1.0
2024.10.17_14-07-03_Biarmipes_G224_prenac,209.0,212.0,1.0
2024.10.17_14-07-03_Biarmipes_G224_prenac,214.0,215.0,1.0
2024.10.17_14-07-03_Biarmipes_G224_prenac,220.0,220.0,1.0
2024.10.17_14-07-03_Biarmipes_G224_prenac,222.0,222.0,1.0
2024.10.17_14-07-03_Biarmipes_G224_prenac,254.0,254.0,1.0
2024.10.17_14-07-03_Biarmipes_G224_prenac,256.0,256.0,1.0
2024.10.17_14-07-03_Biarmipes_G224_prenac,269.0,273.0,1.0
2024.10.17_14-07-03_Biarmipes_G224_prenac,275.0,277.0,1.0
2024.10.17_14-07-03_Biarmipes_G224_prenac,304.0,304.0,1.0
2024.10.17_14-07-03_Biarmipes_G224_prenac,309.0,309.0,1.0
2024.10.17_14-07-03_Biarmipes_G224_prenac,313.0,379.0,1.0
2024.10.17_14-07-03_Biarmipes_G224_prenac,381.0,388.0,1.0
2024.10.17_14-07-03_Biarmipes_G224_prenac,390.0,390.0,1.0
2024.10.17_14-07-03_Biarmipes_G224_prenac,413.0,414.0,1.0
2024.10.17_14-07-03_Biarmipes_G224_prenac,416.0,417.0,1.0
2024.10.17_14-07-03_Biarmipes_G224_prenac,420.0,420.0,1.0
2024.10.17_14-07-03_Biarmipes_G224_prenac,423.0,1368.0,1.0
2024.10.17_14-07-03_Biarmipes_G224_prenac,1370.0,1559.0,1.0
2024.10.17_14-07-03_Biarmipes_G224_prenac,1561.0,1574.0,1.0
2024.10.17_14-07-03_Biarmipes_G224_prenac,1577.0,1579.0,1.0
2024.10.17_14-07-03_Biarmipes_G224_prenac,1581.0,1582.0,1.0
2024.10.17_14-07-03_Biarmipes_G224_prenac,1584.0,1608.0,1.0
2024.10.17_14-07-03_Biarmipes_G224_prenac,1610.0,1616.0,1.0
2024.10.17_14-07-03_Biarmipes_G224_prenac,1618.0,1619.0,1.0
2024.10.17_14-07-03_Biarmipes_G224_prenac,1621.0,1624.0,1.0
2024.10.24_11-51-34_Biarmipes84_prenac,3.0,2915.0,1.0
2024.10.24_11-51-34_Biarmipes84_prenac,2917.0,2919.0,1.0
2024.10.24_11-51-34_Biarmipes84_prenac,2921.0,3074.0,1.0
2024.10.24_11-51-34_Biarmipes84_prenac,3076.0,3091.0,1.0
2024.10.24_11-51-34_Biarmipes84_prenac,3093.0,3103.0,1.0
2024.10.24_11-51-34_Biarmipes84_prenac,3105.0,3105.0,1.0
2024.10.24_11-51-34_Biarmipes84_prenac,3108.0,3109.0,1.0
2024.10.24_11-51-34_Biarmipes84_prenac,3111.0,3120.0,1.0
2024.10.24_11-51-34_Biarmipes84_prenac,3122.0,3126.0,1.0
2024.10.24_11-51-34_Biarmipes84_prenac,3128.0,3128.0,1.0
2024.10.24_11-51-34_Biarmipes84_prenac,3133.0,3141.0,1.0
2024.10.24_11-51-34_Biarmipes84_prenac,3143.0,3147.0,1.0
2024.10.24_11-51-34_Biarmipes84_prenac,3149.0,3149.0,1.0
2024.10.24_11-51-34_Biarmipes84_prenac,3152.0,3157.0,1.0
2024.10.24_11-51-34_Biarmipes84_prenac,3161.0,3163.0,1.0
2024.10.24_11-51-34_Biarmipes84_prenac,3165.0,3167.0,1.0
2024.10.24_11-51-34_Biarmipes84_prenac,3169.0,3169.0,1.0
2024.10.24_11-51-34_Biarmipes84_prenac,3171.0,3173.0,1.0
2024.10.24_11-51-34_Biarmipes84_prenac,3175.0,3175.0,1.0
2024.10.24_11-51-34_Biarmipes84_prenac,3177.0,3178.0,1.0
2024.10.24_11-51-34_Biarmipes84_prenac,3180.0,3180.0,1.0
2024.10.24_11-51-34_Biarmipes84_prenac,3184.0,3185.0,1.0
2024.10.24_11-51-34_Biarmipes84_prenac,3187.0,3187.0,1.0
2024.10.24_11-51-34_Biarmipes84_prenac,3190.0,3198.0,1.0
2024.10.24_11-51-34_Biarmipes84_prenac,3200.0,3202.0,1.0
2024.10.24_11-51-34_Biarmipes84_prenac,3204.0,3210.0,1.0
2024.10.24_11-51-34_Biarmipes84_prenac,3213.0,3214.0,1.0
2024.10.24_11-51-34_Biarmipes84_prenac,3217.0,3217.0,1.0
2024.10.24_11-51-34_Biarmipes84_prenac,3219.0,3219.0,1.0
2024.10.24_11-51-34_Biarmipes84_prenac,3221.0,3233.0,1.0
2024.10.24_11-51-34_Biarmipes84_prenac,3235.0,3246.0,1.0
2024.10.24_11-51-34_Biarmipes84_prenac,3248.0,3253.0,1.0
2024.10.24_11-51-34_Biarmipes84_prenac,3256.0,3256.0,1.0
2024.10.24_11-51-34_Biarmipes84_prenac,3258.0,3269.0,1.0
2024.10.24_11-51-34_Biarmipes84_prenac,3271.0,3271.0,1.0
2024.10.24_11-51-34_Biarmipes84_prenac,3273.0,3275.0,1.0
2024.10.24_11-51-34_Biarmipes84_prenac,3277.0,3277.0,1.0
2024.10.24_11-51-34_Biarmipes84_prenac,3279.0,3290.0,1.0
2024.10.24_11-51-34_Biarmipes84_prenac,3292.0,3296.0,1.0
2024.10.24_11-51-34_Biarmipes84_prenac,3298.0,3313.0,1.0
2024.10.24_11-51-34_Biarmipes84_prenac,3315.0,3330.0,1.0
2024.10.24_11-51-34_Biarmipes84_prenac,3332.0,3338.0,1.0
2024.10.24_11-51-34_Biarmipes84_prenac,3341.0,3344.0,1.0
2024.10.24_11-51-34_Biarmipes84_prenac,3346.0,3366.0,1.0
2024.10.24_11-51-34_Biarmipes84_prenac,3368.0,3404.0,1.0
2024.10.24_11-51-34_Biarmipes84_prenac,3406.0,3406.0,1.0
2024.10.24_11-51-34_Biarmipes84_prenac,3408.0,3587.0,1.0
2024.10.24_11-51-34_Biarmipes84_prenac,3589.0,3591.0,1.0
2024.10.24_11-51-34_Biarmipes84_prenac,3593.0,3597.0,1.0
2024.10.24_11-51-34_Biarmipes84_prenac,3599.0,3898.0,1.0
2024.10.24_11-51-34_Biarmipes84_prenac,3900.0,3912.0,1.0
2024.10.24_11-51-34_Biarmipes84_prenac,3914.0,3915.0,1.0
2024.09.24_15-59-49_Yakuba7_no_odor,3.0,4510.0,1.0
2024.09.24_15-59-49_Yakuba7_no_odor,4512.0,5443.0,1.0
2024.09.24_15-59-49_Yakuba7_no_odor,5445.0,5463.0,1.0
2024.09.24_15-59-49_Yakuba7_no_odor,5465.0,5471.0,1.0
2024.09.24_15-59-49_Yakuba7_no_odor,5473.0,5478.0,1.0
2024.09.24_15-59-49_Yakuba7_no_odor,5480.0,5480.0,1.0
2024.09.24_15-59-49_Yakuba7_no_odor,5482.0,5499.0,1.0
2024.09.24_15-59-49_Yakuba7_no_odor,5501.0,5503.0,1.0
2024.09.24_15-59-49_Yakuba7_no_odor,5505.0,5511.0,1.0
2024.09.24_15-59-49_Yakuba7_no_odor,5513.0,5529.0,1.0
2024.09.24_15-59-49_Yakuba7_no_odor,5531.0,5531.0,1.0
2024.09.24_15-59-49_Yakuba7_no_odor,5533.0,5535.0,1.0
2024.09.24_15-59-49_Yakuba7_no_odor,5537.0,5537.0,1.0
2024.09.24_15-59-49_Yakuba7_no_odor,5539.0,5552.0,1.0
2024.09.24_15-59-49_Yakuba7_no_odor,5554.0,5555.0,1.0
2024.09.24_15-59-49_Yakuba7_no_odor,5557.0,5558.0,1.0
2024.09.24_15-59-49_Yakuba7_no_odor,5561.0,5561.0,1.0
2024.09.24_15-59-49_Yakuba7_no_odor,5564.0,5564.0,1.0
2024.09.24_15-59-49_Yakuba7_no_odor,5566.0,5566.0,1.0
2024.09.24_15-59-49_Yakuba7_no_odor,5568.0,5568.0,1.0
2024.09.24_15-59-49_Yakuba7_no_odor,5570.0,5570.0,1.0
2024.09.24_15-59-49_Yakuba7_no_odor,5572.0,5572.0,1.0
2024.09.24_15-59-49_Yakuba7_no_odor,5583.0,5584.0,1.0
2024.09.24_15-59-49_Yakuba7_no_odor,5586.0,5590.0,1.0
2024.09.24_15-59-49_Yakuba7_no_odor,5592.0,5592.0,1.0
2024.09.24_15-59-49_Yakuba7_no_odor,5594.0,5596.0,1.0
2024.09.24_15-59-49_Yakuba7_no_odor,5598.0,5598.0,1.0
2024.09.24_15-59-49_Yakuba7_no_odor,5600.0,5601.0,1.0
2024.09.24_15-59-49_Yakuba7_no_odor,5603.0,5603.0,1.0
2024.09.24_15-59-49_Yakuba7_no_odor,5605.0,5613.0,1.0
2024.09.24_15-59-49_Yakuba7_no_odor,5617.0,5621.0,1.0
2024.09.24_15-59-49_Yakuba7_no_odor,5623.0,5623.0,1.0
2024.09.24_15-59-49_Yakuba7_no_odor,5625.0,5626.0,1.0
2024.09.24_15-59-49_Yakuba7_no_odor,5630.0,5631.0,1.0
2024.09.24_15-59-49_Yakuba7_no_odor,5633.0,5633.0,1.0
2024.09.24_15-59-49_Yakuba7_no_odor,5635.0,5635.0,1.0
2024.09.24_15-59-49_Yakuba7_no_odor,5642.0,5645.0,1.0
2024.09.24_15-59-49_Yakuba7_no_odor,5648.0,5651.0,1.0
2024.09.24_15-59-49_Yakuba7_no_odor,5655.0,5659.0,1.0
2024.09.24_15-59-49_Yakuba7_no_odor,5661.0,5661.0,1.0
2024.09.24_15-59-49_Yakuba7_no_odor,5665.0,5671.0,1.0
2024.09.24_15-59-49_Yakuba7_no_odor,5673.0,5676.0,1.0
2024.09.24_15-59-49_Yakuba7_no_odor,5678.0,5678.0,1.0
2024.09.24_15-59-49_Yakuba7_no_odor,5680.0,5685.0,1.0
2024.09.24_15-59-49_Yakuba7_no_odor,5687.0,5689.0,1.0
2024.09.24_15-59-49_Yakuba7_no_odor,5691.0,5705.0,1.0
2024.09.24_15-59-49_Yakuba7_no_odor,5707.0,5708.0,1.0
2024.09.24_15-59-49_Yakuba7_no_odor,5710.0,5715.0,1.0
2024.09.24_15-59-49_Yakuba7_no_odor,5717.0,5723.0,1.0
2024.09.24_15-59-49_Yakuba7_no_odor,5726.0,5726.0,1.0
2024.09.24_15-59-49_Yakuba7_no_odor,5728.0,5731.0,1.0
2024.09.24_15-59-49_Yakuba7_no_odor,5733.0,5733.0,1.0
2024.09.24_15-59-49_Yakuba7_no_odor,5736.0,5737.0,1.0
2024.09.24_15-59-49_Yakuba7_no_odor,5739.0,5739.0,1.0
2024.09.24_15-59-49_Yakuba7_no_odor,5743.0,5743.0,1.0
2024.09.24_15-59-49_Yakuba7_no_odor,5745.0,5745.0,1.0
2024.09.24_15-59-49_Yakuba7_no_odor,5751.0,5751.0,1.0
2024.09.24_15-59-49_Yakuba7_no_odor,5754.0,5758.0,1.0
2024.09.24_15-59-49_Yakuba7_no_odor,5760.0,5760.0,1.0
2024.09.24_15-59-49_Yakuba7_no_odor,5762.0,5769.0,1.0
2024.09.24_15-59-49_Yakuba7_no_odor,5772.0,5776.0,1.0
2024.09.24_15-59-49_Yakuba7_no_odor,5779.0,5780.0,1.0
2024.09.24_15-59-49_Yakuba7_no_odor,5786.0,5786.0,1.0
2024.09.24_15-59-49_Yakuba7_no_odor,5790.0,5790.0,1.0
2024.09.24_15-59-49_Yakuba7_no_odor,5794.0,5794.0,1.0
2024.09.24_15-59-49_Yakuba7_no_odor,5797.0,5797.0,1.0
2024.09.24_15-59-49_Yakuba7_no_odor,5799.0,5800.0,1.0
2024.09.24_15-59-49_Yakuba7_no_odor,5803.0,5803.0,1.0
2024.09.24_15-59-49_Yakuba7_no_odor,5805.0,5806.0,1.0
2024.09.24_15-59-49_Yakuba7_no_odor,5808.0,5808.0,1.0
2024.09.24_15-59-49_Yakuba7_no_odor,5813.0,5815.0,1.0
2024.09.24_15-59-49_Yakuba7_no_odor,5820.0,5820.0,1.0
2024.09.24_15-59-49_Yakuba7_no_odor,5824.0,5825.0,1.0
2024.09.24_15-59-49_Yakuba7_no_odor,5828.0,5835.0,1.0
2024.09.24_15-59-49_Yakuba7_no_odor,5838.0,5838.0,1.0
2024.09.24_15-59-49_Yakuba7_no_odor,5842.0,5842.0,1.0
2024.09.24_15-59-49_Yakuba7_no_odor,5853.0,5853.0,1.0
2024.09.24_15-59-49_Yakuba7_no_odor,5860.0,5860.0,1.0
2024.09.24_15-59-49_Yakuba7_no_odor,5879.0,5879.0,1.0
2024.09.24_15-59-49_Yakuba7_no_odor,5881.0,5881.0,1.0
2024.09.24_15-59-49_Yakuba7_no_odor,5885.0,5885.0,1.0
2024.09.24_15-59-49_Yakuba7_no_odor,5892.0,5892.0,1.0
2024.09.24_15-59-49_Yakuba7_no_odor,5896.0,5896.0,1.0
2024.09.24_15-59-49_Yakuba7_no_odor,5903.0,5903.0,1.0
2024.09.24_15-59-49_Yakuba7_no_odor,5912.0,5912.0,1.0
2024.09.24_15-59-49_Yakuba7_no_odor,5914.0,5914.0,1.0
2024.09.24_15-59-49_Yakuba7_no_odor,5916.0,5919.0,1.0
2024.09.24_15-59-49_Yakuba7_no_odor,5922.0,5922.0,1.0
2024.09.24_15-59-49_Yakuba7_no_odor,5927.0,5927.0,1.0
2024.09.24_15-59-49_Yakuba7_no_odor,5930.0,5930.0,1.0
2024.09.24_15-59-49_Yakuba7_no_odor,5932.0,5933.0,1.0
2024.09.24_15-59-49_Yakuba7_no_odor,5941.0,5941.0,1.0
2024.09.24_15-59-49_Yakuba7_no_odor,5944.0,5946.0,1.0
2024.09.24_15-59-49_Yakuba7_no_odor,5951.0,5951.0,1.0
2024.09.24_15-59-49_Yakuba7_no_odor,5957.0,5957.0,1.0
2024.09.24_15-59-49_Yakuba7_no_odor,5959.0,5959.0,1.0
2024.09.24_15-59-49_Yakuba7_no_odor,5963.0,5964.0,1.0
2024.09.24_15-59-49_Yakuba7_no_odor,5971.0,5972.0,1.0
2024.09.24_15-59-49_Yakuba7_no_odor,5975.0,5975.0,1.0
2024.09.24_15-59-49_Yakuba7_no_odor,5977.0,5978.0,1.0
2024.09.24_15-59-49_Yakuba7_no_odor,5980.0,5980.0,1.0
2024.09.24_15-59-49_Yakuba7_no_odor,5982.0,5988.0,1.0
2024.09.24_15-59-49_Yakuba7_no_odor,5990.0,5991.0,1.0
2024.09.24_15-59-49_Yakuba7_no_odor,5993.0,5994.0,1.0
2024.09.24_15-59-49_Yakuba7_no_odor,5997.0,6001.0,1.0
2024.09.24_15-59-49_Yakuba7_no_odor,6003.0,6411.0,1.0
2024.09.24_15-59-49_Yakuba7_no_odor,6414.0,6425.0,1.0
2024.09.24_15-59-49_Yakuba7_no_odor,6427.0,6441.0,1.0
2024.09.24_15-59-49_Yakuba7_no_odor,6443.0,6448.0,1.0
2024.09.24_15-59-49_Yakuba7_no_odor,6450.0,6450.0,1.0
2024.09.24_15-59-49_Yakuba7_no_odor,6454.0,6461.0,1.0
2024.09.24_15-59-49_Yakuba7_no_odor,6463.0,6471.0,1.0
2024.09.24_15-59-49_Yakuba7_no_odor,6473.0,6477.0,1.0
2024.09.24_15-59-49_Yakuba7_no_odor,6479.0,6484.0,1.0
2024.09.24_15-59-49_Yakuba7_no_odor,6486.0,6496.0,1.0
2024.09.24_15-59-49_Yakuba7_no_odor,6498.0,6499.0,1.0
2024.09.24_15-59-49_Yakuba7_no_odor,6501.0,6501.0,1.0
2024.09.24_15-59-49_Yakuba7_no_odor,6503.0,6503.0,1.0
2024.09.24_15-59-49_Yakuba7_no_odor,6505.0,6505.0,1.0
2024.09.24_15-59-49_Yakuba7_no_odor,6507.0,6507.0,1.0
2024.09.24_15-59-49_Yakuba7_no_odor,6509.0,6529.0,1.0
2024.09.24_15-59-49_Yakuba7_no_odor,6531.0,6544.0,1.0
2024.09.24_15-59-49_Yakuba7_no_odor,6546.0,6557.0,1.0
2024.09.24_15-59-49_Yakuba7_no_odor,6559.0,6568.0,1.0
2024.09.24_15-59-49_Yakuba7_no_odor,6573.0,6596.0,1.0
2024.09.24_15-59-49_Yakuba7_no_odor,6598.0,6614.0,1.0
2024.09.24_15-59-49_Yakuba7_no_odor,6616.0,6616.0,1.0
2024.09.24_15-59-49_Yakuba7_no_odor,6618.0,6618.0,1.0
2024.09.24_15-59-49_Yakuba7_no_odor,6630.0,6632.0,1.0
2024.09.24_15-59-49_Yakuba7_no_odor,6634.0,6635.0,1.0
2024.09.24_15-59-49_Yakuba7_no_odor,6638.0,6644.0,1.0
2024.09.24_15-59-49_Yakuba7_no_odor,6646.0,6649.0,1.0
2024.09.24_15-59-49_Yakuba7_no_odor,6651.0,6759.0,1.0
2024.09.24_15-59-49_Yakuba7_no_odor,6761.0,6834.0,1.0
2024.09.24_15-59-49_Yakuba7_no_odor,6837.0,6838.0,1.0
2024.09.24_15-59-49_Yakuba7_no_odor,6840.0,6852.0,1.0
2024.09.24_15-59-49_Yakuba7_no_odor,6855.0,6856.0,1.0
2024.09.24_15-59-49_Yakuba7_no_odor,6859.0,6863.0,1.0
2024.09.24_15-59-49_Yakuba7_no_odor,6865.0,6865.0,1.0
2024.09.24_15-59-49_Yakuba7_no_odor,6869.0,6869.0,1.0
2024.09.24_15-59-49_Yakuba7_no_odor,6872.0,6873.0,1.0
2024.09.24_15-59-49_Yakuba7_no_odor,6878.0,6886.0,1.0
2024.09.24_15-59-49_Yakuba7_no_odor,6888.0,6889.0,1.0
2024.09.24_15-59-49_Yakuba7_no_odor,6891.0,6891.0,1.0
2024.09.24_15-59-49_Yakuba7_no_odor,6893.0,6900.0,1.0
2024.09.24_15-59-49_Yakuba7_no_odor,6903.0,6903.0,1.0
2024.09.24_15-59-49_Yakuba7_no_odor,6906.0,6944.0,1.0
2024.09.24_15-59-49_Yakuba7_no_odor,6946.0,7010.0,1.0
2024.09.24_15-59-49_Yakuba7_no_odor,7012.0,7047.0,1.0
2024.09.24_15-59-49_Yakuba7_no_odor,7049.0,7075.0,1.0
2024.09.24_15-59-49_Yakuba7_no_odor,7077.0,7077.0,1.0
2024.09.24_15-59-49_Yakuba7_no_odor,7079.0,7096.0,1.0
2024.09.24_15-59-49_Yakuba7_no_odor,7098.0,7101.0,1.0
2024.09.24_15-59-49_Yakuba7_no_odor,7105.0,7105.0,1.0
2024.09.24_15-59-49_Yakuba7_no_odor,7107.0,7111.0,1.0
2024.09.24_15-59-49_Yakuba7_no_odor,7113.0,7114.0,1.0
2024.09.24_15-59-49_Yakuba7_no_odor,7117.0,7117.0,1.0
2024.09.24_15-59-49_Yakuba7_no_odor,7120.0,7120.0,1.0
2024.09.24_15-59-49_Yakuba7_no_odor,7125.0,7131.0,1.0
2024.09.24_15-59-49_Yakuba7_no_odor,7134.0,7134.0,1.0
2024.09.24_15-59-49_Yakuba7_no_odor,7147.0,7148.0,1.0
2024.09.24_15-59-49_Yakuba7_no_odor,7305.0,7306.0,1.0
2024.09.24_15-59-49_Yakuba7_no_odor,7308.0,7312.0,1.0
2024.09.24_15-59-49_Yakuba7_no_odor,7314.0,7317.0,1.0
2024.09.24_15-59-49_Yakuba7_no_odor,7323.0,7326.0,1.0
2024.09.24_15-59-49_Yakuba7_no_odor,7328.0,7334.0,1.0
2024.09.24_15-59-49_Yakuba7_no_odor,7337.0,7337.0,1.0
2024.09.24_15-59-49_Yakuba7_no_odor,7339.0,7360.0,1.0
2024.09.24_15-59-49_Yakuba7_no_odor,7362.0,7403.0,1.0
2024.09.24_15-59-49_Yakuba7_no_odor,7405.0,7405.0,1.0
2024.09.24_15-59-49_Yakuba7_no_odor,7408.0,7412.0,1.0
2024.09.24_15-59-49_Yakuba7_no_odor,7414.0,7415.0,1.0
2024.09.24_15-59-49_Yakuba7_no_odor,7417.0,7424.0,1.0
2024.09.24_15-59-49_Yakuba7_no_odor,7426.0,7432.0,1.0
2024.09.24_15-59-49_Yakuba7_no_odor,7445.0,7445.0,1.0
2024.09.24_15-59-49_Yakuba7_no_odor,7499.0,7500.0,1.0
2024.09.24_15-59-49_Yakuba7_no_odor,7505.0,7505.0,1.0
2024.09.24_15-59-49_Yakuba7_no_odor,7521.0,7521.0,1.0
2024.09.24_15-59-49_Yakuba7_no_odor,7523.0,7523.0,1.0
2024.09.24_15-59-49_Yakuba7_no_odor,7525.0,7544.0,1.0
2024.09.24_15-59-49_Yakuba7_no_odor,7546.0,7546.0,1.0
2024.09.24_15-59-49_Yakuba7_no_odor,7548.0,7549.0,1.0
2024.09.24_15-59-49_Yakuba7_no_odor,7551.0,7575.0,1.0
2024.09.24_15-59-49_Yakuba7_no_odor,7577.0,7577.0,1.0
2024.09.24_15-59-49_Yakuba7_no_odor,7579.0,7580.0,1.0
2024.09.24_15-59-49_Yakuba7_no_odor,7582.0,7585.0,1.0
2024.09.24_15-59-49_Yakuba7_no_odor,7587.0,7589.0,1.0
2024.09.24_15-59-49_Yakuba7_no_odor,7591.0,7607.0,1.0
2024.09.24_15-59-49_Yakuba7_no_odor,7609.0,7609.0,1.0
2024.09.24_15-59-49_Yakuba7_no_odor,7611.0,7617.0,1.0
2024.09.24_15-59-49_Yakuba7_no_odor,7619.0,7622.0,1.0
2024.09.24_15-59-49_Yakuba7_no_odor,7624.0,7624.0,1.0
2024.09.24_15-59-49_Yakuba7_no_odor,7630.0,7630.0,1.0
2024.09.24_15-59-49_Yakuba7_no_odor,7632.0,7632.0,1.0
2024.09.24_15-59-49_Yakuba7_no_odor,7635.0,7636.0,1.0
2024.09.24_15-59-49_Yakuba7_no_odor,7639.0,7639.0,1.0
2024.09.24_15-59-49_Yakuba7_no_odor,7641.0,7643.0,1.0
2024.09.24_15-59-49_Yakuba7_no_odor,7646.0,7646.0,1.0
2024.09.24_15-59-49_Yakuba7_no_odor,7651.0,7653.0,1.0
2024.09.24_15-59-49_Yakuba7_no_odor,7655.0,7655.0,1.0
2024.09.24_15-59-49_Yakuba7_no_odor,7660.0,7660.0,1.0
2024.09.24_15-59-49_Yakuba7_no_odor,7663.0,7663.0,1.0
2024.09.24_15-59-49_Yakuba7_no_odor,7665.0,7666.0,1.0
2024.09.24_15-59-49_Yakuba7_no_odor,7668.0,7672.0,1.0
2024.09.24_15-59-49_Yakuba7_no_odor,7674.0,7676.0,1.0
2024.09.24_15-59-49_Yakuba7_no_odor,7679.0,7679.0,1.0
2024.09.24_15-59-49_Yakuba7_no_odor,7681.0,7681.0,1.0
2024.09.24_15-59-49_Yakuba7_no_odor,7683.0,7683.0,1.0
2024.09.24_15-59-49_Yakuba7_no_odor,7685.0,7685.0,1.0
2024.09.24_15-59-49_Yakuba7_no_odor,7688.0,7689.0,1.0
2024.09.24_15-59-49_Yakuba7_no_odor,7691.0,7695.0,1.0
2024.09.24_15-59-49_Yakuba7_no_odor,7697.0,7697.0,1.0
2024.09.24_15-59-49_Yakuba7_no_odor,7699.0,7715.0,1.0
2024.09.24_15-59-49_Yakuba7_no_odor,7717.0,7744.0,1.0
2024.09.24_15-59-49_Yakuba7_no_odor,7746.0,7751.0,1.0
2024.09.24_15-59-49_Yakuba7_no_odor,7753.0,7754.0,1.0
2024.09.24_15-59-49_Yakuba7_no_odor,7756.0,7761.0,1.0
2024.09.24_15-59-49_Yakuba7_no_odor,7763.0,7763.0,1.0
2024.09.24_15-59-49_Yakuba7_no_odor,7766.0,7766.0,1.0
2024.09.24_15-59-49_Yakuba7_no_odor,7768.0,7769.0,1.0
2024.09.24_15-59-49_Yakuba7_no_odor,7771.0,7772.0,1.0
2024.09.24_15-59-49_Yakuba7_no_odor,7775.0,7776.0,1.0
2024.09.24_15-59-49_Yakuba7_no_odor,7779.0,7783.0,1.0
2024.09.24_15-59-49_Yakuba7_no_odor,7785.0,7785.0,1.0
2024.09.24_15-59-49_Yakuba7_no_odor,7787.0,7788.0,1.0
2024.09.24_15-59-49_Yakuba7_no_odor,7790.0,7793.0,1.0
2024.09.24_15-59-49_Yakuba7_no_odor,7797.0,7799.0,1.0
2024.09.24_15-59-49_Yakuba7_no_odor,7801.0,7810.0,1.0
2024.09.24_15-59-49_Yakuba7_no_odor,7812.0,7908.0,1.0
2024.09.24_15-59-49_Yakuba7_no_odor,7910.0,7925.0,1.0
2024.09.24_15-59-49_Yakuba7_no_odor,7927.0,7952.0,1.0
2024.09.24_15-59-49_Yakuba7_no_odor,7954.0,7961.0,1.0
2024.09.24_15-59-49_Yakuba7_no_odor,7963.0,7980.0,1.0
2024.09.24_15-59-49_Yakuba7_no_odor,7983.0,7983.0,1.0
2024.09.24_15-59-49_Yakuba7_no_odor,8003.0,8056.0,1.0
2024.09.24_15-59-49_Yakuba7_no_odor,8058.0,8060.0,1.0
2024.09.24_15-59-49_Yakuba7_no_odor,8062.0,8062.0,1.0
2024.09.24_15-59-49_Yakuba7_no_odor,8064.0,8102.0,1.0
2024.09.24_15-59-49_Yakuba7_no_odor,8104.0,8105.0,1.0
2024.09.24_15-59-49_Yakuba7_no_odor,8108.0,8110.0,1.0
2024.09.24_15-59-49_Yakuba7_no_odor,8112.0,8140.0,1.0
2024.09.24_15-59-49_Yakuba7_no_odor,8142.0,8144.0,1.0
2024.09.24_15-59-49_Yakuba7_no_odor,8146.0,8160.0,1.0
2024.09.24_15-59-49_Yakuba7_no_odor,8162.0,8168.0,1.0
2024.09.24_15-59-49_Yakuba7_no_odor,8170.0,8176.0,1.0
2024.09.24_15-59-49_Yakuba7_no_odor,8178.0,8178.0,1.0
2024.09.24_15-59-49_Yakuba7_no_odor,8180.0,8192.0,1.0
2024.09.24_15-59-49_Yakuba7_no_odor,8194.0,8207.0,1.0
2024.09.24_15-59-49_Yakuba7_no_odor,8209.0,8239.0,1.0
2024.09.24_15-59-49_Yakuba7_no_odor,8241.0,8270.0,1.0
2024.09.24_15-59-49_Yakuba7_no_odor,8272.0,8640.0,1.0
2024.09.24_15-59-49_Yakuba7_no_odor,8642.0,8643.0,1.0
2024.09.24_15-59-49_Yakuba7_no_odor,8645.0,8819.0,1.0
2024.12.01_19-22-44_Biarmipes84_prenac,3.0,14.0,1.0
2024.12.01_19-22-44_Biarmipes84_prenac,16.0,1553.0,1.0
2024.12.01_19-22-44_Biarmipes84_prenac,1555.0,1587.0,1.0
2024.12.01_19-22-44_Biarmipes84_prenac,1589.0,1630.0,1.0
2024.12.01_19-22-44_Biarmipes84_prenac,1632.0,1687.0,1.0
2024.11.14_20-48-04_Sto_car_e2hex,5361.0,5441.0,1.0
2024.11.14_20-48-04_Sto_car_e2hex,5443.0,6144.0,1.0
2024.11.14_20-48-04_Sto_car_e2hex,6147.0,8371.0,1.0
2024.11.14_20-48-04_Sto_car_e2hex,8373.0,8373.0,1.0
2024.11.14_20-48-04_Sto_car_e2hex,8379.0,8999.0,1.0
2024.07.10_13-13-12_Riverside (MetBen),3957.0,3957.0,1.0
2024.07.10_13-13-12_Riverside (MetBen),5257.0,5258.0,1.0
2024.07.10_13-13-12_Riverside (MetBen),6190.0,6978.0,1.0
2024.10.08_10-57-34_Biarmipes_G224_no_odor,12.0,29.0,1.0
2024.10.08_10-57-34_Biarmipes_G224_no_odor,31.0,33.0,1.0
2024.10.08_10-57-34_Biarmipes_G224_no_odor,35.0,812.0,1.0
2024.10.08_10-57-34_Biarmipes_G224_no_odor,814.0,814.0,1.0
2024.10.17_09-26-35_Sto_car_prenac,3904.0,3906.0,1.0
2024.10.17_09-26-35_Sto_car_prenac,3908.0,4587.0,1.0
2024.10.17_09-26-35_Sto_car_prenac,4589.0,4653.0,1.0
2024.10.17_09-26-35_Sto_car_prenac,4655.0,4658.0,1.0
2024.10.17_09-26-35_Sto_car_prenac,4660.0,4662.0,1.0
2024.10.17_09-26-35_Sto_car_prenac,4664.0,4664.0,1.0
2024.10.17_09-26-35_Sto_car_prenac,4666.0,4667.0,1.0
2024.10.17_09-26-35_Sto_car_prenac,4669.0,4710.0,1.0
2024.10.17_09-26-35_Sto_car_prenac,4712.0,4721.0,1.0
2024.10.17_09-26-35_Sto_car_prenac,4726.0,4755.0,1.0
2024.10.17_09-26-35_Sto_car_prenac,4757.0,4762.0,1.0
2024.10.17_09-26-35_Sto_car_prenac,4764.0,5034.0,1.0
2024.10.17_09-26-35_Sto_car_prenac,5036.0,5134.0,1.0
2024.10.17_09-26-35_Sto_car_prenac,5136.0,5136.0,1.0
2024.10.17_09-26-35_Sto_car_prenac,5157.0,8635.0,1.0
2024.10.17_09-26-35_Sto_car_prenac,8637.0,8651.0,1.0
2024.10.17_09-26-35_Sto_car_prenac,8653.0,8654.0,1.0
2024.10.17_09-26-35_Sto_car_prenac,8656.0,8665.0,1.0
2024.10.17_09-26-35_Sto_car_prenac,8667.0,8675.0,1.0
2024.10.17_09-26-35_Sto_car_prenac,8677.0,8677.0,1.0
2024.10.17_09-26-35_Sto_car_prenac,8679.0,8683.0,1.0
2024.10.17_09-26-35_Sto_car_prenac,8685.0,8692.0,1.0
2024.10.17_09-26-35_Sto_car_prenac,8694.0,8795.0,1.0
2024.10.17_09-26-35_Sto_car_prenac,8797.0,8826.0,1.0
2024.10.17_09-26-35_Sto_car_prenac,8828.0,8830.0,1.0
2024.10.17_09-26-35_Sto_car_prenac,8833.0,8839.0,1.0
2024.10.17_09-26-35_Sto_car_prenac,8841.0,8864.0,1.0
2024.10.17_09-26-35_Sto_car_prenac,8866.0,8866.0,1.0
2024.10.17_09-26-35_Sto_car_prenac,8868.0,8871.0,1.0
2024.10.17_09-26-35_Sto_car_prenac,8873.0,8879.0,1.0
2024.10.17_09-26-35_Sto_car_prenac,8881.0,8898.0,1.0
2024.10.17_09-26-35_Sto_car_prenac,8900.0,8932.0,1.0
2024.10.17_09-26-35_Sto_car_prenac,8934.0,8999.0,1.0
2024.11.13_02-30-14_Biarmipes_G224_e2hex,3522.0,3536.0,1.0
2024.11.13_02-30-14_Biarmipes_G224_e2hex,3538.0,3560.0,1.0
2024.11.13_02-30-14_Biarmipes_G224_e2hex,3564.0,3602.0,1.0
2024.11.13_02-30-14_Biarmipes_G224_e2hex,3604.0,3613.0,1.0
2024.11.13_02-30-14_Biarmipes_G224_e2hex,3615.0,3616.0,1.0
2024.11.13_02-30-14_Biarmipes_G224_e2hex,3618.0,3756.0,1.0
2024.11.13_02-30-14_Biarmipes_G224_e2hex,3758.0,3899.0,1.0
2024.11.13_02-30-14_Biarmipes_G224_e2hex,3901.0,3904.0,1.0
2024.11.13_02-30-14_Biarmipes_G224_e2hex,3906.0,3906.0,1.0
2024.11.13_02-30-14_Biarmipes_G224_e2hex,3908.0,3909.0,1.0
2024.11.13_02-30-14_Biarmipes_G224_e2hex,3914.0,3914.0,1.0
2024.11.13_02-30-14_Biarmipes_G224_e2hex,3918.0,3918.0,1.0
2024.11.13_02-30-14_Biarmipes_G224_e2hex,3920.0,3920.0,1.0
2024.11.13_02-30-14_Biarmipes_G224_e2hex,3922.0,3922.0,1.0
2024.11.13_02-30-14_Biarmipes_G224_e2hex,3926.0,3927.0,1.0
2024.11.13_02-30-14_Biarmipes_G224_e2hex,3930.0,3930.0,1.0
2024.11.13_02-30-14_Biarmipes_G224_e2hex,3933.0,3933.0,1.0
2024.11.13_02-30-14_Biarmipes_G224_e2hex,3936.0,6177.0,1.0
2024.11.13_02-30-14_Biarmipes_G224_e2hex,6179.0,6314.0,1.0
2024.11.13_02-30-14_Biarmipes_G224_e2hex,6317.0,6317.0,1.0
2024.11.13_02-30-14_Biarmipes_G224_e2hex,6319.0,6332.0,1.0
2024.11.13_02-30-14_Biarmipes_G224_e2hex,6334.0,6438.0,1.0
2024.11.13_02-30-14_Biarmipes_G224_e2hex,6444.0,6534.0,1.0
2024.11.13_02-30-14_Biarmipes_G224_e2hex,6538.0,6587.0,1.0
2024.11.13_02-30-14_Biarmipes_G224_e2hex,6589.0,6641.0,1.0
2024.11.13_02-30-14_Biarmipes_G224_e2hex,6643.0,6672.0,1.0
2024.11.13_02-30-14_Biarmipes_G224_e2hex,6675.0,6675.0,1.0
2024.11.13_02-30-14_Biarmipes_G224_e2hex,6680.0,6680.0,1.0
2024.11.13_02-30-14_Biarmipes_G224_e2hex,6682.0,6695.0,1.0
2024.11.13_02-30-14_Biarmipes_G224_e2hex,6705.0,8021.0,1.0
2024.11.13_02-30-14_Biarmipes_G224_e2hex,8023.0,8025.0,1.0
2024.10.03_12-36-20_Yakuba_cameroon_2hex,3672.0,7662.0,1.0
2024.10.03_12-36-20_Yakuba_cameroon_2hex,7665.0,7726.0,1.0
2024.10.03_12-36-20_Yakuba_cameroon_2hex,7731.0,7766.0,1.0
2024.10.08_10-10-30_Biarmipes_G224_no_odor,3.0,123.0,1.0
2024.10.08_10-10-30_Biarmipes_G224_no_odor,125.0,126.0,1.0
2024.10.08_10-10-30_Biarmipes_G224_no_odor,139.0,139.0,1.0
2024.10.08_10-10-30_Biarmipes_G224_no_odor,141.0,586.0,1.0
2024.10.08_10-10-30_Biarmipes_G224_no_odor,588.0,594.0,1.0
2024.10.08_10-10-30_Biarmipes_G224_no_odor,596.0,745.0,1.0
2024.10.08_10-10-30_Biarmipes_G224_no_odor,747.0,748.0,1.0
2024.10.08_10-10-30_Biarmipes_G224_no_odor,755.0,755.0,1.0
2024.10.08_10-10-30_Biarmipes_G224_no_odor,1171.0,1171.0,1.0
2024.10.08_10-10-30_Biarmipes_G224_no_odor,1173.0,1552.0,1.0
2024.10.08_10-10-30_Biarmipes_G224_no_odor,1554.0,1564.0,1.0
2024.10.08_10-10-30_Biarmipes_G224_no_odor,1589.0,1593.0,1.0
2024.10.08_10-10-30_Biarmipes_G224_no_odor,1595.0,2121.0,1.0
2024.10.08_10-10-30_Biarmipes_G224_no_odor,2123.0,2124.0,1.0
2024.11.01_07-21-21_Yakuba7_e2hex,4885.0,4899.0,1.0
2024.10.15_08-58-48_Biarmipes_G224_1hexanol,5042.0,5684.0,1.0
2024.10.15_08-58-48_Biarmipes_G224_1hexanol,5688.0,5699.0,1.0
2024.10.15_08-58-48_Biarmipes_G224_1hexanol,5701.0,5702.0,1.0
2024.10.15_08-58-48_Biarmipes_G224_1hexanol,5704.0,5704.0,1.0
2024.10.15_08-58-48_Biarmipes_G224_1hexanol,5708.0,5709.0,1.0
2024.10.15_08-58-48_Biarmipes_G224_1hexanol,5711.0,5773.0,1.0
2024.10.15_08-58-48_Biarmipes_G224_1hexanol,5775.0,5974.0,1.0
2024.10.15_08-58-48_Biarmipes_G224_1hexanol,5976.0,6013.0,1.0
2024.10.15_08-58-48_Biarmipes_G224_1hexanol,6017.0,6021.0,1.0
2024.10.15_08-58-48_Biarmipes_G224_1hexanol,6026.0,6071.0,1.0
2024.10.15_08-58-48_Biarmipes_G224_1hexanol,6073.0,6076.0,1.0
2024.10.15_08-58-48_Biarmipes_G224_1hexanol,6078.0,6078.0,1.0
2024.10.15_08-58-48_Biarmipes_G224_1hexanol,6085.0,6111.0,1.0
2024.10.15_08-58-48_Biarmipes_G224_1hexanol,6113.0,6126.0,1.0
2024.10.15_08-58-48_Biarmipes_G224_1hexanol,6128.0,6133.0,1.0
2024.10.15_08-58-48_Biarmipes_G224_1hexanol,6135.0,6171.0,1.0
2024.10.15_08-58-48_Biarmipes_G224_1hexanol,6183.0,6238.0,1.0
2024.10.15_08-58-48_Biarmipes_G224_1hexanol,6241.0,6241.0,1.0
2024.10.15_08-58-48_Biarmipes_G224_1hexanol,6243.0,6248.0,1.0
2024.10.15_08-58-48_Biarmipes_G224_1hexanol,6251.0,6251.0,1.0
2024.10.15_08-58-48_Biarmipes_G224_1hexanol,6302.0,6720.0,1.0
2024.10.15_08-58-48_Biarmipes_G224_1hexanol,6722.0,6733.0,1.0
2024.10.15_08-58-48_Biarmipes_G224_1hexanol,6735.0,6765.0,1.0
2024.10.15_08-58-48_Biarmipes_G224_1hexanol,6767.0,6818.0,1.0
2024.10.15_08-58-48_Biarmipes_G224_1hexanol,8764.0,8790.0,1.0
2024.10.15_08-58-48_Biarmipes_G224_1hexanol,8797.0,8801.0,1.0
2024.10.15_08-58-48_Biarmipes_G224_1hexanol,8804.0,8822.0,1.0
2024.10.15_08-58-48_Biarmipes_G224_1hexanol,8825.0,8826.0,1.0
2024.10.15_08-58-48_Biarmipes_G224_1hexanol,8828.0,8828.0,1.0
2024.10.15_08-58-48_Biarmipes_G224_1hexanol,8830.0,8831.0,1.0
2024.10.02_10-46-18_Biarmipes_G224_no_odor,3.0,407.0,1.0
2024.10.02_10-46-18_Biarmipes_G224_no_odor,412.0,453.0,1.0
2024.10.04_15-12-48_Biarmipes84_no_odor,3.0,2512.0,1.0
2024.10.11_11-38-32_Sto_car_2hexanol,2675.0,2676.0,1.0
2024.10.11_11-38-32_Sto_car_2hexanol,2678.0,2678.0,1.0
2024.10.11_11-38-32_Sto_car_2hexanol,2680.0,2683.0,1.0
2024.10.11_11-38-32_Sto_car_2hexanol,2685.0,2686.0,1.0
2024.10.11_11-38-32_Sto_car_2hexanol,2688.0,2695.0,1.0
2024.10.11_11-38-32_Sto_car_2hexanol,2697.0,2700.0,1.0
2024.10.11_11-38-32_Sto_car_2hexanol,2702.0,2706.0,1.0
2024.10.11_11-38-32_Sto_car_2hexanol,2709.0,2729.0,1.0
2024.10.11_11-38-32_Sto_car_2hexanol,2731.0,4699.0,1.0
2024.10.11_11-38-32_Sto_car_2hexanol,4702.0,4702.0,1.0
2024.10.11_11-38-32_Sto_car_2hexanol,4704.0,4799.0,1.0
2024.10.11_11-38-32_Sto_car_2hexanol,4801.0,4803.0,1.0
2024.10.11_11-38-32_Sto_car_2hexanol,4812.0,5384.0,1.0
2024.10.11_11-38-32_Sto_car_2hexanol,5386.0,5386.0,1.0
2024.10.11_11-38-32_Sto_car_2hexanol,5389.0,5506.0,1.0
2024.10.11_11-38-32_Sto_car_2hexanol,5508.0,5509.0,1.0
2024.10.11_11-38-32_Sto_car_2hexanol,5511.0,5597.0,1.0
2024.10.11_11-38-32_Sto_car_2hexanol,5607.0,5674.0,1.0
2024.10.11_11-38-32_Sto_car_2hexanol,5676.0,5678.0,1.0
2024.10.11_11-38-32_Sto_car_2hexanol,5680.0,5683.0,1.0
2024.10.11_11-38-32_Sto_car_2hexanol,5685.0,5685.0,1.0
2024.10.11_11-38-32_Sto_car_2hexanol,5687.0,5890.0,1.0
2024.10.11_11-38-32_Sto_car_2hexanol,5892.0,5897.0,1.0
2024.10.11_11-38-32_Sto_car_2hexanol,5901.0,5902.0,1.0
2024.10.11_11-38-32_Sto_car_2hexanol,5904.0,5904.0,1.0
2024.10.11_11-38-32_Sto_car_2hexanol,5906.0,5933.0,1.0
2024.10.11_11-38-32_Sto_car_2hexanol,5935.0,5938.0,1.0
2024.10.11_11-38-32_Sto_car_2hexanol,5940.0,5942.0,1.0
2024.10.11_11-38-32_Sto_car_2hexanol,5944.0,5944.0,1.0
2024.10.11_11-38-32_Sto_car_2hexanol,5947.0,5949.0,1.0
2024.10.11_11-38-32_Sto_car_2hexanol,5951.0,5953.0,1.0
2024.07.10_12-41-04_Riverside (MetBen),6858.0,8999.0,1.0
2024.11.14_02-14-20_Biarmipes_G224_e2hex,3.0,896.0,1.0
2024.11.14_02-14-20_Biarmipes_G224_e2hex,898.0,898.0,1.0
2024.11.14_02-14-20_Biarmipes_G224_e2hex,900.0,900.0,1.0
2024.11.14_02-14-20_Biarmipes_G224_e2hex,926.0,934.0,1.0
2024.11.14_02-14-20_Biarmipes_G224_e2hex,937.0,941.0,1.0
2024.11.14_02-14-20_Biarmipes_G224_e2hex,943.0,954.0,1.0
2024.11.14_02-14-20_Biarmipes_G224_e2hex,1663.0,1695.0,1.0
2024.11.14_02-14-20_Biarmipes_G224_e2hex,1697.0,1896.0,1.0
2024.11.14_02-14-20_Biarmipes_G224_e2hex,3595.0,3848.0,1.0
2024.11.14_02-14-20_Biarmipes_G224_e2hex,4363.0,5012.0,1.0
2024.11.14_02-14-20_Biarmipes_G224_e2hex,7242.0,7482.0,1.0
2024.11.14_02-14-20_Biarmipes_G224_e2hex,7676.0,8094.0,1.0
2024.10.15_09-59-45_Sto_car_2hexanol,5848.0,6155.0,1.0
2024.10.15_09-59-45_Sto_car_2hexanol,6158.0,6158.0,1.0
2024.10.15_09-59-45_Sto_car_2hexanol,6160.0,6208.0,1.0
2024.10.15_09-59-45_Sto_car_2hexanol,6210.0,6216.0,1.0
2024.10.15_09-59-45_Sto_car_2hexanol,6219.0,6222.0,1.0
2024.10.15_09-59-45_Sto_car_2hexanol,6224.0,6224.0,1.0
2024.10.15_09-59-45_Sto_car_2hexanol,6248.0,6248.0,1.0
2024.10.15_09-59-45_Sto_car_2hexanol,6250.0,8188.0,1.0
2024.10.15_09-59-45_Sto_car_2hexanol,8190.0,8219.0,1.0
2024.10.15_09-59-45_Sto_car_2hexanol,8221.0,8226.0,1.0
2024.10.15_09-59-45_Sto_car_2hexanol,8228.0,8784.0,1.0
2024.10.15_09-59-45_Sto_car_2hexanol,8786.0,8788.0,1.0
2024.10.15_09-59-45_Sto_car_2hexanol,8790.0,8790.0,1.0
2024.10.15_09-59-45_Sto_car_2hexanol,8793.0,8841.0,1.0
2024.10.15_09-59-45_Sto_car_2hexanol,8848.0,8852.0,1.0
2024.10.15_09-59-45_Sto_car_2hexanol,8856.0,8979.0,1.0
2024.10.15_09-59-45_Sto_car_2hexanol,8985.0,8999.0,1.0
2024.09.30_12-49-02_Sussex_no_odor,3184.0,3186.0,1.0
2024.09.30_12-49-02_Sussex_no_odor,3188.0,3205.0,1.0
2024.09.30_12-49-02_Sussex_no_odor,3208.0,3211.0,1.0
2024.09.30_12-49-02_Sussex_no_odor,3213.0,5320.0,1.0
2024.09.30_12-49-02_Sussex_no_odor,5322.0,5324.0,1.0
2024.09.30_12-49-02_Sussex_no_odor,5326.0,5332.0,1.0
2024.09.30_12-49-02_Sussex_no_odor,5334.0,5334.0,1.0
2024.09.30_12-49-02_Sussex_no_odor,5336.0,5336.0,1.0
2024.09.30_12-49-02_Sussex_no_odor,5339.0,5339.0,1.0
2024.09.30_12-49-02_Sussex_no_odor,5364.0,5393.0,1.0
2024.09.30_12-49-02_Sussex_no_odor,5395.0,5395.0,1.0
2024.09.30_12-49-02_Sussex_no_odor,5398.0,8423.0,1.0
2024.09.30_12-49-02_Sussex_no_odor,8425.0,8993.0,1.0
2024.12.18_17-28-44_Biarmipes_G224_prenac,3.0,73.0,1.0
2024.12.18_17-28-44_Biarmipes_G224_prenac,789.0,790.0,1.0
2024.12.18_17-28-44_Biarmipes_G224_prenac,792.0,799.0,1.0
2024.12.18_17-28-44_Biarmipes_G224_prenac,801.0,801.0,1.0
2024.12.18_17-28-44_Biarmipes_G224_prenac,805.0,810.0,1.0
2024.11.25_17-05-42_Sussex_no_odor,3.0,11.0,1.0
2024.11.25_17-05-42_Sussex_no_odor,13.0,13.0,1.0
2024.11.25_17-05-42_Sussex_no_odor,15.0,18.0,1.0
2024.11.25_17-05-42_Sussex_no_odor,20.0,37.0,1.0
2024.11.25_17-05-42_Sussex_no_odor,39.0,49.0,1.0
2024.11.25_17-05-42_Sussex_no_odor,51.0,69.0,1.0
2024.11.25_17-05-42_Sussex_no_odor,71.0,78.0,1.0
2024.11.25_17-05-42_Sussex_no_odor,81.0,82.0,1.0
2024.11.25_17-05-42_Sussex_no_odor,97.0,97.0,1.0
2024.11.25_17-05-42_Sussex_no_odor,102.0,102.0,1.0
2024.11.25_17-05-42_Sussex_no_odor,105.0,584.0,1.0
2024.11.25_17-05-42_Sussex_no_odor,923.0,923.0,1.0
2024.11.25_17-05-42_Sussex_no_odor,942.0,942.0,1.0
2024.11.25_17-05-42_Sussex_no_odor,946.0,1201.0,1.0
2024.11.25_17-05-42_Sussex_no_odor,1215.0,3343.0,1.0
2024.11.25_17-05-42_Sussex_no_odor,3348.0,3349.0,1.0
2024.11.25_17-05-42_Sussex_no_odor,3351.0,3351.0,1.0
2024.11.25_17-05-42_Sussex_no_odor,3354.0,3481.0,1.0
2024.11.25_19-28-25_Biarmipes84_no_odor,4897.0,4910.0,1.0
2024.11.25_19-28-25_Biarmipes84_no_odor,4913.0,4914.0,1.0
2024.11.25_19-28-25_Biarmipes84_no_odor,4918.0,4919.0,1.0
2024.11.25_19-28-25_Biarmipes84_no_odor,4921.0,4922.0,1.0
2024.11.25_19-28-25_Biarmipes84_no_odor,4927.0,4934.0,1.0
2024.11.25_19-28-25_Biarmipes84_no_odor,4938.0,4942.0,1.0
2024.11.25_19-28-25_Biarmipes84_no_odor,4944.0,4966.0,1.0
2024.11.25_19-28-25_Biarmipes84_no_odor,4970.0,4991.0,1.0
2024.11.25_19-28-25_Biarmipes84_no_odor,4994.0,4995.0,1.0
2024.11.25_19-28-25_Biarmipes84_no_odor,4998.0,5015.0,1.0
2024.11.25_19-28-25_Biarmipes84_no_odor,5018.0,5020.0,1.0
2024.11.25_19-28-25_Biarmipes84_no_odor,5023.0,5026.0,1.0
2024.11.25_19-28-25_Biarmipes84_no_odor,5028.0,5029.0,1.0
2024.11.25_19-28-25_Biarmipes84_no_odor,5031.0,5035.0,1.0
2024.11.25_19-28-25_Biarmipes84_no_odor,5037.0,5045.0,1.0
2024.11.25_19-28-25_Biarmipes84_no_odor,5047.0,5047.0,1.0
2024.11.25_19-28-25_Biarmipes84_no_odor,5049.0,5051.0,1.0
2024.11.25_19-28-25_Biarmipes84_no_odor,5053.0,5053.0,1.0
2024.11.25_19-28-25_Biarmipes84_no_odor,5055.0,5057.0,1.0
2024.11.25_19-28-25_Biarmipes84_no_odor,5059.0,5060.0,1.0
2024.11.25_19-28-25_Biarmipes84_no_odor,5063.0,5067.0,1.0
2024.11.25_19-28-25_Biarmipes84_no_odor,5069.0,5072.0,1.0
2024.11.25_19-28-25_Biarmipes84_no_odor,5074.0,5076.0,1.0
2024.11.25_19-28-25_Biarmipes84_no_odor,5079.0,5079.0,1.0
2024.11.25_19-28-25_Biarmipes84_no_odor,5081.0,5094.0,1.0
2024.11.25_19-28-25_Biarmipes84_no_odor,5099.0,5102.0,1.0
2024.11.25_19-28-25_Biarmipes84_no_odor,5104.0,5115.0,1.0
2024.11.25_19-28-25_Biarmipes84_no_odor,5117.0,5119.0,1.0
2024.11.25_19-28-25_Biarmipes84_no_odor,5122.0,5126.0,1.0
2024.11.25_19-28-25_Biarmipes84_no_odor,5128.0,5132.0,1.0
2024.11.25_19-28-25_Biarmipes84_no_odor,5134.0,5143.0,1.0
2024.11.25_19-28-25_Biarmipes84_no_odor,5145.0,5146.0,1.0
2024.11.25_19-28-25_Biarmipes84_no_odor,5149.0,5153.0,1.0
2024.11.25_19-28-25_Biarmipes84_no_odor,5155.0,5160.0,1.0
2024.11.25_19-28-25_Biarmipes84_no_odor,5162.0,5164.0,1.0
2024.11.25_19-28-25_Biarmipes84_no_odor,5166.0,5168.0,1.0
2024.11.25_19-28-25_Biarmipes84_no_odor,5170.0,5170.0,1.0
2024.11.25_19-28-25_Biarmipes84_no_odor,5172.0,5172.0,1.0
2024.11.25_19-28-25_Biarmipes84_no_odor,5174.0,5189.0,1.0
2024.11.25_19-28-25_Biarmipes84_no_odor,5191.0,5196.0,1.0
2024.11.25_19-28-25_Biarmipes84_no_odor,5198.0,5198.0,1.0
2024.11.25_19-28-25_Biarmipes84_no_odor,5200.0,5203.0,1.0
2024.11.25_19-28-25_Biarmipes84_no_odor,5208.0,5233.0,1.0
2024.11.25_19-28-25_Biarmipes84_no_odor,5236.0,5241.0,1.0
2024.11.25_19-28-25_Biarmipes84_no_odor,5243.0,5249.0,1.0
2024.11.25_19-28-25_Biarmipes84_no_odor,5251.0,5265.0,1.0
2024.11.25_19-28-25_Biarmipes84_no_odor,5267.0,5270.0,1.0
2024.11.25_19-28-25_Biarmipes84_no_odor,5272.0,5272.0,1.0
2024.11.25_19-28-25_Biarmipes84_no_odor,5274.0,5274.0,1.0
2024.11.25_19-28-25_Biarmipes84_no_odor,5276.0,5282.0,1.0
2024.11.25_19-28-25_Biarmipes84_no_odor,5287.0,5287.0,1.0
2024.11.25_19-28-25_Biarmipes84_no_odor,5289.0,5294.0,1.0
2024.11.25_19-28-25_Biarmipes84_no_odor,5296.0,5297.0,1.0
2024.11.25_19-28-25_Biarmipes84_no_odor,5299.0,5300.0,1.0
2024.11.25_19-28-25_Biarmipes84_no_odor,5302.0,5303.0,1.0
2024.11.25_19-28-25_Biarmipes84_no_odor,5308.0,5311.0,1.0
2024.11.25_19-28-25_Biarmipes84_no_odor,5313.0,5314.0,1.0
2024.11.25_19-28-25_Biarmipes84_no_odor,5319.0,5320.0,1.0
2024.11.25_19-28-25_Biarmipes84_no_odor,5322.0,5322.0,1.0
2024.11.25_19-28-25_Biarmipes84_no_odor,5326.0,5336.0,1.0
2024.11.25_19-28-25_Biarmipes84_no_odor,5340.0,5347.0,1.0
2024.11.25_19-28-25_Biarmipes84_no_odor,5349.0,5350.0,1.0
2024.11.25_19-28-25_Biarmipes84_no_odor,5353.0,5358.0,1.0
2024.11.25_19-28-25_Biarmipes84_no_odor,5360.0,5363.0,1.0
2024.11.25_19-28-25_Biarmipes84_no_odor,5365.0,5370.0,1.0
2024.11.25_19-28-25_Biarmipes84_no_odor,5373.0,5373.0,1.0
2024.11.25_19-28-25_Biarmipes84_no_odor,5376.0,5378.0,1.0
2024.11.25_19-28-25_Biarmipes84_no_odor,5380.0,5389.0,1.0
2024.11.25_19-28-25_Biarmipes84_no_odor,5392.0,5392.0,1.0
2024.11.25_19-28-25_Biarmipes84_no_odor,5396.0,5401.0,1.0
2024.11.25_19-28-25_Biarmipes84_no_odor,5403.0,5405.0,1.0
2024.11.25_19-28-25_Biarmipes84_no_odor,5411.0,5419.0,1.0
2024.11.25_19-28-25_Biarmipes84_no_odor,5422.0,5425.0,1.0
2024.11.25_19-28-25_Biarmipes84_no_odor,5429.0,5430.0,1.0
2024.11.25_19-28-25_Biarmipes84_no_odor,5432.0,5434.0,1.0
2024.11.25_19-28-25_Biarmipes84_no_odor,5436.0,5449.0,1.0
2024.11.25_19-28-25_Biarmipes84_no_odor,5452.0,5452.0,1.0
2024.11.25_19-28-25_Biarmipes84_no_odor,5456.0,5457.0,1.0
2024.11.25_19-28-25_Biarmipes84_no_odor,5460.0,5463.0,1.0
2024.11.25_19-28-25_Biarmipes84_no_odor,5465.0,5465.0,1.0
2024.11.25_19-28-25_Biarmipes84_no_odor,5467.0,5469.0,1.0
2024.11.25_19-28-25_Biarmipes84_no_odor,5473.0,5478.0,1.0
2024.11.25_19-28-25_Biarmipes84_no_odor,5480.0,5482.0,1.0
2024.11.25_19-28-25_Biarmipes84_no_odor,5485.0,5485.0,1.0
2024.11.25_19-28-25_Biarmipes84_no_odor,5487.0,5490.0,1.0
2024.11.25_19-28-25_Biarmipes84_no_odor,5493.0,5494.0,1.0
2024.11.25_19-28-25_Biarmipes84_no_odor,5500.0,5500.0,1.0
2024.11.25_19-28-25_Biarmipes84_no_odor,5503.0,5503.0,1.0
2024.11.25_19-28-25_Biarmipes84_no_odor,5507.0,5513.0,1.0
2024.11.25_19-28-25_Biarmipes84_no_odor,5516.0,5519.0,1.0
2024.11.25_19-28-25_Biarmipes84_no_odor,5521.0,5525.0,1.0
2024.11.25_19-28-25_Biarmipes84_no_odor,5527.0,5527.0,1.0
2024.11.25_19-28-25_Biarmipes84_no_odor,5529.0,5548.0,1.0
2024.11.25_19-28-25_Biarmipes84_no_odor,5550.0,5551.0,1.0
2024.11.25_19-28-25_Biarmipes84_no_odor,5553.0,5555.0,1.0
2024.11.25_19-28-25_Biarmipes84_no_odor,5557.0,5560.0,1.0
2024.11.25_19-28-25_Biarmipes84_no_odor,5565.0,5565.0,1.0
2024.11.25_19-28-25_Biarmipes84_no_odor,5567.0,5572.0,1.0
2024.11.25_19-28-25_Biarmipes84_no_odor,5575.0,5575.0,1.0
2024.11.25_19-28-25_Biarmipes84_no_odor,5577.0,5579.0,1.0
2024.11.25_19-28-25_Biarmipes84_no_odor,5583.0,5586.0,1.0
2024.11.25_19-28-25_Biarmipes84_no_odor,5590.0,5592.0,1.0
2024.11.25_19-28-25_Biarmipes84_no_odor,5594.0,5597.0,1.0
2024.11.25_19-28-25_Biarmipes84_no_odor,5599.0,5602.0,1.0
2024.11.25_19-28-25_Biarmipes84_no_odor,5605.0,5606.0,1.0
2024.11.25_19-28-25_Biarmipes84_no_odor,5610.0,5612.0,1.0
2024.11.25_19-28-25_Biarmipes84_no_odor,5614.0,5614.0,1.0
2024.11.25_19-28-25_Biarmipes84_no_odor,5616.0,5627.0,1.0
2024.11.25_19-28-25_Biarmipes84_no_odor,5629.0,5637.0,1.0
2024.11.25_19-28-25_Biarmipes84_no_odor,5640.0,5649.0,1.0
2024.11.25_19-28-25_Biarmipes84_no_odor,5651.0,5651.0,1.0
2024.11.25_19-28-25_Biarmipes84_no_odor,5653.0,5653.0,1.0
2024.11.25_19-28-25_Biarmipes84_no_odor,5655.0,5657.0,1.0
2024.11.25_19-28-25_Biarmipes84_no_odor,5659.0,5663.0,1.0
2024.11.25_19-28-25_Biarmipes84_no_odor,5665.0,5665.0,1.0
2024.11.25_19-28-25_Biarmipes84_no_odor,5667.0,5675.0,1.0
2024.11.25_19-28-25_Biarmipes84_no_odor,5677.0,5677.0,1.0
2024.11.25_19-28-25_Biarmipes84_no_odor,5680.0,5684.0,1.0
2024.11.25_19-28-25_Biarmipes84_no_odor,5687.0,5690.0,1.0
2024.11.25_19-28-25_Biarmipes84_no_odor,5693.0,5693.0,1.0
2024.11.25_19-28-25_Biarmipes84_no_odor,5695.0,5697.0,1.0
2024.11.25_19-28-25_Biarmipes84_no_odor,5700.0,5707.0,1.0
2024.11.25_19-28-25_Biarmipes84_no_odor,5710.0,5710.0,1.0
2024.11.25_19-28-25_Biarmipes84_no_odor,5712.0,5712.0,1.0
2024.11.25_19-28-25_Biarmipes84_no_odor,5716.0,5726.0,1.0
2024.11.25_19-28-25_Biarmipes84_no_odor,5728.0,5730.0,1.0
2024.11.25_19-28-25_Biarmipes84_no_odor,5732.0,5749.0,1.0
2024.11.25_19-28-25_Biarmipes84_no_odor,5754.0,5756.0,1.0
2024.11.25_19-28-25_Biarmipes84_no_odor,5761.0,5762.0,1.0
2024.11.25_19-28-25_Biarmipes84_no_odor,5766.0,5766.0,1.0
2024.11.25_19-28-25_Biarmipes84_no_odor,5771.0,5774.0,1.0
2024.11.25_19-28-25_Biarmipes84_no_odor,5776.0,5778.0,1.0
2024.11.25_19-28-25_Biarmipes84_no_odor,5780.0,5780.0,1.0
2024.11.25_19-28-25_Biarmipes84_no_odor,5782.0,5787.0,1.0
2024.11.25_19-28-25_Biarmipes84_no_odor,5789.0,5790.0,1.0
2024.11.25_19-28-25_Biarmipes84_no_odor,5794.0,5798.0,1.0
2024.11.25_19-28-25_Biarmipes84_no_odor,5802.0,5802.0,1.0
2024.11.25_19-28-25_Biarmipes84_no_odor,5804.0,5805.0,1.0
2024.11.25_19-28-25_Biarmipes84_no_odor,5808.0,5808.0,1.0
2024.11.25_19-28-25_Biarmipes84_no_odor,5811.0,5811.0,1.0
2024.11.25_19-28-25_Biarmipes84_no_odor,5813.0,5822.0,1.0
2024.11.25_19-28-25_Biarmipes84_no_odor,5825.0,5836.0,1.0
2024.11.25_19-28-25_Biarmipes84_no_odor,5838.0,5839.0,1.0
2024.11.25_19-28-25_Biarmipes84_no_odor,5841.0,5841.0,1.0
2024.11.25_19-28-25_Biarmipes84_no_odor,5844.0,5849.0,1.0
2024.11.25_19-28-25_Biarmipes84_no_odor,5852.0,5854.0,1.0
2024.11.25_19-28-25_Biarmipes84_no_odor,5856.0,5857.0,1.0
2024.11.25_19-28-25_Biarmipes84_no_odor,5859.0,5866.0,1.0
2024.11.25_19-28-25_Biarmipes84_no_odor,5868.0,5882.0,1.0
2024.11.25_19-28-25_Biarmipes84_no_odor,5884.0,5891.0,1.0
2024.11.25_19-28-25_Biarmipes84_no_odor,5894.0,5894.0,1.0
2024.11.25_19-28-25_Biarmipes84_no_odor,5897.0,5897.0,1.0
2024.11.25_19-28-25_Biarmipes84_no_odor,5901.0,5917.0,1.0
2024.11.25_19-28-25_Biarmipes84_no_odor,5921.0,5942.0,1.0
2024.11.25_19-28-25_Biarmipes84_no_odor,5946.0,5967.0,1.0
2024.11.25_19-28-25_Biarmipes84_no_odor,5969.0,5979.0,1.0
2024.11.25_19-28-25_Biarmipes84_no_odor,5981.0,5982.0,1.0
2024.11.25_19-28-25_Biarmipes84_no_odor,5986.0,6025.0,1.0
2024.11.25_19-28-25_Biarmipes84_no_odor,6027.0,6028.0,1.0
2024.11.25_19-28-25_Biarmipes84_no_odor,6030.0,6034.0,1.0
2024.11.25_19-28-25_Biarmipes84_no_odor,6036.0,6038.0,1.0
2024.11.25_19-28-25_Biarmipes84_no_odor,6041.0,6050.0,1.0
2024.11.25_19-28-25_Biarmipes84_no_odor,6052.0,6067.0,1.0
2024.11.25_19-28-25_Biarmipes84_no_odor,6069.0,6072.0,1.0
2024.11.25_19-28-25_Biarmipes84_no_odor,6075.0,6078.0,1.0
2024.11.25_19-28-25_Biarmipes84_no_odor,6080.0,6082.0,1.0
2024.11.25_19-28-25_Biarmipes84_no_odor,6084.0,6099.0,1.0
2024.11.25_19-28-25_Biarmipes84_no_odor,6101.0,6105.0,1.0
2024.11.25_19-28-25_Biarmipes84_no_odor,6108.0,6111.0,1.0
2024.11.25_19-28-25_Biarmipes84_no_odor,6113.0,6114.0,1.0
2024.11.25_19-28-25_Biarmipes84_no_odor,6116.0,6116.0,1.0
2024.11.25_19-28-25_Biarmipes84_no_odor,6119.0,6119.0,1.0
2024.11.25_19-28-25_Biarmipes84_no_odor,6124.0,6126.0,1.0
2024.11.25_19-28-25_Biarmipes84_no_odor,6129.0,6129.0,1.0
2024.11.25_19-28-25_Biarmipes84_no_odor,6131.0,6133.0,1.0
2024.11.25_19-28-25_Biarmipes84_no_odor,6137.0,6137.0,1.0
2024.11.25_19-28-25_Biarmipes84_no_odor,6142.0,6142.0,1.0
2024.11.25_19-28-25_Biarmipes84_no_odor,6144.0,6146.0,1.0
2024.11.25_19-28-25_Biarmipes84_no_odor,6153.0,6153.0,1.0
2024.11.25_19-28-25_Biarmipes84_no_odor,6156.0,6156.0,1.0
2024.11.25_19-28-25_Biarmipes84_no_odor,6159.0,6159.0,1.0
2024.11.25_19-28-25_Biarmipes84_no_odor,6162.0,6162.0,1.0
2024.11.25_19-28-25_Biarmipes84_no_odor,6165.0,6173.0,1.0
2024.11.25_19-28-25_Biarmipes84_no_odor,6176.0,6177.0,1.0
2024.11.25_19-28-25_Biarmipes84_no_odor,6179.0,6179.0,1.0
2024.11.25_19-28-25_Biarmipes84_no_odor,6183.0,6185.0,1.0
2024.11.25_19-28-25_Biarmipes84_no_odor,6190.0,6190.0,1.0
2024.11.25_19-28-25_Biarmipes84_no_odor,6196.0,6204.0,1.0
2024.11.25_19-28-25_Biarmipes84_no_odor,6208.0,6208.0,1.0
2024.11.25_19-28-25_Biarmipes84_no_odor,6213.0,6213.0,1.0
2024.11.25_19-28-25_Biarmipes84_no_odor,6217.0,6218.0,1.0
2024.11.25_19-28-25_Biarmipes84_no_odor,6221.0,6226.0,1.0
2024.11.25_19-28-25_Biarmipes84_no_odor,6230.0,6230.0,1.0
2024.11.25_19-28-25_Biarmipes84_no_odor,6236.0,6236.0,1.0
2024.11.25_19-28-25_Biarmipes84_no_odor,6238.0,6240.0,1.0
2024.11.25_19-28-25_Biarmipes84_no_odor,6243.0,6244.0,1.0
2024.11.25_19-28-25_Biarmipes84_no_odor,6248.0,6248.0,1.0
2024.11.25_19-28-25_Biarmipes84_no_odor,6252.0,6252.0,1.0
2024.11.25_19-28-25_Biarmipes84_no_odor,6256.0,6258.0,1.0
2024.11.25_19-28-25_Biarmipes84_no_odor,6260.0,6260.0,1.0
2024.11.25_19-28-25_Biarmipes84_no_odor,6262.0,6262.0,1.0
2024.11.25_19-28-25_Biarmipes84_no_odor,6266.0,6273.0,1.0
2024.11.25_19-28-25_Biarmipes84_no_odor,6275.0,6282.0,1.0
2024.11.25_19-28-25_Biarmipes84_no_odor,6284.0,6286.0,1.0
2024.11.25_19-28-25_Biarmipes84_no_odor,6288.0,6296.0,1.0
2024.11.25_19-28-25_Biarmipes84_no_odor,6298.0,6306.0,1.0
2024.11.25_19-28-25_Biarmipes84_no_odor,6308.0,6310.0,1.0
2024.11.25_19-28-25_Biarmipes84_no_odor,6313.0,6319.0,1.0
2024.11.25_19-28-25_Biarmipes84_no_odor,6321.0,6322.0,1.0
2024.11.25_19-28-25_Biarmipes84_no_odor,6325.0,6325.0,1.0
2024.11.25_19-28-25_Biarmipes84_no_odor,6327.0,6347.0,1.0
2024.11.25_19-28-25_Biarmipes84_no_odor,6349.0,8540.0,1.0
2024.09.30_14-18-59_Yakuba_cameroon_no_odor,218.0,220.0,1.0
2024.09.30_14-18-59_Yakuba_cameroon_no_odor,223.0,225.0,1.0
2024.09.30_14-18-59_Yakuba_cameroon_no_odor,228.0,228.0,1.0
2024.09.30_14-18-59_Yakuba_cameroon_no_odor,242.0,243.0,1.0
2024.09.30_14-18-59_Yakuba_cameroon_no_odor,246.0,248.0,1.0
2024.09.30_14-18-59_Yakuba_cameroon_no_odor,251.0,251.0,1.0
2024.09.30_14-18-59_Yakuba_cameroon_no_odor,254.0,254.0,1.0
2024.09.30_14-18-59_Yakuba_cameroon_no_odor,256.0,259.0,1.0
2024.09.30_14-18-59_Yakuba_cameroon_no_odor,263.0,268.0,1.0
2024.09.30_14-18-59_Yakuba_cameroon_no_odor,270.0,275.0,1.0
2024.09.30_14-18-59_Yakuba_cameroon_no_odor,277.0,277.0,1.0
2024.09.30_14-18-59_Yakuba_cameroon_no_odor,279.0,279.0,1.0
2024.09.30_14-18-59_Yakuba_cameroon_no_odor,281.0,282.0,1.0
2024.09.30_14-18-59_Yakuba_cameroon_no_odor,284.0,284.0,1.0
2024.09.30_14-18-59_Yakuba_cameroon_no_odor,286.0,287.0,1.0
2024.09.30_14-18-59_Yakuba_cameroon_no_odor,289.0,289.0,1.0
2024.09.30_14-18-59_Yakuba_cameroon_no_odor,291.0,292.0,1.0
2024.09.30_14-18-59_Yakuba_cameroon_no_odor,294.0,300.0,1.0
2024.09.30_14-18-59_Yakuba_cameroon_no_odor,303.0,347.0,1.0
2024.09.30_14-18-59_Yakuba_cameroon_no_odor,350.0,352.0,1.0
2024.09.30_14-18-59_Yakuba_cameroon_no_odor,354.0,355.0,1.0
2024.09.30_14-18-59_Yakuba_cameroon_no_odor,357.0,359.0,1.0
2024.09.30_14-18-59_Yakuba_cameroon_no_odor,400.0,832.0,1.0
2024.09.30_14-18-59_Yakuba_cameroon_no_odor,834.0,1440.0,1.0
2024.09.30_14-18-59_Yakuba_cameroon_no_odor,3498.0,3499.0,1.0
2024.09.30_14-18-59_Yakuba_cameroon_no_odor,3502.0,3502.0,1.0
2024.09.30_14-18-59_Yakuba_cameroon_no_odor,3504.0,3550.0,1.0
2024.09.30_14-18-59_Yakuba_cameroon_no_odor,3552.0,5404.0,1.0
2024.09.30_14-18-59_Yakuba_cameroon_no_odor,5406.0,5407.0,1.0
2024.09.30_14-18-59_Yakuba_cameroon_no_odor,5426.0,5427.0,1.0
2024.09.30_14-18-59_Yakuba_cameroon_no_odor,5429.0,5429.0,1.0
2024.09.30_14-18-59_Yakuba_cameroon_no_odor,5431.0,5434.0,1.0
2024.10.14_11-12-12_CantonS_prenac,8545.0,8545.0,1.0
2024.10.14_11-12-12_CantonS_prenac,8556.0,8556.0,1.0
2024.10.14_11-12-12_CantonS_prenac,8565.0,8740.0,1.0
2024.07.09_11-51-06_Riverside (E-2-Hex),2040.0,2219.0,1.0
2024.07.09_11-51-06_Riverside (E-2-Hex),6462.0,6465.0,1.0
2024.07.09_11-51-06_Riverside (E-2-Hex),6956.0,7089.0,1.0
2024.07.09_11-51-06_Riverside (E-2-Hex),7091.0,7094.0,1.0
2024.11.05_04-35-08_Yakuba7_e2hex,3.0,2442.0,1.0
2024.11.05_04-35-08_Yakuba7_e2hex,2444.0,2450.0,1.0
2024.11.05_04-35-08_Yakuba7_e2hex,2452.0,2454.0,1.0
2024.11.05_04-35-08_Yakuba7_e2hex,2456.0,2461.0,1.0
2024.11.05_04-35-08_Yakuba7_e2hex,2463.0,2465.0,1.0
2024.11.05_04-35-08_Yakuba7_e2hex,2467.0,2476.0,1.0
2025.04.08_09-41-51_CantonS_metbut,4001.0,4001.0,1.0
2025.04.08_09-41-51_CantonS_metbut,4003.0,4020.0,1.0
2025.04.08_09-41-51_CantonS_metbut,4022.0,4022.0,1.0
2025.04.08_09-41-51_CantonS_metbut,4024.0,4027.0,1.0
2025.04.08_09-41-51_CantonS_metbut,4031.0,5781.0,1.0
2025.04.08_09-41-51_CantonS_metbut,5784.0,5809.0,1.0
2025.04.08_09-41-51_CantonS_metbut,5813.0,5823.0,1.0
2024.10.23_14-37-04_Biarmipes_g224_prenac,3.0,1065.0,1.0
2024.10.23_14-37-04_Biarmipes_g224_prenac,2688.0,2773.0,1.0
2024.10.23_14-37-04_Biarmipes_g224_prenac,2775.0,2778.0,1.0
2024.10.23_14-37-04_Biarmipes_g224_prenac,2781.0,2788.0,1.0
2024.10.23_14-37-04_Biarmipes_g224_prenac,2792.0,2800.0,1.0
2024.10.23_14-37-04_Biarmipes_g224_prenac,4843.0,4844.0,1.0
2024.10.23_14-37-04_Biarmipes_g224_prenac,4846.0,4849.0,1.0
2024.10.23_14-37-04_Biarmipes_g224_prenac,4851.0,4857.0,1.0
2024.10.23_14-37-04_Biarmipes_g224_prenac,4860.0,4865.0,1.0
2024.10.23_14-37-04_Biarmipes_g224_prenac,4867.0,4869.0,1.0
2024.10.23_14-37-04_Biarmipes_g224_prenac,4871.0,4872.0,1.0
2024.10.23_14-37-04_Biarmipes_g224_prenac,4874.0,4874.0,1.0
2024.10.23_14-37-04_Biarmipes_g224_prenac,4877.0,4877.0,1.0
2024.10.23_14-37-04_Biarmipes_g224_prenac,4879.0,4879.0,1.0
2024.10.23_14-37-04_Biarmipes_g224_prenac,4894.0,4894.0,1.0
2024.10.23_14-37-04_Biarmipes_g224_prenac,4897.0,4897.0,1.0
2024.10.23_14-37-04_Biarmipes_g224_prenac,4904.0,4905.0,1.0
2024.10.23_14-37-04_Biarmipes_g224_prenac,4910.0,4910.0,1.0
2024.10.23_14-37-04_Biarmipes_g224_prenac,4915.0,4923.0,1.0
2024.10.23_14-37-04_Biarmipes_g224_prenac,4925.0,4936.0,1.0
2024.10.23_14-37-04_Biarmipes_g224_prenac,4941.0,4941.0,1.0
2024.10.23_14-37-04_Biarmipes_g224_prenac,4947.0,4954.0,1.0
2024.10.23_14-37-04_Biarmipes_g224_prenac,4989.0,5788.0,1.0
2024.10.23_14-37-04_Biarmipes_g224_prenac,7007.0,7007.0,1.0
2024.11.13_21-58-25_Yakuba_cameroon_e2hex,3.0,2546.0,1.0
2024.11.13_21-58-25_Yakuba_cameroon_e2hex,2550.0,2550.0,1.0
2024.11.13_21-58-25_Yakuba_cameroon_e2hex,2567.0,2567.0,1.0
2024.11.13_21-58-25_Yakuba_cameroon_e2hex,2570.0,2850.0,1.0
2024.11.13_21-58-25_Yakuba_cameroon_e2hex,2857.0,2966.0,1.0
2024.11.13_21-58-25_Yakuba_cameroon_e2hex,2968.0,3138.0,1.0
2024.11.21_18-21-08_Biarmipes_G224_e2hex,4.0,1343.0,1.0
2024.11.21_18-21-08_Biarmipes_G224_e2hex,1346.0,2152.0,1.0
2024.11.21_18-21-08_Biarmipes_G224_e2hex,2164.0,2672.0,1.0
2024.11.21_18-21-08_Biarmipes_G224_e2hex,2698.0,3058.0,1.0
2024.11.21_18-21-08_Biarmipes_G224_e2hex,3060.0,3060.0,1.0
2024.11.21_18-21-08_Biarmipes_G224_e2hex,3062.0,3165.0,1.0
2024.11.21_18-21-08_Biarmipes_G224_e2hex,3169.0,3169.0,1.0
2024.11.21_18-21-08_Biarmipes_G224_e2hex,3171.0,3350.0,1.0
2024.11.21_18-21-08_Biarmipes_G224_e2hex,5710.0,5993.0,1.0
2024.11.21_18-21-08_Biarmipes_G224_e2hex,5998.0,6010.0,1.0
2024.11.21_18-21-08_Biarmipes_G224_e2hex,6013.0,6013.0,1.0
2024.11.21_18-21-08_Biarmipes_G224_e2hex,6015.0,6016.0,1.0
2024.11.21_18-21-08_Biarmipes_G224_e2hex,8327.0,8844.0,1.0
2024.11.21_18-21-08_Biarmipes_G224_e2hex,8846.0,8848.0,1.0
2024.11.14_01-17-36_Biarmipes84_e2hex,1281.0,1281.0,1.0
2024.11.14_01-17-36_Biarmipes84_e2hex,1283.0,1286.0,1.0
2024.11.14_01-17-36_Biarmipes84_e2hex,1289.0,1341.0,1.0
2024.11.14_01-17-36_Biarmipes84_e2hex,1343.0,1350.0,1.0
2024.11.14_01-17-36_Biarmipes84_e2hex,1369.0,1393.0,1.0
2024.11.14_01-17-36_Biarmipes84_e2hex,1395.0,2463.0,1.0
2024.11.14_01-17-36_Biarmipes84_e2hex,2465.0,3275.0,1.0
2024.11.14_01-17-36_Biarmipes84_e2hex,3283.0,3661.0,1.0
2024.11.14_01-17-36_Biarmipes84_e2hex,3663.0,3665.0,1.0
2024.11.25_19-34-49_Biarmipes84_no_odor,3.0,2347.0,1.0
2024.11.25_19-34-49_Biarmipes84_no_odor,2350.0,2352.0,1.0
2024.11.25_19-34-49_Biarmipes84_no_odor,2354.0,2355.0,1.0
2024.11.25_19-34-49_Biarmipes84_no_odor,2357.0,2358.0,1.0
2024.11.25_19-34-49_Biarmipes84_no_odor,2360.0,2360.0,1.0
2024.11.25_19-34-49_Biarmipes84_no_odor,2362.0,2362.0,1.0
2024.11.25_19-34-49_Biarmipes84_no_odor,2366.0,2366.0,1.0
2024.11.25_19-34-49_Biarmipes84_no_odor,2370.0,2370.0,1.0
2024.11.25_19-34-49_Biarmipes84_no_odor,2374.0,2374.0,1.0
2024.11.25_19-34-49_Biarmipes84_no_odor,2377.0,2378.0,1.0
2024.11.25_19-34-49_Biarmipes84_no_odor,2380.0,2380.0,1.0
2024.11.25_19-34-49_Biarmipes84_no_odor,2383.0,2384.0,1.0
2024.11.25_19-34-49_Biarmipes84_no_odor,2387.0,2390.0,1.0
2024.11.25_19-34-49_Biarmipes84_no_odor,2393.0,2394.0,1.0
2024.11.25_19-34-49_Biarmipes84_no_odor,2397.0,2398.0,1.0
2024.11.25_19-34-49_Biarmipes84_no_odor,2401.0,2401.0,1.0
2024.11.25_19-34-49_Biarmipes84_no_odor,2404.0,2405.0,1.0
2024.11.25_19-34-49_Biarmipes84_no_odor,2407.0,2413.0,1.0
2024.11.25_19-34-49_Biarmipes84_no_odor,2415.0,2510.0,1.0
2024.11.25_19-34-49_Biarmipes84_no_odor,2512.0,2582.0,1.0
2024.11.25_19-34-49_Biarmipes84_no_odor,2584.0,2585.0,1.0
2024.11.25_19-34-49_Biarmipes84_no_odor,2587.0,2596.0,1.0
2024.11.25_19-34-49_Biarmipes84_no_odor,2598.0,2598.0,1.0
2024.11.25_19-34-49_Biarmipes84_no_odor,2601.0,2603.0,1.0
2024.11.25_19-34-49_Biarmipes84_no_odor,2607.0,2614.0,1.0
2024.11.25_19-34-49_Biarmipes84_no_odor,2616.0,2616.0,1.0
2024.11.25_19-34-49_Biarmipes84_no_odor,2622.0,2623.0,1.0
2024.11.25_19-34-49_Biarmipes84_no_odor,2625.0,2626.0,1.0
2024.11.25_19-34-49_Biarmipes84_no_odor,2628.0,2636.0,1.0
2024.11.25_19-34-49_Biarmipes84_no_odor,2638.0,2644.0,1.0
2024.11.25_19-34-49_Biarmipes84_no_odor,2646.0,2649.0,1.0
2024.11.25_19-34-49_Biarmipes84_no_odor,2652.0,2657.0,1.0
2024.11.25_19-34-49_Biarmipes84_no_odor,2659.0,2661.0,1.0
2024.11.25_19-34-49_Biarmipes84_no_odor,2663.0,2670.0,1.0
2024.11.25_19-34-49_Biarmipes84_no_odor,2672.0,2676.0,1.0
2024.11.25_19-34-49_Biarmipes84_no_odor,2678.0,2678.0,1.0
2024.11.25_19-34-49_Biarmipes84_no_odor,2680.0,2681.0,1.0
2024.11.25_19-34-49_Biarmipes84_no_odor,2683.0,2686.0,1.0
2024.11.25_19-34-49_Biarmipes84_no_odor,2690.0,2690.0,1.0
2024.11.25_19-34-49_Biarmipes84_no_odor,2692.0,2693.0,1.0
2024.11.25_19-34-49_Biarmipes84_no_odor,2695.0,2698.0,1.0
2024.11.25_19-34-49_Biarmipes84_no_odor,2700.0,2701.0,1.0
2024.11.25_19-34-49_Biarmipes84_no_odor,2703.0,2707.0,1.0
2024.11.25_19-34-49_Biarmipes84_no_odor,2709.0,2711.0,1.0
2024.11.25_19-34-49_Biarmipes84_no_odor,2713.0,2714.0,1.0
2024.11.25_19-34-49_Biarmipes84_no_odor,2718.0,2718.0,1.0
2024.11.25_19-34-49_Biarmipes84_no_odor,2720.0,2721.0,1.0
2024.11.25_19-34-49_Biarmipes84_no_odor,2723.0,2738.0,1.0
2024.11.25_19-34-49_Biarmipes84_no_odor,2741.0,2743.0,1.0
2024.11.25_19-34-49_Biarmipes84_no_odor,2745.0,2745.0,1.0
2024.11.25_19-34-49_Biarmipes84_no_odor,2748.0,2750.0,1.0
2024.11.25_19-34-49_Biarmipes84_no_odor,2752.0,2753.0,1.0
2024.11.25_19-34-49_Biarmipes84_no_odor,2755.0,2755.0,1.0
2024.11.25_19-34-49_Biarmipes84_no_odor,2757.0,2757.0,1.0
2024.11.25_19-34-49_Biarmipes84_no_odor,2762.0,2763.0,1.0
2024.11.25_19-34-49_Biarmipes84_no_odor,2766.0,2767.0,1.0
2024.11.25_19-34-49_Biarmipes84_no_odor,2769.0,2770.0,1.0
2024.11.25_19-34-49_Biarmipes84_no_odor,2772.0,2773.0,1.0
2024.11.25_19-34-49_Biarmipes84_no_odor,2775.0,2776.0,1.0
2024.11.25_19-34-49_Biarmipes84_no_odor,2779.0,2779.0,1.0
2024.11.25_19-34-49_Biarmipes84_no_odor,2782.0,2782.0,1.0
2024.11.25_19-34-49_Biarmipes84_no_odor,2786.0,2789.0,1.0
2024.11.25_19-34-49_Biarmipes84_no_odor,2791.0,2791.0,1.0
2024.11.25_19-34-49_Biarmipes84_no_odor,2793.0,2796.0,1.0
2024.11.25_19-34-49_Biarmipes84_no_odor,2798.0,2798.0,1.0
2024.11.25_19-34-49_Biarmipes84_no_odor,2800.0,2801.0,1.0
2024.11.25_19-34-49_Biarmipes84_no_odor,2807.0,2807.0,1.0
2024.11.25_19-34-49_Biarmipes84_no_odor,2810.0,2812.0,1.0
2024.11.25_19-34-49_Biarmipes84_no_odor,2816.0,2817.0,1.0
2024.11.25_19-34-49_Biarmipes84_no_odor,2819.0,2823.0,1.0
2024.11.25_19-34-49_Biarmipes84_no_odor,2830.0,2830.0,1.0
2024.11.25_19-34-49_Biarmipes84_no_odor,2832.0,3286.0,1.0
2024.11.25_19-34-49_Biarmipes84_no_odor,3288.0,3334.0,1.0
2024.11.25_19-34-49_Biarmipes84_no_odor,3336.0,3524.0,1.0
2024.11.25_19-34-49_Biarmipes84_no_odor,3526.0,3576.0,1.0
2024.11.25_19-34-49_Biarmipes84_no_odor,3578.0,3595.0,1.0
2024.11.25_19-34-49_Biarmipes84_no_odor,3597.0,3632.0,1.0
2024.11.25_19-34-49_Biarmipes84_no_odor,3634.0,3646.0,1.0
2024.11.25_19-34-49_Biarmipes84_no_odor,3648.0,3665.0,1.0
2024.11.25_19-34-49_Biarmipes84_no_odor,3667.0,3670.0,1.0
2024.11.25_19-34-49_Biarmipes84_no_odor,3672.0,3679.0,1.0
2024.11.25_19-34-49_Biarmipes84_no_odor,3681.0,3681.0,1.0
2024.11.25_19-34-49_Biarmipes84_no_odor,3683.0,3684.0,1.0
2024.11.25_19-34-49_Biarmipes84_no_odor,3686.0,3709.0,1.0
2024.11.25_19-34-49_Biarmipes84_no_odor,3711.0,3723.0,1.0
2024.11.25_19-34-49_Biarmipes84_no_odor,3725.0,3727.0,1.0
2024.11.25_19-34-49_Biarmipes84_no_odor,3729.0,3749.0,1.0
2024.11.25_19-34-49_Biarmipes84_no_odor,3751.0,3982.0,1.0
2024.11.25_19-34-49_Biarmipes84_no_odor,3984.0,4002.0,1.0
2024.11.25_19-34-49_Biarmipes84_no_odor,4004.0,4010.0,1.0
2024.11.25_19-34-49_Biarmipes84_no_odor,4015.0,4036.0,1.0
2024.11.25_19-34-49_Biarmipes84_no_odor,4038.0,4040.0,1.0
2024.11.25_19-34-49_Biarmipes84_no_odor,4042.0,4044.0,1.0
2024.11.25_19-34-49_Biarmipes84_no_odor,4046.0,4047.0,1.0
2024.11.25_19-34-49_Biarmipes84_no_odor,4049.0,4065.0,1.0
2024.11.25_19-34-49_Biarmipes84_no_odor,4067.0,4071.0,1.0
2024.11.25_19-34-49_Biarmipes84_no_odor,4073.0,4080.0,1.0
2024.11.25_19-34-49_Biarmipes84_no_odor,4082.0,4087.0,1.0
2024.11.25_19-34-49_Biarmipes84_no_odor,4089.0,4097.0,1.0
2024.11.25_19-34-49_Biarmipes84_no_odor,4099.0,4139.0,1.0
2024.11.25_19-34-49_Biarmipes84_no_odor,4144.0,4147.0,1.0
2024.11.25_19-34-49_Biarmipes84_no_odor,4150.0,4150.0,1.0
2024.11.25_19-34-49_Biarmipes84_no_odor,4153.0,4157.0,1.0
2024.11.25_19-34-49_Biarmipes84_no_odor,4159.0,4161.0,1.0
2024.11.25_19-34-49_Biarmipes84_no_odor,4164.0,4166.0,1.0
2024.11.25_19-34-49_Biarmipes84_no_odor,4171.0,4181.0,1.0
2024.11.25_19-34-49_Biarmipes84_no_odor,4183.0,4185.0,1.0
2024.11.25_19-34-49_Biarmipes84_no_odor,4187.0,4187.0,1.0
2024.11.25_19-34-49_Biarmipes84_no_odor,4189.0,4284.0,1.0
2024.11.25_19-34-49_Biarmipes84_no_odor,4286.0,4293.0,1.0
2024.11.25_19-34-49_Biarmipes84_no_odor,4295.0,4305.0,1.0
2024.11.25_19-34-49_Biarmipes84_no_odor,4307.0,4313.0,1.0
2024.11.25_19-34-49_Biarmipes84_no_odor,4315.0,4323.0,1.0
2024.11.25_19-34-49_Biarmipes84_no_odor,4325.0,4325.0,1.0
2024.11.25_19-34-49_Biarmipes84_no_odor,4327.0,4328.0,1.0
2024.11.25_19-34-49_Biarmipes84_no_odor,4330.0,4340.0,1.0
2024.11.25_19-34-49_Biarmipes84_no_odor,4342.0,4344.0,1.0
2024.11.25_19-34-49_Biarmipes84_no_odor,4349.0,4349.0,1.0
2024.11.25_19-34-49_Biarmipes84_no_odor,4352.0,4354.0,1.0
2024.11.25_19-34-49_Biarmipes84_no_odor,4358.0,4360.0,1.0
2024.11.25_19-34-49_Biarmipes84_no_odor,4362.0,4368.0,1.0
2024.11.25_19-34-49_Biarmipes84_no_odor,4370.0,4373.0,1.0
2024.11.25_19-34-49_Biarmipes84_no_odor,4375.0,4384.0,1.0
2024.11.25_19-34-49_Biarmipes84_no_odor,4386.0,4522.0,1.0
2024.11.25_19-34-49_Biarmipes84_no_odor,4524.0,4561.0,1.0
2024.11.25_19-34-49_Biarmipes84_no_odor,4563.0,4582.0,1.0
2024.11.25_19-34-49_Biarmipes84_no_odor,4584.0,4726.0,1.0
2024.11.25_19-34-49_Biarmipes84_no_odor,4728.0,4751.0,1.0
2024.11.25_19-34-49_Biarmipes84_no_odor,4753.0,4766.0,1.0
2024.11.25_19-34-49_Biarmipes84_no_odor,4768.0,4768.0,1.0
2024.11.25_19-34-49_Biarmipes84_no_odor,4770.0,4772.0,1.0
2024.11.25_19-34-49_Biarmipes84_no_odor,4774.0,4788.0,1.0
2024.11.25_19-34-49_Biarmipes84_no_odor,4790.0,4796.0,1.0
2024.11.25_19-34-49_Biarmipes84_no_odor,4798.0,4799.0,1.0
2024.11.25_19-34-49_Biarmipes84_no_odor,4801.0,4807.0,1.0
2024.11.25_19-34-49_Biarmipes84_no_odor,4809.0,4812.0,1.0
2024.11.25_19-34-49_Biarmipes84_no_odor,4814.0,4820.0,1.0
2024.11.25_19-34-49_Biarmipes84_no_odor,4823.0,4829.0,1.0
2024.11.25_19-34-49_Biarmipes84_no_odor,4835.0,4837.0,1.0
2024.11.25_19-34-49_Biarmipes84_no_odor,4841.0,4843.0,1.0
2024.11.25_19-34-49_Biarmipes84_no_odor,4846.0,4847.0,1.0
2024.11.25_19-34-49_Biarmipes84_no_odor,4849.0,4850.0,1.0
2024.11.25_19-34-49_Biarmipes84_no_odor,4852.0,4852.0,1.0
2024.11.25_19-34-49_Biarmipes84_no_odor,4854.0,4854.0,1.0
2024.11.25_19-34-49_Biarmipes84_no_odor,4856.0,4856.0,1.0
2024.11.25_19-34-49_Biarmipes84_no_odor,4859.0,4860.0,1.0
2024.11.25_19-34-49_Biarmipes84_no_odor,4862.0,4867.0,1.0
2024.11.25_19-34-49_Biarmipes84_no_odor,4869.0,4887.0,1.0
2024.11.25_19-34-49_Biarmipes84_no_odor,4891.0,4899.0,1.0
2024.11.25_19-34-49_Biarmipes84_no_odor,4902.0,4904.0,1.0
2024.11.25_19-34-49_Biarmipes84_no_odor,4906.0,4906.0,1.0
2024.11.25_19-34-49_Biarmipes84_no_odor,4908.0,4908.0,1.0
2024.11.25_19-34-49_Biarmipes84_no_odor,4915.0,4916.0,1.0
2024.11.25_19-34-49_Biarmipes84_no_odor,4918.0,4918.0,1.0
2024.11.25_19-34-49_Biarmipes84_no_odor,4920.0,4922.0,1.0
2024.11.25_19-34-49_Biarmipes84_no_odor,4927.0,4930.0,1.0
2024.11.25_19-34-49_Biarmipes84_no_odor,4932.0,4932.0,1.0
2024.11.25_19-34-49_Biarmipes84_no_odor,4934.0,4935.0,1.0
2024.11.25_19-34-49_Biarmipes84_no_odor,4938.0,4938.0,1.0
2024.11.25_19-34-49_Biarmipes84_no_odor,4940.0,4940.0,1.0
2024.11.25_19-34-49_Biarmipes84_no_odor,4943.0,4943.0,1.0
2024.11.25_19-34-49_Biarmipes84_no_odor,4945.0,4948.0,1.0
2024.11.25_19-34-49_Biarmipes84_no_odor,4951.0,4960.0,1.0
2024.11.25_19-34-49_Biarmipes84_no_odor,4962.0,4966.0,1.0
2024.11.25_19-34-49_Biarmipes84_no_odor,4971.0,4972.0,1.0
2024.11.25_19-34-49_Biarmipes84_no_odor,4974.0,4976.0,1.0
2024.11.25_19-34-49_Biarmipes84_no_odor,4978.0,4980.0,1.0
2024.11.25_19-34-49_Biarmipes84_no_odor,4982.0,4982.0,1.0
2024.11.25_19-34-49_Biarmipes84_no_odor,4984.0,4984.0,1.0
2024.11.25_19-34-49_Biarmipes84_no_odor,4986.0,4997.0,1.0
2024.11.25_19-34-49_Biarmipes84_no_odor,4999.0,5001.0,1.0
2024.11.25_19-34-49_Biarmipes84_no_odor,5003.0,5017.0,1.0
2024.11.25_19-34-49_Biarmipes84_no_odor,5026.0,5041.0,1.0
2024.11.25_19-34-49_Biarmipes84_no_odor,5043.0,5048.0,1.0
2024.11.25_19-34-49_Biarmipes84_no_odor,5050.0,5058.0,1.0
2024.11.25_19-34-49_Biarmipes84_no_odor,5060.0,5068.0,1.0
2024.11.25_19-34-49_Biarmipes84_no_odor,5071.0,5072.0,1.0
2024.11.25_19-34-49_Biarmipes84_no_odor,5074.0,5090.0,1.0
2024.11.25_19-34-49_Biarmipes84_no_odor,5092.0,5119.0,1.0
2024.11.25_19-34-49_Biarmipes84_no_odor,5121.0,5121.0,1.0
2024.11.25_19-34-49_Biarmipes84_no_odor,5123.0,5125.0,1.0
2024.11.25_19-34-49_Biarmipes84_no_odor,5127.0,5133.0,1.0
2024.11.25_19-34-49_Biarmipes84_no_odor,5136.0,5138.0,1.0
2024.11.25_19-34-49_Biarmipes84_no_odor,5144.0,5145.0,1.0
2024.11.25_19-34-49_Biarmipes84_no_odor,5147.0,5158.0,1.0
2024.11.25_19-34-49_Biarmipes84_no_odor,5160.0,5985.0,1.0
2024.11.25_19-34-49_Biarmipes84_no_odor,5987.0,6064.0,1.0
2024.11.25_19-34-49_Biarmipes84_no_odor,6066.0,6106.0,1.0
2024.11.25_19-34-49_Biarmipes84_no_odor,6108.0,6186.0,1.0
2024.11.25_19-34-49_Biarmipes84_no_odor,6188.0,6202.0,1.0
2024.11.25_19-34-49_Biarmipes84_no_odor,6204.0,6205.0,1.0
2024.11.25_19-34-49_Biarmipes84_no_odor,6207.0,6216.0,1.0
2024.11.25_19-34-49_Biarmipes84_no_odor,6218.0,6219.0,1.0
2024.11.25_19-34-49_Biarmipes84_no_odor,6221.0,6221.0,1.0
2024.11.25_19-34-49_Biarmipes84_no_odor,6223.0,6243.0,1.0
2024.11.25_19-34-49_Biarmipes84_no_odor,6245.0,6245.0,1.0
2024.11.25_19-34-49_Biarmipes84_no_odor,6247.0,6254.0,1.0
2024.11.25_19-34-49_Biarmipes84_no_odor,6256.0,6257.0,1.0
2024.11.25_19-34-49_Biarmipes84_no_odor,6259.0,6259.0,1.0
2024.11.25_19-34-49_Biarmipes84_no_odor,6261.0,6261.0,1.0
2024.11.25_19-34-49_Biarmipes84_no_odor,6263.0,6268.0,1.0
2024.11.25_19-34-49_Biarmipes84_no_odor,6270.0,6278.0,1.0
2024.11.25_19-34-49_Biarmipes84_no_odor,6280.0,6282.0,1.0
2024.11.25_19-34-49_Biarmipes84_no_odor,6284.0,6292.0,1.0
2024.11.25_19-34-49_Biarmipes84_no_odor,6294.0,6302.0,1.0
2024.11.25_19-34-49_Biarmipes84_no_odor,6304.0,6325.0,1.0
2024.11.25_19-34-49_Biarmipes84_no_odor,6327.0,6353.0,1.0
2024.11.25_19-34-49_Biarmipes84_no_odor,6355.0,6368.0,1.0
2024.11.25_19-34-49_Biarmipes84_no_odor,6370.0,6378.0,1.0
2024.11.25_19-34-49_Biarmipes84_no_odor,6380.0,6385.0,1.0
2024.11.25_19-34-49_Biarmipes84_no_odor,6388.0,6401.0,1.0
2024.11.25_19-34-49_Biarmipes84_no_odor,6403.0,6425.0,1.0
2024.11.25_19-34-49_Biarmipes84_no_odor,6427.0,6432.0,1.0
2024.11.25_19-34-49_Biarmipes84_no_odor,6434.0,6482.0,1.0
2024.11.25_19-34-49_Biarmipes84_no_odor,6484.0,6941.0,1.0
2024.11.25_19-34-49_Biarmipes84_no_odor,6943.0,6985.0,1.0
2024.11.25_19-34-49_Biarmipes84_no_odor,6987.0,6995.0,1.0
2024.11.25_19-34-49_Biarmipes84_no_odor,6998.0,7005.0,1.0
2024.11.25_19-34-49_Biarmipes84_no_odor,7007.0,7065.0,1.0
2024.11.25_19-34-49_Biarmipes84_no_odor,7067.0,7075.0,1.0
2024.11.25_19-34-49_Biarmipes84_no_odor,7077.0,7083.0,1.0
2024.11.25_19-34-49_Biarmipes84_no_odor,7086.0,7086.0,1.0
2024.11.25_19-34-49_Biarmipes84_no_odor,7089.0,7089.0,1.0
2024.11.25_19-34-49_Biarmipes84_no_odor,7093.0,7094.0,1.0
2024.11.25_19-34-49_Biarmipes84_no_odor,7098.0,7100.0,1.0
2024.11.25_19-34-49_Biarmipes84_no_odor,7103.0,7103.0,1.0
2024.11.25_19-34-49_Biarmipes84_no_odor,7107.0,7109.0,1.0
2024.11.25_19-34-49_Biarmipes84_no_odor,7112.0,7115.0,1.0
2024.11.25_19-34-49_Biarmipes84_no_odor,7117.0,7117.0,1.0
2024.11.25_19-34-49_Biarmipes84_no_odor,7122.0,7122.0,1.0
2024.11.25_19-34-49_Biarmipes84_no_odor,7128.0,7128.0,1.0
2024.11.25_19-34-49_Biarmipes84_no_odor,7131.0,7132.0,1.0
2024.11.25_19-34-49_Biarmipes84_no_odor,7135.0,7139.0,1.0
2024.11.25_19-34-49_Biarmipes84_no_odor,7141.0,7141.0,1.0
2024.11.25_19-34-49_Biarmipes84_no_odor,7143.0,7143.0,1.0
2024.11.25_19-34-49_Biarmipes84_no_odor,7145.0,7153.0,1.0
2024.11.25_19-34-49_Biarmipes84_no_odor,7155.0,7155.0,1.0
2024.11.25_19-34-49_Biarmipes84_no_odor,7157.0,7172.0,1.0
2024.11.25_19-34-49_Biarmipes84_no_odor,7174.0,7175.0,1.0
2024.11.25_19-34-49_Biarmipes84_no_odor,7177.0,7180.0,1.0
2024.11.25_19-34-49_Biarmipes84_no_odor,7183.0,7183.0,1.0
2024.11.25_19-34-49_Biarmipes84_no_odor,7185.0,7202.0,1.0
2024.11.25_19-34-49_Biarmipes84_no_odor,7204.0,7208.0,1.0
2024.11.25_19-34-49_Biarmipes84_no_odor,7210.0,7211.0,1.0
2024.11.25_19-34-49_Biarmipes84_no_odor,7213.0,7213.0,1.0
2024.11.25_19-34-49_Biarmipes84_no_odor,7215.0,7217.0,1.0
2024.11.25_19-34-49_Biarmipes84_no_odor,7219.0,7221.0,1.0
2024.11.25_19-34-49_Biarmipes84_no_odor,7223.0,7235.0,1.0
2024.11.25_19-34-49_Biarmipes84_no_odor,7237.0,7250.0,1.0
2024.11.25_19-34-49_Biarmipes84_no_odor,7252.0,7285.0,1.0
2024.11.25_19-34-49_Biarmipes84_no_odor,7287.0,7344.0,1.0
2024.11.25_19-34-49_Biarmipes84_no_odor,7346.0,7348.0,1.0
2024.11.25_19-34-49_Biarmipes84_no_odor,7350.0,7386.0,1.0
2024.11.25_19-34-49_Biarmipes84_no_odor,7388.0,7408.0,1.0
2024.11.25_19-34-49_Biarmipes84_no_odor,7410.0,7475.0,1.0
2024.11.25_19-34-49_Biarmipes84_no_odor,7477.0,7479.0,1.0
2024.11.25_19-34-49_Biarmipes84_no_odor,7481.0,7490.0,1.0
2024.11.25_19-34-49_Biarmipes84_no_odor,7492.0,8878.0,1.0
2024.10.31_02-55-04_Yakuba7_metben,8089.0,8195.0,1.0
2024.10.31_02-55-04_Yakuba7_metben,8197.0,8574.0,1.0
2024.10.31_02-55-04_Yakuba7_metben,8576.0,8654.0,1.0
2024.10.31_02-55-04_Yakuba7_metben,8656.0,8737.0,1.0
2024.10.31_02-55-04_Yakuba7_metben,8740.0,8997.0,1.0
2024.10.03_10-27-18_Sto_car_no_odor,3.0,5.0,1.0
2024.10.03_10-27-18_Sto_car_no_odor,7.0,18.0,1.0
2024.10.03_10-27-18_Sto_car_no_odor,20.0,67.0,1.0
2024.10.03_10-27-18_Sto_car_no_odor,69.0,203.0,1.0
2024.10.03_10-27-18_Sto_car_no_odor,205.0,206.0,1.0
2024.10.03_10-27-18_Sto_car_no_odor,208.0,214.0,1.0
2024.10.03_10-27-18_Sto_car_no_odor,216.0,216.0,1.0
2024.10.03_10-27-18_Sto_car_no_odor,219.0,219.0,1.0
2024.10.03_10-27-18_Sto_car_no_odor,221.0,221.0,1.0
2024.10.03_10-27-18_Sto_car_no_odor,224.0,224.0,1.0
2024.10.03_10-27-18_Sto_car_no_odor,227.0,227.0,1.0
2024.10.03_10-27-18_Sto_car_no_odor,234.0,234.0,1.0
2024.10.03_10-27-18_Sto_car_no_odor,238.0,239.0,1.0
2024.10.03_10-27-18_Sto_car_no_odor,242.0,242.0,1.0
2024.10.03_10-27-18_Sto_car_no_odor,247.0,247.0,1.0
2024.10.03_10-27-18_Sto_car_no_odor,249.0,249.0,1.0
2024.10.03_10-27-18_Sto_car_no_odor,251.0,253.0,1.0
2024.10.03_10-27-18_Sto_car_no_odor,255.0,255.0,1.0
2024.10.03_10-27-18_Sto_car_no_odor,257.0,257.0,1.0
2024.10.03_10-27-18_Sto_car_no_odor,259.0,264.0,1.0
2024.10.03_10-27-18_Sto_car_no_odor,266.0,267.0,1.0
2024.10.03_10-27-18_Sto_car_no_odor,269.0,273.0,1.0
2024.10.03_10-27-18_Sto_car_no_odor,276.0,286.0,1.0
2024.10.03_10-27-18_Sto_car_no_odor,288.0,288.0,1.0
2024.10.03_10-27-18_Sto_car_no_odor,291.0,295.0,1.0
2024.10.03_10-27-18_Sto_car_no_odor,297.0,305.0,1.0
2024.10.03_10-27-18_Sto_car_no_odor,307.0,317.0,1.0
2024.10.03_10-27-18_Sto_car_no_odor,319.0,324.0,1.0
2024.10.03_10-27-18_Sto_car_no_odor,326.0,329.0,1.0
2024.10.03_10-27-18_Sto_car_no_odor,331.0,332.0,1.0
2024.10.03_10-27-18_Sto_car_no_odor,334.0,334.0,1.0
2024.10.03_10-27-18_Sto_car_no_odor,336.0,365.0,1.0
2024.10.03_10-27-18_Sto_car_no_odor,367.0,582.0,1.0
2024.10.03_10-27-18_Sto_car_no_odor,586.0,586.0,1.0
2024.10.08_12-50-07_Stocago_2hexanol,3.0,1097.0,1.0
2024.10.08_12-50-07_Stocago_2hexanol,1104.0,1395.0,1.0
2024.10.08_12-50-07_Stocago_2hexanol,1397.0,1397.0,1.0
2024.10.08_12-50-07_Stocago_2hexanol,1399.0,1401.0,1.0
2024.10.08_12-50-07_Stocago_2hexanol,1404.0,1404.0,1.0
2024.10.08_12-50-07_Stocago_2hexanol,1406.0,1410.0,1.0
2024.10.08_12-50-07_Stocago_2hexanol,1414.0,1414.0,1.0
2024.10.08_12-50-07_Stocago_2hexanol,1416.0,1422.0,1.0
2024.10.08_12-50-07_Stocago_2hexanol,1425.0,1425.0,1.0
2024.10.08_12-50-07_Stocago_2hexanol,1429.0,1455.0,1.0
2024.10.08_12-50-07_Stocago_2hexanol,1457.0,1469.0,1.0
2024.10.08_12-50-07_Stocago_2hexanol,1480.0,1783.0,1.0
2024.10.08_12-50-07_Stocago_2hexanol,1787.0,1813.0,1.0
2024.10.08_12-50-07_Stocago_2hexanol,1815.0,1816.0,1.0
2024.10.08_12-50-07_Stocago_2hexanol,1820.0,1838.0,1.0
2024.10.08_12-50-07_Stocago_2hexanol,1841.0,1872.0,1.0
2024.10.08_12-50-07_Stocago_2hexanol,1874.0,1893.0,1.0
2024.10.08_12-50-07_Stocago_2hexanol,1895.0,1895.0,1.0
2024.07.09_12-56-36_Riverside (MetBen),4154.0,4156.0,1.0
2024.07.09_12-56-36_Riverside (MetBen),4166.0,4186.0,1.0
2024.07.09_12-56-36_Riverside (MetBen),4188.0,4196.0,1.0
2024.10.17_08-45-58_Sto_car_2hexanol,7907.0,7913.0,1.0
2024.10.17_08-45-58_Sto_car_2hexanol,7915.0,8999.0,1.0
2024.09.25_16-00-16_Sto_cago_no_odor,4159.0,4159.0,1.0
2024.09.25_16-00-16_Sto_cago_no_odor,4162.0,4163.0,1.0
2024.09.25_16-00-16_Sto_cago_no_odor,4165.0,4166.0,1.0
2024.09.25_16-00-16_Sto_cago_no_odor,4168.0,4168.0,1.0
2024.09.25_16-00-16_Sto_cago_no_odor,4170.0,8999.0,1.0
2024.12.01_19-42-50_Biarmipes84_prenac,7594.0,7594.0,1.0
2024.12.01_19-42-50_Biarmipes84_prenac,7596.0,7604.0,1.0
2024.12.01_19-42-50_Biarmipes84_prenac,7609.0,7614.0,1.0
2024.12.01_19-42-50_Biarmipes84_prenac,7616.0,7616.0,1.0
2024.12.01_19-42-50_Biarmipes84_prenac,7619.0,7790.0,1.0
2024.12.01_19-42-50_Biarmipes84_prenac,7792.0,7806.0,1.0
2024.12.01_19-42-50_Biarmipes84_prenac,7808.0,7808.0,1.0
2024.12.01_19-42-50_Biarmipes84_prenac,7810.0,7811.0,1.0
2024.12.01_19-42-50_Biarmipes84_prenac,7813.0,7815.0,1.0
2024.12.01_19-42-50_Biarmipes84_prenac,7817.0,7835.0,1.0
2024.12.01_19-42-50_Biarmipes84_prenac,7837.0,8911.0,1.0
2024.09.24_16-38-02_Yakuba7_no_odor,1027.0,2203.0,1.0
2024.09.24_16-38-02_Yakuba7_no_odor,2205.0,2319.0,1.0
2024.09.24_16-38-02_Yakuba7_no_odor,2321.0,2390.0,1.0
2024.09.24_16-38-02_Yakuba7_no_odor,2392.0,2396.0,1.0
2024.09.24_16-38-02_Yakuba7_no_odor,2399.0,2401.0,1.0
2024.09.24_16-38-02_Yakuba7_no_odor,2403.0,2411.0,1.0
2024.09.24_16-38-02_Yakuba7_no_odor,2413.0,2416.0,1.0
2024.09.24_16-38-02_Yakuba7_no_odor,2418.0,2421.0,1.0
2024.09.24_16-38-02_Yakuba7_no_odor,2423.0,2426.0,1.0
2024.09.24_16-38-02_Yakuba7_no_odor,2429.0,2448.0,1.0
2024.09.24_16-38-02_Yakuba7_no_odor,2450.0,2521.0,1.0
2024.09.24_16-38-02_Yakuba7_no_odor,2523.0,2533.0,1.0
2024.09.24_16-38-02_Yakuba7_no_odor,2535.0,2854.0,1.0
2024.09.24_16-38-02_Yakuba7_no_odor,2856.0,2856.0,1.0
2024.09.24_16-38-02_Yakuba7_no_odor,2858.0,2872.0,1.0
2024.09.24_16-38-02_Yakuba7_no_odor,2874.0,2876.0,1.0
2024.09.24_16-38-02_Yakuba7_no_odor,2878.0,2881.0,1.0
2024.09.24_16-38-02_Yakuba7_no_odor,2884.0,2888.0,1.0
2024.09.24_16-38-02_Yakuba7_no_odor,2898.0,2903.0,1.0
2024.09.24_16-38-02_Yakuba7_no_odor,2905.0,2908.0,1.0
2024.09.24_16-38-02_Yakuba7_no_odor,2911.0,2912.0,1.0
2024.09.24_16-38-02_Yakuba7_no_odor,2914.0,2914.0,1.0
2024.09.24_16-38-02_Yakuba7_no_odor,2920.0,2921.0,1.0
2024.09.24_16-38-02_Yakuba7_no_odor,2924.0,2924.0,1.0
2024.09.24_16-38-02_Yakuba7_no_odor,2927.0,2929.0,1.0
2024.09.24_16-38-02_Yakuba7_no_odor,2932.0,2932.0,1.0
2024.09.24_16-38-02_Yakuba7_no_odor,2934.0,2934.0,1.0
2024.09.24_16-38-02_Yakuba7_no_odor,2936.0,2937.0,1.0
2024.09.24_16-38-02_Yakuba7_no_odor,2940.0,2940.0,1.0
2024.09.24_16-38-02_Yakuba7_no_odor,2942.0,2942.0,1.0
2024.09.24_16-38-02_Yakuba7_no_odor,2947.0,2947.0,1.0
2024.09.24_16-38-02_Yakuba7_no_odor,2949.0,2949.0,1.0
2024.09.24_16-38-02_Yakuba7_no_odor,2952.0,2952.0,1.0
2024.09.24_16-38-02_Yakuba7_no_odor,2956.0,2960.0,1.0
2024.09.24_16-38-02_Yakuba7_no_odor,2968.0,2970.0,1.0
2024.09.24_16-38-02_Yakuba7_no_odor,2976.0,2976.0,1.0
2024.09.24_16-38-02_Yakuba7_no_odor,2978.0,2978.0,1.0
2024.09.24_16-38-02_Yakuba7_no_odor,2980.0,2980.0,1.0
2024.09.24_16-38-02_Yakuba7_no_odor,2983.0,2983.0,1.0
2024.09.24_16-38-02_Yakuba7_no_odor,2992.0,2992.0,1.0
2024.09.24_16-38-02_Yakuba7_no_odor,2995.0,2997.0,1.0
2024.09.24_16-38-02_Yakuba7_no_odor,2999.0,2999.0,1.0
2024.09.24_16-38-02_Yakuba7_no_odor,3001.0,3001.0,1.0
2024.09.24_16-38-02_Yakuba7_no_odor,3003.0,3003.0,1.0
2024.09.24_16-38-02_Yakuba7_no_odor,3006.0,3008.0,1.0
2024.09.24_16-38-02_Yakuba7_no_odor,3010.0,3010.0,1.0
2024.09.24_16-38-02_Yakuba7_no_odor,3012.0,3012.0,1.0
2024.09.24_16-38-02_Yakuba7_no_odor,3015.0,3016.0,1.0
2024.09.24_16-38-02_Yakuba7_no_odor,3019.0,3022.0,1.0
2024.09.24_16-38-02_Yakuba7_no_odor,3024.0,3024.0,1.0
2024.09.24_16-38-02_Yakuba7_no_odor,3027.0,3029.0,1.0
2024.09.24_16-38-02_Yakuba7_no_odor,3031.0,3031.0,1.0
2024.09.24_16-38-02_Yakuba7_no_odor,3033.0,3044.0,1.0
2024.09.24_16-38-02_Yakuba7_no_odor,3047.0,3057.0,1.0
2024.09.24_16-38-02_Yakuba7_no_odor,3059.0,3075.0,1.0
2024.09.24_16-38-02_Yakuba7_no_odor,3079.0,3083.0,1.0
2024.09.24_16-38-02_Yakuba7_no_odor,3085.0,3091.0,1.0
2024.09.24_16-38-02_Yakuba7_no_odor,3094.0,3104.0,1.0
2024.09.24_16-38-02_Yakuba7_no_odor,3106.0,3113.0,1.0
2024.09.24_16-38-02_Yakuba7_no_odor,3115.0,3115.0,1.0
2024.09.24_16-38-02_Yakuba7_no_odor,3117.0,3119.0,1.0
2024.09.24_16-38-02_Yakuba7_no_odor,3121.0,3132.0,1.0
2024.09.24_16-38-02_Yakuba7_no_odor,3134.0,3134.0,1.0
2024.09.24_16-38-02_Yakuba7_no_odor,3136.0,3136.0,1.0
2024.09.24_16-38-02_Yakuba7_no_odor,3140.0,3141.0,1.0
2024.09.24_16-38-02_Yakuba7_no_odor,3143.0,3145.0,1.0
2024.09.24_16-38-02_Yakuba7_no_odor,3147.0,3147.0,1.0
2024.09.24_16-38-02_Yakuba7_no_odor,3151.0,3154.0,1.0
2024.09.24_16-38-02_Yakuba7_no_odor,3156.0,3156.0,1.0
2024.09.24_16-38-02_Yakuba7_no_odor,3158.0,3159.0,1.0
2024.09.24_16-38-02_Yakuba7_no_odor,3167.0,3167.0,1.0
2024.09.24_16-38-02_Yakuba7_no_odor,3172.0,3172.0,1.0
2024.09.24_16-38-02_Yakuba7_no_odor,3174.0,3174.0,1.0
2024.09.24_16-38-02_Yakuba7_no_odor,3177.0,3177.0,1.0
2024.09.24_16-38-02_Yakuba7_no_odor,3179.0,3179.0,1.0
2024.09.24_16-38-02_Yakuba7_no_odor,3182.0,3184.0,1.0
2024.09.24_16-38-02_Yakuba7_no_odor,3187.0,3207.0,1.0
2024.09.24_16-38-02_Yakuba7_no_odor,3209.0,3210.0,1.0
2024.09.24_16-38-02_Yakuba7_no_odor,3214.0,3214.0,1.0
2024.09.24_16-38-02_Yakuba7_no_odor,3216.0,3221.0,1.0
2024.09.24_16-38-02_Yakuba7_no_odor,3228.0,3228.0,1.0
2024.09.24_16-38-02_Yakuba7_no_odor,3230.0,3332.0,1.0
2024.09.24_16-38-02_Yakuba7_no_odor,3336.0,3336.0,1.0
2024.09.24_16-38-02_Yakuba7_no_odor,3339.0,3339.0,1.0
2024.09.24_16-38-02_Yakuba7_no_odor,3359.0,3361.0,1.0
2024.09.24_16-38-02_Yakuba7_no_odor,3364.0,3369.0,1.0
2024.09.24_16-38-02_Yakuba7_no_odor,3371.0,3379.0,1.0
2024.09.24_16-38-02_Yakuba7_no_odor,3381.0,3518.0,1.0
2024.09.24_16-38-02_Yakuba7_no_odor,3521.0,3535.0,1.0
2024.09.24_16-38-02_Yakuba7_no_odor,3538.0,3603.0,1.0
2024.09.24_16-38-02_Yakuba7_no_odor,3606.0,3608.0,1.0
2024.09.24_16-38-02_Yakuba7_no_odor,3610.0,3611.0,1.0
2024.09.24_16-38-02_Yakuba7_no_odor,3617.0,3617.0,1.0
2024.09.24_16-38-02_Yakuba7_no_odor,3622.0,3622.0,1.0
2024.09.24_16-38-02_Yakuba7_no_odor,3628.0,3630.0,1.0
2024.09.24_16-38-02_Yakuba7_no_odor,3632.0,3632.0,1.0
2024.09.24_16-38-02_Yakuba7_no_odor,3634.0,3637.0,1.0
2024.09.24_16-38-02_Yakuba7_no_odor,3639.0,3642.0,1.0
2024.09.24_16-38-02_Yakuba7_no_odor,3644.0,3647.0,1.0
2024.09.24_16-38-02_Yakuba7_no_odor,3654.0,3666.0,1.0
2024.09.24_16-38-02_Yakuba7_no_odor,3668.0,3672.0,1.0
2024.09.24_16-38-02_Yakuba7_no_odor,3677.0,3677.0,1.0
2024.09.24_16-38-02_Yakuba7_no_odor,3680.0,3680.0,1.0
2024.09.24_16-38-02_Yakuba7_no_odor,3683.0,3684.0,1.0
2024.09.24_16-38-02_Yakuba7_no_odor,3686.0,3688.0,1.0
2024.09.24_16-38-02_Yakuba7_no_odor,3690.0,3692.0,1.0
2024.09.24_16-38-02_Yakuba7_no_odor,3694.0,3695.0,1.0
2024.09.24_16-38-02_Yakuba7_no_odor,3699.0,3701.0,1.0
2024.09.24_16-38-02_Yakuba7_no_odor,3706.0,3709.0,1.0
2024.09.24_16-38-02_Yakuba7_no_odor,3711.0,3717.0,1.0
2024.09.24_16-38-02_Yakuba7_no_odor,3719.0,3725.0,1.0
2024.09.24_16-38-02_Yakuba7_no_odor,3727.0,3728.0,1.0
2024.09.24_16-38-02_Yakuba7_no_odor,3730.0,3731.0,1.0
2024.09.24_16-38-02_Yakuba7_no_odor,3733.0,3734.0,1.0
2024.09.24_16-38-02_Yakuba7_no_odor,3736.0,3737.0,1.0
2024.09.24_16-38-02_Yakuba7_no_odor,3742.0,3744.0,1.0
2024.09.24_16-38-02_Yakuba7_no_odor,3746.0,3765.0,1.0
2024.09.24_16-38-02_Yakuba7_no_odor,3767.0,3785.0,1.0
2024.09.24_16-38-02_Yakuba7_no_odor,3789.0,3795.0,1.0
2024.09.24_16-38-02_Yakuba7_no_odor,3799.0,3800.0,1.0
2024.09.24_16-38-02_Yakuba7_no_odor,3804.0,3826.0,1.0
2024.09.24_16-38-02_Yakuba7_no_odor,3828.0,3828.0,1.0
2024.09.24_16-38-02_Yakuba7_no_odor,3830.0,3830.0,1.0
2024.09.24_16-38-02_Yakuba7_no_odor,3832.0,4024.0,1.0
2024.09.24_16-38-02_Yakuba7_no_odor,4026.0,4055.0,1.0
2024.09.24_16-38-02_Yakuba7_no_odor,4057.0,4106.0,1.0
2024.09.24_16-38-02_Yakuba7_no_odor,4108.0,7228.0,1.0
2024.09.24_16-38-02_Yakuba7_no_odor,7232.0,7232.0,1.0
2024.09.24_16-38-02_Yakuba7_no_odor,7234.0,7236.0,1.0
2024.09.24_16-38-02_Yakuba7_no_odor,7238.0,7239.0,1.0
2024.09.24_16-38-02_Yakuba7_no_odor,7242.0,7246.0,1.0
2024.09.24_16-38-02_Yakuba7_no_odor,7248.0,7248.0,1.0
2024.09.24_16-38-02_Yakuba7_no_odor,7250.0,7251.0,1.0
2024.09.24_16-38-02_Yakuba7_no_odor,7256.0,7257.0,1.0
2024.09.24_16-38-02_Yakuba7_no_odor,7263.0,7265.0,1.0
2024.09.24_16-38-02_Yakuba7_no_odor,7267.0,7269.0,1.0
2024.09.24_16-38-02_Yakuba7_no_odor,7293.0,7319.0,1.0
2024.09.24_16-38-02_Yakuba7_no_odor,7321.0,7335.0,1.0
2024.09.24_16-38-02_Yakuba7_no_odor,7337.0,7345.0,1.0
2024.09.24_16-38-02_Yakuba7_no_odor,7347.0,7353.0,1.0
2024.09.24_16-38-02_Yakuba7_no_odor,7355.0,7360.0,1.0
2024.09.24_16-38-02_Yakuba7_no_odor,7362.0,7363.0,1.0
2024.09.24_16-38-02_Yakuba7_no_odor,7365.0,7373.0,1.0
2024.09.24_16-38-02_Yakuba7_no_odor,7375.0,7377.0,1.0
2024.09.24_16-38-02_Yakuba7_no_odor,7379.0,7379.0,1.0
2024.09.24_16-38-02_Yakuba7_no_odor,7382.0,7396.0,1.0
2024.09.24_16-38-02_Yakuba7_no_odor,7398.0,7399.0,1.0
2024.09.24_16-38-02_Yakuba7_no_odor,7401.0,7418.0,1.0
2024.09.24_16-38-02_Yakuba7_no_odor,7420.0,7425.0,1.0
2024.09.24_16-38-02_Yakuba7_no_odor,7428.0,7432.0,1.0
2024.09.24_16-38-02_Yakuba7_no_odor,7434.0,7476.0,1.0
2024.09.24_16-38-02_Yakuba7_no_odor,7478.0,7478.0,1.0
2024.09.24_16-38-02_Yakuba7_no_odor,7480.0,7481.0,1.0
2024.09.24_16-38-02_Yakuba7_no_odor,7483.0,7492.0,1.0
2024.09.24_16-38-02_Yakuba7_no_odor,7494.0,7497.0,1.0
2024.09.24_16-38-02_Yakuba7_no_odor,7500.0,7505.0,1.0
2024.09.24_16-38-02_Yakuba7_no_odor,7507.0,7524.0,1.0
2024.09.24_16-38-02_Yakuba7_no_odor,7526.0,7528.0,1.0
2024.09.24_16-38-02_Yakuba7_no_odor,7530.0,7536.0,1.0
2024.09.24_16-38-02_Yakuba7_no_odor,7539.0,7549.0,1.0
2024.09.24_16-38-02_Yakuba7_no_odor,7551.0,7557.0,1.0
2024.09.24_16-38-02_Yakuba7_no_odor,7559.0,7560.0,1.0
2024.09.24_16-38-02_Yakuba7_no_odor,7562.0,7565.0,1.0
2024.09.24_16-38-02_Yakuba7_no_odor,7567.0,7584.0,1.0
2024.09.24_16-38-02_Yakuba7_no_odor,7586.0,7617.0,1.0
2024.09.24_16-38-02_Yakuba7_no_odor,7619.0,7625.0,1.0
2024.09.24_16-38-02_Yakuba7_no_odor,7628.0,7631.0,1.0
2024.09.24_16-38-02_Yakuba7_no_odor,7636.0,7637.0,1.0
2024.09.24_16-38-02_Yakuba7_no_odor,7639.0,7652.0,1.0
2024.09.24_16-38-02_Yakuba7_no_odor,7654.0,7654.0,1.0
2024.09.24_16-38-02_Yakuba7_no_odor,7664.0,7664.0,1.0
2024.09.24_16-38-02_Yakuba7_no_odor,7666.0,7667.0,1.0
2024.09.24_16-38-02_Yakuba7_no_odor,7669.0,7669.0,1.0
2024.09.24_16-38-02_Yakuba7_no_odor,7672.0,7696.0,1.0
2024.09.24_16-38-02_Yakuba7_no_odor,7698.0,7700.0,1.0
2024.09.24_16-38-02_Yakuba7_no_odor,7702.0,7702.0,1.0
2024.09.24_16-38-02_Yakuba7_no_odor,7740.0,7741.0,1.0
2024.09.24_16-38-02_Yakuba7_no_odor,7743.0,7821.0,1.0
2024.09.24_16-38-02_Yakuba7_no_odor,7823.0,7862.0,1.0
2024.09.24_16-38-02_Yakuba7_no_odor,7864.0,7864.0,1.0
2024.09.24_16-38-02_Yakuba7_no_odor,7866.0,7867.0,1.0
2024.09.24_16-38-02_Yakuba7_no_odor,7869.0,7962.0,1.0
2024.09.24_16-38-02_Yakuba7_no_odor,7964.0,8018.0,1.0
2024.09.24_16-38-02_Yakuba7_no_odor,8020.0,8024.0,1.0
2024.09.24_16-38-02_Yakuba7_no_odor,8026.0,8028.0,1.0
2024.09.24_16-38-02_Yakuba7_no_odor,8030.0,8053.0,1.0
2024.09.24_16-38-02_Yakuba7_no_odor,8055.0,8058.0,1.0
2024.09.24_16-38-02_Yakuba7_no_odor,8064.0,8064.0,1.0
2024.09.24_16-38-02_Yakuba7_no_odor,8091.0,8091.0,1.0
2024.09.24_16-38-02_Yakuba7_no_odor,8093.0,8093.0,1.0
2024.09.24_16-38-02_Yakuba7_no_odor,8096.0,8096.0,1.0
2024.09.24_16-38-02_Yakuba7_no_odor,8098.0,8139.0,1.0
2024.09.24_16-38-02_Yakuba7_no_odor,8141.0,8164.0,1.0
2024.09.24_16-38-02_Yakuba7_no_odor,8166.0,8208.0,1.0
2024.09.24_16-38-02_Yakuba7_no_odor,8210.0,8408.0,1.0
2024.09.24_16-38-02_Yakuba7_no_odor,8410.0,8415.0,1.0
2024.09.24_16-38-02_Yakuba7_no_odor,8417.0,8434.0,1.0
2024.09.24_16-38-02_Yakuba7_no_odor,8436.0,8438.0,1.0
2024.09.24_16-38-02_Yakuba7_no_odor,8440.0,8442.0,1.0
2024.09.24_16-38-02_Yakuba7_no_odor,8444.0,8446.0,1.0
2024.09.24_16-38-02_Yakuba7_no_odor,8450.0,8451.0,1.0
2024.09.24_16-38-02_Yakuba7_no_odor,8453.0,8453.0,1.0
2024.09.24_16-38-02_Yakuba7_no_odor,8455.0,8455.0,1.0
2024.09.24_16-38-02_Yakuba7_no_odor,8458.0,8458.0,1.0
2024.09.24_16-38-02_Yakuba7_no_odor,8461.0,8462.0,1.0
2024.09.24_16-38-02_Yakuba7_no_odor,8465.0,8469.0,1.0
2024.09.24_16-38-02_Yakuba7_no_odor,8471.0,8471.0,1.0
2024.09.24_16-38-02_Yakuba7_no_odor,8475.0,8475.0,1.0
2024.09.24_16-38-02_Yakuba7_no_odor,8482.0,8482.0,1.0
2024.09.24_16-38-02_Yakuba7_no_odor,8485.0,8485.0,1.0
2024.09.24_16-38-02_Yakuba7_no_odor,8487.0,8487.0,1.0
2024.09.24_16-38-02_Yakuba7_no_odor,8491.0,8491.0,1.0
2024.09.24_16-38-02_Yakuba7_no_odor,8502.0,8502.0,1.0
2024.09.24_16-38-02_Yakuba7_no_odor,8510.0,8511.0,1.0
2024.09.24_16-38-02_Yakuba7_no_odor,8525.0,8526.0,1.0
2024.09.24_16-38-02_Yakuba7_no_odor,8528.0,8530.0,1.0
2024.09.24_16-38-02_Yakuba7_no_odor,8532.0,8532.0,1.0
2024.09.24_16-38-02_Yakuba7_no_odor,8538.0,8538.0,1.0
2024.09.24_16-38-02_Yakuba7_no_odor,8540.0,8541.0,1.0
2024.09.24_16-38-02_Yakuba7_no_odor,8543.0,8546.0,1.0
2024.09.24_16-38-02_Yakuba7_no_odor,8548.0,8548.0,1.0
2024.09.24_16-38-02_Yakuba7_no_odor,8551.0,8552.0,1.0
2024.09.24_16-38-02_Yakuba7_no_odor,8554.0,8588.0,1.0
2024.09.24_16-38-02_Yakuba7_no_odor,8590.0,8605.0,1.0
2024.09.24_16-38-02_Yakuba7_no_odor,8607.0,8618.0,1.0
2024.09.24_16-38-02_Yakuba7_no_odor,8620.0,8855.0,1.0
2024.09.24_16-38-02_Yakuba7_no_odor,8857.0,8878.0,1.0
2024.09.24_16-38-02_Yakuba7_no_odor,8880.0,8906.0,1.0
2024.09.24_16-38-02_Yakuba7_no_odor,8908.0,8926.0,1.0
2024.10.15_08-52-06_Biarmipes_G224_1hexanol,1378.0,1401.0,1.0
2024.10.15_08-52-06_Biarmipes_G224_1hexanol,2083.0,2126.0,1.0
2024.10.15_08-52-06_Biarmipes_G224_1hexanol,2131.0,2161.0,1.0
2024.10.15_08-52-06_Biarmipes_G224_1hexanol,2164.0,2177.0,1.0
2024.10.15_08-52-06_Biarmipes_G224_1hexanol,2179.0,2180.0,1.0
2024.10.15_08-52-06_Biarmipes_G224_1hexanol,2183.0,2204.0,1.0
2024.10.15_08-52-06_Biarmipes_G224_1hexanol,5053.0,7385.0,1.0
2024.10.15_08-52-06_Biarmipes_G224_1hexanol,8034.0,8243.0,1.0
2024.10.15_08-52-06_Biarmipes_G224_1hexanol,8259.0,8262.0,1.0
2024.10.15_08-52-06_Biarmipes_G224_1hexanol,8264.0,8275.0,1.0
2024.10.15_08-52-06_Biarmipes_G224_1hexanol,8277.0,8278.0,1.0
2024.10.15_08-52-06_Biarmipes_G224_1hexanol,8280.0,8280.0,1.0
2024.10.15_08-52-06_Biarmipes_G224_1hexanol,8283.0,8292.0,1.0
2024.10.15_08-52-06_Biarmipes_G224_1hexanol,8294.0,8307.0,1.0
2024.10.15_08-52-06_Biarmipes_G224_1hexanol,8311.0,8312.0,1.0
2024.10.15_08-52-06_Biarmipes_G224_1hexanol,8314.0,8360.0,1.0
2024.10.15_08-52-06_Biarmipes_G224_1hexanol,8365.0,8366.0,1.0
2024.10.15_08-52-06_Biarmipes_G224_1hexanol,8369.0,8395.0,1.0
2024.10.15_08-52-06_Biarmipes_G224_1hexanol,8397.0,8398.0,1.0
2024.10.15_08-52-06_Biarmipes_G224_1hexanol,8400.0,8411.0,1.0
2024.10.15_08-52-06_Biarmipes_G224_1hexanol,8416.0,8416.0,1.0
2024.10.15_08-52-06_Biarmipes_G224_1hexanol,8418.0,8420.0,1.0
2024.10.15_08-52-06_Biarmipes_G224_1hexanol,8693.0,8693.0,1.0
2024.10.15_08-52-06_Biarmipes_G224_1hexanol,8695.0,8999.0,1.0
2024.07.05_11-33-31_CantonS (no odor),3129.0,4815.0,1.0
2024.10.18_11-45-36_Riverside_prenac,1250.0,1256.0,1.0
2024.10.18_11-45-36_Riverside_prenac,1260.0,1260.0,1.0
2024.10.18_11-45-36_Riverside_prenac,1266.0,1267.0,1.0
2024.10.18_11-45-36_Riverside_prenac,1270.0,1270.0,1.0
2024.10.18_11-45-36_Riverside_prenac,1272.0,1273.0,1.0
2024.10.18_11-45-36_Riverside_prenac,1275.0,1394.0,1.0
2024.10.18_11-45-36_Riverside_prenac,1396.0,1528.0,1.0
2024.10.18_11-45-36_Riverside_prenac,1530.0,1530.0,1.0
2024.10.18_11-45-36_Riverside_prenac,1535.0,1927.0,1.0
2024.10.18_11-45-36_Riverside_prenac,1929.0,1933.0,1.0
2024.10.18_11-45-36_Riverside_prenac,1935.0,2507.0,1.0
2024.10.18_11-45-36_Riverside_prenac,2509.0,2510.0,1.0
2024.10.18_11-45-36_Riverside_prenac,2512.0,2512.0,1.0
2024.10.18_11-45-36_Riverside_prenac,2514.0,2524.0,1.0
2024.10.18_11-45-36_Riverside_prenac,2546.0,2617.0,1.0
2024.10.18_11-45-36_Riverside_prenac,2653.0,2774.0,1.0
2024.10.18_11-45-36_Riverside_prenac,2792.0,2877.0,1.0
2024.10.18_11-45-36_Riverside_prenac,2879.0,2881.0,1.0
2024.10.18_11-45-36_Riverside_prenac,2883.0,2884.0,1.0
2024.10.18_11-45-36_Riverside_prenac,2901.0,2975.0,1.0
2024.10.18_11-45-36_Riverside_prenac,2977.0,2979.0,1.0
2024.10.18_11-45-36_Riverside_prenac,8624.0,8657.0,1.0
2024.10.18_11-45-36_Riverside_prenac,8660.0,8660.0,1.0
2024.10.18_11-45-36_Riverside_prenac,8663.0,8665.0,1.0
2024.10.18_11-45-36_Riverside_prenac,8668.0,8668.0,1.0
2024.10.18_11-45-36_Riverside_prenac,8671.0,8671.0,1.0
2024.10.18_11-45-36_Riverside_prenac,8674.0,8674.0,1.0
2024.10.18_11-45-36_Riverside_prenac,8676.0,8677.0,1.0
2024.10.18_11-45-36_Riverside_prenac,8679.0,8680.0,1.0
2024.10.18_11-45-36_Riverside_prenac,8683.0,8683.0,1.0
2024.10.18_11-45-36_Riverside_prenac,8685.0,8687.0,1.0
2024.10.18_11-45-36_Riverside_prenac,8691.0,8691.0,1.0
2024.10.18_11-45-36_Riverside_prenac,8698.0,8698.0,1.0
2024.10.18_11-45-36_Riverside_prenac,8701.0,8701.0,1.0
2024.10.18_11-45-36_Riverside_prenac,8704.0,8705.0,1.0
2024.10.18_11-45-36_Riverside_prenac,8708.0,8708.0,1.0
2024.10.18_11-45-36_Riverside_prenac,8716.0,8729.0,1.0
2024.10.18_11-45-36_Riverside_prenac,8731.0,8762.0,1.0
2024.10.18_11-45-36_Riverside_prenac,8765.0,8767.0,1.0
2024.10.18_11-45-36_Riverside_prenac,8769.0,8879.0,1.0
2024.10.18_11-45-36_Riverside_prenac,8881.0,8882.0,1.0
2024.10.18_11-45-36_Riverside_prenac,8884.0,8892.0,1.0
2024.10.18_11-45-36_Riverside_prenac,8894.0,8924.0,1.0
2024.10.18_11-45-36_Riverside_prenac,8926.0,8928.0,1.0
2024.10.18_11-45-36_Riverside_prenac,8930.0,8986.0,1.0
2024.10.01_09-36-42_Yakuba_cameroon_no_odor,3.0,63.0,1.0
2024.10.01_09-36-42_Yakuba_cameroon_no_odor,65.0,196.0,1.0
2024.10.01_09-36-42_Yakuba_cameroon_no_odor,198.0,212.0,1.0
2024.10.01_09-36-42_Yakuba_cameroon_no_odor,214.0,216.0,1.0
2024.10.01_09-36-42_Yakuba_cameroon_no_odor,218.0,243.0,1.0
2024.10.25_07-10-10_CantonS_metben,4766.0,4767.0,1.0
2024.10.25_07-10-10_CantonS_metben,4769.0,5164.0,1.0
2024.10.25_07-10-10_CantonS_metben,5166.0,5241.0,1.0
2024.10.25_07-10-10_CantonS_metben,5244.0,5244.0,1.0
2024.10.25_07-10-10_CantonS_metben,5247.0,5248.0,1.0
2024.10.25_07-10-10_CantonS_metben,5250.0,5252.0,1.0
2024.10.25_07-10-10_CantonS_metben,5254.0,5258.0,1.0
2024.10.25_07-10-10_CantonS_metben,5260.0,5264.0,1.0
2024.10.25_07-10-10_CantonS_metben,5266.0,5280.0,1.0
2024.10.25_07-10-10_CantonS_metben,5282.0,8999.0,1.0
2024.10.15_08-15-26_Biarmipes_G224_1hexanol,3.0,829.0,1.0
2024.10.15_08-15-26_Biarmipes_G224_1hexanol,831.0,1076.0,1.0
2024.10.15_08-15-26_Biarmipes_G224_1hexanol,1080.0,2814.0,1.0
2024.10.15_08-15-26_Biarmipes_G224_1hexanol,2816.0,3317.0,1.0
2024.10.15_08-15-26_Biarmipes_G224_1hexanol,3319.0,3335.0,1.0
2024.10.15_08-15-26_Biarmipes_G224_1hexanol,3337.0,3377.0,1.0
2024.10.15_08-15-26_Biarmipes_G224_1hexanol,3379.0,3455.0,1.0
2024.10.15_08-15-26_Biarmipes_G224_1hexanol,3459.0,3462.0,1.0
2024.10.15_08-15-26_Biarmipes_G224_1hexanol,3464.0,3496.0,1.0
2024.10.15_08-15-26_Biarmipes_G224_1hexanol,3500.0,3500.0,1.0
2024.10.15_08-15-26_Biarmipes_G224_1hexanol,3503.0,3503.0,1.0
2024.10.15_08-15-26_Biarmipes_G224_1hexanol,3505.0,3508.0,1.0
2024.10.15_08-15-26_Biarmipes_G224_1hexanol,3510.0,3512.0,1.0
2024.10.15_08-15-26_Biarmipes_G224_1hexanol,3516.0,3542.0,1.0
2024.10.15_08-15-26_Biarmipes_G224_1hexanol,3544.0,3596.0,1.0
2024.10.15_08-15-26_Biarmipes_G224_1hexanol,3598.0,3600.0,1.0
2024.10.15_08-15-26_Biarmipes_G224_1hexanol,3602.0,3645.0,1.0
2024.10.15_08-15-26_Biarmipes_G224_1hexanol,3647.0,3656.0,1.0
2024.10.15_08-15-26_Biarmipes_G224_1hexanol,3658.0,3675.0,1.0
2024.10.15_08-15-26_Biarmipes_G224_1hexanol,3677.0,3685.0,1.0
2024.10.15_08-15-26_Biarmipes_G224_1hexanol,3687.0,3696.0,1.0
2024.10.15_08-15-26_Biarmipes_G224_1hexanol,3723.0,3784.0,1.0
2024.10.15_08-15-26_Biarmipes_G224_1hexanol,3787.0,3808.0,1.0
2024.10.15_08-15-26_Biarmipes_G224_1hexanol,3810.0,3814.0,1.0
2024.10.15_08-15-26_Biarmipes_G224_1hexanol,3816.0,3819.0,1.0
2024.10.15_08-15-26_Biarmipes_G224_1hexanol,3821.0,3821.0,1.0
2024.10.15_08-15-26_Biarmipes_G224_1hexanol,4523.0,4523.0,1.0
2024.10.15_08-15-26_Biarmipes_G224_1hexanol,4525.0,4532.0,1.0
2024.10.15_08-15-26_Biarmipes_G224_1hexanol,4536.0,4536.0,1.0
2024.10.15_08-15-26_Biarmipes_G224_1hexanol,4538.0,4759.0,1.0
2024.10.15_08-15-26_Biarmipes_G224_1hexanol,4761.0,4766.0,1.0
2024.10.15_08-15-26_Biarmipes_G224_1hexanol,4769.0,4991.0,1.0
2024.10.15_08-15-26_Biarmipes_G224_1hexanol,4993.0,5034.0,1.0
2024.10.15_08-15-26_Biarmipes_G224_1hexanol,5036.0,5045.0,1.0
2024.10.15_08-15-26_Biarmipes_G224_1hexanol,5047.0,5047.0,1.0
2024.10.15_08-15-26_Biarmipes_G224_1hexanol,5049.0,5054.0,1.0
2024.10.15_08-15-26_Biarmipes_G224_1hexanol,5058.0,5058.0,1.0
2024.10.15_08-15-26_Biarmipes_G224_1hexanol,7943.0,7951.0,1.0
2024.10.15_08-15-26_Biarmipes_G224_1hexanol,7955.0,7955.0,1.0
2024.10.15_08-15-26_Biarmipes_G224_1hexanol,8483.0,8933.0,1.0
2024.10.15_08-15-26_Biarmipes_G224_1hexanol,8935.0,8999.0,1.0
2024.10.29_05-31-45_Biarmipes84_metben,3.0,937.0,1.0
2024.10.29_05-31-45_Biarmipes84_metben,939.0,941.0,1.0
2024.10.29_05-31-45_Biarmipes84_metben,943.0,963.0,1.0
2024.10.29_05-31-45_Biarmipes84_metben,965.0,968.0,1.0
2024.10.29_05-31-45_Biarmipes84_metben,970.0,985.0,1.0
2024.10.29_05-31-45_Biarmipes84_metben,987.0,987.0,1.0
2024.10.29_05-31-45_Biarmipes84_metben,989.0,1001.0,1.0
2024.10.29_05-31-45_Biarmipes84_metben,1004.0,1006.0,1.0
2024.10.29_05-31-45_Biarmipes84_metben,1008.0,1009.0,1.0
2024.10.29_05-31-45_Biarmipes84_metben,1011.0,1014.0,1.0
2024.10.29_05-31-45_Biarmipes84_metben,1017.0,1020.0,1.0
2024.10.29_05-31-45_Biarmipes84_metben,1022.0,1028.0,1.0
2024.10.29_05-31-45_Biarmipes84_metben,1030.0,1032.0,1.0
2024.10.29_05-31-45_Biarmipes84_metben,1034.0,1041.0,1.0
2024.10.29_05-31-45_Biarmipes84_metben,1043.0,1045.0,1.0
2024.10.29_05-31-45_Biarmipes84_metben,1047.0,1141.0,1.0
2024.10.29_05-31-45_Biarmipes84_metben,1143.0,1145.0,1.0
2024.10.29_05-31-45_Biarmipes84_metben,1148.0,1152.0,1.0
2024.10.29_05-31-45_Biarmipes84_metben,1154.0,1154.0,1.0
2024.10.29_05-31-45_Biarmipes84_metben,1156.0,1167.0,1.0
2024.10.29_05-31-45_Biarmipes84_metben,1170.0,1172.0,1.0
2024.10.29_05-31-45_Biarmipes84_metben,1174.0,1174.0,1.0
2024.10.29_05-31-45_Biarmipes84_metben,1176.0,1177.0,1.0
2024.10.29_05-31-45_Biarmipes84_metben,1179.0,1180.0,1.0
2024.10.29_05-31-45_Biarmipes84_metben,1183.0,1184.0,1.0
2024.10.29_05-31-45_Biarmipes84_metben,1187.0,1233.0,1.0
2024.10.29_05-31-45_Biarmipes84_metben,1235.0,1246.0,1.0
2024.10.29_05-31-45_Biarmipes84_metben,1248.0,1266.0,1.0
2024.10.29_05-31-45_Biarmipes84_metben,1268.0,1274.0,1.0
2024.10.29_05-31-45_Biarmipes84_metben,1276.0,1325.0,1.0
2024.10.29_05-31-45_Biarmipes84_metben,1328.0,1328.0,1.0
2024.10.29_05-31-45_Biarmipes84_metben,1330.0,1366.0,1.0
2024.10.29_05-31-45_Biarmipes84_metben,1368.0,1374.0,1.0
2024.10.29_05-31-45_Biarmipes84_metben,1377.0,1378.0,1.0
2024.10.29_05-31-45_Biarmipes84_metben,1381.0,1381.0,1.0
2024.10.29_05-31-45_Biarmipes84_metben,1384.0,1388.0,1.0
2024.10.29_05-31-45_Biarmipes84_metben,1390.0,1400.0,1.0
2024.10.29_05-31-45_Biarmipes84_metben,1402.0,1403.0,1.0
2024.10.29_05-31-45_Biarmipes84_metben,1406.0,1411.0,1.0
2024.10.29_05-31-45_Biarmipes84_metben,1413.0,1413.0,1.0
2024.10.29_05-31-45_Biarmipes84_metben,1416.0,1417.0,1.0
2024.10.29_05-31-45_Biarmipes84_metben,1421.0,1421.0,1.0
2024.10.29_05-31-45_Biarmipes84_metben,1423.0,1424.0,1.0
2024.10.29_05-31-45_Biarmipes84_metben,1427.0,1427.0,1.0
2024.10.29_05-31-45_Biarmipes84_metben,1429.0,1429.0,1.0
2024.10.29_05-31-45_Biarmipes84_metben,1432.0,1434.0,1.0
2024.10.29_05-31-45_Biarmipes84_metben,1437.0,1473.0,1.0
2024.10.29_05-31-45_Biarmipes84_metben,1475.0,1483.0,1.0
2024.10.29_05-31-45_Biarmipes84_metben,1485.0,1564.0,1.0
2024.10.29_05-31-45_Biarmipes84_metben,1566.0,1572.0,1.0
2024.10.29_05-31-45_Biarmipes84_metben,1574.0,1590.0,1.0
2024.10.29_05-31-45_Biarmipes84_metben,1592.0,1593.0,1.0
2024.10.29_05-31-45_Biarmipes84_metben,1596.0,1605.0,1.0
2024.10.29_05-31-45_Biarmipes84_metben,1607.0,1607.0,1.0
2024.10.29_05-31-45_Biarmipes84_metben,1609.0,1611.0,1.0
2024.10.29_05-31-45_Biarmipes84_metben,1614.0,1630.0,1.0
2024.10.29_05-31-45_Biarmipes84_metben,1632.0,1641.0,1.0
2024.10.29_05-31-45_Biarmipes84_metben,1643.0,1648.0,1.0
2024.10.29_05-31-45_Biarmipes84_metben,1650.0,2125.0,1.0
2024.10.29_05-31-45_Biarmipes84_metben,2127.0,2767.0,1.0
2024.10.29_05-31-45_Biarmipes84_metben,2769.0,2777.0,1.0
2024.10.29_05-31-45_Biarmipes84_metben,2779.0,2785.0,1.0
2024.10.29_05-31-45_Biarmipes84_metben,2787.0,2799.0,1.0
2024.10.29_05-31-45_Biarmipes84_metben,2801.0,2809.0,1.0
2024.10.29_05-31-45_Biarmipes84_metben,2811.0,2818.0,1.0
2024.10.29_05-31-45_Biarmipes84_metben,2820.0,2820.0,1.0
2024.10.29_05-31-45_Biarmipes84_metben,2822.0,2822.0,1.0
2024.10.29_05-31-45_Biarmipes84_metben,2825.0,2839.0,1.0
2024.10.29_05-31-45_Biarmipes84_metben,2841.0,2843.0,1.0
2024.10.29_05-31-45_Biarmipes84_metben,2845.0,2927.0,1.0
2024.10.29_05-31-45_Biarmipes84_metben,2929.0,2975.0,1.0
2024.10.29_05-31-45_Biarmipes84_metben,3031.0,3031.0,1.0
2024.10.29_05-31-45_Biarmipes84_metben,3055.0,3055.0,1.0
2024.10.29_05-31-45_Biarmipes84_metben,3063.0,3064.0,1.0
2024.10.29_05-31-45_Biarmipes84_metben,3066.0,3067.0,1.0
2024.10.29_05-31-45_Biarmipes84_metben,3069.0,3070.0,1.0
2024.10.29_05-31-45_Biarmipes84_metben,3072.0,3074.0,1.0
2024.10.29_05-31-45_Biarmipes84_metben,3076.0,3077.0,1.0
2024.10.29_05-31-45_Biarmipes84_metben,3079.0,3088.0,1.0
2024.10.29_05-31-45_Biarmipes84_metben,3090.0,3092.0,1.0
2024.10.29_05-31-45_Biarmipes84_metben,3095.0,3096.0,1.0
2024.10.29_05-31-45_Biarmipes84_metben,3098.0,3106.0,1.0
2024.10.29_05-31-45_Biarmipes84_metben,3108.0,3108.0,1.0
2024.10.29_05-31-45_Biarmipes84_metben,3110.0,3132.0,1.0
2024.10.29_05-31-45_Biarmipes84_metben,3134.0,3149.0,1.0
2024.10.29_05-31-45_Biarmipes84_metben,3151.0,3164.0,1.0
2024.10.29_05-31-45_Biarmipes84_metben,3166.0,3210.0,1.0
2024.10.29_05-31-45_Biarmipes84_metben,3212.0,3217.0,1.0
2024.10.29_05-31-45_Biarmipes84_metben,3220.0,3302.0,1.0
2024.10.29_05-31-45_Biarmipes84_metben,3304.0,3367.0,1.0
2024.10.29_05-31-45_Biarmipes84_metben,3375.0,3378.0,1.0
2024.10.29_05-31-45_Biarmipes84_metben,3381.0,3382.0,1.0
2024.10.29_05-31-45_Biarmipes84_metben,3387.0,3387.0,1.0
2024.10.29_05-31-45_Biarmipes84_metben,3389.0,3389.0,1.0
2024.10.29_05-31-45_Biarmipes84_metben,3391.0,3405.0,1.0
2024.10.29_05-31-45_Biarmipes84_metben,3407.0,3413.0,1.0
2024.10.29_05-31-45_Biarmipes84_metben,3415.0,3460.0,1.0
2024.10.29_05-31-45_Biarmipes84_metben,3462.0,3465.0,1.0
2024.10.29_05-31-45_Biarmipes84_metben,3469.0,3469.0,1.0
2024.10.29_05-31-45_Biarmipes84_metben,3472.0,3474.0,1.0
2024.10.29_05-31-45_Biarmipes84_metben,3480.0,3480.0,1.0
2024.10.29_05-31-45_Biarmipes84_metben,3484.0,3484.0,1.0
2024.10.29_05-31-45_Biarmipes84_metben,3487.0,3487.0,1.0
2024.10.29_05-31-45_Biarmipes84_metben,3489.0,3489.0,1.0
2024.10.29_05-31-45_Biarmipes84_metben,3492.0,3492.0,1.0
2024.10.29_05-31-45_Biarmipes84_metben,3498.0,3499.0,1.0
2024.10.29_05-31-45_Biarmipes84_metben,3506.0,3506.0,1.0
2024.10.29_05-31-45_Biarmipes84_metben,3510.0,3511.0,1.0
2024.10.29_05-31-45_Biarmipes84_metben,3513.0,3513.0,1.0
2024.10.29_05-31-45_Biarmipes84_metben,3516.0,3516.0,1.0
2024.10.29_05-31-45_Biarmipes84_metben,3520.0,3520.0,1.0
2024.10.29_05-31-45_Biarmipes84_metben,3522.0,3522.0,1.0
2024.10.29_05-31-45_Biarmipes84_metben,3527.0,3529.0,1.0
2024.10.29_05-31-45_Biarmipes84_metben,3531.0,3536.0,1.0
2024.10.29_05-31-45_Biarmipes84_metben,3538.0,3538.0,1.0
2024.10.29_05-31-45_Biarmipes84_metben,3540.0,3540.0,1.0
2024.10.29_05-31-45_Biarmipes84_metben,3545.0,3546.0,1.0
2024.10.29_05-31-45_Biarmipes84_metben,3548.0,3549.0,1.0
2024.10.29_05-31-45_Biarmipes84_metben,3551.0,3551.0,1.0
2024.10.29_05-31-45_Biarmipes84_metben,3554.0,3555.0,1.0
2024.10.29_05-31-45_Biarmipes84_metben,3557.0,3557.0,1.0
2024.10.29_05-31-45_Biarmipes84_metben,3560.0,3560.0,1.0
2024.10.29_05-31-45_Biarmipes84_metben,3564.0,3564.0,1.0
2024.10.29_05-31-45_Biarmipes84_metben,3573.0,3573.0,1.0
2024.10.29_05-31-45_Biarmipes84_metben,3575.0,3575.0,1.0
2024.10.29_05-31-45_Biarmipes84_metben,3577.0,3578.0,1.0
2024.10.29_05-31-45_Biarmipes84_metben,3583.0,3583.0,1.0
2024.10.29_05-31-45_Biarmipes84_metben,3591.0,3591.0,1.0
2024.10.29_05-31-45_Biarmipes84_metben,3593.0,3593.0,1.0
2024.10.29_05-31-45_Biarmipes84_metben,3595.0,3595.0,1.0
2024.10.29_05-31-45_Biarmipes84_metben,3597.0,3598.0,1.0
2024.10.29_05-31-45_Biarmipes84_metben,3604.0,3604.0,1.0
2024.10.29_05-31-45_Biarmipes84_metben,3606.0,3606.0,1.0
2024.10.29_05-31-45_Biarmipes84_metben,3610.0,3610.0,1.0
2024.10.29_05-31-45_Biarmipes84_metben,3622.0,3623.0,1.0
2024.10.29_05-31-45_Biarmipes84_metben,3625.0,3625.0,1.0
2024.10.29_05-31-45_Biarmipes84_metben,3638.0,3638.0,1.0
2024.10.29_05-31-45_Biarmipes84_metben,3640.0,3641.0,1.0
2024.10.29_05-31-45_Biarmipes84_metben,3644.0,3647.0,1.0
2024.10.29_05-31-45_Biarmipes84_metben,3649.0,3656.0,1.0
2024.10.29_05-31-45_Biarmipes84_metben,3662.0,3663.0,1.0
2024.10.29_05-31-45_Biarmipes84_metben,3666.0,3667.0,1.0
2024.10.29_05-31-45_Biarmipes84_metben,3670.0,3671.0,1.0
2024.10.29_05-31-45_Biarmipes84_metben,3673.0,3673.0,1.0
2024.10.29_05-31-45_Biarmipes84_metben,3675.0,3675.0,1.0
2024.10.29_05-31-45_Biarmipes84_metben,3677.0,3678.0,1.0
2024.10.29_05-31-45_Biarmipes84_metben,3680.0,3682.0,1.0
2024.10.29_05-31-45_Biarmipes84_metben,3684.0,3684.0,1.0
2024.10.29_05-31-45_Biarmipes84_metben,3687.0,3688.0,1.0
2024.10.29_05-31-45_Biarmipes84_metben,3690.0,3698.0,1.0
2024.10.29_05-31-45_Biarmipes84_metben,3700.0,3733.0,1.0
2024.10.29_05-31-45_Biarmipes84_metben,3735.0,3755.0,1.0
2024.10.29_05-31-45_Biarmipes84_metben,3757.0,3763.0,1.0
2024.10.29_05-31-45_Biarmipes84_metben,3766.0,3771.0,1.0
2024.10.29_05-31-45_Biarmipes84_metben,3773.0,3774.0,1.0
2024.10.29_05-31-45_Biarmipes84_metben,3776.0,3796.0,1.0
2024.10.29_05-31-45_Biarmipes84_metben,3798.0,3813.0,1.0
2024.10.29_05-31-45_Biarmipes84_metben,3815.0,3822.0,1.0
2024.10.29_05-31-45_Biarmipes84_metben,3824.0,3824.0,1.0
2024.10.29_05-31-45_Biarmipes84_metben,3826.0,3827.0,1.0
2024.10.29_05-31-45_Biarmipes84_metben,3829.0,3831.0,1.0
2024.10.29_05-31-45_Biarmipes84_metben,3833.0,3849.0,1.0
2024.10.29_05-31-45_Biarmipes84_metben,3851.0,3858.0,1.0
2024.10.29_05-31-45_Biarmipes84_metben,3860.0,3860.0,1.0
2024.10.29_05-31-45_Biarmipes84_metben,3862.0,3885.0,1.0
2024.10.23_12-31-20_Yakuba_Cameroon_prenac,7973.0,7990.0,1.0
2024.10.23_12-31-20_Yakuba_Cameroon_prenac,7992.0,8990.0,1.0
2024.11.21_18-13-24_CantonS_no_odor,1011.0,1982.0,1.0
2024.11.21_18-13-24_CantonS_no_odor,1984.0,1985.0,1.0
2024.11.21_18-13-24_CantonS_no_odor,1987.0,1996.0,1.0
2024.11.21_18-13-24_CantonS_no_odor,1999.0,1999.0,1.0
2024.11.21_18-13-24_CantonS_no_odor,2003.0,2007.0,1.0
2024.11.21_18-13-24_CantonS_no_odor,2009.0,2010.0,1.0
2024.11.21_18-13-24_CantonS_no_odor,2031.0,2031.0,1.0
2024.11.21_18-13-24_CantonS_no_odor,2035.0,2458.0,1.0
2024.11.21_18-13-24_CantonS_no_odor,2460.0,2466.0,1.0
2024.11.21_18-13-24_CantonS_no_odor,2469.0,2469.0,1.0
2024.11.21_18-13-24_CantonS_no_odor,2471.0,2587.0,1.0
2024.07.10_16-25-35_CantonS (E-2-Hex),5257.0,5284.0,1.0
2024.12.19_16-18-19_Sto_car_2hex,6569.0,6572.0,1.0
2024.12.19_16-18-19_Sto_car_2hex,6577.0,6676.0,1.0
2024.12.19_16-18-19_Sto_car_2hex,6679.0,6679.0,1.0
2024.12.19_16-18-19_Sto_car_2hex,6685.0,6718.0,1.0
2024.09.30_11-07-03_Stocago_no_odor,3.0,1729.0,1.0
2024.09.30_11-07-03_Stocago_no_odor,1731.0,1743.0,1.0
2024.09.30_11-07-03_Stocago_no_odor,1745.0,1816.0,1.0
2024.10.02_13-34-23_Riverside_metbut,3.0,2431.0,1.0
2024.10.02_13-34-23_Riverside_metbut,2433.0,2437.0,1.0
2024.11.14_01-42-25_Biarmipes_G224_e2hex,2533.0,3554.0,1.0
2024.11.14_01-42-25_Biarmipes_G224_e2hex,3556.0,3556.0,1.0
2024.11.14_01-42-25_Biarmipes_G224_e2hex,3558.0,3558.0,1.0
2024.11.14_01-42-25_Biarmipes_G224_e2hex,3560.0,3561.0,1.0
2024.11.14_01-42-25_Biarmipes_G224_e2hex,3563.0,3750.0,1.0
2024.11.14_01-42-25_Biarmipes_G224_e2hex,6762.0,6768.0,1.0
2024.11.14_01-42-25_Biarmipes_G224_e2hex,6773.0,6773.0,1.0
2024.11.14_01-42-25_Biarmipes_G224_e2hex,6777.0,6880.0,1.0
2024.11.14_01-42-25_Biarmipes_G224_e2hex,6886.0,6886.0,1.0
2024.11.14_01-42-25_Biarmipes_G224_e2hex,6888.0,6889.0,1.0
2024.11.14_01-42-25_Biarmipes_G224_e2hex,6891.0,6891.0,1.0
2024.11.14_01-42-25_Biarmipes_G224_e2hex,6894.0,6895.0,1.0
2024.11.14_01-42-25_Biarmipes_G224_e2hex,6898.0,6921.0,1.0
2024.11.14_01-42-25_Biarmipes_G224_e2hex,6924.0,6943.0,1.0
2024.11.14_01-42-25_Biarmipes_G224_e2hex,6945.0,6949.0,1.0
2024.11.14_01-42-25_Biarmipes_G224_e2hex,6952.0,7024.0,1.0
2024.11.14_01-42-25_Biarmipes_G224_e2hex,7039.0,7057.0,1.0
2024.11.14_01-42-25_Biarmipes_G224_e2hex,7801.0,8410.0,1.0
2024.10.23_13-47-20_Biarmipes_g224_prenac,4.0,8.0,1.0
2024.10.23_13-47-20_Biarmipes_g224_prenac,10.0,1568.0,1.0
2024.10.23_13-47-20_Biarmipes_g224_prenac,1570.0,1570.0,1.0
2024.10.23_13-47-20_Biarmipes_g224_prenac,1592.0,1592.0,1.0
2024.10.23_13-47-20_Biarmipes_g224_prenac,1597.0,1597.0,1.0
2024.10.23_13-47-20_Biarmipes_g224_prenac,8343.0,8946.0,1.0
2024.11.14_01-36-12_Biarmipes_G224_e2hex,2462.0,2483.0,1.0
2024.11.14_01-36-12_Biarmipes_G224_e2hex,2485.0,2568.0,1.0
2024.11.14_01-36-12_Biarmipes_G224_e2hex,2570.0,2624.0,1.0
2024.11.14_01-36-12_Biarmipes_G224_e2hex,2644.0,2704.0,1.0
2024.11.14_01-36-12_Biarmipes_G224_e2hex,2711.0,2714.0,1.0
2024.11.14_01-36-12_Biarmipes_G224_e2hex,2716.0,2719.0,1.0
2024.11.14_01-36-12_Biarmipes_G224_e2hex,2722.0,2722.0,1.0
2024.11.14_01-36-12_Biarmipes_G224_e2hex,2724.0,3241.0,1.0
2024.11.14_01-36-12_Biarmipes_G224_e2hex,3243.0,3246.0,1.0
2024.11.14_01-36-12_Biarmipes_G224_e2hex,3248.0,3254.0,1.0
2024.11.14_01-36-12_Biarmipes_G224_e2hex,3256.0,3263.0,1.0
2024.11.14_01-36-12_Biarmipes_G224_e2hex,3265.0,3287.0,1.0
2024.11.14_01-36-12_Biarmipes_G224_e2hex,3289.0,3301.0,1.0
2024.11.14_01-36-12_Biarmipes_G224_e2hex,3304.0,3325.0,1.0
2024.11.14_01-36-12_Biarmipes_G224_e2hex,3327.0,3364.0,1.0
2024.11.14_01-36-12_Biarmipes_G224_e2hex,3369.0,3416.0,1.0
2024.11.14_01-36-12_Biarmipes_G224_e2hex,3418.0,3470.0,1.0
2024.11.14_01-36-12_Biarmipes_G224_e2hex,3477.0,3530.0,1.0
2024.11.14_01-36-12_Biarmipes_G224_e2hex,3532.0,3532.0,1.0
2024.11.14_01-36-12_Biarmipes_G224_e2hex,3534.0,3537.0,1.0
2024.11.14_01-36-12_Biarmipes_G224_e2hex,3539.0,3560.0,1.0
2024.11.14_01-36-12_Biarmipes_G224_e2hex,3562.0,3572.0,1.0
2024.11.14_01-36-12_Biarmipes_G224_e2hex,3575.0,3582.0,1.0
2024.11.14_01-36-12_Biarmipes_G224_e2hex,8109.0,8163.0,1.0
2024.11.14_01-36-12_Biarmipes_G224_e2hex,8166.0,8502.0,1.0
2024.11.14_01-36-12_Biarmipes_G224_e2hex,8511.0,8999.0,1.0
2024.10.31_04-40-53_Biarmipes_G224_metben,3555.0,3939.0,1.0
2024.10.31_04-40-53_Biarmipes_G224_metben,3941.0,3988.0,1.0
2024.10.31_04-40-53_Biarmipes_G224_metben,3995.0,4412.0,1.0
2024.10.31_04-40-53_Biarmipes_G224_metben,4414.0,4416.0,1.0
2024.10.31_04-40-53_Biarmipes_G224_metben,4423.0,4423.0,1.0
2024.10.31_04-40-53_Biarmipes_G224_metben,4430.0,4433.0,1.0
2024.10.31_04-40-53_Biarmipes_G224_metben,4439.0,4490.0,1.0
2024.10.31_04-40-53_Biarmipes_G224_metben,4495.0,4546.0,1.0
2024.10.31_04-40-53_Biarmipes_G224_metben,4548.0,4551.0,1.0
2024.10.31_04-40-53_Biarmipes_G224_metben,4553.0,4553.0,1.0
2024.10.31_04-40-53_Biarmipes_G224_metben,4557.0,4969.0,1.0
2024.10.31_04-40-53_Biarmipes_G224_metben,4971.0,4971.0,1.0
2024.10.31_04-40-53_Biarmipes_G224_metben,4974.0,5063.0,1.0
2024.10.31_04-40-53_Biarmipes_G224_metben,5077.0,5265.0,1.0
2024.10.31_04-40-53_Biarmipes_G224_metben,5267.0,5383.0,1.0
2024.10.31_04-40-53_Biarmipes_G224_metben,6853.0,6859.0,1.0
2024.10.31_04-40-53_Biarmipes_G224_metben,6861.0,6910.0,1.0
2024.10.31_04-40-53_Biarmipes_G224_metben,6934.0,6935.0,1.0
2024.10.31_04-40-53_Biarmipes_G224_metben,6937.0,7574.0,1.0
2024.10.31_04-40-53_Biarmipes_G224_metben,7578.0,8010.0,1.0
2024.10.31_04-40-53_Biarmipes_G224_metben,8013.0,8023.0,1.0
2024.10.31_04-40-53_Biarmipes_G224_metben,8034.0,8064.0,1.0
2024.10.31_04-40-53_Biarmipes_G224_metben,8066.0,8078.0,1.0
2024.10.31_04-40-53_Biarmipes_G224_metben,8080.0,8080.0,1.0
2024.10.31_04-40-53_Biarmipes_G224_metben,8083.0,8083.0,1.0
2024.10.31_04-40-53_Biarmipes_G224_metben,8087.0,8089.0,1.0
2024.10.31_04-40-53_Biarmipes_G224_metben,8115.0,8119.0,1.0
2024.10.31_04-40-53_Biarmipes_G224_metben,8122.0,8122.0,1.0
2024.10.31_04-40-53_Biarmipes_G224_metben,8124.0,8125.0,1.0
2024.10.31_04-40-53_Biarmipes_G224_metben,8127.0,8128.0,1.0
2024.10.31_04-40-53_Biarmipes_G224_metben,8131.0,8999.0,1.0
2024.12.19_16-48-57_Riverside_metben,3.0,838.0,1.0
2024.12.19_16-48-57_Riverside_metben,840.0,853.0,1.0
2024.12.19_16-48-57_Riverside_metben,856.0,856.0,1.0
2024.12.19_16-48-57_Riverside_metben,879.0,891.0,1.0
2024.12.19_16-48-57_Riverside_metben,894.0,894.0,1.0
2024.12.19_16-48-57_Riverside_metben,896.0,911.0,1.0
2024.12.19_16-48-57_Riverside_metben,913.0,917.0,1.0
2024.12.19_16-48-57_Riverside_metben,919.0,1253.0,1.0
2025.03.07_07-31-53_CantonS_metbut,3.0,2651.0,1.0
2024.10.03_14-01-06_Yakuba_cameroon_2hex,3.0,19.0,1.0
2024.10.03_14-01-06_Yakuba_cameroon_2hex,22.0,28.0,1.0
2024.10.03_14-01-06_Yakuba_cameroon_2hex,30.0,30.0,1.0
2024.10.03_14-01-06_Yakuba_cameroon_2hex,32.0,33.0,1.0
2024.10.03_14-01-06_Yakuba_cameroon_2hex,36.0,48.0,1.0
2024.10.03_14-01-06_Yakuba_cameroon_2hex,50.0,52.0,1.0
2024.10.03_14-01-06_Yakuba_cameroon_2hex,54.0,54.0,1.0
2024.10.03_14-01-06_Yakuba_cameroon_2hex,56.0,82.0,1.0
2024.10.03_14-01-06_Yakuba_cameroon_2hex,84.0,86.0,1.0
2024.10.03_14-01-06_Yakuba_cameroon_2hex,88.0,682.0,1.0
2024.10.03_14-01-06_Yakuba_cameroon_2hex,684.0,686.0,1.0
2024.10.25_04-38-39_Yakuba7_prenac,3596.0,3597.0,1.0
2024.10.25_04-38-39_Yakuba7_prenac,3600.0,3601.0,1.0
2024.10.25_04-38-39_Yakuba7_prenac,3603.0,3603.0,1.0
2024.10.25_04-38-39_Yakuba7_prenac,3605.0,3610.0,1.0
2024.10.25_04-38-39_Yakuba7_prenac,3612.0,3620.0,1.0
2024.10.25_04-38-39_Yakuba7_prenac,3622.0,3628.0,1.0
2024.10.25_04-38-39_Yakuba7_prenac,3631.0,3631.0,1.0
2024.10.25_04-38-39_Yakuba7_prenac,3633.0,3633.0,1.0
2024.10.25_04-38-39_Yakuba7_prenac,3635.0,3642.0,1.0
2024.10.25_04-38-39_Yakuba7_prenac,3644.0,3644.0,1.0
2024.10.25_04-38-39_Yakuba7_prenac,3646.0,3648.0,1.0
2024.10.25_04-38-39_Yakuba7_prenac,3653.0,3653.0,1.0
2024.10.25_04-38-39_Yakuba7_prenac,3656.0,3675.0,1.0
2024.10.25_04-38-39_Yakuba7_prenac,3678.0,3711.0,1.0
2024.10.25_04-38-39_Yakuba7_prenac,3713.0,3719.0,1.0
2024.10.25_04-38-39_Yakuba7_prenac,3721.0,3723.0,1.0
2024.10.25_04-38-39_Yakuba7_prenac,3725.0,3737.0,1.0
2024.10.25_04-38-39_Yakuba7_prenac,3739.0,3746.0,1.0
2024.10.25_04-38-39_Yakuba7_prenac,3748.0,3749.0,1.0
2024.10.25_04-38-39_Yakuba7_prenac,3751.0,3751.0,1.0
2024.10.25_04-38-39_Yakuba7_prenac,3754.0,3754.0,1.0
2024.10.25_04-38-39_Yakuba7_prenac,3761.0,3761.0,1.0
2024.10.25_04-38-39_Yakuba7_prenac,3764.0,3764.0,1.0
2024.10.25_04-38-39_Yakuba7_prenac,3766.0,3770.0,1.0
2024.10.25_04-38-39_Yakuba7_prenac,3772.0,3774.0,1.0
2024.10.25_04-38-39_Yakuba7_prenac,3776.0,3779.0,1.0
2024.10.25_04-38-39_Yakuba7_prenac,3781.0,3782.0,1.0
2024.10.25_04-38-39_Yakuba7_prenac,3785.0,3785.0,1.0
2024.10.25_04-38-39_Yakuba7_prenac,3787.0,3815.0,1.0
2024.10.25_04-38-39_Yakuba7_prenac,3817.0,3845.0,1.0
2024.10.25_04-38-39_Yakuba7_prenac,3847.0,3847.0,1.0
2024.10.25_04-38-39_Yakuba7_prenac,3849.0,3878.0,1.0
2024.10.25_04-38-39_Yakuba7_prenac,3880.0,3880.0,1.0
2024.10.25_04-38-39_Yakuba7_prenac,3882.0,3896.0,1.0
2024.10.25_04-38-39_Yakuba7_prenac,3898.0,3900.0,1.0
2024.10.25_04-38-39_Yakuba7_prenac,3902.0,3906.0,1.0
2024.10.25_04-38-39_Yakuba7_prenac,3908.0,3978.0,1.0
2024.10.25_04-38-39_Yakuba7_prenac,3980.0,3980.0,1.0
2024.10.25_04-38-39_Yakuba7_prenac,3982.0,3996.0,1.0
2024.10.25_04-38-39_Yakuba7_prenac,3998.0,4019.0,1.0
2024.10.25_04-38-39_Yakuba7_prenac,4021.0,4324.0,1.0
2024.10.25_04-38-39_Yakuba7_prenac,4326.0,4329.0,1.0
2024.10.25_04-38-39_Yakuba7_prenac,4331.0,4349.0,1.0
2024.10.25_04-38-39_Yakuba7_prenac,4351.0,4365.0,1.0
2024.10.25_04-38-39_Yakuba7_prenac,4367.0,4372.0,1.0
2024.10.25_04-38-39_Yakuba7_prenac,4374.0,4375.0,1.0
2024.10.25_04-38-39_Yakuba7_prenac,4377.0,4380.0,1.0
2024.10.25_04-38-39_Yakuba7_prenac,4382.0,4383.0,1.0
2024.10.25_04-38-39_Yakuba7_prenac,4385.0,4386.0,1.0
2024.10.25_04-38-39_Yakuba7_prenac,4388.0,4397.0,1.0
2024.10.25_04-38-39_Yakuba7_prenac,4399.0,4401.0,1.0
2024.10.25_04-38-39_Yakuba7_prenac,4403.0,4407.0,1.0
2024.10.25_04-38-39_Yakuba7_prenac,4409.0,4448.0,1.0
2024.10.25_04-38-39_Yakuba7_prenac,4450.0,5960.0,1.0
2024.10.25_04-38-39_Yakuba7_prenac,5962.0,6015.0,1.0
2024.10.25_04-38-39_Yakuba7_prenac,6017.0,6037.0,1.0
2024.10.25_04-38-39_Yakuba7_prenac,6039.0,6079.0,1.0
2024.10.25_04-38-39_Yakuba7_prenac,6081.0,6085.0,1.0
2024.10.25_04-38-39_Yakuba7_prenac,6088.0,6110.0,1.0
2024.10.25_04-38-39_Yakuba7_prenac,6112.0,6206.0,1.0
2024.10.25_04-38-39_Yakuba7_prenac,6208.0,6209.0,1.0
2024.10.25_04-38-39_Yakuba7_prenac,6211.0,6284.0,1.0
2024.10.25_04-38-39_Yakuba7_prenac,6288.0,6289.0,1.0
2024.10.25_04-38-39_Yakuba7_prenac,6292.0,6296.0,1.0
2024.10.25_04-38-39_Yakuba7_prenac,6300.0,6303.0,1.0
2024.10.25_04-38-39_Yakuba7_prenac,6306.0,6313.0,1.0
2024.10.25_04-38-39_Yakuba7_prenac,6315.0,6322.0,1.0
2024.10.25_04-38-39_Yakuba7_prenac,6324.0,6326.0,1.0
2024.10.25_04-38-39_Yakuba7_prenac,6328.0,6329.0,1.0
2024.10.25_04-38-39_Yakuba7_prenac,6332.0,6332.0,1.0
2024.10.25_04-38-39_Yakuba7_prenac,6344.0,6345.0,1.0
2024.10.25_04-38-39_Yakuba7_prenac,6347.0,6352.0,1.0
2024.10.25_04-38-39_Yakuba7_prenac,6355.0,6356.0,1.0
2024.10.25_04-38-39_Yakuba7_prenac,6360.0,6360.0,1.0
2024.10.25_04-38-39_Yakuba7_prenac,6363.0,6363.0,1.0
2024.10.25_04-38-39_Yakuba7_prenac,6365.0,6365.0,1.0
2024.10.25_04-38-39_Yakuba7_prenac,6367.0,6368.0,1.0
2024.10.25_04-38-39_Yakuba7_prenac,6370.0,6370.0,1.0
2024.10.25_04-38-39_Yakuba7_prenac,6373.0,6376.0,1.0
2024.10.25_04-38-39_Yakuba7_prenac,6381.0,6383.0,1.0
2024.10.25_04-38-39_Yakuba7_prenac,6386.0,6390.0,1.0
2024.10.25_04-38-39_Yakuba7_prenac,6392.0,6393.0,1.0
2024.10.25_04-38-39_Yakuba7_prenac,6395.0,6398.0,1.0
2024.10.25_04-38-39_Yakuba7_prenac,6400.0,6404.0,1.0
2024.10.25_04-38-39_Yakuba7_prenac,6406.0,6415.0,1.0
2024.10.25_04-38-39_Yakuba7_prenac,6417.0,6421.0,1.0
2024.10.25_04-38-39_Yakuba7_prenac,6423.0,6459.0,1.0
2024.10.25_04-38-39_Yakuba7_prenac,6461.0,6470.0,1.0
2024.10.25_04-38-39_Yakuba7_prenac,6472.0,6474.0,1.0
2024.10.25_04-38-39_Yakuba7_prenac,6476.0,6503.0,1.0
2024.10.25_04-38-39_Yakuba7_prenac,6507.0,6507.0,1.0
2024.10.25_04-38-39_Yakuba7_prenac,6509.0,6523.0,1.0
2024.10.25_04-38-39_Yakuba7_prenac,6525.0,6526.0,1.0
2024.10.25_04-38-39_Yakuba7_prenac,6529.0,6529.0,1.0
2024.10.25_04-38-39_Yakuba7_prenac,6531.0,6531.0,1.0
2024.10.25_04-38-39_Yakuba7_prenac,6535.0,6535.0,1.0
2024.10.25_04-38-39_Yakuba7_prenac,6537.0,6538.0,1.0
2024.10.25_04-38-39_Yakuba7_prenac,6540.0,6540.0,1.0
2024.10.25_04-38-39_Yakuba7_prenac,6542.0,6542.0,1.0
2024.10.25_04-38-39_Yakuba7_prenac,6544.0,6545.0,1.0
2024.10.25_04-38-39_Yakuba7_prenac,6551.0,6552.0,1.0
2024.10.25_04-38-39_Yakuba7_prenac,6554.0,6554.0,1.0
2024.10.25_04-38-39_Yakuba7_prenac,6556.0,6556.0,1.0
2024.10.25_04-38-39_Yakuba7_prenac,6562.0,6564.0,1.0
2024.10.25_04-38-39_Yakuba7_prenac,6566.0,6567.0,1.0
2024.10.25_04-38-39_Yakuba7_prenac,6573.0,6574.0,1.0
2024.10.25_04-38-39_Yakuba7_prenac,6583.0,6589.0,1.0
2024.10.25_04-38-39_Yakuba7_prenac,6591.0,6597.0,1.0
2024.10.25_04-38-39_Yakuba7_prenac,6599.0,6599.0,1.0
2024.10.25_04-38-39_Yakuba7_prenac,6601.0,6602.0,1.0
2024.10.25_04-38-39_Yakuba7_prenac,6605.0,6606.0,1.0
2024.10.25_04-38-39_Yakuba7_prenac,6608.0,6616.0,1.0
2024.10.25_04-38-39_Yakuba7_prenac,6619.0,6619.0,1.0
2024.10.25_04-38-39_Yakuba7_prenac,6622.0,6622.0,1.0
2024.10.25_04-38-39_Yakuba7_prenac,6624.0,6627.0,1.0
2024.10.25_04-38-39_Yakuba7_prenac,6629.0,6633.0,1.0
2024.10.25_04-38-39_Yakuba7_prenac,6635.0,6635.0,1.0
2024.10.25_04-38-39_Yakuba7_prenac,6637.0,6646.0,1.0
2024.10.25_04-38-39_Yakuba7_prenac,6648.0,6658.0,1.0
2024.10.25_04-38-39_Yakuba7_prenac,6660.0,6660.0,1.0
2024.10.25_04-38-39_Yakuba7_prenac,6662.0,6665.0,1.0
2024.10.25_04-38-39_Yakuba7_prenac,6667.0,6674.0,1.0
2024.10.25_04-38-39_Yakuba7_prenac,6676.0,6677.0,1.0
2024.10.25_04-38-39_Yakuba7_prenac,6681.0,6681.0,1.0
2024.10.25_04-38-39_Yakuba7_prenac,6683.0,6693.0,1.0
2024.10.25_04-38-39_Yakuba7_prenac,6695.0,6695.0,1.0
2024.10.25_04-38-39_Yakuba7_prenac,6699.0,6699.0,1.0
2024.10.25_04-38-39_Yakuba7_prenac,6701.0,6704.0,1.0
2024.10.25_04-38-39_Yakuba7_prenac,6710.0,6715.0,1.0
2024.10.25_04-38-39_Yakuba7_prenac,6717.0,6721.0,1.0
2024.10.25_04-38-39_Yakuba7_prenac,6724.0,6732.0,1.0
2024.10.25_04-38-39_Yakuba7_prenac,6734.0,6736.0,1.0
2024.10.25_04-38-39_Yakuba7_prenac,6739.0,6764.0,1.0
2024.10.25_04-38-39_Yakuba7_prenac,6769.0,6776.0,1.0
2024.10.25_04-38-39_Yakuba7_prenac,6778.0,6781.0,1.0
2024.10.25_04-38-39_Yakuba7_prenac,6783.0,6789.0,1.0
2024.10.25_04-38-39_Yakuba7_prenac,6791.0,6791.0,1.0
2024.10.25_04-38-39_Yakuba7_prenac,6793.0,6795.0,1.0
2024.10.25_04-38-39_Yakuba7_prenac,6799.0,6799.0,1.0
2024.10.25_04-38-39_Yakuba7_prenac,6807.0,6811.0,1.0
2024.10.25_04-38-39_Yakuba7_prenac,6813.0,6818.0,1.0
2024.10.25_04-38-39_Yakuba7_prenac,6825.0,6830.0,1.0
2024.10.25_04-38-39_Yakuba7_prenac,6832.0,6839.0,1.0
2024.10.25_04-38-39_Yakuba7_prenac,6841.0,6841.0,1.0
2024.10.25_04-38-39_Yakuba7_prenac,6843.0,6843.0,1.0
2024.10.25_04-38-39_Yakuba7_prenac,6845.0,6845.0,1.0
2024.10.25_04-38-39_Yakuba7_prenac,6847.0,6848.0,1.0
2024.10.25_04-38-39_Yakuba7_prenac,6850.0,6874.0,1.0
2024.10.25_04-38-39_Yakuba7_prenac,6876.0,6924.0,1.0
2024.10.25_04-38-39_Yakuba7_prenac,6926.0,6965.0,1.0
2024.10.25_04-38-39_Yakuba7_prenac,6967.0,6967.0,1.0
2024.10.25_04-38-39_Yakuba7_prenac,6969.0,6970.0,1.0
2024.10.25_04-38-39_Yakuba7_prenac,6972.0,6975.0,1.0
2024.10.25_04-38-39_Yakuba7_prenac,6978.0,6991.0,1.0
2024.10.25_04-38-39_Yakuba7_prenac,6993.0,7015.0,1.0
2024.10.25_04-38-39_Yakuba7_prenac,7017.0,7017.0,1.0
2024.10.25_04-38-39_Yakuba7_prenac,7020.0,7023.0,1.0
2024.10.25_04-38-39_Yakuba7_prenac,7025.0,7025.0,1.0
2024.10.25_04-38-39_Yakuba7_prenac,7027.0,7027.0,1.0
2024.10.25_04-38-39_Yakuba7_prenac,7029.0,7032.0,1.0
2024.10.25_04-38-39_Yakuba7_prenac,7037.0,7043.0,1.0
2024.10.25_04-38-39_Yakuba7_prenac,7045.0,7049.0,1.0
2024.10.25_04-38-39_Yakuba7_prenac,7054.0,7054.0,1.0
2024.10.25_04-38-39_Yakuba7_prenac,7064.0,7064.0,1.0
2024.10.25_04-38-39_Yakuba7_prenac,7066.0,7066.0,1.0
2024.10.25_04-38-39_Yakuba7_prenac,7068.0,7068.0,1.0
2024.10.25_04-38-39_Yakuba7_prenac,7070.0,7070.0,1.0
2024.10.25_04-38-39_Yakuba7_prenac,7073.0,7073.0,1.0
2024.10.25_04-38-39_Yakuba7_prenac,7075.0,7076.0,1.0
2024.10.25_04-38-39_Yakuba7_prenac,7080.0,7080.0,1.0
2024.10.25_04-38-39_Yakuba7_prenac,7082.0,7084.0,1.0
2024.10.25_04-38-39_Yakuba7_prenac,7086.0,7086.0,1.0
2024.10.25_04-38-39_Yakuba7_prenac,7088.0,7088.0,1.0
2024.10.25_04-38-39_Yakuba7_prenac,7090.0,7093.0,1.0
2024.10.25_04-38-39_Yakuba7_prenac,7096.0,7096.0,1.0
2024.10.25_04-38-39_Yakuba7_prenac,7098.0,7098.0,1.0
2024.10.25_04-38-39_Yakuba7_prenac,7102.0,7102.0,1.0
2024.10.25_04-38-39_Yakuba7_prenac,7119.0,7120.0,1.0
2024.10.25_04-38-39_Yakuba7_prenac,7128.0,7129.0,1.0
2024.10.25_04-38-39_Yakuba7_prenac,7133.0,7133.0,1.0
2024.10.25_04-38-39_Yakuba7_prenac,7135.0,7135.0,1.0
2024.10.25_04-38-39_Yakuba7_prenac,7137.0,7137.0,1.0
2024.10.25_04-38-39_Yakuba7_prenac,7145.0,7145.0,1.0
2024.10.25_04-38-39_Yakuba7_prenac,7154.0,7154.0,1.0
2024.10.25_04-38-39_Yakuba7_prenac,7161.0,7169.0,1.0
2024.10.25_04-38-39_Yakuba7_prenac,7174.0,7174.0,1.0
2024.10.25_04-38-39_Yakuba7_prenac,7191.0,7191.0,1.0
2024.10.25_04-38-39_Yakuba7_prenac,7195.0,7197.0,1.0
2024.10.25_04-38-39_Yakuba7_prenac,7203.0,7203.0,1.0
2024.10.25_04-38-39_Yakuba7_prenac,7206.0,7206.0,1.0
2024.10.25_04-38-39_Yakuba7_prenac,7208.0,7208.0,1.0
2024.10.25_04-38-39_Yakuba7_prenac,7212.0,7212.0,1.0
2024.10.25_04-38-39_Yakuba7_prenac,7216.0,7217.0,1.0
2024.10.25_04-38-39_Yakuba7_prenac,7226.0,7226.0,1.0
2024.10.25_04-38-39_Yakuba7_prenac,7234.0,7234.0,1.0
2024.10.25_04-38-39_Yakuba7_prenac,7246.0,7246.0,1.0
2024.10.25_04-38-39_Yakuba7_prenac,7253.0,7253.0,1.0
2024.10.25_04-38-39_Yakuba7_prenac,7255.0,7256.0,1.0
2024.10.25_04-38-39_Yakuba7_prenac,7264.0,7264.0,1.0
2024.10.25_04-38-39_Yakuba7_prenac,7274.0,7274.0,1.0
2024.10.25_04-38-39_Yakuba7_prenac,7280.0,7281.0,1.0
2024.10.25_04-38-39_Yakuba7_prenac,7283.0,7283.0,1.0
2024.10.25_04-38-39_Yakuba7_prenac,7285.0,7285.0,1.0
2024.10.25_04-38-39_Yakuba7_prenac,7295.0,7295.0,1.0
2024.10.25_04-38-39_Yakuba7_prenac,7297.0,7297.0,1.0
2024.10.25_04-38-39_Yakuba7_prenac,7300.0,7300.0,1.0
2024.10.25_04-38-39_Yakuba7_prenac,7307.0,7309.0,1.0
2024.10.25_04-38-39_Yakuba7_prenac,7311.0,7311.0,1.0
2024.10.25_04-38-39_Yakuba7_prenac,7314.0,7314.0,1.0
2024.10.25_04-38-39_Yakuba7_prenac,7317.0,7317.0,1.0
2024.10.25_04-38-39_Yakuba7_prenac,7319.0,7319.0,1.0
2024.10.25_04-38-39_Yakuba7_prenac,7321.0,7321.0,1.0
2024.10.25_04-38-39_Yakuba7_prenac,7323.0,7325.0,1.0
2024.10.25_04-38-39_Yakuba7_prenac,7327.0,7327.0,1.0
2024.10.25_04-38-39_Yakuba7_prenac,7334.0,7336.0,1.0
2024.10.25_04-38-39_Yakuba7_prenac,7338.0,7339.0,1.0
2024.10.25_04-38-39_Yakuba7_prenac,7344.0,7347.0,1.0
2024.10.25_04-38-39_Yakuba7_prenac,7351.0,7351.0,1.0
2024.10.25_04-38-39_Yakuba7_prenac,7360.0,7360.0,1.0
2024.10.25_04-38-39_Yakuba7_prenac,7362.0,7362.0,1.0
2024.10.25_04-38-39_Yakuba7_prenac,7364.0,7364.0,1.0
2024.10.25_04-38-39_Yakuba7_prenac,7366.0,7366.0,1.0
2024.10.25_04-38-39_Yakuba7_prenac,7368.0,7371.0,1.0
2024.10.25_04-38-39_Yakuba7_prenac,7373.0,7373.0,1.0
2024.10.25_04-38-39_Yakuba7_prenac,7380.0,7383.0,1.0
2024.10.25_04-38-39_Yakuba7_prenac,7385.0,7388.0,1.0
2024.10.25_04-38-39_Yakuba7_prenac,7395.0,7397.0,1.0
2024.10.25_04-38-39_Yakuba7_prenac,7399.0,7413.0,1.0
2024.10.25_04-38-39_Yakuba7_prenac,7415.0,7415.0,1.0
2024.10.25_04-38-39_Yakuba7_prenac,7417.0,7421.0,1.0
2024.10.25_04-38-39_Yakuba7_prenac,7423.0,7427.0,1.0
2024.10.25_04-38-39_Yakuba7_prenac,7430.0,7430.0,1.0
2024.10.25_04-38-39_Yakuba7_prenac,7434.0,7434.0,1.0
2024.10.25_04-38-39_Yakuba7_prenac,7436.0,7440.0,1.0
2024.10.25_04-38-39_Yakuba7_prenac,7442.0,7443.0,1.0
2024.10.25_04-38-39_Yakuba7_prenac,7448.0,7471.0,1.0
2024.10.25_04-38-39_Yakuba7_prenac,7474.0,7499.0,1.0
2024.10.25_04-38-39_Yakuba7_prenac,7501.0,7505.0,1.0
2024.10.25_04-38-39_Yakuba7_prenac,7507.0,7605.0,1.0
2024.10.25_04-38-39_Yakuba7_prenac,7607.0,7645.0,1.0
2024.10.25_04-38-39_Yakuba7_prenac,7647.0,7662.0,1.0
2024.10.25_04-38-39_Yakuba7_prenac,7664.0,7667.0,1.0
2024.10.25_04-38-39_Yakuba7_prenac,7669.0,7672.0,1.0
2024.10.25_04-38-39_Yakuba7_prenac,7674.0,8940.0,1.0
2024.09.30_12-29-41_Sussex_no_odor,3.0,2118.0,1.0
2024.09.30_12-29-41_Sussex_no_odor,2120.0,2123.0,1.0
2024.09.30_12-29-41_Sussex_no_odor,2126.0,2131.0,1.0
2024.09.30_12-29-41_Sussex_no_odor,2133.0,2135.0,1.0
2024.09.30_12-29-41_Sussex_no_odor,2137.0,2145.0,1.0
2024.09.30_12-29-41_Sussex_no_odor,2147.0,2164.0,1.0
2024.09.30_12-29-41_Sussex_no_odor,2166.0,2175.0,1.0
2024.09.30_12-29-41_Sussex_no_odor,2177.0,2182.0,1.0
2024.09.30_12-29-41_Sussex_no_odor,2184.0,2200.0,1.0
2024.09.30_12-29-41_Sussex_no_odor,2202.0,2211.0,1.0
2024.09.30_12-29-41_Sussex_no_odor,2213.0,2213.0,1.0
2024.09.30_12-29-41_Sussex_no_odor,2216.0,2222.0,1.0
2024.09.30_12-29-41_Sussex_no_odor,2224.0,2299.0,1.0
2024.09.30_12-29-41_Sussex_no_odor,2302.0,2319.0,1.0
2024.09.30_12-29-41_Sussex_no_odor,2321.0,2329.0,1.0
2024.09.30_12-29-41_Sussex_no_odor,2331.0,2356.0,1.0
2024.09.30_12-29-41_Sussex_no_odor,2358.0,2360.0,1.0
2024.09.30_12-29-41_Sussex_no_odor,2363.0,2363.0,1.0
2024.09.30_12-29-41_Sussex_no_odor,2367.0,2369.0,1.0
2024.09.30_12-29-41_Sussex_no_odor,2372.0,2372.0,1.0
2024.09.30_12-29-41_Sussex_no_odor,2375.0,2375.0,1.0
2024.09.30_12-29-41_Sussex_no_odor,2377.0,2378.0,1.0
2024.09.30_12-29-41_Sussex_no_odor,2381.0,2381.0,1.0
2024.09.30_12-29-41_Sussex_no_odor,2383.0,2383.0,1.0
2024.09.30_12-29-41_Sussex_no_odor,2388.0,2388.0,1.0
2024.09.30_12-29-41_Sussex_no_odor,2390.0,2391.0,1.0
2024.09.30_12-29-41_Sussex_no_odor,2393.0,2394.0,1.0
2024.09.30_12-29-41_Sussex_no_odor,2401.0,2401.0,1.0
2024.09.30_12-29-41_Sussex_no_odor,2403.0,2404.0,1.0
2024.09.30_12-29-41_Sussex_no_odor,2406.0,2411.0,1.0
2024.09.30_12-29-41_Sussex_no_odor,2415.0,2415.0,1.0
2024.09.30_12-29-41_Sussex_no_odor,2417.0,2422.0,1.0
2024.09.30_12-29-41_Sussex_no_odor,2424.0,2427.0,1.0
2024.09.30_12-29-41_Sussex_no_odor,2431.0,2431.0,1.0
2024.09.30_12-29-41_Sussex_no_odor,2433.0,2433.0,1.0
2024.09.30_12-29-41_Sussex_no_odor,2435.0,2435.0,1.0
2024.09.30_12-29-41_Sussex_no_odor,2438.0,2441.0,1.0
2024.09.30_12-29-41_Sussex_no_odor,2444.0,2447.0,1.0
2024.09.30_12-29-41_Sussex_no_odor,2453.0,2453.0,1.0
2024.09.30_12-29-41_Sussex_no_odor,2457.0,2457.0,1.0
2024.09.30_12-29-41_Sussex_no_odor,3787.0,3787.0,1.0
2024.09.30_12-29-41_Sussex_no_odor,3805.0,3805.0,1.0
2024.09.30_12-29-41_Sussex_no_odor,3807.0,3807.0,1.0
2024.09.30_12-29-41_Sussex_no_odor,3810.0,3817.0,1.0
2024.09.30_12-29-41_Sussex_no_odor,3819.0,3819.0,1.0
2024.09.30_12-29-41_Sussex_no_odor,3821.0,3824.0,1.0
2024.09.30_12-29-41_Sussex_no_odor,3826.0,3827.0,1.0
2024.09.30_12-29-41_Sussex_no_odor,3829.0,3830.0,1.0
2024.09.30_12-29-41_Sussex_no_odor,3832.0,3832.0,1.0
2024.09.30_12-29-41_Sussex_no_odor,3835.0,3835.0,1.0
2024.09.30_12-29-41_Sussex_no_odor,3837.0,3837.0,1.0
2024.09.30_12-29-41_Sussex_no_odor,3841.0,4407.0,1.0
2024.09.30_12-29-41_Sussex_no_odor,4409.0,6401.0,1.0
2024.09.30_12-29-41_Sussex_no_odor,6405.0,6417.0,1.0
2024.09.30_12-29-41_Sussex_no_odor,6421.0,6434.0,1.0
2024.09.30_12-29-41_Sussex_no_odor,6438.0,6439.0,1.0
2024.09.30_12-29-41_Sussex_no_odor,6441.0,6443.0,1.0
2024.09.30_12-29-41_Sussex_no_odor,6445.0,6459.0,1.0
2024.09.30_12-29-41_Sussex_no_odor,6463.0,6476.0,1.0
2024.09.30_12-29-41_Sussex_no_odor,6478.0,6479.0,1.0
2024.09.30_12-29-41_Sussex_no_odor,6483.0,6483.0,1.0
2024.09.30_12-29-41_Sussex_no_odor,6487.0,6498.0,1.0
2024.09.30_12-29-41_Sussex_no_odor,6500.0,6549.0,1.0
2024.09.30_12-29-41_Sussex_no_odor,6553.0,6594.0,1.0
2024.09.30_12-29-41_Sussex_no_odor,6596.0,6609.0,1.0
2024.09.30_12-29-41_Sussex_no_odor,6611.0,6614.0,1.0
2024.09.30_12-29-41_Sussex_no_odor,6617.0,6618.0,1.0
2024.09.30_12-29-41_Sussex_no_odor,6620.0,6640.0,1.0
2024.09.30_12-29-41_Sussex_no_odor,6647.0,6649.0,1.0
2024.07.08_13-31-08_Riverside (E-2-Hex),431.0,458.0,1.0
2024.07.08_13-31-08_Riverside (E-2-Hex),8782.0,8954.0,1.0
2024.07.08_13-31-08_Riverside (E-2-Hex),8965.0,8999.0,1.0
2024.10.15_10-20-55_Sto_car_2hexanol,3.0,2990.0,1.0
2024.10.15_10-20-55_Sto_car_2hexanol,2992.0,3085.0,1.0
2024.10.15_10-20-55_Sto_car_2hexanol,3087.0,3111.0,1.0
2024.10.15_10-20-55_Sto_car_2hexanol,3113.0,3172.0,1.0
2024.10.15_10-20-55_Sto_car_2hexanol,3178.0,3198.0,1.0
2024.10.15_10-20-55_Sto_car_2hexanol,5901.0,5921.0,1.0
2024.10.15_10-20-55_Sto_car_2hexanol,5923.0,5942.0,1.0
2024.10.15_10-20-55_Sto_car_2hexanol,5944.0,5948.0,1.0
2024.10.15_10-20-55_Sto_car_2hexanol,5950.0,5950.0,1.0
2024.10.15_10-20-55_Sto_car_2hexanol,5956.0,5984.0,1.0
2024.10.15_10-20-55_Sto_car_2hexanol,5992.0,5992.0,1.0
2024.10.15_10-20-55_Sto_car_2hexanol,5994.0,5994.0,1.0
