trial,start_frame,end_frame,is_swapped
2024.10.07_14-01-28_Yakuba7_2hexanol,3,3091,True
2024.10.07_14-01-28_Yakuba7_2hexanol,7053,8120,True
2024.10.07_14-01-28_Yakuba7_2hexanol,8122,8664,True
2024.10.23_12-55-29_Yakuba_cameroon_prenac,3,2381,True
2024.10.23_12-55-29_Yakuba_cameroon_prenac,2405,2408,True
2024.10.23_12-55-29_Yakuba_cameroon_prenac,6688,7254,True
2024.10.23_12-55-29_Yakuba_cameroon_prenac,7256,8695,True
2024.07.10_16-32-09_CantonS (E-2-Hex),331,331,True
2024.07.10_16-32-09_CantonS (E-2-Hex),1237,1237,True
2024.07.10_16-32-09_CantonS (E-2-Hex),1285,1285,True
2024.07.10_16-32-09_CantonS (E-2-Hex),1310,1310,True
2024.07.10_16-32-09_CantonS (E-2-Hex),1313,1313,True
2024.07.10_16-32-09_CantonS (E-2-Hex),1333,1333,True
2024.07.10_16-32-09_CantonS (E-2-Hex),1359,1359,True
2024.07.10_16-32-09_CantonS (E-2-Hex),1385,1385,True
2024.07.10_16-32-09_CantonS (E-2-Hex),1448,1448,True
2024.07.10_16-32-09_CantonS (E-2-Hex),1567,1567,True
2024.07.10_16-32-09_CantonS (E-2-Hex),1589,1590,True
2024.07.10_16-32-09_CantonS (E-2-Hex),1666,1666,True
2024.07.10_16-32-09_CantonS (E-2-Hex),1668,1668,True
2024.07.10_16-32-09_CantonS (E-2-Hex),1693,1693,True
2024.07.10_16-32-09_CantonS (E-2-Hex),1696,1696,True
2024.07.10_16-32-09_CantonS (E-2-Hex),1699,1699,True
2024.07.10_16-32-09_CantonS (E-2-Hex),1703,1703,True
2024.07.10_16-32-09_CantonS (E-2-Hex),1745,1746,True
2024.10.11_10-59-12_Biarmipes_G224_1hexanol,1633,1633,True
2024.10.11_10-59-12_Biarmipes_G224_1hexanol,1661,2692,True
2024.10.11_10-59-12_Biarmipes_G224_1hexanol,3543,3641,True
2024.10.11_10-59-12_Biarmipes_G224_1hexanol,3645,3661,True
2024.10.11_10-59-12_Biarmipes_G224_1hexanol,3685,3772,True
2024.10.11_10-59-12_Biarmipes_G224_1hexanol,3785,3809,True
2024.10.11_10-59-12_Biarmipes_G224_1hexanol,3835,4140,True
2024.10.11_10-59-12_Biarmipes_G224_1hexanol,4142,4438,True
2024.10.11_10-59-12_Biarmipes_G224_1hexanol,4440,4513,True
2024.10.11_10-59-12_Biarmipes_G224_1hexanol,4536,4660,True
2024.10.11_10-59-12_Biarmipes_G224_1hexanol,5493,5914,True
2024.10.11_10-59-12_Biarmipes_G224_1hexanol,5916,6157,True
2024.10.11_10-59-12_Biarmipes_G224_1hexanol,6248,6444,True
2024.10.11_10-59-12_Biarmipes_G224_1hexanol,6464,6471,True
2024.10.11_10-59-12_Biarmipes_G224_1hexanol,6476,6476,True
2024.10.11_10-59-12_Biarmipes_G224_1hexanol,6478,6492,True
2024.10.11_10-59-12_Biarmipes_G224_1hexanol,6749,6770,True
2024.10.11_10-59-12_Biarmipes_G224_1hexanol,7539,7968,True
2024.10.11_10-59-12_Biarmipes_G224_1hexanol,8404,8452,True
2024.10.11_10-59-12_Biarmipes_G224_1hexanol,8455,8858,True
2024.10.11_10-59-12_Biarmipes_G224_1hexanol,8860,8864,True
2024.10.11_10-59-12_Biarmipes_G224_1hexanol,8867,8867,True
2024.10.11_10-59-12_Biarmipes_G224_1hexanol,8869,8999,True
2024.11.01_06-57-56_Yakuba7_metben,590,2563,True
2024.11.01_06-57-56_Yakuba7_metben,2565,3345,True
2024.11.01_06-57-56_Yakuba7_metben,4863,6197,True
2024.11.01_06-57-56_Yakuba7_metben,6773,6773,True
2024.11.01_06-57-56_Yakuba7_metben,6865,6868,True
2024.11.01_06-57-56_Yakuba7_metben,7353,8313,True
2024.11.01_06-57-56_Yakuba7_metben,8392,8403,True
2024.11.01_06-57-56_Yakuba7_metben,8406,8630,True
2024.11.01_06-57-56_Yakuba7_metben,8782,8814,True
2024.11.01_06-57-56_Yakuba7_metben,8817,8817,True
2024.11.01_06-57-56_Yakuba7_metben,8828,8845,True
2024.10.23_11-08-40_Stocago_prenac,1098,2366,True
2024.10.23_11-08-40_Stocago_prenac,3492,3782,True
2024.10.23_11-08-40_Stocago_prenac,3784,4154,True
2024.10.23_11-08-40_Stocago_prenac,4613,4629,True
2024.10.23_11-08-40_Stocago_prenac,4631,4643,True
2024.10.23_11-08-40_Stocago_prenac,4645,4646,True
2024.10.23_11-08-40_Stocago_prenac,4648,4648,True
2024.10.23_11-08-40_Stocago_prenac,4650,4707,True
2024.10.23_11-08-40_Stocago_prenac,4709,4712,True
2024.10.23_11-08-40_Stocago_prenac,4714,4716,True
2024.10.23_11-08-40_Stocago_prenac,4718,4994,True
2024.10.23_11-08-40_Stocago_prenac,5316,5691,True
2024.10.23_11-08-40_Stocago_prenac,8744,8744,True
2024.10.23_11-08-40_Stocago_prenac,8748,8748,True
2024.10.23_11-08-40_Stocago_prenac,8754,8756,True
2024.10.23_11-08-40_Stocago_prenac,8762,8762,True
2024.10.23_11-08-40_Stocago_prenac,8770,8770,True
2024.10.23_11-08-40_Stocago_prenac,8777,8779,True
2024.10.23_11-08-40_Stocago_prenac,8781,8781,True
2024.10.23_11-08-40_Stocago_prenac,8784,8786,True
2024.10.23_11-08-40_Stocago_prenac,8790,8791,True
2024.10.23_11-08-40_Stocago_prenac,8799,8800,True
2024.10.23_11-08-40_Stocago_prenac,8806,8806,True
2024.10.23_11-08-40_Stocago_prenac,8808,8809,True
2024.10.23_11-08-40_Stocago_prenac,8814,8814,True
2024.10.23_11-08-40_Stocago_prenac,8819,8820,True
2024.10.23_11-08-40_Stocago_prenac,8823,8823,True
2024.10.23_11-08-40_Stocago_prenac,8825,8825,True
2024.10.23_11-08-40_Stocago_prenac,8882,8882,True
2024.11.13_04-21-36_Biarmipes84_e2hex,3,700,True
2024.11.13_04-21-36_Biarmipes84_e2hex,1813,3004,True
2024.11.13_04-21-36_Biarmipes84_e2hex,3693,3869,True
2024.11.13_04-21-36_Biarmipes84_e2hex,3893,3893,True
2024.11.13_04-21-36_Biarmipes84_e2hex,6460,6461,True
2024.11.13_04-21-36_Biarmipes84_e2hex,6464,6467,True
2024.11.13_04-21-36_Biarmipes84_e2hex,6469,6469,True
2024.11.13_04-21-36_Biarmipes84_e2hex,6471,6471,True
2024.11.13_04-21-36_Biarmipes84_e2hex,6495,6500,True
2024.11.13_04-21-36_Biarmipes84_e2hex,6502,6504,True
2024.11.13_04-21-36_Biarmipes84_e2hex,6506,6507,True
2024.11.13_04-21-36_Biarmipes84_e2hex,6510,6523,True
2024.11.13_04-21-36_Biarmipes84_e2hex,6525,6526,True
2024.11.13_04-21-36_Biarmipes84_e2hex,6528,6532,True
2024.11.13_04-21-36_Biarmipes84_e2hex,6534,6534,True
2024.11.13_04-21-36_Biarmipes84_e2hex,6537,6539,True
2024.11.13_04-21-36_Biarmipes84_e2hex,6541,6547,True
2024.11.13_04-21-36_Biarmipes84_e2hex,6552,6553,True
2024.11.13_04-21-36_Biarmipes84_e2hex,6555,6555,True
2024.11.13_04-21-36_Biarmipes84_e2hex,6558,6560,True
2024.11.13_04-21-36_Biarmipes84_e2hex,6565,6567,True
2024.11.13_04-21-36_Biarmipes84_e2hex,6570,6570,True
2024.11.13_04-21-36_Biarmipes84_e2hex,6575,6577,True
2024.11.13_04-21-36_Biarmipes84_e2hex,6580,6580,True
2024.11.13_04-21-36_Biarmipes84_e2hex,6585,6598,True
2024.11.13_04-21-36_Biarmipes84_e2hex,6603,6610,True
2024.11.13_04-21-36_Biarmipes84_e2hex,6612,6612,True
2024.11.13_04-21-36_Biarmipes84_e2hex,6615,6615,True
2024.11.13_04-21-36_Biarmipes84_e2hex,6617,6621,True
2024.11.13_04-21-36_Biarmipes84_e2hex,6624,6630,True
2024.11.13_04-21-36_Biarmipes84_e2hex,6632,6634,True
2024.11.13_04-21-36_Biarmipes84_e2hex,6636,6638,True
2024.11.13_04-21-36_Biarmipes84_e2hex,6640,6640,True
2024.11.13_04-21-36_Biarmipes84_e2hex,6642,6647,True
2024.11.13_04-21-36_Biarmipes84_e2hex,6651,6652,True
2024.11.13_04-21-36_Biarmipes84_e2hex,6654,6655,True
2024.11.13_04-21-36_Biarmipes84_e2hex,6657,6659,True
2024.11.13_04-21-36_Biarmipes84_e2hex,6661,6661,True
2024.11.13_04-21-36_Biarmipes84_e2hex,6663,6667,True
2024.11.13_04-21-36_Biarmipes84_e2hex,6670,6675,True
2024.11.13_04-21-36_Biarmipes84_e2hex,6677,6830,True
2024.11.13_04-21-36_Biarmipes84_e2hex,6832,6863,True
2024.11.13_04-21-36_Biarmipes84_e2hex,6873,6898,True
2024.11.13_04-21-36_Biarmipes84_e2hex,6906,6906,True
2024.11.13_04-21-36_Biarmipes84_e2hex,6908,6908,True
2024.11.13_04-21-36_Biarmipes84_e2hex,6910,6911,True
2024.11.13_04-21-36_Biarmipes84_e2hex,6913,6913,True
2024.11.13_04-21-36_Biarmipes84_e2hex,6915,6917,True
2024.11.13_04-21-36_Biarmipes84_e2hex,6919,6933,True
2024.11.13_04-21-36_Biarmipes84_e2hex,6936,6941,True
2024.11.13_04-21-36_Biarmipes84_e2hex,6943,6943,True
2024.11.13_04-21-36_Biarmipes84_e2hex,6945,6946,True
2024.11.13_04-21-36_Biarmipes84_e2hex,6948,6948,True
2024.11.13_04-21-36_Biarmipes84_e2hex,6950,6951,True
2024.11.13_04-21-36_Biarmipes84_e2hex,6955,6955,True
2024.11.13_04-21-36_Biarmipes84_e2hex,6957,6957,True
2024.11.13_04-21-36_Biarmipes84_e2hex,6959,6964,True
2024.11.13_04-21-36_Biarmipes84_e2hex,6966,6966,True
2024.11.13_04-21-36_Biarmipes84_e2hex,6968,6971,True
2024.11.13_04-21-36_Biarmipes84_e2hex,6973,6973,True
2024.11.13_04-21-36_Biarmipes84_e2hex,6977,6977,True
2024.11.13_04-21-36_Biarmipes84_e2hex,6979,6979,True
2024.11.13_04-21-36_Biarmipes84_e2hex,6981,6984,True
2024.11.13_04-21-36_Biarmipes84_e2hex,6986,6990,True
2024.11.13_04-21-36_Biarmipes84_e2hex,6992,6994,True
2024.11.13_04-21-36_Biarmipes84_e2hex,7003,7006,True
2024.11.13_04-21-36_Biarmipes84_e2hex,7008,7011,True
2024.11.13_04-21-36_Biarmipes84_e2hex,7022,7022,True
2024.11.13_04-21-36_Biarmipes84_e2hex,7028,7028,True
2024.11.13_04-21-36_Biarmipes84_e2hex,7035,7037,True
2024.11.13_04-21-36_Biarmipes84_e2hex,7039,7039,True
2024.11.13_04-21-36_Biarmipes84_e2hex,7050,7050,True
2024.11.13_04-21-36_Biarmipes84_e2hex,7052,7052,True
2024.11.13_04-21-36_Biarmipes84_e2hex,7054,7055,True
2024.11.13_04-21-36_Biarmipes84_e2hex,7057,7059,True
2024.11.13_04-21-36_Biarmipes84_e2hex,7062,7067,True
2024.11.13_04-21-36_Biarmipes84_e2hex,7069,7075,True
2024.11.13_04-21-36_Biarmipes84_e2hex,7079,7080,True
2024.11.13_04-21-36_Biarmipes84_e2hex,7082,7083,True
2024.11.13_04-21-36_Biarmipes84_e2hex,7085,7095,True
2024.11.13_04-21-36_Biarmipes84_e2hex,7097,7114,True
2024.11.13_04-21-36_Biarmipes84_e2hex,7116,7116,True
2024.11.13_04-21-36_Biarmipes84_e2hex,7118,7133,True
2024.11.13_04-21-36_Biarmipes84_e2hex,7135,7135,True
2024.11.13_04-21-36_Biarmipes84_e2hex,7141,7155,True
2024.11.13_04-21-36_Biarmipes84_e2hex,7157,7158,True
2024.11.13_04-21-36_Biarmipes84_e2hex,7181,8451,True
2024.10.15_14-11-00_Sechellia_prenac,1542,1543,True
2024.10.15_14-11-00_Sechellia_prenac,1552,1552,True
2024.10.15_14-11-00_Sechellia_prenac,1562,1566,True
2024.10.15_14-11-00_Sechellia_prenac,1569,1573,True
2024.10.15_14-11-00_Sechellia_prenac,1583,1584,True
2024.10.15_14-11-00_Sechellia_prenac,1586,1586,True
2024.10.15_14-11-00_Sechellia_prenac,1588,1588,True
2024.10.15_14-11-00_Sechellia_prenac,1591,1591,True
2024.10.15_14-11-00_Sechellia_prenac,1593,1593,True
2024.10.15_14-11-00_Sechellia_prenac,1599,1600,True
2024.10.15_14-11-00_Sechellia_prenac,1607,1607,True
2024.10.15_14-11-00_Sechellia_prenac,1617,1617,True
2024.10.15_14-11-00_Sechellia_prenac,1661,1661,True
2024.10.15_14-11-00_Sechellia_prenac,1670,1671,True
2024.10.15_14-11-00_Sechellia_prenac,1673,1673,True
2024.10.15_14-11-00_Sechellia_prenac,1681,1681,True
2024.10.15_14-11-00_Sechellia_prenac,1693,1693,True
2024.10.15_14-11-00_Sechellia_prenac,1696,1696,True
2024.10.15_14-11-00_Sechellia_prenac,1704,1704,True
2024.10.15_14-11-00_Sechellia_prenac,1708,1709,True
2024.10.15_14-11-00_Sechellia_prenac,1711,1711,True
2024.10.15_14-11-00_Sechellia_prenac,1713,1714,True
2024.10.15_14-11-00_Sechellia_prenac,1716,1717,True
2024.10.15_14-11-00_Sechellia_prenac,1719,1720,True
2024.10.15_14-11-00_Sechellia_prenac,1723,1724,True
2024.10.15_14-11-00_Sechellia_prenac,1726,1736,True
2024.10.15_14-11-00_Sechellia_prenac,1739,1739,True
2024.10.15_14-11-00_Sechellia_prenac,1742,1746,True
2024.10.15_14-11-00_Sechellia_prenac,1748,1750,True
2024.10.15_14-11-00_Sechellia_prenac,1752,1752,True
2024.10.15_14-11-00_Sechellia_prenac,1754,1754,True
2024.10.15_14-11-00_Sechellia_prenac,1758,1758,True
2024.10.15_14-11-00_Sechellia_prenac,1762,1762,True
2024.10.15_14-11-00_Sechellia_prenac,1764,1767,True
2024.10.15_14-11-00_Sechellia_prenac,1769,1769,True
2024.10.15_14-11-00_Sechellia_prenac,1771,1771,True
2024.10.15_14-11-00_Sechellia_prenac,1775,1776,True
2024.10.15_14-11-00_Sechellia_prenac,1778,1778,True
2024.10.15_14-11-00_Sechellia_prenac,1780,1781,True
2024.10.15_14-11-00_Sechellia_prenac,1786,1786,True
2024.10.15_14-11-00_Sechellia_prenac,1794,1794,True
2024.10.15_14-11-00_Sechellia_prenac,1798,1798,True
2024.10.15_14-11-00_Sechellia_prenac,1801,1801,True
2024.10.15_14-11-00_Sechellia_prenac,1812,1812,True
2024.10.15_14-11-00_Sechellia_prenac,1816,1817,True
2024.10.15_14-11-00_Sechellia_prenac,1820,1821,True
2024.10.15_14-11-00_Sechellia_prenac,1835,1835,True
2024.10.15_14-11-00_Sechellia_prenac,1867,1868,True
2024.10.15_14-11-00_Sechellia_prenac,1870,1872,True
2024.10.15_14-11-00_Sechellia_prenac,1874,1876,True
2024.10.15_14-11-00_Sechellia_prenac,1878,1878,True
2024.10.15_14-11-00_Sechellia_prenac,1926,1932,True
2024.10.15_14-11-00_Sechellia_prenac,1938,1939,True
2024.10.15_14-11-00_Sechellia_prenac,1942,1945,True
2024.10.15_14-11-00_Sechellia_prenac,1948,1951,True
2024.10.15_14-11-00_Sechellia_prenac,1953,1953,True
2024.10.15_14-11-00_Sechellia_prenac,1958,1959,True
2024.10.15_14-11-00_Sechellia_prenac,1961,1963,True
2024.10.15_14-11-00_Sechellia_prenac,2020,2020,True
2024.10.15_14-11-00_Sechellia_prenac,2022,2022,True
2024.10.15_14-11-00_Sechellia_prenac,2024,2024,True
2024.10.15_14-11-00_Sechellia_prenac,2026,2026,True
2024.10.15_14-11-00_Sechellia_prenac,2029,2030,True
2024.10.15_14-11-00_Sechellia_prenac,2040,2041,True
2024.10.15_14-11-00_Sechellia_prenac,2046,2048,True
2024.10.15_14-11-00_Sechellia_prenac,2053,2053,True
2024.10.15_14-11-00_Sechellia_prenac,2058,2060,True
2024.10.15_14-11-00_Sechellia_prenac,2064,2065,True
2024.10.15_14-11-00_Sechellia_prenac,2149,2152,True
2024.10.15_14-11-00_Sechellia_prenac,2215,2215,True
2024.10.15_14-11-00_Sechellia_prenac,2237,2240,True
2024.10.15_14-11-00_Sechellia_prenac,2250,2250,True
2024.10.15_14-11-00_Sechellia_prenac,2271,2272,True
2024.10.15_14-11-00_Sechellia_prenac,2277,2283,True
2024.10.15_14-11-00_Sechellia_prenac,2285,2289,True
2024.10.15_14-11-00_Sechellia_prenac,2291,2294,True
2024.10.15_14-11-00_Sechellia_prenac,2304,2304,True
2024.10.15_14-11-00_Sechellia_prenac,2488,2488,True
2024.10.15_14-11-00_Sechellia_prenac,2523,2526,True
2024.10.15_14-11-00_Sechellia_prenac,2529,2531,True
2024.10.15_14-11-00_Sechellia_prenac,2533,2533,True
2024.10.15_14-11-00_Sechellia_prenac,2537,2537,True
2024.10.15_14-11-00_Sechellia_prenac,2539,2540,True
2024.10.15_14-11-00_Sechellia_prenac,2543,2543,True
2024.10.15_14-11-00_Sechellia_prenac,2546,2547,True
2024.10.15_14-11-00_Sechellia_prenac,2554,2554,True
2024.10.15_14-11-00_Sechellia_prenac,2556,2556,True
2024.10.15_14-11-00_Sechellia_prenac,2562,2562,True
2024.10.15_14-11-00_Sechellia_prenac,2581,2581,True
2024.10.15_14-11-00_Sechellia_prenac,2587,2587,True
2024.10.15_14-11-00_Sechellia_prenac,2597,2597,True
2024.10.15_14-11-00_Sechellia_prenac,2617,2618,True
2024.10.15_14-11-00_Sechellia_prenac,2621,2621,True
2024.10.15_14-11-00_Sechellia_prenac,2623,2623,True
2024.10.15_14-11-00_Sechellia_prenac,2657,2657,True
2024.10.15_14-11-00_Sechellia_prenac,3195,3204,True
2024.10.15_14-11-00_Sechellia_prenac,3346,3346,True
2024.10.15_14-11-00_Sechellia_prenac,3355,3356,True
2024.10.15_14-11-00_Sechellia_prenac,3358,3358,True
2024.10.15_14-11-00_Sechellia_prenac,3362,3375,True
2024.10.15_14-11-00_Sechellia_prenac,3384,3384,True
2024.10.15_14-11-00_Sechellia_prenac,3401,3402,True
2024.10.15_14-11-00_Sechellia_prenac,3404,3407,True
2024.10.15_14-11-00_Sechellia_prenac,3409,3427,True
2024.10.15_14-11-00_Sechellia_prenac,3476,3503,True
2024.10.15_14-11-00_Sechellia_prenac,3549,3667,True
2024.10.15_14-11-00_Sechellia_prenac,3671,3684,True
2024.10.15_14-11-00_Sechellia_prenac,3869,3887,True
2024.10.15_14-11-00_Sechellia_prenac,3889,3894,True
2024.10.15_14-11-00_Sechellia_prenac,3896,4057,True
2024.10.15_14-11-00_Sechellia_prenac,4119,4124,True
2024.10.15_14-11-00_Sechellia_prenac,4126,4180,True
2024.10.15_14-11-00_Sechellia_prenac,4200,4200,True
2024.10.15_14-11-00_Sechellia_prenac,4218,4218,True
2024.10.15_14-11-00_Sechellia_prenac,4220,4222,True
2024.10.15_14-11-00_Sechellia_prenac,4224,4224,True
2024.10.15_14-11-00_Sechellia_prenac,4230,4230,True
2024.10.15_14-11-00_Sechellia_prenac,4235,4235,True
2024.10.15_14-11-00_Sechellia_prenac,4237,4237,True
2024.10.15_14-11-00_Sechellia_prenac,4239,4239,True
2024.10.15_14-11-00_Sechellia_prenac,4242,4250,True
2024.10.15_14-11-00_Sechellia_prenac,4252,4252,True
2024.10.15_14-11-00_Sechellia_prenac,4256,4256,True
2024.10.15_14-11-00_Sechellia_prenac,4258,4327,True
2024.10.15_14-11-00_Sechellia_prenac,4329,4331,True
2024.10.15_14-11-00_Sechellia_prenac,4334,4342,True
2024.10.15_14-11-00_Sechellia_prenac,4344,4346,True
2024.10.15_14-11-00_Sechellia_prenac,4348,4349,True
2024.10.15_14-11-00_Sechellia_prenac,4351,4351,True
2024.10.15_14-11-00_Sechellia_prenac,4353,4353,True
2024.10.15_14-11-00_Sechellia_prenac,4355,4362,True
2024.10.15_14-11-00_Sechellia_prenac,4364,4375,True
2024.10.15_14-11-00_Sechellia_prenac,4652,4652,True
2024.10.15_14-11-00_Sechellia_prenac,4654,4657,True
2024.10.15_14-11-00_Sechellia_prenac,4704,4705,True
2024.10.15_14-11-00_Sechellia_prenac,4733,4733,True
2024.10.15_14-11-00_Sechellia_prenac,4738,4738,True
2024.10.15_14-11-00_Sechellia_prenac,4742,4742,True
2024.10.15_14-11-00_Sechellia_prenac,4796,4796,True
2024.10.15_14-11-00_Sechellia_prenac,4816,4816,True
2024.10.15_14-11-00_Sechellia_prenac,4831,4835,True
2024.10.15_14-11-00_Sechellia_prenac,4839,4845,True
2024.10.15_14-11-00_Sechellia_prenac,4851,4854,True
2024.10.15_14-11-00_Sechellia_prenac,4856,4857,True
2024.10.15_14-11-00_Sechellia_prenac,4862,4862,True
2024.10.15_14-11-00_Sechellia_prenac,4866,4872,True
2024.10.15_14-11-00_Sechellia_prenac,4886,4894,True
2024.10.15_14-11-00_Sechellia_prenac,4897,4902,True
2024.10.15_14-11-00_Sechellia_prenac,4905,4918,True
2024.10.15_14-11-00_Sechellia_prenac,4939,4946,True
2024.10.15_14-11-00_Sechellia_prenac,4951,4951,True
2024.10.15_14-11-00_Sechellia_prenac,4953,4962,True
2024.10.15_14-11-00_Sechellia_prenac,4964,4968,True
2024.10.15_14-11-00_Sechellia_prenac,4972,4972,True
2024.10.15_14-11-00_Sechellia_prenac,4976,4978,True
2024.10.15_14-11-00_Sechellia_prenac,4995,4995,True
2024.10.15_14-11-00_Sechellia_prenac,5032,5034,True
2024.10.15_14-11-00_Sechellia_prenac,5108,5112,True
2024.10.15_14-11-00_Sechellia_prenac,5114,5145,True
2024.10.15_14-11-00_Sechellia_prenac,5147,5170,True
2024.10.15_14-11-00_Sechellia_prenac,5205,5227,True
2024.10.15_14-11-00_Sechellia_prenac,5282,5286,True
2024.10.15_14-11-00_Sechellia_prenac,5289,5310,True
2024.10.15_14-11-00_Sechellia_prenac,5312,5331,True
2024.10.15_14-11-00_Sechellia_prenac,5333,5347,True
2024.10.15_14-11-00_Sechellia_prenac,5349,5349,True
2024.10.15_14-11-00_Sechellia_prenac,5351,5357,True
2024.10.15_14-11-00_Sechellia_prenac,5359,5360,True
2024.10.15_14-11-00_Sechellia_prenac,5365,5366,True
2024.10.15_14-11-00_Sechellia_prenac,5368,5393,True
2024.10.15_14-11-00_Sechellia_prenac,5395,5403,True
2024.10.15_14-11-00_Sechellia_prenac,5407,5409,True
2024.10.15_14-11-00_Sechellia_prenac,5411,5424,True
2024.10.15_14-11-00_Sechellia_prenac,5426,5434,True
2024.10.15_14-11-00_Sechellia_prenac,5436,5443,True
2024.10.15_14-11-00_Sechellia_prenac,5445,5448,True
2024.10.15_14-11-00_Sechellia_prenac,5451,5461,True
2024.10.15_14-11-00_Sechellia_prenac,5463,5488,True
2024.10.15_14-11-00_Sechellia_prenac,5490,5495,True
2024.10.15_14-11-00_Sechellia_prenac,5497,5498,True
2024.10.15_14-11-00_Sechellia_prenac,5500,5516,True
2024.10.15_14-11-00_Sechellia_prenac,5518,5518,True
2024.10.15_14-11-00_Sechellia_prenac,5520,5520,True
2024.10.15_14-11-00_Sechellia_prenac,5522,5523,True
2024.10.15_14-11-00_Sechellia_prenac,5525,5546,True
2024.10.15_14-11-00_Sechellia_prenac,5548,5549,True
2024.10.15_14-11-00_Sechellia_prenac,5551,5569,True
2024.10.15_14-11-00_Sechellia_prenac,5571,5577,True
2024.10.15_14-11-00_Sechellia_prenac,5595,5596,True
2024.10.15_14-11-00_Sechellia_prenac,5598,5600,True
2024.10.15_14-11-00_Sechellia_prenac,5615,5615,True
2024.10.15_14-11-00_Sechellia_prenac,5642,5643,True
2024.10.15_14-11-00_Sechellia_prenac,5655,5655,True
2024.10.15_14-11-00_Sechellia_prenac,5657,5660,True
2024.10.15_14-11-00_Sechellia_prenac,5670,5670,True
2024.10.15_14-11-00_Sechellia_prenac,5686,5688,True
2024.10.15_14-11-00_Sechellia_prenac,5690,5692,True
2024.10.15_14-11-00_Sechellia_prenac,5696,5696,True
2024.10.15_14-11-00_Sechellia_prenac,5699,5711,True
2024.10.15_14-11-00_Sechellia_prenac,5714,6018,True
2024.10.15_14-11-00_Sechellia_prenac,6021,6033,True
2024.10.15_14-11-00_Sechellia_prenac,6038,6054,True
2024.10.15_14-11-00_Sechellia_prenac,6056,6056,True
2024.10.15_14-11-00_Sechellia_prenac,6058,6058,True
2024.10.15_14-11-00_Sechellia_prenac,6060,6060,True
2024.10.15_14-11-00_Sechellia_prenac,6072,6072,True
2024.10.15_14-11-00_Sechellia_prenac,6082,6083,True
2024.10.15_14-11-00_Sechellia_prenac,6092,6092,True
2024.10.15_14-11-00_Sechellia_prenac,6094,6094,True
2024.10.15_14-11-00_Sechellia_prenac,6102,6102,True
2024.10.15_14-11-00_Sechellia_prenac,6104,6105,True
2024.10.15_14-11-00_Sechellia_prenac,6108,6108,True
2024.10.15_14-11-00_Sechellia_prenac,6114,6114,True
2024.10.15_14-11-00_Sechellia_prenac,6116,6117,True
2024.10.15_14-11-00_Sechellia_prenac,6119,6120,True
2024.10.15_14-11-00_Sechellia_prenac,6123,6125,True
2024.10.15_14-11-00_Sechellia_prenac,6127,6131,True
2024.10.15_14-11-00_Sechellia_prenac,6133,6134,True
2024.10.15_14-11-00_Sechellia_prenac,6141,6141,True
2024.10.15_14-11-00_Sechellia_prenac,6145,6146,True
2024.10.15_14-11-00_Sechellia_prenac,6149,6149,True
2024.10.15_14-11-00_Sechellia_prenac,6163,6163,True
2024.10.15_14-11-00_Sechellia_prenac,6170,6170,True
2024.10.15_14-11-00_Sechellia_prenac,6172,6173,True
2024.10.15_14-11-00_Sechellia_prenac,6176,6176,True
2024.10.15_14-11-00_Sechellia_prenac,6204,6207,True
2024.10.15_14-11-00_Sechellia_prenac,6209,6209,True
2024.10.15_14-11-00_Sechellia_prenac,6226,6226,True
2024.10.15_14-11-00_Sechellia_prenac,6229,6229,True
2024.10.15_14-11-00_Sechellia_prenac,6231,6231,True
2024.10.15_14-11-00_Sechellia_prenac,6315,6316,True
2024.10.15_14-11-00_Sechellia_prenac,6350,6350,True
2024.10.15_14-11-00_Sechellia_prenac,6368,6368,True
2024.10.15_14-11-00_Sechellia_prenac,6394,6399,True
2024.10.15_14-11-00_Sechellia_prenac,6401,6401,True
2024.10.15_14-11-00_Sechellia_prenac,6405,6406,True
2024.10.15_14-11-00_Sechellia_prenac,6409,6409,True
2024.10.15_14-11-00_Sechellia_prenac,6412,6412,True
2024.10.15_14-11-00_Sechellia_prenac,6414,6414,True
2024.10.15_14-11-00_Sechellia_prenac,6417,6417,True
2024.10.15_14-11-00_Sechellia_prenac,6419,6421,True
2024.10.15_14-11-00_Sechellia_prenac,6424,6424,True
2024.10.15_14-11-00_Sechellia_prenac,6437,6439,True
2024.10.15_14-11-00_Sechellia_prenac,6786,6786,True
2024.10.15_14-11-00_Sechellia_prenac,6788,6788,True
2024.10.15_14-11-00_Sechellia_prenac,6806,6806,True
2024.10.15_14-11-00_Sechellia_prenac,6810,6812,True
2024.10.15_14-11-00_Sechellia_prenac,6815,6815,True
2024.10.15_14-11-00_Sechellia_prenac,6837,6837,True
2024.10.15_14-11-00_Sechellia_prenac,6839,6839,True
2024.10.15_14-11-00_Sechellia_prenac,6847,6847,True
2024.10.15_14-11-00_Sechellia_prenac,6855,6858,True
2024.10.15_14-11-00_Sechellia_prenac,6861,6868,True
2024.10.15_14-11-00_Sechellia_prenac,6874,6874,True
2024.10.15_14-11-00_Sechellia_prenac,6879,6879,True
2024.10.15_14-11-00_Sechellia_prenac,6881,6881,True
2024.10.15_14-11-00_Sechellia_prenac,6899,6902,True
2024.10.15_14-11-00_Sechellia_prenac,6904,6905,True
2024.10.15_14-11-00_Sechellia_prenac,6924,6924,True
2024.10.15_14-11-00_Sechellia_prenac,6926,6929,True
2024.10.15_14-11-00_Sechellia_prenac,6943,6968,True
2024.10.15_14-11-00_Sechellia_prenac,6970,6970,True
2024.10.15_14-11-00_Sechellia_prenac,6972,6972,True
2024.10.15_14-11-00_Sechellia_prenac,6974,6978,True
2024.10.15_14-11-00_Sechellia_prenac,6980,6983,True
2024.10.15_14-11-00_Sechellia_prenac,6986,6993,True
2024.10.15_14-11-00_Sechellia_prenac,7030,7033,True
2024.10.15_14-11-00_Sechellia_prenac,7051,7051,True
2024.10.15_14-11-00_Sechellia_prenac,7053,7054,True
2024.10.15_14-11-00_Sechellia_prenac,7087,7087,True
2024.10.15_14-11-00_Sechellia_prenac,7102,7105,True
2024.10.15_14-11-00_Sechellia_prenac,7128,7128,True
2024.10.15_14-11-00_Sechellia_prenac,7192,7195,True
2024.10.15_14-11-00_Sechellia_prenac,7213,7213,True
2024.10.15_14-11-00_Sechellia_prenac,7222,7223,True
2024.10.15_14-11-00_Sechellia_prenac,7237,7243,True
2024.10.15_14-11-00_Sechellia_prenac,7665,7668,True
2024.10.15_14-11-00_Sechellia_prenac,7684,7695,True
2024.10.15_14-11-00_Sechellia_prenac,7697,7737,True
2024.10.15_14-11-00_Sechellia_prenac,7741,7741,True
2024.10.15_14-11-00_Sechellia_prenac,7747,7753,True
2024.10.15_14-11-00_Sechellia_prenac,8221,8372,True
2024.10.15_14-11-00_Sechellia_prenac,8420,8422,True
2024.10.15_14-11-00_Sechellia_prenac,8433,8433,True
2024.10.15_14-11-00_Sechellia_prenac,8436,8439,True
2024.10.15_14-11-00_Sechellia_prenac,8453,8453,True
2024.11.04_09-55-32_Sechellia28_e2hex,891,1473,True
2024.11.04_09-55-32_Sechellia28_e2hex,2671,2680,True
2024.11.04_09-55-32_Sechellia28_e2hex,4518,4519,True
2024.11.04_09-55-32_Sechellia28_e2hex,5339,5398,True
2024.11.04_09-55-32_Sechellia28_e2hex,5400,5401,True
2024.11.04_09-55-32_Sechellia28_e2hex,5403,5407,True
2024.11.04_09-55-32_Sechellia28_e2hex,5409,5420,True
2024.11.04_09-55-32_Sechellia28_e2hex,5423,5423,True
2024.11.04_09-55-32_Sechellia28_e2hex,5425,5427,True
2024.11.04_09-55-32_Sechellia28_e2hex,5430,5431,True
2024.11.04_09-55-32_Sechellia28_e2hex,5433,5437,True
2024.11.04_09-55-32_Sechellia28_e2hex,5439,5442,True
2024.11.04_09-55-32_Sechellia28_e2hex,5444,5453,True
2024.11.04_09-55-32_Sechellia28_e2hex,5456,5456,True
2024.11.04_09-55-32_Sechellia28_e2hex,5458,5459,True
2024.11.04_09-55-32_Sechellia28_e2hex,5462,5463,True
2024.11.04_09-55-32_Sechellia28_e2hex,5465,5471,True
2024.11.04_09-55-32_Sechellia28_e2hex,5473,5506,True
2024.11.04_09-55-32_Sechellia28_e2hex,5513,5513,True
2024.11.04_09-55-32_Sechellia28_e2hex,5521,5521,True
2024.11.04_09-55-32_Sechellia28_e2hex,5634,5634,True
2024.11.04_09-55-32_Sechellia28_e2hex,5646,5647,True
2024.11.04_09-55-32_Sechellia28_e2hex,5652,5652,True
2024.11.04_09-55-32_Sechellia28_e2hex,5654,5654,True
2024.11.04_09-55-32_Sechellia28_e2hex,5656,5658,True
2024.11.04_09-55-32_Sechellia28_e2hex,5663,5663,True
2024.11.04_09-55-32_Sechellia28_e2hex,5679,5679,True
2024.11.04_09-55-32_Sechellia28_e2hex,5681,5681,True
2024.11.04_09-55-32_Sechellia28_e2hex,5686,5687,True
2024.11.04_09-55-32_Sechellia28_e2hex,5689,5690,True
2024.11.04_09-55-32_Sechellia28_e2hex,5695,5695,True
2024.11.04_09-55-32_Sechellia28_e2hex,5706,5707,True
2024.11.04_09-55-32_Sechellia28_e2hex,5768,5801,True
2024.11.04_09-55-32_Sechellia28_e2hex,6272,6278,True
2024.11.04_09-55-32_Sechellia28_e2hex,6288,6288,True
2024.11.04_09-55-32_Sechellia28_e2hex,6332,6336,True
2024.11.04_09-55-32_Sechellia28_e2hex,6339,6347,True
2024.11.04_09-55-32_Sechellia28_e2hex,6349,6355,True
2024.11.04_09-55-32_Sechellia28_e2hex,6357,6357,True
2024.11.04_09-55-32_Sechellia28_e2hex,6359,7130,True
2024.11.04_09-55-32_Sechellia28_e2hex,7141,7823,True
2024.11.14_21-20-24_Sto_car_e2hex,2134,2144,True
2024.11.14_21-20-24_Sto_car_e2hex,2279,2911,True
2024.11.14_21-20-24_Sto_car_e2hex,3815,3851,True
2024.11.14_21-20-24_Sto_car_e2hex,3853,4496,True
2024.11.14_21-20-24_Sto_car_e2hex,8957,8957,True
2024.11.14_21-20-24_Sto_car_e2hex,8960,8966,True
2024.11.14_21-20-24_Sto_car_e2hex,8968,8968,True
2024.11.14_21-20-24_Sto_car_e2hex,8971,8971,True
2024.11.14_21-20-24_Sto_car_e2hex,8980,8980,True
2024.11.14_21-20-24_Sto_car_e2hex,8983,8983,True
2024.11.14_21-20-24_Sto_car_e2hex,8986,8990,True
2024.07.10_12-04-21_Riverside (MetBut),3,1369,True
2024.07.10_12-04-21_Riverside (MetBut),1678,2577,True
2024.07.10_12-04-21_Riverside (MetBut),2608,2608,True
2024.07.10_12-04-21_Riverside (MetBut),2610,2611,True
2024.07.10_12-04-21_Riverside (MetBut),3488,4296,True
2024.07.10_12-04-21_Riverside (MetBut),4360,4405,True
2024.07.10_12-04-21_Riverside (MetBut),4424,4692,True
2024.07.10_12-04-21_Riverside (MetBut),5308,5308,True
2024.07.10_12-04-21_Riverside (MetBut),5310,5310,True
2024.07.10_12-04-21_Riverside (MetBut),5313,5313,True
2024.07.10_12-04-21_Riverside (MetBut),5317,5318,True
2024.07.10_12-04-21_Riverside (MetBut),5321,5321,True
2024.07.10_12-04-21_Riverside (MetBut),5330,5582,True
2024.07.10_12-04-21_Riverside (MetBut),5591,5594,True
2024.07.10_12-04-21_Riverside (MetBut),5608,6713,True
2024.10.11_14-44-40_Yakuba_Cameroon_2hexanol,665,665,True
2024.10.11_14-44-40_Yakuba_Cameroon_2hexanol,667,668,True
2024.10.11_14-44-40_Yakuba_Cameroon_2hexanol,815,829,True
2024.10.11_14-44-40_Yakuba_Cameroon_2hexanol,986,1645,True
2024.10.11_14-44-40_Yakuba_Cameroon_2hexanol,1647,1647,True
2024.10.11_14-44-40_Yakuba_Cameroon_2hexanol,1649,1649,True
2024.10.11_14-44-40_Yakuba_Cameroon_2hexanol,1651,1653,True
2024.10.11_14-44-40_Yakuba_Cameroon_2hexanol,1655,1655,True
2024.10.11_14-44-40_Yakuba_Cameroon_2hexanol,1657,1657,True
2024.10.11_14-44-40_Yakuba_Cameroon_2hexanol,1659,1659,True
2024.10.11_14-44-40_Yakuba_Cameroon_2hexanol,1662,1662,True
2024.10.11_14-44-40_Yakuba_Cameroon_2hexanol,1665,1666,True
2024.10.11_14-44-40_Yakuba_Cameroon_2hexanol,1668,1676,True
2024.10.11_14-44-40_Yakuba_Cameroon_2hexanol,1678,1679,True
2024.10.11_14-44-40_Yakuba_Cameroon_2hexanol,1682,1683,True
2024.10.11_14-44-40_Yakuba_Cameroon_2hexanol,1685,1687,True
2024.10.11_14-44-40_Yakuba_Cameroon_2hexanol,1689,1689,True
2024.10.11_14-44-40_Yakuba_Cameroon_2hexanol,1692,1697,True
2024.10.11_14-44-40_Yakuba_Cameroon_2hexanol,1699,1700,True
2024.10.11_14-44-40_Yakuba_Cameroon_2hexanol,1702,3440,True
2024.10.11_14-44-40_Yakuba_Cameroon_2hexanol,3446,3476,True
2024.10.11_14-44-40_Yakuba_Cameroon_2hexanol,3478,3508,True
2024.10.11_14-44-40_Yakuba_Cameroon_2hexanol,3511,3719,True
2024.10.11_14-44-40_Yakuba_Cameroon_2hexanol,3721,3721,True
2024.10.11_14-44-40_Yakuba_Cameroon_2hexanol,3731,3788,True
2024.10.11_14-44-40_Yakuba_Cameroon_2hexanol,3795,4034,True
2024.10.11_14-44-40_Yakuba_Cameroon_2hexanol,4053,4061,True
2024.10.11_14-44-40_Yakuba_Cameroon_2hexanol,4066,4067,True
2024.10.11_14-44-40_Yakuba_Cameroon_2hexanol,4069,4073,True
2024.10.11_14-44-40_Yakuba_Cameroon_2hexanol,4396,4398,True
2024.10.11_14-44-40_Yakuba_Cameroon_2hexanol,4446,4488,True
2024.10.11_14-44-40_Yakuba_Cameroon_2hexanol,4490,4496,True
2024.10.11_14-44-40_Yakuba_Cameroon_2hexanol,4498,4926,True
2024.10.11_14-44-40_Yakuba_Cameroon_2hexanol,4928,5104,True
2024.10.11_14-44-40_Yakuba_Cameroon_2hexanol,6266,6797,True
2024.10.11_14-44-40_Yakuba_Cameroon_2hexanol,6799,6885,True
2024.10.11_14-44-40_Yakuba_Cameroon_2hexanol,6912,6921,True
2024.10.11_14-44-40_Yakuba_Cameroon_2hexanol,6926,6927,True
2024.10.11_14-44-40_Yakuba_Cameroon_2hexanol,6929,6929,True
2024.10.11_14-44-40_Yakuba_Cameroon_2hexanol,6932,6932,True
2024.10.11_14-44-40_Yakuba_Cameroon_2hexanol,6935,6939,True
2024.10.11_14-44-40_Yakuba_Cameroon_2hexanol,6942,6960,True
2024.10.11_14-44-40_Yakuba_Cameroon_2hexanol,7558,7567,True
2024.10.11_14-44-40_Yakuba_Cameroon_2hexanol,7591,7591,True
2024.10.11_14-44-40_Yakuba_Cameroon_2hexanol,7626,7627,True
2024.10.11_14-44-40_Yakuba_Cameroon_2hexanol,7657,7991,True
2024.10.11_14-44-40_Yakuba_Cameroon_2hexanol,7997,8496,True
2024.10.23_08-34-30_Biarmipes84_prenac,1263,1267,True
2024.10.23_08-34-30_Biarmipes84_prenac,1269,1271,True
2024.10.23_08-34-30_Biarmipes84_prenac,1273,1274,True
2024.10.23_08-34-30_Biarmipes84_prenac,1277,1278,True
2024.10.23_08-34-30_Biarmipes84_prenac,1284,1284,True
2024.10.23_08-34-30_Biarmipes84_prenac,1288,1289,True
2024.10.23_08-34-30_Biarmipes84_prenac,1293,1294,True
2024.10.23_08-34-30_Biarmipes84_prenac,1299,1300,True
2024.10.23_08-34-30_Biarmipes84_prenac,1305,1306,True
2024.10.23_08-34-30_Biarmipes84_prenac,1308,1309,True
2024.10.23_08-34-30_Biarmipes84_prenac,1311,1316,True
2024.10.23_08-34-30_Biarmipes84_prenac,1318,1318,True
2024.10.23_08-34-30_Biarmipes84_prenac,1321,1323,True
2024.10.23_08-34-30_Biarmipes84_prenac,1326,1329,True
2024.10.23_08-34-30_Biarmipes84_prenac,1332,1335,True
2024.10.23_08-34-30_Biarmipes84_prenac,1340,1343,True
2024.10.23_08-34-30_Biarmipes84_prenac,1345,1346,True
2024.10.23_08-34-30_Biarmipes84_prenac,1351,1351,True
2024.10.23_08-34-30_Biarmipes84_prenac,1353,1388,True
2024.10.23_08-34-30_Biarmipes84_prenac,1390,1497,True
2024.10.23_08-34-30_Biarmipes84_prenac,1505,1508,True
2024.10.23_08-34-30_Biarmipes84_prenac,1510,1527,True
2024.10.23_08-34-30_Biarmipes84_prenac,1539,1541,True
2024.10.23_08-34-30_Biarmipes84_prenac,1543,1544,True
2024.10.23_08-34-30_Biarmipes84_prenac,1604,1604,True
2024.10.23_08-34-30_Biarmipes84_prenac,1636,1636,True
2024.10.23_08-34-30_Biarmipes84_prenac,1640,1641,True
2024.10.23_08-34-30_Biarmipes84_prenac,1650,1650,True
2024.10.23_08-34-30_Biarmipes84_prenac,1679,1679,True
2024.10.23_08-34-30_Biarmipes84_prenac,1681,1830,True
2024.10.23_08-34-30_Biarmipes84_prenac,1855,1869,True
2024.10.23_08-34-30_Biarmipes84_prenac,1902,1904,True
2024.10.23_08-34-30_Biarmipes84_prenac,2001,2546,True
2024.10.23_08-34-30_Biarmipes84_prenac,3107,3108,True
2024.10.23_08-34-30_Biarmipes84_prenac,3125,3135,True
2024.10.23_08-34-30_Biarmipes84_prenac,3137,3148,True
2024.10.23_08-34-30_Biarmipes84_prenac,3665,3848,True
2024.10.23_08-34-30_Biarmipes84_prenac,5397,5397,True
2024.10.23_08-34-30_Biarmipes84_prenac,5456,5457,True
2024.10.23_08-34-30_Biarmipes84_prenac,5459,5465,True
2024.10.23_08-34-30_Biarmipes84_prenac,5467,5467,True
2024.10.23_08-34-30_Biarmipes84_prenac,5469,5474,True
2024.10.23_08-34-30_Biarmipes84_prenac,5476,5480,True
2024.10.23_08-34-30_Biarmipes84_prenac,5482,5484,True
2024.10.23_08-34-30_Biarmipes84_prenac,5486,5486,True
2024.10.23_08-34-30_Biarmipes84_prenac,5488,5499,True
2024.10.23_08-34-30_Biarmipes84_prenac,5506,5508,True
2024.10.23_08-34-30_Biarmipes84_prenac,5510,5511,True
2024.10.23_08-34-30_Biarmipes84_prenac,5516,5517,True
2024.10.23_08-34-30_Biarmipes84_prenac,5521,5521,True
2024.10.23_08-34-30_Biarmipes84_prenac,5527,5527,True
2024.10.23_08-34-30_Biarmipes84_prenac,5529,5530,True
2024.10.23_08-34-30_Biarmipes84_prenac,5534,5534,True
2024.10.23_08-34-30_Biarmipes84_prenac,5540,5543,True
2024.10.23_08-34-30_Biarmipes84_prenac,5545,5545,True
2024.10.23_08-34-30_Biarmipes84_prenac,5547,5549,True
2024.10.23_08-34-30_Biarmipes84_prenac,5551,5551,True
2024.10.23_08-34-30_Biarmipes84_prenac,5553,5554,True
2024.10.23_08-34-30_Biarmipes84_prenac,5559,5559,True
2024.10.23_08-34-30_Biarmipes84_prenac,5563,5563,True
2024.10.23_08-34-30_Biarmipes84_prenac,5565,5566,True
2024.10.23_08-34-30_Biarmipes84_prenac,5581,5581,True
2024.10.23_08-34-30_Biarmipes84_prenac,5586,5587,True
2024.10.23_08-34-30_Biarmipes84_prenac,5598,5598,True
2024.10.23_08-34-30_Biarmipes84_prenac,5602,5602,True
2024.10.23_08-34-30_Biarmipes84_prenac,5605,5605,True
2024.10.23_08-34-30_Biarmipes84_prenac,5618,5629,True
2024.10.23_08-34-30_Biarmipes84_prenac,5637,5639,True
2024.10.23_08-34-30_Biarmipes84_prenac,6861,6896,True
2024.10.23_08-34-30_Biarmipes84_prenac,7374,7375,True
2024.10.23_08-34-30_Biarmipes84_prenac,7378,7378,True
2024.10.23_08-34-30_Biarmipes84_prenac,7616,7630,True
2024.10.23_08-34-30_Biarmipes84_prenac,8250,8275,True
2024.10.23_08-34-30_Biarmipes84_prenac,8277,8281,True
2024.10.23_08-34-30_Biarmipes84_prenac,8287,8287,True
2024.10.23_08-34-30_Biarmipes84_prenac,8308,8312,True
2024.10.23_08-34-30_Biarmipes84_prenac,8314,8314,True
2024.10.23_08-34-30_Biarmipes84_prenac,8318,8325,True
2024.10.23_08-34-30_Biarmipes84_prenac,8424,8431,True
2024.10.23_08-34-30_Biarmipes84_prenac,8434,8435,True
2024.10.23_08-34-30_Biarmipes84_prenac,8437,8573,True
2024.10.23_08-34-30_Biarmipes84_prenac,8582,8705,True
2025.03.07_11-42-10_Sussex_metbut,3,605,True
2025.03.07_11-42-10_Sussex_metbut,608,610,True
2025.03.07_11-42-10_Sussex_metbut,623,651,True
2025.03.07_11-42-10_Sussex_metbut,675,705,True
2025.03.07_11-42-10_Sussex_metbut,749,760,True
2025.03.07_11-42-10_Sussex_metbut,762,762,True
2025.03.07_11-42-10_Sussex_metbut,770,770,True
2025.03.07_11-42-10_Sussex_metbut,801,801,True
2025.03.07_11-42-10_Sussex_metbut,803,1760,True
2025.03.07_11-42-10_Sussex_metbut,1793,1809,True
2025.03.07_11-42-10_Sussex_metbut,1838,2407,True
2025.03.07_11-42-10_Sussex_metbut,3595,3878,True
2025.03.07_11-42-10_Sussex_metbut,4988,7066,True
2025.03.07_11-42-10_Sussex_metbut,8172,8999,True
2024.10.02_10-25-56_Biarmipes_G224_no_odor,3,108,True
2024.10.02_10-25-56_Biarmipes_G224_no_odor,415,418,True
2024.10.02_10-25-56_Biarmipes_G224_no_odor,586,586,True
2024.10.02_10-25-56_Biarmipes_G224_no_odor,592,595,True
2024.10.02_10-25-56_Biarmipes_G224_no_odor,603,604,True
2024.10.02_10-25-56_Biarmipes_G224_no_odor,607,607,True
2024.10.02_10-25-56_Biarmipes_G224_no_odor,609,609,True
2024.10.02_10-25-56_Biarmipes_G224_no_odor,611,611,True
2024.10.02_10-25-56_Biarmipes_G224_no_odor,613,619,True
2024.10.02_10-25-56_Biarmipes_G224_no_odor,621,622,True
2024.10.02_10-25-56_Biarmipes_G224_no_odor,626,648,True
2024.10.02_10-25-56_Biarmipes_G224_no_odor,650,904,True
2024.10.02_10-25-56_Biarmipes_G224_no_odor,3845,3902,True
2024.10.02_10-25-56_Biarmipes_G224_no_odor,3938,3955,True
2024.10.02_10-25-56_Biarmipes_G224_no_odor,3957,4135,True
2024.10.02_10-25-56_Biarmipes_G224_no_odor,5881,5881,True
2024.10.02_10-25-56_Biarmipes_G224_no_odor,5896,5896,True
2024.10.02_10-25-56_Biarmipes_G224_no_odor,5899,5899,True
2024.10.02_10-25-56_Biarmipes_G224_no_odor,5901,5903,True
2024.10.02_10-25-56_Biarmipes_G224_no_odor,5905,5906,True
2024.10.02_10-25-56_Biarmipes_G224_no_odor,5914,5916,True
2024.10.02_10-25-56_Biarmipes_G224_no_odor,5922,5927,True
2024.10.02_10-25-56_Biarmipes_G224_no_odor,5930,5930,True
2024.10.02_10-25-56_Biarmipes_G224_no_odor,5940,5940,True
2024.10.02_10-25-56_Biarmipes_G224_no_odor,5943,5943,True
2024.10.02_10-25-56_Biarmipes_G224_no_odor,5945,5945,True
2024.10.02_10-25-56_Biarmipes_G224_no_odor,5947,5954,True
2024.10.02_10-25-56_Biarmipes_G224_no_odor,5956,5956,True
2024.10.02_10-25-56_Biarmipes_G224_no_odor,5958,5959,True
2024.10.02_10-25-56_Biarmipes_G224_no_odor,5961,5966,True
2024.10.02_10-25-56_Biarmipes_G224_no_odor,5968,5970,True
2024.10.02_10-25-56_Biarmipes_G224_no_odor,5976,5976,True
2024.10.02_10-25-56_Biarmipes_G224_no_odor,5981,5985,True
2024.10.02_10-25-56_Biarmipes_G224_no_odor,5997,5997,True
2024.10.02_10-25-56_Biarmipes_G224_no_odor,6003,6003,True
2024.10.02_10-25-56_Biarmipes_G224_no_odor,6010,6010,True
2024.10.02_10-25-56_Biarmipes_G224_no_odor,6012,6014,True
2024.10.02_10-25-56_Biarmipes_G224_no_odor,6018,6018,True
2024.10.02_10-25-56_Biarmipes_G224_no_odor,6020,6029,True
2024.10.02_10-25-56_Biarmipes_G224_no_odor,6034,6036,True
2024.10.02_10-25-56_Biarmipes_G224_no_odor,6040,6040,True
2024.10.02_10-25-56_Biarmipes_G224_no_odor,6050,6052,True
2024.10.02_10-25-56_Biarmipes_G224_no_odor,6061,6062,True
2024.10.02_10-25-56_Biarmipes_G224_no_odor,6070,6073,True
2024.10.02_10-25-56_Biarmipes_G224_no_odor,6076,6077,True
2024.10.02_10-25-56_Biarmipes_G224_no_odor,6079,6079,True
2024.10.02_10-25-56_Biarmipes_G224_no_odor,6086,6087,True
2024.10.02_10-25-56_Biarmipes_G224_no_odor,6092,6094,True
2024.10.02_10-25-56_Biarmipes_G224_no_odor,6096,6098,True
2024.10.02_10-25-56_Biarmipes_G224_no_odor,6116,6120,True
2024.10.02_10-25-56_Biarmipes_G224_no_odor,6126,6127,True
2024.10.02_10-25-56_Biarmipes_G224_no_odor,6130,6131,True
2024.10.02_10-25-56_Biarmipes_G224_no_odor,6142,6142,True
2024.10.02_10-25-56_Biarmipes_G224_no_odor,6144,6144,True
2024.10.02_10-25-56_Biarmipes_G224_no_odor,6146,6149,True
2024.10.02_10-25-56_Biarmipes_G224_no_odor,6151,6156,True
2024.10.02_10-25-56_Biarmipes_G224_no_odor,6161,6162,True
2024.10.02_10-25-56_Biarmipes_G224_no_odor,6165,6166,True
2024.10.02_10-25-56_Biarmipes_G224_no_odor,6170,6173,True
2024.10.02_10-25-56_Biarmipes_G224_no_odor,6179,6181,True
2024.10.02_10-25-56_Biarmipes_G224_no_odor,6188,6189,True
2024.10.02_10-25-56_Biarmipes_G224_no_odor,6205,6205,True
2024.10.02_10-25-56_Biarmipes_G224_no_odor,6216,6219,True
2024.10.02_10-25-56_Biarmipes_G224_no_odor,6222,6224,True
2024.10.02_10-25-56_Biarmipes_G224_no_odor,6226,6227,True
2024.10.02_10-25-56_Biarmipes_G224_no_odor,6230,6230,True
2024.10.02_10-25-56_Biarmipes_G224_no_odor,6236,6236,True
2024.10.02_10-25-56_Biarmipes_G224_no_odor,6238,6238,True
2024.10.02_10-25-56_Biarmipes_G224_no_odor,6247,6247,True
2024.10.02_10-25-56_Biarmipes_G224_no_odor,6249,6251,True
2024.10.02_10-25-56_Biarmipes_G224_no_odor,6253,6253,True
2024.10.02_10-25-56_Biarmipes_G224_no_odor,6255,6255,True
2024.10.02_10-25-56_Biarmipes_G224_no_odor,6262,6263,True
2024.10.02_10-25-56_Biarmipes_G224_no_odor,6266,6267,True
2024.10.02_10-25-56_Biarmipes_G224_no_odor,6270,6273,True
2024.10.02_10-25-56_Biarmipes_G224_no_odor,6275,6276,True
2024.10.02_10-25-56_Biarmipes_G224_no_odor,6283,6283,True
2024.10.02_10-25-56_Biarmipes_G224_no_odor,6286,6291,True
2024.10.02_10-25-56_Biarmipes_G224_no_odor,6293,6302,True
2024.10.02_10-25-56_Biarmipes_G224_no_odor,6304,6306,True
2024.10.02_10-25-56_Biarmipes_G224_no_odor,6310,6313,True
2024.10.02_10-25-56_Biarmipes_G224_no_odor,6315,6316,True
2024.10.02_10-25-56_Biarmipes_G224_no_odor,6324,6326,True
2024.10.02_10-25-56_Biarmipes_G224_no_odor,6328,6329,True
2024.10.02_10-25-56_Biarmipes_G224_no_odor,6332,6333,True
2024.10.02_10-25-56_Biarmipes_G224_no_odor,6335,6335,True
2024.10.02_10-25-56_Biarmipes_G224_no_odor,6337,6337,True
2024.10.02_10-25-56_Biarmipes_G224_no_odor,6339,6341,True
2024.10.02_10-25-56_Biarmipes_G224_no_odor,6344,6348,True
2024.10.02_10-25-56_Biarmipes_G224_no_odor,6363,6365,True
2024.10.02_10-25-56_Biarmipes_G224_no_odor,6367,6369,True
2024.10.02_10-25-56_Biarmipes_G224_no_odor,6373,6380,True
2024.10.02_10-25-56_Biarmipes_G224_no_odor,6386,6386,True
2024.10.02_10-25-56_Biarmipes_G224_no_odor,6392,6393,True
2024.10.02_10-25-56_Biarmipes_G224_no_odor,6403,6404,True
2024.10.02_10-25-56_Biarmipes_G224_no_odor,6408,6408,True
2024.10.02_10-25-56_Biarmipes_G224_no_odor,6411,6411,True
2024.10.02_10-25-56_Biarmipes_G224_no_odor,6413,6415,True
2024.10.02_10-25-56_Biarmipes_G224_no_odor,6418,6422,True
2024.10.02_10-25-56_Biarmipes_G224_no_odor,6425,6425,True
2024.10.02_10-25-56_Biarmipes_G224_no_odor,6434,6438,True
2024.10.02_10-25-56_Biarmipes_G224_no_odor,6441,6443,True
2024.10.02_10-25-56_Biarmipes_G224_no_odor,6445,6446,True
2024.10.02_10-25-56_Biarmipes_G224_no_odor,6448,6448,True
2024.10.02_10-25-56_Biarmipes_G224_no_odor,6450,6451,True
2024.10.02_10-25-56_Biarmipes_G224_no_odor,6456,6459,True
2024.10.02_10-25-56_Biarmipes_G224_no_odor,6462,6464,True
2024.10.02_10-25-56_Biarmipes_G224_no_odor,6466,6470,True
2024.10.02_10-25-56_Biarmipes_G224_no_odor,6472,6474,True
2024.10.02_10-25-56_Biarmipes_G224_no_odor,6477,6481,True
2024.10.02_10-25-56_Biarmipes_G224_no_odor,6486,6486,True
2024.10.02_10-25-56_Biarmipes_G224_no_odor,6495,6495,True
2024.10.02_10-25-56_Biarmipes_G224_no_odor,6498,6498,True
2024.10.02_10-25-56_Biarmipes_G224_no_odor,6503,6506,True
2024.10.02_10-25-56_Biarmipes_G224_no_odor,6511,6515,True
2024.10.02_10-25-56_Biarmipes_G224_no_odor,6517,6517,True
2024.10.02_10-25-56_Biarmipes_G224_no_odor,6519,6519,True
2024.10.02_10-25-56_Biarmipes_G224_no_odor,6524,6527,True
2024.10.02_10-25-56_Biarmipes_G224_no_odor,6531,6531,True
2024.10.02_10-25-56_Biarmipes_G224_no_odor,6533,6534,True
2024.10.02_10-25-56_Biarmipes_G224_no_odor,6539,6540,True
2024.10.02_10-25-56_Biarmipes_G224_no_odor,6547,6547,True
2024.10.02_10-25-56_Biarmipes_G224_no_odor,6550,6550,True
2024.10.02_10-25-56_Biarmipes_G224_no_odor,6552,6553,True
2024.10.02_10-25-56_Biarmipes_G224_no_odor,6556,6556,True
2024.10.02_10-25-56_Biarmipes_G224_no_odor,6558,6560,True
2024.10.02_10-25-56_Biarmipes_G224_no_odor,6562,6564,True
2024.10.02_10-25-56_Biarmipes_G224_no_odor,6566,6567,True
2024.10.02_10-25-56_Biarmipes_G224_no_odor,6569,6569,True
2024.10.02_10-25-56_Biarmipes_G224_no_odor,6573,6574,True
2024.10.02_10-25-56_Biarmipes_G224_no_odor,6576,6578,True
2024.10.02_10-25-56_Biarmipes_G224_no_odor,6580,6580,True
2024.10.02_10-25-56_Biarmipes_G224_no_odor,6582,6583,True
2024.10.02_10-25-56_Biarmipes_G224_no_odor,6589,6589,True
2024.10.02_10-25-56_Biarmipes_G224_no_odor,6593,6595,True
2024.10.02_10-25-56_Biarmipes_G224_no_odor,6602,6602,True
2024.10.02_10-25-56_Biarmipes_G224_no_odor,6604,6605,True
2024.10.02_10-25-56_Biarmipes_G224_no_odor,6609,6609,True
2024.10.02_10-25-56_Biarmipes_G224_no_odor,6611,6611,True
2024.10.02_10-25-56_Biarmipes_G224_no_odor,6613,6613,True
2024.10.02_10-25-56_Biarmipes_G224_no_odor,6615,6617,True
2024.10.02_10-25-56_Biarmipes_G224_no_odor,6620,6625,True
2024.10.02_10-25-56_Biarmipes_G224_no_odor,6629,6632,True
2024.10.02_10-25-56_Biarmipes_G224_no_odor,6640,6640,True
2024.10.02_10-25-56_Biarmipes_G224_no_odor,6644,6646,True
2024.10.02_10-25-56_Biarmipes_G224_no_odor,6648,6657,True
2024.10.02_10-25-56_Biarmipes_G224_no_odor,6659,6660,True
2024.10.02_10-25-56_Biarmipes_G224_no_odor,6664,6664,True
2024.10.02_10-25-56_Biarmipes_G224_no_odor,6672,6672,True
2024.10.02_10-25-56_Biarmipes_G224_no_odor,6680,6680,True
2024.10.02_10-25-56_Biarmipes_G224_no_odor,6692,6692,True
2024.10.02_10-25-56_Biarmipes_G224_no_odor,6694,6694,True
2024.10.02_10-25-56_Biarmipes_G224_no_odor,6699,6699,True
2024.10.02_10-25-56_Biarmipes_G224_no_odor,6708,6708,True
2024.10.02_10-25-56_Biarmipes_G224_no_odor,6711,6713,True
2024.10.02_10-25-56_Biarmipes_G224_no_odor,6715,6720,True
2024.10.02_10-25-56_Biarmipes_G224_no_odor,6725,6726,True
2024.10.02_10-25-56_Biarmipes_G224_no_odor,6731,6732,True
2024.10.02_10-25-56_Biarmipes_G224_no_odor,6734,6734,True
2024.10.02_10-25-56_Biarmipes_G224_no_odor,6738,6741,True
2024.10.02_10-25-56_Biarmipes_G224_no_odor,6745,6745,True
2024.10.02_10-25-56_Biarmipes_G224_no_odor,6760,6762,True
2024.10.02_10-25-56_Biarmipes_G224_no_odor,6764,6767,True
2024.10.02_10-25-56_Biarmipes_G224_no_odor,6769,6769,True
2024.10.02_10-25-56_Biarmipes_G224_no_odor,6771,6774,True
2024.10.02_10-25-56_Biarmipes_G224_no_odor,6782,6782,True
2024.10.02_10-25-56_Biarmipes_G224_no_odor,6785,6785,True
2024.10.02_10-25-56_Biarmipes_G224_no_odor,6790,6790,True
2024.10.02_10-25-56_Biarmipes_G224_no_odor,6796,6796,True
2024.10.02_10-25-56_Biarmipes_G224_no_odor,6798,6799,True
2024.10.02_10-25-56_Biarmipes_G224_no_odor,6801,6803,True
2024.10.02_10-25-56_Biarmipes_G224_no_odor,6806,6808,True
2024.10.02_10-25-56_Biarmipes_G224_no_odor,6810,6811,True
2024.10.02_10-25-56_Biarmipes_G224_no_odor,6815,6815,True
2024.10.02_10-25-56_Biarmipes_G224_no_odor,6820,6822,True
2024.10.02_10-25-56_Biarmipes_G224_no_odor,6824,6824,True
2024.10.02_10-25-56_Biarmipes_G224_no_odor,6829,6830,True
2024.10.02_10-25-56_Biarmipes_G224_no_odor,6832,6832,True
2024.10.02_10-25-56_Biarmipes_G224_no_odor,6844,6844,True
2024.10.02_10-25-56_Biarmipes_G224_no_odor,6847,6849,True
2024.10.02_10-25-56_Biarmipes_G224_no_odor,6853,6855,True
2024.10.02_10-25-56_Biarmipes_G224_no_odor,6858,6858,True
2024.10.02_10-25-56_Biarmipes_G224_no_odor,6860,6861,True
2024.10.02_10-25-56_Biarmipes_G224_no_odor,6863,6865,True
2024.10.02_10-25-56_Biarmipes_G224_no_odor,6872,6872,True
2024.10.02_10-25-56_Biarmipes_G224_no_odor,6883,6884,True
2024.10.02_10-25-56_Biarmipes_G224_no_odor,6889,6889,True
2024.10.02_10-25-56_Biarmipes_G224_no_odor,6891,6891,True
2024.10.02_10-25-56_Biarmipes_G224_no_odor,6904,6904,True
2024.10.02_10-25-56_Biarmipes_G224_no_odor,6906,6906,True
2024.10.02_10-25-56_Biarmipes_G224_no_odor,6910,6911,True
2024.10.02_10-25-56_Biarmipes_G224_no_odor,6913,6915,True
2024.10.02_10-25-56_Biarmipes_G224_no_odor,6917,6917,True
2024.10.02_10-25-56_Biarmipes_G224_no_odor,6921,6924,True
2024.10.02_10-25-56_Biarmipes_G224_no_odor,6926,6926,True
2024.10.02_10-25-56_Biarmipes_G224_no_odor,6930,6930,True
2024.10.02_10-25-56_Biarmipes_G224_no_odor,6935,6939,True
2024.10.02_10-25-56_Biarmipes_G224_no_odor,6944,6944,True
2024.10.02_10-25-56_Biarmipes_G224_no_odor,6947,6949,True
2024.10.02_10-25-56_Biarmipes_G224_no_odor,6953,6953,True
2024.10.02_10-25-56_Biarmipes_G224_no_odor,6956,6956,True
2024.10.02_10-25-56_Biarmipes_G224_no_odor,6964,6964,True
2024.10.02_10-25-56_Biarmipes_G224_no_odor,6973,6974,True
2024.10.02_10-25-56_Biarmipes_G224_no_odor,7000,7002,True
2024.10.02_10-25-56_Biarmipes_G224_no_odor,7007,7009,True
2024.10.02_10-25-56_Biarmipes_G224_no_odor,7014,7019,True
2024.10.02_10-25-56_Biarmipes_G224_no_odor,7027,7028,True
2024.10.02_10-25-56_Biarmipes_G224_no_odor,7031,7034,True
2024.10.02_10-25-56_Biarmipes_G224_no_odor,7038,7038,True
2024.10.02_10-25-56_Biarmipes_G224_no_odor,7041,7044,True
2024.10.02_10-25-56_Biarmipes_G224_no_odor,7046,7047,True
2024.10.02_10-25-56_Biarmipes_G224_no_odor,7049,7052,True
2024.10.02_10-25-56_Biarmipes_G224_no_odor,7054,7055,True
2024.10.02_10-25-56_Biarmipes_G224_no_odor,7059,7059,True
2024.10.02_10-25-56_Biarmipes_G224_no_odor,7062,7063,True
2024.10.02_10-25-56_Biarmipes_G224_no_odor,7067,7067,True
2024.10.02_10-25-56_Biarmipes_G224_no_odor,7073,7073,True
2024.10.02_10-25-56_Biarmipes_G224_no_odor,7076,7076,True
2024.10.02_10-25-56_Biarmipes_G224_no_odor,7078,7080,True
2024.10.02_10-25-56_Biarmipes_G224_no_odor,7084,7084,True
2024.10.02_10-25-56_Biarmipes_G224_no_odor,7088,7090,True
2024.10.02_10-25-56_Biarmipes_G224_no_odor,7095,7098,True
2024.10.02_10-25-56_Biarmipes_G224_no_odor,7100,7101,True
2024.10.02_10-25-56_Biarmipes_G224_no_odor,7104,7104,True
2024.10.02_10-25-56_Biarmipes_G224_no_odor,7106,7110,True
2024.10.02_10-25-56_Biarmipes_G224_no_odor,7115,7118,True
2024.10.02_10-25-56_Biarmipes_G224_no_odor,7122,7124,True
2024.10.02_10-25-56_Biarmipes_G224_no_odor,7126,7127,True
2024.10.02_10-25-56_Biarmipes_G224_no_odor,7131,7134,True
2024.10.02_10-25-56_Biarmipes_G224_no_odor,7136,7139,True
2024.10.02_10-25-56_Biarmipes_G224_no_odor,7142,7145,True
2024.10.02_10-25-56_Biarmipes_G224_no_odor,7149,7150,True
2024.10.02_10-25-56_Biarmipes_G224_no_odor,7152,7154,True
2024.10.02_10-25-56_Biarmipes_G224_no_odor,7156,7158,True
2024.10.02_10-25-56_Biarmipes_G224_no_odor,7160,7164,True
2024.10.02_10-25-56_Biarmipes_G224_no_odor,7167,7169,True
2024.10.02_10-25-56_Biarmipes_G224_no_odor,7172,7173,True
2024.10.02_10-25-56_Biarmipes_G224_no_odor,7181,7184,True
2024.10.02_10-25-56_Biarmipes_G224_no_odor,7186,7189,True
2024.10.02_10-25-56_Biarmipes_G224_no_odor,7191,7191,True
2024.10.02_10-25-56_Biarmipes_G224_no_odor,7193,7196,True
2024.10.02_10-25-56_Biarmipes_G224_no_odor,7206,7210,True
2024.10.02_10-25-56_Biarmipes_G224_no_odor,7214,7215,True
2024.10.02_10-25-56_Biarmipes_G224_no_odor,7223,7224,True
2024.10.02_10-25-56_Biarmipes_G224_no_odor,7228,7230,True
2024.10.02_10-25-56_Biarmipes_G224_no_odor,7233,7236,True
2024.10.02_10-25-56_Biarmipes_G224_no_odor,7240,7241,True
2024.10.02_10-25-56_Biarmipes_G224_no_odor,7247,7247,True
2024.10.02_10-25-56_Biarmipes_G224_no_odor,7254,7255,True
2024.10.02_10-25-56_Biarmipes_G224_no_odor,7259,7261,True
2024.10.02_10-25-56_Biarmipes_G224_no_odor,7264,7265,True
2024.10.02_10-25-56_Biarmipes_G224_no_odor,7267,7267,True
2024.10.02_10-25-56_Biarmipes_G224_no_odor,7271,7274,True
2024.10.02_10-25-56_Biarmipes_G224_no_odor,7276,7282,True
2024.10.02_10-25-56_Biarmipes_G224_no_odor,7291,7294,True
2024.10.02_10-25-56_Biarmipes_G224_no_odor,7296,7296,True
2024.10.02_10-25-56_Biarmipes_G224_no_odor,7299,7301,True
2024.10.02_10-25-56_Biarmipes_G224_no_odor,7309,7311,True
2024.10.02_10-25-56_Biarmipes_G224_no_odor,7315,7318,True
2024.10.02_10-25-56_Biarmipes_G224_no_odor,7323,7323,True
2024.10.02_10-25-56_Biarmipes_G224_no_odor,7327,7330,True
2024.10.02_10-25-56_Biarmipes_G224_no_odor,7333,7333,True
2024.10.02_10-25-56_Biarmipes_G224_no_odor,7337,7337,True
2024.10.02_10-25-56_Biarmipes_G224_no_odor,7339,7340,True
2024.10.02_10-25-56_Biarmipes_G224_no_odor,7344,7344,True
2024.10.02_10-25-56_Biarmipes_G224_no_odor,7354,7354,True
2024.10.02_10-25-56_Biarmipes_G224_no_odor,7358,7358,True
2024.10.02_10-25-56_Biarmipes_G224_no_odor,7360,7361,True
2024.10.02_10-25-56_Biarmipes_G224_no_odor,7363,7368,True
2024.10.02_10-25-56_Biarmipes_G224_no_odor,7371,7371,True
2024.10.02_10-25-56_Biarmipes_G224_no_odor,7375,7380,True
2024.10.02_10-25-56_Biarmipes_G224_no_odor,7382,7382,True
2024.10.02_10-25-56_Biarmipes_G224_no_odor,7384,7385,True
2024.10.02_10-25-56_Biarmipes_G224_no_odor,7387,7389,True
2024.10.02_10-25-56_Biarmipes_G224_no_odor,7393,7393,True
2024.10.02_10-25-56_Biarmipes_G224_no_odor,7398,7400,True
2024.10.02_10-25-56_Biarmipes_G224_no_odor,7409,7409,True
2024.10.02_10-25-56_Biarmipes_G224_no_odor,7421,7421,True
2024.10.02_10-25-56_Biarmipes_G224_no_odor,7435,7435,True
2024.10.02_10-25-56_Biarmipes_G224_no_odor,7438,7438,True
2024.10.02_10-25-56_Biarmipes_G224_no_odor,7440,7442,True
2024.10.02_10-25-56_Biarmipes_G224_no_odor,7445,7448,True
2024.10.02_10-25-56_Biarmipes_G224_no_odor,7452,7452,True
2024.10.02_10-25-56_Biarmipes_G224_no_odor,7456,7457,True
2024.10.02_10-25-56_Biarmipes_G224_no_odor,7462,7464,True
2024.10.02_10-25-56_Biarmipes_G224_no_odor,7468,7468,True
2024.10.02_10-25-56_Biarmipes_G224_no_odor,7476,7477,True
2024.10.02_10-25-56_Biarmipes_G224_no_odor,7482,7484,True
2024.10.02_10-25-56_Biarmipes_G224_no_odor,7492,7494,True
2024.10.02_10-25-56_Biarmipes_G224_no_odor,7498,7498,True
2024.10.02_10-25-56_Biarmipes_G224_no_odor,7504,7505,True
2024.10.02_10-25-56_Biarmipes_G224_no_odor,7507,7514,True
2024.10.02_10-25-56_Biarmipes_G224_no_odor,7516,7516,True
2024.10.02_10-25-56_Biarmipes_G224_no_odor,7521,7521,True
2024.10.02_10-25-56_Biarmipes_G224_no_odor,7525,7526,True
2024.10.02_10-25-56_Biarmipes_G224_no_odor,7528,7528,True
2024.10.02_10-25-56_Biarmipes_G224_no_odor,7531,7531,True
2024.10.02_10-25-56_Biarmipes_G224_no_odor,7533,7534,True
2024.10.02_10-25-56_Biarmipes_G224_no_odor,7536,7536,True
2024.10.02_10-25-56_Biarmipes_G224_no_odor,7539,7539,True
2024.10.02_10-25-56_Biarmipes_G224_no_odor,7548,7548,True
2024.10.02_10-25-56_Biarmipes_G224_no_odor,7552,7552,True
2024.10.02_10-25-56_Biarmipes_G224_no_odor,7554,7555,True
2024.10.02_10-25-56_Biarmipes_G224_no_odor,7558,7558,True
2024.10.02_10-25-56_Biarmipes_G224_no_odor,7561,7561,True
2024.10.02_10-25-56_Biarmipes_G224_no_odor,7563,7565,True
2024.10.02_10-25-56_Biarmipes_G224_no_odor,7568,7568,True
2024.10.02_10-25-56_Biarmipes_G224_no_odor,7580,7580,True
2024.10.02_10-25-56_Biarmipes_G224_no_odor,7584,7585,True
2024.10.02_10-25-56_Biarmipes_G224_no_odor,7590,7590,True
2024.10.02_10-25-56_Biarmipes_G224_no_odor,7594,7600,True
2024.10.02_10-25-56_Biarmipes_G224_no_odor,7602,7602,True
2024.10.02_10-25-56_Biarmipes_G224_no_odor,7604,7607,True
2024.10.02_10-25-56_Biarmipes_G224_no_odor,7610,7611,True
2024.10.02_10-25-56_Biarmipes_G224_no_odor,7613,7613,True
2024.10.02_10-25-56_Biarmipes_G224_no_odor,7616,7618,True
2024.10.02_10-25-56_Biarmipes_G224_no_odor,7625,7626,True
2024.10.02_10-25-56_Biarmipes_G224_no_odor,7628,7628,True
2024.10.02_10-25-56_Biarmipes_G224_no_odor,7633,7633,True
2024.10.02_10-25-56_Biarmipes_G224_no_odor,7635,7638,True
2024.10.02_10-25-56_Biarmipes_G224_no_odor,7653,7655,True
2024.10.02_10-25-56_Biarmipes_G224_no_odor,7659,7661,True
2024.10.02_10-25-56_Biarmipes_G224_no_odor,7664,7665,True
2024.10.02_10-25-56_Biarmipes_G224_no_odor,7671,7678,True
2024.10.02_10-25-56_Biarmipes_G224_no_odor,7681,7688,True
2024.10.02_10-25-56_Biarmipes_G224_no_odor,7691,7691,True
2024.10.02_10-25-56_Biarmipes_G224_no_odor,7697,7698,True
2024.10.02_10-25-56_Biarmipes_G224_no_odor,7701,7701,True
2024.10.02_10-25-56_Biarmipes_G224_no_odor,7703,7703,True
2024.10.02_10-25-56_Biarmipes_G224_no_odor,7706,7707,True
2024.10.02_10-25-56_Biarmipes_G224_no_odor,7712,7712,True
2024.10.02_10-25-56_Biarmipes_G224_no_odor,7714,7714,True
2024.10.02_10-25-56_Biarmipes_G224_no_odor,7716,7716,True
2024.10.02_10-25-56_Biarmipes_G224_no_odor,7718,7718,True
2024.10.02_10-25-56_Biarmipes_G224_no_odor,7721,7723,True
2024.10.02_10-25-56_Biarmipes_G224_no_odor,7725,7726,True
2024.10.02_10-25-56_Biarmipes_G224_no_odor,7729,7730,True
2024.10.02_10-25-56_Biarmipes_G224_no_odor,7735,7738,True
2024.10.02_10-25-56_Biarmipes_G224_no_odor,7740,7743,True
2024.10.02_10-25-56_Biarmipes_G224_no_odor,7756,7758,True
2024.10.02_10-25-56_Biarmipes_G224_no_odor,7762,7763,True
2024.10.02_10-25-56_Biarmipes_G224_no_odor,7775,7775,True
2024.10.02_10-25-56_Biarmipes_G224_no_odor,7777,7778,True
2024.10.02_10-25-56_Biarmipes_G224_no_odor,7781,7782,True
2024.10.02_10-25-56_Biarmipes_G224_no_odor,7787,7787,True
2024.10.02_10-25-56_Biarmipes_G224_no_odor,7801,7803,True
2024.10.02_10-25-56_Biarmipes_G224_no_odor,7805,7807,True
2024.10.02_10-25-56_Biarmipes_G224_no_odor,7812,7815,True
2024.10.02_10-25-56_Biarmipes_G224_no_odor,7817,7818,True
2024.10.02_10-25-56_Biarmipes_G224_no_odor,7820,7821,True
2024.10.02_10-25-56_Biarmipes_G224_no_odor,7825,7825,True
2024.10.02_10-25-56_Biarmipes_G224_no_odor,7827,7829,True
2024.10.02_10-25-56_Biarmipes_G224_no_odor,7831,7831,True
2024.10.02_10-25-56_Biarmipes_G224_no_odor,7833,7834,True
2024.10.02_10-25-56_Biarmipes_G224_no_odor,7836,7843,True
2024.10.02_10-25-56_Biarmipes_G224_no_odor,7846,7847,True
2024.10.02_10-25-56_Biarmipes_G224_no_odor,7849,7853,True
2024.10.02_10-25-56_Biarmipes_G224_no_odor,7859,7860,True
2024.10.02_10-25-56_Biarmipes_G224_no_odor,7865,7868,True
2024.10.02_10-25-56_Biarmipes_G224_no_odor,7873,7873,True
2024.10.02_10-25-56_Biarmipes_G224_no_odor,7876,7878,True
2024.10.02_10-25-56_Biarmipes_G224_no_odor,7880,7881,True
2024.10.02_10-25-56_Biarmipes_G224_no_odor,7884,7888,True
2024.10.02_10-25-56_Biarmipes_G224_no_odor,7893,7896,True
2024.10.02_10-25-56_Biarmipes_G224_no_odor,7902,7908,True
2024.10.02_10-25-56_Biarmipes_G224_no_odor,7910,7913,True
2024.10.02_10-25-56_Biarmipes_G224_no_odor,7919,7919,True
2024.10.02_10-25-56_Biarmipes_G224_no_odor,7921,7922,True
2024.10.02_10-25-56_Biarmipes_G224_no_odor,7926,7927,True
2024.10.02_10-25-56_Biarmipes_G224_no_odor,7929,7930,True
2024.10.02_10-25-56_Biarmipes_G224_no_odor,7932,7932,True
2024.10.02_10-25-56_Biarmipes_G224_no_odor,7934,7934,True
2024.10.02_10-25-56_Biarmipes_G224_no_odor,7938,7938,True
2024.10.02_10-25-56_Biarmipes_G224_no_odor,7940,7940,True
2024.10.02_10-25-56_Biarmipes_G224_no_odor,7942,7942,True
2024.10.02_10-25-56_Biarmipes_G224_no_odor,7948,7948,True
2024.10.02_10-25-56_Biarmipes_G224_no_odor,7956,7959,True
2024.10.02_10-25-56_Biarmipes_G224_no_odor,7977,7978,True
2024.10.02_10-25-56_Biarmipes_G224_no_odor,7983,7985,True
2024.10.02_10-25-56_Biarmipes_G224_no_odor,7992,7992,True
2024.10.02_10-25-56_Biarmipes_G224_no_odor,7995,7995,True
2024.10.02_10-25-56_Biarmipes_G224_no_odor,8001,8003,True
2024.10.02_10-25-56_Biarmipes_G224_no_odor,8022,8023,True
2024.10.02_10-25-56_Biarmipes_G224_no_odor,8029,8033,True
2024.10.02_10-25-56_Biarmipes_G224_no_odor,8036,8046,True
2024.10.02_10-25-56_Biarmipes_G224_no_odor,8049,8049,True
2024.10.02_10-25-56_Biarmipes_G224_no_odor,8051,8051,True
2024.10.02_10-25-56_Biarmipes_G224_no_odor,8055,8055,True
2024.10.02_10-25-56_Biarmipes_G224_no_odor,8061,8061,True
2024.10.02_10-25-56_Biarmipes_G224_no_odor,8063,8063,True
2024.10.02_10-25-56_Biarmipes_G224_no_odor,8065,8068,True
2024.10.02_10-25-56_Biarmipes_G224_no_odor,8070,8070,True
2024.10.02_10-25-56_Biarmipes_G224_no_odor,8077,8077,True
2024.10.02_10-25-56_Biarmipes_G224_no_odor,8079,8079,True
2024.10.02_10-25-56_Biarmipes_G224_no_odor,8083,8086,True
2024.10.02_10-25-56_Biarmipes_G224_no_odor,8088,8089,True
2024.10.02_10-25-56_Biarmipes_G224_no_odor,8092,8094,True
2024.10.02_10-25-56_Biarmipes_G224_no_odor,8097,8097,True
2024.10.02_10-25-56_Biarmipes_G224_no_odor,8109,8112,True
2024.10.02_10-25-56_Biarmipes_G224_no_odor,8116,8116,True
2024.10.02_10-25-56_Biarmipes_G224_no_odor,8118,8120,True
2024.10.02_10-25-56_Biarmipes_G224_no_odor,8122,8123,True
2024.10.02_10-25-56_Biarmipes_G224_no_odor,8131,8131,True
2024.10.02_10-25-56_Biarmipes_G224_no_odor,8141,8143,True
2024.10.02_10-25-56_Biarmipes_G224_no_odor,8148,8151,True
2024.10.02_10-25-56_Biarmipes_G224_no_odor,8153,8154,True
2024.10.02_10-25-56_Biarmipes_G224_no_odor,8156,8163,True
2024.10.02_10-25-56_Biarmipes_G224_no_odor,8166,8168,True
2024.10.02_10-25-56_Biarmipes_G224_no_odor,8170,8171,True
2024.10.02_10-25-56_Biarmipes_G224_no_odor,8174,8175,True
2024.10.02_10-25-56_Biarmipes_G224_no_odor,8179,8179,True
2024.10.02_10-25-56_Biarmipes_G224_no_odor,8187,8189,True
2024.10.02_10-25-56_Biarmipes_G224_no_odor,8193,8193,True
2024.10.02_10-25-56_Biarmipes_G224_no_odor,8198,8199,True
2024.10.02_10-25-56_Biarmipes_G224_no_odor,8204,8213,True
2024.10.02_10-25-56_Biarmipes_G224_no_odor,8215,8219,True
2024.10.02_10-25-56_Biarmipes_G224_no_odor,8234,8235,True
2024.10.02_10-25-56_Biarmipes_G224_no_odor,8240,8241,True
2024.10.02_10-25-56_Biarmipes_G224_no_odor,8243,8244,True
2024.10.02_10-25-56_Biarmipes_G224_no_odor,8256,8256,True
2024.10.02_10-25-56_Biarmipes_G224_no_odor,8260,8264,True
2024.10.02_10-25-56_Biarmipes_G224_no_odor,8277,8278,True
2024.10.02_10-25-56_Biarmipes_G224_no_odor,8287,8290,True
2024.10.02_10-25-56_Biarmipes_G224_no_odor,8292,8295,True
2024.10.02_10-25-56_Biarmipes_G224_no_odor,8298,8299,True
2024.10.02_10-25-56_Biarmipes_G224_no_odor,8302,8303,True
2024.10.02_10-25-56_Biarmipes_G224_no_odor,8305,8307,True
2024.10.02_10-25-56_Biarmipes_G224_no_odor,8309,8311,True
2024.10.02_10-25-56_Biarmipes_G224_no_odor,8314,8315,True
2024.10.02_10-25-56_Biarmipes_G224_no_odor,8318,8326,True
2024.10.02_10-25-56_Biarmipes_G224_no_odor,8331,8331,True
2024.10.02_10-25-56_Biarmipes_G224_no_odor,8334,8338,True
2024.10.02_10-25-56_Biarmipes_G224_no_odor,8340,8340,True
2024.10.02_10-25-56_Biarmipes_G224_no_odor,8348,8351,True
2024.10.02_10-25-56_Biarmipes_G224_no_odor,8353,8356,True
2024.10.02_10-25-56_Biarmipes_G224_no_odor,8358,8359,True
2024.10.02_10-25-56_Biarmipes_G224_no_odor,8362,8363,True
2024.10.02_10-25-56_Biarmipes_G224_no_odor,8367,8367,True
2024.10.02_10-25-56_Biarmipes_G224_no_odor,8372,8372,True
2024.10.02_10-25-56_Biarmipes_G224_no_odor,8374,8374,True
2024.10.02_10-25-56_Biarmipes_G224_no_odor,8376,8380,True
2024.10.02_10-25-56_Biarmipes_G224_no_odor,8382,8382,True
2024.10.02_10-25-56_Biarmipes_G224_no_odor,8384,8391,True
2024.10.02_10-25-56_Biarmipes_G224_no_odor,8393,8394,True
2024.10.02_10-25-56_Biarmipes_G224_no_odor,8397,8399,True
2024.10.02_10-25-56_Biarmipes_G224_no_odor,8403,8404,True
2024.10.02_10-25-56_Biarmipes_G224_no_odor,8418,8420,True
2024.10.02_10-25-56_Biarmipes_G224_no_odor,8425,8427,True
2024.10.02_10-25-56_Biarmipes_G224_no_odor,8432,8432,True
2024.10.02_10-25-56_Biarmipes_G224_no_odor,8435,8437,True
2024.10.02_10-25-56_Biarmipes_G224_no_odor,8443,8443,True
2024.10.02_10-25-56_Biarmipes_G224_no_odor,8448,8450,True
2024.10.02_10-25-56_Biarmipes_G224_no_odor,8453,8454,True
2024.10.02_10-25-56_Biarmipes_G224_no_odor,8458,8458,True
2024.10.02_10-25-56_Biarmipes_G224_no_odor,8460,8461,True
2024.10.02_10-25-56_Biarmipes_G224_no_odor,8463,8464,True
2024.10.02_10-25-56_Biarmipes_G224_no_odor,8466,8470,True
2024.10.02_10-25-56_Biarmipes_G224_no_odor,8472,8472,True
2024.10.02_10-25-56_Biarmipes_G224_no_odor,8474,8475,True
2024.10.02_10-25-56_Biarmipes_G224_no_odor,8477,8478,True
2024.10.02_10-25-56_Biarmipes_G224_no_odor,8484,8488,True
2024.10.02_10-25-56_Biarmipes_G224_no_odor,8490,8491,True
2024.10.02_10-25-56_Biarmipes_G224_no_odor,8494,8497,True
2024.10.02_10-25-56_Biarmipes_G224_no_odor,8499,8499,True
2024.10.02_10-25-56_Biarmipes_G224_no_odor,8501,8503,True
2024.10.02_10-25-56_Biarmipes_G224_no_odor,8507,8512,True
2024.10.02_10-25-56_Biarmipes_G224_no_odor,8514,8515,True
2024.10.02_10-25-56_Biarmipes_G224_no_odor,8522,8524,True
2024.10.02_10-25-56_Biarmipes_G224_no_odor,8526,8526,True
2024.10.02_10-25-56_Biarmipes_G224_no_odor,8528,8528,True
2024.10.02_10-25-56_Biarmipes_G224_no_odor,8531,8531,True
2024.10.02_10-25-56_Biarmipes_G224_no_odor,8535,8536,True
2024.11.21_18-13-24_CantonS_no_odor,1011,1061,True
2024.11.21_18-13-24_CantonS_no_odor,1557,1982,True
2024.11.21_18-13-24_CantonS_no_odor,1984,1985,True
2024.11.21_18-13-24_CantonS_no_odor,1987,1988,True
2024.11.21_18-13-24_CantonS_no_odor,2471,2478,True
2024.11.21_18-13-24_CantonS_no_odor,2589,3795,True
2024.11.21_18-13-24_CantonS_no_odor,5492,7316,True
2024.11.21_18-13-24_CantonS_no_odor,8786,8999,True
2024.10.18_09-33-31_Sussex_prenac,5,13,True
2024.10.18_09-33-31_Sussex_prenac,15,17,True
2024.10.18_09-33-31_Sussex_prenac,19,715,True
2024.10.18_09-33-31_Sussex_prenac,2517,2521,True
2024.10.18_09-33-31_Sussex_prenac,2523,2523,True
2024.10.18_09-33-31_Sussex_prenac,2531,2536,True
2024.10.18_09-33-31_Sussex_prenac,2538,3049,True
2024.10.18_09-33-31_Sussex_prenac,4992,5006,True
2024.10.18_09-33-31_Sussex_prenac,5018,8521,True
2024.07.09_12-09-58_Riverside (E-2-Hex),412,414,True
2024.07.09_12-09-58_Riverside (E-2-Hex),418,435,True
2024.07.09_12-09-58_Riverside (E-2-Hex),1670,1670,True
2024.07.09_12-09-58_Riverside (E-2-Hex),1672,1673,True
2024.07.09_12-09-58_Riverside (E-2-Hex),1676,1680,True
2024.07.09_12-09-58_Riverside (E-2-Hex),1683,1685,True
2024.07.09_12-09-58_Riverside (E-2-Hex),1708,3215,True
2024.07.09_12-09-58_Riverside (E-2-Hex),3218,3373,True
2024.07.09_12-09-58_Riverside (E-2-Hex),4059,4059,True
2024.07.09_12-09-58_Riverside (E-2-Hex),4061,4061,True
2024.07.09_12-09-58_Riverside (E-2-Hex),4081,4082,True
2024.07.09_12-09-58_Riverside (E-2-Hex),4084,4084,True
2024.07.09_12-09-58_Riverside (E-2-Hex),4086,4090,True
2024.07.09_12-09-58_Riverside (E-2-Hex),4162,5525,True
2024.07.09_12-09-58_Riverside (E-2-Hex),7016,7016,True
2024.07.09_12-09-58_Riverside (E-2-Hex),7018,7019,True
2024.07.09_12-09-58_Riverside (E-2-Hex),7021,7022,True
2024.07.09_12-09-58_Riverside (E-2-Hex),7221,8000,True
2024.07.09_12-09-58_Riverside (E-2-Hex),8002,8016,True
2024.07.09_12-09-58_Riverside (E-2-Hex),8019,8038,True
2024.07.09_12-09-58_Riverside (E-2-Hex),8046,8049,True
2024.07.09_12-09-58_Riverside (E-2-Hex),8652,8652,True
2024.07.09_12-09-58_Riverside (E-2-Hex),8673,8673,True
2024.07.09_12-09-58_Riverside (E-2-Hex),8748,8754,True
2024.07.09_12-09-58_Riverside (E-2-Hex),8756,8999,True
2024.10.23_14-42-52_Biarmipes_g224_prenac,426,959,True
2024.10.23_14-42-52_Biarmipes_g224_prenac,1007,1353,True
2024.10.23_14-42-52_Biarmipes_g224_prenac,1382,1384,True
2024.10.23_14-42-52_Biarmipes_g224_prenac,1387,1665,True
2024.10.23_14-42-52_Biarmipes_g224_prenac,2731,2770,True
2024.10.23_14-42-52_Biarmipes_g224_prenac,2844,3479,True
2024.10.23_14-42-52_Biarmipes_g224_prenac,3481,3691,True
2024.10.23_14-42-52_Biarmipes_g224_prenac,5034,5046,True
2024.10.23_14-42-52_Biarmipes_g224_prenac,5048,5071,True
2024.10.23_14-42-52_Biarmipes_g224_prenac,5073,5085,True
2024.10.23_14-42-52_Biarmipes_g224_prenac,5087,5088,True
2024.10.23_14-42-52_Biarmipes_g224_prenac,5090,5108,True
2024.10.23_14-42-52_Biarmipes_g224_prenac,5110,5116,True
2024.10.23_14-42-52_Biarmipes_g224_prenac,5118,5136,True
2024.10.23_14-42-52_Biarmipes_g224_prenac,5298,5298,True
2024.10.23_14-42-52_Biarmipes_g224_prenac,5305,5306,True
2024.10.23_14-42-52_Biarmipes_g224_prenac,5312,5312,True
2024.10.23_14-42-52_Biarmipes_g224_prenac,5318,5318,True
2024.10.23_14-42-52_Biarmipes_g224_prenac,5322,5328,True
2024.10.23_14-42-52_Biarmipes_g224_prenac,5331,5337,True
2024.10.23_14-42-52_Biarmipes_g224_prenac,5339,5345,True
2024.10.23_14-42-52_Biarmipes_g224_prenac,5347,5359,True
2024.10.23_14-42-52_Biarmipes_g224_prenac,5361,5362,True
2024.10.23_14-42-52_Biarmipes_g224_prenac,5364,5376,True
2024.10.23_14-42-52_Biarmipes_g224_prenac,5379,5382,True
2024.10.23_14-42-52_Biarmipes_g224_prenac,5384,5384,True
2024.10.23_14-42-52_Biarmipes_g224_prenac,5387,5391,True
2024.10.23_14-42-52_Biarmipes_g224_prenac,5396,5396,True
2024.10.23_14-42-52_Biarmipes_g224_prenac,5405,5405,True
2024.10.23_14-42-52_Biarmipes_g224_prenac,5786,5788,True
2024.10.23_14-42-52_Biarmipes_g224_prenac,5790,5797,True
2024.10.23_14-42-52_Biarmipes_g224_prenac,5799,5803,True
2024.10.23_14-42-52_Biarmipes_g224_prenac,5806,5808,True
2024.10.23_14-42-52_Biarmipes_g224_prenac,5811,5813,True
2024.10.23_14-42-52_Biarmipes_g224_prenac,5815,5817,True
2024.10.23_14-42-52_Biarmipes_g224_prenac,5819,5852,True
2024.10.23_14-42-52_Biarmipes_g224_prenac,5854,5858,True
2024.10.23_14-42-52_Biarmipes_g224_prenac,5860,5861,True
2024.10.23_14-42-52_Biarmipes_g224_prenac,5863,5863,True
2024.10.23_14-42-52_Biarmipes_g224_prenac,5867,5868,True
2024.10.23_14-42-52_Biarmipes_g224_prenac,5870,5872,True
2024.10.23_14-42-52_Biarmipes_g224_prenac,5874,5877,True
2024.10.23_14-42-52_Biarmipes_g224_prenac,5879,5880,True
2024.10.23_14-42-52_Biarmipes_g224_prenac,5882,5883,True
2024.10.23_14-42-52_Biarmipes_g224_prenac,5889,5890,True
2024.10.23_14-42-52_Biarmipes_g224_prenac,5894,5899,True
2024.10.23_14-42-52_Biarmipes_g224_prenac,5901,5903,True
2024.10.23_14-42-52_Biarmipes_g224_prenac,5906,5917,True
2024.10.23_14-42-52_Biarmipes_g224_prenac,5919,5922,True
2024.10.23_14-42-52_Biarmipes_g224_prenac,5925,5933,True
2024.10.23_14-42-52_Biarmipes_g224_prenac,5935,5935,True
2024.10.23_14-42-52_Biarmipes_g224_prenac,5937,5938,True
2024.10.23_14-42-52_Biarmipes_g224_prenac,5940,5943,True
2024.10.23_14-42-52_Biarmipes_g224_prenac,5948,5948,True
2024.10.23_14-42-52_Biarmipes_g224_prenac,5950,5950,True
2024.10.23_14-42-52_Biarmipes_g224_prenac,5952,5954,True
2024.10.23_14-42-52_Biarmipes_g224_prenac,5957,5957,True
2024.10.23_14-42-52_Biarmipes_g224_prenac,5959,5960,True
2024.10.23_14-42-52_Biarmipes_g224_prenac,5962,5963,True
2024.10.23_14-42-52_Biarmipes_g224_prenac,5967,5967,True
2024.10.23_14-42-52_Biarmipes_g224_prenac,5969,5969,True
2024.10.23_14-42-52_Biarmipes_g224_prenac,5972,5983,True
2024.10.23_14-42-52_Biarmipes_g224_prenac,5985,5987,True
2024.10.23_14-42-52_Biarmipes_g224_prenac,5995,6002,True
2024.10.23_14-42-52_Biarmipes_g224_prenac,6014,6021,True
2024.10.23_14-42-52_Biarmipes_g224_prenac,6028,6040,True
2024.10.23_14-42-52_Biarmipes_g224_prenac,6050,6067,True
2024.10.23_14-42-52_Biarmipes_g224_prenac,6069,6079,True
2024.10.23_14-42-52_Biarmipes_g224_prenac,6081,6143,True
2024.10.23_14-42-52_Biarmipes_g224_prenac,6149,6150,True
2024.10.23_14-42-52_Biarmipes_g224_prenac,6152,6168,True
2024.10.23_14-42-52_Biarmipes_g224_prenac,6170,7466,True
2024.11.05_06-11-14_CantonS_e2hex,696,2193,True
2024.11.05_06-11-14_CantonS_e2hex,2593,2609,True
2024.11.05_06-11-14_CantonS_e2hex,2612,2879,True
2024.11.05_06-11-14_CantonS_e2hex,3042,3042,True
2024.11.05_06-11-14_CantonS_e2hex,3060,3444,True
2024.11.05_06-11-14_CantonS_e2hex,5507,5507,True
2024.11.05_06-11-14_CantonS_e2hex,5510,5510,True
2024.11.05_06-11-14_CantonS_e2hex,5512,5517,True
2024.11.05_06-11-14_CantonS_e2hex,5519,5519,True
2024.11.05_06-11-14_CantonS_e2hex,5521,5522,True
2024.11.05_06-11-14_CantonS_e2hex,5524,5529,True
2024.11.05_06-11-14_CantonS_e2hex,5532,5534,True
2024.11.05_06-11-14_CantonS_e2hex,5537,5544,True
2024.11.05_06-11-14_CantonS_e2hex,5546,5552,True
2024.11.05_06-11-14_CantonS_e2hex,5580,5581,True
2024.11.05_06-11-14_CantonS_e2hex,5583,5663,True
2024.11.05_06-11-14_CantonS_e2hex,5665,5833,True
2024.11.05_06-11-14_CantonS_e2hex,7886,7891,True
2024.11.05_06-11-14_CantonS_e2hex,7947,7947,True
2024.11.05_06-11-14_CantonS_e2hex,7956,7957,True
2024.11.05_06-11-14_CantonS_e2hex,7972,7973,True
2024.11.05_06-11-14_CantonS_e2hex,7991,7991,True
2024.11.05_06-11-14_CantonS_e2hex,8007,8012,True
2024.11.05_06-11-14_CantonS_e2hex,8014,8014,True
2024.11.05_06-11-14_CantonS_e2hex,8016,8166,True
2024.11.05_06-11-14_CantonS_e2hex,8168,8190,True
2024.11.05_06-11-14_CantonS_e2hex,8192,8193,True
2024.11.05_06-11-14_CantonS_e2hex,8195,8223,True
2024.11.05_06-11-14_CantonS_e2hex,8225,8233,True
2024.11.05_06-11-14_CantonS_e2hex,8235,8281,True
2024.11.05_06-11-14_CantonS_e2hex,8283,8316,True
2024.11.05_06-11-14_CantonS_e2hex,8318,8322,True
2024.11.05_06-11-14_CantonS_e2hex,8324,8355,True
2024.11.05_06-11-14_CantonS_e2hex,8357,8389,True
2024.11.05_06-11-14_CantonS_e2hex,8391,8423,True
2024.11.05_06-11-14_CantonS_e2hex,8425,8453,True
2024.11.05_06-11-14_CantonS_e2hex,8455,8465,True
2024.11.05_06-11-14_CantonS_e2hex,8467,8979,True
2024.10.10_09-01-51_Sto_car_no_odor,1274,1482,True
2024.10.10_09-01-51_Sto_car_no_odor,1484,1696,True
2024.10.10_09-01-51_Sto_car_no_odor,1698,1716,True
2024.10.10_09-01-51_Sto_car_no_odor,1718,1718,True
2024.10.10_09-01-51_Sto_car_no_odor,1720,1721,True
2024.10.10_09-01-51_Sto_car_no_odor,1876,1876,True
2024.10.10_09-01-51_Sto_car_no_odor,1878,1878,True
2024.10.10_09-01-51_Sto_car_no_odor,1881,1883,True
2024.10.10_09-01-51_Sto_car_no_odor,1885,1887,True
2024.10.10_09-01-51_Sto_car_no_odor,1889,1891,True
2024.10.10_09-01-51_Sto_car_no_odor,1895,1895,True
2024.10.10_09-01-51_Sto_car_no_odor,2223,3763,True
2024.10.10_09-01-51_Sto_car_no_odor,3765,3787,True
2024.10.10_09-01-51_Sto_car_no_odor,3789,3789,True
2024.10.10_09-01-51_Sto_car_no_odor,3791,3802,True
2024.10.10_09-01-51_Sto_car_no_odor,3804,3809,True
2024.10.10_09-01-51_Sto_car_no_odor,3812,3812,True
2024.10.10_09-01-51_Sto_car_no_odor,3814,3817,True
2024.10.10_09-01-51_Sto_car_no_odor,3819,3831,True
2024.10.10_09-01-51_Sto_car_no_odor,3833,3833,True
2024.10.10_09-01-51_Sto_car_no_odor,3865,4131,True
2024.10.10_09-01-51_Sto_car_no_odor,7225,7552,True
2024.10.10_09-01-51_Sto_car_no_odor,7554,7554,True
2024.10.10_09-01-51_Sto_car_no_odor,7559,7559,True
2024.10.10_09-01-51_Sto_car_no_odor,7563,7566,True
2024.10.10_09-01-51_Sto_car_no_odor,7569,7574,True
2024.10.10_09-01-51_Sto_car_no_odor,7576,7584,True
2024.10.10_09-01-51_Sto_car_no_odor,7586,7587,True
2024.10.10_09-01-51_Sto_car_no_odor,7590,7590,True
2024.10.10_09-01-51_Sto_car_no_odor,7593,7593,True
2024.10.10_09-01-51_Sto_car_no_odor,7628,7629,True
2024.10.10_09-01-51_Sto_car_no_odor,7632,7633,True
2024.10.10_09-01-51_Sto_car_no_odor,7635,8012,True
2024.10.31_02-13-01_Yakuba_cameroon_metben,3,157,True
2024.10.31_02-13-01_Yakuba_cameroon_metben,168,170,True
2024.10.31_02-13-01_Yakuba_cameroon_metben,172,173,True
2024.10.31_02-13-01_Yakuba_cameroon_metben,175,184,True
2024.10.31_02-13-01_Yakuba_cameroon_metben,187,323,True
2024.10.31_02-13-01_Yakuba_cameroon_metben,325,339,True
2024.10.31_02-13-01_Yakuba_cameroon_metben,341,343,True
2024.10.31_02-13-01_Yakuba_cameroon_metben,345,346,True
2024.10.31_02-13-01_Yakuba_cameroon_metben,356,357,True
2024.10.31_02-13-01_Yakuba_cameroon_metben,361,361,True
2024.10.31_02-13-01_Yakuba_cameroon_metben,363,364,True
2024.10.31_02-13-01_Yakuba_cameroon_metben,379,379,True
2024.10.31_02-13-01_Yakuba_cameroon_metben,395,409,True
2024.10.31_02-13-01_Yakuba_cameroon_metben,411,411,True
2024.10.31_02-13-01_Yakuba_cameroon_metben,417,417,True
2024.10.31_02-13-01_Yakuba_cameroon_metben,419,426,True
2024.10.31_02-13-01_Yakuba_cameroon_metben,597,605,True
2024.10.31_02-13-01_Yakuba_cameroon_metben,607,607,True
2024.10.31_02-13-01_Yakuba_cameroon_metben,609,609,True
2024.10.31_02-13-01_Yakuba_cameroon_metben,627,628,True
2024.10.31_02-13-01_Yakuba_cameroon_metben,630,1255,True
2024.10.31_02-13-01_Yakuba_cameroon_metben,1257,1261,True
2024.10.31_02-13-01_Yakuba_cameroon_metben,1263,1266,True
2024.10.31_02-13-01_Yakuba_cameroon_metben,1268,1268,True
2024.10.31_02-13-01_Yakuba_cameroon_metben,1270,1279,True
2024.10.31_02-13-01_Yakuba_cameroon_metben,1281,1309,True
2024.10.31_02-13-01_Yakuba_cameroon_metben,1312,1314,True
2024.10.31_02-13-01_Yakuba_cameroon_metben,1327,2111,True
2024.10.31_02-13-01_Yakuba_cameroon_metben,3692,3718,True
2024.10.31_02-13-01_Yakuba_cameroon_metben,5047,6470,True
2024.10.10_11-51-42_sussex_metbut,170,1996,True
2024.10.10_11-51-42_sussex_metbut,2197,2199,True
2024.10.10_11-51-42_sussex_metbut,2201,2610,True
2024.10.10_11-51-42_sussex_metbut,2908,2925,True
2024.10.10_11-51-42_sussex_metbut,3169,3360,True
2024.10.10_11-51-42_sussex_metbut,4010,4057,True
2024.10.10_11-51-42_sussex_metbut,4074,4305,True
2024.10.10_11-51-42_sussex_metbut,4307,4693,True
2024.10.10_11-51-42_sussex_metbut,4695,4853,True
2024.10.10_11-51-42_sussex_metbut,4855,4867,True
2024.10.10_11-51-42_sussex_metbut,4870,4870,True
2024.10.10_11-51-42_sussex_metbut,4875,4875,True
2024.10.10_11-51-42_sussex_metbut,4877,4897,True
2024.10.10_11-51-42_sussex_metbut,4899,4905,True
2024.10.10_11-51-42_sussex_metbut,5398,5408,True
2024.10.10_11-51-42_sussex_metbut,6086,6108,True
2024.10.10_11-51-42_sussex_metbut,6110,6819,True
2024.10.03_15-55-02_Yakuba7_2hex,1645,3550,True
2024.10.03_15-55-02_Yakuba7_2hex,5913,5913,True
2024.10.03_15-55-02_Yakuba7_2hex,6119,6119,True
2024.10.03_15-55-02_Yakuba7_2hex,6121,6121,True
2024.10.03_15-55-02_Yakuba7_2hex,6192,6193,True
2024.10.03_15-55-02_Yakuba7_2hex,6195,6205,True
2024.10.03_15-55-02_Yakuba7_2hex,6207,6208,True
2024.10.03_15-55-02_Yakuba7_2hex,6210,6210,True
2024.10.03_15-55-02_Yakuba7_2hex,6222,6232,True
2024.10.03_15-55-02_Yakuba7_2hex,6234,6234,True
2024.10.03_15-55-02_Yakuba7_2hex,6236,6237,True
2024.10.03_15-55-02_Yakuba7_2hex,6241,6246,True
2024.10.03_15-55-02_Yakuba7_2hex,6413,6413,True
2024.10.03_15-55-02_Yakuba7_2hex,6428,6430,True
2024.10.03_15-55-02_Yakuba7_2hex,6433,6434,True
2024.10.03_15-55-02_Yakuba7_2hex,6436,6436,True
2024.10.03_15-55-02_Yakuba7_2hex,6446,6446,True
2024.10.03_15-55-02_Yakuba7_2hex,6450,6450,True
2024.10.03_15-55-02_Yakuba7_2hex,6454,6454,True
2024.10.03_15-55-02_Yakuba7_2hex,6458,6462,True
2024.10.03_15-55-02_Yakuba7_2hex,6474,6474,True
2024.10.03_15-55-02_Yakuba7_2hex,6483,6483,True
2024.10.03_15-55-02_Yakuba7_2hex,6486,6486,True
2024.10.03_15-55-02_Yakuba7_2hex,6488,6488,True
2024.10.03_15-55-02_Yakuba7_2hex,6495,6495,True
2024.10.03_15-55-02_Yakuba7_2hex,6501,6502,True
2024.10.03_15-55-02_Yakuba7_2hex,6512,6512,True
2024.10.03_15-55-02_Yakuba7_2hex,6514,6514,True
2024.10.03_15-55-02_Yakuba7_2hex,6517,6517,True
2024.10.03_15-55-02_Yakuba7_2hex,6533,6533,True
2024.10.03_15-55-02_Yakuba7_2hex,6539,6540,True
2024.10.03_15-55-02_Yakuba7_2hex,6542,6542,True
2024.10.03_15-55-02_Yakuba7_2hex,6552,6552,True
2024.10.03_15-55-02_Yakuba7_2hex,6554,6557,True
2024.10.03_15-55-02_Yakuba7_2hex,6559,6559,True
2024.10.03_15-55-02_Yakuba7_2hex,6562,6563,True
2024.10.03_15-55-02_Yakuba7_2hex,6586,6586,True
2024.10.03_15-55-02_Yakuba7_2hex,6601,6601,True
2024.10.03_15-55-02_Yakuba7_2hex,6617,6617,True
2024.10.03_15-55-02_Yakuba7_2hex,6631,6632,True
2024.10.03_15-55-02_Yakuba7_2hex,6634,6634,True
2024.10.03_15-55-02_Yakuba7_2hex,6636,6636,True
2024.10.03_15-55-02_Yakuba7_2hex,6640,6640,True
2024.10.03_15-55-02_Yakuba7_2hex,6642,6642,True
2024.10.03_15-55-02_Yakuba7_2hex,6648,6648,True
2024.10.03_15-55-02_Yakuba7_2hex,6653,6654,True
2024.10.03_15-55-02_Yakuba7_2hex,6663,6665,True
2024.10.03_15-55-02_Yakuba7_2hex,6670,6671,True
2024.10.03_15-55-02_Yakuba7_2hex,6673,6677,True
2024.10.03_15-55-02_Yakuba7_2hex,6683,6686,True
2024.10.03_15-55-02_Yakuba7_2hex,6690,6691,True
2024.10.03_15-55-02_Yakuba7_2hex,6699,6701,True
2024.10.03_15-55-02_Yakuba7_2hex,6706,6708,True
2024.10.03_15-55-02_Yakuba7_2hex,6710,6721,True
2024.10.03_15-55-02_Yakuba7_2hex,6726,6727,True
2024.10.03_15-55-02_Yakuba7_2hex,6730,6739,True
2024.10.03_15-55-02_Yakuba7_2hex,6745,6755,True
2024.10.03_15-55-02_Yakuba7_2hex,6757,6758,True
2024.10.03_15-55-02_Yakuba7_2hex,6761,6763,True
2024.10.03_15-55-02_Yakuba7_2hex,6775,6779,True
2024.10.03_15-55-02_Yakuba7_2hex,6806,6806,True
2024.10.03_15-55-02_Yakuba7_2hex,6811,6812,True
2024.10.03_15-55-02_Yakuba7_2hex,6814,6820,True
2024.10.03_15-55-02_Yakuba7_2hex,6822,6822,True
2024.10.03_15-55-02_Yakuba7_2hex,6825,6826,True
2024.10.03_15-55-02_Yakuba7_2hex,6832,6832,True
2024.10.03_15-55-02_Yakuba7_2hex,6836,6837,True
2024.10.03_15-55-02_Yakuba7_2hex,6844,6875,True
2024.10.03_15-55-02_Yakuba7_2hex,6877,6882,True
2024.10.03_15-55-02_Yakuba7_2hex,6899,6900,True
2024.10.03_15-55-02_Yakuba7_2hex,6903,6903,True
2024.10.03_15-55-02_Yakuba7_2hex,6970,6970,True
2024.10.03_15-55-02_Yakuba7_2hex,6978,6986,True
2024.10.03_15-55-02_Yakuba7_2hex,6991,6991,True
2024.10.03_15-55-02_Yakuba7_2hex,6997,6997,True
2024.10.03_15-55-02_Yakuba7_2hex,7004,7005,True
2024.10.03_15-55-02_Yakuba7_2hex,7037,7037,True
2024.10.03_15-55-02_Yakuba7_2hex,7407,7407,True
2024.10.03_15-55-02_Yakuba7_2hex,7425,7426,True
2024.10.03_15-55-02_Yakuba7_2hex,7428,7429,True
2024.10.03_15-55-02_Yakuba7_2hex,7431,7431,True
2024.10.03_15-55-02_Yakuba7_2hex,7434,7435,True
2024.10.03_15-55-02_Yakuba7_2hex,7439,7439,True
2024.10.03_15-55-02_Yakuba7_2hex,7442,7442,True
2024.10.03_15-55-02_Yakuba7_2hex,7444,7444,True
2024.10.03_15-55-02_Yakuba7_2hex,7446,7449,True
2024.10.03_15-55-02_Yakuba7_2hex,7451,7452,True
2024.10.03_15-55-02_Yakuba7_2hex,7459,7459,True
2024.10.03_15-55-02_Yakuba7_2hex,7463,7471,True
2024.10.03_15-55-02_Yakuba7_2hex,7474,7477,True
2024.10.03_15-55-02_Yakuba7_2hex,7480,7480,True
2024.10.03_15-55-02_Yakuba7_2hex,7482,7483,True
2024.10.03_15-55-02_Yakuba7_2hex,7492,7493,True
2024.10.03_15-55-02_Yakuba7_2hex,7495,7496,True
2024.10.03_15-55-02_Yakuba7_2hex,7499,7499,True
2024.10.03_15-55-02_Yakuba7_2hex,7501,7501,True
2024.10.03_15-55-02_Yakuba7_2hex,7508,7508,True
2024.10.03_15-55-02_Yakuba7_2hex,7510,7512,True
2024.10.03_15-55-02_Yakuba7_2hex,7527,7528,True
2024.10.03_15-55-02_Yakuba7_2hex,7530,7531,True
2024.10.03_15-55-02_Yakuba7_2hex,7536,7536,True
2024.10.03_15-55-02_Yakuba7_2hex,7538,7538,True
2024.10.03_15-55-02_Yakuba7_2hex,7544,7544,True
2024.10.03_15-55-02_Yakuba7_2hex,7552,7552,True
2024.10.03_15-55-02_Yakuba7_2hex,7559,7559,True
2024.10.03_15-55-02_Yakuba7_2hex,7565,7566,True
2024.10.03_15-55-02_Yakuba7_2hex,7568,7569,True
2024.10.03_15-55-02_Yakuba7_2hex,7571,7571,True
2024.10.03_15-55-02_Yakuba7_2hex,7580,7580,True
2024.10.03_15-55-02_Yakuba7_2hex,7585,7585,True
2024.10.03_15-55-02_Yakuba7_2hex,7587,7587,True
2024.10.03_15-55-02_Yakuba7_2hex,7592,7592,True
2024.10.03_15-55-02_Yakuba7_2hex,7601,7601,True
2024.10.03_15-55-02_Yakuba7_2hex,7603,7603,True
2024.10.03_15-55-02_Yakuba7_2hex,7605,7607,True
2024.10.03_15-55-02_Yakuba7_2hex,7610,7610,True
2024.10.03_15-55-02_Yakuba7_2hex,7616,7616,True
2024.10.03_15-55-02_Yakuba7_2hex,7628,7629,True
2024.10.03_15-55-02_Yakuba7_2hex,7634,7634,True
2024.10.03_15-55-02_Yakuba7_2hex,7644,7644,True
2024.10.03_15-55-02_Yakuba7_2hex,7662,7663,True
2024.10.03_15-55-02_Yakuba7_2hex,7691,7691,True
2024.10.03_15-55-02_Yakuba7_2hex,7693,7693,True
2024.10.03_15-55-02_Yakuba7_2hex,7704,7704,True
2024.10.03_15-55-02_Yakuba7_2hex,7712,7714,True
2024.10.03_15-55-02_Yakuba7_2hex,7721,7721,True
2024.10.03_15-55-02_Yakuba7_2hex,7725,7726,True
2024.10.03_15-55-02_Yakuba7_2hex,7730,7730,True
2024.10.03_15-55-02_Yakuba7_2hex,7743,7747,True
2024.10.03_15-55-02_Yakuba7_2hex,7757,7758,True
2024.10.03_15-55-02_Yakuba7_2hex,7760,7793,True
2024.10.03_15-55-02_Yakuba7_2hex,7795,7943,True
2024.10.03_15-55-02_Yakuba7_2hex,7945,7946,True
2024.10.03_15-55-02_Yakuba7_2hex,7948,8003,True
2024.10.03_15-55-02_Yakuba7_2hex,8005,8011,True
2024.10.03_15-55-02_Yakuba7_2hex,8013,8015,True
2024.10.03_15-55-02_Yakuba7_2hex,8018,8025,True
2024.10.03_15-55-02_Yakuba7_2hex,8027,8028,True
2024.10.03_15-55-02_Yakuba7_2hex,8030,8033,True
2024.10.03_15-55-02_Yakuba7_2hex,8035,8035,True
2024.10.03_15-55-02_Yakuba7_2hex,8037,8046,True
2024.10.03_15-55-02_Yakuba7_2hex,8048,8051,True
2024.10.03_15-55-02_Yakuba7_2hex,8054,8060,True
2024.10.03_15-55-02_Yakuba7_2hex,8062,8063,True
2024.10.03_15-55-02_Yakuba7_2hex,8065,8068,True
2024.10.03_15-55-02_Yakuba7_2hex,8070,8077,True
2024.10.03_15-55-02_Yakuba7_2hex,8079,8080,True
2024.10.03_15-55-02_Yakuba7_2hex,8082,8084,True
2024.10.03_15-55-02_Yakuba7_2hex,8086,8089,True
2024.10.03_15-55-02_Yakuba7_2hex,8091,8093,True
2024.10.03_15-55-02_Yakuba7_2hex,8095,8472,True
2024.09.30_16-37-52_Biarmipes84_no_odor,743,748,True
2024.09.30_16-37-52_Biarmipes84_no_odor,767,1793,True
2024.09.30_16-37-52_Biarmipes84_no_odor,4662,4677,True
2024.09.30_16-37-52_Biarmipes84_no_odor,4680,4680,True
2024.09.30_16-37-52_Biarmipes84_no_odor,4682,4687,True
2024.09.30_16-37-52_Biarmipes84_no_odor,4690,4981,True
2024.09.30_16-37-52_Biarmipes84_no_odor,4983,5033,True
2024.09.30_16-37-52_Biarmipes84_no_odor,5035,6980,True
2024.10.24_12-10-34_Biarmipes84_prenac,1499,1500,True
2024.10.24_12-10-34_Biarmipes84_prenac,1502,1505,True
2024.10.24_12-10-34_Biarmipes84_prenac,1508,1512,True
2024.10.24_12-10-34_Biarmipes84_prenac,1514,1514,True
2024.10.24_12-10-34_Biarmipes84_prenac,1516,1517,True
2024.10.24_12-10-34_Biarmipes84_prenac,1519,1520,True
2024.10.24_12-10-34_Biarmipes84_prenac,1522,1524,True
2024.10.24_12-10-34_Biarmipes84_prenac,1526,1526,True
2024.10.24_12-10-34_Biarmipes84_prenac,1528,1528,True
2024.10.24_12-10-34_Biarmipes84_prenac,1533,1533,True
2024.10.24_12-10-34_Biarmipes84_prenac,1535,1540,True
2024.10.24_12-10-34_Biarmipes84_prenac,1546,1546,True
2024.10.24_12-10-34_Biarmipes84_prenac,1551,1551,True
2024.10.24_12-10-34_Biarmipes84_prenac,1588,1590,True
2024.10.24_12-10-34_Biarmipes84_prenac,1596,1596,True
2024.10.24_12-10-34_Biarmipes84_prenac,1630,1630,True
2024.10.24_12-10-34_Biarmipes84_prenac,1633,1633,True
2024.10.24_12-10-34_Biarmipes84_prenac,1642,1643,True
2024.10.24_12-10-34_Biarmipes84_prenac,1651,1652,True
2024.10.24_12-10-34_Biarmipes84_prenac,1654,1655,True
2024.10.24_12-10-34_Biarmipes84_prenac,1657,1658,True
2024.10.24_12-10-34_Biarmipes84_prenac,1660,1661,True
2024.10.24_12-10-34_Biarmipes84_prenac,1663,1663,True
2024.10.24_12-10-34_Biarmipes84_prenac,1665,1668,True
2024.10.24_12-10-34_Biarmipes84_prenac,1672,1674,True
2024.10.24_12-10-34_Biarmipes84_prenac,1677,1679,True
2024.10.24_12-10-34_Biarmipes84_prenac,1692,1692,True
2024.10.24_12-10-34_Biarmipes84_prenac,1694,1694,True
2024.10.24_12-10-34_Biarmipes84_prenac,1697,1699,True
2024.10.24_12-10-34_Biarmipes84_prenac,1703,1703,True
2024.10.24_12-10-34_Biarmipes84_prenac,1706,1706,True
2024.10.24_12-10-34_Biarmipes84_prenac,1712,1714,True
2024.10.24_12-10-34_Biarmipes84_prenac,1719,1722,True
2024.10.24_12-10-34_Biarmipes84_prenac,1798,1798,True
2024.10.24_12-10-34_Biarmipes84_prenac,1807,1807,True
2024.10.24_12-10-34_Biarmipes84_prenac,1810,1811,True
2024.10.24_12-10-34_Biarmipes84_prenac,1832,1837,True
2024.10.24_12-10-34_Biarmipes84_prenac,1839,1840,True
2024.10.24_12-10-34_Biarmipes84_prenac,1842,1842,True
2024.10.24_12-10-34_Biarmipes84_prenac,1862,1862,True
2024.10.24_12-10-34_Biarmipes84_prenac,1869,1876,True
2024.10.24_12-10-34_Biarmipes84_prenac,1894,1895,True
2024.10.24_12-10-34_Biarmipes84_prenac,1897,1897,True
2024.10.24_12-10-34_Biarmipes84_prenac,1902,1902,True
2024.10.24_12-10-34_Biarmipes84_prenac,1912,1912,True
2024.10.24_12-10-34_Biarmipes84_prenac,1922,1923,True
2024.10.24_12-10-34_Biarmipes84_prenac,1939,1940,True
2024.10.24_12-10-34_Biarmipes84_prenac,1946,1946,True
2024.10.24_12-10-34_Biarmipes84_prenac,1948,1948,True
2024.10.24_12-10-34_Biarmipes84_prenac,1954,1954,True
2024.10.24_12-10-34_Biarmipes84_prenac,1956,1956,True
2024.10.24_12-10-34_Biarmipes84_prenac,1961,1961,True
2024.10.24_12-10-34_Biarmipes84_prenac,1964,1964,True
2024.10.24_12-10-34_Biarmipes84_prenac,1968,1970,True
2024.10.24_12-10-34_Biarmipes84_prenac,1977,1977,True
2024.10.24_12-10-34_Biarmipes84_prenac,1981,1983,True
2024.10.24_12-10-34_Biarmipes84_prenac,1985,1986,True
2024.10.24_12-10-34_Biarmipes84_prenac,1988,1991,True
2024.10.24_12-10-34_Biarmipes84_prenac,1994,1996,True
2024.10.24_12-10-34_Biarmipes84_prenac,1998,2002,True
2024.10.24_12-10-34_Biarmipes84_prenac,2006,2013,True
2024.10.24_12-10-34_Biarmipes84_prenac,2016,2018,True
2024.10.24_12-10-34_Biarmipes84_prenac,2020,2023,True
2024.10.24_12-10-34_Biarmipes84_prenac,2025,2027,True
2024.10.24_12-10-34_Biarmipes84_prenac,2029,2033,True
2024.10.24_12-10-34_Biarmipes84_prenac,2036,2037,True
2024.10.24_12-10-34_Biarmipes84_prenac,2039,2040,True
2024.10.24_12-10-34_Biarmipes84_prenac,2042,2045,True
2024.10.24_12-10-34_Biarmipes84_prenac,2047,2047,True
2024.10.24_12-10-34_Biarmipes84_prenac,2051,2053,True
2024.10.24_12-10-34_Biarmipes84_prenac,2055,2055,True
2024.10.24_12-10-34_Biarmipes84_prenac,2057,2057,True
2024.10.24_12-10-34_Biarmipes84_prenac,2060,2062,True
2024.10.24_12-10-34_Biarmipes84_prenac,2064,2064,True
2024.10.24_12-10-34_Biarmipes84_prenac,2066,2066,True
2024.10.24_12-10-34_Biarmipes84_prenac,2068,2070,True
2024.10.24_12-10-34_Biarmipes84_prenac,2072,2074,True
2024.10.24_12-10-34_Biarmipes84_prenac,2076,2084,True
2024.10.24_12-10-34_Biarmipes84_prenac,2086,2156,True
2024.10.24_12-10-34_Biarmipes84_prenac,2158,2175,True
2024.10.24_12-10-34_Biarmipes84_prenac,2177,2183,True
2024.10.24_12-10-34_Biarmipes84_prenac,2185,2185,True
2024.10.24_12-10-34_Biarmipes84_prenac,2187,2190,True
2024.10.24_12-10-34_Biarmipes84_prenac,2192,2205,True
2024.10.24_12-10-34_Biarmipes84_prenac,2207,2207,True
2024.10.24_12-10-34_Biarmipes84_prenac,2209,2213,True
2024.10.24_12-10-34_Biarmipes84_prenac,2215,2221,True
2024.10.24_12-10-34_Biarmipes84_prenac,2223,2226,True
2024.10.24_12-10-34_Biarmipes84_prenac,2228,2230,True
2024.10.24_12-10-34_Biarmipes84_prenac,2232,2250,True
2024.10.24_12-10-34_Biarmipes84_prenac,2252,2253,True
2024.10.24_12-10-34_Biarmipes84_prenac,2255,2257,True
2024.10.24_12-10-34_Biarmipes84_prenac,2259,2265,True
2024.10.24_12-10-34_Biarmipes84_prenac,2273,2275,True
2024.10.24_12-10-34_Biarmipes84_prenac,2289,2289,True
2024.10.24_12-10-34_Biarmipes84_prenac,2425,2426,True
2024.10.24_12-10-34_Biarmipes84_prenac,2428,2442,True
2024.10.24_12-10-34_Biarmipes84_prenac,2444,2473,True
2024.10.24_12-10-34_Biarmipes84_prenac,2476,2478,True
2024.10.24_12-10-34_Biarmipes84_prenac,2480,2483,True
2024.10.24_12-10-34_Biarmipes84_prenac,2485,2485,True
2024.10.24_12-10-34_Biarmipes84_prenac,2487,2488,True
2024.10.24_12-10-34_Biarmipes84_prenac,2490,2501,True
2024.10.24_12-10-34_Biarmipes84_prenac,2503,2503,True
2024.10.24_12-10-34_Biarmipes84_prenac,2506,2512,True
2024.10.24_12-10-34_Biarmipes84_prenac,2514,2515,True
2024.10.24_12-10-34_Biarmipes84_prenac,2517,2517,True
2024.10.24_12-10-34_Biarmipes84_prenac,2522,2522,True
2024.10.24_12-10-34_Biarmipes84_prenac,2524,2524,True
2024.10.24_12-10-34_Biarmipes84_prenac,2526,2528,True
2024.10.24_12-10-34_Biarmipes84_prenac,2530,2536,True
2024.10.24_12-10-34_Biarmipes84_prenac,2538,2540,True
2024.10.24_12-10-34_Biarmipes84_prenac,2542,2542,True
2024.10.24_12-10-34_Biarmipes84_prenac,2544,2544,True
2024.10.24_12-10-34_Biarmipes84_prenac,2546,2548,True
2024.10.24_12-10-34_Biarmipes84_prenac,2551,2551,True
2024.10.24_12-10-34_Biarmipes84_prenac,2553,2553,True
2024.10.24_12-10-34_Biarmipes84_prenac,2555,2557,True
2024.10.24_12-10-34_Biarmipes84_prenac,2574,2574,True
2024.10.24_12-10-34_Biarmipes84_prenac,2601,2601,True
2024.10.24_12-10-34_Biarmipes84_prenac,2604,2604,True
2024.10.24_12-10-34_Biarmipes84_prenac,2606,2608,True
2024.10.24_12-10-34_Biarmipes84_prenac,2610,2615,True
2024.10.24_12-10-34_Biarmipes84_prenac,2621,2621,True
2024.10.24_12-10-34_Biarmipes84_prenac,2628,2828,True
2024.10.24_12-10-34_Biarmipes84_prenac,2837,2837,True
2024.10.24_12-10-34_Biarmipes84_prenac,2839,2864,True
2024.10.24_12-10-34_Biarmipes84_prenac,2866,2866,True
2024.10.24_12-10-34_Biarmipes84_prenac,2874,2924,True
2024.10.24_12-10-34_Biarmipes84_prenac,2949,2951,True
2024.10.24_12-10-34_Biarmipes84_prenac,2954,2955,True
2024.10.24_12-10-34_Biarmipes84_prenac,2958,2959,True
2024.10.24_12-10-34_Biarmipes84_prenac,2962,2967,True
2024.10.24_12-10-34_Biarmipes84_prenac,2970,2970,True
2024.10.24_12-10-34_Biarmipes84_prenac,2972,2973,True
2024.10.24_12-10-34_Biarmipes84_prenac,2981,2985,True
2024.10.24_12-10-34_Biarmipes84_prenac,2987,2987,True
2024.10.24_12-10-34_Biarmipes84_prenac,2989,2989,True
2024.10.24_12-10-34_Biarmipes84_prenac,2993,2993,True
2024.10.24_12-10-34_Biarmipes84_prenac,2995,2995,True
2024.10.24_12-10-34_Biarmipes84_prenac,2999,3000,True
2024.10.24_12-10-34_Biarmipes84_prenac,3003,3004,True
2024.10.24_12-10-34_Biarmipes84_prenac,3010,3013,True
2024.10.24_12-10-34_Biarmipes84_prenac,3021,3021,True
2024.10.24_12-10-34_Biarmipes84_prenac,3032,3032,True
2024.10.24_12-10-34_Biarmipes84_prenac,3043,3046,True
2024.10.24_12-10-34_Biarmipes84_prenac,3052,3052,True
2024.10.24_12-10-34_Biarmipes84_prenac,3076,3076,True
2024.10.24_12-10-34_Biarmipes84_prenac,3089,3089,True
2024.10.24_12-10-34_Biarmipes84_prenac,3103,3103,True
2024.10.24_12-10-34_Biarmipes84_prenac,3125,3125,True
2024.10.24_12-10-34_Biarmipes84_prenac,3162,3163,True
2024.10.24_12-10-34_Biarmipes84_prenac,3171,3171,True
2024.10.24_12-10-34_Biarmipes84_prenac,3176,3176,True
2024.10.24_12-10-34_Biarmipes84_prenac,3189,3190,True
2024.10.24_12-10-34_Biarmipes84_prenac,3199,3204,True
2024.10.24_12-10-34_Biarmipes84_prenac,3264,3267,True
2024.10.24_12-10-34_Biarmipes84_prenac,3273,3273,True
2024.10.24_12-10-34_Biarmipes84_prenac,3281,3283,True
2024.10.24_12-10-34_Biarmipes84_prenac,3289,3289,True
2024.10.24_12-10-34_Biarmipes84_prenac,3291,3291,True
2024.10.24_12-10-34_Biarmipes84_prenac,3293,3295,True
2024.10.24_12-10-34_Biarmipes84_prenac,3336,3410,True
2024.10.24_12-10-34_Biarmipes84_prenac,3433,3496,True
2024.10.24_12-10-34_Biarmipes84_prenac,3498,3530,True
2024.10.24_12-10-34_Biarmipes84_prenac,3532,3552,True
2024.10.24_12-10-34_Biarmipes84_prenac,3554,3559,True
2024.10.24_12-10-34_Biarmipes84_prenac,3588,3620,True
2024.10.24_12-10-34_Biarmipes84_prenac,3622,3702,True
2024.10.24_12-10-34_Biarmipes84_prenac,3918,3918,True
2024.10.24_12-10-34_Biarmipes84_prenac,3920,3922,True
2024.10.24_12-10-34_Biarmipes84_prenac,3925,3925,True
2024.10.24_12-10-34_Biarmipes84_prenac,3927,3927,True
2024.10.24_12-10-34_Biarmipes84_prenac,3929,3938,True
2024.10.24_12-10-34_Biarmipes84_prenac,3942,3942,True
2024.10.24_12-10-34_Biarmipes84_prenac,3945,3945,True
2024.10.24_12-10-34_Biarmipes84_prenac,3949,3950,True
2024.10.24_12-10-34_Biarmipes84_prenac,3955,3955,True
2024.10.24_12-10-34_Biarmipes84_prenac,3962,3962,True
2024.10.24_12-10-34_Biarmipes84_prenac,3965,3965,True
2024.10.24_12-10-34_Biarmipes84_prenac,3967,3967,True
2024.10.24_12-10-34_Biarmipes84_prenac,3985,3986,True
2024.10.24_12-10-34_Biarmipes84_prenac,3994,3994,True
2024.10.24_12-10-34_Biarmipes84_prenac,3999,3999,True
2024.10.24_12-10-34_Biarmipes84_prenac,4001,4002,True
2024.10.24_12-10-34_Biarmipes84_prenac,4004,4004,True
2024.10.24_12-10-34_Biarmipes84_prenac,4007,4007,True
2024.10.24_12-10-34_Biarmipes84_prenac,4017,4017,True
2024.10.24_12-10-34_Biarmipes84_prenac,4021,4021,True
2024.10.24_12-10-34_Biarmipes84_prenac,4024,4024,True
2024.10.24_12-10-34_Biarmipes84_prenac,4026,4026,True
2024.10.24_12-10-34_Biarmipes84_prenac,4028,4028,True
2024.10.24_12-10-34_Biarmipes84_prenac,4033,4034,True
2024.10.24_12-10-34_Biarmipes84_prenac,4048,4048,True
2024.10.24_12-10-34_Biarmipes84_prenac,4051,4051,True
2024.10.24_12-10-34_Biarmipes84_prenac,4055,4055,True
2024.10.24_12-10-34_Biarmipes84_prenac,4057,4057,True
2024.10.24_12-10-34_Biarmipes84_prenac,4060,4060,True
2024.10.24_12-10-34_Biarmipes84_prenac,4067,4070,True
2024.10.24_12-10-34_Biarmipes84_prenac,4072,4072,True
2024.10.24_12-10-34_Biarmipes84_prenac,4074,4074,True
2024.10.24_12-10-34_Biarmipes84_prenac,4076,4076,True
2024.10.24_12-10-34_Biarmipes84_prenac,4082,4085,True
2024.10.24_12-10-34_Biarmipes84_prenac,4090,4090,True
2024.10.24_12-10-34_Biarmipes84_prenac,4093,4093,True
2024.10.24_12-10-34_Biarmipes84_prenac,4095,4095,True
2024.10.24_12-10-34_Biarmipes84_prenac,4111,4111,True
2024.10.24_12-10-34_Biarmipes84_prenac,4113,4114,True
2024.10.24_12-10-34_Biarmipes84_prenac,4120,4120,True
2024.10.24_12-10-34_Biarmipes84_prenac,4127,4127,True
2024.10.24_12-10-34_Biarmipes84_prenac,4135,4135,True
2024.10.24_12-10-34_Biarmipes84_prenac,4142,4142,True
2024.10.24_12-10-34_Biarmipes84_prenac,4148,4148,True
2024.10.24_12-10-34_Biarmipes84_prenac,4159,4160,True
2024.10.24_12-10-34_Biarmipes84_prenac,4167,4167,True
2024.10.24_12-10-34_Biarmipes84_prenac,4172,4173,True
2024.10.24_12-10-34_Biarmipes84_prenac,4179,4179,True
2024.10.24_12-10-34_Biarmipes84_prenac,4182,4182,True
2024.10.24_12-10-34_Biarmipes84_prenac,4189,4190,True
2024.10.24_12-10-34_Biarmipes84_prenac,4196,4198,True
2024.10.24_12-10-34_Biarmipes84_prenac,4203,4203,True
2024.10.24_12-10-34_Biarmipes84_prenac,4207,4207,True
2024.10.24_12-10-34_Biarmipes84_prenac,4212,4213,True
2024.10.24_12-10-34_Biarmipes84_prenac,4215,4215,True
2024.10.24_12-10-34_Biarmipes84_prenac,4221,4226,True
2024.10.24_12-10-34_Biarmipes84_prenac,4234,4235,True
2024.10.24_12-10-34_Biarmipes84_prenac,4237,4238,True
2024.10.24_12-10-34_Biarmipes84_prenac,4240,4240,True
2024.10.24_12-10-34_Biarmipes84_prenac,4242,4242,True
2024.10.24_12-10-34_Biarmipes84_prenac,4247,4251,True
2024.10.24_12-10-34_Biarmipes84_prenac,4253,4259,True
2024.10.24_12-10-34_Biarmipes84_prenac,4261,4262,True
2024.10.24_12-10-34_Biarmipes84_prenac,4268,4270,True
2024.10.24_12-10-34_Biarmipes84_prenac,4273,4280,True
2024.10.24_12-10-34_Biarmipes84_prenac,4282,4282,True
2024.10.24_12-10-34_Biarmipes84_prenac,4284,4333,True
2024.10.24_12-10-34_Biarmipes84_prenac,4335,4645,True
2024.10.24_12-10-34_Biarmipes84_prenac,4648,4650,True
2024.10.24_12-10-34_Biarmipes84_prenac,4653,6539,True
2024.10.24_12-10-34_Biarmipes84_prenac,7405,7405,True
2024.10.24_12-10-34_Biarmipes84_prenac,7407,7407,True
2024.10.24_12-10-34_Biarmipes84_prenac,7409,7415,True
2024.10.24_12-10-34_Biarmipes84_prenac,7422,7427,True
2024.10.24_12-10-34_Biarmipes84_prenac,7429,7430,True
2024.10.24_12-10-34_Biarmipes84_prenac,7435,7437,True
2024.10.24_12-10-34_Biarmipes84_prenac,7441,7442,True
2024.10.24_12-10-34_Biarmipes84_prenac,7445,7448,True
2024.10.24_12-10-34_Biarmipes84_prenac,7451,7452,True
2024.10.24_12-10-34_Biarmipes84_prenac,7454,7454,True
2024.10.24_12-10-34_Biarmipes84_prenac,7489,7489,True
2024.10.24_12-10-34_Biarmipes84_prenac,7544,7544,True
2024.10.24_12-10-34_Biarmipes84_prenac,7550,7554,True
2024.10.24_12-10-34_Biarmipes84_prenac,7556,7556,True
2024.10.24_12-10-34_Biarmipes84_prenac,7558,7573,True
2024.10.24_12-10-34_Biarmipes84_prenac,7586,7588,True
2024.10.24_12-10-34_Biarmipes84_prenac,7590,7598,True
2024.10.24_12-10-34_Biarmipes84_prenac,7603,7605,True
2024.10.24_12-10-34_Biarmipes84_prenac,7608,7608,True
2024.10.24_12-10-34_Biarmipes84_prenac,7622,7624,True
2024.10.24_12-10-34_Biarmipes84_prenac,7627,7628,True
2024.10.24_12-10-34_Biarmipes84_prenac,7634,7636,True
2024.10.24_12-10-34_Biarmipes84_prenac,7642,7644,True
2024.10.24_12-10-34_Biarmipes84_prenac,7651,7660,True
2024.10.24_12-10-34_Biarmipes84_prenac,7665,7667,True
2024.10.24_12-10-34_Biarmipes84_prenac,7882,7884,True
2024.10.24_12-10-34_Biarmipes84_prenac,7890,8006,True
2024.10.24_12-10-34_Biarmipes84_prenac,8009,8727,True
2025.03.07_08-09-39_CantonS_metbut,3,877,True
2025.03.07_08-09-39_CantonS_metbut,2291,2800,True
2025.03.07_08-09-39_CantonS_metbut,2833,2932,True
2025.03.07_08-09-39_CantonS_metbut,2936,2936,True
2025.03.07_08-09-39_CantonS_metbut,2939,3350,True
2025.03.07_08-09-39_CantonS_metbut,3823,4469,True
2025.03.07_08-09-39_CantonS_metbut,4846,5693,True
2025.03.07_08-09-39_CantonS_metbut,6747,6965,True
2025.03.07_08-09-39_CantonS_metbut,7279,7281,True
2025.03.07_08-09-39_CantonS_metbut,7286,7299,True
2025.03.07_08-09-39_CantonS_metbut,7360,7367,True
2025.03.07_08-09-39_CantonS_metbut,7369,7369,True
2025.03.07_08-09-39_CantonS_metbut,7371,7378,True
2025.03.07_08-09-39_CantonS_metbut,7380,8220,True
2024.10.11_11-11-37_Biarmipes_G224_1hexanol,3,826,True
2024.10.11_11-11-37_Biarmipes_G224_1hexanol,2057,2437,True
2024.10.11_11-11-37_Biarmipes_G224_1hexanol,3545,4186,True
2024.10.11_11-11-37_Biarmipes_G224_1hexanol,4227,4246,True
2024.10.11_11-11-37_Biarmipes_G224_1hexanol,4248,4298,True
2024.10.11_11-11-37_Biarmipes_G224_1hexanol,4351,4407,True
2024.10.11_11-11-37_Biarmipes_G224_1hexanol,4412,4449,True
2024.10.11_11-11-37_Biarmipes_G224_1hexanol,5083,5096,True
2024.10.11_11-11-37_Biarmipes_G224_1hexanol,5154,5154,True
2024.10.11_11-11-37_Biarmipes_G224_1hexanol,5183,5185,True
2024.10.11_11-11-37_Biarmipes_G224_1hexanol,5453,5822,True
2024.10.11_11-11-37_Biarmipes_G224_1hexanol,6220,6642,True
2024.10.11_11-11-37_Biarmipes_G224_1hexanol,7077,7662,True
2024.10.11_11-11-37_Biarmipes_G224_1hexanol,8822,8822,True
2024.10.11_11-11-37_Biarmipes_G224_1hexanol,8907,8907,True
2024.10.23_11-02-52_Stocago_prenac,638,2374,True
2024.10.23_11-02-52_Stocago_prenac,2882,3030,True
2024.10.23_11-02-52_Stocago_prenac,3032,3434,True
2024.10.23_11-02-52_Stocago_prenac,3436,3470,True
2024.10.23_11-02-52_Stocago_prenac,3472,3474,True
2024.10.23_11-02-52_Stocago_prenac,3476,3498,True
2024.10.23_11-02-52_Stocago_prenac,3501,3561,True
2024.10.23_11-02-52_Stocago_prenac,3576,3840,True
2024.10.23_11-02-52_Stocago_prenac,3842,3935,True
2024.10.23_11-02-52_Stocago_prenac,3951,3982,True
2024.10.23_11-02-52_Stocago_prenac,4007,4062,True
2024.10.23_11-02-52_Stocago_prenac,4081,4103,True
2024.10.23_11-02-52_Stocago_prenac,4113,4134,True
2024.10.23_11-02-52_Stocago_prenac,4138,4183,True
2024.10.23_11-02-52_Stocago_prenac,4185,4191,True
2024.10.23_11-02-52_Stocago_prenac,4193,4194,True
2024.10.23_11-02-52_Stocago_prenac,4197,4197,True
2024.10.23_11-02-52_Stocago_prenac,4781,5634,True
2024.10.23_11-02-52_Stocago_prenac,6324,7238,True
2024.10.23_11-02-52_Stocago_prenac,7240,7525,True
2024.10.23_11-02-52_Stocago_prenac,7884,8260,True
2024.10.23_11-02-52_Stocago_prenac,8262,8313,True
2024.10.23_11-02-52_Stocago_prenac,8315,8316,True
2024.10.23_11-02-52_Stocago_prenac,8326,8563,True
2024.11.05_02-28-29_Yakuba7_e2hex,3,601,True
2024.11.05_02-28-29_Yakuba7_e2hex,2176,3648,True
2024.11.05_02-28-29_Yakuba7_e2hex,5053,6292,True
2024.11.05_02-28-29_Yakuba7_e2hex,7247,7248,True
2024.11.05_02-28-29_Yakuba7_e2hex,7250,7256,True
2024.11.05_02-28-29_Yakuba7_e2hex,7258,7263,True
2024.11.05_02-28-29_Yakuba7_e2hex,7277,7302,True
2024.11.05_02-28-29_Yakuba7_e2hex,7304,7316,True
2024.11.05_02-28-29_Yakuba7_e2hex,7318,8368,True
2024.10.25_08-18-11_Sussex_metben,834,858,True
2024.10.25_08-18-11_Sussex_metben,957,1050,True
2024.10.25_08-18-11_Sussex_metben,1494,1501,True
2024.10.25_08-18-11_Sussex_metben,1503,1691,True
2024.10.25_08-18-11_Sussex_metben,1693,1694,True
2024.10.25_08-18-11_Sussex_metben,1722,1914,True
2024.10.25_08-18-11_Sussex_metben,2331,2501,True
2024.10.25_08-18-11_Sussex_metben,2936,3038,True
2024.10.25_08-18-11_Sussex_metben,3064,3064,True
2024.10.25_08-18-11_Sussex_metben,3066,3224,True
2024.10.25_08-18-11_Sussex_metben,4593,4693,True
2024.10.25_08-18-11_Sussex_metben,4863,5005,True
2024.10.25_08-18-11_Sussex_metben,5571,5573,True
2024.10.25_08-18-11_Sussex_metben,5575,5575,True
2024.10.25_08-18-11_Sussex_metben,5577,5579,True
2024.10.25_08-18-11_Sussex_metben,5598,5598,True
2024.10.25_08-18-11_Sussex_metben,5615,5615,True
2024.10.25_08-18-11_Sussex_metben,5630,5630,True
2024.10.25_08-18-11_Sussex_metben,5639,5639,True
2024.10.25_08-18-11_Sussex_metben,5641,5641,True
2024.10.25_08-18-11_Sussex_metben,5645,5645,True
2024.10.25_08-18-11_Sussex_metben,5689,5689,True
2024.10.25_08-18-11_Sussex_metben,5698,5698,True
2024.10.25_08-18-11_Sussex_metben,5703,5718,True
2024.10.25_08-18-11_Sussex_metben,5726,5749,True
2024.10.25_08-18-11_Sussex_metben,5751,5758,True
2024.10.25_08-18-11_Sussex_metben,5760,5762,True
2024.10.25_08-18-11_Sussex_metben,5764,5764,True
2024.10.25_08-18-11_Sussex_metben,5766,5766,True
2024.10.25_08-18-11_Sussex_metben,5768,5874,True
2024.10.25_08-18-11_Sussex_metben,5876,7353,True
2024.10.25_08-18-11_Sussex_metben,8782,8783,True
2024.10.25_08-18-11_Sussex_metben,8828,8829,True
2024.10.25_08-18-11_Sussex_metben,8831,8833,True
2024.10.25_08-18-11_Sussex_metben,8835,8836,True
2024.10.25_08-18-11_Sussex_metben,8838,8858,True
2024.10.25_08-18-11_Sussex_metben,8861,8882,True
2024.10.25_08-18-11_Sussex_metben,8884,8892,True
2024.10.25_08-18-11_Sussex_metben,8894,8894,True
2024.10.25_08-18-11_Sussex_metben,8896,8900,True
2024.10.25_08-18-11_Sussex_metben,8902,8916,True
2024.10.30_03-01-19_Sechellia28_metben,1793,4581,True
2024.10.30_03-01-19_Sechellia28_metben,5427,5427,True
2024.10.30_03-01-19_Sechellia28_metben,6934,7628,True
2024.10.30_03-01-19_Sechellia28_metben,8663,8999,True
2024.11.04_09-49-47_Sechellia28_e2hex,1087,1087,True
2024.11.04_09-49-47_Sechellia28_e2hex,1103,1103,True
2024.11.04_09-49-47_Sechellia28_e2hex,1105,1107,True
2024.11.04_09-49-47_Sechellia28_e2hex,1109,1112,True
2024.11.04_09-49-47_Sechellia28_e2hex,1124,1127,True
2024.11.04_09-49-47_Sechellia28_e2hex,1145,1145,True
2024.11.04_09-49-47_Sechellia28_e2hex,1175,1175,True
2024.11.04_09-49-47_Sechellia28_e2hex,1251,1254,True
2024.11.04_09-49-47_Sechellia28_e2hex,1256,1256,True
2024.11.04_09-49-47_Sechellia28_e2hex,1258,1261,True
2024.11.04_09-49-47_Sechellia28_e2hex,1263,1264,True
2024.11.04_09-49-47_Sechellia28_e2hex,1304,1305,True
2024.11.04_09-49-47_Sechellia28_e2hex,1309,1311,True
2024.11.04_09-49-47_Sechellia28_e2hex,1313,1526,True
2024.11.04_09-49-47_Sechellia28_e2hex,1528,1528,True
2024.11.04_09-49-47_Sechellia28_e2hex,1530,1547,True
2024.11.04_09-49-47_Sechellia28_e2hex,1549,1550,True
2024.11.04_09-49-47_Sechellia28_e2hex,1552,1598,True
2024.11.04_09-49-47_Sechellia28_e2hex,1600,1610,True
2024.11.04_09-49-47_Sechellia28_e2hex,1612,1625,True
2024.11.04_09-49-47_Sechellia28_e2hex,1627,1640,True
2024.11.04_09-49-47_Sechellia28_e2hex,1642,1656,True
2024.11.04_09-49-47_Sechellia28_e2hex,1658,1685,True
2024.11.04_09-49-47_Sechellia28_e2hex,1687,1708,True
2024.11.04_09-49-47_Sechellia28_e2hex,1712,1725,True
2024.11.04_09-49-47_Sechellia28_e2hex,1727,1744,True
2024.11.04_09-49-47_Sechellia28_e2hex,1746,1765,True
2024.11.04_09-49-47_Sechellia28_e2hex,1767,1774,True
2024.11.04_09-49-47_Sechellia28_e2hex,1776,1776,True
2024.11.04_09-49-47_Sechellia28_e2hex,1778,1810,True
2024.11.04_09-49-47_Sechellia28_e2hex,1812,1816,True
2024.11.04_09-49-47_Sechellia28_e2hex,1819,1829,True
2024.11.04_09-49-47_Sechellia28_e2hex,1831,1882,True
2024.11.04_09-49-47_Sechellia28_e2hex,1884,1917,True
2024.11.04_09-49-47_Sechellia28_e2hex,1919,1930,True
2024.11.04_09-49-47_Sechellia28_e2hex,1932,1966,True
2024.11.04_09-49-47_Sechellia28_e2hex,1968,1990,True
2024.11.04_09-49-47_Sechellia28_e2hex,1992,2009,True
2024.11.04_09-49-47_Sechellia28_e2hex,2013,2013,True
2024.11.04_09-49-47_Sechellia28_e2hex,2015,2015,True
2024.11.04_09-49-47_Sechellia28_e2hex,2017,2017,True
2024.11.04_09-49-47_Sechellia28_e2hex,2019,2021,True
2024.11.04_09-49-47_Sechellia28_e2hex,2023,2024,True
2024.11.04_09-49-47_Sechellia28_e2hex,2027,2027,True
2024.11.04_09-49-47_Sechellia28_e2hex,2029,2030,True
2024.11.04_09-49-47_Sechellia28_e2hex,2035,2035,True
2024.11.04_09-49-47_Sechellia28_e2hex,2039,2040,True
2024.11.04_09-49-47_Sechellia28_e2hex,2044,2046,True
2024.11.04_09-49-47_Sechellia28_e2hex,2054,2056,True
2024.11.04_09-49-47_Sechellia28_e2hex,2058,2058,True
2024.11.04_09-49-47_Sechellia28_e2hex,2061,2062,True
2024.11.04_09-49-47_Sechellia28_e2hex,2065,2065,True
2024.11.04_09-49-47_Sechellia28_e2hex,2068,2069,True
2024.11.04_09-49-47_Sechellia28_e2hex,2071,2074,True
2024.11.04_09-49-47_Sechellia28_e2hex,2082,2082,True
2024.11.04_09-49-47_Sechellia28_e2hex,2084,2087,True
2024.11.04_09-49-47_Sechellia28_e2hex,2094,2094,True
2024.11.04_09-49-47_Sechellia28_e2hex,2096,2096,True
2024.11.04_09-49-47_Sechellia28_e2hex,2102,2102,True
2024.11.04_09-49-47_Sechellia28_e2hex,2104,2104,True
2024.11.04_09-49-47_Sechellia28_e2hex,2108,2108,True
2024.11.04_09-49-47_Sechellia28_e2hex,2113,2114,True
2024.11.04_09-49-47_Sechellia28_e2hex,2117,2118,True
2024.11.04_09-49-47_Sechellia28_e2hex,2122,2123,True
2024.11.04_09-49-47_Sechellia28_e2hex,2125,2125,True
2024.11.04_09-49-47_Sechellia28_e2hex,2128,2131,True
2024.11.04_09-49-47_Sechellia28_e2hex,2133,2133,True
2024.11.04_09-49-47_Sechellia28_e2hex,2135,2135,True
2024.11.04_09-49-47_Sechellia28_e2hex,2170,2173,True
2024.11.04_09-49-47_Sechellia28_e2hex,2184,2184,True
2024.11.04_09-49-47_Sechellia28_e2hex,2186,2189,True
2024.11.04_09-49-47_Sechellia28_e2hex,2203,2204,True
2024.11.04_09-49-47_Sechellia28_e2hex,2206,2215,True
2024.11.04_09-49-47_Sechellia28_e2hex,2218,2219,True
2024.11.04_09-49-47_Sechellia28_e2hex,2221,2221,True
2024.11.04_09-49-47_Sechellia28_e2hex,2237,2238,True
2024.11.04_09-49-47_Sechellia28_e2hex,2240,2242,True
2024.11.04_09-49-47_Sechellia28_e2hex,2244,3305,True
2024.11.04_09-49-47_Sechellia28_e2hex,3461,3465,True
2024.11.04_09-49-47_Sechellia28_e2hex,3695,4279,True
2024.11.04_09-49-47_Sechellia28_e2hex,4281,5287,True
2024.11.04_09-49-47_Sechellia28_e2hex,6854,6854,True
2024.11.04_09-49-47_Sechellia28_e2hex,7286,7291,True
2024.11.04_09-49-47_Sechellia28_e2hex,7293,7294,True
2024.11.04_09-49-47_Sechellia28_e2hex,7300,7300,True
2024.11.04_09-49-47_Sechellia28_e2hex,7305,7305,True
2024.11.04_09-49-47_Sechellia28_e2hex,7600,7685,True
2024.11.04_09-49-47_Sechellia28_e2hex,7687,7766,True
2024.11.04_09-49-47_Sechellia28_e2hex,7768,7769,True
2024.11.04_09-49-47_Sechellia28_e2hex,7773,7775,True
2024.11.04_09-49-47_Sechellia28_e2hex,7777,7777,True
2024.11.04_09-49-47_Sechellia28_e2hex,7780,7780,True
2024.11.04_09-49-47_Sechellia28_e2hex,7782,7784,True
2024.11.04_09-49-47_Sechellia28_e2hex,7786,7786,True
2024.11.04_09-49-47_Sechellia28_e2hex,7790,7790,True
2024.11.04_09-49-47_Sechellia28_e2hex,7794,7795,True
2024.11.04_09-49-47_Sechellia28_e2hex,7800,7800,True
2024.11.04_09-49-47_Sechellia28_e2hex,7802,7803,True
2024.11.04_09-49-47_Sechellia28_e2hex,7845,7846,True
2024.11.04_09-49-47_Sechellia28_e2hex,7859,7862,True
2024.11.04_09-49-47_Sechellia28_e2hex,7864,7865,True
2024.11.04_09-49-47_Sechellia28_e2hex,7873,7873,True
2024.11.04_09-49-47_Sechellia28_e2hex,7877,7877,True
2024.11.04_09-49-47_Sechellia28_e2hex,7881,7881,True
2024.11.04_09-49-47_Sechellia28_e2hex,7883,7887,True
2024.11.04_09-49-47_Sechellia28_e2hex,7890,7897,True
2024.11.04_09-49-47_Sechellia28_e2hex,7900,7902,True
2024.11.04_09-49-47_Sechellia28_e2hex,7950,8092,True
2024.11.04_09-49-47_Sechellia28_e2hex,8094,8150,True
2024.11.04_09-49-47_Sechellia28_e2hex,8152,8166,True
2024.10.25_06-22-34_CantonS_metben,3,1793,True
2024.10.25_06-22-34_CantonS_metben,1801,1804,True
2024.10.25_06-22-34_CantonS_metben,1806,1838,True
2024.10.25_06-22-34_CantonS_metben,1846,1846,True
2024.10.25_06-22-34_CantonS_metben,1848,1854,True
2024.10.25_06-22-34_CantonS_metben,1856,2015,True
2024.10.25_06-22-34_CantonS_metben,2630,2951,True
2024.10.25_06-22-34_CantonS_metben,3286,3290,True
2024.10.25_06-22-34_CantonS_metben,3293,3297,True
2024.10.25_06-22-34_CantonS_metben,3334,3553,True
2024.10.25_06-22-34_CantonS_metben,3585,3597,True
2024.10.25_06-22-34_CantonS_metben,4280,4280,True
2024.10.25_06-22-34_CantonS_metben,4282,4282,True
2024.10.25_06-22-34_CantonS_metben,4284,4284,True
2024.10.25_06-22-34_CantonS_metben,4300,4306,True
2024.10.25_06-22-34_CantonS_metben,4309,4871,True
2024.10.25_06-22-34_CantonS_metben,5006,5010,True
2024.10.25_06-22-34_CantonS_metben,5012,5012,True
2024.10.25_06-22-34_CantonS_metben,5024,5024,True
2024.10.25_06-22-34_CantonS_metben,5047,5047,True
2024.10.25_06-22-34_CantonS_metben,5053,5053,True
2024.10.25_06-22-34_CantonS_metben,5055,5055,True
2024.10.25_06-22-34_CantonS_metben,5060,5060,True
2024.10.25_06-22-34_CantonS_metben,5062,6357,True
2024.10.14_11-00-19_Sussex_metbut,1459,2202,True
2024.10.14_11-00-19_Sussex_metbut,3186,3189,True
2024.10.14_11-00-19_Sussex_metbut,3259,3260,True
2024.10.14_11-00-19_Sussex_metbut,3264,5228,True
2024.10.14_11-00-19_Sussex_metbut,7263,8999,True
2024.10.28_07-44-19_stocago_metben,3,1376,True
2024.10.28_07-44-19_stocago_metben,2089,2089,True
2024.10.28_07-44-19_stocago_metben,2099,2099,True
2024.10.28_07-44-19_stocago_metben,2115,2115,True
2024.10.28_07-44-19_stocago_metben,2117,2402,True
2024.10.28_07-44-19_stocago_metben,3108,3503,True
2024.10.28_07-44-19_stocago_metben,4963,6926,True
2024.10.28_07-44-19_stocago_metben,7246,7288,True
2024.10.28_07-44-19_stocago_metben,7339,7343,True
2024.10.28_07-44-19_stocago_metben,7345,7352,True
2024.10.28_07-44-19_stocago_metben,7355,7370,True
2024.10.28_07-44-19_stocago_metben,7380,7433,True
2024.10.28_07-44-19_stocago_metben,7479,7481,True
2024.10.28_07-44-19_stocago_metben,7494,7520,True
2024.10.28_07-44-19_stocago_metben,7522,7523,True
2024.10.28_07-44-19_stocago_metben,7532,7572,True
2024.10.28_07-44-19_stocago_metben,7677,7780,True
2024.10.28_07-44-19_stocago_metben,7827,7985,True
2024.10.28_07-44-19_stocago_metben,7994,8018,True
2024.10.28_07-44-19_stocago_metben,8020,8056,True
2024.10.28_07-44-19_stocago_metben,8059,8547,True
2024.10.28_07-44-19_stocago_metben,8674,8695,True
2024.10.02_10-46-18_Biarmipes_G224_no_odor,552,817,True
2024.10.02_10-46-18_Biarmipes_G224_no_odor,819,830,True
2024.10.02_10-46-18_Biarmipes_G224_no_odor,850,850,True
2024.10.02_10-46-18_Biarmipes_G224_no_odor,855,858,True
2024.10.02_10-46-18_Biarmipes_G224_no_odor,896,901,True
2024.10.02_10-46-18_Biarmipes_G224_no_odor,914,936,True
2024.10.02_10-46-18_Biarmipes_G224_no_odor,1019,1041,True
2024.10.02_10-46-18_Biarmipes_G224_no_odor,1043,1049,True
2024.10.02_10-46-18_Biarmipes_G224_no_odor,1051,1051,True
2024.10.02_10-46-18_Biarmipes_G224_no_odor,1056,1056,True
2024.10.02_10-46-18_Biarmipes_G224_no_odor,1060,1222,True
2024.10.02_10-46-18_Biarmipes_G224_no_odor,1224,1808,True
2024.10.02_10-46-18_Biarmipes_G224_no_odor,1989,2485,True
2024.10.02_10-46-18_Biarmipes_G224_no_odor,2515,2661,True
2024.10.02_10-46-18_Biarmipes_G224_no_odor,2663,2705,True
2024.10.02_10-46-18_Biarmipes_G224_no_odor,3355,4384,True
2024.10.02_10-46-18_Biarmipes_G224_no_odor,6322,6341,True
2024.10.02_10-46-18_Biarmipes_G224_no_odor,6343,6346,True
2024.10.02_10-46-18_Biarmipes_G224_no_odor,6349,6349,True
2024.10.02_10-46-18_Biarmipes_G224_no_odor,6379,6379,True
2024.10.02_10-46-18_Biarmipes_G224_no_odor,6400,6400,True
2024.10.02_10-46-18_Biarmipes_G224_no_odor,6404,6404,True
2024.10.02_10-46-18_Biarmipes_G224_no_odor,6409,6409,True
2024.10.02_10-46-18_Biarmipes_G224_no_odor,6414,6414,True
2024.10.02_10-46-18_Biarmipes_G224_no_odor,6420,6422,True
2024.10.02_10-46-18_Biarmipes_G224_no_odor,6427,6427,True
2024.10.02_10-46-18_Biarmipes_G224_no_odor,6430,6432,True
2024.10.02_10-46-18_Biarmipes_G224_no_odor,6447,6478,True
2024.10.02_10-46-18_Biarmipes_G224_no_odor,6480,6481,True
2024.10.02_10-46-18_Biarmipes_G224_no_odor,6483,6484,True
2024.10.02_10-46-18_Biarmipes_G224_no_odor,6486,6511,True
2024.10.02_10-46-18_Biarmipes_G224_no_odor,6513,6516,True
2024.10.02_10-46-18_Biarmipes_G224_no_odor,6734,6734,True
2024.10.02_10-46-18_Biarmipes_G224_no_odor,6886,6886,True
2024.10.02_10-46-18_Biarmipes_G224_no_odor,6896,6896,True
2024.10.02_10-46-18_Biarmipes_G224_no_odor,6902,6905,True
2024.10.02_10-46-18_Biarmipes_G224_no_odor,6908,6908,True
2024.10.02_10-46-18_Biarmipes_G224_no_odor,6934,6934,True
2024.10.02_10-46-18_Biarmipes_G224_no_odor,6938,6938,True
2024.10.02_10-46-18_Biarmipes_G224_no_odor,6942,6942,True
2024.10.02_10-46-18_Biarmipes_G224_no_odor,6947,6947,True
2024.10.02_10-46-18_Biarmipes_G224_no_odor,6949,6949,True
2024.10.02_10-46-18_Biarmipes_G224_no_odor,7038,7046,True
2024.10.02_10-46-18_Biarmipes_G224_no_odor,7059,7059,True
2024.10.02_10-46-18_Biarmipes_G224_no_odor,7066,7067,True
2024.10.02_10-46-18_Biarmipes_G224_no_odor,7194,7194,True
2024.10.02_10-46-18_Biarmipes_G224_no_odor,7247,7247,True
2024.10.02_10-46-18_Biarmipes_G224_no_odor,7249,7252,True
2024.10.02_10-46-18_Biarmipes_G224_no_odor,7254,7259,True
2024.10.02_10-46-18_Biarmipes_G224_no_odor,7261,7266,True
2024.10.02_10-46-18_Biarmipes_G224_no_odor,7268,7296,True
2024.10.02_10-46-18_Biarmipes_G224_no_odor,7299,7303,True
2024.10.02_10-46-18_Biarmipes_G224_no_odor,7305,7308,True
2024.10.02_10-46-18_Biarmipes_G224_no_odor,7310,7315,True
2024.10.02_10-46-18_Biarmipes_G224_no_odor,7317,7345,True
2024.10.02_10-46-18_Biarmipes_G224_no_odor,7347,7350,True
2024.10.02_10-46-18_Biarmipes_G224_no_odor,7352,7352,True
2024.10.02_10-46-18_Biarmipes_G224_no_odor,7355,7355,True
2024.10.02_10-46-18_Biarmipes_G224_no_odor,7357,7369,True
2024.10.02_10-46-18_Biarmipes_G224_no_odor,7371,7371,True
2024.10.02_10-46-18_Biarmipes_G224_no_odor,7375,7376,True
2024.10.02_10-46-18_Biarmipes_G224_no_odor,7380,7381,True
2024.10.02_10-46-18_Biarmipes_G224_no_odor,7423,7424,True
2024.10.02_10-46-18_Biarmipes_G224_no_odor,7438,7438,True
2024.10.02_10-46-18_Biarmipes_G224_no_odor,7453,7453,True
2024.10.02_10-46-18_Biarmipes_G224_no_odor,7469,7481,True
2024.10.02_10-46-18_Biarmipes_G224_no_odor,7483,7486,True
2024.10.02_10-46-18_Biarmipes_G224_no_odor,7488,7488,True
2024.10.02_10-46-18_Biarmipes_G224_no_odor,7490,7492,True
2024.10.02_10-46-18_Biarmipes_G224_no_odor,7494,7503,True
2024.10.02_10-46-18_Biarmipes_G224_no_odor,7505,7511,True
2024.10.02_10-46-18_Biarmipes_G224_no_odor,7513,7520,True
2024.10.02_10-46-18_Biarmipes_G224_no_odor,7522,7523,True
2024.10.02_10-46-18_Biarmipes_G224_no_odor,7525,7533,True
2024.10.02_10-46-18_Biarmipes_G224_no_odor,7536,7556,True
2024.10.02_10-46-18_Biarmipes_G224_no_odor,7558,7571,True
2024.10.02_10-46-18_Biarmipes_G224_no_odor,7573,7576,True
2024.10.02_10-46-18_Biarmipes_G224_no_odor,7578,7580,True
2024.10.02_10-46-18_Biarmipes_G224_no_odor,7582,7587,True
2024.10.02_10-46-18_Biarmipes_G224_no_odor,7589,7608,True
2024.10.02_10-46-18_Biarmipes_G224_no_odor,7610,7619,True
2024.10.02_10-46-18_Biarmipes_G224_no_odor,7892,7899,True
2024.10.02_10-46-18_Biarmipes_G224_no_odor,7911,7911,True
2024.10.02_10-46-18_Biarmipes_G224_no_odor,7938,7939,True
2024.10.02_10-46-18_Biarmipes_G224_no_odor,7942,7942,True
2024.10.02_10-46-18_Biarmipes_G224_no_odor,7945,7946,True
2024.10.02_10-46-18_Biarmipes_G224_no_odor,7948,7950,True
2024.10.02_10-46-18_Biarmipes_G224_no_odor,7952,7954,True
2024.10.02_10-46-18_Biarmipes_G224_no_odor,7957,7957,True
2024.10.02_10-46-18_Biarmipes_G224_no_odor,7975,7975,True
2024.10.02_10-46-18_Biarmipes_G224_no_odor,7984,7984,True
2024.10.02_10-46-18_Biarmipes_G224_no_odor,7989,7989,True
2024.10.02_10-46-18_Biarmipes_G224_no_odor,8003,8004,True
2024.10.02_10-46-18_Biarmipes_G224_no_odor,8008,8008,True
2024.10.02_10-46-18_Biarmipes_G224_no_odor,8011,8015,True
2024.10.02_10-46-18_Biarmipes_G224_no_odor,8017,8021,True
2024.10.02_10-46-18_Biarmipes_G224_no_odor,8025,8065,True
2024.10.02_10-46-18_Biarmipes_G224_no_odor,8070,8075,True
2024.10.02_10-46-18_Biarmipes_G224_no_odor,8081,8081,True
2024.10.02_10-46-18_Biarmipes_G224_no_odor,8099,8100,True
2024.10.02_10-46-18_Biarmipes_G224_no_odor,8104,8104,True
2024.10.02_10-46-18_Biarmipes_G224_no_odor,8106,8106,True
2024.10.02_10-46-18_Biarmipes_G224_no_odor,8108,8114,True
2024.10.02_10-46-18_Biarmipes_G224_no_odor,8116,8327,True
2024.10.02_10-46-18_Biarmipes_G224_no_odor,8329,8407,True
2024.10.02_10-46-18_Biarmipes_G224_no_odor,8410,8446,True
2024.10.02_10-46-18_Biarmipes_G224_no_odor,8448,8448,True
2024.10.02_10-46-18_Biarmipes_G224_no_odor,8450,8451,True
2024.10.02_10-46-18_Biarmipes_G224_no_odor,8454,8464,True
2024.10.02_10-46-18_Biarmipes_G224_no_odor,8466,8474,True
2024.10.02_10-46-18_Biarmipes_G224_no_odor,8477,8482,True
2024.10.02_10-46-18_Biarmipes_G224_no_odor,8484,8510,True
2024.10.02_10-46-18_Biarmipes_G224_no_odor,8564,8635,True
2024.10.02_10-46-18_Biarmipes_G224_no_odor,8638,8644,True
2024.10.02_10-46-18_Biarmipes_G224_no_odor,8646,8647,True
2024.10.02_10-46-18_Biarmipes_G224_no_odor,8649,8649,True
2024.10.02_10-46-18_Biarmipes_G224_no_odor,8651,8660,True
2024.10.02_10-46-18_Biarmipes_G224_no_odor,8662,8663,True
2024.10.02_10-46-18_Biarmipes_G224_no_odor,8665,8668,True
2024.10.02_10-46-18_Biarmipes_G224_no_odor,8671,8671,True
2024.10.02_10-46-18_Biarmipes_G224_no_odor,8676,8676,True
2024.10.02_10-46-18_Biarmipes_G224_no_odor,8683,8685,True
2024.10.02_10-46-18_Biarmipes_G224_no_odor,8689,8692,True
2024.10.02_10-46-18_Biarmipes_G224_no_odor,8695,8695,True
2024.10.02_10-46-18_Biarmipes_G224_no_odor,8699,8699,True
2024.10.02_10-46-18_Biarmipes_G224_no_odor,8701,8845,True
2024.10.02_10-46-18_Biarmipes_G224_no_odor,8847,8854,True
2024.10.02_10-46-18_Biarmipes_G224_no_odor,8856,8913,True
2024.10.18_06-37-46_CantonS_prenac,2928,3153,True
2024.10.18_06-37-46_CantonS_prenac,4548,4585,True
2024.10.18_06-37-46_CantonS_prenac,4587,4587,True
2024.10.18_06-37-46_CantonS_prenac,4589,4598,True
2024.10.18_06-37-46_CantonS_prenac,4600,4600,True
2024.10.18_06-37-46_CantonS_prenac,4602,4614,True
2024.10.18_06-37-46_CantonS_prenac,4616,4626,True
2024.10.18_06-37-46_CantonS_prenac,4628,4952,True
2024.10.18_06-37-46_CantonS_prenac,4974,4974,True
2024.10.18_06-37-46_CantonS_prenac,4983,4983,True
2024.10.18_06-37-46_CantonS_prenac,5007,5007,True
2024.10.18_06-37-46_CantonS_prenac,5009,5009,True
2024.10.18_06-37-46_CantonS_prenac,5012,5012,True
2024.10.18_06-37-46_CantonS_prenac,5046,5047,True
2024.10.18_06-37-46_CantonS_prenac,5049,5049,True
2024.10.18_06-37-46_CantonS_prenac,5053,5053,True
2024.10.18_06-37-46_CantonS_prenac,5066,5066,True
2024.10.18_06-37-46_CantonS_prenac,5068,5072,True
2024.10.18_06-37-46_CantonS_prenac,5076,5076,True
2024.10.18_06-37-46_CantonS_prenac,5078,5096,True
2024.10.18_06-37-46_CantonS_prenac,5098,5102,True
2024.10.18_06-37-46_CantonS_prenac,5106,5113,True
2024.10.18_06-37-46_CantonS_prenac,5141,5141,True
2024.10.18_06-37-46_CantonS_prenac,5143,5144,True
2024.10.18_06-37-46_CantonS_prenac,5150,5150,True
2024.10.18_06-37-46_CantonS_prenac,5195,5195,True
2024.10.18_06-37-46_CantonS_prenac,5227,5227,True
2024.10.18_06-37-46_CantonS_prenac,5229,5232,True
2024.10.18_06-37-46_CantonS_prenac,5252,5253,True
2024.10.18_06-37-46_CantonS_prenac,5264,5266,True
2024.10.18_06-37-46_CantonS_prenac,5274,5276,True
2024.10.18_06-37-46_CantonS_prenac,5338,5338,True
2024.10.18_06-37-46_CantonS_prenac,5350,5350,True
2024.10.18_06-37-46_CantonS_prenac,5355,5355,True
2024.10.18_06-37-46_CantonS_prenac,5359,5359,True
2024.10.18_06-37-46_CantonS_prenac,5362,5362,True
2024.10.18_06-37-46_CantonS_prenac,5389,5389,True
2024.10.18_06-37-46_CantonS_prenac,5395,5395,True
2024.10.18_06-37-46_CantonS_prenac,5406,5406,True
2024.10.18_06-37-46_CantonS_prenac,5423,5423,True
2024.10.18_06-37-46_CantonS_prenac,5470,5470,True
2024.10.18_06-37-46_CantonS_prenac,5472,5472,True
2024.10.18_06-37-46_CantonS_prenac,5485,5485,True
2024.10.18_06-37-46_CantonS_prenac,5499,5499,True
2024.10.18_06-37-46_CantonS_prenac,5506,5506,True
2024.10.18_06-37-46_CantonS_prenac,5511,5511,True
2024.10.18_06-37-46_CantonS_prenac,5515,5515,True
2024.10.18_06-37-46_CantonS_prenac,5539,5539,True
2024.10.18_06-37-46_CantonS_prenac,5547,5547,True
2024.10.18_06-37-46_CantonS_prenac,5575,5575,True
2024.10.18_06-37-46_CantonS_prenac,5581,5581,True
2024.10.18_06-37-46_CantonS_prenac,5593,5593,True
2024.10.18_06-37-46_CantonS_prenac,5597,5597,True
2024.10.18_06-37-46_CantonS_prenac,5604,5604,True
2024.10.18_06-37-46_CantonS_prenac,5624,5624,True
2024.10.18_06-37-46_CantonS_prenac,5663,5663,True
2024.10.18_06-37-46_CantonS_prenac,5667,5667,True
2024.10.18_06-37-46_CantonS_prenac,5672,5672,True
2024.10.18_06-37-46_CantonS_prenac,5684,5684,True
2024.10.18_06-37-46_CantonS_prenac,5692,5692,True
2024.10.18_06-37-46_CantonS_prenac,5710,5710,True
2024.10.18_06-37-46_CantonS_prenac,5712,5713,True
2024.10.18_06-37-46_CantonS_prenac,5718,5718,True
2024.10.18_06-37-46_CantonS_prenac,5728,5728,True
2024.10.18_06-37-46_CantonS_prenac,5733,5733,True
2024.10.18_06-37-46_CantonS_prenac,5750,5750,True
2024.10.18_06-37-46_CantonS_prenac,5752,5752,True
2024.10.18_06-37-46_CantonS_prenac,5787,5788,True
2024.10.18_06-37-46_CantonS_prenac,5790,5790,True
2024.10.18_06-37-46_CantonS_prenac,5804,5804,True
2024.10.18_06-37-46_CantonS_prenac,5850,5850,True
2024.10.18_06-37-46_CantonS_prenac,5911,5911,True
2024.10.18_06-37-46_CantonS_prenac,6162,6162,True
2024.10.18_06-37-46_CantonS_prenac,6296,6296,True
2024.10.18_06-37-46_CantonS_prenac,6337,6337,True
2024.10.18_06-37-46_CantonS_prenac,6364,6364,True
2024.10.18_06-37-46_CantonS_prenac,6370,6370,True
2024.10.18_06-37-46_CantonS_prenac,6431,6431,True
2024.10.18_06-37-46_CantonS_prenac,6435,6435,True
2024.10.18_06-37-46_CantonS_prenac,6448,6448,True
2024.10.18_06-37-46_CantonS_prenac,6467,6467,True
2024.10.18_06-37-46_CantonS_prenac,6478,6478,True
2024.10.18_06-37-46_CantonS_prenac,6556,6556,True
2024.10.18_06-37-46_CantonS_prenac,6667,6668,True
2024.10.18_06-37-46_CantonS_prenac,6700,6700,True
2024.10.18_06-37-46_CantonS_prenac,6710,6710,True
2024.10.18_06-37-46_CantonS_prenac,6717,6717,True
2024.10.18_06-37-46_CantonS_prenac,6720,6720,True
2024.10.18_06-37-46_CantonS_prenac,6722,6722,True
2024.10.18_06-37-46_CantonS_prenac,6725,6725,True
2024.10.18_06-37-46_CantonS_prenac,6733,6733,True
2024.10.18_06-37-46_CantonS_prenac,6758,6758,True
2024.10.18_06-37-46_CantonS_prenac,6769,6769,True
2024.10.18_06-37-46_CantonS_prenac,6793,6793,True
2024.10.18_06-37-46_CantonS_prenac,6803,6803,True
2024.10.18_06-37-46_CantonS_prenac,6815,6815,True
2024.10.18_06-37-46_CantonS_prenac,6821,6822,True
2024.10.18_06-37-46_CantonS_prenac,6824,6825,True
2024.10.18_06-37-46_CantonS_prenac,6827,6828,True
2024.10.18_06-37-46_CantonS_prenac,6832,6832,True
2024.10.18_06-37-46_CantonS_prenac,6838,6838,True
2024.10.18_06-37-46_CantonS_prenac,6850,6850,True
2024.10.18_06-37-46_CantonS_prenac,6853,6853,True
2024.10.18_06-37-46_CantonS_prenac,6855,6857,True
2024.10.18_06-37-46_CantonS_prenac,6862,6862,True
2024.10.18_06-37-46_CantonS_prenac,6867,6868,True
2024.10.18_06-37-46_CantonS_prenac,6870,6870,True
2024.10.18_06-37-46_CantonS_prenac,6873,6873,True
2024.10.18_06-37-46_CantonS_prenac,6875,6875,True
2024.10.18_06-37-46_CantonS_prenac,6881,6881,True
2024.10.18_06-37-46_CantonS_prenac,6884,6884,True
2024.10.18_06-37-46_CantonS_prenac,6891,6891,True
2024.10.18_06-37-46_CantonS_prenac,6896,6896,True
2024.10.18_06-37-46_CantonS_prenac,6899,6899,True
2024.10.18_06-37-46_CantonS_prenac,6905,6905,True
2024.10.18_06-37-46_CantonS_prenac,6924,6924,True
2024.10.18_06-37-46_CantonS_prenac,6935,6948,True
2024.10.18_06-37-46_CantonS_prenac,6952,6952,True
2024.10.18_06-37-46_CantonS_prenac,6954,6959,True
2024.10.18_06-37-46_CantonS_prenac,6961,7277,True
2024.10.18_06-37-46_CantonS_prenac,7279,7423,True
2024.10.18_06-37-46_CantonS_prenac,8758,8779,True
2024.12.18_17-28-44_Biarmipes_G224_prenac,3,70,True
2024.12.18_17-28-44_Biarmipes_G224_prenac,711,788,True
2024.12.18_17-28-44_Biarmipes_G224_prenac,792,799,True
2024.12.18_17-28-44_Biarmipes_G224_prenac,801,801,True
2024.12.18_17-28-44_Biarmipes_G224_prenac,805,848,True
2024.12.18_17-28-44_Biarmipes_G224_prenac,863,865,True
2024.12.18_17-28-44_Biarmipes_G224_prenac,867,908,True
2024.12.18_17-28-44_Biarmipes_G224_prenac,915,916,True
2024.12.18_17-28-44_Biarmipes_G224_prenac,920,920,True
2024.12.18_17-28-44_Biarmipes_G224_prenac,922,1557,True
2024.12.18_17-28-44_Biarmipes_G224_prenac,3900,3973,True
2024.12.18_17-28-44_Biarmipes_G224_prenac,4313,4541,True
2024.12.18_17-28-44_Biarmipes_G224_prenac,4966,4966,True
2024.12.18_17-28-44_Biarmipes_G224_prenac,4980,4980,True
2024.12.18_17-28-44_Biarmipes_G224_prenac,4983,4983,True
2024.12.18_17-28-44_Biarmipes_G224_prenac,4985,4985,True
2024.12.18_17-28-44_Biarmipes_G224_prenac,4989,4989,True
2024.12.18_17-28-44_Biarmipes_G224_prenac,5035,5035,True
2024.12.18_17-28-44_Biarmipes_G224_prenac,5135,5253,True
2024.12.18_17-28-44_Biarmipes_G224_prenac,5255,5303,True
2024.12.18_17-28-44_Biarmipes_G224_prenac,5305,5314,True
2024.12.18_17-28-44_Biarmipes_G224_prenac,5316,5327,True
2024.12.18_17-28-44_Biarmipes_G224_prenac,5329,5332,True
2024.12.18_17-28-44_Biarmipes_G224_prenac,5334,5335,True
2024.12.18_17-28-44_Biarmipes_G224_prenac,5337,5338,True
2024.12.18_17-28-44_Biarmipes_G224_prenac,5340,5343,True
2024.12.18_17-28-44_Biarmipes_G224_prenac,5346,5351,True
2024.12.18_17-28-44_Biarmipes_G224_prenac,5353,5374,True
2024.12.18_17-28-44_Biarmipes_G224_prenac,5376,7738,True
2024.10.16_08-46-41_Stocago_2hexanol,814,830,True
2024.10.16_08-46-41_Stocago_2hexanol,857,863,True
2024.10.16_08-46-41_Stocago_2hexanol,865,875,True
2024.10.16_08-46-41_Stocago_2hexanol,1073,1085,True
2024.10.16_08-46-41_Stocago_2hexanol,1525,1525,True
2024.10.16_08-46-41_Stocago_2hexanol,1528,1531,True
2024.10.16_08-46-41_Stocago_2hexanol,1974,2227,True
2024.10.16_08-46-41_Stocago_2hexanol,2258,2258,True
2024.10.16_08-46-41_Stocago_2hexanol,2260,2280,True
2024.10.16_08-46-41_Stocago_2hexanol,2283,2296,True
2024.10.16_08-46-41_Stocago_2hexanol,2299,2323,True
2024.10.16_08-46-41_Stocago_2hexanol,2358,2363,True
2024.10.16_08-46-41_Stocago_2hexanol,2366,2396,True
2024.10.16_08-46-41_Stocago_2hexanol,2404,2423,True
2024.10.16_08-46-41_Stocago_2hexanol,2451,2467,True
2024.10.16_08-46-41_Stocago_2hexanol,2472,2472,True
2024.10.16_08-46-41_Stocago_2hexanol,2474,2820,True
2024.10.16_08-46-41_Stocago_2hexanol,3588,4058,True
2024.10.16_08-46-41_Stocago_2hexanol,5079,5083,True
2024.10.16_08-46-41_Stocago_2hexanol,5085,5113,True
2024.10.16_08-46-41_Stocago_2hexanol,5115,5127,True
2024.10.16_08-46-41_Stocago_2hexanol,5129,5683,True
2024.10.16_08-46-41_Stocago_2hexanol,6203,6815,True
2024.10.16_08-46-41_Stocago_2hexanol,7401,8250,True
2024.10.16_08-46-41_Stocago_2hexanol,8259,8259,True
2024.10.16_08-46-41_Stocago_2hexanol,8264,8305,True
2024.10.16_08-46-41_Stocago_2hexanol,8313,8327,True
2024.10.16_08-46-41_Stocago_2hexanol,8329,8330,True
2024.10.16_08-46-41_Stocago_2hexanol,8334,8641,True
2025.04.09_16-26-09_Sussex_metbut,1132,1138,True
2025.04.09_16-26-09_Sussex_metbut,1824,1858,True
2025.04.09_16-26-09_Sussex_metbut,1870,1876,True
2025.04.09_16-26-09_Sussex_metbut,1885,1930,True
2025.04.09_16-26-09_Sussex_metbut,2211,2228,True
2025.04.09_16-26-09_Sussex_metbut,2254,3571,True
2025.04.09_16-26-09_Sussex_metbut,4878,6268,True
2025.04.09_16-26-09_Sussex_metbut,8677,8699,True
2024.12.19_15-14-08_Sto_car_no_odor,573,1299,True
2024.12.19_15-14-08_Sto_car_no_odor,1927,2281,True
2024.12.19_15-14-08_Sto_car_no_odor,2283,2366,True
2024.12.19_15-14-08_Sto_car_no_odor,2574,3052,True
2024.12.19_15-14-08_Sto_car_no_odor,6743,6745,True
2024.12.19_15-14-08_Sto_car_no_odor,6763,6763,True
2024.12.19_15-14-08_Sto_car_no_odor,6942,6956,True
2024.12.19_15-14-08_Sto_car_no_odor,6958,6959,True
2024.12.19_15-14-08_Sto_car_no_odor,6962,6966,True
2024.12.19_15-14-08_Sto_car_no_odor,6968,6972,True
2024.12.19_15-14-08_Sto_car_no_odor,6975,6975,True
2024.12.19_15-14-08_Sto_car_no_odor,6977,6982,True
2024.12.19_15-14-08_Sto_car_no_odor,6989,6989,True
2024.12.19_15-14-08_Sto_car_no_odor,6998,7005,True
2024.12.19_15-14-08_Sto_car_no_odor,7007,7020,True
2024.12.19_15-14-08_Sto_car_no_odor,7022,7023,True
2024.12.19_15-14-08_Sto_car_no_odor,7025,7027,True
2024.12.19_15-14-08_Sto_car_no_odor,7029,7075,True
2024.12.19_15-14-08_Sto_car_no_odor,7077,7080,True
2024.12.19_15-14-08_Sto_car_no_odor,7084,7084,True
2024.12.19_15-14-08_Sto_car_no_odor,7086,7093,True
2024.12.19_15-14-08_Sto_car_no_odor,7095,7102,True
2024.12.19_15-14-08_Sto_car_no_odor,7104,7106,True
2024.12.19_15-14-08_Sto_car_no_odor,7108,7114,True
2024.12.19_15-14-08_Sto_car_no_odor,7116,7117,True
2024.12.19_15-14-08_Sto_car_no_odor,7119,7125,True
2024.12.19_15-14-08_Sto_car_no_odor,7127,7136,True
2024.12.19_15-14-08_Sto_car_no_odor,7138,7141,True
2024.12.19_15-14-08_Sto_car_no_odor,7144,7162,True
2024.12.19_15-14-08_Sto_car_no_odor,7164,7164,True
2024.12.19_15-14-08_Sto_car_no_odor,7166,7166,True
2024.12.19_15-14-08_Sto_car_no_odor,7170,7174,True
2024.12.19_15-14-08_Sto_car_no_odor,7176,7176,True
2024.12.19_15-14-08_Sto_car_no_odor,7178,7183,True
2024.12.19_15-14-08_Sto_car_no_odor,7187,7192,True
2024.12.19_15-14-08_Sto_car_no_odor,7195,7197,True
2024.12.19_15-14-08_Sto_car_no_odor,7199,7201,True
2024.12.19_15-14-08_Sto_car_no_odor,7203,7209,True
2024.12.19_15-14-08_Sto_car_no_odor,7212,7213,True
2024.12.19_15-14-08_Sto_car_no_odor,7215,7221,True
2024.12.19_15-14-08_Sto_car_no_odor,7223,8991,True
2024.11.14_20-55-03_Sto_car_e2hex,3,12,True
2024.11.14_20-55-03_Sto_car_e2hex,15,16,True
2024.11.14_20-55-03_Sto_car_e2hex,18,19,True
2024.11.14_20-55-03_Sto_car_e2hex,22,23,True
2024.11.14_20-55-03_Sto_car_e2hex,25,25,True
2024.11.14_20-55-03_Sto_car_e2hex,31,47,True
2024.11.14_20-55-03_Sto_car_e2hex,49,51,True
2024.11.14_20-55-03_Sto_car_e2hex,53,64,True
2024.11.14_20-55-03_Sto_car_e2hex,66,72,True
2024.11.14_20-55-03_Sto_car_e2hex,74,85,True
2024.11.14_20-55-03_Sto_car_e2hex,87,89,True
2024.11.14_20-55-03_Sto_car_e2hex,91,109,True
2024.11.14_20-55-03_Sto_car_e2hex,111,111,True
2024.11.14_20-55-03_Sto_car_e2hex,113,133,True
2024.11.14_20-55-03_Sto_car_e2hex,135,136,True
2024.11.14_20-55-03_Sto_car_e2hex,138,166,True
2024.11.14_20-55-03_Sto_car_e2hex,168,206,True
2024.11.14_20-55-03_Sto_car_e2hex,208,220,True
2024.11.14_20-55-03_Sto_car_e2hex,222,565,True
2024.11.14_20-55-03_Sto_car_e2hex,4282,4304,True
2024.11.14_20-55-03_Sto_car_e2hex,4306,4314,True
2024.11.14_20-55-03_Sto_car_e2hex,4331,4331,True
2024.11.14_20-55-03_Sto_car_e2hex,4353,4353,True
2024.11.14_20-55-03_Sto_car_e2hex,4357,4359,True
2024.11.14_20-55-03_Sto_car_e2hex,4361,4432,True
2024.11.14_20-55-03_Sto_car_e2hex,4434,4435,True
2024.11.14_20-55-03_Sto_car_e2hex,4438,4441,True
2024.11.14_20-55-03_Sto_car_e2hex,4444,4446,True
2024.11.14_20-55-03_Sto_car_e2hex,4449,4449,True
2024.11.14_20-55-03_Sto_car_e2hex,4453,4453,True
2024.11.14_20-55-03_Sto_car_e2hex,4455,4456,True
2024.11.14_20-55-03_Sto_car_e2hex,4458,4458,True
2024.11.14_20-55-03_Sto_car_e2hex,4461,4461,True
2024.11.14_20-55-03_Sto_car_e2hex,4463,4467,True
2024.11.14_20-55-03_Sto_car_e2hex,4469,4469,True
2024.11.14_20-55-03_Sto_car_e2hex,4473,4476,True
2024.11.14_20-55-03_Sto_car_e2hex,4484,4484,True
2024.11.14_20-55-03_Sto_car_e2hex,4490,4492,True
2024.11.14_20-55-03_Sto_car_e2hex,4494,4494,True
2024.11.14_20-55-03_Sto_car_e2hex,4497,4498,True
2024.11.14_20-55-03_Sto_car_e2hex,4500,4508,True
2024.11.14_20-55-03_Sto_car_e2hex,4513,4515,True
2024.11.14_20-55-03_Sto_car_e2hex,4518,4518,True
2024.11.14_20-55-03_Sto_car_e2hex,4520,4520,True
2024.11.14_20-55-03_Sto_car_e2hex,4522,4522,True
2024.11.14_20-55-03_Sto_car_e2hex,4525,4531,True
2024.11.14_20-55-03_Sto_car_e2hex,4533,4541,True
2024.11.14_20-55-03_Sto_car_e2hex,4543,4545,True
2024.11.14_20-55-03_Sto_car_e2hex,4547,7512,True
2024.11.14_20-55-03_Sto_car_e2hex,7514,7831,True
2024.11.14_20-48-04_Sto_car_e2hex,4505,4505,True
2024.11.14_20-48-04_Sto_car_e2hex,4507,4507,True
2024.11.14_20-48-04_Sto_car_e2hex,4521,4521,True
2024.11.14_20-48-04_Sto_car_e2hex,4602,4606,True
2024.11.14_20-48-04_Sto_car_e2hex,4653,4655,True
2024.11.14_20-48-04_Sto_car_e2hex,4657,4684,True
2024.11.14_20-48-04_Sto_car_e2hex,5035,5441,True
2024.11.14_20-48-04_Sto_car_e2hex,5443,6144,True
2024.11.14_20-48-04_Sto_car_e2hex,6147,6347,True
2024.11.14_20-48-04_Sto_car_e2hex,6848,7546,True
2024.11.14_20-48-04_Sto_car_e2hex,8368,8368,True
2024.11.14_20-48-04_Sto_car_e2hex,8373,8373,True
2024.11.14_20-48-04_Sto_car_e2hex,8379,8999,True
2024.11.05_02-10-55_Yakuba7_e2hex,3,975,True
2024.11.05_02-10-55_Yakuba7_e2hex,2571,2617,True
2024.11.05_02-10-55_Yakuba7_e2hex,3419,4067,True
2024.11.05_02-10-55_Yakuba7_e2hex,4069,4980,True
2024.11.05_02-10-55_Yakuba7_e2hex,4983,5011,True
2024.11.05_02-10-55_Yakuba7_e2hex,5142,5142,True
2024.11.05_02-10-55_Yakuba7_e2hex,5144,5144,True
2024.11.05_02-10-55_Yakuba7_e2hex,5173,5173,True
2024.11.05_02-10-55_Yakuba7_e2hex,5176,5177,True
2024.11.05_02-10-55_Yakuba7_e2hex,5179,5819,True
2024.11.05_02-10-55_Yakuba7_e2hex,7490,7596,True
2024.11.05_02-10-55_Yakuba7_e2hex,7610,8999,True
2024.10.23_13-40-50_Biarmipes_g224_prenac,3,636,True
2024.10.23_13-40-50_Biarmipes_g224_prenac,1225,1534,True
2024.10.23_13-40-50_Biarmipes_g224_prenac,1577,1849,True
2024.10.23_13-40-50_Biarmipes_g224_prenac,3305,3305,True
2024.10.23_13-40-50_Biarmipes_g224_prenac,3310,3311,True
2024.10.23_13-40-50_Biarmipes_g224_prenac,3314,3314,True
2024.10.23_13-40-50_Biarmipes_g224_prenac,3316,3317,True
2024.10.23_13-40-50_Biarmipes_g224_prenac,3321,3322,True
2024.10.23_13-40-50_Biarmipes_g224_prenac,3326,3326,True
2024.10.23_13-40-50_Biarmipes_g224_prenac,3329,3329,True
2024.10.23_13-40-50_Biarmipes_g224_prenac,3331,3331,True
2024.10.23_13-40-50_Biarmipes_g224_prenac,3335,3337,True
2024.10.23_13-40-50_Biarmipes_g224_prenac,3341,3348,True
2024.10.23_13-40-50_Biarmipes_g224_prenac,3350,3350,True
2024.10.23_13-40-50_Biarmipes_g224_prenac,3352,3361,True
2024.10.23_13-40-50_Biarmipes_g224_prenac,3364,3364,True
2024.10.23_13-40-50_Biarmipes_g224_prenac,3463,3468,True
2024.10.23_13-40-50_Biarmipes_g224_prenac,3472,3472,True
2024.10.23_13-40-50_Biarmipes_g224_prenac,3475,3477,True
2024.10.23_13-40-50_Biarmipes_g224_prenac,3480,3480,True
2024.10.23_13-40-50_Biarmipes_g224_prenac,3482,3489,True
2024.10.23_13-40-50_Biarmipes_g224_prenac,3491,3492,True
2024.10.23_13-40-50_Biarmipes_g224_prenac,3496,3497,True
2024.10.23_13-40-50_Biarmipes_g224_prenac,3500,3503,True
2024.10.23_13-40-50_Biarmipes_g224_prenac,3505,3506,True
2024.10.23_13-40-50_Biarmipes_g224_prenac,3509,3509,True
2024.10.23_13-40-50_Biarmipes_g224_prenac,3511,3511,True
2024.10.23_13-40-50_Biarmipes_g224_prenac,3513,3513,True
2024.10.23_13-40-50_Biarmipes_g224_prenac,3516,3516,True
2024.10.23_13-40-50_Biarmipes_g224_prenac,3518,3518,True
2024.10.23_13-40-50_Biarmipes_g224_prenac,3521,3522,True
2024.10.23_13-40-50_Biarmipes_g224_prenac,3524,3530,True
2024.10.23_13-40-50_Biarmipes_g224_prenac,3532,3535,True
2024.10.23_13-40-50_Biarmipes_g224_prenac,3537,3548,True
2024.10.23_13-40-50_Biarmipes_g224_prenac,3550,3553,True
2024.10.23_13-40-50_Biarmipes_g224_prenac,3594,3594,True
2024.10.23_13-40-50_Biarmipes_g224_prenac,3597,3607,True
2024.10.23_13-40-50_Biarmipes_g224_prenac,3613,3620,True
2024.10.23_13-40-50_Biarmipes_g224_prenac,3622,3624,True
2024.10.23_13-40-50_Biarmipes_g224_prenac,3634,3635,True
2024.10.23_13-40-50_Biarmipes_g224_prenac,3637,3640,True
2024.10.23_13-40-50_Biarmipes_g224_prenac,3642,3649,True
2024.10.23_13-40-50_Biarmipes_g224_prenac,3652,3655,True
2024.10.23_13-40-50_Biarmipes_g224_prenac,3657,3680,True
2024.10.23_13-40-50_Biarmipes_g224_prenac,3682,3996,True
2024.10.23_13-40-50_Biarmipes_g224_prenac,3998,3999,True
2024.10.23_13-40-50_Biarmipes_g224_prenac,4006,4038,True
2024.10.23_13-40-50_Biarmipes_g224_prenac,4040,4047,True
2024.10.23_13-40-50_Biarmipes_g224_prenac,4098,4100,True
2024.10.23_13-40-50_Biarmipes_g224_prenac,4571,4571,True
2024.10.23_13-40-50_Biarmipes_g224_prenac,4619,4620,True
2024.10.23_13-40-50_Biarmipes_g224_prenac,4623,4623,True
2024.10.23_13-40-50_Biarmipes_g224_prenac,4628,4628,True
2024.10.23_13-40-50_Biarmipes_g224_prenac,4638,4638,True
2024.10.23_13-40-50_Biarmipes_g224_prenac,4641,4642,True
2024.10.23_13-40-50_Biarmipes_g224_prenac,4652,4652,True
2024.10.23_13-40-50_Biarmipes_g224_prenac,4656,4656,True
2024.10.23_13-40-50_Biarmipes_g224_prenac,4658,4659,True
2024.10.23_13-40-50_Biarmipes_g224_prenac,4665,4666,True
2024.10.23_13-40-50_Biarmipes_g224_prenac,4671,4671,True
2024.10.23_13-40-50_Biarmipes_g224_prenac,4704,4704,True
2024.10.23_13-40-50_Biarmipes_g224_prenac,4750,4750,True
2024.10.23_13-40-50_Biarmipes_g224_prenac,4753,4753,True
2024.10.23_13-40-50_Biarmipes_g224_prenac,4757,4757,True
2024.10.23_13-40-50_Biarmipes_g224_prenac,4761,4761,True
2024.10.23_13-40-50_Biarmipes_g224_prenac,4764,4764,True
2024.10.23_13-40-50_Biarmipes_g224_prenac,4766,4766,True
2024.10.23_13-40-50_Biarmipes_g224_prenac,4772,4772,True
2024.10.23_13-40-50_Biarmipes_g224_prenac,4780,4780,True
2024.10.23_13-40-50_Biarmipes_g224_prenac,4817,4820,True
2024.10.23_13-40-50_Biarmipes_g224_prenac,4823,4823,True
2024.10.23_13-40-50_Biarmipes_g224_prenac,4827,4830,True
2024.10.23_13-40-50_Biarmipes_g224_prenac,4856,4856,True
2024.10.23_13-40-50_Biarmipes_g224_prenac,4858,4859,True
2024.10.23_13-40-50_Biarmipes_g224_prenac,4861,4867,True
2024.10.23_13-40-50_Biarmipes_g224_prenac,4869,4869,True
2024.10.23_13-40-50_Biarmipes_g224_prenac,4871,4871,True
2024.10.23_13-40-50_Biarmipes_g224_prenac,4875,4875,True
2024.10.23_13-40-50_Biarmipes_g224_prenac,4884,4885,True
2024.10.23_13-40-50_Biarmipes_g224_prenac,4888,4888,True
2024.10.23_13-40-50_Biarmipes_g224_prenac,4894,4894,True
2024.10.23_13-40-50_Biarmipes_g224_prenac,4896,4896,True
2024.10.23_13-40-50_Biarmipes_g224_prenac,4898,4898,True
2024.10.23_13-40-50_Biarmipes_g224_prenac,4901,4902,True
2024.10.23_13-40-50_Biarmipes_g224_prenac,4916,4917,True
2024.10.23_13-40-50_Biarmipes_g224_prenac,4920,4920,True
2024.10.23_13-40-50_Biarmipes_g224_prenac,4922,4922,True
2024.10.23_13-40-50_Biarmipes_g224_prenac,4925,4925,True
2024.10.23_13-40-50_Biarmipes_g224_prenac,4956,4957,True
2024.10.23_13-40-50_Biarmipes_g224_prenac,4960,4969,True
2024.10.23_13-40-50_Biarmipes_g224_prenac,5000,5000,True
2024.10.23_13-40-50_Biarmipes_g224_prenac,5006,5006,True
2024.10.23_13-40-50_Biarmipes_g224_prenac,5014,5019,True
2024.10.23_13-40-50_Biarmipes_g224_prenac,5024,5046,True
2024.10.23_13-40-50_Biarmipes_g224_prenac,5049,5086,True
2024.10.23_13-40-50_Biarmipes_g224_prenac,5088,5443,True
2024.10.23_13-40-50_Biarmipes_g224_prenac,5445,5633,True
2024.10.23_13-40-50_Biarmipes_g224_prenac,6505,7497,True
2024.10.23_13-40-50_Biarmipes_g224_prenac,7635,8195,True
2024.10.16_08-16-27_Stocago_2hexanol,3,297,True
2024.10.16_08-16-27_Stocago_2hexanol,766,882,True
2024.10.16_08-16-27_Stocago_2hexanol,888,938,True
2024.10.16_08-16-27_Stocago_2hexanol,956,987,True
2024.10.16_08-16-27_Stocago_2hexanol,989,990,True
2024.10.16_08-16-27_Stocago_2hexanol,1048,1053,True
2024.10.16_08-16-27_Stocago_2hexanol,1055,1055,True
2024.10.16_08-16-27_Stocago_2hexanol,1057,1068,True
2024.10.16_08-16-27_Stocago_2hexanol,1070,1187,True
2024.10.16_08-16-27_Stocago_2hexanol,1209,1231,True
2024.10.16_08-16-27_Stocago_2hexanol,1240,1262,True
2024.10.16_08-16-27_Stocago_2hexanol,1731,2237,True
2024.10.16_08-16-27_Stocago_2hexanol,2239,2344,True
2024.10.16_08-16-27_Stocago_2hexanol,2346,2375,True
2024.10.16_08-16-27_Stocago_2hexanol,2377,2405,True
2024.10.16_08-16-27_Stocago_2hexanol,2778,3149,True
2024.10.16_08-16-27_Stocago_2hexanol,3752,4571,True
2024.10.16_08-16-27_Stocago_2hexanol,5607,6647,True
2024.10.16_08-16-27_Stocago_2hexanol,6649,6698,True
2024.10.16_08-16-27_Stocago_2hexanol,6700,6722,True
2024.10.16_08-16-27_Stocago_2hexanol,6724,6724,True
2024.10.16_08-16-27_Stocago_2hexanol,6728,6728,True
2024.10.16_08-16-27_Stocago_2hexanol,6735,6767,True
2024.10.16_08-16-27_Stocago_2hexanol,7186,7188,True
2024.10.16_08-16-27_Stocago_2hexanol,7191,7230,True
2024.10.16_08-16-27_Stocago_2hexanol,7237,7238,True
2024.10.16_08-16-27_Stocago_2hexanol,7667,7694,True
2024.10.16_08-16-27_Stocago_2hexanol,7723,7731,True
2024.10.16_08-16-27_Stocago_2hexanol,8649,8999,True
2024.10.18_12-41-12_Sto_car_prenac,3,107,True
2024.10.18_12-41-12_Sto_car_prenac,109,815,True
2024.10.18_12-41-12_Sto_car_prenac,896,1020,True
2024.10.18_12-41-12_Sto_car_prenac,1022,1022,True
2024.10.18_12-41-12_Sto_car_prenac,1026,1053,True
2024.10.18_12-41-12_Sto_car_prenac,1055,1056,True
2024.10.18_12-41-12_Sto_car_prenac,1058,1098,True
2024.10.18_12-41-12_Sto_car_prenac,1104,1107,True
2024.10.18_12-41-12_Sto_car_prenac,1109,1109,True
2024.10.18_12-41-12_Sto_car_prenac,1112,1115,True
2024.10.18_12-41-12_Sto_car_prenac,1118,1123,True
2024.10.18_12-41-12_Sto_car_prenac,1877,2064,True
2024.10.18_12-41-12_Sto_car_prenac,2098,2101,True
2024.10.18_12-41-12_Sto_car_prenac,2103,2117,True
2024.10.18_12-41-12_Sto_car_prenac,2119,2120,True
2024.10.18_12-41-12_Sto_car_prenac,2141,2142,True
2024.10.18_12-41-12_Sto_car_prenac,2144,2155,True
2024.10.18_12-41-12_Sto_car_prenac,2158,3714,True
2024.10.18_12-41-12_Sto_car_prenac,3800,4772,True
2024.09.30_11-07-03_Stocago_no_odor,966,1729,True
2024.09.30_11-07-03_Stocago_no_odor,1731,1743,True
2024.09.30_11-07-03_Stocago_no_odor,1745,1816,True
2024.09.30_11-07-03_Stocago_no_odor,2355,3334,True
2024.09.30_11-07-03_Stocago_no_odor,3467,3977,True
2024.09.30_11-07-03_Stocago_no_odor,4796,4918,True
2024.09.30_11-07-03_Stocago_no_odor,4920,4989,True
2024.09.30_11-07-03_Stocago_no_odor,4991,5916,True
2024.09.30_11-07-03_Stocago_no_odor,7622,8999,True
2024.10.28_07-51-31_stocago_metben,3,420,True
2024.10.28_07-51-31_stocago_metben,1199,1880,True
2024.10.28_07-51-31_stocago_metben,1989,2023,True
2024.10.28_07-51-31_stocago_metben,2028,2050,True
2024.10.28_07-51-31_stocago_metben,2117,2161,True
2024.10.28_07-51-31_stocago_metben,2194,2206,True
2024.10.28_07-51-31_stocago_metben,2209,2255,True
2024.10.28_07-51-31_stocago_metben,2280,2283,True
2024.10.28_07-51-31_stocago_metben,2286,2771,True
2024.10.28_07-51-31_stocago_metben,3865,4887,True
2024.10.28_07-51-31_stocago_metben,5375,5406,True
2024.10.28_07-51-31_stocago_metben,5409,5433,True
2024.10.28_07-51-31_stocago_metben,5484,6136,True
2024.10.28_07-51-31_stocago_metben,7164,8234,True
2024.10.02_13-34-23_Riverside_metbut,128,2273,True
2024.10.02_13-34-23_Riverside_metbut,2413,2430,True
2024.10.02_13-34-23_Riverside_metbut,2436,2437,True
2024.10.02_13-34-23_Riverside_metbut,2462,2462,True
2024.10.02_13-34-23_Riverside_metbut,2465,2483,True
2024.10.02_13-34-23_Riverside_metbut,2489,3634,True
2024.10.02_13-34-23_Riverside_metbut,5274,7597,True
2024.10.02_13-34-23_Riverside_metbut,8586,8999,True
2024.10.28_08-03-21_biarmipes_g224_metben,494,745,True
2024.10.28_08-03-21_biarmipes_g224_metben,1168,1257,True
2024.10.28_08-03-21_biarmipes_g224_metben,1266,1279,True
2024.10.28_08-03-21_biarmipes_g224_metben,1299,1348,True
2024.10.28_08-03-21_biarmipes_g224_metben,1350,1430,True
2024.10.28_08-03-21_biarmipes_g224_metben,1452,2534,True
2024.10.28_08-03-21_biarmipes_g224_metben,2825,2825,True
2024.10.28_08-03-21_biarmipes_g224_metben,3346,3352,True
2024.10.28_08-03-21_biarmipes_g224_metben,3458,3459,True
2024.10.28_08-03-21_biarmipes_g224_metben,3755,3978,True
2024.10.28_08-03-21_biarmipes_g224_metben,4222,4222,True
2024.10.28_08-03-21_biarmipes_g224_metben,4224,4230,True
2024.10.28_08-03-21_biarmipes_g224_metben,4285,4286,True
2024.10.28_08-03-21_biarmipes_g224_metben,4334,4349,True
2024.10.28_08-03-21_biarmipes_g224_metben,4385,4464,True
2024.10.28_08-03-21_biarmipes_g224_metben,4568,4568,True
2024.10.28_08-03-21_biarmipes_g224_metben,4573,4729,True
2024.10.28_08-03-21_biarmipes_g224_metben,5358,5388,True
2024.10.28_08-03-21_biarmipes_g224_metben,5421,5439,True
2024.10.28_08-03-21_biarmipes_g224_metben,5444,5447,True
2024.10.28_08-03-21_biarmipes_g224_metben,5457,5471,True
2024.10.28_08-03-21_biarmipes_g224_metben,5505,5716,True
2024.10.28_08-03-21_biarmipes_g224_metben,5759,5815,True
2024.10.28_08-03-21_biarmipes_g224_metben,5847,5878,True
2024.10.28_08-03-21_biarmipes_g224_metben,5881,5903,True
2024.10.28_08-03-21_biarmipes_g224_metben,5997,6000,True
2024.10.28_08-03-21_biarmipes_g224_metben,6002,6026,True
2024.10.28_08-03-21_biarmipes_g224_metben,6110,6126,True
2024.10.28_08-03-21_biarmipes_g224_metben,6130,6193,True
2024.10.28_08-03-21_biarmipes_g224_metben,6200,6200,True
2024.10.28_08-03-21_biarmipes_g224_metben,6203,6204,True
2024.10.28_08-03-21_biarmipes_g224_metben,6206,6206,True
2024.10.28_08-03-21_biarmipes_g224_metben,6208,6209,True
2024.10.28_08-03-21_biarmipes_g224_metben,6221,6221,True
2024.10.28_08-03-21_biarmipes_g224_metben,6223,6674,True
2024.10.28_08-03-21_biarmipes_g224_metben,6676,6781,True
2024.10.28_08-03-21_biarmipes_g224_metben,6783,6838,True
2024.10.28_08-03-21_biarmipes_g224_metben,6853,6995,True
2024.10.28_08-03-21_biarmipes_g224_metben,7423,7903,True
2024.10.28_08-03-21_biarmipes_g224_metben,7908,7996,True
2024.10.28_08-03-21_biarmipes_g224_metben,8017,8090,True
2024.10.28_08-03-21_biarmipes_g224_metben,8093,8093,True
2024.10.28_08-03-21_biarmipes_g224_metben,8097,8195,True
2024.10.28_08-03-21_biarmipes_g224_metben,8244,8653,True
2024.10.28_08-03-21_biarmipes_g224_metben,8657,8657,True
2024.10.28_08-03-21_biarmipes_g224_metben,8659,8682,True
2024.10.28_08-03-21_biarmipes_g224_metben,8694,8733,True
2024.10.28_08-03-21_biarmipes_g224_metben,8742,8751,True
2024.10.28_08-03-21_biarmipes_g224_metben,8753,8756,True
2024.10.28_08-03-21_biarmipes_g224_metben,8758,8779,True
2024.10.28_08-03-21_biarmipes_g224_metben,8812,8858,True
2024.10.28_08-03-21_biarmipes_g224_metben,8860,8863,True
2024.10.28_08-03-21_biarmipes_g224_metben,8869,8872,True
2024.10.28_08-03-21_biarmipes_g224_metben,8874,8897,True
2024.10.28_08-03-21_biarmipes_g224_metben,8901,8918,True
2024.10.28_08-03-21_biarmipes_g224_metben,8923,8927,True
2024.10.28_08-03-21_biarmipes_g224_metben,8938,8943,True
2024.10.28_08-03-21_biarmipes_g224_metben,8945,8958,True
2024.10.28_08-03-21_biarmipes_g224_metben,8960,8989,True
2024.07.09_13-02-45_Riverside (MetBen),400,400,True
2024.07.09_13-02-45_Riverside (MetBen),2853,5126,True
2024.07.09_13-02-45_Riverside (MetBen),5146,5146,True
2024.07.09_13-02-45_Riverside (MetBen),5161,5161,True
2024.07.09_13-02-45_Riverside (MetBen),6862,7406,True
2024.07.09_13-02-45_Riverside (MetBen),7665,7665,True
2024.07.09_13-02-45_Riverside (MetBen),7676,7676,True
2024.07.09_13-02-45_Riverside (MetBen),7680,7680,True
2024.07.09_13-02-45_Riverside (MetBen),7686,7686,True
2024.07.09_13-02-45_Riverside (MetBen),7699,7699,True
2024.07.09_13-02-45_Riverside (MetBen),8004,8004,True
2024.07.09_13-02-45_Riverside (MetBen),8007,8007,True
2024.07.09_13-02-45_Riverside (MetBen),8029,8029,True
2024.07.09_13-02-45_Riverside (MetBen),8031,8032,True
2024.10.08_12-33-39_Stocago_2hexanol,3,489,True
2024.10.08_12-33-39_Stocago_2hexanol,626,924,True
2024.10.08_12-33-39_Stocago_2hexanol,943,1172,True
2024.10.08_12-33-39_Stocago_2hexanol,1834,2273,True
2024.10.08_12-33-39_Stocago_2hexanol,2275,2282,True
2024.10.08_12-33-39_Stocago_2hexanol,2284,2284,True
2024.10.08_12-33-39_Stocago_2hexanol,2288,2288,True
2024.10.08_12-33-39_Stocago_2hexanol,2292,2292,True
2024.10.08_12-33-39_Stocago_2hexanol,2295,2295,True
2024.10.08_12-33-39_Stocago_2hexanol,2301,2351,True
2024.10.08_12-33-39_Stocago_2hexanol,2353,2572,True
2024.10.08_12-33-39_Stocago_2hexanol,3163,3431,True
2024.10.08_12-33-39_Stocago_2hexanol,3495,3503,True
2024.10.08_12-33-39_Stocago_2hexanol,3506,3510,True
2024.10.08_12-33-39_Stocago_2hexanol,3512,3517,True
2024.10.08_12-33-39_Stocago_2hexanol,3519,3521,True
2024.10.08_12-33-39_Stocago_2hexanol,3523,3527,True
2024.10.08_12-33-39_Stocago_2hexanol,3529,3529,True
2024.10.08_12-33-39_Stocago_2hexanol,3531,3531,True
2024.10.08_12-33-39_Stocago_2hexanol,3533,3535,True
2024.10.08_12-33-39_Stocago_2hexanol,3538,3542,True
2024.10.08_12-33-39_Stocago_2hexanol,3544,3586,True
2024.10.08_12-33-39_Stocago_2hexanol,3588,3593,True
2024.10.08_12-33-39_Stocago_2hexanol,3993,4083,True
2024.10.08_12-33-39_Stocago_2hexanol,4407,4697,True
2024.10.08_12-33-39_Stocago_2hexanol,5088,6010,True
2024.10.08_12-33-39_Stocago_2hexanol,6517,7178,True
2024.10.08_12-33-39_Stocago_2hexanol,7520,8824,True
2024.11.14_02-01-34_Biarmipes_G224_e2hex,3,1452,True
2024.11.14_02-01-34_Biarmipes_G224_e2hex,1679,1786,True
2024.11.14_02-01-34_Biarmipes_G224_e2hex,1843,1929,True
2024.11.14_02-01-34_Biarmipes_G224_e2hex,1931,1932,True
2024.11.14_02-01-34_Biarmipes_G224_e2hex,1936,2004,True
2024.11.14_02-01-34_Biarmipes_G224_e2hex,2049,2049,True
2024.11.14_02-01-34_Biarmipes_G224_e2hex,2682,2702,True
2024.11.14_02-01-34_Biarmipes_G224_e2hex,2716,2722,True
2024.11.14_02-01-34_Biarmipes_G224_e2hex,2739,2920,True
2024.11.14_02-01-34_Biarmipes_G224_e2hex,4581,4645,True
2024.11.14_02-01-34_Biarmipes_G224_e2hex,4738,4761,True
2024.11.14_02-01-34_Biarmipes_G224_e2hex,4763,5701,True
2024.11.14_02-01-34_Biarmipes_G224_e2hex,6595,6595,True
2024.11.14_02-01-34_Biarmipes_G224_e2hex,6604,6605,True
2024.11.14_02-01-34_Biarmipes_G224_e2hex,6609,6609,True
2024.11.14_02-01-34_Biarmipes_G224_e2hex,6620,6621,True
2024.11.14_02-01-34_Biarmipes_G224_e2hex,6623,6628,True
2024.11.14_02-01-34_Biarmipes_G224_e2hex,6644,6658,True
2024.11.14_02-01-34_Biarmipes_G224_e2hex,6660,6660,True
2024.11.14_02-01-34_Biarmipes_G224_e2hex,6677,6677,True
2024.11.14_02-01-34_Biarmipes_G224_e2hex,6686,6690,True
2024.11.14_02-01-34_Biarmipes_G224_e2hex,6701,6704,True
2024.11.14_02-01-34_Biarmipes_G224_e2hex,6706,6706,True
2024.11.14_02-01-34_Biarmipes_G224_e2hex,6708,6709,True
2024.11.14_02-01-34_Biarmipes_G224_e2hex,6712,6722,True
2024.11.14_02-01-34_Biarmipes_G224_e2hex,6725,6725,True
2024.11.14_02-01-34_Biarmipes_G224_e2hex,6728,6728,True
2024.11.14_02-01-34_Biarmipes_G224_e2hex,6736,6737,True
2024.11.14_02-01-34_Biarmipes_G224_e2hex,6739,6739,True
2024.11.14_02-01-34_Biarmipes_G224_e2hex,6765,6765,True
2024.11.14_02-01-34_Biarmipes_G224_e2hex,6767,6767,True
2024.11.14_02-01-34_Biarmipes_G224_e2hex,6770,6770,True
2024.11.14_02-01-34_Biarmipes_G224_e2hex,6773,6774,True
2024.11.14_02-01-34_Biarmipes_G224_e2hex,6776,6776,True
2024.11.14_02-01-34_Biarmipes_G224_e2hex,6778,6779,True
2024.11.14_02-01-34_Biarmipes_G224_e2hex,6781,6781,True
2024.11.14_02-01-34_Biarmipes_G224_e2hex,6783,6783,True
2024.11.14_02-01-34_Biarmipes_G224_e2hex,6796,6796,True
2024.11.14_02-01-34_Biarmipes_G224_e2hex,6803,6803,True
2024.11.14_02-01-34_Biarmipes_G224_e2hex,6806,6806,True
2024.11.14_02-01-34_Biarmipes_G224_e2hex,6809,6809,True
2024.11.14_02-01-34_Biarmipes_G224_e2hex,6813,6813,True
2024.11.14_02-01-34_Biarmipes_G224_e2hex,6815,6816,True
2024.11.14_02-01-34_Biarmipes_G224_e2hex,6819,6819,True
2024.11.14_02-01-34_Biarmipes_G224_e2hex,6821,6822,True
2024.11.14_02-01-34_Biarmipes_G224_e2hex,6824,6825,True
2024.11.14_02-01-34_Biarmipes_G224_e2hex,6830,6830,True
2024.11.14_02-01-34_Biarmipes_G224_e2hex,6832,6832,True
2024.11.14_02-01-34_Biarmipes_G224_e2hex,6836,6836,True
2024.11.14_02-01-34_Biarmipes_G224_e2hex,6839,6839,True
2024.11.14_02-01-34_Biarmipes_G224_e2hex,6841,6841,True
2024.11.14_02-01-34_Biarmipes_G224_e2hex,6846,6846,True
2024.11.14_02-01-34_Biarmipes_G224_e2hex,6848,6851,True
2024.11.14_02-01-34_Biarmipes_G224_e2hex,6859,6859,True
2024.11.14_02-01-34_Biarmipes_G224_e2hex,6870,6871,True
2024.11.14_02-01-34_Biarmipes_G224_e2hex,6879,6879,True
2024.11.14_02-01-34_Biarmipes_G224_e2hex,6885,6885,True
2024.11.14_02-01-34_Biarmipes_G224_e2hex,6890,6893,True
2024.11.14_02-01-34_Biarmipes_G224_e2hex,6895,6895,True
2024.11.14_02-01-34_Biarmipes_G224_e2hex,6904,6904,True
2024.11.14_02-01-34_Biarmipes_G224_e2hex,6906,6909,True
2024.11.14_02-01-34_Biarmipes_G224_e2hex,6912,6912,True
2024.11.14_02-01-34_Biarmipes_G224_e2hex,6915,6915,True
2024.11.14_02-01-34_Biarmipes_G224_e2hex,6923,6923,True
2024.11.14_02-01-34_Biarmipes_G224_e2hex,6925,6926,True
2024.11.14_02-01-34_Biarmipes_G224_e2hex,6930,6930,True
2024.11.14_02-01-34_Biarmipes_G224_e2hex,6933,6933,True
2024.11.14_02-01-34_Biarmipes_G224_e2hex,6935,6935,True
2024.11.14_02-01-34_Biarmipes_G224_e2hex,6939,6939,True
2024.11.14_02-01-34_Biarmipes_G224_e2hex,6942,6942,True
2024.11.14_02-01-34_Biarmipes_G224_e2hex,6949,6949,True
2024.11.14_02-01-34_Biarmipes_G224_e2hex,6951,6954,True
2024.11.14_02-01-34_Biarmipes_G224_e2hex,6956,6959,True
2024.11.14_02-01-34_Biarmipes_G224_e2hex,6961,6962,True
2024.11.14_02-01-34_Biarmipes_G224_e2hex,6964,6965,True
2024.11.14_02-01-34_Biarmipes_G224_e2hex,6971,6971,True
2024.11.14_02-01-34_Biarmipes_G224_e2hex,6975,6975,True
2024.11.14_02-01-34_Biarmipes_G224_e2hex,6979,6980,True
2024.11.14_02-01-34_Biarmipes_G224_e2hex,6983,6986,True
2024.11.14_02-01-34_Biarmipes_G224_e2hex,6992,6996,True
2024.11.14_02-01-34_Biarmipes_G224_e2hex,6998,7001,True
2024.11.14_02-01-34_Biarmipes_G224_e2hex,7003,7005,True
2024.11.14_02-01-34_Biarmipes_G224_e2hex,7017,7026,True
2024.11.14_02-01-34_Biarmipes_G224_e2hex,7031,7033,True
2024.11.14_02-01-34_Biarmipes_G224_e2hex,7036,7036,True
2024.11.14_02-01-34_Biarmipes_G224_e2hex,7044,7045,True
2024.11.14_02-01-34_Biarmipes_G224_e2hex,7063,7063,True
2024.11.14_02-01-34_Biarmipes_G224_e2hex,7090,7091,True
2024.11.14_02-01-34_Biarmipes_G224_e2hex,7093,7096,True
2024.11.14_02-01-34_Biarmipes_G224_e2hex,7153,7156,True
2024.11.14_02-01-34_Biarmipes_G224_e2hex,7158,7160,True
2024.11.14_02-01-34_Biarmipes_G224_e2hex,7166,7167,True
2024.11.14_02-01-34_Biarmipes_G224_e2hex,7169,7246,True
2024.11.14_02-01-34_Biarmipes_G224_e2hex,7257,7259,True
2024.11.14_02-01-34_Biarmipes_G224_e2hex,7345,7795,True
2024.12.19_14-12-59_Biarmipes_G224_no_odor,4,4,True
2024.12.19_14-12-59_Biarmipes_G224_no_odor,28,67,True
2024.12.19_14-12-59_Biarmipes_G224_no_odor,1727,1727,True
2024.12.19_14-12-59_Biarmipes_G224_no_odor,1830,1831,True
2024.12.19_14-12-59_Biarmipes_G224_no_odor,1885,1892,True
2024.12.19_14-12-59_Biarmipes_G224_no_odor,2153,2241,True
2024.12.19_14-12-59_Biarmipes_G224_no_odor,2243,2250,True
2024.12.19_14-12-59_Biarmipes_G224_no_odor,2252,2254,True
2024.12.19_14-12-59_Biarmipes_G224_no_odor,2257,2270,True
2024.12.19_14-12-59_Biarmipes_G224_no_odor,2274,2292,True
2024.12.19_14-12-59_Biarmipes_G224_no_odor,2296,3487,True
2024.12.19_14-12-59_Biarmipes_G224_no_odor,5128,5128,True
2024.12.19_14-12-59_Biarmipes_G224_no_odor,5131,5131,True
2024.12.19_14-12-59_Biarmipes_G224_no_odor,5134,5134,True
2024.12.19_14-12-59_Biarmipes_G224_no_odor,5144,5144,True
2024.12.19_14-12-59_Biarmipes_G224_no_odor,5146,5147,True
2024.12.19_14-12-59_Biarmipes_G224_no_odor,5150,5150,True
2024.12.19_14-12-59_Biarmipes_G224_no_odor,5152,5153,True
2024.12.19_14-12-59_Biarmipes_G224_no_odor,5157,5159,True
2024.12.19_14-12-59_Biarmipes_G224_no_odor,5161,5161,True
2024.12.19_14-12-59_Biarmipes_G224_no_odor,5173,5173,True
2024.12.19_14-12-59_Biarmipes_G224_no_odor,5272,5273,True
2024.12.19_14-12-59_Biarmipes_G224_no_odor,5277,5277,True
2024.12.19_14-12-59_Biarmipes_G224_no_odor,5324,5328,True
2024.12.19_14-12-59_Biarmipes_G224_no_odor,5337,5342,True
2024.12.19_14-12-59_Biarmipes_G224_no_odor,5359,5374,True
2024.12.19_14-12-59_Biarmipes_G224_no_odor,5644,5644,True
2024.12.19_14-12-59_Biarmipes_G224_no_odor,5647,5652,True
2024.12.19_14-12-59_Biarmipes_G224_no_odor,5654,5677,True
2024.12.19_14-12-59_Biarmipes_G224_no_odor,6899,6899,True
2024.12.19_14-12-59_Biarmipes_G224_no_odor,6901,6901,True
2024.12.19_14-12-59_Biarmipes_G224_no_odor,6903,6906,True
2024.12.19_14-12-59_Biarmipes_G224_no_odor,6918,6920,True
2024.12.19_14-12-59_Biarmipes_G224_no_odor,6926,6926,True
2024.12.19_14-12-59_Biarmipes_G224_no_odor,6928,6928,True
2024.12.19_14-12-59_Biarmipes_G224_no_odor,6935,6935,True
2024.12.19_14-12-59_Biarmipes_G224_no_odor,6942,6943,True
2024.12.19_14-12-59_Biarmipes_G224_no_odor,6945,6956,True
2024.12.19_14-12-59_Biarmipes_G224_no_odor,6958,6958,True
2024.12.19_14-12-59_Biarmipes_G224_no_odor,6962,6971,True
2024.12.19_14-12-59_Biarmipes_G224_no_odor,6974,6974,True
2024.12.19_14-12-59_Biarmipes_G224_no_odor,6976,6976,True
2024.12.19_14-12-59_Biarmipes_G224_no_odor,6979,6979,True
2024.12.19_14-12-59_Biarmipes_G224_no_odor,6981,6981,True
2024.12.19_14-12-59_Biarmipes_G224_no_odor,6984,6984,True
2024.12.19_14-12-59_Biarmipes_G224_no_odor,6986,6987,True
2024.12.19_14-12-59_Biarmipes_G224_no_odor,6990,6990,True
2024.12.19_14-12-59_Biarmipes_G224_no_odor,6993,6995,True
2024.12.19_14-12-59_Biarmipes_G224_no_odor,6997,6997,True
2024.12.19_14-12-59_Biarmipes_G224_no_odor,6999,6999,True
2024.12.19_14-12-59_Biarmipes_G224_no_odor,7001,7002,True
2024.12.19_14-12-59_Biarmipes_G224_no_odor,7004,7007,True
2024.12.19_14-12-59_Biarmipes_G224_no_odor,7009,7009,True
2024.12.19_14-12-59_Biarmipes_G224_no_odor,7012,7015,True
2024.12.19_14-12-59_Biarmipes_G224_no_odor,7018,7019,True
2024.12.19_14-12-59_Biarmipes_G224_no_odor,7021,7022,True
2024.12.19_14-12-59_Biarmipes_G224_no_odor,7038,7038,True
2024.12.19_14-12-59_Biarmipes_G224_no_odor,7180,7180,True
2024.12.19_14-12-59_Biarmipes_G224_no_odor,7186,7189,True
2024.12.19_14-12-59_Biarmipes_G224_no_odor,7199,7199,True
2024.12.19_14-12-59_Biarmipes_G224_no_odor,7280,7282,True
2024.12.19_14-12-59_Biarmipes_G224_no_odor,7306,7307,True
2024.12.19_14-12-59_Biarmipes_G224_no_odor,7327,7331,True
2024.12.19_14-12-59_Biarmipes_G224_no_odor,7333,7333,True
2024.12.19_14-12-59_Biarmipes_G224_no_odor,7335,7338,True
2024.12.19_14-12-59_Biarmipes_G224_no_odor,7341,7341,True
2024.12.19_14-12-59_Biarmipes_G224_no_odor,7343,7345,True
2024.12.19_14-12-59_Biarmipes_G224_no_odor,7348,7348,True
2024.12.19_14-12-59_Biarmipes_G224_no_odor,7351,7354,True
2024.12.19_14-12-59_Biarmipes_G224_no_odor,7357,7359,True
2024.12.19_14-12-59_Biarmipes_G224_no_odor,7361,7361,True
2024.12.19_14-12-59_Biarmipes_G224_no_odor,7364,7366,True
2024.12.19_14-12-59_Biarmipes_G224_no_odor,7368,7370,True
2024.12.19_14-12-59_Biarmipes_G224_no_odor,7374,7379,True
2024.12.19_14-12-59_Biarmipes_G224_no_odor,7381,7381,True
2024.12.19_14-12-59_Biarmipes_G224_no_odor,7383,7385,True
2024.12.19_14-12-59_Biarmipes_G224_no_odor,7387,7392,True
2024.12.19_14-12-59_Biarmipes_G224_no_odor,7394,7396,True
2024.12.19_14-12-59_Biarmipes_G224_no_odor,7398,7398,True
2024.12.19_14-12-59_Biarmipes_G224_no_odor,7400,7410,True
2024.12.19_14-12-59_Biarmipes_G224_no_odor,7414,7416,True
2024.12.19_14-12-59_Biarmipes_G224_no_odor,7419,7420,True
2024.12.19_14-12-59_Biarmipes_G224_no_odor,7422,7454,True
2024.12.19_14-12-59_Biarmipes_G224_no_odor,7642,7643,True
2024.12.19_14-12-59_Biarmipes_G224_no_odor,7645,7645,True
2024.12.19_14-12-59_Biarmipes_G224_no_odor,7647,7647,True
2024.12.19_14-12-59_Biarmipes_G224_no_odor,7649,7657,True
2024.12.19_14-12-59_Biarmipes_G224_no_odor,7659,7663,True
2024.12.19_14-12-59_Biarmipes_G224_no_odor,7665,7674,True
2024.12.19_14-12-59_Biarmipes_G224_no_odor,7676,7677,True
2024.12.19_14-12-59_Biarmipes_G224_no_odor,7681,7687,True
2024.12.19_14-12-59_Biarmipes_G224_no_odor,7689,7689,True
2024.12.19_14-12-59_Biarmipes_G224_no_odor,7691,7698,True
2024.12.19_14-12-59_Biarmipes_G224_no_odor,7700,7710,True
2024.12.19_14-12-59_Biarmipes_G224_no_odor,7712,7719,True
2024.12.19_14-12-59_Biarmipes_G224_no_odor,7721,7722,True
2024.12.19_14-12-59_Biarmipes_G224_no_odor,7725,7728,True
2024.12.19_14-12-59_Biarmipes_G224_no_odor,7730,7736,True
2024.12.19_14-12-59_Biarmipes_G224_no_odor,7738,7742,True
2024.12.19_14-12-59_Biarmipes_G224_no_odor,7744,7952,True
2024.12.19_14-12-59_Biarmipes_G224_no_odor,7954,7962,True
2024.12.19_14-12-59_Biarmipes_G224_no_odor,7964,7972,True
2024.12.19_14-12-59_Biarmipes_G224_no_odor,7974,7977,True
2024.12.19_14-12-59_Biarmipes_G224_no_odor,8005,8005,True
2024.12.19_14-12-59_Biarmipes_G224_no_odor,8007,8007,True
2024.12.19_14-12-59_Biarmipes_G224_no_odor,8021,8021,True
2024.12.19_14-12-59_Biarmipes_G224_no_odor,8135,8136,True
2024.12.19_14-12-59_Biarmipes_G224_no_odor,8164,8164,True
2024.12.19_14-12-59_Biarmipes_G224_no_odor,8172,8172,True
2024.12.19_14-12-59_Biarmipes_G224_no_odor,8174,8174,True
2024.12.19_14-12-59_Biarmipes_G224_no_odor,8177,8177,True
2024.12.19_14-12-59_Biarmipes_G224_no_odor,8180,8180,True
2024.12.19_14-12-59_Biarmipes_G224_no_odor,8185,8185,True
2024.12.19_14-12-59_Biarmipes_G224_no_odor,8196,8197,True
2024.12.19_14-12-59_Biarmipes_G224_no_odor,8202,8202,True
2024.12.19_14-12-59_Biarmipes_G224_no_odor,8217,8217,True
2024.12.19_14-12-59_Biarmipes_G224_no_odor,8222,8222,True
2024.12.19_14-12-59_Biarmipes_G224_no_odor,8236,8236,True
2024.12.19_14-12-59_Biarmipes_G224_no_odor,8240,8241,True
2024.12.19_14-12-59_Biarmipes_G224_no_odor,8244,8244,True
2024.12.19_14-12-59_Biarmipes_G224_no_odor,8246,8247,True
2024.12.19_14-12-59_Biarmipes_G224_no_odor,8250,8253,True
2024.12.19_14-12-59_Biarmipes_G224_no_odor,8255,8255,True
2024.12.19_14-12-59_Biarmipes_G224_no_odor,8257,8260,True
2024.12.19_14-12-59_Biarmipes_G224_no_odor,8263,8263,True
2024.12.19_14-12-59_Biarmipes_G224_no_odor,8265,8266,True
2024.12.19_14-12-59_Biarmipes_G224_no_odor,8268,8269,True
2024.12.19_14-12-59_Biarmipes_G224_no_odor,8272,8292,True
2024.12.19_14-12-59_Biarmipes_G224_no_odor,8294,8297,True
2024.12.19_14-12-59_Biarmipes_G224_no_odor,8299,8304,True
2024.12.19_14-12-59_Biarmipes_G224_no_odor,8306,8306,True
2024.12.19_14-12-59_Biarmipes_G224_no_odor,8308,8309,True
2024.12.19_14-12-59_Biarmipes_G224_no_odor,8314,8314,True
2024.12.19_14-12-59_Biarmipes_G224_no_odor,8316,8317,True
2024.12.19_14-12-59_Biarmipes_G224_no_odor,8319,8321,True
2024.12.19_14-12-59_Biarmipes_G224_no_odor,8323,8323,True
2024.12.19_14-12-59_Biarmipes_G224_no_odor,8326,8326,True
2024.12.19_14-12-59_Biarmipes_G224_no_odor,8328,8328,True
2024.12.19_14-12-59_Biarmipes_G224_no_odor,8331,8332,True
2024.12.19_14-12-59_Biarmipes_G224_no_odor,8334,8339,True
2024.12.19_14-12-59_Biarmipes_G224_no_odor,8341,8345,True
2024.12.19_14-12-59_Biarmipes_G224_no_odor,8347,8349,True
2024.12.19_14-12-59_Biarmipes_G224_no_odor,8352,8354,True
2024.12.19_14-12-59_Biarmipes_G224_no_odor,8356,8364,True
2024.12.19_14-12-59_Biarmipes_G224_no_odor,8366,8392,True
2024.12.19_14-12-59_Biarmipes_G224_no_odor,8394,8403,True
2024.12.19_14-12-59_Biarmipes_G224_no_odor,8408,8408,True
2024.12.19_14-12-59_Biarmipes_G224_no_odor,8410,8418,True
2024.12.19_14-12-59_Biarmipes_G224_no_odor,8427,8427,True
2024.12.19_14-12-59_Biarmipes_G224_no_odor,8433,8433,True
2024.12.19_14-12-59_Biarmipes_G224_no_odor,8435,8435,True
2024.12.19_14-12-59_Biarmipes_G224_no_odor,8437,8437,True
2024.12.19_14-12-59_Biarmipes_G224_no_odor,8442,8442,True
2024.12.19_14-12-59_Biarmipes_G224_no_odor,8455,8455,True
2024.12.19_14-12-59_Biarmipes_G224_no_odor,8460,8461,True
2024.12.19_14-12-59_Biarmipes_G224_no_odor,8467,8467,True
2024.12.19_14-12-59_Biarmipes_G224_no_odor,8470,8470,True
2024.12.19_14-12-59_Biarmipes_G224_no_odor,8475,8475,True
2024.12.19_14-12-59_Biarmipes_G224_no_odor,8478,8478,True
2024.12.19_14-12-59_Biarmipes_G224_no_odor,8481,8481,True
2024.12.19_14-12-59_Biarmipes_G224_no_odor,8483,8483,True
2024.12.19_14-12-59_Biarmipes_G224_no_odor,8485,8486,True
2024.12.19_14-12-59_Biarmipes_G224_no_odor,8490,8490,True
2024.12.19_14-12-59_Biarmipes_G224_no_odor,8498,8499,True
2024.12.19_14-12-59_Biarmipes_G224_no_odor,8503,8503,True
2024.12.19_14-12-59_Biarmipes_G224_no_odor,8505,8505,True
2024.12.19_14-12-59_Biarmipes_G224_no_odor,8507,8508,True
2024.12.19_14-12-59_Biarmipes_G224_no_odor,8510,8514,True
2024.12.19_14-12-59_Biarmipes_G224_no_odor,8517,8540,True
2024.12.19_14-12-59_Biarmipes_G224_no_odor,8542,8542,True
2024.12.19_14-12-59_Biarmipes_G224_no_odor,8545,8545,True
2024.12.19_14-12-59_Biarmipes_G224_no_odor,8547,8550,True
2024.12.19_14-12-59_Biarmipes_G224_no_odor,8552,8552,True
2024.12.19_14-12-59_Biarmipes_G224_no_odor,8554,8556,True
2024.12.19_14-12-59_Biarmipes_G224_no_odor,8558,8559,True
2024.12.19_14-12-59_Biarmipes_G224_no_odor,8561,8563,True
2024.12.19_14-12-59_Biarmipes_G224_no_odor,8566,8571,True
2024.12.19_14-12-59_Biarmipes_G224_no_odor,8573,8573,True
2024.12.19_14-12-59_Biarmipes_G224_no_odor,8582,8583,True
2024.12.19_14-12-59_Biarmipes_G224_no_odor,8585,8585,True
2024.12.19_14-12-59_Biarmipes_G224_no_odor,8589,8589,True
2024.12.19_14-12-59_Biarmipes_G224_no_odor,8595,8596,True
2024.12.19_14-12-59_Biarmipes_G224_no_odor,8598,8598,True
2024.12.19_14-12-59_Biarmipes_G224_no_odor,8600,8600,True
2024.12.19_14-12-59_Biarmipes_G224_no_odor,8602,8602,True
2024.12.19_14-12-59_Biarmipes_G224_no_odor,8604,8606,True
2024.12.19_14-12-59_Biarmipes_G224_no_odor,8608,8618,True
2024.12.19_14-12-59_Biarmipes_G224_no_odor,8620,8622,True
2024.12.19_14-12-59_Biarmipes_G224_no_odor,8624,8624,True
2024.12.19_14-12-59_Biarmipes_G224_no_odor,8628,8628,True
2024.12.19_14-12-59_Biarmipes_G224_no_odor,8632,8632,True
2024.12.19_14-12-59_Biarmipes_G224_no_odor,8634,8634,True
2024.12.19_14-12-59_Biarmipes_G224_no_odor,8636,8636,True
2024.12.19_14-12-59_Biarmipes_G224_no_odor,8638,8639,True
2024.12.19_14-12-59_Biarmipes_G224_no_odor,8641,8641,True
2024.12.19_14-12-59_Biarmipes_G224_no_odor,8643,8644,True
2024.12.19_14-12-59_Biarmipes_G224_no_odor,8646,8648,True
2024.12.19_14-12-59_Biarmipes_G224_no_odor,8650,8651,True
2024.10.14_13-26-12_Biarmipes84_1hexanol,462,958,True
2024.10.14_13-26-12_Biarmipes84_1hexanol,960,2378,True
2024.10.14_13-26-12_Biarmipes84_1hexanol,2385,2500,True
2024.10.14_13-26-12_Biarmipes84_1hexanol,2582,2583,True
2024.10.14_13-26-12_Biarmipes84_1hexanol,2585,2585,True
2024.10.14_13-26-12_Biarmipes84_1hexanol,3200,3399,True
2024.10.14_13-26-12_Biarmipes84_1hexanol,4044,4220,True
2024.10.14_13-26-12_Biarmipes84_1hexanol,4224,4664,True
2024.10.14_13-26-12_Biarmipes84_1hexanol,6261,7771,True
2024.10.14_13-26-12_Biarmipes84_1hexanol,8454,8454,True
2024.10.14_13-26-12_Biarmipes84_1hexanol,8456,8594,True
2024.10.14_13-26-12_Biarmipes84_1hexanol,8765,8999,True
2024.10.30_10-15-34_sussex_metben,3,275,True
2024.10.30_10-15-34_sussex_metben,1318,1409,True
2024.10.30_10-15-34_sussex_metben,2718,2960,True
2024.10.30_10-15-34_sussex_metben,3315,3609,True
2024.10.30_10-15-34_sussex_metben,4256,4463,True
2024.10.30_10-15-34_sussex_metben,6671,6672,True
2024.10.30_10-15-34_sussex_metben,6678,6682,True
2024.10.30_10-15-34_sussex_metben,6684,6695,True
2024.10.30_10-15-34_sussex_metben,6697,6764,True
2024.10.30_10-15-34_sussex_metben,6766,6861,True
2024.10.30_10-15-34_sussex_metben,6863,6882,True
2024.10.30_10-15-34_sussex_metben,6884,6890,True
2024.10.30_10-15-34_sussex_metben,6892,6893,True
2024.10.30_10-15-34_sussex_metben,6895,6900,True
2024.10.30_10-15-34_sussex_metben,6902,6902,True
2024.10.30_10-15-34_sussex_metben,6909,6909,True
2024.10.30_10-15-34_sussex_metben,6911,6912,True
2024.10.30_10-15-34_sussex_metben,6914,6917,True
2024.10.30_10-15-34_sussex_metben,6919,6920,True
2024.10.30_10-15-34_sussex_metben,6922,6922,True
2024.10.30_10-15-34_sussex_metben,6925,6926,True
2024.10.30_10-15-34_sussex_metben,6928,6928,True
2024.10.30_10-15-34_sussex_metben,6930,6930,True
2024.10.30_10-15-34_sussex_metben,6932,6932,True
2024.10.30_10-15-34_sussex_metben,6939,6940,True
2024.10.30_10-15-34_sussex_metben,6942,6942,True
2024.10.30_10-15-34_sussex_metben,6945,6945,True
2024.10.30_10-15-34_sussex_metben,6947,6950,True
2024.10.30_10-15-34_sussex_metben,6954,6954,True
2024.10.30_10-15-34_sussex_metben,6956,6956,True
2024.10.30_10-15-34_sussex_metben,6959,6959,True
2024.10.30_10-15-34_sussex_metben,6965,6968,True
2024.10.30_10-15-34_sussex_metben,6971,6979,True
2024.10.30_10-15-34_sussex_metben,6981,7015,True
2024.10.30_10-15-34_sussex_metben,7017,7019,True
2024.10.30_10-15-34_sussex_metben,7021,7040,True
2024.10.30_10-15-34_sussex_metben,7042,7045,True
2024.10.30_10-15-34_sussex_metben,7047,7055,True
2024.10.30_10-15-34_sussex_metben,7057,7201,True
2024.10.30_10-15-34_sussex_metben,7206,7207,True
2024.10.30_10-15-34_sussex_metben,7210,7211,True
2024.10.30_10-15-34_sussex_metben,7215,7221,True
2024.10.30_10-15-34_sussex_metben,7223,7223,True
2024.10.30_10-15-34_sussex_metben,7225,7226,True
2024.10.30_10-15-34_sussex_metben,7228,7229,True
2024.10.30_10-15-34_sussex_metben,7232,7233,True
2024.10.30_10-15-34_sussex_metben,7235,7235,True
2024.10.30_10-15-34_sussex_metben,7239,7242,True
2024.10.30_10-15-34_sussex_metben,7244,7245,True
2024.10.30_10-15-34_sussex_metben,7247,7249,True
2024.10.30_10-15-34_sussex_metben,7251,7252,True
2024.10.30_10-15-34_sussex_metben,7254,8041,True
2024.10.30_10-15-34_sussex_metben,8043,8051,True
2024.10.30_10-15-34_sussex_metben,8053,8067,True
2024.10.30_10-15-34_sussex_metben,8069,8080,True
2024.10.30_10-15-34_sussex_metben,8083,8117,True
2025.03.07_11-49-04_Sussex_metbut,1058,1100,True
2025.03.07_11-49-04_Sussex_metbut,1102,1184,True
2025.03.07_11-49-04_Sussex_metbut,1187,2112,True
2025.03.07_11-49-04_Sussex_metbut,2178,2185,True
2025.03.07_11-49-04_Sussex_metbut,2188,2188,True
2025.03.07_11-49-04_Sussex_metbut,2190,2190,True
2025.03.07_11-49-04_Sussex_metbut,2192,2239,True
2025.03.07_11-49-04_Sussex_metbut,2241,2263,True
2025.03.07_11-49-04_Sussex_metbut,2441,2446,True
2025.03.07_11-49-04_Sussex_metbut,2450,2467,True
2025.03.07_11-49-04_Sussex_metbut,2475,2477,True
2025.03.07_11-49-04_Sussex_metbut,6031,7473,True
2025.03.07_11-49-04_Sussex_metbut,8705,8999,True
2024.11.13_03-55-57_Biarmipes84_e2hex,194,659,True
2024.11.13_03-55-57_Biarmipes84_e2hex,888,1081,True
2024.11.13_03-55-57_Biarmipes84_e2hex,2110,2126,True
2024.11.13_03-55-57_Biarmipes84_e2hex,2152,2180,True
2024.11.13_03-55-57_Biarmipes84_e2hex,2182,2983,True
2024.11.13_03-55-57_Biarmipes84_e2hex,3798,3818,True
2024.11.13_03-55-57_Biarmipes84_e2hex,3876,3879,True
2024.11.13_03-55-57_Biarmipes84_e2hex,4017,4593,True
2024.11.13_03-55-57_Biarmipes84_e2hex,5267,5269,True
2024.11.13_03-55-57_Biarmipes84_e2hex,5805,5805,True
2024.11.13_03-55-57_Biarmipes84_e2hex,5832,5833,True
2024.11.13_03-55-57_Biarmipes84_e2hex,5835,5837,True
2024.11.13_03-55-57_Biarmipes84_e2hex,6012,6057,True
2024.11.13_03-55-57_Biarmipes84_e2hex,6059,6320,True
2024.11.13_03-55-57_Biarmipes84_e2hex,6323,6324,True
2024.11.13_03-55-57_Biarmipes84_e2hex,6326,6326,True
2024.11.13_03-55-57_Biarmipes84_e2hex,6328,6348,True
2024.11.13_03-55-57_Biarmipes84_e2hex,6350,6352,True
2024.11.13_03-55-57_Biarmipes84_e2hex,6354,6360,True
2024.11.13_03-55-57_Biarmipes84_e2hex,6363,6366,True
2024.11.13_03-55-57_Biarmipes84_e2hex,6369,6369,True
2024.11.13_03-55-57_Biarmipes84_e2hex,6373,6402,True
2024.11.13_03-55-57_Biarmipes84_e2hex,6405,6422,True
2024.11.13_03-55-57_Biarmipes84_e2hex,6425,6425,True
2024.11.13_03-55-57_Biarmipes84_e2hex,6428,6435,True
2024.11.13_03-55-57_Biarmipes84_e2hex,6437,6603,True
2024.11.13_03-55-57_Biarmipes84_e2hex,6663,6718,True
2024.11.13_03-55-57_Biarmipes84_e2hex,7525,7525,True
2024.11.13_03-55-57_Biarmipes84_e2hex,7527,7527,True
2024.11.13_03-55-57_Biarmipes84_e2hex,7529,7531,True
2024.10.30_09-40-02_Sussex_metben,483,510,True
2024.10.30_09-40-02_Sussex_metben,1704,1705,True
2024.10.30_09-40-02_Sussex_metben,1707,1707,True
2024.10.30_09-40-02_Sussex_metben,1709,1712,True
2024.10.30_09-40-02_Sussex_metben,1715,1723,True
2024.10.30_09-40-02_Sussex_metben,1725,2285,True
2024.10.30_09-40-02_Sussex_metben,2790,2814,True
2024.10.30_09-40-02_Sussex_metben,2846,3491,True
2024.10.30_09-40-02_Sussex_metben,3520,3733,True
2024.10.30_09-40-02_Sussex_metben,6605,6608,True
2024.10.30_09-40-02_Sussex_metben,6612,6614,True
2024.10.30_09-40-02_Sussex_metben,6616,6620,True
2024.10.30_09-40-02_Sussex_metben,6622,6622,True
2024.10.30_09-40-02_Sussex_metben,6628,6628,True
2024.10.30_09-40-02_Sussex_metben,6632,6637,True
2024.10.30_09-40-02_Sussex_metben,6731,6734,True
2024.10.30_09-40-02_Sussex_metben,6736,6741,True
2024.10.30_09-40-02_Sussex_metben,6747,6748,True
2024.10.30_09-40-02_Sussex_metben,6751,6759,True
2024.10.30_09-40-02_Sussex_metben,6761,6765,True
2024.10.30_09-40-02_Sussex_metben,6773,6773,True
2024.10.30_09-40-02_Sussex_metben,6775,6775,True
2024.10.30_09-40-02_Sussex_metben,6778,6778,True
2024.10.30_09-40-02_Sussex_metben,6780,6783,True
2024.10.30_09-40-02_Sussex_metben,6788,6788,True
2024.10.30_09-40-02_Sussex_metben,6793,6795,True
2024.10.30_09-40-02_Sussex_metben,6797,6797,True
2024.10.30_09-40-02_Sussex_metben,6799,6810,True
2024.10.30_09-40-02_Sussex_metben,6812,6816,True
2024.10.30_09-40-02_Sussex_metben,6818,6855,True
2024.10.30_09-40-02_Sussex_metben,6857,6960,True
2024.10.30_09-40-02_Sussex_metben,6962,7028,True
2024.10.30_09-40-02_Sussex_metben,7030,8999,True
2024.10.24_11-32-39_Biarmipes84_prenac,1420,1420,True
2024.10.24_11-32-39_Biarmipes84_prenac,1424,1426,True
2024.10.24_11-32-39_Biarmipes84_prenac,1438,1439,True
2024.10.24_11-32-39_Biarmipes84_prenac,1444,1444,True
2024.10.24_11-32-39_Biarmipes84_prenac,1448,1448,True
2024.10.24_11-32-39_Biarmipes84_prenac,1480,1481,True
2024.10.24_11-32-39_Biarmipes84_prenac,1497,1500,True
2024.10.24_11-32-39_Biarmipes84_prenac,1515,1515,True
2024.10.24_11-32-39_Biarmipes84_prenac,1535,1537,True
2024.10.24_11-32-39_Biarmipes84_prenac,1550,1551,True
2024.10.24_11-32-39_Biarmipes84_prenac,1556,1556,True
2024.10.24_11-32-39_Biarmipes84_prenac,1559,1560,True
2024.10.24_11-32-39_Biarmipes84_prenac,1562,1564,True
2024.10.24_11-32-39_Biarmipes84_prenac,1573,1574,True
2024.10.24_11-32-39_Biarmipes84_prenac,1578,1636,True
2024.10.24_11-32-39_Biarmipes84_prenac,1638,1728,True
2024.10.24_11-32-39_Biarmipes84_prenac,1734,1741,True
2024.10.24_11-32-39_Biarmipes84_prenac,1744,1748,True
2024.10.24_11-32-39_Biarmipes84_prenac,1791,1791,True
2024.10.24_11-32-39_Biarmipes84_prenac,2565,2565,True
2024.10.24_11-32-39_Biarmipes84_prenac,2573,2580,True
2024.10.24_11-32-39_Biarmipes84_prenac,2587,2587,True
2024.10.24_11-32-39_Biarmipes84_prenac,2600,2600,True
2024.10.24_11-32-39_Biarmipes84_prenac,2603,2605,True
2024.10.24_11-32-39_Biarmipes84_prenac,2641,2641,True
2024.10.24_11-32-39_Biarmipes84_prenac,2644,2648,True
2024.10.24_11-32-39_Biarmipes84_prenac,2661,2661,True
2024.10.24_11-32-39_Biarmipes84_prenac,2664,2664,True
2024.10.24_11-32-39_Biarmipes84_prenac,2670,2693,True
2024.10.24_11-32-39_Biarmipes84_prenac,2695,2777,True
2024.10.24_11-32-39_Biarmipes84_prenac,2779,2791,True
2024.10.24_11-32-39_Biarmipes84_prenac,2794,2801,True
2024.10.24_11-32-39_Biarmipes84_prenac,2803,2805,True
2024.10.24_11-32-39_Biarmipes84_prenac,2808,2810,True
2024.10.24_11-32-39_Biarmipes84_prenac,2812,2816,True
2024.10.24_11-32-39_Biarmipes84_prenac,2818,2824,True
2024.10.24_11-32-39_Biarmipes84_prenac,2827,2830,True
2024.10.24_11-32-39_Biarmipes84_prenac,2832,2833,True
2024.10.24_11-32-39_Biarmipes84_prenac,2836,2839,True
2024.10.24_11-32-39_Biarmipes84_prenac,2841,2850,True
2024.10.24_11-32-39_Biarmipes84_prenac,2852,2879,True
2024.10.24_11-32-39_Biarmipes84_prenac,2882,2907,True
2024.10.24_11-32-39_Biarmipes84_prenac,2909,2959,True
2024.10.24_11-32-39_Biarmipes84_prenac,3132,3161,True
2024.10.24_11-32-39_Biarmipes84_prenac,3163,4250,True
2024.10.24_11-32-39_Biarmipes84_prenac,4400,5786,True
2024.10.24_11-32-39_Biarmipes84_prenac,6655,6657,True
2024.10.24_11-32-39_Biarmipes84_prenac,6660,6685,True
2024.10.24_11-32-39_Biarmipes84_prenac,6717,6717,True
2024.10.24_11-32-39_Biarmipes84_prenac,6720,6743,True
2024.10.24_11-32-39_Biarmipes84_prenac,6966,7436,True
2024.10.24_11-32-39_Biarmipes84_prenac,7464,7550,True
2024.10.24_11-32-39_Biarmipes84_prenac,7667,7668,True
2024.10.24_11-32-39_Biarmipes84_prenac,7671,8030,True
2024.12.11_19-32-52_Yakuba7_no_odor,1976,1977,True
2024.12.11_19-32-52_Yakuba7_no_odor,1979,1980,True
2024.12.11_19-32-52_Yakuba7_no_odor,1982,1982,True
2024.12.11_19-32-52_Yakuba7_no_odor,1984,1986,True
2024.12.11_19-32-52_Yakuba7_no_odor,1988,1990,True
2024.12.11_19-32-52_Yakuba7_no_odor,2162,2162,True
2024.12.11_19-32-52_Yakuba7_no_odor,2171,2174,True
2024.12.11_19-32-52_Yakuba7_no_odor,2176,2351,True
2024.12.11_19-32-52_Yakuba7_no_odor,2353,2354,True
2024.12.11_19-32-52_Yakuba7_no_odor,2356,2360,True
2024.12.11_19-32-52_Yakuba7_no_odor,2362,2365,True
2024.12.11_19-32-52_Yakuba7_no_odor,2368,4444,True
2024.12.11_19-32-52_Yakuba7_no_odor,6191,8788,True
2024.11.13_02-30-14_Biarmipes_G224_e2hex,1413,1414,True
2024.11.13_02-30-14_Biarmipes_G224_e2hex,1456,1469,True
2024.11.13_02-30-14_Biarmipes_G224_e2hex,1663,1663,True
2024.11.13_02-30-14_Biarmipes_G224_e2hex,1669,1669,True
2024.11.13_02-30-14_Biarmipes_G224_e2hex,1671,1671,True
2024.11.13_02-30-14_Biarmipes_G224_e2hex,1700,1700,True
2024.11.13_02-30-14_Biarmipes_G224_e2hex,1702,2503,True
2024.11.13_02-30-14_Biarmipes_G224_e2hex,3378,3386,True
2024.11.13_02-30-14_Biarmipes_G224_e2hex,3418,3420,True
2024.11.13_02-30-14_Biarmipes_G224_e2hex,3422,3422,True
2024.11.13_02-30-14_Biarmipes_G224_e2hex,3424,3425,True
2024.11.13_02-30-14_Biarmipes_G224_e2hex,3430,3456,True
2024.11.13_02-30-14_Biarmipes_G224_e2hex,3460,3460,True
2024.11.13_02-30-14_Biarmipes_G224_e2hex,3463,3463,True
2024.11.13_02-30-14_Biarmipes_G224_e2hex,3465,3536,True
2024.11.13_02-30-14_Biarmipes_G224_e2hex,3538,3560,True
2024.11.13_02-30-14_Biarmipes_G224_e2hex,3564,3602,True
2024.11.13_02-30-14_Biarmipes_G224_e2hex,3604,3613,True
2024.11.13_02-30-14_Biarmipes_G224_e2hex,3615,3616,True
2024.11.13_02-30-14_Biarmipes_G224_e2hex,3618,3620,True
2024.11.13_02-30-14_Biarmipes_G224_e2hex,3622,3622,True
2024.11.13_02-30-14_Biarmipes_G224_e2hex,3626,3723,True
2024.11.13_02-30-14_Biarmipes_G224_e2hex,3759,3765,True
2024.11.13_02-30-14_Biarmipes_G224_e2hex,3927,3927,True
2024.11.13_02-30-14_Biarmipes_G224_e2hex,3930,3930,True
2024.11.13_02-30-14_Biarmipes_G224_e2hex,3933,3933,True
2024.11.13_02-30-14_Biarmipes_G224_e2hex,4770,5876,True
2024.11.13_02-30-14_Biarmipes_G224_e2hex,6705,6707,True
2024.11.13_02-30-14_Biarmipes_G224_e2hex,7412,8021,True
2024.11.13_02-30-14_Biarmipes_G224_e2hex,8023,8025,True
2024.11.13_02-30-14_Biarmipes_G224_e2hex,8031,8031,True
2024.11.13_02-30-14_Biarmipes_G224_e2hex,8048,8161,True
2024.11.13_02-30-14_Biarmipes_G224_e2hex,8562,8575,True
2024.11.13_02-30-14_Biarmipes_G224_e2hex,8797,8867,True
2024.11.13_02-30-14_Biarmipes_G224_e2hex,8917,8920,True
2024.11.13_02-30-14_Biarmipes_G224_e2hex,8922,8925,True
2024.11.13_02-30-14_Biarmipes_G224_e2hex,8941,8961,True
2024.11.13_02-30-14_Biarmipes_G224_e2hex,8968,8968,True
2024.11.13_02-30-14_Biarmipes_G224_e2hex,8972,8977,True
2024.11.13_02-30-14_Biarmipes_G224_e2hex,8981,8999,True
2024.10.14_11-39-58_CantonS_prenac,2143,4076,True
2024.10.14_11-39-58_CantonS_prenac,4681,4774,True
2024.10.14_11-39-58_CantonS_prenac,4776,5309,True
2024.10.14_11-39-58_CantonS_prenac,6329,6330,True
2024.10.14_11-39-58_CantonS_prenac,6332,6334,True
2024.10.14_11-39-58_CantonS_prenac,6338,6338,True
2024.10.14_11-39-58_CantonS_prenac,6345,6345,True
2024.10.14_11-39-58_CantonS_prenac,6348,6348,True
2024.10.14_11-39-58_CantonS_prenac,6353,6355,True
2024.10.14_11-39-58_CantonS_prenac,6360,6366,True
2024.10.14_11-39-58_CantonS_prenac,6368,6368,True
2024.10.14_11-39-58_CantonS_prenac,6370,6370,True
2024.10.14_11-39-58_CantonS_prenac,6376,6377,True
2024.10.14_11-39-58_CantonS_prenac,6380,6380,True
2024.10.14_11-39-58_CantonS_prenac,6383,6384,True
2024.10.14_11-39-58_CantonS_prenac,6392,6394,True
2024.10.14_11-39-58_CantonS_prenac,6473,6476,True
2024.10.14_11-39-58_CantonS_prenac,6479,6480,True
2024.10.14_11-39-58_CantonS_prenac,6487,6491,True
2024.10.14_11-39-58_CantonS_prenac,6493,6500,True
2024.10.14_11-39-58_CantonS_prenac,6502,6507,True
2024.10.14_11-39-58_CantonS_prenac,6530,6536,True
2024.10.14_11-39-58_CantonS_prenac,6553,6563,True
2024.10.14_11-39-58_CantonS_prenac,6730,6730,True
2024.10.14_11-39-58_CantonS_prenac,6752,6752,True
2024.10.14_11-39-58_CantonS_prenac,6800,6800,True
2024.10.14_11-39-58_CantonS_prenac,6802,6812,True
2024.10.14_11-39-58_CantonS_prenac,6859,6863,True
2024.10.14_11-39-58_CantonS_prenac,6865,6871,True
2024.10.14_11-39-58_CantonS_prenac,6873,6876,True
2024.10.14_11-39-58_CantonS_prenac,6880,6892,True
2024.10.14_11-39-58_CantonS_prenac,7014,7015,True
2024.10.14_11-39-58_CantonS_prenac,7019,7023,True
2024.10.14_11-39-58_CantonS_prenac,7033,7034,True
2024.10.14_11-39-58_CantonS_prenac,7036,7036,True
2024.10.14_11-39-58_CantonS_prenac,7042,7046,True
2024.10.14_11-39-58_CantonS_prenac,7049,7049,True
2024.10.14_11-39-58_CantonS_prenac,7061,7070,True
2024.10.14_11-39-58_CantonS_prenac,7086,7087,True
2024.10.14_11-39-58_CantonS_prenac,7099,7099,True
2024.10.14_11-39-58_CantonS_prenac,7101,7102,True
2024.10.14_11-39-58_CantonS_prenac,7144,7145,True
2024.10.14_11-39-58_CantonS_prenac,7147,7150,True
2024.10.14_11-39-58_CantonS_prenac,7176,7176,True
2024.10.14_11-39-58_CantonS_prenac,7226,7226,True
2024.10.14_11-39-58_CantonS_prenac,7230,7231,True
2024.10.14_11-39-58_CantonS_prenac,7234,7234,True
2024.10.14_11-39-58_CantonS_prenac,7239,7239,True
2024.10.14_11-39-58_CantonS_prenac,7436,7436,True
2024.10.14_11-39-58_CantonS_prenac,7438,7438,True
2024.10.14_11-39-58_CantonS_prenac,7442,7442,True
2024.10.14_11-39-58_CantonS_prenac,7444,7445,True
2024.10.14_11-39-58_CantonS_prenac,7449,7450,True
2024.10.14_11-39-58_CantonS_prenac,7454,7455,True
2024.10.14_11-39-58_CantonS_prenac,7457,7458,True
2024.10.14_11-39-58_CantonS_prenac,7463,7463,True
2024.10.14_11-39-58_CantonS_prenac,7465,7465,True
2024.10.14_11-39-58_CantonS_prenac,7472,7472,True
2024.10.14_11-39-58_CantonS_prenac,7483,7483,True
2024.10.14_11-39-58_CantonS_prenac,7485,7487,True
2024.10.14_11-39-58_CantonS_prenac,7490,7491,True
2024.10.14_11-39-58_CantonS_prenac,7495,7496,True
2024.10.14_11-39-58_CantonS_prenac,7498,7500,True
2024.10.14_11-39-58_CantonS_prenac,7503,7504,True
2024.10.14_11-39-58_CantonS_prenac,7506,7506,True
2024.10.14_11-39-58_CantonS_prenac,7509,7510,True
2024.10.14_11-39-58_CantonS_prenac,7512,7512,True
2024.10.14_11-39-58_CantonS_prenac,7514,7514,True
2024.10.14_11-39-58_CantonS_prenac,7517,7518,True
2024.10.14_11-39-58_CantonS_prenac,7524,7525,True
2024.10.14_11-39-58_CantonS_prenac,7528,7528,True
2024.10.14_11-39-58_CantonS_prenac,7531,7531,True
2024.10.14_11-39-58_CantonS_prenac,7555,7555,True
2024.10.14_11-39-58_CantonS_prenac,7557,7557,True
2024.10.14_11-39-58_CantonS_prenac,7559,7559,True
2024.10.14_11-39-58_CantonS_prenac,7565,7565,True
2024.10.14_11-39-58_CantonS_prenac,7572,7572,True
2024.10.14_11-39-58_CantonS_prenac,7583,7583,True
2024.10.14_11-39-58_CantonS_prenac,7598,7598,True
2024.10.14_11-39-58_CantonS_prenac,7600,7600,True
2024.10.14_11-39-58_CantonS_prenac,7608,7608,True
2024.10.14_11-39-58_CantonS_prenac,7611,7612,True
2024.10.14_11-39-58_CantonS_prenac,7617,7617,True
2024.10.14_11-39-58_CantonS_prenac,7624,7625,True
2024.10.14_11-39-58_CantonS_prenac,7631,7631,True
2024.10.14_11-39-58_CantonS_prenac,7633,7633,True
2024.10.14_11-39-58_CantonS_prenac,7643,7643,True
2024.10.14_11-39-58_CantonS_prenac,7645,7645,True
2024.10.14_11-39-58_CantonS_prenac,7661,7662,True
2024.10.14_11-39-58_CantonS_prenac,7713,7714,True
2024.10.14_11-39-58_CantonS_prenac,7738,7744,True
2024.10.14_11-39-58_CantonS_prenac,7775,7789,True
2024.10.14_11-39-58_CantonS_prenac,7791,7854,True
2024.10.14_11-39-58_CantonS_prenac,7869,7876,True
2024.10.14_11-39-58_CantonS_prenac,8059,8060,True
2024.10.14_11-39-58_CantonS_prenac,8062,8107,True
2024.10.14_11-39-58_CantonS_prenac,8158,8635,True
2024.11.25_18-55-21_Yakuba7_no_odor,4119,4130,True
2024.11.25_18-55-21_Yakuba7_no_odor,4133,4134,True
2024.11.25_18-55-21_Yakuba7_no_odor,4193,4193,True
2024.11.25_18-55-21_Yakuba7_no_odor,4196,4196,True
2024.11.25_18-55-21_Yakuba7_no_odor,4205,4206,True
2024.11.25_18-55-21_Yakuba7_no_odor,4217,4217,True
2024.11.25_18-55-21_Yakuba7_no_odor,4219,4220,True
2024.11.25_18-55-21_Yakuba7_no_odor,4237,4237,True
2024.11.25_18-55-21_Yakuba7_no_odor,4247,4247,True
2024.11.25_18-55-21_Yakuba7_no_odor,4251,4251,True
2024.11.25_18-55-21_Yakuba7_no_odor,4260,4260,True
2024.11.25_18-55-21_Yakuba7_no_odor,4266,4266,True
2024.11.25_18-55-21_Yakuba7_no_odor,4279,4279,True
2024.11.25_18-55-21_Yakuba7_no_odor,4286,4286,True
2024.11.25_18-55-21_Yakuba7_no_odor,4293,4294,True
2024.11.25_18-55-21_Yakuba7_no_odor,4296,4296,True
2024.11.25_18-55-21_Yakuba7_no_odor,4299,4303,True
2024.11.25_18-55-21_Yakuba7_no_odor,4306,4306,True
2024.11.25_18-55-21_Yakuba7_no_odor,4308,4308,True
2024.11.25_18-55-21_Yakuba7_no_odor,4311,4318,True
2024.11.25_18-55-21_Yakuba7_no_odor,4320,4320,True
2024.11.25_18-55-21_Yakuba7_no_odor,4322,4322,True
2024.11.25_18-55-21_Yakuba7_no_odor,4324,4327,True
2024.11.25_18-55-21_Yakuba7_no_odor,4330,4339,True
2024.11.25_18-55-21_Yakuba7_no_odor,4341,4341,True
2024.11.25_18-55-21_Yakuba7_no_odor,4343,4344,True
2024.11.25_18-55-21_Yakuba7_no_odor,4347,4347,True
2024.11.25_18-55-21_Yakuba7_no_odor,4351,4351,True
2024.11.25_18-55-21_Yakuba7_no_odor,4353,4355,True
2024.11.25_18-55-21_Yakuba7_no_odor,4357,4358,True
2024.11.25_18-55-21_Yakuba7_no_odor,4392,4393,True
2024.11.25_18-55-21_Yakuba7_no_odor,4395,4396,True
2024.11.25_18-55-21_Yakuba7_no_odor,4398,4398,True
2024.11.25_18-55-21_Yakuba7_no_odor,4400,4400,True
2024.11.25_18-55-21_Yakuba7_no_odor,4415,4416,True
2024.11.25_18-55-21_Yakuba7_no_odor,4418,4418,True
2024.11.25_18-55-21_Yakuba7_no_odor,4426,4426,True
2024.11.25_18-55-21_Yakuba7_no_odor,4430,4431,True
2024.11.25_18-55-21_Yakuba7_no_odor,4434,4435,True
2024.11.25_18-55-21_Yakuba7_no_odor,4524,4526,True
2024.11.25_18-55-21_Yakuba7_no_odor,4528,4533,True
2024.11.25_18-55-21_Yakuba7_no_odor,4603,4650,True
2024.11.25_18-55-21_Yakuba7_no_odor,4652,4654,True
2024.11.25_18-55-21_Yakuba7_no_odor,4656,4678,True
2024.11.25_18-55-21_Yakuba7_no_odor,4681,4692,True
2024.11.25_18-55-21_Yakuba7_no_odor,4694,4695,True
2024.11.25_18-55-21_Yakuba7_no_odor,4697,4711,True
2024.11.25_18-55-21_Yakuba7_no_odor,4714,4725,True
2024.11.25_18-55-21_Yakuba7_no_odor,4727,4733,True
2024.11.25_18-55-21_Yakuba7_no_odor,4736,4738,True
2024.11.25_18-55-21_Yakuba7_no_odor,4741,4742,True
2024.11.25_18-55-21_Yakuba7_no_odor,4744,4748,True
2024.11.25_18-55-21_Yakuba7_no_odor,4750,4757,True
2024.11.25_18-55-21_Yakuba7_no_odor,4760,4762,True
2024.11.25_18-55-21_Yakuba7_no_odor,4764,4768,True
2024.11.25_18-55-21_Yakuba7_no_odor,4770,4781,True
2024.11.25_18-55-21_Yakuba7_no_odor,4783,4789,True
2024.11.25_18-55-21_Yakuba7_no_odor,4791,4795,True
2024.11.25_18-55-21_Yakuba7_no_odor,4799,4801,True
2024.11.25_18-55-21_Yakuba7_no_odor,4804,4808,True
2024.11.25_18-55-21_Yakuba7_no_odor,4810,4813,True
2024.11.25_18-55-21_Yakuba7_no_odor,4816,4820,True
2024.11.25_18-55-21_Yakuba7_no_odor,4824,4825,True
2024.11.25_18-55-21_Yakuba7_no_odor,4828,4833,True
2024.11.25_18-55-21_Yakuba7_no_odor,4838,4838,True
2024.11.25_18-55-21_Yakuba7_no_odor,4840,4843,True
2024.11.25_18-55-21_Yakuba7_no_odor,4845,4845,True
2024.11.25_18-55-21_Yakuba7_no_odor,4848,4848,True
2024.11.25_18-55-21_Yakuba7_no_odor,4851,4854,True
2024.11.25_18-55-21_Yakuba7_no_odor,4856,4856,True
2024.11.25_18-55-21_Yakuba7_no_odor,4858,4862,True
2024.11.25_18-55-21_Yakuba7_no_odor,4864,4867,True
2024.11.25_18-55-21_Yakuba7_no_odor,4870,4871,True
2024.11.25_18-55-21_Yakuba7_no_odor,4874,4874,True
2024.11.25_18-55-21_Yakuba7_no_odor,4877,4882,True
2024.11.25_18-55-21_Yakuba7_no_odor,4885,4886,True
2024.11.25_18-55-21_Yakuba7_no_odor,4888,4894,True
2024.11.25_18-55-21_Yakuba7_no_odor,4920,4921,True
2024.11.25_18-55-21_Yakuba7_no_odor,4955,4959,True
2024.11.25_18-55-21_Yakuba7_no_odor,4961,4962,True
2024.11.25_18-55-21_Yakuba7_no_odor,4965,4968,True
2024.11.25_18-55-21_Yakuba7_no_odor,4974,4977,True
2024.11.25_18-55-21_Yakuba7_no_odor,4980,5012,True
2024.11.25_18-55-21_Yakuba7_no_odor,5050,5053,True
2024.11.25_18-55-21_Yakuba7_no_odor,5056,5083,True
2024.11.25_18-55-21_Yakuba7_no_odor,5087,5090,True
2024.11.25_18-55-21_Yakuba7_no_odor,5096,5097,True
2024.11.25_18-55-21_Yakuba7_no_odor,5101,5109,True
2024.11.25_18-55-21_Yakuba7_no_odor,5111,5111,True
2024.11.25_18-55-21_Yakuba7_no_odor,5113,5123,True
2024.11.25_18-55-21_Yakuba7_no_odor,5126,5126,True
2024.11.25_18-55-21_Yakuba7_no_odor,5147,5147,True
2024.11.25_18-55-21_Yakuba7_no_odor,5149,5150,True
2024.11.25_18-55-21_Yakuba7_no_odor,5152,5156,True
2024.11.25_18-55-21_Yakuba7_no_odor,5160,5160,True
2024.11.25_18-55-21_Yakuba7_no_odor,5178,5182,True
2024.11.25_18-55-21_Yakuba7_no_odor,5185,5186,True
2024.11.25_18-55-21_Yakuba7_no_odor,5189,5189,True
2024.11.25_18-55-21_Yakuba7_no_odor,5191,5191,True
2024.11.25_18-55-21_Yakuba7_no_odor,5198,5198,True
2024.11.25_18-55-21_Yakuba7_no_odor,5203,5203,True
2024.11.25_18-55-21_Yakuba7_no_odor,5214,5214,True
2024.11.25_18-55-21_Yakuba7_no_odor,5217,5219,True
2024.11.25_18-55-21_Yakuba7_no_odor,5263,5283,True
2024.11.25_18-55-21_Yakuba7_no_odor,5285,5286,True
2024.11.25_18-55-21_Yakuba7_no_odor,5288,5290,True
2024.11.25_18-55-21_Yakuba7_no_odor,5293,5293,True
2024.11.25_18-55-21_Yakuba7_no_odor,5295,5298,True
2024.11.25_18-55-21_Yakuba7_no_odor,5300,5301,True
2024.11.25_18-55-21_Yakuba7_no_odor,5303,5304,True
2024.11.25_18-55-21_Yakuba7_no_odor,5306,5325,True
2024.11.25_18-55-21_Yakuba7_no_odor,5395,5395,True
2024.11.25_18-55-21_Yakuba7_no_odor,5404,5404,True
2024.11.25_18-55-21_Yakuba7_no_odor,5406,5406,True
2024.11.25_18-55-21_Yakuba7_no_odor,5408,5408,True
2024.11.25_18-55-21_Yakuba7_no_odor,5413,5413,True
2024.11.25_18-55-21_Yakuba7_no_odor,5418,5418,True
2024.11.25_18-55-21_Yakuba7_no_odor,5434,5434,True
2024.11.25_18-55-21_Yakuba7_no_odor,5446,5447,True
2024.11.25_18-55-21_Yakuba7_no_odor,5450,5450,True
2024.11.25_18-55-21_Yakuba7_no_odor,5458,5459,True
2024.11.25_18-55-21_Yakuba7_no_odor,5462,5464,True
2024.11.25_18-55-21_Yakuba7_no_odor,5466,5466,True
2024.11.25_18-55-21_Yakuba7_no_odor,5479,5479,True
2024.11.25_18-55-21_Yakuba7_no_odor,5483,5485,True
2024.11.25_18-55-21_Yakuba7_no_odor,5487,5489,True
2024.11.25_18-55-21_Yakuba7_no_odor,5491,5494,True
2024.11.25_18-55-21_Yakuba7_no_odor,5496,5501,True
2024.11.25_18-55-21_Yakuba7_no_odor,5503,5504,True
2024.11.25_18-55-21_Yakuba7_no_odor,5508,5508,True
2024.11.25_18-55-21_Yakuba7_no_odor,5510,5534,True
2024.11.25_18-55-21_Yakuba7_no_odor,5538,5539,True
2024.11.25_18-55-21_Yakuba7_no_odor,5541,5541,True
2024.11.25_18-55-21_Yakuba7_no_odor,5543,5553,True
2024.11.25_18-55-21_Yakuba7_no_odor,5556,5557,True
2024.11.25_18-55-21_Yakuba7_no_odor,5560,5562,True
2024.11.25_18-55-21_Yakuba7_no_odor,5564,5571,True
2024.11.25_18-55-21_Yakuba7_no_odor,5574,5574,True
2024.11.25_18-55-21_Yakuba7_no_odor,5576,5580,True
2024.11.25_18-55-21_Yakuba7_no_odor,5582,5583,True
2024.11.25_18-55-21_Yakuba7_no_odor,5585,5585,True
2024.11.25_18-55-21_Yakuba7_no_odor,5587,5587,True
2024.11.25_18-55-21_Yakuba7_no_odor,5589,5590,True
2024.11.25_18-55-21_Yakuba7_no_odor,5593,5593,True
2024.11.25_18-55-21_Yakuba7_no_odor,5595,5595,True
2024.11.25_18-55-21_Yakuba7_no_odor,5597,5605,True
2024.11.25_18-55-21_Yakuba7_no_odor,5608,5608,True
2024.11.25_18-55-21_Yakuba7_no_odor,5611,5618,True
2024.11.25_18-55-21_Yakuba7_no_odor,5620,5620,True
2024.11.25_18-55-21_Yakuba7_no_odor,5622,5625,True
2024.11.25_18-55-21_Yakuba7_no_odor,5627,5627,True
2024.11.25_18-55-21_Yakuba7_no_odor,5629,5630,True
2024.11.25_18-55-21_Yakuba7_no_odor,5635,5642,True
2024.11.25_18-55-21_Yakuba7_no_odor,5644,5656,True
2024.11.25_18-55-21_Yakuba7_no_odor,5665,5665,True
2024.11.25_18-55-21_Yakuba7_no_odor,5667,5667,True
2024.11.25_18-55-21_Yakuba7_no_odor,5671,5674,True
2024.11.25_18-55-21_Yakuba7_no_odor,5676,5676,True
2024.11.25_18-55-21_Yakuba7_no_odor,5700,5702,True
2024.11.25_18-55-21_Yakuba7_no_odor,5738,5739,True
2024.11.25_18-55-21_Yakuba7_no_odor,5747,5747,True
2024.11.25_18-55-21_Yakuba7_no_odor,5810,5823,True
2024.11.25_18-55-21_Yakuba7_no_odor,5825,5825,True
2024.11.25_18-55-21_Yakuba7_no_odor,5827,5827,True
2024.11.25_18-55-21_Yakuba7_no_odor,5829,5841,True
2024.11.25_18-55-21_Yakuba7_no_odor,5867,5869,True
2024.11.25_18-55-21_Yakuba7_no_odor,5877,5877,True
2024.11.25_18-55-21_Yakuba7_no_odor,5879,5879,True
2024.11.25_18-55-21_Yakuba7_no_odor,5881,5881,True
2024.11.25_18-55-21_Yakuba7_no_odor,5883,5888,True
2024.11.25_18-55-21_Yakuba7_no_odor,5891,5894,True
2024.11.25_18-55-21_Yakuba7_no_odor,5896,5897,True
2024.11.25_18-55-21_Yakuba7_no_odor,5908,5914,True
2024.11.25_18-55-21_Yakuba7_no_odor,5965,5966,True
2024.11.25_18-55-21_Yakuba7_no_odor,5968,5987,True
2024.11.25_18-55-21_Yakuba7_no_odor,5989,6143,True
2024.11.25_18-55-21_Yakuba7_no_odor,6145,6149,True
2024.11.25_18-55-21_Yakuba7_no_odor,6152,7865,True
2024.10.15_13-07-17_Sechellia_prenac,1328,1328,True
2024.10.15_13-07-17_Sechellia_prenac,1342,1342,True
2024.10.15_13-07-17_Sechellia_prenac,1355,1356,True
2024.10.15_13-07-17_Sechellia_prenac,1460,1462,True
2024.10.15_13-07-17_Sechellia_prenac,1468,1468,True
2024.10.15_13-07-17_Sechellia_prenac,1484,1485,True
2024.10.15_13-07-17_Sechellia_prenac,1817,3432,True
2024.10.15_13-07-17_Sechellia_prenac,3780,3964,True
2024.10.15_13-07-17_Sechellia_prenac,4790,4795,True
2024.10.15_13-07-17_Sechellia_prenac,4797,4812,True
2024.10.15_13-07-17_Sechellia_prenac,4854,4859,True
2024.10.15_13-07-17_Sechellia_prenac,4873,4892,True
2024.10.15_13-07-17_Sechellia_prenac,4894,4902,True
2024.10.15_13-07-17_Sechellia_prenac,4904,4905,True
2024.10.15_13-07-17_Sechellia_prenac,4907,4922,True
2024.10.15_13-07-17_Sechellia_prenac,4959,4960,True
2024.10.15_13-07-17_Sechellia_prenac,4962,4962,True
2024.10.15_13-07-17_Sechellia_prenac,4967,4967,True
2024.10.15_13-07-17_Sechellia_prenac,4975,4975,True
2024.10.15_13-07-17_Sechellia_prenac,5018,5034,True
2024.10.15_13-07-17_Sechellia_prenac,5041,5045,True
2024.10.15_13-07-17_Sechellia_prenac,5049,5049,True
2024.10.15_13-07-17_Sechellia_prenac,5052,5052,True
2024.10.15_13-07-17_Sechellia_prenac,5121,5133,True
2024.10.15_13-07-17_Sechellia_prenac,5135,5136,True
2024.10.15_13-07-17_Sechellia_prenac,5138,5179,True
2024.10.15_13-07-17_Sechellia_prenac,5181,5181,True
2024.10.15_13-07-17_Sechellia_prenac,5185,5185,True
2024.10.15_13-07-17_Sechellia_prenac,5230,5239,True
2024.10.15_13-07-17_Sechellia_prenac,5248,5248,True
2024.10.15_13-07-17_Sechellia_prenac,5250,5261,True
2024.10.15_13-07-17_Sechellia_prenac,5263,5263,True
2024.10.15_13-07-17_Sechellia_prenac,5275,5325,True
2024.10.15_13-07-17_Sechellia_prenac,5327,5464,True
2024.10.15_13-07-17_Sechellia_prenac,5466,5509,True
2024.10.15_13-07-17_Sechellia_prenac,5511,5708,True
2024.10.15_13-07-17_Sechellia_prenac,5710,5717,True
2024.10.15_13-07-17_Sechellia_prenac,5719,5793,True
2024.10.15_13-07-17_Sechellia_prenac,5795,5798,True
2024.10.15_13-07-17_Sechellia_prenac,5800,5800,True
2024.10.15_13-07-17_Sechellia_prenac,5802,7092,True
2024.10.28_08-58-33_sto_car_metben,3,814,True
2024.10.28_08-58-33_sto_car_metben,3512,3970,True
2024.10.28_08-58-33_sto_car_metben,3972,3981,True
2024.10.28_08-58-33_sto_car_metben,3983,3985,True
2024.10.28_08-58-33_sto_car_metben,3990,5244,True
2024.10.28_08-58-33_sto_car_metben,6419,6443,True
2024.10.28_08-58-33_sto_car_metben,6450,6475,True
2024.10.28_08-58-33_sto_car_metben,6539,6540,True
2024.10.28_08-58-33_sto_car_metben,6542,6544,True
2024.10.28_08-58-33_sto_car_metben,6547,6547,True
2024.10.28_08-58-33_sto_car_metben,6583,6583,True
2024.10.28_08-58-33_sto_car_metben,6586,7444,True
2024.10.28_08-58-33_sto_car_metben,7493,7547,True
2024.07.10_13-22-47_Riverside (MetBen),3545,6830,True
2024.07.10_13-22-47_Riverside (MetBen),7434,7797,True
2024.07.10_13-22-47_Riverside (MetBen),7974,8999,True
2024.11.12_06-36-24_Yakuba_cameroon_e2hex,3,2191,True
2024.11.12_06-36-24_Yakuba_cameroon_e2hex,2193,2907,True
2024.11.12_06-36-24_Yakuba_cameroon_e2hex,2910,2910,True
2024.11.12_06-36-24_Yakuba_cameroon_e2hex,2913,2914,True
2024.11.12_06-36-24_Yakuba_cameroon_e2hex,2916,2919,True
2024.11.12_06-36-24_Yakuba_cameroon_e2hex,2921,2925,True
2024.11.12_06-36-24_Yakuba_cameroon_e2hex,2927,3096,True
2024.11.12_06-36-24_Yakuba_cameroon_e2hex,3401,3401,True
2024.11.12_06-36-24_Yakuba_cameroon_e2hex,3410,3410,True
2024.11.12_06-36-24_Yakuba_cameroon_e2hex,3423,3444,True
2024.11.12_06-36-24_Yakuba_cameroon_e2hex,3494,3499,True
2024.11.12_06-36-24_Yakuba_cameroon_e2hex,3501,3517,True
2024.11.12_06-36-24_Yakuba_cameroon_e2hex,3519,3642,True
2024.11.12_06-36-24_Yakuba_cameroon_e2hex,3644,3648,True
2024.11.12_06-36-24_Yakuba_cameroon_e2hex,3650,3910,True
2024.11.12_06-36-24_Yakuba_cameroon_e2hex,3912,3912,True
2024.11.12_06-36-24_Yakuba_cameroon_e2hex,3916,4068,True
2024.11.12_06-36-24_Yakuba_cameroon_e2hex,4093,4098,True
2024.11.12_06-36-24_Yakuba_cameroon_e2hex,4497,4575,True
2024.11.12_06-36-24_Yakuba_cameroon_e2hex,5259,5259,True
2024.11.12_06-36-24_Yakuba_cameroon_e2hex,5290,5290,True
2024.11.12_06-36-24_Yakuba_cameroon_e2hex,5321,5323,True
2024.11.12_06-36-24_Yakuba_cameroon_e2hex,5327,6086,True
2024.11.12_06-36-24_Yakuba_cameroon_e2hex,6088,6199,True
2024.11.12_06-36-24_Yakuba_cameroon_e2hex,6201,6212,True
2024.11.12_06-36-24_Yakuba_cameroon_e2hex,6214,6693,True
2024.11.12_06-36-24_Yakuba_cameroon_e2hex,6878,7622,True
2024.11.12_06-36-24_Yakuba_cameroon_e2hex,7624,7625,True
2024.11.12_06-36-24_Yakuba_cameroon_e2hex,7631,7665,True
2024.11.12_06-36-24_Yakuba_cameroon_e2hex,7667,7672,True
2024.11.12_06-36-24_Yakuba_cameroon_e2hex,7675,7675,True
2024.11.12_06-36-24_Yakuba_cameroon_e2hex,7677,7677,True
2024.11.12_06-36-24_Yakuba_cameroon_e2hex,7704,7704,True
2024.11.12_06-36-24_Yakuba_cameroon_e2hex,7706,7706,True
2024.11.12_06-36-24_Yakuba_cameroon_e2hex,8792,8819,True
2024.11.12_06-36-24_Yakuba_cameroon_e2hex,8849,8896,True
2024.11.12_06-36-24_Yakuba_cameroon_e2hex,8901,8905,True
2024.11.12_06-36-24_Yakuba_cameroon_e2hex,8912,8927,True
2024.11.12_06-36-24_Yakuba_cameroon_e2hex,8960,8969,True
2024.11.12_06-36-24_Yakuba_cameroon_e2hex,8971,8971,True
2024.11.12_06-36-24_Yakuba_cameroon_e2hex,8973,8999,True
2024.10.25_07-10-10_CantonS_metben,4766,4767,True
2024.10.25_07-10-10_CantonS_metben,4769,5164,True
2024.10.25_07-10-10_CantonS_metben,5166,5241,True
2024.10.25_07-10-10_CantonS_metben,5244,5244,True
2024.10.25_07-10-10_CantonS_metben,5247,5248,True
2024.10.25_07-10-10_CantonS_metben,5250,5252,True
2024.10.25_07-10-10_CantonS_metben,5254,5258,True
2024.10.25_07-10-10_CantonS_metben,5260,5264,True
2024.10.25_07-10-10_CantonS_metben,5266,5280,True
2024.10.25_07-10-10_CantonS_metben,5282,7139,True
2024.10.11_12-05-05_Sto_car_2hexanol,6,6,True
2024.10.11_12-05-05_Sto_car_2hexanol,9,9,True
2024.10.11_12-05-05_Sto_car_2hexanol,16,17,True
2024.10.11_12-05-05_Sto_car_2hexanol,49,52,True
2024.10.11_12-05-05_Sto_car_2hexanol,54,55,True
2024.10.11_12-05-05_Sto_car_2hexanol,58,59,True
2024.10.11_12-05-05_Sto_car_2hexanol,61,71,True
2024.10.11_12-05-05_Sto_car_2hexanol,73,73,True
2024.10.11_12-05-05_Sto_car_2hexanol,75,82,True
2024.10.11_12-05-05_Sto_car_2hexanol,96,109,True
2024.10.11_12-05-05_Sto_car_2hexanol,146,146,True
2024.10.11_12-05-05_Sto_car_2hexanol,148,148,True
2024.10.11_12-05-05_Sto_car_2hexanol,200,241,True
2024.10.11_12-05-05_Sto_car_2hexanol,251,251,True
2024.10.11_12-05-05_Sto_car_2hexanol,253,295,True
2024.10.11_12-05-05_Sto_car_2hexanol,1302,1326,True
2024.10.11_12-05-05_Sto_car_2hexanol,1379,1414,True
2024.10.11_12-05-05_Sto_car_2hexanol,1519,1522,True
2024.10.11_12-05-05_Sto_car_2hexanol,1989,1991,True
2024.10.11_12-05-05_Sto_car_2hexanol,1995,1995,True
2024.10.11_12-05-05_Sto_car_2hexanol,2002,2066,True
2024.10.11_12-05-05_Sto_car_2hexanol,2219,2262,True
2024.10.11_12-05-05_Sto_car_2hexanol,2276,2360,True
2024.10.11_12-05-05_Sto_car_2hexanol,2746,3677,True
2024.10.11_12-05-05_Sto_car_2hexanol,3972,4338,True
2024.10.11_12-05-05_Sto_car_2hexanol,4340,4340,True
2024.10.11_12-05-05_Sto_car_2hexanol,4348,4461,True
2024.10.11_12-05-05_Sto_car_2hexanol,4463,4463,True
2024.10.11_12-05-05_Sto_car_2hexanol,4488,4531,True
2024.10.11_12-05-05_Sto_car_2hexanol,4555,4616,True
2024.10.11_12-05-05_Sto_car_2hexanol,4618,4619,True
2024.10.11_12-05-05_Sto_car_2hexanol,4621,4621,True
2024.10.11_12-05-05_Sto_car_2hexanol,4623,4623,True
2024.10.11_12-05-05_Sto_car_2hexanol,4636,5183,True
2024.10.11_12-05-05_Sto_car_2hexanol,5186,5204,True
2024.10.11_12-05-05_Sto_car_2hexanol,6683,6940,True
2024.10.11_12-05-05_Sto_car_2hexanol,6988,7052,True
2024.10.11_12-05-05_Sto_car_2hexanol,7056,7056,True
2024.10.11_12-05-05_Sto_car_2hexanol,7062,7798,True
2024.10.11_12-05-05_Sto_car_2hexanol,7810,7865,True
2024.10.11_12-05-05_Sto_car_2hexanol,7869,7869,True
2024.10.11_12-05-05_Sto_car_2hexanol,7875,8782,True
2024.10.11_12-05-05_Sto_car_2hexanol,8910,8916,True
2024.10.11_12-05-05_Sto_car_2hexanol,8918,8919,True
2024.10.11_12-05-05_Sto_car_2hexanol,8921,8999,True
2024.11.01_09-07-54_sto_car_e2hex,3,634,True
2024.11.01_09-07-54_sto_car_e2hex,636,641,True
2024.11.01_09-07-54_sto_car_e2hex,643,717,True
2024.11.01_09-07-54_sto_car_e2hex,719,720,True
2024.11.01_09-07-54_sto_car_e2hex,725,797,True
2024.11.01_09-07-54_sto_car_e2hex,799,946,True
2024.11.01_09-07-54_sto_car_e2hex,948,1031,True
2024.11.01_09-07-54_sto_car_e2hex,1038,1040,True
2024.11.01_09-07-54_sto_car_e2hex,1623,2124,True
2024.11.01_09-07-54_sto_car_e2hex,2126,2629,True
2024.11.01_09-07-54_sto_car_e2hex,4231,5727,True
2024.11.01_09-07-54_sto_car_e2hex,6803,6950,True
2024.11.01_09-07-54_sto_car_e2hex,7312,7711,True
2024.11.01_09-07-54_sto_car_e2hex,7717,8032,True
2024.09.30_14-37-55_Yakuba_cameroon_no_odor,3,227,True
2024.09.30_14-37-55_Yakuba_cameroon_no_odor,747,769,True
2024.09.30_14-37-55_Yakuba_cameroon_no_odor,1439,4103,True
2024.09.30_14-37-55_Yakuba_cameroon_no_odor,6860,6868,True
2024.09.30_14-37-55_Yakuba_cameroon_no_odor,7156,7216,True
2024.09.30_14-37-55_Yakuba_cameroon_no_odor,7218,7265,True
2024.09.30_14-37-55_Yakuba_cameroon_no_odor,7267,7274,True
2024.09.30_14-37-55_Yakuba_cameroon_no_odor,7276,7281,True
2024.09.30_14-37-55_Yakuba_cameroon_no_odor,7283,7287,True
2024.09.30_14-37-55_Yakuba_cameroon_no_odor,7289,7290,True
2024.09.30_14-37-55_Yakuba_cameroon_no_odor,7292,7292,True
2024.09.30_14-37-55_Yakuba_cameroon_no_odor,7294,7306,True
2024.09.30_14-37-55_Yakuba_cameroon_no_odor,7308,7309,True
2024.09.30_14-37-55_Yakuba_cameroon_no_odor,7312,7318,True
2024.09.30_14-37-55_Yakuba_cameroon_no_odor,7320,7320,True
2024.09.30_14-37-55_Yakuba_cameroon_no_odor,7322,7322,True
2024.09.30_14-37-55_Yakuba_cameroon_no_odor,7325,7337,True
2024.09.30_14-37-55_Yakuba_cameroon_no_odor,7339,7342,True
2024.09.30_14-37-55_Yakuba_cameroon_no_odor,7346,7346,True
2024.09.30_14-37-55_Yakuba_cameroon_no_odor,7348,7349,True
2024.09.30_14-37-55_Yakuba_cameroon_no_odor,7351,7351,True
2024.09.30_14-37-55_Yakuba_cameroon_no_odor,7353,7354,True
2024.09.30_14-37-55_Yakuba_cameroon_no_odor,7551,7553,True
2024.09.30_14-37-55_Yakuba_cameroon_no_odor,7558,7561,True
2024.09.30_14-37-55_Yakuba_cameroon_no_odor,7565,7569,True
2024.09.30_14-37-55_Yakuba_cameroon_no_odor,7572,7574,True
2024.09.30_14-37-55_Yakuba_cameroon_no_odor,7577,7588,True
2024.09.30_14-37-55_Yakuba_cameroon_no_odor,7590,7707,True
2024.09.30_14-37-55_Yakuba_cameroon_no_odor,7709,7709,True
2024.09.30_14-37-55_Yakuba_cameroon_no_odor,7711,7711,True
2024.09.30_14-37-55_Yakuba_cameroon_no_odor,7713,7714,True
2024.09.30_14-37-55_Yakuba_cameroon_no_odor,7716,7730,True
2024.09.30_14-37-55_Yakuba_cameroon_no_odor,7732,7732,True
2024.09.30_14-37-55_Yakuba_cameroon_no_odor,7735,7738,True
2024.09.30_14-37-55_Yakuba_cameroon_no_odor,7740,7740,True
2024.09.30_14-37-55_Yakuba_cameroon_no_odor,7742,7744,True
2024.09.30_14-37-55_Yakuba_cameroon_no_odor,7746,7746,True
2024.09.30_14-37-55_Yakuba_cameroon_no_odor,7748,7751,True
2024.09.30_14-37-55_Yakuba_cameroon_no_odor,7753,7753,True
2024.09.30_14-37-55_Yakuba_cameroon_no_odor,7757,7759,True
2024.09.30_14-37-55_Yakuba_cameroon_no_odor,7763,7763,True
2024.09.30_14-37-55_Yakuba_cameroon_no_odor,7765,7770,True
2024.09.30_14-37-55_Yakuba_cameroon_no_odor,7772,7779,True
2024.09.30_14-37-55_Yakuba_cameroon_no_odor,7781,7781,True
2024.09.30_14-37-55_Yakuba_cameroon_no_odor,7783,7791,True
2024.09.30_14-37-55_Yakuba_cameroon_no_odor,7793,8982,True
2025.04.08_11-25-49_Sussex_metbut,392,394,True
2025.04.08_11-25-49_Sussex_metbut,879,880,True
2025.04.08_11-25-49_Sussex_metbut,882,882,True
2025.04.08_11-25-49_Sussex_metbut,884,885,True
2025.04.08_11-25-49_Sussex_metbut,1017,1040,True
2025.04.08_11-25-49_Sussex_metbut,1063,1063,True
2025.04.08_11-25-49_Sussex_metbut,1065,1065,True
2025.04.08_11-25-49_Sussex_metbut,1070,1094,True
2025.04.08_11-25-49_Sussex_metbut,1129,1150,True
2025.04.08_11-25-49_Sussex_metbut,1152,1162,True
2025.04.08_11-25-49_Sussex_metbut,1178,1178,True
2025.04.08_11-25-49_Sussex_metbut,1199,1205,True
2025.04.08_11-25-49_Sussex_metbut,1449,2212,True
2025.04.08_11-25-49_Sussex_metbut,3224,3225,True
2025.04.08_11-25-49_Sussex_metbut,3253,3253,True
2025.04.08_11-25-49_Sussex_metbut,3256,3266,True
2025.04.08_11-25-49_Sussex_metbut,3317,3344,True
2025.04.08_11-25-49_Sussex_metbut,3580,3607,True
2025.04.08_11-25-49_Sussex_metbut,3656,4687,True
2025.04.08_11-25-49_Sussex_metbut,4724,4732,True
2025.04.08_11-25-49_Sussex_metbut,7862,7863,True
2025.04.08_11-25-49_Sussex_metbut,7866,7866,True
2025.04.08_11-25-49_Sussex_metbut,7869,7869,True
2025.04.08_11-25-49_Sussex_metbut,7873,7876,True
2025.04.08_11-25-49_Sussex_metbut,7878,7886,True
2025.04.08_11-25-49_Sussex_metbut,7911,7915,True
2025.04.08_11-25-49_Sussex_metbut,7918,7930,True
2025.04.08_11-25-49_Sussex_metbut,7932,7952,True
2025.04.08_11-25-49_Sussex_metbut,7954,7955,True
2025.04.08_11-25-49_Sussex_metbut,7957,7959,True
2025.04.08_11-25-49_Sussex_metbut,7961,7962,True
2025.04.08_11-25-49_Sussex_metbut,7964,7964,True
2025.04.08_11-25-49_Sussex_metbut,7966,7967,True
2025.04.08_11-25-49_Sussex_metbut,7969,7980,True
2025.04.08_11-25-49_Sussex_metbut,7982,7982,True
2025.04.08_11-25-49_Sussex_metbut,7985,7985,True
2025.04.08_11-25-49_Sussex_metbut,7987,7987,True
2025.04.08_11-25-49_Sussex_metbut,7989,8607,True
2025.04.08_11-25-49_Sussex_metbut,8609,8623,True
2025.04.08_11-25-49_Sussex_metbut,8625,8666,True
2025.04.08_11-25-49_Sussex_metbut,8668,8671,True
2025.04.08_11-25-49_Sussex_metbut,8673,8681,True
2025.04.08_11-25-49_Sussex_metbut,8683,8704,True
2025.04.08_11-25-49_Sussex_metbut,8706,8722,True
2025.04.08_11-25-49_Sussex_metbut,8725,8731,True
2025.04.08_11-25-49_Sussex_metbut,8733,8742,True
2025.04.08_11-25-49_Sussex_metbut,8744,8751,True
2025.04.08_11-25-49_Sussex_metbut,8754,8754,True
2025.04.08_11-25-49_Sussex_metbut,8756,8772,True
2025.04.08_11-25-49_Sussex_metbut,8774,8775,True
2025.04.08_11-25-49_Sussex_metbut,8777,8778,True
2025.04.08_11-25-49_Sussex_metbut,8780,8782,True
2025.04.08_11-25-49_Sussex_metbut,8784,8786,True
2025.04.08_11-25-49_Sussex_metbut,8826,8826,True
2024.07.08_13-43-06_Riverside (E-2-Hex),3,576,True
2024.07.08_13-43-06_Riverside (E-2-Hex),606,634,True
2024.07.08_13-43-06_Riverside (E-2-Hex),641,1193,True
2024.07.08_13-43-06_Riverside (E-2-Hex),1239,1328,True
2024.07.08_13-43-06_Riverside (E-2-Hex),1767,1767,True
2024.07.08_13-43-06_Riverside (E-2-Hex),1792,1794,True
2024.07.08_13-43-06_Riverside (E-2-Hex),1817,1817,True
2024.07.08_13-43-06_Riverside (E-2-Hex),1821,1821,True
2024.07.08_13-43-06_Riverside (E-2-Hex),1823,1823,True
2024.07.08_13-43-06_Riverside (E-2-Hex),1826,1827,True
2024.07.08_13-43-06_Riverside (E-2-Hex),1832,1832,True
2024.07.08_13-43-06_Riverside (E-2-Hex),1845,1845,True
2024.07.08_13-43-06_Riverside (E-2-Hex),1870,1870,True
2024.07.08_13-43-06_Riverside (E-2-Hex),1875,1875,True
2024.07.08_13-43-06_Riverside (E-2-Hex),1878,1878,True
2024.07.08_13-43-06_Riverside (E-2-Hex),1880,1880,True
2024.07.08_13-43-06_Riverside (E-2-Hex),1882,1882,True
2024.07.08_13-43-06_Riverside (E-2-Hex),1885,1885,True
2024.07.08_13-43-06_Riverside (E-2-Hex),1889,1889,True
2024.07.08_13-43-06_Riverside (E-2-Hex),1903,1903,True
2024.07.08_13-43-06_Riverside (E-2-Hex),2795,2795,True
2024.07.08_13-43-06_Riverside (E-2-Hex),3602,5250,True
2024.07.08_13-43-06_Riverside (E-2-Hex),5644,6191,True
2024.07.08_13-43-06_Riverside (E-2-Hex),6193,6534,True
2024.07.08_13-43-06_Riverside (E-2-Hex),8597,8999,True
2024.10.25_08-56-09_Sussex_metben,454,454,True
2024.10.25_08-56-09_Sussex_metben,457,457,True
2024.10.25_08-56-09_Sussex_metben,460,460,True
2024.10.25_08-56-09_Sussex_metben,462,612,True
2024.10.25_08-56-09_Sussex_metben,634,634,True
2024.10.25_08-56-09_Sussex_metben,636,643,True
2024.10.25_08-56-09_Sussex_metben,645,645,True
2024.10.25_08-56-09_Sussex_metben,648,768,True
2024.10.25_08-56-09_Sussex_metben,1142,1690,True
2024.10.25_08-56-09_Sussex_metben,1692,1698,True
2024.10.25_08-56-09_Sussex_metben,1700,1866,True
2024.10.25_08-56-09_Sussex_metben,1868,1869,True
2024.10.25_08-56-09_Sussex_metben,1871,1891,True
2024.10.25_08-56-09_Sussex_metben,1893,1895,True
2024.10.25_08-56-09_Sussex_metben,1897,2061,True
2024.10.25_08-56-09_Sussex_metben,2063,2066,True
2024.10.25_08-56-09_Sussex_metben,3903,5389,True
2024.10.25_08-56-09_Sussex_metben,5395,5396,True
2024.10.25_08-56-09_Sussex_metben,5767,5767,True
2024.10.25_08-56-09_Sussex_metben,5769,5771,True
2024.10.25_08-56-09_Sussex_metben,7543,7543,True
2024.10.25_08-56-09_Sussex_metben,7546,7716,True
2024.10.25_08-56-09_Sussex_metben,7718,7718,True
2024.10.25_08-56-09_Sussex_metben,7720,7722,True
2024.10.25_08-56-09_Sussex_metben,7725,7726,True
2024.10.25_08-56-09_Sussex_metben,7731,7732,True
2024.10.25_08-56-09_Sussex_metben,7737,7737,True
2024.10.25_08-56-09_Sussex_metben,7739,7740,True
2024.10.25_08-56-09_Sussex_metben,7745,7745,True
2024.10.25_08-56-09_Sussex_metben,7749,7749,True
2024.10.25_08-56-09_Sussex_metben,7751,7753,True
2024.10.25_08-56-09_Sussex_metben,7761,7761,True
2024.10.25_08-56-09_Sussex_metben,7768,7768,True
2024.10.25_08-56-09_Sussex_metben,7770,7770,True
2024.10.25_08-56-09_Sussex_metben,7774,7774,True
2024.10.25_08-56-09_Sussex_metben,7778,7779,True
2024.10.25_08-56-09_Sussex_metben,7781,7781,True
2024.10.25_08-56-09_Sussex_metben,7784,7788,True
2024.10.25_08-56-09_Sussex_metben,7790,7790,True
2024.10.25_08-56-09_Sussex_metben,7792,7809,True
2024.10.25_08-56-09_Sussex_metben,7811,7813,True
2024.10.25_08-56-09_Sussex_metben,7815,8915,True
2024.10.28_07-03-50_stocago_metben,2086,2107,True
2024.10.28_07-03-50_stocago_metben,2626,2906,True
2024.10.28_07-03-50_stocago_metben,3814,4463,True
2024.10.28_07-03-50_stocago_metben,4466,4873,True
2024.10.28_07-03-50_stocago_metben,4878,4878,True
2024.10.28_07-03-50_stocago_metben,4880,5092,True
2024.10.28_07-03-50_stocago_metben,5097,5417,True
2024.10.28_07-03-50_stocago_metben,5436,5443,True
2024.10.28_07-03-50_stocago_metben,5479,6242,True
2024.10.28_07-03-50_stocago_metben,7559,7559,True
2024.10.28_07-03-50_stocago_metben,7571,8116,True
2024.10.28_07-03-50_stocago_metben,8230,8345,True
2024.10.28_07-03-50_stocago_metben,8377,8411,True
2024.10.28_07-03-50_stocago_metben,8645,8650,True
2024.10.28_07-03-50_stocago_metben,8653,8713,True
2024.10.28_07-03-50_stocago_metben,8716,8721,True
2024.10.28_07-03-50_stocago_metben,8723,8723,True
2024.10.28_07-03-50_stocago_metben,8725,8791,True
2024.10.28_07-03-50_stocago_metben,8803,8851,True
2024.10.03_14-07-09_Yakuba_cameroon_2hex,3,350,True
2024.10.03_14-07-09_Yakuba_cameroon_2hex,1696,2851,True
2024.10.03_14-07-09_Yakuba_cameroon_2hex,2966,2966,True
2024.10.03_14-07-09_Yakuba_cameroon_2hex,2969,3091,True
2024.10.03_14-07-09_Yakuba_cameroon_2hex,3093,3093,True
2024.10.03_14-07-09_Yakuba_cameroon_2hex,3099,3122,True
2024.10.03_14-07-09_Yakuba_cameroon_2hex,4074,4074,True
2024.10.03_14-07-09_Yakuba_cameroon_2hex,4327,4330,True
2024.10.03_14-07-09_Yakuba_cameroon_2hex,4408,4411,True
2024.10.03_14-07-09_Yakuba_cameroon_2hex,4413,4421,True
2024.10.03_14-07-09_Yakuba_cameroon_2hex,4546,4548,True
2024.10.03_14-07-09_Yakuba_cameroon_2hex,4550,4551,True
2024.10.03_14-07-09_Yakuba_cameroon_2hex,4554,4568,True
2024.10.03_14-07-09_Yakuba_cameroon_2hex,4607,4607,True
2024.10.03_14-07-09_Yakuba_cameroon_2hex,4612,4635,True
2024.10.03_14-07-09_Yakuba_cameroon_2hex,4644,4645,True
2024.10.03_14-07-09_Yakuba_cameroon_2hex,4647,4948,True
2024.10.03_14-07-09_Yakuba_cameroon_2hex,4952,4952,True
2024.10.03_14-07-09_Yakuba_cameroon_2hex,4954,4956,True
2024.10.03_14-07-09_Yakuba_cameroon_2hex,4958,4995,True
2024.10.03_14-07-09_Yakuba_cameroon_2hex,4997,4998,True
2024.10.03_14-07-09_Yakuba_cameroon_2hex,5006,5006,True
2024.10.03_14-07-09_Yakuba_cameroon_2hex,5011,5011,True
2024.10.03_14-07-09_Yakuba_cameroon_2hex,5013,5013,True
2024.10.03_14-07-09_Yakuba_cameroon_2hex,5015,5023,True
2024.10.03_14-07-09_Yakuba_cameroon_2hex,5025,5829,True
2024.10.03_14-07-09_Yakuba_cameroon_2hex,5831,5892,True
2024.10.03_14-07-09_Yakuba_cameroon_2hex,5900,5900,True
2024.10.03_14-07-09_Yakuba_cameroon_2hex,5905,6211,True
2024.10.03_14-07-09_Yakuba_cameroon_2hex,6213,6312,True
2024.10.03_14-07-09_Yakuba_cameroon_2hex,6314,6314,True
2024.10.03_14-07-09_Yakuba_cameroon_2hex,6320,6342,True
2024.10.03_14-07-09_Yakuba_cameroon_2hex,6347,6613,True
2024.10.03_14-07-09_Yakuba_cameroon_2hex,6615,6616,True
2024.10.03_14-07-09_Yakuba_cameroon_2hex,6618,6623,True
2024.10.03_14-07-09_Yakuba_cameroon_2hex,6625,6684,True
2024.10.03_14-07-09_Yakuba_cameroon_2hex,6686,6687,True
2024.10.03_14-07-09_Yakuba_cameroon_2hex,6689,6733,True
2024.10.03_14-07-09_Yakuba_cameroon_2hex,6752,6762,True
2024.10.03_14-07-09_Yakuba_cameroon_2hex,6764,6765,True
2024.10.03_14-07-09_Yakuba_cameroon_2hex,6767,6796,True
2024.10.03_14-07-09_Yakuba_cameroon_2hex,6811,7286,True
2024.09.30_12-42-45_Sussex_no_odor,1304,1308,True
2024.09.30_12-42-45_Sussex_no_odor,1315,1315,True
2024.09.30_12-42-45_Sussex_no_odor,1350,1350,True
2024.09.30_12-42-45_Sussex_no_odor,1374,1375,True
2024.09.30_12-42-45_Sussex_no_odor,1384,1384,True
2024.09.30_12-42-45_Sussex_no_odor,1386,1386,True
2024.09.30_12-42-45_Sussex_no_odor,1389,1389,True
2024.09.30_12-42-45_Sussex_no_odor,1399,1399,True
2024.09.30_12-42-45_Sussex_no_odor,1401,1402,True
2024.09.30_12-42-45_Sussex_no_odor,1409,1410,True
2024.09.30_12-42-45_Sussex_no_odor,1412,1412,True
2024.09.30_12-42-45_Sussex_no_odor,1414,1452,True
2024.09.30_12-42-45_Sussex_no_odor,1454,1575,True
2024.09.30_12-42-45_Sussex_no_odor,1577,2848,True
2024.09.30_12-42-45_Sussex_no_odor,2850,5766,True
2024.09.30_12-42-45_Sussex_no_odor,7721,7721,True
2024.09.30_12-42-45_Sussex_no_odor,7737,7737,True
2024.09.30_12-42-45_Sussex_no_odor,7755,7756,True
2024.09.30_12-42-45_Sussex_no_odor,7761,7762,True
2024.09.30_12-42-45_Sussex_no_odor,7765,7765,True
2024.09.30_12-42-45_Sussex_no_odor,7769,7785,True
2024.09.30_12-42-45_Sussex_no_odor,7942,7942,True
2024.09.30_12-42-45_Sussex_no_odor,7947,7950,True
2024.09.30_12-42-45_Sussex_no_odor,7956,7956,True
2024.09.30_12-42-45_Sussex_no_odor,7959,7959,True
2024.09.30_12-42-45_Sussex_no_odor,7965,7965,True
2024.09.30_12-42-45_Sussex_no_odor,7970,7971,True
2024.09.30_12-42-45_Sussex_no_odor,7977,7978,True
2024.09.30_12-42-45_Sussex_no_odor,7992,7996,True
2024.09.30_12-42-45_Sussex_no_odor,8000,8000,True
2024.09.30_12-42-45_Sussex_no_odor,8002,8002,True
2024.09.30_12-42-45_Sussex_no_odor,8007,8008,True
2024.09.30_12-42-45_Sussex_no_odor,8020,8021,True
2024.09.30_12-42-45_Sussex_no_odor,8025,8025,True
2024.09.30_12-42-45_Sussex_no_odor,8034,8036,True
2024.09.30_12-42-45_Sussex_no_odor,8040,8042,True
2024.09.30_12-42-45_Sussex_no_odor,8046,8047,True
2024.09.30_12-42-45_Sussex_no_odor,8054,8054,True
2024.09.30_12-42-45_Sussex_no_odor,8057,8058,True
2024.09.30_12-42-45_Sussex_no_odor,8066,8067,True
2024.09.30_12-42-45_Sussex_no_odor,8072,8073,True
2024.09.30_12-42-45_Sussex_no_odor,8082,8083,True
2024.09.30_12-42-45_Sussex_no_odor,8093,8098,True
2024.09.30_12-42-45_Sussex_no_odor,8107,8108,True
2024.09.30_12-42-45_Sussex_no_odor,8115,8115,True
2024.09.30_12-42-45_Sussex_no_odor,8120,8121,True
2024.09.30_12-42-45_Sussex_no_odor,8123,8124,True
2024.09.30_12-42-45_Sussex_no_odor,8126,8126,True
2024.09.30_12-42-45_Sussex_no_odor,8131,8132,True
2024.09.30_12-42-45_Sussex_no_odor,8134,8135,True
2024.09.30_12-42-45_Sussex_no_odor,8141,8145,True
2024.09.30_12-42-45_Sussex_no_odor,8148,8148,True
2024.09.30_12-42-45_Sussex_no_odor,8152,8153,True
2024.09.30_12-42-45_Sussex_no_odor,8157,8157,True
2024.09.30_12-42-45_Sussex_no_odor,8164,8164,True
2024.09.30_12-42-45_Sussex_no_odor,8167,8170,True
2024.09.30_12-42-45_Sussex_no_odor,8193,8194,True
2024.09.30_12-42-45_Sussex_no_odor,8204,8204,True
2024.09.30_12-42-45_Sussex_no_odor,8209,8209,True
2024.09.30_12-42-45_Sussex_no_odor,8211,8213,True
2024.09.30_12-42-45_Sussex_no_odor,8215,8216,True
2024.09.30_12-42-45_Sussex_no_odor,8223,8223,True
2024.09.30_12-42-45_Sussex_no_odor,8225,8226,True
2024.09.30_12-42-45_Sussex_no_odor,8236,8239,True
2024.09.30_12-42-45_Sussex_no_odor,8241,8241,True
2024.09.30_12-42-45_Sussex_no_odor,8247,8247,True
2024.09.30_12-42-45_Sussex_no_odor,8250,8250,True
2024.09.30_12-42-45_Sussex_no_odor,8253,8253,True
2024.09.30_12-42-45_Sussex_no_odor,8270,8274,True
2024.09.30_12-42-45_Sussex_no_odor,8276,8276,True
2024.09.30_12-42-45_Sussex_no_odor,8279,8279,True
2024.09.30_12-42-45_Sussex_no_odor,8282,8282,True
2024.09.30_12-42-45_Sussex_no_odor,8288,8288,True
2024.09.30_12-42-45_Sussex_no_odor,8296,8296,True
2024.09.30_12-42-45_Sussex_no_odor,8300,8300,True
2024.09.30_12-42-45_Sussex_no_odor,8304,8304,True
2024.09.30_12-42-45_Sussex_no_odor,8307,8308,True
2024.09.30_12-42-45_Sussex_no_odor,8330,8330,True
2024.09.30_12-42-45_Sussex_no_odor,8341,8347,True
2024.09.30_12-42-45_Sussex_no_odor,8349,8350,True
2024.09.30_12-42-45_Sussex_no_odor,8362,8362,True
2024.09.30_12-42-45_Sussex_no_odor,8430,8430,True
2024.09.30_12-42-45_Sussex_no_odor,8536,8537,True
2024.09.30_12-42-45_Sussex_no_odor,8540,8546,True
2024.09.30_12-42-45_Sussex_no_odor,8548,8555,True
2024.09.30_12-42-45_Sussex_no_odor,8558,8613,True
2024.09.30_12-42-45_Sussex_no_odor,8615,8618,True
2024.09.30_12-42-45_Sussex_no_odor,8620,8623,True
2024.09.30_12-42-45_Sussex_no_odor,8625,8625,True
2024.09.30_12-42-45_Sussex_no_odor,8627,8633,True
2024.10.08_13-56-40_Stocago_2hexanol,4,1775,True
2024.10.08_13-56-40_Stocago_2hexanol,1777,1778,True
2024.10.08_13-56-40_Stocago_2hexanol,1780,1808,True
2024.10.08_13-56-40_Stocago_2hexanol,1812,1875,True
2024.10.08_13-56-40_Stocago_2hexanol,1877,1878,True
2024.10.08_13-56-40_Stocago_2hexanol,1882,1932,True
2024.10.08_13-56-40_Stocago_2hexanol,1936,1960,True
2024.10.08_13-56-40_Stocago_2hexanol,1965,1989,True
2024.10.08_13-56-40_Stocago_2hexanol,1991,1991,True
2024.10.08_13-56-40_Stocago_2hexanol,2001,2130,True
2024.10.08_13-56-40_Stocago_2hexanol,2134,2134,True
2024.10.08_13-56-40_Stocago_2hexanol,2148,2170,True
2024.10.08_13-56-40_Stocago_2hexanol,2174,2196,True
2024.10.08_13-56-40_Stocago_2hexanol,2203,2257,True
2024.10.08_13-56-40_Stocago_2hexanol,2521,2807,True
2024.10.08_13-56-40_Stocago_2hexanol,3344,3414,True
2024.10.08_13-56-40_Stocago_2hexanol,3416,3955,True
2024.10.08_13-56-40_Stocago_2hexanol,3957,3959,True
2024.10.08_13-56-40_Stocago_2hexanol,3961,4029,True
2024.10.08_13-56-40_Stocago_2hexanol,4033,4307,True
2024.10.08_13-56-40_Stocago_2hexanol,4309,4348,True
2024.10.08_13-56-40_Stocago_2hexanol,4353,4382,True
2024.10.08_13-56-40_Stocago_2hexanol,4386,4409,True
2024.10.08_13-56-40_Stocago_2hexanol,4411,4418,True
2024.10.08_13-56-40_Stocago_2hexanol,4421,4426,True
2024.10.08_13-56-40_Stocago_2hexanol,4428,4468,True
2024.10.08_13-56-40_Stocago_2hexanol,4470,4471,True
2024.10.08_13-56-40_Stocago_2hexanol,4474,4474,True
2024.10.08_13-56-40_Stocago_2hexanol,4481,4520,True
2024.10.08_13-56-40_Stocago_2hexanol,4529,4574,True
2024.10.08_13-56-40_Stocago_2hexanol,4581,4660,True
2024.10.08_13-56-40_Stocago_2hexanol,4662,4669,True
2024.10.08_13-56-40_Stocago_2hexanol,4671,4672,True
2024.10.08_13-56-40_Stocago_2hexanol,4680,4680,True
2024.10.08_13-56-40_Stocago_2hexanol,4683,4717,True
2024.10.08_13-56-40_Stocago_2hexanol,4719,4719,True
2024.10.08_13-56-40_Stocago_2hexanol,4721,5118,True
2024.10.08_13-56-40_Stocago_2hexanol,5709,6627,True
2024.10.08_13-56-40_Stocago_2hexanol,6629,6630,True
2024.10.08_13-56-40_Stocago_2hexanol,6632,6678,True
2024.10.08_13-56-40_Stocago_2hexanol,6682,6698,True
2024.10.08_13-56-40_Stocago_2hexanol,6722,6749,True
2024.10.08_13-56-40_Stocago_2hexanol,6753,6754,True
2024.10.08_13-56-40_Stocago_2hexanol,6756,6797,True
2024.10.08_13-56-40_Stocago_2hexanol,6799,6820,True
2024.10.08_13-56-40_Stocago_2hexanol,6852,6902,True
2024.10.08_13-56-40_Stocago_2hexanol,7413,7419,True
2024.10.08_13-56-40_Stocago_2hexanol,7524,7534,True
2024.10.08_13-56-40_Stocago_2hexanol,7564,7564,True
2024.10.08_13-56-40_Stocago_2hexanol,7567,7567,True
2024.10.08_13-56-40_Stocago_2hexanol,7569,7583,True
2024.10.08_13-56-40_Stocago_2hexanol,7688,7923,True
2024.10.08_13-56-40_Stocago_2hexanol,7925,7925,True
2024.10.08_13-56-40_Stocago_2hexanol,7927,7927,True
2024.10.08_13-56-40_Stocago_2hexanol,7929,7932,True
2024.10.08_13-56-40_Stocago_2hexanol,7934,7957,True
2024.10.08_13-56-40_Stocago_2hexanol,7970,8766,True
2024.10.11_11-05-07_Biarmipes_G224_1hexanol,3,1832,True
2024.10.11_11-05-07_Biarmipes_G224_1hexanol,1837,1937,True
2024.10.11_11-05-07_Biarmipes_G224_1hexanol,1939,1939,True
2024.10.11_11-05-07_Biarmipes_G224_1hexanol,1942,2132,True
2024.10.11_11-05-07_Biarmipes_G224_1hexanol,2155,2399,True
2024.10.11_11-05-07_Biarmipes_G224_1hexanol,2808,2808,True
2024.10.11_11-05-07_Biarmipes_G224_1hexanol,2818,2818,True
2024.10.11_11-05-07_Biarmipes_G224_1hexanol,2820,2848,True
2024.10.11_11-05-07_Biarmipes_G224_1hexanol,2863,2871,True
2024.10.11_11-05-07_Biarmipes_G224_1hexanol,3282,3294,True
2024.10.11_11-05-07_Biarmipes_G224_1hexanol,3296,3299,True
2024.10.11_11-05-07_Biarmipes_G224_1hexanol,3301,3911,True
2024.10.11_11-05-07_Biarmipes_G224_1hexanol,3913,3972,True
2024.10.11_11-05-07_Biarmipes_G224_1hexanol,3976,3976,True
2024.10.11_11-05-07_Biarmipes_G224_1hexanol,3978,3981,True
2024.10.11_11-05-07_Biarmipes_G224_1hexanol,3990,4050,True
2024.10.11_11-05-07_Biarmipes_G224_1hexanol,4052,4053,True
2024.10.11_11-05-07_Biarmipes_G224_1hexanol,4076,4130,True
2024.10.11_11-05-07_Biarmipes_G224_1hexanol,4132,4160,True
2024.10.11_11-05-07_Biarmipes_G224_1hexanol,4163,4193,True
2024.10.11_11-05-07_Biarmipes_G224_1hexanol,4222,4267,True
2024.10.11_11-05-07_Biarmipes_G224_1hexanol,4269,4269,True
2024.10.11_11-05-07_Biarmipes_G224_1hexanol,4271,4533,True
2024.10.11_11-05-07_Biarmipes_G224_1hexanol,4629,4662,True
2024.10.11_11-05-07_Biarmipes_G224_1hexanol,5583,5591,True
2024.10.11_11-05-07_Biarmipes_G224_1hexanol,5838,5859,True
2024.10.11_11-05-07_Biarmipes_G224_1hexanol,5862,5862,True
2024.10.11_11-05-07_Biarmipes_G224_1hexanol,5868,6851,True
2024.10.11_11-05-07_Biarmipes_G224_1hexanol,7332,7336,True
2024.10.11_11-05-07_Biarmipes_G224_1hexanol,7395,8067,True
2024.10.11_11-05-07_Biarmipes_G224_1hexanol,8069,8070,True
2024.10.11_11-05-07_Biarmipes_G224_1hexanol,8072,8291,True
2024.10.11_11-05-07_Biarmipes_G224_1hexanol,8293,8317,True
2024.10.11_11-05-07_Biarmipes_G224_1hexanol,8370,8509,True
2024.10.11_11-05-07_Biarmipes_G224_1hexanol,8515,8529,True
2024.10.11_11-05-07_Biarmipes_G224_1hexanol,8618,8618,True
2024.10.11_11-05-07_Biarmipes_G224_1hexanol,8668,8671,True
2024.10.11_11-05-07_Biarmipes_G224_1hexanol,8673,8695,True
2024.10.11_11-05-07_Biarmipes_G224_1hexanol,8699,8699,True
2024.10.11_11-05-07_Biarmipes_G224_1hexanol,8701,8703,True
2024.10.11_11-05-07_Biarmipes_G224_1hexanol,8762,8784,True
2024.10.11_11-05-07_Biarmipes_G224_1hexanol,8786,8786,True
2024.10.11_11-05-07_Biarmipes_G224_1hexanol,8788,8788,True
2024.12.01_20-09-35_Riverside_prenac,3,890,True
2024.12.01_20-09-35_Riverside_prenac,1351,2214,True
2024.12.01_20-09-35_Riverside_prenac,2648,2649,True
2024.12.01_20-09-35_Riverside_prenac,2652,2659,True
2024.12.01_20-09-35_Riverside_prenac,2661,2664,True
2024.12.01_20-09-35_Riverside_prenac,2669,2669,True
2024.12.01_20-09-35_Riverside_prenac,2672,2673,True
2024.12.01_20-09-35_Riverside_prenac,2675,2675,True
2024.12.01_20-09-35_Riverside_prenac,2702,2710,True
2024.12.01_20-09-35_Riverside_prenac,2715,3569,True
2024.12.01_20-09-35_Riverside_prenac,6312,6792,True
2024.11.13_00-48-15_Sussex_e2hex,3,452,True
2024.11.13_00-48-15_Sussex_e2hex,622,1348,True
2024.11.13_00-48-15_Sussex_e2hex,2089,2103,True
2024.11.13_00-48-15_Sussex_e2hex,2820,2823,True
2024.11.13_00-48-15_Sussex_e2hex,2845,2845,True
2024.11.13_00-48-15_Sussex_e2hex,2852,2862,True
2024.11.13_00-48-15_Sussex_e2hex,2864,2878,True
2024.11.13_00-48-15_Sussex_e2hex,2880,3635,True
2024.11.13_00-48-15_Sussex_e2hex,4791,4815,True
2024.11.13_00-48-15_Sussex_e2hex,5651,5651,True
2024.11.13_00-48-15_Sussex_e2hex,5713,7062,True
2024.10.07_14-49-03_Yakuba7_2hexanol,3,688,True
2024.10.07_14-49-03_Yakuba7_2hexanol,690,5200,True
2024.10.07_14-49-03_Yakuba7_2hexanol,6469,6483,True
2024.10.07_14-49-03_Yakuba7_2hexanol,6496,6517,True
2024.10.07_14-49-03_Yakuba7_2hexanol,6542,7776,True
2024.10.07_14-49-03_Yakuba7_2hexanol,7857,7859,True
2024.10.07_14-49-03_Yakuba7_2hexanol,7872,7888,True
2024.10.07_14-49-03_Yakuba7_2hexanol,7933,7934,True
2024.10.07_14-49-03_Yakuba7_2hexanol,7985,8003,True
2024.10.07_14-49-03_Yakuba7_2hexanol,8016,8032,True
2024.10.07_14-49-03_Yakuba7_2hexanol,8298,8301,True
2024.10.07_14-49-03_Yakuba7_2hexanol,8466,8883,True
2024.10.07_14-49-03_Yakuba7_2hexanol,8885,8999,True
2024.10.15_11-47-23_sussex_prenac,3,1803,True
2024.10.15_11-47-23_sussex_prenac,1943,2026,True
2024.10.15_11-47-23_sussex_prenac,6085,6085,True
2024.10.15_11-47-23_sussex_prenac,6092,6092,True
2024.10.15_11-47-23_sussex_prenac,6152,6154,True
2024.10.15_11-47-23_sussex_prenac,6156,6173,True
2024.10.15_11-47-23_sussex_prenac,6201,6203,True
2024.10.15_11-47-23_sussex_prenac,6218,6223,True
2024.10.15_11-47-23_sussex_prenac,6225,6227,True
2024.10.15_11-47-23_sussex_prenac,6230,6231,True
2024.10.15_11-47-23_sussex_prenac,6233,6235,True
2024.10.15_11-47-23_sussex_prenac,6237,6242,True
2024.10.15_11-47-23_sussex_prenac,6244,6245,True
2024.10.15_11-47-23_sussex_prenac,6247,6247,True
2024.10.15_11-47-23_sussex_prenac,6249,6249,True
2024.10.15_11-47-23_sussex_prenac,6252,6253,True
2024.10.15_11-47-23_sussex_prenac,6255,6257,True
2024.10.15_11-47-23_sussex_prenac,6260,6260,True
2024.10.15_11-47-23_sussex_prenac,6263,6264,True
2024.10.15_11-47-23_sussex_prenac,6272,6272,True
2024.10.15_11-47-23_sussex_prenac,6278,6278,True
2024.10.15_11-47-23_sussex_prenac,6281,6282,True
2024.10.15_11-47-23_sussex_prenac,6288,6289,True
2024.10.15_11-47-23_sussex_prenac,6291,6293,True
2024.10.15_11-47-23_sussex_prenac,6295,6295,True
2024.10.15_11-47-23_sussex_prenac,6300,6301,True
2024.10.15_11-47-23_sussex_prenac,6310,6312,True
2024.10.15_11-47-23_sussex_prenac,6318,6318,True
2024.10.15_11-47-23_sussex_prenac,6325,6327,True
2024.10.15_11-47-23_sussex_prenac,6330,6330,True
2024.10.15_11-47-23_sussex_prenac,6332,6332,True
2024.10.15_11-47-23_sussex_prenac,6335,6335,True
2024.10.15_11-47-23_sussex_prenac,6339,6339,True
2024.10.15_11-47-23_sussex_prenac,6341,6341,True
2024.10.15_11-47-23_sussex_prenac,6343,6345,True
2024.10.15_11-47-23_sussex_prenac,6355,6355,True
2024.10.15_11-47-23_sussex_prenac,6357,6357,True
2024.10.15_11-47-23_sussex_prenac,6396,6396,True
2024.10.15_11-47-23_sussex_prenac,6399,6399,True
2024.10.15_11-47-23_sussex_prenac,6402,6402,True
2024.10.15_11-47-23_sussex_prenac,6404,6404,True
2024.10.15_11-47-23_sussex_prenac,6406,6406,True
2024.10.15_11-47-23_sussex_prenac,6411,6413,True
2024.10.15_11-47-23_sussex_prenac,6418,6418,True
2024.10.15_11-47-23_sussex_prenac,6420,6421,True
2024.10.15_11-47-23_sussex_prenac,6427,6427,True
2024.10.15_11-47-23_sussex_prenac,6429,6430,True
2024.10.15_11-47-23_sussex_prenac,6434,6434,True
2024.10.15_11-47-23_sussex_prenac,6437,6439,True
2024.10.15_11-47-23_sussex_prenac,6441,6443,True
2024.10.15_11-47-23_sussex_prenac,6445,6451,True
2024.10.15_11-47-23_sussex_prenac,6453,6453,True
2024.10.15_11-47-23_sussex_prenac,6455,6455,True
2024.10.15_11-47-23_sussex_prenac,6457,6458,True
2024.10.15_11-47-23_sussex_prenac,6460,6460,True
2024.10.15_11-47-23_sussex_prenac,6462,6463,True
2024.10.15_11-47-23_sussex_prenac,6468,6468,True
2024.10.15_11-47-23_sussex_prenac,6470,6470,True
2024.10.15_11-47-23_sussex_prenac,6473,6474,True
2024.10.15_11-47-23_sussex_prenac,6477,6478,True
2024.10.15_11-47-23_sussex_prenac,6480,6480,True
2024.10.15_11-47-23_sussex_prenac,6487,6487,True
2024.10.15_11-47-23_sussex_prenac,6492,6493,True
2024.10.15_11-47-23_sussex_prenac,6496,6496,True
2024.10.15_11-47-23_sussex_prenac,6499,6504,True
2024.10.15_11-47-23_sussex_prenac,6513,6513,True
2024.10.15_11-47-23_sussex_prenac,6517,6519,True
2024.10.15_11-47-23_sussex_prenac,6525,6526,True
2024.10.15_11-47-23_sussex_prenac,6528,6528,True
2024.10.15_11-47-23_sussex_prenac,6530,6531,True
2024.10.15_11-47-23_sussex_prenac,6538,6538,True
2024.10.15_11-47-23_sussex_prenac,6540,6540,True
2024.10.15_11-47-23_sussex_prenac,6543,6547,True
2024.10.15_11-47-23_sussex_prenac,6556,6557,True
2024.10.15_11-47-23_sussex_prenac,6560,6560,True
2024.10.15_11-47-23_sussex_prenac,6562,6562,True
2024.10.15_11-47-23_sussex_prenac,6587,6587,True
2024.10.15_11-47-23_sussex_prenac,6661,6661,True
2024.10.15_11-47-23_sussex_prenac,6667,6667,True
2024.10.15_11-47-23_sussex_prenac,6673,6674,True
2024.10.15_11-47-23_sussex_prenac,6677,6677,True
2024.10.15_11-47-23_sussex_prenac,6685,6686,True
2024.10.15_11-47-23_sussex_prenac,6688,6688,True
2024.10.15_11-47-23_sussex_prenac,6690,6690,True
2024.10.15_11-47-23_sussex_prenac,6695,6697,True
2024.10.15_11-47-23_sussex_prenac,6699,6700,True
2024.10.15_11-47-23_sussex_prenac,6705,6705,True
2024.10.15_11-47-23_sussex_prenac,6708,6709,True
2024.10.15_11-47-23_sussex_prenac,6711,6714,True
2024.10.15_11-47-23_sussex_prenac,6716,6716,True
2024.10.15_11-47-23_sussex_prenac,6725,6725,True
2024.10.15_11-47-23_sussex_prenac,6729,6729,True
2024.10.15_11-47-23_sussex_prenac,6734,6735,True
2024.10.15_11-47-23_sussex_prenac,6737,6737,True
2024.10.15_11-47-23_sussex_prenac,6740,6740,True
2024.10.15_11-47-23_sussex_prenac,6743,6743,True
2024.10.15_11-47-23_sussex_prenac,6748,6748,True
2024.10.15_11-47-23_sussex_prenac,6753,6754,True
2024.10.15_11-47-23_sussex_prenac,6758,6758,True
2024.10.15_11-47-23_sussex_prenac,6760,6760,True
2024.10.15_11-47-23_sussex_prenac,6762,6764,True
2024.10.15_11-47-23_sussex_prenac,6769,6769,True
2024.10.15_11-47-23_sussex_prenac,6772,6774,True
2024.10.15_11-47-23_sussex_prenac,6776,6776,True
2024.10.15_11-47-23_sussex_prenac,6779,6781,True
2024.10.15_11-47-23_sussex_prenac,6786,6786,True
2024.10.15_11-47-23_sussex_prenac,6789,6790,True
2024.10.15_11-47-23_sussex_prenac,6792,6792,True
2024.10.15_11-47-23_sussex_prenac,6805,6805,True
2024.10.15_11-47-23_sussex_prenac,6807,6808,True
2024.10.15_11-47-23_sussex_prenac,6811,6811,True
2024.10.15_11-47-23_sussex_prenac,6816,6816,True
2024.10.15_11-47-23_sussex_prenac,6818,6821,True
2024.10.15_11-47-23_sussex_prenac,6823,6823,True
2024.10.15_11-47-23_sussex_prenac,6826,6827,True
2024.10.15_11-47-23_sussex_prenac,6829,6830,True
2024.10.15_11-47-23_sussex_prenac,6832,6833,True
2024.10.15_11-47-23_sussex_prenac,6839,6841,True
2024.10.15_11-47-23_sussex_prenac,7016,7047,True
2024.10.15_11-47-23_sussex_prenac,7049,7049,True
2024.10.15_11-47-23_sussex_prenac,7051,7181,True
2024.10.15_11-47-23_sussex_prenac,7183,7196,True
2024.10.15_11-47-23_sussex_prenac,7198,7201,True
2024.10.15_11-47-23_sussex_prenac,7203,7234,True
2024.10.15_11-47-23_sussex_prenac,7236,7254,True
2024.10.15_11-47-23_sussex_prenac,7256,8999,True
2024.10.15_12-07-33_sussex_prenac,3,549,True
2024.10.15_12-07-33_sussex_prenac,551,553,True
2024.10.15_12-07-33_sussex_prenac,560,824,True
2024.10.15_12-07-33_sussex_prenac,948,996,True
2024.10.15_12-07-33_sussex_prenac,999,1006,True
2024.10.15_12-07-33_sussex_prenac,1043,1043,True
2024.10.15_12-07-33_sussex_prenac,1046,1046,True
2024.10.15_12-07-33_sussex_prenac,3979,3979,True
2024.10.15_12-07-33_sussex_prenac,3989,3989,True
2024.10.15_12-07-33_sussex_prenac,4193,4222,True
2024.10.15_12-07-33_sussex_prenac,4395,4424,True
2024.10.15_12-07-33_sussex_prenac,4426,4450,True
2024.10.15_12-07-33_sussex_prenac,4452,4586,True
2024.10.15_12-07-33_sussex_prenac,4588,6859,True
2024.10.15_12-07-33_sussex_prenac,8425,8874,True
2024.09.24_16-20-39_Yakuba7_no_odor,3,803,True
2024.09.24_16-20-39_Yakuba7_no_odor,820,857,True
2024.09.24_16-20-39_Yakuba7_no_odor,888,888,True
2024.09.24_16-20-39_Yakuba7_no_odor,890,891,True
2024.09.24_16-20-39_Yakuba7_no_odor,899,899,True
2024.09.24_16-20-39_Yakuba7_no_odor,902,1069,True
2024.09.24_16-20-39_Yakuba7_no_odor,2004,2850,True
2024.09.24_16-20-39_Yakuba7_no_odor,3918,4653,True
2024.09.24_16-20-39_Yakuba7_no_odor,6395,6399,True
2024.09.24_16-20-39_Yakuba7_no_odor,6401,6401,True
2024.09.24_16-20-39_Yakuba7_no_odor,6403,6444,True
2024.09.24_16-20-39_Yakuba7_no_odor,6448,6450,True
2024.09.24_16-20-39_Yakuba7_no_odor,6453,6455,True
2024.09.24_16-20-39_Yakuba7_no_odor,6487,6493,True
2024.09.24_16-20-39_Yakuba7_no_odor,6495,6524,True
2024.09.24_16-20-39_Yakuba7_no_odor,6529,6529,True
2024.09.24_16-20-39_Yakuba7_no_odor,6531,6531,True
2024.09.24_16-20-39_Yakuba7_no_odor,6533,6533,True
2024.09.24_16-20-39_Yakuba7_no_odor,6535,6535,True
2024.09.24_16-20-39_Yakuba7_no_odor,6538,6643,True
2024.09.24_16-20-39_Yakuba7_no_odor,6645,6718,True
2024.09.24_16-20-39_Yakuba7_no_odor,6840,7323,True
2024.09.24_16-20-39_Yakuba7_no_odor,7325,7403,True
2024.09.24_16-20-39_Yakuba7_no_odor,7405,8368,True
2024.09.24_16-20-39_Yakuba7_no_odor,8370,8742,True
2024.10.28_06-08-40_Yakuba_cameroon_metben,3,1805,True
2024.10.28_06-08-40_Yakuba_cameroon_metben,2041,2249,True
2024.10.28_06-08-40_Yakuba_cameroon_metben,2276,2276,True
2024.10.28_06-08-40_Yakuba_cameroon_metben,2278,2292,True
2024.10.28_06-08-40_Yakuba_cameroon_metben,2294,2299,True
2024.10.28_06-08-40_Yakuba_cameroon_metben,2301,2302,True
2024.10.28_06-08-40_Yakuba_cameroon_metben,2304,2305,True
2024.10.28_06-08-40_Yakuba_cameroon_metben,2307,2656,True
2024.10.28_06-08-40_Yakuba_cameroon_metben,4872,4878,True
2024.10.28_06-08-40_Yakuba_cameroon_metben,4881,4882,True
2024.10.28_06-08-40_Yakuba_cameroon_metben,4895,6676,True
2024.10.28_06-08-40_Yakuba_cameroon_metben,6680,6696,True
2024.10.28_06-08-40_Yakuba_cameroon_metben,6698,6916,True
2024.10.28_06-08-40_Yakuba_cameroon_metben,6918,7003,True
2024.10.28_06-08-40_Yakuba_cameroon_metben,7017,7268,True
2024.10.28_06-08-40_Yakuba_cameroon_metben,8609,8609,True
2024.10.28_06-08-40_Yakuba_cameroon_metben,8627,8999,True
2024.10.03_13-09-37_Yakuba_cameroon_2hex,3,292,True
2024.10.03_13-09-37_Yakuba_cameroon_2hex,981,999,True
2024.10.03_13-09-37_Yakuba_cameroon_2hex,1029,1070,True
2024.10.03_13-09-37_Yakuba_cameroon_2hex,1094,1094,True
2024.10.03_13-09-37_Yakuba_cameroon_2hex,1101,1188,True
2024.10.03_13-09-37_Yakuba_cameroon_2hex,1352,1354,True
2024.10.03_13-09-37_Yakuba_cameroon_2hex,1356,1364,True
2024.10.03_13-09-37_Yakuba_cameroon_2hex,1395,1575,True
2024.10.03_13-09-37_Yakuba_cameroon_2hex,1577,1854,True
2024.10.03_13-09-37_Yakuba_cameroon_2hex,1856,1915,True
2024.10.03_13-09-37_Yakuba_cameroon_2hex,2448,2459,True
2024.10.03_13-09-37_Yakuba_cameroon_2hex,2855,3516,True
2024.10.03_13-09-37_Yakuba_cameroon_2hex,3518,4323,True
2024.10.03_13-09-37_Yakuba_cameroon_2hex,4361,5107,True
2024.10.03_13-09-37_Yakuba_cameroon_2hex,6347,7191,True
2024.10.03_13-09-37_Yakuba_cameroon_2hex,7949,8999,True
2024.10.30_07-24-33_Stocago_metben,3,186,True
2024.10.30_07-24-33_Stocago_metben,480,1009,True
2024.10.30_07-24-33_Stocago_metben,1011,1101,True
2024.10.30_07-24-33_Stocago_metben,1104,1104,True
2024.10.30_07-24-33_Stocago_metben,1106,1153,True
2024.10.30_07-24-33_Stocago_metben,1156,1180,True
2024.10.30_07-24-33_Stocago_metben,1182,1182,True
2024.10.30_07-24-33_Stocago_metben,1186,1229,True
2024.10.30_07-24-33_Stocago_metben,1231,1232,True
2024.10.30_07-24-33_Stocago_metben,1251,1281,True
2024.10.30_07-24-33_Stocago_metben,1283,1293,True
2024.10.30_07-24-33_Stocago_metben,1297,1999,True
2024.10.30_07-24-33_Stocago_metben,3394,4446,True
2024.10.30_07-24-33_Stocago_metben,4521,4525,True
2024.10.30_07-24-33_Stocago_metben,4527,4529,True
2024.10.30_07-24-33_Stocago_metben,4531,4554,True
2024.10.30_07-24-33_Stocago_metben,4556,4560,True
2024.10.30_07-24-33_Stocago_metben,4576,4908,True
2024.10.30_07-24-33_Stocago_metben,5033,5058,True
2024.10.30_07-24-33_Stocago_metben,5135,5173,True
2024.10.30_07-24-33_Stocago_metben,5249,5278,True
2024.10.30_07-24-33_Stocago_metben,6874,6880,True
2024.10.30_07-24-33_Stocago_metben,6884,6885,True
2024.10.30_07-24-33_Stocago_metben,6887,6902,True
2024.10.30_07-24-33_Stocago_metben,6938,7993,True
2024.10.30_07-24-33_Stocago_metben,7997,7997,True
2024.10.30_07-24-33_Stocago_metben,8000,8069,True
2024.10.30_07-24-33_Stocago_metben,8084,8149,True
2024.10.30_07-24-33_Stocago_metben,8151,8258,True
2024.10.30_07-24-33_Stocago_metben,8260,8268,True
2024.10.30_07-24-33_Stocago_metben,8688,8740,True
2024.10.30_07-24-33_Stocago_metben,8786,8812,True
2024.10.30_07-24-33_Stocago_metben,8844,8881,True
2024.10.30_07-24-33_Stocago_metben,8883,8912,True
2024.10.30_07-24-33_Stocago_metben,8954,8999,True
2024.09.25_16-47-34_Sto_cago_no_odor,443,637,True
2024.09.25_16-47-34_Sto_cago_no_odor,1024,1070,True
2024.09.25_16-47-34_Sto_cago_no_odor,1265,1838,True
2024.09.25_16-47-34_Sto_cago_no_odor,2014,2048,True
2024.09.25_16-47-34_Sto_cago_no_odor,2156,2172,True
2024.09.25_16-47-34_Sto_cago_no_odor,2176,2176,True
2024.09.25_16-47-34_Sto_cago_no_odor,2178,2180,True
2024.09.25_16-47-34_Sto_cago_no_odor,2184,2186,True
2024.09.25_16-47-34_Sto_cago_no_odor,2188,2192,True
2024.09.25_16-47-34_Sto_cago_no_odor,2194,2198,True
2024.09.25_16-47-34_Sto_cago_no_odor,2366,6570,True
2024.07.08_12-21-10_Riverside (no odor),3,144,True
2024.07.08_12-21-10_Riverside (no odor),1698,1916,True
2024.07.08_12-21-10_Riverside (no odor),1936,3733,True
2024.07.08_12-21-10_Riverside (no odor),4205,4205,True
2024.07.08_12-21-10_Riverside (no odor),4705,5289,True
2024.07.08_12-21-10_Riverside (no odor),5419,5420,True
2024.07.08_12-21-10_Riverside (no odor),5430,5431,True
2024.07.08_12-21-10_Riverside (no odor),5634,5688,True
2024.07.08_12-21-10_Riverside (no odor),8543,8543,True
2024.07.08_12-21-10_Riverside (no odor),8554,8554,True
2024.07.08_12-21-10_Riverside (no odor),8592,8592,True
2024.07.08_12-21-10_Riverside (no odor),8606,8607,True
2024.07.08_12-21-10_Riverside (no odor),8619,8619,True
2024.07.08_12-21-10_Riverside (no odor),8622,8622,True
2024.07.08_12-21-10_Riverside (no odor),8716,8716,True
2024.07.08_12-21-10_Riverside (no odor),8823,8831,True
2024.07.08_12-21-10_Riverside (no odor),8862,8862,True
2024.07.08_12-21-10_Riverside (no odor),8892,8893,True
2024.07.08_12-21-10_Riverside (no odor),8902,8912,True
2024.07.08_12-21-10_Riverside (no odor),8921,8921,True
2024.07.08_12-21-10_Riverside (no odor),8956,8985,True
2024.12.19_17-03-42_Riverside_prenac,3,1137,True
2024.12.19_17-03-42_Riverside_prenac,2873,3116,True
2024.12.19_17-03-42_Riverside_prenac,3684,4588,True
2024.12.19_17-03-42_Riverside_prenac,5231,8461,True
2024.10.31_08-04-28_Biarmipes84_metben,3,898,True
2024.10.31_08-04-28_Biarmipes84_metben,2091,2229,True
2024.10.31_08-04-28_Biarmipes84_metben,2231,2232,True
2024.10.31_08-04-28_Biarmipes84_metben,2253,2278,True
2024.10.31_08-04-28_Biarmipes84_metben,2280,3125,True
2024.10.31_08-04-28_Biarmipes84_metben,3459,3813,True
2024.10.31_08-04-28_Biarmipes84_metben,5599,5622,True
2024.10.31_08-04-28_Biarmipes84_metben,5654,6823,True
2024.10.31_08-04-28_Biarmipes84_metben,6825,6901,True
2024.10.31_08-04-28_Biarmipes84_metben,7998,8024,True
2024.10.31_08-04-28_Biarmipes84_metben,8194,8527,True
2024.10.29_06-53-07_Yakuba7_metben,1539,1547,True
2024.10.29_06-53-07_Yakuba7_metben,1556,1569,True
2024.10.29_06-53-07_Yakuba7_metben,2116,2116,True
2024.10.29_06-53-07_Yakuba7_metben,2314,2314,True
2024.10.29_06-53-07_Yakuba7_metben,2349,2349,True
2024.10.29_06-53-07_Yakuba7_metben,2361,2368,True
2024.10.29_06-53-07_Yakuba7_metben,2370,2371,True
2024.10.29_06-53-07_Yakuba7_metben,2373,2898,True
2024.10.29_06-53-07_Yakuba7_metben,4067,4744,True
2024.10.29_06-53-07_Yakuba7_metben,4746,6097,True
2024.10.29_06-53-07_Yakuba7_metben,6107,6125,True
2024.10.29_06-53-07_Yakuba7_metben,6127,6127,True
2024.10.29_06-53-07_Yakuba7_metben,6140,6566,True
2024.10.29_06-53-07_Yakuba7_metben,7361,8230,True
2024.10.29_06-53-07_Yakuba7_metben,8254,8270,True
2024.10.29_06-53-07_Yakuba7_metben,8320,8338,True
2024.10.29_06-53-07_Yakuba7_metben,8362,8362,True
2024.10.29_06-53-07_Yakuba7_metben,8364,8364,True
2024.10.29_06-53-07_Yakuba7_metben,8367,8383,True
2024.10.14_09-28-43_Riverside_prenac,3,181,True
2024.10.14_09-28-43_Riverside_prenac,2297,2298,True
2024.10.14_09-28-43_Riverside_prenac,2323,2331,True
2024.10.14_09-28-43_Riverside_prenac,2342,2342,True
2024.10.14_09-28-43_Riverside_prenac,2349,2354,True
2024.10.14_09-28-43_Riverside_prenac,2361,2361,True
2024.10.14_09-28-43_Riverside_prenac,2368,2378,True
2024.10.14_09-28-43_Riverside_prenac,2380,2382,True
2024.10.14_09-28-43_Riverside_prenac,2384,2394,True
2024.10.14_09-28-43_Riverside_prenac,2396,2400,True
2024.10.14_09-28-43_Riverside_prenac,2402,2403,True
2024.10.14_09-28-43_Riverside_prenac,2405,2408,True
2024.10.14_09-28-43_Riverside_prenac,2410,2415,True
2024.10.14_09-28-43_Riverside_prenac,2587,2914,True
2024.10.14_09-28-43_Riverside_prenac,2916,2948,True
2024.10.14_09-28-43_Riverside_prenac,2950,2950,True
2024.10.14_09-28-43_Riverside_prenac,2952,2954,True
2024.10.14_09-28-43_Riverside_prenac,2956,3101,True
2024.10.14_09-28-43_Riverside_prenac,3103,5157,True
2024.10.14_09-28-43_Riverside_prenac,6651,6678,True
2024.10.14_09-28-43_Riverside_prenac,7234,7997,True
2024.10.07_14-22-45_Yakuba7_2hexanol,700,1220,True
2024.10.07_14-22-45_Yakuba7_2hexanol,1222,1292,True
2024.10.07_14-22-45_Yakuba7_2hexanol,1294,2359,True
2024.10.07_14-22-45_Yakuba7_2hexanol,4616,4630,True
2024.10.07_14-22-45_Yakuba7_2hexanol,4648,4648,True
2024.10.07_14-22-45_Yakuba7_2hexanol,4651,4651,True
2024.10.07_14-22-45_Yakuba7_2hexanol,4653,4653,True
2024.10.07_14-22-45_Yakuba7_2hexanol,4662,4662,True
2024.10.07_14-22-45_Yakuba7_2hexanol,4664,4664,True
2024.10.07_14-22-45_Yakuba7_2hexanol,4666,4668,True
2024.10.07_14-22-45_Yakuba7_2hexanol,4670,4673,True
2024.10.07_14-22-45_Yakuba7_2hexanol,4675,5938,True
2024.10.07_14-22-45_Yakuba7_2hexanol,5940,7151,True
2024.10.07_14-22-45_Yakuba7_2hexanol,7153,7952,True
2024.11.12_06-42-36_Yakuba_cameroon_e2hex,3,1044,True
2024.11.12_06-42-36_Yakuba_cameroon_e2hex,2135,2138,True
2024.11.12_06-42-36_Yakuba_cameroon_e2hex,2152,2152,True
2024.11.12_06-42-36_Yakuba_cameroon_e2hex,2154,2157,True
2024.11.12_06-42-36_Yakuba_cameroon_e2hex,2159,2165,True
2024.11.12_06-42-36_Yakuba_cameroon_e2hex,2167,2171,True
2024.11.12_06-42-36_Yakuba_cameroon_e2hex,2173,2490,True
2024.11.12_06-42-36_Yakuba_cameroon_e2hex,2493,2852,True
2024.11.12_06-42-36_Yakuba_cameroon_e2hex,2854,3751,True
2024.11.12_06-42-36_Yakuba_cameroon_e2hex,5702,5725,True
2024.11.12_06-42-36_Yakuba_cameroon_e2hex,5746,5757,True
2024.11.12_06-42-36_Yakuba_cameroon_e2hex,5764,5764,True
2024.11.12_06-42-36_Yakuba_cameroon_e2hex,5786,6469,True
2024.11.12_06-42-36_Yakuba_cameroon_e2hex,6471,6636,True
2024.11.12_06-42-36_Yakuba_cameroon_e2hex,6638,6677,True
2024.11.12_06-42-36_Yakuba_cameroon_e2hex,6679,6680,True
2024.11.12_06-42-36_Yakuba_cameroon_e2hex,6682,6682,True
2024.11.12_06-42-36_Yakuba_cameroon_e2hex,6693,6732,True
2024.11.12_06-42-36_Yakuba_cameroon_e2hex,6748,6796,True
2024.11.12_06-42-36_Yakuba_cameroon_e2hex,6798,6828,True
2024.11.12_06-42-36_Yakuba_cameroon_e2hex,6839,7033,True
2024.11.12_06-42-36_Yakuba_cameroon_e2hex,7035,7035,True
2024.11.12_06-42-36_Yakuba_cameroon_e2hex,7037,7099,True
2024.11.12_06-42-36_Yakuba_cameroon_e2hex,7170,7254,True
2024.11.12_06-42-36_Yakuba_cameroon_e2hex,7461,7485,True
2024.11.12_06-42-36_Yakuba_cameroon_e2hex,7542,7542,True
2024.11.12_06-42-36_Yakuba_cameroon_e2hex,7546,7546,True
2024.11.12_06-42-36_Yakuba_cameroon_e2hex,7548,7548,True
2024.11.12_06-42-36_Yakuba_cameroon_e2hex,7577,7577,True
2024.11.12_06-42-36_Yakuba_cameroon_e2hex,7579,8001,True
2024.11.12_06-42-36_Yakuba_cameroon_e2hex,8694,8711,True
2024.11.12_06-42-36_Yakuba_cameroon_e2hex,8745,8752,True
2024.11.12_06-42-36_Yakuba_cameroon_e2hex,8776,8783,True
2024.11.12_06-42-36_Yakuba_cameroon_e2hex,8833,8999,True
2024.10.17_09-46-04_Sto_car_prenac,304,2862,True
2024.10.17_09-46-04_Sto_car_prenac,5540,5559,True
2024.10.17_09-46-04_Sto_car_prenac,5561,5564,True
2024.10.17_09-46-04_Sto_car_prenac,5566,5568,True
2024.10.17_09-46-04_Sto_car_prenac,5571,5572,True
2024.10.17_09-46-04_Sto_car_prenac,5579,5582,True
2024.10.17_09-46-04_Sto_car_prenac,5584,5586,True
2024.10.17_09-46-04_Sto_car_prenac,5612,5626,True
2024.10.17_09-46-04_Sto_car_prenac,5628,5641,True
2024.10.17_09-46-04_Sto_car_prenac,5643,5652,True
2024.10.17_09-46-04_Sto_car_prenac,5654,5664,True
2024.10.17_09-46-04_Sto_car_prenac,5666,5671,True
2024.10.17_09-46-04_Sto_car_prenac,5694,5694,True
2024.10.17_09-46-04_Sto_car_prenac,5699,5700,True
2024.10.17_09-46-04_Sto_car_prenac,5710,5710,True
2024.10.17_09-46-04_Sto_car_prenac,5712,5712,True
2024.10.17_09-46-04_Sto_car_prenac,5717,5717,True
2024.10.17_09-46-04_Sto_car_prenac,5732,5732,True
2024.10.17_09-46-04_Sto_car_prenac,5755,5755,True
2024.10.17_09-46-04_Sto_car_prenac,6326,6353,True
2024.10.17_09-46-04_Sto_car_prenac,6355,6371,True
2024.10.17_09-46-04_Sto_car_prenac,6373,6376,True
2024.10.17_09-46-04_Sto_car_prenac,6378,6411,True
2024.10.17_09-46-04_Sto_car_prenac,6413,6424,True
2024.10.17_09-46-04_Sto_car_prenac,6426,7480,True
2024.10.17_09-46-04_Sto_car_prenac,7482,8998,True
