trial,start_frame,end_frame,is_swapped
2025.03.07_07-31-53_CantonS_metbut,3.0,2651.0,1.0
2024.12.18_16-13-27_CantonS_metben,3958.0,3958.0,1.0
2024.12.18_16-13-27_CantonS_metben,3961.0,3961.0,1.0
2024.12.18_16-13-27_CantonS_metben,3963.0,3967.0,1.0
2024.12.18_16-13-27_CantonS_metben,3969.0,3988.0,1.0
2024.12.18_16-13-27_CantonS_metben,3990.0,3990.0,1.0
2024.12.18_16-13-27_CantonS_metben,3996.0,4000.0,1.0
2024.12.18_16-13-27_CantonS_metben,4002.0,4027.0,1.0
2024.12.18_16-13-27_CantonS_metben,4029.0,7335.0,1.0
2024.12.18_16-13-27_CantonS_metben,7337.0,8999.0,1.0
2025.03.07_08-16-01_CantonS_metbut,3.0,1681.0,1.0
2025.03.07_08-16-01_CantonS_metbut,1683.0,1715.0,1.0
2025.03.07_08-16-01_CantonS_metbut,1735.0,1741.0,1.0
2025.03.07_08-16-01_CantonS_metbut,1764.0,1764.0,1.0
2025.03.07_08-16-01_CantonS_metbut,1805.0,1814.0,1.0
2025.03.07_08-16-01_CantonS_metbut,1816.0,2589.0,1.0
2025.03.07_08-16-01_CantonS_metbut,2592.0,2592.0,1.0
2025.03.07_08-16-01_CantonS_metbut,2595.0,2691.0,1.0
2025.03.07_08-16-01_CantonS_metbut,2693.0,2743.0,1.0
2025.03.07_08-16-01_CantonS_metbut,2745.0,2746.0,1.0
2025.03.07_08-16-01_CantonS_metbut,2748.0,2750.0,1.0
2025.03.07_08-16-01_CantonS_metbut,2756.0,2808.0,1.0
2025.03.07_08-16-01_CantonS_metbut,2811.0,2811.0,1.0
2025.03.07_08-16-01_CantonS_metbut,2816.0,2826.0,1.0
2025.03.07_08-16-01_CantonS_metbut,2829.0,2890.0,1.0
2025.03.07_08-16-01_CantonS_metbut,2892.0,2892.0,1.0
2025.03.07_08-16-01_CantonS_metbut,2894.0,2896.0,1.0
2025.03.07_08-16-01_CantonS_metbut,2912.0,2912.0,1.0
2025.03.07_08-16-01_CantonS_metbut,2914.0,2940.0,1.0
2025.03.07_08-16-01_CantonS_metbut,2943.0,2978.0,1.0
2025.03.07_08-16-01_CantonS_metbut,2981.0,2981.0,1.0
2025.03.07_08-16-01_CantonS_metbut,2983.0,2983.0,1.0
2025.03.07_08-16-01_CantonS_metbut,2985.0,2987.0,1.0
2025.03.07_08-16-01_CantonS_metbut,2989.0,2990.0,1.0
2025.03.07_08-16-01_CantonS_metbut,2992.0,2994.0,1.0
2025.03.07_08-16-01_CantonS_metbut,2997.0,2997.0,1.0
2025.03.07_08-16-01_CantonS_metbut,2999.0,3000.0,1.0
2025.03.07_08-16-01_CantonS_metbut,3002.0,3002.0,1.0
2025.03.07_08-16-01_CantonS_metbut,3004.0,3005.0,1.0
2025.03.07_08-16-01_CantonS_metbut,3016.0,3017.0,1.0
2025.03.07_08-16-01_CantonS_metbut,3022.0,3028.0,1.0
2025.03.07_08-16-01_CantonS_metbut,3034.0,3034.0,1.0
2025.03.07_08-16-01_CantonS_metbut,3041.0,3043.0,1.0
2025.03.07_08-16-01_CantonS_metbut,3047.0,3052.0,1.0
2025.03.07_08-16-01_CantonS_metbut,3054.0,3054.0,1.0
2025.03.07_08-16-01_CantonS_metbut,3057.0,3069.0,1.0
2025.03.07_08-16-01_CantonS_metbut,3071.0,4388.0,1.0
2025.03.07_08-16-01_CantonS_metbut,4394.0,4407.0,1.0
2025.03.07_08-16-01_CantonS_metbut,4409.0,4409.0,1.0
2025.03.07_08-16-01_CantonS_metbut,4411.0,4424.0,1.0
2025.03.07_08-16-01_CantonS_metbut,4428.0,4430.0,1.0
2025.03.07_08-16-01_CantonS_metbut,4433.0,4436.0,1.0
2025.03.07_08-16-01_CantonS_metbut,4439.0,4457.0,1.0
2025.03.07_08-16-01_CantonS_metbut,4464.0,4474.0,1.0
2025.03.07_08-16-01_CantonS_metbut,4480.0,4489.0,1.0
2025.03.07_08-16-01_CantonS_metbut,4492.0,4492.0,1.0
2025.03.07_08-16-01_CantonS_metbut,4494.0,4498.0,1.0
2025.03.07_08-16-01_CantonS_metbut,4500.0,4536.0,1.0
2025.03.07_08-16-01_CantonS_metbut,4538.0,4539.0,1.0
2024.10.14_13-54-30_Biarmipes84_1hexanol,2794.0,2798.0,1.0
2024.10.14_13-54-30_Biarmipes84_1hexanol,2801.0,2832.0,1.0
2024.10.14_13-54-30_Biarmipes84_1hexanol,2836.0,3010.0,1.0
2024.10.14_13-54-30_Biarmipes84_1hexanol,3013.0,3028.0,1.0
2024.10.14_13-54-30_Biarmipes84_1hexanol,3030.0,3718.0,1.0
2024.10.14_13-54-30_Biarmipes84_1hexanol,3720.0,4020.0,1.0
2024.10.14_13-54-30_Biarmipes84_1hexanol,4022.0,4022.0,1.0
2024.10.14_13-54-30_Biarmipes84_1hexanol,4039.0,4728.0,1.0
2024.10.14_13-54-30_Biarmipes84_1hexanol,4736.0,6231.0,1.0
2024.10.14_13-54-30_Biarmipes84_1hexanol,6233.0,6233.0,1.0
2024.10.14_13-54-30_Biarmipes84_1hexanol,6235.0,6239.0,1.0
2024.10.14_13-54-30_Biarmipes84_1hexanol,6241.0,6241.0,1.0
2024.10.24_08-24-41_Sechellia28_prenac,3.0,2252.0,1.0
2024.10.24_08-24-41_Sechellia28_prenac,2254.0,2543.0,1.0
2024.10.24_08-24-41_Sechellia28_prenac,2545.0,2545.0,1.0
2024.10.24_08-24-41_Sechellia28_prenac,2547.0,2547.0,1.0
2024.10.24_08-24-41_Sechellia28_prenac,2549.0,2550.0,1.0
2024.10.24_08-24-41_Sechellia28_prenac,2554.0,2554.0,1.0
2024.10.24_08-24-41_Sechellia28_prenac,2557.0,2557.0,1.0
2024.10.24_08-24-41_Sechellia28_prenac,2560.0,2560.0,1.0
2024.10.24_08-24-41_Sechellia28_prenac,2566.0,2566.0,1.0
2024.10.24_08-24-41_Sechellia28_prenac,2576.0,2581.0,1.0
2024.10.24_08-24-41_Sechellia28_prenac,2592.0,2592.0,1.0
2024.10.24_08-24-41_Sechellia28_prenac,2613.0,2613.0,1.0
2024.10.24_08-24-41_Sechellia28_prenac,2615.0,2618.0,1.0
2024.10.24_08-24-41_Sechellia28_prenac,2620.0,2620.0,1.0
2024.10.24_08-24-41_Sechellia28_prenac,2622.0,2622.0,1.0
2024.10.24_08-24-41_Sechellia28_prenac,2624.0,2633.0,1.0
2024.10.24_08-24-41_Sechellia28_prenac,2635.0,2638.0,1.0
2024.10.24_08-24-41_Sechellia28_prenac,2640.0,2642.0,1.0
2024.10.24_08-24-41_Sechellia28_prenac,2645.0,2655.0,1.0
2024.10.24_08-24-41_Sechellia28_prenac,2657.0,2657.0,1.0
2024.10.24_08-24-41_Sechellia28_prenac,2659.0,2664.0,1.0
2024.10.24_08-24-41_Sechellia28_prenac,2666.0,2786.0,1.0
2024.10.24_08-24-41_Sechellia28_prenac,2788.0,3061.0,1.0
2024.10.24_08-24-41_Sechellia28_prenac,3063.0,3066.0,1.0
2024.10.24_08-24-41_Sechellia28_prenac,3068.0,3074.0,1.0
2024.10.24_08-24-41_Sechellia28_prenac,3076.0,3080.0,1.0
2024.10.24_08-24-41_Sechellia28_prenac,3082.0,3082.0,1.0
2024.10.24_08-24-41_Sechellia28_prenac,3084.0,3110.0,1.0
2024.10.24_08-24-41_Sechellia28_prenac,3112.0,3122.0,1.0
2024.10.24_08-24-41_Sechellia28_prenac,3129.0,3134.0,1.0
2024.10.24_08-24-41_Sechellia28_prenac,3137.0,3139.0,1.0
2024.10.24_08-24-41_Sechellia28_prenac,3142.0,3146.0,1.0
2024.10.24_08-24-41_Sechellia28_prenac,3148.0,3150.0,1.0
2024.10.24_08-24-41_Sechellia28_prenac,3152.0,3160.0,1.0
2024.10.24_08-24-41_Sechellia28_prenac,3162.0,3169.0,1.0
2024.10.24_08-24-41_Sechellia28_prenac,3171.0,3183.0,1.0
2024.10.24_08-24-41_Sechellia28_prenac,3185.0,3186.0,1.0
2024.10.24_08-24-41_Sechellia28_prenac,3193.0,3193.0,1.0
2024.10.24_08-24-41_Sechellia28_prenac,3202.0,3203.0,1.0
2024.10.24_08-24-41_Sechellia28_prenac,3205.0,3219.0,1.0
2024.10.24_08-24-41_Sechellia28_prenac,3221.0,3269.0,1.0
2024.10.24_08-24-41_Sechellia28_prenac,3271.0,3281.0,1.0
2024.10.24_08-24-41_Sechellia28_prenac,3283.0,3284.0,1.0
2024.10.24_08-24-41_Sechellia28_prenac,3286.0,3288.0,1.0
2024.10.24_08-24-41_Sechellia28_prenac,3290.0,3294.0,1.0
2024.10.24_08-24-41_Sechellia28_prenac,3296.0,3302.0,1.0
2024.10.24_08-24-41_Sechellia28_prenac,3304.0,3307.0,1.0
2024.10.24_08-24-41_Sechellia28_prenac,3309.0,3324.0,1.0
2024.10.24_08-24-41_Sechellia28_prenac,3336.0,3336.0,1.0
2024.10.24_08-24-41_Sechellia28_prenac,3339.0,3340.0,1.0
2024.10.24_08-24-41_Sechellia28_prenac,3342.0,3345.0,1.0
2024.10.24_08-24-41_Sechellia28_prenac,3347.0,3350.0,1.0
2024.10.24_08-24-41_Sechellia28_prenac,3352.0,3353.0,1.0
2024.10.24_08-24-41_Sechellia28_prenac,3355.0,3374.0,1.0
2024.10.24_08-24-41_Sechellia28_prenac,3376.0,3383.0,1.0
2024.10.24_08-24-41_Sechellia28_prenac,3385.0,3387.0,1.0
2024.10.24_08-24-41_Sechellia28_prenac,3392.0,3393.0,1.0
2024.10.24_08-24-41_Sechellia28_prenac,3395.0,3395.0,1.0
2024.10.24_08-24-41_Sechellia28_prenac,3397.0,3397.0,1.0
2024.10.24_08-24-41_Sechellia28_prenac,3400.0,3400.0,1.0
2024.10.24_08-24-41_Sechellia28_prenac,3402.0,3402.0,1.0
2024.10.24_08-24-41_Sechellia28_prenac,3404.0,3404.0,1.0
2024.10.24_08-24-41_Sechellia28_prenac,3406.0,3406.0,1.0
2024.10.24_08-24-41_Sechellia28_prenac,3409.0,3416.0,1.0
2024.10.24_08-24-41_Sechellia28_prenac,3418.0,3418.0,1.0
2024.10.24_08-24-41_Sechellia28_prenac,3421.0,3421.0,1.0
2024.10.24_08-24-41_Sechellia28_prenac,3423.0,3423.0,1.0
2024.10.24_08-24-41_Sechellia28_prenac,3425.0,3426.0,1.0
2024.10.24_08-24-41_Sechellia28_prenac,3428.0,3433.0,1.0
2024.10.24_08-24-41_Sechellia28_prenac,3435.0,3441.0,1.0
2024.10.24_08-24-41_Sechellia28_prenac,3443.0,3451.0,1.0
2024.10.24_08-24-41_Sechellia28_prenac,3456.0,3456.0,1.0
2024.10.24_08-24-41_Sechellia28_prenac,3458.0,3458.0,1.0
2024.10.24_08-24-41_Sechellia28_prenac,3460.0,3462.0,1.0
2024.10.24_08-24-41_Sechellia28_prenac,3464.0,3466.0,1.0
2024.10.24_08-24-41_Sechellia28_prenac,3468.0,3468.0,1.0
2024.10.24_08-24-41_Sechellia28_prenac,3471.0,3471.0,1.0
2024.10.24_08-24-41_Sechellia28_prenac,3473.0,3473.0,1.0
2024.10.24_08-24-41_Sechellia28_prenac,3475.0,3476.0,1.0
2024.10.24_08-24-41_Sechellia28_prenac,3478.0,3479.0,1.0
2024.10.24_08-24-41_Sechellia28_prenac,3481.0,3481.0,1.0
2024.10.24_08-24-41_Sechellia28_prenac,3483.0,3483.0,1.0
2024.10.24_08-24-41_Sechellia28_prenac,3485.0,3489.0,1.0
2024.10.24_08-24-41_Sechellia28_prenac,3491.0,3492.0,1.0
2024.10.24_08-24-41_Sechellia28_prenac,3494.0,3496.0,1.0
2024.10.24_08-24-41_Sechellia28_prenac,3498.0,3504.0,1.0
2024.10.24_08-24-41_Sechellia28_prenac,3506.0,3513.0,1.0
2024.10.24_08-24-41_Sechellia28_prenac,3515.0,3515.0,1.0
2024.10.24_08-24-41_Sechellia28_prenac,3518.0,3520.0,1.0
2024.10.24_08-24-41_Sechellia28_prenac,3522.0,3523.0,1.0
2024.10.24_08-24-41_Sechellia28_prenac,3526.0,3527.0,1.0
2024.10.24_08-24-41_Sechellia28_prenac,3538.0,3538.0,1.0
2024.10.24_08-24-41_Sechellia28_prenac,3540.0,3540.0,1.0
2024.10.24_08-24-41_Sechellia28_prenac,3542.0,3547.0,1.0
2024.10.24_08-24-41_Sechellia28_prenac,3550.0,3550.0,1.0
2024.10.24_08-24-41_Sechellia28_prenac,3552.0,3554.0,1.0
2024.10.24_08-24-41_Sechellia28_prenac,3557.0,3562.0,1.0
2024.10.24_08-24-41_Sechellia28_prenac,3566.0,3574.0,1.0
2024.10.24_08-24-41_Sechellia28_prenac,3576.0,3592.0,1.0
2024.10.24_08-24-41_Sechellia28_prenac,3594.0,3598.0,1.0
2024.10.24_08-24-41_Sechellia28_prenac,3600.0,3627.0,1.0
2024.10.24_08-24-41_Sechellia28_prenac,3629.0,3666.0,1.0
2024.10.24_08-24-41_Sechellia28_prenac,3668.0,3668.0,1.0
2024.10.24_08-24-41_Sechellia28_prenac,3670.0,3674.0,1.0
2024.10.24_08-24-41_Sechellia28_prenac,3676.0,3683.0,1.0
2024.10.24_08-24-41_Sechellia28_prenac,3685.0,3690.0,1.0
2024.10.24_08-24-41_Sechellia28_prenac,3692.0,3707.0,1.0
2024.10.24_08-24-41_Sechellia28_prenac,3709.0,3712.0,1.0
2024.10.24_08-24-41_Sechellia28_prenac,3714.0,3715.0,1.0
2024.10.24_08-24-41_Sechellia28_prenac,3717.0,3718.0,1.0
2024.10.24_08-24-41_Sechellia28_prenac,3720.0,3753.0,1.0
2024.10.24_08-24-41_Sechellia28_prenac,3755.0,3758.0,1.0
2024.10.24_08-24-41_Sechellia28_prenac,3760.0,3765.0,1.0
2024.10.24_08-24-41_Sechellia28_prenac,3767.0,3782.0,1.0
2024.10.24_08-24-41_Sechellia28_prenac,3784.0,3784.0,1.0
2024.10.24_08-24-41_Sechellia28_prenac,3786.0,3786.0,1.0
2024.10.24_08-24-41_Sechellia28_prenac,3788.0,3788.0,1.0
2024.10.24_08-24-41_Sechellia28_prenac,3790.0,3790.0,1.0
2024.10.24_08-24-41_Sechellia28_prenac,3793.0,3793.0,1.0
2024.10.24_08-24-41_Sechellia28_prenac,3797.0,3797.0,1.0
2024.10.24_08-24-41_Sechellia28_prenac,3806.0,3806.0,1.0
2024.10.24_08-24-41_Sechellia28_prenac,3813.0,3817.0,1.0
2024.10.24_08-24-41_Sechellia28_prenac,3823.0,3823.0,1.0
2024.10.24_08-24-41_Sechellia28_prenac,3827.0,3827.0,1.0
2024.10.24_08-24-41_Sechellia28_prenac,3829.0,3829.0,1.0
2024.10.24_08-24-41_Sechellia28_prenac,3831.0,3831.0,1.0
2024.10.24_08-24-41_Sechellia28_prenac,3839.0,3839.0,1.0
2024.10.24_08-24-41_Sechellia28_prenac,3841.0,3841.0,1.0
2024.10.24_08-24-41_Sechellia28_prenac,3843.0,3844.0,1.0
2024.10.24_08-24-41_Sechellia28_prenac,3846.0,3846.0,1.0
2024.10.24_08-24-41_Sechellia28_prenac,3850.0,3850.0,1.0
2024.10.24_08-24-41_Sechellia28_prenac,3855.0,3855.0,1.0
2024.10.24_08-24-41_Sechellia28_prenac,3858.0,3868.0,1.0
2024.10.24_08-24-41_Sechellia28_prenac,3873.0,3873.0,1.0
2024.10.24_08-24-41_Sechellia28_prenac,3875.0,3905.0,1.0
2024.10.24_08-24-41_Sechellia28_prenac,3907.0,3907.0,1.0
2024.10.24_08-24-41_Sechellia28_prenac,3909.0,3909.0,1.0
2024.10.24_08-24-41_Sechellia28_prenac,3950.0,3951.0,1.0
2024.10.24_08-24-41_Sechellia28_prenac,3966.0,3978.0,1.0
2024.10.24_08-24-41_Sechellia28_prenac,3983.0,3983.0,1.0
2024.10.24_08-24-41_Sechellia28_prenac,3985.0,3985.0,1.0
2024.10.24_08-24-41_Sechellia28_prenac,3987.0,3987.0,1.0
2024.10.24_08-24-41_Sechellia28_prenac,3989.0,4004.0,1.0
2024.10.24_08-24-41_Sechellia28_prenac,4006.0,4053.0,1.0
2024.10.24_08-24-41_Sechellia28_prenac,4055.0,4055.0,1.0
2024.10.24_08-24-41_Sechellia28_prenac,4057.0,4076.0,1.0
2024.10.24_08-24-41_Sechellia28_prenac,4078.0,4080.0,1.0
2024.10.24_08-24-41_Sechellia28_prenac,4083.0,4084.0,1.0
2024.10.24_08-24-41_Sechellia28_prenac,4089.0,4115.0,1.0
2024.10.24_08-24-41_Sechellia28_prenac,4117.0,4122.0,1.0
2024.10.24_08-24-41_Sechellia28_prenac,4125.0,4132.0,1.0
2024.10.24_08-24-41_Sechellia28_prenac,4134.0,4147.0,1.0
2024.10.24_08-24-41_Sechellia28_prenac,4149.0,4158.0,1.0
2024.10.24_08-24-41_Sechellia28_prenac,4160.0,4166.0,1.0
2024.10.24_08-24-41_Sechellia28_prenac,4169.0,4175.0,1.0
2024.10.24_08-24-41_Sechellia28_prenac,4177.0,4181.0,1.0
2024.10.24_08-24-41_Sechellia28_prenac,4183.0,4189.0,1.0
2024.10.24_08-24-41_Sechellia28_prenac,4191.0,4191.0,1.0
2024.10.24_08-24-41_Sechellia28_prenac,4193.0,4198.0,1.0
2024.10.24_08-24-41_Sechellia28_prenac,4200.0,4201.0,1.0
2024.10.24_08-24-41_Sechellia28_prenac,4206.0,4215.0,1.0
2024.10.24_08-24-41_Sechellia28_prenac,4217.0,4217.0,1.0
2024.10.24_08-24-41_Sechellia28_prenac,4226.0,4226.0,1.0
2024.10.24_08-24-41_Sechellia28_prenac,4229.0,4229.0,1.0
2024.10.24_08-24-41_Sechellia28_prenac,4231.0,4240.0,1.0
2024.10.24_08-24-41_Sechellia28_prenac,4242.0,4242.0,1.0
2024.10.24_08-24-41_Sechellia28_prenac,4245.0,4246.0,1.0
2024.10.24_08-24-41_Sechellia28_prenac,4248.0,4256.0,1.0
2024.10.24_08-24-41_Sechellia28_prenac,4258.0,4259.0,1.0
2024.10.24_08-24-41_Sechellia28_prenac,4261.0,4262.0,1.0
2024.10.24_08-24-41_Sechellia28_prenac,4265.0,4265.0,1.0
2024.10.24_08-24-41_Sechellia28_prenac,4288.0,4288.0,1.0
2024.10.24_08-24-41_Sechellia28_prenac,4291.0,4291.0,1.0
2024.10.24_08-24-41_Sechellia28_prenac,4299.0,4300.0,1.0
2024.10.24_08-24-41_Sechellia28_prenac,4302.0,4302.0,1.0
2024.10.24_08-24-41_Sechellia28_prenac,4311.0,4314.0,1.0
2024.10.24_08-24-41_Sechellia28_prenac,4316.0,4318.0,1.0
2024.10.24_08-24-41_Sechellia28_prenac,4320.0,4330.0,1.0
2024.10.24_08-24-41_Sechellia28_prenac,4333.0,4339.0,1.0
2024.10.24_08-24-41_Sechellia28_prenac,4342.0,4346.0,1.0
2024.10.24_08-24-41_Sechellia28_prenac,4348.0,4348.0,1.0
2024.10.24_08-24-41_Sechellia28_prenac,4350.0,4350.0,1.0
2024.10.24_08-24-41_Sechellia28_prenac,4352.0,4352.0,1.0
2024.10.24_08-24-41_Sechellia28_prenac,4354.0,4372.0,1.0
2024.10.24_08-24-41_Sechellia28_prenac,4375.0,4379.0,1.0
2024.10.24_08-24-41_Sechellia28_prenac,4382.0,4384.0,1.0
2024.10.24_08-24-41_Sechellia28_prenac,4386.0,4387.0,1.0
2024.10.24_08-24-41_Sechellia28_prenac,4389.0,4394.0,1.0
2024.10.24_08-24-41_Sechellia28_prenac,4409.0,4410.0,1.0
2024.10.24_08-24-41_Sechellia28_prenac,4413.0,4414.0,1.0
2024.10.24_08-24-41_Sechellia28_prenac,4418.0,4418.0,1.0
2024.10.24_08-24-41_Sechellia28_prenac,4421.0,4422.0,1.0
2024.10.24_08-24-41_Sechellia28_prenac,4425.0,4430.0,1.0
2024.10.24_08-24-41_Sechellia28_prenac,4432.0,4432.0,1.0
2024.10.24_08-24-41_Sechellia28_prenac,4434.0,4435.0,1.0
2024.10.24_08-24-41_Sechellia28_prenac,4437.0,4437.0,1.0
2024.10.24_08-24-41_Sechellia28_prenac,4439.0,4443.0,1.0
2024.10.24_08-24-41_Sechellia28_prenac,4446.0,4448.0,1.0
2024.10.24_08-24-41_Sechellia28_prenac,4451.0,4451.0,1.0
2024.10.24_08-24-41_Sechellia28_prenac,4454.0,4454.0,1.0
2024.10.24_08-24-41_Sechellia28_prenac,4459.0,4459.0,1.0
2024.10.24_08-24-41_Sechellia28_prenac,4466.0,4468.0,1.0
2024.10.24_08-24-41_Sechellia28_prenac,4474.0,4474.0,1.0
2024.10.24_08-24-41_Sechellia28_prenac,4477.0,4477.0,1.0
2024.10.24_08-24-41_Sechellia28_prenac,4479.0,4479.0,1.0
2024.10.24_08-24-41_Sechellia28_prenac,4484.0,4484.0,1.0
2024.10.24_08-24-41_Sechellia28_prenac,4486.0,4494.0,1.0
2024.10.24_08-24-41_Sechellia28_prenac,4497.0,4499.0,1.0
2024.10.24_08-24-41_Sechellia28_prenac,4505.0,4505.0,1.0
2024.10.24_08-24-41_Sechellia28_prenac,4511.0,4511.0,1.0
2024.10.24_08-24-41_Sechellia28_prenac,4513.0,4514.0,1.0
2024.10.24_08-24-41_Sechellia28_prenac,4516.0,4516.0,1.0
2024.10.24_08-24-41_Sechellia28_prenac,4518.0,4518.0,1.0
2024.10.24_08-24-41_Sechellia28_prenac,4521.0,4523.0,1.0
2024.10.24_08-24-41_Sechellia28_prenac,4547.0,4547.0,1.0
2024.10.24_08-24-41_Sechellia28_prenac,4550.0,4550.0,1.0
2024.10.24_08-24-41_Sechellia28_prenac,4555.0,4555.0,1.0
2024.10.24_08-24-41_Sechellia28_prenac,4557.0,4559.0,1.0
2024.10.24_08-24-41_Sechellia28_prenac,4561.0,4561.0,1.0
2024.10.24_08-24-41_Sechellia28_prenac,4566.0,4580.0,1.0
2024.10.24_08-24-41_Sechellia28_prenac,4582.0,4582.0,1.0
2024.10.24_08-24-41_Sechellia28_prenac,4584.0,4584.0,1.0
2024.10.24_08-24-41_Sechellia28_prenac,4586.0,4586.0,1.0
2024.10.24_08-24-41_Sechellia28_prenac,4589.0,4589.0,1.0
2024.10.24_08-24-41_Sechellia28_prenac,4599.0,4601.0,1.0
2024.10.24_08-24-41_Sechellia28_prenac,4603.0,4611.0,1.0
2024.10.24_08-24-41_Sechellia28_prenac,4614.0,4614.0,1.0
2024.10.24_08-24-41_Sechellia28_prenac,4616.0,4620.0,1.0
2024.10.24_08-24-41_Sechellia28_prenac,4623.0,4625.0,1.0
2024.10.24_08-24-41_Sechellia28_prenac,4627.0,4627.0,1.0
2024.10.24_08-24-41_Sechellia28_prenac,4629.0,4644.0,1.0
2024.10.24_08-24-41_Sechellia28_prenac,4646.0,4669.0,1.0
2024.10.24_08-24-41_Sechellia28_prenac,4671.0,4672.0,1.0
2024.10.24_08-24-41_Sechellia28_prenac,4674.0,4674.0,1.0
2024.10.24_08-24-41_Sechellia28_prenac,4676.0,4676.0,1.0
2024.10.24_08-24-41_Sechellia28_prenac,4679.0,4679.0,1.0
2024.10.24_08-24-41_Sechellia28_prenac,4681.0,4687.0,1.0
2024.10.24_08-24-41_Sechellia28_prenac,4690.0,4691.0,1.0
2024.10.24_08-24-41_Sechellia28_prenac,4693.0,4694.0,1.0
2024.10.24_08-24-41_Sechellia28_prenac,4699.0,4711.0,1.0
2024.10.24_08-24-41_Sechellia28_prenac,4713.0,4723.0,1.0
2024.10.24_08-24-41_Sechellia28_prenac,4725.0,4736.0,1.0
2024.10.24_08-24-41_Sechellia28_prenac,4738.0,4743.0,1.0
2024.10.24_08-24-41_Sechellia28_prenac,4748.0,4748.0,1.0
2024.10.24_08-24-41_Sechellia28_prenac,4750.0,4750.0,1.0
2024.10.24_08-24-41_Sechellia28_prenac,4752.0,4755.0,1.0
2024.10.24_08-24-41_Sechellia28_prenac,4757.0,4759.0,1.0
2024.10.24_08-24-41_Sechellia28_prenac,4773.0,4773.0,1.0
2024.10.24_08-24-41_Sechellia28_prenac,4784.0,4785.0,1.0
2024.10.24_08-24-41_Sechellia28_prenac,4791.0,4791.0,1.0
2024.10.24_08-24-41_Sechellia28_prenac,4804.0,4804.0,1.0
2024.10.24_08-24-41_Sechellia28_prenac,4811.0,4822.0,1.0
2024.10.24_08-24-41_Sechellia28_prenac,4824.0,4825.0,1.0
2024.10.24_08-24-41_Sechellia28_prenac,4827.0,4827.0,1.0
2024.10.24_08-24-41_Sechellia28_prenac,4831.0,4831.0,1.0
2024.10.24_08-24-41_Sechellia28_prenac,4838.0,4842.0,1.0
2024.10.24_08-24-41_Sechellia28_prenac,4844.0,4846.0,1.0
2024.10.24_08-24-41_Sechellia28_prenac,4848.0,4848.0,1.0
2024.10.24_08-24-41_Sechellia28_prenac,4872.0,4872.0,1.0
2024.10.24_08-24-41_Sechellia28_prenac,4874.0,4877.0,1.0
2024.10.24_08-24-41_Sechellia28_prenac,4879.0,4880.0,1.0
2024.10.24_08-24-41_Sechellia28_prenac,4882.0,4882.0,1.0
2024.10.24_08-24-41_Sechellia28_prenac,4884.0,4887.0,1.0
2024.10.24_08-24-41_Sechellia28_prenac,4889.0,4890.0,1.0
2024.10.24_08-24-41_Sechellia28_prenac,4901.0,4904.0,1.0
2024.10.24_08-24-41_Sechellia28_prenac,4906.0,4944.0,1.0
2024.10.24_08-24-41_Sechellia28_prenac,4946.0,4947.0,1.0
2024.10.24_08-24-41_Sechellia28_prenac,4954.0,4954.0,1.0
2024.10.24_08-24-41_Sechellia28_prenac,4967.0,4967.0,1.0
2024.10.24_08-24-41_Sechellia28_prenac,4970.0,4974.0,1.0
2024.10.24_08-24-41_Sechellia28_prenac,4976.0,4976.0,1.0
2024.10.24_08-24-41_Sechellia28_prenac,4978.0,4980.0,1.0
2024.10.24_08-24-41_Sechellia28_prenac,4982.0,4982.0,1.0
2024.10.24_08-24-41_Sechellia28_prenac,4984.0,4984.0,1.0
2024.10.24_08-24-41_Sechellia28_prenac,4987.0,4987.0,1.0
2024.10.24_08-24-41_Sechellia28_prenac,4990.0,4990.0,1.0
2024.10.24_08-24-41_Sechellia28_prenac,4994.0,4994.0,1.0
2024.10.24_08-24-41_Sechellia28_prenac,4996.0,5002.0,1.0
2024.10.24_08-24-41_Sechellia28_prenac,5005.0,5013.0,1.0
2024.10.24_08-24-41_Sechellia28_prenac,5015.0,5015.0,1.0
2024.10.24_08-24-41_Sechellia28_prenac,5022.0,5022.0,1.0
2024.10.24_08-24-41_Sechellia28_prenac,5031.0,5031.0,1.0
2024.10.24_08-24-41_Sechellia28_prenac,5034.0,5036.0,1.0
2024.10.24_08-24-41_Sechellia28_prenac,5038.0,5039.0,1.0
2024.10.24_08-24-41_Sechellia28_prenac,5043.0,5044.0,1.0
2024.10.24_08-24-41_Sechellia28_prenac,5048.0,5049.0,1.0
2024.10.24_08-24-41_Sechellia28_prenac,5051.0,5115.0,1.0
2024.10.24_08-24-41_Sechellia28_prenac,5117.0,5127.0,1.0
2024.10.24_08-24-41_Sechellia28_prenac,5129.0,5155.0,1.0
2024.10.24_08-24-41_Sechellia28_prenac,5157.0,5164.0,1.0
2024.10.24_08-24-41_Sechellia28_prenac,5166.0,5169.0,1.0
2024.10.24_08-24-41_Sechellia28_prenac,5171.0,5172.0,1.0
2024.10.24_08-24-41_Sechellia28_prenac,5174.0,5174.0,1.0
2024.10.24_08-24-41_Sechellia28_prenac,5176.0,5176.0,1.0
2024.10.24_08-24-41_Sechellia28_prenac,5178.0,5178.0,1.0
2024.10.24_08-24-41_Sechellia28_prenac,5180.0,5181.0,1.0
2024.10.24_08-24-41_Sechellia28_prenac,5183.0,5183.0,1.0
2024.10.24_08-24-41_Sechellia28_prenac,5187.0,5187.0,1.0
2024.10.24_08-24-41_Sechellia28_prenac,5193.0,5195.0,1.0
2024.10.24_08-24-41_Sechellia28_prenac,5197.0,5200.0,1.0
2024.10.24_08-24-41_Sechellia28_prenac,5202.0,5208.0,1.0
2024.10.24_08-24-41_Sechellia28_prenac,5210.0,5210.0,1.0
2024.10.24_08-24-41_Sechellia28_prenac,5213.0,5214.0,1.0
2024.10.24_08-24-41_Sechellia28_prenac,5216.0,5216.0,1.0
2024.10.24_08-24-41_Sechellia28_prenac,5219.0,5219.0,1.0
2024.10.24_08-24-41_Sechellia28_prenac,5221.0,5221.0,1.0
2024.10.24_08-24-41_Sechellia28_prenac,5223.0,5223.0,1.0
2024.10.24_08-24-41_Sechellia28_prenac,5225.0,5226.0,1.0
2024.10.24_08-24-41_Sechellia28_prenac,5228.0,5232.0,1.0
2024.10.24_08-24-41_Sechellia28_prenac,5234.0,5234.0,1.0
2024.10.24_08-24-41_Sechellia28_prenac,5236.0,5239.0,1.0
2024.10.24_08-24-41_Sechellia28_prenac,5241.0,5241.0,1.0
2024.10.24_08-24-41_Sechellia28_prenac,5243.0,5244.0,1.0
2024.10.24_08-24-41_Sechellia28_prenac,5246.0,5247.0,1.0
2024.10.24_08-24-41_Sechellia28_prenac,5250.0,5251.0,1.0
2024.10.24_08-24-41_Sechellia28_prenac,5253.0,5253.0,1.0
2024.10.24_08-24-41_Sechellia28_prenac,5255.0,5256.0,1.0
2024.10.24_08-24-41_Sechellia28_prenac,5261.0,5263.0,1.0
2024.10.24_08-24-41_Sechellia28_prenac,5265.0,5265.0,1.0
2024.10.24_08-24-41_Sechellia28_prenac,5267.0,5269.0,1.0
2024.10.24_08-24-41_Sechellia28_prenac,5274.0,5274.0,1.0
2024.10.24_08-24-41_Sechellia28_prenac,5276.0,5282.0,1.0
2024.10.24_08-24-41_Sechellia28_prenac,5284.0,5285.0,1.0
2024.10.24_08-24-41_Sechellia28_prenac,5287.0,5289.0,1.0
2024.10.24_08-24-41_Sechellia28_prenac,5292.0,5297.0,1.0
2024.10.24_08-24-41_Sechellia28_prenac,5300.0,5302.0,1.0
2024.10.24_08-24-41_Sechellia28_prenac,5305.0,5305.0,1.0
2024.10.24_08-24-41_Sechellia28_prenac,5307.0,5307.0,1.0
2024.10.24_08-24-41_Sechellia28_prenac,5313.0,5313.0,1.0
2024.10.24_08-24-41_Sechellia28_prenac,5316.0,5329.0,1.0
2024.10.24_08-24-41_Sechellia28_prenac,5331.0,5332.0,1.0
2024.10.24_08-24-41_Sechellia28_prenac,5334.0,5340.0,1.0
2024.10.24_08-24-41_Sechellia28_prenac,5346.0,5350.0,1.0
2024.10.24_08-24-41_Sechellia28_prenac,5356.0,5359.0,1.0
2024.10.24_08-24-41_Sechellia28_prenac,5361.0,5363.0,1.0
2024.10.24_08-24-41_Sechellia28_prenac,5365.0,5367.0,1.0
2024.10.24_08-24-41_Sechellia28_prenac,5370.0,5386.0,1.0
2024.10.24_08-24-41_Sechellia28_prenac,5388.0,5392.0,1.0
2024.10.24_08-24-41_Sechellia28_prenac,5394.0,5395.0,1.0
2024.10.24_08-24-41_Sechellia28_prenac,5397.0,5397.0,1.0
2024.10.24_08-24-41_Sechellia28_prenac,5399.0,5402.0,1.0
2024.10.24_08-24-41_Sechellia28_prenac,5404.0,5405.0,1.0
2024.10.24_08-24-41_Sechellia28_prenac,5409.0,5410.0,1.0
2024.10.24_08-24-41_Sechellia28_prenac,5412.0,5416.0,1.0
2024.10.24_08-24-41_Sechellia28_prenac,5419.0,5419.0,1.0
2024.10.24_08-24-41_Sechellia28_prenac,5421.0,5422.0,1.0
2024.10.24_08-24-41_Sechellia28_prenac,5424.0,5425.0,1.0
2024.10.24_08-24-41_Sechellia28_prenac,5428.0,5429.0,1.0
2024.10.24_08-24-41_Sechellia28_prenac,5431.0,5431.0,1.0
2024.10.24_08-24-41_Sechellia28_prenac,5435.0,5435.0,1.0
2024.10.24_08-24-41_Sechellia28_prenac,5438.0,5438.0,1.0
2024.10.24_08-24-41_Sechellia28_prenac,5440.0,5440.0,1.0
2024.10.24_08-24-41_Sechellia28_prenac,5442.0,5444.0,1.0
2024.10.24_08-24-41_Sechellia28_prenac,5449.0,5450.0,1.0
2024.10.24_08-24-41_Sechellia28_prenac,5452.0,5460.0,1.0
2024.10.24_08-24-41_Sechellia28_prenac,5462.0,5472.0,1.0
2024.10.24_08-24-41_Sechellia28_prenac,5474.0,5485.0,1.0
2024.10.24_08-24-41_Sechellia28_prenac,5488.0,5501.0,1.0
2024.10.24_08-24-41_Sechellia28_prenac,5503.0,5504.0,1.0
2024.10.24_08-24-41_Sechellia28_prenac,5506.0,5517.0,1.0
2024.10.24_08-24-41_Sechellia28_prenac,5519.0,5538.0,1.0
2024.10.24_08-24-41_Sechellia28_prenac,5540.0,5547.0,1.0
2024.10.24_08-24-41_Sechellia28_prenac,5550.0,5552.0,1.0
2024.10.24_08-24-41_Sechellia28_prenac,5554.0,5568.0,1.0
2024.10.24_08-24-41_Sechellia28_prenac,5572.0,5575.0,1.0
2024.10.24_08-24-41_Sechellia28_prenac,5578.0,5578.0,1.0
2024.10.24_08-24-41_Sechellia28_prenac,5581.0,5581.0,1.0
2024.10.24_08-24-41_Sechellia28_prenac,5583.0,5630.0,1.0
2024.10.24_08-24-41_Sechellia28_prenac,5632.0,7865.0,1.0
2024.10.24_08-24-41_Sechellia28_prenac,7867.0,7920.0,1.0
2024.10.24_08-24-41_Sechellia28_prenac,7922.0,7944.0,1.0
2024.10.24_08-24-41_Sechellia28_prenac,7946.0,7974.0,1.0
2024.10.24_08-24-41_Sechellia28_prenac,7976.0,7991.0,1.0
2024.10.24_08-24-41_Sechellia28_prenac,7993.0,7999.0,1.0
2024.10.24_08-24-41_Sechellia28_prenac,8001.0,8003.0,1.0
2024.10.24_08-24-41_Sechellia28_prenac,8005.0,8006.0,1.0
2024.10.24_08-24-41_Sechellia28_prenac,8008.0,8141.0,1.0
2024.10.24_08-24-41_Sechellia28_prenac,8143.0,8150.0,1.0
2024.10.24_08-24-41_Sechellia28_prenac,8152.0,8153.0,1.0
2024.10.24_08-24-41_Sechellia28_prenac,8156.0,8177.0,1.0
2024.10.24_08-24-41_Sechellia28_prenac,8179.0,8181.0,1.0
2024.10.24_08-24-41_Sechellia28_prenac,8186.0,8204.0,1.0
2024.10.24_08-24-41_Sechellia28_prenac,8206.0,8209.0,1.0
2024.10.24_08-24-41_Sechellia28_prenac,8211.0,8220.0,1.0
2024.10.24_08-24-41_Sechellia28_prenac,8222.0,8222.0,1.0
2024.10.24_08-24-41_Sechellia28_prenac,8225.0,8244.0,1.0
2024.10.24_08-24-41_Sechellia28_prenac,8247.0,8253.0,1.0
2024.10.24_08-24-41_Sechellia28_prenac,8255.0,8258.0,1.0
2024.10.24_08-24-41_Sechellia28_prenac,8260.0,8267.0,1.0
2024.10.24_08-24-41_Sechellia28_prenac,8269.0,8275.0,1.0
2024.10.24_08-24-41_Sechellia28_prenac,8277.0,8278.0,1.0
2024.10.24_08-24-41_Sechellia28_prenac,8280.0,8413.0,1.0
2024.10.24_08-24-41_Sechellia28_prenac,8415.0,8430.0,1.0
2024.10.24_08-24-41_Sechellia28_prenac,8432.0,8450.0,1.0
2024.10.24_08-24-41_Sechellia28_prenac,8452.0,8999.0,1.0
2024.10.18_12-53-39_Sto_car_prenac,1752.0,3588.0,1.0
2024.10.18_12-53-39_Sto_car_prenac,4389.0,5799.0,1.0
2024.10.18_12-53-39_Sto_car_prenac,6479.0,7026.0,1.0
2024.10.18_12-53-39_Sto_car_prenac,7028.0,7056.0,1.0
2024.10.18_12-53-39_Sto_car_prenac,7058.0,7058.0,1.0
2024.10.18_12-53-39_Sto_car_prenac,7061.0,7068.0,1.0
2024.10.18_12-53-39_Sto_car_prenac,7070.0,7078.0,1.0
2024.10.18_12-53-39_Sto_car_prenac,7080.0,7112.0,1.0
2024.10.18_12-53-39_Sto_car_prenac,7114.0,7391.0,1.0
2024.09.24_16-20-39_Yakuba7_no_odor,902.0,6399.0,1.0
2024.09.24_16-20-39_Yakuba7_no_odor,6401.0,6401.0,1.0
2024.09.24_16-20-39_Yakuba7_no_odor,6403.0,6444.0,1.0
2024.09.24_16-20-39_Yakuba7_no_odor,6447.0,6450.0,1.0
2024.09.24_16-20-39_Yakuba7_no_odor,6452.0,6459.0,1.0
2024.09.24_16-20-39_Yakuba7_no_odor,6461.0,6464.0,1.0
2024.09.24_16-20-39_Yakuba7_no_odor,6466.0,6469.0,1.0
2024.09.24_16-20-39_Yakuba7_no_odor,6471.0,6493.0,1.0
2024.09.24_16-20-39_Yakuba7_no_odor,6495.0,6524.0,1.0
2024.09.24_16-20-39_Yakuba7_no_odor,6529.0,6529.0,1.0
2024.09.24_16-20-39_Yakuba7_no_odor,6531.0,6531.0,1.0
2024.09.24_16-20-39_Yakuba7_no_odor,6533.0,6533.0,1.0
2024.09.24_16-20-39_Yakuba7_no_odor,6535.0,6535.0,1.0
2024.09.24_16-20-39_Yakuba7_no_odor,6538.0,6643.0,1.0
2024.09.24_16-20-39_Yakuba7_no_odor,6645.0,7323.0,1.0
2024.09.24_16-20-39_Yakuba7_no_odor,7325.0,7403.0,1.0
2024.09.24_16-20-39_Yakuba7_no_odor,7405.0,8368.0,1.0
2024.09.24_16-20-39_Yakuba7_no_odor,8370.0,8742.0,1.0
2024.10.11_10-01-59_Biarmipes_G224_1hexanol,6902.0,6904.0,1.0
2024.10.11_10-01-59_Biarmipes_G224_1hexanol,6906.0,6920.0,1.0
2024.10.11_10-01-59_Biarmipes_G224_1hexanol,6922.0,6927.0,1.0
2024.10.11_10-01-59_Biarmipes_G224_1hexanol,6929.0,7139.0,1.0
2024.10.11_10-01-59_Biarmipes_G224_1hexanol,7142.0,7143.0,1.0
2024.10.11_10-01-59_Biarmipes_G224_1hexanol,7145.0,7146.0,1.0
2024.10.11_10-01-59_Biarmipes_G224_1hexanol,7149.0,7149.0,1.0
2024.10.11_10-01-59_Biarmipes_G224_1hexanol,7153.0,7153.0,1.0
2024.11.01_09-01-40_sto_car_e2hex,2516.0,4394.0,1.0
2024.11.01_09-01-40_sto_car_e2hex,4396.0,4432.0,1.0
2024.11.01_09-01-40_sto_car_e2hex,4434.0,4568.0,1.0
2024.11.01_09-01-40_sto_car_e2hex,4570.0,4570.0,1.0
2024.11.01_09-01-40_sto_car_e2hex,4572.0,4577.0,1.0
2024.11.01_09-01-40_sto_car_e2hex,4581.0,4582.0,1.0
2024.11.01_09-01-40_sto_car_e2hex,4584.0,4584.0,1.0
2024.11.01_09-01-40_sto_car_e2hex,4586.0,4587.0,1.0
2024.11.01_09-01-40_sto_car_e2hex,4589.0,4596.0,1.0
2024.11.01_09-01-40_sto_car_e2hex,4599.0,4599.0,1.0
2024.11.01_09-01-40_sto_car_e2hex,4607.0,4607.0,1.0
2024.11.01_09-01-40_sto_car_e2hex,4610.0,4610.0,1.0
2024.11.01_09-01-40_sto_car_e2hex,4643.0,4643.0,1.0
2024.11.01_09-01-40_sto_car_e2hex,4645.0,4645.0,1.0
2024.11.01_09-01-40_sto_car_e2hex,4648.0,4648.0,1.0
2024.11.01_09-01-40_sto_car_e2hex,4651.0,4652.0,1.0
2024.11.01_09-01-40_sto_car_e2hex,4654.0,4655.0,1.0
2024.11.01_09-01-40_sto_car_e2hex,4659.0,4663.0,1.0
2024.11.01_09-01-40_sto_car_e2hex,4665.0,4666.0,1.0
2024.11.01_09-01-40_sto_car_e2hex,4669.0,4669.0,1.0
2024.11.01_09-01-40_sto_car_e2hex,4675.0,4675.0,1.0
2024.11.01_09-01-40_sto_car_e2hex,4679.0,4681.0,1.0
2024.11.01_09-01-40_sto_car_e2hex,4683.0,4705.0,1.0
2024.11.01_09-01-40_sto_car_e2hex,4707.0,4714.0,1.0
2024.11.01_09-01-40_sto_car_e2hex,4716.0,4719.0,1.0
2024.11.01_09-01-40_sto_car_e2hex,4721.0,4723.0,1.0
2024.11.01_09-01-40_sto_car_e2hex,4725.0,4727.0,1.0
2024.11.01_09-01-40_sto_car_e2hex,4729.0,4743.0,1.0
2024.11.01_09-01-40_sto_car_e2hex,4745.0,4750.0,1.0
2024.11.01_09-01-40_sto_car_e2hex,4754.0,4754.0,1.0
2024.11.01_09-01-40_sto_car_e2hex,4758.0,4758.0,1.0
2024.11.01_09-01-40_sto_car_e2hex,4768.0,4768.0,1.0
2024.11.01_09-01-40_sto_car_e2hex,4774.0,4775.0,1.0
2024.11.01_09-01-40_sto_car_e2hex,4782.0,4852.0,1.0
2024.11.01_09-01-40_sto_car_e2hex,4854.0,4870.0,1.0
2024.11.01_09-01-40_sto_car_e2hex,4873.0,4876.0,1.0
2024.11.01_09-01-40_sto_car_e2hex,4878.0,4890.0,1.0
2024.11.01_09-01-40_sto_car_e2hex,4892.0,4893.0,1.0
2024.11.01_09-01-40_sto_car_e2hex,4895.0,4895.0,1.0
2024.11.01_09-01-40_sto_car_e2hex,4901.0,4903.0,1.0
2024.11.01_09-01-40_sto_car_e2hex,4908.0,4911.0,1.0
2024.11.01_09-01-40_sto_car_e2hex,4914.0,4920.0,1.0
2024.11.01_09-01-40_sto_car_e2hex,4923.0,4923.0,1.0
2024.11.01_09-01-40_sto_car_e2hex,4925.0,4925.0,1.0
2024.11.01_09-01-40_sto_car_e2hex,4928.0,4929.0,1.0
2024.11.01_09-01-40_sto_car_e2hex,4933.0,4933.0,1.0
2024.11.01_09-01-40_sto_car_e2hex,6120.0,7500.0,1.0
2024.10.18_12-59-49_Sto_car_prenac,3.0,1954.0,1.0
2024.10.30_07-43-39_Stocago_metben,6854.0,7095.0,1.0
2024.10.30_07-43-39_Stocago_metben,7097.0,7191.0,1.0
2024.10.30_07-43-39_Stocago_metben,7194.0,7204.0,1.0
2024.10.30_07-43-39_Stocago_metben,7208.0,7212.0,1.0
2024.10.30_07-43-39_Stocago_metben,7215.0,7252.0,1.0
2024.10.03_14-13-23_Yakuba7_2hex,3.0,1843.0,1.0
2024.10.03_14-13-23_Yakuba7_2hex,1846.0,1847.0,1.0
2024.10.10_14-21-23_Biarmipes84_1hexanol,3.0,1119.0,1.0
2024.10.10_14-21-23_Biarmipes84_1hexanol,1122.0,1145.0,1.0
2024.10.10_14-21-23_Biarmipes84_1hexanol,1147.0,1289.0,1.0
2024.10.10_14-21-23_Biarmipes84_1hexanol,1292.0,1306.0,1.0
2024.10.10_14-21-23_Biarmipes84_1hexanol,1308.0,1308.0,1.0
2024.10.10_14-21-23_Biarmipes84_1hexanol,1312.0,1329.0,1.0
2024.10.10_14-21-23_Biarmipes84_1hexanol,1331.0,1419.0,1.0
2024.10.10_14-21-23_Biarmipes84_1hexanol,1421.0,1424.0,1.0
2024.10.10_14-21-23_Biarmipes84_1hexanol,1427.0,1455.0,1.0
2024.10.10_14-21-23_Biarmipes84_1hexanol,5254.0,5315.0,1.0
2024.10.10_14-21-23_Biarmipes84_1hexanol,5319.0,5336.0,1.0
2024.10.10_14-21-23_Biarmipes84_1hexanol,5338.0,5340.0,1.0
2024.10.10_14-21-23_Biarmipes84_1hexanol,5342.0,5342.0,1.0
2024.10.10_14-21-23_Biarmipes84_1hexanol,5344.0,5345.0,1.0
2024.10.10_14-21-23_Biarmipes84_1hexanol,5349.0,5349.0,1.0
2024.10.10_14-21-23_Biarmipes84_1hexanol,5352.0,5354.0,1.0
2024.10.10_14-21-23_Biarmipes84_1hexanol,5356.0,5747.0,1.0
2024.10.10_14-21-23_Biarmipes84_1hexanol,5749.0,6914.0,1.0
2024.10.10_14-21-23_Biarmipes84_1hexanol,6916.0,7317.0,1.0
2024.10.10_14-21-23_Biarmipes84_1hexanol,7319.0,8071.0,1.0
2024.10.10_14-21-23_Biarmipes84_1hexanol,8078.0,8990.0,1.0
2024.10.10_14-21-23_Biarmipes84_1hexanol,8999.0,8999.0,1.0
2024.10.28_06-33-08_Stocago_metben,3.0,1862.0,1.0
2024.10.28_06-33-08_Stocago_metben,1864.0,2339.0,1.0
2024.10.28_06-33-08_Stocago_metben,2341.0,2341.0,1.0
2024.10.28_06-33-08_Stocago_metben,8717.0,8717.0,1.0
2024.10.28_06-33-08_Stocago_metben,8721.0,8734.0,1.0
2024.10.28_06-33-08_Stocago_metben,8769.0,8941.0,1.0
2024.10.28_06-33-08_Stocago_metben,8945.0,8968.0,1.0
2024.10.28_06-33-08_Stocago_metben,8970.0,8978.0,1.0
2024.10.28_06-33-08_Stocago_metben,8986.0,8986.0,1.0
2024.10.28_06-33-08_Stocago_metben,8988.0,8989.0,1.0
2024.10.28_06-33-08_Stocago_metben,8991.0,8991.0,1.0
2024.10.28_06-33-08_Stocago_metben,8993.0,8999.0,1.0
2024.11.04_05-39-33_Stocago_e2hex,2927.0,2927.0,1.0
2024.11.04_05-39-33_Stocago_e2hex,2930.0,3591.0,1.0
2024.11.04_05-39-33_Stocago_e2hex,6967.0,8999.0,1.0
2024.09.25_15-20-22_Sto_cago_no_odor,3.0,6.0,1.0
2024.09.25_15-20-22_Sto_cago_no_odor,8.0,8.0,1.0
2024.09.25_15-20-22_Sto_cago_no_odor,10.0,23.0,1.0
2024.09.25_15-20-22_Sto_cago_no_odor,25.0,35.0,1.0
2024.09.25_15-20-22_Sto_cago_no_odor,37.0,820.0,1.0
2024.09.25_15-20-22_Sto_cago_no_odor,822.0,834.0,1.0
2024.09.25_15-20-22_Sto_cago_no_odor,836.0,837.0,1.0
2024.09.25_15-20-22_Sto_cago_no_odor,841.0,856.0,1.0
2024.09.25_15-20-22_Sto_cago_no_odor,858.0,861.0,1.0
2024.09.25_15-20-22_Sto_cago_no_odor,864.0,864.0,1.0
2024.07.08_12-59-02_Riverside (E-2-Hex),1894.0,1894.0,1.0
2024.07.08_12-59-02_Riverside (E-2-Hex),1898.0,1898.0,1.0
2024.10.11_12-05-05_Sto_car_2hexanol,244.0,248.0,1.0
2024.10.11_12-05-05_Sto_car_2hexanol,251.0,251.0,1.0
2024.10.11_12-05-05_Sto_car_2hexanol,253.0,1333.0,1.0
2024.10.11_12-05-05_Sto_car_2hexanol,1335.0,1517.0,1.0
2024.10.11_12-05-05_Sto_car_2hexanol,1519.0,1750.0,1.0
2024.10.11_12-05-05_Sto_car_2hexanol,1752.0,1856.0,1.0
2024.10.11_12-05-05_Sto_car_2hexanol,1863.0,1986.0,1.0
2024.10.01_09-36-42_Yakuba_cameroon_no_odor,3.0,63.0,1.0
2024.10.01_09-36-42_Yakuba_cameroon_no_odor,65.0,196.0,1.0
2024.10.01_09-36-42_Yakuba_cameroon_no_odor,198.0,212.0,1.0
2024.10.01_09-36-42_Yakuba_cameroon_no_odor,214.0,216.0,1.0
2024.10.01_09-36-42_Yakuba_cameroon_no_odor,218.0,243.0,1.0
2024.07.08_13-31-08_Riverside (E-2-Hex),431.0,458.0,1.0
2024.07.08_13-31-08_Riverside (E-2-Hex),8782.0,8954.0,1.0
2024.07.08_13-31-08_Riverside (E-2-Hex),8965.0,8999.0,1.0
2024.12.19_17-03-42_Riverside_prenac,3.0,1137.0,1.0
2024.11.25_19-34-49_Biarmipes84_no_odor,3.0,2347.0,1.0
2024.11.25_19-34-49_Biarmipes84_no_odor,2350.0,2352.0,1.0
2024.11.25_19-34-49_Biarmipes84_no_odor,2354.0,2355.0,1.0
2024.11.25_19-34-49_Biarmipes84_no_odor,2357.0,2358.0,1.0
2024.11.25_19-34-49_Biarmipes84_no_odor,2360.0,2360.0,1.0
2024.11.25_19-34-49_Biarmipes84_no_odor,2362.0,2362.0,1.0
2024.11.25_19-34-49_Biarmipes84_no_odor,2366.0,2366.0,1.0
2024.11.25_19-34-49_Biarmipes84_no_odor,2370.0,2370.0,1.0
2024.11.25_19-34-49_Biarmipes84_no_odor,2374.0,2374.0,1.0
2024.11.25_19-34-49_Biarmipes84_no_odor,2377.0,2378.0,1.0
2024.11.25_19-34-49_Biarmipes84_no_odor,2380.0,2380.0,1.0
2024.11.25_19-34-49_Biarmipes84_no_odor,2383.0,2384.0,1.0
2024.11.25_19-34-49_Biarmipes84_no_odor,2387.0,2390.0,1.0
2024.11.25_19-34-49_Biarmipes84_no_odor,2393.0,2394.0,1.0
2024.11.25_19-34-49_Biarmipes84_no_odor,2397.0,2398.0,1.0
2024.11.25_19-34-49_Biarmipes84_no_odor,2401.0,2401.0,1.0
2024.11.25_19-34-49_Biarmipes84_no_odor,2404.0,2405.0,1.0
2024.11.25_19-34-49_Biarmipes84_no_odor,2407.0,2413.0,1.0
2024.11.25_19-34-49_Biarmipes84_no_odor,2415.0,2510.0,1.0
2024.11.25_19-34-49_Biarmipes84_no_odor,2512.0,2582.0,1.0
2024.11.25_19-34-49_Biarmipes84_no_odor,2584.0,2585.0,1.0
2024.11.25_19-34-49_Biarmipes84_no_odor,2587.0,2596.0,1.0
2024.11.25_19-34-49_Biarmipes84_no_odor,2598.0,2598.0,1.0
2024.11.25_19-34-49_Biarmipes84_no_odor,2601.0,2603.0,1.0
2024.11.25_19-34-49_Biarmipes84_no_odor,2607.0,2614.0,1.0
2024.11.25_19-34-49_Biarmipes84_no_odor,2616.0,2616.0,1.0
2024.11.25_19-34-49_Biarmipes84_no_odor,2622.0,2623.0,1.0
2024.11.25_19-34-49_Biarmipes84_no_odor,2625.0,2626.0,1.0
2024.11.25_19-34-49_Biarmipes84_no_odor,2628.0,2636.0,1.0
2024.11.25_19-34-49_Biarmipes84_no_odor,2638.0,2644.0,1.0
2024.11.25_19-34-49_Biarmipes84_no_odor,2646.0,2649.0,1.0
2024.11.25_19-34-49_Biarmipes84_no_odor,2652.0,2657.0,1.0
2024.11.25_19-34-49_Biarmipes84_no_odor,2659.0,2661.0,1.0
2024.11.25_19-34-49_Biarmipes84_no_odor,2663.0,2670.0,1.0
2024.11.25_19-34-49_Biarmipes84_no_odor,2672.0,2676.0,1.0
2024.11.25_19-34-49_Biarmipes84_no_odor,2678.0,2678.0,1.0
2024.11.25_19-34-49_Biarmipes84_no_odor,2680.0,2681.0,1.0
2024.11.25_19-34-49_Biarmipes84_no_odor,2683.0,2686.0,1.0
2024.11.25_19-34-49_Biarmipes84_no_odor,2690.0,2690.0,1.0
2024.11.25_19-34-49_Biarmipes84_no_odor,2692.0,2693.0,1.0
2024.11.25_19-34-49_Biarmipes84_no_odor,2695.0,2698.0,1.0
2024.11.25_19-34-49_Biarmipes84_no_odor,2700.0,2701.0,1.0
2024.11.25_19-34-49_Biarmipes84_no_odor,2703.0,2707.0,1.0
2024.11.25_19-34-49_Biarmipes84_no_odor,2709.0,2711.0,1.0
2024.11.25_19-34-49_Biarmipes84_no_odor,2713.0,2714.0,1.0
2024.11.25_19-34-49_Biarmipes84_no_odor,2718.0,2718.0,1.0
2024.11.25_19-34-49_Biarmipes84_no_odor,2720.0,2721.0,1.0
2024.11.25_19-34-49_Biarmipes84_no_odor,2723.0,2738.0,1.0
2024.11.25_19-34-49_Biarmipes84_no_odor,2741.0,2743.0,1.0
2024.11.25_19-34-49_Biarmipes84_no_odor,2745.0,2745.0,1.0
2024.11.25_19-34-49_Biarmipes84_no_odor,2748.0,2750.0,1.0
2024.11.25_19-34-49_Biarmipes84_no_odor,2752.0,2753.0,1.0
2024.11.25_19-34-49_Biarmipes84_no_odor,2755.0,2755.0,1.0
2024.11.25_19-34-49_Biarmipes84_no_odor,2757.0,2757.0,1.0
2024.11.25_19-34-49_Biarmipes84_no_odor,2762.0,2763.0,1.0
2024.11.25_19-34-49_Biarmipes84_no_odor,2766.0,2767.0,1.0
2024.11.25_19-34-49_Biarmipes84_no_odor,2769.0,2770.0,1.0
2024.11.25_19-34-49_Biarmipes84_no_odor,2772.0,2773.0,1.0
2024.11.25_19-34-49_Biarmipes84_no_odor,2775.0,2776.0,1.0
2024.11.25_19-34-49_Biarmipes84_no_odor,2779.0,2779.0,1.0
2024.11.25_19-34-49_Biarmipes84_no_odor,2782.0,2782.0,1.0
2024.11.25_19-34-49_Biarmipes84_no_odor,2786.0,2789.0,1.0
2024.11.25_19-34-49_Biarmipes84_no_odor,2791.0,2791.0,1.0
2024.11.25_19-34-49_Biarmipes84_no_odor,2793.0,2796.0,1.0
2024.11.25_19-34-49_Biarmipes84_no_odor,2798.0,2798.0,1.0
2024.11.25_19-34-49_Biarmipes84_no_odor,2800.0,2801.0,1.0
2024.11.25_19-34-49_Biarmipes84_no_odor,2807.0,2807.0,1.0
2024.11.25_19-34-49_Biarmipes84_no_odor,2810.0,2812.0,1.0
2024.11.25_19-34-49_Biarmipes84_no_odor,2816.0,2817.0,1.0
2024.11.25_19-34-49_Biarmipes84_no_odor,2819.0,2823.0,1.0
2024.11.25_19-34-49_Biarmipes84_no_odor,2830.0,2830.0,1.0
2024.11.25_19-34-49_Biarmipes84_no_odor,2832.0,3286.0,1.0
2024.11.25_19-34-49_Biarmipes84_no_odor,3288.0,3334.0,1.0
2024.11.25_19-34-49_Biarmipes84_no_odor,3336.0,3524.0,1.0
2024.11.25_19-34-49_Biarmipes84_no_odor,3526.0,3576.0,1.0
2024.11.25_19-34-49_Biarmipes84_no_odor,3578.0,3595.0,1.0
2024.11.25_19-34-49_Biarmipes84_no_odor,3597.0,3632.0,1.0
2024.11.25_19-34-49_Biarmipes84_no_odor,3634.0,3646.0,1.0
2024.11.25_19-34-49_Biarmipes84_no_odor,3648.0,3665.0,1.0
2024.11.25_19-34-49_Biarmipes84_no_odor,3667.0,3670.0,1.0
2024.11.25_19-34-49_Biarmipes84_no_odor,3672.0,3679.0,1.0
2024.11.25_19-34-49_Biarmipes84_no_odor,3681.0,3681.0,1.0
2024.11.25_19-34-49_Biarmipes84_no_odor,3683.0,3684.0,1.0
2024.11.25_19-34-49_Biarmipes84_no_odor,3686.0,3709.0,1.0
2024.11.25_19-34-49_Biarmipes84_no_odor,3711.0,3723.0,1.0
2024.11.25_19-34-49_Biarmipes84_no_odor,3725.0,3727.0,1.0
2024.11.25_19-34-49_Biarmipes84_no_odor,3729.0,3749.0,1.0
2024.11.25_19-34-49_Biarmipes84_no_odor,3751.0,3982.0,1.0
2024.11.25_19-34-49_Biarmipes84_no_odor,3984.0,4002.0,1.0
2024.11.25_19-34-49_Biarmipes84_no_odor,4004.0,4010.0,1.0
2024.11.25_19-34-49_Biarmipes84_no_odor,4015.0,4036.0,1.0
2024.11.25_19-34-49_Biarmipes84_no_odor,4038.0,4040.0,1.0
2024.11.25_19-34-49_Biarmipes84_no_odor,4042.0,4044.0,1.0
2024.11.25_19-34-49_Biarmipes84_no_odor,4046.0,4047.0,1.0
2024.11.25_19-34-49_Biarmipes84_no_odor,4049.0,4065.0,1.0
2024.11.25_19-34-49_Biarmipes84_no_odor,4067.0,4071.0,1.0
2024.11.25_19-34-49_Biarmipes84_no_odor,4073.0,4080.0,1.0
2024.11.25_19-34-49_Biarmipes84_no_odor,4082.0,4087.0,1.0
2024.11.25_19-34-49_Biarmipes84_no_odor,4089.0,4097.0,1.0
2024.11.25_19-34-49_Biarmipes84_no_odor,4099.0,4139.0,1.0
2024.11.25_19-34-49_Biarmipes84_no_odor,4144.0,4147.0,1.0
2024.11.25_19-34-49_Biarmipes84_no_odor,4150.0,4150.0,1.0
2024.11.25_19-34-49_Biarmipes84_no_odor,4153.0,4157.0,1.0
2024.11.25_19-34-49_Biarmipes84_no_odor,4159.0,4161.0,1.0
2024.11.25_19-34-49_Biarmipes84_no_odor,4164.0,4166.0,1.0
2024.11.25_19-34-49_Biarmipes84_no_odor,4171.0,4181.0,1.0
2024.11.25_19-34-49_Biarmipes84_no_odor,4183.0,4185.0,1.0
2024.11.25_19-34-49_Biarmipes84_no_odor,4187.0,4187.0,1.0
2024.11.25_19-34-49_Biarmipes84_no_odor,4189.0,4284.0,1.0
2024.11.25_19-34-49_Biarmipes84_no_odor,4286.0,4293.0,1.0
2024.11.25_19-34-49_Biarmipes84_no_odor,4295.0,4305.0,1.0
2024.11.25_19-34-49_Biarmipes84_no_odor,4307.0,4313.0,1.0
2024.11.25_19-34-49_Biarmipes84_no_odor,4315.0,4323.0,1.0
2024.11.25_19-34-49_Biarmipes84_no_odor,4325.0,4325.0,1.0
2024.11.25_19-34-49_Biarmipes84_no_odor,4327.0,4328.0,1.0
2024.11.25_19-34-49_Biarmipes84_no_odor,4330.0,4340.0,1.0
2024.11.25_19-34-49_Biarmipes84_no_odor,4342.0,4344.0,1.0
2024.11.25_19-34-49_Biarmipes84_no_odor,4349.0,4349.0,1.0
2024.11.25_19-34-49_Biarmipes84_no_odor,4352.0,4354.0,1.0
2024.11.25_19-34-49_Biarmipes84_no_odor,4358.0,4360.0,1.0
2024.11.25_19-34-49_Biarmipes84_no_odor,4362.0,4368.0,1.0
2024.11.25_19-34-49_Biarmipes84_no_odor,4370.0,4373.0,1.0
2024.11.25_19-34-49_Biarmipes84_no_odor,4375.0,4384.0,1.0
2024.11.25_19-34-49_Biarmipes84_no_odor,4386.0,4522.0,1.0
2024.11.25_19-34-49_Biarmipes84_no_odor,4524.0,4561.0,1.0
2024.11.25_19-34-49_Biarmipes84_no_odor,4563.0,4582.0,1.0
2024.11.25_19-34-49_Biarmipes84_no_odor,4584.0,4726.0,1.0
2024.11.25_19-34-49_Biarmipes84_no_odor,4728.0,4751.0,1.0
2024.11.25_19-34-49_Biarmipes84_no_odor,4753.0,4766.0,1.0
2024.11.25_19-34-49_Biarmipes84_no_odor,4768.0,4768.0,1.0
2024.11.25_19-34-49_Biarmipes84_no_odor,4770.0,4772.0,1.0
2024.11.25_19-34-49_Biarmipes84_no_odor,4774.0,4788.0,1.0
2024.11.25_19-34-49_Biarmipes84_no_odor,4790.0,4796.0,1.0
2024.11.25_19-34-49_Biarmipes84_no_odor,4798.0,4799.0,1.0
2024.11.25_19-34-49_Biarmipes84_no_odor,4801.0,4807.0,1.0
2024.11.25_19-34-49_Biarmipes84_no_odor,4809.0,4812.0,1.0
2024.11.25_19-34-49_Biarmipes84_no_odor,4814.0,4820.0,1.0
2024.11.25_19-34-49_Biarmipes84_no_odor,4823.0,4829.0,1.0
2024.11.25_19-34-49_Biarmipes84_no_odor,4835.0,4837.0,1.0
2024.11.25_19-34-49_Biarmipes84_no_odor,4841.0,4843.0,1.0
2024.11.25_19-34-49_Biarmipes84_no_odor,4846.0,4847.0,1.0
2024.11.25_19-34-49_Biarmipes84_no_odor,4849.0,4850.0,1.0
2024.11.25_19-34-49_Biarmipes84_no_odor,4852.0,4852.0,1.0
2024.11.25_19-34-49_Biarmipes84_no_odor,4854.0,4854.0,1.0
2024.11.25_19-34-49_Biarmipes84_no_odor,4856.0,4856.0,1.0
2024.11.25_19-34-49_Biarmipes84_no_odor,4859.0,4860.0,1.0
2024.11.25_19-34-49_Biarmipes84_no_odor,4862.0,4867.0,1.0
2024.11.25_19-34-49_Biarmipes84_no_odor,4869.0,4887.0,1.0
2024.11.25_19-34-49_Biarmipes84_no_odor,4891.0,4899.0,1.0
2024.11.25_19-34-49_Biarmipes84_no_odor,4902.0,4904.0,1.0
2024.11.25_19-34-49_Biarmipes84_no_odor,4906.0,4906.0,1.0
2024.11.25_19-34-49_Biarmipes84_no_odor,4908.0,4908.0,1.0
2024.11.25_19-34-49_Biarmipes84_no_odor,4915.0,4916.0,1.0
2024.11.25_19-34-49_Biarmipes84_no_odor,4918.0,4918.0,1.0
2024.11.25_19-34-49_Biarmipes84_no_odor,4920.0,4922.0,1.0
2024.11.25_19-34-49_Biarmipes84_no_odor,4927.0,4930.0,1.0
2024.11.25_19-34-49_Biarmipes84_no_odor,4932.0,4932.0,1.0
2024.11.25_19-34-49_Biarmipes84_no_odor,4934.0,4935.0,1.0
2024.11.25_19-34-49_Biarmipes84_no_odor,4938.0,4938.0,1.0
2024.11.25_19-34-49_Biarmipes84_no_odor,4940.0,4940.0,1.0
2024.11.25_19-34-49_Biarmipes84_no_odor,4943.0,4943.0,1.0
2024.11.25_19-34-49_Biarmipes84_no_odor,4945.0,4948.0,1.0
2024.11.25_19-34-49_Biarmipes84_no_odor,4951.0,4960.0,1.0
2024.11.25_19-34-49_Biarmipes84_no_odor,4962.0,4966.0,1.0
2024.11.25_19-34-49_Biarmipes84_no_odor,4971.0,4972.0,1.0
2024.11.25_19-34-49_Biarmipes84_no_odor,4974.0,4976.0,1.0
2024.11.25_19-34-49_Biarmipes84_no_odor,4978.0,4980.0,1.0
2024.11.25_19-34-49_Biarmipes84_no_odor,4982.0,4982.0,1.0
2024.11.25_19-34-49_Biarmipes84_no_odor,4984.0,4984.0,1.0
2024.11.25_19-34-49_Biarmipes84_no_odor,4986.0,4997.0,1.0
2024.11.25_19-34-49_Biarmipes84_no_odor,4999.0,5001.0,1.0
2024.11.25_19-34-49_Biarmipes84_no_odor,5003.0,5017.0,1.0
2024.11.25_19-34-49_Biarmipes84_no_odor,5026.0,5041.0,1.0
2024.11.25_19-34-49_Biarmipes84_no_odor,5043.0,5048.0,1.0
2024.11.25_19-34-49_Biarmipes84_no_odor,5050.0,5058.0,1.0
2024.11.25_19-34-49_Biarmipes84_no_odor,5060.0,5068.0,1.0
2024.11.25_19-34-49_Biarmipes84_no_odor,5071.0,5072.0,1.0
2024.11.25_19-34-49_Biarmipes84_no_odor,5074.0,5090.0,1.0
2024.11.25_19-34-49_Biarmipes84_no_odor,5092.0,5119.0,1.0
2024.11.25_19-34-49_Biarmipes84_no_odor,5121.0,5121.0,1.0
2024.11.25_19-34-49_Biarmipes84_no_odor,5123.0,5125.0,1.0
2024.11.25_19-34-49_Biarmipes84_no_odor,5127.0,5133.0,1.0
2024.11.25_19-34-49_Biarmipes84_no_odor,5136.0,5138.0,1.0
2024.11.25_19-34-49_Biarmipes84_no_odor,5144.0,5145.0,1.0
2024.11.25_19-34-49_Biarmipes84_no_odor,5147.0,5158.0,1.0
2024.11.25_19-34-49_Biarmipes84_no_odor,5160.0,5985.0,1.0
2024.11.25_19-34-49_Biarmipes84_no_odor,5987.0,6064.0,1.0
2024.11.25_19-34-49_Biarmipes84_no_odor,6066.0,6106.0,1.0
2024.11.25_19-34-49_Biarmipes84_no_odor,6108.0,6186.0,1.0
2024.11.25_19-34-49_Biarmipes84_no_odor,6188.0,6202.0,1.0
2024.11.25_19-34-49_Biarmipes84_no_odor,6204.0,6205.0,1.0
2024.11.25_19-34-49_Biarmipes84_no_odor,6207.0,6216.0,1.0
2024.11.25_19-34-49_Biarmipes84_no_odor,6218.0,6219.0,1.0
2024.11.25_19-34-49_Biarmipes84_no_odor,6221.0,6221.0,1.0
2024.11.25_19-34-49_Biarmipes84_no_odor,6223.0,6243.0,1.0
2024.11.25_19-34-49_Biarmipes84_no_odor,6245.0,6245.0,1.0
2024.11.25_19-34-49_Biarmipes84_no_odor,6247.0,6254.0,1.0
2024.11.25_19-34-49_Biarmipes84_no_odor,6256.0,6257.0,1.0
2024.11.25_19-34-49_Biarmipes84_no_odor,6259.0,6259.0,1.0
2024.11.25_19-34-49_Biarmipes84_no_odor,6261.0,6261.0,1.0
2024.11.25_19-34-49_Biarmipes84_no_odor,6263.0,6268.0,1.0
2024.11.25_19-34-49_Biarmipes84_no_odor,6270.0,6278.0,1.0
2024.11.25_19-34-49_Biarmipes84_no_odor,6280.0,6282.0,1.0
2024.11.25_19-34-49_Biarmipes84_no_odor,6284.0,6292.0,1.0
2024.11.25_19-34-49_Biarmipes84_no_odor,6294.0,6302.0,1.0
2024.11.25_19-34-49_Biarmipes84_no_odor,6304.0,6325.0,1.0
2024.11.25_19-34-49_Biarmipes84_no_odor,6327.0,6353.0,1.0
2024.11.25_19-34-49_Biarmipes84_no_odor,6355.0,6368.0,1.0
2024.11.25_19-34-49_Biarmipes84_no_odor,6370.0,6378.0,1.0
2024.11.25_19-34-49_Biarmipes84_no_odor,6380.0,6385.0,1.0
2024.11.25_19-34-49_Biarmipes84_no_odor,6388.0,6401.0,1.0
2024.11.25_19-34-49_Biarmipes84_no_odor,6403.0,6425.0,1.0
2024.11.25_19-34-49_Biarmipes84_no_odor,6427.0,6432.0,1.0
2024.11.25_19-34-49_Biarmipes84_no_odor,6434.0,6482.0,1.0
2024.11.25_19-34-49_Biarmipes84_no_odor,6484.0,6941.0,1.0
2024.11.25_19-34-49_Biarmipes84_no_odor,6943.0,6985.0,1.0
2024.11.25_19-34-49_Biarmipes84_no_odor,6987.0,6995.0,1.0
2024.11.25_19-34-49_Biarmipes84_no_odor,6998.0,7005.0,1.0
2024.11.25_19-34-49_Biarmipes84_no_odor,7007.0,7065.0,1.0
2024.11.25_19-34-49_Biarmipes84_no_odor,7067.0,7075.0,1.0
2024.11.25_19-34-49_Biarmipes84_no_odor,7077.0,7083.0,1.0
2024.11.25_19-34-49_Biarmipes84_no_odor,7086.0,7086.0,1.0
2024.11.25_19-34-49_Biarmipes84_no_odor,7089.0,7089.0,1.0
2024.11.25_19-34-49_Biarmipes84_no_odor,7093.0,7094.0,1.0
2024.11.25_19-34-49_Biarmipes84_no_odor,7098.0,7100.0,1.0
2024.11.25_19-34-49_Biarmipes84_no_odor,7103.0,7103.0,1.0
2024.11.25_19-34-49_Biarmipes84_no_odor,7107.0,7109.0,1.0
2024.11.25_19-34-49_Biarmipes84_no_odor,7112.0,7115.0,1.0
2024.11.25_19-34-49_Biarmipes84_no_odor,7117.0,7117.0,1.0
2024.11.25_19-34-49_Biarmipes84_no_odor,7122.0,7122.0,1.0
2024.11.25_19-34-49_Biarmipes84_no_odor,7128.0,7128.0,1.0
2024.11.25_19-34-49_Biarmipes84_no_odor,7131.0,7132.0,1.0
2024.11.25_19-34-49_Biarmipes84_no_odor,7135.0,7139.0,1.0
2024.11.25_19-34-49_Biarmipes84_no_odor,7141.0,7141.0,1.0
2024.11.25_19-34-49_Biarmipes84_no_odor,7143.0,7143.0,1.0
2024.11.25_19-34-49_Biarmipes84_no_odor,7145.0,7153.0,1.0
2024.11.25_19-34-49_Biarmipes84_no_odor,7155.0,7155.0,1.0
2024.11.25_19-34-49_Biarmipes84_no_odor,7157.0,7172.0,1.0
2024.11.25_19-34-49_Biarmipes84_no_odor,7174.0,7175.0,1.0
2024.11.25_19-34-49_Biarmipes84_no_odor,7177.0,7180.0,1.0
2024.11.25_19-34-49_Biarmipes84_no_odor,7183.0,7183.0,1.0
2024.11.25_19-34-49_Biarmipes84_no_odor,7185.0,7202.0,1.0
2024.11.25_19-34-49_Biarmipes84_no_odor,7204.0,7208.0,1.0
2024.11.25_19-34-49_Biarmipes84_no_odor,7210.0,7211.0,1.0
2024.11.25_19-34-49_Biarmipes84_no_odor,7213.0,7213.0,1.0
2024.11.25_19-34-49_Biarmipes84_no_odor,7215.0,7217.0,1.0
2024.11.25_19-34-49_Biarmipes84_no_odor,7219.0,7221.0,1.0
2024.11.25_19-34-49_Biarmipes84_no_odor,7223.0,7235.0,1.0
2024.11.25_19-34-49_Biarmipes84_no_odor,7237.0,7250.0,1.0
2024.11.25_19-34-49_Biarmipes84_no_odor,7252.0,7285.0,1.0
2024.11.25_19-34-49_Biarmipes84_no_odor,7287.0,7344.0,1.0
2024.11.25_19-34-49_Biarmipes84_no_odor,7346.0,7348.0,1.0
2024.11.25_19-34-49_Biarmipes84_no_odor,7350.0,7386.0,1.0
2024.11.25_19-34-49_Biarmipes84_no_odor,7388.0,7408.0,1.0
2024.11.25_19-34-49_Biarmipes84_no_odor,7410.0,7475.0,1.0
2024.11.25_19-34-49_Biarmipes84_no_odor,7477.0,7479.0,1.0
2024.11.25_19-34-49_Biarmipes84_no_odor,7481.0,7490.0,1.0
2024.11.25_19-34-49_Biarmipes84_no_odor,7492.0,8878.0,1.0
2024.10.25_08-43-37_Sussex_metben,6958.0,6973.0,1.0
2024.10.25_08-43-37_Sussex_metben,6975.0,6975.0,1.0
2024.10.25_08-43-37_Sussex_metben,6980.0,6981.0,1.0
2024.10.25_08-43-37_Sussex_metben,6983.0,6983.0,1.0
2024.10.25_08-43-37_Sussex_metben,6986.0,7002.0,1.0
2024.10.25_08-43-37_Sussex_metben,7004.0,7004.0,1.0
2024.10.25_08-43-37_Sussex_metben,7006.0,7008.0,1.0
2024.10.25_08-43-37_Sussex_metben,7010.0,7010.0,1.0
2024.10.25_08-43-37_Sussex_metben,7013.0,8970.0,1.0
2024.10.24_12-17-03_Riverside_metben,6668.0,6728.0,1.0
2024.10.24_12-17-03_Riverside_metben,6730.0,6859.0,1.0
2024.10.24_12-17-03_Riverside_metben,6861.0,6977.0,1.0
2024.10.24_12-17-03_Riverside_metben,6979.0,6979.0,1.0
2024.10.24_12-17-03_Riverside_metben,6982.0,7032.0,1.0
2024.10.24_12-17-03_Riverside_metben,7034.0,7034.0,1.0
2024.10.24_12-17-03_Riverside_metben,7036.0,7094.0,1.0
2024.10.24_12-17-03_Riverside_metben,7096.0,7109.0,1.0
2024.10.24_12-17-03_Riverside_metben,7111.0,7118.0,1.0
2024.10.24_12-17-03_Riverside_metben,7120.0,7142.0,1.0
2024.10.24_12-17-03_Riverside_metben,7144.0,7151.0,1.0
2024.10.24_12-17-03_Riverside_metben,7153.0,7155.0,1.0
2024.10.24_12-17-03_Riverside_metben,7157.0,7163.0,1.0
2024.10.24_12-17-03_Riverside_metben,7165.0,7169.0,1.0
2024.10.24_12-17-03_Riverside_metben,7171.0,7177.0,1.0
2024.10.24_12-17-03_Riverside_metben,7180.0,7183.0,1.0
2024.10.24_12-17-03_Riverside_metben,7185.0,7186.0,1.0
2024.10.24_12-17-03_Riverside_metben,7188.0,7192.0,1.0
2024.10.24_12-17-03_Riverside_metben,7195.0,7206.0,1.0
2024.10.24_12-17-03_Riverside_metben,7210.0,7210.0,1.0
2024.10.24_12-17-03_Riverside_metben,7214.0,7219.0,1.0
2024.10.24_12-17-03_Riverside_metben,7221.0,7224.0,1.0
2024.10.24_12-17-03_Riverside_metben,7226.0,7227.0,1.0
2024.10.24_12-17-03_Riverside_metben,7230.0,7234.0,1.0
2024.10.24_12-17-03_Riverside_metben,7237.0,7239.0,1.0
2024.10.24_12-17-03_Riverside_metben,7241.0,7246.0,1.0
2024.10.24_12-17-03_Riverside_metben,7248.0,7252.0,1.0
2024.10.24_12-17-03_Riverside_metben,7254.0,7255.0,1.0
2024.10.24_12-17-03_Riverside_metben,7257.0,7262.0,1.0
2024.10.24_12-17-03_Riverside_metben,7264.0,7266.0,1.0
2024.10.24_12-17-03_Riverside_metben,7269.0,7270.0,1.0
2024.10.24_12-17-03_Riverside_metben,7279.0,7283.0,1.0
2024.10.24_12-17-03_Riverside_metben,7285.0,7287.0,1.0
2024.10.24_12-17-03_Riverside_metben,7289.0,7290.0,1.0
2024.10.24_12-17-03_Riverside_metben,7293.0,7293.0,1.0
2024.10.24_12-17-03_Riverside_metben,7295.0,7300.0,1.0
2024.10.24_12-17-03_Riverside_metben,7304.0,8999.0,1.0
2024.10.10_13-28-11_Biarmipes84_1hexanol,5580.0,5595.0,1.0
2024.10.10_13-28-11_Biarmipes84_1hexanol,5597.0,5607.0,1.0
2024.10.10_13-28-11_Biarmipes84_1hexanol,5610.0,5797.0,1.0
2025.04.08_12-19-48_Riverside_metbut,6686.0,6705.0,1.0
2025.04.08_12-19-48_Riverside_metbut,6707.0,8999.0,1.0
2024.10.30_10-09-39_sussex_metben,3.0,618.0,1.0
2024.10.30_10-09-39_sussex_metben,628.0,637.0,1.0
2024.10.30_10-09-39_sussex_metben,640.0,1707.0,1.0
2024.10.30_10-09-39_sussex_metben,1711.0,1876.0,1.0
2024.10.11_09-55-04_Biarmipes_G224_1hexanol,3518.0,3521.0,1.0
2024.10.11_09-55-04_Biarmipes_G224_1hexanol,3523.0,5542.0,1.0
2024.10.11_09-55-04_Biarmipes_G224_1hexanol,5544.0,5544.0,1.0
2024.10.11_09-55-04_Biarmipes_G224_1hexanol,5546.0,5643.0,1.0
2024.10.11_09-55-04_Biarmipes_G224_1hexanol,5645.0,5652.0,1.0
2024.10.11_09-55-04_Biarmipes_G224_1hexanol,5655.0,5932.0,1.0
2024.10.11_09-55-04_Biarmipes_G224_1hexanol,5934.0,5935.0,1.0
2024.10.11_09-55-04_Biarmipes_G224_1hexanol,5937.0,7195.0,1.0
2024.10.11_09-55-04_Biarmipes_G224_1hexanol,7199.0,7303.0,1.0
2024.10.11_09-55-04_Biarmipes_G224_1hexanol,7305.0,7368.0,1.0
2024.10.11_09-55-04_Biarmipes_G224_1hexanol,7371.0,7946.0,1.0
2024.10.11_09-55-04_Biarmipes_G224_1hexanol,7948.0,7969.0,1.0
2024.10.11_09-55-04_Biarmipes_G224_1hexanol,7972.0,8064.0,1.0
2024.10.11_09-55-04_Biarmipes_G224_1hexanol,8072.0,8085.0,1.0
2024.10.11_09-55-04_Biarmipes_G224_1hexanol,8093.0,8797.0,1.0
2024.10.11_09-55-04_Biarmipes_G224_1hexanol,8799.0,8799.0,1.0
2024.10.11_09-55-04_Biarmipes_G224_1hexanol,8816.0,8999.0,1.0
2024.11.14_01-18-00_Biarmipes_G224_e2hex,468.0,1072.0,1.0
2024.11.14_01-18-00_Biarmipes_G224_e2hex,1074.0,1124.0,1.0
2024.11.14_01-18-00_Biarmipes_G224_e2hex,1126.0,1158.0,1.0
2024.11.14_01-18-00_Biarmipes_G224_e2hex,1167.0,1199.0,1.0
2024.11.14_01-18-00_Biarmipes_G224_e2hex,1203.0,1203.0,1.0
2024.11.14_01-18-00_Biarmipes_G224_e2hex,1219.0,1616.0,1.0
2024.11.14_01-18-00_Biarmipes_G224_e2hex,1625.0,1663.0,1.0
2024.11.14_01-18-00_Biarmipes_G224_e2hex,1665.0,1691.0,1.0
2024.11.14_01-18-00_Biarmipes_G224_e2hex,1694.0,1694.0,1.0
2024.11.14_01-18-00_Biarmipes_G224_e2hex,1759.0,1921.0,1.0
2024.11.14_01-18-00_Biarmipes_G224_e2hex,1923.0,1924.0,1.0
2024.11.14_01-18-00_Biarmipes_G224_e2hex,1932.0,2353.0,1.0
2024.11.14_01-18-00_Biarmipes_G224_e2hex,2355.0,2410.0,1.0
2024.11.14_01-18-00_Biarmipes_G224_e2hex,2412.0,2426.0,1.0
2024.11.14_01-18-00_Biarmipes_G224_e2hex,2430.0,2442.0,1.0
2024.11.14_01-18-00_Biarmipes_G224_e2hex,2456.0,2493.0,1.0
2024.11.14_01-18-00_Biarmipes_G224_e2hex,2495.0,2497.0,1.0
2024.11.14_01-18-00_Biarmipes_G224_e2hex,2500.0,2500.0,1.0
2024.11.14_01-18-00_Biarmipes_G224_e2hex,2506.0,2517.0,1.0
2024.11.14_01-18-00_Biarmipes_G224_e2hex,2522.0,2540.0,1.0
2024.11.14_01-18-00_Biarmipes_G224_e2hex,2551.0,2551.0,1.0
2024.11.14_01-18-00_Biarmipes_G224_e2hex,2554.0,2575.0,1.0
2024.11.14_01-18-00_Biarmipes_G224_e2hex,2577.0,2580.0,1.0
2024.11.14_01-18-00_Biarmipes_G224_e2hex,2582.0,2586.0,1.0
2024.11.14_01-18-00_Biarmipes_G224_e2hex,2589.0,2604.0,1.0
2024.11.14_01-18-00_Biarmipes_G224_e2hex,2622.0,2635.0,1.0
2024.11.14_01-18-00_Biarmipes_G224_e2hex,6216.0,6235.0,1.0
2024.11.14_01-18-00_Biarmipes_G224_e2hex,6241.0,6256.0,1.0
2024.11.14_01-18-00_Biarmipes_G224_e2hex,6316.0,6337.0,1.0
2024.11.14_01-18-00_Biarmipes_G224_e2hex,6339.0,6365.0,1.0
2024.11.14_01-18-00_Biarmipes_G224_e2hex,6371.0,6469.0,1.0
2024.11.14_01-18-00_Biarmipes_G224_e2hex,6471.0,6518.0,1.0
2024.11.14_01-18-00_Biarmipes_G224_e2hex,6526.0,6544.0,1.0
2024.11.14_01-18-00_Biarmipes_G224_e2hex,6547.0,6547.0,1.0
2024.11.14_01-18-00_Biarmipes_G224_e2hex,8080.0,8999.0,1.0
2024.11.14_22-01-19_Stocago_e2hex,3182.0,3227.0,1.0
2024.11.14_22-01-19_Stocago_e2hex,3229.0,3234.0,1.0
2024.11.14_22-01-19_Stocago_e2hex,3236.0,3238.0,1.0
2024.11.14_22-01-19_Stocago_e2hex,3240.0,4590.0,1.0
2024.11.14_22-01-19_Stocago_e2hex,4607.0,4840.0,1.0
2024.11.14_22-01-19_Stocago_e2hex,4842.0,5138.0,1.0
2024.11.14_22-01-19_Stocago_e2hex,5140.0,5156.0,1.0
2024.11.14_22-01-19_Stocago_e2hex,5158.0,5344.0,1.0
2024.11.14_22-01-19_Stocago_e2hex,5346.0,8582.0,1.0
2024.11.14_22-01-19_Stocago_e2hex,8584.0,8999.0,1.0
2024.10.30_09-00-14_Stocago_metben,3016.0,3062.0,1.0
2024.10.30_09-00-14_Stocago_metben,3064.0,3067.0,1.0
2024.10.30_09-00-14_Stocago_metben,3078.0,3101.0,1.0
2024.10.30_09-00-14_Stocago_metben,3107.0,3107.0,1.0
2024.10.30_09-00-14_Stocago_metben,6254.0,6291.0,1.0
2024.10.30_09-00-14_Stocago_metben,6295.0,6314.0,1.0
2024.10.30_09-00-14_Stocago_metben,6316.0,6336.0,1.0
2024.10.30_09-00-14_Stocago_metben,6341.0,6346.0,1.0
2024.10.30_09-00-14_Stocago_metben,6538.0,6888.0,1.0
2024.10.30_09-00-14_Stocago_metben,6890.0,6899.0,1.0
2024.10.30_09-00-14_Stocago_metben,6907.0,6938.0,1.0
2024.10.30_09-00-14_Stocago_metben,6940.0,6940.0,1.0
2024.10.30_09-00-14_Stocago_metben,6946.0,6947.0,1.0
2024.10.30_09-00-14_Stocago_metben,6951.0,6958.0,1.0
2024.10.08_10-57-34_Biarmipes_G224_no_odor,12.0,29.0,1.0
2024.10.08_10-57-34_Biarmipes_G224_no_odor,31.0,33.0,1.0
2024.10.08_10-57-34_Biarmipes_G224_no_odor,35.0,812.0,1.0
2024.10.08_10-57-34_Biarmipes_G224_no_odor,814.0,814.0,1.0
2024.10.08_13-42-01_Stocago_2hexanol,3.0,283.0,1.0
2024.10.08_13-42-01_Stocago_2hexanol,286.0,341.0,1.0
2024.10.08_13-42-01_Stocago_2hexanol,343.0,3154.0,1.0
2024.10.08_13-42-01_Stocago_2hexanol,3156.0,3162.0,1.0
2024.10.08_13-42-01_Stocago_2hexanol,3166.0,3464.0,1.0
2024.10.08_13-42-01_Stocago_2hexanol,3466.0,3478.0,1.0
2024.10.08_13-42-01_Stocago_2hexanol,3481.0,3510.0,1.0
2024.10.08_13-42-01_Stocago_2hexanol,3514.0,3514.0,1.0
2024.10.08_13-42-01_Stocago_2hexanol,3553.0,3554.0,1.0
2024.10.08_13-42-01_Stocago_2hexanol,3556.0,3556.0,1.0
2024.10.08_13-42-01_Stocago_2hexanol,3558.0,3588.0,1.0
2024.10.08_13-42-01_Stocago_2hexanol,3592.0,3592.0,1.0
2024.10.08_13-42-01_Stocago_2hexanol,3594.0,3596.0,1.0
2024.10.08_13-42-01_Stocago_2hexanol,3603.0,3634.0,1.0
2024.09.24_16-45-15_Yakuba7_no_odor,3.0,1450.0,1.0
2024.09.24_16-45-15_Yakuba7_no_odor,1452.0,1463.0,1.0
2024.09.24_16-45-15_Yakuba7_no_odor,1465.0,1482.0,1.0
2024.09.24_16-45-15_Yakuba7_no_odor,1484.0,1498.0,1.0
2024.09.24_16-45-15_Yakuba7_no_odor,1500.0,1662.0,1.0
2024.09.24_16-45-15_Yakuba7_no_odor,1665.0,1666.0,1.0
2024.09.24_16-45-15_Yakuba7_no_odor,1668.0,1681.0,1.0
2024.09.24_16-45-15_Yakuba7_no_odor,1684.0,1685.0,1.0
2024.09.24_16-45-15_Yakuba7_no_odor,1688.0,1691.0,1.0
2024.09.24_16-45-15_Yakuba7_no_odor,1693.0,1696.0,1.0
2024.09.24_16-45-15_Yakuba7_no_odor,1698.0,1699.0,1.0
2024.09.24_16-45-15_Yakuba7_no_odor,1701.0,1721.0,1.0
2024.09.24_16-45-15_Yakuba7_no_odor,1725.0,1726.0,1.0
2024.09.24_16-45-15_Yakuba7_no_odor,1729.0,1737.0,1.0
2024.09.24_16-45-15_Yakuba7_no_odor,1739.0,1745.0,1.0
2024.09.24_16-45-15_Yakuba7_no_odor,1747.0,1750.0,1.0
2024.09.24_16-45-15_Yakuba7_no_odor,1752.0,1763.0,1.0
2024.09.24_16-45-15_Yakuba7_no_odor,1765.0,1765.0,1.0
2024.09.24_16-45-15_Yakuba7_no_odor,1767.0,1767.0,1.0
2024.09.24_16-45-15_Yakuba7_no_odor,1769.0,1769.0,1.0
2024.09.24_16-45-15_Yakuba7_no_odor,1774.0,1774.0,1.0
2024.09.24_16-45-15_Yakuba7_no_odor,1776.0,1777.0,1.0
2024.09.24_16-45-15_Yakuba7_no_odor,1780.0,1780.0,1.0
2024.09.24_16-45-15_Yakuba7_no_odor,1782.0,1796.0,1.0
2024.09.24_16-45-15_Yakuba7_no_odor,1799.0,1799.0,1.0
2024.09.24_16-45-15_Yakuba7_no_odor,1801.0,1817.0,1.0
2024.09.24_16-45-15_Yakuba7_no_odor,1819.0,1819.0,1.0
2024.09.24_16-45-15_Yakuba7_no_odor,1821.0,1824.0,1.0
2024.09.24_16-45-15_Yakuba7_no_odor,1826.0,1880.0,1.0
2024.09.24_16-45-15_Yakuba7_no_odor,1891.0,1891.0,1.0
2024.09.24_16-45-15_Yakuba7_no_odor,1896.0,1902.0,1.0
2024.09.24_16-45-15_Yakuba7_no_odor,1906.0,1906.0,1.0
2024.09.24_16-45-15_Yakuba7_no_odor,1909.0,1909.0,1.0
2024.09.24_16-45-15_Yakuba7_no_odor,1911.0,2038.0,1.0
2024.09.24_16-45-15_Yakuba7_no_odor,2040.0,7757.0,1.0
2024.09.24_16-45-15_Yakuba7_no_odor,7759.0,7782.0,1.0
2024.09.24_16-45-15_Yakuba7_no_odor,7784.0,7795.0,1.0
2024.09.24_16-45-15_Yakuba7_no_odor,7797.0,7805.0,1.0
2024.09.24_16-45-15_Yakuba7_no_odor,7807.0,8082.0,1.0
2024.09.24_16-45-15_Yakuba7_no_odor,8085.0,8098.0,1.0
2024.09.24_16-45-15_Yakuba7_no_odor,8100.0,8101.0,1.0
2024.09.24_16-45-15_Yakuba7_no_odor,8103.0,8118.0,1.0
2024.09.24_16-45-15_Yakuba7_no_odor,8120.0,8121.0,1.0
2024.09.24_16-45-15_Yakuba7_no_odor,8124.0,8130.0,1.0
2024.09.24_16-45-15_Yakuba7_no_odor,8132.0,8132.0,1.0
2024.09.24_16-45-15_Yakuba7_no_odor,8134.0,8136.0,1.0
2024.09.24_16-45-15_Yakuba7_no_odor,8139.0,8139.0,1.0
2024.09.24_16-45-15_Yakuba7_no_odor,8143.0,8144.0,1.0
2024.09.24_16-45-15_Yakuba7_no_odor,8146.0,8147.0,1.0
2024.09.24_16-45-15_Yakuba7_no_odor,8149.0,8150.0,1.0
2024.09.24_16-45-15_Yakuba7_no_odor,8152.0,8154.0,1.0
2024.09.24_16-45-15_Yakuba7_no_odor,8156.0,8165.0,1.0
2024.09.24_16-45-15_Yakuba7_no_odor,8167.0,8167.0,1.0
2024.09.24_16-45-15_Yakuba7_no_odor,8169.0,8189.0,1.0
2024.09.24_16-45-15_Yakuba7_no_odor,8191.0,8197.0,1.0
2024.09.24_16-45-15_Yakuba7_no_odor,8199.0,8217.0,1.0
2024.09.24_16-45-15_Yakuba7_no_odor,8219.0,8225.0,1.0
2024.09.24_16-45-15_Yakuba7_no_odor,8227.0,8238.0,1.0
2024.09.24_16-45-15_Yakuba7_no_odor,8240.0,8307.0,1.0
2024.09.24_16-45-15_Yakuba7_no_odor,8309.0,8310.0,1.0
2024.09.24_16-45-15_Yakuba7_no_odor,8312.0,8313.0,1.0
2024.09.24_16-45-15_Yakuba7_no_odor,8315.0,8347.0,1.0
2024.09.24_16-45-15_Yakuba7_no_odor,8349.0,8349.0,1.0
2024.09.24_16-45-15_Yakuba7_no_odor,8352.0,8354.0,1.0
2024.09.24_16-45-15_Yakuba7_no_odor,8356.0,8362.0,1.0
2024.09.24_16-45-15_Yakuba7_no_odor,8364.0,8391.0,1.0
2024.09.24_16-45-15_Yakuba7_no_odor,8394.0,8394.0,1.0
2024.09.24_16-45-15_Yakuba7_no_odor,8397.0,8398.0,1.0
2024.09.24_16-45-15_Yakuba7_no_odor,8400.0,8404.0,1.0
2024.09.24_16-45-15_Yakuba7_no_odor,8406.0,8407.0,1.0
2024.09.24_16-45-15_Yakuba7_no_odor,8409.0,8411.0,1.0
2024.09.24_16-45-15_Yakuba7_no_odor,8413.0,8416.0,1.0
2024.09.24_16-45-15_Yakuba7_no_odor,8419.0,8420.0,1.0
2024.09.24_16-45-15_Yakuba7_no_odor,8422.0,8422.0,1.0
2024.09.24_16-45-15_Yakuba7_no_odor,8425.0,8425.0,1.0
2024.09.24_16-45-15_Yakuba7_no_odor,8428.0,8429.0,1.0
2024.09.24_16-45-15_Yakuba7_no_odor,8433.0,8433.0,1.0
2024.09.24_16-45-15_Yakuba7_no_odor,8436.0,8441.0,1.0
2024.09.24_16-45-15_Yakuba7_no_odor,8443.0,8453.0,1.0
2024.09.24_16-45-15_Yakuba7_no_odor,8457.0,8462.0,1.0
2024.09.24_16-45-15_Yakuba7_no_odor,8464.0,8470.0,1.0
2024.09.24_16-45-15_Yakuba7_no_odor,8472.0,8473.0,1.0
2024.09.24_16-45-15_Yakuba7_no_odor,8475.0,8475.0,1.0
2024.09.24_16-45-15_Yakuba7_no_odor,8480.0,8480.0,1.0
2024.09.24_16-45-15_Yakuba7_no_odor,8482.0,8487.0,1.0
2024.09.24_16-45-15_Yakuba7_no_odor,8489.0,8489.0,1.0
2024.09.24_16-45-15_Yakuba7_no_odor,8491.0,8492.0,1.0
2024.09.24_16-45-15_Yakuba7_no_odor,8496.0,8536.0,1.0
2024.09.24_16-45-15_Yakuba7_no_odor,8538.0,8541.0,1.0
2024.09.24_16-45-15_Yakuba7_no_odor,8543.0,8558.0,1.0
2024.09.24_16-45-15_Yakuba7_no_odor,8560.0,8569.0,1.0
2024.09.24_16-45-15_Yakuba7_no_odor,8571.0,8573.0,1.0
2024.09.24_16-45-15_Yakuba7_no_odor,8575.0,8580.0,1.0
2024.09.24_16-45-15_Yakuba7_no_odor,8582.0,8589.0,1.0
2024.09.24_16-45-15_Yakuba7_no_odor,8591.0,8593.0,1.0
2024.09.24_16-45-15_Yakuba7_no_odor,8595.0,8600.0,1.0
2024.09.24_16-45-15_Yakuba7_no_odor,8605.0,8610.0,1.0
2024.09.24_16-45-15_Yakuba7_no_odor,8612.0,8615.0,1.0
2024.09.24_16-45-15_Yakuba7_no_odor,8618.0,8621.0,1.0
2024.09.24_16-45-15_Yakuba7_no_odor,8625.0,8625.0,1.0
2024.09.24_16-45-15_Yakuba7_no_odor,8628.0,8634.0,1.0
2024.09.24_16-45-15_Yakuba7_no_odor,8636.0,8645.0,1.0
2024.09.24_16-45-15_Yakuba7_no_odor,8648.0,8648.0,1.0
2024.09.24_16-45-15_Yakuba7_no_odor,8650.0,8662.0,1.0
2024.09.24_16-45-15_Yakuba7_no_odor,8664.0,8687.0,1.0
2024.09.24_16-45-15_Yakuba7_no_odor,8689.0,8694.0,1.0
2024.09.24_16-45-15_Yakuba7_no_odor,8696.0,8942.0,1.0
2024.11.14_01-30-07_Biarmipes_G224_e2hex,6344.0,6362.0,1.0
2024.11.14_01-30-07_Biarmipes_G224_e2hex,6394.0,8320.0,1.0
2024.11.14_01-30-07_Biarmipes_G224_e2hex,8322.0,8359.0,1.0
2024.11.14_01-30-07_Biarmipes_G224_e2hex,8361.0,8999.0,1.0
2024.10.01_09-56-14_Yakuba_cameroon_no_odor,3.0,912.0,1.0
2024.10.01_09-56-14_Yakuba_cameroon_no_odor,4176.0,4177.0,1.0
2024.10.01_09-56-14_Yakuba_cameroon_no_odor,4180.0,7568.0,1.0
2024.10.01_09-56-14_Yakuba_cameroon_no_odor,7570.0,8999.0,1.0
2024.10.29_04-03-02_Biarmipes84_metben,4094.0,6908.0,1.0
2024.10.29_04-03-02_Biarmipes84_metben,6910.0,6912.0,1.0
2024.10.29_04-03-02_Biarmipes84_metben,6923.0,6945.0,1.0
2024.10.29_04-03-02_Biarmipes84_metben,6947.0,8222.0,1.0
2024.10.29_04-03-02_Biarmipes84_metben,8224.0,8999.0,1.0
2024.11.14_01-48-26_Biarmipes_G224_e2hex,1747.0,2182.0,1.0
2024.11.14_01-48-26_Biarmipes_G224_e2hex,2184.0,2296.0,1.0
2024.11.14_01-48-26_Biarmipes_G224_e2hex,2299.0,3769.0,1.0
2024.11.14_01-48-26_Biarmipes_G224_e2hex,3773.0,4191.0,1.0
2024.11.14_01-48-26_Biarmipes_G224_e2hex,4196.0,4286.0,1.0
2024.11.14_01-48-26_Biarmipes_G224_e2hex,4288.0,4288.0,1.0
2024.11.14_01-48-26_Biarmipes_G224_e2hex,4313.0,4317.0,1.0
2024.11.14_01-48-26_Biarmipes_G224_e2hex,6108.0,8248.0,1.0
2024.10.28_08-03-21_biarmipes_g224_metben,4306.0,4328.0,1.0
2024.10.28_08-03-21_biarmipes_g224_metben,4334.0,4350.0,1.0
2024.10.28_08-03-21_biarmipes_g224_metben,4353.0,4358.0,1.0
2024.10.28_08-03-21_biarmipes_g224_metben,4360.0,4360.0,1.0
2024.10.28_08-03-21_biarmipes_g224_metben,4362.0,4362.0,1.0
2024.10.28_08-03-21_biarmipes_g224_metben,4365.0,4380.0,1.0
2024.10.28_08-03-21_biarmipes_g224_metben,4385.0,4568.0,1.0
2024.10.28_08-03-21_biarmipes_g224_metben,4573.0,5447.0,1.0
2024.10.28_08-03-21_biarmipes_g224_metben,5457.0,5827.0,1.0
2024.10.28_08-03-21_biarmipes_g224_metben,5830.0,5878.0,1.0
2024.10.28_08-03-21_biarmipes_g224_metben,5881.0,5963.0,1.0
2024.10.28_08-03-21_biarmipes_g224_metben,8753.0,8756.0,1.0
2024.10.28_08-03-21_biarmipes_g224_metben,8758.0,8779.0,1.0
2024.10.28_08-03-21_biarmipes_g224_metben,8787.0,8858.0,1.0
2024.10.28_08-03-21_biarmipes_g224_metben,8860.0,8863.0,1.0
2024.10.28_08-03-21_biarmipes_g224_metben,8865.0,8868.0,1.0
2024.10.28_08-03-21_biarmipes_g224_metben,8922.0,8927.0,1.0
2024.10.28_08-03-21_biarmipes_g224_metben,8938.0,8943.0,1.0
2024.10.28_08-03-21_biarmipes_g224_metben,8945.0,8958.0,1.0
2024.10.28_08-03-21_biarmipes_g224_metben,8960.0,8991.0,1.0
2024.10.28_08-03-21_biarmipes_g224_metben,8994.0,8999.0,1.0
2024.10.16_09-45-46_Yakuba_Cameroon_prenac,6543.0,6543.0,1.0
2024.10.16_09-45-46_Yakuba_Cameroon_prenac,6547.0,6547.0,1.0
2024.10.16_09-45-46_Yakuba_Cameroon_prenac,6556.0,6556.0,1.0
2024.10.16_09-45-46_Yakuba_Cameroon_prenac,6560.0,6560.0,1.0
2024.10.16_09-45-46_Yakuba_Cameroon_prenac,6562.0,6594.0,1.0
2024.10.16_09-45-46_Yakuba_Cameroon_prenac,6596.0,6609.0,1.0
2024.10.16_09-45-46_Yakuba_Cameroon_prenac,6611.0,8532.0,1.0
2024.10.16_09-45-46_Yakuba_Cameroon_prenac,8534.0,8545.0,1.0
2024.10.16_09-45-46_Yakuba_Cameroon_prenac,8547.0,8556.0,1.0
2024.10.16_09-45-46_Yakuba_Cameroon_prenac,8558.0,8999.0,1.0
2024.11.14_21-38-38_Stocago_e2hex,3744.0,4200.0,1.0
2024.11.14_21-38-38_Stocago_e2hex,4202.0,8400.0,1.0
2024.11.14_21-38-38_Stocago_e2hex,8402.0,8999.0,1.0
2024.11.01_09-13-56_sto_car_e2hex,4979.0,5118.0,1.0
2024.11.01_09-13-56_sto_car_e2hex,6632.0,6684.0,1.0
2024.11.01_09-13-56_sto_car_e2hex,6686.0,6776.0,1.0
2024.11.01_09-13-56_sto_car_e2hex,6778.0,6789.0,1.0
2024.11.01_09-13-56_sto_car_e2hex,6791.0,6797.0,1.0
2024.11.01_09-13-56_sto_car_e2hex,6799.0,6833.0,1.0
2024.11.01_09-13-56_sto_car_e2hex,6835.0,6841.0,1.0
2024.11.01_09-13-56_sto_car_e2hex,6843.0,6992.0,1.0
2024.11.01_09-13-56_sto_car_e2hex,6994.0,7083.0,1.0
2024.11.01_09-13-56_sto_car_e2hex,7085.0,7103.0,1.0
2024.11.01_09-13-56_sto_car_e2hex,7105.0,7517.0,1.0
2024.10.25_07-39-25_Sussex_metben,2097.0,2101.0,1.0
2024.10.25_07-39-25_Sussex_metben,2103.0,2104.0,1.0
2024.10.25_07-39-25_Sussex_metben,2108.0,2110.0,1.0
2024.10.25_07-39-25_Sussex_metben,2112.0,2114.0,1.0
2024.10.25_07-39-25_Sussex_metben,2118.0,2118.0,1.0
2024.10.25_07-39-25_Sussex_metben,2121.0,2128.0,1.0
2024.10.25_07-39-25_Sussex_metben,2130.0,2132.0,1.0
2024.10.25_07-39-25_Sussex_metben,2134.0,2140.0,1.0
2024.10.25_07-39-25_Sussex_metben,2143.0,2149.0,1.0
2024.10.25_07-39-25_Sussex_metben,2153.0,2154.0,1.0
2024.10.25_07-39-25_Sussex_metben,2156.0,2357.0,1.0
2024.10.25_07-39-25_Sussex_metben,2360.0,2371.0,1.0
2024.10.25_07-39-25_Sussex_metben,2373.0,2374.0,1.0
2024.10.25_07-39-25_Sussex_metben,2376.0,2384.0,1.0
2024.10.25_07-39-25_Sussex_metben,2386.0,2387.0,1.0
2024.10.25_07-39-25_Sussex_metben,2389.0,2389.0,1.0
2024.10.25_07-39-25_Sussex_metben,2391.0,2402.0,1.0
2024.10.25_07-39-25_Sussex_metben,2404.0,4180.0,1.0
2024.10.25_07-39-25_Sussex_metben,4182.0,4233.0,1.0
2024.10.25_07-39-25_Sussex_metben,4235.0,4324.0,1.0
2024.10.25_07-39-25_Sussex_metben,4326.0,4330.0,1.0
2024.10.25_07-39-25_Sussex_metben,4332.0,4332.0,1.0
2024.10.25_07-39-25_Sussex_metben,4336.0,4336.0,1.0
2024.10.25_07-39-25_Sussex_metben,4339.0,4339.0,1.0
2024.10.25_07-39-25_Sussex_metben,4344.0,4344.0,1.0
2024.10.25_07-39-25_Sussex_metben,4349.0,4349.0,1.0
2024.10.25_07-39-25_Sussex_metben,4357.0,4357.0,1.0
2024.10.25_07-39-25_Sussex_metben,4360.0,4362.0,1.0
2024.10.25_07-39-25_Sussex_metben,4364.0,4364.0,1.0
2024.10.25_07-39-25_Sussex_metben,4366.0,4366.0,1.0
2024.10.25_07-39-25_Sussex_metben,4370.0,4370.0,1.0
2024.10.25_07-39-25_Sussex_metben,4372.0,4372.0,1.0
2024.10.25_07-39-25_Sussex_metben,4374.0,4377.0,1.0
2024.10.25_07-39-25_Sussex_metben,4381.0,4381.0,1.0
2024.10.25_07-39-25_Sussex_metben,4389.0,4398.0,1.0
2024.10.25_07-39-25_Sussex_metben,4400.0,4425.0,1.0
2024.10.25_07-39-25_Sussex_metben,4427.0,4442.0,1.0
2024.10.25_07-39-25_Sussex_metben,4444.0,4488.0,1.0
2024.10.25_07-39-25_Sussex_metben,4490.0,4490.0,1.0
2024.10.25_07-39-25_Sussex_metben,4493.0,4496.0,1.0
2024.11.13_02-31-36_Sechellia28_e2hex,3.0,1102.0,1.0
2024.11.13_02-31-36_Sechellia28_e2hex,1104.0,1193.0,1.0
2024.11.13_02-31-36_Sechellia28_e2hex,1195.0,1196.0,1.0
2024.11.13_02-31-36_Sechellia28_e2hex,1198.0,1199.0,1.0
2024.11.13_02-31-36_Sechellia28_e2hex,1201.0,1201.0,1.0
2024.11.13_02-31-36_Sechellia28_e2hex,1204.0,1209.0,1.0
2024.11.13_02-31-36_Sechellia28_e2hex,1211.0,1220.0,1.0
2024.11.13_02-31-36_Sechellia28_e2hex,1222.0,1226.0,1.0
2024.11.13_02-31-36_Sechellia28_e2hex,1228.0,1232.0,1.0
2024.11.13_02-31-36_Sechellia28_e2hex,1235.0,1235.0,1.0
2024.11.13_02-31-36_Sechellia28_e2hex,1245.0,1245.0,1.0
2024.11.13_02-31-36_Sechellia28_e2hex,1274.0,1275.0,1.0
2024.11.13_02-31-36_Sechellia28_e2hex,1279.0,1280.0,1.0
2024.11.13_02-31-36_Sechellia28_e2hex,1283.0,1285.0,1.0
2024.11.13_02-31-36_Sechellia28_e2hex,1290.0,1290.0,1.0
2024.11.13_02-31-36_Sechellia28_e2hex,1292.0,1293.0,1.0
2024.11.13_02-31-36_Sechellia28_e2hex,1295.0,1295.0,1.0
2024.11.13_02-31-36_Sechellia28_e2hex,1328.0,1333.0,1.0
2024.11.13_02-31-36_Sechellia28_e2hex,1335.0,1337.0,1.0
2024.11.13_02-31-36_Sechellia28_e2hex,1339.0,1356.0,1.0
2024.11.13_02-31-36_Sechellia28_e2hex,1358.0,1358.0,1.0
2024.11.13_02-31-36_Sechellia28_e2hex,1360.0,1361.0,1.0
2024.11.13_02-31-36_Sechellia28_e2hex,1363.0,1364.0,1.0
2024.11.13_02-31-36_Sechellia28_e2hex,1393.0,1395.0,1.0
2024.11.13_02-31-36_Sechellia28_e2hex,1401.0,1408.0,1.0
2024.11.13_02-31-36_Sechellia28_e2hex,1410.0,1410.0,1.0
2024.11.13_02-31-36_Sechellia28_e2hex,1416.0,1416.0,1.0
2024.11.13_02-31-36_Sechellia28_e2hex,1419.0,1420.0,1.0
2024.11.13_02-31-36_Sechellia28_e2hex,1422.0,1423.0,1.0
2024.11.13_02-31-36_Sechellia28_e2hex,1425.0,1426.0,1.0
2024.11.13_02-31-36_Sechellia28_e2hex,1429.0,1429.0,1.0
2024.11.13_02-31-36_Sechellia28_e2hex,1431.0,1431.0,1.0
2024.11.13_02-31-36_Sechellia28_e2hex,1433.0,1433.0,1.0
2024.11.13_02-31-36_Sechellia28_e2hex,1435.0,1467.0,1.0
2024.11.13_02-31-36_Sechellia28_e2hex,1469.0,1478.0,1.0
2024.11.13_02-31-36_Sechellia28_e2hex,1505.0,1506.0,1.0
2024.11.13_02-31-36_Sechellia28_e2hex,1508.0,1509.0,1.0
2024.11.13_02-31-36_Sechellia28_e2hex,1512.0,1512.0,1.0
2024.11.13_02-31-36_Sechellia28_e2hex,1517.0,1524.0,1.0
2024.11.13_02-31-36_Sechellia28_e2hex,1526.0,1526.0,1.0
2024.11.13_02-31-36_Sechellia28_e2hex,1528.0,1530.0,1.0
2024.11.13_02-31-36_Sechellia28_e2hex,1532.0,1532.0,1.0
2024.11.13_02-31-36_Sechellia28_e2hex,1534.0,1539.0,1.0
2024.11.13_02-31-36_Sechellia28_e2hex,1541.0,1543.0,1.0
2024.11.13_02-31-36_Sechellia28_e2hex,1545.0,1546.0,1.0
2024.11.13_02-31-36_Sechellia28_e2hex,1552.0,1553.0,1.0
2024.11.13_02-31-36_Sechellia28_e2hex,1555.0,1572.0,1.0
2024.11.13_02-31-36_Sechellia28_e2hex,1576.0,1576.0,1.0
2024.11.13_02-31-36_Sechellia28_e2hex,1578.0,1578.0,1.0
2024.11.13_02-31-36_Sechellia28_e2hex,1588.0,1589.0,1.0
2024.11.13_02-31-36_Sechellia28_e2hex,1591.0,1592.0,1.0
2024.11.13_02-31-36_Sechellia28_e2hex,1595.0,1595.0,1.0
2024.11.13_02-31-36_Sechellia28_e2hex,1598.0,1599.0,1.0
2024.11.13_02-31-36_Sechellia28_e2hex,1604.0,1612.0,1.0
2024.11.13_02-31-36_Sechellia28_e2hex,1615.0,1615.0,1.0
2024.11.13_02-31-36_Sechellia28_e2hex,1617.0,2253.0,1.0
2024.11.13_02-31-36_Sechellia28_e2hex,2255.0,2264.0,1.0
2024.11.13_02-31-36_Sechellia28_e2hex,2266.0,2268.0,1.0
2024.11.13_02-31-36_Sechellia28_e2hex,2270.0,2277.0,1.0
2024.11.13_02-31-36_Sechellia28_e2hex,2279.0,2283.0,1.0
2024.11.13_02-31-36_Sechellia28_e2hex,2285.0,2289.0,1.0
2024.11.13_02-31-36_Sechellia28_e2hex,2294.0,2296.0,1.0
2024.11.13_02-31-36_Sechellia28_e2hex,2298.0,2307.0,1.0
2024.11.13_02-31-36_Sechellia28_e2hex,2309.0,2320.0,1.0
2024.11.13_02-31-36_Sechellia28_e2hex,2322.0,2326.0,1.0
2024.11.13_02-31-36_Sechellia28_e2hex,2328.0,2347.0,1.0
2024.11.13_02-31-36_Sechellia28_e2hex,2349.0,2349.0,1.0
2024.11.13_02-31-36_Sechellia28_e2hex,2351.0,2352.0,1.0
2024.11.13_02-31-36_Sechellia28_e2hex,2356.0,2361.0,1.0
2024.11.13_02-31-36_Sechellia28_e2hex,2363.0,2363.0,1.0
2024.11.13_02-31-36_Sechellia28_e2hex,2365.0,2368.0,1.0
2024.11.13_02-31-36_Sechellia28_e2hex,2370.0,2385.0,1.0
2024.11.13_02-31-36_Sechellia28_e2hex,2387.0,2389.0,1.0
2024.11.13_02-31-36_Sechellia28_e2hex,2391.0,2394.0,1.0
2024.11.13_02-31-36_Sechellia28_e2hex,2396.0,2398.0,1.0
2024.11.13_02-31-36_Sechellia28_e2hex,2400.0,2405.0,1.0
2024.11.13_02-31-36_Sechellia28_e2hex,2407.0,2408.0,1.0
2024.11.13_02-31-36_Sechellia28_e2hex,2410.0,2432.0,1.0
2024.11.13_02-31-36_Sechellia28_e2hex,2434.0,2439.0,1.0
2024.11.13_02-31-36_Sechellia28_e2hex,2441.0,2443.0,1.0
2024.11.13_02-31-36_Sechellia28_e2hex,2445.0,2455.0,1.0
2024.11.13_02-31-36_Sechellia28_e2hex,2457.0,2461.0,1.0
2024.11.13_02-31-36_Sechellia28_e2hex,2463.0,2465.0,1.0
2024.11.13_02-31-36_Sechellia28_e2hex,2467.0,2471.0,1.0
2024.11.13_02-31-36_Sechellia28_e2hex,2473.0,2475.0,1.0
2024.11.13_02-31-36_Sechellia28_e2hex,2477.0,2480.0,1.0
2024.11.13_02-31-36_Sechellia28_e2hex,2482.0,2487.0,1.0
2024.11.13_02-31-36_Sechellia28_e2hex,2490.0,2492.0,1.0
2024.11.13_02-31-36_Sechellia28_e2hex,2494.0,2495.0,1.0
2024.11.13_02-31-36_Sechellia28_e2hex,2497.0,2507.0,1.0
2024.11.13_02-31-36_Sechellia28_e2hex,2509.0,2519.0,1.0
2024.11.13_02-31-36_Sechellia28_e2hex,2521.0,2530.0,1.0
2024.11.13_02-31-36_Sechellia28_e2hex,2532.0,2540.0,1.0
2024.11.13_02-31-36_Sechellia28_e2hex,2543.0,2547.0,1.0
2024.11.13_02-31-36_Sechellia28_e2hex,2549.0,2553.0,1.0
2024.11.13_02-31-36_Sechellia28_e2hex,2557.0,2559.0,1.0
2024.11.13_02-31-36_Sechellia28_e2hex,2562.0,2565.0,1.0
2024.11.13_02-31-36_Sechellia28_e2hex,2573.0,2573.0,1.0
2024.11.13_02-31-36_Sechellia28_e2hex,2577.0,2578.0,1.0
2024.11.13_02-31-36_Sechellia28_e2hex,2580.0,2580.0,1.0
2024.11.13_02-31-36_Sechellia28_e2hex,2582.0,2582.0,1.0
2024.11.13_02-31-36_Sechellia28_e2hex,2585.0,2585.0,1.0
2024.11.13_02-31-36_Sechellia28_e2hex,2587.0,2587.0,1.0
2024.11.13_02-31-36_Sechellia28_e2hex,2592.0,2592.0,1.0
2024.11.13_02-31-36_Sechellia28_e2hex,2595.0,2595.0,1.0
2024.11.13_02-31-36_Sechellia28_e2hex,2598.0,2600.0,1.0
2024.11.13_02-31-36_Sechellia28_e2hex,2602.0,2602.0,1.0
2024.11.13_02-31-36_Sechellia28_e2hex,2604.0,2605.0,1.0
2024.11.13_02-31-36_Sechellia28_e2hex,2607.0,2608.0,1.0
2024.11.13_02-31-36_Sechellia28_e2hex,2610.0,2613.0,1.0
2024.11.13_02-31-36_Sechellia28_e2hex,2615.0,2615.0,1.0
2024.11.13_02-31-36_Sechellia28_e2hex,2617.0,2617.0,1.0
2024.11.13_02-31-36_Sechellia28_e2hex,2621.0,2622.0,1.0
2024.11.13_02-31-36_Sechellia28_e2hex,2626.0,2626.0,1.0
2024.11.13_02-31-36_Sechellia28_e2hex,2631.0,2634.0,1.0
2024.11.13_02-31-36_Sechellia28_e2hex,2636.0,2636.0,1.0
2024.11.13_02-31-36_Sechellia28_e2hex,2638.0,2640.0,1.0
2024.11.13_02-31-36_Sechellia28_e2hex,2645.0,2645.0,1.0
2024.11.13_02-31-36_Sechellia28_e2hex,2648.0,2648.0,1.0
2024.11.13_02-31-36_Sechellia28_e2hex,2651.0,2652.0,1.0
2024.11.13_02-31-36_Sechellia28_e2hex,2654.0,2654.0,1.0
2024.11.13_02-31-36_Sechellia28_e2hex,2656.0,2656.0,1.0
2024.11.13_02-31-36_Sechellia28_e2hex,2658.0,2659.0,1.0
2024.11.13_02-31-36_Sechellia28_e2hex,2670.0,2680.0,1.0
2024.11.13_02-31-36_Sechellia28_e2hex,2682.0,2683.0,1.0
2024.11.13_02-31-36_Sechellia28_e2hex,2686.0,2686.0,1.0
2024.11.13_02-31-36_Sechellia28_e2hex,2694.0,2694.0,1.0
2024.11.13_02-31-36_Sechellia28_e2hex,2697.0,2698.0,1.0
2024.11.13_02-31-36_Sechellia28_e2hex,2700.0,2701.0,1.0
2024.11.13_02-31-36_Sechellia28_e2hex,2704.0,2708.0,1.0
2024.11.13_02-31-36_Sechellia28_e2hex,2710.0,2711.0,1.0
2024.11.13_02-31-36_Sechellia28_e2hex,2713.0,2719.0,1.0
2024.11.13_02-31-36_Sechellia28_e2hex,2721.0,2721.0,1.0
2024.11.13_02-31-36_Sechellia28_e2hex,2723.0,2723.0,1.0
2024.11.13_02-31-36_Sechellia28_e2hex,2727.0,2731.0,1.0
2024.11.13_02-31-36_Sechellia28_e2hex,2734.0,2734.0,1.0
2024.11.13_02-31-36_Sechellia28_e2hex,2736.0,2736.0,1.0
2024.11.13_02-31-36_Sechellia28_e2hex,2738.0,2738.0,1.0
2024.11.13_02-31-36_Sechellia28_e2hex,2741.0,2741.0,1.0
2024.11.13_02-31-36_Sechellia28_e2hex,2744.0,2745.0,1.0
2024.11.13_02-31-36_Sechellia28_e2hex,2747.0,2749.0,1.0
2024.11.13_02-31-36_Sechellia28_e2hex,2751.0,2754.0,1.0
2024.11.13_02-31-36_Sechellia28_e2hex,2759.0,2763.0,1.0
2024.11.13_02-31-36_Sechellia28_e2hex,2767.0,2770.0,1.0
2024.11.13_02-31-36_Sechellia28_e2hex,2772.0,2803.0,1.0
2024.11.13_02-31-36_Sechellia28_e2hex,2805.0,2830.0,1.0
2024.11.13_02-31-36_Sechellia28_e2hex,2832.0,2860.0,1.0
2024.11.13_02-31-36_Sechellia28_e2hex,2862.0,2866.0,1.0
2024.11.13_02-31-36_Sechellia28_e2hex,2868.0,2869.0,1.0
2024.11.13_02-31-36_Sechellia28_e2hex,2871.0,2874.0,1.0
2024.11.13_02-31-36_Sechellia28_e2hex,2877.0,2877.0,1.0
2024.11.13_02-31-36_Sechellia28_e2hex,2879.0,2882.0,1.0
2024.11.13_02-31-36_Sechellia28_e2hex,2884.0,2886.0,1.0
2024.11.13_02-31-36_Sechellia28_e2hex,2888.0,2888.0,1.0
2024.11.13_02-31-36_Sechellia28_e2hex,2893.0,2893.0,1.0
2024.11.13_02-31-36_Sechellia28_e2hex,2899.0,2899.0,1.0
2024.11.13_02-31-36_Sechellia28_e2hex,2901.0,2904.0,1.0
2024.11.13_02-31-36_Sechellia28_e2hex,2906.0,2906.0,1.0
2024.11.13_02-31-36_Sechellia28_e2hex,2910.0,2912.0,1.0
2024.11.13_02-31-36_Sechellia28_e2hex,2914.0,2916.0,1.0
2024.11.13_02-31-36_Sechellia28_e2hex,2919.0,2920.0,1.0
2024.11.13_02-31-36_Sechellia28_e2hex,2922.0,2923.0,1.0
2024.11.13_02-31-36_Sechellia28_e2hex,2925.0,2926.0,1.0
2024.11.13_02-31-36_Sechellia28_e2hex,2930.0,2930.0,1.0
2024.11.13_02-31-36_Sechellia28_e2hex,2932.0,2932.0,1.0
2024.11.13_02-31-36_Sechellia28_e2hex,2934.0,2934.0,1.0
2024.11.13_02-31-36_Sechellia28_e2hex,2937.0,2938.0,1.0
2024.11.13_02-31-36_Sechellia28_e2hex,2942.0,2945.0,1.0
2024.11.13_02-31-36_Sechellia28_e2hex,2950.0,2951.0,1.0
2024.11.13_02-31-36_Sechellia28_e2hex,2953.0,2954.0,1.0
2024.11.13_02-31-36_Sechellia28_e2hex,2957.0,2958.0,1.0
2024.11.13_02-31-36_Sechellia28_e2hex,2961.0,2965.0,1.0
2024.11.13_02-31-36_Sechellia28_e2hex,2968.0,2968.0,1.0
2024.11.13_02-31-36_Sechellia28_e2hex,2970.0,2970.0,1.0
2024.11.13_02-31-36_Sechellia28_e2hex,2976.0,2979.0,1.0
2024.11.13_02-31-36_Sechellia28_e2hex,2986.0,2986.0,1.0
2024.11.13_02-31-36_Sechellia28_e2hex,2988.0,2988.0,1.0
2024.11.13_02-31-36_Sechellia28_e2hex,2990.0,2990.0,1.0
2024.11.13_02-31-36_Sechellia28_e2hex,2992.0,3039.0,1.0
2024.11.13_02-31-36_Sechellia28_e2hex,3041.0,3044.0,1.0
2024.11.13_02-31-36_Sechellia28_e2hex,3047.0,3068.0,1.0
2024.11.13_02-31-36_Sechellia28_e2hex,3070.0,3094.0,1.0
2024.11.13_02-31-36_Sechellia28_e2hex,3096.0,3129.0,1.0
2024.11.13_02-31-36_Sechellia28_e2hex,3131.0,3139.0,1.0
2024.11.13_02-31-36_Sechellia28_e2hex,3141.0,3146.0,1.0
2024.11.13_02-31-36_Sechellia28_e2hex,3148.0,3150.0,1.0
2024.11.13_02-31-36_Sechellia28_e2hex,3152.0,3154.0,1.0
2024.11.13_02-31-36_Sechellia28_e2hex,3156.0,3157.0,1.0
2024.11.13_02-31-36_Sechellia28_e2hex,3160.0,3160.0,1.0
2024.11.13_02-31-36_Sechellia28_e2hex,3162.0,3165.0,1.0
2024.11.13_02-31-36_Sechellia28_e2hex,3167.0,3168.0,1.0
2024.11.13_02-31-36_Sechellia28_e2hex,3170.0,3171.0,1.0
2024.11.13_02-31-36_Sechellia28_e2hex,3173.0,3185.0,1.0
2024.11.13_02-31-36_Sechellia28_e2hex,3187.0,3187.0,1.0
2024.11.13_02-31-36_Sechellia28_e2hex,3189.0,3193.0,1.0
2024.11.13_02-31-36_Sechellia28_e2hex,3195.0,3197.0,1.0
2024.11.13_02-31-36_Sechellia28_e2hex,3199.0,3202.0,1.0
2024.11.13_02-31-36_Sechellia28_e2hex,3204.0,3215.0,1.0
2024.11.13_02-31-36_Sechellia28_e2hex,3217.0,3218.0,1.0
2024.11.13_02-31-36_Sechellia28_e2hex,3220.0,3220.0,1.0
2024.11.13_02-31-36_Sechellia28_e2hex,3223.0,3223.0,1.0
2024.11.13_02-31-36_Sechellia28_e2hex,3225.0,3226.0,1.0
2024.11.13_02-31-36_Sechellia28_e2hex,3229.0,3229.0,1.0
2024.11.13_02-31-36_Sechellia28_e2hex,3232.0,3236.0,1.0
2024.11.13_02-31-36_Sechellia28_e2hex,3238.0,3243.0,1.0
2024.11.13_02-31-36_Sechellia28_e2hex,3245.0,3248.0,1.0
2024.11.13_02-31-36_Sechellia28_e2hex,3250.0,3252.0,1.0
2024.11.13_02-31-36_Sechellia28_e2hex,3255.0,3258.0,1.0
2024.11.13_02-31-36_Sechellia28_e2hex,3261.0,3264.0,1.0
2024.11.13_02-31-36_Sechellia28_e2hex,3266.0,3270.0,1.0
2024.11.13_02-31-36_Sechellia28_e2hex,3273.0,3278.0,1.0
2024.11.13_02-31-36_Sechellia28_e2hex,3280.0,3280.0,1.0
2024.11.13_02-31-36_Sechellia28_e2hex,3282.0,3282.0,1.0
2024.11.13_02-31-36_Sechellia28_e2hex,3284.0,3284.0,1.0
2024.11.13_02-31-36_Sechellia28_e2hex,3287.0,3289.0,1.0
2024.11.13_02-31-36_Sechellia28_e2hex,3291.0,3293.0,1.0
2024.11.13_02-31-36_Sechellia28_e2hex,3295.0,3296.0,1.0
2024.11.13_02-31-36_Sechellia28_e2hex,3298.0,3302.0,1.0
2024.11.13_02-31-36_Sechellia28_e2hex,3304.0,3304.0,1.0
2024.11.13_02-31-36_Sechellia28_e2hex,3306.0,3306.0,1.0
2024.11.13_02-31-36_Sechellia28_e2hex,3308.0,3312.0,1.0
2024.11.13_02-31-36_Sechellia28_e2hex,3315.0,3317.0,1.0
2024.11.13_02-31-36_Sechellia28_e2hex,3320.0,3324.0,1.0
2024.11.13_02-31-36_Sechellia28_e2hex,3326.0,3330.0,1.0
2024.11.13_02-31-36_Sechellia28_e2hex,3333.0,3333.0,1.0
2024.11.13_02-31-36_Sechellia28_e2hex,3337.0,3340.0,1.0
2024.11.13_02-31-36_Sechellia28_e2hex,3343.0,3343.0,1.0
2024.12.12_19-06-43_Riverside_no_odor,5242.0,5242.0,1.0
2024.12.12_19-06-43_Riverside_no_odor,5244.0,5244.0,1.0
2024.12.12_19-06-43_Riverside_no_odor,5246.0,5246.0,1.0
2024.12.12_19-06-43_Riverside_no_odor,5251.0,5251.0,1.0
2024.12.12_19-06-43_Riverside_no_odor,5256.0,5257.0,1.0
2024.12.12_19-06-43_Riverside_no_odor,5262.0,5266.0,1.0
2024.12.12_19-06-43_Riverside_no_odor,5269.0,5270.0,1.0
2024.12.12_19-06-43_Riverside_no_odor,5273.0,5274.0,1.0
2024.12.12_19-06-43_Riverside_no_odor,5280.0,5280.0,1.0
2024.12.12_19-06-43_Riverside_no_odor,5284.0,5285.0,1.0
2024.12.12_19-06-43_Riverside_no_odor,5287.0,5287.0,1.0
2024.12.12_19-06-43_Riverside_no_odor,5289.0,5290.0,1.0
2024.12.12_19-06-43_Riverside_no_odor,5292.0,5292.0,1.0
2024.12.12_19-06-43_Riverside_no_odor,5294.0,5332.0,1.0
2024.12.12_19-06-43_Riverside_no_odor,5334.0,5618.0,1.0
2024.12.12_19-06-43_Riverside_no_odor,5620.0,5665.0,1.0
2024.12.12_19-06-43_Riverside_no_odor,5667.0,5735.0,1.0
2024.12.12_19-06-43_Riverside_no_odor,5737.0,6440.0,1.0
2024.12.12_19-06-43_Riverside_no_odor,6442.0,6470.0,1.0
2024.12.12_19-06-43_Riverside_no_odor,6472.0,6503.0,1.0
2024.12.12_19-06-43_Riverside_no_odor,6505.0,6505.0,1.0
2024.12.12_19-06-43_Riverside_no_odor,6508.0,6514.0,1.0
2024.12.12_19-06-43_Riverside_no_odor,6516.0,6517.0,1.0
2024.12.12_19-06-43_Riverside_no_odor,6519.0,6592.0,1.0
2024.12.12_19-06-43_Riverside_no_odor,6594.0,6625.0,1.0
2024.12.12_19-06-43_Riverside_no_odor,6627.0,6630.0,1.0
2024.12.12_19-06-43_Riverside_no_odor,6632.0,6633.0,1.0
2024.12.12_19-06-43_Riverside_no_odor,6635.0,6636.0,1.0
2024.12.12_19-06-43_Riverside_no_odor,6638.0,6649.0,1.0
2024.12.12_19-06-43_Riverside_no_odor,6651.0,6667.0,1.0
2024.12.12_19-06-43_Riverside_no_odor,6669.0,6669.0,1.0
2024.12.12_19-06-43_Riverside_no_odor,6672.0,6710.0,1.0
2024.12.12_19-06-43_Riverside_no_odor,6713.0,6716.0,1.0
2024.12.12_19-06-43_Riverside_no_odor,6721.0,6724.0,1.0
2024.12.12_19-06-43_Riverside_no_odor,6726.0,6726.0,1.0
2024.12.12_19-06-43_Riverside_no_odor,6733.0,6733.0,1.0
2024.12.12_19-06-43_Riverside_no_odor,6736.0,6737.0,1.0
2024.12.12_19-06-43_Riverside_no_odor,6740.0,6741.0,1.0
2024.12.12_19-06-43_Riverside_no_odor,6744.0,6760.0,1.0
2024.12.12_19-06-43_Riverside_no_odor,6765.0,6765.0,1.0
2024.12.12_19-06-43_Riverside_no_odor,6767.0,6774.0,1.0
2024.12.12_19-06-43_Riverside_no_odor,6776.0,6777.0,1.0
2024.12.12_19-06-43_Riverside_no_odor,6782.0,6795.0,1.0
2024.12.12_19-06-43_Riverside_no_odor,6797.0,6813.0,1.0
2024.12.12_19-06-43_Riverside_no_odor,6815.0,6816.0,1.0
2024.12.12_19-06-43_Riverside_no_odor,6819.0,6819.0,1.0
2024.12.12_19-06-43_Riverside_no_odor,6821.0,6821.0,1.0
2024.12.12_19-06-43_Riverside_no_odor,6823.0,6826.0,1.0
2024.12.12_19-06-43_Riverside_no_odor,6828.0,6828.0,1.0
2024.12.12_19-06-43_Riverside_no_odor,6831.0,6832.0,1.0
2024.12.12_19-06-43_Riverside_no_odor,6834.0,6837.0,1.0
2024.12.12_19-06-43_Riverside_no_odor,6840.0,6841.0,1.0
2024.12.12_19-06-43_Riverside_no_odor,6843.0,6912.0,1.0
2024.12.12_19-06-43_Riverside_no_odor,6914.0,6926.0,1.0
2024.12.12_19-06-43_Riverside_no_odor,6928.0,6929.0,1.0
2024.12.12_19-06-43_Riverside_no_odor,6932.0,6933.0,1.0
2024.12.12_19-06-43_Riverside_no_odor,6935.0,6939.0,1.0
2024.12.12_19-06-43_Riverside_no_odor,6941.0,6943.0,1.0
2024.12.12_19-06-43_Riverside_no_odor,6945.0,6946.0,1.0
2024.12.12_19-06-43_Riverside_no_odor,6949.0,6950.0,1.0
2024.12.12_19-06-43_Riverside_no_odor,6953.0,6962.0,1.0
2024.12.12_19-06-43_Riverside_no_odor,6964.0,6971.0,1.0
2024.12.12_19-06-43_Riverside_no_odor,6975.0,7122.0,1.0
2024.12.12_19-06-43_Riverside_no_odor,7124.0,7144.0,1.0
2024.12.12_19-06-43_Riverside_no_odor,7148.0,7152.0,1.0
2024.12.12_19-06-43_Riverside_no_odor,7156.0,7168.0,1.0
2024.12.12_19-06-43_Riverside_no_odor,7170.0,7186.0,1.0
2024.12.12_19-06-43_Riverside_no_odor,7188.0,7193.0,1.0
2024.12.12_19-06-43_Riverside_no_odor,7196.0,7276.0,1.0
2024.12.12_19-06-43_Riverside_no_odor,7278.0,7278.0,1.0
2024.12.12_19-06-43_Riverside_no_odor,7280.0,7326.0,1.0
2024.12.12_19-06-43_Riverside_no_odor,7328.0,7346.0,1.0
2024.12.12_19-06-43_Riverside_no_odor,7348.0,8183.0,1.0
2024.12.12_19-06-43_Riverside_no_odor,8185.0,8252.0,1.0
2024.12.12_19-06-43_Riverside_no_odor,8254.0,8258.0,1.0
2024.12.12_19-06-43_Riverside_no_odor,8260.0,8289.0,1.0
2024.12.12_19-06-43_Riverside_no_odor,8291.0,8294.0,1.0
2024.12.12_19-06-43_Riverside_no_odor,8296.0,8303.0,1.0
2024.12.12_19-06-43_Riverside_no_odor,8305.0,8970.0,1.0
2024.10.17_14-37-33_Riverside_prenac,2111.0,2266.0,1.0
2024.10.17_14-37-33_Riverside_prenac,2268.0,2268.0,1.0
2024.10.17_14-37-33_Riverside_prenac,2271.0,2273.0,1.0
2024.10.17_14-37-33_Riverside_prenac,2281.0,2281.0,1.0
2024.10.17_14-37-33_Riverside_prenac,2283.0,2303.0,1.0
2024.10.17_14-37-33_Riverside_prenac,2305.0,2327.0,1.0
2024.10.17_14-37-33_Riverside_prenac,2329.0,2345.0,1.0
2024.10.17_14-37-33_Riverside_prenac,2347.0,2350.0,1.0
2024.10.17_14-37-33_Riverside_prenac,2356.0,2649.0,1.0
2024.10.17_14-37-33_Riverside_prenac,2651.0,2661.0,1.0
2024.10.17_14-37-33_Riverside_prenac,2663.0,2663.0,1.0
2024.10.17_14-37-33_Riverside_prenac,2677.0,2742.0,1.0
2024.10.17_14-37-33_Riverside_prenac,2757.0,2757.0,1.0
2024.10.17_14-37-33_Riverside_prenac,2759.0,3826.0,1.0
2024.10.17_14-37-33_Riverside_prenac,5169.0,5169.0,1.0
2024.10.17_14-37-33_Riverside_prenac,5178.0,5222.0,1.0
2024.10.17_14-37-33_Riverside_prenac,5259.0,5371.0,1.0
2024.10.17_14-37-33_Riverside_prenac,5381.0,5382.0,1.0
2024.10.17_14-37-33_Riverside_prenac,5384.0,7425.0,1.0
2024.10.17_14-37-33_Riverside_prenac,7427.0,7618.0,1.0
2024.10.17_14-37-33_Riverside_prenac,7620.0,7650.0,1.0
2024.10.17_14-37-33_Riverside_prenac,7653.0,7653.0,1.0
2024.10.17_14-37-33_Riverside_prenac,7661.0,7661.0,1.0
2024.10.17_14-37-33_Riverside_prenac,7664.0,7668.0,1.0
2024.10.17_14-37-33_Riverside_prenac,7671.0,7671.0,1.0
2024.10.17_14-37-33_Riverside_prenac,7673.0,7673.0,1.0
2024.10.17_14-37-33_Riverside_prenac,7679.0,7679.0,1.0
2024.10.17_14-37-33_Riverside_prenac,7689.0,7690.0,1.0
2024.10.17_14-37-33_Riverside_prenac,7695.0,7695.0,1.0
2024.10.17_14-37-33_Riverside_prenac,7699.0,7705.0,1.0
2024.10.17_14-37-33_Riverside_prenac,7709.0,7710.0,1.0
2024.10.17_14-37-33_Riverside_prenac,7712.0,7713.0,1.0
2024.10.17_14-37-33_Riverside_prenac,7715.0,7718.0,1.0
2024.10.17_14-37-33_Riverside_prenac,7721.0,7721.0,1.0
2024.10.17_14-37-33_Riverside_prenac,7725.0,7725.0,1.0
2024.10.17_14-37-33_Riverside_prenac,7727.0,7727.0,1.0
2024.10.17_14-37-33_Riverside_prenac,7729.0,7729.0,1.0
2024.10.17_14-37-33_Riverside_prenac,7736.0,7739.0,1.0
2024.10.17_14-37-33_Riverside_prenac,7741.0,7741.0,1.0
2024.10.17_14-37-33_Riverside_prenac,7744.0,7744.0,1.0
2024.10.17_14-37-33_Riverside_prenac,7746.0,7746.0,1.0
2024.10.17_14-37-33_Riverside_prenac,7749.0,7749.0,1.0
2024.10.17_14-37-33_Riverside_prenac,7752.0,7753.0,1.0
2024.10.17_14-37-33_Riverside_prenac,7766.0,7766.0,1.0
2024.10.17_14-37-33_Riverside_prenac,7769.0,7769.0,1.0
2024.10.17_14-37-33_Riverside_prenac,7771.0,7771.0,1.0
2024.10.17_14-37-33_Riverside_prenac,7774.0,7774.0,1.0
2024.09.30_14-57-53_Sussex_no_odor,5288.0,5303.0,1.0
2024.09.30_14-57-53_Sussex_no_odor,5305.0,5316.0,1.0
2024.09.30_14-57-53_Sussex_no_odor,5318.0,5321.0,1.0
2024.09.30_14-57-53_Sussex_no_odor,5323.0,5336.0,1.0
2024.09.30_14-57-53_Sussex_no_odor,5338.0,5361.0,1.0
2024.09.30_14-57-53_Sussex_no_odor,5363.0,5365.0,1.0
2024.09.30_14-57-53_Sussex_no_odor,5367.0,5373.0,1.0
2024.09.30_14-57-53_Sussex_no_odor,5375.0,5389.0,1.0
2024.09.30_14-57-53_Sussex_no_odor,5393.0,8565.0,1.0
2024.09.30_14-57-53_Sussex_no_odor,8567.0,8592.0,1.0
2024.09.30_14-57-53_Sussex_no_odor,8597.0,8727.0,1.0
2024.09.30_14-57-53_Sussex_no_odor,8729.0,8742.0,1.0
2024.09.30_14-57-53_Sussex_no_odor,8746.0,8746.0,1.0
2024.10.23_11-58-52_Stocago_prenac,3.0,1941.0,1.0
2024.10.23_11-58-52_Stocago_prenac,1943.0,1991.0,1.0
2024.10.23_11-58-52_Stocago_prenac,1993.0,2083.0,1.0
2024.10.23_11-58-52_Stocago_prenac,2087.0,2088.0,1.0
2024.10.23_11-58-52_Stocago_prenac,2090.0,2095.0,1.0
2024.10.23_11-58-52_Stocago_prenac,2097.0,2243.0,1.0
2024.10.23_11-58-52_Stocago_prenac,2245.0,2464.0,1.0
2024.10.23_11-58-52_Stocago_prenac,2466.0,2531.0,1.0
2024.10.23_11-58-52_Stocago_prenac,2534.0,2562.0,1.0
2024.10.23_11-58-52_Stocago_prenac,2565.0,2800.0,1.0
2024.10.23_11-58-52_Stocago_prenac,2805.0,3385.0,1.0
2024.10.23_11-58-52_Stocago_prenac,3387.0,3388.0,1.0
2024.10.23_11-58-52_Stocago_prenac,3390.0,3392.0,1.0
2024.10.23_11-58-52_Stocago_prenac,3395.0,3397.0,1.0
2024.10.23_11-58-52_Stocago_prenac,3400.0,3400.0,1.0
2024.10.15_08-22-34_Biarmipes_G224_1hexanol,3.0,3346.0,1.0
2024.10.15_08-22-34_Biarmipes_G224_1hexanol,3348.0,3398.0,1.0
2024.11.21_19-07-28_Stocago_e2hex,3.0,1171.0,1.0
2024.11.21_19-07-28_Stocago_e2hex,1173.0,1173.0,1.0
2024.11.21_19-07-28_Stocago_e2hex,1175.0,1515.0,1.0
2024.11.21_19-07-28_Stocago_e2hex,1517.0,1614.0,1.0
2024.11.21_19-07-28_Stocago_e2hex,1616.0,1623.0,1.0
2024.11.21_19-07-28_Stocago_e2hex,1625.0,1633.0,1.0
2024.11.21_19-07-28_Stocago_e2hex,1638.0,1715.0,1.0
2024.11.21_19-07-28_Stocago_e2hex,1717.0,1763.0,1.0
2024.11.21_19-07-28_Stocago_e2hex,1765.0,1938.0,1.0
2024.11.21_19-07-28_Stocago_e2hex,1940.0,1943.0,1.0
2024.11.21_19-07-28_Stocago_e2hex,1945.0,1945.0,1.0
2024.11.21_19-07-28_Stocago_e2hex,1947.0,3244.0,1.0
2024.11.21_19-07-28_Stocago_e2hex,3246.0,4346.0,1.0
2024.11.21_19-07-28_Stocago_e2hex,4349.0,4903.0,1.0
2024.11.21_19-07-28_Stocago_e2hex,4905.0,4919.0,1.0
2024.11.21_19-07-28_Stocago_e2hex,4923.0,4923.0,1.0
2024.11.21_19-07-28_Stocago_e2hex,4925.0,4927.0,1.0
2024.09.30_12-29-41_Sussex_no_odor,3.0,2118.0,1.0
2024.09.30_12-29-41_Sussex_no_odor,2120.0,2123.0,1.0
2024.09.30_12-29-41_Sussex_no_odor,2126.0,2131.0,1.0
2024.09.30_12-29-41_Sussex_no_odor,2133.0,2135.0,1.0
2024.09.30_12-29-41_Sussex_no_odor,2137.0,2145.0,1.0
2024.09.30_12-29-41_Sussex_no_odor,2147.0,2164.0,1.0
2024.09.30_12-29-41_Sussex_no_odor,2166.0,2175.0,1.0
2024.09.30_12-29-41_Sussex_no_odor,2177.0,2182.0,1.0
2024.09.30_12-29-41_Sussex_no_odor,2184.0,2200.0,1.0
2024.09.30_12-29-41_Sussex_no_odor,2202.0,2211.0,1.0
2024.09.30_12-29-41_Sussex_no_odor,2213.0,2213.0,1.0
2024.09.30_12-29-41_Sussex_no_odor,2216.0,2222.0,1.0
2024.09.30_12-29-41_Sussex_no_odor,2224.0,2299.0,1.0
2024.09.30_12-29-41_Sussex_no_odor,2302.0,2319.0,1.0
2024.09.30_12-29-41_Sussex_no_odor,2321.0,2329.0,1.0
2024.09.30_12-29-41_Sussex_no_odor,2331.0,2356.0,1.0
2024.09.30_12-29-41_Sussex_no_odor,2358.0,2360.0,1.0
2024.09.30_12-29-41_Sussex_no_odor,2363.0,2363.0,1.0
2024.09.30_12-29-41_Sussex_no_odor,2367.0,2369.0,1.0
2024.09.30_12-29-41_Sussex_no_odor,2372.0,2372.0,1.0
2024.09.30_12-29-41_Sussex_no_odor,2375.0,2375.0,1.0
2024.09.30_12-29-41_Sussex_no_odor,2377.0,2378.0,1.0
2024.09.30_12-29-41_Sussex_no_odor,2381.0,2381.0,1.0
2024.09.30_12-29-41_Sussex_no_odor,2383.0,2383.0,1.0
2024.09.30_12-29-41_Sussex_no_odor,2388.0,2388.0,1.0
2024.09.30_12-29-41_Sussex_no_odor,2390.0,2391.0,1.0
2024.09.30_12-29-41_Sussex_no_odor,2393.0,2394.0,1.0
2024.09.30_12-29-41_Sussex_no_odor,2401.0,2401.0,1.0
2024.09.30_12-29-41_Sussex_no_odor,2403.0,2404.0,1.0
2024.09.30_12-29-41_Sussex_no_odor,2406.0,2411.0,1.0
2024.09.30_12-29-41_Sussex_no_odor,2415.0,2415.0,1.0
2024.09.30_12-29-41_Sussex_no_odor,2417.0,2422.0,1.0
2024.09.30_12-29-41_Sussex_no_odor,2424.0,2427.0,1.0
2024.09.30_12-29-41_Sussex_no_odor,2431.0,2431.0,1.0
2024.09.30_12-29-41_Sussex_no_odor,2433.0,2433.0,1.0
2024.09.30_12-29-41_Sussex_no_odor,2435.0,2435.0,1.0
2024.09.30_12-29-41_Sussex_no_odor,2438.0,2441.0,1.0
2024.09.30_12-29-41_Sussex_no_odor,2444.0,2447.0,1.0
2024.09.30_12-29-41_Sussex_no_odor,2453.0,2453.0,1.0
2024.09.30_12-29-41_Sussex_no_odor,2457.0,2457.0,1.0
2024.09.30_12-29-41_Sussex_no_odor,3787.0,3787.0,1.0
2024.09.30_12-29-41_Sussex_no_odor,3805.0,3805.0,1.0
2024.09.30_12-29-41_Sussex_no_odor,3807.0,3807.0,1.0
2024.09.30_12-29-41_Sussex_no_odor,3810.0,3817.0,1.0
2024.09.30_12-29-41_Sussex_no_odor,3819.0,3819.0,1.0
2024.09.30_12-29-41_Sussex_no_odor,3821.0,3824.0,1.0
2024.09.30_12-29-41_Sussex_no_odor,3826.0,3827.0,1.0
2024.09.30_12-29-41_Sussex_no_odor,3829.0,3830.0,1.0
2024.09.30_12-29-41_Sussex_no_odor,3832.0,3832.0,1.0
2024.09.30_12-29-41_Sussex_no_odor,3835.0,3835.0,1.0
2024.09.30_12-29-41_Sussex_no_odor,3837.0,3837.0,1.0
2024.09.30_12-29-41_Sussex_no_odor,3841.0,4407.0,1.0
2024.09.30_12-29-41_Sussex_no_odor,4409.0,6401.0,1.0
2024.09.30_12-29-41_Sussex_no_odor,6405.0,6417.0,1.0
2024.09.30_12-29-41_Sussex_no_odor,6421.0,6434.0,1.0
2024.09.30_12-29-41_Sussex_no_odor,6438.0,6439.0,1.0
2024.09.30_12-29-41_Sussex_no_odor,6441.0,6443.0,1.0
2024.09.30_12-29-41_Sussex_no_odor,6445.0,6459.0,1.0
2024.09.30_12-29-41_Sussex_no_odor,6463.0,6476.0,1.0
2024.09.30_12-29-41_Sussex_no_odor,6478.0,6479.0,1.0
2024.09.30_12-29-41_Sussex_no_odor,6483.0,6483.0,1.0
2024.09.30_12-29-41_Sussex_no_odor,6487.0,6498.0,1.0
2024.09.30_12-29-41_Sussex_no_odor,6500.0,6549.0,1.0
2024.09.30_12-29-41_Sussex_no_odor,6553.0,6594.0,1.0
2024.09.30_12-29-41_Sussex_no_odor,6596.0,6609.0,1.0
2024.09.30_12-29-41_Sussex_no_odor,6611.0,6614.0,1.0
2024.09.30_12-29-41_Sussex_no_odor,6617.0,6618.0,1.0
2024.09.30_12-29-41_Sussex_no_odor,6620.0,6640.0,1.0
2024.09.30_12-29-41_Sussex_no_odor,6647.0,6649.0,1.0
2024.10.24_12-35-03_Riverside_metben,3.0,126.0,1.0
2024.10.24_12-35-03_Riverside_metben,128.0,133.0,1.0
2024.10.24_12-35-03_Riverside_metben,136.0,141.0,1.0
2024.10.24_12-35-03_Riverside_metben,145.0,1229.0,1.0
2024.10.24_12-35-03_Riverside_metben,1231.0,1231.0,1.0
2024.10.24_12-35-03_Riverside_metben,1233.0,1235.0,1.0
2024.10.24_12-35-03_Riverside_metben,1237.0,1237.0,1.0
2024.10.24_12-35-03_Riverside_metben,1258.0,1259.0,1.0
2024.10.24_12-35-03_Riverside_metben,1261.0,1264.0,1.0
2024.10.29_03-36-18_Sechellia_metben,5171.0,5173.0,1.0
2024.10.29_03-36-18_Sechellia_metben,5178.0,5179.0,1.0
2024.10.29_03-36-18_Sechellia_metben,5181.0,5181.0,1.0
2024.10.29_03-36-18_Sechellia_metben,5183.0,5183.0,1.0
2024.10.29_03-36-18_Sechellia_metben,5185.0,5185.0,1.0
2024.10.29_03-36-18_Sechellia_metben,5187.0,5187.0,1.0
2024.10.29_03-36-18_Sechellia_metben,5190.0,5192.0,1.0
2024.10.29_03-36-18_Sechellia_metben,5197.0,5198.0,1.0
2024.10.29_03-36-18_Sechellia_metben,5203.0,5205.0,1.0
2024.10.29_03-36-18_Sechellia_metben,5210.0,5210.0,1.0
2024.10.29_03-36-18_Sechellia_metben,5213.0,5213.0,1.0
2024.10.29_03-36-18_Sechellia_metben,5215.0,5215.0,1.0
2024.10.29_03-36-18_Sechellia_metben,5217.0,5217.0,1.0
2024.10.29_03-36-18_Sechellia_metben,5219.0,5221.0,1.0
2024.10.29_03-36-18_Sechellia_metben,5223.0,5228.0,1.0
2024.10.29_03-36-18_Sechellia_metben,5230.0,5233.0,1.0
2024.10.29_03-36-18_Sechellia_metben,5235.0,5235.0,1.0
2024.10.29_03-36-18_Sechellia_metben,5237.0,5237.0,1.0
2024.10.29_03-36-18_Sechellia_metben,5241.0,5244.0,1.0
2024.10.29_03-36-18_Sechellia_metben,5246.0,5249.0,1.0
2024.10.29_03-36-18_Sechellia_metben,5251.0,5259.0,1.0
2024.10.29_03-36-18_Sechellia_metben,5262.0,5262.0,1.0
2024.10.29_03-36-18_Sechellia_metben,5264.0,5266.0,1.0
2024.10.29_03-36-18_Sechellia_metben,5269.0,5271.0,1.0
2024.10.29_03-36-18_Sechellia_metben,5273.0,5285.0,1.0
2024.10.29_03-36-18_Sechellia_metben,5287.0,5287.0,1.0
2024.10.29_03-36-18_Sechellia_metben,5289.0,5299.0,1.0
2024.10.29_03-36-18_Sechellia_metben,5302.0,5302.0,1.0
2024.10.29_03-36-18_Sechellia_metben,5304.0,5305.0,1.0
2024.10.29_03-36-18_Sechellia_metben,5307.0,5308.0,1.0
2024.10.29_03-36-18_Sechellia_metben,5310.0,5311.0,1.0
2024.10.29_03-36-18_Sechellia_metben,5313.0,5315.0,1.0
2024.10.29_03-36-18_Sechellia_metben,5317.0,5325.0,1.0
2024.10.29_03-36-18_Sechellia_metben,5327.0,5327.0,1.0
2024.10.29_03-36-18_Sechellia_metben,5330.0,5335.0,1.0
2024.10.29_03-36-18_Sechellia_metben,5337.0,5353.0,1.0
2024.10.29_03-36-18_Sechellia_metben,5355.0,5355.0,1.0
2024.10.29_03-36-18_Sechellia_metben,5358.0,5364.0,1.0
2024.10.29_03-36-18_Sechellia_metben,5367.0,5379.0,1.0
2024.10.29_03-36-18_Sechellia_metben,5383.0,5392.0,1.0
2024.10.29_03-36-18_Sechellia_metben,5394.0,5394.0,1.0
2024.10.29_03-36-18_Sechellia_metben,5397.0,5407.0,1.0
2024.10.29_03-36-18_Sechellia_metben,5409.0,5412.0,1.0
2024.10.29_03-36-18_Sechellia_metben,5415.0,5415.0,1.0
2024.10.29_03-36-18_Sechellia_metben,5419.0,5419.0,1.0
2024.10.29_03-36-18_Sechellia_metben,5421.0,5421.0,1.0
2024.10.29_03-36-18_Sechellia_metben,5423.0,5423.0,1.0
2024.10.29_03-36-18_Sechellia_metben,5426.0,5426.0,1.0
2024.10.29_03-36-18_Sechellia_metben,5430.0,5431.0,1.0
2024.10.29_03-36-18_Sechellia_metben,5433.0,5433.0,1.0
2024.10.29_03-36-18_Sechellia_metben,5436.0,5436.0,1.0
2024.10.29_03-36-18_Sechellia_metben,5438.0,5438.0,1.0
2024.10.29_03-36-18_Sechellia_metben,5440.0,5444.0,1.0
2024.10.29_03-36-18_Sechellia_metben,5446.0,5451.0,1.0
2024.10.29_03-36-18_Sechellia_metben,5453.0,5462.0,1.0
2024.10.29_03-36-18_Sechellia_metben,5466.0,5500.0,1.0
2024.10.29_03-36-18_Sechellia_metben,5502.0,5507.0,1.0
2024.10.29_03-36-18_Sechellia_metben,5509.0,5510.0,1.0
2024.10.29_03-36-18_Sechellia_metben,5512.0,5512.0,1.0
2024.10.29_03-36-18_Sechellia_metben,5516.0,5517.0,1.0
2024.10.29_03-36-18_Sechellia_metben,5520.0,5520.0,1.0
2024.10.29_03-36-18_Sechellia_metben,5523.0,5523.0,1.0
2024.10.29_03-36-18_Sechellia_metben,5525.0,5525.0,1.0
2024.10.29_03-36-18_Sechellia_metben,5527.0,5768.0,1.0
2024.10.29_03-36-18_Sechellia_metben,5770.0,5770.0,1.0
2024.10.29_03-36-18_Sechellia_metben,5772.0,5772.0,1.0
2024.10.29_03-36-18_Sechellia_metben,5774.0,5775.0,1.0
2024.10.29_03-36-18_Sechellia_metben,5777.0,5779.0,1.0
2024.10.29_03-36-18_Sechellia_metben,5781.0,5781.0,1.0
2024.10.29_03-36-18_Sechellia_metben,5783.0,5795.0,1.0
2024.10.29_03-36-18_Sechellia_metben,5797.0,5808.0,1.0
2024.10.29_03-36-18_Sechellia_metben,5810.0,5824.0,1.0
2024.10.29_03-36-18_Sechellia_metben,5826.0,8508.0,1.0
2024.10.29_03-36-18_Sechellia_metben,8510.0,8511.0,1.0
2024.10.29_03-36-18_Sechellia_metben,8513.0,8524.0,1.0
2024.10.29_03-36-18_Sechellia_metben,8528.0,8529.0,1.0
2024.10.29_03-36-18_Sechellia_metben,8531.0,8540.0,1.0
2024.10.29_03-36-18_Sechellia_metben,8542.0,8543.0,1.0
2024.10.29_03-36-18_Sechellia_metben,8545.0,8545.0,1.0
2024.10.29_03-36-18_Sechellia_metben,8548.0,8550.0,1.0
2024.10.29_03-36-18_Sechellia_metben,8552.0,8578.0,1.0
2024.10.29_03-36-18_Sechellia_metben,8581.0,8585.0,1.0
2024.10.29_03-36-18_Sechellia_metben,8587.0,8593.0,1.0
2024.10.29_03-36-18_Sechellia_metben,8602.0,8602.0,1.0
2024.10.29_03-36-18_Sechellia_metben,8607.0,8607.0,1.0
2024.10.29_03-36-18_Sechellia_metben,8609.0,8609.0,1.0
2024.10.29_03-36-18_Sechellia_metben,8635.0,8635.0,1.0
2024.10.29_03-36-18_Sechellia_metben,8652.0,8652.0,1.0
2024.10.29_03-36-18_Sechellia_metben,8662.0,8663.0,1.0
2024.10.29_03-36-18_Sechellia_metben,8667.0,8667.0,1.0
2024.10.29_03-36-18_Sechellia_metben,8669.0,8669.0,1.0
2024.10.29_03-36-18_Sechellia_metben,8672.0,8672.0,1.0
2024.10.29_03-36-18_Sechellia_metben,8674.0,8674.0,1.0
2024.10.29_03-36-18_Sechellia_metben,8679.0,8679.0,1.0
2024.10.29_03-36-18_Sechellia_metben,8684.0,8684.0,1.0
2024.10.29_03-36-18_Sechellia_metben,8691.0,8691.0,1.0
2024.10.29_03-36-18_Sechellia_metben,8693.0,8693.0,1.0
2024.10.29_03-36-18_Sechellia_metben,8702.0,8702.0,1.0
2024.10.29_03-36-18_Sechellia_metben,8704.0,8705.0,1.0
2024.10.29_03-36-18_Sechellia_metben,8716.0,8716.0,1.0
2024.10.29_03-36-18_Sechellia_metben,8722.0,8722.0,1.0
2024.10.29_03-36-18_Sechellia_metben,8726.0,8727.0,1.0
2024.10.29_03-36-18_Sechellia_metben,8729.0,8730.0,1.0
2024.10.29_03-36-18_Sechellia_metben,8735.0,8735.0,1.0
2024.10.29_03-36-18_Sechellia_metben,8739.0,8739.0,1.0
2024.10.29_03-36-18_Sechellia_metben,8745.0,8746.0,1.0
2024.10.29_03-36-18_Sechellia_metben,8763.0,8765.0,1.0
2024.10.29_03-36-18_Sechellia_metben,8769.0,8769.0,1.0
2024.10.29_03-36-18_Sechellia_metben,8775.0,8775.0,1.0
2024.10.29_03-36-18_Sechellia_metben,8778.0,8778.0,1.0
2024.10.29_03-36-18_Sechellia_metben,8780.0,8780.0,1.0
2024.10.29_03-36-18_Sechellia_metben,8799.0,8799.0,1.0
2024.10.29_03-36-18_Sechellia_metben,8801.0,8801.0,1.0
2024.10.29_03-36-18_Sechellia_metben,8814.0,8814.0,1.0
2024.10.29_03-36-18_Sechellia_metben,8816.0,8816.0,1.0
2024.10.29_03-36-18_Sechellia_metben,8818.0,8820.0,1.0
2024.10.02_13-28-06_Riverside_metbut,6476.0,6476.0,1.0
2024.10.02_13-28-06_Riverside_metbut,6482.0,6482.0,1.0
2024.10.02_13-28-06_Riverside_metbut,6484.0,6485.0,1.0
2024.10.02_13-28-06_Riverside_metbut,6491.0,6491.0,1.0
2024.10.02_13-28-06_Riverside_metbut,6494.0,6494.0,1.0
2024.10.02_13-28-06_Riverside_metbut,6496.0,7603.0,1.0
2024.10.02_13-28-06_Riverside_metbut,7605.0,7605.0,1.0
2024.10.02_13-28-06_Riverside_metbut,7607.0,7607.0,1.0
2024.10.02_13-28-06_Riverside_metbut,7610.0,7610.0,1.0
2024.10.02_13-28-06_Riverside_metbut,7614.0,8272.0,1.0
2024.10.02_13-28-06_Riverside_metbut,8274.0,8543.0,1.0
2024.10.02_13-28-06_Riverside_metbut,8545.0,8678.0,1.0
2024.10.02_13-28-06_Riverside_metbut,8696.0,8700.0,1.0
2024.10.02_13-28-06_Riverside_metbut,8702.0,8999.0,1.0
2024.10.31_02-01-01_Yakuba_cameroon_metben,4971.0,4971.0,1.0
2024.10.31_02-01-01_Yakuba_cameroon_metben,4973.0,4973.0,1.0
2024.10.31_02-01-01_Yakuba_cameroon_metben,4980.0,4980.0,1.0
2024.10.31_02-01-01_Yakuba_cameroon_metben,4983.0,4984.0,1.0
2024.10.31_02-01-01_Yakuba_cameroon_metben,4986.0,6942.0,1.0
2024.10.31_02-01-01_Yakuba_cameroon_metben,6944.0,6944.0,1.0
2024.10.31_02-01-01_Yakuba_cameroon_metben,6952.0,7042.0,1.0
2024.12.01_18-42-48_Biarmipes84_no_odor,8277.0,8277.0,1.0
2024.12.01_18-42-48_Biarmipes84_no_odor,8283.0,8283.0,1.0
2024.12.01_18-42-48_Biarmipes84_no_odor,8285.0,8287.0,1.0
2024.12.01_18-42-48_Biarmipes84_no_odor,8289.0,8291.0,1.0
2024.12.01_18-42-48_Biarmipes84_no_odor,8293.0,8293.0,1.0
2024.12.01_18-42-48_Biarmipes84_no_odor,8295.0,8295.0,1.0
2024.12.01_18-42-48_Biarmipes84_no_odor,8297.0,8304.0,1.0
2024.12.01_18-42-48_Biarmipes84_no_odor,8308.0,8311.0,1.0
2024.12.01_18-42-48_Biarmipes84_no_odor,8313.0,8313.0,1.0
2024.12.01_18-42-48_Biarmipes84_no_odor,8315.0,8319.0,1.0
2024.12.01_18-42-48_Biarmipes84_no_odor,8321.0,8321.0,1.0
2024.12.01_18-42-48_Biarmipes84_no_odor,8323.0,8323.0,1.0
2024.12.01_18-42-48_Biarmipes84_no_odor,8325.0,8328.0,1.0
2024.12.01_18-42-48_Biarmipes84_no_odor,8330.0,8330.0,1.0
2024.12.01_18-42-48_Biarmipes84_no_odor,8333.0,8334.0,1.0
2024.12.01_18-42-48_Biarmipes84_no_odor,8336.0,8336.0,1.0
2024.12.01_18-42-48_Biarmipes84_no_odor,8340.0,8345.0,1.0
2024.12.01_18-42-48_Biarmipes84_no_odor,8349.0,8353.0,1.0
2024.12.01_18-42-48_Biarmipes84_no_odor,8355.0,8356.0,1.0
2024.12.01_18-42-48_Biarmipes84_no_odor,8358.0,8358.0,1.0
2024.12.01_18-42-48_Biarmipes84_no_odor,8360.0,8362.0,1.0
2024.12.01_18-42-48_Biarmipes84_no_odor,8365.0,8366.0,1.0
2024.12.01_18-42-48_Biarmipes84_no_odor,8369.0,8383.0,1.0
2024.12.01_18-42-48_Biarmipes84_no_odor,8385.0,8386.0,1.0
2024.12.01_18-42-48_Biarmipes84_no_odor,8388.0,8390.0,1.0
2024.12.01_18-42-48_Biarmipes84_no_odor,8396.0,8398.0,1.0
2024.12.01_18-42-48_Biarmipes84_no_odor,8403.0,8404.0,1.0
2024.12.01_18-42-48_Biarmipes84_no_odor,8408.0,8408.0,1.0
2024.12.01_18-42-48_Biarmipes84_no_odor,8410.0,8410.0,1.0
2024.12.01_18-42-48_Biarmipes84_no_odor,8412.0,8413.0,1.0
2024.12.01_18-42-48_Biarmipes84_no_odor,8416.0,8418.0,1.0
2024.12.01_18-42-48_Biarmipes84_no_odor,8421.0,8422.0,1.0
2024.12.01_18-42-48_Biarmipes84_no_odor,8424.0,8429.0,1.0
2024.12.01_18-42-48_Biarmipes84_no_odor,8432.0,8436.0,1.0
2024.12.01_18-42-48_Biarmipes84_no_odor,8440.0,8444.0,1.0
2024.12.01_18-42-48_Biarmipes84_no_odor,8448.0,8448.0,1.0
2024.12.01_18-42-48_Biarmipes84_no_odor,8452.0,8452.0,1.0
2024.12.01_18-42-48_Biarmipes84_no_odor,8455.0,8462.0,1.0
2024.12.01_18-42-48_Biarmipes84_no_odor,8464.0,8468.0,1.0
2024.12.01_18-42-48_Biarmipes84_no_odor,8470.0,8470.0,1.0
2024.12.01_18-42-48_Biarmipes84_no_odor,8472.0,8487.0,1.0
2024.12.01_18-42-48_Biarmipes84_no_odor,8489.0,8490.0,1.0
2024.12.01_18-42-48_Biarmipes84_no_odor,8492.0,8492.0,1.0
2024.12.01_18-42-48_Biarmipes84_no_odor,8494.0,8495.0,1.0
2024.12.01_18-42-48_Biarmipes84_no_odor,8498.0,8503.0,1.0
2024.12.01_18-42-48_Biarmipes84_no_odor,8505.0,8505.0,1.0
2024.12.01_18-42-48_Biarmipes84_no_odor,8507.0,8571.0,1.0
2024.11.13_02-36-35_Biarmipes_G224_e2hex,3.0,2559.0,1.0
2024.11.13_02-36-35_Biarmipes_G224_e2hex,2561.0,2578.0,1.0
2024.11.13_02-36-35_Biarmipes_G224_e2hex,2580.0,2631.0,1.0
2024.11.13_02-36-35_Biarmipes_G224_e2hex,2634.0,2636.0,1.0
2024.11.13_02-36-35_Biarmipes_G224_e2hex,2638.0,2639.0,1.0
2024.11.13_02-36-35_Biarmipes_G224_e2hex,2641.0,2642.0,1.0
2024.11.13_02-36-35_Biarmipes_G224_e2hex,2645.0,2685.0,1.0
2024.11.13_02-36-35_Biarmipes_G224_e2hex,2688.0,2693.0,1.0
2024.11.13_02-36-35_Biarmipes_G224_e2hex,2696.0,2696.0,1.0
2024.11.13_02-36-35_Biarmipes_G224_e2hex,2699.0,2717.0,1.0
2024.11.13_02-36-35_Biarmipes_G224_e2hex,2719.0,2720.0,1.0
2024.11.13_02-36-35_Biarmipes_G224_e2hex,2722.0,2729.0,1.0
2024.11.13_02-36-35_Biarmipes_G224_e2hex,2731.0,2742.0,1.0
2024.11.13_02-36-35_Biarmipes_G224_e2hex,2744.0,2745.0,1.0
2024.11.13_02-36-35_Biarmipes_G224_e2hex,2747.0,2749.0,1.0
2024.11.13_02-36-35_Biarmipes_G224_e2hex,2751.0,2752.0,1.0
2024.11.13_02-36-35_Biarmipes_G224_e2hex,2754.0,2759.0,1.0
2024.11.13_02-36-35_Biarmipes_G224_e2hex,2761.0,2762.0,1.0
2024.11.13_02-36-35_Biarmipes_G224_e2hex,2764.0,2780.0,1.0
2024.11.13_02-36-35_Biarmipes_G224_e2hex,2783.0,2783.0,1.0
2024.11.13_02-36-35_Biarmipes_G224_e2hex,2785.0,2787.0,1.0
2024.11.13_02-36-35_Biarmipes_G224_e2hex,2789.0,2791.0,1.0
2024.11.13_02-36-35_Biarmipes_G224_e2hex,2794.0,2802.0,1.0
2024.11.13_02-36-35_Biarmipes_G224_e2hex,2804.0,2809.0,1.0
2024.11.13_02-36-35_Biarmipes_G224_e2hex,2811.0,2811.0,1.0
2024.11.13_02-36-35_Biarmipes_G224_e2hex,2813.0,2813.0,1.0
2024.11.13_02-36-35_Biarmipes_G224_e2hex,2815.0,2823.0,1.0
2024.11.13_02-36-35_Biarmipes_G224_e2hex,2825.0,2834.0,1.0
2024.11.13_02-36-35_Biarmipes_G224_e2hex,2836.0,2843.0,1.0
2024.11.13_02-36-35_Biarmipes_G224_e2hex,2845.0,2856.0,1.0
2024.11.13_02-36-35_Biarmipes_G224_e2hex,2858.0,2867.0,1.0
2024.11.13_02-36-35_Biarmipes_G224_e2hex,2869.0,2878.0,1.0
2024.11.13_02-36-35_Biarmipes_G224_e2hex,2880.0,2880.0,1.0
2024.11.13_02-36-35_Biarmipes_G224_e2hex,2882.0,2893.0,1.0
2024.11.13_02-36-35_Biarmipes_G224_e2hex,2895.0,2941.0,1.0
2024.11.13_02-36-35_Biarmipes_G224_e2hex,2943.0,2944.0,1.0
2024.11.13_02-36-35_Biarmipes_G224_e2hex,2946.0,2965.0,1.0
2024.11.13_02-36-35_Biarmipes_G224_e2hex,2967.0,2973.0,1.0
2024.11.13_02-36-35_Biarmipes_G224_e2hex,2975.0,2976.0,1.0
2024.11.13_02-36-35_Biarmipes_G224_e2hex,2978.0,2987.0,1.0
2024.11.13_02-36-35_Biarmipes_G224_e2hex,2997.0,2997.0,1.0
2024.11.13_02-36-35_Biarmipes_G224_e2hex,2999.0,2999.0,1.0
2024.11.13_02-36-35_Biarmipes_G224_e2hex,3019.0,3019.0,1.0
2024.11.13_02-36-35_Biarmipes_G224_e2hex,3021.0,3021.0,1.0
2024.11.13_02-36-35_Biarmipes_G224_e2hex,3026.0,3026.0,1.0
2024.11.13_02-36-35_Biarmipes_G224_e2hex,3031.0,3031.0,1.0
2024.11.13_02-36-35_Biarmipes_G224_e2hex,3033.0,3036.0,1.0
2024.11.13_02-36-35_Biarmipes_G224_e2hex,3038.0,3040.0,1.0
2024.11.13_02-36-35_Biarmipes_G224_e2hex,3044.0,3051.0,1.0
2024.11.13_02-36-35_Biarmipes_G224_e2hex,3054.0,3064.0,1.0
2024.11.13_02-36-35_Biarmipes_G224_e2hex,3066.0,3066.0,1.0
2024.11.13_02-36-35_Biarmipes_G224_e2hex,3068.0,3072.0,1.0
2024.11.13_02-36-35_Biarmipes_G224_e2hex,3074.0,3090.0,1.0
2024.11.13_02-36-35_Biarmipes_G224_e2hex,3092.0,3105.0,1.0
2024.11.13_02-36-35_Biarmipes_G224_e2hex,3107.0,3112.0,1.0
2024.11.13_02-36-35_Biarmipes_G224_e2hex,3114.0,3115.0,1.0
2024.11.13_02-36-35_Biarmipes_G224_e2hex,3117.0,3129.0,1.0
2024.11.13_02-36-35_Biarmipes_G224_e2hex,3131.0,3131.0,1.0
2024.11.13_02-36-35_Biarmipes_G224_e2hex,3133.0,3141.0,1.0
2024.11.13_02-36-35_Biarmipes_G224_e2hex,3143.0,3145.0,1.0
2024.11.13_02-36-35_Biarmipes_G224_e2hex,3147.0,3151.0,1.0
2024.11.13_02-36-35_Biarmipes_G224_e2hex,3153.0,3159.0,1.0
2024.11.13_02-36-35_Biarmipes_G224_e2hex,3161.0,3181.0,1.0
2024.11.13_02-36-35_Biarmipes_G224_e2hex,3183.0,3186.0,1.0
2024.11.13_02-36-35_Biarmipes_G224_e2hex,3188.0,3194.0,1.0
2024.11.13_02-36-35_Biarmipes_G224_e2hex,3196.0,3206.0,1.0
2024.11.13_02-36-35_Biarmipes_G224_e2hex,3208.0,3208.0,1.0
2024.11.13_02-36-35_Biarmipes_G224_e2hex,3210.0,3217.0,1.0
2024.11.13_02-36-35_Biarmipes_G224_e2hex,3219.0,3220.0,1.0
2024.11.13_02-36-35_Biarmipes_G224_e2hex,3222.0,3223.0,1.0
2024.11.13_02-36-35_Biarmipes_G224_e2hex,3226.0,3241.0,1.0
2024.11.13_02-36-35_Biarmipes_G224_e2hex,3243.0,3249.0,1.0
2024.11.13_02-36-35_Biarmipes_G224_e2hex,3251.0,3269.0,1.0
2024.11.13_02-36-35_Biarmipes_G224_e2hex,3271.0,3272.0,1.0
2024.11.13_02-36-35_Biarmipes_G224_e2hex,3275.0,3280.0,1.0
2024.11.13_02-36-35_Biarmipes_G224_e2hex,3282.0,3282.0,1.0
2024.11.13_02-36-35_Biarmipes_G224_e2hex,3285.0,3287.0,1.0
2024.11.13_02-36-35_Biarmipes_G224_e2hex,3291.0,3291.0,1.0
2024.11.13_02-36-35_Biarmipes_G224_e2hex,3293.0,3296.0,1.0
2024.11.13_02-36-35_Biarmipes_G224_e2hex,3298.0,3298.0,1.0
2024.11.13_02-36-35_Biarmipes_G224_e2hex,3300.0,3314.0,1.0
2024.11.13_02-36-35_Biarmipes_G224_e2hex,3316.0,3331.0,1.0
2024.11.13_02-36-35_Biarmipes_G224_e2hex,3335.0,3336.0,1.0
2024.11.13_02-36-35_Biarmipes_G224_e2hex,3338.0,3341.0,1.0
2024.11.13_02-36-35_Biarmipes_G224_e2hex,3343.0,3376.0,1.0
2024.11.13_02-36-35_Biarmipes_G224_e2hex,3378.0,3378.0,1.0
2024.11.13_02-36-35_Biarmipes_G224_e2hex,3380.0,3387.0,1.0
2024.11.13_02-36-35_Biarmipes_G224_e2hex,3389.0,3426.0,1.0
2024.11.13_02-36-35_Biarmipes_G224_e2hex,3428.0,3441.0,1.0
2024.11.13_02-36-35_Biarmipes_G224_e2hex,3443.0,3490.0,1.0
2024.11.13_02-36-35_Biarmipes_G224_e2hex,3492.0,3543.0,1.0
2024.11.13_02-36-35_Biarmipes_G224_e2hex,3545.0,3573.0,1.0
2024.11.13_02-36-35_Biarmipes_G224_e2hex,3576.0,3584.0,1.0
2024.11.13_02-36-35_Biarmipes_G224_e2hex,3586.0,3624.0,1.0
2024.11.13_02-36-35_Biarmipes_G224_e2hex,3626.0,3637.0,1.0
2024.11.13_02-36-35_Biarmipes_G224_e2hex,3639.0,3651.0,1.0
2024.11.13_02-36-35_Biarmipes_G224_e2hex,3653.0,3672.0,1.0
2024.11.13_02-36-35_Biarmipes_G224_e2hex,3674.0,3703.0,1.0
2024.11.13_02-36-35_Biarmipes_G224_e2hex,3705.0,3706.0,1.0
2024.11.13_02-36-35_Biarmipes_G224_e2hex,3708.0,4130.0,1.0
2024.11.13_02-36-35_Biarmipes_G224_e2hex,4132.0,4237.0,1.0
2024.11.13_02-36-35_Biarmipes_G224_e2hex,4240.0,4245.0,1.0
2024.11.13_02-36-35_Biarmipes_G224_e2hex,4247.0,4255.0,1.0
2024.11.13_02-36-35_Biarmipes_G224_e2hex,4257.0,4258.0,1.0
2024.11.13_02-36-35_Biarmipes_G224_e2hex,4260.0,4267.0,1.0
2024.11.13_02-36-35_Biarmipes_G224_e2hex,4269.0,4329.0,1.0
2024.11.13_02-36-35_Biarmipes_G224_e2hex,4331.0,4335.0,1.0
2024.11.13_02-36-35_Biarmipes_G224_e2hex,4339.0,4339.0,1.0
2024.11.13_02-36-35_Biarmipes_G224_e2hex,4345.0,4345.0,1.0
2024.11.13_02-36-35_Biarmipes_G224_e2hex,4359.0,4359.0,1.0
2024.11.13_02-36-35_Biarmipes_G224_e2hex,4396.0,4396.0,1.0
2024.11.13_02-36-35_Biarmipes_G224_e2hex,4401.0,4401.0,1.0
2024.11.13_02-36-35_Biarmipes_G224_e2hex,4403.0,4403.0,1.0
2024.11.13_02-36-35_Biarmipes_G224_e2hex,4405.0,4405.0,1.0
2024.11.13_02-36-35_Biarmipes_G224_e2hex,4412.0,4415.0,1.0
2024.11.13_02-36-35_Biarmipes_G224_e2hex,4418.0,4418.0,1.0
2024.11.13_02-36-35_Biarmipes_G224_e2hex,4420.0,4426.0,1.0
2024.11.13_02-36-35_Biarmipes_G224_e2hex,4429.0,4430.0,1.0
2024.11.13_02-36-35_Biarmipes_G224_e2hex,4432.0,4433.0,1.0
2024.11.13_02-36-35_Biarmipes_G224_e2hex,4437.0,4437.0,1.0
2024.11.13_02-36-35_Biarmipes_G224_e2hex,4441.0,4448.0,1.0
2024.11.13_02-36-35_Biarmipes_G224_e2hex,4450.0,4456.0,1.0
2024.11.13_02-36-35_Biarmipes_G224_e2hex,4458.0,4498.0,1.0
2024.11.13_02-36-35_Biarmipes_G224_e2hex,4500.0,4505.0,1.0
2024.11.13_02-36-35_Biarmipes_G224_e2hex,4507.0,4507.0,1.0
2024.11.13_02-36-35_Biarmipes_G224_e2hex,4509.0,4522.0,1.0
2024.11.13_02-36-35_Biarmipes_G224_e2hex,4524.0,4571.0,1.0
2024.11.13_02-36-35_Biarmipes_G224_e2hex,4573.0,4610.0,1.0
2024.11.13_02-36-35_Biarmipes_G224_e2hex,4612.0,4623.0,1.0
2024.11.13_02-36-35_Biarmipes_G224_e2hex,4625.0,4634.0,1.0
2024.11.13_02-36-35_Biarmipes_G224_e2hex,4636.0,4637.0,1.0
2024.11.13_02-36-35_Biarmipes_G224_e2hex,4640.0,4643.0,1.0
2024.11.13_02-36-35_Biarmipes_G224_e2hex,4646.0,4649.0,1.0
2024.11.13_02-36-35_Biarmipes_G224_e2hex,4651.0,4651.0,1.0
2024.11.13_02-36-35_Biarmipes_G224_e2hex,4653.0,4655.0,1.0
2024.11.13_02-36-35_Biarmipes_G224_e2hex,4657.0,4659.0,1.0
2024.11.13_02-36-35_Biarmipes_G224_e2hex,4661.0,4663.0,1.0
2024.11.13_02-36-35_Biarmipes_G224_e2hex,4665.0,4667.0,1.0
2024.11.13_02-36-35_Biarmipes_G224_e2hex,4669.0,4669.0,1.0
2024.11.13_02-36-35_Biarmipes_G224_e2hex,4671.0,4673.0,1.0
2024.11.13_02-36-35_Biarmipes_G224_e2hex,4677.0,4680.0,1.0
2024.11.13_02-36-35_Biarmipes_G224_e2hex,4682.0,4684.0,1.0
2024.11.13_02-36-35_Biarmipes_G224_e2hex,4687.0,4688.0,1.0
2024.11.13_02-36-35_Biarmipes_G224_e2hex,4690.0,4694.0,1.0
2024.11.13_02-36-35_Biarmipes_G224_e2hex,4697.0,4698.0,1.0
2024.11.13_02-36-35_Biarmipes_G224_e2hex,4702.0,4704.0,1.0
2024.11.13_02-36-35_Biarmipes_G224_e2hex,4707.0,4707.0,1.0
2024.11.13_02-36-35_Biarmipes_G224_e2hex,4710.0,4710.0,1.0
2024.11.13_02-36-35_Biarmipes_G224_e2hex,4712.0,4714.0,1.0
2024.11.13_02-36-35_Biarmipes_G224_e2hex,4716.0,4717.0,1.0
2024.11.13_02-36-35_Biarmipes_G224_e2hex,4719.0,4720.0,1.0
2024.11.13_02-36-35_Biarmipes_G224_e2hex,4723.0,4725.0,1.0
2024.11.13_02-36-35_Biarmipes_G224_e2hex,4728.0,4738.0,1.0
2024.11.13_02-36-35_Biarmipes_G224_e2hex,4741.0,4742.0,1.0
2024.11.13_02-36-35_Biarmipes_G224_e2hex,4744.0,4745.0,1.0
2024.11.13_02-36-35_Biarmipes_G224_e2hex,4747.0,4747.0,1.0
2024.11.13_02-36-35_Biarmipes_G224_e2hex,4752.0,4754.0,1.0
2024.11.13_02-36-35_Biarmipes_G224_e2hex,4756.0,4760.0,1.0
2024.11.13_02-36-35_Biarmipes_G224_e2hex,4762.0,4762.0,1.0
2024.11.13_02-36-35_Biarmipes_G224_e2hex,4764.0,4765.0,1.0
2024.11.13_02-36-35_Biarmipes_G224_e2hex,4767.0,4767.0,1.0
2024.11.13_02-36-35_Biarmipes_G224_e2hex,4769.0,4771.0,1.0
2024.11.13_02-36-35_Biarmipes_G224_e2hex,4774.0,4778.0,1.0
2024.11.13_02-36-35_Biarmipes_G224_e2hex,4780.0,4783.0,1.0
2024.11.13_02-36-35_Biarmipes_G224_e2hex,4785.0,4786.0,1.0
2024.11.13_02-36-35_Biarmipes_G224_e2hex,4788.0,4789.0,1.0
2024.11.13_02-36-35_Biarmipes_G224_e2hex,4791.0,4801.0,1.0
2024.11.13_02-36-35_Biarmipes_G224_e2hex,4803.0,4804.0,1.0
2024.11.13_02-36-35_Biarmipes_G224_e2hex,4806.0,4808.0,1.0
2024.11.13_02-36-35_Biarmipes_G224_e2hex,4811.0,4824.0,1.0
2024.10.25_06-29-41_CantonS_metben,1966.0,4033.0,1.0
2024.10.25_06-29-41_CantonS_metben,4035.0,4130.0,1.0
2024.10.25_06-29-41_CantonS_metben,4132.0,4133.0,1.0
2024.10.25_06-29-41_CantonS_metben,4137.0,4137.0,1.0
2024.10.25_06-29-41_CantonS_metben,4139.0,4142.0,1.0
2024.10.25_06-29-41_CantonS_metben,4144.0,4148.0,1.0
2024.10.25_06-29-41_CantonS_metben,4150.0,4150.0,1.0
2024.10.25_06-29-41_CantonS_metben,4152.0,4163.0,1.0
2024.10.25_06-29-41_CantonS_metben,4165.0,4172.0,1.0
2024.10.25_06-29-41_CantonS_metben,4174.0,4184.0,1.0
2024.10.25_06-29-41_CantonS_metben,4187.0,4192.0,1.0
2024.10.25_06-29-41_CantonS_metben,4194.0,4197.0,1.0
2024.10.25_06-29-41_CantonS_metben,4201.0,4201.0,1.0
2024.10.25_06-29-41_CantonS_metben,4203.0,4204.0,1.0
2024.10.25_06-29-41_CantonS_metben,4207.0,4211.0,1.0
2024.10.25_06-29-41_CantonS_metben,4213.0,4228.0,1.0
2024.10.25_06-29-41_CantonS_metben,4230.0,4320.0,1.0
2024.10.25_06-29-41_CantonS_metben,4322.0,4322.0,1.0
2024.10.25_06-29-41_CantonS_metben,4324.0,4379.0,1.0
2024.10.25_06-29-41_CantonS_metben,4381.0,4388.0,1.0
2024.10.25_06-29-41_CantonS_metben,4390.0,4393.0,1.0
2024.10.25_06-29-41_CantonS_metben,4395.0,4397.0,1.0
2024.10.25_06-29-41_CantonS_metben,4399.0,4406.0,1.0
2024.10.25_06-29-41_CantonS_metben,4410.0,4410.0,1.0
2024.10.25_06-29-41_CantonS_metben,4412.0,4420.0,1.0
2024.10.25_06-29-41_CantonS_metben,4423.0,4424.0,1.0
2024.10.25_06-29-41_CantonS_metben,4426.0,4426.0,1.0
2024.10.25_06-29-41_CantonS_metben,4428.0,4428.0,1.0
2024.10.25_06-29-41_CantonS_metben,4431.0,4432.0,1.0
2024.10.25_06-29-41_CantonS_metben,4434.0,4436.0,1.0
2024.10.25_06-29-41_CantonS_metben,4445.0,4446.0,1.0
2024.10.25_06-29-41_CantonS_metben,4456.0,4460.0,1.0
2024.10.25_06-29-41_CantonS_metben,4463.0,4463.0,1.0
2024.10.25_06-29-41_CantonS_metben,4465.0,4467.0,1.0
2024.10.25_06-29-41_CantonS_metben,4471.0,4471.0,1.0
2024.10.25_06-29-41_CantonS_metben,4473.0,4473.0,1.0
2024.10.25_06-29-41_CantonS_metben,4475.0,4477.0,1.0
2024.10.25_06-29-41_CantonS_metben,4479.0,4492.0,1.0
2024.10.25_06-29-41_CantonS_metben,4494.0,4507.0,1.0
2024.10.25_06-29-41_CantonS_metben,4509.0,4519.0,1.0
2024.10.25_06-29-41_CantonS_metben,4521.0,4536.0,1.0
2024.10.25_06-29-41_CantonS_metben,4538.0,4538.0,1.0
2024.10.25_06-29-41_CantonS_metben,4540.0,4545.0,1.0
2024.10.25_06-29-41_CantonS_metben,4552.0,4552.0,1.0
2024.10.25_06-29-41_CantonS_metben,4585.0,4585.0,1.0
2024.10.25_06-29-41_CantonS_metben,4588.0,4590.0,1.0
2024.10.25_06-29-41_CantonS_metben,4592.0,4597.0,1.0
2024.10.25_06-29-41_CantonS_metben,4601.0,4734.0,1.0
2024.10.25_06-29-41_CantonS_metben,4736.0,6666.0,1.0
2024.10.25_06-29-41_CantonS_metben,6668.0,6672.0,1.0
2024.10.25_06-29-41_CantonS_metben,6674.0,6723.0,1.0
2024.10.25_06-29-41_CantonS_metben,6725.0,6741.0,1.0
2024.10.25_06-29-41_CantonS_metben,6743.0,6745.0,1.0
2024.10.25_06-29-41_CantonS_metben,6747.0,6747.0,1.0
2024.10.25_06-29-41_CantonS_metben,6749.0,6754.0,1.0
2024.10.25_06-29-41_CantonS_metben,6756.0,6762.0,1.0
2024.10.25_06-29-41_CantonS_metben,6764.0,6764.0,1.0
2024.10.25_06-29-41_CantonS_metben,6766.0,6772.0,1.0
2024.10.25_06-29-41_CantonS_metben,6774.0,6782.0,1.0
2024.10.25_06-29-41_CantonS_metben,6784.0,6836.0,1.0
2024.10.25_06-29-41_CantonS_metben,6838.0,6840.0,1.0
2024.10.25_06-29-41_CantonS_metben,6842.0,6847.0,1.0
2024.10.25_06-29-41_CantonS_metben,6850.0,6857.0,1.0
2024.10.25_06-29-41_CantonS_metben,6859.0,6875.0,1.0
2024.10.25_06-29-41_CantonS_metben,6877.0,6877.0,1.0
2024.10.25_06-29-41_CantonS_metben,6879.0,6884.0,1.0
2024.10.25_06-29-41_CantonS_metben,6886.0,6889.0,1.0
2024.10.25_06-29-41_CantonS_metben,6891.0,6896.0,1.0
2024.10.25_06-29-41_CantonS_metben,6898.0,6899.0,1.0
2024.10.25_06-29-41_CantonS_metben,6901.0,6902.0,1.0
2024.10.25_06-29-41_CantonS_metben,6904.0,6904.0,1.0
2024.10.25_06-29-41_CantonS_metben,6907.0,6917.0,1.0
2024.10.25_06-29-41_CantonS_metben,6919.0,6920.0,1.0
2024.10.25_06-29-41_CantonS_metben,6922.0,6924.0,1.0
2024.10.25_06-29-41_CantonS_metben,6926.0,6928.0,1.0
2024.10.25_06-29-41_CantonS_metben,6930.0,6936.0,1.0
2024.10.25_06-29-41_CantonS_metben,6938.0,6939.0,1.0
2024.10.25_06-29-41_CantonS_metben,6941.0,6946.0,1.0
2024.10.25_06-29-41_CantonS_metben,6948.0,6952.0,1.0
2024.10.25_06-29-41_CantonS_metben,6954.0,6955.0,1.0
2024.10.25_06-29-41_CantonS_metben,6957.0,6957.0,1.0
2024.10.25_06-29-41_CantonS_metben,6960.0,6971.0,1.0
2024.10.25_06-29-41_CantonS_metben,6973.0,6978.0,1.0
2024.10.25_06-29-41_CantonS_metben,6980.0,6980.0,1.0
2024.10.25_06-29-41_CantonS_metben,6982.0,6992.0,1.0
2024.10.25_06-29-41_CantonS_metben,6994.0,6994.0,1.0
2024.10.25_06-29-41_CantonS_metben,6996.0,7009.0,1.0
2024.10.25_06-29-41_CantonS_metben,7011.0,7012.0,1.0
2024.10.25_06-29-41_CantonS_metben,7014.0,7015.0,1.0
2024.10.25_06-29-41_CantonS_metben,7017.0,7022.0,1.0
2024.10.25_06-29-41_CantonS_metben,7024.0,7037.0,1.0
2024.10.25_06-29-41_CantonS_metben,7040.0,7041.0,1.0
2024.10.25_06-29-41_CantonS_metben,7044.0,7044.0,1.0
2024.10.25_06-29-41_CantonS_metben,7046.0,7046.0,1.0
2024.10.25_06-29-41_CantonS_metben,7053.0,7053.0,1.0
2024.10.25_06-29-41_CantonS_metben,7055.0,7056.0,1.0
2024.10.25_06-29-41_CantonS_metben,7060.0,7106.0,1.0
2024.10.25_06-29-41_CantonS_metben,7108.0,7128.0,1.0
2024.10.25_06-29-41_CantonS_metben,7130.0,7136.0,1.0
2024.10.25_06-29-41_CantonS_metben,7139.0,7143.0,1.0
2024.10.25_06-29-41_CantonS_metben,7145.0,7151.0,1.0
2024.10.25_06-29-41_CantonS_metben,7153.0,7153.0,1.0
2024.10.25_06-29-41_CantonS_metben,7156.0,7159.0,1.0
2024.10.25_06-29-41_CantonS_metben,7161.0,7163.0,1.0
2024.10.25_06-29-41_CantonS_metben,7165.0,7166.0,1.0
2024.10.25_06-29-41_CantonS_metben,7168.0,7169.0,1.0
2024.10.25_06-29-41_CantonS_metben,7172.0,7172.0,1.0
2024.10.25_06-29-41_CantonS_metben,7174.0,7179.0,1.0
2024.10.25_06-29-41_CantonS_metben,7181.0,7185.0,1.0
2024.10.25_06-29-41_CantonS_metben,7189.0,7190.0,1.0
2024.10.25_06-29-41_CantonS_metben,7192.0,7192.0,1.0
2024.10.25_06-29-41_CantonS_metben,7194.0,7200.0,1.0
2024.10.25_06-29-41_CantonS_metben,7202.0,7218.0,1.0
2024.10.25_06-29-41_CantonS_metben,7220.0,7395.0,1.0
2024.10.25_06-29-41_CantonS_metben,7397.0,7398.0,1.0
2024.10.25_06-29-41_CantonS_metben,7400.0,7435.0,1.0
2024.10.25_06-29-41_CantonS_metben,7437.0,7588.0,1.0
2024.10.25_06-29-41_CantonS_metben,7590.0,7593.0,1.0
2024.10.25_06-29-41_CantonS_metben,7595.0,7644.0,1.0
2024.10.25_06-29-41_CantonS_metben,7646.0,7654.0,1.0
2024.10.25_06-29-41_CantonS_metben,7657.0,7657.0,1.0
2024.10.25_06-29-41_CantonS_metben,7660.0,7661.0,1.0
2024.10.25_06-29-41_CantonS_metben,7663.0,7664.0,1.0
2024.10.25_06-29-41_CantonS_metben,7667.0,7668.0,1.0
2024.10.25_06-29-41_CantonS_metben,7670.0,7672.0,1.0
2024.10.25_06-29-41_CantonS_metben,7674.0,7674.0,1.0
2024.10.25_06-29-41_CantonS_metben,7676.0,7682.0,1.0
2024.10.25_06-29-41_CantonS_metben,7685.0,7689.0,1.0
2024.10.25_06-29-41_CantonS_metben,7691.0,7694.0,1.0
2024.10.25_06-29-41_CantonS_metben,7697.0,7699.0,1.0
2024.10.25_06-29-41_CantonS_metben,7701.0,7702.0,1.0
2024.10.25_06-29-41_CantonS_metben,7704.0,7705.0,1.0
2024.10.25_06-29-41_CantonS_metben,7708.0,7708.0,1.0
2024.10.25_06-29-41_CantonS_metben,7712.0,7779.0,1.0
2024.10.25_06-29-41_CantonS_metben,7781.0,7799.0,1.0
2024.10.25_06-29-41_CantonS_metben,7801.0,7823.0,1.0
2024.10.25_06-29-41_CantonS_metben,7825.0,8034.0,1.0
2024.10.25_06-29-41_CantonS_metben,8036.0,8110.0,1.0
2024.10.25_06-29-41_CantonS_metben,8112.0,8115.0,1.0
2024.10.25_06-29-41_CantonS_metben,8117.0,8119.0,1.0
2024.10.25_06-29-41_CantonS_metben,8122.0,8123.0,1.0
2024.10.25_06-29-41_CantonS_metben,8125.0,8125.0,1.0
2024.10.25_06-29-41_CantonS_metben,8127.0,8130.0,1.0
2024.10.25_06-29-41_CantonS_metben,8132.0,8134.0,1.0
2024.10.25_06-29-41_CantonS_metben,8136.0,8138.0,1.0
2024.10.25_06-29-41_CantonS_metben,8140.0,8141.0,1.0
2024.10.25_06-29-41_CantonS_metben,8143.0,8148.0,1.0
2024.10.25_06-29-41_CantonS_metben,8150.0,8158.0,1.0
2024.10.25_06-29-41_CantonS_metben,8160.0,8167.0,1.0
2024.10.25_06-29-41_CantonS_metben,8169.0,8175.0,1.0
2024.10.25_06-29-41_CantonS_metben,8178.0,8183.0,1.0
2024.10.25_06-29-41_CantonS_metben,8185.0,8190.0,1.0
2024.10.25_06-29-41_CantonS_metben,8192.0,8199.0,1.0
2024.10.25_06-29-41_CantonS_metben,8201.0,8207.0,1.0
2024.10.25_06-29-41_CantonS_metben,8209.0,8224.0,1.0
2024.10.25_06-29-41_CantonS_metben,8227.0,8234.0,1.0
2024.10.25_06-29-41_CantonS_metben,8236.0,8237.0,1.0
2024.10.25_06-29-41_CantonS_metben,8239.0,8245.0,1.0
2024.10.25_06-29-41_CantonS_metben,8247.0,8255.0,1.0
2024.10.25_06-29-41_CantonS_metben,8257.0,8262.0,1.0
2024.10.25_06-29-41_CantonS_metben,8264.0,8265.0,1.0
2024.10.25_06-29-41_CantonS_metben,8267.0,8267.0,1.0
2024.10.25_06-29-41_CantonS_metben,8269.0,8270.0,1.0
2024.10.25_06-29-41_CantonS_metben,8272.0,8273.0,1.0
2024.10.25_06-29-41_CantonS_metben,8275.0,8275.0,1.0
2024.10.25_06-29-41_CantonS_metben,8280.0,8304.0,1.0
2024.10.25_06-29-41_CantonS_metben,8306.0,8310.0,1.0
2024.10.25_06-29-41_CantonS_metben,8312.0,8338.0,1.0
2024.10.25_06-29-41_CantonS_metben,8340.0,8350.0,1.0
2024.10.25_06-29-41_CantonS_metben,8352.0,8357.0,1.0
2024.10.25_06-29-41_CantonS_metben,8359.0,8361.0,1.0
2024.10.25_06-29-41_CantonS_metben,8363.0,8363.0,1.0
2024.10.25_06-29-41_CantonS_metben,8365.0,8379.0,1.0
2024.10.25_06-29-41_CantonS_metben,8381.0,8384.0,1.0
2024.10.25_06-29-41_CantonS_metben,8386.0,8399.0,1.0
2024.10.25_06-29-41_CantonS_metben,8401.0,8401.0,1.0
2024.10.25_06-29-41_CantonS_metben,8403.0,8514.0,1.0
2024.10.25_06-29-41_CantonS_metben,8516.0,8579.0,1.0
2024.10.25_06-29-41_CantonS_metben,8581.0,8594.0,1.0
2024.10.25_06-29-41_CantonS_metben,8596.0,8598.0,1.0
2024.10.25_06-29-41_CantonS_metben,8600.0,8604.0,1.0
2024.10.25_06-29-41_CantonS_metben,8606.0,8618.0,1.0
2024.10.25_06-29-41_CantonS_metben,8620.0,8620.0,1.0
2024.10.25_06-29-41_CantonS_metben,8622.0,8624.0,1.0
2024.10.25_06-29-41_CantonS_metben,8626.0,8626.0,1.0
2024.10.25_06-29-41_CantonS_metben,8629.0,8629.0,1.0
2024.10.25_06-29-41_CantonS_metben,8634.0,8634.0,1.0
2024.10.25_06-29-41_CantonS_metben,8636.0,8636.0,1.0
2024.10.25_06-29-41_CantonS_metben,8638.0,8638.0,1.0
2024.10.25_06-29-41_CantonS_metben,8641.0,8641.0,1.0
2024.10.25_06-29-41_CantonS_metben,8644.0,8644.0,1.0
2024.10.25_06-29-41_CantonS_metben,8647.0,8647.0,1.0
2024.10.25_06-29-41_CantonS_metben,8649.0,8649.0,1.0
2024.10.25_06-29-41_CantonS_metben,8654.0,8654.0,1.0
2024.10.25_06-29-41_CantonS_metben,8668.0,8669.0,1.0
2024.10.25_06-29-41_CantonS_metben,8673.0,8674.0,1.0
2024.10.25_06-29-41_CantonS_metben,8676.0,8678.0,1.0
2024.10.25_06-29-41_CantonS_metben,8682.0,8682.0,1.0
2024.10.25_06-29-41_CantonS_metben,8685.0,8685.0,1.0
2024.10.25_06-29-41_CantonS_metben,8693.0,8693.0,1.0
2024.10.25_06-29-41_CantonS_metben,8695.0,8696.0,1.0
2024.10.25_06-29-41_CantonS_metben,8699.0,8699.0,1.0
2024.10.25_06-29-41_CantonS_metben,8701.0,8712.0,1.0
2024.10.25_06-29-41_CantonS_metben,8714.0,8715.0,1.0
2024.10.25_06-29-41_CantonS_metben,8717.0,8747.0,1.0
2024.10.25_06-29-41_CantonS_metben,8749.0,8824.0,1.0
2024.10.08_14-23-02_Sussex_metbut,3.0,2773.0,1.0
2024.10.08_14-23-02_Sussex_metbut,2775.0,2831.0,1.0
2024.10.08_14-23-02_Sussex_metbut,2836.0,2841.0,1.0
2024.10.08_14-23-02_Sussex_metbut,2843.0,2854.0,1.0
2024.10.08_14-23-02_Sussex_metbut,2856.0,2857.0,1.0
2024.10.29_04-36-53_Biarmipes84_metben,3.0,3091.0,1.0
2024.10.29_04-36-53_Biarmipes84_metben,3093.0,3136.0,1.0
2024.10.29_04-36-53_Biarmipes84_metben,3138.0,3225.0,1.0
2024.10.29_04-36-53_Biarmipes84_metben,3227.0,3254.0,1.0
2024.10.29_04-36-53_Biarmipes84_metben,3256.0,3273.0,1.0
2024.10.29_04-36-53_Biarmipes84_metben,3275.0,3295.0,1.0
2024.10.29_04-36-53_Biarmipes84_metben,3297.0,3301.0,1.0
2024.10.29_04-36-53_Biarmipes84_metben,5799.0,5846.0,1.0
2024.10.29_04-36-53_Biarmipes84_metben,5849.0,5868.0,1.0
2024.10.29_04-36-53_Biarmipes84_metben,5870.0,5871.0,1.0
2024.10.29_04-36-53_Biarmipes84_metben,5873.0,5874.0,1.0
2024.10.29_04-36-53_Biarmipes84_metben,5876.0,5906.0,1.0
2024.10.23_14-21-18_Biarmipes_g224_prenac,5981.0,5983.0,1.0
2024.10.23_14-21-18_Biarmipes_g224_prenac,5985.0,5986.0,1.0
2024.10.23_14-21-18_Biarmipes_g224_prenac,5989.0,6004.0,1.0
2024.10.23_14-21-18_Biarmipes_g224_prenac,6006.0,6007.0,1.0
2024.10.23_14-21-18_Biarmipes_g224_prenac,6009.0,6016.0,1.0
2024.10.23_14-21-18_Biarmipes_g224_prenac,6019.0,6027.0,1.0
2024.10.23_14-21-18_Biarmipes_g224_prenac,6029.0,6046.0,1.0
2024.10.23_14-21-18_Biarmipes_g224_prenac,6048.0,6074.0,1.0
2024.10.23_14-21-18_Biarmipes_g224_prenac,6076.0,6082.0,1.0
2024.10.23_14-21-18_Biarmipes_g224_prenac,6084.0,6095.0,1.0
2024.10.23_14-21-18_Biarmipes_g224_prenac,6097.0,6119.0,1.0
2024.10.23_14-21-18_Biarmipes_g224_prenac,6121.0,6134.0,1.0
2024.10.23_14-21-18_Biarmipes_g224_prenac,6136.0,6157.0,1.0
2024.10.23_14-21-18_Biarmipes_g224_prenac,6159.0,6194.0,1.0
2024.10.23_14-21-18_Biarmipes_g224_prenac,6196.0,6215.0,1.0
2024.10.23_14-21-18_Biarmipes_g224_prenac,6217.0,6239.0,1.0
2024.10.23_14-21-18_Biarmipes_g224_prenac,6241.0,6259.0,1.0
2024.10.23_14-21-18_Biarmipes_g224_prenac,6261.0,6330.0,1.0
2024.10.23_14-21-18_Biarmipes_g224_prenac,6332.0,6346.0,1.0
2024.10.23_14-21-18_Biarmipes_g224_prenac,6348.0,6348.0,1.0
2024.10.23_14-21-18_Biarmipes_g224_prenac,6368.0,6368.0,1.0
2024.10.23_14-21-18_Biarmipes_g224_prenac,6373.0,6373.0,1.0
2024.10.23_14-21-18_Biarmipes_g224_prenac,6385.0,6385.0,1.0
2024.10.23_14-21-18_Biarmipes_g224_prenac,6387.0,6387.0,1.0
2024.10.23_14-21-18_Biarmipes_g224_prenac,6390.0,6390.0,1.0
2024.10.23_14-21-18_Biarmipes_g224_prenac,6392.0,6396.0,1.0
2024.10.23_14-21-18_Biarmipes_g224_prenac,6398.0,6398.0,1.0
2024.10.23_14-21-18_Biarmipes_g224_prenac,6400.0,6400.0,1.0
2024.10.23_14-21-18_Biarmipes_g224_prenac,6402.0,6417.0,1.0
2024.10.23_14-21-18_Biarmipes_g224_prenac,6419.0,6420.0,1.0
2024.10.23_14-21-18_Biarmipes_g224_prenac,6422.0,6426.0,1.0
2024.10.23_14-21-18_Biarmipes_g224_prenac,6428.0,6453.0,1.0
2024.10.23_14-21-18_Biarmipes_g224_prenac,6456.0,6456.0,1.0
2024.10.23_14-21-18_Biarmipes_g224_prenac,6458.0,6458.0,1.0
2024.10.23_14-21-18_Biarmipes_g224_prenac,6460.0,6462.0,1.0
2024.10.23_14-21-18_Biarmipes_g224_prenac,6464.0,6478.0,1.0
2024.10.23_14-21-18_Biarmipes_g224_prenac,6481.0,6481.0,1.0
2024.10.23_14-21-18_Biarmipes_g224_prenac,6483.0,6489.0,1.0
2024.10.23_14-21-18_Biarmipes_g224_prenac,6492.0,6492.0,1.0
2024.10.23_14-21-18_Biarmipes_g224_prenac,6494.0,6512.0,1.0
2024.10.23_14-21-18_Biarmipes_g224_prenac,6514.0,6515.0,1.0
2024.10.23_14-21-18_Biarmipes_g224_prenac,6517.0,6518.0,1.0
2024.10.23_14-21-18_Biarmipes_g224_prenac,6520.0,6520.0,1.0
2024.10.23_14-21-18_Biarmipes_g224_prenac,6525.0,6527.0,1.0
2024.10.23_14-21-18_Biarmipes_g224_prenac,6531.0,6531.0,1.0
2024.10.23_14-21-18_Biarmipes_g224_prenac,6544.0,6545.0,1.0
2024.10.23_14-21-18_Biarmipes_g224_prenac,6547.0,6547.0,1.0
2024.10.23_14-21-18_Biarmipes_g224_prenac,6549.0,6549.0,1.0
2024.10.23_14-21-18_Biarmipes_g224_prenac,6551.0,6552.0,1.0
2024.10.23_14-21-18_Biarmipes_g224_prenac,6554.0,6554.0,1.0
2024.10.23_14-21-18_Biarmipes_g224_prenac,6558.0,6560.0,1.0
2024.10.23_14-21-18_Biarmipes_g224_prenac,6563.0,6566.0,1.0
2024.10.23_14-21-18_Biarmipes_g224_prenac,6568.0,6568.0,1.0
2024.10.23_14-21-18_Biarmipes_g224_prenac,6612.0,6612.0,1.0
2024.10.23_14-21-18_Biarmipes_g224_prenac,6615.0,6627.0,1.0
2024.10.23_14-21-18_Biarmipes_g224_prenac,6629.0,6629.0,1.0
2024.10.23_14-21-18_Biarmipes_g224_prenac,6631.0,6653.0,1.0
2024.10.23_14-21-18_Biarmipes_g224_prenac,6656.0,6656.0,1.0
2024.10.23_14-21-18_Biarmipes_g224_prenac,6659.0,6659.0,1.0
2024.10.23_14-21-18_Biarmipes_g224_prenac,6661.0,6705.0,1.0
2024.10.23_14-21-18_Biarmipes_g224_prenac,6708.0,6708.0,1.0
2024.10.23_14-21-18_Biarmipes_g224_prenac,6711.0,6711.0,1.0
2024.10.23_14-21-18_Biarmipes_g224_prenac,6713.0,6732.0,1.0
2024.10.23_14-21-18_Biarmipes_g224_prenac,6734.0,6737.0,1.0
2024.10.23_14-21-18_Biarmipes_g224_prenac,6739.0,6744.0,1.0
2024.10.23_14-21-18_Biarmipes_g224_prenac,6746.0,6746.0,1.0
2024.10.23_14-21-18_Biarmipes_g224_prenac,6750.0,6752.0,1.0
2024.10.23_14-21-18_Biarmipes_g224_prenac,6755.0,6755.0,1.0
2024.10.23_14-21-18_Biarmipes_g224_prenac,6774.0,6774.0,1.0
2024.10.23_14-21-18_Biarmipes_g224_prenac,6788.0,6788.0,1.0
2024.10.23_14-21-18_Biarmipes_g224_prenac,6790.0,6802.0,1.0
2024.10.23_14-21-18_Biarmipes_g224_prenac,6807.0,6808.0,1.0
2024.10.23_14-21-18_Biarmipes_g224_prenac,6811.0,6811.0,1.0
2024.10.23_14-21-18_Biarmipes_g224_prenac,6813.0,6813.0,1.0
2024.10.23_14-21-18_Biarmipes_g224_prenac,6815.0,6817.0,1.0
2024.10.23_14-21-18_Biarmipes_g224_prenac,6819.0,6819.0,1.0
2024.10.23_14-21-18_Biarmipes_g224_prenac,6821.0,6821.0,1.0
2024.10.23_14-21-18_Biarmipes_g224_prenac,6823.0,6824.0,1.0
2024.10.23_14-21-18_Biarmipes_g224_prenac,6826.0,6828.0,1.0
2024.10.23_14-21-18_Biarmipes_g224_prenac,6834.0,6834.0,1.0
2024.10.23_14-21-18_Biarmipes_g224_prenac,6836.0,6836.0,1.0
2024.10.23_14-21-18_Biarmipes_g224_prenac,6841.0,6841.0,1.0
2024.10.23_14-21-18_Biarmipes_g224_prenac,6843.0,6844.0,1.0
2024.10.23_14-21-18_Biarmipes_g224_prenac,6847.0,6849.0,1.0
2024.10.23_14-21-18_Biarmipes_g224_prenac,6851.0,6852.0,1.0
2024.10.23_14-21-18_Biarmipes_g224_prenac,6858.0,6860.0,1.0
2024.10.23_14-21-18_Biarmipes_g224_prenac,6862.0,6863.0,1.0
2024.10.23_14-21-18_Biarmipes_g224_prenac,6868.0,6869.0,1.0
2024.10.23_14-21-18_Biarmipes_g224_prenac,6873.0,6873.0,1.0
2024.10.23_14-21-18_Biarmipes_g224_prenac,6877.0,6879.0,1.0
2024.10.23_14-21-18_Biarmipes_g224_prenac,6881.0,6882.0,1.0
2024.10.23_14-21-18_Biarmipes_g224_prenac,6885.0,6899.0,1.0
2024.10.23_14-21-18_Biarmipes_g224_prenac,6901.0,6903.0,1.0
2024.10.23_14-21-18_Biarmipes_g224_prenac,6907.0,6908.0,1.0
2024.10.23_14-21-18_Biarmipes_g224_prenac,6910.0,7003.0,1.0
2024.10.23_14-21-18_Biarmipes_g224_prenac,7005.0,7008.0,1.0
2024.10.23_14-21-18_Biarmipes_g224_prenac,7010.0,7141.0,1.0
2024.10.23_14-21-18_Biarmipes_g224_prenac,7143.0,7187.0,1.0
2024.10.23_14-21-18_Biarmipes_g224_prenac,7189.0,7189.0,1.0
2024.10.23_14-21-18_Biarmipes_g224_prenac,7191.0,7194.0,1.0
2024.10.23_14-21-18_Biarmipes_g224_prenac,7197.0,7201.0,1.0
2024.10.23_14-21-18_Biarmipes_g224_prenac,7203.0,7213.0,1.0
2024.10.23_14-21-18_Biarmipes_g224_prenac,7215.0,7228.0,1.0
2024.10.23_14-21-18_Biarmipes_g224_prenac,7230.0,7241.0,1.0
2024.10.23_14-21-18_Biarmipes_g224_prenac,7243.0,7734.0,1.0
2024.10.23_14-21-18_Biarmipes_g224_prenac,7736.0,8921.0,1.0
2024.10.15_08-02-03_Biarmipes_G224_1hexanol,3.0,862.0,1.0
2024.10.15_08-02-03_Biarmipes_G224_1hexanol,864.0,1509.0,1.0
2024.10.15_08-02-03_Biarmipes_G224_1hexanol,1511.0,1523.0,1.0
2024.10.15_08-02-03_Biarmipes_G224_1hexanol,1525.0,1539.0,1.0
2024.10.15_08-02-03_Biarmipes_G224_1hexanol,1541.0,1547.0,1.0
2024.10.15_08-02-03_Biarmipes_G224_1hexanol,1549.0,1576.0,1.0
2024.10.15_08-02-03_Biarmipes_G224_1hexanol,1579.0,1633.0,1.0
2024.10.15_08-02-03_Biarmipes_G224_1hexanol,1635.0,3492.0,1.0
2024.10.15_08-02-03_Biarmipes_G224_1hexanol,3499.0,3563.0,1.0
2024.10.15_08-02-03_Biarmipes_G224_1hexanol,3565.0,3598.0,1.0
2024.10.15_08-02-03_Biarmipes_G224_1hexanol,3601.0,3642.0,1.0
2024.10.15_08-02-03_Biarmipes_G224_1hexanol,3645.0,3655.0,1.0
2024.10.15_08-02-03_Biarmipes_G224_1hexanol,3657.0,3658.0,1.0
2024.10.15_08-02-03_Biarmipes_G224_1hexanol,3660.0,3688.0,1.0
2024.10.15_08-02-03_Biarmipes_G224_1hexanol,3692.0,3708.0,1.0
2024.10.15_08-02-03_Biarmipes_G224_1hexanol,3712.0,3725.0,1.0
2024.10.15_08-02-03_Biarmipes_G224_1hexanol,3727.0,3727.0,1.0
2024.10.15_08-02-03_Biarmipes_G224_1hexanol,3729.0,3758.0,1.0
2024.10.15_08-02-03_Biarmipes_G224_1hexanol,4409.0,4425.0,1.0
2024.10.15_08-02-03_Biarmipes_G224_1hexanol,4427.0,4447.0,1.0
2024.10.15_08-02-03_Biarmipes_G224_1hexanol,4450.0,4451.0,1.0
2024.10.15_08-02-03_Biarmipes_G224_1hexanol,4456.0,4475.0,1.0
2024.10.15_08-02-03_Biarmipes_G224_1hexanol,4481.0,4481.0,1.0
2024.10.15_08-02-03_Biarmipes_G224_1hexanol,4484.0,4509.0,1.0
2024.10.15_08-02-03_Biarmipes_G224_1hexanol,4516.0,5698.0,1.0
2024.10.15_08-02-03_Biarmipes_G224_1hexanol,7723.0,7724.0,1.0
2024.10.15_08-02-03_Biarmipes_G224_1hexanol,7726.0,7773.0,1.0
2024.10.15_08-02-03_Biarmipes_G224_1hexanol,7775.0,8035.0,1.0
2024.10.15_08-02-03_Biarmipes_G224_1hexanol,8038.0,8055.0,1.0
2024.10.15_08-02-03_Biarmipes_G224_1hexanol,8061.0,8061.0,1.0
2024.10.15_08-02-03_Biarmipes_G224_1hexanol,8064.0,8082.0,1.0
2024.10.07_11-26-58_Biarmipes84_no_odor,3.0,51.0,1.0
2024.10.07_11-26-58_Biarmipes84_no_odor,53.0,414.0,1.0
2024.10.07_11-26-58_Biarmipes84_no_odor,416.0,428.0,1.0
2024.10.07_11-26-58_Biarmipes84_no_odor,430.0,431.0,1.0
2024.10.07_11-26-58_Biarmipes84_no_odor,435.0,438.0,1.0
2024.10.07_11-26-58_Biarmipes84_no_odor,440.0,445.0,1.0
2024.10.07_11-26-58_Biarmipes84_no_odor,447.0,455.0,1.0
2024.10.07_11-26-58_Biarmipes84_no_odor,458.0,461.0,1.0
2024.10.07_11-26-58_Biarmipes84_no_odor,463.0,463.0,1.0
2024.10.07_11-26-58_Biarmipes84_no_odor,465.0,469.0,1.0
2024.10.07_11-26-58_Biarmipes84_no_odor,471.0,496.0,1.0
2024.10.07_11-26-58_Biarmipes84_no_odor,498.0,505.0,1.0
2024.10.07_11-26-58_Biarmipes84_no_odor,508.0,535.0,1.0
2024.10.07_11-26-58_Biarmipes84_no_odor,537.0,537.0,1.0
2024.10.07_11-26-58_Biarmipes84_no_odor,541.0,547.0,1.0
2024.10.07_11-26-58_Biarmipes84_no_odor,549.0,703.0,1.0
2024.10.07_11-26-58_Biarmipes84_no_odor,705.0,718.0,1.0
2024.10.07_11-26-58_Biarmipes84_no_odor,720.0,725.0,1.0
2024.10.07_11-26-58_Biarmipes84_no_odor,727.0,731.0,1.0
2024.10.07_11-26-58_Biarmipes84_no_odor,733.0,744.0,1.0
2024.10.07_11-26-58_Biarmipes84_no_odor,746.0,746.0,1.0
2024.10.07_11-26-58_Biarmipes84_no_odor,748.0,756.0,1.0
2024.10.07_11-26-58_Biarmipes84_no_odor,758.0,791.0,1.0
2024.10.07_11-26-58_Biarmipes84_no_odor,797.0,3658.0,1.0
2024.10.07_11-26-58_Biarmipes84_no_odor,3660.0,3665.0,1.0
2024.10.07_11-26-58_Biarmipes84_no_odor,3667.0,5441.0,1.0
2024.10.07_11-26-58_Biarmipes84_no_odor,5443.0,5446.0,1.0
2024.10.07_11-26-58_Biarmipes84_no_odor,5448.0,5461.0,1.0
2024.10.07_11-26-58_Biarmipes84_no_odor,5463.0,5463.0,1.0
2024.10.07_11-26-58_Biarmipes84_no_odor,5466.0,5469.0,1.0
2024.10.07_11-26-58_Biarmipes84_no_odor,5471.0,5477.0,1.0
2024.10.07_11-26-58_Biarmipes84_no_odor,5479.0,5488.0,1.0
2024.10.07_11-26-58_Biarmipes84_no_odor,5490.0,5508.0,1.0
2024.10.07_11-26-58_Biarmipes84_no_odor,5510.0,5513.0,1.0
2024.10.07_11-26-58_Biarmipes84_no_odor,5515.0,5526.0,1.0
2024.10.07_11-26-58_Biarmipes84_no_odor,5528.0,5530.0,1.0
2024.10.07_11-26-58_Biarmipes84_no_odor,5532.0,5577.0,1.0
2024.10.07_11-26-58_Biarmipes84_no_odor,5579.0,5669.0,1.0
2024.10.07_11-26-58_Biarmipes84_no_odor,5671.0,5672.0,1.0
2024.10.07_11-26-58_Biarmipes84_no_odor,5674.0,5674.0,1.0
2024.10.07_11-26-58_Biarmipes84_no_odor,5676.0,5685.0,1.0
2024.10.07_11-26-58_Biarmipes84_no_odor,5687.0,5705.0,1.0
2024.10.07_11-26-58_Biarmipes84_no_odor,5707.0,5713.0,1.0
2024.10.07_11-26-58_Biarmipes84_no_odor,5715.0,5715.0,1.0
2024.10.07_11-26-58_Biarmipes84_no_odor,5717.0,5719.0,1.0
2024.10.07_11-26-58_Biarmipes84_no_odor,5736.0,5736.0,1.0
2024.10.07_11-26-58_Biarmipes84_no_odor,5744.0,5744.0,1.0
2024.10.07_11-26-58_Biarmipes84_no_odor,5752.0,5752.0,1.0
2024.10.07_11-26-58_Biarmipes84_no_odor,5761.0,5761.0,1.0
2024.10.07_11-26-58_Biarmipes84_no_odor,5777.0,5777.0,1.0
2024.10.07_11-26-58_Biarmipes84_no_odor,5779.0,5779.0,1.0
2024.10.07_11-26-58_Biarmipes84_no_odor,5782.0,5784.0,1.0
2024.10.07_11-26-58_Biarmipes84_no_odor,5791.0,5791.0,1.0
2024.10.07_11-26-58_Biarmipes84_no_odor,5796.0,5797.0,1.0
2024.10.07_11-26-58_Biarmipes84_no_odor,5803.0,5804.0,1.0
2024.10.07_11-26-58_Biarmipes84_no_odor,5813.0,5813.0,1.0
2024.10.07_11-26-58_Biarmipes84_no_odor,5820.0,5820.0,1.0
2024.10.07_11-26-58_Biarmipes84_no_odor,5822.0,5822.0,1.0
2024.10.07_11-26-58_Biarmipes84_no_odor,5826.0,5826.0,1.0
2024.10.07_11-26-58_Biarmipes84_no_odor,5840.0,5840.0,1.0
2024.10.07_11-26-58_Biarmipes84_no_odor,5844.0,5844.0,1.0
2024.10.07_11-26-58_Biarmipes84_no_odor,5846.0,5846.0,1.0
2024.10.07_11-26-58_Biarmipes84_no_odor,5850.0,5850.0,1.0
2024.10.07_11-26-58_Biarmipes84_no_odor,5877.0,5877.0,1.0
2024.10.07_11-26-58_Biarmipes84_no_odor,5879.0,5879.0,1.0
2024.10.07_11-26-58_Biarmipes84_no_odor,5882.0,5882.0,1.0
2024.10.07_11-26-58_Biarmipes84_no_odor,5884.0,5884.0,1.0
2024.10.07_11-26-58_Biarmipes84_no_odor,5888.0,5889.0,1.0
2024.10.07_11-26-58_Biarmipes84_no_odor,5891.0,5891.0,1.0
2024.10.07_11-26-58_Biarmipes84_no_odor,5897.0,5897.0,1.0
2024.10.07_11-26-58_Biarmipes84_no_odor,5900.0,5904.0,1.0
2024.10.07_11-26-58_Biarmipes84_no_odor,5906.0,5909.0,1.0
2024.10.07_11-26-58_Biarmipes84_no_odor,5911.0,5911.0,1.0
2024.10.07_11-26-58_Biarmipes84_no_odor,5913.0,5915.0,1.0
2024.10.07_11-26-58_Biarmipes84_no_odor,5917.0,5924.0,1.0
2024.10.07_11-26-58_Biarmipes84_no_odor,5927.0,5928.0,1.0
2024.10.07_11-26-58_Biarmipes84_no_odor,5932.0,5936.0,1.0
2024.10.07_11-26-58_Biarmipes84_no_odor,5940.0,5944.0,1.0
2024.10.07_11-26-58_Biarmipes84_no_odor,5946.0,5946.0,1.0
2024.10.07_11-26-58_Biarmipes84_no_odor,5948.0,5948.0,1.0
2024.10.07_11-26-58_Biarmipes84_no_odor,5950.0,5952.0,1.0
2024.10.07_11-26-58_Biarmipes84_no_odor,5955.0,5956.0,1.0
2024.10.07_11-26-58_Biarmipes84_no_odor,5958.0,5958.0,1.0
2024.10.07_11-26-58_Biarmipes84_no_odor,5963.0,5964.0,1.0
2024.10.07_11-26-58_Biarmipes84_no_odor,5968.0,5968.0,1.0
2024.10.07_11-26-58_Biarmipes84_no_odor,5971.0,5971.0,1.0
2024.10.07_11-26-58_Biarmipes84_no_odor,5974.0,5974.0,1.0
2024.10.07_11-26-58_Biarmipes84_no_odor,5978.0,5978.0,1.0
2024.10.07_11-26-58_Biarmipes84_no_odor,5980.0,5981.0,1.0
2024.10.07_11-26-58_Biarmipes84_no_odor,5983.0,5983.0,1.0
2024.10.07_11-26-58_Biarmipes84_no_odor,5985.0,5988.0,1.0
2024.10.07_11-26-58_Biarmipes84_no_odor,5991.0,5991.0,1.0
2024.10.07_11-26-58_Biarmipes84_no_odor,5993.0,5994.0,1.0
2024.10.07_11-26-58_Biarmipes84_no_odor,5996.0,5998.0,1.0
2024.10.07_11-26-58_Biarmipes84_no_odor,6000.0,6000.0,1.0
2024.10.07_11-26-58_Biarmipes84_no_odor,6004.0,6004.0,1.0
2024.10.07_11-26-58_Biarmipes84_no_odor,6006.0,6006.0,1.0
2024.10.07_11-26-58_Biarmipes84_no_odor,6008.0,6008.0,1.0
2024.10.07_11-26-58_Biarmipes84_no_odor,6010.0,6012.0,1.0
2024.10.07_11-26-58_Biarmipes84_no_odor,6015.0,6017.0,1.0
2024.10.07_11-26-58_Biarmipes84_no_odor,6020.0,6027.0,1.0
2024.10.07_11-26-58_Biarmipes84_no_odor,6029.0,6034.0,1.0
2024.10.07_11-26-58_Biarmipes84_no_odor,6036.0,6036.0,1.0
2024.10.07_11-26-58_Biarmipes84_no_odor,6040.0,6040.0,1.0
2024.10.07_11-26-58_Biarmipes84_no_odor,6042.0,6042.0,1.0
2024.10.07_11-26-58_Biarmipes84_no_odor,6044.0,6044.0,1.0
2024.10.07_11-26-58_Biarmipes84_no_odor,6046.0,6047.0,1.0
2024.10.07_11-26-58_Biarmipes84_no_odor,6049.0,6055.0,1.0
2024.10.07_11-26-58_Biarmipes84_no_odor,6057.0,6059.0,1.0
2024.10.07_11-26-58_Biarmipes84_no_odor,6061.0,6061.0,1.0
2024.10.07_11-26-58_Biarmipes84_no_odor,6063.0,6074.0,1.0
2024.10.07_11-26-58_Biarmipes84_no_odor,6076.0,6080.0,1.0
2024.10.07_11-26-58_Biarmipes84_no_odor,6082.0,6084.0,1.0
2024.10.07_11-26-58_Biarmipes84_no_odor,6088.0,6091.0,1.0
2024.10.07_11-26-58_Biarmipes84_no_odor,6093.0,6100.0,1.0
2024.10.07_11-26-58_Biarmipes84_no_odor,6102.0,6121.0,1.0
2024.10.07_11-26-58_Biarmipes84_no_odor,6123.0,6123.0,1.0
2024.10.07_11-26-58_Biarmipes84_no_odor,6126.0,6130.0,1.0
2024.10.07_11-26-58_Biarmipes84_no_odor,6132.0,6135.0,1.0
2024.10.07_11-26-58_Biarmipes84_no_odor,6137.0,6138.0,1.0
2024.10.07_11-26-58_Biarmipes84_no_odor,6140.0,6145.0,1.0
2024.10.07_11-26-58_Biarmipes84_no_odor,6147.0,6147.0,1.0
2024.10.07_11-26-58_Biarmipes84_no_odor,6149.0,6153.0,1.0
2024.10.07_11-26-58_Biarmipes84_no_odor,6155.0,6158.0,1.0
2024.10.07_11-26-58_Biarmipes84_no_odor,6160.0,6160.0,1.0
2024.10.07_11-26-58_Biarmipes84_no_odor,6162.0,6175.0,1.0
2024.10.07_11-26-58_Biarmipes84_no_odor,6177.0,6184.0,1.0
2024.10.07_11-26-58_Biarmipes84_no_odor,6186.0,6196.0,1.0
2024.10.07_11-26-58_Biarmipes84_no_odor,6199.0,6199.0,1.0
2024.10.07_11-26-58_Biarmipes84_no_odor,6201.0,6203.0,1.0
2024.10.07_11-26-58_Biarmipes84_no_odor,6205.0,6217.0,1.0
2024.10.07_11-26-58_Biarmipes84_no_odor,6219.0,6224.0,1.0
2024.10.07_11-26-58_Biarmipes84_no_odor,6227.0,6234.0,1.0
2024.10.07_11-26-58_Biarmipes84_no_odor,6236.0,6238.0,1.0
2024.10.07_11-26-58_Biarmipes84_no_odor,6240.0,6256.0,1.0
2024.10.07_11-26-58_Biarmipes84_no_odor,6258.0,6266.0,1.0
2024.10.07_11-26-58_Biarmipes84_no_odor,6268.0,6270.0,1.0
2024.10.07_11-26-58_Biarmipes84_no_odor,6272.0,6272.0,1.0
2024.10.07_11-26-58_Biarmipes84_no_odor,6274.0,6276.0,1.0
2024.10.07_11-26-58_Biarmipes84_no_odor,6280.0,6286.0,1.0
2024.10.07_11-26-58_Biarmipes84_no_odor,6288.0,6291.0,1.0
2024.10.07_11-26-58_Biarmipes84_no_odor,6293.0,6298.0,1.0
2024.10.07_11-26-58_Biarmipes84_no_odor,6300.0,6304.0,1.0
2024.10.07_11-26-58_Biarmipes84_no_odor,6306.0,6306.0,1.0
2024.10.07_11-26-58_Biarmipes84_no_odor,6308.0,6321.0,1.0
2024.10.07_11-26-58_Biarmipes84_no_odor,6324.0,6352.0,1.0
2024.10.07_11-26-58_Biarmipes84_no_odor,6354.0,6363.0,1.0
2024.10.07_11-26-58_Biarmipes84_no_odor,6365.0,6369.0,1.0
2024.10.07_11-26-58_Biarmipes84_no_odor,6371.0,6371.0,1.0
2024.10.07_11-26-58_Biarmipes84_no_odor,6373.0,6378.0,1.0
2024.10.07_11-26-58_Biarmipes84_no_odor,6381.0,6392.0,1.0
2024.10.07_11-26-58_Biarmipes84_no_odor,6395.0,6399.0,1.0
2024.10.07_11-26-58_Biarmipes84_no_odor,6401.0,6401.0,1.0
2024.10.07_11-26-58_Biarmipes84_no_odor,6403.0,6406.0,1.0
2024.10.07_11-26-58_Biarmipes84_no_odor,6408.0,6410.0,1.0
2024.10.07_11-26-58_Biarmipes84_no_odor,6412.0,6413.0,1.0
2024.10.07_11-26-58_Biarmipes84_no_odor,6415.0,6415.0,1.0
2024.10.07_11-26-58_Biarmipes84_no_odor,6417.0,6428.0,1.0
2024.10.07_11-26-58_Biarmipes84_no_odor,6431.0,6431.0,1.0
2024.10.07_11-26-58_Biarmipes84_no_odor,6433.0,6435.0,1.0
2024.10.07_11-26-58_Biarmipes84_no_odor,6438.0,6449.0,1.0
2024.10.07_11-26-58_Biarmipes84_no_odor,6451.0,6455.0,1.0
2024.10.07_11-26-58_Biarmipes84_no_odor,6457.0,6457.0,1.0
2024.10.07_11-26-58_Biarmipes84_no_odor,6459.0,6460.0,1.0
2024.10.07_11-26-58_Biarmipes84_no_odor,6462.0,6463.0,1.0
2024.10.07_11-26-58_Biarmipes84_no_odor,6467.0,6474.0,1.0
2024.10.07_11-26-58_Biarmipes84_no_odor,6477.0,6483.0,1.0
2024.10.07_11-26-58_Biarmipes84_no_odor,6485.0,6487.0,1.0
2024.10.07_11-26-58_Biarmipes84_no_odor,6491.0,6492.0,1.0
2024.10.07_11-26-58_Biarmipes84_no_odor,6494.0,6500.0,1.0
2024.10.07_11-26-58_Biarmipes84_no_odor,6502.0,6503.0,1.0
2024.10.07_11-26-58_Biarmipes84_no_odor,6505.0,6506.0,1.0
2024.10.07_11-26-58_Biarmipes84_no_odor,6508.0,6517.0,1.0
2024.10.07_11-26-58_Biarmipes84_no_odor,6519.0,6522.0,1.0
2024.10.07_11-26-58_Biarmipes84_no_odor,6524.0,6538.0,1.0
2024.10.07_11-26-58_Biarmipes84_no_odor,6540.0,6544.0,1.0
2024.10.07_11-26-58_Biarmipes84_no_odor,6546.0,6550.0,1.0
2024.10.07_11-26-58_Biarmipes84_no_odor,6554.0,6558.0,1.0
2024.10.07_11-26-58_Biarmipes84_no_odor,6560.0,6560.0,1.0
2024.10.07_11-26-58_Biarmipes84_no_odor,6562.0,6566.0,1.0
2024.10.07_11-26-58_Biarmipes84_no_odor,6569.0,6573.0,1.0
2024.10.07_11-26-58_Biarmipes84_no_odor,6576.0,6583.0,1.0
2024.10.07_11-26-58_Biarmipes84_no_odor,6585.0,6600.0,1.0
2024.10.07_11-26-58_Biarmipes84_no_odor,6605.0,6608.0,1.0
2024.10.07_11-26-58_Biarmipes84_no_odor,6611.0,6613.0,1.0
2024.10.07_11-26-58_Biarmipes84_no_odor,6615.0,6618.0,1.0
2024.10.07_11-26-58_Biarmipes84_no_odor,6620.0,6620.0,1.0
2024.10.07_11-26-58_Biarmipes84_no_odor,6622.0,6624.0,1.0
2024.10.07_11-26-58_Biarmipes84_no_odor,6626.0,6628.0,1.0
2024.10.07_11-26-58_Biarmipes84_no_odor,6631.0,6633.0,1.0
2024.10.07_11-26-58_Biarmipes84_no_odor,6635.0,6642.0,1.0
2024.10.07_11-26-58_Biarmipes84_no_odor,6644.0,6655.0,1.0
2024.10.07_11-26-58_Biarmipes84_no_odor,6658.0,6658.0,1.0
2024.10.07_11-26-58_Biarmipes84_no_odor,6662.0,6675.0,1.0
2024.10.07_11-26-58_Biarmipes84_no_odor,6677.0,6686.0,1.0
2024.10.07_11-26-58_Biarmipes84_no_odor,6688.0,6697.0,1.0
2024.10.07_11-26-58_Biarmipes84_no_odor,6699.0,6703.0,1.0
2024.10.07_11-26-58_Biarmipes84_no_odor,6706.0,6707.0,1.0
2024.10.07_11-26-58_Biarmipes84_no_odor,6709.0,6714.0,1.0
2024.10.07_11-26-58_Biarmipes84_no_odor,6716.0,6719.0,1.0
2024.10.07_11-26-58_Biarmipes84_no_odor,6721.0,6723.0,1.0
2024.10.07_11-26-58_Biarmipes84_no_odor,6725.0,6735.0,1.0
2024.10.07_11-26-58_Biarmipes84_no_odor,6737.0,6741.0,1.0
2024.10.07_11-26-58_Biarmipes84_no_odor,6743.0,6743.0,1.0
2024.10.07_11-26-58_Biarmipes84_no_odor,6745.0,6746.0,1.0
2024.10.07_11-26-58_Biarmipes84_no_odor,6748.0,6755.0,1.0
2024.10.07_11-26-58_Biarmipes84_no_odor,6757.0,6766.0,1.0
2024.10.07_11-26-58_Biarmipes84_no_odor,6768.0,6775.0,1.0
2024.10.07_11-26-58_Biarmipes84_no_odor,6777.0,6784.0,1.0
2024.10.07_11-26-58_Biarmipes84_no_odor,6787.0,6790.0,1.0
2024.10.07_11-26-58_Biarmipes84_no_odor,6792.0,6797.0,1.0
2024.10.07_11-26-58_Biarmipes84_no_odor,6799.0,6818.0,1.0
2024.10.07_11-26-58_Biarmipes84_no_odor,6820.0,6829.0,1.0
2024.10.07_11-26-58_Biarmipes84_no_odor,6831.0,6833.0,1.0
2024.10.07_11-26-58_Biarmipes84_no_odor,6838.0,6848.0,1.0
2024.10.07_11-26-58_Biarmipes84_no_odor,6850.0,6863.0,1.0
2024.10.07_11-26-58_Biarmipes84_no_odor,6865.0,6872.0,1.0
2024.10.07_11-26-58_Biarmipes84_no_odor,6874.0,6891.0,1.0
2024.10.07_11-26-58_Biarmipes84_no_odor,6893.0,6899.0,1.0
2024.10.07_11-26-58_Biarmipes84_no_odor,6901.0,6901.0,1.0
2024.10.07_11-26-58_Biarmipes84_no_odor,6903.0,6903.0,1.0
2024.10.07_11-26-58_Biarmipes84_no_odor,6905.0,6907.0,1.0
2024.10.07_11-26-58_Biarmipes84_no_odor,6910.0,6913.0,1.0
2024.10.07_11-26-58_Biarmipes84_no_odor,6915.0,6920.0,1.0
2024.10.07_11-26-58_Biarmipes84_no_odor,6922.0,6922.0,1.0
2024.10.07_11-26-58_Biarmipes84_no_odor,6924.0,6925.0,1.0
2024.10.07_11-26-58_Biarmipes84_no_odor,6927.0,6935.0,1.0
2024.10.07_11-26-58_Biarmipes84_no_odor,6937.0,6944.0,1.0
2024.10.07_11-26-58_Biarmipes84_no_odor,6947.0,6948.0,1.0
2024.10.07_11-26-58_Biarmipes84_no_odor,6951.0,6958.0,1.0
2024.10.07_11-26-58_Biarmipes84_no_odor,6960.0,6960.0,1.0
2024.10.07_11-26-58_Biarmipes84_no_odor,6962.0,6973.0,1.0
2024.10.07_11-26-58_Biarmipes84_no_odor,6975.0,6985.0,1.0
2024.10.07_11-26-58_Biarmipes84_no_odor,6987.0,6989.0,1.0
2024.10.07_11-26-58_Biarmipes84_no_odor,6991.0,6993.0,1.0
2024.10.07_11-26-58_Biarmipes84_no_odor,6995.0,6996.0,1.0
2024.10.07_11-26-58_Biarmipes84_no_odor,6998.0,6998.0,1.0
2024.10.07_11-26-58_Biarmipes84_no_odor,7000.0,7004.0,1.0
2024.10.07_11-26-58_Biarmipes84_no_odor,7007.0,7017.0,1.0
2024.10.07_11-26-58_Biarmipes84_no_odor,7020.0,7022.0,1.0
2024.10.07_11-26-58_Biarmipes84_no_odor,7024.0,7024.0,1.0
2024.10.07_11-26-58_Biarmipes84_no_odor,7026.0,7028.0,1.0
2024.10.07_11-26-58_Biarmipes84_no_odor,7030.0,7034.0,1.0
2024.10.07_11-26-58_Biarmipes84_no_odor,7036.0,7036.0,1.0
2024.10.07_11-26-58_Biarmipes84_no_odor,7038.0,7040.0,1.0
2024.10.07_11-26-58_Biarmipes84_no_odor,7042.0,7045.0,1.0
2024.10.07_11-26-58_Biarmipes84_no_odor,7047.0,7075.0,1.0
2024.10.07_11-26-58_Biarmipes84_no_odor,7077.0,7080.0,1.0
2024.10.07_11-26-58_Biarmipes84_no_odor,7082.0,7088.0,1.0
2024.10.07_11-26-58_Biarmipes84_no_odor,7090.0,7099.0,1.0
2024.10.07_11-26-58_Biarmipes84_no_odor,7101.0,7104.0,1.0
2024.10.07_11-26-58_Biarmipes84_no_odor,7106.0,7110.0,1.0
2024.10.07_11-26-58_Biarmipes84_no_odor,7112.0,7120.0,1.0
2024.10.07_11-26-58_Biarmipes84_no_odor,7123.0,7126.0,1.0
2024.10.07_11-26-58_Biarmipes84_no_odor,7128.0,7130.0,1.0
2024.10.07_11-26-58_Biarmipes84_no_odor,7132.0,7139.0,1.0
2024.10.07_11-26-58_Biarmipes84_no_odor,7141.0,7142.0,1.0
2024.10.07_11-26-58_Biarmipes84_no_odor,7144.0,7146.0,1.0
2024.10.07_11-26-58_Biarmipes84_no_odor,7148.0,7152.0,1.0
2024.10.07_11-26-58_Biarmipes84_no_odor,7159.0,7160.0,1.0
2024.10.07_11-26-58_Biarmipes84_no_odor,7163.0,7179.0,1.0
2024.10.07_11-26-58_Biarmipes84_no_odor,7181.0,7184.0,1.0
2024.10.07_11-26-58_Biarmipes84_no_odor,7186.0,7189.0,1.0
2024.10.07_11-26-58_Biarmipes84_no_odor,7191.0,7200.0,1.0
2024.10.07_11-26-58_Biarmipes84_no_odor,7202.0,7202.0,1.0
2024.10.07_11-26-58_Biarmipes84_no_odor,7204.0,7209.0,1.0
2024.10.07_11-26-58_Biarmipes84_no_odor,7211.0,7211.0,1.0
2024.10.07_11-26-58_Biarmipes84_no_odor,7215.0,7220.0,1.0
2024.10.07_11-26-58_Biarmipes84_no_odor,7222.0,7222.0,1.0
2024.10.07_11-26-58_Biarmipes84_no_odor,7224.0,7229.0,1.0
2024.10.07_11-26-58_Biarmipes84_no_odor,7231.0,7235.0,1.0
2024.10.07_11-26-58_Biarmipes84_no_odor,7237.0,7241.0,1.0
2024.10.07_11-26-58_Biarmipes84_no_odor,7244.0,7257.0,1.0
2024.10.07_11-26-58_Biarmipes84_no_odor,7259.0,7269.0,1.0
2024.10.07_11-26-58_Biarmipes84_no_odor,7271.0,7292.0,1.0
2024.10.07_11-26-58_Biarmipes84_no_odor,7294.0,7300.0,1.0
2024.10.07_11-26-58_Biarmipes84_no_odor,7302.0,7303.0,1.0
2024.10.07_11-26-58_Biarmipes84_no_odor,7305.0,7307.0,1.0
2024.10.07_11-26-58_Biarmipes84_no_odor,7310.0,7317.0,1.0
2024.10.07_11-26-58_Biarmipes84_no_odor,7320.0,7322.0,1.0
2024.10.07_11-26-58_Biarmipes84_no_odor,7324.0,7327.0,1.0
2024.10.07_11-26-58_Biarmipes84_no_odor,7330.0,7330.0,1.0
2024.10.07_11-26-58_Biarmipes84_no_odor,7333.0,7336.0,1.0
2024.10.07_11-26-58_Biarmipes84_no_odor,7338.0,7339.0,1.0
2024.10.07_11-26-58_Biarmipes84_no_odor,7341.0,7342.0,1.0
2024.10.07_11-26-58_Biarmipes84_no_odor,7345.0,7376.0,1.0
2024.10.07_11-26-58_Biarmipes84_no_odor,7380.0,7386.0,1.0
2024.10.07_11-26-58_Biarmipes84_no_odor,7389.0,7395.0,1.0
2024.10.07_11-26-58_Biarmipes84_no_odor,7397.0,7402.0,1.0
2024.10.07_11-26-58_Biarmipes84_no_odor,7405.0,7429.0,1.0
2024.10.07_11-26-58_Biarmipes84_no_odor,7431.0,7433.0,1.0
2024.10.07_11-26-58_Biarmipes84_no_odor,7435.0,7438.0,1.0
2024.10.07_11-26-58_Biarmipes84_no_odor,7441.0,7458.0,1.0
2024.10.07_11-26-58_Biarmipes84_no_odor,7460.0,7465.0,1.0
2024.10.07_11-26-58_Biarmipes84_no_odor,7467.0,7479.0,1.0
2024.10.07_11-26-58_Biarmipes84_no_odor,7481.0,7492.0,1.0
2024.10.07_11-26-58_Biarmipes84_no_odor,7494.0,7494.0,1.0
2024.10.07_11-26-58_Biarmipes84_no_odor,7496.0,7497.0,1.0
2024.10.07_11-26-58_Biarmipes84_no_odor,7501.0,7518.0,1.0
2024.10.07_11-26-58_Biarmipes84_no_odor,7521.0,7538.0,1.0
2024.10.07_11-26-58_Biarmipes84_no_odor,7540.0,7545.0,1.0
2024.10.07_11-26-58_Biarmipes84_no_odor,7547.0,7547.0,1.0
2024.10.07_11-26-58_Biarmipes84_no_odor,7549.0,7552.0,1.0
2024.10.07_11-26-58_Biarmipes84_no_odor,7554.0,7558.0,1.0
2024.10.07_11-26-58_Biarmipes84_no_odor,7560.0,7567.0,1.0
2024.10.07_11-26-58_Biarmipes84_no_odor,7569.0,7571.0,1.0
2024.10.07_11-26-58_Biarmipes84_no_odor,7573.0,7583.0,1.0
2024.10.07_11-26-58_Biarmipes84_no_odor,7585.0,7585.0,1.0
2024.10.07_11-26-58_Biarmipes84_no_odor,7587.0,7588.0,1.0
2024.10.07_11-26-58_Biarmipes84_no_odor,7590.0,7590.0,1.0
2024.10.07_11-26-58_Biarmipes84_no_odor,7592.0,7592.0,1.0
2024.10.07_11-26-58_Biarmipes84_no_odor,7594.0,7595.0,1.0
2024.10.07_11-26-58_Biarmipes84_no_odor,7597.0,7598.0,1.0
2024.10.07_11-26-58_Biarmipes84_no_odor,7600.0,7607.0,1.0
2024.10.07_11-26-58_Biarmipes84_no_odor,7609.0,7610.0,1.0
2024.10.07_11-26-58_Biarmipes84_no_odor,7612.0,7613.0,1.0
2024.10.07_11-26-58_Biarmipes84_no_odor,7615.0,7615.0,1.0
2024.10.07_11-26-58_Biarmipes84_no_odor,7617.0,7622.0,1.0
2024.10.07_11-26-58_Biarmipes84_no_odor,7624.0,7626.0,1.0
2024.10.07_11-26-58_Biarmipes84_no_odor,7628.0,7637.0,1.0
2024.10.07_11-26-58_Biarmipes84_no_odor,7639.0,7643.0,1.0
2024.10.07_11-26-58_Biarmipes84_no_odor,7645.0,7645.0,1.0
2024.10.07_11-26-58_Biarmipes84_no_odor,7647.0,7648.0,1.0
2024.10.07_11-26-58_Biarmipes84_no_odor,7651.0,7665.0,1.0
2024.10.07_11-26-58_Biarmipes84_no_odor,7667.0,7672.0,1.0
2024.10.07_11-26-58_Biarmipes84_no_odor,7674.0,7675.0,1.0
2024.10.07_11-26-58_Biarmipes84_no_odor,7677.0,7677.0,1.0
2024.10.07_11-26-58_Biarmipes84_no_odor,7680.0,7681.0,1.0
2024.10.07_11-26-58_Biarmipes84_no_odor,7683.0,7683.0,1.0
2024.10.07_11-26-58_Biarmipes84_no_odor,7685.0,7690.0,1.0
2024.10.07_11-26-58_Biarmipes84_no_odor,7692.0,7704.0,1.0
2024.10.07_11-26-58_Biarmipes84_no_odor,7706.0,7712.0,1.0
2024.10.07_11-26-58_Biarmipes84_no_odor,7714.0,7716.0,1.0
2024.10.07_11-26-58_Biarmipes84_no_odor,7718.0,7719.0,1.0
2024.10.07_11-26-58_Biarmipes84_no_odor,7721.0,7731.0,1.0
2024.10.07_11-26-58_Biarmipes84_no_odor,7733.0,7737.0,1.0
2024.10.07_11-26-58_Biarmipes84_no_odor,7740.0,7744.0,1.0
2024.10.07_11-26-58_Biarmipes84_no_odor,7746.0,7748.0,1.0
2024.10.07_11-26-58_Biarmipes84_no_odor,7751.0,7755.0,1.0
2024.10.07_11-26-58_Biarmipes84_no_odor,7757.0,7759.0,1.0
2024.10.07_11-26-58_Biarmipes84_no_odor,7762.0,7770.0,1.0
2024.10.07_11-26-58_Biarmipes84_no_odor,7773.0,7780.0,1.0
2024.10.07_11-26-58_Biarmipes84_no_odor,7782.0,7785.0,1.0
2024.10.07_11-26-58_Biarmipes84_no_odor,7787.0,7793.0,1.0
2024.10.07_11-26-58_Biarmipes84_no_odor,7796.0,7805.0,1.0
2024.10.07_11-26-58_Biarmipes84_no_odor,7807.0,7808.0,1.0
2024.10.07_11-26-58_Biarmipes84_no_odor,7810.0,7827.0,1.0
2024.10.07_11-26-58_Biarmipes84_no_odor,7829.0,7839.0,1.0
2024.10.07_11-26-58_Biarmipes84_no_odor,7841.0,7846.0,1.0
2024.10.07_11-26-58_Biarmipes84_no_odor,7848.0,7852.0,1.0
2024.10.07_11-26-58_Biarmipes84_no_odor,7854.0,7857.0,1.0
2024.10.07_11-26-58_Biarmipes84_no_odor,7859.0,7868.0,1.0
2024.10.07_11-26-58_Biarmipes84_no_odor,7870.0,7870.0,1.0
2024.10.07_11-26-58_Biarmipes84_no_odor,7872.0,7872.0,1.0
2024.10.07_11-26-58_Biarmipes84_no_odor,7875.0,7875.0,1.0
2024.10.07_11-26-58_Biarmipes84_no_odor,7877.0,7889.0,1.0
2024.10.07_11-26-58_Biarmipes84_no_odor,7891.0,7892.0,1.0
2024.10.07_11-26-58_Biarmipes84_no_odor,7895.0,7910.0,1.0
2024.10.07_11-26-58_Biarmipes84_no_odor,7912.0,7913.0,1.0
2024.10.07_11-26-58_Biarmipes84_no_odor,7915.0,7921.0,1.0
2024.10.07_11-26-58_Biarmipes84_no_odor,7923.0,7923.0,1.0
2024.10.07_11-26-58_Biarmipes84_no_odor,7925.0,7929.0,1.0
2024.10.07_11-26-58_Biarmipes84_no_odor,7931.0,7931.0,1.0
2024.10.07_11-26-58_Biarmipes84_no_odor,7933.0,7939.0,1.0
2024.10.07_11-26-58_Biarmipes84_no_odor,7941.0,7947.0,1.0
2024.10.07_11-26-58_Biarmipes84_no_odor,7949.0,7964.0,1.0
2024.10.07_11-26-58_Biarmipes84_no_odor,7967.0,7973.0,1.0
2024.10.07_11-26-58_Biarmipes84_no_odor,7975.0,7975.0,1.0
2024.10.07_11-26-58_Biarmipes84_no_odor,7977.0,7984.0,1.0
2024.10.07_11-26-58_Biarmipes84_no_odor,7987.0,7994.0,1.0
2024.10.07_11-26-58_Biarmipes84_no_odor,7996.0,7999.0,1.0
2024.10.07_11-26-58_Biarmipes84_no_odor,8002.0,8004.0,1.0
2024.10.07_11-26-58_Biarmipes84_no_odor,8007.0,8008.0,1.0
2024.10.07_11-26-58_Biarmipes84_no_odor,8010.0,8010.0,1.0
2024.10.07_11-26-58_Biarmipes84_no_odor,8012.0,8012.0,1.0
2024.10.07_11-26-58_Biarmipes84_no_odor,8014.0,8030.0,1.0
2024.10.07_11-26-58_Biarmipes84_no_odor,8032.0,8033.0,1.0
2024.10.07_11-26-58_Biarmipes84_no_odor,8036.0,8037.0,1.0
2024.10.07_11-26-58_Biarmipes84_no_odor,8040.0,8048.0,1.0
2024.10.07_11-26-58_Biarmipes84_no_odor,8050.0,8078.0,1.0
2024.10.07_11-26-58_Biarmipes84_no_odor,8081.0,8083.0,1.0
2024.10.07_11-26-58_Biarmipes84_no_odor,8086.0,8098.0,1.0
2024.10.07_11-26-58_Biarmipes84_no_odor,8100.0,8103.0,1.0
2024.10.07_11-26-58_Biarmipes84_no_odor,8105.0,8106.0,1.0
2024.10.07_11-26-58_Biarmipes84_no_odor,8109.0,8113.0,1.0
2024.10.07_11-26-58_Biarmipes84_no_odor,8115.0,8122.0,1.0
2024.10.07_11-26-58_Biarmipes84_no_odor,8127.0,8130.0,1.0
2024.10.07_11-26-58_Biarmipes84_no_odor,8133.0,8134.0,1.0
2024.10.07_11-26-58_Biarmipes84_no_odor,8136.0,8141.0,1.0
2024.10.07_11-26-58_Biarmipes84_no_odor,8143.0,8149.0,1.0
2024.10.07_11-26-58_Biarmipes84_no_odor,8151.0,8157.0,1.0
2024.10.07_11-26-58_Biarmipes84_no_odor,8160.0,8169.0,1.0
2024.10.07_11-26-58_Biarmipes84_no_odor,8172.0,8181.0,1.0
2024.10.07_11-26-58_Biarmipes84_no_odor,8183.0,8186.0,1.0
2024.10.07_11-26-58_Biarmipes84_no_odor,8188.0,8207.0,1.0
2024.10.07_11-26-58_Biarmipes84_no_odor,8210.0,8213.0,1.0
2024.10.07_11-26-58_Biarmipes84_no_odor,8215.0,8221.0,1.0
2024.10.07_11-26-58_Biarmipes84_no_odor,8223.0,8223.0,1.0
2024.10.07_11-26-58_Biarmipes84_no_odor,8225.0,8232.0,1.0
2024.10.07_11-26-58_Biarmipes84_no_odor,8234.0,8253.0,1.0
2024.10.07_11-26-58_Biarmipes84_no_odor,8255.0,8259.0,1.0
2024.10.07_11-26-58_Biarmipes84_no_odor,8261.0,8261.0,1.0
2024.10.07_11-26-58_Biarmipes84_no_odor,8263.0,8265.0,1.0
2024.10.07_11-26-58_Biarmipes84_no_odor,8267.0,8274.0,1.0
2024.10.07_11-26-58_Biarmipes84_no_odor,8276.0,8278.0,1.0
2024.10.07_11-26-58_Biarmipes84_no_odor,8281.0,8282.0,1.0
2024.10.07_11-26-58_Biarmipes84_no_odor,8285.0,8297.0,1.0
2024.10.07_11-26-58_Biarmipes84_no_odor,8302.0,8305.0,1.0
2024.10.07_11-26-58_Biarmipes84_no_odor,8308.0,8312.0,1.0
2024.10.07_11-26-58_Biarmipes84_no_odor,8314.0,8316.0,1.0
2024.10.07_11-26-58_Biarmipes84_no_odor,8318.0,8319.0,1.0
2024.10.07_11-26-58_Biarmipes84_no_odor,8322.0,8324.0,1.0
2024.10.07_11-26-58_Biarmipes84_no_odor,8326.0,8331.0,1.0
2024.10.07_11-26-58_Biarmipes84_no_odor,8333.0,8337.0,1.0
2024.10.07_11-26-58_Biarmipes84_no_odor,8340.0,8348.0,1.0
2024.10.07_11-26-58_Biarmipes84_no_odor,8350.0,8351.0,1.0
2024.10.07_11-26-58_Biarmipes84_no_odor,8353.0,8357.0,1.0
2024.10.07_11-26-58_Biarmipes84_no_odor,8359.0,8360.0,1.0
2024.10.07_11-26-58_Biarmipes84_no_odor,8363.0,8373.0,1.0
2024.10.07_11-26-58_Biarmipes84_no_odor,8376.0,8377.0,1.0
2024.10.07_11-26-58_Biarmipes84_no_odor,8380.0,8382.0,1.0
2024.10.07_11-26-58_Biarmipes84_no_odor,8385.0,8385.0,1.0
2024.10.07_11-26-58_Biarmipes84_no_odor,8387.0,8390.0,1.0
2024.10.07_11-26-58_Biarmipes84_no_odor,8392.0,8403.0,1.0
2024.10.11_14-52-17_Yakuba_cameroon_2hexanol,629.0,909.0,1.0
2024.10.11_14-52-17_Yakuba_cameroon_2hexanol,913.0,914.0,1.0
2024.10.11_14-52-17_Yakuba_cameroon_2hexanol,918.0,944.0,1.0
2024.10.11_14-52-17_Yakuba_cameroon_2hexanol,946.0,946.0,1.0
2024.10.11_14-52-17_Yakuba_cameroon_2hexanol,948.0,954.0,1.0
2024.10.11_14-52-17_Yakuba_cameroon_2hexanol,963.0,1211.0,1.0
2024.10.11_14-52-17_Yakuba_cameroon_2hexanol,1218.0,1229.0,1.0
2024.10.11_14-52-17_Yakuba_cameroon_2hexanol,1231.0,1259.0,1.0
2024.10.11_14-52-17_Yakuba_cameroon_2hexanol,1261.0,1265.0,1.0
2024.10.30_09-40-02_Sussex_metben,6632.0,6759.0,1.0
2024.10.30_09-40-02_Sussex_metben,6761.0,6765.0,1.0
2024.10.30_09-40-02_Sussex_metben,6773.0,6773.0,1.0
2024.10.30_09-40-02_Sussex_metben,6775.0,6775.0,1.0
2024.10.30_09-40-02_Sussex_metben,6778.0,6778.0,1.0
2024.10.30_09-40-02_Sussex_metben,6780.0,6783.0,1.0
2024.10.30_09-40-02_Sussex_metben,6787.0,6788.0,1.0
2024.10.30_09-40-02_Sussex_metben,6793.0,6795.0,1.0
2024.10.30_09-40-02_Sussex_metben,6797.0,6797.0,1.0
2024.10.30_09-40-02_Sussex_metben,6799.0,6810.0,1.0
2024.10.30_09-40-02_Sussex_metben,6812.0,6816.0,1.0
2024.10.30_09-40-02_Sussex_metben,6818.0,6855.0,1.0
2024.10.30_09-40-02_Sussex_metben,6857.0,6960.0,1.0
2024.10.30_09-40-02_Sussex_metben,6962.0,7028.0,1.0
2024.10.30_09-40-02_Sussex_metben,7030.0,8999.0,1.0
2024.11.14_01-24-08_Biarmipes_G224_e2hex,3.0,788.0,1.0
2024.11.14_01-24-08_Biarmipes_G224_e2hex,790.0,871.0,1.0
2024.11.14_01-24-08_Biarmipes_G224_e2hex,875.0,875.0,1.0
2024.11.14_01-24-08_Biarmipes_G224_e2hex,877.0,878.0,1.0
2024.11.14_01-24-08_Biarmipes_G224_e2hex,880.0,881.0,1.0
2024.11.14_01-24-08_Biarmipes_G224_e2hex,887.0,887.0,1.0
2024.11.14_01-24-08_Biarmipes_G224_e2hex,890.0,1711.0,1.0
2024.11.14_01-24-08_Biarmipes_G224_e2hex,1714.0,1714.0,1.0
2024.11.14_01-24-08_Biarmipes_G224_e2hex,1716.0,1718.0,1.0
2024.11.14_01-24-08_Biarmipes_G224_e2hex,1721.0,1723.0,1.0
2024.11.14_01-24-08_Biarmipes_G224_e2hex,1725.0,2138.0,1.0
2024.11.14_01-24-08_Biarmipes_G224_e2hex,2140.0,2143.0,1.0
2024.11.14_01-24-08_Biarmipes_G224_e2hex,2145.0,2495.0,1.0
2024.11.14_01-24-08_Biarmipes_G224_e2hex,2497.0,2540.0,1.0
2024.11.14_01-24-08_Biarmipes_G224_e2hex,2542.0,2543.0,1.0
2024.11.14_01-24-08_Biarmipes_G224_e2hex,2566.0,3125.0,1.0
2024.11.14_01-24-08_Biarmipes_G224_e2hex,3128.0,3150.0,1.0
2024.11.14_01-24-08_Biarmipes_G224_e2hex,3159.0,3219.0,1.0
2024.11.14_01-24-08_Biarmipes_G224_e2hex,3232.0,3406.0,1.0
2024.11.14_01-24-08_Biarmipes_G224_e2hex,3408.0,3408.0,1.0
2024.11.14_01-24-08_Biarmipes_G224_e2hex,3410.0,3869.0,1.0
2024.11.14_01-24-08_Biarmipes_G224_e2hex,3871.0,3910.0,1.0
2024.11.14_01-24-08_Biarmipes_G224_e2hex,3912.0,3913.0,1.0
2024.10.31_01-54-42_Yakuba_cameroon_metben,3.0,5.0,1.0
2024.10.31_01-54-42_Yakuba_cameroon_metben,7.0,10.0,1.0
2024.10.31_01-54-42_Yakuba_cameroon_metben,12.0,1665.0,1.0
2024.10.31_01-54-42_Yakuba_cameroon_metben,1667.0,1872.0,1.0
2024.10.15_10-20-55_Sto_car_2hexanol,3.0,2990.0,1.0
2024.10.15_10-20-55_Sto_car_2hexanol,2992.0,3085.0,1.0
2024.10.15_10-20-55_Sto_car_2hexanol,3087.0,3111.0,1.0
2024.10.15_10-20-55_Sto_car_2hexanol,3113.0,3172.0,1.0
2024.10.15_10-20-55_Sto_car_2hexanol,3178.0,3198.0,1.0
2024.10.15_10-20-55_Sto_car_2hexanol,5901.0,5921.0,1.0
2024.10.15_10-20-55_Sto_car_2hexanol,5923.0,5942.0,1.0
2024.10.15_10-20-55_Sto_car_2hexanol,5944.0,5948.0,1.0
2024.10.15_10-20-55_Sto_car_2hexanol,5950.0,5950.0,1.0
2024.10.15_10-20-55_Sto_car_2hexanol,5956.0,5984.0,1.0
2024.10.15_10-20-55_Sto_car_2hexanol,5992.0,5992.0,1.0
2024.10.15_10-20-55_Sto_car_2hexanol,5994.0,5994.0,1.0
2024.12.11_19-25-30_Yakuba7_no_odor,3.0,2661.0,1.0
2024.12.11_19-25-30_Yakuba7_no_odor,2663.0,2663.0,1.0
2024.10.29_05-37-54_Yakuba7_metben,8211.0,8212.0,1.0
2024.10.29_05-37-54_Yakuba7_metben,8217.0,8218.0,1.0
2024.10.29_05-37-54_Yakuba7_metben,8220.0,8310.0,1.0
2024.10.29_05-37-54_Yakuba7_metben,8312.0,8313.0,1.0
2024.10.29_05-37-54_Yakuba7_metben,8346.0,8346.0,1.0
2024.10.29_05-37-54_Yakuba7_metben,8348.0,8999.0,1.0
2025.04.09_16-20-02_Sussex_metbut,3.0,1391.0,1.0
2025.04.09_16-20-02_Sussex_metbut,1393.0,1397.0,1.0
2025.04.09_16-20-02_Sussex_metbut,1399.0,1419.0,1.0
2025.04.09_16-20-02_Sussex_metbut,1421.0,1428.0,1.0
2025.04.09_16-20-02_Sussex_metbut,5938.0,5941.0,1.0
2025.04.09_16-20-02_Sussex_metbut,5943.0,6425.0,1.0
2025.04.09_16-20-02_Sussex_metbut,6430.0,8999.0,1.0
2024.09.24_15-33-43_Yakuba7_no_odor,1904.0,8999.0,1.0
2024.10.31_08-04-28_Biarmipes84_metben,3879.0,4307.0,1.0
2024.10.31_08-04-28_Biarmipes84_metben,4309.0,6823.0,1.0
2024.10.31_08-04-28_Biarmipes84_metben,6825.0,7207.0,1.0
2024.10.31_08-04-28_Biarmipes84_metben,7210.0,7230.0,1.0
2024.10.31_08-04-28_Biarmipes84_metben,7232.0,7232.0,1.0
2024.10.31_08-04-28_Biarmipes84_metben,7235.0,7266.0,1.0
2024.10.31_08-04-28_Biarmipes84_metben,7268.0,7268.0,1.0
2024.10.31_08-04-28_Biarmipes84_metben,7271.0,7696.0,1.0
