trial,start_frame,end_frame,is_swapped
2024.10.11_10-59-12_Biarmipes_G224_1hexanol,1633,1633,True
2024.10.11_10-59-12_Biarmipes_G224_1hexanol,1661,2692,True
2024.10.11_10-59-12_Biarmipes_G224_1hexanol,3543,3641,True
2024.10.11_10-59-12_Biarmipes_G224_1hexanol,3645,3661,True
2024.10.11_10-59-12_Biarmipes_G224_1hexanol,3685,3772,True
2024.10.11_10-59-12_Biarmipes_G224_1hexanol,3785,3809,True
2024.10.11_10-59-12_Biarmipes_G224_1hexanol,3835,4140,True
2024.10.11_10-59-12_Biarmipes_G224_1hexanol,4142,4438,True
2024.10.11_10-59-12_Biarmipes_G224_1hexanol,4440,4513,True
2024.10.11_10-59-12_Biarmipes_G224_1hexanol,4536,4660,True
2024.10.11_10-59-12_Biarmipes_G224_1hexanol,5493,5914,True
2024.10.11_10-59-12_Biarmipes_G224_1hexanol,5916,6157,True
2024.10.11_10-59-12_Biarmipes_G224_1hexanol,6248,6444,True
2024.10.11_10-59-12_Biarmipes_G224_1hexanol,6464,6471,True
2024.10.11_10-59-12_Biarmipes_G224_1hexanol,6476,6476,True
2024.10.11_10-59-12_Biarmipes_G224_1hexanol,6478,6492,True
2024.10.11_10-59-12_Biarmipes_G224_1hexanol,6749,6770,True
2024.10.11_10-59-12_Biarmipes_G224_1hexanol,7539,7968,True
2024.10.11_10-59-12_Biarmipes_G224_1hexanol,8404,8452,True
2024.10.11_10-59-12_Biarmipes_G224_1hexanol,8455,8858,True
2024.10.11_10-59-12_Biarmipes_G224_1hexanol,8860,8864,True
2024.10.11_10-59-12_Biarmipes_G224_1hexanol,8867,8867,True
2024.10.11_10-59-12_Biarmipes_G224_1hexanol,8869,8999,True
2024.10.14_14-19-06_Biarmipes84_1hexanol,1736,1736,True
2024.10.14_14-19-06_Biarmipes84_1hexanol,1758,1759,True
2024.10.14_14-19-06_Biarmipes84_1hexanol,1764,1764,True
2024.10.14_14-19-06_Biarmipes84_1hexanol,1768,1770,True
2024.10.14_14-19-06_Biarmipes84_1hexanol,1774,1774,True
2024.10.14_14-19-06_Biarmipes84_1hexanol,1779,1781,True
2024.10.14_14-19-06_Biarmipes84_1hexanol,1783,1783,True
2024.10.14_14-19-06_Biarmipes84_1hexanol,1785,1785,True
2024.10.14_14-19-06_Biarmipes84_1hexanol,1787,1789,True
2024.10.14_14-19-06_Biarmipes84_1hexanol,1791,1791,True
2024.10.14_14-19-06_Biarmipes84_1hexanol,1794,1794,True
2024.10.14_14-19-06_Biarmipes84_1hexanol,1797,1800,True
2024.10.14_14-19-06_Biarmipes84_1hexanol,1809,1809,True
2024.10.14_14-19-06_Biarmipes84_1hexanol,1811,1811,True
2024.10.14_14-19-06_Biarmipes84_1hexanol,1815,1817,True
2024.10.14_14-19-06_Biarmipes84_1hexanol,1820,1820,True
2024.10.14_14-19-06_Biarmipes84_1hexanol,1822,1825,True
2024.10.14_14-19-06_Biarmipes84_1hexanol,1828,1893,True
2024.10.14_14-19-06_Biarmipes84_1hexanol,1895,1895,True
2024.10.14_14-19-06_Biarmipes84_1hexanol,1897,1915,True
2024.10.14_14-19-06_Biarmipes84_1hexanol,1917,1919,True
2024.10.14_14-19-06_Biarmipes84_1hexanol,1922,1981,True
2024.10.14_14-19-06_Biarmipes84_1hexanol,1983,1984,True
2024.10.14_14-19-06_Biarmipes84_1hexanol,1986,1990,True
2024.10.14_14-19-06_Biarmipes84_1hexanol,1992,1992,True
2024.10.14_14-19-06_Biarmipes84_1hexanol,1994,2010,True
2024.10.14_14-19-06_Biarmipes84_1hexanol,2012,2015,True
2024.10.14_14-19-06_Biarmipes84_1hexanol,2018,2026,True
2024.10.14_14-19-06_Biarmipes84_1hexanol,2032,2032,True
2024.10.14_14-19-06_Biarmipes84_1hexanol,2034,2041,True
2024.10.14_14-19-06_Biarmipes84_1hexanol,2045,2053,True
2024.10.14_14-19-06_Biarmipes84_1hexanol,2055,2062,True
2024.10.14_14-19-06_Biarmipes84_1hexanol,2064,2065,True
2024.10.14_14-19-06_Biarmipes84_1hexanol,2067,2357,True
2024.10.14_14-19-06_Biarmipes84_1hexanol,2359,2361,True
2024.10.14_14-19-06_Biarmipes84_1hexanol,2363,2371,True
2024.10.14_14-19-06_Biarmipes84_1hexanol,2373,2379,True
2024.10.14_14-19-06_Biarmipes84_1hexanol,2381,2452,True
2024.10.14_14-19-06_Biarmipes84_1hexanol,2454,2457,True
2024.10.14_14-19-06_Biarmipes84_1hexanol,2459,2934,True
2024.10.14_14-19-06_Biarmipes84_1hexanol,2950,3049,True
2024.10.14_14-19-06_Biarmipes84_1hexanol,3932,3981,True
2024.10.14_14-19-06_Biarmipes84_1hexanol,4476,4487,True
2024.10.14_14-19-06_Biarmipes84_1hexanol,4557,4557,True
2024.10.14_14-19-06_Biarmipes84_1hexanol,4611,4611,True
2024.10.14_14-19-06_Biarmipes84_1hexanol,4613,4624,True
2024.10.14_14-19-06_Biarmipes84_1hexanol,4630,4721,True
2024.10.14_14-19-06_Biarmipes84_1hexanol,4805,4943,True
2024.10.14_14-19-06_Biarmipes84_1hexanol,5166,5411,True
2024.10.14_14-19-06_Biarmipes84_1hexanol,5540,6442,True
2024.10.14_14-19-06_Biarmipes84_1hexanol,6444,7462,True
2024.12.11_20-41-41_yakuba7_2hex,322,1138,True
2024.12.11_20-41-41_yakuba7_2hex,1140,1142,True
2024.12.11_20-41-41_yakuba7_2hex,1145,1173,True
2024.12.11_20-41-41_yakuba7_2hex,1175,1175,True
2024.12.11_20-41-41_yakuba7_2hex,1212,1266,True
2024.12.11_20-41-41_yakuba7_2hex,1282,1374,True
2024.12.11_20-41-41_yakuba7_2hex,1376,1379,True
2024.12.11_20-41-41_yakuba7_2hex,1381,1436,True
2024.12.11_20-41-41_yakuba7_2hex,1439,1542,True
2024.12.11_20-41-41_yakuba7_2hex,1546,1806,True
2024.12.11_20-41-41_yakuba7_2hex,1808,1809,True
2024.12.11_20-41-41_yakuba7_2hex,1812,1819,True
2024.12.11_20-41-41_yakuba7_2hex,1821,2257,True
2024.12.11_20-41-41_yakuba7_2hex,6059,6061,True
2024.12.11_20-41-41_yakuba7_2hex,6065,6067,True
2024.12.11_20-41-41_yakuba7_2hex,6071,6073,True
2024.12.11_20-41-41_yakuba7_2hex,6075,6077,True
2024.12.11_20-41-41_yakuba7_2hex,6152,6153,True
2024.12.11_20-41-41_yakuba7_2hex,6155,6156,True
2024.12.11_20-41-41_yakuba7_2hex,6158,6159,True
2024.12.11_20-41-41_yakuba7_2hex,6169,6169,True
2024.12.11_20-41-41_yakuba7_2hex,6197,6197,True
2024.12.11_20-41-41_yakuba7_2hex,6199,6200,True
2024.12.11_20-41-41_yakuba7_2hex,6204,6204,True
2024.12.11_20-41-41_yakuba7_2hex,6206,6206,True
2024.12.11_20-41-41_yakuba7_2hex,6210,6210,True
2024.12.11_20-41-41_yakuba7_2hex,6213,6213,True
2024.12.11_20-41-41_yakuba7_2hex,6216,6216,True
2024.12.11_20-41-41_yakuba7_2hex,6223,6225,True
2024.12.11_20-41-41_yakuba7_2hex,6227,6228,True
2024.12.11_20-41-41_yakuba7_2hex,6230,6230,True
2024.12.11_20-41-41_yakuba7_2hex,6232,6232,True
2024.12.11_20-41-41_yakuba7_2hex,6236,6236,True
2024.12.11_20-41-41_yakuba7_2hex,6240,6240,True
2024.12.11_20-41-41_yakuba7_2hex,6246,6249,True
2024.12.11_20-41-41_yakuba7_2hex,6257,6257,True
2024.12.11_20-41-41_yakuba7_2hex,6259,6259,True
2024.12.11_20-41-41_yakuba7_2hex,6266,6266,True
2024.12.11_20-41-41_yakuba7_2hex,6272,6272,True
2024.12.11_20-41-41_yakuba7_2hex,6275,6275,True
2024.12.11_20-41-41_yakuba7_2hex,6278,6278,True
2024.12.11_20-41-41_yakuba7_2hex,6280,6280,True
2024.12.11_20-41-41_yakuba7_2hex,6284,6284,True
2024.12.11_20-41-41_yakuba7_2hex,6290,6290,True
2024.12.11_20-41-41_yakuba7_2hex,6303,6303,True
2024.12.11_20-41-41_yakuba7_2hex,6305,6307,True
2024.12.11_20-41-41_yakuba7_2hex,6309,6309,True
2024.12.11_20-41-41_yakuba7_2hex,6312,6328,True
2024.12.11_20-41-41_yakuba7_2hex,6331,6331,True
2024.12.11_20-41-41_yakuba7_2hex,6333,6338,True
2024.12.11_20-41-41_yakuba7_2hex,6340,6345,True
2024.12.11_20-41-41_yakuba7_2hex,6347,6348,True
2024.12.11_20-41-41_yakuba7_2hex,6351,6352,True
2024.12.11_20-41-41_yakuba7_2hex,6355,6362,True
2024.12.11_20-41-41_yakuba7_2hex,6364,6367,True
2024.12.11_20-41-41_yakuba7_2hex,6369,6372,True
2024.12.11_20-41-41_yakuba7_2hex,6379,6379,True
2024.12.11_20-41-41_yakuba7_2hex,6389,6389,True
2024.12.11_20-41-41_yakuba7_2hex,6394,6394,True
2024.12.11_20-41-41_yakuba7_2hex,6399,6399,True
2024.12.11_20-41-41_yakuba7_2hex,6422,6422,True
2024.12.11_20-41-41_yakuba7_2hex,6464,6467,True
2024.12.11_20-41-41_yakuba7_2hex,6479,6480,True
2024.12.11_20-41-41_yakuba7_2hex,6491,6493,True
2024.12.11_20-41-41_yakuba7_2hex,6507,6508,True
2024.12.11_20-41-41_yakuba7_2hex,6510,6510,True
2024.12.11_20-41-41_yakuba7_2hex,6516,6519,True
2024.12.11_20-41-41_yakuba7_2hex,6525,6527,True
2024.12.11_20-41-41_yakuba7_2hex,6530,6531,True
2024.12.11_20-41-41_yakuba7_2hex,6533,6533,True
2024.12.11_20-41-41_yakuba7_2hex,6535,6535,True
2024.12.11_20-41-41_yakuba7_2hex,6555,6555,True
2024.12.11_20-41-41_yakuba7_2hex,6560,6560,True
2024.12.11_20-41-41_yakuba7_2hex,6565,6565,True
2024.12.11_20-41-41_yakuba7_2hex,6569,6569,True
2024.12.11_20-41-41_yakuba7_2hex,6580,6581,True
2024.12.11_20-41-41_yakuba7_2hex,6726,6726,True
2024.12.11_20-41-41_yakuba7_2hex,6750,6752,True
2024.12.11_20-41-41_yakuba7_2hex,6754,6755,True
2024.12.11_20-41-41_yakuba7_2hex,6757,6762,True
2024.12.11_20-41-41_yakuba7_2hex,6766,6766,True
2024.12.11_20-41-41_yakuba7_2hex,6769,6771,True
2024.12.11_20-41-41_yakuba7_2hex,6773,6774,True
2024.12.11_20-41-41_yakuba7_2hex,6776,6777,True
2024.12.11_20-41-41_yakuba7_2hex,6779,6789,True
2024.12.11_20-41-41_yakuba7_2hex,6791,6791,True
2024.12.11_20-41-41_yakuba7_2hex,6793,6793,True
2024.12.11_20-41-41_yakuba7_2hex,6795,6799,True
2024.12.11_20-41-41_yakuba7_2hex,6803,6804,True
2024.12.11_20-41-41_yakuba7_2hex,6807,6807,True
2024.12.11_20-41-41_yakuba7_2hex,6809,6811,True
2024.12.11_20-41-41_yakuba7_2hex,6813,6813,True
2024.12.11_20-41-41_yakuba7_2hex,6815,6817,True
2024.12.11_20-41-41_yakuba7_2hex,6822,6822,True
2024.12.11_20-41-41_yakuba7_2hex,6825,6825,True
2024.12.11_20-41-41_yakuba7_2hex,6828,6829,True
2024.12.11_20-41-41_yakuba7_2hex,6831,6831,True
2024.12.11_20-41-41_yakuba7_2hex,6843,6843,True
2024.12.11_20-41-41_yakuba7_2hex,6858,6858,True
2024.12.11_20-41-41_yakuba7_2hex,6861,6862,True
2024.12.11_20-41-41_yakuba7_2hex,6867,6867,True
2024.12.11_20-41-41_yakuba7_2hex,6871,6871,True
2024.12.11_20-41-41_yakuba7_2hex,6873,6873,True
2024.12.11_20-41-41_yakuba7_2hex,6880,6882,True
2024.12.11_20-41-41_yakuba7_2hex,6885,6885,True
2024.12.11_20-41-41_yakuba7_2hex,6890,6890,True
2024.12.11_20-41-41_yakuba7_2hex,6896,6896,True
2024.12.11_20-41-41_yakuba7_2hex,6901,6901,True
2024.12.11_20-41-41_yakuba7_2hex,6903,6904,True
2024.12.11_20-41-41_yakuba7_2hex,6914,6916,True
2024.12.11_20-41-41_yakuba7_2hex,6920,6922,True
2024.12.11_20-41-41_yakuba7_2hex,6924,6927,True
2024.12.11_20-41-41_yakuba7_2hex,6934,6936,True
2024.12.11_20-41-41_yakuba7_2hex,6939,7188,True
2024.12.11_20-41-41_yakuba7_2hex,7192,7199,True
2024.12.11_20-41-41_yakuba7_2hex,7201,7201,True
2024.12.11_20-41-41_yakuba7_2hex,7203,7206,True
2024.12.11_20-41-41_yakuba7_2hex,7212,7215,True
2024.12.11_20-41-41_yakuba7_2hex,7224,7225,True
2024.12.11_20-41-41_yakuba7_2hex,7227,7228,True
2024.12.11_20-41-41_yakuba7_2hex,7233,7234,True
2024.12.11_20-41-41_yakuba7_2hex,7236,7237,True
2024.12.11_20-41-41_yakuba7_2hex,7240,7240,True
2024.12.11_20-41-41_yakuba7_2hex,7242,7242,True
2024.12.11_20-41-41_yakuba7_2hex,7244,7246,True
2024.12.11_20-41-41_yakuba7_2hex,7248,7255,True
2024.12.11_20-41-41_yakuba7_2hex,7257,7260,True
2024.12.11_20-41-41_yakuba7_2hex,7262,7288,True
2024.12.11_20-41-41_yakuba7_2hex,7290,7319,True
2024.12.11_20-41-41_yakuba7_2hex,7322,7322,True
2024.12.11_20-41-41_yakuba7_2hex,7329,7331,True
2024.12.11_20-41-41_yakuba7_2hex,7336,7342,True
2024.12.11_20-41-41_yakuba7_2hex,7409,7430,True
2024.12.11_20-41-41_yakuba7_2hex,7453,7493,True
2024.12.11_20-41-41_yakuba7_2hex,7495,7496,True
2024.12.11_20-41-41_yakuba7_2hex,7501,7506,True
2024.12.11_20-41-41_yakuba7_2hex,7522,7527,True
2024.12.11_20-41-41_yakuba7_2hex,8188,8526,True
2024.12.11_20-41-41_yakuba7_2hex,8528,8528,True
2024.12.11_20-41-41_yakuba7_2hex,8530,8531,True
2024.12.11_20-41-41_yakuba7_2hex,8533,8553,True
2024.12.11_20-41-41_yakuba7_2hex,8555,8555,True
2024.12.11_20-41-41_yakuba7_2hex,8557,8567,True
2024.12.11_20-41-41_yakuba7_2hex,8569,8575,True
2024.12.11_20-41-41_yakuba7_2hex,8577,8578,True
2024.12.11_20-41-41_yakuba7_2hex,8580,8584,True
2024.12.11_20-41-41_yakuba7_2hex,8586,8602,True
2024.12.11_20-41-41_yakuba7_2hex,8605,8619,True
2024.12.11_20-41-41_yakuba7_2hex,8621,8621,True
2024.12.11_20-41-41_yakuba7_2hex,8624,8626,True
2024.12.11_20-41-41_yakuba7_2hex,8631,8631,True
2024.12.11_20-41-41_yakuba7_2hex,8633,8636,True
2024.12.11_20-41-41_yakuba7_2hex,8638,8642,True
2024.12.11_20-41-41_yakuba7_2hex,8644,8648,True
2024.12.11_20-41-41_yakuba7_2hex,8650,8661,True
2024.12.11_20-41-41_yakuba7_2hex,8663,8672,True
2024.12.11_20-41-41_yakuba7_2hex,8682,8688,True
2024.12.11_20-41-41_yakuba7_2hex,8691,8694,True
2024.12.11_20-41-41_yakuba7_2hex,8696,8698,True
2024.12.11_20-41-41_yakuba7_2hex,8701,8717,True
2024.12.11_20-41-41_yakuba7_2hex,8719,8729,True
2024.12.11_20-41-41_yakuba7_2hex,8731,8731,True
2024.12.11_20-41-41_yakuba7_2hex,8733,8748,True
2024.12.11_20-41-41_yakuba7_2hex,8750,8768,True
2024.12.11_20-41-41_yakuba7_2hex,8770,8774,True
2024.12.11_20-41-41_yakuba7_2hex,8777,8805,True
2024.12.11_20-41-41_yakuba7_2hex,8807,8809,True
2024.12.11_20-41-41_yakuba7_2hex,8812,8818,True
2024.12.11_20-41-41_yakuba7_2hex,8820,8834,True
2024.12.11_20-41-41_yakuba7_2hex,8836,8862,True
2024.12.11_20-41-41_yakuba7_2hex,8864,8873,True
2024.12.11_20-41-41_yakuba7_2hex,8876,8878,True
2024.12.11_20-41-41_yakuba7_2hex,8881,8883,True
2024.12.11_20-41-41_yakuba7_2hex,8885,8886,True
2024.12.11_20-41-41_yakuba7_2hex,8888,8890,True
2024.12.11_20-41-41_yakuba7_2hex,8892,8893,True
2024.12.11_20-41-41_yakuba7_2hex,8895,8897,True
2024.12.11_20-41-41_yakuba7_2hex,8900,8900,True
2024.12.11_20-41-41_yakuba7_2hex,8902,8903,True
2024.12.11_20-41-41_yakuba7_2hex,8910,8910,True
2024.12.11_20-41-41_yakuba7_2hex,8914,8915,True
2024.12.11_20-41-41_yakuba7_2hex,8917,8922,True
2024.12.11_20-41-41_yakuba7_2hex,8924,8926,True
2024.12.11_20-41-41_yakuba7_2hex,8928,8931,True
2024.12.11_20-41-41_yakuba7_2hex,8933,8933,True
2024.12.11_20-41-41_yakuba7_2hex,8936,8940,True
2024.12.11_20-41-41_yakuba7_2hex,8944,8948,True
2024.12.11_20-41-41_yakuba7_2hex,8950,8951,True
2024.12.11_20-41-41_yakuba7_2hex,8954,8957,True
2024.12.11_20-41-41_yakuba7_2hex,8959,8959,True
2024.12.11_20-41-41_yakuba7_2hex,8961,8965,True
2024.12.11_20-41-41_yakuba7_2hex,8967,8967,True
2024.12.11_20-41-41_yakuba7_2hex,8969,8970,True
2024.12.11_20-41-41_yakuba7_2hex,8972,8973,True
2024.12.11_20-41-41_yakuba7_2hex,8975,8981,True
2024.12.11_20-41-41_yakuba7_2hex,8983,8983,True
2024.10.17_09-19-40_Sto_car_prenac,3,237,True
2024.10.17_09-19-40_Sto_car_prenac,3464,3472,True
2024.10.17_09-19-40_Sto_car_prenac,3481,3486,True
2024.10.17_09-19-40_Sto_car_prenac,3488,3493,True
2024.10.17_09-19-40_Sto_car_prenac,3506,3506,True
2024.10.17_09-19-40_Sto_car_prenac,3514,3514,True
2024.10.17_09-19-40_Sto_car_prenac,3522,3524,True
2024.10.17_09-19-40_Sto_car_prenac,3531,3531,True
2024.10.17_09-19-40_Sto_car_prenac,3537,3538,True
2024.10.17_09-19-40_Sto_car_prenac,3541,3542,True
2024.10.17_09-19-40_Sto_car_prenac,3548,3548,True
2024.10.17_09-19-40_Sto_car_prenac,3553,3554,True
2024.10.17_09-19-40_Sto_car_prenac,3558,3558,True
2024.10.17_09-19-40_Sto_car_prenac,3574,3574,True
2024.10.17_09-19-40_Sto_car_prenac,3578,3578,True
2024.10.17_09-19-40_Sto_car_prenac,3587,3587,True
2024.10.17_09-19-40_Sto_car_prenac,3590,3591,True
2024.10.17_09-19-40_Sto_car_prenac,3595,3599,True
2024.10.17_09-19-40_Sto_car_prenac,3605,3607,True
2024.10.17_09-19-40_Sto_car_prenac,3609,3609,True
2024.10.17_09-19-40_Sto_car_prenac,3611,3613,True
2024.10.17_09-19-40_Sto_car_prenac,3615,3619,True
2024.10.17_09-19-40_Sto_car_prenac,3629,3630,True
2024.10.17_09-19-40_Sto_car_prenac,3638,3639,True
2024.10.17_09-19-40_Sto_car_prenac,3654,3663,True
2024.10.17_09-19-40_Sto_car_prenac,3690,3690,True
2024.10.17_09-19-40_Sto_car_prenac,3705,3705,True
2024.10.17_09-19-40_Sto_car_prenac,3720,3720,True
2024.10.17_09-19-40_Sto_car_prenac,3726,3726,True
2024.10.17_09-19-40_Sto_car_prenac,3728,3728,True
2024.10.17_09-19-40_Sto_car_prenac,3732,3739,True
2024.10.17_09-19-40_Sto_car_prenac,3783,3783,True
2024.10.17_09-19-40_Sto_car_prenac,3791,3791,True
2024.10.17_09-19-40_Sto_car_prenac,3793,3794,True
2024.10.17_09-19-40_Sto_car_prenac,3798,3799,True
2024.10.17_09-19-40_Sto_car_prenac,3804,3805,True
2024.10.17_09-19-40_Sto_car_prenac,3807,3811,True
2024.10.17_09-19-40_Sto_car_prenac,3814,3814,True
2024.10.17_09-19-40_Sto_car_prenac,3816,3816,True
2024.10.17_09-19-40_Sto_car_prenac,3818,3830,True
2024.10.17_09-19-40_Sto_car_prenac,3832,3842,True
2024.10.17_09-19-40_Sto_car_prenac,3933,3935,True
2024.10.17_09-19-40_Sto_car_prenac,3938,3940,True
2024.10.17_09-19-40_Sto_car_prenac,3942,3944,True
2024.10.17_09-19-40_Sto_car_prenac,3953,3958,True
2024.10.17_09-19-40_Sto_car_prenac,3960,3960,True
2024.10.17_09-19-40_Sto_car_prenac,3962,3962,True
2024.10.17_09-19-40_Sto_car_prenac,3964,3967,True
2024.10.17_09-19-40_Sto_car_prenac,3969,3969,True
2024.10.17_09-19-40_Sto_car_prenac,3973,3980,True
2024.10.17_09-19-40_Sto_car_prenac,3982,3983,True
2024.10.17_09-19-40_Sto_car_prenac,3985,3985,True
2024.10.17_09-19-40_Sto_car_prenac,3990,3994,True
2024.10.17_09-19-40_Sto_car_prenac,3996,3998,True
2024.10.17_09-19-40_Sto_car_prenac,4001,4002,True
2024.10.17_09-19-40_Sto_car_prenac,4006,4013,True
2024.10.17_09-19-40_Sto_car_prenac,4015,4017,True
2024.10.17_09-19-40_Sto_car_prenac,4055,4058,True
2024.10.17_09-19-40_Sto_car_prenac,4061,4072,True
2024.10.17_09-19-40_Sto_car_prenac,4081,4081,True
2024.10.17_09-19-40_Sto_car_prenac,4085,4087,True
2024.10.17_09-19-40_Sto_car_prenac,4089,4089,True
2024.10.17_09-19-40_Sto_car_prenac,4104,4104,True
2024.10.17_09-19-40_Sto_car_prenac,4111,4113,True
2024.10.17_09-19-40_Sto_car_prenac,4118,4141,True
2024.10.17_09-19-40_Sto_car_prenac,4147,4449,True
2024.10.17_09-19-40_Sto_car_prenac,4453,4463,True
2024.10.17_09-19-40_Sto_car_prenac,4465,4471,True
2024.10.17_09-19-40_Sto_car_prenac,4474,4474,True
2024.10.17_09-19-40_Sto_car_prenac,4476,4492,True
2024.10.17_09-19-40_Sto_car_prenac,4494,4502,True
2024.10.17_09-19-40_Sto_car_prenac,4504,4507,True
2024.10.17_09-19-40_Sto_car_prenac,4509,4511,True
2024.10.17_09-19-40_Sto_car_prenac,4513,4517,True
2024.10.17_09-19-40_Sto_car_prenac,4519,4524,True
2024.10.17_09-19-40_Sto_car_prenac,4526,4528,True
2024.10.17_09-19-40_Sto_car_prenac,4531,4539,True
2024.10.17_09-19-40_Sto_car_prenac,4541,8307,True
2024.12.18_16-13-27_CantonS_metben,1003,1739,True
2024.12.18_16-13-27_CantonS_metben,1742,1742,True
2024.12.18_16-13-27_CantonS_metben,1744,1860,True
2024.12.18_16-13-27_CantonS_metben,1862,3239,True
2024.12.18_16-13-27_CantonS_metben,3241,3675,True
2024.12.18_16-13-27_CantonS_metben,3677,3696,True
2024.12.18_16-13-27_CantonS_metben,3923,3934,True
2024.12.18_16-13-27_CantonS_metben,3937,3943,True
2024.12.18_16-13-27_CantonS_metben,3945,3952,True
2024.12.18_16-13-27_CantonS_metben,5516,6967,True
2024.12.18_16-13-27_CantonS_metben,8273,8999,True
2024.07.09_11-29-10_Riverside (E-2-Hex),3,974,True
2024.07.09_11-29-10_Riverside (E-2-Hex),997,1540,True
2024.07.09_11-29-10_Riverside (E-2-Hex),1550,1623,True
2024.07.09_11-29-10_Riverside (E-2-Hex),1631,1633,True
2024.07.09_11-29-10_Riverside (E-2-Hex),1635,1636,True
2024.07.09_11-29-10_Riverside (E-2-Hex),1640,1670,True
2024.07.09_11-29-10_Riverside (E-2-Hex),1684,2026,True
2024.07.09_11-29-10_Riverside (E-2-Hex),2032,2032,True
2024.07.09_11-29-10_Riverside (E-2-Hex),2034,2034,True
2024.07.09_11-29-10_Riverside (E-2-Hex),2061,2061,True
2024.07.09_11-29-10_Riverside (E-2-Hex),2267,2278,True
2024.07.09_11-29-10_Riverside (E-2-Hex),2306,2672,True
2024.07.09_11-29-10_Riverside (E-2-Hex),2686,2703,True
2024.07.09_11-29-10_Riverside (E-2-Hex),2717,3112,True
2024.07.09_11-29-10_Riverside (E-2-Hex),3874,3874,True
2024.07.09_11-29-10_Riverside (E-2-Hex),4391,5481,True
2024.07.09_11-29-10_Riverside (E-2-Hex),6322,6336,True
2024.07.09_11-29-10_Riverside (E-2-Hex),6684,6704,True
2024.07.09_11-29-10_Riverside (E-2-Hex),6715,6734,True
2024.07.09_11-29-10_Riverside (E-2-Hex),6795,6795,True
2024.07.09_11-29-10_Riverside (E-2-Hex),7011,7013,True
2024.07.09_11-29-10_Riverside (E-2-Hex),7720,7807,True
2024.07.09_11-29-10_Riverside (E-2-Hex),7820,7820,True
2024.07.09_11-29-10_Riverside (E-2-Hex),7824,7868,True
2024.07.09_11-29-10_Riverside (E-2-Hex),7889,7904,True
2024.07.09_11-29-10_Riverside (E-2-Hex),7907,7908,True
2024.07.09_11-29-10_Riverside (E-2-Hex),7911,7914,True
2024.07.09_11-29-10_Riverside (E-2-Hex),7917,7923,True
2024.07.09_11-29-10_Riverside (E-2-Hex),7933,7944,True
2024.07.09_11-29-10_Riverside (E-2-Hex),7975,8999,True
2024.07.09_12-22-40_Riverside (E-2-Hex),306,306,True
2024.07.09_12-22-40_Riverside (E-2-Hex),324,348,True
2024.07.09_12-22-40_Riverside (E-2-Hex),351,351,True
2024.07.09_12-22-40_Riverside (E-2-Hex),356,356,True
2024.07.09_12-22-40_Riverside (E-2-Hex),378,378,True
2024.07.09_12-22-40_Riverside (E-2-Hex),382,382,True
2024.07.09_12-22-40_Riverside (E-2-Hex),423,423,True
2024.07.09_12-22-40_Riverside (E-2-Hex),465,465,True
2024.07.09_12-22-40_Riverside (E-2-Hex),470,470,True
2024.07.09_12-22-40_Riverside (E-2-Hex),482,482,True
2024.07.09_12-22-40_Riverside (E-2-Hex),513,513,True
2024.07.09_12-22-40_Riverside (E-2-Hex),522,522,True
2024.07.09_12-22-40_Riverside (E-2-Hex),535,535,True
2024.07.09_12-22-40_Riverside (E-2-Hex),547,547,True
2024.07.09_12-22-40_Riverside (E-2-Hex),563,563,True
2024.07.09_12-22-40_Riverside (E-2-Hex),574,574,True
2024.07.09_12-22-40_Riverside (E-2-Hex),743,1122,True
2024.07.09_12-22-40_Riverside (E-2-Hex),1124,1124,True
2024.07.09_12-22-40_Riverside (E-2-Hex),1189,1860,True
2024.07.09_12-22-40_Riverside (E-2-Hex),1973,2225,True
2024.07.09_12-22-40_Riverside (E-2-Hex),2303,2303,True
2024.07.09_12-22-40_Riverside (E-2-Hex),2828,2828,True
2024.07.09_12-22-40_Riverside (E-2-Hex),2863,2864,True
2024.07.09_12-22-40_Riverside (E-2-Hex),2884,2885,True
2024.07.09_12-22-40_Riverside (E-2-Hex),2890,2892,True
2024.07.09_12-22-40_Riverside (E-2-Hex),2894,2895,True
2024.07.09_12-22-40_Riverside (E-2-Hex),2898,2898,True
2024.07.09_12-22-40_Riverside (E-2-Hex),2954,2954,True
2024.07.09_12-22-40_Riverside (E-2-Hex),3149,3285,True
2024.07.09_12-22-40_Riverside (E-2-Hex),3289,3323,True
2024.07.09_12-22-40_Riverside (E-2-Hex),3331,3331,True
2024.07.09_12-22-40_Riverside (E-2-Hex),3335,3789,True
2024.07.09_12-22-40_Riverside (E-2-Hex),3976,3979,True
2024.07.09_12-22-40_Riverside (E-2-Hex),4019,4039,True
2024.07.09_12-22-40_Riverside (E-2-Hex),4478,4478,True
2024.07.09_12-22-40_Riverside (E-2-Hex),4536,4537,True
2024.07.09_12-22-40_Riverside (E-2-Hex),4937,4959,True
2024.07.09_12-22-40_Riverside (E-2-Hex),5021,6707,True
2024.07.09_12-22-40_Riverside (E-2-Hex),7027,7027,True
2024.07.09_12-22-40_Riverside (E-2-Hex),7029,7029,True
2024.07.09_12-22-40_Riverside (E-2-Hex),7031,7032,True
2024.07.09_12-22-40_Riverside (E-2-Hex),7034,7035,True
2024.07.09_12-22-40_Riverside (E-2-Hex),7040,7041,True
2024.07.09_12-22-40_Riverside (E-2-Hex),7043,7044,True
2024.07.09_12-22-40_Riverside (E-2-Hex),7125,7125,True
2024.07.09_12-22-40_Riverside (E-2-Hex),7128,7128,True
2024.07.09_12-22-40_Riverside (E-2-Hex),7141,7141,True
2024.07.09_12-22-40_Riverside (E-2-Hex),7146,7146,True
2024.07.09_12-22-40_Riverside (E-2-Hex),7149,7149,True
2024.07.09_12-22-40_Riverside (E-2-Hex),7151,7151,True
2024.07.09_12-22-40_Riverside (E-2-Hex),7154,7154,True
2024.07.09_12-22-40_Riverside (E-2-Hex),7156,7158,True
2024.07.09_12-22-40_Riverside (E-2-Hex),7161,7161,True
2024.07.09_12-22-40_Riverside (E-2-Hex),7163,7163,True
2024.07.09_12-22-40_Riverside (E-2-Hex),7166,7166,True
2024.07.09_12-22-40_Riverside (E-2-Hex),7169,7169,True
2024.07.09_12-22-40_Riverside (E-2-Hex),7171,7171,True
2024.07.09_12-22-40_Riverside (E-2-Hex),7188,7188,True
2024.07.09_12-22-40_Riverside (E-2-Hex),7191,7191,True
2024.07.09_12-22-40_Riverside (E-2-Hex),7202,7202,True
2024.07.09_12-22-40_Riverside (E-2-Hex),7204,7204,True
2024.07.09_12-22-40_Riverside (E-2-Hex),7206,7207,True
2024.07.09_12-22-40_Riverside (E-2-Hex),7578,7588,True
2024.07.09_12-22-40_Riverside (E-2-Hex),7640,7641,True
2024.07.09_12-22-40_Riverside (E-2-Hex),7757,7758,True
2024.07.09_12-22-40_Riverside (E-2-Hex),7760,7761,True
2024.07.09_12-22-40_Riverside (E-2-Hex),7764,7766,True
2024.07.09_12-22-40_Riverside (E-2-Hex),7768,7769,True
2024.07.09_12-22-40_Riverside (E-2-Hex),7892,7925,True
2024.07.09_12-22-40_Riverside (E-2-Hex),7957,7960,True
2024.07.09_12-22-40_Riverside (E-2-Hex),7978,7979,True
2024.07.09_12-22-40_Riverside (E-2-Hex),8002,8003,True
2024.07.09_12-22-40_Riverside (E-2-Hex),8005,8007,True
2024.07.09_12-22-40_Riverside (E-2-Hex),8028,8049,True
2024.07.09_12-22-40_Riverside (E-2-Hex),8051,8992,True
2024.11.13_04-15-52_Biarmipes84_e2hex,3,738,True
2024.11.13_04-15-52_Biarmipes84_e2hex,1402,1604,True
2024.11.13_04-15-52_Biarmipes84_e2hex,1606,2017,True
2024.11.13_04-15-52_Biarmipes84_e2hex,3048,3324,True
2024.11.13_04-15-52_Biarmipes84_e2hex,3327,3854,True
2024.11.13_04-15-52_Biarmipes84_e2hex,4676,5029,True
2024.11.13_04-15-52_Biarmipes84_e2hex,5031,5145,True
2024.11.13_04-15-52_Biarmipes84_e2hex,6409,7251,True
2024.11.13_04-15-52_Biarmipes84_e2hex,7808,7827,True
2024.11.13_04-15-52_Biarmipes84_e2hex,7857,8402,True
2024.11.01_08-55-26_sto_car_e2hex,1235,1451,True
2024.11.01_08-55-26_sto_car_e2hex,1453,1456,True
2024.11.01_08-55-26_sto_car_e2hex,1458,1459,True
2024.11.01_08-55-26_sto_car_e2hex,1462,1468,True
2024.11.01_08-55-26_sto_car_e2hex,2022,3059,True
2024.11.01_08-55-26_sto_car_e2hex,4429,4460,True
2024.11.01_08-55-26_sto_car_e2hex,4498,4503,True
2024.11.01_08-55-26_sto_car_e2hex,4506,4512,True
2024.11.01_08-55-26_sto_car_e2hex,4514,4514,True
2024.11.01_08-55-26_sto_car_e2hex,4516,4522,True
2024.11.01_08-55-26_sto_car_e2hex,4524,4524,True
2024.11.01_08-55-26_sto_car_e2hex,4526,4528,True
2024.11.01_08-55-26_sto_car_e2hex,4530,4537,True
2024.11.01_08-55-26_sto_car_e2hex,4539,4540,True
2024.11.01_08-55-26_sto_car_e2hex,4543,4551,True
2024.11.01_08-55-26_sto_car_e2hex,4553,4555,True
2024.11.01_08-55-26_sto_car_e2hex,4557,4557,True
2024.11.01_08-55-26_sto_car_e2hex,4559,4563,True
2024.11.01_08-55-26_sto_car_e2hex,4565,4573,True
2024.11.01_08-55-26_sto_car_e2hex,4575,4583,True
2024.11.01_08-55-26_sto_car_e2hex,4585,4585,True
2024.11.01_08-55-26_sto_car_e2hex,4587,4587,True
2024.11.01_08-55-26_sto_car_e2hex,4590,4595,True
2024.11.01_08-55-26_sto_car_e2hex,4597,4597,True
2024.11.01_08-55-26_sto_car_e2hex,4599,4604,True
2024.11.01_08-55-26_sto_car_e2hex,4607,4607,True
2024.11.01_08-55-26_sto_car_e2hex,4609,4610,True
2024.11.01_08-55-26_sto_car_e2hex,4612,4614,True
2024.11.01_08-55-26_sto_car_e2hex,4616,4616,True
2024.11.01_08-55-26_sto_car_e2hex,4618,4621,True
2024.11.01_08-55-26_sto_car_e2hex,4625,4626,True
2024.11.01_08-55-26_sto_car_e2hex,4628,4631,True
2024.11.01_08-55-26_sto_car_e2hex,4634,4683,True
2024.11.01_08-55-26_sto_car_e2hex,4685,4689,True
2024.11.01_08-55-26_sto_car_e2hex,4691,4691,True
2024.11.01_08-55-26_sto_car_e2hex,4693,4693,True
2024.11.01_08-55-26_sto_car_e2hex,4695,4703,True
2024.11.01_08-55-26_sto_car_e2hex,4707,4726,True
2024.11.01_08-55-26_sto_car_e2hex,4728,4740,True
2024.11.01_08-55-26_sto_car_e2hex,4742,4748,True
2024.11.01_08-55-26_sto_car_e2hex,4750,4751,True
2024.11.01_08-55-26_sto_car_e2hex,4754,4755,True
2024.11.01_08-55-26_sto_car_e2hex,4757,4758,True
2024.11.01_08-55-26_sto_car_e2hex,4766,4767,True
2024.11.01_08-55-26_sto_car_e2hex,4769,4769,True
2024.11.01_08-55-26_sto_car_e2hex,4775,4775,True
2024.11.01_08-55-26_sto_car_e2hex,4777,4779,True
2024.11.01_08-55-26_sto_car_e2hex,4781,4781,True
2024.11.01_08-55-26_sto_car_e2hex,4785,4796,True
2024.11.01_08-55-26_sto_car_e2hex,4798,4798,True
2024.11.01_08-55-26_sto_car_e2hex,4800,4800,True
2024.11.01_08-55-26_sto_car_e2hex,4802,4802,True
2024.11.01_08-55-26_sto_car_e2hex,4831,4831,True
2024.11.01_08-55-26_sto_car_e2hex,5238,5238,True
2024.11.01_08-55-26_sto_car_e2hex,5251,5252,True
2024.11.01_08-55-26_sto_car_e2hex,5278,5278,True
2024.11.01_08-55-26_sto_car_e2hex,5316,5320,True
2024.11.01_08-55-26_sto_car_e2hex,5399,5399,True
2024.11.01_08-55-26_sto_car_e2hex,5413,5413,True
2024.11.01_08-55-26_sto_car_e2hex,5422,5422,True
2024.11.01_08-55-26_sto_car_e2hex,5424,5430,True
2024.11.01_08-55-26_sto_car_e2hex,5436,5437,True
2024.11.01_08-55-26_sto_car_e2hex,5443,5444,True
2024.11.01_08-55-26_sto_car_e2hex,5449,5450,True
2024.11.01_08-55-26_sto_car_e2hex,5463,5463,True
2024.11.01_08-55-26_sto_car_e2hex,5468,5471,True
2024.11.01_08-55-26_sto_car_e2hex,5477,5477,True
2024.11.01_08-55-26_sto_car_e2hex,5480,5486,True
2024.11.01_08-55-26_sto_car_e2hex,5488,5488,True
2024.11.01_08-55-26_sto_car_e2hex,5493,5494,True
2024.11.01_08-55-26_sto_car_e2hex,5496,5496,True
2024.11.01_08-55-26_sto_car_e2hex,5498,5498,True
2024.11.01_08-55-26_sto_car_e2hex,5507,5509,True
2024.11.01_08-55-26_sto_car_e2hex,5512,5512,True
2024.11.01_08-55-26_sto_car_e2hex,5516,5516,True
2024.11.01_08-55-26_sto_car_e2hex,5545,5546,True
2024.11.01_08-55-26_sto_car_e2hex,5561,5561,True
2024.11.01_08-55-26_sto_car_e2hex,5565,5566,True
2024.11.01_08-55-26_sto_car_e2hex,5585,5587,True
2024.11.01_08-55-26_sto_car_e2hex,5616,5620,True
2024.11.01_08-55-26_sto_car_e2hex,5627,5627,True
2024.11.01_08-55-26_sto_car_e2hex,5629,5629,True
2024.11.01_08-55-26_sto_car_e2hex,5633,5637,True
2024.11.01_08-55-26_sto_car_e2hex,5685,5685,True
2024.11.01_08-55-26_sto_car_e2hex,5749,5749,True
2024.11.01_08-55-26_sto_car_e2hex,5751,5751,True
2024.11.01_08-55-26_sto_car_e2hex,5762,5814,True
2024.11.01_08-55-26_sto_car_e2hex,5819,5831,True
2024.11.01_08-55-26_sto_car_e2hex,5833,5845,True
2024.11.01_08-55-26_sto_car_e2hex,5847,5849,True
2024.11.01_08-55-26_sto_car_e2hex,5851,5851,True
2024.11.01_08-55-26_sto_car_e2hex,5853,5853,True
2024.11.01_08-55-26_sto_car_e2hex,5859,5859,True
2024.11.01_08-55-26_sto_car_e2hex,5904,5904,True
2024.11.01_08-55-26_sto_car_e2hex,5906,5906,True
2024.11.01_08-55-26_sto_car_e2hex,5913,5913,True
2024.11.01_08-55-26_sto_car_e2hex,5932,5932,True
2024.11.01_08-55-26_sto_car_e2hex,5934,5935,True
2024.11.01_08-55-26_sto_car_e2hex,5937,5939,True
2024.11.01_08-55-26_sto_car_e2hex,5954,5955,True
2024.11.01_08-55-26_sto_car_e2hex,5965,5965,True
2024.11.01_08-55-26_sto_car_e2hex,5979,5983,True
2024.11.01_08-55-26_sto_car_e2hex,5987,5987,True
2024.11.01_08-55-26_sto_car_e2hex,5989,5993,True
2024.11.01_08-55-26_sto_car_e2hex,5995,5997,True
2024.11.01_08-55-26_sto_car_e2hex,6005,6005,True
2024.11.01_08-55-26_sto_car_e2hex,6052,6062,True
2024.11.01_08-55-26_sto_car_e2hex,6070,6071,True
2024.11.01_08-55-26_sto_car_e2hex,6084,6096,True
2024.11.01_08-55-26_sto_car_e2hex,6101,6102,True
2024.11.01_08-55-26_sto_car_e2hex,6115,6116,True
2024.11.01_08-55-26_sto_car_e2hex,6120,6120,True
2024.11.01_08-55-26_sto_car_e2hex,6124,6154,True
2024.11.01_08-55-26_sto_car_e2hex,6159,6164,True
2024.11.01_08-55-26_sto_car_e2hex,6199,6202,True
2024.11.01_08-55-26_sto_car_e2hex,6205,6206,True
2024.11.01_08-55-26_sto_car_e2hex,6210,6210,True
2024.11.01_08-55-26_sto_car_e2hex,6249,6249,True
2024.11.01_08-55-26_sto_car_e2hex,6259,6259,True
2024.11.01_08-55-26_sto_car_e2hex,6298,6299,True
2024.11.01_08-55-26_sto_car_e2hex,6302,6306,True
2024.11.01_08-55-26_sto_car_e2hex,6313,6320,True
2024.11.01_08-55-26_sto_car_e2hex,6323,6331,True
2024.11.01_08-55-26_sto_car_e2hex,6333,6356,True
2024.11.01_08-55-26_sto_car_e2hex,6358,6360,True
2024.11.01_08-55-26_sto_car_e2hex,6362,6414,True
2024.11.01_08-55-26_sto_car_e2hex,6417,6429,True
2024.11.01_08-55-26_sto_car_e2hex,6431,6451,True
2024.11.01_08-55-26_sto_car_e2hex,6456,6458,True
2024.11.01_08-55-26_sto_car_e2hex,6460,6489,True
2024.11.01_08-55-26_sto_car_e2hex,6601,6601,True
2024.11.01_08-55-26_sto_car_e2hex,6608,6619,True
2024.11.01_08-55-26_sto_car_e2hex,6621,6623,True
2024.11.01_08-55-26_sto_car_e2hex,6625,6628,True
2024.11.01_08-55-26_sto_car_e2hex,6635,6635,True
2024.11.01_08-55-26_sto_car_e2hex,6668,6668,True
2024.11.01_08-55-26_sto_car_e2hex,6677,6678,True
2024.11.01_08-55-26_sto_car_e2hex,6690,6690,True
2024.11.01_08-55-26_sto_car_e2hex,6696,6696,True
2024.11.01_08-55-26_sto_car_e2hex,6708,6709,True
2024.11.01_08-55-26_sto_car_e2hex,6721,6721,True
2024.11.01_08-55-26_sto_car_e2hex,6734,6738,True
2024.11.01_08-55-26_sto_car_e2hex,6740,6740,True
2024.11.01_08-55-26_sto_car_e2hex,6746,6749,True
2024.11.01_08-55-26_sto_car_e2hex,6754,6755,True
2024.11.01_08-55-26_sto_car_e2hex,6765,6785,True
2024.11.01_08-55-26_sto_car_e2hex,6787,6791,True
2024.11.01_08-55-26_sto_car_e2hex,6793,6796,True
2024.11.01_08-55-26_sto_car_e2hex,6798,6804,True
2024.11.01_08-55-26_sto_car_e2hex,6807,6807,True
2024.11.01_08-55-26_sto_car_e2hex,6811,6811,True
2024.11.01_08-55-26_sto_car_e2hex,6815,6815,True
2024.11.01_08-55-26_sto_car_e2hex,6818,6819,True
2024.11.01_08-55-26_sto_car_e2hex,6829,6829,True
2024.11.01_08-55-26_sto_car_e2hex,6831,6832,True
2024.11.01_08-55-26_sto_car_e2hex,6834,6838,True
2024.11.01_08-55-26_sto_car_e2hex,6841,6842,True
2024.11.01_08-55-26_sto_car_e2hex,6847,6847,True
2024.11.01_08-55-26_sto_car_e2hex,6849,6849,True
2024.11.01_08-55-26_sto_car_e2hex,6864,6864,True
2024.11.01_08-55-26_sto_car_e2hex,6885,6885,True
2024.11.01_08-55-26_sto_car_e2hex,6888,6889,True
2024.11.01_08-55-26_sto_car_e2hex,6912,6957,True
2024.11.01_08-55-26_sto_car_e2hex,6970,6971,True
2024.11.01_08-55-26_sto_car_e2hex,6973,6974,True
2024.11.01_08-55-26_sto_car_e2hex,6993,6994,True
2024.11.01_08-55-26_sto_car_e2hex,6996,6999,True
2024.11.01_08-55-26_sto_car_e2hex,7001,7002,True
2024.11.01_08-55-26_sto_car_e2hex,7013,7017,True
2024.11.01_08-55-26_sto_car_e2hex,7027,7027,True
2024.11.01_08-55-26_sto_car_e2hex,7029,7029,True
2024.11.01_08-55-26_sto_car_e2hex,7033,7033,True
2024.11.01_08-55-26_sto_car_e2hex,7035,7035,True
2024.11.01_08-55-26_sto_car_e2hex,7045,7046,True
2024.11.01_08-55-26_sto_car_e2hex,7062,7062,True
2024.11.01_08-55-26_sto_car_e2hex,7065,7065,True
2024.11.01_08-55-26_sto_car_e2hex,7067,7070,True
2024.11.01_08-55-26_sto_car_e2hex,7073,7073,True
2024.11.01_08-55-26_sto_car_e2hex,7078,7078,True
2024.11.01_08-55-26_sto_car_e2hex,7080,7081,True
2024.11.01_08-55-26_sto_car_e2hex,7083,7083,True
2024.11.01_08-55-26_sto_car_e2hex,7085,7086,True
2024.11.01_08-55-26_sto_car_e2hex,7096,7096,True
2024.11.01_08-55-26_sto_car_e2hex,7098,7098,True
2024.11.01_08-55-26_sto_car_e2hex,7100,7101,True
2024.11.01_08-55-26_sto_car_e2hex,7115,7115,True
2024.11.01_08-55-26_sto_car_e2hex,7122,7124,True
2024.10.30_10-15-34_sussex_metben,3,275,True
2024.10.30_10-15-34_sussex_metben,1318,1409,True
2024.10.30_10-15-34_sussex_metben,2718,2960,True
2024.10.30_10-15-34_sussex_metben,3315,3609,True
2024.10.30_10-15-34_sussex_metben,4256,4463,True
2024.10.30_10-15-34_sussex_metben,6671,6672,True
2024.10.30_10-15-34_sussex_metben,6678,6682,True
2024.10.30_10-15-34_sussex_metben,6684,6695,True
2024.10.30_10-15-34_sussex_metben,6697,6764,True
2024.10.30_10-15-34_sussex_metben,6766,6861,True
2024.10.30_10-15-34_sussex_metben,6863,6882,True
2024.10.30_10-15-34_sussex_metben,6884,6890,True
2024.10.30_10-15-34_sussex_metben,6892,6893,True
2024.10.30_10-15-34_sussex_metben,6895,6900,True
2024.10.30_10-15-34_sussex_metben,6902,6902,True
2024.10.30_10-15-34_sussex_metben,6909,6909,True
2024.10.30_10-15-34_sussex_metben,6911,6912,True
2024.10.30_10-15-34_sussex_metben,6914,6917,True
2024.10.30_10-15-34_sussex_metben,6919,6920,True
2024.10.30_10-15-34_sussex_metben,6922,6922,True
2024.10.30_10-15-34_sussex_metben,6925,6926,True
2024.10.30_10-15-34_sussex_metben,6928,6928,True
2024.10.30_10-15-34_sussex_metben,6930,6930,True
2024.10.30_10-15-34_sussex_metben,6932,6932,True
2024.10.30_10-15-34_sussex_metben,6939,6940,True
2024.10.30_10-15-34_sussex_metben,6942,6942,True
2024.10.30_10-15-34_sussex_metben,6945,6945,True
2024.10.30_10-15-34_sussex_metben,6947,6950,True
2024.10.30_10-15-34_sussex_metben,6954,6954,True
2024.10.30_10-15-34_sussex_metben,6956,6956,True
2024.10.30_10-15-34_sussex_metben,6959,6959,True
2024.10.30_10-15-34_sussex_metben,6965,6968,True
2024.10.30_10-15-34_sussex_metben,6971,6979,True
2024.10.30_10-15-34_sussex_metben,6981,7015,True
2024.10.30_10-15-34_sussex_metben,7017,7019,True
2024.10.30_10-15-34_sussex_metben,7021,7040,True
2024.10.30_10-15-34_sussex_metben,7042,7045,True
2024.10.30_10-15-34_sussex_metben,7047,7055,True
2024.10.30_10-15-34_sussex_metben,7057,7201,True
2024.10.30_10-15-34_sussex_metben,7206,7207,True
2024.10.30_10-15-34_sussex_metben,7210,7211,True
2024.10.30_10-15-34_sussex_metben,7215,7221,True
2024.10.30_10-15-34_sussex_metben,7223,7223,True
2024.10.30_10-15-34_sussex_metben,7225,7226,True
2024.10.30_10-15-34_sussex_metben,7228,7229,True
2024.10.30_10-15-34_sussex_metben,7232,7233,True
2024.10.30_10-15-34_sussex_metben,7235,7235,True
2024.10.30_10-15-34_sussex_metben,7239,7242,True
2024.10.30_10-15-34_sussex_metben,7244,7245,True
2024.10.30_10-15-34_sussex_metben,7247,7249,True
2024.10.30_10-15-34_sussex_metben,7251,7252,True
2024.10.30_10-15-34_sussex_metben,7254,8041,True
2024.10.30_10-15-34_sussex_metben,8043,8051,True
2024.10.30_10-15-34_sussex_metben,8053,8067,True
2024.10.30_10-15-34_sussex_metben,8069,8080,True
2024.10.30_10-15-34_sussex_metben,8083,8117,True
2024.07.03_12-43-45_CantonS (no odor),3,523,True
2024.07.03_12-43-45_CantonS (no odor),2180,2180,True
2024.07.03_12-43-45_CantonS (no odor),2295,2295,True
2024.07.03_12-43-45_CantonS (no odor),2308,2308,True
2024.07.03_12-43-45_CantonS (no odor),2371,3605,True
2024.07.03_12-43-45_CantonS (no odor),3625,3625,True
2024.07.03_12-43-45_CantonS (no odor),3627,3627,True
2024.07.03_12-43-45_CantonS (no odor),3630,3632,True
2024.07.03_12-43-45_CantonS (no odor),3634,3634,True
2024.07.03_12-43-45_CantonS (no odor),3636,3636,True
2024.07.03_12-43-45_CantonS (no odor),3638,3641,True
2024.07.03_12-43-45_CantonS (no odor),4009,4009,True
2024.07.03_12-43-45_CantonS (no odor),4016,4016,True
2024.07.03_12-43-45_CantonS (no odor),4046,5437,True
2024.10.15_09-43-24_sto_car_2hexanol,1716,1717,True
2024.10.15_09-43-24_sto_car_2hexanol,1719,1723,True
2024.10.15_09-43-24_sto_car_2hexanol,1725,1726,True
2024.10.15_09-43-24_sto_car_2hexanol,1729,1729,True
2024.10.15_09-43-24_sto_car_2hexanol,1734,1734,True
2024.10.15_09-43-24_sto_car_2hexanol,1736,1736,True
2024.10.15_09-43-24_sto_car_2hexanol,1749,1750,True
2024.10.15_09-43-24_sto_car_2hexanol,1758,1759,True
2024.10.15_09-43-24_sto_car_2hexanol,1763,1763,True
2024.10.15_09-43-24_sto_car_2hexanol,1767,1768,True
2024.10.15_09-43-24_sto_car_2hexanol,1772,1773,True
2024.10.15_09-43-24_sto_car_2hexanol,1778,1780,True
2024.10.15_09-43-24_sto_car_2hexanol,1787,1788,True
2024.10.15_09-43-24_sto_car_2hexanol,1791,1791,True
2024.10.15_09-43-24_sto_car_2hexanol,1793,1797,True
2024.10.15_09-43-24_sto_car_2hexanol,1800,1803,True
2024.10.15_09-43-24_sto_car_2hexanol,1809,1809,True
2024.10.15_09-43-24_sto_car_2hexanol,1811,1812,True
2024.10.15_09-43-24_sto_car_2hexanol,1818,1818,True
2024.10.15_09-43-24_sto_car_2hexanol,1822,1824,True
2024.10.15_09-43-24_sto_car_2hexanol,1841,1841,True
2024.10.15_09-43-24_sto_car_2hexanol,1844,1845,True
2024.10.15_09-43-24_sto_car_2hexanol,1847,1847,True
2024.10.15_09-43-24_sto_car_2hexanol,1849,1849,True
2024.10.15_09-43-24_sto_car_2hexanol,1873,1876,True
2024.10.15_09-43-24_sto_car_2hexanol,1878,1879,True
2024.10.15_09-43-24_sto_car_2hexanol,1881,1883,True
2024.10.15_09-43-24_sto_car_2hexanol,1885,1885,True
2024.10.15_09-43-24_sto_car_2hexanol,1889,1890,True
2024.10.15_09-43-24_sto_car_2hexanol,1895,1897,True
2024.10.15_09-43-24_sto_car_2hexanol,1902,1908,True
2024.10.15_09-43-24_sto_car_2hexanol,1910,1913,True
2024.10.15_09-43-24_sto_car_2hexanol,1937,1940,True
2024.10.15_09-43-24_sto_car_2hexanol,1956,1956,True
2024.10.15_09-43-24_sto_car_2hexanol,1958,1964,True
2024.10.15_09-43-24_sto_car_2hexanol,1966,2019,True
2024.10.15_09-43-24_sto_car_2hexanol,2021,2022,True
2024.10.15_09-43-24_sto_car_2hexanol,2024,2037,True
2024.10.15_09-43-24_sto_car_2hexanol,2040,2044,True
2024.10.15_09-43-24_sto_car_2hexanol,2046,2046,True
2024.10.15_09-43-24_sto_car_2hexanol,2049,2049,True
2024.10.15_09-43-24_sto_car_2hexanol,2051,2057,True
2024.10.15_09-43-24_sto_car_2hexanol,2059,2064,True
2024.10.15_09-43-24_sto_car_2hexanol,2066,2072,True
2024.10.15_09-43-24_sto_car_2hexanol,2074,2179,True
2024.10.15_09-43-24_sto_car_2hexanol,2181,2206,True
2024.10.15_09-43-24_sto_car_2hexanol,2208,2222,True
2024.10.15_09-43-24_sto_car_2hexanol,2224,4941,True
2024.10.15_09-43-24_sto_car_2hexanol,6010,6740,True
2024.10.15_09-43-24_sto_car_2hexanol,6742,6772,True
2024.10.15_09-43-24_sto_car_2hexanol,6774,6941,True
2024.10.15_09-43-24_sto_car_2hexanol,6943,7016,True
2024.10.15_09-43-24_sto_car_2hexanol,7018,7127,True
2024.10.15_09-43-24_sto_car_2hexanol,7129,7165,True
2024.10.15_09-43-24_sto_car_2hexanol,7193,7225,True
2024.10.15_09-43-24_sto_car_2hexanol,7227,7347,True
2024.10.15_09-43-24_sto_car_2hexanol,7350,7391,True
2024.10.15_09-43-24_sto_car_2hexanol,7523,7529,True
2024.10.15_09-43-24_sto_car_2hexanol,7531,7531,True
2024.10.15_09-43-24_sto_car_2hexanol,7533,7546,True
2024.10.15_09-43-24_sto_car_2hexanol,7548,7605,True
2024.10.15_09-43-24_sto_car_2hexanol,7715,7753,True
2024.10.15_09-43-24_sto_car_2hexanol,7849,7878,True
2024.10.15_09-43-24_sto_car_2hexanol,7906,7906,True
2024.10.15_09-43-24_sto_car_2hexanol,7908,7910,True
2024.11.13_00-06-31_Sussex_e2hex,194,2876,True
2024.11.13_00-06-31_Sussex_e2hex,3594,3596,True
2024.11.13_00-06-31_Sussex_e2hex,3598,4439,True
2024.11.13_00-06-31_Sussex_e2hex,5047,5057,True
2024.11.13_00-06-31_Sussex_e2hex,5075,5085,True
2024.11.13_00-06-31_Sussex_e2hex,5088,5088,True
2024.11.13_00-06-31_Sussex_e2hex,5102,5102,True
2024.11.13_00-06-31_Sussex_e2hex,5104,5104,True
2024.11.13_00-06-31_Sussex_e2hex,5107,5107,True
2024.11.13_00-06-31_Sussex_e2hex,5110,5224,True
2024.11.13_00-06-31_Sussex_e2hex,5226,6295,True
2024.11.13_00-06-31_Sussex_e2hex,6627,6657,True
2024.11.13_00-06-31_Sussex_e2hex,6676,6702,True
2024.11.13_00-06-31_Sussex_e2hex,6704,6708,True
2024.11.13_00-06-31_Sussex_e2hex,6710,6712,True
2024.11.13_00-06-31_Sussex_e2hex,6733,7293,True
2024.07.03_17-23-20_riverside (no odor),1364,1701,True
2024.07.03_17-23-20_riverside (no odor),2045,4083,True
2024.07.03_17-23-20_riverside (no odor),6416,6416,True
2024.07.03_17-23-20_riverside (no odor),6423,6423,True
2024.07.03_17-23-20_riverside (no odor),6425,6425,True
2024.07.03_17-23-20_riverside (no odor),6430,6430,True
2024.07.03_17-23-20_riverside (no odor),6436,6436,True
2024.07.03_17-23-20_riverside (no odor),6452,6452,True
2024.07.03_17-23-20_riverside (no odor),6456,6456,True
2024.07.03_17-23-20_riverside (no odor),6466,6466,True
2024.07.03_17-23-20_riverside (no odor),6468,6468,True
2024.07.03_17-23-20_riverside (no odor),6476,6476,True
2024.07.03_17-23-20_riverside (no odor),6480,6480,True
2024.07.03_17-23-20_riverside (no odor),6483,6484,True
2024.07.03_17-23-20_riverside (no odor),6486,6486,True
2024.07.03_17-23-20_riverside (no odor),6507,6507,True
2024.07.03_17-23-20_riverside (no odor),6510,6510,True
2024.07.03_17-23-20_riverside (no odor),6522,6522,True
2024.07.03_17-23-20_riverside (no odor),6524,6525,True
2024.07.03_17-23-20_riverside (no odor),6528,6528,True
2024.07.03_17-23-20_riverside (no odor),6540,6540,True
2024.07.03_17-23-20_riverside (no odor),6543,6543,True
2024.07.03_17-23-20_riverside (no odor),6556,6557,True
2024.07.03_17-23-20_riverside (no odor),6562,6563,True
2024.07.03_17-23-20_riverside (no odor),6570,6570,True
2024.07.03_17-23-20_riverside (no odor),6572,6572,True
2024.11.01_06-57-56_Yakuba7_metben,590,2563,True
2024.11.01_06-57-56_Yakuba7_metben,2565,3345,True
2024.11.01_06-57-56_Yakuba7_metben,4863,6197,True
2024.11.01_06-57-56_Yakuba7_metben,6773,6773,True
2024.11.01_06-57-56_Yakuba7_metben,6865,6868,True
2024.11.01_06-57-56_Yakuba7_metben,7353,8313,True
2024.11.01_06-57-56_Yakuba7_metben,8392,8403,True
2024.11.01_06-57-56_Yakuba7_metben,8406,8630,True
2024.11.01_06-57-56_Yakuba7_metben,8782,8814,True
2024.11.01_06-57-56_Yakuba7_metben,8817,8817,True
2024.11.01_06-57-56_Yakuba7_metben,8828,8845,True
2024.10.15_12-07-33_sussex_prenac,3,549,True
2024.10.15_12-07-33_sussex_prenac,551,553,True
2024.10.15_12-07-33_sussex_prenac,560,824,True
2024.10.15_12-07-33_sussex_prenac,948,996,True
2024.10.15_12-07-33_sussex_prenac,999,1006,True
2024.10.15_12-07-33_sussex_prenac,1043,1043,True
2024.10.15_12-07-33_sussex_prenac,1046,1046,True
2024.10.15_12-07-33_sussex_prenac,3979,3979,True
2024.10.15_12-07-33_sussex_prenac,3989,3989,True
2024.10.15_12-07-33_sussex_prenac,4193,4222,True
2024.10.15_12-07-33_sussex_prenac,4395,4424,True
2024.10.15_12-07-33_sussex_prenac,4426,4450,True
2024.10.15_12-07-33_sussex_prenac,4452,4586,True
2024.10.15_12-07-33_sussex_prenac,4588,6859,True
2024.10.15_12-07-33_sussex_prenac,8425,8874,True
2025.04.08_10-42-51_Sussex_metbut,89,1161,True
2025.04.08_10-42-51_Sussex_metbut,1163,2224,True
2025.04.08_10-42-51_Sussex_metbut,5234,6445,True
2025.04.08_10-42-51_Sussex_metbut,8859,8999,True
2024.10.25_06-35-51_CantonS_metben,3,2686,True
2024.10.25_06-35-51_CantonS_metben,7837,7942,True
2024.10.25_06-35-51_CantonS_metben,7996,7996,True
2024.10.25_06-35-51_CantonS_metben,8011,8015,True
2024.10.25_06-35-51_CantonS_metben,8022,8022,True
2024.10.25_06-35-51_CantonS_metben,8025,8035,True
2024.10.25_06-35-51_CantonS_metben,8452,8581,True
2024.10.25_06-35-51_CantonS_metben,8583,8618,True
2024.10.25_06-35-51_CantonS_metben,8620,8971,True
2024.07.10_13-28-27_Riverside (MetBen),69,124,True
2024.07.10_13-28-27_Riverside (MetBen),208,212,True
2024.07.10_13-28-27_Riverside (MetBen),396,901,True
2024.07.10_13-28-27_Riverside (MetBen),925,984,True
2024.07.10_13-28-27_Riverside (MetBen),987,989,True
2024.07.10_13-28-27_Riverside (MetBen),991,993,True
2024.07.10_13-28-27_Riverside (MetBen),995,995,True
2024.07.10_13-28-27_Riverside (MetBen),997,997,True
2024.07.10_13-28-27_Riverside (MetBen),1027,1385,True
2024.07.10_13-28-27_Riverside (MetBen),1536,1740,True
2024.07.10_13-28-27_Riverside (MetBen),2494,2962,True
2024.07.10_13-28-27_Riverside (MetBen),3023,3258,True
2024.07.10_13-28-27_Riverside (MetBen),3700,3731,True
2024.07.10_13-28-27_Riverside (MetBen),3738,3852,True
2024.07.10_13-28-27_Riverside (MetBen),4474,4478,True
2024.07.10_13-28-27_Riverside (MetBen),4555,5000,True
2024.07.10_13-28-27_Riverside (MetBen),5179,5179,True
2024.07.10_13-28-27_Riverside (MetBen),5183,5183,True
2024.07.10_13-28-27_Riverside (MetBen),5705,5705,True
2024.07.10_13-28-27_Riverside (MetBen),5720,5720,True
2024.07.10_13-28-27_Riverside (MetBen),5729,5731,True
2024.07.10_13-28-27_Riverside (MetBen),5734,5734,True
2024.07.10_13-28-27_Riverside (MetBen),5736,5736,True
2024.07.10_13-28-27_Riverside (MetBen),5745,5745,True
2024.07.10_13-28-27_Riverside (MetBen),5754,5754,True
2024.07.10_13-28-27_Riverside (MetBen),5757,5757,True
2024.07.10_13-28-27_Riverside (MetBen),5765,5765,True
2024.07.10_13-28-27_Riverside (MetBen),5770,5771,True
2024.07.10_13-28-27_Riverside (MetBen),5773,5773,True
2024.07.10_13-28-27_Riverside (MetBen),5793,5795,True
2024.07.10_13-28-27_Riverside (MetBen),6139,7203,True
2024.07.10_13-28-27_Riverside (MetBen),7208,7208,True
2024.07.10_13-28-27_Riverside (MetBen),8179,8999,True
2024.10.29_04-30-46_Biarmipes84_metben,3,1040,True
2024.10.29_04-30-46_Biarmipes84_metben,5525,5526,True
2024.10.29_04-30-46_Biarmipes84_metben,5528,5528,True
2024.10.29_04-30-46_Biarmipes84_metben,5530,5544,True
2024.10.29_04-30-46_Biarmipes84_metben,5547,5570,True
2024.10.29_04-30-46_Biarmipes84_metben,5572,5579,True
2024.10.29_04-30-46_Biarmipes84_metben,5581,5588,True
2024.10.29_04-30-46_Biarmipes84_metben,5590,5604,True
2024.10.29_04-30-46_Biarmipes84_metben,5606,5610,True
2024.10.29_04-30-46_Biarmipes84_metben,5612,5612,True
2024.10.29_04-30-46_Biarmipes84_metben,5618,5623,True
2024.10.29_04-30-46_Biarmipes84_metben,5626,5626,True
2024.10.29_04-30-46_Biarmipes84_metben,5628,5628,True
2024.10.29_04-30-46_Biarmipes84_metben,5631,5631,True
2024.10.29_04-30-46_Biarmipes84_metben,5634,5634,True
2024.10.29_04-30-46_Biarmipes84_metben,5636,5638,True
2024.10.29_04-30-46_Biarmipes84_metben,5643,5643,True
2024.10.29_04-30-46_Biarmipes84_metben,5653,5653,True
2024.10.29_04-30-46_Biarmipes84_metben,5657,5658,True
2024.10.29_04-30-46_Biarmipes84_metben,5662,5664,True
2024.10.29_04-30-46_Biarmipes84_metben,5666,5669,True
2024.10.29_04-30-46_Biarmipes84_metben,5672,5677,True
2024.10.29_04-30-46_Biarmipes84_metben,5680,5680,True
2024.10.29_04-30-46_Biarmipes84_metben,5682,5683,True
2024.10.29_04-30-46_Biarmipes84_metben,5685,5708,True
2024.10.29_04-30-46_Biarmipes84_metben,5710,5947,True
2024.10.29_04-30-46_Biarmipes84_metben,5949,5964,True
2024.10.29_04-30-46_Biarmipes84_metben,5967,5970,True
2024.10.29_04-30-46_Biarmipes84_metben,5974,5976,True
2024.10.29_04-30-46_Biarmipes84_metben,5978,5980,True
2024.10.29_04-30-46_Biarmipes84_metben,5985,5985,True
2024.10.29_04-30-46_Biarmipes84_metben,6002,6006,True
2024.10.29_04-30-46_Biarmipes84_metben,6013,6016,True
2024.10.29_04-30-46_Biarmipes84_metben,6020,6021,True
2024.10.29_04-30-46_Biarmipes84_metben,6039,6040,True
2024.10.29_04-30-46_Biarmipes84_metben,6055,6063,True
2024.10.29_04-30-46_Biarmipes84_metben,6065,6066,True
2024.10.29_04-30-46_Biarmipes84_metben,6068,6073,True
2024.10.29_04-30-46_Biarmipes84_metben,6075,6075,True
2024.10.29_04-30-46_Biarmipes84_metben,6077,6079,True
2024.10.29_04-30-46_Biarmipes84_metben,6081,6082,True
2024.10.29_04-30-46_Biarmipes84_metben,6084,6084,True
2024.10.29_04-30-46_Biarmipes84_metben,6092,6093,True
2024.10.29_04-30-46_Biarmipes84_metben,6096,6097,True
2024.10.29_04-30-46_Biarmipes84_metben,6107,6111,True
2024.10.29_04-30-46_Biarmipes84_metben,6115,6116,True
2024.10.29_04-30-46_Biarmipes84_metben,6172,6172,True
2024.10.29_04-30-46_Biarmipes84_metben,6176,6176,True
2024.10.29_04-30-46_Biarmipes84_metben,6208,6210,True
2024.10.29_04-30-46_Biarmipes84_metben,6253,6253,True
2024.10.29_04-30-46_Biarmipes84_metben,6259,6260,True
2024.10.29_04-30-46_Biarmipes84_metben,6263,6263,True
2024.10.29_04-30-46_Biarmipes84_metben,6270,6273,True
2024.10.29_04-30-46_Biarmipes84_metben,6275,6280,True
2024.10.29_04-30-46_Biarmipes84_metben,6282,6283,True
2024.10.29_04-30-46_Biarmipes84_metben,6285,6289,True
2024.10.29_04-30-46_Biarmipes84_metben,6293,6296,True
2024.10.29_04-30-46_Biarmipes84_metben,6312,6317,True
2024.10.29_04-30-46_Biarmipes84_metben,6319,6332,True
2024.10.29_04-30-46_Biarmipes84_metben,6334,6354,True
2024.10.29_04-30-46_Biarmipes84_metben,6358,6361,True
2024.10.29_04-30-46_Biarmipes84_metben,6363,6366,True
2024.10.29_04-30-46_Biarmipes84_metben,6368,6368,True
2024.10.29_04-30-46_Biarmipes84_metben,6370,6407,True
2024.10.29_04-30-46_Biarmipes84_metben,6409,6416,True
2024.10.29_04-30-46_Biarmipes84_metben,6425,6430,True
2024.10.29_04-30-46_Biarmipes84_metben,6432,6450,True
2024.10.29_04-30-46_Biarmipes84_metben,6472,6473,True
2024.10.29_04-30-46_Biarmipes84_metben,6475,6489,True
2024.10.29_04-30-46_Biarmipes84_metben,6508,6511,True
2024.10.29_04-30-46_Biarmipes84_metben,6513,6515,True
2024.10.29_04-30-46_Biarmipes84_metben,6518,6537,True
2024.10.29_04-30-46_Biarmipes84_metben,6539,6547,True
2024.10.29_04-30-46_Biarmipes84_metben,6549,6588,True
2024.10.29_04-30-46_Biarmipes84_metben,6590,6642,True
2024.10.29_04-30-46_Biarmipes84_metben,6644,6651,True
2024.10.29_04-30-46_Biarmipes84_metben,6653,6674,True
2024.10.29_04-30-46_Biarmipes84_metben,6676,6680,True
2024.10.29_04-30-46_Biarmipes84_metben,6687,6728,True
2024.10.29_04-30-46_Biarmipes84_metben,6730,6735,True
2024.10.29_04-30-46_Biarmipes84_metben,6737,6918,True
2024.10.29_04-30-46_Biarmipes84_metben,6961,7013,True
2024.10.29_04-30-46_Biarmipes84_metben,7037,7037,True
2024.10.29_04-30-46_Biarmipes84_metben,7145,7175,True
2024.10.29_04-30-46_Biarmipes84_metben,7177,7218,True
2024.10.29_04-30-46_Biarmipes84_metben,7220,7348,True
2024.10.29_04-30-46_Biarmipes84_metben,7350,7353,True
2024.10.29_04-30-46_Biarmipes84_metben,7355,7380,True
2024.10.29_04-30-46_Biarmipes84_metben,7497,7499,True
2024.10.29_04-30-46_Biarmipes84_metben,7501,7525,True
2024.10.29_04-30-46_Biarmipes84_metben,7527,7579,True
2024.10.29_04-30-46_Biarmipes84_metben,7581,7590,True
2024.10.29_04-30-46_Biarmipes84_metben,7592,7600,True
2024.10.29_04-30-46_Biarmipes84_metben,7602,7617,True
2024.10.29_04-30-46_Biarmipes84_metben,7619,7804,True
2024.10.29_04-30-46_Biarmipes84_metben,8003,8205,True
2024.10.29_04-30-46_Biarmipes84_metben,8207,8871,True
2024.11.13_22-30-49_Sussex_e2hex,440,1244,True
2024.11.13_22-30-49_Sussex_e2hex,1246,1255,True
2024.11.13_22-30-49_Sussex_e2hex,1258,1258,True
2024.11.13_22-30-49_Sussex_e2hex,1878,2252,True
2024.11.13_22-30-49_Sussex_e2hex,2254,2255,True
2024.11.13_22-30-49_Sussex_e2hex,2977,3163,True
2024.11.13_22-30-49_Sussex_e2hex,3797,3807,True
2024.11.13_22-30-49_Sussex_e2hex,3809,3811,True
2024.11.13_22-30-49_Sussex_e2hex,3814,4833,True
2024.11.13_22-30-49_Sussex_e2hex,5815,5815,True
2024.11.13_22-30-49_Sussex_e2hex,5828,5834,True
2024.11.13_22-30-49_Sussex_e2hex,5844,5852,True
2024.11.13_22-30-49_Sussex_e2hex,5854,5866,True
2024.11.13_22-30-49_Sussex_e2hex,5868,5877,True
2024.11.13_22-30-49_Sussex_e2hex,5879,5886,True
2024.11.13_22-30-49_Sussex_e2hex,5963,7026,True
2024.11.13_22-30-49_Sussex_e2hex,7553,7553,True
2024.11.13_22-30-49_Sussex_e2hex,7555,7555,True
2024.11.13_22-30-49_Sussex_e2hex,7577,7577,True
2024.11.13_22-30-49_Sussex_e2hex,7579,7591,True
2024.11.13_22-30-49_Sussex_e2hex,7593,7621,True
2024.11.13_22-30-49_Sussex_e2hex,7624,7626,True
2024.11.13_22-30-49_Sussex_e2hex,7628,8076,True
2024.12.01_20-03-07_Riverside_prenac,3,729,True
2024.12.01_20-03-07_Riverside_prenac,731,1773,True
2024.12.01_20-03-07_Riverside_prenac,4323,4323,True
2024.12.01_20-03-07_Riverside_prenac,4326,4326,True
2024.12.01_20-03-07_Riverside_prenac,4329,4329,True
2024.12.01_20-03-07_Riverside_prenac,4331,4332,True
2024.12.01_20-03-07_Riverside_prenac,4335,4335,True
2024.12.01_20-03-07_Riverside_prenac,4337,7274,True
2024.12.01_20-03-07_Riverside_prenac,7900,7901,True
2024.12.01_20-03-07_Riverside_prenac,7903,8412,True
2024.12.01_20-03-07_Riverside_prenac,8808,8999,True
2024.10.24_10-10-18_Biarmipes_G224_metben,1613,1614,True
2024.10.24_10-10-18_Biarmipes_G224_metben,1616,1616,True
2024.10.24_10-10-18_Biarmipes_G224_metben,1618,2009,True
2024.10.24_10-10-18_Biarmipes_G224_metben,3110,3110,True
2024.10.24_10-10-18_Biarmipes_G224_metben,3115,3152,True
2024.10.24_10-10-18_Biarmipes_G224_metben,4156,4180,True
2024.10.24_10-10-18_Biarmipes_G224_metben,4184,4184,True
2024.10.24_10-10-18_Biarmipes_G224_metben,4212,4775,True
2024.10.24_10-10-18_Biarmipes_G224_metben,4777,4807,True
2024.10.24_10-10-18_Biarmipes_G224_metben,5390,5404,True
2024.10.24_10-10-18_Biarmipes_G224_metben,5657,5659,True
2024.10.24_10-10-18_Biarmipes_G224_metben,5661,5764,True
2024.10.24_10-10-18_Biarmipes_G224_metben,5825,5825,True
2024.10.24_10-10-18_Biarmipes_G224_metben,5827,5855,True
2024.10.24_10-10-18_Biarmipes_G224_metben,5857,6233,True
2024.10.24_10-10-18_Biarmipes_G224_metben,8307,8999,True
2024.10.14_13-44-24_Biarmipes84_1hexanol,2411,2411,True
2024.10.14_13-44-24_Biarmipes84_1hexanol,2418,2420,True
2024.10.14_13-44-24_Biarmipes84_1hexanol,2427,2427,True
2024.10.14_13-44-24_Biarmipes84_1hexanol,2433,2433,True
2024.10.14_13-44-24_Biarmipes84_1hexanol,2435,2437,True
2024.10.14_13-44-24_Biarmipes84_1hexanol,2442,2443,True
2024.10.14_13-44-24_Biarmipes84_1hexanol,2455,2455,True
2024.10.14_13-44-24_Biarmipes84_1hexanol,2458,2458,True
2024.10.14_13-44-24_Biarmipes84_1hexanol,2470,2470,True
2024.10.14_13-44-24_Biarmipes84_1hexanol,2473,2473,True
2024.10.14_13-44-24_Biarmipes84_1hexanol,2704,2709,True
2024.10.14_13-44-24_Biarmipes84_1hexanol,2711,2712,True
2024.10.14_13-44-24_Biarmipes84_1hexanol,2714,2716,True
2024.10.14_13-44-24_Biarmipes84_1hexanol,2718,2719,True
2024.10.14_13-44-24_Biarmipes84_1hexanol,2768,2771,True
2024.10.14_13-44-24_Biarmipes84_1hexanol,2816,2816,True
2024.10.14_13-44-24_Biarmipes84_1hexanol,2821,2823,True
2024.10.14_13-44-24_Biarmipes84_1hexanol,2830,2830,True
2024.10.14_13-44-24_Biarmipes84_1hexanol,2832,2833,True
2024.10.14_13-44-24_Biarmipes84_1hexanol,2835,2837,True
2024.10.14_13-44-24_Biarmipes84_1hexanol,2839,2839,True
2024.10.14_13-44-24_Biarmipes84_1hexanol,2841,2845,True
2024.10.14_13-44-24_Biarmipes84_1hexanol,2850,2850,True
2024.10.14_13-44-24_Biarmipes84_1hexanol,2853,2853,True
2024.10.14_13-44-24_Biarmipes84_1hexanol,2855,2859,True
2024.10.14_13-44-24_Biarmipes84_1hexanol,2861,2861,True
2024.10.14_13-44-24_Biarmipes84_1hexanol,2863,2901,True
2024.10.14_13-44-24_Biarmipes84_1hexanol,2903,2924,True
2024.10.14_13-44-24_Biarmipes84_1hexanol,2926,2927,True
2024.10.14_13-44-24_Biarmipes84_1hexanol,2929,2929,True
2024.10.14_13-44-24_Biarmipes84_1hexanol,2931,2950,True
2024.10.14_13-44-24_Biarmipes84_1hexanol,2952,2965,True
2024.10.14_13-44-24_Biarmipes84_1hexanol,2967,2967,True
2024.10.14_13-44-24_Biarmipes84_1hexanol,2971,2971,True
2024.10.14_13-44-24_Biarmipes84_1hexanol,2976,2976,True
2024.10.14_13-44-24_Biarmipes84_1hexanol,2979,2980,True
2024.10.14_13-44-24_Biarmipes84_1hexanol,2982,2983,True
2024.10.14_13-44-24_Biarmipes84_1hexanol,2986,2988,True
2024.10.14_13-44-24_Biarmipes84_1hexanol,2990,2990,True
2024.10.14_13-44-24_Biarmipes84_1hexanol,2993,2993,True
2024.10.14_13-44-24_Biarmipes84_1hexanol,2995,3005,True
2024.10.14_13-44-24_Biarmipes84_1hexanol,3007,3007,True
2024.10.14_13-44-24_Biarmipes84_1hexanol,3010,3011,True
2024.10.14_13-44-24_Biarmipes84_1hexanol,3014,3015,True
2024.10.14_13-44-24_Biarmipes84_1hexanol,3017,3019,True
2024.10.14_13-44-24_Biarmipes84_1hexanol,3022,3024,True
2024.10.14_13-44-24_Biarmipes84_1hexanol,3026,3027,True
2024.10.14_13-44-24_Biarmipes84_1hexanol,3029,3030,True
2024.10.14_13-44-24_Biarmipes84_1hexanol,3032,3036,True
2024.10.14_13-44-24_Biarmipes84_1hexanol,3038,3044,True
2024.10.14_13-44-24_Biarmipes84_1hexanol,3046,3047,True
2024.10.14_13-44-24_Biarmipes84_1hexanol,3050,3120,True
2024.10.14_13-44-24_Biarmipes84_1hexanol,3122,3125,True
2024.10.14_13-44-24_Biarmipes84_1hexanol,3127,3208,True
2024.10.14_13-44-24_Biarmipes84_1hexanol,3210,3277,True
2024.10.14_13-44-24_Biarmipes84_1hexanol,3279,3427,True
2024.10.14_13-44-24_Biarmipes84_1hexanol,3429,6157,True
2024.10.14_13-44-24_Biarmipes84_1hexanol,6407,6420,True
2024.10.14_13-44-24_Biarmipes84_1hexanol,6454,6463,True
2024.10.14_13-44-24_Biarmipes84_1hexanol,6494,6510,True
2024.10.14_13-44-24_Biarmipes84_1hexanol,6533,6534,True
2024.10.14_13-44-24_Biarmipes84_1hexanol,6536,6536,True
2024.10.14_13-44-24_Biarmipes84_1hexanol,6558,6563,True
2024.10.14_13-44-24_Biarmipes84_1hexanol,6565,6577,True
2024.10.14_13-44-24_Biarmipes84_1hexanol,6766,7020,True
2024.10.14_13-44-24_Biarmipes84_1hexanol,7037,7189,True
2024.10.14_13-44-24_Biarmipes84_1hexanol,7191,7233,True
2024.10.14_13-44-24_Biarmipes84_1hexanol,7238,7410,True
2024.10.14_13-44-24_Biarmipes84_1hexanol,7414,7600,True
2024.10.29_04-36-53_Biarmipes84_metben,930,2448,True
2024.10.29_04-36-53_Biarmipes84_metben,3093,3113,True
2024.10.29_04-36-53_Biarmipes84_metben,3138,3161,True
2024.10.29_04-36-53_Biarmipes84_metben,3227,3250,True
2024.10.29_04-36-53_Biarmipes84_metben,3777,4559,True
2024.10.29_04-36-53_Biarmipes84_metben,5010,5409,True
2024.10.29_04-36-53_Biarmipes84_metben,5849,5868,True
2024.10.29_04-36-53_Biarmipes84_metben,5876,5900,True
2024.10.29_04-36-53_Biarmipes84_metben,6213,6250,True
2024.10.29_04-36-53_Biarmipes84_metben,6440,7378,True
2024.10.29_04-36-53_Biarmipes84_metben,7778,8171,True
2024.10.29_04-36-53_Biarmipes84_metben,8192,8218,True
2024.10.29_04-36-53_Biarmipes84_metben,8241,8241,True
2024.10.29_04-36-53_Biarmipes84_metben,8243,8735,True
2024.10.29_04-36-53_Biarmipes84_metben,8737,8949,True
2025.04.08_10-48-50_Sussex_metbut,1418,1779,True
2025.04.08_10-48-50_Sussex_metbut,1952,1952,True
2025.04.08_10-48-50_Sussex_metbut,1958,1960,True
2025.04.08_10-48-50_Sussex_metbut,1963,1966,True
2025.04.08_10-48-50_Sussex_metbut,2018,3741,True
2025.04.08_10-48-50_Sussex_metbut,6901,6908,True
2025.04.08_10-48-50_Sussex_metbut,6911,6913,True
2025.04.08_10-48-50_Sussex_metbut,6921,6936,True
2025.04.08_10-48-50_Sussex_metbut,6938,6956,True
2025.04.08_10-48-50_Sussex_metbut,6958,6960,True
2025.04.08_10-48-50_Sussex_metbut,6962,6970,True
2025.04.08_10-48-50_Sussex_metbut,6974,6976,True
2025.04.08_10-48-50_Sussex_metbut,6978,6978,True
2025.04.08_10-48-50_Sussex_metbut,6981,6982,True
2025.04.08_10-48-50_Sussex_metbut,6984,6985,True
2025.04.08_10-48-50_Sussex_metbut,6988,6990,True
2025.04.08_10-48-50_Sussex_metbut,6992,6992,True
2025.04.08_10-48-50_Sussex_metbut,6994,7008,True
2025.04.08_10-48-50_Sussex_metbut,7011,7014,True
2025.04.08_10-48-50_Sussex_metbut,7016,7018,True
2025.04.08_10-48-50_Sussex_metbut,7020,7021,True
2025.04.08_10-48-50_Sussex_metbut,7024,7060,True
2025.04.08_10-48-50_Sussex_metbut,7062,7073,True
2025.04.08_10-48-50_Sussex_metbut,7075,7086,True
2025.04.08_10-48-50_Sussex_metbut,7088,7100,True
2025.04.08_10-48-50_Sussex_metbut,7102,7102,True
2025.04.08_10-48-50_Sussex_metbut,7106,7106,True
2025.04.08_10-48-50_Sussex_metbut,7108,7108,True
2025.04.08_10-48-50_Sussex_metbut,7110,7111,True
2025.04.08_10-48-50_Sussex_metbut,7113,7114,True
2025.04.08_10-48-50_Sussex_metbut,7116,7126,True
2025.04.08_10-48-50_Sussex_metbut,7128,7130,True
2025.04.08_10-48-50_Sussex_metbut,7132,7132,True
2025.04.08_10-48-50_Sussex_metbut,7134,7137,True
2025.04.08_10-48-50_Sussex_metbut,7140,7142,True
2025.04.08_10-48-50_Sussex_metbut,7144,7147,True
2025.04.08_10-48-50_Sussex_metbut,7149,7150,True
2025.04.08_10-48-50_Sussex_metbut,7154,7154,True
2025.04.08_10-48-50_Sussex_metbut,7157,7157,True
2025.04.08_10-48-50_Sussex_metbut,7159,7159,True
2025.04.08_10-48-50_Sussex_metbut,7161,7162,True
2025.04.08_10-48-50_Sussex_metbut,7166,7166,True
2025.04.08_10-48-50_Sussex_metbut,7168,7169,True
2025.04.08_10-48-50_Sussex_metbut,7173,7174,True
2025.04.08_10-48-50_Sussex_metbut,7179,7179,True
2025.04.08_10-48-50_Sussex_metbut,7182,7182,True
2025.04.08_10-48-50_Sussex_metbut,7184,7185,True
2025.04.08_10-48-50_Sussex_metbut,7187,7188,True
2025.04.08_10-48-50_Sussex_metbut,7263,7263,True
2025.04.08_10-48-50_Sussex_metbut,7391,8924,True
2024.10.14_12-28-04_CantonS_prenac,977,1005,True
2024.10.14_12-28-04_CantonS_prenac,2716,2719,True
2024.10.14_12-28-04_CantonS_prenac,2721,4378,True
2024.10.14_12-28-04_CantonS_prenac,4539,4945,True
2024.10.03_11-18-37_CantonS_metbut,3,2055,True
2024.10.03_11-18-37_CantonS_metbut,2086,2086,True
2024.10.03_11-18-37_CantonS_metbut,2089,2092,True
2024.10.03_11-18-37_CantonS_metbut,2095,2097,True
2024.10.03_11-18-37_CantonS_metbut,2099,2120,True
2024.10.03_11-18-37_CantonS_metbut,2124,2126,True
2024.10.03_11-18-37_CantonS_metbut,2128,2791,True
2024.10.03_11-18-37_CantonS_metbut,4735,6425,True
2024.10.03_11-18-37_CantonS_metbut,8204,8999,True
2024.10.10_13-28-11_Biarmipes84_1hexanol,1955,2947,True
2024.10.10_13-28-11_Biarmipes84_1hexanol,3159,3546,True
2024.10.10_13-28-11_Biarmipes84_1hexanol,4132,4863,True
2024.10.10_13-28-11_Biarmipes84_1hexanol,4865,4887,True
2024.10.10_13-28-11_Biarmipes84_1hexanol,4917,4968,True
2024.10.10_13-28-11_Biarmipes84_1hexanol,4971,5007,True
2024.10.10_13-28-11_Biarmipes84_1hexanol,5017,5052,True
2024.10.10_13-28-11_Biarmipes84_1hexanol,5070,5079,True
2024.10.10_13-28-11_Biarmipes84_1hexanol,5084,5335,True
2024.10.10_13-28-11_Biarmipes84_1hexanol,5339,5365,True
2024.10.10_13-28-11_Biarmipes84_1hexanol,5368,5369,True
2024.10.10_13-28-11_Biarmipes84_1hexanol,5371,5389,True
2024.10.10_13-28-11_Biarmipes84_1hexanol,5391,5419,True
2024.10.10_13-28-11_Biarmipes84_1hexanol,5421,5421,True
2024.10.10_13-28-11_Biarmipes84_1hexanol,5426,5508,True
2024.10.10_13-28-11_Biarmipes84_1hexanol,5510,5516,True
2024.10.10_13-28-11_Biarmipes84_1hexanol,5534,5577,True
2024.10.10_13-28-11_Biarmipes84_1hexanol,5580,5595,True
2024.10.10_13-28-11_Biarmipes84_1hexanol,5597,5607,True
2024.10.10_13-28-11_Biarmipes84_1hexanol,5610,5842,True
2024.10.10_13-28-11_Biarmipes84_1hexanol,5862,5873,True
2024.10.10_13-28-11_Biarmipes84_1hexanol,5875,5900,True
2024.10.10_13-28-11_Biarmipes84_1hexanol,5921,5936,True
2024.10.10_13-28-11_Biarmipes84_1hexanol,5939,5940,True
2024.10.10_13-28-11_Biarmipes84_1hexanol,5944,5964,True
2024.10.10_13-28-11_Biarmipes84_1hexanol,6549,6613,True
2024.10.10_13-28-11_Biarmipes84_1hexanol,6615,6641,True
2024.10.10_13-28-11_Biarmipes84_1hexanol,6659,6689,True
2024.10.10_13-28-11_Biarmipes84_1hexanol,6692,6725,True
2024.10.10_13-28-11_Biarmipes84_1hexanol,6727,6727,True
2024.10.10_13-28-11_Biarmipes84_1hexanol,6730,6730,True
2024.10.10_13-28-11_Biarmipes84_1hexanol,6732,6865,True
2024.10.10_13-28-11_Biarmipes84_1hexanol,6890,6914,True
2024.10.10_13-28-11_Biarmipes84_1hexanol,6938,6942,True
2024.10.10_13-28-11_Biarmipes84_1hexanol,6944,6972,True
2024.10.10_13-28-11_Biarmipes84_1hexanol,7286,7307,True
2024.10.10_13-28-11_Biarmipes84_1hexanol,7936,8067,True
2024.10.10_13-28-11_Biarmipes84_1hexanol,8083,8174,True
2024.10.10_13-28-11_Biarmipes84_1hexanol,8219,8219,True
2024.10.10_13-28-11_Biarmipes84_1hexanol,8221,8264,True
2024.10.10_13-28-11_Biarmipes84_1hexanol,8269,8813,True
2024.10.10_13-28-11_Biarmipes84_1hexanol,8815,8999,True
2024.10.31_03-59-12_Biarmipes_G224_metben,3,1142,True
2024.10.31_03-59-12_Biarmipes_G224_metben,2492,2502,True
2024.10.31_03-59-12_Biarmipes_G224_metben,2528,2534,True
2024.10.31_03-59-12_Biarmipes_G224_metben,2537,2572,True
2024.10.31_03-59-12_Biarmipes_G224_metben,2716,2722,True
2024.10.31_03-59-12_Biarmipes_G224_metben,2724,2724,True
2024.10.31_03-59-12_Biarmipes_G224_metben,2726,2726,True
2024.10.31_03-59-12_Biarmipes_G224_metben,2752,2752,True
2024.10.31_03-59-12_Biarmipes_G224_metben,2754,3307,True
2024.10.31_03-59-12_Biarmipes_G224_metben,3891,4573,True
2024.10.31_03-59-12_Biarmipes_G224_metben,5203,5205,True
2024.10.31_03-59-12_Biarmipes_G224_metben,5225,5765,True
2024.10.31_03-59-12_Biarmipes_G224_metben,5767,6036,True
2024.10.31_03-59-12_Biarmipes_G224_metben,6076,6254,True
2024.10.31_03-59-12_Biarmipes_G224_metben,6340,6406,True
2024.10.31_03-59-12_Biarmipes_G224_metben,6428,6869,True
2024.10.31_03-59-12_Biarmipes_G224_metben,7017,7055,True
2024.10.31_03-59-12_Biarmipes_G224_metben,7090,7090,True
2024.10.31_03-59-12_Biarmipes_G224_metben,7093,7093,True
2024.10.31_03-59-12_Biarmipes_G224_metben,8078,8089,True
2024.10.17_14-24-51_Riverside_prenac,1892,1925,True
2024.10.17_14-24-51_Riverside_prenac,1949,1952,True
2024.10.17_14-24-51_Riverside_prenac,1957,1959,True
2024.10.17_14-24-51_Riverside_prenac,1961,1965,True
2024.10.17_14-24-51_Riverside_prenac,1968,1969,True
2024.10.17_14-24-51_Riverside_prenac,1971,1998,True
2024.10.17_14-24-51_Riverside_prenac,2139,2147,True
2024.10.17_14-24-51_Riverside_prenac,2149,2154,True
2024.10.17_14-24-51_Riverside_prenac,2156,4500,True
2024.10.17_14-24-51_Riverside_prenac,5689,5689,True
2024.10.17_14-24-51_Riverside_prenac,5691,5691,True
2024.10.17_14-24-51_Riverside_prenac,5693,5694,True
2024.10.17_14-24-51_Riverside_prenac,5702,5705,True
2024.10.17_14-24-51_Riverside_prenac,5709,6819,True
2024.10.17_14-24-51_Riverside_prenac,7896,8244,True
2024.10.17_14-24-51_Riverside_prenac,8601,8749,True
2024.12.01_20-21-59_Riverside_prenac,3,673,True
2024.12.01_20-21-59_Riverside_prenac,729,755,True
2024.12.01_20-21-59_Riverside_prenac,757,1010,True
2024.12.01_20-21-59_Riverside_prenac,5192,5201,True
2024.12.01_20-21-59_Riverside_prenac,5372,5380,True
2024.12.01_20-21-59_Riverside_prenac,5382,5382,True
2024.12.01_20-21-59_Riverside_prenac,5389,5417,True
2024.12.01_20-21-59_Riverside_prenac,5496,5818,True
2024.12.01_20-21-59_Riverside_prenac,5821,5833,True
2024.12.01_20-21-59_Riverside_prenac,5835,6187,True
2024.12.01_20-21-59_Riverside_prenac,6952,6954,True
2024.12.01_20-21-59_Riverside_prenac,6956,6956,True
2024.12.01_20-21-59_Riverside_prenac,6958,6958,True
2024.12.01_20-21-59_Riverside_prenac,6960,6961,True
2024.12.01_20-21-59_Riverside_prenac,6964,6964,True
2024.12.01_20-21-59_Riverside_prenac,6984,6984,True
2024.12.01_20-21-59_Riverside_prenac,7251,7251,True
2024.12.01_20-21-59_Riverside_prenac,7261,7261,True
2024.12.01_20-21-59_Riverside_prenac,7264,7271,True
2024.12.01_20-21-59_Riverside_prenac,7273,7275,True
2024.12.01_20-21-59_Riverside_prenac,7277,7281,True
2024.12.01_20-21-59_Riverside_prenac,7285,7286,True
2024.12.01_20-21-59_Riverside_prenac,7288,7291,True
2024.12.01_20-21-59_Riverside_prenac,7293,7294,True
2024.12.01_20-21-59_Riverside_prenac,7296,7297,True
2024.12.01_20-21-59_Riverside_prenac,7299,7299,True
2024.12.01_20-21-59_Riverside_prenac,7301,7337,True
2024.12.01_20-21-59_Riverside_prenac,7340,7340,True
2024.12.01_20-21-59_Riverside_prenac,7342,7343,True
2024.12.01_20-21-59_Riverside_prenac,7348,7348,True
2024.12.01_20-21-59_Riverside_prenac,7350,7350,True
2024.12.01_20-21-59_Riverside_prenac,7352,7382,True
2024.12.01_20-21-59_Riverside_prenac,7384,7384,True
2024.12.01_20-21-59_Riverside_prenac,7386,7398,True
2024.12.01_20-21-59_Riverside_prenac,7412,7412,True
2024.12.01_20-21-59_Riverside_prenac,7418,7419,True
2024.12.01_20-21-59_Riverside_prenac,7443,7443,True
2024.12.01_20-21-59_Riverside_prenac,7457,7457,True
2024.12.01_20-21-59_Riverside_prenac,7462,7462,True
2024.12.01_20-21-59_Riverside_prenac,7464,7466,True
2024.12.01_20-21-59_Riverside_prenac,7471,7471,True
2024.12.01_20-21-59_Riverside_prenac,7473,7473,True
2024.12.01_20-21-59_Riverside_prenac,7478,7480,True
2024.12.01_20-21-59_Riverside_prenac,7610,7610,True
2024.12.01_20-21-59_Riverside_prenac,7623,7625,True
2024.12.01_20-21-59_Riverside_prenac,7630,7631,True
2024.12.01_20-21-59_Riverside_prenac,7633,7640,True
2024.12.01_20-21-59_Riverside_prenac,7857,7874,True
2024.12.01_20-21-59_Riverside_prenac,7876,7876,True
2024.12.01_20-21-59_Riverside_prenac,7878,7902,True
2024.12.01_20-21-59_Riverside_prenac,7904,7918,True
2024.12.01_20-21-59_Riverside_prenac,7920,7921,True
2024.12.01_20-21-59_Riverside_prenac,7923,8999,True
2024.11.12_06-42-36_Yakuba_cameroon_e2hex,3,1044,True
2024.11.12_06-42-36_Yakuba_cameroon_e2hex,2135,2138,True
2024.11.12_06-42-36_Yakuba_cameroon_e2hex,2152,2152,True
2024.11.12_06-42-36_Yakuba_cameroon_e2hex,2154,2157,True
2024.11.12_06-42-36_Yakuba_cameroon_e2hex,2159,2165,True
2024.11.12_06-42-36_Yakuba_cameroon_e2hex,2167,2171,True
2024.11.12_06-42-36_Yakuba_cameroon_e2hex,2173,2490,True
2024.11.12_06-42-36_Yakuba_cameroon_e2hex,2493,2852,True
2024.11.12_06-42-36_Yakuba_cameroon_e2hex,2854,3751,True
2024.11.12_06-42-36_Yakuba_cameroon_e2hex,5702,5725,True
2024.11.12_06-42-36_Yakuba_cameroon_e2hex,5746,5757,True
2024.11.12_06-42-36_Yakuba_cameroon_e2hex,5764,5764,True
2024.11.12_06-42-36_Yakuba_cameroon_e2hex,5786,6469,True
2024.11.12_06-42-36_Yakuba_cameroon_e2hex,6471,6636,True
2024.11.12_06-42-36_Yakuba_cameroon_e2hex,6638,6677,True
2024.11.12_06-42-36_Yakuba_cameroon_e2hex,6679,6680,True
2024.11.12_06-42-36_Yakuba_cameroon_e2hex,6682,6682,True
2024.11.12_06-42-36_Yakuba_cameroon_e2hex,6693,6732,True
2024.11.12_06-42-36_Yakuba_cameroon_e2hex,6748,6796,True
2024.11.12_06-42-36_Yakuba_cameroon_e2hex,6798,6828,True
2024.11.12_06-42-36_Yakuba_cameroon_e2hex,6839,7033,True
2024.11.12_06-42-36_Yakuba_cameroon_e2hex,7035,7035,True
2024.11.12_06-42-36_Yakuba_cameroon_e2hex,7037,7099,True
2024.11.12_06-42-36_Yakuba_cameroon_e2hex,7170,7254,True
2024.11.12_06-42-36_Yakuba_cameroon_e2hex,7461,7485,True
2024.11.12_06-42-36_Yakuba_cameroon_e2hex,7542,7542,True
2024.11.12_06-42-36_Yakuba_cameroon_e2hex,7546,7546,True
2024.11.12_06-42-36_Yakuba_cameroon_e2hex,7548,7548,True
2024.11.12_06-42-36_Yakuba_cameroon_e2hex,7577,7577,True
2024.11.12_06-42-36_Yakuba_cameroon_e2hex,7579,8001,True
2024.11.12_06-42-36_Yakuba_cameroon_e2hex,8694,8711,True
2024.11.12_06-42-36_Yakuba_cameroon_e2hex,8745,8752,True
2024.11.12_06-42-36_Yakuba_cameroon_e2hex,8776,8783,True
2024.11.12_06-42-36_Yakuba_cameroon_e2hex,8833,8999,True
2024.07.09_13-02-45_Riverside (MetBen),400,400,True
2024.07.09_13-02-45_Riverside (MetBen),2853,5126,True
2024.07.09_13-02-45_Riverside (MetBen),5146,5146,True
2024.07.09_13-02-45_Riverside (MetBen),5161,5161,True
2024.07.09_13-02-45_Riverside (MetBen),6862,7406,True
2024.07.09_13-02-45_Riverside (MetBen),7665,7665,True
2024.07.09_13-02-45_Riverside (MetBen),7676,7676,True
2024.07.09_13-02-45_Riverside (MetBen),7680,7680,True
2024.07.09_13-02-45_Riverside (MetBen),7686,7686,True
2024.07.09_13-02-45_Riverside (MetBen),7699,7699,True
2024.07.09_13-02-45_Riverside (MetBen),8004,8004,True
2024.07.09_13-02-45_Riverside (MetBen),8007,8007,True
2024.07.09_13-02-45_Riverside (MetBen),8029,8029,True
2024.07.09_13-02-45_Riverside (MetBen),8031,8032,True
2024.10.28_08-03-21_biarmipes_g224_metben,494,745,True
2024.10.28_08-03-21_biarmipes_g224_metben,1168,1257,True
2024.10.28_08-03-21_biarmipes_g224_metben,1266,1279,True
2024.10.28_08-03-21_biarmipes_g224_metben,1299,1348,True
2024.10.28_08-03-21_biarmipes_g224_metben,1350,1430,True
2024.10.28_08-03-21_biarmipes_g224_metben,1452,2534,True
2024.10.28_08-03-21_biarmipes_g224_metben,2825,2825,True
2024.10.28_08-03-21_biarmipes_g224_metben,3346,3352,True
2024.10.28_08-03-21_biarmipes_g224_metben,3458,3459,True
2024.10.28_08-03-21_biarmipes_g224_metben,3755,3978,True
2024.10.28_08-03-21_biarmipes_g224_metben,4222,4222,True
2024.10.28_08-03-21_biarmipes_g224_metben,4224,4230,True
2024.10.28_08-03-21_biarmipes_g224_metben,4285,4286,True
2024.10.28_08-03-21_biarmipes_g224_metben,4334,4349,True
2024.10.28_08-03-21_biarmipes_g224_metben,4385,4464,True
2024.10.28_08-03-21_biarmipes_g224_metben,4568,4568,True
2024.10.28_08-03-21_biarmipes_g224_metben,4573,4729,True
2024.10.28_08-03-21_biarmipes_g224_metben,5358,5388,True
2024.10.28_08-03-21_biarmipes_g224_metben,5421,5439,True
2024.10.28_08-03-21_biarmipes_g224_metben,5444,5447,True
2024.10.28_08-03-21_biarmipes_g224_metben,5457,5471,True
2024.10.28_08-03-21_biarmipes_g224_metben,5505,5716,True
2024.10.28_08-03-21_biarmipes_g224_metben,5759,5815,True
2024.10.28_08-03-21_biarmipes_g224_metben,5847,5878,True
2024.10.28_08-03-21_biarmipes_g224_metben,5881,5903,True
2024.10.28_08-03-21_biarmipes_g224_metben,5997,6000,True
2024.10.28_08-03-21_biarmipes_g224_metben,6002,6026,True
2024.10.28_08-03-21_biarmipes_g224_metben,6110,6126,True
2024.10.28_08-03-21_biarmipes_g224_metben,6130,6193,True
2024.10.28_08-03-21_biarmipes_g224_metben,6200,6200,True
2024.10.28_08-03-21_biarmipes_g224_metben,6203,6204,True
2024.10.28_08-03-21_biarmipes_g224_metben,6206,6206,True
2024.10.28_08-03-21_biarmipes_g224_metben,6208,6209,True
2024.10.28_08-03-21_biarmipes_g224_metben,6221,6221,True
2024.10.28_08-03-21_biarmipes_g224_metben,6223,6674,True
2024.10.28_08-03-21_biarmipes_g224_metben,6676,6781,True
2024.10.28_08-03-21_biarmipes_g224_metben,6783,6838,True
2024.10.28_08-03-21_biarmipes_g224_metben,6853,6995,True
2024.10.28_08-03-21_biarmipes_g224_metben,7423,7903,True
2024.10.28_08-03-21_biarmipes_g224_metben,7908,7996,True
2024.10.28_08-03-21_biarmipes_g224_metben,8017,8090,True
2024.10.28_08-03-21_biarmipes_g224_metben,8093,8093,True
2024.10.28_08-03-21_biarmipes_g224_metben,8097,8195,True
2024.10.28_08-03-21_biarmipes_g224_metben,8244,8653,True
2024.10.28_08-03-21_biarmipes_g224_metben,8657,8657,True
2024.10.28_08-03-21_biarmipes_g224_metben,8659,8682,True
2024.10.28_08-03-21_biarmipes_g224_metben,8694,8733,True
2024.10.28_08-03-21_biarmipes_g224_metben,8742,8751,True
2024.10.28_08-03-21_biarmipes_g224_metben,8753,8756,True
2024.10.28_08-03-21_biarmipes_g224_metben,8758,8779,True
2024.10.28_08-03-21_biarmipes_g224_metben,8812,8858,True
2024.10.28_08-03-21_biarmipes_g224_metben,8860,8863,True
2024.10.28_08-03-21_biarmipes_g224_metben,8869,8872,True
2024.10.28_08-03-21_biarmipes_g224_metben,8874,8897,True
2024.10.28_08-03-21_biarmipes_g224_metben,8901,8918,True
2024.10.28_08-03-21_biarmipes_g224_metben,8923,8927,True
2024.10.28_08-03-21_biarmipes_g224_metben,8938,8943,True
2024.10.28_08-03-21_biarmipes_g224_metben,8945,8958,True
2024.10.28_08-03-21_biarmipes_g224_metben,8960,8989,True
2024.10.15_10-31-40_Sto_car_2hexanol,167,2250,True
2024.10.15_10-31-40_Sto_car_2hexanol,2688,2739,True
2024.10.15_10-31-40_Sto_car_2hexanol,2841,2872,True
2024.10.15_10-31-40_Sto_car_2hexanol,2941,2941,True
2024.10.15_10-31-40_Sto_car_2hexanol,3131,3445,True
2024.10.15_10-31-40_Sto_car_2hexanol,3451,3451,True
2024.10.15_10-31-40_Sto_car_2hexanol,3456,3936,True
2024.10.15_10-31-40_Sto_car_2hexanol,3938,3952,True
2024.10.15_10-31-40_Sto_car_2hexanol,3954,3955,True
2024.10.15_10-31-40_Sto_car_2hexanol,3957,3957,True
2024.10.15_10-31-40_Sto_car_2hexanol,3968,4052,True
2024.10.15_10-31-40_Sto_car_2hexanol,4055,4136,True
2024.10.15_10-31-40_Sto_car_2hexanol,4138,4139,True
2024.10.15_10-31-40_Sto_car_2hexanol,4175,4181,True
2024.10.15_10-31-40_Sto_car_2hexanol,4197,4619,True
2024.10.15_10-31-40_Sto_car_2hexanol,5595,5598,True
2024.10.15_10-31-40_Sto_car_2hexanol,5600,5602,True
2024.10.15_10-31-40_Sto_car_2hexanol,5608,5620,True
2024.10.15_10-31-40_Sto_car_2hexanol,6229,6229,True
2024.10.15_10-31-40_Sto_car_2hexanol,6231,6235,True
2024.10.15_10-31-40_Sto_car_2hexanol,6238,6243,True
2024.10.15_10-31-40_Sto_car_2hexanol,6245,6246,True
2024.10.15_10-31-40_Sto_car_2hexanol,6248,6253,True
2024.10.15_10-31-40_Sto_car_2hexanol,6256,6256,True
2024.10.15_10-31-40_Sto_car_2hexanol,6258,6258,True
2024.10.15_10-31-40_Sto_car_2hexanol,6419,7538,True
2024.10.15_10-31-40_Sto_car_2hexanol,8461,8771,True
2024.12.01_19-42-50_Biarmipes84_prenac,3,7,True
2024.12.01_19-42-50_Biarmipes84_prenac,10,96,True
2024.12.01_19-42-50_Biarmipes84_prenac,98,860,True
2024.12.01_19-42-50_Biarmipes84_prenac,4198,4200,True
2024.12.01_19-42-50_Biarmipes84_prenac,4219,4224,True
2024.12.01_19-42-50_Biarmipes84_prenac,4273,4437,True
2024.12.01_19-42-50_Biarmipes84_prenac,4439,4443,True
2024.12.01_19-42-50_Biarmipes84_prenac,4445,4469,True
2024.12.01_19-42-50_Biarmipes84_prenac,4472,4488,True
2024.12.01_19-42-50_Biarmipes84_prenac,4490,4503,True
2024.12.01_19-42-50_Biarmipes84_prenac,4505,4510,True
2024.12.01_19-42-50_Biarmipes84_prenac,4512,4536,True
2024.12.01_19-42-50_Biarmipes84_prenac,4538,4566,True
2024.12.01_19-42-50_Biarmipes84_prenac,4568,6416,True
2024.12.01_19-42-50_Biarmipes84_prenac,7395,7395,True
2024.12.01_19-42-50_Biarmipes84_prenac,7398,7402,True
2024.12.01_19-42-50_Biarmipes84_prenac,7408,7408,True
2024.12.01_19-42-50_Biarmipes84_prenac,7412,7412,True
2024.12.01_19-42-50_Biarmipes84_prenac,7415,7415,True
2024.12.01_19-42-50_Biarmipes84_prenac,7420,7420,True
2024.12.01_19-42-50_Biarmipes84_prenac,7430,7430,True
2024.12.01_19-42-50_Biarmipes84_prenac,7441,7442,True
2024.12.01_19-42-50_Biarmipes84_prenac,7508,7509,True
2024.12.01_19-42-50_Biarmipes84_prenac,7512,7522,True
2024.12.01_19-42-50_Biarmipes84_prenac,7524,7535,True
2024.12.01_19-42-50_Biarmipes84_prenac,7537,7547,True
2024.12.01_19-42-50_Biarmipes84_prenac,7549,7558,True
2024.12.01_19-42-50_Biarmipes84_prenac,7562,7575,True
2024.12.01_19-42-50_Biarmipes84_prenac,7578,7578,True
2024.12.01_19-42-50_Biarmipes84_prenac,7580,7585,True
2024.12.01_19-42-50_Biarmipes84_prenac,7588,7588,True
2024.12.01_19-42-50_Biarmipes84_prenac,7649,7790,True
2024.12.01_19-42-50_Biarmipes84_prenac,7792,7806,True
2024.12.01_19-42-50_Biarmipes84_prenac,7808,7808,True
2024.12.01_19-42-50_Biarmipes84_prenac,7810,7811,True
2024.12.01_19-42-50_Biarmipes84_prenac,7813,7815,True
2024.12.01_19-42-50_Biarmipes84_prenac,7817,7835,True
2024.12.01_19-42-50_Biarmipes84_prenac,7837,8911,True
2024.11.25_17-23-13_Sussex_no_odor,1491,1498,True
2024.11.25_17-23-13_Sussex_no_odor,1502,1502,True
2024.11.25_17-23-13_Sussex_no_odor,1524,1576,True
2024.11.25_17-23-13_Sussex_no_odor,1578,2571,True
2024.11.25_17-23-13_Sussex_no_odor,4505,4506,True
2024.11.25_17-23-13_Sussex_no_odor,4508,4508,True
2024.11.25_17-23-13_Sussex_no_odor,4510,4510,True
2024.11.25_17-23-13_Sussex_no_odor,4512,4522,True
2024.11.25_17-23-13_Sussex_no_odor,4525,4526,True
2024.11.25_17-23-13_Sussex_no_odor,4554,4582,True
2024.11.25_17-23-13_Sussex_no_odor,4584,4592,True
2024.11.25_17-23-13_Sussex_no_odor,4616,4616,True
2024.11.25_17-23-13_Sussex_no_odor,4618,4634,True
2024.11.25_17-23-13_Sussex_no_odor,4642,4653,True
2024.11.25_17-23-13_Sussex_no_odor,4656,4657,True
2024.11.25_17-23-13_Sussex_no_odor,4664,4669,True
2024.11.25_17-23-13_Sussex_no_odor,4671,4673,True
2024.11.25_17-23-13_Sussex_no_odor,4675,4679,True
2024.11.25_17-23-13_Sussex_no_odor,4754,4780,True
2024.11.25_17-23-13_Sussex_no_odor,4782,5345,True
2024.11.25_17-23-13_Sussex_no_odor,5499,7099,True
2024.11.25_17-23-13_Sussex_no_odor,7612,8858,True
2024.10.30_04-42-21_Riverside_metben,1183,1186,True
2024.10.30_04-42-21_Riverside_metben,1191,1191,True
2024.10.30_04-42-21_Riverside_metben,1193,1193,True
2024.10.30_04-42-21_Riverside_metben,1210,1219,True
2024.10.30_04-42-21_Riverside_metben,1466,1634,True
2024.10.30_04-42-21_Riverside_metben,1657,1708,True
2024.10.30_04-42-21_Riverside_metben,1762,2453,True
2024.10.30_04-42-21_Riverside_metben,2455,2455,True
2024.10.30_04-42-21_Riverside_metben,2460,2464,True
2024.10.30_04-42-21_Riverside_metben,2805,3137,True
2024.10.30_04-42-21_Riverside_metben,3139,3144,True
2024.10.30_04-42-21_Riverside_metben,4752,5022,True
2024.10.30_04-42-21_Riverside_metben,5259,5259,True
2024.10.30_04-42-21_Riverside_metben,5261,5313,True
2024.10.30_04-42-21_Riverside_metben,5371,5572,True
2024.10.30_04-42-21_Riverside_metben,6569,6571,True
2024.10.30_04-42-21_Riverside_metben,6573,6573,True
2024.10.30_04-42-21_Riverside_metben,6581,6584,True
2024.10.30_04-42-21_Riverside_metben,6588,6588,True
2024.10.30_04-42-21_Riverside_metben,6590,6590,True
2024.10.30_04-42-21_Riverside_metben,6593,6593,True
2024.10.30_04-42-21_Riverside_metben,6601,6601,True
2024.10.30_04-42-21_Riverside_metben,6605,6609,True
2024.10.30_04-42-21_Riverside_metben,6622,6622,True
2024.10.30_04-42-21_Riverside_metben,6628,6628,True
2024.10.30_04-42-21_Riverside_metben,6632,6632,True
2024.10.30_04-42-21_Riverside_metben,6635,6636,True
2024.10.30_04-42-21_Riverside_metben,6639,6641,True
2024.10.30_04-42-21_Riverside_metben,6653,6653,True
2024.10.30_04-42-21_Riverside_metben,6692,6692,True
2024.10.30_04-42-21_Riverside_metben,6697,6697,True
2024.10.30_04-42-21_Riverside_metben,6701,6701,True
2024.10.30_04-42-21_Riverside_metben,6705,6706,True
2024.10.30_04-42-21_Riverside_metben,6710,6710,True
2024.10.30_04-42-21_Riverside_metben,6712,6714,True
2024.10.30_04-42-21_Riverside_metben,6721,6722,True
2024.10.30_04-42-21_Riverside_metben,6725,6725,True
2024.10.30_04-42-21_Riverside_metben,6728,6729,True
2024.10.30_04-42-21_Riverside_metben,6734,6734,True
2024.10.30_04-42-21_Riverside_metben,6737,6737,True
2024.10.30_04-42-21_Riverside_metben,6740,6741,True
2024.10.30_04-42-21_Riverside_metben,6751,6751,True
2024.10.30_04-42-21_Riverside_metben,6755,6755,True
2024.10.30_04-42-21_Riverside_metben,6759,6759,True
2024.10.30_04-42-21_Riverside_metben,6761,6762,True
2024.10.30_04-42-21_Riverside_metben,6764,6764,True
2024.10.30_04-42-21_Riverside_metben,6767,6768,True
2024.10.30_04-42-21_Riverside_metben,6771,6774,True
2024.10.30_04-42-21_Riverside_metben,6777,6779,True
2024.10.30_04-42-21_Riverside_metben,6782,6784,True
2024.10.30_04-42-21_Riverside_metben,6787,6789,True
2024.10.30_04-42-21_Riverside_metben,6791,6794,True
2024.10.30_04-42-21_Riverside_metben,6796,6797,True
2024.10.30_04-42-21_Riverside_metben,6799,6804,True
2024.10.30_04-42-21_Riverside_metben,6807,6807,True
2024.10.30_04-42-21_Riverside_metben,6810,6810,True
2024.10.30_04-42-21_Riverside_metben,6812,6813,True
2024.10.30_04-42-21_Riverside_metben,6815,6817,True
2024.10.30_04-42-21_Riverside_metben,6819,7601,True
2024.10.30_04-42-21_Riverside_metben,7694,7932,True
2024.10.30_04-42-21_Riverside_metben,8317,8356,True
2024.10.30_04-42-21_Riverside_metben,8358,8403,True
2024.10.30_04-42-21_Riverside_metben,8406,8410,True
2024.10.30_04-42-21_Riverside_metben,8417,8425,True
2024.10.30_04-42-21_Riverside_metben,8428,8535,True
2024.10.30_04-42-21_Riverside_metben,8537,8614,True
2024.10.30_04-42-21_Riverside_metben,8616,8820,True
2024.10.30_04-42-21_Riverside_metben,8822,8959,True
2024.10.24_12-10-34_Biarmipes84_prenac,1499,1500,True
2024.10.24_12-10-34_Biarmipes84_prenac,1502,1505,True
2024.10.24_12-10-34_Biarmipes84_prenac,1508,1512,True
2024.10.24_12-10-34_Biarmipes84_prenac,1514,1514,True
2024.10.24_12-10-34_Biarmipes84_prenac,1516,1517,True
2024.10.24_12-10-34_Biarmipes84_prenac,1519,1520,True
2024.10.24_12-10-34_Biarmipes84_prenac,1522,1524,True
2024.10.24_12-10-34_Biarmipes84_prenac,1526,1526,True
2024.10.24_12-10-34_Biarmipes84_prenac,1528,1528,True
2024.10.24_12-10-34_Biarmipes84_prenac,1533,1533,True
2024.10.24_12-10-34_Biarmipes84_prenac,1535,1540,True
2024.10.24_12-10-34_Biarmipes84_prenac,1546,1546,True
2024.10.24_12-10-34_Biarmipes84_prenac,1551,1551,True
2024.10.24_12-10-34_Biarmipes84_prenac,1588,1590,True
2024.10.24_12-10-34_Biarmipes84_prenac,1596,1596,True
2024.10.24_12-10-34_Biarmipes84_prenac,1630,1630,True
2024.10.24_12-10-34_Biarmipes84_prenac,1633,1633,True
2024.10.24_12-10-34_Biarmipes84_prenac,1642,1643,True
2024.10.24_12-10-34_Biarmipes84_prenac,1651,1652,True
2024.10.24_12-10-34_Biarmipes84_prenac,1654,1655,True
2024.10.24_12-10-34_Biarmipes84_prenac,1657,1658,True
2024.10.24_12-10-34_Biarmipes84_prenac,1660,1661,True
2024.10.24_12-10-34_Biarmipes84_prenac,1663,1663,True
2024.10.24_12-10-34_Biarmipes84_prenac,1665,1668,True
2024.10.24_12-10-34_Biarmipes84_prenac,1672,1674,True
2024.10.24_12-10-34_Biarmipes84_prenac,1677,1679,True
2024.10.24_12-10-34_Biarmipes84_prenac,1692,1692,True
2024.10.24_12-10-34_Biarmipes84_prenac,1694,1694,True
2024.10.24_12-10-34_Biarmipes84_prenac,1697,1699,True
2024.10.24_12-10-34_Biarmipes84_prenac,1703,1703,True
2024.10.24_12-10-34_Biarmipes84_prenac,1706,1706,True
2024.10.24_12-10-34_Biarmipes84_prenac,1712,1714,True
2024.10.24_12-10-34_Biarmipes84_prenac,1719,1722,True
2024.10.24_12-10-34_Biarmipes84_prenac,1798,1798,True
2024.10.24_12-10-34_Biarmipes84_prenac,1807,1807,True
2024.10.24_12-10-34_Biarmipes84_prenac,1810,1811,True
2024.10.24_12-10-34_Biarmipes84_prenac,1832,1837,True
2024.10.24_12-10-34_Biarmipes84_prenac,1839,1840,True
2024.10.24_12-10-34_Biarmipes84_prenac,1842,1842,True
2024.10.24_12-10-34_Biarmipes84_prenac,1862,1862,True
2024.10.24_12-10-34_Biarmipes84_prenac,1869,1876,True
2024.10.24_12-10-34_Biarmipes84_prenac,1894,1895,True
2024.10.24_12-10-34_Biarmipes84_prenac,1897,1897,True
2024.10.24_12-10-34_Biarmipes84_prenac,1902,1902,True
2024.10.24_12-10-34_Biarmipes84_prenac,1912,1912,True
2024.10.24_12-10-34_Biarmipes84_prenac,1922,1923,True
2024.10.24_12-10-34_Biarmipes84_prenac,1939,1940,True
2024.10.24_12-10-34_Biarmipes84_prenac,1946,1946,True
2024.10.24_12-10-34_Biarmipes84_prenac,1948,1948,True
2024.10.24_12-10-34_Biarmipes84_prenac,1954,1954,True
2024.10.24_12-10-34_Biarmipes84_prenac,1956,1956,True
2024.10.24_12-10-34_Biarmipes84_prenac,1961,1961,True
2024.10.24_12-10-34_Biarmipes84_prenac,1964,1964,True
2024.10.24_12-10-34_Biarmipes84_prenac,1968,1970,True
2024.10.24_12-10-34_Biarmipes84_prenac,1977,1977,True
2024.10.24_12-10-34_Biarmipes84_prenac,1981,1983,True
2024.10.24_12-10-34_Biarmipes84_prenac,1985,1986,True
2024.10.24_12-10-34_Biarmipes84_prenac,1988,1991,True
2024.10.24_12-10-34_Biarmipes84_prenac,1994,1996,True
2024.10.24_12-10-34_Biarmipes84_prenac,1998,2002,True
2024.10.24_12-10-34_Biarmipes84_prenac,2006,2013,True
2024.10.24_12-10-34_Biarmipes84_prenac,2016,2018,True
2024.10.24_12-10-34_Biarmipes84_prenac,2020,2023,True
2024.10.24_12-10-34_Biarmipes84_prenac,2025,2027,True
2024.10.24_12-10-34_Biarmipes84_prenac,2029,2033,True
2024.10.24_12-10-34_Biarmipes84_prenac,2036,2037,True
2024.10.24_12-10-34_Biarmipes84_prenac,2039,2040,True
2024.10.24_12-10-34_Biarmipes84_prenac,2042,2045,True
2024.10.24_12-10-34_Biarmipes84_prenac,2047,2047,True
2024.10.24_12-10-34_Biarmipes84_prenac,2051,2053,True
2024.10.24_12-10-34_Biarmipes84_prenac,2055,2055,True
2024.10.24_12-10-34_Biarmipes84_prenac,2057,2057,True
2024.10.24_12-10-34_Biarmipes84_prenac,2060,2062,True
2024.10.24_12-10-34_Biarmipes84_prenac,2064,2064,True
2024.10.24_12-10-34_Biarmipes84_prenac,2066,2066,True
2024.10.24_12-10-34_Biarmipes84_prenac,2068,2070,True
2024.10.24_12-10-34_Biarmipes84_prenac,2072,2074,True
2024.10.24_12-10-34_Biarmipes84_prenac,2076,2084,True
2024.10.24_12-10-34_Biarmipes84_prenac,2086,2156,True
2024.10.24_12-10-34_Biarmipes84_prenac,2158,2175,True
2024.10.24_12-10-34_Biarmipes84_prenac,2177,2183,True
2024.10.24_12-10-34_Biarmipes84_prenac,2185,2185,True
2024.10.24_12-10-34_Biarmipes84_prenac,2187,2190,True
2024.10.24_12-10-34_Biarmipes84_prenac,2192,2205,True
2024.10.24_12-10-34_Biarmipes84_prenac,2207,2207,True
2024.10.24_12-10-34_Biarmipes84_prenac,2209,2213,True
2024.10.24_12-10-34_Biarmipes84_prenac,2215,2221,True
2024.10.24_12-10-34_Biarmipes84_prenac,2223,2226,True
2024.10.24_12-10-34_Biarmipes84_prenac,2228,2230,True
2024.10.24_12-10-34_Biarmipes84_prenac,2232,2250,True
2024.10.24_12-10-34_Biarmipes84_prenac,2252,2253,True
2024.10.24_12-10-34_Biarmipes84_prenac,2255,2257,True
2024.10.24_12-10-34_Biarmipes84_prenac,2259,2265,True
2024.10.24_12-10-34_Biarmipes84_prenac,2273,2275,True
2024.10.24_12-10-34_Biarmipes84_prenac,2289,2289,True
2024.10.24_12-10-34_Biarmipes84_prenac,2425,2426,True
2024.10.24_12-10-34_Biarmipes84_prenac,2428,2442,True
2024.10.24_12-10-34_Biarmipes84_prenac,2444,2473,True
2024.10.24_12-10-34_Biarmipes84_prenac,2476,2478,True
2024.10.24_12-10-34_Biarmipes84_prenac,2480,2483,True
2024.10.24_12-10-34_Biarmipes84_prenac,2485,2485,True
2024.10.24_12-10-34_Biarmipes84_prenac,2487,2488,True
2024.10.24_12-10-34_Biarmipes84_prenac,2490,2501,True
2024.10.24_12-10-34_Biarmipes84_prenac,2503,2503,True
2024.10.24_12-10-34_Biarmipes84_prenac,2506,2512,True
2024.10.24_12-10-34_Biarmipes84_prenac,2514,2515,True
2024.10.24_12-10-34_Biarmipes84_prenac,2517,2517,True
2024.10.24_12-10-34_Biarmipes84_prenac,2522,2522,True
2024.10.24_12-10-34_Biarmipes84_prenac,2524,2524,True
2024.10.24_12-10-34_Biarmipes84_prenac,2526,2528,True
2024.10.24_12-10-34_Biarmipes84_prenac,2530,2536,True
2024.10.24_12-10-34_Biarmipes84_prenac,2538,2540,True
2024.10.24_12-10-34_Biarmipes84_prenac,2542,2542,True
2024.10.24_12-10-34_Biarmipes84_prenac,2544,2544,True
2024.10.24_12-10-34_Biarmipes84_prenac,2546,2548,True
2024.10.24_12-10-34_Biarmipes84_prenac,2551,2551,True
2024.10.24_12-10-34_Biarmipes84_prenac,2553,2553,True
2024.10.24_12-10-34_Biarmipes84_prenac,2555,2557,True
2024.10.24_12-10-34_Biarmipes84_prenac,2574,2574,True
2024.10.24_12-10-34_Biarmipes84_prenac,2601,2601,True
2024.10.24_12-10-34_Biarmipes84_prenac,2604,2604,True
2024.10.24_12-10-34_Biarmipes84_prenac,2606,2608,True
2024.10.24_12-10-34_Biarmipes84_prenac,2610,2615,True
2024.10.24_12-10-34_Biarmipes84_prenac,2621,2621,True
2024.10.24_12-10-34_Biarmipes84_prenac,2628,2828,True
2024.10.24_12-10-34_Biarmipes84_prenac,2837,2837,True
2024.10.24_12-10-34_Biarmipes84_prenac,2839,2864,True
2024.10.24_12-10-34_Biarmipes84_prenac,2866,2866,True
2024.10.24_12-10-34_Biarmipes84_prenac,2874,2924,True
2024.10.24_12-10-34_Biarmipes84_prenac,2949,2951,True
2024.10.24_12-10-34_Biarmipes84_prenac,2954,2955,True
2024.10.24_12-10-34_Biarmipes84_prenac,2958,2959,True
2024.10.24_12-10-34_Biarmipes84_prenac,2962,2967,True
2024.10.24_12-10-34_Biarmipes84_prenac,2970,2970,True
2024.10.24_12-10-34_Biarmipes84_prenac,2972,2973,True
2024.10.24_12-10-34_Biarmipes84_prenac,2981,2985,True
2024.10.24_12-10-34_Biarmipes84_prenac,2987,2987,True
2024.10.24_12-10-34_Biarmipes84_prenac,2989,2989,True
2024.10.24_12-10-34_Biarmipes84_prenac,2993,2993,True
2024.10.24_12-10-34_Biarmipes84_prenac,2995,2995,True
2024.10.24_12-10-34_Biarmipes84_prenac,2999,3000,True
2024.10.24_12-10-34_Biarmipes84_prenac,3003,3004,True
2024.10.24_12-10-34_Biarmipes84_prenac,3010,3013,True
2024.10.24_12-10-34_Biarmipes84_prenac,3021,3021,True
2024.10.24_12-10-34_Biarmipes84_prenac,3032,3032,True
2024.10.24_12-10-34_Biarmipes84_prenac,3043,3046,True
2024.10.24_12-10-34_Biarmipes84_prenac,3052,3052,True
2024.10.24_12-10-34_Biarmipes84_prenac,3076,3076,True
2024.10.24_12-10-34_Biarmipes84_prenac,3089,3089,True
2024.10.24_12-10-34_Biarmipes84_prenac,3103,3103,True
2024.10.24_12-10-34_Biarmipes84_prenac,3125,3125,True
2024.10.24_12-10-34_Biarmipes84_prenac,3162,3163,True
2024.10.24_12-10-34_Biarmipes84_prenac,3171,3171,True
2024.10.24_12-10-34_Biarmipes84_prenac,3176,3176,True
2024.10.24_12-10-34_Biarmipes84_prenac,3189,3190,True
2024.10.24_12-10-34_Biarmipes84_prenac,3199,3204,True
2024.10.24_12-10-34_Biarmipes84_prenac,3264,3267,True
2024.10.24_12-10-34_Biarmipes84_prenac,3273,3273,True
2024.10.24_12-10-34_Biarmipes84_prenac,3281,3283,True
2024.10.24_12-10-34_Biarmipes84_prenac,3289,3289,True
2024.10.24_12-10-34_Biarmipes84_prenac,3291,3291,True
2024.10.24_12-10-34_Biarmipes84_prenac,3293,3295,True
2024.10.24_12-10-34_Biarmipes84_prenac,3336,3410,True
2024.10.24_12-10-34_Biarmipes84_prenac,3433,3496,True
2024.10.24_12-10-34_Biarmipes84_prenac,3498,3530,True
2024.10.24_12-10-34_Biarmipes84_prenac,3532,3552,True
2024.10.24_12-10-34_Biarmipes84_prenac,3554,3559,True
2024.10.24_12-10-34_Biarmipes84_prenac,3588,3620,True
2024.10.24_12-10-34_Biarmipes84_prenac,3622,3702,True
2024.10.24_12-10-34_Biarmipes84_prenac,3918,3918,True
2024.10.24_12-10-34_Biarmipes84_prenac,3920,3922,True
2024.10.24_12-10-34_Biarmipes84_prenac,3925,3925,True
2024.10.24_12-10-34_Biarmipes84_prenac,3927,3927,True
2024.10.24_12-10-34_Biarmipes84_prenac,3929,3938,True
2024.10.24_12-10-34_Biarmipes84_prenac,3942,3942,True
2024.10.24_12-10-34_Biarmipes84_prenac,3945,3945,True
2024.10.24_12-10-34_Biarmipes84_prenac,3949,3950,True
2024.10.24_12-10-34_Biarmipes84_prenac,3955,3955,True
2024.10.24_12-10-34_Biarmipes84_prenac,3962,3962,True
2024.10.24_12-10-34_Biarmipes84_prenac,3965,3965,True
2024.10.24_12-10-34_Biarmipes84_prenac,3967,3967,True
2024.10.24_12-10-34_Biarmipes84_prenac,3985,3986,True
2024.10.24_12-10-34_Biarmipes84_prenac,3994,3994,True
2024.10.24_12-10-34_Biarmipes84_prenac,3999,3999,True
2024.10.24_12-10-34_Biarmipes84_prenac,4001,4002,True
2024.10.24_12-10-34_Biarmipes84_prenac,4004,4004,True
2024.10.24_12-10-34_Biarmipes84_prenac,4007,4007,True
2024.10.24_12-10-34_Biarmipes84_prenac,4017,4017,True
2024.10.24_12-10-34_Biarmipes84_prenac,4021,4021,True
2024.10.24_12-10-34_Biarmipes84_prenac,4024,4024,True
2024.10.24_12-10-34_Biarmipes84_prenac,4026,4026,True
2024.10.24_12-10-34_Biarmipes84_prenac,4028,4028,True
2024.10.24_12-10-34_Biarmipes84_prenac,4033,4034,True
2024.10.24_12-10-34_Biarmipes84_prenac,4048,4048,True
2024.10.24_12-10-34_Biarmipes84_prenac,4051,4051,True
2024.10.24_12-10-34_Biarmipes84_prenac,4055,4055,True
2024.10.24_12-10-34_Biarmipes84_prenac,4057,4057,True
2024.10.24_12-10-34_Biarmipes84_prenac,4060,4060,True
2024.10.24_12-10-34_Biarmipes84_prenac,4067,4070,True
2024.10.24_12-10-34_Biarmipes84_prenac,4072,4072,True
2024.10.24_12-10-34_Biarmipes84_prenac,4074,4074,True
2024.10.24_12-10-34_Biarmipes84_prenac,4076,4076,True
2024.10.24_12-10-34_Biarmipes84_prenac,4082,4085,True
2024.10.24_12-10-34_Biarmipes84_prenac,4090,4090,True
2024.10.24_12-10-34_Biarmipes84_prenac,4093,4093,True
2024.10.24_12-10-34_Biarmipes84_prenac,4095,4095,True
2024.10.24_12-10-34_Biarmipes84_prenac,4111,4111,True
2024.10.24_12-10-34_Biarmipes84_prenac,4113,4114,True
2024.10.24_12-10-34_Biarmipes84_prenac,4120,4120,True
2024.10.24_12-10-34_Biarmipes84_prenac,4127,4127,True
2024.10.24_12-10-34_Biarmipes84_prenac,4135,4135,True
2024.10.24_12-10-34_Biarmipes84_prenac,4142,4142,True
2024.10.24_12-10-34_Biarmipes84_prenac,4148,4148,True
2024.10.24_12-10-34_Biarmipes84_prenac,4159,4160,True
2024.10.24_12-10-34_Biarmipes84_prenac,4167,4167,True
2024.10.24_12-10-34_Biarmipes84_prenac,4172,4173,True
2024.10.24_12-10-34_Biarmipes84_prenac,4179,4179,True
2024.10.24_12-10-34_Biarmipes84_prenac,4182,4182,True
2024.10.24_12-10-34_Biarmipes84_prenac,4189,4190,True
2024.10.24_12-10-34_Biarmipes84_prenac,4196,4198,True
2024.10.24_12-10-34_Biarmipes84_prenac,4203,4203,True
2024.10.24_12-10-34_Biarmipes84_prenac,4207,4207,True
2024.10.24_12-10-34_Biarmipes84_prenac,4212,4213,True
2024.10.24_12-10-34_Biarmipes84_prenac,4215,4215,True
2024.10.24_12-10-34_Biarmipes84_prenac,4221,4226,True
2024.10.24_12-10-34_Biarmipes84_prenac,4234,4235,True
2024.10.24_12-10-34_Biarmipes84_prenac,4237,4238,True
2024.10.24_12-10-34_Biarmipes84_prenac,4240,4240,True
2024.10.24_12-10-34_Biarmipes84_prenac,4242,4242,True
2024.10.24_12-10-34_Biarmipes84_prenac,4247,4251,True
2024.10.24_12-10-34_Biarmipes84_prenac,4253,4259,True
2024.10.24_12-10-34_Biarmipes84_prenac,4261,4262,True
2024.10.24_12-10-34_Biarmipes84_prenac,4268,4270,True
2024.10.24_12-10-34_Biarmipes84_prenac,4273,4280,True
2024.10.24_12-10-34_Biarmipes84_prenac,4282,4282,True
2024.10.24_12-10-34_Biarmipes84_prenac,4284,4333,True
2024.10.24_12-10-34_Biarmipes84_prenac,4335,4645,True
2024.10.24_12-10-34_Biarmipes84_prenac,4648,4650,True
2024.10.24_12-10-34_Biarmipes84_prenac,4653,6539,True
2024.10.24_12-10-34_Biarmipes84_prenac,7405,7405,True
2024.10.24_12-10-34_Biarmipes84_prenac,7407,7407,True
2024.10.24_12-10-34_Biarmipes84_prenac,7409,7415,True
2024.10.24_12-10-34_Biarmipes84_prenac,7422,7427,True
2024.10.24_12-10-34_Biarmipes84_prenac,7429,7430,True
2024.10.24_12-10-34_Biarmipes84_prenac,7435,7437,True
2024.10.24_12-10-34_Biarmipes84_prenac,7441,7442,True
2024.10.24_12-10-34_Biarmipes84_prenac,7445,7448,True
2024.10.24_12-10-34_Biarmipes84_prenac,7451,7452,True
2024.10.24_12-10-34_Biarmipes84_prenac,7454,7454,True
2024.10.24_12-10-34_Biarmipes84_prenac,7489,7489,True
2024.10.24_12-10-34_Biarmipes84_prenac,7544,7544,True
2024.10.24_12-10-34_Biarmipes84_prenac,7550,7554,True
2024.10.24_12-10-34_Biarmipes84_prenac,7556,7556,True
2024.10.24_12-10-34_Biarmipes84_prenac,7558,7573,True
2024.10.24_12-10-34_Biarmipes84_prenac,7586,7588,True
2024.10.24_12-10-34_Biarmipes84_prenac,7590,7598,True
2024.10.24_12-10-34_Biarmipes84_prenac,7603,7605,True
2024.10.24_12-10-34_Biarmipes84_prenac,7608,7608,True
2024.10.24_12-10-34_Biarmipes84_prenac,7622,7624,True
2024.10.24_12-10-34_Biarmipes84_prenac,7627,7628,True
2024.10.24_12-10-34_Biarmipes84_prenac,7634,7636,True
2024.10.24_12-10-34_Biarmipes84_prenac,7642,7644,True
2024.10.24_12-10-34_Biarmipes84_prenac,7651,7660,True
2024.10.24_12-10-34_Biarmipes84_prenac,7665,7667,True
2024.10.24_12-10-34_Biarmipes84_prenac,7882,7884,True
2024.10.24_12-10-34_Biarmipes84_prenac,7890,8006,True
2024.10.24_12-10-34_Biarmipes84_prenac,8009,8727,True
2024.10.31_08-10-47_Biarmipes84_metben,3,1336,True
2024.10.31_08-10-47_Biarmipes84_metben,3480,4995,True
2024.10.31_08-10-47_Biarmipes84_metben,6479,6480,True
2024.10.31_08-10-47_Biarmipes84_metben,6541,6541,True
2024.10.31_08-10-47_Biarmipes84_metben,6543,6546,True
2024.10.31_08-10-47_Biarmipes84_metben,6653,6819,True
2024.10.31_08-10-47_Biarmipes84_metben,6821,6859,True
2024.10.31_08-10-47_Biarmipes84_metben,6861,6869,True
2024.10.31_08-10-47_Biarmipes84_metben,6871,6872,True
2024.10.31_08-10-47_Biarmipes84_metben,6875,6875,True
2024.10.31_08-10-47_Biarmipes84_metben,6877,6877,True
2024.10.31_08-10-47_Biarmipes84_metben,6879,6888,True
2024.10.31_08-10-47_Biarmipes84_metben,6890,6917,True
2024.10.31_08-10-47_Biarmipes84_metben,6919,8359,True
2024.11.13_00-19-29_Sussex_e2hex,3,549,True
2024.11.13_00-19-29_Sussex_e2hex,1513,1522,True
2024.11.13_00-19-29_Sussex_e2hex,2269,2285,True
2024.11.13_00-19-29_Sussex_e2hex,2446,2498,True
2024.11.13_00-19-29_Sussex_e2hex,2500,2522,True
2024.11.13_00-19-29_Sussex_e2hex,2525,2543,True
2024.11.13_00-19-29_Sussex_e2hex,2587,2587,True
2024.11.13_00-19-29_Sussex_e2hex,2589,3202,True
2024.11.13_00-19-29_Sussex_e2hex,3204,3210,True
2024.11.13_00-19-29_Sussex_e2hex,3213,3229,True
2024.11.13_00-19-29_Sussex_e2hex,3231,3251,True
2024.11.13_00-19-29_Sussex_e2hex,3254,3332,True
2024.11.13_00-19-29_Sussex_e2hex,3334,3334,True
2024.11.13_00-19-29_Sussex_e2hex,3344,3428,True
2024.11.13_00-19-29_Sussex_e2hex,4022,5128,True
2024.11.13_00-19-29_Sussex_e2hex,6276,6276,True
2024.11.13_00-19-29_Sussex_e2hex,6279,6449,True
2024.11.13_00-19-29_Sussex_e2hex,6451,6460,True
2024.11.13_00-19-29_Sussex_e2hex,6462,6463,True
2024.11.13_00-19-29_Sussex_e2hex,6482,7080,True
2024.11.13_00-19-29_Sussex_e2hex,7788,7988,True
2024.11.13_00-19-29_Sussex_e2hex,8341,8345,True
2024.11.13_00-19-29_Sussex_e2hex,8349,8353,True
2024.11.13_00-19-29_Sussex_e2hex,8410,8411,True
2024.11.13_00-19-29_Sussex_e2hex,8413,8414,True
2024.11.13_00-19-29_Sussex_e2hex,8416,8417,True
2024.11.13_00-19-29_Sussex_e2hex,8419,8439,True
2024.11.13_00-19-29_Sussex_e2hex,8442,8473,True
2024.11.13_00-19-29_Sussex_e2hex,8475,8492,True
2024.11.13_00-19-29_Sussex_e2hex,8494,8999,True
2024.10.23_07-43-37_Biarmipes84_prenac,3,323,True
2024.10.23_07-43-37_Biarmipes84_prenac,1984,1984,True
2024.10.23_07-43-37_Biarmipes84_prenac,1990,1991,True
2024.10.23_07-43-37_Biarmipes84_prenac,1998,2006,True
2024.10.23_07-43-37_Biarmipes84_prenac,2008,2009,True
2024.10.23_07-43-37_Biarmipes84_prenac,2012,2054,True
2024.10.23_07-43-37_Biarmipes84_prenac,2056,2071,True
2024.10.23_07-43-37_Biarmipes84_prenac,2074,2081,True
2024.10.23_07-43-37_Biarmipes84_prenac,2083,2094,True
2024.10.23_07-43-37_Biarmipes84_prenac,2096,2132,True
2024.10.23_07-43-37_Biarmipes84_prenac,2134,2144,True
2024.10.23_07-43-37_Biarmipes84_prenac,2146,2149,True
2024.10.23_07-43-37_Biarmipes84_prenac,2151,2152,True
2024.10.23_07-43-37_Biarmipes84_prenac,2155,2159,True
2024.10.23_07-43-37_Biarmipes84_prenac,2163,2165,True
2024.10.23_07-43-37_Biarmipes84_prenac,2167,2170,True
2024.10.23_07-43-37_Biarmipes84_prenac,2172,2172,True
2024.10.23_07-43-37_Biarmipes84_prenac,2174,2174,True
2024.10.23_07-43-37_Biarmipes84_prenac,2177,2183,True
2024.10.23_07-43-37_Biarmipes84_prenac,2185,2190,True
2024.10.23_07-43-37_Biarmipes84_prenac,2192,2196,True
2024.10.23_07-43-37_Biarmipes84_prenac,2198,2253,True
2024.10.23_07-43-37_Biarmipes84_prenac,2256,2262,True
2024.10.23_07-43-37_Biarmipes84_prenac,2264,2267,True
2024.10.23_07-43-37_Biarmipes84_prenac,2269,2269,True
2024.10.23_07-43-37_Biarmipes84_prenac,2273,2279,True
2024.10.23_07-43-37_Biarmipes84_prenac,2281,2281,True
2024.10.23_07-43-37_Biarmipes84_prenac,2284,2284,True
2024.10.23_07-43-37_Biarmipes84_prenac,2286,2286,True
2024.10.23_07-43-37_Biarmipes84_prenac,2289,2290,True
2024.10.23_07-43-37_Biarmipes84_prenac,2292,2293,True
2024.10.23_07-43-37_Biarmipes84_prenac,2295,2297,True
2024.10.23_07-43-37_Biarmipes84_prenac,2301,2308,True
2024.10.23_07-43-37_Biarmipes84_prenac,2310,2311,True
2024.10.23_07-43-37_Biarmipes84_prenac,2313,2328,True
2024.10.23_07-43-37_Biarmipes84_prenac,2353,2354,True
2024.10.23_07-43-37_Biarmipes84_prenac,2356,2359,True
2024.10.23_07-43-37_Biarmipes84_prenac,2361,2361,True
2024.10.23_07-43-37_Biarmipes84_prenac,2363,2365,True
2024.10.23_07-43-37_Biarmipes84_prenac,2367,2369,True
2024.10.23_07-43-37_Biarmipes84_prenac,2382,2385,True
2024.10.23_07-43-37_Biarmipes84_prenac,2568,2728,True
2024.10.23_07-43-37_Biarmipes84_prenac,2730,2737,True
2024.10.23_07-43-37_Biarmipes84_prenac,2739,2742,True
2024.10.23_07-43-37_Biarmipes84_prenac,2744,2758,True
2024.10.23_07-43-37_Biarmipes84_prenac,2760,2784,True
2024.10.23_07-43-37_Biarmipes84_prenac,2786,2796,True
2024.10.23_07-43-37_Biarmipes84_prenac,2798,2798,True
2024.10.23_07-43-37_Biarmipes84_prenac,2800,3143,True
2024.10.23_07-43-37_Biarmipes84_prenac,3145,4715,True
2024.10.23_07-43-37_Biarmipes84_prenac,5235,5737,True
2024.10.23_07-43-37_Biarmipes84_prenac,7210,7210,True
2024.10.23_07-43-37_Biarmipes84_prenac,7214,7214,True
2024.10.23_07-43-37_Biarmipes84_prenac,7220,7220,True
2024.10.23_07-43-37_Biarmipes84_prenac,7225,7225,True
2024.10.23_07-43-37_Biarmipes84_prenac,7240,7240,True
2024.10.23_07-43-37_Biarmipes84_prenac,7247,7253,True
2024.10.23_07-43-37_Biarmipes84_prenac,7255,7256,True
2024.10.23_07-43-37_Biarmipes84_prenac,7259,7262,True
2024.10.23_07-43-37_Biarmipes84_prenac,7265,7266,True
2024.10.23_07-43-37_Biarmipes84_prenac,7269,7281,True
2024.10.23_07-43-37_Biarmipes84_prenac,7327,7327,True
2024.10.23_07-43-37_Biarmipes84_prenac,7330,7353,True
2024.10.23_07-43-37_Biarmipes84_prenac,7386,7387,True
2024.10.23_07-43-37_Biarmipes84_prenac,7389,7398,True
2024.10.23_07-43-37_Biarmipes84_prenac,7400,7408,True
2024.10.23_07-43-37_Biarmipes84_prenac,7410,7413,True
2024.10.23_07-43-37_Biarmipes84_prenac,7415,7422,True
2024.10.23_07-43-37_Biarmipes84_prenac,7424,7424,True
2024.10.23_07-43-37_Biarmipes84_prenac,7428,7429,True
2024.10.23_07-43-37_Biarmipes84_prenac,7432,7433,True
2024.10.23_07-43-37_Biarmipes84_prenac,7435,7435,True
2024.10.23_07-43-37_Biarmipes84_prenac,7437,7439,True
2024.10.23_07-43-37_Biarmipes84_prenac,7441,7444,True
2024.10.23_07-43-37_Biarmipes84_prenac,7446,7447,True
2024.10.23_07-43-37_Biarmipes84_prenac,7449,7449,True
2024.10.23_07-43-37_Biarmipes84_prenac,7456,7456,True
2024.10.23_07-43-37_Biarmipes84_prenac,7460,7460,True
2024.10.23_07-43-37_Biarmipes84_prenac,7462,7462,True
2024.10.23_07-43-37_Biarmipes84_prenac,7465,7466,True
2024.10.23_07-43-37_Biarmipes84_prenac,7469,7472,True
2024.10.23_07-43-37_Biarmipes84_prenac,7476,7479,True
2024.10.23_07-43-37_Biarmipes84_prenac,7484,7485,True
2024.10.23_07-43-37_Biarmipes84_prenac,7487,7488,True
2024.10.23_07-43-37_Biarmipes84_prenac,7492,7497,True
2024.10.23_07-43-37_Biarmipes84_prenac,7499,7502,True
2024.10.23_07-43-37_Biarmipes84_prenac,7504,7506,True
2024.10.23_07-43-37_Biarmipes84_prenac,7516,7521,True
2024.10.23_07-43-37_Biarmipes84_prenac,7523,7524,True
2024.10.23_07-43-37_Biarmipes84_prenac,7526,7528,True
2024.10.23_07-43-37_Biarmipes84_prenac,7531,7531,True
2024.10.23_07-43-37_Biarmipes84_prenac,7535,7536,True
2024.10.23_07-43-37_Biarmipes84_prenac,7538,7543,True
2024.10.23_07-43-37_Biarmipes84_prenac,7545,7547,True
2024.10.23_07-43-37_Biarmipes84_prenac,7551,7552,True
2024.10.23_07-43-37_Biarmipes84_prenac,7554,7554,True
2024.10.23_07-43-37_Biarmipes84_prenac,7557,7558,True
2024.10.23_07-43-37_Biarmipes84_prenac,7560,7560,True
2024.10.23_07-43-37_Biarmipes84_prenac,7562,7562,True
2024.10.23_07-43-37_Biarmipes84_prenac,7564,7567,True
2024.10.23_07-43-37_Biarmipes84_prenac,7570,7570,True
2024.10.23_07-43-37_Biarmipes84_prenac,7572,7576,True
2024.10.23_07-43-37_Biarmipes84_prenac,7578,7584,True
2024.10.23_07-43-37_Biarmipes84_prenac,7586,7590,True
2024.10.23_07-43-37_Biarmipes84_prenac,7592,7594,True
2024.10.23_07-43-37_Biarmipes84_prenac,7596,7596,True
2024.10.23_07-43-37_Biarmipes84_prenac,7598,7603,True
2024.10.23_07-43-37_Biarmipes84_prenac,7605,7606,True
2024.10.23_07-43-37_Biarmipes84_prenac,7608,7608,True
2024.10.23_07-43-37_Biarmipes84_prenac,7610,7618,True
2024.10.23_07-43-37_Biarmipes84_prenac,7620,7633,True
2024.10.23_07-43-37_Biarmipes84_prenac,7635,7641,True
2024.10.23_07-43-37_Biarmipes84_prenac,7643,7715,True
2024.10.23_07-43-37_Biarmipes84_prenac,7720,7788,True
2024.10.23_07-43-37_Biarmipes84_prenac,7790,7828,True
2024.10.23_07-43-37_Biarmipes84_prenac,7830,7832,True
2024.10.23_07-43-37_Biarmipes84_prenac,7834,7836,True
2024.10.23_07-43-37_Biarmipes84_prenac,7838,7841,True
2024.10.23_07-43-37_Biarmipes84_prenac,7844,7858,True
2024.10.23_07-43-37_Biarmipes84_prenac,7860,7863,True
2024.10.23_07-43-37_Biarmipes84_prenac,7865,7884,True
2024.10.23_07-43-37_Biarmipes84_prenac,7886,7886,True
2024.10.23_07-43-37_Biarmipes84_prenac,7888,7888,True
2024.10.23_07-43-37_Biarmipes84_prenac,7890,7910,True
2024.10.23_07-43-37_Biarmipes84_prenac,7912,7912,True
2024.10.23_07-43-37_Biarmipes84_prenac,7917,7919,True
2024.10.23_07-43-37_Biarmipes84_prenac,7922,7922,True
2024.10.23_07-43-37_Biarmipes84_prenac,7926,7927,True
2024.10.23_07-43-37_Biarmipes84_prenac,7929,7932,True
2024.10.23_07-43-37_Biarmipes84_prenac,7934,7934,True
2024.10.23_07-43-37_Biarmipes84_prenac,7939,7941,True
2024.10.23_07-43-37_Biarmipes84_prenac,7943,7943,True
2024.10.23_07-43-37_Biarmipes84_prenac,7945,7947,True
2024.10.23_07-43-37_Biarmipes84_prenac,7949,7956,True
2024.10.23_07-43-37_Biarmipes84_prenac,7960,7961,True
2024.10.23_07-43-37_Biarmipes84_prenac,7963,7963,True
2024.10.23_07-43-37_Biarmipes84_prenac,7965,7965,True
2024.10.23_07-43-37_Biarmipes84_prenac,7968,7970,True
2024.10.23_07-43-37_Biarmipes84_prenac,7973,7974,True
2024.10.23_07-43-37_Biarmipes84_prenac,7976,7976,True
2024.10.23_07-43-37_Biarmipes84_prenac,7978,7979,True
2024.10.23_07-43-37_Biarmipes84_prenac,7981,7981,True
2024.10.23_07-43-37_Biarmipes84_prenac,7983,7983,True
2024.10.23_07-43-37_Biarmipes84_prenac,7985,7986,True
2024.10.23_07-43-37_Biarmipes84_prenac,8077,8910,True
2024.12.19_16-11-58_Sto_car_2hex,2195,2254,True
2024.12.19_16-11-58_Sto_car_2hex,2271,2305,True
2024.12.19_16-11-58_Sto_car_2hex,2339,2361,True
2024.12.19_16-11-58_Sto_car_2hex,2394,3273,True
2024.12.19_16-11-58_Sto_car_2hex,3275,3660,True
2024.12.19_16-11-58_Sto_car_2hex,3723,3746,True
2024.12.19_16-11-58_Sto_car_2hex,4771,4951,True
2024.12.19_16-11-58_Sto_car_2hex,4953,5483,True
2024.12.19_16-11-58_Sto_car_2hex,5825,5826,True
2024.12.19_16-11-58_Sto_car_2hex,5848,5864,True
2024.12.19_16-11-58_Sto_car_2hex,5997,5998,True
2024.12.19_16-11-58_Sto_car_2hex,6000,6005,True
2024.12.19_16-11-58_Sto_car_2hex,6093,6096,True
2024.12.19_16-11-58_Sto_car_2hex,6098,6098,True
2024.12.19_16-11-58_Sto_car_2hex,6100,6102,True
2024.12.19_16-11-58_Sto_car_2hex,6104,6128,True
2024.12.19_16-11-58_Sto_car_2hex,7132,7148,True
2024.12.19_16-11-58_Sto_car_2hex,7172,7172,True
2024.12.19_16-11-58_Sto_car_2hex,7218,7219,True
2024.12.19_16-11-58_Sto_car_2hex,7228,8057,True
2024.10.10_13-41-00_Biarmipes84_1hexanol,3,42,True
2024.10.10_13-41-00_Biarmipes84_1hexanol,46,48,True
2024.10.10_13-41-00_Biarmipes84_1hexanol,70,70,True
2024.10.10_13-41-00_Biarmipes84_1hexanol,73,75,True
2024.10.10_13-41-00_Biarmipes84_1hexanol,77,84,True
2024.10.10_13-41-00_Biarmipes84_1hexanol,105,308,True
2024.10.10_13-41-00_Biarmipes84_1hexanol,346,422,True
2024.10.10_13-41-00_Biarmipes84_1hexanol,438,445,True
2024.10.10_13-41-00_Biarmipes84_1hexanol,447,460,True
2024.10.10_13-41-00_Biarmipes84_1hexanol,462,514,True
2024.10.10_13-41-00_Biarmipes84_1hexanol,523,565,True
2024.10.10_13-41-00_Biarmipes84_1hexanol,592,592,True
2024.10.10_13-41-00_Biarmipes84_1hexanol,594,594,True
2024.10.10_13-41-00_Biarmipes84_1hexanol,596,626,True
2024.10.10_13-41-00_Biarmipes84_1hexanol,632,1186,True
2024.10.10_13-41-00_Biarmipes84_1hexanol,1288,1307,True
2024.10.10_13-41-00_Biarmipes84_1hexanol,1431,1458,True
2024.10.10_13-41-00_Biarmipes84_1hexanol,1461,1596,True
2024.10.10_13-41-00_Biarmipes84_1hexanol,1599,1650,True
2024.10.10_13-41-00_Biarmipes84_1hexanol,1655,1781,True
2024.10.10_13-41-00_Biarmipes84_1hexanol,1800,1870,True
2024.10.10_13-41-00_Biarmipes84_1hexanol,1887,1900,True
2024.10.10_13-41-00_Biarmipes84_1hexanol,1904,2023,True
2024.10.10_13-41-00_Biarmipes84_1hexanol,2048,2053,True
2024.10.10_13-41-00_Biarmipes84_1hexanol,2055,2255,True
2024.10.10_13-41-00_Biarmipes84_1hexanol,2257,2303,True
2024.10.10_13-41-00_Biarmipes84_1hexanol,2307,2354,True
2024.10.10_13-41-00_Biarmipes84_1hexanol,2356,2357,True
2024.10.10_13-41-00_Biarmipes84_1hexanol,2360,2395,True
2024.10.10_13-41-00_Biarmipes84_1hexanol,2397,2478,True
2024.10.10_13-41-00_Biarmipes84_1hexanol,2597,2611,True
2024.10.10_13-41-00_Biarmipes84_1hexanol,2830,2839,True
2024.10.10_13-41-00_Biarmipes84_1hexanol,2908,2908,True
2024.10.10_13-41-00_Biarmipes84_1hexanol,2911,2969,True
2024.10.10_13-41-00_Biarmipes84_1hexanol,3040,3061,True
2024.10.10_13-41-00_Biarmipes84_1hexanol,3215,3215,True
2024.10.10_13-41-00_Biarmipes84_1hexanol,3222,3392,True
2024.10.10_13-41-00_Biarmipes84_1hexanol,4838,5180,True
2024.10.10_13-41-00_Biarmipes84_1hexanol,5404,5829,True
2024.10.10_13-41-00_Biarmipes84_1hexanol,5953,6039,True
2024.10.10_13-41-00_Biarmipes84_1hexanol,6041,6082,True
2024.10.10_13-41-00_Biarmipes84_1hexanol,6102,6107,True
2024.10.10_13-41-00_Biarmipes84_1hexanol,6109,6153,True
2024.10.10_13-41-00_Biarmipes84_1hexanol,6160,6179,True
2024.10.10_13-41-00_Biarmipes84_1hexanol,6183,6252,True
2024.10.10_13-41-00_Biarmipes84_1hexanol,6273,6301,True
2024.10.10_13-41-00_Biarmipes84_1hexanol,6304,6556,True
2024.10.10_13-41-00_Biarmipes84_1hexanol,6719,6745,True
2024.10.10_13-41-00_Biarmipes84_1hexanol,6847,6859,True
2024.10.10_13-41-00_Biarmipes84_1hexanol,7217,7228,True
2024.10.10_13-41-00_Biarmipes84_1hexanol,7325,7334,True
2024.10.10_13-41-00_Biarmipes84_1hexanol,8125,8211,True
2024.10.10_13-41-00_Biarmipes84_1hexanol,8229,8503,True
2024.10.10_13-41-00_Biarmipes84_1hexanol,8526,8995,True
2024.10.23_08-17-31_Biarmipes84_prenac,3,838,True
2024.10.23_08-17-31_Biarmipes84_prenac,3587,3589,True
2024.10.23_08-17-31_Biarmipes84_prenac,3591,3591,True
2024.10.23_08-17-31_Biarmipes84_prenac,3755,3756,True
2024.10.23_08-17-31_Biarmipes84_prenac,4058,4059,True
2024.10.23_08-17-31_Biarmipes84_prenac,4175,4175,True
2024.10.23_08-17-31_Biarmipes84_prenac,4362,4369,True
2024.10.23_08-17-31_Biarmipes84_prenac,4386,4386,True
2024.10.23_08-17-31_Biarmipes84_prenac,4388,4412,True
2024.10.23_08-17-31_Biarmipes84_prenac,4414,4420,True
2024.10.23_08-17-31_Biarmipes84_prenac,4426,4469,True
2024.10.23_08-17-31_Biarmipes84_prenac,4471,4502,True
2024.10.23_08-17-31_Biarmipes84_prenac,4504,4505,True
2024.10.23_08-17-31_Biarmipes84_prenac,4508,4523,True
2024.10.23_08-17-31_Biarmipes84_prenac,4525,4590,True
2024.10.23_08-17-31_Biarmipes84_prenac,4592,4593,True
2024.10.23_08-17-31_Biarmipes84_prenac,4595,4598,True
2024.10.23_08-17-31_Biarmipes84_prenac,4601,4603,True
2024.10.23_08-17-31_Biarmipes84_prenac,4605,4611,True
2024.10.23_08-17-31_Biarmipes84_prenac,4618,4619,True
2024.10.23_08-17-31_Biarmipes84_prenac,4624,4625,True
2024.10.23_08-17-31_Biarmipes84_prenac,4628,4628,True
2024.10.23_08-17-31_Biarmipes84_prenac,4632,4633,True
2024.10.23_08-17-31_Biarmipes84_prenac,4639,4639,True
2024.10.23_08-17-31_Biarmipes84_prenac,4644,4647,True
2024.10.23_08-17-31_Biarmipes84_prenac,4650,4650,True
2024.10.23_08-17-31_Biarmipes84_prenac,4654,4656,True
2024.10.23_08-17-31_Biarmipes84_prenac,4662,4663,True
2024.10.23_08-17-31_Biarmipes84_prenac,4666,4667,True
2024.10.23_08-17-31_Biarmipes84_prenac,4669,4674,True
2024.10.23_08-17-31_Biarmipes84_prenac,4676,4676,True
2024.10.23_08-17-31_Biarmipes84_prenac,4679,4681,True
2024.10.23_08-17-31_Biarmipes84_prenac,4683,4683,True
2024.10.23_08-17-31_Biarmipes84_prenac,4685,4697,True
2024.10.23_08-17-31_Biarmipes84_prenac,4699,4703,True
2024.10.23_08-17-31_Biarmipes84_prenac,4709,4721,True
2024.10.23_08-17-31_Biarmipes84_prenac,4726,4727,True
2024.10.23_08-17-31_Biarmipes84_prenac,4730,4730,True
2024.10.23_08-17-31_Biarmipes84_prenac,4735,4735,True
2024.10.23_08-17-31_Biarmipes84_prenac,4758,4760,True
2024.10.23_08-17-31_Biarmipes84_prenac,4762,4765,True
2024.10.23_08-17-31_Biarmipes84_prenac,4771,4772,True
2024.10.23_08-17-31_Biarmipes84_prenac,4810,4810,True
2024.10.23_08-17-31_Biarmipes84_prenac,4825,4826,True
2024.10.23_08-17-31_Biarmipes84_prenac,4828,4828,True
2024.10.23_08-17-31_Biarmipes84_prenac,4831,4831,True
2024.10.23_08-17-31_Biarmipes84_prenac,4837,4837,True
2024.10.23_08-17-31_Biarmipes84_prenac,4848,4848,True
2024.10.23_08-17-31_Biarmipes84_prenac,4850,4850,True
2024.10.23_08-17-31_Biarmipes84_prenac,4853,4868,True
2024.10.23_08-17-31_Biarmipes84_prenac,4870,4871,True
2024.10.23_08-17-31_Biarmipes84_prenac,4873,4873,True
2024.10.23_08-17-31_Biarmipes84_prenac,4876,4876,True
2024.10.23_08-17-31_Biarmipes84_prenac,4878,4879,True
2024.10.23_08-17-31_Biarmipes84_prenac,4881,4881,True
2024.10.23_08-17-31_Biarmipes84_prenac,4883,4892,True
2024.10.23_08-17-31_Biarmipes84_prenac,4894,4896,True
2024.10.23_08-17-31_Biarmipes84_prenac,4901,4901,True
2024.10.23_08-17-31_Biarmipes84_prenac,4903,4904,True
2024.10.23_08-17-31_Biarmipes84_prenac,4911,4911,True
2024.10.23_08-17-31_Biarmipes84_prenac,4914,4916,True
2024.10.23_08-17-31_Biarmipes84_prenac,4919,4922,True
2024.10.23_08-17-31_Biarmipes84_prenac,4927,4927,True
2024.10.23_08-17-31_Biarmipes84_prenac,4930,4930,True
2024.10.23_08-17-31_Biarmipes84_prenac,4933,4935,True
2024.10.23_08-17-31_Biarmipes84_prenac,4937,4940,True
2024.10.23_08-17-31_Biarmipes84_prenac,4942,4944,True
2024.10.23_08-17-31_Biarmipes84_prenac,4946,4946,True
2024.10.23_08-17-31_Biarmipes84_prenac,4948,4948,True
2024.10.23_08-17-31_Biarmipes84_prenac,4950,4950,True
2024.10.23_08-17-31_Biarmipes84_prenac,4953,4954,True
2024.10.23_08-17-31_Biarmipes84_prenac,4956,4959,True
2024.10.23_08-17-31_Biarmipes84_prenac,4964,4965,True
2024.10.23_08-17-31_Biarmipes84_prenac,4967,5180,True
2024.10.23_08-17-31_Biarmipes84_prenac,5182,5303,True
2024.10.23_08-17-31_Biarmipes84_prenac,5307,5387,True
2024.10.23_08-17-31_Biarmipes84_prenac,5389,5445,True
2024.10.23_08-17-31_Biarmipes84_prenac,5447,5456,True
2024.10.23_08-17-31_Biarmipes84_prenac,5458,5511,True
2024.10.23_08-17-31_Biarmipes84_prenac,5513,5541,True
2024.10.23_08-17-31_Biarmipes84_prenac,5574,5586,True
2024.10.23_08-17-31_Biarmipes84_prenac,5591,5591,True
2024.10.23_08-17-31_Biarmipes84_prenac,5593,5593,True
2024.10.23_08-17-31_Biarmipes84_prenac,5596,5596,True
2024.10.23_08-17-31_Biarmipes84_prenac,5598,5598,True
2024.10.23_08-17-31_Biarmipes84_prenac,5604,5605,True
2024.10.23_08-17-31_Biarmipes84_prenac,5608,5609,True
2024.10.23_08-17-31_Biarmipes84_prenac,5612,5615,True
2024.10.23_08-17-31_Biarmipes84_prenac,5618,5625,True
2024.10.23_08-17-31_Biarmipes84_prenac,5627,5627,True
2024.10.23_08-17-31_Biarmipes84_prenac,5636,5636,True
2024.10.23_08-17-31_Biarmipes84_prenac,5650,5656,True
2024.10.23_08-17-31_Biarmipes84_prenac,5662,5664,True
2024.10.23_08-17-31_Biarmipes84_prenac,5676,5677,True
2024.10.23_08-17-31_Biarmipes84_prenac,5679,5681,True
2024.10.23_08-17-31_Biarmipes84_prenac,5683,5692,True
2024.10.23_08-17-31_Biarmipes84_prenac,5694,5742,True
2024.10.23_08-17-31_Biarmipes84_prenac,5748,5748,True
2024.10.23_08-17-31_Biarmipes84_prenac,5750,5751,True
2024.10.23_08-17-31_Biarmipes84_prenac,5754,5757,True
2024.10.23_08-17-31_Biarmipes84_prenac,5767,5771,True
2024.10.23_08-17-31_Biarmipes84_prenac,5773,5773,True
2024.10.23_08-17-31_Biarmipes84_prenac,5775,5778,True
2024.10.23_08-17-31_Biarmipes84_prenac,5780,5781,True
2024.10.23_08-17-31_Biarmipes84_prenac,5790,5790,True
2024.10.23_08-17-31_Biarmipes84_prenac,5797,5801,True
2024.10.23_08-17-31_Biarmipes84_prenac,5803,5809,True
2024.10.23_08-17-31_Biarmipes84_prenac,5816,5821,True
2024.10.23_08-17-31_Biarmipes84_prenac,5823,5823,True
2024.10.23_08-17-31_Biarmipes84_prenac,5827,5827,True
2024.10.23_08-17-31_Biarmipes84_prenac,5834,5844,True
2024.10.23_08-17-31_Biarmipes84_prenac,5846,5847,True
2024.10.23_08-17-31_Biarmipes84_prenac,5849,5849,True
2024.10.23_08-17-31_Biarmipes84_prenac,6053,6053,True
2024.10.23_08-17-31_Biarmipes84_prenac,6057,6058,True
2024.10.23_08-17-31_Biarmipes84_prenac,6068,6068,True
2024.10.23_08-17-31_Biarmipes84_prenac,6070,6072,True
2024.10.23_08-17-31_Biarmipes84_prenac,6076,6076,True
2024.10.23_08-17-31_Biarmipes84_prenac,6080,6080,True
2024.10.23_08-17-31_Biarmipes84_prenac,6084,6084,True
2024.10.23_08-17-31_Biarmipes84_prenac,6089,6122,True
2024.10.23_08-17-31_Biarmipes84_prenac,6124,6128,True
2024.10.23_08-17-31_Biarmipes84_prenac,6133,6133,True
2024.10.23_08-17-31_Biarmipes84_prenac,6135,6135,True
2024.10.23_08-17-31_Biarmipes84_prenac,6139,6140,True
2024.10.23_08-17-31_Biarmipes84_prenac,6148,6148,True
2024.10.23_08-17-31_Biarmipes84_prenac,6153,6157,True
2024.10.23_08-17-31_Biarmipes84_prenac,6159,6160,True
2024.10.23_08-17-31_Biarmipes84_prenac,6168,6168,True
2024.10.23_08-17-31_Biarmipes84_prenac,6170,6170,True
2024.10.23_08-17-31_Biarmipes84_prenac,6176,6176,True
2024.10.23_08-17-31_Biarmipes84_prenac,6181,6181,True
2024.10.23_08-17-31_Biarmipes84_prenac,6184,6186,True
2024.10.23_08-17-31_Biarmipes84_prenac,6189,6189,True
2024.10.23_08-17-31_Biarmipes84_prenac,6194,6194,True
2024.10.23_08-17-31_Biarmipes84_prenac,6200,6207,True
2024.10.23_08-17-31_Biarmipes84_prenac,6234,6239,True
2024.10.23_08-17-31_Biarmipes84_prenac,6245,6245,True
2024.10.23_08-17-31_Biarmipes84_prenac,6248,6248,True
2024.10.23_08-17-31_Biarmipes84_prenac,6250,6250,True
2024.10.23_08-17-31_Biarmipes84_prenac,6269,6270,True
2024.10.23_08-17-31_Biarmipes84_prenac,6276,6276,True
2024.10.23_08-17-31_Biarmipes84_prenac,6280,6280,True
2024.10.23_08-17-31_Biarmipes84_prenac,6288,6289,True
2024.10.23_08-17-31_Biarmipes84_prenac,6296,6297,True
2024.10.23_08-17-31_Biarmipes84_prenac,6307,6307,True
2024.10.23_08-17-31_Biarmipes84_prenac,6316,6316,True
2024.10.23_08-17-31_Biarmipes84_prenac,6324,6327,True
2024.10.23_08-17-31_Biarmipes84_prenac,6329,6330,True
2024.10.23_08-17-31_Biarmipes84_prenac,6332,6332,True
2024.10.23_08-17-31_Biarmipes84_prenac,6339,6342,True
2024.10.23_08-17-31_Biarmipes84_prenac,6344,6344,True
2024.10.23_08-17-31_Biarmipes84_prenac,6346,6347,True
2024.10.23_08-17-31_Biarmipes84_prenac,6349,6349,True
2024.10.23_08-17-31_Biarmipes84_prenac,6354,6354,True
2024.10.23_08-17-31_Biarmipes84_prenac,6356,6356,True
2024.10.23_08-17-31_Biarmipes84_prenac,6364,6365,True
2024.10.23_08-17-31_Biarmipes84_prenac,6379,6379,True
2024.10.23_08-17-31_Biarmipes84_prenac,6388,6388,True
2024.10.23_08-17-31_Biarmipes84_prenac,6408,6410,True
2024.10.23_08-17-31_Biarmipes84_prenac,6413,6413,True
2024.10.23_08-17-31_Biarmipes84_prenac,6433,6435,True
2024.10.23_08-17-31_Biarmipes84_prenac,6449,6449,True
2024.10.23_08-17-31_Biarmipes84_prenac,6464,6468,True
2024.10.23_08-17-31_Biarmipes84_prenac,6480,6481,True
2024.10.23_08-17-31_Biarmipes84_prenac,6483,6484,True
2024.10.23_08-17-31_Biarmipes84_prenac,6486,6487,True
2024.10.23_08-17-31_Biarmipes84_prenac,6500,6509,True
2024.10.23_08-17-31_Biarmipes84_prenac,6514,6516,True
2024.10.23_08-17-31_Biarmipes84_prenac,6519,6520,True
2024.10.23_08-17-31_Biarmipes84_prenac,6525,6525,True
2024.10.23_08-17-31_Biarmipes84_prenac,6534,6534,True
2024.10.23_08-17-31_Biarmipes84_prenac,6541,6541,True
2024.10.23_08-17-31_Biarmipes84_prenac,6543,6543,True
2024.10.23_08-17-31_Biarmipes84_prenac,6545,6546,True
2024.10.23_08-17-31_Biarmipes84_prenac,6550,6550,True
2024.10.23_08-17-31_Biarmipes84_prenac,6552,6555,True
2024.10.23_08-17-31_Biarmipes84_prenac,6564,6564,True
2024.10.23_08-17-31_Biarmipes84_prenac,6573,6574,True
2024.10.23_08-17-31_Biarmipes84_prenac,6586,6587,True
2024.10.23_08-17-31_Biarmipes84_prenac,6595,6595,True
2024.10.23_08-17-31_Biarmipes84_prenac,6598,6598,True
2024.10.23_08-17-31_Biarmipes84_prenac,6604,6606,True
2024.10.23_08-17-31_Biarmipes84_prenac,6613,6616,True
2024.10.23_08-17-31_Biarmipes84_prenac,6629,6629,True
2024.10.23_08-17-31_Biarmipes84_prenac,6631,6631,True
2024.10.23_08-17-31_Biarmipes84_prenac,6634,6634,True
2024.10.23_08-17-31_Biarmipes84_prenac,6642,6643,True
2024.10.23_08-17-31_Biarmipes84_prenac,6662,6666,True
2024.10.23_08-17-31_Biarmipes84_prenac,6668,6670,True
2024.10.23_08-17-31_Biarmipes84_prenac,6675,6678,True
2024.10.23_08-17-31_Biarmipes84_prenac,6682,6685,True
2024.10.23_08-17-31_Biarmipes84_prenac,6687,6696,True
2024.10.23_08-17-31_Biarmipes84_prenac,6709,6711,True
2024.10.23_08-17-31_Biarmipes84_prenac,6715,6715,True
2024.10.23_08-17-31_Biarmipes84_prenac,6719,6720,True
2024.10.23_08-17-31_Biarmipes84_prenac,6734,6743,True
2024.10.23_08-17-31_Biarmipes84_prenac,6751,6751,True
2024.10.23_08-17-31_Biarmipes84_prenac,6756,6761,True
2024.10.23_08-17-31_Biarmipes84_prenac,6763,6763,True
2024.10.23_08-17-31_Biarmipes84_prenac,6765,6765,True
2024.10.23_08-17-31_Biarmipes84_prenac,6767,6769,True
2024.10.23_08-17-31_Biarmipes84_prenac,6776,6776,True
2024.10.23_08-17-31_Biarmipes84_prenac,6778,6778,True
2024.10.23_08-17-31_Biarmipes84_prenac,6780,6783,True
2024.10.23_08-17-31_Biarmipes84_prenac,6786,6786,True
2024.10.23_08-17-31_Biarmipes84_prenac,6790,6791,True
2024.10.23_08-17-31_Biarmipes84_prenac,6793,6793,True
2024.10.23_08-17-31_Biarmipes84_prenac,6799,6804,True
2024.10.23_08-17-31_Biarmipes84_prenac,6813,6815,True
2024.10.23_08-17-31_Biarmipes84_prenac,6820,6820,True
2024.10.23_08-17-31_Biarmipes84_prenac,6823,6823,True
2024.10.23_08-17-31_Biarmipes84_prenac,6825,6828,True
2024.10.23_08-17-31_Biarmipes84_prenac,6832,6832,True
2024.10.23_08-17-31_Biarmipes84_prenac,6846,6846,True
2024.10.23_08-17-31_Biarmipes84_prenac,6850,6851,True
2024.10.23_08-17-31_Biarmipes84_prenac,6853,6854,True
2024.10.23_08-17-31_Biarmipes84_prenac,6861,6863,True
2024.10.23_08-17-31_Biarmipes84_prenac,6865,6868,True
2024.10.23_08-17-31_Biarmipes84_prenac,6873,6873,True
2024.10.23_08-17-31_Biarmipes84_prenac,6875,6875,True
2024.10.23_08-17-31_Biarmipes84_prenac,6877,6878,True
2024.10.23_08-17-31_Biarmipes84_prenac,6892,6893,True
2024.10.23_08-17-31_Biarmipes84_prenac,6896,6896,True
2024.10.23_08-17-31_Biarmipes84_prenac,6901,6901,True
2024.10.23_08-17-31_Biarmipes84_prenac,6905,6907,True
2024.10.23_08-17-31_Biarmipes84_prenac,6913,6913,True
2024.10.23_08-17-31_Biarmipes84_prenac,6920,6921,True
2024.10.23_08-17-31_Biarmipes84_prenac,6924,6925,True
2024.10.23_08-17-31_Biarmipes84_prenac,6940,6940,True
2024.10.23_08-17-31_Biarmipes84_prenac,6944,6946,True
2024.10.23_08-17-31_Biarmipes84_prenac,6948,6948,True
2024.10.23_08-17-31_Biarmipes84_prenac,6954,6954,True
2024.10.23_08-17-31_Biarmipes84_prenac,6956,6957,True
2024.10.23_08-17-31_Biarmipes84_prenac,6959,6964,True
2024.10.23_08-17-31_Biarmipes84_prenac,6966,6968,True
2024.10.23_08-17-31_Biarmipes84_prenac,6978,6978,True
2024.10.23_08-17-31_Biarmipes84_prenac,6983,6986,True
2024.10.23_08-17-31_Biarmipes84_prenac,6995,6998,True
2024.10.23_08-17-31_Biarmipes84_prenac,7018,7021,True
2024.10.23_08-17-31_Biarmipes84_prenac,7030,7030,True
2024.10.23_08-17-31_Biarmipes84_prenac,7040,7040,True
2024.10.23_08-17-31_Biarmipes84_prenac,7058,7058,True
2024.10.23_08-17-31_Biarmipes84_prenac,7060,7062,True
2024.10.23_08-17-31_Biarmipes84_prenac,7064,7066,True
2024.10.23_08-17-31_Biarmipes84_prenac,7069,7069,True
2024.10.23_08-17-31_Biarmipes84_prenac,7071,7071,True
2024.10.23_08-17-31_Biarmipes84_prenac,7073,7073,True
2024.10.23_08-17-31_Biarmipes84_prenac,7076,7076,True
2024.10.23_08-17-31_Biarmipes84_prenac,7078,7078,True
2024.10.23_08-17-31_Biarmipes84_prenac,7081,7087,True
2024.10.23_08-17-31_Biarmipes84_prenac,7091,7091,True
2024.10.23_08-17-31_Biarmipes84_prenac,7097,7100,True
2024.10.23_08-17-31_Biarmipes84_prenac,7105,7105,True
2024.10.23_08-17-31_Biarmipes84_prenac,7112,7116,True
2024.10.23_08-17-31_Biarmipes84_prenac,7120,7121,True
2024.10.23_08-17-31_Biarmipes84_prenac,7133,7133,True
2024.10.23_08-17-31_Biarmipes84_prenac,7135,7135,True
2024.10.23_08-17-31_Biarmipes84_prenac,7146,7146,True
2024.10.23_08-17-31_Biarmipes84_prenac,7156,7156,True
2024.10.23_08-17-31_Biarmipes84_prenac,7162,7163,True
2024.10.23_08-17-31_Biarmipes84_prenac,7167,7169,True
2024.10.23_08-17-31_Biarmipes84_prenac,7171,7173,True
2024.10.23_08-17-31_Biarmipes84_prenac,7188,7188,True
2024.10.23_08-17-31_Biarmipes84_prenac,7193,7195,True
2024.10.23_08-17-31_Biarmipes84_prenac,7200,7202,True
2024.10.23_08-17-31_Biarmipes84_prenac,7205,7205,True
2024.10.23_08-17-31_Biarmipes84_prenac,7207,7209,True
2024.10.23_08-17-31_Biarmipes84_prenac,7215,7217,True
2024.10.23_08-17-31_Biarmipes84_prenac,7219,7223,True
2024.10.23_08-17-31_Biarmipes84_prenac,7252,7252,True
2024.10.23_08-17-31_Biarmipes84_prenac,7257,7260,True
2024.10.23_08-17-31_Biarmipes84_prenac,7262,7262,True
2024.10.23_08-17-31_Biarmipes84_prenac,7272,7275,True
2024.10.23_08-17-31_Biarmipes84_prenac,7279,7279,True
2024.10.23_08-17-31_Biarmipes84_prenac,7289,7291,True
2024.10.23_08-17-31_Biarmipes84_prenac,7300,7302,True
2024.10.23_08-17-31_Biarmipes84_prenac,7316,7317,True
2024.10.23_08-17-31_Biarmipes84_prenac,7320,7321,True
2024.10.23_08-17-31_Biarmipes84_prenac,7330,7330,True
2024.10.23_08-17-31_Biarmipes84_prenac,7334,7335,True
2024.10.23_08-17-31_Biarmipes84_prenac,7341,7342,True
2024.10.23_08-17-31_Biarmipes84_prenac,7344,7344,True
2024.10.23_08-17-31_Biarmipes84_prenac,7359,7359,True
2024.10.23_08-17-31_Biarmipes84_prenac,7368,7368,True
2024.10.23_08-17-31_Biarmipes84_prenac,7370,7373,True
2024.10.23_08-17-31_Biarmipes84_prenac,7377,7377,True
2024.10.23_08-17-31_Biarmipes84_prenac,7383,7383,True
2024.10.23_08-17-31_Biarmipes84_prenac,7409,7409,True
2024.10.23_08-17-31_Biarmipes84_prenac,7423,7425,True
2024.10.23_08-17-31_Biarmipes84_prenac,7429,7431,True
2024.10.23_08-17-31_Biarmipes84_prenac,7434,7434,True
2024.10.23_08-17-31_Biarmipes84_prenac,7436,7436,True
2024.10.23_08-17-31_Biarmipes84_prenac,7439,7445,True
2024.10.23_08-17-31_Biarmipes84_prenac,7447,7448,True
2024.10.23_08-17-31_Biarmipes84_prenac,7456,7457,True
2024.10.23_08-17-31_Biarmipes84_prenac,7459,7462,True
2024.10.23_08-17-31_Biarmipes84_prenac,7477,7478,True
2024.10.23_08-17-31_Biarmipes84_prenac,7481,7483,True
2024.10.23_08-17-31_Biarmipes84_prenac,7488,7488,True
2024.10.23_08-17-31_Biarmipes84_prenac,7492,7492,True
2024.10.23_08-17-31_Biarmipes84_prenac,7494,7495,True
2024.10.23_08-17-31_Biarmipes84_prenac,7507,7508,True
2024.10.23_08-17-31_Biarmipes84_prenac,7510,7511,True
2024.10.23_08-17-31_Biarmipes84_prenac,7535,7535,True
2024.10.23_08-17-31_Biarmipes84_prenac,7537,7537,True
2024.10.23_08-17-31_Biarmipes84_prenac,7549,7556,True
2024.10.23_08-17-31_Biarmipes84_prenac,7558,7560,True
2024.10.23_08-17-31_Biarmipes84_prenac,7571,7573,True
2024.10.23_08-17-31_Biarmipes84_prenac,7576,7579,True
2024.10.23_08-17-31_Biarmipes84_prenac,7581,7582,True
2024.10.23_08-17-31_Biarmipes84_prenac,7588,7593,True
2024.10.23_08-17-31_Biarmipes84_prenac,7604,7608,True
2024.10.23_08-17-31_Biarmipes84_prenac,7613,7613,True
2024.10.23_08-17-31_Biarmipes84_prenac,7615,7615,True
2024.10.23_08-17-31_Biarmipes84_prenac,7620,7620,True
2024.10.23_08-17-31_Biarmipes84_prenac,7622,7622,True
2024.10.23_08-17-31_Biarmipes84_prenac,7651,7659,True
2024.10.23_08-17-31_Biarmipes84_prenac,7675,7675,True
2024.10.23_08-17-31_Biarmipes84_prenac,7678,7682,True
2024.10.23_08-17-31_Biarmipes84_prenac,7688,7689,True
2024.10.23_08-17-31_Biarmipes84_prenac,7700,7703,True
2024.10.23_08-17-31_Biarmipes84_prenac,7706,7706,True
2024.10.23_08-17-31_Biarmipes84_prenac,7709,7710,True
2024.10.23_08-17-31_Biarmipes84_prenac,7718,7720,True
2024.10.23_08-17-31_Biarmipes84_prenac,7723,7726,True
2024.10.23_08-17-31_Biarmipes84_prenac,7729,7735,True
2024.10.23_08-17-31_Biarmipes84_prenac,7740,7740,True
2024.10.23_08-17-31_Biarmipes84_prenac,7749,7749,True
2024.10.23_08-17-31_Biarmipes84_prenac,7751,7756,True
2024.10.23_08-17-31_Biarmipes84_prenac,7765,7772,True
2024.10.23_08-17-31_Biarmipes84_prenac,7781,7782,True
2024.10.23_08-17-31_Biarmipes84_prenac,7789,7790,True
2024.10.23_08-17-31_Biarmipes84_prenac,7792,7792,True
2024.10.23_08-17-31_Biarmipes84_prenac,7794,7796,True
2024.10.23_08-17-31_Biarmipes84_prenac,7798,7798,True
2024.10.23_08-17-31_Biarmipes84_prenac,7802,7803,True
2024.10.23_08-17-31_Biarmipes84_prenac,7813,7813,True
2024.10.23_08-17-31_Biarmipes84_prenac,7823,7829,True
2024.10.23_08-17-31_Biarmipes84_prenac,7833,7833,True
2024.10.23_08-17-31_Biarmipes84_prenac,7852,7852,True
2024.10.23_08-17-31_Biarmipes84_prenac,7858,7858,True
2024.10.23_08-17-31_Biarmipes84_prenac,7860,7874,True
2024.10.23_08-17-31_Biarmipes84_prenac,7878,7878,True
2024.10.23_08-17-31_Biarmipes84_prenac,7882,7882,True
2024.10.23_08-17-31_Biarmipes84_prenac,7888,7892,True
2024.10.23_08-17-31_Biarmipes84_prenac,7895,7896,True
2024.10.23_08-17-31_Biarmipes84_prenac,7902,7902,True
2024.10.23_08-17-31_Biarmipes84_prenac,7906,7908,True
2024.10.23_08-17-31_Biarmipes84_prenac,7915,7916,True
2024.10.23_08-17-31_Biarmipes84_prenac,7919,7921,True
2024.10.23_08-17-31_Biarmipes84_prenac,7945,7946,True
2024.10.23_08-17-31_Biarmipes84_prenac,7948,7950,True
2024.10.23_08-17-31_Biarmipes84_prenac,7959,7963,True
2024.10.23_08-17-31_Biarmipes84_prenac,7970,7970,True
2024.10.23_08-17-31_Biarmipes84_prenac,7972,7973,True
2024.10.23_08-17-31_Biarmipes84_prenac,7979,7980,True
2024.10.23_08-17-31_Biarmipes84_prenac,7994,7999,True
2024.10.23_08-17-31_Biarmipes84_prenac,8001,8001,True
2024.10.23_08-17-31_Biarmipes84_prenac,8005,8006,True
2024.10.23_08-17-31_Biarmipes84_prenac,8044,8045,True
2024.10.23_08-17-31_Biarmipes84_prenac,8063,8063,True
2024.10.23_08-17-31_Biarmipes84_prenac,8068,8070,True
2024.10.23_08-17-31_Biarmipes84_prenac,8072,8077,True
2024.10.23_08-17-31_Biarmipes84_prenac,8080,8083,True
2024.10.23_08-17-31_Biarmipes84_prenac,8090,8095,True
2024.10.23_08-17-31_Biarmipes84_prenac,8103,8105,True
2024.10.23_08-17-31_Biarmipes84_prenac,8108,8109,True
2024.10.23_08-17-31_Biarmipes84_prenac,8118,8118,True
2024.10.23_08-17-31_Biarmipes84_prenac,8120,8120,True
2024.10.23_08-17-31_Biarmipes84_prenac,8130,8130,True
2024.10.23_08-17-31_Biarmipes84_prenac,8137,8139,True
2024.10.23_08-17-31_Biarmipes84_prenac,8151,8154,True
2024.10.23_08-17-31_Biarmipes84_prenac,8165,8166,True
2024.10.23_08-17-31_Biarmipes84_prenac,8169,8169,True
2024.10.23_08-17-31_Biarmipes84_prenac,8176,8179,True
2024.10.23_08-17-31_Biarmipes84_prenac,8182,8190,True
2024.10.23_08-17-31_Biarmipes84_prenac,8192,8196,True
2024.10.23_08-17-31_Biarmipes84_prenac,8198,8198,True
2024.10.23_08-17-31_Biarmipes84_prenac,8202,8202,True
2024.10.23_08-17-31_Biarmipes84_prenac,8206,8208,True
2024.10.23_08-17-31_Biarmipes84_prenac,8220,8220,True
2024.10.23_08-17-31_Biarmipes84_prenac,8223,8225,True
2024.10.23_08-17-31_Biarmipes84_prenac,8233,8235,True
2024.10.23_08-17-31_Biarmipes84_prenac,8238,8238,True
2024.10.23_08-17-31_Biarmipes84_prenac,8240,8242,True
2024.10.23_08-17-31_Biarmipes84_prenac,8246,8248,True
2024.10.23_08-17-31_Biarmipes84_prenac,8255,8255,True
2024.10.23_08-17-31_Biarmipes84_prenac,8261,8261,True
2024.10.23_08-17-31_Biarmipes84_prenac,8264,8269,True
2024.10.23_08-17-31_Biarmipes84_prenac,8277,8278,True
2024.10.23_08-17-31_Biarmipes84_prenac,8282,8282,True
2024.10.23_08-17-31_Biarmipes84_prenac,8285,8286,True
2024.10.23_08-17-31_Biarmipes84_prenac,8310,8310,True
2024.10.23_08-17-31_Biarmipes84_prenac,8312,8314,True
2024.09.30_11-54-59_Sussex_no_odor,5164,5215,True
2024.09.30_11-54-59_Sussex_no_odor,5217,5235,True
2024.09.30_11-54-59_Sussex_no_odor,5445,5489,True
2024.09.30_11-54-59_Sussex_no_odor,5491,5494,True
2024.09.30_11-54-59_Sussex_no_odor,5496,5496,True
2024.09.30_11-54-59_Sussex_no_odor,5499,5499,True
2024.09.30_11-54-59_Sussex_no_odor,5501,5501,True
2024.09.30_11-54-59_Sussex_no_odor,5503,5503,True
2024.09.30_11-54-59_Sussex_no_odor,5538,5538,True
2024.09.30_11-54-59_Sussex_no_odor,5540,5541,True
2024.09.30_11-54-59_Sussex_no_odor,5543,5570,True
2024.09.30_11-54-59_Sussex_no_odor,5572,5572,True
2024.09.30_11-54-59_Sussex_no_odor,5574,5578,True
2024.09.30_11-54-59_Sussex_no_odor,5580,5581,True
2024.09.30_11-54-59_Sussex_no_odor,5583,6616,True
2024.09.30_11-54-59_Sussex_no_odor,7123,7125,True
2024.09.30_11-54-59_Sussex_no_odor,7127,7129,True
2024.09.30_11-54-59_Sussex_no_odor,7402,7872,True
2024.09.30_11-54-59_Sussex_no_odor,7888,8999,True
2024.10.14_13-32-41_Biarmipes84_1hexanol,666,868,True
2024.10.14_13-32-41_Biarmipes84_1hexanol,1299,1429,True
2024.10.14_13-32-41_Biarmipes84_1hexanol,2217,2469,True
2024.10.14_13-32-41_Biarmipes84_1hexanol,2567,2575,True
2024.10.14_13-32-41_Biarmipes84_1hexanol,2577,2826,True
2024.10.14_13-32-41_Biarmipes84_1hexanol,3052,6441,True
2024.10.14_13-32-41_Biarmipes84_1hexanol,6726,6912,True
2024.10.14_13-32-41_Biarmipes84_1hexanol,6916,7029,True
2024.10.14_13-32-41_Biarmipes84_1hexanol,7033,7065,True
2024.10.14_13-32-41_Biarmipes84_1hexanol,7074,7121,True
2024.10.14_13-32-41_Biarmipes84_1hexanol,7124,7146,True
2024.10.14_13-32-41_Biarmipes84_1hexanol,7148,7173,True
2024.10.14_13-32-41_Biarmipes84_1hexanol,7175,7180,True
2024.10.14_13-32-41_Biarmipes84_1hexanol,7193,7203,True
2024.10.14_13-32-41_Biarmipes84_1hexanol,7211,7460,True
2024.10.14_13-32-41_Biarmipes84_1hexanol,7493,7508,True
2024.10.14_13-32-41_Biarmipes84_1hexanol,7510,7525,True
2024.10.14_13-32-41_Biarmipes84_1hexanol,7575,7608,True
2024.10.14_13-32-41_Biarmipes84_1hexanol,7610,7617,True
2024.10.14_13-32-41_Biarmipes84_1hexanol,7622,7644,True
2024.10.14_13-32-41_Biarmipes84_1hexanol,8254,8258,True
2024.10.14_13-32-41_Biarmipes84_1hexanol,8319,8333,True
2024.10.14_13-32-41_Biarmipes84_1hexanol,8354,8354,True
2024.10.14_13-32-41_Biarmipes84_1hexanol,8363,8366,True
2024.10.14_13-32-41_Biarmipes84_1hexanol,8995,8999,True
2024.11.14_02-01-34_Biarmipes_G224_e2hex,3,1452,True
2024.11.14_02-01-34_Biarmipes_G224_e2hex,1679,1786,True
2024.11.14_02-01-34_Biarmipes_G224_e2hex,1843,1929,True
2024.11.14_02-01-34_Biarmipes_G224_e2hex,1931,1932,True
2024.11.14_02-01-34_Biarmipes_G224_e2hex,1936,2004,True
2024.11.14_02-01-34_Biarmipes_G224_e2hex,2049,2049,True
2024.11.14_02-01-34_Biarmipes_G224_e2hex,2682,2702,True
2024.11.14_02-01-34_Biarmipes_G224_e2hex,2716,2722,True
2024.11.14_02-01-34_Biarmipes_G224_e2hex,2739,2920,True
2024.11.14_02-01-34_Biarmipes_G224_e2hex,4581,4645,True
2024.11.14_02-01-34_Biarmipes_G224_e2hex,4738,4761,True
2024.11.14_02-01-34_Biarmipes_G224_e2hex,4763,5701,True
2024.11.14_02-01-34_Biarmipes_G224_e2hex,6595,6595,True
2024.11.14_02-01-34_Biarmipes_G224_e2hex,6604,6605,True
2024.11.14_02-01-34_Biarmipes_G224_e2hex,6609,6609,True
2024.11.14_02-01-34_Biarmipes_G224_e2hex,6620,6621,True
2024.11.14_02-01-34_Biarmipes_G224_e2hex,6623,6628,True
2024.11.14_02-01-34_Biarmipes_G224_e2hex,6644,6658,True
2024.11.14_02-01-34_Biarmipes_G224_e2hex,6660,6660,True
2024.11.14_02-01-34_Biarmipes_G224_e2hex,6677,6677,True
2024.11.14_02-01-34_Biarmipes_G224_e2hex,6686,6690,True
2024.11.14_02-01-34_Biarmipes_G224_e2hex,6701,6704,True
2024.11.14_02-01-34_Biarmipes_G224_e2hex,6706,6706,True
2024.11.14_02-01-34_Biarmipes_G224_e2hex,6708,6709,True
2024.11.14_02-01-34_Biarmipes_G224_e2hex,6712,6722,True
2024.11.14_02-01-34_Biarmipes_G224_e2hex,6725,6725,True
2024.11.14_02-01-34_Biarmipes_G224_e2hex,6728,6728,True
2024.11.14_02-01-34_Biarmipes_G224_e2hex,6736,6737,True
2024.11.14_02-01-34_Biarmipes_G224_e2hex,6739,6739,True
2024.11.14_02-01-34_Biarmipes_G224_e2hex,6765,6765,True
2024.11.14_02-01-34_Biarmipes_G224_e2hex,6767,6767,True
2024.11.14_02-01-34_Biarmipes_G224_e2hex,6770,6770,True
2024.11.14_02-01-34_Biarmipes_G224_e2hex,6773,6774,True
2024.11.14_02-01-34_Biarmipes_G224_e2hex,6776,6776,True
2024.11.14_02-01-34_Biarmipes_G224_e2hex,6778,6779,True
2024.11.14_02-01-34_Biarmipes_G224_e2hex,6781,6781,True
2024.11.14_02-01-34_Biarmipes_G224_e2hex,6783,6783,True
2024.11.14_02-01-34_Biarmipes_G224_e2hex,6796,6796,True
2024.11.14_02-01-34_Biarmipes_G224_e2hex,6803,6803,True
2024.11.14_02-01-34_Biarmipes_G224_e2hex,6806,6806,True
2024.11.14_02-01-34_Biarmipes_G224_e2hex,6809,6809,True
2024.11.14_02-01-34_Biarmipes_G224_e2hex,6813,6813,True
2024.11.14_02-01-34_Biarmipes_G224_e2hex,6815,6816,True
2024.11.14_02-01-34_Biarmipes_G224_e2hex,6819,6819,True
2024.11.14_02-01-34_Biarmipes_G224_e2hex,6821,6822,True
2024.11.14_02-01-34_Biarmipes_G224_e2hex,6824,6825,True
2024.11.14_02-01-34_Biarmipes_G224_e2hex,6830,6830,True
2024.11.14_02-01-34_Biarmipes_G224_e2hex,6832,6832,True
2024.11.14_02-01-34_Biarmipes_G224_e2hex,6836,6836,True
2024.11.14_02-01-34_Biarmipes_G224_e2hex,6839,6839,True
2024.11.14_02-01-34_Biarmipes_G224_e2hex,6841,6841,True
2024.11.14_02-01-34_Biarmipes_G224_e2hex,6846,6846,True
2024.11.14_02-01-34_Biarmipes_G224_e2hex,6848,6851,True
2024.11.14_02-01-34_Biarmipes_G224_e2hex,6859,6859,True
2024.11.14_02-01-34_Biarmipes_G224_e2hex,6870,6871,True
2024.11.14_02-01-34_Biarmipes_G224_e2hex,6879,6879,True
2024.11.14_02-01-34_Biarmipes_G224_e2hex,6885,6885,True
2024.11.14_02-01-34_Biarmipes_G224_e2hex,6890,6893,True
2024.11.14_02-01-34_Biarmipes_G224_e2hex,6895,6895,True
2024.11.14_02-01-34_Biarmipes_G224_e2hex,6904,6904,True
2024.11.14_02-01-34_Biarmipes_G224_e2hex,6906,6909,True
2024.11.14_02-01-34_Biarmipes_G224_e2hex,6912,6912,True
2024.11.14_02-01-34_Biarmipes_G224_e2hex,6915,6915,True
2024.11.14_02-01-34_Biarmipes_G224_e2hex,6923,6923,True
2024.11.14_02-01-34_Biarmipes_G224_e2hex,6925,6926,True
2024.11.14_02-01-34_Biarmipes_G224_e2hex,6930,6930,True
2024.11.14_02-01-34_Biarmipes_G224_e2hex,6933,6933,True
2024.11.14_02-01-34_Biarmipes_G224_e2hex,6935,6935,True
2024.11.14_02-01-34_Biarmipes_G224_e2hex,6939,6939,True
2024.11.14_02-01-34_Biarmipes_G224_e2hex,6942,6942,True
2024.11.14_02-01-34_Biarmipes_G224_e2hex,6949,6949,True
2024.11.14_02-01-34_Biarmipes_G224_e2hex,6951,6954,True
2024.11.14_02-01-34_Biarmipes_G224_e2hex,6956,6959,True
2024.11.14_02-01-34_Biarmipes_G224_e2hex,6961,6962,True
2024.11.14_02-01-34_Biarmipes_G224_e2hex,6964,6965,True
2024.11.14_02-01-34_Biarmipes_G224_e2hex,6971,6971,True
2024.11.14_02-01-34_Biarmipes_G224_e2hex,6975,6975,True
2024.11.14_02-01-34_Biarmipes_G224_e2hex,6979,6980,True
2024.11.14_02-01-34_Biarmipes_G224_e2hex,6983,6986,True
2024.11.14_02-01-34_Biarmipes_G224_e2hex,6992,6996,True
2024.11.14_02-01-34_Biarmipes_G224_e2hex,6998,7001,True
2024.11.14_02-01-34_Biarmipes_G224_e2hex,7003,7005,True
2024.11.14_02-01-34_Biarmipes_G224_e2hex,7017,7026,True
2024.11.14_02-01-34_Biarmipes_G224_e2hex,7031,7033,True
2024.11.14_02-01-34_Biarmipes_G224_e2hex,7036,7036,True
2024.11.14_02-01-34_Biarmipes_G224_e2hex,7044,7045,True
2024.11.14_02-01-34_Biarmipes_G224_e2hex,7063,7063,True
2024.11.14_02-01-34_Biarmipes_G224_e2hex,7090,7091,True
2024.11.14_02-01-34_Biarmipes_G224_e2hex,7093,7096,True
2024.11.14_02-01-34_Biarmipes_G224_e2hex,7153,7156,True
2024.11.14_02-01-34_Biarmipes_G224_e2hex,7158,7160,True
2024.11.14_02-01-34_Biarmipes_G224_e2hex,7166,7167,True
2024.11.14_02-01-34_Biarmipes_G224_e2hex,7169,7246,True
2024.11.14_02-01-34_Biarmipes_G224_e2hex,7257,7259,True
2024.11.14_02-01-34_Biarmipes_G224_e2hex,7345,7795,True
2024.10.29_05-10-03_Biarmipes84_metben,3,165,True
2024.10.29_05-10-03_Biarmipes84_metben,1533,1607,True
2024.10.29_05-10-03_Biarmipes84_metben,1806,1896,True
2024.10.29_05-10-03_Biarmipes84_metben,2270,2272,True
2024.10.29_05-10-03_Biarmipes84_metben,2274,2277,True
2024.10.29_05-10-03_Biarmipes84_metben,2541,2554,True
2024.10.29_05-10-03_Biarmipes84_metben,2560,2560,True
2024.10.29_05-10-03_Biarmipes84_metben,2562,2565,True
2024.10.29_05-10-03_Biarmipes84_metben,2567,2571,True
2024.10.29_05-10-03_Biarmipes84_metben,2573,2785,True
2024.10.29_05-10-03_Biarmipes84_metben,2787,3107,True
2024.10.29_05-10-03_Biarmipes84_metben,3226,3524,True
2024.10.29_05-10-03_Biarmipes84_metben,3864,3879,True
2024.10.29_05-10-03_Biarmipes84_metben,3881,3889,True
2024.10.29_05-10-03_Biarmipes84_metben,3919,3919,True
2024.10.29_05-10-03_Biarmipes84_metben,4005,4006,True
2024.10.29_05-10-03_Biarmipes84_metben,4008,4008,True
2024.10.29_05-10-03_Biarmipes84_metben,4088,4089,True
2024.10.29_05-10-03_Biarmipes84_metben,4095,4095,True
2024.10.29_05-10-03_Biarmipes84_metben,4196,4199,True
2024.10.29_05-10-03_Biarmipes84_metben,4201,4201,True
2024.10.29_05-10-03_Biarmipes84_metben,4203,4217,True
2024.10.29_05-10-03_Biarmipes84_metben,4220,4223,True
2024.10.29_05-10-03_Biarmipes84_metben,4229,4233,True
2024.10.29_05-10-03_Biarmipes84_metben,4460,4466,True
2024.10.29_05-10-03_Biarmipes84_metben,4575,4575,True
2024.10.29_05-10-03_Biarmipes84_metben,4605,4605,True
2024.10.29_05-10-03_Biarmipes84_metben,4614,4614,True
2024.10.29_05-10-03_Biarmipes84_metben,4617,4617,True
2024.10.29_05-10-03_Biarmipes84_metben,4732,4946,True
2024.10.29_05-10-03_Biarmipes84_metben,4948,4952,True
2024.10.29_05-10-03_Biarmipes84_metben,4955,4955,True
2024.10.29_05-10-03_Biarmipes84_metben,4957,4960,True
2024.10.29_05-10-03_Biarmipes84_metben,4962,4962,True
2024.10.29_05-10-03_Biarmipes84_metben,4964,4973,True
2024.10.29_05-10-03_Biarmipes84_metben,4975,4980,True
2024.10.29_05-10-03_Biarmipes84_metben,4983,6318,True
2024.10.29_05-10-03_Biarmipes84_metben,7072,7115,True
2024.10.29_05-10-03_Biarmipes84_metben,7118,7151,True
2024.10.29_05-10-03_Biarmipes84_metben,7195,7236,True
2024.10.29_05-10-03_Biarmipes84_metben,7253,7273,True
2024.10.29_05-10-03_Biarmipes84_metben,7275,7276,True
2024.10.29_05-10-03_Biarmipes84_metben,7278,7278,True
2024.10.29_05-10-03_Biarmipes84_metben,7280,7281,True
2024.10.29_05-10-03_Biarmipes84_metben,7283,7283,True
2024.10.29_05-10-03_Biarmipes84_metben,7289,7427,True
2024.10.29_05-10-03_Biarmipes84_metben,7708,8589,True
2024.10.14_13-26-12_Biarmipes84_1hexanol,462,958,True
2024.10.14_13-26-12_Biarmipes84_1hexanol,960,2378,True
2024.10.14_13-26-12_Biarmipes84_1hexanol,2385,2500,True
2024.10.14_13-26-12_Biarmipes84_1hexanol,2582,2583,True
2024.10.14_13-26-12_Biarmipes84_1hexanol,2585,2585,True
2024.10.14_13-26-12_Biarmipes84_1hexanol,3200,3399,True
2024.10.14_13-26-12_Biarmipes84_1hexanol,4044,4220,True
2024.10.14_13-26-12_Biarmipes84_1hexanol,4224,4664,True
2024.10.14_13-26-12_Biarmipes84_1hexanol,6261,7771,True
2024.10.14_13-26-12_Biarmipes84_1hexanol,8454,8454,True
2024.10.14_13-26-12_Biarmipes84_1hexanol,8456,8594,True
2024.10.14_13-26-12_Biarmipes84_1hexanol,8765,8999,True
2024.11.04_06-23-57_Stocago_e2hex,723,1573,True
2024.11.04_06-23-57_Stocago_e2hex,2374,2374,True
2024.11.04_06-23-57_Stocago_e2hex,2376,2377,True
2024.11.04_06-23-57_Stocago_e2hex,2384,2385,True
2024.11.04_06-23-57_Stocago_e2hex,2387,2389,True
2024.11.04_06-23-57_Stocago_e2hex,2391,2392,True
2024.11.04_06-23-57_Stocago_e2hex,2394,2396,True
2024.11.04_06-23-57_Stocago_e2hex,2398,2400,True
2024.11.04_06-23-57_Stocago_e2hex,2403,2421,True
2024.11.04_06-23-57_Stocago_e2hex,2423,2737,True
2024.11.04_06-23-57_Stocago_e2hex,5874,5874,True
2024.11.04_06-23-57_Stocago_e2hex,5876,5876,True
2024.11.04_06-23-57_Stocago_e2hex,5886,5886,True
2024.11.04_06-23-57_Stocago_e2hex,5899,5902,True
2024.11.04_06-23-57_Stocago_e2hex,5904,5905,True
2024.11.04_06-23-57_Stocago_e2hex,5907,5908,True
2024.11.04_06-23-57_Stocago_e2hex,5914,5914,True
2024.11.04_06-23-57_Stocago_e2hex,5973,5973,True
2024.11.04_06-23-57_Stocago_e2hex,5975,5975,True
2024.11.04_06-23-57_Stocago_e2hex,5980,5980,True
2024.11.04_06-23-57_Stocago_e2hex,6014,6014,True
2024.11.04_06-23-57_Stocago_e2hex,6031,6031,True
2024.11.04_06-23-57_Stocago_e2hex,6050,6050,True
2024.11.04_06-23-57_Stocago_e2hex,6056,6058,True
2024.11.04_06-23-57_Stocago_e2hex,6072,6072,True
2024.11.04_06-23-57_Stocago_e2hex,6074,6080,True
2024.11.04_06-23-57_Stocago_e2hex,6082,6082,True
2024.11.04_06-23-57_Stocago_e2hex,6084,6085,True
2024.11.04_06-23-57_Stocago_e2hex,6089,6089,True
2024.11.04_06-23-57_Stocago_e2hex,6093,6093,True
2024.11.04_06-23-57_Stocago_e2hex,6097,6097,True
2024.11.04_06-23-57_Stocago_e2hex,6105,6105,True
2024.11.04_06-23-57_Stocago_e2hex,6107,6107,True
2024.11.04_06-23-57_Stocago_e2hex,6116,6117,True
2024.11.04_06-23-57_Stocago_e2hex,6121,6121,True
2024.11.04_06-23-57_Stocago_e2hex,6123,6123,True
2024.11.04_06-23-57_Stocago_e2hex,6132,6132,True
2024.11.04_06-23-57_Stocago_e2hex,6152,6153,True
2024.11.04_06-23-57_Stocago_e2hex,6158,6158,True
2024.11.04_06-23-57_Stocago_e2hex,6161,6161,True
2024.11.04_06-23-57_Stocago_e2hex,6164,6164,True
2024.11.04_06-23-57_Stocago_e2hex,6166,6168,True
2024.11.04_06-23-57_Stocago_e2hex,6177,6177,True
2024.11.04_06-23-57_Stocago_e2hex,6179,6179,True
2024.11.04_06-23-57_Stocago_e2hex,6184,6184,True
2024.11.04_06-23-57_Stocago_e2hex,6191,6193,True
2024.11.04_06-23-57_Stocago_e2hex,6196,6196,True
2024.11.04_06-23-57_Stocago_e2hex,6207,6207,True
2024.11.04_06-23-57_Stocago_e2hex,6242,6242,True
2024.11.04_06-23-57_Stocago_e2hex,6244,6244,True
2024.11.04_06-23-57_Stocago_e2hex,6247,6247,True
2024.11.04_06-23-57_Stocago_e2hex,6283,6283,True
2024.11.04_06-23-57_Stocago_e2hex,6285,6285,True
2024.11.04_06-23-57_Stocago_e2hex,6287,6287,True
2024.11.04_06-23-57_Stocago_e2hex,6314,6314,True
2024.11.04_06-23-57_Stocago_e2hex,6352,6352,True
2024.11.04_06-23-57_Stocago_e2hex,6357,6357,True
2024.11.04_06-23-57_Stocago_e2hex,6364,6366,True
2024.11.04_06-23-57_Stocago_e2hex,6378,6382,True
2024.11.04_06-23-57_Stocago_e2hex,6386,6387,True
2024.11.04_06-23-57_Stocago_e2hex,6391,6391,True
2024.11.04_06-23-57_Stocago_e2hex,6393,6393,True
2024.11.04_06-23-57_Stocago_e2hex,6400,6401,True
2024.11.04_06-23-57_Stocago_e2hex,6403,6403,True
2024.11.04_06-23-57_Stocago_e2hex,6405,6405,True
2024.11.04_06-23-57_Stocago_e2hex,6410,6414,True
2024.11.04_06-23-57_Stocago_e2hex,6417,6422,True
2024.11.04_06-23-57_Stocago_e2hex,6426,6427,True
2024.11.04_06-23-57_Stocago_e2hex,6430,6431,True
2024.11.04_06-23-57_Stocago_e2hex,6434,6437,True
2024.11.04_06-23-57_Stocago_e2hex,6441,6442,True
2024.11.04_06-23-57_Stocago_e2hex,6444,6444,True
2024.11.04_06-23-57_Stocago_e2hex,6451,6451,True
2024.11.04_06-23-57_Stocago_e2hex,6457,6461,True
2024.11.04_06-23-57_Stocago_e2hex,6463,6464,True
2024.11.04_06-23-57_Stocago_e2hex,6467,6468,True
2024.11.04_06-23-57_Stocago_e2hex,6471,6472,True
2024.11.04_06-23-57_Stocago_e2hex,6480,6480,True
2024.11.04_06-23-57_Stocago_e2hex,6489,6494,True
2024.11.04_06-23-57_Stocago_e2hex,6501,6501,True
2024.11.04_06-23-57_Stocago_e2hex,6509,6510,True
2024.11.04_06-23-57_Stocago_e2hex,6515,6516,True
2024.11.04_06-23-57_Stocago_e2hex,6519,6519,True
2024.11.04_06-23-57_Stocago_e2hex,6523,6524,True
2024.11.04_06-23-57_Stocago_e2hex,6531,6541,True
2024.11.04_06-23-57_Stocago_e2hex,6547,6745,True
2024.11.04_06-23-57_Stocago_e2hex,6747,6750,True
2024.11.04_06-23-57_Stocago_e2hex,6752,6752,True
2024.11.04_06-23-57_Stocago_e2hex,6754,6756,True
2024.11.04_06-23-57_Stocago_e2hex,6758,6767,True
2024.11.04_06-23-57_Stocago_e2hex,6770,6771,True
2024.11.04_06-23-57_Stocago_e2hex,6774,6781,True
2024.11.04_06-23-57_Stocago_e2hex,6786,6786,True
2024.11.04_06-23-57_Stocago_e2hex,6789,6789,True
2024.11.04_06-23-57_Stocago_e2hex,6791,6794,True
2024.11.04_06-23-57_Stocago_e2hex,6798,6798,True
2024.11.04_06-23-57_Stocago_e2hex,6801,6808,True
2024.11.04_06-23-57_Stocago_e2hex,6810,6810,True
2024.11.04_06-23-57_Stocago_e2hex,6812,6813,True
2024.11.04_06-23-57_Stocago_e2hex,6817,6817,True
2024.11.04_06-23-57_Stocago_e2hex,6819,6819,True
2024.11.04_06-23-57_Stocago_e2hex,6821,6821,True
2024.11.04_06-23-57_Stocago_e2hex,6823,6823,True
2024.11.04_06-23-57_Stocago_e2hex,6827,6828,True
2024.11.04_06-23-57_Stocago_e2hex,6830,6834,True
2024.11.04_06-23-57_Stocago_e2hex,6836,6837,True
2024.11.04_06-23-57_Stocago_e2hex,6839,6843,True
2024.11.04_06-23-57_Stocago_e2hex,6845,6847,True
2024.11.04_06-23-57_Stocago_e2hex,6849,6849,True
2024.11.04_06-23-57_Stocago_e2hex,6851,6854,True
2024.11.04_06-23-57_Stocago_e2hex,6856,7686,True
2024.11.04_06-23-57_Stocago_e2hex,7963,7973,True
2024.11.04_06-23-57_Stocago_e2hex,8468,8468,True
2024.11.04_06-23-57_Stocago_e2hex,8495,8495,True
2024.11.04_06-23-57_Stocago_e2hex,8499,8499,True
2024.11.04_06-23-57_Stocago_e2hex,8506,8506,True
2024.11.04_06-23-57_Stocago_e2hex,8510,8511,True
2024.11.04_06-23-57_Stocago_e2hex,8514,8518,True
2024.11.04_06-23-57_Stocago_e2hex,8520,8520,True
2024.11.04_06-23-57_Stocago_e2hex,8523,8523,True
2024.11.04_06-23-57_Stocago_e2hex,8530,8530,True
2024.11.04_06-23-57_Stocago_e2hex,8537,8542,True
2024.11.04_06-23-57_Stocago_e2hex,8544,8546,True
2024.11.04_06-23-57_Stocago_e2hex,8549,8549,True
2024.11.04_06-23-57_Stocago_e2hex,8553,8555,True
2024.11.04_06-23-57_Stocago_e2hex,8564,8565,True
2024.11.04_05-11-38_Stocago_e2hex,3,280,True
2024.11.04_05-11-38_Stocago_e2hex,1437,1441,True
2024.11.04_05-11-38_Stocago_e2hex,1446,1460,True
2024.11.04_05-11-38_Stocago_e2hex,1484,1485,True
2024.11.04_05-11-38_Stocago_e2hex,1523,1531,True
2024.11.04_05-11-38_Stocago_e2hex,1593,2333,True
2024.11.04_05-11-38_Stocago_e2hex,3050,3057,True
2024.11.04_05-11-38_Stocago_e2hex,3060,3106,True
2024.11.04_05-11-38_Stocago_e2hex,3136,3163,True
2024.11.04_05-11-38_Stocago_e2hex,3263,3263,True
2024.11.04_05-11-38_Stocago_e2hex,3265,3265,True
2024.11.04_05-11-38_Stocago_e2hex,3275,3275,True
2024.11.04_05-11-38_Stocago_e2hex,3278,3292,True
2024.11.04_05-11-38_Stocago_e2hex,3323,3323,True
2024.11.04_05-11-38_Stocago_e2hex,3375,3390,True
2024.11.04_05-11-38_Stocago_e2hex,3469,3505,True
2024.11.04_05-11-38_Stocago_e2hex,3573,3582,True
2024.11.04_05-11-38_Stocago_e2hex,3591,3642,True
2024.11.04_05-11-38_Stocago_e2hex,3676,3676,True
2024.11.04_05-11-38_Stocago_e2hex,3679,3679,True
2024.11.04_05-11-38_Stocago_e2hex,3681,5186,True
2024.11.04_05-11-38_Stocago_e2hex,6110,6668,True
2024.11.04_05-11-38_Stocago_e2hex,6697,6748,True
2024.11.04_05-11-38_Stocago_e2hex,6750,6756,True
2024.11.04_05-11-38_Stocago_e2hex,6762,6864,True
2024.11.04_05-11-38_Stocago_e2hex,6934,6980,True
2024.11.04_05-11-38_Stocago_e2hex,7101,7124,True
2024.11.04_05-11-38_Stocago_e2hex,7152,7191,True
2024.11.04_05-11-38_Stocago_e2hex,7194,7279,True
2024.11.04_05-11-38_Stocago_e2hex,7315,7324,True
2024.11.04_05-11-38_Stocago_e2hex,7326,7327,True
2024.11.04_05-11-38_Stocago_e2hex,7329,7385,True
2024.11.04_05-11-38_Stocago_e2hex,7401,7420,True
2024.11.04_05-11-38_Stocago_e2hex,7422,7422,True
2024.11.04_05-11-38_Stocago_e2hex,7425,7470,True
2024.11.04_05-11-38_Stocago_e2hex,7502,7651,True
2024.11.04_05-11-38_Stocago_e2hex,7655,7655,True
2024.11.04_05-11-38_Stocago_e2hex,7680,7681,True
2024.11.04_05-11-38_Stocago_e2hex,7683,7686,True
2024.11.04_05-11-38_Stocago_e2hex,7688,7688,True
2024.09.24_17-05-28_Yakuba7_no_odor,1730,4044,True
2024.09.24_17-05-28_Yakuba7_no_odor,6800,8999,True
2024.11.25_17-16-46_Sussex_no_odor,2903,2964,True
2024.11.25_17-16-46_Sussex_no_odor,3725,3725,True
2024.11.25_17-16-46_Sussex_no_odor,3729,3729,True
2024.11.25_17-16-46_Sussex_no_odor,3731,3732,True
2024.11.25_17-16-46_Sussex_no_odor,5131,5132,True
2024.11.25_17-16-46_Sussex_no_odor,5136,5137,True
2024.11.25_17-16-46_Sussex_no_odor,5139,5140,True
2024.11.25_17-16-46_Sussex_no_odor,5179,5179,True
2024.11.25_17-16-46_Sussex_no_odor,5189,5189,True
2024.11.25_17-16-46_Sussex_no_odor,5193,5194,True
2024.11.25_17-16-46_Sussex_no_odor,5196,5197,True
2024.11.25_17-16-46_Sussex_no_odor,5199,5200,True
2024.11.25_17-16-46_Sussex_no_odor,5204,7363,True
2024.10.14_11-12-12_CantonS_prenac,138,138,True
2024.10.14_11-12-12_CantonS_prenac,154,154,True
2024.10.14_11-12-12_CantonS_prenac,177,177,True
2024.10.14_11-12-12_CantonS_prenac,441,442,True
2024.10.14_11-12-12_CantonS_prenac,461,462,True
2024.10.14_11-12-12_CantonS_prenac,662,662,True
2024.10.14_11-12-12_CantonS_prenac,704,705,True
2024.10.14_11-12-12_CantonS_prenac,712,713,True
2024.10.14_11-12-12_CantonS_prenac,724,724,True
2024.10.14_11-12-12_CantonS_prenac,1287,1367,True
2024.10.14_11-12-12_CantonS_prenac,1503,2010,True
2024.10.14_11-12-12_CantonS_prenac,2117,3155,True
2024.10.14_11-12-12_CantonS_prenac,4280,4742,True
2024.10.14_11-12-12_CantonS_prenac,4879,5693,True
2024.10.14_11-12-12_CantonS_prenac,8542,8542,True
2024.10.14_11-12-12_CantonS_prenac,8545,8545,True
2024.10.14_11-12-12_CantonS_prenac,8565,8740,True
2024.10.17_14-37-33_Riverside_prenac,473,827,True
2024.10.17_14-37-33_Riverside_prenac,1297,1710,True
2024.10.17_14-37-33_Riverside_prenac,1750,1958,True
2024.10.17_14-37-33_Riverside_prenac,1960,1990,True
2024.10.17_14-37-33_Riverside_prenac,1992,2015,True
2024.10.17_14-37-33_Riverside_prenac,2017,2027,True
2024.10.17_14-37-33_Riverside_prenac,2029,2048,True
2024.10.17_14-37-33_Riverside_prenac,2050,2053,True
2024.10.17_14-37-33_Riverside_prenac,2055,2055,True
2024.10.17_14-37-33_Riverside_prenac,2058,2058,True
2024.10.17_14-37-33_Riverside_prenac,2067,2067,True
2024.10.17_14-37-33_Riverside_prenac,2073,2073,True
2024.10.17_14-37-33_Riverside_prenac,2078,2078,True
2024.10.17_14-37-33_Riverside_prenac,2080,2084,True
2024.10.17_14-37-33_Riverside_prenac,2086,2087,True
2024.10.17_14-37-33_Riverside_prenac,2111,2266,True
2024.10.17_14-37-33_Riverside_prenac,2268,2268,True
2024.10.17_14-37-33_Riverside_prenac,2271,2273,True
2024.10.17_14-37-33_Riverside_prenac,2757,2757,True
2024.10.17_14-37-33_Riverside_prenac,2759,3826,True
2024.10.17_14-37-33_Riverside_prenac,4719,4753,True
2024.10.17_14-37-33_Riverside_prenac,4776,4776,True
2024.10.17_14-37-33_Riverside_prenac,4778,4780,True
2024.10.17_14-37-33_Riverside_prenac,4782,4836,True
2024.10.17_14-37-33_Riverside_prenac,4931,4965,True
2024.10.17_14-37-33_Riverside_prenac,5169,5169,True
2024.10.17_14-37-33_Riverside_prenac,5178,5222,True
2024.10.17_14-37-33_Riverside_prenac,5259,5371,True
2024.10.17_14-37-33_Riverside_prenac,5381,5382,True
2024.10.17_14-37-33_Riverside_prenac,7414,7425,True
2024.10.17_14-37-33_Riverside_prenac,7427,7618,True
2024.10.17_14-37-33_Riverside_prenac,7620,7650,True
2024.10.17_14-37-33_Riverside_prenac,7661,7661,True
2024.10.17_14-37-33_Riverside_prenac,7664,7665,True
2024.10.17_14-37-33_Riverside_prenac,7671,7671,True
2024.10.17_14-37-33_Riverside_prenac,7700,7705,True
2024.10.17_14-37-33_Riverside_prenac,7709,7710,True
2024.10.17_14-37-33_Riverside_prenac,7712,7713,True
2024.10.17_14-37-33_Riverside_prenac,7715,7718,True
2024.10.17_14-37-33_Riverside_prenac,7721,7721,True
2024.10.17_14-37-33_Riverside_prenac,7736,7738,True
2024.10.17_14-37-33_Riverside_prenac,7771,7771,True
2024.11.05_02-28-29_Yakuba7_e2hex,3,601,True
2024.11.05_02-28-29_Yakuba7_e2hex,2176,3648,True
2024.11.05_02-28-29_Yakuba7_e2hex,5053,6292,True
2024.11.05_02-28-29_Yakuba7_e2hex,7247,7248,True
2024.11.05_02-28-29_Yakuba7_e2hex,7250,7256,True
2024.11.05_02-28-29_Yakuba7_e2hex,7258,7263,True
2024.11.05_02-28-29_Yakuba7_e2hex,7277,7302,True
2024.11.05_02-28-29_Yakuba7_e2hex,7304,7316,True
2024.11.05_02-28-29_Yakuba7_e2hex,7318,8368,True
2024.10.24_09-31-22_Biarmipes_G224_metben,3,1116,True
2024.10.24_09-31-22_Biarmipes_G224_metben,1199,1242,True
2024.10.24_09-31-22_Biarmipes_G224_metben,1456,1505,True
2024.10.24_09-31-22_Biarmipes_G224_metben,1507,1663,True
2024.10.24_09-31-22_Biarmipes_G224_metben,1667,1667,True
2024.10.24_09-31-22_Biarmipes_G224_metben,1671,1671,True
2024.10.24_09-31-22_Biarmipes_G224_metben,1683,1683,True
2024.10.24_09-31-22_Biarmipes_G224_metben,1711,1711,True
2024.10.24_09-31-22_Biarmipes_G224_metben,1714,1715,True
2024.10.24_09-31-22_Biarmipes_G224_metben,1717,1718,True
2024.10.24_09-31-22_Biarmipes_G224_metben,1728,1728,True
2024.10.24_09-31-22_Biarmipes_G224_metben,1734,1980,True
2024.10.24_09-31-22_Biarmipes_G224_metben,2798,2802,True
2024.10.24_09-31-22_Biarmipes_G224_metben,2804,2804,True
2024.10.24_09-31-22_Biarmipes_G224_metben,2808,3626,True
2024.10.24_09-31-22_Biarmipes_G224_metben,3691,3704,True
2024.10.24_09-31-22_Biarmipes_G224_metben,3707,3717,True
2024.10.24_09-31-22_Biarmipes_G224_metben,3719,4042,True
2024.10.24_09-31-22_Biarmipes_G224_metben,4044,4524,True
2024.10.24_09-31-22_Biarmipes_G224_metben,5831,5995,True
2024.10.24_09-31-22_Biarmipes_G224_metben,6581,6757,True
2024.10.24_09-31-22_Biarmipes_G224_metben,7719,7722,True
2024.10.24_09-31-22_Biarmipes_G224_metben,7726,7726,True
2024.10.24_09-31-22_Biarmipes_G224_metben,7728,7728,True
2024.10.24_09-31-22_Biarmipes_G224_metben,7731,7731,True
2024.10.24_09-31-22_Biarmipes_G224_metben,7734,7734,True
2024.10.24_09-31-22_Biarmipes_G224_metben,7791,7792,True
2024.10.24_09-31-22_Biarmipes_G224_metben,7799,7799,True
2024.10.24_09-31-22_Biarmipes_G224_metben,7829,7831,True
2024.10.24_09-31-22_Biarmipes_G224_metben,7833,7833,True
2024.10.24_09-31-22_Biarmipes_G224_metben,7835,7853,True
2024.10.24_09-31-22_Biarmipes_G224_metben,7855,7864,True
2024.10.24_09-31-22_Biarmipes_G224_metben,7866,7875,True
2024.10.24_09-31-22_Biarmipes_G224_metben,7878,7880,True
2024.10.24_09-31-22_Biarmipes_G224_metben,7882,7882,True
2024.10.24_09-31-22_Biarmipes_G224_metben,7887,7887,True
2024.10.24_09-31-22_Biarmipes_G224_metben,7889,7889,True
2024.10.24_09-31-22_Biarmipes_G224_metben,7891,7895,True
2024.10.24_09-31-22_Biarmipes_G224_metben,7897,7898,True
2024.10.24_09-31-22_Biarmipes_G224_metben,7901,7901,True
2024.10.24_09-31-22_Biarmipes_G224_metben,7903,7911,True
2024.10.24_09-31-22_Biarmipes_G224_metben,7913,7951,True
2024.10.24_09-31-22_Biarmipes_G224_metben,7953,7963,True
2024.10.24_09-31-22_Biarmipes_G224_metben,7965,7967,True
2024.10.24_09-31-22_Biarmipes_G224_metben,7974,7974,True
2024.10.24_09-31-22_Biarmipes_G224_metben,7976,7981,True
2024.10.24_09-31-22_Biarmipes_G224_metben,7985,7985,True
2024.10.24_09-31-22_Biarmipes_G224_metben,7995,7995,True
2024.10.24_09-31-22_Biarmipes_G224_metben,8006,8006,True
2024.10.24_09-31-22_Biarmipes_G224_metben,8024,8034,True
2024.10.24_09-31-22_Biarmipes_G224_metben,8037,8040,True
2024.10.24_09-31-22_Biarmipes_G224_metben,8042,8042,True
2024.10.24_09-31-22_Biarmipes_G224_metben,8046,8047,True
2024.10.24_09-31-22_Biarmipes_G224_metben,8049,8051,True
2024.10.24_09-31-22_Biarmipes_G224_metben,8053,8192,True
2024.10.24_09-31-22_Biarmipes_G224_metben,8194,8206,True
2024.10.24_09-31-22_Biarmipes_G224_metben,8208,8222,True
2024.10.24_09-31-22_Biarmipes_G224_metben,8224,8236,True
2024.10.24_09-31-22_Biarmipes_G224_metben,8238,8248,True
2024.10.24_09-31-22_Biarmipes_G224_metben,8250,8250,True
2024.10.24_09-31-22_Biarmipes_G224_metben,8252,8499,True
2024.10.24_09-31-22_Biarmipes_G224_metben,8501,8998,True
2024.10.31_01-54-42_Yakuba_cameroon_metben,1667,1667,True
2024.10.31_01-54-42_Yakuba_cameroon_metben,1766,1776,True
2024.10.31_01-54-42_Yakuba_cameroon_metben,1907,1909,True
2024.10.31_01-54-42_Yakuba_cameroon_metben,1911,1915,True
2024.10.31_01-54-42_Yakuba_cameroon_metben,1919,1919,True
2024.10.31_01-54-42_Yakuba_cameroon_metben,1922,1924,True
2024.10.31_01-54-42_Yakuba_cameroon_metben,1926,1926,True
2024.10.31_01-54-42_Yakuba_cameroon_metben,1928,2460,True
2024.10.31_01-54-42_Yakuba_cameroon_metben,2465,2556,True
2024.10.31_01-54-42_Yakuba_cameroon_metben,3122,3610,True
2024.10.31_01-54-42_Yakuba_cameroon_metben,5325,5678,True
2024.10.31_01-54-42_Yakuba_cameroon_metben,5996,8166,True
2024.10.08_12-11-30_Sto_car_no_odor,4051,6657,True
2024.10.08_12-11-30_Sto_car_no_odor,8280,8999,True
2024.10.11_11-24-51_Biarmipes_G224_1hexanol,695,714,True
2024.10.11_11-24-51_Biarmipes_G224_1hexanol,716,1661,True
2024.10.11_11-24-51_Biarmipes_G224_1hexanol,2758,3178,True
2024.10.11_11-24-51_Biarmipes_G224_1hexanol,3714,3997,True
2024.10.11_11-24-51_Biarmipes_G224_1hexanol,4438,4763,True
2024.10.11_11-24-51_Biarmipes_G224_1hexanol,4780,4795,True
2024.10.11_11-24-51_Biarmipes_G224_1hexanol,4816,4933,True
2024.10.11_11-24-51_Biarmipes_G224_1hexanol,5684,5684,True
2024.10.11_11-24-51_Biarmipes_G224_1hexanol,5687,5702,True
2024.10.11_11-24-51_Biarmipes_G224_1hexanol,5992,5996,True
2024.10.11_11-24-51_Biarmipes_G224_1hexanol,6020,6340,True
2024.10.11_11-24-51_Biarmipes_G224_1hexanol,6459,6614,True
2024.10.11_11-24-51_Biarmipes_G224_1hexanol,6956,7637,True
2024.10.11_11-24-51_Biarmipes_G224_1hexanol,8168,8733,True
2024.10.28_06-33-08_Stocago_metben,3,1125,True
2024.10.28_06-33-08_Stocago_metben,2354,2405,True
2024.10.28_06-33-08_Stocago_metben,2408,2414,True
2024.10.28_06-33-08_Stocago_metben,2423,2762,True
2024.10.28_06-33-08_Stocago_metben,5378,7889,True
2024.10.28_06-33-08_Stocago_metben,7910,8135,True
2024.10.28_06-33-08_Stocago_metben,8161,8182,True
2024.10.28_06-33-08_Stocago_metben,8184,8190,True
2024.10.28_06-33-08_Stocago_metben,8212,8430,True
2024.10.28_06-33-08_Stocago_metben,8560,8572,True
2024.10.28_06-33-08_Stocago_metben,8668,8669,True
2024.10.28_06-33-08_Stocago_metben,8671,8672,True
2024.10.28_06-33-08_Stocago_metben,8721,8734,True
2024.10.28_06-33-08_Stocago_metben,8738,8743,True
2024.10.28_06-33-08_Stocago_metben,8745,8756,True
2024.10.28_06-33-08_Stocago_metben,8758,8767,True
2024.10.28_06-33-08_Stocago_metben,8769,8941,True
2024.10.28_06-33-08_Stocago_metben,8966,8968,True
2024.10.28_06-33-08_Stocago_metben,8970,8976,True
2024.10.28_06-33-08_Stocago_metben,8978,8978,True
2024.11.13_21-34-45_Yakuba_cameroon_e2hex,803,1246,True
2024.11.13_21-34-45_Yakuba_cameroon_e2hex,1290,1384,True
2024.11.13_21-34-45_Yakuba_cameroon_e2hex,2217,2276,True
2024.11.13_21-34-45_Yakuba_cameroon_e2hex,2279,2722,True
2024.11.13_21-34-45_Yakuba_cameroon_e2hex,2770,2771,True
2024.11.13_21-34-45_Yakuba_cameroon_e2hex,2774,2814,True
2024.11.13_21-34-45_Yakuba_cameroon_e2hex,2864,2893,True
2024.11.13_21-34-45_Yakuba_cameroon_e2hex,2950,2962,True
2024.11.13_21-34-45_Yakuba_cameroon_e2hex,2968,3404,True
2024.11.13_21-34-45_Yakuba_cameroon_e2hex,3406,3909,True
2024.11.13_21-34-45_Yakuba_cameroon_e2hex,5429,5430,True
2024.11.13_21-34-45_Yakuba_cameroon_e2hex,5432,5437,True
2024.11.13_21-34-45_Yakuba_cameroon_e2hex,5439,5465,True
2024.11.13_21-34-45_Yakuba_cameroon_e2hex,5620,5631,True
2024.11.13_21-34-45_Yakuba_cameroon_e2hex,5654,5660,True
2024.11.13_21-34-45_Yakuba_cameroon_e2hex,5662,5662,True
2024.11.13_21-34-45_Yakuba_cameroon_e2hex,5671,5828,True
2024.11.13_21-34-45_Yakuba_cameroon_e2hex,5830,7523,True
2024.11.13_21-34-45_Yakuba_cameroon_e2hex,8498,8515,True
2024.11.13_21-34-45_Yakuba_cameroon_e2hex,8534,8550,True
2024.11.13_21-34-45_Yakuba_cameroon_e2hex,8556,8572,True
2024.11.13_21-34-45_Yakuba_cameroon_e2hex,8623,8999,True
2024.10.28_07-57-15_stocago_metben,1416,1782,True
2024.10.28_07-57-15_stocago_metben,3112,5083,True
2024.10.28_07-57-15_stocago_metben,5085,5531,True
2024.10.28_07-57-15_stocago_metben,5567,5567,True
2024.10.28_07-57-15_stocago_metben,5573,5595,True
2024.10.28_07-57-15_stocago_metben,5640,5640,True
2024.10.28_07-57-15_stocago_metben,5643,5646,True
2024.10.28_07-57-15_stocago_metben,5649,5658,True
2024.10.28_07-57-15_stocago_metben,5688,5709,True
2024.10.28_07-57-15_stocago_metben,5813,5842,True
2024.10.28_07-57-15_stocago_metben,6159,6720,True
2024.10.28_07-57-15_stocago_metben,8173,8187,True
2024.10.28_07-57-15_stocago_metben,8247,8999,True
2024.09.30_12-49-02_Sussex_no_odor,3,689,True
2024.09.30_12-49-02_Sussex_no_odor,2913,3042,True
2024.09.30_12-49-02_Sussex_no_odor,3177,3182,True
2024.09.30_12-49-02_Sussex_no_odor,3530,5062,True
2024.09.30_12-49-02_Sussex_no_odor,5334,5334,True
2024.09.30_12-49-02_Sussex_no_odor,5339,5339,True
2024.09.30_12-49-02_Sussex_no_odor,5364,5393,True
2024.09.30_12-49-02_Sussex_no_odor,5395,5395,True
2024.09.30_12-49-02_Sussex_no_odor,5398,6264,True
2024.10.17_09-46-04_Sto_car_prenac,304,2862,True
2024.10.17_09-46-04_Sto_car_prenac,5540,5559,True
2024.10.17_09-46-04_Sto_car_prenac,5561,5564,True
2024.10.17_09-46-04_Sto_car_prenac,5566,5568,True
2024.10.17_09-46-04_Sto_car_prenac,5571,5572,True
2024.10.17_09-46-04_Sto_car_prenac,5579,5582,True
2024.10.17_09-46-04_Sto_car_prenac,5584,5586,True
2024.10.17_09-46-04_Sto_car_prenac,5612,5626,True
2024.10.17_09-46-04_Sto_car_prenac,5628,5641,True
2024.10.17_09-46-04_Sto_car_prenac,5643,5652,True
2024.10.17_09-46-04_Sto_car_prenac,5654,5664,True
2024.10.17_09-46-04_Sto_car_prenac,5666,5671,True
2024.10.17_09-46-04_Sto_car_prenac,5694,5694,True
2024.10.17_09-46-04_Sto_car_prenac,5699,5700,True
2024.10.17_09-46-04_Sto_car_prenac,5710,5710,True
2024.10.17_09-46-04_Sto_car_prenac,5712,5712,True
2024.10.17_09-46-04_Sto_car_prenac,5717,5717,True
2024.10.17_09-46-04_Sto_car_prenac,5732,5732,True
2024.10.17_09-46-04_Sto_car_prenac,5755,5755,True
2024.10.17_09-46-04_Sto_car_prenac,6326,6353,True
2024.10.17_09-46-04_Sto_car_prenac,6355,6371,True
2024.10.17_09-46-04_Sto_car_prenac,6373,6376,True
2024.10.17_09-46-04_Sto_car_prenac,6378,6411,True
2024.10.17_09-46-04_Sto_car_prenac,6413,6424,True
2024.10.17_09-46-04_Sto_car_prenac,6426,7480,True
2024.10.17_09-46-04_Sto_car_prenac,7482,8998,True
2024.09.30_16-37-52_Biarmipes84_no_odor,743,748,True
2024.09.30_16-37-52_Biarmipes84_no_odor,767,1793,True
2024.09.30_16-37-52_Biarmipes84_no_odor,4662,4677,True
2024.09.30_16-37-52_Biarmipes84_no_odor,4680,4680,True
2024.09.30_16-37-52_Biarmipes84_no_odor,4682,4687,True
2024.09.30_16-37-52_Biarmipes84_no_odor,4690,4981,True
2024.09.30_16-37-52_Biarmipes84_no_odor,4983,5033,True
2024.09.30_16-37-52_Biarmipes84_no_odor,5035,6980,True
2024.07.05_16-44-37_Riverside (no odor),1201,1204,True
2024.07.05_16-44-37_Riverside (no odor),1227,1353,True
2024.07.05_16-44-37_Riverside (no odor),1375,1375,True
2024.07.05_16-44-37_Riverside (no odor),1377,1377,True
2024.07.05_16-44-37_Riverside (no odor),1395,1395,True
2024.07.05_16-44-37_Riverside (no odor),1399,1403,True
2024.07.05_16-44-37_Riverside (no odor),1451,2098,True
2024.07.05_16-44-37_Riverside (no odor),2532,2533,True
2024.07.05_16-44-37_Riverside (no odor),2536,2536,True
2024.07.05_16-44-37_Riverside (no odor),2550,2550,True
2024.07.05_16-44-37_Riverside (no odor),2552,2559,True
2024.07.05_16-44-37_Riverside (no odor),2561,2561,True
2024.07.05_16-44-37_Riverside (no odor),2563,2563,True
2024.07.05_16-44-37_Riverside (no odor),2565,2599,True
2024.07.05_16-44-37_Riverside (no odor),2742,3616,True
2024.07.05_16-44-37_Riverside (no odor),3625,3658,True
2024.07.05_16-44-37_Riverside (no odor),3667,3670,True
2024.07.05_16-44-37_Riverside (no odor),3672,3833,True
2024.07.05_16-44-37_Riverside (no odor),3952,3952,True
2024.07.05_16-44-37_Riverside (no odor),4464,4464,True
2024.07.05_16-44-37_Riverside (no odor),5440,5745,True
2024.07.05_16-44-37_Riverside (no odor),5800,5812,True
2024.07.05_16-44-37_Riverside (no odor),5814,5816,True
2024.07.05_16-44-37_Riverside (no odor),6474,8999,True
2024.11.13_01-23-08_Sussex_e2hex,3,1387,True
2024.11.13_01-23-08_Sussex_e2hex,3077,3080,True
2024.11.13_01-23-08_Sussex_e2hex,3669,3669,True
2024.11.13_01-23-08_Sussex_e2hex,3672,3690,True
2024.11.13_01-23-08_Sussex_e2hex,3895,4042,True
2024.11.13_01-23-08_Sussex_e2hex,5889,6173,True
2024.11.13_01-23-08_Sussex_e2hex,6559,8999,True
2024.11.25_18-12-24_Sechellia_no_odor,138,144,True
2024.11.25_18-12-24_Sechellia_no_odor,146,146,True
2024.11.25_18-12-24_Sechellia_no_odor,149,149,True
2024.11.25_18-12-24_Sechellia_no_odor,1524,2292,True
2024.11.25_18-12-24_Sechellia_no_odor,2294,2296,True
2024.11.25_18-12-24_Sechellia_no_odor,2298,2646,True
2024.11.25_18-12-24_Sechellia_no_odor,2648,2651,True
2024.11.25_18-12-24_Sechellia_no_odor,2653,2654,True
2024.11.25_18-12-24_Sechellia_no_odor,2656,2659,True
2024.11.25_18-12-24_Sechellia_no_odor,2661,2661,True
2024.11.25_18-12-24_Sechellia_no_odor,2663,2676,True
2024.11.25_18-12-24_Sechellia_no_odor,2678,2683,True
2024.11.25_18-12-24_Sechellia_no_odor,2685,2685,True
2024.11.25_18-12-24_Sechellia_no_odor,2687,2729,True
2024.11.25_18-12-24_Sechellia_no_odor,2735,2735,True
2024.11.25_18-12-24_Sechellia_no_odor,2740,2740,True
2024.11.25_18-12-24_Sechellia_no_odor,2742,2917,True
2024.11.25_18-12-24_Sechellia_no_odor,4926,5953,True
2024.11.25_18-12-24_Sechellia_no_odor,5955,5968,True
2024.11.25_18-12-24_Sechellia_no_odor,5970,5971,True
2024.11.25_18-12-24_Sechellia_no_odor,5975,5979,True
2024.11.25_18-12-24_Sechellia_no_odor,5981,5981,True
2024.11.25_18-12-24_Sechellia_no_odor,5983,7964,True
2024.07.05_12-52-23_CantonS (no odor),3,1679,True
2024.07.05_12-52-23_CantonS (no odor),3543,3543,True
2024.07.05_12-52-23_CantonS (no odor),3672,3673,True
2024.07.05_12-52-23_CantonS (no odor),3676,3676,True
2024.07.05_12-52-23_CantonS (no odor),3823,3823,True
2024.07.05_12-52-23_CantonS (no odor),3858,3861,True
2024.07.05_12-52-23_CantonS (no odor),3867,3868,True
2024.07.05_12-52-23_CantonS (no odor),3870,3870,True
2024.07.05_12-52-23_CantonS (no odor),3872,3874,True
2024.07.05_12-52-23_CantonS (no odor),3876,3876,True
2024.07.05_12-52-23_CantonS (no odor),3878,5463,True
2024.11.04_07-03-37_Biarmipes84_e2hex,3,626,True
2024.11.04_07-03-37_Biarmipes84_e2hex,3345,3347,True
2024.11.04_07-03-37_Biarmipes84_e2hex,3355,3355,True
2024.11.04_07-03-37_Biarmipes84_e2hex,3357,3363,True
2024.11.04_07-03-37_Biarmipes84_e2hex,3365,3366,True
2024.11.04_07-03-37_Biarmipes84_e2hex,3370,3398,True
2024.11.04_07-03-37_Biarmipes84_e2hex,3400,3405,True
2024.11.04_07-03-37_Biarmipes84_e2hex,3407,3426,True
2024.11.04_07-03-37_Biarmipes84_e2hex,3428,3441,True
2024.11.04_07-03-37_Biarmipes84_e2hex,3443,3443,True
2024.11.04_07-03-37_Biarmipes84_e2hex,3445,3445,True
2024.11.04_07-03-37_Biarmipes84_e2hex,3447,3476,True
2024.11.04_07-03-37_Biarmipes84_e2hex,3478,3483,True
2024.11.04_07-03-37_Biarmipes84_e2hex,3485,3496,True
2024.11.04_07-03-37_Biarmipes84_e2hex,3498,3503,True
2024.11.04_07-03-37_Biarmipes84_e2hex,3523,3523,True
2024.11.04_07-03-37_Biarmipes84_e2hex,3564,3564,True
2024.11.04_07-03-37_Biarmipes84_e2hex,3595,3596,True
2024.11.04_07-03-37_Biarmipes84_e2hex,3605,3605,True
2024.11.04_07-03-37_Biarmipes84_e2hex,3614,3615,True
2024.11.04_07-03-37_Biarmipes84_e2hex,3623,3623,True
2024.11.04_07-03-37_Biarmipes84_e2hex,3627,3634,True
2024.11.04_07-03-37_Biarmipes84_e2hex,3636,3638,True
2024.11.04_07-03-37_Biarmipes84_e2hex,3640,3648,True
2024.11.04_07-03-37_Biarmipes84_e2hex,3651,3661,True
2024.11.04_07-03-37_Biarmipes84_e2hex,3663,3672,True
2024.11.04_07-03-37_Biarmipes84_e2hex,3674,3674,True
2024.11.04_07-03-37_Biarmipes84_e2hex,3676,3681,True
2024.11.04_07-03-37_Biarmipes84_e2hex,3683,3688,True
2024.11.04_07-03-37_Biarmipes84_e2hex,3690,3690,True
2024.11.04_07-03-37_Biarmipes84_e2hex,3692,3693,True
2024.11.04_07-03-37_Biarmipes84_e2hex,3695,3695,True
2024.11.04_07-03-37_Biarmipes84_e2hex,3698,3698,True
2024.11.04_07-03-37_Biarmipes84_e2hex,3700,3702,True
2024.11.04_07-03-37_Biarmipes84_e2hex,3705,3705,True
2024.11.04_07-03-37_Biarmipes84_e2hex,3707,3713,True
2024.11.04_07-03-37_Biarmipes84_e2hex,3715,3717,True
2024.11.04_07-03-37_Biarmipes84_e2hex,3720,3722,True
2024.11.04_07-03-37_Biarmipes84_e2hex,3724,3724,True
2024.11.04_07-03-37_Biarmipes84_e2hex,3726,3730,True
2024.11.04_07-03-37_Biarmipes84_e2hex,3733,3735,True
2024.11.04_07-03-37_Biarmipes84_e2hex,3738,3744,True
2024.11.04_07-03-37_Biarmipes84_e2hex,3746,4605,True
2024.11.04_07-03-37_Biarmipes84_e2hex,5537,5540,True
2024.11.04_07-03-37_Biarmipes84_e2hex,5558,5558,True
2024.11.04_07-03-37_Biarmipes84_e2hex,5580,5583,True
2024.11.04_07-03-37_Biarmipes84_e2hex,5585,5592,True
2024.11.04_07-03-37_Biarmipes84_e2hex,5610,5611,True
2024.11.04_07-03-37_Biarmipes84_e2hex,5621,5621,True
2024.11.04_07-03-37_Biarmipes84_e2hex,5641,5641,True
2024.11.04_07-03-37_Biarmipes84_e2hex,5644,5646,True
2024.11.04_07-03-37_Biarmipes84_e2hex,5654,5658,True
2024.11.04_07-03-37_Biarmipes84_e2hex,5660,5660,True
2024.11.04_07-03-37_Biarmipes84_e2hex,5663,5680,True
2024.11.04_07-03-37_Biarmipes84_e2hex,5682,5682,True
2024.11.04_07-03-37_Biarmipes84_e2hex,5687,5700,True
2024.11.04_07-03-37_Biarmipes84_e2hex,5703,5716,True
2024.11.04_07-03-37_Biarmipes84_e2hex,5718,5718,True
2024.11.04_07-03-37_Biarmipes84_e2hex,5720,5720,True
2024.11.04_07-03-37_Biarmipes84_e2hex,5722,5726,True
2024.11.04_07-03-37_Biarmipes84_e2hex,5728,5731,True
2024.11.04_07-03-37_Biarmipes84_e2hex,5733,5733,True
2024.11.04_07-03-37_Biarmipes84_e2hex,5737,5737,True
2024.11.04_07-03-37_Biarmipes84_e2hex,5742,5742,True
2024.11.04_07-03-37_Biarmipes84_e2hex,5745,5749,True
2024.11.04_07-03-37_Biarmipes84_e2hex,5751,5751,True
2024.11.04_07-03-37_Biarmipes84_e2hex,5754,5757,True
2024.11.04_07-03-37_Biarmipes84_e2hex,5759,5762,True
2024.11.04_07-03-37_Biarmipes84_e2hex,5764,5765,True
2024.11.04_07-03-37_Biarmipes84_e2hex,5767,5799,True
2024.11.04_07-03-37_Biarmipes84_e2hex,5803,5804,True
2024.11.04_07-03-37_Biarmipes84_e2hex,5806,5806,True
2024.11.04_07-03-37_Biarmipes84_e2hex,5808,5809,True
2024.11.04_07-03-37_Biarmipes84_e2hex,5819,5841,True
2024.11.04_07-03-37_Biarmipes84_e2hex,5843,5844,True
2024.11.04_07-03-37_Biarmipes84_e2hex,5882,5891,True
2024.11.04_07-03-37_Biarmipes84_e2hex,5979,5989,True
2024.11.04_07-03-37_Biarmipes84_e2hex,5991,6008,True
2024.11.04_07-03-37_Biarmipes84_e2hex,6010,6040,True
2024.11.04_07-03-37_Biarmipes84_e2hex,6048,6262,True
2024.11.04_07-03-37_Biarmipes84_e2hex,6264,8238,True
2024.10.14_09-10-11_Riverside_prenac,3,858,True
2024.10.14_09-10-11_Riverside_prenac,861,865,True
2024.10.14_09-10-11_Riverside_prenac,1807,2009,True
2024.10.14_09-10-11_Riverside_prenac,2266,2268,True
2024.10.14_09-10-11_Riverside_prenac,2272,2272,True
2024.10.14_09-10-11_Riverside_prenac,2292,2292,True
2024.10.14_09-10-11_Riverside_prenac,2298,2299,True
2024.10.14_09-10-11_Riverside_prenac,2301,2304,True
2024.10.14_09-10-11_Riverside_prenac,3525,3540,True
2024.10.14_09-10-11_Riverside_prenac,3554,3684,True
2024.10.14_09-10-11_Riverside_prenac,3686,3686,True
2024.10.14_09-10-11_Riverside_prenac,3857,3858,True
2024.10.14_09-10-11_Riverside_prenac,4078,4095,True
2024.10.14_09-10-11_Riverside_prenac,4101,4188,True
2024.10.14_09-10-11_Riverside_prenac,4255,4310,True
2024.10.14_09-10-11_Riverside_prenac,4312,4313,True
2024.10.14_09-10-11_Riverside_prenac,4336,4336,True
2024.10.14_09-10-11_Riverside_prenac,4340,4512,True
2024.10.14_09-10-11_Riverside_prenac,4866,4971,True
2024.10.14_09-10-11_Riverside_prenac,5060,5075,True
2024.10.14_09-10-11_Riverside_prenac,5088,5088,True
2024.10.14_09-10-11_Riverside_prenac,5711,5712,True
2024.10.14_09-10-11_Riverside_prenac,5731,5741,True
2024.10.14_09-10-11_Riverside_prenac,5743,6965,True
2024.10.14_09-10-11_Riverside_prenac,7697,8709,True
2025.04.08_11-01-38_Sussex_metbut,3,481,True
2025.04.08_11-01-38_Sussex_metbut,1408,1631,True
2025.04.08_11-01-38_Sussex_metbut,1636,1658,True
2025.04.08_11-01-38_Sussex_metbut,1660,1660,True
2025.04.08_11-01-38_Sussex_metbut,1667,1689,True
2025.04.08_11-01-38_Sussex_metbut,1693,1700,True
2025.04.08_11-01-38_Sussex_metbut,1713,1723,True
2025.04.08_11-01-38_Sussex_metbut,1728,1729,True
2025.04.08_11-01-38_Sussex_metbut,1731,1740,True
2025.04.08_11-01-38_Sussex_metbut,1748,1754,True
2025.04.08_11-01-38_Sussex_metbut,1757,1758,True
2025.04.08_11-01-38_Sussex_metbut,1767,1973,True
2025.04.08_11-01-38_Sussex_metbut,1979,2009,True
2025.04.08_11-01-38_Sussex_metbut,2036,2040,True
2025.04.08_11-01-38_Sussex_metbut,2042,2065,True
2025.04.08_11-01-38_Sussex_metbut,2082,3393,True
2025.04.08_11-01-38_Sussex_metbut,5061,5460,True
2025.04.08_11-01-38_Sussex_metbut,5626,7058,True
2025.04.08_11-01-38_Sussex_metbut,8898,8999,True
2024.10.02_13-34-23_Riverside_metbut,128,2273,True
2024.10.02_13-34-23_Riverside_metbut,2413,2430,True
2024.10.02_13-34-23_Riverside_metbut,2436,2437,True
2024.10.02_13-34-23_Riverside_metbut,2462,2462,True
2024.10.02_13-34-23_Riverside_metbut,2465,2483,True
2024.10.02_13-34-23_Riverside_metbut,2489,3634,True
2024.10.02_13-34-23_Riverside_metbut,5274,7597,True
2024.10.02_13-34-23_Riverside_metbut,8586,8999,True
2024.10.29_03-30-30_Sechellia_metben,3,1741,True
2024.10.29_03-30-30_Sechellia_metben,7276,7976,True
2024.10.29_03-30-30_Sechellia_metben,7978,8772,True
2024.10.29_03-30-30_Sechellia_metben,8774,8999,True
2024.10.29_08-07-51_Sto_car_metben,3,2528,True
2024.10.29_08-07-51_Sto_car_metben,3310,3649,True
2024.10.29_08-07-51_Sto_car_metben,3982,4004,True
2024.10.29_08-07-51_Sto_car_metben,4006,4006,True
2024.10.29_08-07-51_Sto_car_metben,4012,4088,True
2024.10.29_08-07-51_Sto_car_metben,7175,7721,True
2024.10.29_08-07-51_Sto_car_metben,7723,7723,True
2024.10.29_08-07-51_Sto_car_metben,7725,7726,True
2024.10.29_08-07-51_Sto_car_metben,7816,7989,True
2024.10.29_08-07-51_Sto_car_metben,8143,8259,True
2024.10.29_08-07-51_Sto_car_metben,8261,8261,True
2024.10.29_08-07-51_Sto_car_metben,8274,8335,True
2024.10.29_08-07-51_Sto_car_metben,8412,8413,True
2024.10.29_08-07-51_Sto_car_metben,8478,8595,True
2024.10.29_08-07-51_Sto_car_metben,8601,8601,True
2024.10.29_08-07-51_Sto_car_metben,8604,8604,True
2024.10.29_08-07-51_Sto_car_metben,8606,8608,True
2024.10.29_08-07-51_Sto_car_metben,8610,8610,True
2024.10.29_08-07-51_Sto_car_metben,8612,8612,True
2024.10.29_08-07-51_Sto_car_metben,8685,8961,True
2024.10.11_10-23-31_Biarmipes_G224_1hexanol,1172,1509,True
2024.10.11_10-23-31_Biarmipes_G224_1hexanol,1695,1770,True
2024.10.11_10-23-31_Biarmipes_G224_1hexanol,1863,2291,True
2024.10.11_10-23-31_Biarmipes_G224_1hexanol,2687,2694,True
2024.10.11_10-23-31_Biarmipes_G224_1hexanol,2697,2727,True
2024.10.11_10-23-31_Biarmipes_G224_1hexanol,2774,2920,True
2024.10.11_10-23-31_Biarmipes_G224_1hexanol,2922,3195,True
2024.10.11_10-23-31_Biarmipes_G224_1hexanol,3221,3839,True
2024.10.11_10-23-31_Biarmipes_G224_1hexanol,5090,6079,True
2024.10.11_10-23-31_Biarmipes_G224_1hexanol,6875,6875,True
2024.10.11_10-23-31_Biarmipes_G224_1hexanol,7093,7469,True
2024.10.11_10-23-31_Biarmipes_G224_1hexanol,7631,8053,True
2024.10.11_10-23-31_Biarmipes_G224_1hexanol,8565,8586,True
2024.07.08_13-31-08_Riverside (E-2-Hex),102,102,True
2024.07.08_13-31-08_Riverside (E-2-Hex),108,109,True
2024.07.08_13-31-08_Riverside (E-2-Hex),283,283,True
2024.07.08_13-31-08_Riverside (E-2-Hex),403,460,True
2024.07.08_13-31-08_Riverside (E-2-Hex),462,633,True
2024.07.08_13-31-08_Riverside (E-2-Hex),826,826,True
2024.07.08_13-31-08_Riverside (E-2-Hex),1308,1321,True
2024.07.08_13-31-08_Riverside (E-2-Hex),1332,1333,True
2024.07.08_13-31-08_Riverside (E-2-Hex),1335,1370,True
2024.07.08_13-31-08_Riverside (E-2-Hex),1375,1375,True
2024.07.08_13-31-08_Riverside (E-2-Hex),1406,1479,True
2024.07.08_13-31-08_Riverside (E-2-Hex),1531,1537,True
2024.07.08_13-31-08_Riverside (E-2-Hex),1542,1545,True
2024.07.08_13-31-08_Riverside (E-2-Hex),1556,2009,True
2024.07.08_13-31-08_Riverside (E-2-Hex),2565,2623,True
2024.07.08_13-31-08_Riverside (E-2-Hex),2695,2707,True
2024.07.08_13-31-08_Riverside (E-2-Hex),2709,2719,True
2024.07.08_13-31-08_Riverside (E-2-Hex),2732,3553,True
2024.07.08_13-31-08_Riverside (E-2-Hex),4431,5817,True
2024.07.08_13-31-08_Riverside (E-2-Hex),6798,6799,True
2024.07.08_13-31-08_Riverside (E-2-Hex),6843,7486,True
2024.07.08_13-31-08_Riverside (E-2-Hex),8759,8759,True
2024.07.08_13-31-08_Riverside (E-2-Hex),8782,8782,True
2024.07.08_13-31-08_Riverside (E-2-Hex),8949,8953,True
2024.07.08_13-31-08_Riverside (E-2-Hex),8969,8999,True
2024.10.28_05-22-40_Yakuba_cameroon_metben,3,1217,True
2024.10.28_05-22-40_Yakuba_cameroon_metben,3673,5682,True
2024.10.28_05-22-40_Yakuba_cameroon_metben,7252,7281,True
2024.10.28_05-22-40_Yakuba_cameroon_metben,7283,7297,True
2024.10.28_05-22-40_Yakuba_cameroon_metben,7299,7314,True
2024.10.28_05-22-40_Yakuba_cameroon_metben,7343,7350,True
2024.10.28_05-22-40_Yakuba_cameroon_metben,7354,7354,True
2024.10.28_05-22-40_Yakuba_cameroon_metben,7369,7931,True
2024.10.28_05-22-40_Yakuba_cameroon_metben,7933,7945,True
2024.10.28_05-22-40_Yakuba_cameroon_metben,7967,7969,True
2024.10.28_05-22-40_Yakuba_cameroon_metben,7971,8993,True
2024.11.14_00-40-35_Sechellia_e2hex,2039,2040,True
2024.11.14_00-40-35_Sechellia_e2hex,2042,2042,True
2024.11.14_00-40-35_Sechellia_e2hex,2044,2044,True
2024.11.14_00-40-35_Sechellia_e2hex,2049,2052,True
2024.11.14_00-40-35_Sechellia_e2hex,2054,2056,True
2024.11.14_00-40-35_Sechellia_e2hex,2058,2058,True
2024.11.14_00-40-35_Sechellia_e2hex,2063,2065,True
2024.11.14_00-40-35_Sechellia_e2hex,2079,2079,True
2024.11.14_00-40-35_Sechellia_e2hex,2084,2085,True
2024.11.14_00-40-35_Sechellia_e2hex,2088,2090,True
2024.11.14_00-40-35_Sechellia_e2hex,2093,2099,True
2024.11.14_00-40-35_Sechellia_e2hex,2103,2182,True
2024.11.14_00-40-35_Sechellia_e2hex,2184,2312,True
2024.11.14_00-40-35_Sechellia_e2hex,2314,2316,True
2024.11.14_00-40-35_Sechellia_e2hex,2318,2319,True
2024.11.14_00-40-35_Sechellia_e2hex,2321,2331,True
2024.11.14_00-40-35_Sechellia_e2hex,2333,2335,True
2024.11.14_00-40-35_Sechellia_e2hex,2339,2341,True
2024.11.14_00-40-35_Sechellia_e2hex,2345,2345,True
2024.11.14_00-40-35_Sechellia_e2hex,2351,2353,True
2024.11.14_00-40-35_Sechellia_e2hex,2355,2355,True
2024.11.14_00-40-35_Sechellia_e2hex,2361,2361,True
2024.11.14_00-40-35_Sechellia_e2hex,2364,2364,True
2024.11.14_00-40-35_Sechellia_e2hex,2368,2368,True
2024.11.14_00-40-35_Sechellia_e2hex,2370,2372,True
2024.11.14_00-40-35_Sechellia_e2hex,2397,2397,True
2024.11.14_00-40-35_Sechellia_e2hex,2401,2402,True
2024.11.14_00-40-35_Sechellia_e2hex,2484,2484,True
2024.11.14_00-40-35_Sechellia_e2hex,2487,2487,True
2024.11.14_00-40-35_Sechellia_e2hex,2495,2495,True
2024.11.14_00-40-35_Sechellia_e2hex,2577,2579,True
2024.11.14_00-40-35_Sechellia_e2hex,2581,2581,True
2024.11.14_00-40-35_Sechellia_e2hex,2583,2583,True
2024.11.14_00-40-35_Sechellia_e2hex,2585,2587,True
2024.11.14_00-40-35_Sechellia_e2hex,2601,2602,True
2024.11.14_00-40-35_Sechellia_e2hex,2609,2613,True
2024.11.14_00-40-35_Sechellia_e2hex,2615,2615,True
2024.11.14_00-40-35_Sechellia_e2hex,2620,2620,True
2024.11.14_00-40-35_Sechellia_e2hex,2622,2622,True
2024.11.14_00-40-35_Sechellia_e2hex,2625,2627,True
2024.11.14_00-40-35_Sechellia_e2hex,2629,2630,True
2024.11.14_00-40-35_Sechellia_e2hex,2632,2633,True
2024.11.14_00-40-35_Sechellia_e2hex,2639,2642,True
2024.11.14_00-40-35_Sechellia_e2hex,2644,2644,True
2024.11.14_00-40-35_Sechellia_e2hex,2648,2651,True
2024.11.14_00-40-35_Sechellia_e2hex,2653,2653,True
2024.11.14_00-40-35_Sechellia_e2hex,2657,2664,True
2024.11.14_00-40-35_Sechellia_e2hex,2666,2666,True
2024.11.14_00-40-35_Sechellia_e2hex,2675,2675,True
2024.11.14_00-40-35_Sechellia_e2hex,2677,2677,True
2024.11.14_00-40-35_Sechellia_e2hex,2682,2687,True
2024.11.14_00-40-35_Sechellia_e2hex,2689,2689,True
2024.11.14_00-40-35_Sechellia_e2hex,2692,2692,True
2024.11.14_00-40-35_Sechellia_e2hex,2710,2710,True
2024.11.14_00-40-35_Sechellia_e2hex,2712,2712,True
2024.11.14_00-40-35_Sechellia_e2hex,2720,2720,True
2024.11.14_00-40-35_Sechellia_e2hex,2723,2724,True
2024.11.14_00-40-35_Sechellia_e2hex,2758,2758,True
2024.11.14_00-40-35_Sechellia_e2hex,2760,2760,True
2024.11.14_00-40-35_Sechellia_e2hex,2762,2762,True
2024.11.14_00-40-35_Sechellia_e2hex,2764,2764,True
2024.11.14_00-40-35_Sechellia_e2hex,2769,2769,True
2024.11.14_00-40-35_Sechellia_e2hex,2771,2778,True
2024.11.14_00-40-35_Sechellia_e2hex,2780,2781,True
2024.11.14_00-40-35_Sechellia_e2hex,2783,2787,True
2024.11.14_00-40-35_Sechellia_e2hex,2789,2791,True
2024.11.14_00-40-35_Sechellia_e2hex,2793,2799,True
2024.11.14_00-40-35_Sechellia_e2hex,2803,2803,True
2024.11.14_00-40-35_Sechellia_e2hex,2805,2805,True
2024.11.14_00-40-35_Sechellia_e2hex,2807,2815,True
2024.11.14_00-40-35_Sechellia_e2hex,2817,2819,True
2024.11.14_00-40-35_Sechellia_e2hex,2822,2823,True
2024.11.14_00-40-35_Sechellia_e2hex,2825,2826,True
2024.11.14_00-40-35_Sechellia_e2hex,2828,5927,True
2024.11.14_00-40-35_Sechellia_e2hex,6515,7146,True
2024.11.14_00-40-35_Sechellia_e2hex,8826,8999,True
2024.10.31_04-16-26_Biarmipes_G224_metben,7,8,True
2024.10.31_04-16-26_Biarmipes_G224_metben,10,523,True
2024.10.31_04-16-26_Biarmipes_G224_metben,1669,1669,True
2024.10.31_04-16-26_Biarmipes_G224_metben,1777,1792,True
2024.10.31_04-16-26_Biarmipes_G224_metben,1794,2046,True
2024.10.31_04-16-26_Biarmipes_G224_metben,2048,2084,True
2024.10.31_04-16-26_Biarmipes_G224_metben,2095,2218,True
2024.10.31_04-16-26_Biarmipes_G224_metben,2225,2225,True
2024.10.31_04-16-26_Biarmipes_G224_metben,2228,2228,True
2024.10.31_04-16-26_Biarmipes_G224_metben,2230,2230,True
2024.10.31_04-16-26_Biarmipes_G224_metben,2232,2245,True
2024.10.31_04-16-26_Biarmipes_G224_metben,2268,2279,True
2024.10.31_04-16-26_Biarmipes_G224_metben,2629,2647,True
2024.10.31_04-16-26_Biarmipes_G224_metben,2650,2650,True
2024.10.31_04-16-26_Biarmipes_G224_metben,2857,2874,True
2024.10.31_04-16-26_Biarmipes_G224_metben,2889,2891,True
2024.10.31_04-16-26_Biarmipes_G224_metben,2952,2952,True
2024.10.31_04-16-26_Biarmipes_G224_metben,2954,3152,True
2024.10.31_04-16-26_Biarmipes_G224_metben,3155,3251,True
2024.10.31_04-16-26_Biarmipes_G224_metben,3272,3276,True
2024.10.31_04-16-26_Biarmipes_G224_metben,3780,3780,True
2024.10.31_04-16-26_Biarmipes_G224_metben,3787,3807,True
2024.10.31_04-16-26_Biarmipes_G224_metben,3839,3839,True
2024.10.31_04-16-26_Biarmipes_G224_metben,3841,4140,True
2024.10.31_04-16-26_Biarmipes_G224_metben,4145,4250,True
2024.10.31_04-16-26_Biarmipes_G224_metben,4271,4330,True
2024.10.31_04-16-26_Biarmipes_G224_metben,4334,4339,True
2024.10.31_04-16-26_Biarmipes_G224_metben,4576,4595,True
2024.10.31_04-16-26_Biarmipes_G224_metben,4603,4603,True
2024.10.31_04-16-26_Biarmipes_G224_metben,4626,4665,True
2024.10.31_04-16-26_Biarmipes_G224_metben,4667,4671,True
2024.10.31_04-16-26_Biarmipes_G224_metben,4801,4833,True
2024.10.31_04-16-26_Biarmipes_G224_metben,4879,5638,True
2024.10.31_04-16-26_Biarmipes_G224_metben,6042,6102,True
2024.10.31_04-16-26_Biarmipes_G224_metben,6111,6425,True
2024.10.31_04-16-26_Biarmipes_G224_metben,6427,6614,True
2024.10.31_04-16-26_Biarmipes_G224_metben,6622,6623,True
2024.10.31_04-16-26_Biarmipes_G224_metben,7000,7000,True
2024.10.31_04-16-26_Biarmipes_G224_metben,7008,7014,True
2024.10.31_04-16-26_Biarmipes_G224_metben,7212,7215,True
2024.10.31_04-16-26_Biarmipes_G224_metben,7229,7229,True
2024.10.31_04-16-26_Biarmipes_G224_metben,7282,7283,True
2024.10.31_04-16-26_Biarmipes_G224_metben,7289,7289,True
2024.10.31_04-16-26_Biarmipes_G224_metben,7331,7341,True
2024.10.31_04-16-26_Biarmipes_G224_metben,7346,7348,True
2024.10.31_04-16-26_Biarmipes_G224_metben,7359,7359,True
2024.10.31_04-16-26_Biarmipes_G224_metben,7420,7432,True
2024.10.31_04-16-26_Biarmipes_G224_metben,7442,7464,True
2024.10.31_04-16-26_Biarmipes_G224_metben,7466,7466,True
2024.10.31_04-16-26_Biarmipes_G224_metben,7468,7470,True
2024.10.31_04-16-26_Biarmipes_G224_metben,7475,7475,True
2024.10.31_04-16-26_Biarmipes_G224_metben,7477,7477,True
2024.10.31_04-16-26_Biarmipes_G224_metben,7479,7479,True
2024.10.31_04-16-26_Biarmipes_G224_metben,7481,7481,True
2024.10.31_04-16-26_Biarmipes_G224_metben,7483,7484,True
2024.10.31_04-16-26_Biarmipes_G224_metben,7494,7494,True
2024.10.31_04-16-26_Biarmipes_G224_metben,7498,7498,True
2024.10.31_04-16-26_Biarmipes_G224_metben,7519,7520,True
2024.10.31_04-16-26_Biarmipes_G224_metben,7522,7958,True
2024.10.31_04-16-26_Biarmipes_G224_metben,7986,8195,True
2024.10.31_04-16-26_Biarmipes_G224_metben,8197,8219,True
2024.10.31_04-16-26_Biarmipes_G224_metben,8225,8927,True
2024.09.30_14-44-36_Yakuba_cameroon_no_odor,2868,2868,True
2024.09.30_14-44-36_Yakuba_cameroon_no_odor,4989,5033,True
2024.09.30_14-44-36_Yakuba_cameroon_no_odor,5100,5105,True
2024.09.30_14-44-36_Yakuba_cameroon_no_odor,5108,5125,True
2024.09.30_14-44-36_Yakuba_cameroon_no_odor,5127,5133,True
2024.09.30_14-44-36_Yakuba_cameroon_no_odor,5135,5183,True
2024.09.30_14-44-36_Yakuba_cameroon_no_odor,5185,5195,True
2024.09.30_14-44-36_Yakuba_cameroon_no_odor,5197,5211,True
2024.09.30_14-44-36_Yakuba_cameroon_no_odor,5213,5213,True
2024.09.30_14-44-36_Yakuba_cameroon_no_odor,5215,5215,True
2024.09.30_14-44-36_Yakuba_cameroon_no_odor,5217,5219,True
2024.09.30_14-44-36_Yakuba_cameroon_no_odor,5221,5224,True
2024.09.30_14-44-36_Yakuba_cameroon_no_odor,5226,5226,True
2024.09.30_14-44-36_Yakuba_cameroon_no_odor,5228,5239,True
2024.09.30_14-44-36_Yakuba_cameroon_no_odor,5241,5243,True
2024.09.30_14-44-36_Yakuba_cameroon_no_odor,5246,5246,True
2024.09.30_14-44-36_Yakuba_cameroon_no_odor,5253,5256,True
2024.09.30_14-44-36_Yakuba_cameroon_no_odor,5258,5259,True
2024.09.30_14-44-36_Yakuba_cameroon_no_odor,5286,5291,True
2024.09.30_14-44-36_Yakuba_cameroon_no_odor,5315,5316,True
2024.09.30_14-44-36_Yakuba_cameroon_no_odor,5618,5769,True
2024.09.30_14-44-36_Yakuba_cameroon_no_odor,5876,5891,True
2024.09.30_14-44-36_Yakuba_cameroon_no_odor,6020,6148,True
2024.09.30_14-44-36_Yakuba_cameroon_no_odor,8025,8997,True
2024.12.01_19-16-04_Biarmipes84_prenac,3,11,True
2024.12.01_19-16-04_Biarmipes84_prenac,13,14,True
2024.12.01_19-16-04_Biarmipes84_prenac,60,61,True
2024.12.01_19-16-04_Biarmipes84_prenac,79,79,True
2024.12.01_19-16-04_Biarmipes84_prenac,87,87,True
2024.12.01_19-16-04_Biarmipes84_prenac,89,155,True
2024.12.01_19-16-04_Biarmipes84_prenac,312,355,True
2024.12.01_19-16-04_Biarmipes84_prenac,580,580,True
2024.12.01_19-16-04_Biarmipes84_prenac,582,1382,True
2024.12.01_19-16-04_Biarmipes84_prenac,2452,2674,True
2024.12.01_19-16-04_Biarmipes84_prenac,2677,3202,True
2024.12.01_19-16-04_Biarmipes84_prenac,3230,3249,True
2024.12.01_19-16-04_Biarmipes84_prenac,3279,3306,True
2024.12.01_19-16-04_Biarmipes84_prenac,3331,3353,True
2024.12.01_19-16-04_Biarmipes84_prenac,3360,3360,True
2024.12.01_19-16-04_Biarmipes84_prenac,3973,3984,True
2024.12.01_19-16-04_Biarmipes84_prenac,4049,4049,True
2024.12.01_19-16-04_Biarmipes84_prenac,4076,4090,True
2024.12.01_19-16-04_Biarmipes84_prenac,4553,4582,True
2024.12.01_19-16-04_Biarmipes84_prenac,4604,5060,True
2024.12.01_19-16-04_Biarmipes84_prenac,5062,5063,True
2024.12.01_19-16-04_Biarmipes84_prenac,5080,6394,True
2024.12.01_19-16-04_Biarmipes84_prenac,7490,8603,True
2024.10.29_04-09-25_Biarmipes84_metben,215,240,True
2024.10.29_04-09-25_Biarmipes84_metben,303,739,True
2024.10.29_04-09-25_Biarmipes84_metben,772,810,True
2024.10.29_04-09-25_Biarmipes84_metben,842,901,True
2024.10.29_04-09-25_Biarmipes84_metben,903,904,True
2024.10.29_04-09-25_Biarmipes84_metben,1530,1540,True
2024.10.29_04-09-25_Biarmipes84_metben,2121,2141,True
2024.10.29_04-09-25_Biarmipes84_metben,2147,3291,True
2024.10.29_04-09-25_Biarmipes84_metben,4596,4596,True
2024.10.29_04-09-25_Biarmipes84_metben,4599,4600,True
2024.10.29_04-09-25_Biarmipes84_metben,4605,4605,True
2024.10.29_04-09-25_Biarmipes84_metben,4608,4610,True
2024.10.29_04-09-25_Biarmipes84_metben,4614,4615,True
2024.10.29_04-09-25_Biarmipes84_metben,4617,4620,True
2024.10.29_04-09-25_Biarmipes84_metben,4628,4633,True
2024.10.29_04-09-25_Biarmipes84_metben,4635,4635,True
2024.10.29_04-09-25_Biarmipes84_metben,4637,4640,True
2024.10.29_04-09-25_Biarmipes84_metben,4643,4652,True
2024.10.29_04-09-25_Biarmipes84_metben,4654,4658,True
2024.10.29_04-09-25_Biarmipes84_metben,4660,4662,True
2024.10.29_04-09-25_Biarmipes84_metben,4664,4665,True
2024.10.29_04-09-25_Biarmipes84_metben,4668,4668,True
2024.10.29_04-09-25_Biarmipes84_metben,4670,4673,True
2024.10.29_04-09-25_Biarmipes84_metben,4677,4678,True
2024.10.29_04-09-25_Biarmipes84_metben,4680,4687,True
2024.10.29_04-09-25_Biarmipes84_metben,4694,4696,True
2024.10.29_04-09-25_Biarmipes84_metben,4703,4703,True
2024.10.29_04-09-25_Biarmipes84_metben,4710,4725,True
2024.10.29_04-09-25_Biarmipes84_metben,4729,4755,True
2024.10.29_04-09-25_Biarmipes84_metben,4758,4759,True
2024.10.29_04-09-25_Biarmipes84_metben,4764,4784,True
2024.10.29_04-09-25_Biarmipes84_metben,4786,4879,True
2024.10.29_04-09-25_Biarmipes84_metben,5920,5920,True
2024.10.29_04-09-25_Biarmipes84_metben,5925,5925,True
2024.10.29_04-09-25_Biarmipes84_metben,5966,5966,True
2024.10.29_04-09-25_Biarmipes84_metben,6056,6056,True
2024.10.29_04-09-25_Biarmipes84_metben,7129,7150,True
2024.10.29_04-09-25_Biarmipes84_metben,7152,7169,True
2024.10.29_04-09-25_Biarmipes84_metben,7171,7376,True
2024.10.29_04-09-25_Biarmipes84_metben,7378,7387,True
2024.10.29_04-09-25_Biarmipes84_metben,7389,7749,True
2024.10.29_04-09-25_Biarmipes84_metben,7959,8343,True
2024.10.02_11-00-56_Biarmipes_G224_no_odor,1480,1488,True
2024.10.02_11-00-56_Biarmipes_G224_no_odor,1490,1490,True
2024.10.02_11-00-56_Biarmipes_G224_no_odor,1497,2972,True
2024.10.02_11-00-56_Biarmipes_G224_no_odor,4283,4288,True
2024.10.02_11-00-56_Biarmipes_G224_no_odor,4316,4319,True
2024.10.02_11-00-56_Biarmipes_G224_no_odor,4321,4336,True
2024.10.02_11-00-56_Biarmipes_G224_no_odor,4338,4345,True
2024.10.02_11-00-56_Biarmipes_G224_no_odor,4347,4349,True
2024.10.02_11-00-56_Biarmipes_G224_no_odor,4351,4351,True
2024.10.02_11-00-56_Biarmipes_G224_no_odor,4356,4362,True
2024.10.02_11-00-56_Biarmipes_G224_no_odor,4365,4411,True
2024.10.02_11-00-56_Biarmipes_G224_no_odor,4413,4424,True
2024.10.02_11-00-56_Biarmipes_G224_no_odor,4427,4451,True
2024.10.02_11-00-56_Biarmipes_G224_no_odor,4467,4516,True
2024.10.02_11-00-56_Biarmipes_G224_no_odor,4518,4522,True
2024.10.02_11-00-56_Biarmipes_G224_no_odor,4524,4534,True
2024.10.02_11-00-56_Biarmipes_G224_no_odor,4537,4542,True
2024.10.02_11-00-56_Biarmipes_G224_no_odor,4544,4549,True
2024.10.02_11-00-56_Biarmipes_G224_no_odor,4551,5727,True
2024.10.02_11-00-56_Biarmipes_G224_no_odor,6668,6824,True
2024.10.02_11-00-56_Biarmipes_G224_no_odor,7340,8849,True
2024.11.13_03-13-30_Yakuba7_e2hex,3495,3495,True
2024.11.13_03-13-30_Yakuba7_e2hex,3517,3517,True
2024.11.13_03-13-30_Yakuba7_e2hex,3519,3519,True
2024.11.13_03-13-30_Yakuba7_e2hex,3536,3536,True
2024.11.13_03-13-30_Yakuba7_e2hex,3538,3538,True
2024.11.13_03-13-30_Yakuba7_e2hex,3540,3542,True
2024.11.13_03-13-30_Yakuba7_e2hex,3547,3547,True
2024.11.13_03-13-30_Yakuba7_e2hex,3549,3550,True
2024.11.13_03-13-30_Yakuba7_e2hex,3552,3552,True
2024.11.13_03-13-30_Yakuba7_e2hex,3554,3554,True
2024.11.13_03-13-30_Yakuba7_e2hex,3560,3560,True
2024.11.13_03-13-30_Yakuba7_e2hex,3562,3562,True
2024.11.13_03-13-30_Yakuba7_e2hex,3564,3565,True
2024.11.13_03-13-30_Yakuba7_e2hex,3571,3573,True
2024.11.13_03-13-30_Yakuba7_e2hex,3579,3580,True
2024.11.13_03-13-30_Yakuba7_e2hex,3588,3588,True
2024.11.13_03-13-30_Yakuba7_e2hex,3592,3592,True
2024.11.13_03-13-30_Yakuba7_e2hex,3598,3598,True
2024.11.13_03-13-30_Yakuba7_e2hex,3648,3648,True
2024.11.13_03-13-30_Yakuba7_e2hex,3651,3651,True
2024.11.13_03-13-30_Yakuba7_e2hex,3694,3694,True
2024.11.13_03-13-30_Yakuba7_e2hex,3699,3699,True
2024.11.13_03-13-30_Yakuba7_e2hex,3706,3707,True
2024.11.13_03-13-30_Yakuba7_e2hex,3713,3713,True
2024.11.13_03-13-30_Yakuba7_e2hex,3717,3718,True
2024.11.13_03-13-30_Yakuba7_e2hex,3725,3726,True
2024.11.13_03-13-30_Yakuba7_e2hex,3728,3733,True
2024.11.13_03-13-30_Yakuba7_e2hex,3744,3746,True
2024.11.13_03-13-30_Yakuba7_e2hex,3748,3748,True
2024.11.13_03-13-30_Yakuba7_e2hex,3750,3753,True
2024.11.13_03-13-30_Yakuba7_e2hex,3755,3761,True
2024.11.13_03-13-30_Yakuba7_e2hex,3763,3768,True
2024.11.13_03-13-30_Yakuba7_e2hex,3771,3771,True
2024.11.13_03-13-30_Yakuba7_e2hex,3775,3777,True
2024.11.13_03-13-30_Yakuba7_e2hex,3785,3786,True
2024.11.13_03-13-30_Yakuba7_e2hex,3790,3792,True
2024.11.13_03-13-30_Yakuba7_e2hex,3795,3796,True
2024.11.13_03-13-30_Yakuba7_e2hex,3798,3798,True
2024.11.13_03-13-30_Yakuba7_e2hex,3876,3877,True
2024.11.13_03-13-30_Yakuba7_e2hex,3880,3880,True
2024.11.13_03-13-30_Yakuba7_e2hex,3888,3888,True
2024.11.13_03-13-30_Yakuba7_e2hex,4286,4287,True
2024.11.13_03-13-30_Yakuba7_e2hex,4289,4294,True
2024.11.13_03-13-30_Yakuba7_e2hex,4296,4298,True
2024.11.13_03-13-30_Yakuba7_e2hex,4302,4302,True
2024.11.13_03-13-30_Yakuba7_e2hex,4304,4304,True
2024.11.13_03-13-30_Yakuba7_e2hex,4307,4307,True
2024.11.13_03-13-30_Yakuba7_e2hex,4315,4315,True
2024.11.13_03-13-30_Yakuba7_e2hex,4318,4319,True
2024.11.13_03-13-30_Yakuba7_e2hex,4321,4326,True
2024.11.13_03-13-30_Yakuba7_e2hex,4328,4333,True
2024.11.13_03-13-30_Yakuba7_e2hex,4338,4339,True
2024.11.13_03-13-30_Yakuba7_e2hex,4341,4345,True
2024.11.13_03-13-30_Yakuba7_e2hex,4347,4351,True
2024.11.13_03-13-30_Yakuba7_e2hex,4353,4353,True
2024.11.13_03-13-30_Yakuba7_e2hex,4355,4386,True
2024.11.13_03-13-30_Yakuba7_e2hex,4445,4446,True
2024.11.13_03-13-30_Yakuba7_e2hex,4449,4450,True
2024.11.13_03-13-30_Yakuba7_e2hex,4454,4454,True
2024.11.13_03-13-30_Yakuba7_e2hex,4492,4492,True
2024.11.13_03-13-30_Yakuba7_e2hex,4505,4510,True
2024.11.13_03-13-30_Yakuba7_e2hex,4520,4520,True
2024.11.13_03-13-30_Yakuba7_e2hex,4523,4525,True
2024.11.13_03-13-30_Yakuba7_e2hex,4532,4557,True
2024.11.13_03-13-30_Yakuba7_e2hex,4560,4560,True
2024.11.13_03-13-30_Yakuba7_e2hex,4581,4581,True
2024.11.13_03-13-30_Yakuba7_e2hex,4585,4585,True
2024.11.13_03-13-30_Yakuba7_e2hex,4590,4658,True
2024.11.13_03-13-30_Yakuba7_e2hex,4660,4724,True
2024.11.13_03-13-30_Yakuba7_e2hex,4729,5044,True
2024.11.13_03-13-30_Yakuba7_e2hex,5046,5048,True
2024.11.13_03-13-30_Yakuba7_e2hex,5050,5075,True
2024.11.13_03-13-30_Yakuba7_e2hex,5077,5079,True
2024.11.13_03-13-30_Yakuba7_e2hex,5081,5081,True
2024.11.13_03-13-30_Yakuba7_e2hex,5084,5090,True
2024.11.13_03-13-30_Yakuba7_e2hex,5101,5106,True
2024.11.13_03-13-30_Yakuba7_e2hex,5163,5233,True
2024.11.13_03-13-30_Yakuba7_e2hex,5256,5277,True
2024.11.13_03-13-30_Yakuba7_e2hex,5317,5331,True
2024.11.13_03-13-30_Yakuba7_e2hex,5333,5343,True
2024.11.13_03-13-30_Yakuba7_e2hex,5349,5385,True
2024.11.13_03-13-30_Yakuba7_e2hex,5393,5401,True
2024.11.13_03-13-30_Yakuba7_e2hex,5403,5403,True
2024.11.13_03-13-30_Yakuba7_e2hex,5406,5407,True
2024.11.13_03-13-30_Yakuba7_e2hex,5412,5418,True
2024.11.13_03-13-30_Yakuba7_e2hex,5420,5420,True
2024.11.13_03-13-30_Yakuba7_e2hex,5422,5457,True
2024.11.13_03-13-30_Yakuba7_e2hex,5461,5464,True
2024.11.13_03-13-30_Yakuba7_e2hex,5466,5468,True
2024.11.13_03-13-30_Yakuba7_e2hex,5470,5470,True
2024.11.13_03-13-30_Yakuba7_e2hex,5474,5474,True
2024.11.13_03-13-30_Yakuba7_e2hex,5888,5888,True
2024.11.13_03-13-30_Yakuba7_e2hex,6019,6019,True
2024.11.13_03-13-30_Yakuba7_e2hex,6028,6028,True
2024.11.13_03-13-30_Yakuba7_e2hex,6080,6080,True
2024.11.13_03-13-30_Yakuba7_e2hex,6096,6096,True
2024.11.13_03-13-30_Yakuba7_e2hex,6099,6101,True
2024.11.13_03-13-30_Yakuba7_e2hex,6104,6105,True
2024.11.13_03-13-30_Yakuba7_e2hex,6111,6113,True
2024.11.13_03-13-30_Yakuba7_e2hex,6115,6115,True
2024.11.13_03-13-30_Yakuba7_e2hex,6120,6120,True
2024.11.13_03-13-30_Yakuba7_e2hex,6122,6122,True
2024.11.13_03-13-30_Yakuba7_e2hex,6124,6124,True
2024.11.13_03-13-30_Yakuba7_e2hex,6131,6134,True
2024.11.13_03-13-30_Yakuba7_e2hex,6136,6137,True
2024.11.13_03-13-30_Yakuba7_e2hex,6139,6156,True
2024.11.13_03-13-30_Yakuba7_e2hex,6158,6210,True
2024.11.13_03-13-30_Yakuba7_e2hex,6213,6254,True
2024.11.13_03-13-30_Yakuba7_e2hex,6256,6277,True
2024.11.13_03-13-30_Yakuba7_e2hex,6279,6327,True
2024.11.13_03-13-30_Yakuba7_e2hex,6329,6338,True
2024.11.13_03-13-30_Yakuba7_e2hex,6340,6359,True
2024.11.13_03-13-30_Yakuba7_e2hex,6361,6426,True
2024.11.13_03-13-30_Yakuba7_e2hex,6428,6538,True
2024.11.13_03-13-30_Yakuba7_e2hex,6540,6540,True
2024.11.13_03-13-30_Yakuba7_e2hex,6542,6579,True
2024.11.13_03-13-30_Yakuba7_e2hex,6581,6581,True
2024.11.13_03-13-30_Yakuba7_e2hex,6583,6585,True
2024.11.13_03-13-30_Yakuba7_e2hex,6587,6588,True
2024.11.13_03-13-30_Yakuba7_e2hex,6590,8208,True
2024.12.12_19-06-43_Riverside_no_odor,1541,1541,True
2024.12.12_19-06-43_Riverside_no_odor,1545,1545,True
2024.12.12_19-06-43_Riverside_no_odor,1555,1555,True
2024.12.12_19-06-43_Riverside_no_odor,1581,1581,True
2024.12.12_19-06-43_Riverside_no_odor,1583,1583,True
2024.12.12_19-06-43_Riverside_no_odor,1586,1586,True
2024.12.12_19-06-43_Riverside_no_odor,1588,1597,True
2024.12.12_19-06-43_Riverside_no_odor,1602,1602,True
2024.12.12_19-06-43_Riverside_no_odor,1606,1606,True
2024.12.12_19-06-43_Riverside_no_odor,1609,1611,True
2024.12.12_19-06-43_Riverside_no_odor,1739,1851,True
2024.12.12_19-06-43_Riverside_no_odor,1948,2070,True
2024.12.12_19-06-43_Riverside_no_odor,2072,2122,True
2024.12.12_19-06-43_Riverside_no_odor,2179,2179,True
2024.12.12_19-06-43_Riverside_no_odor,2191,2193,True
2024.12.12_19-06-43_Riverside_no_odor,2197,2202,True
2024.12.12_19-06-43_Riverside_no_odor,2209,2224,True
2024.12.12_19-06-43_Riverside_no_odor,2226,2231,True
2024.12.12_19-06-43_Riverside_no_odor,2235,2235,True
2024.12.12_19-06-43_Riverside_no_odor,2238,2240,True
2024.12.12_19-06-43_Riverside_no_odor,2243,2245,True
2024.12.12_19-06-43_Riverside_no_odor,2249,2251,True
2024.12.12_19-06-43_Riverside_no_odor,2253,2333,True
2024.12.12_19-06-43_Riverside_no_odor,2335,2342,True
2024.12.12_19-06-43_Riverside_no_odor,2344,2354,True
2024.12.12_19-06-43_Riverside_no_odor,2357,2360,True
2024.12.12_19-06-43_Riverside_no_odor,2363,2381,True
2024.12.12_19-06-43_Riverside_no_odor,2383,4030,True
2024.12.12_19-06-43_Riverside_no_odor,4033,4039,True
2024.12.12_19-06-43_Riverside_no_odor,4061,4085,True
2024.12.12_19-06-43_Riverside_no_odor,4087,4087,True
2024.12.12_19-06-43_Riverside_no_odor,4091,4091,True
2024.12.12_19-06-43_Riverside_no_odor,5192,5194,True
2024.12.12_19-06-43_Riverside_no_odor,5196,5204,True
2024.12.12_19-06-43_Riverside_no_odor,5207,5212,True
2024.12.12_19-06-43_Riverside_no_odor,5214,5222,True
2024.12.12_19-06-43_Riverside_no_odor,5224,5224,True
2024.12.12_19-06-43_Riverside_no_odor,5227,5227,True
2024.12.12_19-06-43_Riverside_no_odor,5231,5231,True
2024.12.12_19-06-43_Riverside_no_odor,5233,5233,True
2024.12.12_19-06-43_Riverside_no_odor,5236,5236,True
2024.12.12_19-06-43_Riverside_no_odor,5238,5239,True
2024.12.12_19-06-43_Riverside_no_odor,5246,5246,True
2024.12.12_19-06-43_Riverside_no_odor,5251,5251,True
2024.12.12_19-06-43_Riverside_no_odor,5478,5618,True
2024.12.12_19-06-43_Riverside_no_odor,5620,5665,True
2024.12.12_19-06-43_Riverside_no_odor,5667,5735,True
2024.12.12_19-06-43_Riverside_no_odor,5737,6279,True
2024.12.12_19-06-43_Riverside_no_odor,6713,6716,True
2024.12.12_19-06-43_Riverside_no_odor,6733,6733,True
2024.12.12_19-06-43_Riverside_no_odor,6756,6760,True
2024.12.12_19-06-43_Riverside_no_odor,6765,6765,True
2024.12.12_19-06-43_Riverside_no_odor,6767,6774,True
2024.12.12_19-06-43_Riverside_no_odor,6776,6777,True
2024.12.12_19-06-43_Riverside_no_odor,6782,6795,True
2024.12.12_19-06-43_Riverside_no_odor,6797,6798,True
2024.12.12_19-06-43_Riverside_no_odor,6815,6815,True
2024.12.12_19-06-43_Riverside_no_odor,6819,6819,True
2024.12.12_19-06-43_Riverside_no_odor,6823,6823,True
2024.12.12_19-06-43_Riverside_no_odor,6840,6840,True
2024.12.12_19-06-43_Riverside_no_odor,6909,6912,True
2024.12.12_19-06-43_Riverside_no_odor,6914,6926,True
2024.12.12_19-06-43_Riverside_no_odor,6928,6929,True
2024.12.12_19-06-43_Riverside_no_odor,6932,6933,True
2024.12.12_19-06-43_Riverside_no_odor,6935,6939,True
2024.12.12_19-06-43_Riverside_no_odor,6941,6943,True
2024.12.12_19-06-43_Riverside_no_odor,6945,6946,True
2024.12.12_19-06-43_Riverside_no_odor,6949,6950,True
2024.12.12_19-06-43_Riverside_no_odor,6953,6962,True
2024.12.12_19-06-43_Riverside_no_odor,6964,6971,True
2024.12.12_19-06-43_Riverside_no_odor,6975,7122,True
2024.12.12_19-06-43_Riverside_no_odor,7124,7144,True
2024.12.12_19-06-43_Riverside_no_odor,7148,7152,True
2024.12.12_19-06-43_Riverside_no_odor,7156,7168,True
2024.12.12_19-06-43_Riverside_no_odor,7170,7186,True
2024.12.12_19-06-43_Riverside_no_odor,7188,7193,True
2024.12.12_19-06-43_Riverside_no_odor,7196,7276,True
2024.12.12_19-06-43_Riverside_no_odor,7278,7278,True
2024.12.12_19-06-43_Riverside_no_odor,7280,7326,True
2024.12.12_19-06-43_Riverside_no_odor,7328,7346,True
2024.12.12_19-06-43_Riverside_no_odor,7348,7898,True
2024.12.12_19-06-43_Riverside_no_odor,8260,8289,True
2024.12.12_19-06-43_Riverside_no_odor,8291,8294,True
2024.12.12_19-06-43_Riverside_no_odor,8296,8302,True
2024.12.12_19-06-43_Riverside_no_odor,8327,8970,True
2024.10.03_14-19-42_Yakuba7_2hex,3,163,True
2024.10.03_14-19-42_Yakuba7_2hex,1430,1592,True
2024.10.03_14-19-42_Yakuba7_2hex,1599,2225,True
2024.10.03_14-19-42_Yakuba7_2hex,2628,3642,True
2024.10.03_14-19-42_Yakuba7_2hex,4612,5268,True
2024.10.03_14-19-42_Yakuba7_2hex,6118,6570,True
2024.10.03_14-19-42_Yakuba7_2hex,6572,6850,True
2024.10.03_14-19-42_Yakuba7_2hex,7855,8719,True
2024.10.03_14-19-42_Yakuba7_2hex,8732,8999,True
2025.04.08_11-25-49_Sussex_metbut,392,394,True
2025.04.08_11-25-49_Sussex_metbut,879,880,True
2025.04.08_11-25-49_Sussex_metbut,882,882,True
2025.04.08_11-25-49_Sussex_metbut,884,885,True
2025.04.08_11-25-49_Sussex_metbut,1017,1040,True
2025.04.08_11-25-49_Sussex_metbut,1063,1063,True
2025.04.08_11-25-49_Sussex_metbut,1065,1065,True
2025.04.08_11-25-49_Sussex_metbut,1070,1094,True
2025.04.08_11-25-49_Sussex_metbut,1129,1150,True
2025.04.08_11-25-49_Sussex_metbut,1152,1162,True
2025.04.08_11-25-49_Sussex_metbut,1178,1178,True
2025.04.08_11-25-49_Sussex_metbut,1199,1205,True
2025.04.08_11-25-49_Sussex_metbut,1449,2212,True
2025.04.08_11-25-49_Sussex_metbut,3224,3225,True
2025.04.08_11-25-49_Sussex_metbut,3253,3253,True
2025.04.08_11-25-49_Sussex_metbut,3256,3266,True
2025.04.08_11-25-49_Sussex_metbut,3317,3344,True
2025.04.08_11-25-49_Sussex_metbut,3580,3607,True
2025.04.08_11-25-49_Sussex_metbut,3656,4687,True
2025.04.08_11-25-49_Sussex_metbut,4724,4732,True
2025.04.08_11-25-49_Sussex_metbut,7862,7863,True
2025.04.08_11-25-49_Sussex_metbut,7866,7866,True
2025.04.08_11-25-49_Sussex_metbut,7869,7869,True
2025.04.08_11-25-49_Sussex_metbut,7873,7876,True
2025.04.08_11-25-49_Sussex_metbut,7878,7886,True
2025.04.08_11-25-49_Sussex_metbut,7911,7915,True
2025.04.08_11-25-49_Sussex_metbut,7918,7930,True
2025.04.08_11-25-49_Sussex_metbut,7932,7952,True
2025.04.08_11-25-49_Sussex_metbut,7954,7955,True
2025.04.08_11-25-49_Sussex_metbut,7957,7959,True
2025.04.08_11-25-49_Sussex_metbut,7961,7962,True
2025.04.08_11-25-49_Sussex_metbut,7964,7964,True
2025.04.08_11-25-49_Sussex_metbut,7966,7967,True
2025.04.08_11-25-49_Sussex_metbut,7969,7980,True
2025.04.08_11-25-49_Sussex_metbut,7982,7982,True
2025.04.08_11-25-49_Sussex_metbut,7985,7985,True
2025.04.08_11-25-49_Sussex_metbut,7987,7987,True
2025.04.08_11-25-49_Sussex_metbut,7989,8607,True
2025.04.08_11-25-49_Sussex_metbut,8609,8623,True
2025.04.08_11-25-49_Sussex_metbut,8625,8666,True
2025.04.08_11-25-49_Sussex_metbut,8668,8671,True
2025.04.08_11-25-49_Sussex_metbut,8673,8681,True
2025.04.08_11-25-49_Sussex_metbut,8683,8704,True
2025.04.08_11-25-49_Sussex_metbut,8706,8722,True
2025.04.08_11-25-49_Sussex_metbut,8725,8731,True
2025.04.08_11-25-49_Sussex_metbut,8733,8742,True
2025.04.08_11-25-49_Sussex_metbut,8744,8751,True
2025.04.08_11-25-49_Sussex_metbut,8754,8754,True
2025.04.08_11-25-49_Sussex_metbut,8756,8772,True
2025.04.08_11-25-49_Sussex_metbut,8774,8775,True
2025.04.08_11-25-49_Sussex_metbut,8777,8778,True
2025.04.08_11-25-49_Sussex_metbut,8780,8782,True
2025.04.08_11-25-49_Sussex_metbut,8784,8786,True
2025.04.08_11-25-49_Sussex_metbut,8826,8826,True
2024.11.04_09-22-52_Sechellia28_e2hex,390,1436,True
2024.11.04_09-22-52_Sechellia28_e2hex,1932,2549,True
2024.11.04_09-22-52_Sechellia28_e2hex,4380,4727,True
2024.11.04_09-22-52_Sechellia28_e2hex,5064,5459,True
2024.11.04_09-22-52_Sechellia28_e2hex,6769,6769,True
2024.11.04_09-22-52_Sechellia28_e2hex,6778,6778,True
2024.11.04_09-22-52_Sechellia28_e2hex,6780,6783,True
2024.11.04_09-22-52_Sechellia28_e2hex,6786,6786,True
2024.11.04_09-22-52_Sechellia28_e2hex,6788,6790,True
2024.11.04_09-22-52_Sechellia28_e2hex,6792,6793,True
2024.11.04_09-22-52_Sechellia28_e2hex,6795,6795,True
2024.11.04_09-22-52_Sechellia28_e2hex,6797,6797,True
2024.11.04_09-22-52_Sechellia28_e2hex,6799,6799,True
2024.11.04_09-22-52_Sechellia28_e2hex,6801,6802,True
2024.11.04_09-22-52_Sechellia28_e2hex,6832,8944,True
2024.10.02_10-38-57_Biarmipes_G224_no_odor,235,242,True
2024.10.02_10-38-57_Biarmipes_G224_no_odor,244,244,True
2024.10.02_10-38-57_Biarmipes_G224_no_odor,246,254,True
2024.10.02_10-38-57_Biarmipes_G224_no_odor,261,462,True
2024.10.02_10-38-57_Biarmipes_G224_no_odor,464,465,True
2024.10.02_10-38-57_Biarmipes_G224_no_odor,467,467,True
2024.10.02_10-38-57_Biarmipes_G224_no_odor,469,477,True
2024.10.02_10-38-57_Biarmipes_G224_no_odor,1064,1064,True
2024.10.02_10-38-57_Biarmipes_G224_no_odor,1078,1080,True
2024.10.02_10-38-57_Biarmipes_G224_no_odor,1082,1082,True
2024.10.02_10-38-57_Biarmipes_G224_no_odor,1085,1085,True
2024.10.02_10-38-57_Biarmipes_G224_no_odor,1089,1089,True
2024.10.02_10-38-57_Biarmipes_G224_no_odor,1092,1096,True
2024.10.02_10-38-57_Biarmipes_G224_no_odor,1098,1106,True
2024.10.02_10-38-57_Biarmipes_G224_no_odor,1108,1117,True
2024.10.02_10-38-57_Biarmipes_G224_no_odor,1142,1439,True
2024.10.02_10-38-57_Biarmipes_G224_no_odor,1888,3220,True
2024.10.02_10-38-57_Biarmipes_G224_no_odor,5703,5703,True
2024.10.02_10-38-57_Biarmipes_G224_no_odor,5705,5712,True
2024.10.02_10-38-57_Biarmipes_G224_no_odor,5714,5716,True
2024.10.02_10-38-57_Biarmipes_G224_no_odor,5719,5719,True
2024.10.02_10-38-57_Biarmipes_G224_no_odor,5729,5729,True
2024.10.02_10-38-57_Biarmipes_G224_no_odor,5737,5738,True
2024.10.02_10-38-57_Biarmipes_G224_no_odor,5740,5744,True
2024.10.02_10-38-57_Biarmipes_G224_no_odor,5747,5761,True
2024.10.02_10-38-57_Biarmipes_G224_no_odor,5763,5767,True
2024.10.02_10-38-57_Biarmipes_G224_no_odor,5769,5775,True
2024.10.02_10-38-57_Biarmipes_G224_no_odor,5795,5795,True
2024.10.02_10-38-57_Biarmipes_G224_no_odor,5835,5835,True
2024.10.02_10-38-57_Biarmipes_G224_no_odor,5841,5843,True
2024.10.02_10-38-57_Biarmipes_G224_no_odor,5845,5846,True
2024.10.02_10-38-57_Biarmipes_G224_no_odor,5850,5850,True
2024.10.02_10-38-57_Biarmipes_G224_no_odor,5856,5858,True
2024.10.02_10-38-57_Biarmipes_G224_no_odor,5860,5861,True
2024.10.02_10-38-57_Biarmipes_G224_no_odor,5863,5867,True
2024.10.02_10-38-57_Biarmipes_G224_no_odor,5870,5871,True
2024.10.02_10-38-57_Biarmipes_G224_no_odor,5884,5884,True
2024.10.02_10-38-57_Biarmipes_G224_no_odor,5891,5891,True
2024.10.02_10-38-57_Biarmipes_G224_no_odor,5907,5907,True
2024.10.02_10-38-57_Biarmipes_G224_no_odor,5917,5921,True
2024.10.02_10-38-57_Biarmipes_G224_no_odor,5928,5936,True
2024.10.02_10-38-57_Biarmipes_G224_no_odor,5938,5946,True
2024.10.02_10-38-57_Biarmipes_G224_no_odor,5952,5952,True
2024.10.02_10-38-57_Biarmipes_G224_no_odor,6506,6506,True
2024.10.02_10-38-57_Biarmipes_G224_no_odor,6512,6512,True
2024.10.02_10-38-57_Biarmipes_G224_no_odor,6517,6521,True
2024.10.02_10-38-57_Biarmipes_G224_no_odor,6526,6526,True
2024.10.02_10-38-57_Biarmipes_G224_no_odor,6529,6529,True
2024.10.02_10-38-57_Biarmipes_G224_no_odor,6531,6533,True
2024.10.02_10-38-57_Biarmipes_G224_no_odor,6535,6551,True
2024.10.02_10-38-57_Biarmipes_G224_no_odor,6553,6557,True
2024.10.02_10-38-57_Biarmipes_G224_no_odor,6559,6561,True
2024.10.02_10-38-57_Biarmipes_G224_no_odor,6563,6563,True
2024.10.02_10-38-57_Biarmipes_G224_no_odor,6565,6580,True
2024.10.02_10-38-57_Biarmipes_G224_no_odor,6584,6586,True
2024.10.02_10-38-57_Biarmipes_G224_no_odor,6588,6588,True
2024.10.02_10-38-57_Biarmipes_G224_no_odor,6590,6590,True
2024.10.02_10-38-57_Biarmipes_G224_no_odor,6592,6593,True
2024.10.02_10-38-57_Biarmipes_G224_no_odor,6595,6595,True
2024.10.02_10-38-57_Biarmipes_G224_no_odor,6597,6598,True
2024.10.02_10-38-57_Biarmipes_G224_no_odor,6600,6600,True
2024.10.02_10-38-57_Biarmipes_G224_no_odor,6602,6606,True
2024.10.02_10-38-57_Biarmipes_G224_no_odor,6608,6628,True
2024.10.02_10-38-57_Biarmipes_G224_no_odor,6630,6635,True
2024.10.02_10-38-57_Biarmipes_G224_no_odor,6637,6646,True
2024.10.02_10-38-57_Biarmipes_G224_no_odor,6649,6670,True
2024.10.02_10-38-57_Biarmipes_G224_no_odor,6672,6672,True
2024.10.02_10-38-57_Biarmipes_G224_no_odor,6674,6676,True
2024.10.02_10-38-57_Biarmipes_G224_no_odor,6679,6679,True
2024.10.02_10-38-57_Biarmipes_G224_no_odor,6682,6683,True
2024.10.02_10-38-57_Biarmipes_G224_no_odor,6685,6689,True
2024.10.02_10-38-57_Biarmipes_G224_no_odor,6691,6696,True
2024.10.02_10-38-57_Biarmipes_G224_no_odor,6698,6734,True
2024.10.02_10-38-57_Biarmipes_G224_no_odor,6737,6746,True
2024.10.02_10-38-57_Biarmipes_G224_no_odor,6748,6749,True
2024.10.02_10-38-57_Biarmipes_G224_no_odor,6751,6780,True
2024.10.02_10-38-57_Biarmipes_G224_no_odor,6782,6789,True
2024.10.02_10-38-57_Biarmipes_G224_no_odor,6791,6806,True
2024.10.02_10-38-57_Biarmipes_G224_no_odor,6809,6809,True
2024.10.02_10-38-57_Biarmipes_G224_no_odor,6812,6816,True
2024.10.02_10-38-57_Biarmipes_G224_no_odor,6818,6832,True
2024.10.02_10-38-57_Biarmipes_G224_no_odor,6834,6834,True
2024.10.02_10-38-57_Biarmipes_G224_no_odor,6836,6846,True
2024.10.02_10-38-57_Biarmipes_G224_no_odor,6848,6852,True
2024.10.02_10-38-57_Biarmipes_G224_no_odor,6854,6854,True
2024.10.02_10-38-57_Biarmipes_G224_no_odor,6856,6856,True
2024.10.02_10-38-57_Biarmipes_G224_no_odor,6861,6864,True
2024.10.02_10-38-57_Biarmipes_G224_no_odor,6869,6870,True
2024.10.02_10-38-57_Biarmipes_G224_no_odor,6880,6881,True
2024.10.02_10-38-57_Biarmipes_G224_no_odor,6884,6885,True
2024.10.02_10-38-57_Biarmipes_G224_no_odor,6887,6888,True
2024.10.02_10-38-57_Biarmipes_G224_no_odor,6891,6892,True
2024.10.02_10-38-57_Biarmipes_G224_no_odor,6895,6896,True
2024.10.02_10-38-57_Biarmipes_G224_no_odor,6899,6899,True
2024.10.02_10-38-57_Biarmipes_G224_no_odor,6903,6905,True
2024.10.02_10-38-57_Biarmipes_G224_no_odor,6913,6913,True
2024.10.02_10-38-57_Biarmipes_G224_no_odor,6984,6984,True
2024.10.02_10-38-57_Biarmipes_G224_no_odor,6986,6986,True
2024.10.02_10-38-57_Biarmipes_G224_no_odor,7147,7147,True
2024.10.02_10-38-57_Biarmipes_G224_no_odor,7151,7152,True
2024.10.02_10-38-57_Biarmipes_G224_no_odor,7286,7286,True
2024.10.02_10-38-57_Biarmipes_G224_no_odor,7314,7321,True
2024.10.02_10-38-57_Biarmipes_G224_no_odor,7325,7334,True
2024.10.02_10-38-57_Biarmipes_G224_no_odor,7361,7591,True
2024.10.02_10-38-57_Biarmipes_G224_no_odor,7593,7597,True
2024.10.02_10-38-57_Biarmipes_G224_no_odor,7599,7602,True
2024.10.02_10-38-57_Biarmipes_G224_no_odor,7604,7609,True
2024.10.02_10-38-57_Biarmipes_G224_no_odor,7611,7618,True
2024.10.02_10-38-57_Biarmipes_G224_no_odor,7620,7627,True
2024.10.02_10-38-57_Biarmipes_G224_no_odor,7629,7632,True
2024.10.02_10-38-57_Biarmipes_G224_no_odor,7635,7638,True
2024.10.02_10-38-57_Biarmipes_G224_no_odor,7641,7654,True
2024.10.02_10-38-57_Biarmipes_G224_no_odor,7656,7660,True
2024.10.02_10-38-57_Biarmipes_G224_no_odor,7662,7664,True
2024.10.02_10-38-57_Biarmipes_G224_no_odor,7666,8594,True
2024.10.02_10-38-57_Biarmipes_G224_no_odor,8719,8911,True
2024.10.31_04-10-43_Biarmipes_G224_metben,343,1438,True
2024.10.31_04-10-43_Biarmipes_G224_metben,1440,1468,True
2024.10.31_04-10-43_Biarmipes_G224_metben,1473,1509,True
2024.10.31_04-10-43_Biarmipes_G224_metben,1541,1783,True
2024.10.31_04-10-43_Biarmipes_G224_metben,2154,2810,True
2024.10.31_04-10-43_Biarmipes_G224_metben,3207,3224,True
2024.10.31_04-10-43_Biarmipes_G224_metben,4003,4003,True
2024.10.31_04-10-43_Biarmipes_G224_metben,4011,4024,True
2024.10.31_04-10-43_Biarmipes_G224_metben,4139,4163,True
2024.10.31_04-10-43_Biarmipes_G224_metben,4895,5652,True
2024.10.31_04-10-43_Biarmipes_G224_metben,5654,5655,True
2024.10.31_04-10-43_Biarmipes_G224_metben,5660,5696,True
2024.10.31_04-10-43_Biarmipes_G224_metben,5698,5701,True
2024.10.31_04-10-43_Biarmipes_G224_metben,5703,5738,True
2024.10.31_04-10-43_Biarmipes_G224_metben,5750,6331,True
2024.10.31_04-10-43_Biarmipes_G224_metben,6366,6428,True
2024.10.31_04-10-43_Biarmipes_G224_metben,6445,6447,True
2024.10.31_04-10-43_Biarmipes_G224_metben,6449,6454,True
2024.10.31_04-10-43_Biarmipes_G224_metben,6484,6510,True
2024.10.31_04-10-43_Biarmipes_G224_metben,6541,6544,True
2024.10.31_04-10-43_Biarmipes_G224_metben,6560,6579,True
2024.10.31_04-10-43_Biarmipes_G224_metben,6598,6665,True
2024.10.31_04-10-43_Biarmipes_G224_metben,7329,7906,True
2024.10.31_04-10-43_Biarmipes_G224_metben,8812,8916,True
2024.10.31_04-10-43_Biarmipes_G224_metben,8924,8925,True
2024.10.31_04-10-43_Biarmipes_G224_metben,8949,8973,True
2024.11.13_04-09-32_Biarmipes84_e2hex,1866,1870,True
2024.11.13_04-09-32_Biarmipes84_e2hex,1873,1883,True
2024.11.13_04-09-32_Biarmipes84_e2hex,1889,1889,True
2024.11.13_04-09-32_Biarmipes84_e2hex,1892,1893,True
2024.11.13_04-09-32_Biarmipes84_e2hex,1904,1906,True
2024.11.13_04-09-32_Biarmipes84_e2hex,1922,1922,True
2024.11.13_04-09-32_Biarmipes84_e2hex,1924,1924,True
2024.11.13_04-09-32_Biarmipes84_e2hex,2516,2517,True
2024.11.13_04-09-32_Biarmipes84_e2hex,2522,2522,True
2024.11.13_04-09-32_Biarmipes84_e2hex,2549,2550,True
2024.11.13_04-09-32_Biarmipes84_e2hex,2564,2564,True
2024.11.13_04-09-32_Biarmipes84_e2hex,2568,2568,True
2024.11.13_04-09-32_Biarmipes84_e2hex,2590,2591,True
2024.11.13_04-09-32_Biarmipes84_e2hex,2601,2602,True
2024.11.13_04-09-32_Biarmipes84_e2hex,2752,2752,True
2024.11.13_04-09-32_Biarmipes84_e2hex,3605,3606,True
2024.11.13_04-09-32_Biarmipes84_e2hex,3638,3672,True
2024.11.13_04-09-32_Biarmipes84_e2hex,3786,3862,True
2024.11.13_04-09-32_Biarmipes84_e2hex,3864,3881,True
2024.11.13_04-09-32_Biarmipes84_e2hex,3883,3883,True
2024.11.13_04-09-32_Biarmipes84_e2hex,3885,3886,True
2024.11.13_04-09-32_Biarmipes84_e2hex,3888,3920,True
2024.11.13_04-09-32_Biarmipes84_e2hex,4368,4369,True
2024.11.13_04-09-32_Biarmipes84_e2hex,4371,4373,True
2024.11.13_04-09-32_Biarmipes84_e2hex,4378,4384,True
2024.11.13_04-09-32_Biarmipes84_e2hex,4393,4393,True
2024.11.13_04-09-32_Biarmipes84_e2hex,4395,4395,True
2024.11.13_04-09-32_Biarmipes84_e2hex,4399,4399,True
2024.11.13_04-09-32_Biarmipes84_e2hex,4404,4406,True
2024.11.13_04-09-32_Biarmipes84_e2hex,4409,4409,True
2024.11.13_04-09-32_Biarmipes84_e2hex,4419,4421,True
2024.11.13_04-09-32_Biarmipes84_e2hex,4425,4425,True
2024.11.13_04-09-32_Biarmipes84_e2hex,4427,4427,True
2024.11.13_04-09-32_Biarmipes84_e2hex,4430,4430,True
2024.11.13_04-09-32_Biarmipes84_e2hex,4436,4436,True
2024.11.13_04-09-32_Biarmipes84_e2hex,4447,4448,True
2024.11.13_04-09-32_Biarmipes84_e2hex,4450,4451,True
2024.11.13_04-09-32_Biarmipes84_e2hex,4454,4459,True
2024.11.13_04-09-32_Biarmipes84_e2hex,4461,4463,True
2024.11.13_04-09-32_Biarmipes84_e2hex,4466,4600,True
2024.11.13_04-09-32_Biarmipes84_e2hex,4602,4630,True
2024.11.13_04-09-32_Biarmipes84_e2hex,4632,4641,True
2024.11.13_04-09-32_Biarmipes84_e2hex,4643,5123,True
2024.11.13_04-09-32_Biarmipes84_e2hex,5516,5516,True
2024.11.13_04-09-32_Biarmipes84_e2hex,5523,5523,True
2024.11.13_04-09-32_Biarmipes84_e2hex,5527,5527,True
2024.11.13_04-09-32_Biarmipes84_e2hex,5531,5531,True
2024.11.13_04-09-32_Biarmipes84_e2hex,5542,5542,True
2024.11.13_04-09-32_Biarmipes84_e2hex,5562,5562,True
2024.11.13_04-09-32_Biarmipes84_e2hex,5566,5567,True
2024.11.13_04-09-32_Biarmipes84_e2hex,5573,5575,True
2024.11.13_04-09-32_Biarmipes84_e2hex,5580,5582,True
2024.11.13_04-09-32_Biarmipes84_e2hex,5584,5585,True
2024.11.13_04-09-32_Biarmipes84_e2hex,5589,5589,True
2024.11.13_04-09-32_Biarmipes84_e2hex,5600,5600,True
2024.11.13_04-09-32_Biarmipes84_e2hex,5602,5602,True
2024.11.13_04-09-32_Biarmipes84_e2hex,5605,5606,True
2024.11.13_04-09-32_Biarmipes84_e2hex,5608,5608,True
2024.11.13_04-09-32_Biarmipes84_e2hex,5610,5621,True
2024.11.13_04-09-32_Biarmipes84_e2hex,5623,5624,True
2024.11.13_04-09-32_Biarmipes84_e2hex,5626,5627,True
2024.11.13_04-09-32_Biarmipes84_e2hex,5629,5631,True
2024.11.13_04-09-32_Biarmipes84_e2hex,5644,5644,True
2024.11.13_04-09-32_Biarmipes84_e2hex,5646,5646,True
2024.11.13_04-09-32_Biarmipes84_e2hex,5648,5649,True
2024.11.13_04-09-32_Biarmipes84_e2hex,5651,5652,True
2024.11.13_04-09-32_Biarmipes84_e2hex,5663,5663,True
2024.11.13_04-09-32_Biarmipes84_e2hex,5666,5667,True
2024.11.13_04-09-32_Biarmipes84_e2hex,5681,5681,True
2024.11.13_04-09-32_Biarmipes84_e2hex,5716,5716,True
2024.11.13_04-09-32_Biarmipes84_e2hex,5737,5737,True
2024.11.13_04-09-32_Biarmipes84_e2hex,5739,5739,True
2024.11.13_04-09-32_Biarmipes84_e2hex,5741,5741,True
2024.11.13_04-09-32_Biarmipes84_e2hex,5743,5743,True
2024.11.13_04-09-32_Biarmipes84_e2hex,5746,5746,True
2024.11.13_04-09-32_Biarmipes84_e2hex,5749,5749,True
2024.11.13_04-09-32_Biarmipes84_e2hex,5751,5751,True
2024.11.13_04-09-32_Biarmipes84_e2hex,5759,5759,True
2024.11.13_04-09-32_Biarmipes84_e2hex,5833,5833,True
2024.11.13_04-09-32_Biarmipes84_e2hex,5842,5842,True
2024.11.13_04-09-32_Biarmipes84_e2hex,5886,5886,True
2024.11.13_04-09-32_Biarmipes84_e2hex,5896,5896,True
2024.11.13_04-09-32_Biarmipes84_e2hex,5898,5898,True
2024.11.13_04-09-32_Biarmipes84_e2hex,5901,5902,True
2024.11.13_04-09-32_Biarmipes84_e2hex,5905,5905,True
2024.11.13_04-09-32_Biarmipes84_e2hex,5912,5912,True
2024.11.13_04-09-32_Biarmipes84_e2hex,5920,5921,True
2024.11.13_04-09-32_Biarmipes84_e2hex,5925,5927,True
2024.11.13_04-09-32_Biarmipes84_e2hex,5935,5935,True
2024.11.13_04-09-32_Biarmipes84_e2hex,5944,5944,True
2024.11.13_04-09-32_Biarmipes84_e2hex,5947,5948,True
2024.11.13_04-09-32_Biarmipes84_e2hex,5951,5951,True
2024.11.13_04-09-32_Biarmipes84_e2hex,5954,5954,True
2024.11.13_04-09-32_Biarmipes84_e2hex,5956,5956,True
2024.11.13_04-09-32_Biarmipes84_e2hex,5959,5960,True
2024.11.13_04-09-32_Biarmipes84_e2hex,5962,5963,True
2024.11.13_04-09-32_Biarmipes84_e2hex,5969,5969,True
2024.11.13_04-09-32_Biarmipes84_e2hex,5974,5974,True
2024.11.13_04-09-32_Biarmipes84_e2hex,5977,5977,True
2024.11.13_04-09-32_Biarmipes84_e2hex,5983,5983,True
2024.11.13_04-09-32_Biarmipes84_e2hex,5991,5991,True
2024.11.13_04-09-32_Biarmipes84_e2hex,5993,5993,True
2024.11.13_04-09-32_Biarmipes84_e2hex,5997,5997,True
2024.11.13_04-09-32_Biarmipes84_e2hex,5999,6004,True
2024.11.13_04-09-32_Biarmipes84_e2hex,6006,6006,True
2024.11.13_04-09-32_Biarmipes84_e2hex,6008,6008,True
2024.11.13_04-09-32_Biarmipes84_e2hex,6011,6017,True
2024.11.13_04-09-32_Biarmipes84_e2hex,6019,6022,True
2024.11.13_04-09-32_Biarmipes84_e2hex,6026,6026,True
2024.11.13_04-09-32_Biarmipes84_e2hex,6030,6030,True
2024.11.13_04-09-32_Biarmipes84_e2hex,6032,6044,True
2024.11.13_04-09-32_Biarmipes84_e2hex,6048,6052,True
2024.11.13_04-09-32_Biarmipes84_e2hex,6054,6060,True
2024.11.13_04-09-32_Biarmipes84_e2hex,6062,6067,True
2024.11.13_04-09-32_Biarmipes84_e2hex,6069,6071,True
2024.11.13_04-09-32_Biarmipes84_e2hex,6082,6083,True
2024.11.13_04-09-32_Biarmipes84_e2hex,6085,6087,True
2024.11.13_04-09-32_Biarmipes84_e2hex,6090,6090,True
2024.11.13_04-09-32_Biarmipes84_e2hex,6092,6094,True
2024.11.13_04-09-32_Biarmipes84_e2hex,6096,6097,True
2024.11.13_04-09-32_Biarmipes84_e2hex,6099,6101,True
2024.11.13_04-09-32_Biarmipes84_e2hex,6105,6105,True
2024.11.13_04-09-32_Biarmipes84_e2hex,6107,6109,True
2024.11.13_04-09-32_Biarmipes84_e2hex,6111,6111,True
2024.11.13_04-09-32_Biarmipes84_e2hex,6113,6113,True
2024.11.13_04-09-32_Biarmipes84_e2hex,6116,6119,True
2024.11.13_04-09-32_Biarmipes84_e2hex,6124,6126,True
2024.11.13_04-09-32_Biarmipes84_e2hex,6128,6129,True
2024.11.13_04-09-32_Biarmipes84_e2hex,6131,6140,True
2024.11.13_04-09-32_Biarmipes84_e2hex,6142,6149,True
2024.11.13_04-09-32_Biarmipes84_e2hex,6151,6151,True
2024.11.13_04-09-32_Biarmipes84_e2hex,6153,6176,True
2024.11.13_04-09-32_Biarmipes84_e2hex,6178,6178,True
2024.11.13_04-09-32_Biarmipes84_e2hex,6180,6182,True
2024.11.13_04-09-32_Biarmipes84_e2hex,6184,6184,True
2024.11.13_04-09-32_Biarmipes84_e2hex,6187,6195,True
2024.11.13_04-09-32_Biarmipes84_e2hex,6197,6201,True
2024.11.13_04-09-32_Biarmipes84_e2hex,6203,6212,True
2024.11.13_04-09-32_Biarmipes84_e2hex,6214,6229,True
2024.11.13_04-09-32_Biarmipes84_e2hex,6231,6231,True
2024.11.13_04-09-32_Biarmipes84_e2hex,6235,6255,True
2024.11.13_04-09-32_Biarmipes84_e2hex,6257,6258,True
2024.11.13_04-09-32_Biarmipes84_e2hex,6260,6273,True
2024.11.13_04-09-32_Biarmipes84_e2hex,6275,6279,True
2024.11.13_04-09-32_Biarmipes84_e2hex,6281,6282,True
2024.11.13_04-09-32_Biarmipes84_e2hex,6284,6294,True
2024.11.13_04-09-32_Biarmipes84_e2hex,6297,6315,True
2024.11.13_04-09-32_Biarmipes84_e2hex,6321,6322,True
2024.11.13_04-09-32_Biarmipes84_e2hex,6324,6329,True
2024.11.13_04-09-32_Biarmipes84_e2hex,6331,6335,True
2024.11.13_04-09-32_Biarmipes84_e2hex,6337,6339,True
2024.11.13_04-09-32_Biarmipes84_e2hex,6348,6349,True
2024.11.13_04-09-32_Biarmipes84_e2hex,6353,6354,True
2024.11.13_04-09-32_Biarmipes84_e2hex,6357,6360,True
2024.11.13_04-09-32_Biarmipes84_e2hex,6371,6371,True
2024.11.13_04-09-32_Biarmipes84_e2hex,6373,6373,True
2024.11.13_04-09-32_Biarmipes84_e2hex,6375,6375,True
2024.11.13_04-09-32_Biarmipes84_e2hex,6378,6378,True
2024.11.13_04-09-32_Biarmipes84_e2hex,6385,6385,True
2024.11.13_04-09-32_Biarmipes84_e2hex,6389,6389,True
2024.11.13_04-09-32_Biarmipes84_e2hex,6395,6396,True
2024.11.13_04-09-32_Biarmipes84_e2hex,6403,6404,True
2024.11.13_04-09-32_Biarmipes84_e2hex,6407,6407,True
2024.11.13_04-09-32_Biarmipes84_e2hex,6412,6412,True
2024.11.13_04-09-32_Biarmipes84_e2hex,6419,6420,True
2024.11.13_04-09-32_Biarmipes84_e2hex,6422,6422,True
2024.11.13_04-09-32_Biarmipes84_e2hex,6425,6427,True
2024.11.13_04-09-32_Biarmipes84_e2hex,6430,6430,True
2024.11.13_04-09-32_Biarmipes84_e2hex,6432,6435,True
2024.11.13_04-09-32_Biarmipes84_e2hex,6437,6438,True
2024.11.13_04-09-32_Biarmipes84_e2hex,6440,6442,True
2024.11.13_04-09-32_Biarmipes84_e2hex,6444,6446,True
2024.11.13_04-09-32_Biarmipes84_e2hex,6448,6448,True
2024.11.13_04-09-32_Biarmipes84_e2hex,6451,6451,True
2024.11.13_04-09-32_Biarmipes84_e2hex,6454,6454,True
2024.11.13_04-09-32_Biarmipes84_e2hex,6456,6464,True
2024.11.13_04-09-32_Biarmipes84_e2hex,6466,6718,True
2024.11.13_04-09-32_Biarmipes84_e2hex,6720,6817,True
2024.11.13_04-09-32_Biarmipes84_e2hex,6819,6823,True
2024.11.13_04-09-32_Biarmipes84_e2hex,6825,6830,True
2024.11.13_04-09-32_Biarmipes84_e2hex,6833,6834,True
2024.11.13_04-09-32_Biarmipes84_e2hex,6839,6841,True
2024.11.13_04-09-32_Biarmipes84_e2hex,6843,6843,True
2024.11.13_04-09-32_Biarmipes84_e2hex,6845,6846,True
2024.11.13_04-09-32_Biarmipes84_e2hex,6848,6849,True
2024.11.13_04-09-32_Biarmipes84_e2hex,6851,6853,True
2024.11.13_04-09-32_Biarmipes84_e2hex,6856,6858,True
2024.11.13_04-09-32_Biarmipes84_e2hex,6861,6861,True
2024.11.13_04-09-32_Biarmipes84_e2hex,6863,6863,True
2024.11.13_04-09-32_Biarmipes84_e2hex,6867,6867,True
2024.11.13_04-09-32_Biarmipes84_e2hex,6871,6871,True
2024.11.13_04-09-32_Biarmipes84_e2hex,6873,6873,True
2024.11.13_04-09-32_Biarmipes84_e2hex,6875,6878,True
2024.11.13_04-09-32_Biarmipes84_e2hex,6880,6880,True
2024.11.13_04-09-32_Biarmipes84_e2hex,6882,6882,True
2024.11.13_04-09-32_Biarmipes84_e2hex,6884,6885,True
2024.11.13_04-09-32_Biarmipes84_e2hex,6887,6891,True
2024.11.13_04-09-32_Biarmipes84_e2hex,6893,6894,True
2024.11.13_04-09-32_Biarmipes84_e2hex,6898,6902,True
2024.11.13_04-09-32_Biarmipes84_e2hex,6904,6910,True
2024.11.13_04-09-32_Biarmipes84_e2hex,6912,6912,True
2024.11.13_04-09-32_Biarmipes84_e2hex,6914,6915,True
2024.11.13_04-09-32_Biarmipes84_e2hex,6917,6917,True
2024.11.13_04-09-32_Biarmipes84_e2hex,6919,6920,True
2024.11.13_04-09-32_Biarmipes84_e2hex,6925,6927,True
2024.11.13_04-09-32_Biarmipes84_e2hex,6929,6930,True
2024.11.13_04-09-32_Biarmipes84_e2hex,6932,6932,True
2024.11.13_04-09-32_Biarmipes84_e2hex,6934,6934,True
2024.11.13_04-09-32_Biarmipes84_e2hex,6937,6939,True
2024.11.13_04-09-32_Biarmipes84_e2hex,6943,6943,True
2024.11.13_04-09-32_Biarmipes84_e2hex,6948,6949,True
2024.11.13_04-09-32_Biarmipes84_e2hex,6951,6951,True
2024.11.13_04-09-32_Biarmipes84_e2hex,6953,6955,True
2024.11.13_04-09-32_Biarmipes84_e2hex,6957,6958,True
2024.11.13_04-09-32_Biarmipes84_e2hex,6961,6962,True
2024.11.13_04-09-32_Biarmipes84_e2hex,6966,6967,True
2024.11.13_04-09-32_Biarmipes84_e2hex,6969,6969,True
2024.11.13_04-09-32_Biarmipes84_e2hex,6971,6971,True
2024.11.13_04-09-32_Biarmipes84_e2hex,6976,6976,True
2024.11.13_04-09-32_Biarmipes84_e2hex,6978,6979,True
2024.11.13_04-09-32_Biarmipes84_e2hex,6981,6982,True
2024.11.13_04-09-32_Biarmipes84_e2hex,6984,6984,True
2024.11.13_04-09-32_Biarmipes84_e2hex,6987,6987,True
2024.11.13_04-09-32_Biarmipes84_e2hex,6989,6989,True
2024.11.13_04-09-32_Biarmipes84_e2hex,6991,6997,True
2024.11.13_04-09-32_Biarmipes84_e2hex,6999,7007,True
2024.11.13_04-09-32_Biarmipes84_e2hex,7009,7031,True
2024.11.13_04-09-32_Biarmipes84_e2hex,7033,7038,True
2024.11.13_04-09-32_Biarmipes84_e2hex,7040,7051,True
2024.11.13_04-09-32_Biarmipes84_e2hex,7053,7065,True
2024.11.13_04-09-32_Biarmipes84_e2hex,7067,7067,True
2024.11.13_04-09-32_Biarmipes84_e2hex,7228,7228,True
2024.11.13_04-09-32_Biarmipes84_e2hex,7234,7237,True
2024.11.13_04-09-32_Biarmipes84_e2hex,7244,7244,True
2024.11.13_04-09-32_Biarmipes84_e2hex,7247,7248,True
2024.11.13_04-09-32_Biarmipes84_e2hex,7251,7252,True
2024.11.13_04-09-32_Biarmipes84_e2hex,7258,7258,True
2024.11.13_04-09-32_Biarmipes84_e2hex,7260,7261,True
2024.11.13_04-09-32_Biarmipes84_e2hex,7263,7263,True
2024.11.13_04-09-32_Biarmipes84_e2hex,7265,7266,True
2024.11.13_04-09-32_Biarmipes84_e2hex,7276,7276,True
2024.11.13_04-09-32_Biarmipes84_e2hex,7285,7285,True
2024.11.13_04-09-32_Biarmipes84_e2hex,7287,7287,True
2024.11.13_04-09-32_Biarmipes84_e2hex,7295,7300,True
2024.11.13_04-09-32_Biarmipes84_e2hex,7302,7302,True
2024.11.13_04-09-32_Biarmipes84_e2hex,7306,7310,True
2024.11.13_04-09-32_Biarmipes84_e2hex,7312,7318,True
2024.11.13_04-09-32_Biarmipes84_e2hex,7323,7323,True
2024.11.13_04-09-32_Biarmipes84_e2hex,7328,7329,True
2024.11.13_04-09-32_Biarmipes84_e2hex,7333,7381,True
2024.11.13_04-09-32_Biarmipes84_e2hex,7383,7562,True
2024.11.13_04-09-32_Biarmipes84_e2hex,7565,7611,True
2024.11.13_04-09-32_Biarmipes84_e2hex,7613,7613,True
2024.11.13_04-09-32_Biarmipes84_e2hex,7615,7679,True
2024.10.04_13-19-30_Sussex_no_odor,1404,1434,True
2024.10.04_13-19-30_Sussex_no_odor,1436,1438,True
2024.10.04_13-19-30_Sussex_no_odor,1452,1452,True
2024.10.04_13-19-30_Sussex_no_odor,1455,2383,True
2024.10.04_13-19-30_Sussex_no_odor,2385,2401,True
2024.10.04_13-19-30_Sussex_no_odor,2420,2423,True
2024.10.04_13-19-30_Sussex_no_odor,2425,2431,True
2024.10.04_13-19-30_Sussex_no_odor,2433,2437,True
2024.10.04_13-19-30_Sussex_no_odor,2439,2445,True
2024.10.04_13-19-30_Sussex_no_odor,2448,2450,True
2024.10.04_13-19-30_Sussex_no_odor,3011,4339,True
2024.10.04_13-19-30_Sussex_no_odor,4360,4366,True
2024.10.04_13-19-30_Sussex_no_odor,4368,4370,True
2024.10.04_13-19-30_Sussex_no_odor,4375,4375,True
2024.10.04_13-19-30_Sussex_no_odor,4377,4381,True
2024.10.04_13-19-30_Sussex_no_odor,4387,4387,True
2024.10.04_13-19-30_Sussex_no_odor,5255,7436,True
2024.10.04_13-19-30_Sussex_no_odor,8721,8739,True
2024.12.19_14-12-59_Biarmipes_G224_no_odor,4,4,True
2024.12.19_14-12-59_Biarmipes_G224_no_odor,28,67,True
2024.12.19_14-12-59_Biarmipes_G224_no_odor,1727,1727,True
2024.12.19_14-12-59_Biarmipes_G224_no_odor,1830,1831,True
2024.12.19_14-12-59_Biarmipes_G224_no_odor,1885,1892,True
2024.12.19_14-12-59_Biarmipes_G224_no_odor,2153,2241,True
2024.12.19_14-12-59_Biarmipes_G224_no_odor,2243,2250,True
2024.12.19_14-12-59_Biarmipes_G224_no_odor,2252,2254,True
2024.12.19_14-12-59_Biarmipes_G224_no_odor,2257,2270,True
2024.12.19_14-12-59_Biarmipes_G224_no_odor,2274,2292,True
2024.12.19_14-12-59_Biarmipes_G224_no_odor,2296,3487,True
2024.12.19_14-12-59_Biarmipes_G224_no_odor,5128,5128,True
2024.12.19_14-12-59_Biarmipes_G224_no_odor,5131,5131,True
2024.12.19_14-12-59_Biarmipes_G224_no_odor,5134,5134,True
2024.12.19_14-12-59_Biarmipes_G224_no_odor,5144,5144,True
2024.12.19_14-12-59_Biarmipes_G224_no_odor,5146,5147,True
2024.12.19_14-12-59_Biarmipes_G224_no_odor,5150,5150,True
2024.12.19_14-12-59_Biarmipes_G224_no_odor,5152,5153,True
2024.12.19_14-12-59_Biarmipes_G224_no_odor,5157,5159,True
2024.12.19_14-12-59_Biarmipes_G224_no_odor,5161,5161,True
2024.12.19_14-12-59_Biarmipes_G224_no_odor,5173,5173,True
2024.12.19_14-12-59_Biarmipes_G224_no_odor,5272,5273,True
2024.12.19_14-12-59_Biarmipes_G224_no_odor,5277,5277,True
2024.12.19_14-12-59_Biarmipes_G224_no_odor,5324,5328,True
2024.12.19_14-12-59_Biarmipes_G224_no_odor,5337,5342,True
2024.12.19_14-12-59_Biarmipes_G224_no_odor,5359,5374,True
2024.12.19_14-12-59_Biarmipes_G224_no_odor,5644,5644,True
2024.12.19_14-12-59_Biarmipes_G224_no_odor,5647,5652,True
2024.12.19_14-12-59_Biarmipes_G224_no_odor,5654,5677,True
2024.12.19_14-12-59_Biarmipes_G224_no_odor,6899,6899,True
2024.12.19_14-12-59_Biarmipes_G224_no_odor,6901,6901,True
2024.12.19_14-12-59_Biarmipes_G224_no_odor,6903,6906,True
2024.12.19_14-12-59_Biarmipes_G224_no_odor,6918,6920,True
2024.12.19_14-12-59_Biarmipes_G224_no_odor,6926,6926,True
2024.12.19_14-12-59_Biarmipes_G224_no_odor,6928,6928,True
2024.12.19_14-12-59_Biarmipes_G224_no_odor,6935,6935,True
2024.12.19_14-12-59_Biarmipes_G224_no_odor,6942,6943,True
2024.12.19_14-12-59_Biarmipes_G224_no_odor,6945,6956,True
2024.12.19_14-12-59_Biarmipes_G224_no_odor,6958,6958,True
2024.12.19_14-12-59_Biarmipes_G224_no_odor,6962,6971,True
2024.12.19_14-12-59_Biarmipes_G224_no_odor,6974,6974,True
2024.12.19_14-12-59_Biarmipes_G224_no_odor,6976,6976,True
2024.12.19_14-12-59_Biarmipes_G224_no_odor,6979,6979,True
2024.12.19_14-12-59_Biarmipes_G224_no_odor,6981,6981,True
2024.12.19_14-12-59_Biarmipes_G224_no_odor,6984,6984,True
2024.12.19_14-12-59_Biarmipes_G224_no_odor,6986,6987,True
2024.12.19_14-12-59_Biarmipes_G224_no_odor,6990,6990,True
2024.12.19_14-12-59_Biarmipes_G224_no_odor,6993,6995,True
2024.12.19_14-12-59_Biarmipes_G224_no_odor,6997,6997,True
2024.12.19_14-12-59_Biarmipes_G224_no_odor,6999,6999,True
2024.12.19_14-12-59_Biarmipes_G224_no_odor,7001,7002,True
2024.12.19_14-12-59_Biarmipes_G224_no_odor,7004,7007,True
2024.12.19_14-12-59_Biarmipes_G224_no_odor,7009,7009,True
2024.12.19_14-12-59_Biarmipes_G224_no_odor,7012,7015,True
2024.12.19_14-12-59_Biarmipes_G224_no_odor,7018,7019,True
2024.12.19_14-12-59_Biarmipes_G224_no_odor,7021,7022,True
2024.12.19_14-12-59_Biarmipes_G224_no_odor,7038,7038,True
2024.12.19_14-12-59_Biarmipes_G224_no_odor,7180,7180,True
2024.12.19_14-12-59_Biarmipes_G224_no_odor,7186,7189,True
2024.12.19_14-12-59_Biarmipes_G224_no_odor,7199,7199,True
2024.12.19_14-12-59_Biarmipes_G224_no_odor,7280,7282,True
2024.12.19_14-12-59_Biarmipes_G224_no_odor,7306,7307,True
2024.12.19_14-12-59_Biarmipes_G224_no_odor,7327,7331,True
2024.12.19_14-12-59_Biarmipes_G224_no_odor,7333,7333,True
2024.12.19_14-12-59_Biarmipes_G224_no_odor,7335,7338,True
2024.12.19_14-12-59_Biarmipes_G224_no_odor,7341,7341,True
2024.12.19_14-12-59_Biarmipes_G224_no_odor,7343,7345,True
2024.12.19_14-12-59_Biarmipes_G224_no_odor,7348,7348,True
2024.12.19_14-12-59_Biarmipes_G224_no_odor,7351,7354,True
2024.12.19_14-12-59_Biarmipes_G224_no_odor,7357,7359,True
2024.12.19_14-12-59_Biarmipes_G224_no_odor,7361,7361,True
2024.12.19_14-12-59_Biarmipes_G224_no_odor,7364,7366,True
2024.12.19_14-12-59_Biarmipes_G224_no_odor,7368,7370,True
2024.12.19_14-12-59_Biarmipes_G224_no_odor,7374,7379,True
2024.12.19_14-12-59_Biarmipes_G224_no_odor,7381,7381,True
2024.12.19_14-12-59_Biarmipes_G224_no_odor,7383,7385,True
2024.12.19_14-12-59_Biarmipes_G224_no_odor,7387,7392,True
2024.12.19_14-12-59_Biarmipes_G224_no_odor,7394,7396,True
2024.12.19_14-12-59_Biarmipes_G224_no_odor,7398,7398,True
2024.12.19_14-12-59_Biarmipes_G224_no_odor,7400,7410,True
2024.12.19_14-12-59_Biarmipes_G224_no_odor,7414,7416,True
2024.12.19_14-12-59_Biarmipes_G224_no_odor,7419,7420,True
2024.12.19_14-12-59_Biarmipes_G224_no_odor,7422,7454,True
2024.12.19_14-12-59_Biarmipes_G224_no_odor,7642,7643,True
2024.12.19_14-12-59_Biarmipes_G224_no_odor,7645,7645,True
2024.12.19_14-12-59_Biarmipes_G224_no_odor,7647,7647,True
2024.12.19_14-12-59_Biarmipes_G224_no_odor,7649,7657,True
2024.12.19_14-12-59_Biarmipes_G224_no_odor,7659,7663,True
2024.12.19_14-12-59_Biarmipes_G224_no_odor,7665,7674,True
2024.12.19_14-12-59_Biarmipes_G224_no_odor,7676,7677,True
2024.12.19_14-12-59_Biarmipes_G224_no_odor,7681,7687,True
2024.12.19_14-12-59_Biarmipes_G224_no_odor,7689,7689,True
2024.12.19_14-12-59_Biarmipes_G224_no_odor,7691,7698,True
2024.12.19_14-12-59_Biarmipes_G224_no_odor,7700,7710,True
2024.12.19_14-12-59_Biarmipes_G224_no_odor,7712,7719,True
2024.12.19_14-12-59_Biarmipes_G224_no_odor,7721,7722,True
2024.12.19_14-12-59_Biarmipes_G224_no_odor,7725,7728,True
2024.12.19_14-12-59_Biarmipes_G224_no_odor,7730,7736,True
2024.12.19_14-12-59_Biarmipes_G224_no_odor,7738,7742,True
2024.12.19_14-12-59_Biarmipes_G224_no_odor,7744,7952,True
2024.12.19_14-12-59_Biarmipes_G224_no_odor,7954,7962,True
2024.12.19_14-12-59_Biarmipes_G224_no_odor,7964,7972,True
2024.12.19_14-12-59_Biarmipes_G224_no_odor,7974,7977,True
2024.12.19_14-12-59_Biarmipes_G224_no_odor,8005,8005,True
2024.12.19_14-12-59_Biarmipes_G224_no_odor,8007,8007,True
2024.12.19_14-12-59_Biarmipes_G224_no_odor,8021,8021,True
2024.12.19_14-12-59_Biarmipes_G224_no_odor,8135,8136,True
2024.12.19_14-12-59_Biarmipes_G224_no_odor,8164,8164,True
2024.12.19_14-12-59_Biarmipes_G224_no_odor,8172,8172,True
2024.12.19_14-12-59_Biarmipes_G224_no_odor,8174,8174,True
2024.12.19_14-12-59_Biarmipes_G224_no_odor,8177,8177,True
2024.12.19_14-12-59_Biarmipes_G224_no_odor,8180,8180,True
2024.12.19_14-12-59_Biarmipes_G224_no_odor,8185,8185,True
2024.12.19_14-12-59_Biarmipes_G224_no_odor,8196,8197,True
2024.12.19_14-12-59_Biarmipes_G224_no_odor,8202,8202,True
2024.12.19_14-12-59_Biarmipes_G224_no_odor,8217,8217,True
2024.12.19_14-12-59_Biarmipes_G224_no_odor,8222,8222,True
2024.12.19_14-12-59_Biarmipes_G224_no_odor,8236,8236,True
2024.12.19_14-12-59_Biarmipes_G224_no_odor,8240,8241,True
2024.12.19_14-12-59_Biarmipes_G224_no_odor,8244,8244,True
2024.12.19_14-12-59_Biarmipes_G224_no_odor,8246,8247,True
2024.12.19_14-12-59_Biarmipes_G224_no_odor,8250,8253,True
2024.12.19_14-12-59_Biarmipes_G224_no_odor,8255,8255,True
2024.12.19_14-12-59_Biarmipes_G224_no_odor,8257,8260,True
2024.12.19_14-12-59_Biarmipes_G224_no_odor,8263,8263,True
2024.12.19_14-12-59_Biarmipes_G224_no_odor,8265,8266,True
2024.12.19_14-12-59_Biarmipes_G224_no_odor,8268,8269,True
2024.12.19_14-12-59_Biarmipes_G224_no_odor,8272,8292,True
2024.12.19_14-12-59_Biarmipes_G224_no_odor,8294,8297,True
2024.12.19_14-12-59_Biarmipes_G224_no_odor,8299,8304,True
2024.12.19_14-12-59_Biarmipes_G224_no_odor,8306,8306,True
2024.12.19_14-12-59_Biarmipes_G224_no_odor,8308,8309,True
2024.12.19_14-12-59_Biarmipes_G224_no_odor,8314,8314,True
2024.12.19_14-12-59_Biarmipes_G224_no_odor,8316,8317,True
2024.12.19_14-12-59_Biarmipes_G224_no_odor,8319,8321,True
2024.12.19_14-12-59_Biarmipes_G224_no_odor,8323,8323,True
2024.12.19_14-12-59_Biarmipes_G224_no_odor,8326,8326,True
2024.12.19_14-12-59_Biarmipes_G224_no_odor,8328,8328,True
2024.12.19_14-12-59_Biarmipes_G224_no_odor,8331,8332,True
2024.12.19_14-12-59_Biarmipes_G224_no_odor,8334,8339,True
2024.12.19_14-12-59_Biarmipes_G224_no_odor,8341,8345,True
2024.12.19_14-12-59_Biarmipes_G224_no_odor,8347,8349,True
2024.12.19_14-12-59_Biarmipes_G224_no_odor,8352,8354,True
2024.12.19_14-12-59_Biarmipes_G224_no_odor,8356,8364,True
2024.12.19_14-12-59_Biarmipes_G224_no_odor,8366,8392,True
2024.12.19_14-12-59_Biarmipes_G224_no_odor,8394,8403,True
2024.12.19_14-12-59_Biarmipes_G224_no_odor,8408,8408,True
2024.12.19_14-12-59_Biarmipes_G224_no_odor,8410,8418,True
2024.12.19_14-12-59_Biarmipes_G224_no_odor,8427,8427,True
2024.12.19_14-12-59_Biarmipes_G224_no_odor,8433,8433,True
2024.12.19_14-12-59_Biarmipes_G224_no_odor,8435,8435,True
2024.12.19_14-12-59_Biarmipes_G224_no_odor,8437,8437,True
2024.12.19_14-12-59_Biarmipes_G224_no_odor,8442,8442,True
2024.12.19_14-12-59_Biarmipes_G224_no_odor,8455,8455,True
2024.12.19_14-12-59_Biarmipes_G224_no_odor,8460,8461,True
2024.12.19_14-12-59_Biarmipes_G224_no_odor,8467,8467,True
2024.12.19_14-12-59_Biarmipes_G224_no_odor,8470,8470,True
2024.12.19_14-12-59_Biarmipes_G224_no_odor,8475,8475,True
2024.12.19_14-12-59_Biarmipes_G224_no_odor,8478,8478,True
2024.12.19_14-12-59_Biarmipes_G224_no_odor,8481,8481,True
2024.12.19_14-12-59_Biarmipes_G224_no_odor,8483,8483,True
2024.12.19_14-12-59_Biarmipes_G224_no_odor,8485,8486,True
2024.12.19_14-12-59_Biarmipes_G224_no_odor,8490,8490,True
2024.12.19_14-12-59_Biarmipes_G224_no_odor,8498,8499,True
2024.12.19_14-12-59_Biarmipes_G224_no_odor,8503,8503,True
2024.12.19_14-12-59_Biarmipes_G224_no_odor,8505,8505,True
2024.12.19_14-12-59_Biarmipes_G224_no_odor,8507,8508,True
2024.12.19_14-12-59_Biarmipes_G224_no_odor,8510,8514,True
2024.12.19_14-12-59_Biarmipes_G224_no_odor,8517,8540,True
2024.12.19_14-12-59_Biarmipes_G224_no_odor,8542,8542,True
2024.12.19_14-12-59_Biarmipes_G224_no_odor,8545,8545,True
2024.12.19_14-12-59_Biarmipes_G224_no_odor,8547,8550,True
2024.12.19_14-12-59_Biarmipes_G224_no_odor,8552,8552,True
2024.12.19_14-12-59_Biarmipes_G224_no_odor,8554,8556,True
2024.12.19_14-12-59_Biarmipes_G224_no_odor,8558,8559,True
2024.12.19_14-12-59_Biarmipes_G224_no_odor,8561,8563,True
2024.12.19_14-12-59_Biarmipes_G224_no_odor,8566,8571,True
2024.12.19_14-12-59_Biarmipes_G224_no_odor,8573,8573,True
2024.12.19_14-12-59_Biarmipes_G224_no_odor,8582,8583,True
2024.12.19_14-12-59_Biarmipes_G224_no_odor,8585,8585,True
2024.12.19_14-12-59_Biarmipes_G224_no_odor,8589,8589,True
2024.12.19_14-12-59_Biarmipes_G224_no_odor,8595,8596,True
2024.12.19_14-12-59_Biarmipes_G224_no_odor,8598,8598,True
2024.12.19_14-12-59_Biarmipes_G224_no_odor,8600,8600,True
2024.12.19_14-12-59_Biarmipes_G224_no_odor,8602,8602,True
2024.12.19_14-12-59_Biarmipes_G224_no_odor,8604,8606,True
2024.12.19_14-12-59_Biarmipes_G224_no_odor,8608,8618,True
2024.12.19_14-12-59_Biarmipes_G224_no_odor,8620,8622,True
2024.12.19_14-12-59_Biarmipes_G224_no_odor,8624,8624,True
2024.12.19_14-12-59_Biarmipes_G224_no_odor,8628,8628,True
2024.12.19_14-12-59_Biarmipes_G224_no_odor,8632,8632,True
2024.12.19_14-12-59_Biarmipes_G224_no_odor,8634,8634,True
2024.12.19_14-12-59_Biarmipes_G224_no_odor,8636,8636,True
2024.12.19_14-12-59_Biarmipes_G224_no_odor,8638,8639,True
2024.12.19_14-12-59_Biarmipes_G224_no_odor,8641,8641,True
2024.12.19_14-12-59_Biarmipes_G224_no_odor,8643,8644,True
2024.12.19_14-12-59_Biarmipes_G224_no_odor,8646,8648,True
2024.12.19_14-12-59_Biarmipes_G224_no_odor,8650,8651,True
2024.11.25_19-34-49_Biarmipes84_no_odor,3,300,True
2024.11.25_19-34-49_Biarmipes84_no_odor,2541,2542,True
2024.11.25_19-34-49_Biarmipes84_no_odor,2584,2585,True
2024.11.25_19-34-49_Biarmipes84_no_odor,2587,2596,True
2024.11.25_19-34-49_Biarmipes84_no_odor,2598,2598,True
2024.11.25_19-34-49_Biarmipes84_no_odor,2601,2603,True
2024.11.25_19-34-49_Biarmipes84_no_odor,2607,2614,True
2024.11.25_19-34-49_Biarmipes84_no_odor,2616,2616,True
2024.11.25_19-34-49_Biarmipes84_no_odor,2622,2623,True
2024.11.25_19-34-49_Biarmipes84_no_odor,2628,2636,True
2024.11.25_19-34-49_Biarmipes84_no_odor,2638,2644,True
2024.11.25_19-34-49_Biarmipes84_no_odor,2646,2649,True
2024.11.25_19-34-49_Biarmipes84_no_odor,2652,2657,True
2024.11.25_19-34-49_Biarmipes84_no_odor,2659,2661,True
2024.11.25_19-34-49_Biarmipes84_no_odor,2663,2670,True
2024.11.25_19-34-49_Biarmipes84_no_odor,2672,2676,True
2024.11.25_19-34-49_Biarmipes84_no_odor,2678,2678,True
2024.11.25_19-34-49_Biarmipes84_no_odor,2680,2681,True
2024.11.25_19-34-49_Biarmipes84_no_odor,2683,2686,True
2024.11.25_19-34-49_Biarmipes84_no_odor,2690,2690,True
2024.11.25_19-34-49_Biarmipes84_no_odor,2692,2693,True
2024.11.25_19-34-49_Biarmipes84_no_odor,2695,2698,True
2024.11.25_19-34-49_Biarmipes84_no_odor,2700,2701,True
2024.11.25_19-34-49_Biarmipes84_no_odor,2703,2707,True
2024.11.25_19-34-49_Biarmipes84_no_odor,2709,2711,True
2024.11.25_19-34-49_Biarmipes84_no_odor,2713,2714,True
2024.11.25_19-34-49_Biarmipes84_no_odor,2718,2718,True
2024.11.25_19-34-49_Biarmipes84_no_odor,2720,2721,True
2024.11.25_19-34-49_Biarmipes84_no_odor,2723,2730,True
2024.11.25_19-34-49_Biarmipes84_no_odor,2737,2738,True
2024.11.25_19-34-49_Biarmipes84_no_odor,2745,2745,True
2024.11.25_19-34-49_Biarmipes84_no_odor,2748,2750,True
2024.11.25_19-34-49_Biarmipes84_no_odor,2752,2753,True
2024.11.25_19-34-49_Biarmipes84_no_odor,2755,2755,True
2024.11.25_19-34-49_Biarmipes84_no_odor,2757,2757,True
2024.11.25_19-34-49_Biarmipes84_no_odor,2762,2763,True
2024.11.25_19-34-49_Biarmipes84_no_odor,2766,2767,True
2024.11.25_19-34-49_Biarmipes84_no_odor,2769,2770,True
2024.11.25_19-34-49_Biarmipes84_no_odor,2772,2773,True
2024.11.25_19-34-49_Biarmipes84_no_odor,2775,2776,True
2024.11.25_19-34-49_Biarmipes84_no_odor,2779,2779,True
2024.11.25_19-34-49_Biarmipes84_no_odor,2782,2782,True
2024.11.25_19-34-49_Biarmipes84_no_odor,2786,2789,True
2024.11.25_19-34-49_Biarmipes84_no_odor,2791,2791,True
2024.11.25_19-34-49_Biarmipes84_no_odor,2793,2796,True
2024.11.25_19-34-49_Biarmipes84_no_odor,2798,2798,True
2024.11.25_19-34-49_Biarmipes84_no_odor,2800,2801,True
2024.11.25_19-34-49_Biarmipes84_no_odor,2807,2807,True
2024.11.25_19-34-49_Biarmipes84_no_odor,2810,2812,True
2024.11.25_19-34-49_Biarmipes84_no_odor,2816,2817,True
2024.11.25_19-34-49_Biarmipes84_no_odor,2819,2823,True
2024.11.25_19-34-49_Biarmipes84_no_odor,2830,2830,True
2024.11.25_19-34-49_Biarmipes84_no_odor,2832,3286,True
2024.11.25_19-34-49_Biarmipes84_no_odor,3288,3334,True
2024.11.25_19-34-49_Biarmipes84_no_odor,3336,3524,True
2024.11.25_19-34-49_Biarmipes84_no_odor,3578,3595,True
2024.11.25_19-34-49_Biarmipes84_no_odor,3597,3632,True
2024.11.25_19-34-49_Biarmipes84_no_odor,3634,3643,True
2024.11.25_19-34-49_Biarmipes84_no_odor,3654,3656,True
2024.11.25_19-34-49_Biarmipes84_no_odor,3665,3665,True
2024.11.25_19-34-49_Biarmipes84_no_odor,3667,3668,True
2024.11.25_19-34-49_Biarmipes84_no_odor,3673,3674,True
2024.11.25_19-34-49_Biarmipes84_no_odor,3677,3678,True
2024.11.25_19-34-49_Biarmipes84_no_odor,3681,3681,True
2024.11.25_19-34-49_Biarmipes84_no_odor,3683,3684,True
2024.11.25_19-34-49_Biarmipes84_no_odor,3686,3709,True
2024.11.25_19-34-49_Biarmipes84_no_odor,3711,3723,True
2024.11.25_19-34-49_Biarmipes84_no_odor,3725,3727,True
2024.11.25_19-34-49_Biarmipes84_no_odor,3961,3982,True
2024.11.25_19-34-49_Biarmipes84_no_odor,3984,4002,True
2024.11.25_19-34-49_Biarmipes84_no_odor,4004,4010,True
2024.11.25_19-34-49_Biarmipes84_no_odor,4015,4036,True
2024.11.25_19-34-49_Biarmipes84_no_odor,4038,4040,True
2024.11.25_19-34-49_Biarmipes84_no_odor,4042,4044,True
2024.11.25_19-34-49_Biarmipes84_no_odor,4046,4047,True
2024.11.25_19-34-49_Biarmipes84_no_odor,4049,4065,True
2024.11.25_19-34-49_Biarmipes84_no_odor,4067,4071,True
2024.11.25_19-34-49_Biarmipes84_no_odor,4073,4080,True
2024.11.25_19-34-49_Biarmipes84_no_odor,4082,4087,True
2024.11.25_19-34-49_Biarmipes84_no_odor,4089,4097,True
2024.11.25_19-34-49_Biarmipes84_no_odor,4099,4139,True
2024.11.25_19-34-49_Biarmipes84_no_odor,4144,4147,True
2024.11.25_19-34-49_Biarmipes84_no_odor,4150,4150,True
2024.11.25_19-34-49_Biarmipes84_no_odor,4153,4157,True
2024.11.25_19-34-49_Biarmipes84_no_odor,4159,4161,True
2024.11.25_19-34-49_Biarmipes84_no_odor,4164,4166,True
2024.11.25_19-34-49_Biarmipes84_no_odor,4171,4181,True
2024.11.25_19-34-49_Biarmipes84_no_odor,4183,4185,True
2024.11.25_19-34-49_Biarmipes84_no_odor,4187,4187,True
2024.11.25_19-34-49_Biarmipes84_no_odor,4189,4284,True
2024.11.25_19-34-49_Biarmipes84_no_odor,4286,4293,True
2024.11.25_19-34-49_Biarmipes84_no_odor,4295,4305,True
2024.11.25_19-34-49_Biarmipes84_no_odor,4307,4313,True
2024.11.25_19-34-49_Biarmipes84_no_odor,4315,4323,True
2024.11.25_19-34-49_Biarmipes84_no_odor,4325,4325,True
2024.11.25_19-34-49_Biarmipes84_no_odor,4327,4328,True
2024.11.25_19-34-49_Biarmipes84_no_odor,4330,4340,True
2024.11.25_19-34-49_Biarmipes84_no_odor,4342,4344,True
2024.11.25_19-34-49_Biarmipes84_no_odor,4349,4349,True
2024.11.25_19-34-49_Biarmipes84_no_odor,4352,4354,True
2024.11.25_19-34-49_Biarmipes84_no_odor,4358,4360,True
2024.11.25_19-34-49_Biarmipes84_no_odor,4362,4368,True
2024.11.25_19-34-49_Biarmipes84_no_odor,4370,4373,True
2024.11.25_19-34-49_Biarmipes84_no_odor,4375,4384,True
2024.11.25_19-34-49_Biarmipes84_no_odor,4386,4522,True
2024.11.25_19-34-49_Biarmipes84_no_odor,4524,4561,True
2024.11.25_19-34-49_Biarmipes84_no_odor,4563,4582,True
2024.11.25_19-34-49_Biarmipes84_no_odor,4584,4726,True
2024.11.25_19-34-49_Biarmipes84_no_odor,4728,4751,True
2024.11.25_19-34-49_Biarmipes84_no_odor,4753,4766,True
2024.11.25_19-34-49_Biarmipes84_no_odor,4768,4768,True
2024.11.25_19-34-49_Biarmipes84_no_odor,4770,4772,True
2024.11.25_19-34-49_Biarmipes84_no_odor,4774,4788,True
2024.11.25_19-34-49_Biarmipes84_no_odor,4790,4796,True
2024.11.25_19-34-49_Biarmipes84_no_odor,4798,4799,True
2024.11.25_19-34-49_Biarmipes84_no_odor,4801,4807,True
2024.11.25_19-34-49_Biarmipes84_no_odor,4809,4812,True
2024.11.25_19-34-49_Biarmipes84_no_odor,4814,4820,True
2024.11.25_19-34-49_Biarmipes84_no_odor,4823,4829,True
2024.11.25_19-34-49_Biarmipes84_no_odor,4835,4837,True
2024.11.25_19-34-49_Biarmipes84_no_odor,4841,4843,True
2024.11.25_19-34-49_Biarmipes84_no_odor,4846,4847,True
2024.11.25_19-34-49_Biarmipes84_no_odor,4849,4850,True
2024.11.25_19-34-49_Biarmipes84_no_odor,4852,4852,True
2024.11.25_19-34-49_Biarmipes84_no_odor,4854,4854,True
2024.11.25_19-34-49_Biarmipes84_no_odor,4856,4856,True
2024.11.25_19-34-49_Biarmipes84_no_odor,4859,4860,True
2024.11.25_19-34-49_Biarmipes84_no_odor,4862,4867,True
2024.11.25_19-34-49_Biarmipes84_no_odor,4869,4887,True
2024.11.25_19-34-49_Biarmipes84_no_odor,4891,4899,True
2024.11.25_19-34-49_Biarmipes84_no_odor,4902,4904,True
2024.11.25_19-34-49_Biarmipes84_no_odor,4906,4906,True
2024.11.25_19-34-49_Biarmipes84_no_odor,4908,4908,True
2024.11.25_19-34-49_Biarmipes84_no_odor,4915,4916,True
2024.11.25_19-34-49_Biarmipes84_no_odor,4918,4918,True
2024.11.25_19-34-49_Biarmipes84_no_odor,4920,4922,True
2024.11.25_19-34-49_Biarmipes84_no_odor,4927,4930,True
2024.11.25_19-34-49_Biarmipes84_no_odor,4932,4932,True
2024.11.25_19-34-49_Biarmipes84_no_odor,4934,4935,True
2024.11.25_19-34-49_Biarmipes84_no_odor,4938,4938,True
2024.11.25_19-34-49_Biarmipes84_no_odor,4940,4940,True
2024.11.25_19-34-49_Biarmipes84_no_odor,4943,4943,True
2024.11.25_19-34-49_Biarmipes84_no_odor,4945,4948,True
2024.11.25_19-34-49_Biarmipes84_no_odor,4951,4960,True
2024.11.25_19-34-49_Biarmipes84_no_odor,4962,4966,True
2024.11.25_19-34-49_Biarmipes84_no_odor,4971,4972,True
2024.11.25_19-34-49_Biarmipes84_no_odor,4974,4976,True
2024.11.25_19-34-49_Biarmipes84_no_odor,4978,4980,True
2024.11.25_19-34-49_Biarmipes84_no_odor,4982,4982,True
2024.11.25_19-34-49_Biarmipes84_no_odor,4984,4984,True
2024.11.25_19-34-49_Biarmipes84_no_odor,4986,4997,True
2024.11.25_19-34-49_Biarmipes84_no_odor,4999,5001,True
2024.11.25_19-34-49_Biarmipes84_no_odor,5003,5017,True
2024.11.25_19-34-49_Biarmipes84_no_odor,5026,5041,True
2024.11.25_19-34-49_Biarmipes84_no_odor,5043,5047,True
2024.11.25_19-34-49_Biarmipes84_no_odor,5055,5058,True
2024.11.25_19-34-49_Biarmipes84_no_odor,5060,5068,True
2024.11.25_19-34-49_Biarmipes84_no_odor,5071,5072,True
2024.11.25_19-34-49_Biarmipes84_no_odor,5074,5090,True
2024.11.25_19-34-49_Biarmipes84_no_odor,5092,5119,True
2024.11.25_19-34-49_Biarmipes84_no_odor,5121,5121,True
2024.11.25_19-34-49_Biarmipes84_no_odor,5123,5125,True
2024.11.25_19-34-49_Biarmipes84_no_odor,5127,5133,True
2024.11.25_19-34-49_Biarmipes84_no_odor,5136,5138,True
2024.11.25_19-34-49_Biarmipes84_no_odor,5144,5145,True
2024.11.25_19-34-49_Biarmipes84_no_odor,5147,5158,True
2024.11.25_19-34-49_Biarmipes84_no_odor,5160,5985,True
2024.11.25_19-34-49_Biarmipes84_no_odor,6049,6064,True
2024.11.25_19-34-49_Biarmipes84_no_odor,6078,6106,True
2024.11.25_19-34-49_Biarmipes84_no_odor,6108,6186,True
2024.11.25_19-34-49_Biarmipes84_no_odor,6188,6202,True
2024.11.25_19-34-49_Biarmipes84_no_odor,6204,6205,True
2024.11.25_19-34-49_Biarmipes84_no_odor,6207,6216,True
2024.11.25_19-34-49_Biarmipes84_no_odor,6218,6219,True
2024.11.25_19-34-49_Biarmipes84_no_odor,6223,6243,True
2024.11.25_19-34-49_Biarmipes84_no_odor,6245,6245,True
2024.11.25_19-34-49_Biarmipes84_no_odor,6247,6254,True
2024.11.25_19-34-49_Biarmipes84_no_odor,6256,6257,True
2024.11.25_19-34-49_Biarmipes84_no_odor,6259,6259,True
2024.11.25_19-34-49_Biarmipes84_no_odor,6261,6261,True
2024.11.25_19-34-49_Biarmipes84_no_odor,6263,6268,True
2024.11.25_19-34-49_Biarmipes84_no_odor,6270,6278,True
2024.11.25_19-34-49_Biarmipes84_no_odor,6280,6282,True
2024.11.25_19-34-49_Biarmipes84_no_odor,6284,6292,True
2024.11.25_19-34-49_Biarmipes84_no_odor,6294,6302,True
2024.11.25_19-34-49_Biarmipes84_no_odor,6322,6325,True
2024.11.25_19-34-49_Biarmipes84_no_odor,6327,6334,True
2024.11.25_19-34-49_Biarmipes84_no_odor,6370,6378,True
2024.11.25_19-34-49_Biarmipes84_no_odor,6380,6385,True
2024.11.25_19-34-49_Biarmipes84_no_odor,6388,6401,True
2024.11.25_19-34-49_Biarmipes84_no_odor,6427,6432,True
2024.11.25_19-34-49_Biarmipes84_no_odor,6434,6482,True
2024.11.25_19-34-49_Biarmipes84_no_odor,6484,6837,True
2024.11.25_19-34-49_Biarmipes84_no_odor,6943,6943,True
2024.11.25_19-34-49_Biarmipes84_no_odor,6987,6995,True
2024.11.25_19-34-49_Biarmipes84_no_odor,6998,7005,True
2024.11.25_19-34-49_Biarmipes84_no_odor,7007,7051,True
2024.11.25_19-34-49_Biarmipes84_no_odor,7093,7094,True
2024.11.25_19-34-49_Biarmipes84_no_odor,7098,7100,True
2024.11.25_19-34-49_Biarmipes84_no_odor,7256,7285,True
2024.12.18_16-52-35_Riverside_prenac,3,563,True
2024.12.18_16-52-35_Riverside_prenac,756,761,True
2024.12.18_16-52-35_Riverside_prenac,763,1845,True
2024.12.18_16-52-35_Riverside_prenac,4118,4118,True
2024.12.18_16-52-35_Riverside_prenac,4130,4137,True
2024.12.18_16-52-35_Riverside_prenac,4148,4148,True
2024.12.18_16-52-35_Riverside_prenac,4190,4190,True
2024.12.18_16-52-35_Riverside_prenac,4193,4193,True
2024.12.18_16-52-35_Riverside_prenac,4203,4203,True
2024.12.18_16-52-35_Riverside_prenac,4207,4208,True
2024.12.18_16-52-35_Riverside_prenac,4217,4217,True
2024.12.18_16-52-35_Riverside_prenac,4222,4222,True
2024.12.18_16-52-35_Riverside_prenac,4232,4233,True
2024.12.18_16-52-35_Riverside_prenac,4236,4237,True
2024.12.18_16-52-35_Riverside_prenac,4251,4259,True
2024.12.18_16-52-35_Riverside_prenac,4261,4280,True
2024.12.18_16-52-35_Riverside_prenac,4283,4293,True
2024.12.18_16-52-35_Riverside_prenac,4295,4308,True
2024.12.18_16-52-35_Riverside_prenac,4566,4605,True
2024.12.18_16-52-35_Riverside_prenac,4622,4736,True
2024.12.18_16-52-35_Riverside_prenac,5497,5497,True
2024.12.18_16-52-35_Riverside_prenac,5527,5527,True
2024.12.18_16-52-35_Riverside_prenac,5709,5722,True
2024.12.18_16-52-35_Riverside_prenac,5724,5729,True
2024.12.18_16-52-35_Riverside_prenac,5731,5734,True
2024.12.18_16-52-35_Riverside_prenac,5740,5742,True
2024.12.18_16-52-35_Riverside_prenac,5744,5750,True
2024.12.18_16-52-35_Riverside_prenac,5752,5975,True
2024.12.18_16-52-35_Riverside_prenac,6442,6457,True
2024.12.18_16-52-35_Riverside_prenac,6459,6459,True
2024.12.18_16-52-35_Riverside_prenac,6461,6461,True
2024.12.18_16-52-35_Riverside_prenac,6463,6524,True
2024.12.18_16-52-35_Riverside_prenac,6556,6563,True
2024.12.18_16-52-35_Riverside_prenac,6623,6629,True
2024.12.18_16-52-35_Riverside_prenac,6706,6708,True
2024.12.18_16-52-35_Riverside_prenac,6710,6718,True
2024.12.18_16-52-35_Riverside_prenac,6765,6772,True
2024.12.18_16-52-35_Riverside_prenac,6775,6775,True
2024.12.18_16-52-35_Riverside_prenac,6797,6797,True
2024.12.18_16-52-35_Riverside_prenac,6799,6801,True
2024.12.18_16-52-35_Riverside_prenac,6803,6804,True
2024.12.18_16-52-35_Riverside_prenac,6811,6847,True
2024.12.18_16-52-35_Riverside_prenac,6862,6870,True
2024.12.18_16-52-35_Riverside_prenac,6872,6872,True
2024.12.18_16-52-35_Riverside_prenac,6949,6950,True
2024.12.18_16-52-35_Riverside_prenac,6952,6952,True
2024.12.18_16-52-35_Riverside_prenac,6954,6955,True
2024.12.18_16-52-35_Riverside_prenac,6968,6972,True
2024.12.18_16-52-35_Riverside_prenac,6975,6975,True
2024.12.18_16-52-35_Riverside_prenac,6978,6981,True
2024.12.18_16-52-35_Riverside_prenac,6988,7021,True
2024.12.18_16-52-35_Riverside_prenac,7023,7025,True
2024.12.18_16-52-35_Riverside_prenac,7027,7138,True
2024.12.18_16-52-35_Riverside_prenac,7156,7565,True
2024.12.18_16-52-35_Riverside_prenac,7567,7574,True
2024.12.18_16-52-35_Riverside_prenac,7576,7596,True
2024.12.18_16-52-35_Riverside_prenac,7598,7652,True
2024.12.18_16-52-35_Riverside_prenac,7654,7672,True
2024.12.18_16-52-35_Riverside_prenac,7674,7677,True
2024.12.18_16-52-35_Riverside_prenac,7680,7804,True
2024.12.18_16-52-35_Riverside_prenac,7806,7806,True
2024.12.18_16-52-35_Riverside_prenac,7808,8912,True
2024.10.08_14-23-02_Sussex_metbut,854,2773,True
2024.10.08_14-23-02_Sussex_metbut,2795,2817,True
2024.10.08_14-23-02_Sussex_metbut,2836,2836,True
2024.10.08_14-23-02_Sussex_metbut,2845,2854,True
2024.10.08_14-23-02_Sussex_metbut,2859,2860,True
2024.10.08_14-23-02_Sussex_metbut,2862,2862,True
2024.10.08_14-23-02_Sussex_metbut,7051,7163,True
2024.10.08_14-23-02_Sussex_metbut,7165,7178,True
2024.10.08_14-23-02_Sussex_metbut,7180,7198,True
2024.10.08_14-23-02_Sussex_metbut,7200,7228,True
2024.10.08_14-23-02_Sussex_metbut,7230,7620,True
2024.10.08_14-23-02_Sussex_metbut,7622,7626,True
2024.10.08_14-23-02_Sussex_metbut,7628,7643,True
2024.10.08_14-23-02_Sussex_metbut,7647,7672,True
2024.10.08_14-23-02_Sussex_metbut,7675,7733,True
2024.10.08_14-23-02_Sussex_metbut,7737,7747,True
2024.10.08_14-23-02_Sussex_metbut,7948,7950,True
2024.10.08_14-23-02_Sussex_metbut,7977,7977,True
2024.10.08_14-23-02_Sussex_metbut,8042,8043,True
2024.10.08_14-23-02_Sussex_metbut,8094,8094,True
2024.10.08_14-23-02_Sussex_metbut,8100,8100,True
2024.10.08_14-23-02_Sussex_metbut,8149,8150,True
2024.10.08_14-23-02_Sussex_metbut,8612,8612,True
