trial,start_frame,end_frame,is_swapped
2024.10.31_08-04-28_Biarmipes84_metben,3,898,True
2024.10.31_08-04-28_Biarmipes84_metben,2091,2229,True
2024.10.31_08-04-28_Biarmipes84_metben,2231,2232,True
2024.10.31_08-04-28_Biarmipes84_metben,2253,2278,True
2024.10.31_08-04-28_Biarmipes84_metben,2280,3125,True
2024.10.31_08-04-28_Biarmipes84_metben,3459,3813,True
2024.10.31_08-04-28_Biarmipes84_metben,5599,5622,True
2024.10.31_08-04-28_Biarmipes84_metben,5654,6823,True
2024.10.31_08-04-28_Biarmipes84_metben,6825,6901,True
2024.10.31_08-04-28_Biarmipes84_metben,7998,8024,True
2024.10.31_08-04-28_Biarmipes84_metben,8194,8527,True
2024.11.14_02-01-34_Biarmipes_G224_e2hex,3,1452,True
2024.11.14_02-01-34_Biarmipes_G224_e2hex,1679,1786,True
2024.11.14_02-01-34_Biarmipes_G224_e2hex,1843,1929,True
2024.11.14_02-01-34_Biarmipes_G224_e2hex,1931,1932,True
2024.11.14_02-01-34_Biarmipes_G224_e2hex,1936,2004,True
2024.11.14_02-01-34_Biarmipes_G224_e2hex,2049,2049,True
2024.11.14_02-01-34_Biarmipes_G224_e2hex,2682,2702,True
2024.11.14_02-01-34_Biarmipes_G224_e2hex,2716,2722,True
2024.11.14_02-01-34_Biarmipes_G224_e2hex,2739,2920,True
2024.11.14_02-01-34_Biarmipes_G224_e2hex,4581,4645,True
2024.11.14_02-01-34_Biarmipes_G224_e2hex,4738,4761,True
2024.11.14_02-01-34_Biarmipes_G224_e2hex,4763,5701,True
2024.11.14_02-01-34_Biarmipes_G224_e2hex,6595,6595,True
2024.11.14_02-01-34_Biarmipes_G224_e2hex,6604,6605,True
2024.11.14_02-01-34_Biarmipes_G224_e2hex,6609,6609,True
2024.11.14_02-01-34_Biarmipes_G224_e2hex,6620,6621,True
2024.11.14_02-01-34_Biarmipes_G224_e2hex,6623,6628,True
2024.11.14_02-01-34_Biarmipes_G224_e2hex,6644,6658,True
2024.11.14_02-01-34_Biarmipes_G224_e2hex,6660,6660,True
2024.11.14_02-01-34_Biarmipes_G224_e2hex,6677,6677,True
2024.11.14_02-01-34_Biarmipes_G224_e2hex,6686,6690,True
2024.11.14_02-01-34_Biarmipes_G224_e2hex,6701,6704,True
2024.11.14_02-01-34_Biarmipes_G224_e2hex,6706,6706,True
2024.11.14_02-01-34_Biarmipes_G224_e2hex,6708,6709,True
2024.11.14_02-01-34_Biarmipes_G224_e2hex,6712,6722,True
2024.11.14_02-01-34_Biarmipes_G224_e2hex,6725,6725,True
2024.11.14_02-01-34_Biarmipes_G224_e2hex,6728,6728,True
2024.11.14_02-01-34_Biarmipes_G224_e2hex,6736,6737,True
2024.11.14_02-01-34_Biarmipes_G224_e2hex,6739,6739,True
2024.11.14_02-01-34_Biarmipes_G224_e2hex,6765,6765,True
2024.11.14_02-01-34_Biarmipes_G224_e2hex,6767,6767,True
2024.11.14_02-01-34_Biarmipes_G224_e2hex,6770,6770,True
2024.11.14_02-01-34_Biarmipes_G224_e2hex,6773,6774,True
2024.11.14_02-01-34_Biarmipes_G224_e2hex,6776,6776,True
2024.11.14_02-01-34_Biarmipes_G224_e2hex,6778,6779,True
2024.11.14_02-01-34_Biarmipes_G224_e2hex,6781,6781,True
2024.11.14_02-01-34_Biarmipes_G224_e2hex,6783,6783,True
2024.11.14_02-01-34_Biarmipes_G224_e2hex,6796,6796,True
2024.11.14_02-01-34_Biarmipes_G224_e2hex,6803,6803,True
2024.11.14_02-01-34_Biarmipes_G224_e2hex,6806,6806,True
2024.11.14_02-01-34_Biarmipes_G224_e2hex,6809,6809,True
2024.11.14_02-01-34_Biarmipes_G224_e2hex,6813,6813,True
2024.11.14_02-01-34_Biarmipes_G224_e2hex,6815,6816,True
2024.11.14_02-01-34_Biarmipes_G224_e2hex,6819,6819,True
2024.11.14_02-01-34_Biarmipes_G224_e2hex,6821,6822,True
2024.11.14_02-01-34_Biarmipes_G224_e2hex,6824,6825,True
2024.11.14_02-01-34_Biarmipes_G224_e2hex,6830,6830,True
2024.11.14_02-01-34_Biarmipes_G224_e2hex,6832,6832,True
2024.11.14_02-01-34_Biarmipes_G224_e2hex,6836,6836,True
2024.11.14_02-01-34_Biarmipes_G224_e2hex,6839,6839,True
2024.11.14_02-01-34_Biarmipes_G224_e2hex,6841,6841,True
2024.11.14_02-01-34_Biarmipes_G224_e2hex,6846,6846,True
2024.11.14_02-01-34_Biarmipes_G224_e2hex,6848,6851,True
2024.11.14_02-01-34_Biarmipes_G224_e2hex,6859,6859,True
2024.11.14_02-01-34_Biarmipes_G224_e2hex,6870,6871,True
2024.11.14_02-01-34_Biarmipes_G224_e2hex,6879,6879,True
2024.11.14_02-01-34_Biarmipes_G224_e2hex,6885,6885,True
2024.11.14_02-01-34_Biarmipes_G224_e2hex,6890,6893,True
2024.11.14_02-01-34_Biarmipes_G224_e2hex,6895,6895,True
2024.11.14_02-01-34_Biarmipes_G224_e2hex,6904,6904,True
2024.11.14_02-01-34_Biarmipes_G224_e2hex,6906,6909,True
2024.11.14_02-01-34_Biarmipes_G224_e2hex,6912,6912,True
2024.11.14_02-01-34_Biarmipes_G224_e2hex,6915,6915,True
2024.11.14_02-01-34_Biarmipes_G224_e2hex,6923,6923,True
2024.11.14_02-01-34_Biarmipes_G224_e2hex,6925,6926,True
2024.11.14_02-01-34_Biarmipes_G224_e2hex,6930,6930,True
2024.11.14_02-01-34_Biarmipes_G224_e2hex,6933,6933,True
2024.11.14_02-01-34_Biarmipes_G224_e2hex,6935,6935,True
2024.11.14_02-01-34_Biarmipes_G224_e2hex,6939,6939,True
2024.11.14_02-01-34_Biarmipes_G224_e2hex,6942,6942,True
2024.11.14_02-01-34_Biarmipes_G224_e2hex,6949,6949,True
2024.11.14_02-01-34_Biarmipes_G224_e2hex,6951,6954,True
2024.11.14_02-01-34_Biarmipes_G224_e2hex,6956,6959,True
2024.11.14_02-01-34_Biarmipes_G224_e2hex,6961,6962,True
2024.11.14_02-01-34_Biarmipes_G224_e2hex,6964,6965,True
2024.11.14_02-01-34_Biarmipes_G224_e2hex,6971,6971,True
2024.11.14_02-01-34_Biarmipes_G224_e2hex,6975,6975,True
2024.11.14_02-01-34_Biarmipes_G224_e2hex,6979,6980,True
2024.11.14_02-01-34_Biarmipes_G224_e2hex,6983,6986,True
2024.11.14_02-01-34_Biarmipes_G224_e2hex,6992,6996,True
2024.11.14_02-01-34_Biarmipes_G224_e2hex,6998,7001,True
2024.11.14_02-01-34_Biarmipes_G224_e2hex,7003,7005,True
2024.11.14_02-01-34_Biarmipes_G224_e2hex,7017,7026,True
2024.11.14_02-01-34_Biarmipes_G224_e2hex,7031,7033,True
2024.11.14_02-01-34_Biarmipes_G224_e2hex,7036,7036,True
2024.11.14_02-01-34_Biarmipes_G224_e2hex,7044,7045,True
2024.11.14_02-01-34_Biarmipes_G224_e2hex,7063,7063,True
2024.11.14_02-01-34_Biarmipes_G224_e2hex,7090,7091,True
2024.11.14_02-01-34_Biarmipes_G224_e2hex,7093,7096,True
2024.11.14_02-01-34_Biarmipes_G224_e2hex,7153,7156,True
2024.11.14_02-01-34_Biarmipes_G224_e2hex,7158,7160,True
2024.11.14_02-01-34_Biarmipes_G224_e2hex,7166,7167,True
2024.11.14_02-01-34_Biarmipes_G224_e2hex,7169,7246,True
2024.11.14_02-01-34_Biarmipes_G224_e2hex,7257,7259,True
2024.11.14_02-01-34_Biarmipes_G224_e2hex,7345,7795,True
2024.10.30_04-42-21_Riverside_metben,1183,1186,True
2024.10.30_04-42-21_Riverside_metben,1191,1191,True
2024.10.30_04-42-21_Riverside_metben,1193,1193,True
2024.10.30_04-42-21_Riverside_metben,1210,1219,True
2024.10.30_04-42-21_Riverside_metben,1466,1634,True
2024.10.30_04-42-21_Riverside_metben,1657,1708,True
2024.10.30_04-42-21_Riverside_metben,1762,2453,True
2024.10.30_04-42-21_Riverside_metben,2455,2455,True
2024.10.30_04-42-21_Riverside_metben,2460,2464,True
2024.10.30_04-42-21_Riverside_metben,2805,3137,True
2024.10.30_04-42-21_Riverside_metben,3139,3144,True
2024.10.30_04-42-21_Riverside_metben,4752,5022,True
2024.10.30_04-42-21_Riverside_metben,5259,5259,True
2024.10.30_04-42-21_Riverside_metben,5261,5313,True
2024.10.30_04-42-21_Riverside_metben,5371,5572,True
2024.10.30_04-42-21_Riverside_metben,6569,6571,True
2024.10.30_04-42-21_Riverside_metben,6573,6573,True
2024.10.30_04-42-21_Riverside_metben,6581,6584,True
2024.10.30_04-42-21_Riverside_metben,6588,6588,True
2024.10.30_04-42-21_Riverside_metben,6590,6590,True
2024.10.30_04-42-21_Riverside_metben,6593,6593,True
2024.10.30_04-42-21_Riverside_metben,6601,6601,True
2024.10.30_04-42-21_Riverside_metben,6605,6609,True
2024.10.30_04-42-21_Riverside_metben,6622,6622,True
2024.10.30_04-42-21_Riverside_metben,6628,6628,True
2024.10.30_04-42-21_Riverside_metben,6632,6632,True
2024.10.30_04-42-21_Riverside_metben,6635,6636,True
2024.10.30_04-42-21_Riverside_metben,6639,6641,True
2024.10.30_04-42-21_Riverside_metben,6653,6653,True
2024.10.30_04-42-21_Riverside_metben,6692,6692,True
2024.10.30_04-42-21_Riverside_metben,6697,6697,True
2024.10.30_04-42-21_Riverside_metben,6701,6701,True
2024.10.30_04-42-21_Riverside_metben,6705,6706,True
2024.10.30_04-42-21_Riverside_metben,6710,6710,True
2024.10.30_04-42-21_Riverside_metben,6712,6714,True
2024.10.30_04-42-21_Riverside_metben,6721,6722,True
2024.10.30_04-42-21_Riverside_metben,6725,6725,True
2024.10.30_04-42-21_Riverside_metben,6728,6729,True
2024.10.30_04-42-21_Riverside_metben,6734,6734,True
2024.10.30_04-42-21_Riverside_metben,6737,6737,True
2024.10.30_04-42-21_Riverside_metben,6740,6741,True
2024.10.30_04-42-21_Riverside_metben,6751,6751,True
2024.10.30_04-42-21_Riverside_metben,6755,6755,True
2024.10.30_04-42-21_Riverside_metben,6759,6759,True
2024.10.30_04-42-21_Riverside_metben,6761,6762,True
2024.10.30_04-42-21_Riverside_metben,6764,6764,True
2024.10.30_04-42-21_Riverside_metben,6767,6768,True
2024.10.30_04-42-21_Riverside_metben,6771,6774,True
2024.10.30_04-42-21_Riverside_metben,6777,6779,True
2024.10.30_04-42-21_Riverside_metben,6782,6784,True
2024.10.30_04-42-21_Riverside_metben,6787,6789,True
2024.10.30_04-42-21_Riverside_metben,6791,6794,True
2024.10.30_04-42-21_Riverside_metben,6796,6797,True
2024.10.30_04-42-21_Riverside_metben,6799,6804,True
2024.10.30_04-42-21_Riverside_metben,6807,6807,True
2024.10.30_04-42-21_Riverside_metben,6810,6810,True
2024.10.30_04-42-21_Riverside_metben,6812,6813,True
2024.10.30_04-42-21_Riverside_metben,6815,6817,True
2024.10.30_04-42-21_Riverside_metben,6819,7601,True
2024.10.30_04-42-21_Riverside_metben,7694,7932,True
2024.10.30_04-42-21_Riverside_metben,8317,8356,True
2024.10.30_04-42-21_Riverside_metben,8358,8403,True
2024.10.30_04-42-21_Riverside_metben,8406,8410,True
2024.10.30_04-42-21_Riverside_metben,8417,8425,True
2024.10.30_04-42-21_Riverside_metben,8428,8535,True
2024.10.30_04-42-21_Riverside_metben,8537,8614,True
2024.10.30_04-42-21_Riverside_metben,8616,8820,True
2024.10.30_04-42-21_Riverside_metben,8822,8959,True
2024.09.30_10-47-09_Stocago_no_odor,670,687,True
2024.09.30_10-47-09_Stocago_no_odor,689,699,True
2024.09.30_10-47-09_Stocago_no_odor,701,707,True
2024.09.30_10-47-09_Stocago_no_odor,709,714,True
2024.09.30_10-47-09_Stocago_no_odor,716,724,True
2024.09.30_10-47-09_Stocago_no_odor,726,751,True
2024.09.30_10-47-09_Stocago_no_odor,753,758,True
2024.09.30_10-47-09_Stocago_no_odor,762,763,True
2024.09.30_10-47-09_Stocago_no_odor,769,769,True
2024.09.30_10-47-09_Stocago_no_odor,771,774,True
2024.09.30_10-47-09_Stocago_no_odor,776,793,True
2024.09.30_10-47-09_Stocago_no_odor,795,795,True
2024.09.30_10-47-09_Stocago_no_odor,797,801,True
2024.09.30_10-47-09_Stocago_no_odor,803,1183,True
2024.09.30_10-47-09_Stocago_no_odor,1185,1190,True
2024.09.30_10-47-09_Stocago_no_odor,1195,1197,True
2024.09.30_10-47-09_Stocago_no_odor,2027,2061,True
2024.09.30_10-47-09_Stocago_no_odor,2105,2134,True
2024.09.30_10-47-09_Stocago_no_odor,2138,2140,True
2024.09.30_10-47-09_Stocago_no_odor,2149,2159,True
2024.09.30_10-47-09_Stocago_no_odor,2162,2169,True
2024.09.30_10-47-09_Stocago_no_odor,2172,2177,True
2024.09.30_10-47-09_Stocago_no_odor,2189,2206,True
2024.09.30_10-47-09_Stocago_no_odor,2218,2225,True
2024.09.30_10-47-09_Stocago_no_odor,2228,2229,True
2024.09.30_10-47-09_Stocago_no_odor,2232,2233,True
2024.09.30_10-47-09_Stocago_no_odor,2235,2235,True
2024.09.30_10-47-09_Stocago_no_odor,2237,2237,True
2024.09.30_10-47-09_Stocago_no_odor,2239,2242,True
2024.09.30_10-47-09_Stocago_no_odor,2244,2245,True
2024.09.30_10-47-09_Stocago_no_odor,2248,2250,True
2024.09.30_10-47-09_Stocago_no_odor,2252,2255,True
2024.09.30_10-47-09_Stocago_no_odor,2268,2270,True
2024.09.30_10-47-09_Stocago_no_odor,2272,2274,True
2024.09.30_10-47-09_Stocago_no_odor,2282,2283,True
2024.09.30_10-47-09_Stocago_no_odor,2287,2288,True
2024.09.30_10-47-09_Stocago_no_odor,2290,2290,True
2024.09.30_10-47-09_Stocago_no_odor,2308,2308,True
2024.09.30_10-47-09_Stocago_no_odor,2311,2313,True
2024.09.30_10-47-09_Stocago_no_odor,2346,2346,True
2024.09.30_10-47-09_Stocago_no_odor,2391,2402,True
2024.09.30_10-47-09_Stocago_no_odor,2404,2420,True
2024.09.30_10-47-09_Stocago_no_odor,2435,2451,True
2024.09.30_10-47-09_Stocago_no_odor,2592,2877,True
2024.09.30_10-47-09_Stocago_no_odor,3142,3185,True
2024.09.30_10-47-09_Stocago_no_odor,3239,3350,True
2024.09.30_10-47-09_Stocago_no_odor,3906,3926,True
2024.09.30_10-47-09_Stocago_no_odor,4225,4345,True
2024.09.30_10-47-09_Stocago_no_odor,4347,4347,True
2024.09.30_10-47-09_Stocago_no_odor,4369,4396,True
2024.09.30_10-47-09_Stocago_no_odor,4398,4401,True
2024.09.30_10-47-09_Stocago_no_odor,4403,4416,True
2024.09.30_10-47-09_Stocago_no_odor,4419,4423,True
2024.09.30_10-47-09_Stocago_no_odor,4425,4967,True
2024.09.30_10-47-09_Stocago_no_odor,5734,5735,True
2024.09.30_10-47-09_Stocago_no_odor,5738,5738,True
2024.09.30_10-47-09_Stocago_no_odor,5742,6489,True
2024.09.30_10-47-09_Stocago_no_odor,6941,7279,True
2024.09.30_10-47-09_Stocago_no_odor,7334,7401,True
2024.09.30_10-47-09_Stocago_no_odor,7418,7418,True
2024.09.30_10-47-09_Stocago_no_odor,7421,7421,True
2024.09.30_10-47-09_Stocago_no_odor,7423,7423,True
2024.09.30_10-47-09_Stocago_no_odor,7426,7427,True
2024.09.30_10-47-09_Stocago_no_odor,7435,7436,True
2024.09.30_10-47-09_Stocago_no_odor,7438,7470,True
2024.09.30_10-47-09_Stocago_no_odor,7472,7867,True
2024.09.30_10-47-09_Stocago_no_odor,7977,8411,True
2024.10.17_14-37-33_Riverside_prenac,473,827,True
2024.10.17_14-37-33_Riverside_prenac,1297,1710,True
2024.10.17_14-37-33_Riverside_prenac,1750,1958,True
2024.10.17_14-37-33_Riverside_prenac,1960,1990,True
2024.10.17_14-37-33_Riverside_prenac,1992,2015,True
2024.10.17_14-37-33_Riverside_prenac,2017,2027,True
2024.10.17_14-37-33_Riverside_prenac,2029,2048,True
2024.10.17_14-37-33_Riverside_prenac,2050,2053,True
2024.10.17_14-37-33_Riverside_prenac,2055,2055,True
2024.10.17_14-37-33_Riverside_prenac,2058,2058,True
2024.10.17_14-37-33_Riverside_prenac,2067,2067,True
2024.10.17_14-37-33_Riverside_prenac,2073,2073,True
2024.10.17_14-37-33_Riverside_prenac,2078,2078,True
2024.10.17_14-37-33_Riverside_prenac,2080,2084,True
2024.10.17_14-37-33_Riverside_prenac,2086,2087,True
2024.10.17_14-37-33_Riverside_prenac,2111,2266,True
2024.10.17_14-37-33_Riverside_prenac,2268,2268,True
2024.10.17_14-37-33_Riverside_prenac,2271,2273,True
2024.10.17_14-37-33_Riverside_prenac,2757,2757,True
2024.10.17_14-37-33_Riverside_prenac,2759,3826,True
2024.10.17_14-37-33_Riverside_prenac,4719,4753,True
2024.10.17_14-37-33_Riverside_prenac,4776,4776,True
2024.10.17_14-37-33_Riverside_prenac,4778,4780,True
2024.10.17_14-37-33_Riverside_prenac,4782,4836,True
2024.10.17_14-37-33_Riverside_prenac,4931,4965,True
2024.10.17_14-37-33_Riverside_prenac,5169,5169,True
2024.10.17_14-37-33_Riverside_prenac,5178,5222,True
2024.10.17_14-37-33_Riverside_prenac,5259,5371,True
2024.10.17_14-37-33_Riverside_prenac,5381,5382,True
2024.10.17_14-37-33_Riverside_prenac,7414,7425,True
2024.10.17_14-37-33_Riverside_prenac,7427,7618,True
2024.10.17_14-37-33_Riverside_prenac,7620,7650,True
2024.10.17_14-37-33_Riverside_prenac,7661,7661,True
2024.10.17_14-37-33_Riverside_prenac,7664,7665,True
2024.10.17_14-37-33_Riverside_prenac,7671,7671,True
2024.10.17_14-37-33_Riverside_prenac,7700,7705,True
2024.10.17_14-37-33_Riverside_prenac,7709,7710,True
2024.10.17_14-37-33_Riverside_prenac,7712,7713,True
2024.10.17_14-37-33_Riverside_prenac,7715,7718,True
2024.10.17_14-37-33_Riverside_prenac,7721,7721,True
2024.10.17_14-37-33_Riverside_prenac,7736,7738,True
2024.10.17_14-37-33_Riverside_prenac,7771,7771,True
2024.10.25_06-22-34_CantonS_metben,3,1793,True
2024.10.25_06-22-34_CantonS_metben,1801,1804,True
2024.10.25_06-22-34_CantonS_metben,1806,1838,True
2024.10.25_06-22-34_CantonS_metben,1846,1846,True
2024.10.25_06-22-34_CantonS_metben,1848,1854,True
2024.10.25_06-22-34_CantonS_metben,1856,2015,True
2024.10.25_06-22-34_CantonS_metben,2630,2951,True
2024.10.25_06-22-34_CantonS_metben,3286,3290,True
2024.10.25_06-22-34_CantonS_metben,3293,3297,True
2024.10.25_06-22-34_CantonS_metben,3334,3553,True
2024.10.25_06-22-34_CantonS_metben,3585,3597,True
2024.10.25_06-22-34_CantonS_metben,4280,4280,True
2024.10.25_06-22-34_CantonS_metben,4282,4282,True
2024.10.25_06-22-34_CantonS_metben,4284,4284,True
2024.10.25_06-22-34_CantonS_metben,4300,4306,True
2024.10.25_06-22-34_CantonS_metben,4309,4871,True
2024.10.25_06-22-34_CantonS_metben,5006,5010,True
2024.10.25_06-22-34_CantonS_metben,5012,5012,True
2024.10.25_06-22-34_CantonS_metben,5024,5024,True
2024.10.25_06-22-34_CantonS_metben,5047,5047,True
2024.10.25_06-22-34_CantonS_metben,5053,5053,True
2024.10.25_06-22-34_CantonS_metben,5055,5055,True
2024.10.25_06-22-34_CantonS_metben,5060,5060,True
2024.10.25_06-22-34_CantonS_metben,5062,6357,True
2024.12.18_16-13-27_CantonS_metben,1003,1739,True
2024.12.18_16-13-27_CantonS_metben,1742,1742,True
2024.12.18_16-13-27_CantonS_metben,1744,1860,True
2024.12.18_16-13-27_CantonS_metben,1862,3239,True
2024.12.18_16-13-27_CantonS_metben,3241,3675,True
2024.12.18_16-13-27_CantonS_metben,3677,3696,True
2024.12.18_16-13-27_CantonS_metben,3923,3934,True
2024.12.18_16-13-27_CantonS_metben,3937,3943,True
2024.12.18_16-13-27_CantonS_metben,3945,3952,True
2024.12.18_16-13-27_CantonS_metben,5516,6967,True
2024.12.18_16-13-27_CantonS_metben,8273,8999,True
2024.11.01_08-49-17_sto_car_e2hex,2346,2346,True
2024.11.01_08-49-17_sto_car_e2hex,2360,2360,True
2024.11.01_08-49-17_sto_car_e2hex,2367,2370,True
2024.11.01_08-49-17_sto_car_e2hex,2372,2372,True
2024.11.01_08-49-17_sto_car_e2hex,2374,2375,True
2024.11.01_08-49-17_sto_car_e2hex,2377,2378,True
2024.11.01_08-49-17_sto_car_e2hex,2381,2385,True
2024.11.01_08-49-17_sto_car_e2hex,2387,2387,True
2024.11.01_08-49-17_sto_car_e2hex,2389,2391,True
2024.11.01_08-49-17_sto_car_e2hex,2393,2393,True
2024.11.01_08-49-17_sto_car_e2hex,2395,2396,True
2024.11.01_08-49-17_sto_car_e2hex,2398,3779,True
2024.11.01_08-49-17_sto_car_e2hex,4545,4545,True
2024.11.01_08-49-17_sto_car_e2hex,4548,4548,True
2024.11.01_08-49-17_sto_car_e2hex,4551,4551,True
2024.11.01_08-49-17_sto_car_e2hex,4553,5578,True
2024.10.03_15-55-02_Yakuba7_2hex,1645,3550,True
2024.10.03_15-55-02_Yakuba7_2hex,5913,5913,True
2024.10.03_15-55-02_Yakuba7_2hex,6119,6119,True
2024.10.03_15-55-02_Yakuba7_2hex,6121,6121,True
2024.10.03_15-55-02_Yakuba7_2hex,6192,6193,True
2024.10.03_15-55-02_Yakuba7_2hex,6195,6205,True
2024.10.03_15-55-02_Yakuba7_2hex,6207,6208,True
2024.10.03_15-55-02_Yakuba7_2hex,6210,6210,True
2024.10.03_15-55-02_Yakuba7_2hex,6222,6232,True
2024.10.03_15-55-02_Yakuba7_2hex,6234,6234,True
2024.10.03_15-55-02_Yakuba7_2hex,6236,6237,True
2024.10.03_15-55-02_Yakuba7_2hex,6241,6246,True
2024.10.03_15-55-02_Yakuba7_2hex,6413,6413,True
2024.10.03_15-55-02_Yakuba7_2hex,6428,6430,True
2024.10.03_15-55-02_Yakuba7_2hex,6433,6434,True
2024.10.03_15-55-02_Yakuba7_2hex,6436,6436,True
2024.10.03_15-55-02_Yakuba7_2hex,6446,6446,True
2024.10.03_15-55-02_Yakuba7_2hex,6450,6450,True
2024.10.03_15-55-02_Yakuba7_2hex,6454,6454,True
2024.10.03_15-55-02_Yakuba7_2hex,6458,6462,True
2024.10.03_15-55-02_Yakuba7_2hex,6474,6474,True
2024.10.03_15-55-02_Yakuba7_2hex,6483,6483,True
2024.10.03_15-55-02_Yakuba7_2hex,6486,6486,True
2024.10.03_15-55-02_Yakuba7_2hex,6488,6488,True
2024.10.03_15-55-02_Yakuba7_2hex,6495,6495,True
2024.10.03_15-55-02_Yakuba7_2hex,6501,6502,True
2024.10.03_15-55-02_Yakuba7_2hex,6512,6512,True
2024.10.03_15-55-02_Yakuba7_2hex,6514,6514,True
2024.10.03_15-55-02_Yakuba7_2hex,6517,6517,True
2024.10.03_15-55-02_Yakuba7_2hex,6533,6533,True
2024.10.03_15-55-02_Yakuba7_2hex,6539,6540,True
2024.10.03_15-55-02_Yakuba7_2hex,6542,6542,True
2024.10.03_15-55-02_Yakuba7_2hex,6552,6552,True
2024.10.03_15-55-02_Yakuba7_2hex,6554,6557,True
2024.10.03_15-55-02_Yakuba7_2hex,6559,6559,True
2024.10.03_15-55-02_Yakuba7_2hex,6562,6563,True
2024.10.03_15-55-02_Yakuba7_2hex,6586,6586,True
2024.10.03_15-55-02_Yakuba7_2hex,6601,6601,True
2024.10.03_15-55-02_Yakuba7_2hex,6617,6617,True
2024.10.03_15-55-02_Yakuba7_2hex,6631,6632,True
2024.10.03_15-55-02_Yakuba7_2hex,6634,6634,True
2024.10.03_15-55-02_Yakuba7_2hex,6636,6636,True
2024.10.03_15-55-02_Yakuba7_2hex,6640,6640,True
2024.10.03_15-55-02_Yakuba7_2hex,6642,6642,True
2024.10.03_15-55-02_Yakuba7_2hex,6648,6648,True
2024.10.03_15-55-02_Yakuba7_2hex,6653,6654,True
2024.10.03_15-55-02_Yakuba7_2hex,6663,6665,True
2024.10.03_15-55-02_Yakuba7_2hex,6670,6671,True
2024.10.03_15-55-02_Yakuba7_2hex,6673,6677,True
2024.10.03_15-55-02_Yakuba7_2hex,6683,6686,True
2024.10.03_15-55-02_Yakuba7_2hex,6690,6691,True
2024.10.03_15-55-02_Yakuba7_2hex,6699,6701,True
2024.10.03_15-55-02_Yakuba7_2hex,6706,6708,True
2024.10.03_15-55-02_Yakuba7_2hex,6710,6721,True
2024.10.03_15-55-02_Yakuba7_2hex,6726,6727,True
2024.10.03_15-55-02_Yakuba7_2hex,6730,6739,True
2024.10.03_15-55-02_Yakuba7_2hex,6745,6755,True
2024.10.03_15-55-02_Yakuba7_2hex,6757,6758,True
2024.10.03_15-55-02_Yakuba7_2hex,6761,6763,True
2024.10.03_15-55-02_Yakuba7_2hex,6775,6779,True
2024.10.03_15-55-02_Yakuba7_2hex,6806,6806,True
2024.10.03_15-55-02_Yakuba7_2hex,6811,6812,True
2024.10.03_15-55-02_Yakuba7_2hex,6814,6820,True
2024.10.03_15-55-02_Yakuba7_2hex,6822,6822,True
2024.10.03_15-55-02_Yakuba7_2hex,6825,6826,True
2024.10.03_15-55-02_Yakuba7_2hex,6832,6832,True
2024.10.03_15-55-02_Yakuba7_2hex,6836,6837,True
2024.10.03_15-55-02_Yakuba7_2hex,6844,6875,True
2024.10.03_15-55-02_Yakuba7_2hex,6877,6882,True
2024.10.03_15-55-02_Yakuba7_2hex,6899,6900,True
2024.10.03_15-55-02_Yakuba7_2hex,6903,6903,True
2024.10.03_15-55-02_Yakuba7_2hex,6970,6970,True
2024.10.03_15-55-02_Yakuba7_2hex,6978,6986,True
2024.10.03_15-55-02_Yakuba7_2hex,6991,6991,True
2024.10.03_15-55-02_Yakuba7_2hex,6997,6997,True
2024.10.03_15-55-02_Yakuba7_2hex,7004,7005,True
2024.10.03_15-55-02_Yakuba7_2hex,7037,7037,True
2024.10.03_15-55-02_Yakuba7_2hex,7407,7407,True
2024.10.03_15-55-02_Yakuba7_2hex,7425,7426,True
2024.10.03_15-55-02_Yakuba7_2hex,7428,7429,True
2024.10.03_15-55-02_Yakuba7_2hex,7431,7431,True
2024.10.03_15-55-02_Yakuba7_2hex,7434,7435,True
2024.10.03_15-55-02_Yakuba7_2hex,7439,7439,True
2024.10.03_15-55-02_Yakuba7_2hex,7442,7442,True
2024.10.03_15-55-02_Yakuba7_2hex,7444,7444,True
2024.10.03_15-55-02_Yakuba7_2hex,7446,7449,True
2024.10.03_15-55-02_Yakuba7_2hex,7451,7452,True
2024.10.03_15-55-02_Yakuba7_2hex,7459,7459,True
2024.10.03_15-55-02_Yakuba7_2hex,7463,7471,True
2024.10.03_15-55-02_Yakuba7_2hex,7474,7477,True
2024.10.03_15-55-02_Yakuba7_2hex,7480,7480,True
2024.10.03_15-55-02_Yakuba7_2hex,7482,7483,True
2024.10.03_15-55-02_Yakuba7_2hex,7492,7493,True
2024.10.03_15-55-02_Yakuba7_2hex,7495,7496,True
2024.10.03_15-55-02_Yakuba7_2hex,7499,7499,True
2024.10.03_15-55-02_Yakuba7_2hex,7501,7501,True
2024.10.03_15-55-02_Yakuba7_2hex,7508,7508,True
2024.10.03_15-55-02_Yakuba7_2hex,7510,7512,True
2024.10.03_15-55-02_Yakuba7_2hex,7527,7528,True
2024.10.03_15-55-02_Yakuba7_2hex,7530,7531,True
2024.10.03_15-55-02_Yakuba7_2hex,7536,7536,True
2024.10.03_15-55-02_Yakuba7_2hex,7538,7538,True
2024.10.03_15-55-02_Yakuba7_2hex,7544,7544,True
2024.10.03_15-55-02_Yakuba7_2hex,7552,7552,True
2024.10.03_15-55-02_Yakuba7_2hex,7559,7559,True
2024.10.03_15-55-02_Yakuba7_2hex,7565,7566,True
2024.10.03_15-55-02_Yakuba7_2hex,7568,7569,True
2024.10.03_15-55-02_Yakuba7_2hex,7571,7571,True
2024.10.03_15-55-02_Yakuba7_2hex,7580,7580,True
2024.10.03_15-55-02_Yakuba7_2hex,7585,7585,True
2024.10.03_15-55-02_Yakuba7_2hex,7587,7587,True
2024.10.03_15-55-02_Yakuba7_2hex,7592,7592,True
2024.10.03_15-55-02_Yakuba7_2hex,7601,7601,True
2024.10.03_15-55-02_Yakuba7_2hex,7603,7603,True
2024.10.03_15-55-02_Yakuba7_2hex,7605,7607,True
2024.10.03_15-55-02_Yakuba7_2hex,7610,7610,True
2024.10.03_15-55-02_Yakuba7_2hex,7616,7616,True
2024.10.03_15-55-02_Yakuba7_2hex,7628,7629,True
2024.10.03_15-55-02_Yakuba7_2hex,7634,7634,True
2024.10.03_15-55-02_Yakuba7_2hex,7644,7644,True
2024.10.03_15-55-02_Yakuba7_2hex,7662,7663,True
2024.10.03_15-55-02_Yakuba7_2hex,7691,7691,True
2024.10.03_15-55-02_Yakuba7_2hex,7693,7693,True
2024.10.03_15-55-02_Yakuba7_2hex,7704,7704,True
2024.10.03_15-55-02_Yakuba7_2hex,7712,7714,True
2024.10.03_15-55-02_Yakuba7_2hex,7721,7721,True
2024.10.03_15-55-02_Yakuba7_2hex,7725,7726,True
2024.10.03_15-55-02_Yakuba7_2hex,7730,7730,True
2024.10.03_15-55-02_Yakuba7_2hex,7743,7747,True
2024.10.03_15-55-02_Yakuba7_2hex,7757,7758,True
2024.10.03_15-55-02_Yakuba7_2hex,7760,7793,True
2024.10.03_15-55-02_Yakuba7_2hex,7795,7943,True
2024.10.03_15-55-02_Yakuba7_2hex,7945,7946,True
2024.10.03_15-55-02_Yakuba7_2hex,7948,8003,True
2024.10.03_15-55-02_Yakuba7_2hex,8005,8011,True
2024.10.03_15-55-02_Yakuba7_2hex,8013,8015,True
2024.10.03_15-55-02_Yakuba7_2hex,8018,8025,True
2024.10.03_15-55-02_Yakuba7_2hex,8027,8028,True
2024.10.03_15-55-02_Yakuba7_2hex,8030,8033,True
2024.10.03_15-55-02_Yakuba7_2hex,8035,8035,True
2024.10.03_15-55-02_Yakuba7_2hex,8037,8046,True
2024.10.03_15-55-02_Yakuba7_2hex,8048,8051,True
2024.10.03_15-55-02_Yakuba7_2hex,8054,8060,True
2024.10.03_15-55-02_Yakuba7_2hex,8062,8063,True
2024.10.03_15-55-02_Yakuba7_2hex,8065,8068,True
2024.10.03_15-55-02_Yakuba7_2hex,8070,8077,True
2024.10.03_15-55-02_Yakuba7_2hex,8079,8080,True
2024.10.03_15-55-02_Yakuba7_2hex,8082,8084,True
2024.10.03_15-55-02_Yakuba7_2hex,8086,8089,True
2024.10.03_15-55-02_Yakuba7_2hex,8091,8093,True
2024.10.03_15-55-02_Yakuba7_2hex,8095,8472,True
2024.10.01_09-36-42_Yakuba_cameroon_no_odor,203,212,True
2024.10.01_09-36-42_Yakuba_cameroon_no_odor,214,216,True
2024.10.01_09-36-42_Yakuba_cameroon_no_odor,218,243,True
2024.10.01_09-36-42_Yakuba_cameroon_no_odor,267,267,True
2024.10.01_09-36-42_Yakuba_cameroon_no_odor,269,1036,True
2024.10.01_09-36-42_Yakuba_cameroon_no_odor,2063,2071,True
2024.10.01_09-36-42_Yakuba_cameroon_no_odor,2089,4005,True
2024.10.01_09-36-42_Yakuba_cameroon_no_odor,4983,4988,True
2024.10.01_09-36-42_Yakuba_cameroon_no_odor,4990,4991,True
2024.10.01_09-36-42_Yakuba_cameroon_no_odor,5002,6226,True
2024.10.01_09-36-42_Yakuba_cameroon_no_odor,8594,8594,True
2024.10.01_09-36-42_Yakuba_cameroon_no_odor,8596,8999,True
2024.11.04_07-03-37_Biarmipes84_e2hex,3,626,True
2024.11.04_07-03-37_Biarmipes84_e2hex,3345,3347,True
2024.11.04_07-03-37_Biarmipes84_e2hex,3355,3355,True
2024.11.04_07-03-37_Biarmipes84_e2hex,3357,3363,True
2024.11.04_07-03-37_Biarmipes84_e2hex,3365,3366,True
2024.11.04_07-03-37_Biarmipes84_e2hex,3370,3398,True
2024.11.04_07-03-37_Biarmipes84_e2hex,3400,3405,True
2024.11.04_07-03-37_Biarmipes84_e2hex,3407,3426,True
2024.11.04_07-03-37_Biarmipes84_e2hex,3428,3441,True
2024.11.04_07-03-37_Biarmipes84_e2hex,3443,3443,True
2024.11.04_07-03-37_Biarmipes84_e2hex,3445,3445,True
2024.11.04_07-03-37_Biarmipes84_e2hex,3447,3476,True
2024.11.04_07-03-37_Biarmipes84_e2hex,3478,3483,True
2024.11.04_07-03-37_Biarmipes84_e2hex,3485,3496,True
2024.11.04_07-03-37_Biarmipes84_e2hex,3498,3503,True
2024.11.04_07-03-37_Biarmipes84_e2hex,3523,3523,True
2024.11.04_07-03-37_Biarmipes84_e2hex,3564,3564,True
2024.11.04_07-03-37_Biarmipes84_e2hex,3595,3596,True
2024.11.04_07-03-37_Biarmipes84_e2hex,3605,3605,True
2024.11.04_07-03-37_Biarmipes84_e2hex,3614,3615,True
2024.11.04_07-03-37_Biarmipes84_e2hex,3623,3623,True
2024.11.04_07-03-37_Biarmipes84_e2hex,3627,3634,True
2024.11.04_07-03-37_Biarmipes84_e2hex,3636,3638,True
2024.11.04_07-03-37_Biarmipes84_e2hex,3640,3648,True
2024.11.04_07-03-37_Biarmipes84_e2hex,3651,3661,True
2024.11.04_07-03-37_Biarmipes84_e2hex,3663,3672,True
2024.11.04_07-03-37_Biarmipes84_e2hex,3674,3674,True
2024.11.04_07-03-37_Biarmipes84_e2hex,3676,3681,True
2024.11.04_07-03-37_Biarmipes84_e2hex,3683,3688,True
2024.11.04_07-03-37_Biarmipes84_e2hex,3690,3690,True
2024.11.04_07-03-37_Biarmipes84_e2hex,3692,3693,True
2024.11.04_07-03-37_Biarmipes84_e2hex,3695,3695,True
2024.11.04_07-03-37_Biarmipes84_e2hex,3698,3698,True
2024.11.04_07-03-37_Biarmipes84_e2hex,3700,3702,True
2024.11.04_07-03-37_Biarmipes84_e2hex,3705,3705,True
2024.11.04_07-03-37_Biarmipes84_e2hex,3707,3713,True
2024.11.04_07-03-37_Biarmipes84_e2hex,3715,3717,True
2024.11.04_07-03-37_Biarmipes84_e2hex,3720,3722,True
2024.11.04_07-03-37_Biarmipes84_e2hex,3724,3724,True
2024.11.04_07-03-37_Biarmipes84_e2hex,3726,3730,True
2024.11.04_07-03-37_Biarmipes84_e2hex,3733,3735,True
2024.11.04_07-03-37_Biarmipes84_e2hex,3738,3744,True
2024.11.04_07-03-37_Biarmipes84_e2hex,3746,4605,True
2024.11.04_07-03-37_Biarmipes84_e2hex,5537,5540,True
2024.11.04_07-03-37_Biarmipes84_e2hex,5558,5558,True
2024.11.04_07-03-37_Biarmipes84_e2hex,5580,5583,True
2024.11.04_07-03-37_Biarmipes84_e2hex,5585,5592,True
2024.11.04_07-03-37_Biarmipes84_e2hex,5610,5611,True
2024.11.04_07-03-37_Biarmipes84_e2hex,5621,5621,True
2024.11.04_07-03-37_Biarmipes84_e2hex,5641,5641,True
2024.11.04_07-03-37_Biarmipes84_e2hex,5644,5646,True
2024.11.04_07-03-37_Biarmipes84_e2hex,5654,5658,True
2024.11.04_07-03-37_Biarmipes84_e2hex,5660,5660,True
2024.11.04_07-03-37_Biarmipes84_e2hex,5663,5680,True
2024.11.04_07-03-37_Biarmipes84_e2hex,5682,5682,True
2024.11.04_07-03-37_Biarmipes84_e2hex,5687,5700,True
2024.11.04_07-03-37_Biarmipes84_e2hex,5703,5716,True
2024.11.04_07-03-37_Biarmipes84_e2hex,5718,5718,True
2024.11.04_07-03-37_Biarmipes84_e2hex,5720,5720,True
2024.11.04_07-03-37_Biarmipes84_e2hex,5722,5726,True
2024.11.04_07-03-37_Biarmipes84_e2hex,5728,5731,True
2024.11.04_07-03-37_Biarmipes84_e2hex,5733,5733,True
2024.11.04_07-03-37_Biarmipes84_e2hex,5737,5737,True
2024.11.04_07-03-37_Biarmipes84_e2hex,5742,5742,True
2024.11.04_07-03-37_Biarmipes84_e2hex,5745,5749,True
2024.11.04_07-03-37_Biarmipes84_e2hex,5751,5751,True
2024.11.04_07-03-37_Biarmipes84_e2hex,5754,5757,True
2024.11.04_07-03-37_Biarmipes84_e2hex,5759,5762,True
2024.11.04_07-03-37_Biarmipes84_e2hex,5764,5765,True
2024.11.04_07-03-37_Biarmipes84_e2hex,5767,5799,True
2024.11.04_07-03-37_Biarmipes84_e2hex,5803,5804,True
2024.11.04_07-03-37_Biarmipes84_e2hex,5806,5806,True
2024.11.04_07-03-37_Biarmipes84_e2hex,5808,5809,True
2024.11.04_07-03-37_Biarmipes84_e2hex,5819,5841,True
2024.11.04_07-03-37_Biarmipes84_e2hex,5843,5844,True
2024.11.04_07-03-37_Biarmipes84_e2hex,5882,5891,True
2024.11.04_07-03-37_Biarmipes84_e2hex,5979,5989,True
2024.11.04_07-03-37_Biarmipes84_e2hex,5991,6008,True
2024.11.04_07-03-37_Biarmipes84_e2hex,6010,6040,True
2024.11.04_07-03-37_Biarmipes84_e2hex,6048,6262,True
2024.11.04_07-03-37_Biarmipes84_e2hex,6264,8238,True
2024.10.15_12-46-05_sechellia_prenac,1676,1678,True
2024.10.15_12-46-05_sechellia_prenac,1680,1682,True
2024.10.15_12-46-05_sechellia_prenac,1685,1687,True
2024.10.15_12-46-05_sechellia_prenac,1689,1689,True
2024.10.15_12-46-05_sechellia_prenac,1691,1692,True
2024.10.15_12-46-05_sechellia_prenac,1694,1697,True
2024.10.15_12-46-05_sechellia_prenac,1700,1702,True
2024.10.15_12-46-05_sechellia_prenac,1705,1706,True
2024.10.15_12-46-05_sechellia_prenac,1708,1708,True
2024.10.15_12-46-05_sechellia_prenac,1710,1714,True
2024.10.15_12-46-05_sechellia_prenac,1722,1723,True
2024.10.15_12-46-05_sechellia_prenac,1726,1726,True
2024.10.15_12-46-05_sechellia_prenac,1728,1728,True
2024.10.15_12-46-05_sechellia_prenac,1731,1731,True
2024.10.15_12-46-05_sechellia_prenac,1734,1736,True
2024.10.15_12-46-05_sechellia_prenac,1738,1738,True
2024.10.15_12-46-05_sechellia_prenac,1740,1740,True
2024.10.15_12-46-05_sechellia_prenac,1742,1742,True
2024.10.15_12-46-05_sechellia_prenac,1746,1746,True
2024.10.15_12-46-05_sechellia_prenac,1748,1748,True
2024.10.15_12-46-05_sechellia_prenac,1750,1750,True
2024.10.15_12-46-05_sechellia_prenac,1752,1752,True
2024.10.15_12-46-05_sechellia_prenac,1756,1756,True
2024.10.15_12-46-05_sechellia_prenac,1760,1761,True
2024.10.15_12-46-05_sechellia_prenac,1763,1763,True
2024.10.15_12-46-05_sechellia_prenac,1767,1768,True
2024.10.15_12-46-05_sechellia_prenac,1772,1773,True
2024.10.15_12-46-05_sechellia_prenac,1776,1780,True
2024.10.15_12-46-05_sechellia_prenac,1783,1783,True
2024.10.15_12-46-05_sechellia_prenac,1785,1786,True
2024.10.15_12-46-05_sechellia_prenac,1791,1791,True
2024.10.15_12-46-05_sechellia_prenac,1794,1796,True
2024.10.15_12-46-05_sechellia_prenac,1798,1799,True
2024.10.15_12-46-05_sechellia_prenac,1801,1808,True
2024.10.15_12-46-05_sechellia_prenac,1810,1810,True
2024.10.15_12-46-05_sechellia_prenac,1812,1817,True
2024.10.15_12-46-05_sechellia_prenac,1819,1821,True
2024.10.15_12-46-05_sechellia_prenac,1824,1826,True
2024.10.15_12-46-05_sechellia_prenac,1828,1838,True
2024.10.15_12-46-05_sechellia_prenac,1841,1845,True
2024.10.15_12-46-05_sechellia_prenac,1847,1849,True
2024.10.15_12-46-05_sechellia_prenac,1853,1853,True
2024.10.15_12-46-05_sechellia_prenac,1855,1861,True
2024.10.15_12-46-05_sechellia_prenac,1863,1863,True
2024.10.15_12-46-05_sechellia_prenac,1865,1870,True
2024.10.15_12-46-05_sechellia_prenac,1872,1872,True
2024.10.15_12-46-05_sechellia_prenac,1875,1879,True
2024.10.15_12-46-05_sechellia_prenac,1881,1886,True
2024.10.15_12-46-05_sechellia_prenac,1888,1892,True
2024.10.15_12-46-05_sechellia_prenac,1894,1894,True
2024.10.15_12-46-05_sechellia_prenac,1896,1896,True
2024.10.15_12-46-05_sechellia_prenac,1898,1899,True
2024.10.15_12-46-05_sechellia_prenac,1901,1910,True
2024.10.15_12-46-05_sechellia_prenac,1912,1918,True
2024.10.15_12-46-05_sechellia_prenac,1924,1924,True
2024.10.15_12-46-05_sechellia_prenac,1928,1930,True
2024.10.15_12-46-05_sechellia_prenac,1932,1934,True
2024.10.15_12-46-05_sechellia_prenac,1936,1938,True
2024.10.15_12-46-05_sechellia_prenac,1940,1943,True
2024.10.15_12-46-05_sechellia_prenac,1947,1948,True
2024.10.15_12-46-05_sechellia_prenac,1950,1951,True
2024.10.15_12-46-05_sechellia_prenac,1953,1953,True
2024.10.15_12-46-05_sechellia_prenac,1955,1965,True
2024.10.15_12-46-05_sechellia_prenac,1976,1979,True
2024.10.15_12-46-05_sechellia_prenac,1981,1998,True
2024.10.15_12-46-05_sechellia_prenac,2003,2003,True
2024.10.15_12-46-05_sechellia_prenac,2005,2006,True
2024.10.15_12-46-05_sechellia_prenac,2008,2009,True
2024.10.15_12-46-05_sechellia_prenac,2042,2042,True
2024.10.15_12-46-05_sechellia_prenac,2046,2047,True
2024.10.15_12-46-05_sechellia_prenac,2053,2053,True
2024.10.15_12-46-05_sechellia_prenac,2060,2060,True
2024.10.15_12-46-05_sechellia_prenac,2062,2062,True
2024.10.15_12-46-05_sechellia_prenac,2066,2066,True
2024.10.15_12-46-05_sechellia_prenac,2068,2068,True
2024.10.15_12-46-05_sechellia_prenac,2070,2070,True
2024.10.15_12-46-05_sechellia_prenac,2072,2093,True
2024.10.15_12-46-05_sechellia_prenac,2095,2123,True
2024.10.15_12-46-05_sechellia_prenac,2147,2148,True
2024.10.15_12-46-05_sechellia_prenac,2151,2152,True
2024.10.15_12-46-05_sechellia_prenac,2184,2186,True
2024.10.15_12-46-05_sechellia_prenac,2188,2188,True
2024.10.15_12-46-05_sechellia_prenac,2215,2217,True
2024.10.15_12-46-05_sechellia_prenac,2219,2219,True
2024.10.15_12-46-05_sechellia_prenac,2222,2222,True
2024.10.15_12-46-05_sechellia_prenac,2278,2279,True
2024.10.15_12-46-05_sechellia_prenac,2284,2284,True
2024.10.15_12-46-05_sechellia_prenac,2300,2315,True
2024.10.15_12-46-05_sechellia_prenac,2317,2317,True
2024.10.15_12-46-05_sechellia_prenac,2320,2325,True
2024.10.15_12-46-05_sechellia_prenac,2327,2335,True
2024.10.15_12-46-05_sechellia_prenac,2337,2340,True
2024.10.15_12-46-05_sechellia_prenac,2343,2343,True
2024.10.15_12-46-05_sechellia_prenac,2349,2352,True
2024.10.15_12-46-05_sechellia_prenac,2356,2356,True
2024.10.15_12-46-05_sechellia_prenac,2358,2362,True
2024.10.15_12-46-05_sechellia_prenac,2367,2367,True
2024.10.15_12-46-05_sechellia_prenac,2372,2380,True
2024.10.15_12-46-05_sechellia_prenac,2382,2386,True
2024.10.15_12-46-05_sechellia_prenac,2388,2388,True
2024.10.15_12-46-05_sechellia_prenac,2391,2399,True
2024.10.15_12-46-05_sechellia_prenac,2402,2411,True
2024.10.15_12-46-05_sechellia_prenac,2430,2430,True
2024.10.15_12-46-05_sechellia_prenac,2436,2436,True
2024.10.15_12-46-05_sechellia_prenac,2441,2441,True
2024.10.15_12-46-05_sechellia_prenac,2447,2447,True
2024.10.15_12-46-05_sechellia_prenac,2455,2461,True
2024.10.15_12-46-05_sechellia_prenac,2463,2478,True
2024.10.15_12-46-05_sechellia_prenac,2480,2484,True
2024.10.15_12-46-05_sechellia_prenac,2487,2487,True
2024.10.15_12-46-05_sechellia_prenac,2489,2489,True
2024.10.15_12-46-05_sechellia_prenac,2530,2530,True
2024.10.15_12-46-05_sechellia_prenac,2534,2534,True
2024.10.15_12-46-05_sechellia_prenac,2537,2539,True
2024.10.15_12-46-05_sechellia_prenac,2573,2573,True
2024.10.15_12-46-05_sechellia_prenac,2575,2577,True
2024.10.15_12-46-05_sechellia_prenac,2597,2658,True
2024.10.15_12-46-05_sechellia_prenac,2672,2673,True
2024.10.15_12-46-05_sechellia_prenac,2708,2708,True
2024.10.15_12-46-05_sechellia_prenac,2712,2712,True
2024.10.15_12-46-05_sechellia_prenac,2714,2715,True
2024.10.15_12-46-05_sechellia_prenac,2719,2720,True
2024.10.15_12-46-05_sechellia_prenac,2741,2741,True
2024.10.15_12-46-05_sechellia_prenac,2743,2743,True
2024.10.15_12-46-05_sechellia_prenac,2758,2759,True
2024.10.15_12-46-05_sechellia_prenac,2761,2761,True
2024.10.15_12-46-05_sechellia_prenac,2764,2783,True
2024.10.15_12-46-05_sechellia_prenac,2785,2795,True
2024.10.15_12-46-05_sechellia_prenac,2802,2820,True
2024.10.15_12-46-05_sechellia_prenac,2823,2825,True
2024.10.15_12-46-05_sechellia_prenac,2829,2829,True
2024.10.15_12-46-05_sechellia_prenac,2853,2871,True
2024.10.15_12-46-05_sechellia_prenac,2881,2881,True
2024.10.15_12-46-05_sechellia_prenac,2884,2889,True
2024.10.15_12-46-05_sechellia_prenac,2891,2891,True
2024.10.15_12-46-05_sechellia_prenac,2909,2913,True
2024.10.15_12-46-05_sechellia_prenac,2916,2918,True
2024.10.15_12-46-05_sechellia_prenac,2921,2923,True
2024.10.15_12-46-05_sechellia_prenac,2927,2936,True
2024.10.15_12-46-05_sechellia_prenac,2954,2959,True
2024.10.15_12-46-05_sechellia_prenac,2972,2975,True
2024.10.15_12-46-05_sechellia_prenac,2985,2999,True
2024.10.15_12-46-05_sechellia_prenac,3017,3017,True
2024.10.15_12-46-05_sechellia_prenac,3021,3021,True
2024.10.15_12-46-05_sechellia_prenac,3028,3047,True
2024.10.15_12-46-05_sechellia_prenac,3076,3076,True
2024.10.15_12-46-05_sechellia_prenac,3080,3080,True
2024.10.15_12-46-05_sechellia_prenac,3084,3097,True
2024.10.15_12-46-05_sechellia_prenac,3100,3110,True
2024.10.15_12-46-05_sechellia_prenac,3116,3124,True
2024.10.15_12-46-05_sechellia_prenac,3142,3157,True
2024.10.15_12-46-05_sechellia_prenac,3163,3172,True
2024.10.15_12-46-05_sechellia_prenac,3250,3251,True
2024.10.15_12-46-05_sechellia_prenac,3274,3275,True
2024.10.15_12-46-05_sechellia_prenac,3278,3278,True
2024.10.15_12-46-05_sechellia_prenac,3280,3281,True
2024.10.15_12-46-05_sechellia_prenac,3288,3288,True
2024.10.15_12-46-05_sechellia_prenac,3310,3353,True
2024.10.15_12-46-05_sechellia_prenac,3355,3356,True
2024.10.15_12-46-05_sechellia_prenac,3358,3358,True
2024.10.15_12-46-05_sechellia_prenac,3360,3362,True
2024.10.15_12-46-05_sechellia_prenac,3371,3371,True
2024.10.15_12-46-05_sechellia_prenac,3373,3373,True
2024.10.15_12-46-05_sechellia_prenac,3375,3379,True
2024.10.15_12-46-05_sechellia_prenac,3381,3381,True
2024.10.15_12-46-05_sechellia_prenac,3386,3386,True
2024.10.15_12-46-05_sechellia_prenac,3412,3412,True
2024.10.15_12-46-05_sechellia_prenac,3416,3416,True
2024.10.15_12-46-05_sechellia_prenac,3489,3489,True
2024.10.15_12-46-05_sechellia_prenac,3491,3492,True
2024.10.15_12-46-05_sechellia_prenac,3494,3495,True
2024.10.15_12-46-05_sechellia_prenac,3498,3547,True
2024.10.15_12-46-05_sechellia_prenac,3565,3566,True
2024.10.15_12-46-05_sechellia_prenac,3570,3575,True
2024.10.15_12-46-05_sechellia_prenac,3577,3585,True
2024.10.15_12-46-05_sechellia_prenac,3587,3597,True
2024.10.15_12-46-05_sechellia_prenac,3599,3623,True
2024.10.15_12-46-05_sechellia_prenac,3625,3636,True
2024.10.15_12-46-05_sechellia_prenac,3638,3638,True
2024.10.15_12-46-05_sechellia_prenac,3640,3644,True
2024.10.15_12-46-05_sechellia_prenac,3649,3649,True
2024.10.15_12-46-05_sechellia_prenac,3655,3668,True
2024.10.15_12-46-05_sechellia_prenac,3670,3671,True
2024.10.15_12-46-05_sechellia_prenac,3681,3682,True
2024.10.15_12-46-05_sechellia_prenac,3684,3686,True
2024.10.15_12-46-05_sechellia_prenac,3688,3698,True
2024.10.15_12-46-05_sechellia_prenac,3701,3802,True
2024.10.15_12-46-05_sechellia_prenac,3804,4125,True
2024.10.15_12-46-05_sechellia_prenac,4667,4667,True
2024.10.15_12-46-05_sechellia_prenac,4677,4678,True
2024.10.15_12-46-05_sechellia_prenac,4680,4680,True
2024.10.15_12-46-05_sechellia_prenac,4701,4701,True
2024.10.15_12-46-05_sechellia_prenac,4710,4712,True
2024.10.15_12-46-05_sechellia_prenac,4714,4714,True
2024.10.15_12-46-05_sechellia_prenac,4716,4716,True
2024.10.15_12-46-05_sechellia_prenac,4722,4722,True
2024.10.15_12-46-05_sechellia_prenac,4724,4724,True
2024.10.15_12-46-05_sechellia_prenac,4728,4728,True
2024.10.15_12-46-05_sechellia_prenac,4930,4931,True
2024.10.15_12-46-05_sechellia_prenac,4988,4988,True
2024.10.15_12-46-05_sechellia_prenac,5018,5019,True
2024.10.15_12-46-05_sechellia_prenac,5021,5021,True
2024.10.15_12-46-05_sechellia_prenac,5024,5024,True
2024.10.15_12-46-05_sechellia_prenac,5059,5059,True
2024.10.15_12-46-05_sechellia_prenac,5067,5072,True
2024.10.15_12-46-05_sechellia_prenac,5150,5150,True
2024.10.15_12-46-05_sechellia_prenac,5165,5167,True
2024.10.15_12-46-05_sechellia_prenac,5171,5178,True
2024.10.15_12-46-05_sechellia_prenac,5194,5381,True
2024.10.15_12-46-05_sechellia_prenac,5384,5486,True
2024.10.15_12-46-05_sechellia_prenac,5491,5578,True
2024.10.15_12-46-05_sechellia_prenac,5600,5600,True
2024.10.15_12-46-05_sechellia_prenac,5612,5612,True
2024.10.15_12-46-05_sechellia_prenac,5981,5981,True
2024.10.15_12-46-05_sechellia_prenac,5992,5992,True
2024.10.15_12-46-05_sechellia_prenac,5996,6081,True
2024.10.15_12-46-05_sechellia_prenac,6084,6085,True
2024.10.15_12-46-05_sechellia_prenac,6088,6094,True
2024.10.15_12-46-05_sechellia_prenac,6096,6131,True
2024.10.15_12-46-05_sechellia_prenac,6134,6136,True
2024.10.15_12-46-05_sechellia_prenac,6139,6140,True
2024.10.15_12-46-05_sechellia_prenac,6143,6145,True
2024.10.15_12-46-05_sechellia_prenac,6149,6150,True
2024.10.15_12-46-05_sechellia_prenac,6154,6154,True
2024.10.15_12-46-05_sechellia_prenac,6158,6158,True
2024.10.15_12-46-05_sechellia_prenac,6160,6169,True
2024.10.15_12-46-05_sechellia_prenac,6175,6175,True
2024.10.15_12-46-05_sechellia_prenac,6178,6179,True
2024.10.15_12-46-05_sechellia_prenac,6191,6191,True
2024.10.15_12-46-05_sechellia_prenac,6199,6201,True
2024.10.15_12-46-05_sechellia_prenac,6268,6341,True
2024.10.15_12-46-05_sechellia_prenac,6343,6437,True
2024.10.15_12-46-05_sechellia_prenac,6440,6442,True
2024.10.15_12-46-05_sechellia_prenac,6444,6450,True
2024.10.15_12-46-05_sechellia_prenac,6459,6462,True
2024.10.15_12-46-05_sechellia_prenac,6486,6497,True
2024.10.15_12-46-05_sechellia_prenac,6500,6501,True
2024.10.15_12-46-05_sechellia_prenac,6516,6516,True
2024.10.15_12-46-05_sechellia_prenac,6527,6527,True
2024.10.15_12-46-05_sechellia_prenac,6529,6531,True
2024.10.15_12-46-05_sechellia_prenac,6533,6533,True
2024.10.15_12-46-05_sechellia_prenac,6537,6538,True
2024.10.15_12-46-05_sechellia_prenac,6542,6542,True
2024.10.15_12-46-05_sechellia_prenac,6544,6545,True
2024.10.15_12-46-05_sechellia_prenac,6547,6551,True
2024.10.15_12-46-05_sechellia_prenac,6555,6638,True
2024.10.15_12-46-05_sechellia_prenac,6653,6686,True
2024.10.15_12-46-05_sechellia_prenac,6688,6693,True
2024.10.15_12-46-05_sechellia_prenac,6716,6723,True
2024.10.15_12-46-05_sechellia_prenac,6725,6781,True
2024.10.15_12-46-05_sechellia_prenac,6783,6793,True
2024.10.15_12-46-05_sechellia_prenac,6795,6799,True
2024.10.15_12-46-05_sechellia_prenac,6808,6808,True
2024.10.15_12-46-05_sechellia_prenac,6812,6822,True
2024.10.15_12-46-05_sechellia_prenac,6824,6836,True
2024.10.15_12-46-05_sechellia_prenac,6840,6840,True
2024.10.15_12-46-05_sechellia_prenac,6842,6843,True
2024.10.15_12-46-05_sechellia_prenac,6846,6860,True
2024.10.15_12-46-05_sechellia_prenac,6862,6870,True
2024.10.15_12-46-05_sechellia_prenac,6872,6872,True
2024.10.15_12-46-05_sechellia_prenac,6875,6902,True
2024.10.15_12-46-05_sechellia_prenac,6904,6918,True
2024.10.15_12-46-05_sechellia_prenac,6920,6925,True
2024.10.15_12-46-05_sechellia_prenac,6927,6929,True
2024.10.15_12-46-05_sechellia_prenac,6932,6955,True
2024.10.15_12-46-05_sechellia_prenac,6957,6970,True
2024.10.15_12-46-05_sechellia_prenac,6973,6975,True
2024.10.15_12-46-05_sechellia_prenac,6988,6988,True
2024.10.15_12-46-05_sechellia_prenac,7018,7020,True
2024.10.15_12-46-05_sechellia_prenac,7044,7045,True
2024.10.15_12-46-05_sechellia_prenac,7047,7053,True
2024.10.15_12-46-05_sechellia_prenac,7060,7060,True
2024.10.15_12-46-05_sechellia_prenac,7067,7068,True
2024.10.15_12-46-05_sechellia_prenac,7076,7076,True
2024.10.15_12-46-05_sechellia_prenac,7080,7092,True
2024.10.15_12-46-05_sechellia_prenac,7094,7094,True
2024.10.15_12-46-05_sechellia_prenac,7097,7098,True
2024.10.15_12-46-05_sechellia_prenac,7140,7140,True
2024.10.15_12-46-05_sechellia_prenac,7164,7164,True
2024.10.15_12-46-05_sechellia_prenac,7168,7183,True
2024.10.15_12-46-05_sechellia_prenac,7185,7193,True
2024.10.15_12-46-05_sechellia_prenac,7196,7196,True
2024.10.15_12-46-05_sechellia_prenac,7203,7204,True
2024.10.15_12-46-05_sechellia_prenac,7210,7221,True
2024.10.15_12-46-05_sechellia_prenac,7223,7223,True
2024.10.15_12-46-05_sechellia_prenac,7228,7228,True
2024.10.15_12-46-05_sechellia_prenac,7230,7232,True
2024.10.15_12-46-05_sechellia_prenac,7255,7255,True
2024.10.15_12-46-05_sechellia_prenac,7257,7257,True
2024.10.15_12-46-05_sechellia_prenac,7263,7263,True
2024.10.15_12-46-05_sechellia_prenac,7290,7298,True
2024.10.15_12-46-05_sechellia_prenac,7329,7330,True
2024.10.15_12-46-05_sechellia_prenac,7333,7333,True
2024.10.15_12-46-05_sechellia_prenac,7358,7358,True
2024.10.15_12-46-05_sechellia_prenac,7362,7362,True
2024.10.15_12-46-05_sechellia_prenac,7365,7365,True
2024.10.15_12-46-05_sechellia_prenac,7432,7433,True
2024.10.15_12-46-05_sechellia_prenac,7438,7440,True
2024.10.15_12-46-05_sechellia_prenac,7444,7445,True
2024.10.15_12-46-05_sechellia_prenac,7448,7449,True
2024.10.15_12-46-05_sechellia_prenac,7451,7453,True
2024.10.15_12-46-05_sechellia_prenac,7455,7456,True
2024.10.15_12-46-05_sechellia_prenac,7458,7460,True
2024.10.15_12-46-05_sechellia_prenac,7463,7488,True
2024.10.15_12-46-05_sechellia_prenac,7496,7519,True
2024.10.15_12-46-05_sechellia_prenac,7521,7521,True
2024.10.15_12-46-05_sechellia_prenac,7523,7530,True
2024.10.15_12-46-05_sechellia_prenac,7532,7536,True
2024.10.15_12-46-05_sechellia_prenac,7542,7545,True
2024.10.15_12-46-05_sechellia_prenac,7548,7548,True
2024.10.15_12-46-05_sechellia_prenac,7559,7560,True
2024.10.15_12-46-05_sechellia_prenac,7562,7574,True
2024.10.15_12-46-05_sechellia_prenac,7576,7580,True
2024.10.15_12-46-05_sechellia_prenac,7596,7596,True
2024.10.15_12-46-05_sechellia_prenac,7613,7613,True
2024.10.15_12-46-05_sechellia_prenac,7616,7623,True
2024.10.15_12-46-05_sechellia_prenac,7629,7630,True
2024.10.15_12-46-05_sechellia_prenac,7632,7645,True
2024.10.15_12-46-05_sechellia_prenac,7647,7648,True
2024.10.15_12-46-05_sechellia_prenac,7651,7651,True
2024.10.15_12-46-05_sechellia_prenac,7654,7656,True
2024.10.15_12-46-05_sechellia_prenac,7659,7660,True
2024.10.15_12-46-05_sechellia_prenac,7662,7701,True
2024.10.15_12-46-05_sechellia_prenac,7703,7727,True
2024.10.15_12-46-05_sechellia_prenac,7729,7737,True
2024.10.15_12-46-05_sechellia_prenac,7739,7750,True
2024.10.15_12-46-05_sechellia_prenac,7752,7755,True
2024.10.15_12-46-05_sechellia_prenac,7757,7758,True
2024.10.15_12-46-05_sechellia_prenac,7862,7862,True
2024.10.15_12-46-05_sechellia_prenac,7864,7866,True
2024.10.15_12-46-05_sechellia_prenac,7870,7870,True
2024.10.15_12-46-05_sechellia_prenac,7888,7890,True
2024.10.15_12-46-05_sechellia_prenac,7892,7894,True
2024.10.15_12-46-05_sechellia_prenac,7898,7904,True
2024.10.15_12-46-05_sechellia_prenac,7906,7911,True
2024.10.15_12-46-05_sechellia_prenac,7913,7928,True
2024.10.15_12-46-05_sechellia_prenac,7930,7932,True
2024.10.15_12-46-05_sechellia_prenac,7941,7942,True
2024.10.15_12-46-05_sechellia_prenac,7945,7948,True
2024.10.15_12-46-05_sechellia_prenac,7951,7951,True
2024.11.25_19-34-49_Biarmipes84_no_odor,3,300,True
2024.11.25_19-34-49_Biarmipes84_no_odor,2541,2542,True
2024.11.25_19-34-49_Biarmipes84_no_odor,2584,2585,True
2024.11.25_19-34-49_Biarmipes84_no_odor,2587,2596,True
2024.11.25_19-34-49_Biarmipes84_no_odor,2598,2598,True
2024.11.25_19-34-49_Biarmipes84_no_odor,2601,2603,True
2024.11.25_19-34-49_Biarmipes84_no_odor,2607,2614,True
2024.11.25_19-34-49_Biarmipes84_no_odor,2616,2616,True
2024.11.25_19-34-49_Biarmipes84_no_odor,2622,2623,True
2024.11.25_19-34-49_Biarmipes84_no_odor,2628,2636,True
2024.11.25_19-34-49_Biarmipes84_no_odor,2638,2644,True
2024.11.25_19-34-49_Biarmipes84_no_odor,2646,2649,True
2024.11.25_19-34-49_Biarmipes84_no_odor,2652,2657,True
2024.11.25_19-34-49_Biarmipes84_no_odor,2659,2661,True
2024.11.25_19-34-49_Biarmipes84_no_odor,2663,2670,True
2024.11.25_19-34-49_Biarmipes84_no_odor,2672,2676,True
2024.11.25_19-34-49_Biarmipes84_no_odor,2678,2678,True
2024.11.25_19-34-49_Biarmipes84_no_odor,2680,2681,True
2024.11.25_19-34-49_Biarmipes84_no_odor,2683,2686,True
2024.11.25_19-34-49_Biarmipes84_no_odor,2690,2690,True
2024.11.25_19-34-49_Biarmipes84_no_odor,2692,2693,True
2024.11.25_19-34-49_Biarmipes84_no_odor,2695,2698,True
2024.11.25_19-34-49_Biarmipes84_no_odor,2700,2701,True
2024.11.25_19-34-49_Biarmipes84_no_odor,2703,2707,True
2024.11.25_19-34-49_Biarmipes84_no_odor,2709,2711,True
2024.11.25_19-34-49_Biarmipes84_no_odor,2713,2714,True
2024.11.25_19-34-49_Biarmipes84_no_odor,2718,2718,True
2024.11.25_19-34-49_Biarmipes84_no_odor,2720,2721,True
2024.11.25_19-34-49_Biarmipes84_no_odor,2723,2730,True
2024.11.25_19-34-49_Biarmipes84_no_odor,2737,2738,True
2024.11.25_19-34-49_Biarmipes84_no_odor,2745,2745,True
2024.11.25_19-34-49_Biarmipes84_no_odor,2748,2750,True
2024.11.25_19-34-49_Biarmipes84_no_odor,2752,2753,True
2024.11.25_19-34-49_Biarmipes84_no_odor,2755,2755,True
2024.11.25_19-34-49_Biarmipes84_no_odor,2757,2757,True
2024.11.25_19-34-49_Biarmipes84_no_odor,2762,2763,True
2024.11.25_19-34-49_Biarmipes84_no_odor,2766,2767,True
2024.11.25_19-34-49_Biarmipes84_no_odor,2769,2770,True
2024.11.25_19-34-49_Biarmipes84_no_odor,2772,2773,True
2024.11.25_19-34-49_Biarmipes84_no_odor,2775,2776,True
2024.11.25_19-34-49_Biarmipes84_no_odor,2779,2779,True
2024.11.25_19-34-49_Biarmipes84_no_odor,2782,2782,True
2024.11.25_19-34-49_Biarmipes84_no_odor,2786,2789,True
2024.11.25_19-34-49_Biarmipes84_no_odor,2791,2791,True
2024.11.25_19-34-49_Biarmipes84_no_odor,2793,2796,True
2024.11.25_19-34-49_Biarmipes84_no_odor,2798,2798,True
2024.11.25_19-34-49_Biarmipes84_no_odor,2800,2801,True
2024.11.25_19-34-49_Biarmipes84_no_odor,2807,2807,True
2024.11.25_19-34-49_Biarmipes84_no_odor,2810,2812,True
2024.11.25_19-34-49_Biarmipes84_no_odor,2816,2817,True
2024.11.25_19-34-49_Biarmipes84_no_odor,2819,2823,True
2024.11.25_19-34-49_Biarmipes84_no_odor,2830,2830,True
2024.11.25_19-34-49_Biarmipes84_no_odor,2832,3286,True
2024.11.25_19-34-49_Biarmipes84_no_odor,3288,3334,True
2024.11.25_19-34-49_Biarmipes84_no_odor,3336,3524,True
2024.11.25_19-34-49_Biarmipes84_no_odor,3578,3595,True
2024.11.25_19-34-49_Biarmipes84_no_odor,3597,3632,True
2024.11.25_19-34-49_Biarmipes84_no_odor,3634,3643,True
2024.11.25_19-34-49_Biarmipes84_no_odor,3654,3656,True
2024.11.25_19-34-49_Biarmipes84_no_odor,3665,3665,True
2024.11.25_19-34-49_Biarmipes84_no_odor,3667,3668,True
2024.11.25_19-34-49_Biarmipes84_no_odor,3673,3674,True
2024.11.25_19-34-49_Biarmipes84_no_odor,3677,3678,True
2024.11.25_19-34-49_Biarmipes84_no_odor,3681,3681,True
2024.11.25_19-34-49_Biarmipes84_no_odor,3683,3684,True
2024.11.25_19-34-49_Biarmipes84_no_odor,3686,3709,True
2024.11.25_19-34-49_Biarmipes84_no_odor,3711,3723,True
2024.11.25_19-34-49_Biarmipes84_no_odor,3725,3727,True
2024.11.25_19-34-49_Biarmipes84_no_odor,3961,3982,True
2024.11.25_19-34-49_Biarmipes84_no_odor,3984,4002,True
2024.11.25_19-34-49_Biarmipes84_no_odor,4004,4010,True
2024.11.25_19-34-49_Biarmipes84_no_odor,4015,4036,True
2024.11.25_19-34-49_Biarmipes84_no_odor,4038,4040,True
2024.11.25_19-34-49_Biarmipes84_no_odor,4042,4044,True
2024.11.25_19-34-49_Biarmipes84_no_odor,4046,4047,True
2024.11.25_19-34-49_Biarmipes84_no_odor,4049,4065,True
2024.11.25_19-34-49_Biarmipes84_no_odor,4067,4071,True
2024.11.25_19-34-49_Biarmipes84_no_odor,4073,4080,True
2024.11.25_19-34-49_Biarmipes84_no_odor,4082,4087,True
2024.11.25_19-34-49_Biarmipes84_no_odor,4089,4097,True
2024.11.25_19-34-49_Biarmipes84_no_odor,4099,4139,True
2024.11.25_19-34-49_Biarmipes84_no_odor,4144,4147,True
2024.11.25_19-34-49_Biarmipes84_no_odor,4150,4150,True
2024.11.25_19-34-49_Biarmipes84_no_odor,4153,4157,True
2024.11.25_19-34-49_Biarmipes84_no_odor,4159,4161,True
2024.11.25_19-34-49_Biarmipes84_no_odor,4164,4166,True
2024.11.25_19-34-49_Biarmipes84_no_odor,4171,4181,True
2024.11.25_19-34-49_Biarmipes84_no_odor,4183,4185,True
2024.11.25_19-34-49_Biarmipes84_no_odor,4187,4187,True
2024.11.25_19-34-49_Biarmipes84_no_odor,4189,4284,True
2024.11.25_19-34-49_Biarmipes84_no_odor,4286,4293,True
2024.11.25_19-34-49_Biarmipes84_no_odor,4295,4305,True
2024.11.25_19-34-49_Biarmipes84_no_odor,4307,4313,True
2024.11.25_19-34-49_Biarmipes84_no_odor,4315,4323,True
2024.11.25_19-34-49_Biarmipes84_no_odor,4325,4325,True
2024.11.25_19-34-49_Biarmipes84_no_odor,4327,4328,True
2024.11.25_19-34-49_Biarmipes84_no_odor,4330,4340,True
2024.11.25_19-34-49_Biarmipes84_no_odor,4342,4344,True
2024.11.25_19-34-49_Biarmipes84_no_odor,4349,4349,True
2024.11.25_19-34-49_Biarmipes84_no_odor,4352,4354,True
2024.11.25_19-34-49_Biarmipes84_no_odor,4358,4360,True
2024.11.25_19-34-49_Biarmipes84_no_odor,4362,4368,True
2024.11.25_19-34-49_Biarmipes84_no_odor,4370,4373,True
2024.11.25_19-34-49_Biarmipes84_no_odor,4375,4384,True
2024.11.25_19-34-49_Biarmipes84_no_odor,4386,4522,True
2024.11.25_19-34-49_Biarmipes84_no_odor,4524,4561,True
2024.11.25_19-34-49_Biarmipes84_no_odor,4563,4582,True
2024.11.25_19-34-49_Biarmipes84_no_odor,4584,4726,True
2024.11.25_19-34-49_Biarmipes84_no_odor,4728,4751,True
2024.11.25_19-34-49_Biarmipes84_no_odor,4753,4766,True
2024.11.25_19-34-49_Biarmipes84_no_odor,4768,4768,True
2024.11.25_19-34-49_Biarmipes84_no_odor,4770,4772,True
2024.11.25_19-34-49_Biarmipes84_no_odor,4774,4788,True
2024.11.25_19-34-49_Biarmipes84_no_odor,4790,4796,True
2024.11.25_19-34-49_Biarmipes84_no_odor,4798,4799,True
2024.11.25_19-34-49_Biarmipes84_no_odor,4801,4807,True
2024.11.25_19-34-49_Biarmipes84_no_odor,4809,4812,True
2024.11.25_19-34-49_Biarmipes84_no_odor,4814,4820,True
2024.11.25_19-34-49_Biarmipes84_no_odor,4823,4829,True
2024.11.25_19-34-49_Biarmipes84_no_odor,4835,4837,True
2024.11.25_19-34-49_Biarmipes84_no_odor,4841,4843,True
2024.11.25_19-34-49_Biarmipes84_no_odor,4846,4847,True
2024.11.25_19-34-49_Biarmipes84_no_odor,4849,4850,True
2024.11.25_19-34-49_Biarmipes84_no_odor,4852,4852,True
2024.11.25_19-34-49_Biarmipes84_no_odor,4854,4854,True
2024.11.25_19-34-49_Biarmipes84_no_odor,4856,4856,True
2024.11.25_19-34-49_Biarmipes84_no_odor,4859,4860,True
2024.11.25_19-34-49_Biarmipes84_no_odor,4862,4867,True
2024.11.25_19-34-49_Biarmipes84_no_odor,4869,4887,True
2024.11.25_19-34-49_Biarmipes84_no_odor,4891,4899,True
2024.11.25_19-34-49_Biarmipes84_no_odor,4902,4904,True
2024.11.25_19-34-49_Biarmipes84_no_odor,4906,4906,True
2024.11.25_19-34-49_Biarmipes84_no_odor,4908,4908,True
2024.11.25_19-34-49_Biarmipes84_no_odor,4915,4916,True
2024.11.25_19-34-49_Biarmipes84_no_odor,4918,4918,True
2024.11.25_19-34-49_Biarmipes84_no_odor,4920,4922,True
2024.11.25_19-34-49_Biarmipes84_no_odor,4927,4930,True
2024.11.25_19-34-49_Biarmipes84_no_odor,4932,4932,True
2024.11.25_19-34-49_Biarmipes84_no_odor,4934,4935,True
2024.11.25_19-34-49_Biarmipes84_no_odor,4938,4938,True
2024.11.25_19-34-49_Biarmipes84_no_odor,4940,4940,True
2024.11.25_19-34-49_Biarmipes84_no_odor,4943,4943,True
2024.11.25_19-34-49_Biarmipes84_no_odor,4945,4948,True
2024.11.25_19-34-49_Biarmipes84_no_odor,4951,4960,True
2024.11.25_19-34-49_Biarmipes84_no_odor,4962,4966,True
2024.11.25_19-34-49_Biarmipes84_no_odor,4971,4972,True
2024.11.25_19-34-49_Biarmipes84_no_odor,4974,4976,True
2024.11.25_19-34-49_Biarmipes84_no_odor,4978,4980,True
2024.11.25_19-34-49_Biarmipes84_no_odor,4982,4982,True
2024.11.25_19-34-49_Biarmipes84_no_odor,4984,4984,True
2024.11.25_19-34-49_Biarmipes84_no_odor,4986,4997,True
2024.11.25_19-34-49_Biarmipes84_no_odor,4999,5001,True
2024.11.25_19-34-49_Biarmipes84_no_odor,5003,5017,True
2024.11.25_19-34-49_Biarmipes84_no_odor,5026,5041,True
2024.11.25_19-34-49_Biarmipes84_no_odor,5043,5047,True
2024.11.25_19-34-49_Biarmipes84_no_odor,5055,5058,True
2024.11.25_19-34-49_Biarmipes84_no_odor,5060,5068,True
2024.11.25_19-34-49_Biarmipes84_no_odor,5071,5072,True
2024.11.25_19-34-49_Biarmipes84_no_odor,5074,5090,True
2024.11.25_19-34-49_Biarmipes84_no_odor,5092,5119,True
2024.11.25_19-34-49_Biarmipes84_no_odor,5121,5121,True
2024.11.25_19-34-49_Biarmipes84_no_odor,5123,5125,True
2024.11.25_19-34-49_Biarmipes84_no_odor,5127,5133,True
2024.11.25_19-34-49_Biarmipes84_no_odor,5136,5138,True
2024.11.25_19-34-49_Biarmipes84_no_odor,5144,5145,True
2024.11.25_19-34-49_Biarmipes84_no_odor,5147,5158,True
2024.11.25_19-34-49_Biarmipes84_no_odor,5160,5985,True
2024.11.25_19-34-49_Biarmipes84_no_odor,6049,6064,True
2024.11.25_19-34-49_Biarmipes84_no_odor,6078,6106,True
2024.11.25_19-34-49_Biarmipes84_no_odor,6108,6186,True
2024.11.25_19-34-49_Biarmipes84_no_odor,6188,6202,True
2024.11.25_19-34-49_Biarmipes84_no_odor,6204,6205,True
2024.11.25_19-34-49_Biarmipes84_no_odor,6207,6216,True
2024.11.25_19-34-49_Biarmipes84_no_odor,6218,6219,True
2024.11.25_19-34-49_Biarmipes84_no_odor,6223,6243,True
2024.11.25_19-34-49_Biarmipes84_no_odor,6245,6245,True
2024.11.25_19-34-49_Biarmipes84_no_odor,6247,6254,True
2024.11.25_19-34-49_Biarmipes84_no_odor,6256,6257,True
2024.11.25_19-34-49_Biarmipes84_no_odor,6259,6259,True
2024.11.25_19-34-49_Biarmipes84_no_odor,6261,6261,True
2024.11.25_19-34-49_Biarmipes84_no_odor,6263,6268,True
2024.11.25_19-34-49_Biarmipes84_no_odor,6270,6278,True
2024.11.25_19-34-49_Biarmipes84_no_odor,6280,6282,True
2024.11.25_19-34-49_Biarmipes84_no_odor,6284,6292,True
2024.11.25_19-34-49_Biarmipes84_no_odor,6294,6302,True
2024.11.25_19-34-49_Biarmipes84_no_odor,6322,6325,True
2024.11.25_19-34-49_Biarmipes84_no_odor,6327,6334,True
2024.11.25_19-34-49_Biarmipes84_no_odor,6370,6378,True
2024.11.25_19-34-49_Biarmipes84_no_odor,6380,6385,True
2024.11.25_19-34-49_Biarmipes84_no_odor,6388,6401,True
2024.11.25_19-34-49_Biarmipes84_no_odor,6427,6432,True
2024.11.25_19-34-49_Biarmipes84_no_odor,6434,6482,True
2024.11.25_19-34-49_Biarmipes84_no_odor,6484,6837,True
2024.11.25_19-34-49_Biarmipes84_no_odor,6943,6943,True
2024.11.25_19-34-49_Biarmipes84_no_odor,6987,6995,True
2024.11.25_19-34-49_Biarmipes84_no_odor,6998,7005,True
2024.11.25_19-34-49_Biarmipes84_no_odor,7007,7051,True
2024.11.25_19-34-49_Biarmipes84_no_odor,7093,7094,True
2024.11.25_19-34-49_Biarmipes84_no_odor,7098,7100,True
2024.11.25_19-34-49_Biarmipes84_no_odor,7256,7285,True
2024.11.04_09-43-40_Sechellia28_e2hex,794,1433,True
2024.11.04_09-43-40_Sechellia28_e2hex,3213,3224,True
2024.11.04_09-43-40_Sechellia28_e2hex,3226,3233,True
2024.11.04_09-43-40_Sechellia28_e2hex,3235,3240,True
2024.11.04_09-43-40_Sechellia28_e2hex,3242,3250,True
2024.11.04_09-43-40_Sechellia28_e2hex,3252,3254,True
2024.11.04_09-43-40_Sechellia28_e2hex,3287,3287,True
2024.11.04_09-43-40_Sechellia28_e2hex,3291,3294,True
2024.11.04_09-43-40_Sechellia28_e2hex,3296,3299,True
2024.11.04_09-43-40_Sechellia28_e2hex,3301,3303,True
2024.11.04_09-43-40_Sechellia28_e2hex,3362,3362,True
2024.11.04_09-43-40_Sechellia28_e2hex,3365,3367,True
2024.11.04_09-43-40_Sechellia28_e2hex,3394,3395,True
2024.11.04_09-43-40_Sechellia28_e2hex,3403,3404,True
2024.11.04_09-43-40_Sechellia28_e2hex,3407,3408,True
2024.11.04_09-43-40_Sechellia28_e2hex,3410,3411,True
2024.11.04_09-43-40_Sechellia28_e2hex,3413,3413,True
2024.11.04_09-43-40_Sechellia28_e2hex,3416,3416,True
2024.11.04_09-43-40_Sechellia28_e2hex,3420,3426,True
2024.11.04_09-43-40_Sechellia28_e2hex,3428,3428,True
2024.11.04_09-43-40_Sechellia28_e2hex,3430,3430,True
2024.11.04_09-43-40_Sechellia28_e2hex,3436,3436,True
2024.11.04_09-43-40_Sechellia28_e2hex,3456,3456,True
2024.11.04_09-43-40_Sechellia28_e2hex,3503,3503,True
2024.11.04_09-43-40_Sechellia28_e2hex,3817,3833,True
2024.11.04_09-43-40_Sechellia28_e2hex,3836,3870,True
2024.11.04_09-43-40_Sechellia28_e2hex,3872,3926,True
2024.11.04_09-43-40_Sechellia28_e2hex,3934,3934,True
2024.11.04_09-43-40_Sechellia28_e2hex,4129,4140,True
2024.11.04_09-43-40_Sechellia28_e2hex,4185,4196,True
2024.11.04_09-43-40_Sechellia28_e2hex,4482,4482,True
2024.11.04_09-43-40_Sechellia28_e2hex,4494,4495,True
2024.11.04_09-43-40_Sechellia28_e2hex,4513,4513,True
2024.11.04_09-43-40_Sechellia28_e2hex,4564,4564,True
2024.11.04_09-43-40_Sechellia28_e2hex,5053,5090,True
2024.11.04_09-43-40_Sechellia28_e2hex,5224,5237,True
2024.11.04_09-43-40_Sechellia28_e2hex,5239,5258,True
2024.11.04_09-43-40_Sechellia28_e2hex,5291,5340,True
2024.11.04_09-43-40_Sechellia28_e2hex,5348,5351,True
2024.11.04_09-43-40_Sechellia28_e2hex,5376,5382,True
2024.11.04_09-43-40_Sechellia28_e2hex,5400,5401,True
2024.11.04_09-43-40_Sechellia28_e2hex,5421,5422,True
2024.11.04_09-43-40_Sechellia28_e2hex,5430,5431,True
2024.11.04_09-43-40_Sechellia28_e2hex,5435,5437,True
2024.11.04_09-43-40_Sechellia28_e2hex,5439,5439,True
2024.11.04_09-43-40_Sechellia28_e2hex,5441,5441,True
2024.11.04_09-43-40_Sechellia28_e2hex,6178,6231,True
2024.11.04_09-43-40_Sechellia28_e2hex,6242,6274,True
2024.11.04_09-43-40_Sechellia28_e2hex,6402,6404,True
2024.11.04_09-43-40_Sechellia28_e2hex,6406,6407,True
2024.11.04_09-43-40_Sechellia28_e2hex,6418,6419,True
2024.11.04_09-43-40_Sechellia28_e2hex,6439,6440,True
2024.11.04_09-43-40_Sechellia28_e2hex,6568,6571,True
2024.11.04_09-43-40_Sechellia28_e2hex,6708,6708,True
2024.11.04_09-43-40_Sechellia28_e2hex,6710,6712,True
2024.11.04_09-43-40_Sechellia28_e2hex,6717,6717,True
2024.11.04_09-43-40_Sechellia28_e2hex,6719,6719,True
2024.11.04_09-43-40_Sechellia28_e2hex,6721,6721,True
2024.11.04_09-43-40_Sechellia28_e2hex,6739,6741,True
2024.11.04_09-43-40_Sechellia28_e2hex,6771,6771,True
2024.11.04_09-43-40_Sechellia28_e2hex,6790,6791,True
2024.11.04_09-43-40_Sechellia28_e2hex,6794,6796,True
2024.11.04_09-43-40_Sechellia28_e2hex,6802,6803,True
2024.11.04_09-43-40_Sechellia28_e2hex,6851,6851,True
2024.11.04_09-43-40_Sechellia28_e2hex,6873,6879,True
2024.11.04_09-43-40_Sechellia28_e2hex,7031,7035,True
2024.11.04_09-43-40_Sechellia28_e2hex,7037,7045,True
2024.11.04_09-43-40_Sechellia28_e2hex,7047,7051,True
2024.11.04_09-43-40_Sechellia28_e2hex,7059,7059,True
2024.11.04_09-43-40_Sechellia28_e2hex,7061,7062,True
2024.11.04_09-43-40_Sechellia28_e2hex,7064,7064,True
2024.11.04_09-43-40_Sechellia28_e2hex,7083,7084,True
2024.11.04_09-43-40_Sechellia28_e2hex,7089,7089,True
2024.11.04_09-43-40_Sechellia28_e2hex,7091,7095,True
2024.11.04_09-43-40_Sechellia28_e2hex,7098,7098,True
2024.11.04_09-43-40_Sechellia28_e2hex,7100,7100,True
2024.11.04_09-43-40_Sechellia28_e2hex,7104,7105,True
2024.11.04_09-43-40_Sechellia28_e2hex,7107,7110,True
2024.11.04_09-43-40_Sechellia28_e2hex,7113,7116,True
2024.11.04_09-43-40_Sechellia28_e2hex,7119,7120,True
2024.11.04_09-43-40_Sechellia28_e2hex,7122,7122,True
2024.11.04_09-43-40_Sechellia28_e2hex,7124,7126,True
2024.11.04_09-43-40_Sechellia28_e2hex,7128,7128,True
2024.11.04_09-43-40_Sechellia28_e2hex,7130,7130,True
2024.11.04_09-43-40_Sechellia28_e2hex,7133,7134,True
2024.11.04_09-43-40_Sechellia28_e2hex,7139,7140,True
2024.11.04_09-43-40_Sechellia28_e2hex,7145,7148,True
2024.11.04_09-43-40_Sechellia28_e2hex,7152,7152,True
2024.11.04_09-43-40_Sechellia28_e2hex,7156,7156,True
2024.11.04_09-43-40_Sechellia28_e2hex,7159,7160,True
2024.11.04_09-43-40_Sechellia28_e2hex,7164,7165,True
2024.11.04_09-43-40_Sechellia28_e2hex,7167,7168,True
2024.11.04_09-43-40_Sechellia28_e2hex,7170,7170,True
2024.11.04_09-43-40_Sechellia28_e2hex,7175,7176,True
2024.11.04_09-43-40_Sechellia28_e2hex,7180,7188,True
2024.11.04_09-43-40_Sechellia28_e2hex,7193,7209,True
2024.11.04_09-43-40_Sechellia28_e2hex,7211,7214,True
2024.11.04_09-43-40_Sechellia28_e2hex,7216,7223,True
2024.11.04_09-43-40_Sechellia28_e2hex,7231,7236,True
2024.11.04_09-43-40_Sechellia28_e2hex,7248,7249,True
2024.11.04_09-43-40_Sechellia28_e2hex,7253,7259,True
2024.11.04_09-43-40_Sechellia28_e2hex,7262,7262,True
2024.11.04_09-43-40_Sechellia28_e2hex,7267,7274,True
2024.11.04_09-43-40_Sechellia28_e2hex,7276,7277,True
2024.11.04_09-43-40_Sechellia28_e2hex,7282,7282,True
2024.11.04_09-43-40_Sechellia28_e2hex,7284,7289,True
2024.11.04_09-43-40_Sechellia28_e2hex,7292,7294,True
2024.11.04_09-43-40_Sechellia28_e2hex,7296,7302,True
2024.11.04_09-43-40_Sechellia28_e2hex,7305,7305,True
2024.11.04_09-43-40_Sechellia28_e2hex,7307,7307,True
2024.11.04_09-43-40_Sechellia28_e2hex,7312,7312,True
2024.11.04_09-43-40_Sechellia28_e2hex,7332,7333,True
2024.11.04_09-43-40_Sechellia28_e2hex,7336,7337,True
2024.11.04_09-43-40_Sechellia28_e2hex,7341,7341,True
2024.11.04_09-43-40_Sechellia28_e2hex,7345,7345,True
2024.11.04_09-43-40_Sechellia28_e2hex,7353,7353,True
2024.11.04_09-43-40_Sechellia28_e2hex,7355,7355,True
2024.11.04_09-43-40_Sechellia28_e2hex,7357,7358,True
2024.11.04_09-43-40_Sechellia28_e2hex,7360,7360,True
2024.11.04_09-43-40_Sechellia28_e2hex,7363,7364,True
2024.11.04_09-43-40_Sechellia28_e2hex,7372,7434,True
2024.11.04_09-43-40_Sechellia28_e2hex,7436,7458,True
2024.11.04_09-43-40_Sechellia28_e2hex,7460,7479,True
2024.11.04_09-43-40_Sechellia28_e2hex,7481,7483,True
2024.11.04_09-43-40_Sechellia28_e2hex,7485,7485,True
2024.11.04_09-43-40_Sechellia28_e2hex,7487,7506,True
2024.11.04_09-43-40_Sechellia28_e2hex,7512,7522,True
2024.11.04_09-43-40_Sechellia28_e2hex,7524,7524,True
2024.11.04_09-43-40_Sechellia28_e2hex,7526,7539,True
2024.11.04_09-43-40_Sechellia28_e2hex,7541,7542,True
2024.11.04_09-43-40_Sechellia28_e2hex,7544,7545,True
2024.11.04_09-43-40_Sechellia28_e2hex,7547,7548,True
2024.11.04_09-43-40_Sechellia28_e2hex,7553,7553,True
2024.11.04_09-43-40_Sechellia28_e2hex,7556,7558,True
2024.11.04_09-43-40_Sechellia28_e2hex,7560,7564,True
2024.11.04_09-43-40_Sechellia28_e2hex,7568,7571,True
2024.11.04_09-43-40_Sechellia28_e2hex,7573,7580,True
2024.11.04_09-43-40_Sechellia28_e2hex,7584,7586,True
2024.11.04_09-43-40_Sechellia28_e2hex,7588,7597,True
2024.11.04_09-43-40_Sechellia28_e2hex,7604,7620,True
2024.11.04_09-43-40_Sechellia28_e2hex,7622,7651,True
2024.11.04_09-43-40_Sechellia28_e2hex,7653,7706,True
2024.11.04_09-43-40_Sechellia28_e2hex,7708,7710,True
2024.11.04_09-43-40_Sechellia28_e2hex,7712,7732,True
2024.11.04_09-43-40_Sechellia28_e2hex,7734,7762,True
2024.11.04_09-43-40_Sechellia28_e2hex,7764,7769,True
2024.11.04_09-43-40_Sechellia28_e2hex,7771,7775,True
2024.11.04_09-43-40_Sechellia28_e2hex,7777,7796,True
2024.11.04_09-43-40_Sechellia28_e2hex,7798,7798,True
2024.10.25_08-18-11_Sussex_metben,834,858,True
2024.10.25_08-18-11_Sussex_metben,957,1050,True
2024.10.25_08-18-11_Sussex_metben,1494,1501,True
2024.10.25_08-18-11_Sussex_metben,1503,1691,True
2024.10.25_08-18-11_Sussex_metben,1693,1694,True
2024.10.25_08-18-11_Sussex_metben,1722,1914,True
2024.10.25_08-18-11_Sussex_metben,2331,2501,True
2024.10.25_08-18-11_Sussex_metben,2936,3038,True
2024.10.25_08-18-11_Sussex_metben,3064,3064,True
2024.10.25_08-18-11_Sussex_metben,3066,3224,True
2024.10.25_08-18-11_Sussex_metben,4593,4693,True
2024.10.25_08-18-11_Sussex_metben,4863,5005,True
2024.10.25_08-18-11_Sussex_metben,5571,5573,True
2024.10.25_08-18-11_Sussex_metben,5575,5575,True
2024.10.25_08-18-11_Sussex_metben,5577,5579,True
2024.10.25_08-18-11_Sussex_metben,5598,5598,True
2024.10.25_08-18-11_Sussex_metben,5615,5615,True
2024.10.25_08-18-11_Sussex_metben,5630,5630,True
2024.10.25_08-18-11_Sussex_metben,5639,5639,True
2024.10.25_08-18-11_Sussex_metben,5641,5641,True
2024.10.25_08-18-11_Sussex_metben,5645,5645,True
2024.10.25_08-18-11_Sussex_metben,5689,5689,True
2024.10.25_08-18-11_Sussex_metben,5698,5698,True
2024.10.25_08-18-11_Sussex_metben,5703,5718,True
2024.10.25_08-18-11_Sussex_metben,5726,5749,True
2024.10.25_08-18-11_Sussex_metben,5751,5758,True
2024.10.25_08-18-11_Sussex_metben,5760,5762,True
2024.10.25_08-18-11_Sussex_metben,5764,5764,True
2024.10.25_08-18-11_Sussex_metben,5766,5766,True
2024.10.25_08-18-11_Sussex_metben,5768,5874,True
2024.10.25_08-18-11_Sussex_metben,5876,7353,True
2024.10.25_08-18-11_Sussex_metben,8782,8783,True
2024.10.25_08-18-11_Sussex_metben,8828,8829,True
2024.10.25_08-18-11_Sussex_metben,8831,8833,True
2024.10.25_08-18-11_Sussex_metben,8835,8836,True
2024.10.25_08-18-11_Sussex_metben,8838,8858,True
2024.10.25_08-18-11_Sussex_metben,8861,8882,True
2024.10.25_08-18-11_Sussex_metben,8884,8892,True
2024.10.25_08-18-11_Sussex_metben,8894,8894,True
2024.10.25_08-18-11_Sussex_metben,8896,8900,True
2024.10.25_08-18-11_Sussex_metben,8902,8916,True
2024.10.18_12-53-39_Sto_car_prenac,859,887,True
2024.10.18_12-53-39_Sto_car_prenac,2067,3577,True
2024.10.18_12-53-39_Sto_car_prenac,7392,7408,True
2024.10.18_12-53-39_Sto_car_prenac,7447,7447,True
2024.10.18_12-53-39_Sto_car_prenac,7532,7533,True
2024.10.18_12-53-39_Sto_car_prenac,7587,7587,True
2024.10.18_12-53-39_Sto_car_prenac,7621,7624,True
2024.10.18_12-53-39_Sto_car_prenac,7631,7634,True
2024.10.18_12-53-39_Sto_car_prenac,7638,7639,True
2024.10.18_12-53-39_Sto_car_prenac,7648,7654,True
2024.10.18_12-53-39_Sto_car_prenac,7657,7658,True
2024.10.18_12-53-39_Sto_car_prenac,7660,7662,True
2024.10.18_12-53-39_Sto_car_prenac,7666,7667,True
2024.10.18_12-53-39_Sto_car_prenac,7683,7685,True
2024.10.18_12-53-39_Sto_car_prenac,7692,7693,True
2024.10.18_12-53-39_Sto_car_prenac,7695,7695,True
2024.10.18_12-53-39_Sto_car_prenac,7697,7698,True
2024.10.18_12-53-39_Sto_car_prenac,7701,7701,True
2024.10.18_12-53-39_Sto_car_prenac,7710,7710,True
2024.10.18_12-53-39_Sto_car_prenac,7717,7717,True
2024.10.18_12-53-39_Sto_car_prenac,7719,7720,True
2024.10.18_12-53-39_Sto_car_prenac,7723,7724,True
2024.10.18_12-53-39_Sto_car_prenac,7726,7726,True
2024.10.18_12-53-39_Sto_car_prenac,7730,7730,True
2024.10.18_12-53-39_Sto_car_prenac,7737,7738,True
2024.10.18_12-53-39_Sto_car_prenac,7742,7744,True
2024.10.18_12-53-39_Sto_car_prenac,7748,7748,True
2024.10.18_12-53-39_Sto_car_prenac,7765,7765,True
2024.10.18_12-53-39_Sto_car_prenac,7775,7775,True
2024.10.18_12-53-39_Sto_car_prenac,7825,7825,True
2024.10.18_12-53-39_Sto_car_prenac,7829,7829,True
2024.10.18_12-53-39_Sto_car_prenac,7846,7847,True
2024.10.18_12-53-39_Sto_car_prenac,7876,7876,True
2024.10.18_12-53-39_Sto_car_prenac,7905,7905,True
2024.10.10_14-06-17_Biarmipes84_1hexanol,3,296,True
2024.10.10_14-06-17_Biarmipes84_1hexanol,298,998,True
2024.10.10_14-06-17_Biarmipes84_1hexanol,1000,1002,True
2024.10.10_14-06-17_Biarmipes84_1hexanol,1004,1004,True
2024.10.10_14-06-17_Biarmipes84_1hexanol,1006,1032,True
2024.10.10_14-06-17_Biarmipes84_1hexanol,1035,1049,True
2024.10.10_14-06-17_Biarmipes84_1hexanol,1052,1076,True
2024.10.10_14-06-17_Biarmipes84_1hexanol,1078,1086,True
2024.10.10_14-06-17_Biarmipes84_1hexanol,1088,1109,True
2024.10.10_14-06-17_Biarmipes84_1hexanol,2261,2261,True
2024.10.10_14-06-17_Biarmipes84_1hexanol,2746,2752,True
2024.10.10_14-06-17_Biarmipes84_1hexanol,2950,2965,True
2024.10.10_14-06-17_Biarmipes84_1hexanol,3006,3024,True
2024.10.10_14-06-17_Biarmipes84_1hexanol,3068,3083,True
2024.10.10_14-06-17_Biarmipes84_1hexanol,3113,3115,True
2024.10.10_14-06-17_Biarmipes84_1hexanol,3124,3578,True
2024.10.10_14-06-17_Biarmipes84_1hexanol,3992,3995,True
2024.10.10_14-06-17_Biarmipes84_1hexanol,4003,4018,True
2024.10.10_14-06-17_Biarmipes84_1hexanol,4269,4827,True
2024.10.10_14-06-17_Biarmipes84_1hexanol,5310,5802,True
2024.10.10_14-06-17_Biarmipes84_1hexanol,6359,6797,True
2024.10.10_14-06-17_Biarmipes84_1hexanol,7566,7804,True
2024.10.10_14-06-17_Biarmipes84_1hexanol,7815,8296,True
2024.10.10_14-06-17_Biarmipes84_1hexanol,8856,8999,True
2024.11.01_04-43-54_CantonS_metben,3356,3356,True
2024.11.01_04-43-54_CantonS_metben,3358,3361,True
2024.11.01_04-43-54_CantonS_metben,3365,3371,True
2024.11.01_04-43-54_CantonS_metben,3373,3448,True
2024.11.01_04-43-54_CantonS_metben,3450,3531,True
2024.11.01_04-43-54_CantonS_metben,3533,3552,True
2024.11.01_04-43-54_CantonS_metben,3554,6413,True
2024.10.15_13-07-17_Sechellia_prenac,1328,1328,True
2024.10.15_13-07-17_Sechellia_prenac,1342,1342,True
2024.10.15_13-07-17_Sechellia_prenac,1355,1356,True
2024.10.15_13-07-17_Sechellia_prenac,1460,1462,True
2024.10.15_13-07-17_Sechellia_prenac,1468,1468,True
2024.10.15_13-07-17_Sechellia_prenac,1484,1485,True
2024.10.15_13-07-17_Sechellia_prenac,1817,3432,True
2024.10.15_13-07-17_Sechellia_prenac,3780,3964,True
2024.10.15_13-07-17_Sechellia_prenac,4790,4795,True
2024.10.15_13-07-17_Sechellia_prenac,4797,4812,True
2024.10.15_13-07-17_Sechellia_prenac,4854,4859,True
2024.10.15_13-07-17_Sechellia_prenac,4873,4892,True
2024.10.15_13-07-17_Sechellia_prenac,4894,4902,True
2024.10.15_13-07-17_Sechellia_prenac,4904,4905,True
2024.10.15_13-07-17_Sechellia_prenac,4907,4922,True
2024.10.15_13-07-17_Sechellia_prenac,4959,4960,True
2024.10.15_13-07-17_Sechellia_prenac,4962,4962,True
2024.10.15_13-07-17_Sechellia_prenac,4967,4967,True
2024.10.15_13-07-17_Sechellia_prenac,4975,4975,True
2024.10.15_13-07-17_Sechellia_prenac,5018,5034,True
2024.10.15_13-07-17_Sechellia_prenac,5041,5045,True
2024.10.15_13-07-17_Sechellia_prenac,5049,5049,True
2024.10.15_13-07-17_Sechellia_prenac,5052,5052,True
2024.10.15_13-07-17_Sechellia_prenac,5121,5133,True
2024.10.15_13-07-17_Sechellia_prenac,5135,5136,True
2024.10.15_13-07-17_Sechellia_prenac,5138,5179,True
2024.10.15_13-07-17_Sechellia_prenac,5181,5181,True
2024.10.15_13-07-17_Sechellia_prenac,5185,5185,True
2024.10.15_13-07-17_Sechellia_prenac,5230,5239,True
2024.10.15_13-07-17_Sechellia_prenac,5248,5248,True
2024.10.15_13-07-17_Sechellia_prenac,5250,5261,True
2024.10.15_13-07-17_Sechellia_prenac,5263,5263,True
2024.10.15_13-07-17_Sechellia_prenac,5275,5325,True
2024.10.15_13-07-17_Sechellia_prenac,5327,5464,True
2024.10.15_13-07-17_Sechellia_prenac,5466,5509,True
2024.10.15_13-07-17_Sechellia_prenac,5511,5708,True
2024.10.15_13-07-17_Sechellia_prenac,5710,5717,True
2024.10.15_13-07-17_Sechellia_prenac,5719,5793,True
2024.10.15_13-07-17_Sechellia_prenac,5795,5798,True
2024.10.15_13-07-17_Sechellia_prenac,5800,5800,True
2024.10.15_13-07-17_Sechellia_prenac,5802,7092,True
2024.07.08_12-21-10_Riverside (no odor),3,144,True
2024.07.08_12-21-10_Riverside (no odor),1698,1916,True
2024.07.08_12-21-10_Riverside (no odor),1936,3733,True
2024.07.08_12-21-10_Riverside (no odor),4205,4205,True
2024.07.08_12-21-10_Riverside (no odor),4705,5289,True
2024.07.08_12-21-10_Riverside (no odor),5419,5420,True
2024.07.08_12-21-10_Riverside (no odor),5430,5431,True
2024.07.08_12-21-10_Riverside (no odor),5634,5688,True
2024.07.08_12-21-10_Riverside (no odor),8543,8543,True
2024.07.08_12-21-10_Riverside (no odor),8554,8554,True
2024.07.08_12-21-10_Riverside (no odor),8592,8592,True
2024.07.08_12-21-10_Riverside (no odor),8606,8607,True
2024.07.08_12-21-10_Riverside (no odor),8619,8619,True
2024.07.08_12-21-10_Riverside (no odor),8622,8622,True
2024.07.08_12-21-10_Riverside (no odor),8716,8716,True
2024.07.08_12-21-10_Riverside (no odor),8823,8831,True
2024.07.08_12-21-10_Riverside (no odor),8862,8862,True
2024.07.08_12-21-10_Riverside (no odor),8892,8893,True
2024.07.08_12-21-10_Riverside (no odor),8902,8912,True
2024.07.08_12-21-10_Riverside (no odor),8921,8921,True
2024.07.08_12-21-10_Riverside (no odor),8956,8985,True
2024.10.14_14-26-24_Biarmipes84_1hexanol,3,951,True
2024.10.14_14-26-24_Biarmipes84_1hexanol,1593,2657,True
2024.10.14_14-26-24_Biarmipes84_1hexanol,2660,2724,True
2024.10.14_14-26-24_Biarmipes84_1hexanol,2727,2756,True
2024.10.14_14-26-24_Biarmipes84_1hexanol,2759,3265,True
2024.10.14_14-26-24_Biarmipes84_1hexanol,3267,3324,True
2024.10.14_14-26-24_Biarmipes84_1hexanol,3817,4454,True
2024.10.14_14-26-24_Biarmipes84_1hexanol,4456,4495,True
2024.10.14_14-26-24_Biarmipes84_1hexanol,4498,4639,True
2024.10.14_14-26-24_Biarmipes84_1hexanol,4770,4795,True
2024.10.14_14-26-24_Biarmipes84_1hexanol,5716,5735,True
2024.10.14_14-26-24_Biarmipes84_1hexanol,5788,6676,True
2024.10.14_14-26-24_Biarmipes84_1hexanol,7391,7410,True
2024.10.14_14-26-24_Biarmipes84_1hexanol,7448,7548,True
2024.10.14_14-26-24_Biarmipes84_1hexanol,7627,7642,True
2024.10.14_14-26-24_Biarmipes84_1hexanol,7688,7716,True
2024.10.14_14-26-24_Biarmipes84_1hexanol,7718,8295,True
2024.12.19_15-14-08_Sto_car_no_odor,573,1299,True
2024.12.19_15-14-08_Sto_car_no_odor,1927,2281,True
2024.12.19_15-14-08_Sto_car_no_odor,2283,2366,True
2024.12.19_15-14-08_Sto_car_no_odor,2574,3052,True
2024.12.19_15-14-08_Sto_car_no_odor,6743,6745,True
2024.12.19_15-14-08_Sto_car_no_odor,6763,6763,True
2024.12.19_15-14-08_Sto_car_no_odor,6942,6956,True
2024.12.19_15-14-08_Sto_car_no_odor,6958,6959,True
2024.12.19_15-14-08_Sto_car_no_odor,6962,6966,True
2024.12.19_15-14-08_Sto_car_no_odor,6968,6972,True
2024.12.19_15-14-08_Sto_car_no_odor,6975,6975,True
2024.12.19_15-14-08_Sto_car_no_odor,6977,6982,True
2024.12.19_15-14-08_Sto_car_no_odor,6989,6989,True
2024.12.19_15-14-08_Sto_car_no_odor,6998,7005,True
2024.12.19_15-14-08_Sto_car_no_odor,7007,7020,True
2024.12.19_15-14-08_Sto_car_no_odor,7022,7023,True
2024.12.19_15-14-08_Sto_car_no_odor,7025,7027,True
2024.12.19_15-14-08_Sto_car_no_odor,7029,7075,True
2024.12.19_15-14-08_Sto_car_no_odor,7077,7080,True
2024.12.19_15-14-08_Sto_car_no_odor,7084,7084,True
2024.12.19_15-14-08_Sto_car_no_odor,7086,7093,True
2024.12.19_15-14-08_Sto_car_no_odor,7095,7102,True
2024.12.19_15-14-08_Sto_car_no_odor,7104,7106,True
2024.12.19_15-14-08_Sto_car_no_odor,7108,7114,True
2024.12.19_15-14-08_Sto_car_no_odor,7116,7117,True
2024.12.19_15-14-08_Sto_car_no_odor,7119,7125,True
2024.12.19_15-14-08_Sto_car_no_odor,7127,7136,True
2024.12.19_15-14-08_Sto_car_no_odor,7138,7141,True
2024.12.19_15-14-08_Sto_car_no_odor,7144,7162,True
2024.12.19_15-14-08_Sto_car_no_odor,7164,7164,True
2024.12.19_15-14-08_Sto_car_no_odor,7166,7166,True
2024.12.19_15-14-08_Sto_car_no_odor,7170,7174,True
2024.12.19_15-14-08_Sto_car_no_odor,7176,7176,True
2024.12.19_15-14-08_Sto_car_no_odor,7178,7183,True
2024.12.19_15-14-08_Sto_car_no_odor,7187,7192,True
2024.12.19_15-14-08_Sto_car_no_odor,7195,7197,True
2024.12.19_15-14-08_Sto_car_no_odor,7199,7201,True
2024.12.19_15-14-08_Sto_car_no_odor,7203,7209,True
2024.12.19_15-14-08_Sto_car_no_odor,7212,7213,True
2024.12.19_15-14-08_Sto_car_no_odor,7215,7221,True
2024.12.19_15-14-08_Sto_car_no_odor,7223,8991,True
2024.10.07_14-22-45_Yakuba7_2hexanol,700,1220,True
2024.10.07_14-22-45_Yakuba7_2hexanol,1222,1292,True
2024.10.07_14-22-45_Yakuba7_2hexanol,1294,2359,True
2024.10.07_14-22-45_Yakuba7_2hexanol,4616,4630,True
2024.10.07_14-22-45_Yakuba7_2hexanol,4648,4648,True
2024.10.07_14-22-45_Yakuba7_2hexanol,4651,4651,True
2024.10.07_14-22-45_Yakuba7_2hexanol,4653,4653,True
2024.10.07_14-22-45_Yakuba7_2hexanol,4662,4662,True
2024.10.07_14-22-45_Yakuba7_2hexanol,4664,4664,True
2024.10.07_14-22-45_Yakuba7_2hexanol,4666,4668,True
2024.10.07_14-22-45_Yakuba7_2hexanol,4670,4673,True
2024.10.07_14-22-45_Yakuba7_2hexanol,4675,5938,True
2024.10.07_14-22-45_Yakuba7_2hexanol,5940,7151,True
2024.10.07_14-22-45_Yakuba7_2hexanol,7153,7952,True
2024.10.31_02-01-01_Yakuba_cameroon_metben,1094,2000,True
2024.10.31_02-01-01_Yakuba_cameroon_metben,2002,3400,True
2024.10.31_02-01-01_Yakuba_cameroon_metben,4971,4971,True
2024.10.31_02-01-01_Yakuba_cameroon_metben,4973,4973,True
2024.10.31_02-01-01_Yakuba_cameroon_metben,4980,4980,True
2024.10.31_02-01-01_Yakuba_cameroon_metben,4983,4984,True
2024.10.31_02-01-01_Yakuba_cameroon_metben,4986,6606,True
2024.10.31_02-01-01_Yakuba_cameroon_metben,6866,6914,True
2024.10.14_14-36-32_Biarmipes84_1hexanol,1609,1617,True
2024.10.14_14-36-32_Biarmipes84_1hexanol,1619,1852,True
2024.10.14_14-36-32_Biarmipes84_1hexanol,1854,1864,True
2024.10.14_14-36-32_Biarmipes84_1hexanol,1869,1869,True
2024.10.14_14-36-32_Biarmipes84_1hexanol,1878,1878,True
2024.10.14_14-36-32_Biarmipes84_1hexanol,2146,2146,True
2024.10.14_14-36-32_Biarmipes84_1hexanol,2150,2150,True
2024.10.14_14-36-32_Biarmipes84_1hexanol,2152,2152,True
2024.10.14_14-36-32_Biarmipes84_1hexanol,2155,2169,True
2024.10.14_14-36-32_Biarmipes84_1hexanol,2172,2180,True
2024.10.14_14-36-32_Biarmipes84_1hexanol,2182,2187,True
2024.10.14_14-36-32_Biarmipes84_1hexanol,2189,2206,True
2024.10.14_14-36-32_Biarmipes84_1hexanol,2208,2217,True
2024.10.14_14-36-32_Biarmipes84_1hexanol,2221,2223,True
2024.10.14_14-36-32_Biarmipes84_1hexanol,2226,2228,True
2024.10.14_14-36-32_Biarmipes84_1hexanol,2230,2230,True
2024.10.14_14-36-32_Biarmipes84_1hexanol,2232,2232,True
2024.10.14_14-36-32_Biarmipes84_1hexanol,2237,2238,True
2024.10.14_14-36-32_Biarmipes84_1hexanol,2243,2245,True
2024.10.14_14-36-32_Biarmipes84_1hexanol,2253,2253,True
2024.10.14_14-36-32_Biarmipes84_1hexanol,2309,2310,True
2024.10.14_14-36-32_Biarmipes84_1hexanol,2408,2413,True
2024.10.14_14-36-32_Biarmipes84_1hexanol,2537,2537,True
2024.10.14_14-36-32_Biarmipes84_1hexanol,2542,2542,True
2024.10.14_14-36-32_Biarmipes84_1hexanol,2549,2550,True
2024.10.14_14-36-32_Biarmipes84_1hexanol,2552,2552,True
2024.10.14_14-36-32_Biarmipes84_1hexanol,2554,2554,True
2024.10.14_14-36-32_Biarmipes84_1hexanol,2558,2559,True
2024.10.14_14-36-32_Biarmipes84_1hexanol,2561,2561,True
2024.10.14_14-36-32_Biarmipes84_1hexanol,2563,2563,True
2024.10.14_14-36-32_Biarmipes84_1hexanol,2569,2569,True
2024.10.14_14-36-32_Biarmipes84_1hexanol,2571,2575,True
2024.10.14_14-36-32_Biarmipes84_1hexanol,2578,2596,True
2024.10.14_14-36-32_Biarmipes84_1hexanol,2600,2603,True
2024.10.14_14-36-32_Biarmipes84_1hexanol,2606,2606,True
2024.10.14_14-36-32_Biarmipes84_1hexanol,2610,2610,True
2024.10.14_14-36-32_Biarmipes84_1hexanol,2613,2613,True
2024.10.14_14-36-32_Biarmipes84_1hexanol,2618,2618,True
2024.10.14_14-36-32_Biarmipes84_1hexanol,2621,2621,True
2024.10.14_14-36-32_Biarmipes84_1hexanol,2659,2659,True
2024.10.14_14-36-32_Biarmipes84_1hexanol,2667,2669,True
2024.10.14_14-36-32_Biarmipes84_1hexanol,2674,2677,True
2024.10.14_14-36-32_Biarmipes84_1hexanol,2679,2680,True
2024.10.14_14-36-32_Biarmipes84_1hexanol,2686,2686,True
2024.10.14_14-36-32_Biarmipes84_1hexanol,2690,2691,True
2024.10.14_14-36-32_Biarmipes84_1hexanol,2693,2701,True
2024.10.14_14-36-32_Biarmipes84_1hexanol,2703,2741,True
2024.10.14_14-36-32_Biarmipes84_1hexanol,2743,2835,True
2024.10.14_14-36-32_Biarmipes84_1hexanol,2840,2841,True
2024.10.14_14-36-32_Biarmipes84_1hexanol,2843,2846,True
2024.10.14_14-36-32_Biarmipes84_1hexanol,2848,2849,True
2024.10.14_14-36-32_Biarmipes84_1hexanol,2851,2853,True
2024.10.14_14-36-32_Biarmipes84_1hexanol,2855,2863,True
2024.10.14_14-36-32_Biarmipes84_1hexanol,2865,3694,True
2024.10.14_14-36-32_Biarmipes84_1hexanol,3696,4342,True
2024.10.14_14-36-32_Biarmipes84_1hexanol,4547,4664,True
2024.10.14_14-36-32_Biarmipes84_1hexanol,7176,7197,True
2024.10.14_14-36-32_Biarmipes84_1hexanol,7448,7995,True
2024.10.25_04-15-05_Yakuba7_2hexanol,779,1352,True
2024.10.25_04-15-05_Yakuba7_2hexanol,1571,2793,True
2024.10.25_04-15-05_Yakuba7_2hexanol,4270,4270,True
2024.10.25_04-15-05_Yakuba7_2hexanol,4311,5541,True
2024.10.25_04-15-05_Yakuba7_2hexanol,6503,7006,True
2024.10.25_04-15-05_Yakuba7_2hexanol,7008,7185,True
2024.10.25_04-15-05_Yakuba7_2hexanol,7298,8366,True
2024.11.04_09-55-32_Sechellia28_e2hex,891,1473,True
2024.11.04_09-55-32_Sechellia28_e2hex,2671,2680,True
2024.11.04_09-55-32_Sechellia28_e2hex,4518,4519,True
2024.11.04_09-55-32_Sechellia28_e2hex,5339,5398,True
2024.11.04_09-55-32_Sechellia28_e2hex,5400,5401,True
2024.11.04_09-55-32_Sechellia28_e2hex,5403,5407,True
2024.11.04_09-55-32_Sechellia28_e2hex,5409,5420,True
2024.11.04_09-55-32_Sechellia28_e2hex,5423,5423,True
2024.11.04_09-55-32_Sechellia28_e2hex,5425,5427,True
2024.11.04_09-55-32_Sechellia28_e2hex,5430,5431,True
2024.11.04_09-55-32_Sechellia28_e2hex,5433,5437,True
2024.11.04_09-55-32_Sechellia28_e2hex,5439,5442,True
2024.11.04_09-55-32_Sechellia28_e2hex,5444,5453,True
2024.11.04_09-55-32_Sechellia28_e2hex,5456,5456,True
2024.11.04_09-55-32_Sechellia28_e2hex,5458,5459,True
2024.11.04_09-55-32_Sechellia28_e2hex,5462,5463,True
2024.11.04_09-55-32_Sechellia28_e2hex,5465,5471,True
2024.11.04_09-55-32_Sechellia28_e2hex,5473,5506,True
2024.11.04_09-55-32_Sechellia28_e2hex,5513,5513,True
2024.11.04_09-55-32_Sechellia28_e2hex,5521,5521,True
2024.11.04_09-55-32_Sechellia28_e2hex,5634,5634,True
2024.11.04_09-55-32_Sechellia28_e2hex,5646,5647,True
2024.11.04_09-55-32_Sechellia28_e2hex,5652,5652,True
2024.11.04_09-55-32_Sechellia28_e2hex,5654,5654,True
2024.11.04_09-55-32_Sechellia28_e2hex,5656,5658,True
2024.11.04_09-55-32_Sechellia28_e2hex,5663,5663,True
2024.11.04_09-55-32_Sechellia28_e2hex,5679,5679,True
2024.11.04_09-55-32_Sechellia28_e2hex,5681,5681,True
2024.11.04_09-55-32_Sechellia28_e2hex,5686,5687,True
2024.11.04_09-55-32_Sechellia28_e2hex,5689,5690,True
2024.11.04_09-55-32_Sechellia28_e2hex,5695,5695,True
2024.11.04_09-55-32_Sechellia28_e2hex,5706,5707,True
2024.11.04_09-55-32_Sechellia28_e2hex,5768,5801,True
2024.11.04_09-55-32_Sechellia28_e2hex,6272,6278,True
2024.11.04_09-55-32_Sechellia28_e2hex,6288,6288,True
2024.11.04_09-55-32_Sechellia28_e2hex,6332,6336,True
2024.11.04_09-55-32_Sechellia28_e2hex,6339,6347,True
2024.11.04_09-55-32_Sechellia28_e2hex,6349,6355,True
2024.11.04_09-55-32_Sechellia28_e2hex,6357,6357,True
2024.11.04_09-55-32_Sechellia28_e2hex,6359,7130,True
2024.11.04_09-55-32_Sechellia28_e2hex,7141,7823,True
2024.10.25_06-03-07_Yakuba7_prenac,3,570,True
2024.10.25_06-03-07_Yakuba7_prenac,584,2216,True
2024.10.25_06-03-07_Yakuba7_prenac,5537,5537,True
2024.10.25_06-03-07_Yakuba7_prenac,5567,5567,True
2024.10.25_06-03-07_Yakuba7_prenac,5570,5573,True
2024.10.25_06-03-07_Yakuba7_prenac,5575,5583,True
2024.10.25_06-03-07_Yakuba7_prenac,5585,5596,True
2024.10.25_06-03-07_Yakuba7_prenac,5620,5621,True
2024.10.25_06-03-07_Yakuba7_prenac,5626,5626,True
2024.10.25_06-03-07_Yakuba7_prenac,5631,5631,True
2024.10.25_06-03-07_Yakuba7_prenac,5633,5633,True
2024.10.25_06-03-07_Yakuba7_prenac,5635,5636,True
2024.10.25_06-03-07_Yakuba7_prenac,5639,5639,True
2024.10.25_06-03-07_Yakuba7_prenac,5641,5642,True
2024.10.25_06-03-07_Yakuba7_prenac,5644,5645,True
2024.10.25_06-03-07_Yakuba7_prenac,5649,5649,True
2024.10.25_06-03-07_Yakuba7_prenac,5672,5672,True
2024.10.25_06-03-07_Yakuba7_prenac,5973,5973,True
2024.10.25_06-03-07_Yakuba7_prenac,5983,5984,True
2024.10.25_06-03-07_Yakuba7_prenac,5989,5989,True
2024.10.25_06-03-07_Yakuba7_prenac,5992,5992,True
2024.10.25_06-03-07_Yakuba7_prenac,6058,6059,True
2024.10.25_06-03-07_Yakuba7_prenac,6072,6072,True
2024.10.25_06-03-07_Yakuba7_prenac,6076,6076,True
2024.10.25_06-03-07_Yakuba7_prenac,6084,6084,True
2024.10.25_06-03-07_Yakuba7_prenac,6087,6105,True
2024.10.25_06-03-07_Yakuba7_prenac,6107,6136,True
2024.10.25_06-03-07_Yakuba7_prenac,6138,6160,True
2024.10.25_06-03-07_Yakuba7_prenac,6162,6164,True
2024.10.25_06-03-07_Yakuba7_prenac,6166,6167,True
2024.10.25_06-03-07_Yakuba7_prenac,6169,6172,True
2024.10.25_06-03-07_Yakuba7_prenac,6174,6192,True
2024.10.25_06-03-07_Yakuba7_prenac,6194,6194,True
2024.10.25_06-03-07_Yakuba7_prenac,6197,6200,True
2024.10.25_06-03-07_Yakuba7_prenac,6202,6202,True
2024.10.25_06-03-07_Yakuba7_prenac,6204,6209,True
2024.10.25_06-03-07_Yakuba7_prenac,6211,6211,True
2024.10.25_06-03-07_Yakuba7_prenac,6213,6216,True
2024.10.25_06-03-07_Yakuba7_prenac,6218,6220,True
2024.10.25_06-03-07_Yakuba7_prenac,6222,6252,True
2024.10.25_06-03-07_Yakuba7_prenac,6254,6668,True
2024.10.25_06-03-07_Yakuba7_prenac,6670,7247,True
2024.10.25_06-03-07_Yakuba7_prenac,7897,7897,True
2024.10.25_06-03-07_Yakuba7_prenac,7899,7899,True
2024.10.25_06-03-07_Yakuba7_prenac,8168,8168,True
2024.10.25_06-03-07_Yakuba7_prenac,8170,8170,True
2024.10.25_06-03-07_Yakuba7_prenac,8177,8178,True
2024.10.25_06-03-07_Yakuba7_prenac,8180,8181,True
2024.10.25_06-03-07_Yakuba7_prenac,8184,8207,True
2024.10.25_06-03-07_Yakuba7_prenac,8209,8211,True
2024.10.25_06-03-07_Yakuba7_prenac,8213,8225,True
2024.10.25_06-03-07_Yakuba7_prenac,8227,8252,True
2024.10.25_06-03-07_Yakuba7_prenac,8254,8274,True
2024.10.25_06-03-07_Yakuba7_prenac,8276,8301,True
2024.10.25_06-03-07_Yakuba7_prenac,8303,8318,True
2024.10.25_06-03-07_Yakuba7_prenac,8327,8329,True
2024.10.25_06-03-07_Yakuba7_prenac,8331,8336,True
2024.10.25_06-03-07_Yakuba7_prenac,8338,8338,True
2024.10.25_06-03-07_Yakuba7_prenac,8340,8344,True
2024.10.25_06-03-07_Yakuba7_prenac,8346,8346,True
2024.10.25_06-03-07_Yakuba7_prenac,8348,8348,True
2024.10.25_06-03-07_Yakuba7_prenac,8353,8359,True
2024.10.25_06-03-07_Yakuba7_prenac,8361,8362,True
2024.10.25_06-03-07_Yakuba7_prenac,8364,8368,True
2024.10.25_06-03-07_Yakuba7_prenac,8370,8370,True
2024.10.25_06-03-07_Yakuba7_prenac,8374,8374,True
2024.10.25_06-03-07_Yakuba7_prenac,8377,8379,True
2024.10.25_06-03-07_Yakuba7_prenac,8382,8384,True
2024.10.25_06-03-07_Yakuba7_prenac,8394,8395,True
2024.10.25_06-03-07_Yakuba7_prenac,8397,8397,True
2024.10.25_06-03-07_Yakuba7_prenac,8403,8403,True
2024.10.25_06-03-07_Yakuba7_prenac,8405,8407,True
2024.10.25_06-03-07_Yakuba7_prenac,8410,8412,True
2024.10.25_06-03-07_Yakuba7_prenac,8417,8417,True
2024.10.25_06-03-07_Yakuba7_prenac,8419,8419,True
2024.10.25_06-03-07_Yakuba7_prenac,8421,8421,True
2024.10.25_06-03-07_Yakuba7_prenac,8423,8423,True
2024.10.25_06-03-07_Yakuba7_prenac,8425,8425,True
2024.10.25_06-03-07_Yakuba7_prenac,8434,8434,True
2024.10.25_06-03-07_Yakuba7_prenac,8440,8440,True
2024.10.25_06-03-07_Yakuba7_prenac,8447,8447,True
2024.10.25_06-03-07_Yakuba7_prenac,8459,8459,True
2024.10.25_06-03-07_Yakuba7_prenac,8463,8463,True
2024.10.25_06-03-07_Yakuba7_prenac,8468,8469,True
2024.10.25_06-03-07_Yakuba7_prenac,8479,8479,True
2024.10.25_06-03-07_Yakuba7_prenac,8485,8487,True
2024.10.25_06-03-07_Yakuba7_prenac,8491,8491,True
2024.10.25_06-03-07_Yakuba7_prenac,8498,8498,True
2024.10.25_06-03-07_Yakuba7_prenac,8521,8521,True
2024.10.25_06-03-07_Yakuba7_prenac,8524,8524,True
2024.10.25_06-03-07_Yakuba7_prenac,8527,8527,True
2024.10.25_06-03-07_Yakuba7_prenac,8530,8530,True
2024.10.25_06-03-07_Yakuba7_prenac,8533,8534,True
2024.10.25_06-03-07_Yakuba7_prenac,8548,8548,True
2024.10.25_06-03-07_Yakuba7_prenac,8550,8551,True
2024.10.25_06-03-07_Yakuba7_prenac,8556,8557,True
2024.10.25_06-03-07_Yakuba7_prenac,8559,8559,True
2024.10.25_06-03-07_Yakuba7_prenac,8562,8562,True
2024.10.25_06-03-07_Yakuba7_prenac,8566,8580,True
2024.10.25_06-03-07_Yakuba7_prenac,8582,8586,True
2024.10.25_06-03-07_Yakuba7_prenac,8593,8598,True
2024.10.25_06-03-07_Yakuba7_prenac,8604,8606,True
2024.10.25_06-03-07_Yakuba7_prenac,8612,8612,True
2024.10.25_06-03-07_Yakuba7_prenac,8616,8623,True
2024.10.25_06-03-07_Yakuba7_prenac,8633,8635,True
2024.10.25_06-03-07_Yakuba7_prenac,8637,8637,True
2024.10.25_06-03-07_Yakuba7_prenac,8639,8639,True
2024.10.25_06-03-07_Yakuba7_prenac,8644,8644,True
2024.10.25_06-03-07_Yakuba7_prenac,8646,8646,True
2024.10.25_06-03-07_Yakuba7_prenac,8648,8648,True
2024.07.05_11-33-31_CantonS (no odor),7,7,True
2024.07.05_11-33-31_CantonS (no odor),924,929,True
2024.07.05_11-33-31_CantonS (no odor),931,2473,True
2024.07.05_11-33-31_CantonS (no odor),2476,2478,True
2024.07.05_11-33-31_CantonS (no odor),2484,2484,True
2024.07.05_11-33-31_CantonS (no odor),2489,2489,True
2024.07.05_11-33-31_CantonS (no odor),2509,2509,True
2024.07.05_11-33-31_CantonS (no odor),3104,3104,True
2024.07.05_11-33-31_CantonS (no odor),3146,3756,True
2024.07.05_11-33-31_CantonS (no odor),4677,4677,True
2024.07.05_11-33-31_CantonS (no odor),4816,6370,True
2024.07.05_11-33-31_CantonS (no odor),6414,7270,True
2024.07.05_11-33-31_CantonS (no odor),8827,8827,True
2024.10.31_07-39-16_Biarmipes84_metben,186,1183,True
2024.10.31_07-39-16_Biarmipes84_metben,1186,1194,True
2024.10.31_07-39-16_Biarmipes84_metben,1196,1198,True
2024.10.31_07-39-16_Biarmipes84_metben,1209,1220,True
2024.10.31_07-39-16_Biarmipes84_metben,1222,1238,True
2024.10.31_07-39-16_Biarmipes84_metben,1240,1247,True
2024.10.31_07-39-16_Biarmipes84_metben,1249,1249,True
2024.10.31_07-39-16_Biarmipes84_metben,1251,1258,True
2024.10.31_07-39-16_Biarmipes84_metben,1260,1265,True
2024.10.31_07-39-16_Biarmipes84_metben,1269,1269,True
2024.10.31_07-39-16_Biarmipes84_metben,1278,1278,True
2024.10.31_07-39-16_Biarmipes84_metben,1282,1304,True
2024.10.31_07-39-16_Biarmipes84_metben,2337,2533,True
2024.10.31_07-39-16_Biarmipes84_metben,3241,3346,True
2024.10.31_07-39-16_Biarmipes84_metben,3412,3433,True
2024.10.31_07-39-16_Biarmipes84_metben,3459,4155,True
2024.10.31_07-39-16_Biarmipes84_metben,4157,4180,True
2024.10.31_07-39-16_Biarmipes84_metben,4196,4232,True
2024.10.31_07-39-16_Biarmipes84_metben,4235,4259,True
2024.10.31_07-39-16_Biarmipes84_metben,4446,4453,True
2024.10.31_07-39-16_Biarmipes84_metben,4518,4531,True
2024.10.31_07-39-16_Biarmipes84_metben,4700,4731,True
2024.10.31_07-39-16_Biarmipes84_metben,4755,4795,True
2024.10.31_07-39-16_Biarmipes84_metben,4812,4915,True
2024.10.31_07-39-16_Biarmipes84_metben,4999,5027,True
2024.10.31_07-39-16_Biarmipes84_metben,5031,5061,True
2024.10.31_07-39-16_Biarmipes84_metben,5135,5400,True
2024.10.31_07-39-16_Biarmipes84_metben,5402,5634,True
2024.10.31_07-39-16_Biarmipes84_metben,5638,5655,True
2024.10.31_07-39-16_Biarmipes84_metben,5657,6451,True
2024.10.31_07-39-16_Biarmipes84_metben,7202,7358,True
2024.10.31_07-39-16_Biarmipes84_metben,7360,8225,True
2024.10.31_07-39-16_Biarmipes84_metben,8303,8329,True
2024.10.31_07-39-16_Biarmipes84_metben,8357,8384,True
2024.10.31_07-39-16_Biarmipes84_metben,8401,8457,True
2024.10.31_07-39-16_Biarmipes84_metben,8459,8459,True
2024.10.31_07-39-16_Biarmipes84_metben,8461,8461,True
2024.10.31_07-39-16_Biarmipes84_metben,8670,8732,True
2024.10.31_07-39-16_Biarmipes84_metben,8776,8776,True
2024.10.31_07-39-16_Biarmipes84_metben,8779,8779,True
2024.07.10_12-04-21_Riverside (MetBut),3,1369,True
2024.07.10_12-04-21_Riverside (MetBut),1678,2577,True
2024.07.10_12-04-21_Riverside (MetBut),2608,2608,True
2024.07.10_12-04-21_Riverside (MetBut),2610,2611,True
2024.07.10_12-04-21_Riverside (MetBut),3488,4296,True
2024.07.10_12-04-21_Riverside (MetBut),4360,4405,True
2024.07.10_12-04-21_Riverside (MetBut),4424,4692,True
2024.07.10_12-04-21_Riverside (MetBut),5308,5308,True
2024.07.10_12-04-21_Riverside (MetBut),5310,5310,True
2024.07.10_12-04-21_Riverside (MetBut),5313,5313,True
2024.07.10_12-04-21_Riverside (MetBut),5317,5318,True
2024.07.10_12-04-21_Riverside (MetBut),5321,5321,True
2024.07.10_12-04-21_Riverside (MetBut),5330,5582,True
2024.07.10_12-04-21_Riverside (MetBut),5591,5594,True
2024.07.10_12-04-21_Riverside (MetBut),5608,6713,True
2024.11.04_06-23-57_Stocago_e2hex,723,1573,True
2024.11.04_06-23-57_Stocago_e2hex,2374,2374,True
2024.11.04_06-23-57_Stocago_e2hex,2376,2377,True
2024.11.04_06-23-57_Stocago_e2hex,2384,2385,True
2024.11.04_06-23-57_Stocago_e2hex,2387,2389,True
2024.11.04_06-23-57_Stocago_e2hex,2391,2392,True
2024.11.04_06-23-57_Stocago_e2hex,2394,2396,True
2024.11.04_06-23-57_Stocago_e2hex,2398,2400,True
2024.11.04_06-23-57_Stocago_e2hex,2403,2421,True
2024.11.04_06-23-57_Stocago_e2hex,2423,2737,True
2024.11.04_06-23-57_Stocago_e2hex,5874,5874,True
2024.11.04_06-23-57_Stocago_e2hex,5876,5876,True
2024.11.04_06-23-57_Stocago_e2hex,5886,5886,True
2024.11.04_06-23-57_Stocago_e2hex,5899,5902,True
2024.11.04_06-23-57_Stocago_e2hex,5904,5905,True
2024.11.04_06-23-57_Stocago_e2hex,5907,5908,True
2024.11.04_06-23-57_Stocago_e2hex,5914,5914,True
2024.11.04_06-23-57_Stocago_e2hex,5973,5973,True
2024.11.04_06-23-57_Stocago_e2hex,5975,5975,True
2024.11.04_06-23-57_Stocago_e2hex,5980,5980,True
2024.11.04_06-23-57_Stocago_e2hex,6014,6014,True
2024.11.04_06-23-57_Stocago_e2hex,6031,6031,True
2024.11.04_06-23-57_Stocago_e2hex,6050,6050,True
2024.11.04_06-23-57_Stocago_e2hex,6056,6058,True
2024.11.04_06-23-57_Stocago_e2hex,6072,6072,True
2024.11.04_06-23-57_Stocago_e2hex,6074,6080,True
2024.11.04_06-23-57_Stocago_e2hex,6082,6082,True
2024.11.04_06-23-57_Stocago_e2hex,6084,6085,True
2024.11.04_06-23-57_Stocago_e2hex,6089,6089,True
2024.11.04_06-23-57_Stocago_e2hex,6093,6093,True
2024.11.04_06-23-57_Stocago_e2hex,6097,6097,True
2024.11.04_06-23-57_Stocago_e2hex,6105,6105,True
2024.11.04_06-23-57_Stocago_e2hex,6107,6107,True
2024.11.04_06-23-57_Stocago_e2hex,6116,6117,True
2024.11.04_06-23-57_Stocago_e2hex,6121,6121,True
2024.11.04_06-23-57_Stocago_e2hex,6123,6123,True
2024.11.04_06-23-57_Stocago_e2hex,6132,6132,True
2024.11.04_06-23-57_Stocago_e2hex,6152,6153,True
2024.11.04_06-23-57_Stocago_e2hex,6158,6158,True
2024.11.04_06-23-57_Stocago_e2hex,6161,6161,True
2024.11.04_06-23-57_Stocago_e2hex,6164,6164,True
2024.11.04_06-23-57_Stocago_e2hex,6166,6168,True
2024.11.04_06-23-57_Stocago_e2hex,6177,6177,True
2024.11.04_06-23-57_Stocago_e2hex,6179,6179,True
2024.11.04_06-23-57_Stocago_e2hex,6184,6184,True
2024.11.04_06-23-57_Stocago_e2hex,6191,6193,True
2024.11.04_06-23-57_Stocago_e2hex,6196,6196,True
2024.11.04_06-23-57_Stocago_e2hex,6207,6207,True
2024.11.04_06-23-57_Stocago_e2hex,6242,6242,True
2024.11.04_06-23-57_Stocago_e2hex,6244,6244,True
2024.11.04_06-23-57_Stocago_e2hex,6247,6247,True
2024.11.04_06-23-57_Stocago_e2hex,6283,6283,True
2024.11.04_06-23-57_Stocago_e2hex,6285,6285,True
2024.11.04_06-23-57_Stocago_e2hex,6287,6287,True
2024.11.04_06-23-57_Stocago_e2hex,6314,6314,True
2024.11.04_06-23-57_Stocago_e2hex,6352,6352,True
2024.11.04_06-23-57_Stocago_e2hex,6357,6357,True
2024.11.04_06-23-57_Stocago_e2hex,6364,6366,True
2024.11.04_06-23-57_Stocago_e2hex,6378,6382,True
2024.11.04_06-23-57_Stocago_e2hex,6386,6387,True
2024.11.04_06-23-57_Stocago_e2hex,6391,6391,True
2024.11.04_06-23-57_Stocago_e2hex,6393,6393,True
2024.11.04_06-23-57_Stocago_e2hex,6400,6401,True
2024.11.04_06-23-57_Stocago_e2hex,6403,6403,True
2024.11.04_06-23-57_Stocago_e2hex,6405,6405,True
2024.11.04_06-23-57_Stocago_e2hex,6410,6414,True
2024.11.04_06-23-57_Stocago_e2hex,6417,6422,True
2024.11.04_06-23-57_Stocago_e2hex,6426,6427,True
2024.11.04_06-23-57_Stocago_e2hex,6430,6431,True
2024.11.04_06-23-57_Stocago_e2hex,6434,6437,True
2024.11.04_06-23-57_Stocago_e2hex,6441,6442,True
2024.11.04_06-23-57_Stocago_e2hex,6444,6444,True
2024.11.04_06-23-57_Stocago_e2hex,6451,6451,True
2024.11.04_06-23-57_Stocago_e2hex,6457,6461,True
2024.11.04_06-23-57_Stocago_e2hex,6463,6464,True
2024.11.04_06-23-57_Stocago_e2hex,6467,6468,True
2024.11.04_06-23-57_Stocago_e2hex,6471,6472,True
2024.11.04_06-23-57_Stocago_e2hex,6480,6480,True
2024.11.04_06-23-57_Stocago_e2hex,6489,6494,True
2024.11.04_06-23-57_Stocago_e2hex,6501,6501,True
2024.11.04_06-23-57_Stocago_e2hex,6509,6510,True
2024.11.04_06-23-57_Stocago_e2hex,6515,6516,True
2024.11.04_06-23-57_Stocago_e2hex,6519,6519,True
2024.11.04_06-23-57_Stocago_e2hex,6523,6524,True
2024.11.04_06-23-57_Stocago_e2hex,6531,6541,True
2024.11.04_06-23-57_Stocago_e2hex,6547,6745,True
2024.11.04_06-23-57_Stocago_e2hex,6747,6750,True
2024.11.04_06-23-57_Stocago_e2hex,6752,6752,True
2024.11.04_06-23-57_Stocago_e2hex,6754,6756,True
2024.11.04_06-23-57_Stocago_e2hex,6758,6767,True
2024.11.04_06-23-57_Stocago_e2hex,6770,6771,True
2024.11.04_06-23-57_Stocago_e2hex,6774,6781,True
2024.11.04_06-23-57_Stocago_e2hex,6786,6786,True
2024.11.04_06-23-57_Stocago_e2hex,6789,6789,True
2024.11.04_06-23-57_Stocago_e2hex,6791,6794,True
2024.11.04_06-23-57_Stocago_e2hex,6798,6798,True
2024.11.04_06-23-57_Stocago_e2hex,6801,6808,True
2024.11.04_06-23-57_Stocago_e2hex,6810,6810,True
2024.11.04_06-23-57_Stocago_e2hex,6812,6813,True
2024.11.04_06-23-57_Stocago_e2hex,6817,6817,True
2024.11.04_06-23-57_Stocago_e2hex,6819,6819,True
2024.11.04_06-23-57_Stocago_e2hex,6821,6821,True
2024.11.04_06-23-57_Stocago_e2hex,6823,6823,True
2024.11.04_06-23-57_Stocago_e2hex,6827,6828,True
2024.11.04_06-23-57_Stocago_e2hex,6830,6834,True
2024.11.04_06-23-57_Stocago_e2hex,6836,6837,True
2024.11.04_06-23-57_Stocago_e2hex,6839,6843,True
2024.11.04_06-23-57_Stocago_e2hex,6845,6847,True
2024.11.04_06-23-57_Stocago_e2hex,6849,6849,True
2024.11.04_06-23-57_Stocago_e2hex,6851,6854,True
2024.11.04_06-23-57_Stocago_e2hex,6856,7686,True
2024.11.04_06-23-57_Stocago_e2hex,7963,7973,True
2024.11.04_06-23-57_Stocago_e2hex,8468,8468,True
2024.11.04_06-23-57_Stocago_e2hex,8495,8495,True
2024.11.04_06-23-57_Stocago_e2hex,8499,8499,True
2024.11.04_06-23-57_Stocago_e2hex,8506,8506,True
2024.11.04_06-23-57_Stocago_e2hex,8510,8511,True
2024.11.04_06-23-57_Stocago_e2hex,8514,8518,True
2024.11.04_06-23-57_Stocago_e2hex,8520,8520,True
2024.11.04_06-23-57_Stocago_e2hex,8523,8523,True
2024.11.04_06-23-57_Stocago_e2hex,8530,8530,True
2024.11.04_06-23-57_Stocago_e2hex,8537,8542,True
2024.11.04_06-23-57_Stocago_e2hex,8544,8546,True
2024.11.04_06-23-57_Stocago_e2hex,8549,8549,True
2024.11.04_06-23-57_Stocago_e2hex,8553,8555,True
2024.11.04_06-23-57_Stocago_e2hex,8564,8565,True
2024.10.15_12-51-51_sechellia_prenac,1544,1548,True
2024.10.15_12-51-51_sechellia_prenac,1550,1552,True
2024.10.15_12-51-51_sechellia_prenac,1563,1563,True
2024.10.15_12-51-51_sechellia_prenac,1565,1567,True
2024.10.15_12-51-51_sechellia_prenac,1570,1574,True
2024.10.15_12-51-51_sechellia_prenac,1581,1585,True
2024.10.15_12-51-51_sechellia_prenac,1587,1608,True
2024.10.15_12-51-51_sechellia_prenac,1634,1634,True
2024.10.15_12-51-51_sechellia_prenac,1636,1637,True
2024.10.15_12-51-51_sechellia_prenac,1639,1641,True
2024.10.15_12-51-51_sechellia_prenac,1643,1643,True
2024.10.15_12-51-51_sechellia_prenac,1645,1649,True
2024.10.15_12-51-51_sechellia_prenac,1651,1651,True
2024.10.15_12-51-51_sechellia_prenac,1656,1656,True
2024.10.15_12-51-51_sechellia_prenac,1658,1692,True
2024.10.15_12-51-51_sechellia_prenac,1729,1839,True
2024.10.15_12-51-51_sechellia_prenac,1891,1912,True
2024.10.15_12-51-51_sechellia_prenac,1936,1944,True
2024.10.15_12-51-51_sechellia_prenac,2276,2358,True
2024.10.15_12-51-51_sechellia_prenac,2360,2388,True
2024.10.15_12-51-51_sechellia_prenac,2390,2535,True
2024.10.15_12-51-51_sechellia_prenac,2537,2537,True
2024.10.15_12-51-51_sechellia_prenac,2539,2545,True
2024.10.15_12-51-51_sechellia_prenac,2547,2548,True
2024.10.15_12-51-51_sechellia_prenac,2550,2550,True
2024.10.15_12-51-51_sechellia_prenac,2552,2553,True
2024.10.15_12-51-51_sechellia_prenac,2555,2844,True
2024.10.15_12-51-51_sechellia_prenac,3359,3363,True
2024.10.15_12-51-51_sechellia_prenac,3370,3370,True
2024.10.15_12-51-51_sechellia_prenac,3373,3376,True
2024.10.15_12-51-51_sechellia_prenac,3378,3386,True
2024.10.15_12-51-51_sechellia_prenac,3388,3396,True
2024.10.15_12-51-51_sechellia_prenac,3399,3412,True
2024.10.15_12-51-51_sechellia_prenac,3415,3418,True
2024.10.15_12-51-51_sechellia_prenac,3420,3428,True
2024.10.15_12-51-51_sechellia_prenac,3431,3449,True
2024.10.15_12-51-51_sechellia_prenac,3451,3454,True
2024.10.15_12-51-51_sechellia_prenac,3456,3465,True
2024.10.15_12-51-51_sechellia_prenac,3467,3475,True
2024.10.15_12-51-51_sechellia_prenac,3477,3477,True
2024.10.15_12-51-51_sechellia_prenac,3479,3484,True
2024.10.15_12-51-51_sechellia_prenac,3486,3498,True
2024.10.15_12-51-51_sechellia_prenac,3500,3501,True
2024.10.15_12-51-51_sechellia_prenac,3503,3503,True
2024.10.15_12-51-51_sechellia_prenac,3505,3507,True
2024.10.15_12-51-51_sechellia_prenac,3510,3513,True
2024.10.15_12-51-51_sechellia_prenac,3515,3526,True
2024.10.15_12-51-51_sechellia_prenac,3531,3535,True
2024.10.15_12-51-51_sechellia_prenac,3538,3539,True
2024.10.15_12-51-51_sechellia_prenac,3542,3544,True
2024.10.15_12-51-51_sechellia_prenac,3546,3546,True
2024.10.15_12-51-51_sechellia_prenac,3548,3552,True
2024.10.15_12-51-51_sechellia_prenac,3554,3554,True
2024.10.15_12-51-51_sechellia_prenac,3556,3556,True
2024.10.15_12-51-51_sechellia_prenac,3576,3577,True
2024.10.15_12-51-51_sechellia_prenac,3579,3582,True
2024.10.15_12-51-51_sechellia_prenac,3590,3593,True
2024.10.15_12-51-51_sechellia_prenac,3662,3686,True
2024.10.15_12-51-51_sechellia_prenac,3691,3693,True
2024.10.15_12-51-51_sechellia_prenac,3695,3695,True
2024.10.15_12-51-51_sechellia_prenac,3699,3699,True
2024.10.15_12-51-51_sechellia_prenac,3705,3706,True
2024.10.15_12-51-51_sechellia_prenac,3717,3717,True
2024.10.15_12-51-51_sechellia_prenac,3719,3725,True
2024.10.15_12-51-51_sechellia_prenac,3727,3727,True
2024.10.15_12-51-51_sechellia_prenac,3757,3758,True
2024.10.15_12-51-51_sechellia_prenac,3760,3777,True
2024.10.15_12-51-51_sechellia_prenac,3779,3779,True
2024.10.15_12-51-51_sechellia_prenac,3782,3788,True
2024.10.15_12-51-51_sechellia_prenac,3791,3831,True
2024.10.15_12-51-51_sechellia_prenac,3878,3880,True
2024.10.15_12-51-51_sechellia_prenac,3894,3895,True
2024.10.15_12-51-51_sechellia_prenac,3898,3898,True
2024.10.15_12-51-51_sechellia_prenac,3902,3902,True
2024.10.15_12-51-51_sechellia_prenac,3904,3904,True
2024.10.15_12-51-51_sechellia_prenac,3906,3909,True
2024.10.15_12-51-51_sechellia_prenac,3921,3921,True
2024.10.15_12-51-51_sechellia_prenac,3923,3923,True
2024.10.15_12-51-51_sechellia_prenac,3925,3925,True
2024.10.15_12-51-51_sechellia_prenac,3930,3930,True
2024.10.15_12-51-51_sechellia_prenac,3935,3935,True
2024.10.15_12-51-51_sechellia_prenac,3941,3941,True
2024.10.15_12-51-51_sechellia_prenac,3945,3945,True
2024.10.15_12-51-51_sechellia_prenac,3947,3951,True
2024.10.15_12-51-51_sechellia_prenac,3953,3953,True
2024.10.15_12-51-51_sechellia_prenac,3956,3956,True
2024.10.15_12-51-51_sechellia_prenac,3958,3958,True
2024.10.15_12-51-51_sechellia_prenac,3962,3962,True
2024.10.15_12-51-51_sechellia_prenac,3967,3969,True
2024.10.15_12-51-51_sechellia_prenac,3971,3972,True
2024.10.15_12-51-51_sechellia_prenac,3975,3975,True
2024.10.15_12-51-51_sechellia_prenac,3979,3979,True
2024.10.15_12-51-51_sechellia_prenac,3984,3985,True
2024.10.15_12-51-51_sechellia_prenac,3988,3990,True
2024.10.15_12-51-51_sechellia_prenac,3994,3994,True
2024.10.15_12-51-51_sechellia_prenac,3996,3996,True
2024.10.15_12-51-51_sechellia_prenac,3998,3998,True
2024.10.15_12-51-51_sechellia_prenac,4001,4001,True
2024.10.15_12-51-51_sechellia_prenac,4006,4006,True
2024.10.15_12-51-51_sechellia_prenac,4022,4022,True
2024.10.15_12-51-51_sechellia_prenac,4031,4031,True
2024.10.15_12-51-51_sechellia_prenac,4041,4043,True
2024.10.15_12-51-51_sechellia_prenac,4051,4051,True
2024.10.15_12-51-51_sechellia_prenac,4062,4062,True
2024.10.15_12-51-51_sechellia_prenac,4064,4064,True
2024.10.15_12-51-51_sechellia_prenac,4066,4066,True
2024.10.15_12-51-51_sechellia_prenac,4072,4074,True
2024.10.15_12-51-51_sechellia_prenac,4087,4090,True
2024.10.15_12-51-51_sechellia_prenac,4092,4093,True
2024.10.15_12-51-51_sechellia_prenac,4101,4101,True
2024.10.15_12-51-51_sechellia_prenac,4105,4106,True
2024.10.15_12-51-51_sechellia_prenac,4114,4114,True
2024.10.15_12-51-51_sechellia_prenac,4116,4122,True
2024.10.15_12-51-51_sechellia_prenac,4128,4131,True
2024.10.15_12-51-51_sechellia_prenac,4141,4142,True
2024.10.15_12-51-51_sechellia_prenac,4151,4151,True
2024.10.15_12-51-51_sechellia_prenac,4154,4158,True
2024.10.15_12-51-51_sechellia_prenac,4160,4163,True
2024.10.15_12-51-51_sechellia_prenac,4167,4196,True
2024.10.15_12-51-51_sechellia_prenac,4213,4757,True
2024.10.15_12-51-51_sechellia_prenac,4759,4765,True
2024.10.15_12-51-51_sechellia_prenac,4772,4777,True
2024.10.15_12-51-51_sechellia_prenac,4779,4779,True
2024.10.15_12-51-51_sechellia_prenac,4782,4790,True
2024.10.15_12-51-51_sechellia_prenac,4792,4793,True
2024.10.15_12-51-51_sechellia_prenac,4813,4813,True
2024.10.15_12-51-51_sechellia_prenac,4818,4819,True
2024.10.15_12-51-51_sechellia_prenac,4821,4821,True
2024.10.15_12-51-51_sechellia_prenac,4826,4832,True
2024.10.15_12-51-51_sechellia_prenac,4834,4839,True
2024.10.15_12-51-51_sechellia_prenac,4841,4848,True
2024.10.15_12-51-51_sechellia_prenac,4872,4872,True
2024.10.15_12-51-51_sechellia_prenac,4875,4876,True
2024.10.15_12-51-51_sechellia_prenac,4879,4879,True
2024.10.15_12-51-51_sechellia_prenac,4881,4882,True
2024.10.15_12-51-51_sechellia_prenac,4884,4886,True
2024.10.15_12-51-51_sechellia_prenac,4907,4910,True
2024.10.15_12-51-51_sechellia_prenac,4912,4913,True
2024.10.15_12-51-51_sechellia_prenac,4939,4943,True
2024.10.15_12-51-51_sechellia_prenac,4945,4945,True
2024.10.15_12-51-51_sechellia_prenac,4954,4954,True
2024.10.15_12-51-51_sechellia_prenac,4963,5009,True
2024.10.15_12-51-51_sechellia_prenac,5015,5098,True
2024.10.15_12-51-51_sechellia_prenac,5115,5133,True
2024.10.15_12-51-51_sechellia_prenac,5135,5156,True
2024.10.15_12-51-51_sechellia_prenac,5158,5159,True
2024.10.15_12-51-51_sechellia_prenac,5161,5197,True
2024.10.15_12-51-51_sechellia_prenac,5199,5200,True
2024.10.15_12-51-51_sechellia_prenac,5202,5206,True
2024.10.15_12-51-51_sechellia_prenac,5243,5243,True
2024.10.15_12-51-51_sechellia_prenac,5256,5256,True
2024.10.15_12-51-51_sechellia_prenac,5258,5258,True
2024.10.15_12-51-51_sechellia_prenac,5261,5261,True
2024.10.15_12-51-51_sechellia_prenac,5273,5273,True
2024.10.15_12-51-51_sechellia_prenac,5284,5314,True
2024.10.15_12-51-51_sechellia_prenac,5316,5319,True
2024.10.15_12-51-51_sechellia_prenac,5324,5351,True
2024.10.15_12-51-51_sechellia_prenac,5353,5354,True
2024.10.15_12-51-51_sechellia_prenac,5356,5358,True
2024.10.15_12-51-51_sechellia_prenac,5360,8678,True
2024.10.15_12-51-51_sechellia_prenac,8680,8891,True
2024.10.15_09-04-44_Biarmipes_G224_1hexanol,784,784,True
2024.10.15_09-04-44_Biarmipes_G224_1hexanol,797,849,True
2024.10.15_09-04-44_Biarmipes_G224_1hexanol,1365,1790,True
2024.10.15_09-04-44_Biarmipes_G224_1hexanol,2358,2456,True
2024.10.15_09-04-44_Biarmipes_G224_1hexanol,2460,2460,True
2024.10.15_09-04-44_Biarmipes_G224_1hexanol,2462,2500,True
2024.10.15_09-04-44_Biarmipes_G224_1hexanol,2508,2557,True
2024.10.15_09-04-44_Biarmipes_G224_1hexanol,2559,2573,True
2024.10.15_09-04-44_Biarmipes_G224_1hexanol,2587,2595,True
2024.10.15_09-04-44_Biarmipes_G224_1hexanol,2693,2757,True
2024.10.15_09-04-44_Biarmipes_G224_1hexanol,2765,2765,True
2024.10.15_09-04-44_Biarmipes_G224_1hexanol,2769,2997,True
2024.10.15_09-04-44_Biarmipes_G224_1hexanol,3025,3031,True
2024.10.15_09-04-44_Biarmipes_G224_1hexanol,3043,3043,True
2024.10.15_09-04-44_Biarmipes_G224_1hexanol,3057,3057,True
2024.10.15_09-04-44_Biarmipes_G224_1hexanol,3061,3066,True
2024.10.15_09-04-44_Biarmipes_G224_1hexanol,3069,3072,True
2024.10.15_09-04-44_Biarmipes_G224_1hexanol,3079,3079,True
2024.10.15_09-04-44_Biarmipes_G224_1hexanol,4402,5558,True
2024.10.15_09-04-44_Biarmipes_G224_1hexanol,6404,6468,True
2024.10.15_09-04-44_Biarmipes_G224_1hexanol,6851,6865,True
2024.10.15_09-04-44_Biarmipes_G224_1hexanol,6889,6895,True
2024.10.15_09-04-44_Biarmipes_G224_1hexanol,6898,7226,True
2024.10.15_09-04-44_Biarmipes_G224_1hexanol,7228,7271,True
2024.10.15_09-04-44_Biarmipes_G224_1hexanol,7274,7328,True
2024.10.15_09-04-44_Biarmipes_G224_1hexanol,7333,7347,True
2024.10.15_09-04-44_Biarmipes_G224_1hexanol,7354,7749,True
2024.10.15_09-04-44_Biarmipes_G224_1hexanol,8315,8659,True
2024.10.11_11-57-56_Sto_car_2hexanol,3,69,True
2024.10.11_11-57-56_Sto_car_2hexanol,72,89,True
2024.10.11_11-57-56_Sto_car_2hexanol,98,116,True
2024.10.11_11-57-56_Sto_car_2hexanol,118,118,True
2024.10.11_11-57-56_Sto_car_2hexanol,123,1189,True
2024.10.11_11-57-56_Sto_car_2hexanol,3003,3036,True
2024.10.11_11-57-56_Sto_car_2hexanol,3291,3334,True
2024.10.11_11-57-56_Sto_car_2hexanol,3411,3417,True
2024.10.11_11-57-56_Sto_car_2hexanol,3419,3419,True
2024.10.11_11-57-56_Sto_car_2hexanol,3422,3510,True
2024.10.11_11-57-56_Sto_car_2hexanol,3875,3875,True
2024.10.11_11-57-56_Sto_car_2hexanol,3877,3884,True
2024.10.11_11-57-56_Sto_car_2hexanol,4293,4579,True
2024.10.11_11-57-56_Sto_car_2hexanol,4581,4583,True
2024.10.11_11-57-56_Sto_car_2hexanol,4693,4791,True
2024.10.11_11-57-56_Sto_car_2hexanol,4835,4912,True
2024.10.11_11-57-56_Sto_car_2hexanol,5034,5112,True
2024.10.11_11-57-56_Sto_car_2hexanol,5114,5119,True
2024.10.11_11-57-56_Sto_car_2hexanol,5125,5737,True
2024.10.11_11-57-56_Sto_car_2hexanol,5739,6501,True
2024.10.11_11-57-56_Sto_car_2hexanol,6520,6521,True
2024.10.11_11-57-56_Sto_car_2hexanol,6571,6731,True
2024.10.11_11-57-56_Sto_car_2hexanol,6768,6809,True
2024.10.11_11-57-56_Sto_car_2hexanol,6811,6969,True
2024.10.11_11-57-56_Sto_car_2hexanol,7017,7055,True
2024.10.11_11-57-56_Sto_car_2hexanol,7193,7314,True
2024.10.11_11-57-56_Sto_car_2hexanol,7389,7390,True
2024.10.11_11-57-56_Sto_car_2hexanol,7392,7453,True
2024.10.11_11-57-56_Sto_car_2hexanol,7567,7585,True
2024.10.11_11-57-56_Sto_car_2hexanol,7592,7617,True
2024.10.11_11-57-56_Sto_car_2hexanol,7621,7622,True
2024.10.11_11-57-56_Sto_car_2hexanol,7635,7636,True
2024.10.11_11-57-56_Sto_car_2hexanol,7679,7680,True
2024.10.11_11-57-56_Sto_car_2hexanol,7682,7684,True
2024.10.11_11-57-56_Sto_car_2hexanol,7689,7689,True
2024.10.11_11-57-56_Sto_car_2hexanol,7697,7697,True
2024.10.11_11-57-56_Sto_car_2hexanol,7703,7704,True
2024.09.30_14-44-36_Yakuba_cameroon_no_odor,2868,2868,True
2024.09.30_14-44-36_Yakuba_cameroon_no_odor,4989,5033,True
2024.09.30_14-44-36_Yakuba_cameroon_no_odor,5100,5105,True
2024.09.30_14-44-36_Yakuba_cameroon_no_odor,5108,5125,True
2024.09.30_14-44-36_Yakuba_cameroon_no_odor,5127,5133,True
2024.09.30_14-44-36_Yakuba_cameroon_no_odor,5135,5183,True
2024.09.30_14-44-36_Yakuba_cameroon_no_odor,5185,5195,True
2024.09.30_14-44-36_Yakuba_cameroon_no_odor,5197,5211,True
2024.09.30_14-44-36_Yakuba_cameroon_no_odor,5213,5213,True
2024.09.30_14-44-36_Yakuba_cameroon_no_odor,5215,5215,True
2024.09.30_14-44-36_Yakuba_cameroon_no_odor,5217,5219,True
2024.09.30_14-44-36_Yakuba_cameroon_no_odor,5221,5224,True
2024.09.30_14-44-36_Yakuba_cameroon_no_odor,5226,5226,True
2024.09.30_14-44-36_Yakuba_cameroon_no_odor,5228,5239,True
2024.09.30_14-44-36_Yakuba_cameroon_no_odor,5241,5243,True
2024.09.30_14-44-36_Yakuba_cameroon_no_odor,5246,5246,True
2024.09.30_14-44-36_Yakuba_cameroon_no_odor,5253,5256,True
2024.09.30_14-44-36_Yakuba_cameroon_no_odor,5258,5259,True
2024.09.30_14-44-36_Yakuba_cameroon_no_odor,5286,5291,True
2024.09.30_14-44-36_Yakuba_cameroon_no_odor,5315,5316,True
2024.09.30_14-44-36_Yakuba_cameroon_no_odor,5618,5769,True
2024.09.30_14-44-36_Yakuba_cameroon_no_odor,5876,5891,True
2024.09.30_14-44-36_Yakuba_cameroon_no_odor,6020,6148,True
2024.09.30_14-44-36_Yakuba_cameroon_no_odor,8025,8997,True
2024.10.28_08-58-33_sto_car_metben,3,814,True
2024.10.28_08-58-33_sto_car_metben,3512,3970,True
2024.10.28_08-58-33_sto_car_metben,3972,3981,True
2024.10.28_08-58-33_sto_car_metben,3983,3985,True
2024.10.28_08-58-33_sto_car_metben,3990,5244,True
2024.10.28_08-58-33_sto_car_metben,6419,6443,True
2024.10.28_08-58-33_sto_car_metben,6450,6475,True
2024.10.28_08-58-33_sto_car_metben,6539,6540,True
2024.10.28_08-58-33_sto_car_metben,6542,6544,True
2024.10.28_08-58-33_sto_car_metben,6547,6547,True
2024.10.28_08-58-33_sto_car_metben,6583,6583,True
2024.10.28_08-58-33_sto_car_metben,6586,7444,True
2024.10.28_08-58-33_sto_car_metben,7493,7547,True
2024.10.10_08-48-27_Sto_car_no_odor,1415,1553,True
2024.10.10_08-48-27_Sto_car_no_odor,1587,1681,True
2024.10.10_08-48-27_Sto_car_no_odor,1683,1687,True
2024.10.10_08-48-27_Sto_car_no_odor,1707,1707,True
2024.10.10_08-48-27_Sto_car_no_odor,1710,1710,True
2024.10.10_08-48-27_Sto_car_no_odor,1717,1719,True
2024.10.10_08-48-27_Sto_car_no_odor,1723,1723,True
2024.10.10_08-48-27_Sto_car_no_odor,1727,1727,True
2024.10.10_08-48-27_Sto_car_no_odor,1729,1729,True
2024.10.10_08-48-27_Sto_car_no_odor,1731,2557,True
2024.10.10_08-48-27_Sto_car_no_odor,3709,3964,True
2024.10.10_08-48-27_Sto_car_no_odor,4503,4503,True
2024.10.10_08-48-27_Sto_car_no_odor,6552,8475,True
2024.10.18_12-59-49_Sto_car_prenac,1522,4023,True
2024.10.18_12-59-49_Sto_car_prenac,5159,5223,True
2024.10.18_12-59-49_Sto_car_prenac,5225,6408,True
2024.10.10_13-53-25_Biarmipes84_1hexanol,3,184,True
2024.10.10_13-53-25_Biarmipes84_1hexanol,205,393,True
2024.10.10_13-53-25_Biarmipes84_1hexanol,409,415,True
2024.10.10_13-53-25_Biarmipes84_1hexanol,423,618,True
2024.10.10_13-53-25_Biarmipes84_1hexanol,621,765,True
2024.10.10_13-53-25_Biarmipes84_1hexanol,767,829,True
2024.10.10_13-53-25_Biarmipes84_1hexanol,831,855,True
2024.10.10_13-53-25_Biarmipes84_1hexanol,1042,1059,True
2024.10.10_13-53-25_Biarmipes84_1hexanol,1495,1510,True
2024.10.10_13-53-25_Biarmipes84_1hexanol,1693,2018,True
2024.10.10_13-53-25_Biarmipes84_1hexanol,2035,2074,True
2024.10.10_13-53-25_Biarmipes84_1hexanol,2076,2208,True
2024.10.10_13-53-25_Biarmipes84_1hexanol,2210,2216,True
2024.10.10_13-53-25_Biarmipes84_1hexanol,2218,2256,True
2024.10.10_13-53-25_Biarmipes84_1hexanol,2277,2645,True
2024.10.10_13-53-25_Biarmipes84_1hexanol,2881,2899,True
2024.10.10_13-53-25_Biarmipes84_1hexanol,2931,2932,True
2024.10.10_13-53-25_Biarmipes84_1hexanol,2938,2956,True
2024.10.10_13-53-25_Biarmipes84_1hexanol,3648,3858,True
2024.10.10_13-53-25_Biarmipes84_1hexanol,3873,3952,True
2024.10.10_13-53-25_Biarmipes84_1hexanol,3971,3996,True
2024.10.10_13-53-25_Biarmipes84_1hexanol,4745,4745,True
2024.10.10_13-53-25_Biarmipes84_1hexanol,4748,5145,True
2024.10.10_13-53-25_Biarmipes84_1hexanol,5689,5866,True
2024.10.10_13-53-25_Biarmipes84_1hexanol,5907,5920,True
2024.10.10_13-53-25_Biarmipes84_1hexanol,5948,7200,True
2024.10.10_13-53-25_Biarmipes84_1hexanol,7203,7239,True
2024.10.10_13-53-25_Biarmipes84_1hexanol,7265,7266,True
2024.10.10_13-53-25_Biarmipes84_1hexanol,7269,7587,True
2024.10.10_13-53-25_Biarmipes84_1hexanol,8442,8999,True
2025.04.08_11-25-49_Sussex_metbut,392,394,True
2025.04.08_11-25-49_Sussex_metbut,879,880,True
2025.04.08_11-25-49_Sussex_metbut,882,882,True
2025.04.08_11-25-49_Sussex_metbut,884,885,True
2025.04.08_11-25-49_Sussex_metbut,1017,1040,True
2025.04.08_11-25-49_Sussex_metbut,1063,1063,True
2025.04.08_11-25-49_Sussex_metbut,1065,1065,True
2025.04.08_11-25-49_Sussex_metbut,1070,1094,True
2025.04.08_11-25-49_Sussex_metbut,1129,1150,True
2025.04.08_11-25-49_Sussex_metbut,1152,1162,True
2025.04.08_11-25-49_Sussex_metbut,1178,1178,True
2025.04.08_11-25-49_Sussex_metbut,1199,1205,True
2025.04.08_11-25-49_Sussex_metbut,1449,2212,True
2025.04.08_11-25-49_Sussex_metbut,3224,3225,True
2025.04.08_11-25-49_Sussex_metbut,3253,3253,True
2025.04.08_11-25-49_Sussex_metbut,3256,3266,True
2025.04.08_11-25-49_Sussex_metbut,3317,3344,True
2025.04.08_11-25-49_Sussex_metbut,3580,3607,True
2025.04.08_11-25-49_Sussex_metbut,3656,4687,True
2025.04.08_11-25-49_Sussex_metbut,4724,4732,True
2025.04.08_11-25-49_Sussex_metbut,7862,7863,True
2025.04.08_11-25-49_Sussex_metbut,7866,7866,True
2025.04.08_11-25-49_Sussex_metbut,7869,7869,True
2025.04.08_11-25-49_Sussex_metbut,7873,7876,True
2025.04.08_11-25-49_Sussex_metbut,7878,7886,True
2025.04.08_11-25-49_Sussex_metbut,7911,7915,True
2025.04.08_11-25-49_Sussex_metbut,7918,7930,True
2025.04.08_11-25-49_Sussex_metbut,7932,7952,True
2025.04.08_11-25-49_Sussex_metbut,7954,7955,True
2025.04.08_11-25-49_Sussex_metbut,7957,7959,True
2025.04.08_11-25-49_Sussex_metbut,7961,7962,True
2025.04.08_11-25-49_Sussex_metbut,7964,7964,True
2025.04.08_11-25-49_Sussex_metbut,7966,7967,True
2025.04.08_11-25-49_Sussex_metbut,7969,7980,True
2025.04.08_11-25-49_Sussex_metbut,7982,7982,True
2025.04.08_11-25-49_Sussex_metbut,7985,7985,True
2025.04.08_11-25-49_Sussex_metbut,7987,7987,True
2025.04.08_11-25-49_Sussex_metbut,7989,8607,True
2025.04.08_11-25-49_Sussex_metbut,8609,8623,True
2025.04.08_11-25-49_Sussex_metbut,8625,8666,True
2025.04.08_11-25-49_Sussex_metbut,8668,8671,True
2025.04.08_11-25-49_Sussex_metbut,8673,8681,True
2025.04.08_11-25-49_Sussex_metbut,8683,8704,True
2025.04.08_11-25-49_Sussex_metbut,8706,8722,True
2025.04.08_11-25-49_Sussex_metbut,8725,8731,True
2025.04.08_11-25-49_Sussex_metbut,8733,8742,True
2025.04.08_11-25-49_Sussex_metbut,8744,8751,True
2025.04.08_11-25-49_Sussex_metbut,8754,8754,True
2025.04.08_11-25-49_Sussex_metbut,8756,8772,True
2025.04.08_11-25-49_Sussex_metbut,8774,8775,True
2025.04.08_11-25-49_Sussex_metbut,8777,8778,True
2025.04.08_11-25-49_Sussex_metbut,8780,8782,True
2025.04.08_11-25-49_Sussex_metbut,8784,8786,True
2025.04.08_11-25-49_Sussex_metbut,8826,8826,True
2024.10.23_07-43-37_Biarmipes84_prenac,3,323,True
2024.10.23_07-43-37_Biarmipes84_prenac,1984,1984,True
2024.10.23_07-43-37_Biarmipes84_prenac,1990,1991,True
2024.10.23_07-43-37_Biarmipes84_prenac,1998,2006,True
2024.10.23_07-43-37_Biarmipes84_prenac,2008,2009,True
2024.10.23_07-43-37_Biarmipes84_prenac,2012,2054,True
2024.10.23_07-43-37_Biarmipes84_prenac,2056,2071,True
2024.10.23_07-43-37_Biarmipes84_prenac,2074,2081,True
2024.10.23_07-43-37_Biarmipes84_prenac,2083,2094,True
2024.10.23_07-43-37_Biarmipes84_prenac,2096,2132,True
2024.10.23_07-43-37_Biarmipes84_prenac,2134,2144,True
2024.10.23_07-43-37_Biarmipes84_prenac,2146,2149,True
2024.10.23_07-43-37_Biarmipes84_prenac,2151,2152,True
2024.10.23_07-43-37_Biarmipes84_prenac,2155,2159,True
2024.10.23_07-43-37_Biarmipes84_prenac,2163,2165,True
2024.10.23_07-43-37_Biarmipes84_prenac,2167,2170,True
2024.10.23_07-43-37_Biarmipes84_prenac,2172,2172,True
2024.10.23_07-43-37_Biarmipes84_prenac,2174,2174,True
2024.10.23_07-43-37_Biarmipes84_prenac,2177,2183,True
2024.10.23_07-43-37_Biarmipes84_prenac,2185,2190,True
2024.10.23_07-43-37_Biarmipes84_prenac,2192,2196,True
2024.10.23_07-43-37_Biarmipes84_prenac,2198,2253,True
2024.10.23_07-43-37_Biarmipes84_prenac,2256,2262,True
2024.10.23_07-43-37_Biarmipes84_prenac,2264,2267,True
2024.10.23_07-43-37_Biarmipes84_prenac,2269,2269,True
2024.10.23_07-43-37_Biarmipes84_prenac,2273,2279,True
2024.10.23_07-43-37_Biarmipes84_prenac,2281,2281,True
2024.10.23_07-43-37_Biarmipes84_prenac,2284,2284,True
2024.10.23_07-43-37_Biarmipes84_prenac,2286,2286,True
2024.10.23_07-43-37_Biarmipes84_prenac,2289,2290,True
2024.10.23_07-43-37_Biarmipes84_prenac,2292,2293,True
2024.10.23_07-43-37_Biarmipes84_prenac,2295,2297,True
2024.10.23_07-43-37_Biarmipes84_prenac,2301,2308,True
2024.10.23_07-43-37_Biarmipes84_prenac,2310,2311,True
2024.10.23_07-43-37_Biarmipes84_prenac,2313,2328,True
2024.10.23_07-43-37_Biarmipes84_prenac,2353,2354,True
2024.10.23_07-43-37_Biarmipes84_prenac,2356,2359,True
2024.10.23_07-43-37_Biarmipes84_prenac,2361,2361,True
2024.10.23_07-43-37_Biarmipes84_prenac,2363,2365,True
2024.10.23_07-43-37_Biarmipes84_prenac,2367,2369,True
2024.10.23_07-43-37_Biarmipes84_prenac,2382,2385,True
2024.10.23_07-43-37_Biarmipes84_prenac,2568,2728,True
2024.10.23_07-43-37_Biarmipes84_prenac,2730,2737,True
2024.10.23_07-43-37_Biarmipes84_prenac,2739,2742,True
2024.10.23_07-43-37_Biarmipes84_prenac,2744,2758,True
2024.10.23_07-43-37_Biarmipes84_prenac,2760,2784,True
2024.10.23_07-43-37_Biarmipes84_prenac,2786,2796,True
2024.10.23_07-43-37_Biarmipes84_prenac,2798,2798,True
2024.10.23_07-43-37_Biarmipes84_prenac,2800,3143,True
2024.10.23_07-43-37_Biarmipes84_prenac,3145,4715,True
2024.10.23_07-43-37_Biarmipes84_prenac,5235,5737,True
2024.10.23_07-43-37_Biarmipes84_prenac,7210,7210,True
2024.10.23_07-43-37_Biarmipes84_prenac,7214,7214,True
2024.10.23_07-43-37_Biarmipes84_prenac,7220,7220,True
2024.10.23_07-43-37_Biarmipes84_prenac,7225,7225,True
2024.10.23_07-43-37_Biarmipes84_prenac,7240,7240,True
2024.10.23_07-43-37_Biarmipes84_prenac,7247,7253,True
2024.10.23_07-43-37_Biarmipes84_prenac,7255,7256,True
2024.10.23_07-43-37_Biarmipes84_prenac,7259,7262,True
2024.10.23_07-43-37_Biarmipes84_prenac,7265,7266,True
2024.10.23_07-43-37_Biarmipes84_prenac,7269,7281,True
2024.10.23_07-43-37_Biarmipes84_prenac,7327,7327,True
2024.10.23_07-43-37_Biarmipes84_prenac,7330,7353,True
2024.10.23_07-43-37_Biarmipes84_prenac,7386,7387,True
2024.10.23_07-43-37_Biarmipes84_prenac,7389,7398,True
2024.10.23_07-43-37_Biarmipes84_prenac,7400,7408,True
2024.10.23_07-43-37_Biarmipes84_prenac,7410,7413,True
2024.10.23_07-43-37_Biarmipes84_prenac,7415,7422,True
2024.10.23_07-43-37_Biarmipes84_prenac,7424,7424,True
2024.10.23_07-43-37_Biarmipes84_prenac,7428,7429,True
2024.10.23_07-43-37_Biarmipes84_prenac,7432,7433,True
2024.10.23_07-43-37_Biarmipes84_prenac,7435,7435,True
2024.10.23_07-43-37_Biarmipes84_prenac,7437,7439,True
2024.10.23_07-43-37_Biarmipes84_prenac,7441,7444,True
2024.10.23_07-43-37_Biarmipes84_prenac,7446,7447,True
2024.10.23_07-43-37_Biarmipes84_prenac,7449,7449,True
2024.10.23_07-43-37_Biarmipes84_prenac,7456,7456,True
2024.10.23_07-43-37_Biarmipes84_prenac,7460,7460,True
2024.10.23_07-43-37_Biarmipes84_prenac,7462,7462,True
2024.10.23_07-43-37_Biarmipes84_prenac,7465,7466,True
2024.10.23_07-43-37_Biarmipes84_prenac,7469,7472,True
2024.10.23_07-43-37_Biarmipes84_prenac,7476,7479,True
2024.10.23_07-43-37_Biarmipes84_prenac,7484,7485,True
2024.10.23_07-43-37_Biarmipes84_prenac,7487,7488,True
2024.10.23_07-43-37_Biarmipes84_prenac,7492,7497,True
2024.10.23_07-43-37_Biarmipes84_prenac,7499,7502,True
2024.10.23_07-43-37_Biarmipes84_prenac,7504,7506,True
2024.10.23_07-43-37_Biarmipes84_prenac,7516,7521,True
2024.10.23_07-43-37_Biarmipes84_prenac,7523,7524,True
2024.10.23_07-43-37_Biarmipes84_prenac,7526,7528,True
2024.10.23_07-43-37_Biarmipes84_prenac,7531,7531,True
2024.10.23_07-43-37_Biarmipes84_prenac,7535,7536,True
2024.10.23_07-43-37_Biarmipes84_prenac,7538,7543,True
2024.10.23_07-43-37_Biarmipes84_prenac,7545,7547,True
2024.10.23_07-43-37_Biarmipes84_prenac,7551,7552,True
2024.10.23_07-43-37_Biarmipes84_prenac,7554,7554,True
2024.10.23_07-43-37_Biarmipes84_prenac,7557,7558,True
2024.10.23_07-43-37_Biarmipes84_prenac,7560,7560,True
2024.10.23_07-43-37_Biarmipes84_prenac,7562,7562,True
2024.10.23_07-43-37_Biarmipes84_prenac,7564,7567,True
2024.10.23_07-43-37_Biarmipes84_prenac,7570,7570,True
2024.10.23_07-43-37_Biarmipes84_prenac,7572,7576,True
2024.10.23_07-43-37_Biarmipes84_prenac,7578,7584,True
2024.10.23_07-43-37_Biarmipes84_prenac,7586,7590,True
2024.10.23_07-43-37_Biarmipes84_prenac,7592,7594,True
2024.10.23_07-43-37_Biarmipes84_prenac,7596,7596,True
2024.10.23_07-43-37_Biarmipes84_prenac,7598,7603,True
2024.10.23_07-43-37_Biarmipes84_prenac,7605,7606,True
2024.10.23_07-43-37_Biarmipes84_prenac,7608,7608,True
2024.10.23_07-43-37_Biarmipes84_prenac,7610,7618,True
2024.10.23_07-43-37_Biarmipes84_prenac,7620,7633,True
2024.10.23_07-43-37_Biarmipes84_prenac,7635,7641,True
2024.10.23_07-43-37_Biarmipes84_prenac,7643,7715,True
2024.10.23_07-43-37_Biarmipes84_prenac,7720,7788,True
2024.10.23_07-43-37_Biarmipes84_prenac,7790,7828,True
2024.10.23_07-43-37_Biarmipes84_prenac,7830,7832,True
2024.10.23_07-43-37_Biarmipes84_prenac,7834,7836,True
2024.10.23_07-43-37_Biarmipes84_prenac,7838,7841,True
2024.10.23_07-43-37_Biarmipes84_prenac,7844,7858,True
2024.10.23_07-43-37_Biarmipes84_prenac,7860,7863,True
2024.10.23_07-43-37_Biarmipes84_prenac,7865,7884,True
2024.10.23_07-43-37_Biarmipes84_prenac,7886,7886,True
2024.10.23_07-43-37_Biarmipes84_prenac,7888,7888,True
2024.10.23_07-43-37_Biarmipes84_prenac,7890,7910,True
2024.10.23_07-43-37_Biarmipes84_prenac,7912,7912,True
2024.10.23_07-43-37_Biarmipes84_prenac,7917,7919,True
2024.10.23_07-43-37_Biarmipes84_prenac,7922,7922,True
2024.10.23_07-43-37_Biarmipes84_prenac,7926,7927,True
2024.10.23_07-43-37_Biarmipes84_prenac,7929,7932,True
2024.10.23_07-43-37_Biarmipes84_prenac,7934,7934,True
2024.10.23_07-43-37_Biarmipes84_prenac,7939,7941,True
2024.10.23_07-43-37_Biarmipes84_prenac,7943,7943,True
2024.10.23_07-43-37_Biarmipes84_prenac,7945,7947,True
2024.10.23_07-43-37_Biarmipes84_prenac,7949,7956,True
2024.10.23_07-43-37_Biarmipes84_prenac,7960,7961,True
2024.10.23_07-43-37_Biarmipes84_prenac,7963,7963,True
2024.10.23_07-43-37_Biarmipes84_prenac,7965,7965,True
2024.10.23_07-43-37_Biarmipes84_prenac,7968,7970,True
2024.10.23_07-43-37_Biarmipes84_prenac,7973,7974,True
2024.10.23_07-43-37_Biarmipes84_prenac,7976,7976,True
2024.10.23_07-43-37_Biarmipes84_prenac,7978,7979,True
2024.10.23_07-43-37_Biarmipes84_prenac,7981,7981,True
2024.10.23_07-43-37_Biarmipes84_prenac,7983,7983,True
2024.10.23_07-43-37_Biarmipes84_prenac,7985,7986,True
2024.10.23_07-43-37_Biarmipes84_prenac,8077,8910,True
2024.10.30_09-33-52_Sussex_metben,24,24,True
2024.10.30_09-33-52_Sussex_metben,27,27,True
2024.10.30_09-33-52_Sussex_metben,31,32,True
2024.10.30_09-33-52_Sussex_metben,34,34,True
2024.10.30_09-33-52_Sussex_metben,37,39,True
2024.10.30_09-33-52_Sussex_metben,43,43,True
2024.10.30_09-33-52_Sussex_metben,50,50,True
2024.10.30_09-33-52_Sussex_metben,59,59,True
2024.10.30_09-33-52_Sussex_metben,61,73,True
2024.10.30_09-33-52_Sussex_metben,76,76,True
2024.10.30_09-33-52_Sussex_metben,79,80,True
2024.10.30_09-33-52_Sussex_metben,83,83,True
2024.10.30_09-33-52_Sussex_metben,93,93,True
2024.10.30_09-33-52_Sussex_metben,97,99,True
2024.10.30_09-33-52_Sussex_metben,101,103,True
2024.10.30_09-33-52_Sussex_metben,105,105,True
2024.10.30_09-33-52_Sussex_metben,107,107,True
2024.10.30_09-33-52_Sussex_metben,109,109,True
2024.10.30_09-33-52_Sussex_metben,111,113,True
2024.10.30_09-33-52_Sussex_metben,118,121,True
2024.10.30_09-33-52_Sussex_metben,125,126,True
2024.10.30_09-33-52_Sussex_metben,129,129,True
2024.10.30_09-33-52_Sussex_metben,136,1345,True
2024.10.30_09-33-52_Sussex_metben,1438,1475,True
2024.10.30_09-33-52_Sussex_metben,4041,4045,True
2024.10.30_09-33-52_Sussex_metben,4047,4100,True
2024.10.30_09-33-52_Sussex_metben,4102,4102,True
2024.10.30_09-33-52_Sussex_metben,4117,4118,True
2024.10.30_09-33-52_Sussex_metben,4120,4120,True
2024.10.30_09-33-52_Sussex_metben,4123,4123,True
2024.10.30_09-33-52_Sussex_metben,4216,4235,True
2024.10.30_09-33-52_Sussex_metben,4350,4353,True
2024.10.30_09-33-52_Sussex_metben,4355,4380,True
2024.10.30_09-33-52_Sussex_metben,4412,5824,True
2024.10.30_09-33-52_Sussex_metben,5826,5827,True
2024.10.30_09-33-52_Sussex_metben,5830,5848,True
2024.10.30_09-33-52_Sussex_metben,5850,5851,True
2024.10.30_09-33-52_Sussex_metben,5854,6557,True
2024.10.30_09-33-52_Sussex_metben,8781,8824,True
2024.10.30_09-33-52_Sussex_metben,8826,8991,True
2024.11.04_05-46-53_Stocago_e2hex,1058,1154,True
2024.11.04_05-46-53_Stocago_e2hex,1156,1164,True
2024.11.04_05-46-53_Stocago_e2hex,1168,1169,True
2024.11.04_05-46-53_Stocago_e2hex,1176,1177,True
2024.11.04_05-46-53_Stocago_e2hex,1185,1185,True
2024.11.04_05-46-53_Stocago_e2hex,1187,1530,True
2024.11.04_05-46-53_Stocago_e2hex,2329,2974,True
2024.11.04_05-46-53_Stocago_e2hex,3776,4476,True
2024.11.04_05-46-53_Stocago_e2hex,4965,5486,True
2024.11.04_05-46-53_Stocago_e2hex,5488,5508,True
2024.11.04_05-46-53_Stocago_e2hex,5510,6078,True
2024.11.04_05-46-53_Stocago_e2hex,6723,7468,True
2024.11.04_05-46-53_Stocago_e2hex,7478,7616,True
2024.10.03_12-30-01_Yakuba_cameroon_2hex,3,1947,True
2024.10.03_12-30-01_Yakuba_cameroon_2hex,3039,3053,True
2024.10.03_12-30-01_Yakuba_cameroon_2hex,3218,3218,True
2024.10.03_12-30-01_Yakuba_cameroon_2hex,3220,3240,True
2024.10.03_12-30-01_Yakuba_cameroon_2hex,3371,3371,True
2024.10.03_12-30-01_Yakuba_cameroon_2hex,3375,3385,True
2024.10.03_12-30-01_Yakuba_cameroon_2hex,3520,3524,True
2024.10.03_12-30-01_Yakuba_cameroon_2hex,3533,3543,True
2024.10.03_12-30-01_Yakuba_cameroon_2hex,4107,4107,True
2024.10.03_12-30-01_Yakuba_cameroon_2hex,4112,4118,True
2024.10.03_12-30-01_Yakuba_cameroon_2hex,4201,4203,True
2024.10.03_12-30-01_Yakuba_cameroon_2hex,4478,5913,True
2024.10.03_12-30-01_Yakuba_cameroon_2hex,6999,7260,True
2024.10.03_12-30-01_Yakuba_cameroon_2hex,7268,7999,True
2024.10.03_12-30-01_Yakuba_cameroon_2hex,8001,8453,True
2024.11.04_07-09-20_Biarmipes84_e2hex,3,565,True
2024.11.04_07-09-20_Biarmipes84_e2hex,3032,3038,True
2024.11.04_07-09-20_Biarmipes84_e2hex,3052,3053,True
2024.11.04_07-09-20_Biarmipes84_e2hex,3058,3069,True
2024.11.04_07-09-20_Biarmipes84_e2hex,3212,3214,True
2024.11.04_07-09-20_Biarmipes84_e2hex,3329,3350,True
2024.11.04_07-09-20_Biarmipes84_e2hex,3617,3936,True
2024.11.04_07-09-20_Biarmipes84_e2hex,3938,4126,True
2024.11.04_07-09-20_Biarmipes84_e2hex,4582,4583,True
2024.11.04_07-09-20_Biarmipes84_e2hex,4609,4609,True
2024.11.04_07-09-20_Biarmipes84_e2hex,4611,4611,True
2024.11.04_07-09-20_Biarmipes84_e2hex,4616,4616,True
2024.11.04_07-09-20_Biarmipes84_e2hex,4618,4619,True
2024.11.04_07-09-20_Biarmipes84_e2hex,4624,4626,True
2024.11.04_07-09-20_Biarmipes84_e2hex,4629,4629,True
2024.11.04_07-09-20_Biarmipes84_e2hex,4632,4633,True
2024.11.04_07-09-20_Biarmipes84_e2hex,4635,4638,True
2024.11.04_07-09-20_Biarmipes84_e2hex,4640,4645,True
2024.11.04_07-09-20_Biarmipes84_e2hex,4648,4649,True
2024.11.04_07-09-20_Biarmipes84_e2hex,4651,4652,True
2024.11.04_07-09-20_Biarmipes84_e2hex,4654,4657,True
2024.11.04_07-09-20_Biarmipes84_e2hex,4660,4662,True
2024.11.04_07-09-20_Biarmipes84_e2hex,4664,4665,True
2024.11.04_07-09-20_Biarmipes84_e2hex,4667,4671,True
2024.11.04_07-09-20_Biarmipes84_e2hex,4673,4673,True
2024.11.04_07-09-20_Biarmipes84_e2hex,4675,4677,True
2024.11.04_07-09-20_Biarmipes84_e2hex,4679,4681,True
2024.11.04_07-09-20_Biarmipes84_e2hex,4683,4683,True
2024.11.04_07-09-20_Biarmipes84_e2hex,4685,4686,True
2024.11.04_07-09-20_Biarmipes84_e2hex,4688,4690,True
2024.11.04_07-09-20_Biarmipes84_e2hex,4692,4698,True
2024.11.04_07-09-20_Biarmipes84_e2hex,4701,4703,True
2024.11.04_07-09-20_Biarmipes84_e2hex,4705,4705,True
2024.11.04_07-09-20_Biarmipes84_e2hex,4708,4712,True
2024.11.04_07-09-20_Biarmipes84_e2hex,4714,4714,True
2024.11.04_07-09-20_Biarmipes84_e2hex,4719,4719,True
2024.11.04_07-09-20_Biarmipes84_e2hex,4723,4725,True
2024.11.04_07-09-20_Biarmipes84_e2hex,4734,4735,True
2024.11.04_07-09-20_Biarmipes84_e2hex,4737,4738,True
2024.11.04_07-09-20_Biarmipes84_e2hex,4797,4797,True
2024.11.04_07-09-20_Biarmipes84_e2hex,4818,4819,True
2024.11.04_07-09-20_Biarmipes84_e2hex,4836,4838,True
2024.11.04_07-09-20_Biarmipes84_e2hex,4846,4848,True
2024.11.04_07-09-20_Biarmipes84_e2hex,4865,4876,True
2024.11.04_07-09-20_Biarmipes84_e2hex,4896,4896,True
2024.11.04_07-09-20_Biarmipes84_e2hex,4914,4915,True
2024.11.04_07-09-20_Biarmipes84_e2hex,4923,4924,True
2024.11.04_07-09-20_Biarmipes84_e2hex,4926,4928,True
2024.11.04_07-09-20_Biarmipes84_e2hex,4930,4931,True
2024.11.04_07-09-20_Biarmipes84_e2hex,4937,4939,True
2024.11.04_07-09-20_Biarmipes84_e2hex,4942,4942,True
2024.11.04_07-09-20_Biarmipes84_e2hex,4946,4948,True
2024.11.04_07-09-20_Biarmipes84_e2hex,4950,4952,True
2024.11.04_07-09-20_Biarmipes84_e2hex,4955,4956,True
2024.11.04_07-09-20_Biarmipes84_e2hex,4962,4962,True
2024.11.04_07-09-20_Biarmipes84_e2hex,4966,4966,True
2024.11.04_07-09-20_Biarmipes84_e2hex,4968,4968,True
2024.11.04_07-09-20_Biarmipes84_e2hex,4971,4971,True
2024.11.04_07-09-20_Biarmipes84_e2hex,4981,4984,True
2024.11.04_07-09-20_Biarmipes84_e2hex,4986,4992,True
2024.11.04_07-09-20_Biarmipes84_e2hex,4996,4996,True
2024.11.04_07-09-20_Biarmipes84_e2hex,4998,4998,True
2024.11.04_07-09-20_Biarmipes84_e2hex,5000,5001,True
2024.11.04_07-09-20_Biarmipes84_e2hex,5003,5008,True
2024.11.04_07-09-20_Biarmipes84_e2hex,5011,5013,True
2024.11.04_07-09-20_Biarmipes84_e2hex,5015,5017,True
2024.11.04_07-09-20_Biarmipes84_e2hex,5019,5020,True
2024.11.04_07-09-20_Biarmipes84_e2hex,5023,5023,True
2024.11.04_07-09-20_Biarmipes84_e2hex,5027,5027,True
2024.11.04_07-09-20_Biarmipes84_e2hex,5029,5036,True
2024.11.04_07-09-20_Biarmipes84_e2hex,5040,5041,True
2024.11.04_07-09-20_Biarmipes84_e2hex,5043,5043,True
2024.11.04_07-09-20_Biarmipes84_e2hex,5047,5048,True
2024.11.04_07-09-20_Biarmipes84_e2hex,5051,5051,True
2024.11.04_07-09-20_Biarmipes84_e2hex,5054,5054,True
2024.11.04_07-09-20_Biarmipes84_e2hex,5059,5060,True
2024.11.04_07-09-20_Biarmipes84_e2hex,5062,5063,True
2024.11.04_07-09-20_Biarmipes84_e2hex,5065,5067,True
2024.11.04_07-09-20_Biarmipes84_e2hex,5069,5072,True
2024.11.04_07-09-20_Biarmipes84_e2hex,5076,5081,True
2024.11.04_07-09-20_Biarmipes84_e2hex,5086,5086,True
2024.11.04_07-09-20_Biarmipes84_e2hex,5088,5089,True
2024.11.04_07-09-20_Biarmipes84_e2hex,5092,5093,True
2024.11.04_07-09-20_Biarmipes84_e2hex,5100,5100,True
2024.11.04_07-09-20_Biarmipes84_e2hex,5104,5104,True
2024.11.04_07-09-20_Biarmipes84_e2hex,5108,5110,True
2024.11.04_07-09-20_Biarmipes84_e2hex,5112,5117,True
2024.11.04_07-09-20_Biarmipes84_e2hex,5120,5121,True
2024.11.04_07-09-20_Biarmipes84_e2hex,5124,5124,True
2024.11.04_07-09-20_Biarmipes84_e2hex,5129,5131,True
2024.11.04_07-09-20_Biarmipes84_e2hex,5135,5135,True
2024.11.04_07-09-20_Biarmipes84_e2hex,5140,5140,True
2024.11.04_07-09-20_Biarmipes84_e2hex,5142,5142,True
2024.11.04_07-09-20_Biarmipes84_e2hex,5145,5145,True
2024.11.04_07-09-20_Biarmipes84_e2hex,5147,5147,True
2024.11.04_07-09-20_Biarmipes84_e2hex,5551,5551,True
2024.11.04_07-09-20_Biarmipes84_e2hex,5553,5554,True
2024.11.04_07-09-20_Biarmipes84_e2hex,5557,5557,True
2024.11.04_07-09-20_Biarmipes84_e2hex,5559,5559,True
2024.11.04_07-09-20_Biarmipes84_e2hex,5562,5562,True
2024.11.04_07-09-20_Biarmipes84_e2hex,5568,5568,True
2024.11.04_07-09-20_Biarmipes84_e2hex,5570,5574,True
2024.11.04_07-09-20_Biarmipes84_e2hex,5614,5614,True
2024.11.04_07-09-20_Biarmipes84_e2hex,5617,5617,True
2024.11.04_07-09-20_Biarmipes84_e2hex,5619,5619,True
2024.11.04_07-09-20_Biarmipes84_e2hex,5621,5626,True
2024.11.04_07-09-20_Biarmipes84_e2hex,5628,5629,True
2024.11.04_07-09-20_Biarmipes84_e2hex,5631,5632,True
2024.11.04_07-09-20_Biarmipes84_e2hex,5634,5642,True
2024.11.04_07-09-20_Biarmipes84_e2hex,5644,5646,True
2024.11.04_07-09-20_Biarmipes84_e2hex,5652,5664,True
2024.11.04_07-09-20_Biarmipes84_e2hex,5666,5670,True
2024.11.04_07-09-20_Biarmipes84_e2hex,5673,5673,True
2024.11.04_07-09-20_Biarmipes84_e2hex,5676,5684,True
2024.11.04_07-09-20_Biarmipes84_e2hex,5686,5689,True
2024.11.04_07-09-20_Biarmipes84_e2hex,5691,5691,True
2024.11.04_07-09-20_Biarmipes84_e2hex,5693,5693,True
2024.11.04_07-09-20_Biarmipes84_e2hex,5718,5720,True
2024.11.04_07-09-20_Biarmipes84_e2hex,5740,5743,True
2024.11.04_07-09-20_Biarmipes84_e2hex,5745,5753,True
2024.11.04_07-09-20_Biarmipes84_e2hex,5755,5772,True
2024.11.04_07-09-20_Biarmipes84_e2hex,5774,5788,True
2024.11.04_07-09-20_Biarmipes84_e2hex,5790,5798,True
2024.11.04_07-09-20_Biarmipes84_e2hex,5800,5864,True
2024.11.04_07-09-20_Biarmipes84_e2hex,5876,5877,True
2024.11.04_07-09-20_Biarmipes84_e2hex,5899,5907,True
2024.11.04_07-09-20_Biarmipes84_e2hex,6069,6199,True
2024.11.04_07-09-20_Biarmipes84_e2hex,6201,6375,True
2024.11.04_07-09-20_Biarmipes84_e2hex,6377,6439,True
2024.11.04_07-09-20_Biarmipes84_e2hex,6444,6496,True
2024.11.04_07-09-20_Biarmipes84_e2hex,6498,6524,True
2024.11.04_07-09-20_Biarmipes84_e2hex,6527,6594,True
2024.11.04_07-09-20_Biarmipes84_e2hex,6598,6607,True
2024.11.04_07-09-20_Biarmipes84_e2hex,6609,6610,True
2024.11.04_07-09-20_Biarmipes84_e2hex,6612,6612,True
2024.11.04_07-09-20_Biarmipes84_e2hex,6615,6660,True
2024.11.04_07-09-20_Biarmipes84_e2hex,6662,6685,True
2024.11.04_07-09-20_Biarmipes84_e2hex,6687,6715,True
2024.11.04_07-09-20_Biarmipes84_e2hex,6729,6735,True
2024.11.04_07-09-20_Biarmipes84_e2hex,6737,6782,True
2024.11.04_07-09-20_Biarmipes84_e2hex,6812,6816,True
2024.11.04_07-09-20_Biarmipes84_e2hex,6818,6823,True
2024.11.04_07-09-20_Biarmipes84_e2hex,6878,6878,True
2024.11.04_07-09-20_Biarmipes84_e2hex,6880,6880,True
2024.11.04_07-09-20_Biarmipes84_e2hex,6932,6932,True
2024.11.04_07-09-20_Biarmipes84_e2hex,6945,6950,True
2024.11.04_07-09-20_Biarmipes84_e2hex,7007,7007,True
2024.11.04_07-09-20_Biarmipes84_e2hex,7091,7092,True
2024.11.04_07-09-20_Biarmipes84_e2hex,7094,7096,True
2024.11.04_07-09-20_Biarmipes84_e2hex,7121,7128,True
2024.11.04_07-09-20_Biarmipes84_e2hex,7179,7181,True
2024.11.04_07-09-20_Biarmipes84_e2hex,7183,7212,True
2024.11.04_07-09-20_Biarmipes84_e2hex,7214,7276,True
2024.11.04_07-09-20_Biarmipes84_e2hex,7279,7358,True
2024.11.04_07-09-20_Biarmipes84_e2hex,7360,8840,True
2024.10.23_12-16-59_Yakuba_Cameroon_prenac,4896,4903,True
2024.10.23_12-16-59_Yakuba_Cameroon_prenac,4905,5030,True
2024.10.23_12-16-59_Yakuba_Cameroon_prenac,5080,5199,True
2024.10.23_12-16-59_Yakuba_Cameroon_prenac,6010,6297,True
2024.10.23_12-16-59_Yakuba_Cameroon_prenac,6299,6308,True
2024.10.23_12-16-59_Yakuba_Cameroon_prenac,6310,6313,True
2024.10.23_12-16-59_Yakuba_Cameroon_prenac,6315,6344,True
2024.10.23_12-16-59_Yakuba_Cameroon_prenac,6346,6346,True
2024.10.23_12-16-59_Yakuba_Cameroon_prenac,6348,6359,True
2024.10.23_12-16-59_Yakuba_Cameroon_prenac,6362,6363,True
2024.10.23_12-16-59_Yakuba_Cameroon_prenac,6365,6366,True
2024.10.23_12-16-59_Yakuba_Cameroon_prenac,6368,6368,True
2024.10.23_12-16-59_Yakuba_Cameroon_prenac,6370,6370,True
2024.10.23_12-16-59_Yakuba_Cameroon_prenac,6372,6375,True
2024.10.23_12-16-59_Yakuba_Cameroon_prenac,6377,6380,True
2024.10.23_12-16-59_Yakuba_Cameroon_prenac,6383,6385,True
2024.10.23_12-16-59_Yakuba_Cameroon_prenac,6388,6390,True
2024.10.23_12-16-59_Yakuba_Cameroon_prenac,6392,6394,True
2024.10.23_12-16-59_Yakuba_Cameroon_prenac,6396,6406,True
2024.10.23_12-16-59_Yakuba_Cameroon_prenac,6408,6409,True
2024.10.23_12-16-59_Yakuba_Cameroon_prenac,6411,6415,True
2024.10.23_12-16-59_Yakuba_Cameroon_prenac,6418,6424,True
2024.10.23_12-16-59_Yakuba_Cameroon_prenac,6426,6428,True
2024.10.23_12-16-59_Yakuba_Cameroon_prenac,6430,6434,True
2024.10.23_12-16-59_Yakuba_Cameroon_prenac,6436,6442,True
2024.10.23_12-16-59_Yakuba_Cameroon_prenac,6444,6484,True
2024.10.23_12-16-59_Yakuba_Cameroon_prenac,6486,6489,True
2024.10.23_12-16-59_Yakuba_Cameroon_prenac,6491,6496,True
2024.10.23_12-16-59_Yakuba_Cameroon_prenac,6498,6498,True
2024.10.23_12-16-59_Yakuba_Cameroon_prenac,6501,6504,True
2024.10.23_12-16-59_Yakuba_Cameroon_prenac,6506,6510,True
2024.10.23_12-16-59_Yakuba_Cameroon_prenac,6513,6518,True
2024.10.23_12-16-59_Yakuba_Cameroon_prenac,6520,6522,True
2024.10.23_12-16-59_Yakuba_Cameroon_prenac,6524,6525,True
2024.10.23_12-16-59_Yakuba_Cameroon_prenac,6527,6534,True
2024.10.23_12-16-59_Yakuba_Cameroon_prenac,6536,6538,True
2024.10.23_12-16-59_Yakuba_Cameroon_prenac,6540,6547,True
2024.10.23_12-16-59_Yakuba_Cameroon_prenac,6549,6554,True
2024.10.23_12-16-59_Yakuba_Cameroon_prenac,6556,6558,True
2024.10.23_12-16-59_Yakuba_Cameroon_prenac,6560,6562,True
2024.10.23_12-16-59_Yakuba_Cameroon_prenac,6564,6566,True
2024.10.23_12-16-59_Yakuba_Cameroon_prenac,6568,6569,True
2024.10.23_12-16-59_Yakuba_Cameroon_prenac,6571,8966,True
2024.10.11_12-42-50_Yakuba_Cameroon_2hexanol,3,586,True
2024.10.11_12-42-50_Yakuba_Cameroon_2hexanol,1335,1335,True
2024.10.11_12-42-50_Yakuba_Cameroon_2hexanol,1339,1356,True
2024.10.11_12-42-50_Yakuba_Cameroon_2hexanol,1382,1382,True
2024.10.11_12-42-50_Yakuba_Cameroon_2hexanol,1384,1390,True
2024.10.11_12-42-50_Yakuba_Cameroon_2hexanol,1418,1428,True
2024.10.11_12-42-50_Yakuba_Cameroon_2hexanol,1961,1971,True
2024.10.11_12-42-50_Yakuba_Cameroon_2hexanol,2396,3276,True
2024.10.11_12-42-50_Yakuba_Cameroon_2hexanol,3306,3351,True
2024.10.11_12-42-50_Yakuba_Cameroon_2hexanol,3353,3353,True
2024.10.11_12-42-50_Yakuba_Cameroon_2hexanol,3356,3382,True
2024.10.11_12-42-50_Yakuba_Cameroon_2hexanol,3478,3478,True
2024.10.11_12-42-50_Yakuba_Cameroon_2hexanol,4736,5608,True
2024.10.11_12-42-50_Yakuba_Cameroon_2hexanol,6183,6741,True
2024.10.11_12-42-50_Yakuba_Cameroon_2hexanol,7333,7897,True
2024.10.11_12-42-50_Yakuba_Cameroon_2hexanol,8431,8999,True
2024.11.14_01-36-12_Biarmipes_G224_e2hex,3,690,True
2024.11.14_01-36-12_Biarmipes_G224_e2hex,1236,1884,True
2024.11.14_01-36-12_Biarmipes_G224_e2hex,1933,1959,True
2024.11.14_01-36-12_Biarmipes_G224_e2hex,1980,2015,True
2024.11.14_01-36-12_Biarmipes_G224_e2hex,2017,2460,True
2024.11.14_01-36-12_Biarmipes_G224_e2hex,2462,2483,True
2024.11.14_01-36-12_Biarmipes_G224_e2hex,2485,2568,True
2024.11.14_01-36-12_Biarmipes_G224_e2hex,2570,2624,True
2024.11.14_01-36-12_Biarmipes_G224_e2hex,2652,2704,True
2024.11.14_01-36-12_Biarmipes_G224_e2hex,2711,2714,True
2024.11.14_01-36-12_Biarmipes_G224_e2hex,2716,2719,True
2024.11.14_01-36-12_Biarmipes_G224_e2hex,2722,2722,True
2024.11.14_01-36-12_Biarmipes_G224_e2hex,2724,2813,True
2024.11.14_01-36-12_Biarmipes_G224_e2hex,3156,3241,True
2024.11.14_01-36-12_Biarmipes_G224_e2hex,3248,3254,True
2024.11.14_01-36-12_Biarmipes_G224_e2hex,3256,3263,True
2024.11.14_01-36-12_Biarmipes_G224_e2hex,3265,3287,True
2024.11.14_01-36-12_Biarmipes_G224_e2hex,3289,3301,True
2024.11.14_01-36-12_Biarmipes_G224_e2hex,3307,3325,True
2024.11.14_01-36-12_Biarmipes_G224_e2hex,3327,3327,True
2024.11.14_01-36-12_Biarmipes_G224_e2hex,3329,3356,True
2024.11.14_01-36-12_Biarmipes_G224_e2hex,3418,3418,True
2024.11.14_01-36-12_Biarmipes_G224_e2hex,3433,3470,True
2024.11.14_01-36-12_Biarmipes_G224_e2hex,3477,3530,True
2024.11.14_01-36-12_Biarmipes_G224_e2hex,3560,3560,True
2024.11.14_01-36-12_Biarmipes_G224_e2hex,3563,3572,True
2024.11.14_01-36-12_Biarmipes_G224_e2hex,3575,3575,True
2024.11.14_01-36-12_Biarmipes_G224_e2hex,4087,5059,True
2024.11.14_01-36-12_Biarmipes_G224_e2hex,5338,5367,True
2024.11.14_01-36-12_Biarmipes_G224_e2hex,5369,5369,True
2024.11.14_01-36-12_Biarmipes_G224_e2hex,5372,5401,True
2024.11.14_01-36-12_Biarmipes_G224_e2hex,5445,5460,True
2024.11.14_01-36-12_Biarmipes_G224_e2hex,5463,5473,True
2024.11.14_01-36-12_Biarmipes_G224_e2hex,5475,5483,True
2024.11.14_01-36-12_Biarmipes_G224_e2hex,5485,5486,True
2024.11.14_01-36-12_Biarmipes_G224_e2hex,5490,5536,True
2024.11.14_01-36-12_Biarmipes_G224_e2hex,5543,5543,True
2024.11.14_01-36-12_Biarmipes_G224_e2hex,5545,5545,True
2024.11.14_01-36-12_Biarmipes_G224_e2hex,5551,5551,True
2024.11.14_01-36-12_Biarmipes_G224_e2hex,5553,5975,True
2024.11.14_01-36-12_Biarmipes_G224_e2hex,6635,6641,True
2024.11.14_01-36-12_Biarmipes_G224_e2hex,6718,6821,True
2024.11.14_01-36-12_Biarmipes_G224_e2hex,6823,7013,True
2024.11.14_01-36-12_Biarmipes_G224_e2hex,7065,7139,True
2024.11.14_01-36-12_Biarmipes_G224_e2hex,7142,7202,True
2024.11.14_01-36-12_Biarmipes_G224_e2hex,7204,7599,True
2024.11.14_01-36-12_Biarmipes_G224_e2hex,7601,7902,True
2024.11.14_01-36-12_Biarmipes_G224_e2hex,8166,8168,True
2024.11.14_01-36-12_Biarmipes_G224_e2hex,8499,8502,True
2024.11.14_01-36-12_Biarmipes_G224_e2hex,8511,8999,True
2024.10.14_13-20-19_Biarmipes84_1hexanol,3,533,True
2024.10.14_13-20-19_Biarmipes84_1hexanol,580,593,True
2024.10.14_13-20-19_Biarmipes84_1hexanol,595,601,True
2024.10.14_13-20-19_Biarmipes84_1hexanol,623,650,True
2024.10.14_13-20-19_Biarmipes84_1hexanol,1121,1144,True
2024.10.14_13-20-19_Biarmipes84_1hexanol,1197,1216,True
2024.10.14_13-20-19_Biarmipes84_1hexanol,1395,1650,True
2024.10.14_13-20-19_Biarmipes84_1hexanol,1655,1859,True
2024.10.14_13-20-19_Biarmipes84_1hexanol,1861,2404,True
2024.10.14_13-20-19_Biarmipes84_1hexanol,3458,3695,True
2024.10.14_13-20-19_Biarmipes84_1hexanol,3698,3698,True
2024.10.14_13-20-19_Biarmipes84_1hexanol,3700,4105,True
2024.10.14_13-20-19_Biarmipes84_1hexanol,5197,5697,True
2024.10.14_13-20-19_Biarmipes84_1hexanol,6477,7039,True
2024.10.14_13-20-19_Biarmipes84_1hexanol,8110,8112,True
2024.10.14_13-20-19_Biarmipes84_1hexanol,8118,8756,True
2024.10.14_09-10-11_Riverside_prenac,3,858,True
2024.10.14_09-10-11_Riverside_prenac,861,865,True
2024.10.14_09-10-11_Riverside_prenac,1807,2009,True
2024.10.14_09-10-11_Riverside_prenac,2266,2268,True
2024.10.14_09-10-11_Riverside_prenac,2272,2272,True
2024.10.14_09-10-11_Riverside_prenac,2292,2292,True
2024.10.14_09-10-11_Riverside_prenac,2298,2299,True
2024.10.14_09-10-11_Riverside_prenac,2301,2304,True
2024.10.14_09-10-11_Riverside_prenac,3525,3540,True
2024.10.14_09-10-11_Riverside_prenac,3554,3684,True
2024.10.14_09-10-11_Riverside_prenac,3686,3686,True
2024.10.14_09-10-11_Riverside_prenac,3857,3858,True
2024.10.14_09-10-11_Riverside_prenac,4078,4095,True
2024.10.14_09-10-11_Riverside_prenac,4101,4188,True
2024.10.14_09-10-11_Riverside_prenac,4255,4310,True
2024.10.14_09-10-11_Riverside_prenac,4312,4313,True
2024.10.14_09-10-11_Riverside_prenac,4336,4336,True
2024.10.14_09-10-11_Riverside_prenac,4340,4512,True
2024.10.14_09-10-11_Riverside_prenac,4866,4971,True
2024.10.14_09-10-11_Riverside_prenac,5060,5075,True
2024.10.14_09-10-11_Riverside_prenac,5088,5088,True
2024.10.14_09-10-11_Riverside_prenac,5711,5712,True
2024.10.14_09-10-11_Riverside_prenac,5731,5741,True
2024.10.14_09-10-11_Riverside_prenac,5743,6965,True
2024.10.14_09-10-11_Riverside_prenac,7697,8709,True
2024.10.02_10-32-31_Biarmipes_G224_no_odor,281,282,True
2024.10.02_10-32-31_Biarmipes_G224_no_odor,305,557,True
2024.10.02_10-32-31_Biarmipes_G224_no_odor,834,834,True
2024.10.02_10-32-31_Biarmipes_G224_no_odor,845,847,True
2024.10.02_10-32-31_Biarmipes_G224_no_odor,849,849,True
2024.10.02_10-32-31_Biarmipes_G224_no_odor,854,1016,True
2024.10.02_10-32-31_Biarmipes_G224_no_odor,1033,1177,True
2024.10.02_10-32-31_Biarmipes_G224_no_odor,1180,1180,True
2024.10.02_10-32-31_Biarmipes_G224_no_odor,1219,1222,True
2024.10.02_10-32-31_Biarmipes_G224_no_odor,1224,1363,True
2024.10.02_10-32-31_Biarmipes_G224_no_odor,1367,1368,True
2024.10.02_10-32-31_Biarmipes_G224_no_odor,1391,1392,True
2024.10.02_10-32-31_Biarmipes_G224_no_odor,1396,1396,True
2024.10.02_10-32-31_Biarmipes_G224_no_odor,1398,1399,True
2024.10.02_10-32-31_Biarmipes_G224_no_odor,1401,1406,True
2024.10.02_10-32-31_Biarmipes_G224_no_odor,1409,1417,True
2024.10.02_10-32-31_Biarmipes_G224_no_odor,1676,1748,True
2024.10.02_10-32-31_Biarmipes_G224_no_odor,1938,1938,True
2024.10.02_10-32-31_Biarmipes_G224_no_odor,1957,1957,True
2024.10.02_10-32-31_Biarmipes_G224_no_odor,1959,2149,True
2024.10.02_10-32-31_Biarmipes_G224_no_odor,2842,2861,True
2024.10.02_10-32-31_Biarmipes_G224_no_odor,2864,2865,True
2024.10.02_10-32-31_Biarmipes_G224_no_odor,2892,3679,True
2024.10.02_10-32-31_Biarmipes_G224_no_odor,4720,5119,True
2024.10.02_10-32-31_Biarmipes_G224_no_odor,5121,5122,True
2024.10.02_10-32-31_Biarmipes_G224_no_odor,5124,5124,True
2024.10.02_10-32-31_Biarmipes_G224_no_odor,5128,5128,True
2024.10.02_10-32-31_Biarmipes_G224_no_odor,5130,5130,True
2024.10.02_10-32-31_Biarmipes_G224_no_odor,5133,5133,True
2024.10.02_10-32-31_Biarmipes_G224_no_odor,5138,5138,True
2024.10.02_10-32-31_Biarmipes_G224_no_odor,5148,5149,True
2024.10.02_10-32-31_Biarmipes_G224_no_odor,5151,5151,True
2024.10.02_10-32-31_Biarmipes_G224_no_odor,5153,5154,True
2024.10.02_10-32-31_Biarmipes_G224_no_odor,5542,5542,True
2024.10.02_10-32-31_Biarmipes_G224_no_odor,5545,5547,True
2024.10.02_10-32-31_Biarmipes_G224_no_odor,5559,6761,True
2024.10.02_10-32-31_Biarmipes_G224_no_odor,6763,7207,True
2024.10.02_10-32-31_Biarmipes_G224_no_odor,8697,8697,True
2024.10.02_10-32-31_Biarmipes_G224_no_odor,8719,8719,True
2024.10.02_10-32-31_Biarmipes_G224_no_odor,8725,8725,True
2024.10.02_10-32-31_Biarmipes_G224_no_odor,8730,8730,True
2024.10.02_10-32-31_Biarmipes_G224_no_odor,8746,8746,True
2024.10.02_10-32-31_Biarmipes_G224_no_odor,8789,8790,True
2024.10.02_10-32-31_Biarmipes_G224_no_odor,8796,8797,True
2024.10.02_10-32-31_Biarmipes_G224_no_odor,8800,8801,True
2024.10.02_10-32-31_Biarmipes_G224_no_odor,8805,8805,True
2024.10.02_10-32-31_Biarmipes_G224_no_odor,8818,8818,True
2024.10.02_10-32-31_Biarmipes_G224_no_odor,8821,8822,True
2024.10.02_10-32-31_Biarmipes_G224_no_odor,8824,8826,True
2024.10.02_10-32-31_Biarmipes_G224_no_odor,8828,8829,True
2024.10.02_10-32-31_Biarmipes_G224_no_odor,8831,8831,True
2024.10.02_10-32-31_Biarmipes_G224_no_odor,8834,8835,True
2024.10.02_10-32-31_Biarmipes_G224_no_odor,8840,8842,True
2024.10.02_10-32-31_Biarmipes_G224_no_odor,8882,8882,True
2024.10.02_10-32-31_Biarmipes_G224_no_odor,8887,8887,True
2024.10.02_10-32-31_Biarmipes_G224_no_odor,8889,8889,True
2024.10.28_07-38-34_stocago_metben,3,329,True
2024.10.28_07-38-34_stocago_metben,1145,1145,True
2024.10.28_07-38-34_stocago_metben,1148,1497,True
2024.10.28_07-38-34_stocago_metben,2066,2311,True
2024.10.28_07-38-34_stocago_metben,2349,2354,True
2024.10.28_07-38-34_stocago_metben,2376,2448,True
2024.10.28_07-38-34_stocago_metben,2456,2522,True
2024.10.28_07-38-34_stocago_metben,2534,2584,True
2024.10.28_07-38-34_stocago_metben,2646,2683,True
2024.10.28_07-38-34_stocago_metben,2687,2687,True
2024.10.28_07-38-34_stocago_metben,2689,3194,True
2024.10.28_07-38-34_stocago_metben,4196,5107,True
2024.10.28_07-38-34_stocago_metben,5767,5771,True
2024.10.28_07-38-34_stocago_metben,5776,5799,True
2024.10.28_07-38-34_stocago_metben,5801,5804,True
2024.10.28_07-38-34_stocago_metben,6178,6179,True
2024.10.28_07-38-34_stocago_metben,6186,6203,True
2024.10.28_07-38-34_stocago_metben,6266,6451,True
2024.10.28_07-38-34_stocago_metben,6551,6551,True
2024.10.28_07-38-34_stocago_metben,6556,6564,True
2024.10.28_07-38-34_stocago_metben,6567,6572,True
2024.10.28_07-38-34_stocago_metben,6577,6681,True
2024.10.28_07-38-34_stocago_metben,6774,6850,True
2024.10.28_07-38-34_stocago_metben,6852,6879,True
2024.10.28_07-38-34_stocago_metben,6883,6891,True
2024.10.28_07-38-34_stocago_metben,6913,6941,True
2024.10.28_07-38-34_stocago_metben,6943,7805,True
2024.10.28_07-38-34_stocago_metben,7807,7864,True
2024.10.28_07-38-34_stocago_metben,7892,8051,True
2024.10.28_07-38-34_stocago_metben,8062,8178,True
2024.10.28_07-38-34_stocago_metben,8475,8482,True
2024.10.28_07-38-34_stocago_metben,8484,8494,True
2024.10.28_07-38-34_stocago_metben,8725,8999,True
2024.10.14_14-07-18_Biarmipes84_1hexanol,3,116,True
2024.10.14_14-07-18_Biarmipes84_1hexanol,214,884,True
2024.10.14_14-07-18_Biarmipes84_1hexanol,1286,1685,True
2024.10.14_14-07-18_Biarmipes84_1hexanol,2436,3291,True
2024.10.14_14-07-18_Biarmipes84_1hexanol,3821,4249,True
2024.10.14_14-07-18_Biarmipes84_1hexanol,6747,6748,True
2024.10.14_14-07-18_Biarmipes84_1hexanol,6782,6784,True
2024.10.14_14-07-18_Biarmipes84_1hexanol,6786,6787,True
2024.10.14_14-07-18_Biarmipes84_1hexanol,6802,6802,True
2024.10.14_14-07-18_Biarmipes84_1hexanol,6805,6805,True
2024.10.14_14-07-18_Biarmipes84_1hexanol,6820,6821,True
2024.10.14_14-07-18_Biarmipes84_1hexanol,6838,6842,True
2024.10.14_14-07-18_Biarmipes84_1hexanol,6844,6851,True
2024.10.14_14-07-18_Biarmipes84_1hexanol,6857,6858,True
2024.10.14_14-07-18_Biarmipes84_1hexanol,6930,6933,True
2024.10.14_14-07-18_Biarmipes84_1hexanol,6941,6943,True
2024.10.14_14-07-18_Biarmipes84_1hexanol,6952,6952,True
2024.10.14_14-07-18_Biarmipes84_1hexanol,6972,6976,True
2024.10.14_14-07-18_Biarmipes84_1hexanol,6996,6996,True
2024.10.14_14-07-18_Biarmipes84_1hexanol,6998,6998,True
2024.10.14_14-07-18_Biarmipes84_1hexanol,7003,7004,True
2024.10.14_14-07-18_Biarmipes84_1hexanol,7014,7014,True
2024.10.14_14-07-18_Biarmipes84_1hexanol,7016,7016,True
2024.10.14_14-07-18_Biarmipes84_1hexanol,7042,7055,True
2024.10.14_14-07-18_Biarmipes84_1hexanol,7065,7081,True
2024.10.14_14-07-18_Biarmipes84_1hexanol,7083,7136,True
2024.10.14_14-07-18_Biarmipes84_1hexanol,7138,7179,True
2024.10.14_14-07-18_Biarmipes84_1hexanol,7181,7187,True
2024.10.14_14-07-18_Biarmipes84_1hexanol,7191,7194,True
2024.10.14_14-07-18_Biarmipes84_1hexanol,7196,7199,True
2024.10.14_14-07-18_Biarmipes84_1hexanol,7201,7203,True
2024.10.14_14-07-18_Biarmipes84_1hexanol,7205,7220,True
2024.10.14_14-07-18_Biarmipes84_1hexanol,7222,7223,True
2024.10.14_14-07-18_Biarmipes84_1hexanol,7225,7566,True
2024.10.14_14-07-18_Biarmipes84_1hexanol,8145,8145,True
2024.10.14_14-07-18_Biarmipes84_1hexanol,8159,8160,True
2024.10.14_14-07-18_Biarmipes84_1hexanol,8162,8162,True
2024.10.14_14-07-18_Biarmipes84_1hexanol,8164,8164,True
2024.10.14_14-07-18_Biarmipes84_1hexanol,8169,8169,True
2024.10.14_14-07-18_Biarmipes84_1hexanol,8171,8172,True
2024.10.14_14-07-18_Biarmipes84_1hexanol,8174,8174,True
2024.10.14_14-07-18_Biarmipes84_1hexanol,8180,8181,True
2024.10.14_14-07-18_Biarmipes84_1hexanol,8186,8187,True
2024.10.14_14-07-18_Biarmipes84_1hexanol,8192,8192,True
2024.10.14_14-07-18_Biarmipes84_1hexanol,8194,8195,True
2024.10.14_14-07-18_Biarmipes84_1hexanol,8199,8200,True
2024.10.14_14-07-18_Biarmipes84_1hexanol,8206,8206,True
2024.10.14_14-07-18_Biarmipes84_1hexanol,8221,8222,True
2024.10.14_14-07-18_Biarmipes84_1hexanol,8226,8226,True
2024.10.14_14-07-18_Biarmipes84_1hexanol,8241,8241,True
2024.10.14_14-07-18_Biarmipes84_1hexanol,8284,8284,True
2024.10.14_14-07-18_Biarmipes84_1hexanol,8286,8290,True
2024.10.14_14-07-18_Biarmipes84_1hexanol,8293,8299,True
2024.10.14_14-07-18_Biarmipes84_1hexanol,8303,8304,True
2024.10.14_14-07-18_Biarmipes84_1hexanol,8306,8306,True
2024.10.14_14-07-18_Biarmipes84_1hexanol,8311,8311,True
2024.10.14_14-07-18_Biarmipes84_1hexanol,8314,8315,True
2024.10.14_14-07-18_Biarmipes84_1hexanol,8453,8453,True
2024.10.14_14-07-18_Biarmipes84_1hexanol,8469,8470,True
2024.10.14_14-07-18_Biarmipes84_1hexanol,8474,8478,True
2024.10.14_14-07-18_Biarmipes84_1hexanol,8480,8480,True
2024.10.14_14-07-18_Biarmipes84_1hexanol,8483,8483,True
2024.10.14_14-07-18_Biarmipes84_1hexanol,8485,8489,True
2024.10.14_14-07-18_Biarmipes84_1hexanol,8491,8499,True
2024.10.14_14-07-18_Biarmipes84_1hexanol,8502,8503,True
2024.10.14_14-07-18_Biarmipes84_1hexanol,8505,8505,True
2024.10.14_14-07-18_Biarmipes84_1hexanol,8507,8508,True
2024.10.14_14-07-18_Biarmipes84_1hexanol,8510,8510,True
2024.10.14_14-07-18_Biarmipes84_1hexanol,8512,8512,True
2024.10.14_14-07-18_Biarmipes84_1hexanol,8514,8516,True
2024.10.14_14-07-18_Biarmipes84_1hexanol,8519,8519,True
2024.10.14_14-07-18_Biarmipes84_1hexanol,8521,8524,True
2024.10.14_14-07-18_Biarmipes84_1hexanol,8527,8531,True
2024.10.14_14-07-18_Biarmipes84_1hexanol,8533,8539,True
2024.10.14_14-07-18_Biarmipes84_1hexanol,8546,8546,True
2024.10.14_14-07-18_Biarmipes84_1hexanol,8548,8551,True
2024.10.14_14-07-18_Biarmipes84_1hexanol,8553,8553,True
2024.10.14_14-07-18_Biarmipes84_1hexanol,8556,8560,True
2024.10.14_14-07-18_Biarmipes84_1hexanol,8579,8584,True
2024.10.14_14-07-18_Biarmipes84_1hexanol,8586,8587,True
2024.10.14_14-07-18_Biarmipes84_1hexanol,8589,8592,True
2024.10.14_14-07-18_Biarmipes84_1hexanol,8594,8594,True
2024.10.14_14-07-18_Biarmipes84_1hexanol,8602,8719,True
2024.10.14_14-07-18_Biarmipes84_1hexanol,8721,8727,True
2024.10.14_14-07-18_Biarmipes84_1hexanol,8729,8737,True
2024.10.14_14-07-18_Biarmipes84_1hexanol,8739,8749,True
2024.10.14_14-07-18_Biarmipes84_1hexanol,8751,8756,True
2024.10.14_14-07-18_Biarmipes84_1hexanol,8758,8759,True
2024.10.14_14-07-18_Biarmipes84_1hexanol,8761,8763,True
2024.10.14_14-07-18_Biarmipes84_1hexanol,8765,8765,True
2024.10.14_14-07-18_Biarmipes84_1hexanol,8770,8782,True
2024.10.14_14-07-18_Biarmipes84_1hexanol,8785,8786,True
2024.10.14_14-07-18_Biarmipes84_1hexanol,8788,8790,True
2024.10.14_14-07-18_Biarmipes84_1hexanol,8792,8793,True
2024.10.14_14-07-18_Biarmipes84_1hexanol,8795,8803,True
2024.10.14_14-07-18_Biarmipes84_1hexanol,8805,8808,True
2024.10.14_14-07-18_Biarmipes84_1hexanol,8810,8837,True
2024.10.11_15-30-33_Stocago_2hexanol,3,1105,True
2024.10.11_15-30-33_Stocago_2hexanol,1129,1136,True
2024.10.11_15-30-33_Stocago_2hexanol,1154,1410,True
2024.10.11_15-30-33_Stocago_2hexanol,1423,1490,True
2024.10.11_15-30-33_Stocago_2hexanol,1514,1568,True
2024.10.11_15-30-33_Stocago_2hexanol,1573,1733,True
2024.10.11_15-30-33_Stocago_2hexanol,1749,1772,True
2024.10.11_15-30-33_Stocago_2hexanol,1779,1821,True
2024.10.11_15-30-33_Stocago_2hexanol,1853,1862,True
2024.10.11_15-30-33_Stocago_2hexanol,1881,1914,True
2024.10.11_15-30-33_Stocago_2hexanol,1947,1948,True
2024.10.11_15-30-33_Stocago_2hexanol,1950,2123,True
2024.10.11_15-30-33_Stocago_2hexanol,2665,3204,True
2024.10.11_15-30-33_Stocago_2hexanol,3795,4648,True
2024.10.11_15-30-33_Stocago_2hexanol,5283,5793,True
2024.10.11_15-30-33_Stocago_2hexanol,6882,7304,True
2024.10.11_15-30-33_Stocago_2hexanol,7322,7469,True
2024.10.11_15-30-33_Stocago_2hexanol,8146,8261,True
2024.10.11_15-30-33_Stocago_2hexanol,8264,8345,True
2024.10.11_15-30-33_Stocago_2hexanol,8419,8420,True
2024.10.11_15-30-33_Stocago_2hexanol,8621,8625,True
2024.10.11_15-30-33_Stocago_2hexanol,8647,8647,True
2024.09.30_10-40-26_Stocago_no_odor,974,2646,True
2024.09.30_10-40-26_Stocago_no_odor,2649,2656,True
2024.09.30_10-40-26_Stocago_no_odor,2658,2663,True
2024.09.30_10-40-26_Stocago_no_odor,2665,2669,True
2024.09.30_10-40-26_Stocago_no_odor,2671,2672,True
2024.09.30_10-40-26_Stocago_no_odor,2674,2685,True
2024.09.30_10-40-26_Stocago_no_odor,2687,2690,True
2024.09.30_10-40-26_Stocago_no_odor,2692,2692,True
2024.09.30_10-40-26_Stocago_no_odor,2694,2702,True
2024.09.30_10-40-26_Stocago_no_odor,2704,2725,True
2024.09.30_10-40-26_Stocago_no_odor,2729,2732,True
2024.09.30_10-40-26_Stocago_no_odor,2734,2742,True
2024.09.30_10-40-26_Stocago_no_odor,2745,2751,True
2024.09.30_10-40-26_Stocago_no_odor,2753,2757,True
2024.09.30_10-40-26_Stocago_no_odor,2763,2763,True
2024.09.30_10-40-26_Stocago_no_odor,2766,2766,True
2024.09.30_10-40-26_Stocago_no_odor,2768,2772,True
2024.09.30_10-40-26_Stocago_no_odor,2774,2774,True
2024.09.30_10-40-26_Stocago_no_odor,2776,2779,True
2024.09.30_10-40-26_Stocago_no_odor,2781,3715,True
2024.09.30_10-40-26_Stocago_no_odor,5354,5767,True
2024.09.30_10-40-26_Stocago_no_odor,6338,6715,True
2024.11.13_02-31-36_Sechellia28_e2hex,1274,1275,True
2024.11.13_02-31-36_Sechellia28_e2hex,1279,1280,True
2024.11.13_02-31-36_Sechellia28_e2hex,1283,1285,True
2024.11.13_02-31-36_Sechellia28_e2hex,1290,1290,True
2024.11.13_02-31-36_Sechellia28_e2hex,1292,1293,True
2024.11.13_02-31-36_Sechellia28_e2hex,1295,1295,True
2024.11.13_02-31-36_Sechellia28_e2hex,1328,1333,True
2024.11.13_02-31-36_Sechellia28_e2hex,1335,1337,True
2024.11.13_02-31-36_Sechellia28_e2hex,1339,1356,True
2024.11.13_02-31-36_Sechellia28_e2hex,1358,1358,True
2024.11.13_02-31-36_Sechellia28_e2hex,1360,1360,True
2024.11.13_02-31-36_Sechellia28_e2hex,1364,1364,True
2024.11.13_02-31-36_Sechellia28_e2hex,1402,1402,True
2024.11.13_02-31-36_Sechellia28_e2hex,1407,1408,True
2024.11.13_02-31-36_Sechellia28_e2hex,1416,1416,True
2024.11.13_02-31-36_Sechellia28_e2hex,1419,1420,True
2024.11.13_02-31-36_Sechellia28_e2hex,1422,1423,True
2024.11.13_02-31-36_Sechellia28_e2hex,1425,1426,True
2024.11.13_02-31-36_Sechellia28_e2hex,1429,1429,True
2024.11.13_02-31-36_Sechellia28_e2hex,1431,1431,True
2024.11.13_02-31-36_Sechellia28_e2hex,1433,1433,True
2024.11.13_02-31-36_Sechellia28_e2hex,1435,1467,True
2024.11.13_02-31-36_Sechellia28_e2hex,1469,1478,True
2024.11.13_02-31-36_Sechellia28_e2hex,1505,1506,True
2024.11.13_02-31-36_Sechellia28_e2hex,1508,1509,True
2024.11.13_02-31-36_Sechellia28_e2hex,1512,1512,True
2024.11.13_02-31-36_Sechellia28_e2hex,1518,1518,True
2024.11.13_02-31-36_Sechellia28_e2hex,1520,1524,True
2024.11.13_02-31-36_Sechellia28_e2hex,1526,1526,True
2024.11.13_02-31-36_Sechellia28_e2hex,1528,1528,True
2024.11.13_02-31-36_Sechellia28_e2hex,1541,1543,True
2024.11.13_02-31-36_Sechellia28_e2hex,1552,1552,True
2024.11.13_02-31-36_Sechellia28_e2hex,1555,1555,True
2024.11.13_02-31-36_Sechellia28_e2hex,1558,1562,True
2024.11.13_02-31-36_Sechellia28_e2hex,1564,1572,True
2024.11.13_02-31-36_Sechellia28_e2hex,1576,1576,True
2024.11.13_02-31-36_Sechellia28_e2hex,1595,1595,True
2024.11.13_02-31-36_Sechellia28_e2hex,1599,1599,True
2024.11.13_02-31-36_Sechellia28_e2hex,1610,1612,True
2024.11.13_02-31-36_Sechellia28_e2hex,1670,2253,True
2024.11.13_02-31-36_Sechellia28_e2hex,2255,2264,True
2024.11.13_02-31-36_Sechellia28_e2hex,2266,2268,True
2024.11.13_02-31-36_Sechellia28_e2hex,2270,2277,True
2024.11.13_02-31-36_Sechellia28_e2hex,2279,2283,True
2024.11.13_02-31-36_Sechellia28_e2hex,2285,2289,True
2024.11.13_02-31-36_Sechellia28_e2hex,2294,2296,True
2024.11.13_02-31-36_Sechellia28_e2hex,2298,2307,True
2024.11.13_02-31-36_Sechellia28_e2hex,2309,2320,True
2024.11.13_02-31-36_Sechellia28_e2hex,2322,2326,True
2024.11.13_02-31-36_Sechellia28_e2hex,2328,2347,True
2024.11.13_02-31-36_Sechellia28_e2hex,2349,2349,True
2024.11.13_02-31-36_Sechellia28_e2hex,2351,2352,True
2024.11.13_02-31-36_Sechellia28_e2hex,2356,2361,True
2024.11.13_02-31-36_Sechellia28_e2hex,2363,2363,True
2024.11.13_02-31-36_Sechellia28_e2hex,2365,2368,True
2024.11.13_02-31-36_Sechellia28_e2hex,2370,2385,True
2024.11.13_02-31-36_Sechellia28_e2hex,2387,2389,True
2024.11.13_02-31-36_Sechellia28_e2hex,2391,2394,True
2024.11.13_02-31-36_Sechellia28_e2hex,2396,2398,True
2024.11.13_02-31-36_Sechellia28_e2hex,2400,2405,True
2024.11.13_02-31-36_Sechellia28_e2hex,2407,2408,True
2024.11.13_02-31-36_Sechellia28_e2hex,2410,2432,True
2024.11.13_02-31-36_Sechellia28_e2hex,2434,2439,True
2024.11.13_02-31-36_Sechellia28_e2hex,2441,2443,True
2024.11.13_02-31-36_Sechellia28_e2hex,2445,2455,True
2024.11.13_02-31-36_Sechellia28_e2hex,2457,2461,True
2024.11.13_02-31-36_Sechellia28_e2hex,2463,2465,True
2024.11.13_02-31-36_Sechellia28_e2hex,2467,2471,True
2024.11.13_02-31-36_Sechellia28_e2hex,2473,2475,True
2024.11.13_02-31-36_Sechellia28_e2hex,2477,2480,True
2024.11.13_02-31-36_Sechellia28_e2hex,2482,2487,True
2024.11.13_02-31-36_Sechellia28_e2hex,2490,2492,True
2024.11.13_02-31-36_Sechellia28_e2hex,2494,2495,True
2024.11.13_02-31-36_Sechellia28_e2hex,2497,2507,True
2024.11.13_02-31-36_Sechellia28_e2hex,2509,2519,True
2024.11.13_02-31-36_Sechellia28_e2hex,2521,2530,True
2024.11.13_02-31-36_Sechellia28_e2hex,2532,2540,True
2024.11.13_02-31-36_Sechellia28_e2hex,2543,2547,True
2024.11.13_02-31-36_Sechellia28_e2hex,2549,2553,True
2024.11.13_02-31-36_Sechellia28_e2hex,2557,2559,True
2024.11.13_02-31-36_Sechellia28_e2hex,2562,2565,True
2024.11.13_02-31-36_Sechellia28_e2hex,2573,2573,True
2024.11.13_02-31-36_Sechellia28_e2hex,2577,2578,True
2024.11.13_02-31-36_Sechellia28_e2hex,2580,2580,True
2024.11.13_02-31-36_Sechellia28_e2hex,2582,2582,True
2024.11.13_02-31-36_Sechellia28_e2hex,2585,2585,True
2024.11.13_02-31-36_Sechellia28_e2hex,2587,2587,True
2024.11.13_02-31-36_Sechellia28_e2hex,2592,2592,True
2024.11.13_02-31-36_Sechellia28_e2hex,2595,2595,True
2024.11.13_02-31-36_Sechellia28_e2hex,2598,2600,True
2024.11.13_02-31-36_Sechellia28_e2hex,2602,2602,True
2024.11.13_02-31-36_Sechellia28_e2hex,2604,2605,True
2024.11.13_02-31-36_Sechellia28_e2hex,2607,2608,True
2024.11.13_02-31-36_Sechellia28_e2hex,2610,2613,True
2024.11.13_02-31-36_Sechellia28_e2hex,2615,2615,True
2024.11.13_02-31-36_Sechellia28_e2hex,2617,2617,True
2024.11.13_02-31-36_Sechellia28_e2hex,2621,2622,True
2024.11.13_02-31-36_Sechellia28_e2hex,2626,2626,True
2024.11.13_02-31-36_Sechellia28_e2hex,2631,2634,True
2024.11.13_02-31-36_Sechellia28_e2hex,2636,2636,True
2024.11.13_02-31-36_Sechellia28_e2hex,2638,2640,True
2024.11.13_02-31-36_Sechellia28_e2hex,2645,2645,True
2024.11.13_02-31-36_Sechellia28_e2hex,2648,2648,True
2024.11.13_02-31-36_Sechellia28_e2hex,2651,2652,True
2024.11.13_02-31-36_Sechellia28_e2hex,2654,2654,True
2024.11.13_02-31-36_Sechellia28_e2hex,2656,2656,True
2024.11.13_02-31-36_Sechellia28_e2hex,2658,2659,True
2024.11.13_02-31-36_Sechellia28_e2hex,2670,2680,True
2024.11.13_02-31-36_Sechellia28_e2hex,2682,2683,True
2024.11.13_02-31-36_Sechellia28_e2hex,2686,2686,True
2024.11.13_02-31-36_Sechellia28_e2hex,2694,2694,True
2024.11.13_02-31-36_Sechellia28_e2hex,2697,2698,True
2024.11.13_02-31-36_Sechellia28_e2hex,2700,2701,True
2024.11.13_02-31-36_Sechellia28_e2hex,2704,2708,True
2024.11.13_02-31-36_Sechellia28_e2hex,2710,2711,True
2024.11.13_02-31-36_Sechellia28_e2hex,2713,2719,True
2024.11.13_02-31-36_Sechellia28_e2hex,2721,2721,True
2024.11.13_02-31-36_Sechellia28_e2hex,2723,2723,True
2024.11.13_02-31-36_Sechellia28_e2hex,2727,2731,True
2024.11.13_02-31-36_Sechellia28_e2hex,2734,2734,True
2024.11.13_02-31-36_Sechellia28_e2hex,2736,2736,True
2024.11.13_02-31-36_Sechellia28_e2hex,2738,2738,True
2024.11.13_02-31-36_Sechellia28_e2hex,2741,2741,True
2024.11.13_02-31-36_Sechellia28_e2hex,2744,2745,True
2024.11.13_02-31-36_Sechellia28_e2hex,2747,2749,True
2024.11.13_02-31-36_Sechellia28_e2hex,2751,2754,True
2024.11.13_02-31-36_Sechellia28_e2hex,2759,2763,True
2024.11.13_02-31-36_Sechellia28_e2hex,2767,2770,True
2024.11.13_02-31-36_Sechellia28_e2hex,2772,2803,True
2024.11.13_02-31-36_Sechellia28_e2hex,2805,2830,True
2024.11.13_02-31-36_Sechellia28_e2hex,2832,2860,True
2024.11.13_02-31-36_Sechellia28_e2hex,2862,2866,True
2024.11.13_02-31-36_Sechellia28_e2hex,2868,2869,True
2024.11.13_02-31-36_Sechellia28_e2hex,2871,2874,True
2024.11.13_02-31-36_Sechellia28_e2hex,2877,2877,True
2024.11.13_02-31-36_Sechellia28_e2hex,2879,2882,True
2024.11.13_02-31-36_Sechellia28_e2hex,2884,2886,True
2024.11.13_02-31-36_Sechellia28_e2hex,2888,2888,True
2024.11.13_02-31-36_Sechellia28_e2hex,2893,2893,True
2024.11.13_02-31-36_Sechellia28_e2hex,2899,2899,True
2024.11.13_02-31-36_Sechellia28_e2hex,2902,2904,True
2024.11.13_02-31-36_Sechellia28_e2hex,2910,2912,True
2024.11.13_02-31-36_Sechellia28_e2hex,2914,2916,True
2024.11.13_02-31-36_Sechellia28_e2hex,2919,2920,True
2024.11.13_02-31-36_Sechellia28_e2hex,2922,2923,True
2024.11.13_02-31-36_Sechellia28_e2hex,2925,2926,True
2024.11.13_02-31-36_Sechellia28_e2hex,2930,2930,True
2024.11.13_02-31-36_Sechellia28_e2hex,2932,2932,True
2024.11.13_02-31-36_Sechellia28_e2hex,2934,2934,True
2024.11.13_02-31-36_Sechellia28_e2hex,2937,2938,True
2024.11.13_02-31-36_Sechellia28_e2hex,2942,2945,True
2024.11.13_02-31-36_Sechellia28_e2hex,2950,2951,True
2024.11.13_02-31-36_Sechellia28_e2hex,2953,2954,True
2024.11.13_02-31-36_Sechellia28_e2hex,2957,2958,True
2024.11.13_02-31-36_Sechellia28_e2hex,2961,2965,True
2024.11.13_02-31-36_Sechellia28_e2hex,2968,2968,True
2024.11.13_02-31-36_Sechellia28_e2hex,2970,2970,True
2024.11.13_02-31-36_Sechellia28_e2hex,2976,2979,True
2024.11.13_02-31-36_Sechellia28_e2hex,2988,2988,True
2024.11.13_02-31-36_Sechellia28_e2hex,2990,2990,True
2024.11.13_02-31-36_Sechellia28_e2hex,2992,3020,True
2024.11.13_02-31-36_Sechellia28_e2hex,3036,3039,True
2024.11.13_02-31-36_Sechellia28_e2hex,3041,3044,True
2024.11.13_02-31-36_Sechellia28_e2hex,3047,3068,True
2024.11.13_02-31-36_Sechellia28_e2hex,3070,3094,True
2024.11.13_02-31-36_Sechellia28_e2hex,3096,3129,True
2024.11.13_02-31-36_Sechellia28_e2hex,3131,3139,True
2024.11.13_02-31-36_Sechellia28_e2hex,3141,3146,True
2024.11.13_02-31-36_Sechellia28_e2hex,3148,3150,True
2024.11.13_02-31-36_Sechellia28_e2hex,3152,3154,True
2024.11.13_02-31-36_Sechellia28_e2hex,3156,3157,True
2024.11.13_02-31-36_Sechellia28_e2hex,3160,3160,True
2024.11.13_02-31-36_Sechellia28_e2hex,3162,3165,True
2024.11.13_02-31-36_Sechellia28_e2hex,3167,3168,True
2024.11.13_02-31-36_Sechellia28_e2hex,3170,3171,True
2024.11.13_02-31-36_Sechellia28_e2hex,3173,3185,True
2024.11.13_02-31-36_Sechellia28_e2hex,3187,3187,True
2024.11.13_02-31-36_Sechellia28_e2hex,3189,3193,True
2024.11.13_02-31-36_Sechellia28_e2hex,3195,3197,True
2024.11.13_02-31-36_Sechellia28_e2hex,3199,3202,True
2024.11.13_02-31-36_Sechellia28_e2hex,3204,3215,True
2024.11.13_02-31-36_Sechellia28_e2hex,3217,3218,True
2024.11.13_02-31-36_Sechellia28_e2hex,3220,3220,True
2024.11.13_02-31-36_Sechellia28_e2hex,3223,3223,True
2024.11.13_02-31-36_Sechellia28_e2hex,3225,3226,True
2024.11.13_02-31-36_Sechellia28_e2hex,3229,3229,True
2024.11.13_02-31-36_Sechellia28_e2hex,3232,3236,True
2024.11.13_02-31-36_Sechellia28_e2hex,3238,3243,True
2024.11.13_02-31-36_Sechellia28_e2hex,3245,3248,True
2024.11.13_02-31-36_Sechellia28_e2hex,3250,3252,True
2024.11.13_02-31-36_Sechellia28_e2hex,3255,3258,True
2024.11.13_02-31-36_Sechellia28_e2hex,3261,3264,True
2024.11.13_02-31-36_Sechellia28_e2hex,3266,3270,True
2024.11.13_02-31-36_Sechellia28_e2hex,3273,3278,True
2024.11.13_02-31-36_Sechellia28_e2hex,3280,3280,True
2024.11.13_02-31-36_Sechellia28_e2hex,3282,3282,True
2024.11.13_02-31-36_Sechellia28_e2hex,3284,3284,True
2024.11.13_02-31-36_Sechellia28_e2hex,3287,3289,True
2024.11.13_02-31-36_Sechellia28_e2hex,3291,3293,True
2024.11.13_02-31-36_Sechellia28_e2hex,3295,3296,True
2024.11.13_02-31-36_Sechellia28_e2hex,3298,3302,True
2024.11.13_02-31-36_Sechellia28_e2hex,3304,3304,True
2024.11.13_02-31-36_Sechellia28_e2hex,3306,3306,True
2024.11.13_02-31-36_Sechellia28_e2hex,3308,3312,True
2024.11.13_02-31-36_Sechellia28_e2hex,3315,3317,True
2024.11.13_02-31-36_Sechellia28_e2hex,3320,3324,True
2024.11.13_02-31-36_Sechellia28_e2hex,3326,3330,True
2024.11.13_02-31-36_Sechellia28_e2hex,3333,3333,True
2024.11.13_02-31-36_Sechellia28_e2hex,3337,3340,True
2024.11.13_02-31-36_Sechellia28_e2hex,3343,3343,True
2024.11.13_02-31-36_Sechellia28_e2hex,3761,3768,True
2024.11.13_02-31-36_Sechellia28_e2hex,3770,3770,True
2024.11.13_02-31-36_Sechellia28_e2hex,3772,3774,True
2024.11.13_02-31-36_Sechellia28_e2hex,3776,3779,True
2024.11.13_02-31-36_Sechellia28_e2hex,3781,3781,True
2024.11.13_02-31-36_Sechellia28_e2hex,3792,3792,True
2024.11.13_02-31-36_Sechellia28_e2hex,3794,3796,True
2024.11.13_02-31-36_Sechellia28_e2hex,3800,3800,True
2024.11.13_02-31-36_Sechellia28_e2hex,3802,3802,True
2024.11.13_02-31-36_Sechellia28_e2hex,3923,3923,True
2024.11.13_02-31-36_Sechellia28_e2hex,3925,3926,True
2024.11.13_02-31-36_Sechellia28_e2hex,3929,3930,True
2024.11.13_02-31-36_Sechellia28_e2hex,3932,3932,True
2024.11.13_02-31-36_Sechellia28_e2hex,3941,3948,True
2024.11.13_02-31-36_Sechellia28_e2hex,3950,3953,True
2024.11.13_02-31-36_Sechellia28_e2hex,4024,4024,True
2024.11.13_02-31-36_Sechellia28_e2hex,4031,4073,True
2024.11.13_02-31-36_Sechellia28_e2hex,4076,4080,True
2024.11.13_02-31-36_Sechellia28_e2hex,4082,4110,True
2024.11.13_02-31-36_Sechellia28_e2hex,4112,4115,True
2024.11.13_02-31-36_Sechellia28_e2hex,4117,4131,True
2024.11.13_02-31-36_Sechellia28_e2hex,4134,4138,True
2024.11.13_02-31-36_Sechellia28_e2hex,4140,4145,True
2024.11.13_02-31-36_Sechellia28_e2hex,4149,4150,True
2024.11.13_02-31-36_Sechellia28_e2hex,4152,4153,True
2024.11.13_02-31-36_Sechellia28_e2hex,4156,4161,True
2024.11.13_02-31-36_Sechellia28_e2hex,4165,4165,True
2024.11.13_02-31-36_Sechellia28_e2hex,4168,4168,True
2024.11.13_02-31-36_Sechellia28_e2hex,4171,4175,True
2024.11.13_02-31-36_Sechellia28_e2hex,4177,4179,True
2024.11.13_02-31-36_Sechellia28_e2hex,4181,4182,True
2024.11.13_02-31-36_Sechellia28_e2hex,4185,4187,True
2024.11.13_02-31-36_Sechellia28_e2hex,4189,4190,True
2024.11.13_02-31-36_Sechellia28_e2hex,4195,4195,True
2024.11.13_02-31-36_Sechellia28_e2hex,4197,4199,True
2024.11.13_02-31-36_Sechellia28_e2hex,4201,4203,True
2024.11.13_02-31-36_Sechellia28_e2hex,4205,4210,True
2024.11.13_02-31-36_Sechellia28_e2hex,4212,4212,True
2024.11.13_02-31-36_Sechellia28_e2hex,4217,4217,True
2024.11.13_02-31-36_Sechellia28_e2hex,4219,4220,True
2024.11.13_02-31-36_Sechellia28_e2hex,4225,4228,True
2024.11.13_02-31-36_Sechellia28_e2hex,4230,4236,True
2024.11.13_02-31-36_Sechellia28_e2hex,4239,4240,True
2024.11.13_02-31-36_Sechellia28_e2hex,4242,4242,True
2024.11.13_02-31-36_Sechellia28_e2hex,4244,4248,True
2024.11.13_02-31-36_Sechellia28_e2hex,4250,4253,True
2024.11.13_02-31-36_Sechellia28_e2hex,4255,4264,True
2024.11.13_02-31-36_Sechellia28_e2hex,4267,4294,True
2024.11.13_02-31-36_Sechellia28_e2hex,4296,4330,True
2024.11.13_02-31-36_Sechellia28_e2hex,4373,4373,True
2024.11.13_02-31-36_Sechellia28_e2hex,4375,4388,True
2024.11.13_02-31-36_Sechellia28_e2hex,4498,4507,True
2024.11.13_02-31-36_Sechellia28_e2hex,4509,4517,True
2024.11.13_02-31-36_Sechellia28_e2hex,4520,4520,True
2024.11.13_02-31-36_Sechellia28_e2hex,4526,4529,True
2024.11.13_02-31-36_Sechellia28_e2hex,4531,4538,True
2024.11.13_02-31-36_Sechellia28_e2hex,4540,4540,True
2024.11.13_02-31-36_Sechellia28_e2hex,4542,4542,True
2024.11.13_02-31-36_Sechellia28_e2hex,4544,4544,True
2024.11.13_02-31-36_Sechellia28_e2hex,4564,4564,True
2024.11.13_02-31-36_Sechellia28_e2hex,4590,4590,True
2024.11.13_02-31-36_Sechellia28_e2hex,4592,4593,True
2024.11.13_02-31-36_Sechellia28_e2hex,4595,4598,True
2024.11.13_02-31-36_Sechellia28_e2hex,4600,4602,True
2024.11.13_02-31-36_Sechellia28_e2hex,4604,4604,True
2024.11.13_02-31-36_Sechellia28_e2hex,4931,4954,True
2024.11.13_02-31-36_Sechellia28_e2hex,4998,5022,True
2024.11.13_02-31-36_Sechellia28_e2hex,6035,6035,True
2024.11.13_02-31-36_Sechellia28_e2hex,6129,6137,True
2024.11.13_02-31-36_Sechellia28_e2hex,6529,6549,True
2024.11.13_02-31-36_Sechellia28_e2hex,6623,6626,True
2024.11.13_02-31-36_Sechellia28_e2hex,6651,6704,True
2024.11.13_02-31-36_Sechellia28_e2hex,6706,6805,True
2024.11.13_02-31-36_Sechellia28_e2hex,6897,6903,True
2024.11.13_02-31-36_Sechellia28_e2hex,6945,6946,True
2024.11.13_02-31-36_Sechellia28_e2hex,6948,6953,True
2024.11.13_02-31-36_Sechellia28_e2hex,6988,6991,True
2024.11.13_02-31-36_Sechellia28_e2hex,7004,7012,True
2024.11.13_02-31-36_Sechellia28_e2hex,7017,7017,True
2024.11.13_02-31-36_Sechellia28_e2hex,7019,7019,True
2024.11.13_02-31-36_Sechellia28_e2hex,7064,7080,True
2024.11.13_02-31-36_Sechellia28_e2hex,7091,7113,True
2024.11.13_02-31-36_Sechellia28_e2hex,7187,7192,True
2024.11.13_02-31-36_Sechellia28_e2hex,7194,7194,True
2024.11.13_02-31-36_Sechellia28_e2hex,7196,7205,True
2024.11.13_02-31-36_Sechellia28_e2hex,7208,7228,True
2024.11.13_02-31-36_Sechellia28_e2hex,7230,7230,True
2024.11.13_02-31-36_Sechellia28_e2hex,7232,7261,True
2024.11.13_02-31-36_Sechellia28_e2hex,7263,7270,True
2024.11.13_02-31-36_Sechellia28_e2hex,7272,7285,True
2024.11.13_02-31-36_Sechellia28_e2hex,7287,7289,True
2024.11.13_02-31-36_Sechellia28_e2hex,7291,7292,True
2024.11.13_02-31-36_Sechellia28_e2hex,7294,7313,True
2024.11.13_02-31-36_Sechellia28_e2hex,7315,7320,True
2024.11.13_02-31-36_Sechellia28_e2hex,7322,7361,True
2024.11.13_02-31-36_Sechellia28_e2hex,7363,7364,True
2024.11.13_02-31-36_Sechellia28_e2hex,7366,7413,True
2024.11.13_02-31-36_Sechellia28_e2hex,7415,7422,True
2024.11.13_02-31-36_Sechellia28_e2hex,7425,7433,True
2024.11.13_02-31-36_Sechellia28_e2hex,7435,7436,True
2024.11.13_02-31-36_Sechellia28_e2hex,7442,7442,True
2024.11.13_02-31-36_Sechellia28_e2hex,7444,7669,True
2024.11.13_02-31-36_Sechellia28_e2hex,7727,7732,True
2024.11.13_02-31-36_Sechellia28_e2hex,7734,7743,True
2024.11.13_02-31-36_Sechellia28_e2hex,7769,7775,True
2024.11.13_02-31-36_Sechellia28_e2hex,7799,7825,True
2024.11.13_02-31-36_Sechellia28_e2hex,7827,7851,True
2024.11.13_02-31-36_Sechellia28_e2hex,7853,7917,True
2024.11.13_02-31-36_Sechellia28_e2hex,7919,7921,True
2024.11.13_02-31-36_Sechellia28_e2hex,7923,7926,True
2024.11.13_02-31-36_Sechellia28_e2hex,7928,7929,True
2024.11.13_02-31-36_Sechellia28_e2hex,7931,7932,True
2024.11.13_02-31-36_Sechellia28_e2hex,7934,7951,True
2024.11.13_02-31-36_Sechellia28_e2hex,7953,7966,True
2024.11.13_02-31-36_Sechellia28_e2hex,7968,8718,True
2024.11.13_02-31-36_Sechellia28_e2hex,8720,8755,True
2024.11.13_02-31-36_Sechellia28_e2hex,8758,8760,True
2024.11.13_02-31-36_Sechellia28_e2hex,8763,8763,True
2024.11.13_02-31-36_Sechellia28_e2hex,8765,8771,True
2024.11.13_02-31-36_Sechellia28_e2hex,8774,8774,True
2024.11.13_02-31-36_Sechellia28_e2hex,8776,8784,True
2024.07.10_17-44-43_CantonS (E-2-Hex),2052,2052,True
2024.07.10_17-44-43_CantonS (E-2-Hex),2061,2061,True
2024.07.10_17-44-43_CantonS (E-2-Hex),2063,2063,True
2024.07.10_17-44-43_CantonS (E-2-Hex),2070,2070,True
2024.07.10_17-44-43_CantonS (E-2-Hex),2075,2075,True
2024.07.10_17-44-43_CantonS (E-2-Hex),2079,2088,True
2024.07.10_17-44-43_CantonS (E-2-Hex),2108,2108,True
2024.07.10_17-44-43_CantonS (E-2-Hex),2114,2114,True
2024.07.10_17-44-43_CantonS (E-2-Hex),2120,2120,True
2024.07.10_17-44-43_CantonS (E-2-Hex),2148,2148,True
2024.07.10_17-44-43_CantonS (E-2-Hex),2167,2167,True
2024.07.10_17-44-43_CantonS (E-2-Hex),2169,2169,True
2024.07.10_17-44-43_CantonS (E-2-Hex),2186,2203,True
2024.07.10_17-44-43_CantonS (E-2-Hex),2236,2236,True
2024.07.10_17-44-43_CantonS (E-2-Hex),2389,5154,True
2024.07.10_17-44-43_CantonS (E-2-Hex),5165,5184,True
2024.07.10_17-44-43_CantonS (E-2-Hex),5186,5190,True
2024.07.10_17-44-43_CantonS (E-2-Hex),5368,5368,True
2024.07.10_17-44-43_CantonS (E-2-Hex),5381,5381,True
2024.07.10_17-44-43_CantonS (E-2-Hex),5383,5385,True
2024.07.10_17-44-43_CantonS (E-2-Hex),5388,5388,True
2024.07.10_17-44-43_CantonS (E-2-Hex),5394,5395,True
2024.07.10_17-44-43_CantonS (E-2-Hex),5399,5399,True
2024.07.10_17-44-43_CantonS (E-2-Hex),5402,5404,True
2024.07.10_17-44-43_CantonS (E-2-Hex),5413,5413,True
2024.07.10_17-44-43_CantonS (E-2-Hex),5415,5419,True
2024.07.10_17-44-43_CantonS (E-2-Hex),5449,5449,True
2024.07.10_17-44-43_CantonS (E-2-Hex),5461,5461,True
2024.07.10_17-44-43_CantonS (E-2-Hex),5464,5464,True
2024.07.10_17-44-43_CantonS (E-2-Hex),5474,5474,True
2024.07.10_17-44-43_CantonS (E-2-Hex),5477,5483,True
2024.07.10_17-44-43_CantonS (E-2-Hex),5485,5485,True
2024.07.10_17-44-43_CantonS (E-2-Hex),5489,5526,True
2024.07.10_17-44-43_CantonS (E-2-Hex),5537,5540,True
2024.07.10_17-44-43_CantonS (E-2-Hex),5547,5569,True
2024.07.10_17-44-43_CantonS (E-2-Hex),5592,5614,True
2024.07.10_17-44-43_CantonS (E-2-Hex),5629,5631,True
2024.07.10_17-44-43_CantonS (E-2-Hex),5642,5664,True
2024.07.10_17-44-43_CantonS (E-2-Hex),5997,6001,True
2024.07.10_17-44-43_CantonS (E-2-Hex),6029,6036,True
2024.07.10_17-44-43_CantonS (E-2-Hex),6058,6061,True
2024.07.10_17-44-43_CantonS (E-2-Hex),6074,6090,True
2024.07.10_17-44-43_CantonS (E-2-Hex),6103,6104,True
2024.07.10_17-44-43_CantonS (E-2-Hex),6121,6124,True
2024.07.10_17-44-43_CantonS (E-2-Hex),6130,6132,True
2024.07.10_17-44-43_CantonS (E-2-Hex),6151,6154,True
2024.07.10_17-44-43_CantonS (E-2-Hex),6632,6649,True
2024.07.10_17-44-43_CantonS (E-2-Hex),6753,7519,True
2024.07.10_17-44-43_CantonS (E-2-Hex),7982,8009,True
2024.07.10_17-44-43_CantonS (E-2-Hex),8012,8012,True
2024.07.10_17-44-43_CantonS (E-2-Hex),8014,8032,True
2024.07.10_17-44-43_CantonS (E-2-Hex),8036,8036,True
2024.07.10_17-44-43_CantonS (E-2-Hex),8049,8052,True
2024.07.10_17-44-43_CantonS (E-2-Hex),8062,8086,True
2024.07.10_17-44-43_CantonS (E-2-Hex),8107,8107,True
2024.07.10_17-44-43_CantonS (E-2-Hex),8114,8136,True
2024.07.10_17-44-43_CantonS (E-2-Hex),8188,8189,True
2024.07.10_17-44-43_CantonS (E-2-Hex),8191,8194,True
2024.07.10_17-44-43_CantonS (E-2-Hex),8206,8800,True
2024.07.10_17-44-43_CantonS (E-2-Hex),8802,8999,True
2024.10.31_08-49-21_sto_car_prenac,705,723,True
2024.10.31_08-49-21_sto_car_prenac,731,3382,True
2024.10.31_08-49-21_sto_car_prenac,3385,3394,True
2024.10.31_08-49-21_sto_car_prenac,3463,3482,True
2024.10.31_08-49-21_sto_car_prenac,3485,4931,True
2024.10.31_08-49-21_sto_car_prenac,6217,6300,True
2024.10.31_08-49-21_sto_car_prenac,6326,6396,True
2024.10.31_08-49-21_sto_car_prenac,6398,6399,True
2024.10.31_08-49-21_sto_car_prenac,6418,6477,True
2024.10.31_08-49-21_sto_car_prenac,6533,6545,True
2024.10.31_08-49-21_sto_car_prenac,6550,6575,True
2024.10.31_08-49-21_sto_car_prenac,6746,6766,True
2024.10.31_08-49-21_sto_car_prenac,6770,6924,True
2024.07.08_12-32-46_Riverside (no odor),953,954,True
2024.07.08_12-32-46_Riverside (no odor),977,977,True
2024.07.08_12-32-46_Riverside (no odor),1124,1124,True
2024.07.08_12-32-46_Riverside (no odor),1136,1136,True
2024.07.08_12-32-46_Riverside (no odor),1139,1142,True
2024.07.08_12-32-46_Riverside (no odor),1297,1297,True
2024.07.08_12-32-46_Riverside (no odor),1301,1304,True
2024.07.08_12-32-46_Riverside (no odor),1307,1308,True
2024.07.08_12-32-46_Riverside (no odor),1325,1390,True
2024.07.08_12-32-46_Riverside (no odor),1408,1822,True
2024.07.08_12-32-46_Riverside (no odor),1900,1900,True
2024.07.08_12-32-46_Riverside (no odor),1903,1904,True
2024.07.08_12-32-46_Riverside (no odor),2111,2146,True
2024.07.08_12-32-46_Riverside (no odor),2661,2689,True
2024.07.08_12-32-46_Riverside (no odor),2702,2704,True
2024.07.08_12-32-46_Riverside (no odor),2710,2973,True
2024.07.08_12-32-46_Riverside (no odor),3025,3323,True
2024.07.08_12-32-46_Riverside (no odor),3347,3347,True
2024.07.08_12-32-46_Riverside (no odor),3367,3367,True
2024.07.08_12-32-46_Riverside (no odor),4022,4044,True
2024.07.08_12-32-46_Riverside (no odor),4982,4982,True
2024.07.08_12-32-46_Riverside (no odor),5080,5080,True
2024.07.08_12-32-46_Riverside (no odor),5117,5117,True
2024.07.08_12-32-46_Riverside (no odor),5119,5119,True
2024.07.08_12-32-46_Riverside (no odor),5122,5123,True
2024.07.08_12-32-46_Riverside (no odor),5126,5126,True
2024.07.08_12-32-46_Riverside (no odor),5128,5128,True
2024.07.08_12-32-46_Riverside (no odor),5130,5130,True
2024.07.08_12-32-46_Riverside (no odor),5132,5134,True
2024.07.08_12-32-46_Riverside (no odor),5137,5142,True
2024.07.08_12-32-46_Riverside (no odor),5145,5149,True
2024.07.08_12-32-46_Riverside (no odor),5152,5155,True
2024.07.08_12-32-46_Riverside (no odor),5157,5158,True
2024.07.08_12-32-46_Riverside (no odor),5162,5166,True
2024.07.08_12-32-46_Riverside (no odor),5169,5171,True
2024.07.08_12-32-46_Riverside (no odor),5176,5180,True
2024.07.08_12-32-46_Riverside (no odor),5188,5215,True
2024.07.08_12-32-46_Riverside (no odor),5223,5225,True
2024.07.08_12-32-46_Riverside (no odor),5229,5232,True
2024.07.08_12-32-46_Riverside (no odor),5234,5236,True
2024.07.08_12-32-46_Riverside (no odor),5243,5310,True
2024.07.08_12-32-46_Riverside (no odor),5315,5321,True
2024.07.08_12-32-46_Riverside (no odor),5343,5346,True
2024.07.08_12-32-46_Riverside (no odor),5376,5376,True
2024.07.08_12-32-46_Riverside (no odor),5387,5387,True
2024.07.08_12-32-46_Riverside (no odor),5391,5392,True
2024.07.08_12-32-46_Riverside (no odor),5398,5398,True
2024.07.08_12-32-46_Riverside (no odor),5407,5411,True
2024.07.08_12-32-46_Riverside (no odor),5425,5432,True
2024.07.08_12-32-46_Riverside (no odor),5434,5435,True
2024.07.08_12-32-46_Riverside (no odor),5437,5438,True
2024.07.08_12-32-46_Riverside (no odor),5444,5444,True
2024.07.08_12-32-46_Riverside (no odor),5459,5460,True
2024.07.08_12-32-46_Riverside (no odor),5462,5462,True
2024.07.08_12-32-46_Riverside (no odor),5464,5465,True
2024.07.08_12-32-46_Riverside (no odor),5470,5470,True
2024.07.08_12-32-46_Riverside (no odor),5472,5473,True
2024.07.08_12-32-46_Riverside (no odor),5477,5477,True
2024.07.08_12-32-46_Riverside (no odor),5479,5480,True
2024.07.08_12-32-46_Riverside (no odor),5484,5484,True
2024.07.08_12-32-46_Riverside (no odor),5673,5673,True
2024.07.08_12-32-46_Riverside (no odor),5689,5689,True
2024.07.08_12-32-46_Riverside (no odor),5692,5692,True
2024.07.08_12-32-46_Riverside (no odor),5698,5699,True
2024.07.08_12-32-46_Riverside (no odor),5724,5724,True
2024.07.08_12-32-46_Riverside (no odor),5757,5759,True
2024.07.08_12-32-46_Riverside (no odor),5771,5771,True
2024.07.08_12-32-46_Riverside (no odor),5773,5777,True
2024.07.08_12-32-46_Riverside (no odor),5779,5779,True
2024.07.08_12-32-46_Riverside (no odor),5781,5782,True
2024.07.08_12-32-46_Riverside (no odor),5792,5794,True
2024.07.08_12-32-46_Riverside (no odor),5798,5798,True
2024.07.08_12-32-46_Riverside (no odor),5818,5818,True
2024.07.08_12-32-46_Riverside (no odor),5824,5824,True
2024.07.08_12-32-46_Riverside (no odor),5827,5828,True
2024.07.08_12-32-46_Riverside (no odor),5834,5834,True
2024.07.08_12-32-46_Riverside (no odor),5836,5836,True
2024.07.08_12-32-46_Riverside (no odor),5838,5839,True
2024.07.08_12-32-46_Riverside (no odor),5844,5844,True
2024.07.08_12-32-46_Riverside (no odor),5849,5849,True
2024.07.08_12-32-46_Riverside (no odor),5851,5851,True
2024.07.08_12-32-46_Riverside (no odor),5873,5873,True
2024.07.08_12-32-46_Riverside (no odor),5877,5877,True
2024.07.08_12-32-46_Riverside (no odor),5879,5880,True
2024.07.08_12-32-46_Riverside (no odor),5883,5883,True
2024.07.08_12-32-46_Riverside (no odor),5889,5890,True
2024.07.08_12-32-46_Riverside (no odor),5897,5901,True
2024.07.08_12-32-46_Riverside (no odor),5904,5904,True
2024.07.08_12-32-46_Riverside (no odor),5916,5916,True
2024.07.08_12-32-46_Riverside (no odor),6021,8107,True
2024.12.01_18-23-04_Biarmipes84_no_odor,2293,2310,True
2024.12.01_18-23-04_Biarmipes84_no_odor,2312,2315,True
2024.12.01_18-23-04_Biarmipes84_no_odor,2317,2319,True
2024.12.01_18-23-04_Biarmipes84_no_odor,2321,2328,True
2024.12.01_18-23-04_Biarmipes84_no_odor,2331,2331,True
2024.12.01_18-23-04_Biarmipes84_no_odor,2333,2335,True
2024.12.01_18-23-04_Biarmipes84_no_odor,2339,2340,True
2024.12.01_18-23-04_Biarmipes84_no_odor,2343,2347,True
2024.12.01_18-23-04_Biarmipes84_no_odor,2351,2360,True
2024.12.01_18-23-04_Biarmipes84_no_odor,2362,2410,True
2024.12.01_18-23-04_Biarmipes84_no_odor,2412,2416,True
2024.12.01_18-23-04_Biarmipes84_no_odor,2420,2503,True
2024.12.01_18-23-04_Biarmipes84_no_odor,2505,2579,True
2024.12.01_18-23-04_Biarmipes84_no_odor,2581,2582,True
2024.12.01_18-23-04_Biarmipes84_no_odor,2585,2586,True
2024.12.01_18-23-04_Biarmipes84_no_odor,2588,2593,True
2024.12.01_18-23-04_Biarmipes84_no_odor,2595,2597,True
2024.12.01_18-23-04_Biarmipes84_no_odor,2599,2817,True
2024.12.01_18-23-04_Biarmipes84_no_odor,2819,2842,True
2024.12.01_18-23-04_Biarmipes84_no_odor,2844,2850,True
2024.12.01_18-23-04_Biarmipes84_no_odor,2853,2853,True
2024.12.01_18-23-04_Biarmipes84_no_odor,2856,2880,True
2024.12.01_18-23-04_Biarmipes84_no_odor,2882,2937,True
2024.12.01_18-23-04_Biarmipes84_no_odor,2939,2947,True
2024.12.01_18-23-04_Biarmipes84_no_odor,2949,2953,True
2024.12.01_18-23-04_Biarmipes84_no_odor,2955,2963,True
2024.12.01_18-23-04_Biarmipes84_no_odor,2965,3045,True
2024.12.01_18-23-04_Biarmipes84_no_odor,3047,3054,True
2024.12.01_18-23-04_Biarmipes84_no_odor,3056,3058,True
2024.12.01_18-23-04_Biarmipes84_no_odor,3061,3063,True
2024.12.01_18-23-04_Biarmipes84_no_odor,3066,3066,True
2024.12.01_18-23-04_Biarmipes84_no_odor,3069,3070,True
2024.12.01_18-23-04_Biarmipes84_no_odor,3072,3073,True
2024.12.01_18-23-04_Biarmipes84_no_odor,3075,3075,True
2024.12.01_18-23-04_Biarmipes84_no_odor,3077,3077,True
2024.12.01_18-23-04_Biarmipes84_no_odor,3079,3081,True
2024.12.01_18-23-04_Biarmipes84_no_odor,3083,3085,True
2024.12.01_18-23-04_Biarmipes84_no_odor,3088,3089,True
2024.12.01_18-23-04_Biarmipes84_no_odor,3091,3091,True
2024.12.01_18-23-04_Biarmipes84_no_odor,3093,3098,True
2024.12.01_18-23-04_Biarmipes84_no_odor,3101,3101,True
2024.12.01_18-23-04_Biarmipes84_no_odor,3103,3116,True
2024.12.01_18-23-04_Biarmipes84_no_odor,3118,3157,True
2024.12.01_18-23-04_Biarmipes84_no_odor,3159,3163,True
2024.12.01_18-23-04_Biarmipes84_no_odor,3167,3168,True
2024.12.01_18-23-04_Biarmipes84_no_odor,3170,3170,True
2024.12.01_18-23-04_Biarmipes84_no_odor,3172,3173,True
2024.12.01_18-23-04_Biarmipes84_no_odor,3175,3175,True
2024.12.01_18-23-04_Biarmipes84_no_odor,3178,3184,True
2024.12.01_18-23-04_Biarmipes84_no_odor,3186,3186,True
2024.12.01_18-23-04_Biarmipes84_no_odor,3189,3201,True
2024.12.01_18-23-04_Biarmipes84_no_odor,3203,3224,True
2024.12.01_18-23-04_Biarmipes84_no_odor,3227,3228,True
2024.12.01_18-23-04_Biarmipes84_no_odor,3230,3231,True
2024.12.01_18-23-04_Biarmipes84_no_odor,3234,3239,True
2024.12.01_18-23-04_Biarmipes84_no_odor,3241,3248,True
2024.12.01_18-23-04_Biarmipes84_no_odor,3250,3288,True
2024.12.01_18-23-04_Biarmipes84_no_odor,3293,3295,True
2024.12.01_18-23-04_Biarmipes84_no_odor,3408,3408,True
2024.12.01_18-23-04_Biarmipes84_no_odor,3411,3419,True
2024.12.01_18-23-04_Biarmipes84_no_odor,3421,3431,True
2024.12.01_18-23-04_Biarmipes84_no_odor,3437,3437,True
2024.12.01_18-23-04_Biarmipes84_no_odor,3445,3449,True
2024.12.01_18-23-04_Biarmipes84_no_odor,3460,3461,True
2024.12.01_18-23-04_Biarmipes84_no_odor,3468,3470,True
2024.12.01_18-23-04_Biarmipes84_no_odor,3477,3489,True
2024.12.01_18-23-04_Biarmipes84_no_odor,3517,3517,True
2024.12.01_18-23-04_Biarmipes84_no_odor,3522,3522,True
2024.12.01_18-23-04_Biarmipes84_no_odor,3525,3525,True
2024.12.01_18-23-04_Biarmipes84_no_odor,3528,3529,True
2024.12.01_18-23-04_Biarmipes84_no_odor,3532,3532,True
2024.12.01_18-23-04_Biarmipes84_no_odor,3534,3534,True
2024.12.01_18-23-04_Biarmipes84_no_odor,3541,3541,True
2024.12.01_18-23-04_Biarmipes84_no_odor,3550,3551,True
2024.12.01_18-23-04_Biarmipes84_no_odor,3564,3565,True
2024.12.01_18-23-04_Biarmipes84_no_odor,3568,3568,True
2024.12.01_18-23-04_Biarmipes84_no_odor,3570,3570,True
2024.12.01_18-23-04_Biarmipes84_no_odor,3572,3572,True
2024.12.01_18-23-04_Biarmipes84_no_odor,3578,3578,True
2024.12.01_18-23-04_Biarmipes84_no_odor,3621,3622,True
2024.12.01_18-23-04_Biarmipes84_no_odor,3625,3625,True
2024.12.01_18-23-04_Biarmipes84_no_odor,3633,3635,True
2024.12.01_18-23-04_Biarmipes84_no_odor,3644,3644,True
2024.12.01_18-23-04_Biarmipes84_no_odor,3674,3674,True
2024.12.01_18-23-04_Biarmipes84_no_odor,3685,3685,True
2024.12.01_18-23-04_Biarmipes84_no_odor,3689,3689,True
2024.12.01_18-23-04_Biarmipes84_no_odor,3705,3705,True
2024.12.01_18-23-04_Biarmipes84_no_odor,3708,3714,True
2024.12.01_18-23-04_Biarmipes84_no_odor,3721,3727,True
2024.12.01_18-23-04_Biarmipes84_no_odor,3737,3737,True
2024.12.01_18-23-04_Biarmipes84_no_odor,3742,3744,True
2024.12.01_18-23-04_Biarmipes84_no_odor,3749,3753,True
2024.12.01_18-23-04_Biarmipes84_no_odor,3761,3762,True
2024.12.01_18-23-04_Biarmipes84_no_odor,3768,3770,True
2024.12.01_18-23-04_Biarmipes84_no_odor,3776,3783,True
2024.12.01_18-23-04_Biarmipes84_no_odor,3790,3801,True
2024.12.01_18-23-04_Biarmipes84_no_odor,3806,3821,True
2024.12.01_18-23-04_Biarmipes84_no_odor,3823,3830,True
2024.12.01_18-23-04_Biarmipes84_no_odor,3838,3838,True
2024.12.01_18-23-04_Biarmipes84_no_odor,3841,3854,True
2024.12.01_18-23-04_Biarmipes84_no_odor,3859,3860,True
2024.12.01_18-23-04_Biarmipes84_no_odor,3868,3869,True
2024.12.01_18-23-04_Biarmipes84_no_odor,3879,3879,True
2024.12.01_18-23-04_Biarmipes84_no_odor,3881,3884,True
2024.12.01_18-23-04_Biarmipes84_no_odor,3907,3907,True
2024.12.01_18-23-04_Biarmipes84_no_odor,3989,3990,True
2024.12.01_18-23-04_Biarmipes84_no_odor,4010,4010,True
2024.12.01_18-23-04_Biarmipes84_no_odor,4025,4025,True
2024.12.01_18-23-04_Biarmipes84_no_odor,4035,4035,True
2024.12.01_18-23-04_Biarmipes84_no_odor,4043,4043,True
2024.12.01_18-23-04_Biarmipes84_no_odor,4049,4049,True
2024.12.01_18-23-04_Biarmipes84_no_odor,4081,4086,True
2024.12.01_18-23-04_Biarmipes84_no_odor,4096,4107,True
2024.12.01_18-23-04_Biarmipes84_no_odor,4115,4124,True
2024.12.01_18-23-04_Biarmipes84_no_odor,4130,4130,True
2024.12.01_18-23-04_Biarmipes84_no_odor,4132,4133,True
2024.12.01_18-23-04_Biarmipes84_no_odor,4136,4140,True
2024.12.01_18-23-04_Biarmipes84_no_odor,4142,4144,True
2024.12.01_18-23-04_Biarmipes84_no_odor,4165,4165,True
2024.12.01_18-23-04_Biarmipes84_no_odor,4180,4196,True
2024.12.01_18-23-04_Biarmipes84_no_odor,4200,4201,True
2024.12.01_18-23-04_Biarmipes84_no_odor,4206,4216,True
2024.12.01_18-23-04_Biarmipes84_no_odor,4218,4218,True
2024.12.01_18-23-04_Biarmipes84_no_odor,4220,4227,True
2024.12.01_18-23-04_Biarmipes84_no_odor,4237,4241,True
2024.12.01_18-23-04_Biarmipes84_no_odor,4244,4245,True
2024.12.01_18-23-04_Biarmipes84_no_odor,4257,4257,True
2024.12.01_18-23-04_Biarmipes84_no_odor,4264,4268,True
2024.12.01_18-23-04_Biarmipes84_no_odor,4271,4273,True
2024.12.01_18-23-04_Biarmipes84_no_odor,4276,4276,True
2024.12.01_18-23-04_Biarmipes84_no_odor,4285,4292,True
2024.12.01_18-23-04_Biarmipes84_no_odor,4294,4297,True
2024.12.01_18-23-04_Biarmipes84_no_odor,4299,4300,True
2024.12.01_18-23-04_Biarmipes84_no_odor,4302,4302,True
2024.12.01_18-23-04_Biarmipes84_no_odor,4305,4310,True
2024.12.01_18-23-04_Biarmipes84_no_odor,4313,4313,True
2024.12.01_18-23-04_Biarmipes84_no_odor,4318,4318,True
2024.12.01_18-23-04_Biarmipes84_no_odor,4325,4325,True
2024.12.01_18-23-04_Biarmipes84_no_odor,4335,4335,True
2024.12.01_18-23-04_Biarmipes84_no_odor,4337,4337,True
2024.12.01_18-23-04_Biarmipes84_no_odor,4339,4340,True
2024.12.01_18-23-04_Biarmipes84_no_odor,4342,4342,True
2024.12.01_18-23-04_Biarmipes84_no_odor,4346,4348,True
2024.12.01_18-23-04_Biarmipes84_no_odor,4350,4353,True
2024.12.01_18-23-04_Biarmipes84_no_odor,4357,4358,True
2024.12.01_18-23-04_Biarmipes84_no_odor,4360,4363,True
2024.12.01_18-23-04_Biarmipes84_no_odor,4365,4368,True
2024.12.01_18-23-04_Biarmipes84_no_odor,4374,4374,True
2024.12.01_18-23-04_Biarmipes84_no_odor,4379,4380,True
2024.12.01_18-23-04_Biarmipes84_no_odor,4419,4450,True
2024.12.01_18-23-04_Biarmipes84_no_odor,4452,4481,True
2024.12.01_18-23-04_Biarmipes84_no_odor,4483,4493,True
2024.12.01_18-23-04_Biarmipes84_no_odor,4497,4501,True
2024.12.01_18-23-04_Biarmipes84_no_odor,4503,4507,True
2024.12.01_18-23-04_Biarmipes84_no_odor,4509,4534,True
2024.12.01_18-23-04_Biarmipes84_no_odor,4536,4636,True
2024.12.01_18-23-04_Biarmipes84_no_odor,4638,4674,True
2024.12.01_18-23-04_Biarmipes84_no_odor,4676,5312,True
2024.12.01_18-23-04_Biarmipes84_no_odor,6266,6266,True
2024.12.01_18-23-04_Biarmipes84_no_odor,6270,6270,True
2024.12.01_18-23-04_Biarmipes84_no_odor,6359,6359,True
2024.12.01_18-23-04_Biarmipes84_no_odor,6361,6371,True
2024.12.01_18-23-04_Biarmipes84_no_odor,6373,6373,True
2024.12.01_18-23-04_Biarmipes84_no_odor,6375,6415,True
2024.12.01_18-23-04_Biarmipes84_no_odor,6417,6418,True
2024.12.01_18-23-04_Biarmipes84_no_odor,6420,6426,True
2024.12.01_18-23-04_Biarmipes84_no_odor,6602,6602,True
2024.12.01_18-23-04_Biarmipes84_no_odor,6607,6610,True
2024.12.01_18-23-04_Biarmipes84_no_odor,6612,6612,True
2024.12.01_18-23-04_Biarmipes84_no_odor,6616,6616,True
2024.12.01_18-23-04_Biarmipes84_no_odor,6622,6622,True
2024.12.01_18-23-04_Biarmipes84_no_odor,6627,6627,True
2024.12.01_18-23-04_Biarmipes84_no_odor,6629,6629,True
2024.12.01_18-23-04_Biarmipes84_no_odor,6631,6631,True
2024.12.01_18-23-04_Biarmipes84_no_odor,6634,6634,True
2024.12.01_18-23-04_Biarmipes84_no_odor,6636,6636,True
2024.12.01_18-23-04_Biarmipes84_no_odor,6640,6642,True
2024.12.01_18-23-04_Biarmipes84_no_odor,6645,6645,True
2024.12.01_18-23-04_Biarmipes84_no_odor,6648,6649,True
2024.12.01_18-23-04_Biarmipes84_no_odor,6651,6651,True
2024.12.01_18-23-04_Biarmipes84_no_odor,6654,6658,True
2024.12.01_18-23-04_Biarmipes84_no_odor,6664,6664,True
2024.12.01_18-23-04_Biarmipes84_no_odor,6671,6671,True
2024.12.01_18-23-04_Biarmipes84_no_odor,6677,6678,True
2024.12.01_18-23-04_Biarmipes84_no_odor,6680,6680,True
2024.12.01_18-23-04_Biarmipes84_no_odor,6682,6682,True
2024.12.01_18-23-04_Biarmipes84_no_odor,6687,6687,True
2024.12.01_18-23-04_Biarmipes84_no_odor,6693,6693,True
2024.12.01_18-23-04_Biarmipes84_no_odor,6696,6697,True
2024.12.01_18-23-04_Biarmipes84_no_odor,6700,6701,True
2024.12.01_18-23-04_Biarmipes84_no_odor,6706,6707,True
2024.12.01_18-23-04_Biarmipes84_no_odor,6715,6715,True
2024.12.01_18-23-04_Biarmipes84_no_odor,6740,6773,True
2024.12.01_18-23-04_Biarmipes84_no_odor,6775,6785,True
2024.12.01_18-23-04_Biarmipes84_no_odor,6799,6809,True
2024.12.01_18-23-04_Biarmipes84_no_odor,6811,6811,True
2024.12.01_18-23-04_Biarmipes84_no_odor,6813,6865,True
2024.12.01_18-23-04_Biarmipes84_no_odor,6870,6879,True
2024.12.01_18-23-04_Biarmipes84_no_odor,6882,6884,True
2024.12.01_18-23-04_Biarmipes84_no_odor,6886,6910,True
2024.12.01_18-23-04_Biarmipes84_no_odor,6912,6945,True
2024.12.01_18-23-04_Biarmipes84_no_odor,6950,6951,True
2024.12.01_18-23-04_Biarmipes84_no_odor,6998,7000,True
2024.12.01_18-23-04_Biarmipes84_no_odor,7006,7006,True
2024.12.01_18-23-04_Biarmipes84_no_odor,7009,7010,True
2024.12.01_18-23-04_Biarmipes84_no_odor,7014,7014,True
2024.12.01_18-23-04_Biarmipes84_no_odor,7019,7019,True
2024.12.01_18-23-04_Biarmipes84_no_odor,7021,7021,True
2024.12.01_18-23-04_Biarmipes84_no_odor,7023,7024,True
2024.12.01_18-23-04_Biarmipes84_no_odor,7031,7031,True
2024.12.01_18-23-04_Biarmipes84_no_odor,7033,7033,True
2024.12.01_18-23-04_Biarmipes84_no_odor,7035,7035,True
2024.12.01_18-23-04_Biarmipes84_no_odor,7039,7040,True
2024.12.01_18-23-04_Biarmipes84_no_odor,7042,7045,True
2024.12.01_18-23-04_Biarmipes84_no_odor,7050,7050,True
2024.12.01_18-23-04_Biarmipes84_no_odor,7054,7054,True
2024.12.01_18-23-04_Biarmipes84_no_odor,7059,7059,True
2024.12.01_18-23-04_Biarmipes84_no_odor,7061,7062,True
2024.12.01_18-23-04_Biarmipes84_no_odor,7064,7066,True
2024.12.01_18-23-04_Biarmipes84_no_odor,7075,7075,True
2024.12.01_18-23-04_Biarmipes84_no_odor,7081,7082,True
2024.12.01_18-23-04_Biarmipes84_no_odor,7094,7094,True
2024.12.01_18-23-04_Biarmipes84_no_odor,7096,7096,True
2024.12.01_18-23-04_Biarmipes84_no_odor,7110,7110,True
2024.12.01_18-23-04_Biarmipes84_no_odor,7155,7155,True
2024.12.01_18-23-04_Biarmipes84_no_odor,7171,7171,True
2024.12.01_18-23-04_Biarmipes84_no_odor,7180,7181,True
2024.12.01_18-23-04_Biarmipes84_no_odor,7188,7189,True
2024.12.01_18-23-04_Biarmipes84_no_odor,7191,7191,True
2024.12.01_18-23-04_Biarmipes84_no_odor,7194,7196,True
2024.12.01_18-23-04_Biarmipes84_no_odor,7203,7203,True
2024.12.01_18-23-04_Biarmipes84_no_odor,7206,7207,True
2024.12.01_18-23-04_Biarmipes84_no_odor,7266,7268,True
2024.12.01_18-23-04_Biarmipes84_no_odor,7276,7276,True
2024.12.01_18-23-04_Biarmipes84_no_odor,7281,7283,True
2024.12.01_18-23-04_Biarmipes84_no_odor,7287,7287,True
2024.12.01_18-23-04_Biarmipes84_no_odor,7293,7294,True
2024.12.01_18-23-04_Biarmipes84_no_odor,7300,7300,True
2024.12.01_18-23-04_Biarmipes84_no_odor,7304,7305,True
2024.12.01_18-23-04_Biarmipes84_no_odor,7308,7311,True
2024.12.01_18-23-04_Biarmipes84_no_odor,7314,7314,True
2024.12.01_18-23-04_Biarmipes84_no_odor,7319,7320,True
2024.12.01_18-23-04_Biarmipes84_no_odor,7322,7322,True
2024.12.01_18-23-04_Biarmipes84_no_odor,7328,7329,True
2024.12.01_18-23-04_Biarmipes84_no_odor,7331,7331,True
2024.12.01_18-23-04_Biarmipes84_no_odor,7333,7333,True
2024.12.01_18-23-04_Biarmipes84_no_odor,7357,7358,True
2024.12.01_18-23-04_Biarmipes84_no_odor,7362,7362,True
2024.12.01_18-23-04_Biarmipes84_no_odor,7389,7391,True
2024.12.01_18-23-04_Biarmipes84_no_odor,7407,7408,True
2024.12.01_18-23-04_Biarmipes84_no_odor,7410,7412,True
2024.12.01_18-23-04_Biarmipes84_no_odor,7428,7428,True
2024.12.01_18-23-04_Biarmipes84_no_odor,7471,7471,True
2024.12.01_18-23-04_Biarmipes84_no_odor,7512,7516,True
2024.12.01_18-23-04_Biarmipes84_no_odor,7530,7530,True
2024.12.01_18-23-04_Biarmipes84_no_odor,7540,7540,True
2024.12.01_18-23-04_Biarmipes84_no_odor,7545,7546,True
2024.12.01_18-23-04_Biarmipes84_no_odor,7550,7552,True
2024.12.01_18-23-04_Biarmipes84_no_odor,7554,7554,True
2024.12.01_18-23-04_Biarmipes84_no_odor,7556,7556,True
2024.12.01_18-23-04_Biarmipes84_no_odor,7559,7559,True
2024.12.01_18-23-04_Biarmipes84_no_odor,7563,7569,True
2024.12.01_18-23-04_Biarmipes84_no_odor,7571,7576,True
2024.12.01_18-23-04_Biarmipes84_no_odor,7578,7579,True
2024.12.01_18-23-04_Biarmipes84_no_odor,7581,7581,True
2024.12.01_18-23-04_Biarmipes84_no_odor,7583,7584,True
2024.12.01_18-23-04_Biarmipes84_no_odor,7587,7587,True
2024.12.01_18-23-04_Biarmipes84_no_odor,7589,7589,True
2024.12.01_18-23-04_Biarmipes84_no_odor,7596,7596,True
2024.12.01_18-23-04_Biarmipes84_no_odor,7598,7599,True
2024.12.01_18-23-04_Biarmipes84_no_odor,7602,7602,True
2024.12.01_18-23-04_Biarmipes84_no_odor,7612,7612,True
2024.12.01_18-23-04_Biarmipes84_no_odor,7614,7614,True
2024.12.01_18-23-04_Biarmipes84_no_odor,7618,7619,True
2024.12.01_18-23-04_Biarmipes84_no_odor,7622,7622,True
2024.12.01_18-23-04_Biarmipes84_no_odor,7624,7626,True
2024.12.01_18-23-04_Biarmipes84_no_odor,7629,7629,True
2024.12.01_18-23-04_Biarmipes84_no_odor,7633,7633,True
2024.12.01_18-23-04_Biarmipes84_no_odor,7639,7639,True
2024.12.01_18-23-04_Biarmipes84_no_odor,7642,7643,True
2024.12.01_18-23-04_Biarmipes84_no_odor,7645,7645,True
2024.12.01_18-23-04_Biarmipes84_no_odor,7647,7647,True
2024.12.01_18-23-04_Biarmipes84_no_odor,7650,7651,True
2024.12.01_18-23-04_Biarmipes84_no_odor,7653,7653,True
2024.12.01_18-23-04_Biarmipes84_no_odor,7658,7659,True
2024.12.01_18-23-04_Biarmipes84_no_odor,7663,7663,True
2024.12.01_18-23-04_Biarmipes84_no_odor,7667,7667,True
2024.12.01_18-23-04_Biarmipes84_no_odor,7675,7675,True
2024.12.01_18-23-04_Biarmipes84_no_odor,7679,7679,True
2024.12.01_18-23-04_Biarmipes84_no_odor,7681,7681,True
2024.12.01_18-23-04_Biarmipes84_no_odor,7683,7683,True
2024.12.01_18-23-04_Biarmipes84_no_odor,7686,7690,True
2024.12.01_18-23-04_Biarmipes84_no_odor,7695,7698,True
2024.12.01_18-23-04_Biarmipes84_no_odor,7701,7702,True
2024.12.01_18-23-04_Biarmipes84_no_odor,7707,7707,True
2024.12.01_18-23-04_Biarmipes84_no_odor,7711,7711,True
2024.12.01_18-23-04_Biarmipes84_no_odor,7713,7714,True
2024.12.01_18-23-04_Biarmipes84_no_odor,7760,7760,True
2024.12.01_18-23-04_Biarmipes84_no_odor,7770,7773,True
2024.12.01_18-23-04_Biarmipes84_no_odor,7809,7810,True
2024.12.01_18-23-04_Biarmipes84_no_odor,7824,7826,True
2024.12.01_18-23-04_Biarmipes84_no_odor,7835,7835,True
2024.12.01_18-23-04_Biarmipes84_no_odor,7837,7838,True
2024.12.01_18-23-04_Biarmipes84_no_odor,7842,7842,True
2024.12.01_18-23-04_Biarmipes84_no_odor,7866,7868,True
2024.12.01_18-23-04_Biarmipes84_no_odor,7871,7873,True
2024.10.30_09-00-14_Stocago_metben,3,55,True
2024.10.30_09-00-14_Stocago_metben,57,61,True
2024.10.30_09-00-14_Stocago_metben,63,90,True
2024.10.30_09-00-14_Stocago_metben,92,450,True
2024.10.30_09-00-14_Stocago_metben,470,471,True
2024.10.30_09-00-14_Stocago_metben,473,563,True
2024.10.30_09-00-14_Stocago_metben,925,943,True
2024.10.30_09-00-14_Stocago_metben,1163,2848,True
2024.10.30_09-00-14_Stocago_metben,2988,2992,True
2024.10.30_09-00-14_Stocago_metben,3064,3067,True
2024.10.30_09-00-14_Stocago_metben,3078,3083,True
2024.10.30_09-00-14_Stocago_metben,3089,3101,True
2024.10.30_09-00-14_Stocago_metben,3107,3107,True
2024.10.30_09-00-14_Stocago_metben,3110,3113,True
2024.10.30_09-00-14_Stocago_metben,3165,3170,True
2024.10.30_09-00-14_Stocago_metben,3173,3190,True
2024.10.30_09-00-14_Stocago_metben,3259,3613,True
2024.10.30_09-00-14_Stocago_metben,3615,3637,True
2024.10.30_09-00-14_Stocago_metben,3639,3744,True
2024.10.30_09-00-14_Stocago_metben,3776,3785,True
2024.10.30_09-00-14_Stocago_metben,3787,3854,True
2024.10.30_09-00-14_Stocago_metben,3858,4361,True
2024.10.30_09-00-14_Stocago_metben,4379,4379,True
2024.10.30_09-00-14_Stocago_metben,4386,4427,True
2024.10.30_09-00-14_Stocago_metben,4453,4506,True
2024.10.30_09-00-14_Stocago_metben,4595,4683,True
2024.10.30_09-00-14_Stocago_metben,4685,4701,True
2024.10.30_09-00-14_Stocago_metben,4710,5291,True
2024.10.30_09-00-14_Stocago_metben,5293,5293,True
2024.10.30_09-00-14_Stocago_metben,5295,5296,True
2024.10.30_09-00-14_Stocago_metben,5303,5318,True
2024.10.30_09-00-14_Stocago_metben,5320,5340,True
2024.10.30_09-00-14_Stocago_metben,5342,5344,True
2024.10.30_09-00-14_Stocago_metben,5361,5388,True
2024.10.30_09-00-14_Stocago_metben,6184,6197,True
2024.10.30_09-00-14_Stocago_metben,6201,6201,True
2024.10.30_09-00-14_Stocago_metben,6206,6223,True
2024.10.30_09-00-14_Stocago_metben,6254,6278,True
2024.10.30_09-00-14_Stocago_metben,6316,6336,True
2024.10.30_09-00-14_Stocago_metben,6396,6414,True
2024.10.30_09-00-14_Stocago_metben,6847,6856,True
2024.10.30_09-00-14_Stocago_metben,6890,6899,True
2024.10.30_09-00-14_Stocago_metben,6907,6916,True
2024.10.30_09-00-14_Stocago_metben,7025,7053,True
2024.10.30_09-00-14_Stocago_metben,7055,7068,True
2024.10.30_09-00-14_Stocago_metben,7071,7072,True
2024.10.30_09-00-14_Stocago_metben,7074,7086,True
2024.10.30_09-00-14_Stocago_metben,7091,7828,True
2024.10.30_09-00-14_Stocago_metben,7894,7917,True
2024.10.30_09-00-14_Stocago_metben,7940,7968,True
2024.10.30_09-00-14_Stocago_metben,7976,8095,True
2024.10.30_09-00-14_Stocago_metben,8097,8133,True
2024.10.30_09-00-14_Stocago_metben,8136,8136,True
2024.10.30_09-00-14_Stocago_metben,8148,8217,True
2024.10.30_09-00-14_Stocago_metben,8219,8254,True
2024.10.30_09-00-14_Stocago_metben,8281,8684,True
2024.10.30_09-00-14_Stocago_metben,8686,8999,True
2024.10.07_14-55-38_Yakuba7_2hexanol,3,963,True
2024.10.07_14-55-38_Yakuba7_2hexanol,3030,3241,True
2024.10.07_14-55-38_Yakuba7_2hexanol,4271,4295,True
2024.10.07_14-55-38_Yakuba7_2hexanol,4351,4366,True
2024.10.07_14-55-38_Yakuba7_2hexanol,5172,7099,True
2024.10.07_14-55-38_Yakuba7_2hexanol,7101,7108,True
2024.10.07_14-55-38_Yakuba7_2hexanol,7110,7110,True
2024.10.07_14-55-38_Yakuba7_2hexanol,8133,8999,True
2024.10.28_07-51-31_stocago_metben,3,420,True
2024.10.28_07-51-31_stocago_metben,1199,1880,True
2024.10.28_07-51-31_stocago_metben,1989,2023,True
2024.10.28_07-51-31_stocago_metben,2028,2050,True
2024.10.28_07-51-31_stocago_metben,2117,2161,True
2024.10.28_07-51-31_stocago_metben,2194,2206,True
2024.10.28_07-51-31_stocago_metben,2209,2255,True
2024.10.28_07-51-31_stocago_metben,2280,2283,True
2024.10.28_07-51-31_stocago_metben,2286,2771,True
2024.10.28_07-51-31_stocago_metben,3865,4887,True
2024.10.28_07-51-31_stocago_metben,5375,5406,True
2024.10.28_07-51-31_stocago_metben,5409,5433,True
2024.10.28_07-51-31_stocago_metben,5484,6136,True
2024.10.28_07-51-31_stocago_metben,7164,8234,True
2024.10.28_07-44-19_stocago_metben,3,1376,True
2024.10.28_07-44-19_stocago_metben,2089,2089,True
2024.10.28_07-44-19_stocago_metben,2099,2099,True
2024.10.28_07-44-19_stocago_metben,2115,2115,True
2024.10.28_07-44-19_stocago_metben,2117,2402,True
2024.10.28_07-44-19_stocago_metben,3108,3503,True
2024.10.28_07-44-19_stocago_metben,4963,6926,True
2024.10.28_07-44-19_stocago_metben,7246,7288,True
2024.10.28_07-44-19_stocago_metben,7339,7343,True
2024.10.28_07-44-19_stocago_metben,7345,7352,True
2024.10.28_07-44-19_stocago_metben,7355,7370,True
2024.10.28_07-44-19_stocago_metben,7380,7433,True
2024.10.28_07-44-19_stocago_metben,7479,7481,True
2024.10.28_07-44-19_stocago_metben,7494,7520,True
2024.10.28_07-44-19_stocago_metben,7522,7523,True
2024.10.28_07-44-19_stocago_metben,7532,7572,True
2024.10.28_07-44-19_stocago_metben,7677,7780,True
2024.10.28_07-44-19_stocago_metben,7827,7985,True
2024.10.28_07-44-19_stocago_metben,7994,8018,True
2024.10.28_07-44-19_stocago_metben,8020,8056,True
2024.10.28_07-44-19_stocago_metben,8059,8547,True
2024.10.28_07-44-19_stocago_metben,8674,8695,True
2024.12.12_18-35-59_Riverside_no_odor,3591,3672,True
2024.12.12_18-35-59_Riverside_no_odor,3674,4420,True
2024.12.12_18-35-59_Riverside_no_odor,4457,4655,True
2024.12.12_18-35-59_Riverside_no_odor,4657,4660,True
2024.12.12_18-35-59_Riverside_no_odor,4663,4663,True
2024.12.12_18-35-59_Riverside_no_odor,4667,4667,True
2024.12.12_18-35-59_Riverside_no_odor,4677,4777,True
2024.12.12_18-35-59_Riverside_no_odor,5087,5221,True
2024.12.12_18-35-59_Riverside_no_odor,6378,8998,True
2024.10.29_04-49-33_Biarmipes84_metben,3,860,True
2024.10.29_04-49-33_Biarmipes84_metben,934,960,True
2024.10.29_04-49-33_Biarmipes84_metben,1055,1113,True
2024.10.29_04-49-33_Biarmipes84_metben,1137,1649,True
2024.10.29_04-49-33_Biarmipes84_metben,3288,3288,True
2024.10.29_04-49-33_Biarmipes84_metben,3290,3291,True
2024.10.29_04-49-33_Biarmipes84_metben,3295,3295,True
2024.10.29_04-49-33_Biarmipes84_metben,3302,3304,True
2024.10.29_04-49-33_Biarmipes84_metben,3306,3312,True
2024.10.29_04-49-33_Biarmipes84_metben,3314,3314,True
2024.10.29_04-49-33_Biarmipes84_metben,3317,3324,True
2024.10.29_04-49-33_Biarmipes84_metben,3327,3345,True
2024.10.29_04-49-33_Biarmipes84_metben,3347,3402,True
2024.10.29_04-49-33_Biarmipes84_metben,3404,3414,True
2024.10.29_04-49-33_Biarmipes84_metben,3554,3569,True
2024.10.29_04-49-33_Biarmipes84_metben,3982,5860,True
2024.10.29_04-49-33_Biarmipes84_metben,5862,6206,True
2024.10.29_04-49-33_Biarmipes84_metben,6548,6782,True
2024.11.13_01-23-08_Sussex_e2hex,3,1387,True
2024.11.13_01-23-08_Sussex_e2hex,3077,3080,True
2024.11.13_01-23-08_Sussex_e2hex,3669,3669,True
2024.11.13_01-23-08_Sussex_e2hex,3672,3690,True
2024.11.13_01-23-08_Sussex_e2hex,3895,4042,True
2024.11.13_01-23-08_Sussex_e2hex,5889,6173,True
2024.11.13_01-23-08_Sussex_e2hex,6559,8999,True
2024.10.14_11-39-58_CantonS_prenac,2143,4076,True
2024.10.14_11-39-58_CantonS_prenac,4681,4774,True
2024.10.14_11-39-58_CantonS_prenac,4776,5309,True
2024.10.14_11-39-58_CantonS_prenac,6329,6330,True
2024.10.14_11-39-58_CantonS_prenac,6332,6334,True
2024.10.14_11-39-58_CantonS_prenac,6338,6338,True
2024.10.14_11-39-58_CantonS_prenac,6345,6345,True
2024.10.14_11-39-58_CantonS_prenac,6348,6348,True
2024.10.14_11-39-58_CantonS_prenac,6353,6355,True
2024.10.14_11-39-58_CantonS_prenac,6360,6366,True
2024.10.14_11-39-58_CantonS_prenac,6368,6368,True
2024.10.14_11-39-58_CantonS_prenac,6370,6370,True
2024.10.14_11-39-58_CantonS_prenac,6376,6377,True
2024.10.14_11-39-58_CantonS_prenac,6380,6380,True
2024.10.14_11-39-58_CantonS_prenac,6383,6384,True
2024.10.14_11-39-58_CantonS_prenac,6392,6394,True
2024.10.14_11-39-58_CantonS_prenac,6473,6476,True
2024.10.14_11-39-58_CantonS_prenac,6479,6480,True
2024.10.14_11-39-58_CantonS_prenac,6487,6491,True
2024.10.14_11-39-58_CantonS_prenac,6493,6500,True
2024.10.14_11-39-58_CantonS_prenac,6502,6507,True
2024.10.14_11-39-58_CantonS_prenac,6530,6536,True
2024.10.14_11-39-58_CantonS_prenac,6553,6563,True
2024.10.14_11-39-58_CantonS_prenac,6730,6730,True
2024.10.14_11-39-58_CantonS_prenac,6752,6752,True
2024.10.14_11-39-58_CantonS_prenac,6800,6800,True
2024.10.14_11-39-58_CantonS_prenac,6802,6812,True
2024.10.14_11-39-58_CantonS_prenac,6859,6863,True
2024.10.14_11-39-58_CantonS_prenac,6865,6871,True
2024.10.14_11-39-58_CantonS_prenac,6873,6876,True
2024.10.14_11-39-58_CantonS_prenac,6880,6892,True
2024.10.14_11-39-58_CantonS_prenac,7014,7015,True
2024.10.14_11-39-58_CantonS_prenac,7019,7023,True
2024.10.14_11-39-58_CantonS_prenac,7033,7034,True
2024.10.14_11-39-58_CantonS_prenac,7036,7036,True
2024.10.14_11-39-58_CantonS_prenac,7042,7046,True
2024.10.14_11-39-58_CantonS_prenac,7049,7049,True
2024.10.14_11-39-58_CantonS_prenac,7061,7070,True
2024.10.14_11-39-58_CantonS_prenac,7086,7087,True
2024.10.14_11-39-58_CantonS_prenac,7099,7099,True
2024.10.14_11-39-58_CantonS_prenac,7101,7102,True
2024.10.14_11-39-58_CantonS_prenac,7144,7145,True
2024.10.14_11-39-58_CantonS_prenac,7147,7150,True
2024.10.14_11-39-58_CantonS_prenac,7176,7176,True
2024.10.14_11-39-58_CantonS_prenac,7226,7226,True
2024.10.14_11-39-58_CantonS_prenac,7230,7231,True
2024.10.14_11-39-58_CantonS_prenac,7234,7234,True
2024.10.14_11-39-58_CantonS_prenac,7239,7239,True
2024.10.14_11-39-58_CantonS_prenac,7436,7436,True
2024.10.14_11-39-58_CantonS_prenac,7438,7438,True
2024.10.14_11-39-58_CantonS_prenac,7442,7442,True
2024.10.14_11-39-58_CantonS_prenac,7444,7445,True
2024.10.14_11-39-58_CantonS_prenac,7449,7450,True
2024.10.14_11-39-58_CantonS_prenac,7454,7455,True
2024.10.14_11-39-58_CantonS_prenac,7457,7458,True
2024.10.14_11-39-58_CantonS_prenac,7463,7463,True
2024.10.14_11-39-58_CantonS_prenac,7465,7465,True
2024.10.14_11-39-58_CantonS_prenac,7472,7472,True
2024.10.14_11-39-58_CantonS_prenac,7483,7483,True
2024.10.14_11-39-58_CantonS_prenac,7485,7487,True
2024.10.14_11-39-58_CantonS_prenac,7490,7491,True
2024.10.14_11-39-58_CantonS_prenac,7495,7496,True
2024.10.14_11-39-58_CantonS_prenac,7498,7500,True
2024.10.14_11-39-58_CantonS_prenac,7503,7504,True
2024.10.14_11-39-58_CantonS_prenac,7506,7506,True
2024.10.14_11-39-58_CantonS_prenac,7509,7510,True
2024.10.14_11-39-58_CantonS_prenac,7512,7512,True
2024.10.14_11-39-58_CantonS_prenac,7514,7514,True
2024.10.14_11-39-58_CantonS_prenac,7517,7518,True
2024.10.14_11-39-58_CantonS_prenac,7524,7525,True
2024.10.14_11-39-58_CantonS_prenac,7528,7528,True
2024.10.14_11-39-58_CantonS_prenac,7531,7531,True
2024.10.14_11-39-58_CantonS_prenac,7555,7555,True
2024.10.14_11-39-58_CantonS_prenac,7557,7557,True
2024.10.14_11-39-58_CantonS_prenac,7559,7559,True
2024.10.14_11-39-58_CantonS_prenac,7565,7565,True
2024.10.14_11-39-58_CantonS_prenac,7572,7572,True
2024.10.14_11-39-58_CantonS_prenac,7583,7583,True
2024.10.14_11-39-58_CantonS_prenac,7598,7598,True
2024.10.14_11-39-58_CantonS_prenac,7600,7600,True
2024.10.14_11-39-58_CantonS_prenac,7608,7608,True
2024.10.14_11-39-58_CantonS_prenac,7611,7612,True
2024.10.14_11-39-58_CantonS_prenac,7617,7617,True
2024.10.14_11-39-58_CantonS_prenac,7624,7625,True
2024.10.14_11-39-58_CantonS_prenac,7631,7631,True
2024.10.14_11-39-58_CantonS_prenac,7633,7633,True
2024.10.14_11-39-58_CantonS_prenac,7643,7643,True
2024.10.14_11-39-58_CantonS_prenac,7645,7645,True
2024.10.14_11-39-58_CantonS_prenac,7661,7662,True
2024.10.14_11-39-58_CantonS_prenac,7713,7714,True
2024.10.14_11-39-58_CantonS_prenac,7738,7744,True
2024.10.14_11-39-58_CantonS_prenac,7775,7789,True
2024.10.14_11-39-58_CantonS_prenac,7791,7854,True
2024.10.14_11-39-58_CantonS_prenac,7869,7876,True
2024.10.14_11-39-58_CantonS_prenac,8059,8060,True
2024.10.14_11-39-58_CantonS_prenac,8062,8107,True
2024.10.14_11-39-58_CantonS_prenac,8158,8635,True
2024.10.02_10-13-56_Biarmipes_G224_no_odor,511,511,True
2024.10.02_10-13-56_Biarmipes_G224_no_odor,527,527,True
2024.10.02_10-13-56_Biarmipes_G224_no_odor,529,530,True
2024.10.02_10-13-56_Biarmipes_G224_no_odor,532,532,True
2024.10.02_10-13-56_Biarmipes_G224_no_odor,534,535,True
2024.10.02_10-13-56_Biarmipes_G224_no_odor,539,546,True
2024.10.02_10-13-56_Biarmipes_G224_no_odor,548,813,True
2024.10.02_10-13-56_Biarmipes_G224_no_odor,815,828,True
2024.10.02_10-13-56_Biarmipes_G224_no_odor,831,1029,True
2024.10.02_10-13-56_Biarmipes_G224_no_odor,1031,1033,True
2024.10.02_10-13-56_Biarmipes_G224_no_odor,1036,1045,True
2024.10.02_10-13-56_Biarmipes_G224_no_odor,1047,1083,True
2024.10.02_10-13-56_Biarmipes_G224_no_odor,1085,1157,True
2024.10.02_10-13-56_Biarmipes_G224_no_odor,1163,1199,True
2024.10.02_10-13-56_Biarmipes_G224_no_odor,1683,1684,True
2024.10.02_10-13-56_Biarmipes_G224_no_odor,1686,1691,True
2024.10.02_10-13-56_Biarmipes_G224_no_odor,1694,1695,True
2024.10.02_10-13-56_Biarmipes_G224_no_odor,1697,1905,True
2024.10.02_10-13-56_Biarmipes_G224_no_odor,1907,2228,True
2024.10.02_10-13-56_Biarmipes_G224_no_odor,2232,2232,True
2024.10.02_10-13-56_Biarmipes_G224_no_odor,2234,2237,True
2024.10.02_10-13-56_Biarmipes_G224_no_odor,2239,2254,True
2024.10.02_10-13-56_Biarmipes_G224_no_odor,2256,2257,True
2024.10.02_10-13-56_Biarmipes_G224_no_odor,2259,2319,True
2024.10.02_10-13-56_Biarmipes_G224_no_odor,3016,3017,True
2024.10.02_10-13-56_Biarmipes_G224_no_odor,3020,3041,True
2024.10.02_10-13-56_Biarmipes_G224_no_odor,3097,3294,True
2024.10.02_10-13-56_Biarmipes_G224_no_odor,3298,3304,True
2024.10.02_10-13-56_Biarmipes_G224_no_odor,3306,3307,True
2024.10.02_10-13-56_Biarmipes_G224_no_odor,3310,3311,True
2024.10.02_10-13-56_Biarmipes_G224_no_odor,3313,3315,True
2024.10.02_10-13-56_Biarmipes_G224_no_odor,3317,3341,True
2024.10.02_10-13-56_Biarmipes_G224_no_odor,3343,3676,True
2024.10.02_10-13-56_Biarmipes_G224_no_odor,5878,6643,True
2024.10.02_10-13-56_Biarmipes_G224_no_odor,6780,7328,True
2024.10.02_10-13-56_Biarmipes_G224_no_odor,8943,8999,True
2024.10.03_15-34-26_Yakuba7_2hex,3,631,True
2024.10.03_15-34-26_Yakuba7_2hex,1626,1626,True
2024.10.03_15-34-26_Yakuba7_2hex,1635,1644,True
2024.10.03_15-34-26_Yakuba7_2hex,1646,1731,True
2024.10.03_15-34-26_Yakuba7_2hex,1946,1965,True
2024.10.03_15-34-26_Yakuba7_2hex,1988,2180,True
2024.10.03_15-34-26_Yakuba7_2hex,3245,4589,True
2024.10.03_15-34-26_Yakuba7_2hex,6616,6616,True
2024.10.03_15-34-26_Yakuba7_2hex,6624,8236,True
2024.10.03_15-34-26_Yakuba7_2hex,8252,8253,True
2024.10.03_15-34-26_Yakuba7_2hex,8255,8971,True
2024.10.08_13-50-45_Stocago_2hexanol,1027,1631,True
2024.10.08_13-50-45_Stocago_2hexanol,2278,2992,True
2024.10.08_13-50-45_Stocago_2hexanol,2994,2998,True
2024.10.08_13-50-45_Stocago_2hexanol,3018,3021,True
2024.10.08_13-50-45_Stocago_2hexanol,3023,3025,True
2024.10.08_13-50-45_Stocago_2hexanol,3032,3381,True
2024.10.08_13-50-45_Stocago_2hexanol,5924,8569,True
2024.10.15_09-43-24_sto_car_2hexanol,1716,1717,True
2024.10.15_09-43-24_sto_car_2hexanol,1719,1723,True
2024.10.15_09-43-24_sto_car_2hexanol,1725,1726,True
2024.10.15_09-43-24_sto_car_2hexanol,1729,1729,True
2024.10.15_09-43-24_sto_car_2hexanol,1734,1734,True
2024.10.15_09-43-24_sto_car_2hexanol,1736,1736,True
2024.10.15_09-43-24_sto_car_2hexanol,1749,1750,True
2024.10.15_09-43-24_sto_car_2hexanol,1758,1759,True
2024.10.15_09-43-24_sto_car_2hexanol,1763,1763,True
2024.10.15_09-43-24_sto_car_2hexanol,1767,1768,True
2024.10.15_09-43-24_sto_car_2hexanol,1772,1773,True
2024.10.15_09-43-24_sto_car_2hexanol,1778,1780,True
2024.10.15_09-43-24_sto_car_2hexanol,1787,1788,True
2024.10.15_09-43-24_sto_car_2hexanol,1791,1791,True
2024.10.15_09-43-24_sto_car_2hexanol,1793,1797,True
2024.10.15_09-43-24_sto_car_2hexanol,1800,1803,True
2024.10.15_09-43-24_sto_car_2hexanol,1809,1809,True
2024.10.15_09-43-24_sto_car_2hexanol,1811,1812,True
2024.10.15_09-43-24_sto_car_2hexanol,1818,1818,True
2024.10.15_09-43-24_sto_car_2hexanol,1822,1824,True
2024.10.15_09-43-24_sto_car_2hexanol,1841,1841,True
2024.10.15_09-43-24_sto_car_2hexanol,1844,1845,True
2024.10.15_09-43-24_sto_car_2hexanol,1847,1847,True
2024.10.15_09-43-24_sto_car_2hexanol,1849,1849,True
2024.10.15_09-43-24_sto_car_2hexanol,1873,1876,True
2024.10.15_09-43-24_sto_car_2hexanol,1878,1879,True
2024.10.15_09-43-24_sto_car_2hexanol,1881,1883,True
2024.10.15_09-43-24_sto_car_2hexanol,1885,1885,True
2024.10.15_09-43-24_sto_car_2hexanol,1889,1890,True
2024.10.15_09-43-24_sto_car_2hexanol,1895,1897,True
2024.10.15_09-43-24_sto_car_2hexanol,1902,1908,True
2024.10.15_09-43-24_sto_car_2hexanol,1910,1913,True
2024.10.15_09-43-24_sto_car_2hexanol,1937,1940,True
2024.10.15_09-43-24_sto_car_2hexanol,1956,1956,True
2024.10.15_09-43-24_sto_car_2hexanol,1958,1964,True
2024.10.15_09-43-24_sto_car_2hexanol,1966,2019,True
2024.10.15_09-43-24_sto_car_2hexanol,2021,2022,True
2024.10.15_09-43-24_sto_car_2hexanol,2024,2037,True
2024.10.15_09-43-24_sto_car_2hexanol,2040,2044,True
2024.10.15_09-43-24_sto_car_2hexanol,2046,2046,True
2024.10.15_09-43-24_sto_car_2hexanol,2049,2049,True
2024.10.15_09-43-24_sto_car_2hexanol,2051,2057,True
2024.10.15_09-43-24_sto_car_2hexanol,2059,2064,True
2024.10.15_09-43-24_sto_car_2hexanol,2066,2072,True
2024.10.15_09-43-24_sto_car_2hexanol,2074,2179,True
2024.10.15_09-43-24_sto_car_2hexanol,2181,2206,True
2024.10.15_09-43-24_sto_car_2hexanol,2208,2222,True
2024.10.15_09-43-24_sto_car_2hexanol,2224,4941,True
2024.10.15_09-43-24_sto_car_2hexanol,6010,6740,True
2024.10.15_09-43-24_sto_car_2hexanol,6742,6772,True
2024.10.15_09-43-24_sto_car_2hexanol,6774,6941,True
2024.10.15_09-43-24_sto_car_2hexanol,6943,7016,True
2024.10.15_09-43-24_sto_car_2hexanol,7018,7127,True
2024.10.15_09-43-24_sto_car_2hexanol,7129,7165,True
2024.10.15_09-43-24_sto_car_2hexanol,7193,7225,True
2024.10.15_09-43-24_sto_car_2hexanol,7227,7347,True
2024.10.15_09-43-24_sto_car_2hexanol,7350,7391,True
2024.10.15_09-43-24_sto_car_2hexanol,7523,7529,True
2024.10.15_09-43-24_sto_car_2hexanol,7531,7531,True
2024.10.15_09-43-24_sto_car_2hexanol,7533,7546,True
2024.10.15_09-43-24_sto_car_2hexanol,7548,7605,True
2024.10.15_09-43-24_sto_car_2hexanol,7715,7753,True
2024.10.15_09-43-24_sto_car_2hexanol,7849,7878,True
2024.10.15_09-43-24_sto_car_2hexanol,7906,7906,True
2024.10.15_09-43-24_sto_car_2hexanol,7908,7910,True
2024.10.02_10-38-57_Biarmipes_G224_no_odor,235,242,True
2024.10.02_10-38-57_Biarmipes_G224_no_odor,244,244,True
2024.10.02_10-38-57_Biarmipes_G224_no_odor,246,254,True
2024.10.02_10-38-57_Biarmipes_G224_no_odor,261,462,True
2024.10.02_10-38-57_Biarmipes_G224_no_odor,464,465,True
2024.10.02_10-38-57_Biarmipes_G224_no_odor,467,467,True
2024.10.02_10-38-57_Biarmipes_G224_no_odor,469,477,True
2024.10.02_10-38-57_Biarmipes_G224_no_odor,1064,1064,True
2024.10.02_10-38-57_Biarmipes_G224_no_odor,1078,1080,True
2024.10.02_10-38-57_Biarmipes_G224_no_odor,1082,1082,True
2024.10.02_10-38-57_Biarmipes_G224_no_odor,1085,1085,True
2024.10.02_10-38-57_Biarmipes_G224_no_odor,1089,1089,True
2024.10.02_10-38-57_Biarmipes_G224_no_odor,1092,1096,True
2024.10.02_10-38-57_Biarmipes_G224_no_odor,1098,1106,True
2024.10.02_10-38-57_Biarmipes_G224_no_odor,1108,1117,True
2024.10.02_10-38-57_Biarmipes_G224_no_odor,1142,1439,True
2024.10.02_10-38-57_Biarmipes_G224_no_odor,1888,3220,True
2024.10.02_10-38-57_Biarmipes_G224_no_odor,5703,5703,True
2024.10.02_10-38-57_Biarmipes_G224_no_odor,5705,5712,True
2024.10.02_10-38-57_Biarmipes_G224_no_odor,5714,5716,True
2024.10.02_10-38-57_Biarmipes_G224_no_odor,5719,5719,True
2024.10.02_10-38-57_Biarmipes_G224_no_odor,5729,5729,True
2024.10.02_10-38-57_Biarmipes_G224_no_odor,5737,5738,True
2024.10.02_10-38-57_Biarmipes_G224_no_odor,5740,5744,True
2024.10.02_10-38-57_Biarmipes_G224_no_odor,5747,5761,True
2024.10.02_10-38-57_Biarmipes_G224_no_odor,5763,5767,True
2024.10.02_10-38-57_Biarmipes_G224_no_odor,5769,5775,True
2024.10.02_10-38-57_Biarmipes_G224_no_odor,5795,5795,True
2024.10.02_10-38-57_Biarmipes_G224_no_odor,5835,5835,True
2024.10.02_10-38-57_Biarmipes_G224_no_odor,5841,5843,True
2024.10.02_10-38-57_Biarmipes_G224_no_odor,5845,5846,True
2024.10.02_10-38-57_Biarmipes_G224_no_odor,5850,5850,True
2024.10.02_10-38-57_Biarmipes_G224_no_odor,5856,5858,True
2024.10.02_10-38-57_Biarmipes_G224_no_odor,5860,5861,True
2024.10.02_10-38-57_Biarmipes_G224_no_odor,5863,5867,True
2024.10.02_10-38-57_Biarmipes_G224_no_odor,5870,5871,True
2024.10.02_10-38-57_Biarmipes_G224_no_odor,5884,5884,True
2024.10.02_10-38-57_Biarmipes_G224_no_odor,5891,5891,True
2024.10.02_10-38-57_Biarmipes_G224_no_odor,5907,5907,True
2024.10.02_10-38-57_Biarmipes_G224_no_odor,5917,5921,True
2024.10.02_10-38-57_Biarmipes_G224_no_odor,5928,5936,True
2024.10.02_10-38-57_Biarmipes_G224_no_odor,5938,5946,True
2024.10.02_10-38-57_Biarmipes_G224_no_odor,5952,5952,True
2024.10.02_10-38-57_Biarmipes_G224_no_odor,6506,6506,True
2024.10.02_10-38-57_Biarmipes_G224_no_odor,6512,6512,True
2024.10.02_10-38-57_Biarmipes_G224_no_odor,6517,6521,True
2024.10.02_10-38-57_Biarmipes_G224_no_odor,6526,6526,True
2024.10.02_10-38-57_Biarmipes_G224_no_odor,6529,6529,True
2024.10.02_10-38-57_Biarmipes_G224_no_odor,6531,6533,True
2024.10.02_10-38-57_Biarmipes_G224_no_odor,6535,6551,True
2024.10.02_10-38-57_Biarmipes_G224_no_odor,6553,6557,True
2024.10.02_10-38-57_Biarmipes_G224_no_odor,6559,6561,True
2024.10.02_10-38-57_Biarmipes_G224_no_odor,6563,6563,True
2024.10.02_10-38-57_Biarmipes_G224_no_odor,6565,6580,True
2024.10.02_10-38-57_Biarmipes_G224_no_odor,6584,6586,True
2024.10.02_10-38-57_Biarmipes_G224_no_odor,6588,6588,True
2024.10.02_10-38-57_Biarmipes_G224_no_odor,6590,6590,True
2024.10.02_10-38-57_Biarmipes_G224_no_odor,6592,6593,True
2024.10.02_10-38-57_Biarmipes_G224_no_odor,6595,6595,True
2024.10.02_10-38-57_Biarmipes_G224_no_odor,6597,6598,True
2024.10.02_10-38-57_Biarmipes_G224_no_odor,6600,6600,True
2024.10.02_10-38-57_Biarmipes_G224_no_odor,6602,6606,True
2024.10.02_10-38-57_Biarmipes_G224_no_odor,6608,6628,True
2024.10.02_10-38-57_Biarmipes_G224_no_odor,6630,6635,True
2024.10.02_10-38-57_Biarmipes_G224_no_odor,6637,6646,True
2024.10.02_10-38-57_Biarmipes_G224_no_odor,6649,6670,True
2024.10.02_10-38-57_Biarmipes_G224_no_odor,6672,6672,True
2024.10.02_10-38-57_Biarmipes_G224_no_odor,6674,6676,True
2024.10.02_10-38-57_Biarmipes_G224_no_odor,6679,6679,True
2024.10.02_10-38-57_Biarmipes_G224_no_odor,6682,6683,True
2024.10.02_10-38-57_Biarmipes_G224_no_odor,6685,6689,True
2024.10.02_10-38-57_Biarmipes_G224_no_odor,6691,6696,True
2024.10.02_10-38-57_Biarmipes_G224_no_odor,6698,6734,True
2024.10.02_10-38-57_Biarmipes_G224_no_odor,6737,6746,True
2024.10.02_10-38-57_Biarmipes_G224_no_odor,6748,6749,True
2024.10.02_10-38-57_Biarmipes_G224_no_odor,6751,6780,True
2024.10.02_10-38-57_Biarmipes_G224_no_odor,6782,6789,True
2024.10.02_10-38-57_Biarmipes_G224_no_odor,6791,6806,True
2024.10.02_10-38-57_Biarmipes_G224_no_odor,6809,6809,True
2024.10.02_10-38-57_Biarmipes_G224_no_odor,6812,6816,True
2024.10.02_10-38-57_Biarmipes_G224_no_odor,6818,6832,True
2024.10.02_10-38-57_Biarmipes_G224_no_odor,6834,6834,True
2024.10.02_10-38-57_Biarmipes_G224_no_odor,6836,6846,True
2024.10.02_10-38-57_Biarmipes_G224_no_odor,6848,6852,True
2024.10.02_10-38-57_Biarmipes_G224_no_odor,6854,6854,True
2024.10.02_10-38-57_Biarmipes_G224_no_odor,6856,6856,True
2024.10.02_10-38-57_Biarmipes_G224_no_odor,6861,6864,True
2024.10.02_10-38-57_Biarmipes_G224_no_odor,6869,6870,True
2024.10.02_10-38-57_Biarmipes_G224_no_odor,6880,6881,True
2024.10.02_10-38-57_Biarmipes_G224_no_odor,6884,6885,True
2024.10.02_10-38-57_Biarmipes_G224_no_odor,6887,6888,True
2024.10.02_10-38-57_Biarmipes_G224_no_odor,6891,6892,True
2024.10.02_10-38-57_Biarmipes_G224_no_odor,6895,6896,True
2024.10.02_10-38-57_Biarmipes_G224_no_odor,6899,6899,True
2024.10.02_10-38-57_Biarmipes_G224_no_odor,6903,6905,True
2024.10.02_10-38-57_Biarmipes_G224_no_odor,6913,6913,True
2024.10.02_10-38-57_Biarmipes_G224_no_odor,6984,6984,True
2024.10.02_10-38-57_Biarmipes_G224_no_odor,6986,6986,True
2024.10.02_10-38-57_Biarmipes_G224_no_odor,7147,7147,True
2024.10.02_10-38-57_Biarmipes_G224_no_odor,7151,7152,True
2024.10.02_10-38-57_Biarmipes_G224_no_odor,7286,7286,True
2024.10.02_10-38-57_Biarmipes_G224_no_odor,7314,7321,True
2024.10.02_10-38-57_Biarmipes_G224_no_odor,7325,7334,True
2024.10.02_10-38-57_Biarmipes_G224_no_odor,7361,7591,True
2024.10.02_10-38-57_Biarmipes_G224_no_odor,7593,7597,True
2024.10.02_10-38-57_Biarmipes_G224_no_odor,7599,7602,True
2024.10.02_10-38-57_Biarmipes_G224_no_odor,7604,7609,True
2024.10.02_10-38-57_Biarmipes_G224_no_odor,7611,7618,True
2024.10.02_10-38-57_Biarmipes_G224_no_odor,7620,7627,True
2024.10.02_10-38-57_Biarmipes_G224_no_odor,7629,7632,True
2024.10.02_10-38-57_Biarmipes_G224_no_odor,7635,7638,True
2024.10.02_10-38-57_Biarmipes_G224_no_odor,7641,7654,True
2024.10.02_10-38-57_Biarmipes_G224_no_odor,7656,7660,True
2024.10.02_10-38-57_Biarmipes_G224_no_odor,7662,7664,True
2024.10.02_10-38-57_Biarmipes_G224_no_odor,7666,8594,True
2024.10.02_10-38-57_Biarmipes_G224_no_odor,8719,8911,True
2025.04.08_10-48-50_Sussex_metbut,1418,1779,True
2025.04.08_10-48-50_Sussex_metbut,1952,1952,True
2025.04.08_10-48-50_Sussex_metbut,1958,1960,True
2025.04.08_10-48-50_Sussex_metbut,1963,1966,True
2025.04.08_10-48-50_Sussex_metbut,2018,3741,True
2025.04.08_10-48-50_Sussex_metbut,6901,6908,True
2025.04.08_10-48-50_Sussex_metbut,6911,6913,True
2025.04.08_10-48-50_Sussex_metbut,6921,6936,True
2025.04.08_10-48-50_Sussex_metbut,6938,6956,True
2025.04.08_10-48-50_Sussex_metbut,6958,6960,True
2025.04.08_10-48-50_Sussex_metbut,6962,6970,True
2025.04.08_10-48-50_Sussex_metbut,6974,6976,True
2025.04.08_10-48-50_Sussex_metbut,6978,6978,True
2025.04.08_10-48-50_Sussex_metbut,6981,6982,True
2025.04.08_10-48-50_Sussex_metbut,6984,6985,True
2025.04.08_10-48-50_Sussex_metbut,6988,6990,True
2025.04.08_10-48-50_Sussex_metbut,6992,6992,True
2025.04.08_10-48-50_Sussex_metbut,6994,7008,True
2025.04.08_10-48-50_Sussex_metbut,7011,7014,True
2025.04.08_10-48-50_Sussex_metbut,7016,7018,True
2025.04.08_10-48-50_Sussex_metbut,7020,7021,True
2025.04.08_10-48-50_Sussex_metbut,7024,7060,True
2025.04.08_10-48-50_Sussex_metbut,7062,7073,True
2025.04.08_10-48-50_Sussex_metbut,7075,7086,True
2025.04.08_10-48-50_Sussex_metbut,7088,7100,True
2025.04.08_10-48-50_Sussex_metbut,7102,7102,True
2025.04.08_10-48-50_Sussex_metbut,7106,7106,True
2025.04.08_10-48-50_Sussex_metbut,7108,7108,True
2025.04.08_10-48-50_Sussex_metbut,7110,7111,True
2025.04.08_10-48-50_Sussex_metbut,7113,7114,True
2025.04.08_10-48-50_Sussex_metbut,7116,7126,True
2025.04.08_10-48-50_Sussex_metbut,7128,7130,True
2025.04.08_10-48-50_Sussex_metbut,7132,7132,True
2025.04.08_10-48-50_Sussex_metbut,7134,7137,True
2025.04.08_10-48-50_Sussex_metbut,7140,7142,True
2025.04.08_10-48-50_Sussex_metbut,7144,7147,True
2025.04.08_10-48-50_Sussex_metbut,7149,7150,True
2025.04.08_10-48-50_Sussex_metbut,7154,7154,True
2025.04.08_10-48-50_Sussex_metbut,7157,7157,True
2025.04.08_10-48-50_Sussex_metbut,7159,7159,True
2025.04.08_10-48-50_Sussex_metbut,7161,7162,True
2025.04.08_10-48-50_Sussex_metbut,7166,7166,True
2025.04.08_10-48-50_Sussex_metbut,7168,7169,True
2025.04.08_10-48-50_Sussex_metbut,7173,7174,True
2025.04.08_10-48-50_Sussex_metbut,7179,7179,True
2025.04.08_10-48-50_Sussex_metbut,7182,7182,True
2025.04.08_10-48-50_Sussex_metbut,7184,7185,True
2025.04.08_10-48-50_Sussex_metbut,7187,7188,True
2025.04.08_10-48-50_Sussex_metbut,7263,7263,True
2025.04.08_10-48-50_Sussex_metbut,7391,8924,True
2024.09.24_16-13-18_Yakuba7_no_odor,3,1857,True
2024.09.24_16-13-18_Yakuba7_no_odor,4642,4711,True
2024.09.24_16-13-18_Yakuba7_no_odor,4713,4719,True
2024.09.24_16-13-18_Yakuba7_no_odor,4722,4723,True
2024.09.24_16-13-18_Yakuba7_no_odor,4725,4747,True
2024.09.24_16-13-18_Yakuba7_no_odor,4750,4752,True
2024.09.24_16-13-18_Yakuba7_no_odor,4754,4763,True
2024.09.24_16-13-18_Yakuba7_no_odor,4766,4771,True
2024.09.24_16-13-18_Yakuba7_no_odor,4773,4799,True
2024.09.24_16-13-18_Yakuba7_no_odor,4801,4806,True
2024.09.24_16-13-18_Yakuba7_no_odor,4808,4809,True
2024.09.24_16-13-18_Yakuba7_no_odor,4811,4821,True
2024.09.24_16-13-18_Yakuba7_no_odor,4824,4838,True
2024.09.24_16-13-18_Yakuba7_no_odor,4873,4995,True
2024.09.24_16-13-18_Yakuba7_no_odor,4997,5053,True
2024.09.24_16-13-18_Yakuba7_no_odor,5055,5055,True
2024.09.24_16-13-18_Yakuba7_no_odor,5057,5062,True
2024.09.24_16-13-18_Yakuba7_no_odor,5066,5066,True
2024.09.24_16-13-18_Yakuba7_no_odor,5216,5216,True
2024.09.24_16-13-18_Yakuba7_no_odor,5230,5267,True
2024.09.24_16-13-18_Yakuba7_no_odor,5269,5273,True
2024.09.24_16-13-18_Yakuba7_no_odor,5300,5300,True
2024.09.24_16-13-18_Yakuba7_no_odor,5303,5304,True
2024.09.24_16-13-18_Yakuba7_no_odor,5312,5312,True
2024.09.24_16-13-18_Yakuba7_no_odor,5314,5316,True
2024.09.24_16-13-18_Yakuba7_no_odor,5325,5332,True
2024.09.24_16-13-18_Yakuba7_no_odor,5335,5336,True
2024.09.24_16-13-18_Yakuba7_no_odor,5393,5393,True
2024.09.24_16-13-18_Yakuba7_no_odor,5494,5494,True
2024.09.24_16-13-18_Yakuba7_no_odor,5515,5516,True
2024.09.24_16-13-18_Yakuba7_no_odor,5591,5594,True
2024.09.24_16-13-18_Yakuba7_no_odor,5598,5598,True
2024.09.24_16-13-18_Yakuba7_no_odor,5601,5601,True
2024.09.24_16-13-18_Yakuba7_no_odor,5613,5613,True
2024.09.24_16-13-18_Yakuba7_no_odor,5615,5617,True
2024.09.24_16-13-18_Yakuba7_no_odor,5619,5622,True
2024.09.24_16-13-18_Yakuba7_no_odor,5624,5643,True
2024.09.24_16-13-18_Yakuba7_no_odor,5645,5646,True
2024.09.24_16-13-18_Yakuba7_no_odor,5648,5648,True
2024.09.24_16-13-18_Yakuba7_no_odor,5651,5659,True
2024.09.24_16-13-18_Yakuba7_no_odor,5684,5684,True
2024.09.24_16-13-18_Yakuba7_no_odor,5689,5689,True
2024.09.24_16-13-18_Yakuba7_no_odor,5691,5691,True
2024.09.24_16-13-18_Yakuba7_no_odor,5700,5705,True
2024.09.24_16-13-18_Yakuba7_no_odor,5707,5708,True
2024.09.24_16-13-18_Yakuba7_no_odor,5710,5729,True
2024.09.24_16-13-18_Yakuba7_no_odor,5731,5742,True
2024.09.24_16-13-18_Yakuba7_no_odor,5744,5744,True
2024.09.24_16-13-18_Yakuba7_no_odor,5747,5747,True
2024.09.24_16-13-18_Yakuba7_no_odor,5749,5753,True
2024.09.24_16-13-18_Yakuba7_no_odor,5755,5756,True
2024.09.24_16-13-18_Yakuba7_no_odor,5759,5760,True
2024.09.24_16-13-18_Yakuba7_no_odor,5762,5782,True
2024.09.24_16-13-18_Yakuba7_no_odor,5784,5797,True
2024.09.24_16-13-18_Yakuba7_no_odor,5800,5804,True
2024.09.24_16-13-18_Yakuba7_no_odor,5806,5811,True
2024.09.24_16-13-18_Yakuba7_no_odor,5813,5817,True
2024.09.24_16-13-18_Yakuba7_no_odor,5820,5820,True
2024.09.24_16-13-18_Yakuba7_no_odor,5822,5822,True
2024.09.24_16-13-18_Yakuba7_no_odor,5824,5826,True
2024.09.24_16-13-18_Yakuba7_no_odor,5828,5835,True
2024.09.24_16-13-18_Yakuba7_no_odor,5837,5849,True
2024.09.24_16-13-18_Yakuba7_no_odor,5851,5851,True
2024.09.24_16-13-18_Yakuba7_no_odor,5853,5854,True
2024.09.24_16-13-18_Yakuba7_no_odor,5857,5860,True
2024.09.24_16-13-18_Yakuba7_no_odor,5875,5875,True
2024.09.24_16-13-18_Yakuba7_no_odor,5878,5886,True
2024.09.24_16-13-18_Yakuba7_no_odor,5889,5892,True
2024.09.24_16-13-18_Yakuba7_no_odor,5894,5901,True
2024.09.24_16-13-18_Yakuba7_no_odor,5904,5904,True
2024.09.24_16-13-18_Yakuba7_no_odor,5906,5911,True
2024.09.24_16-13-18_Yakuba7_no_odor,5913,5916,True
2024.09.24_16-13-18_Yakuba7_no_odor,5919,5919,True
2024.09.24_16-13-18_Yakuba7_no_odor,5921,5923,True
2024.09.24_16-13-18_Yakuba7_no_odor,5925,5925,True
2024.09.24_16-13-18_Yakuba7_no_odor,5927,5932,True
2024.09.24_16-13-18_Yakuba7_no_odor,5983,5983,True
2024.09.24_16-13-18_Yakuba7_no_odor,6025,6025,True
2024.09.24_16-13-18_Yakuba7_no_odor,6031,6031,True
2024.09.24_16-13-18_Yakuba7_no_odor,6033,6034,True
2024.09.24_16-13-18_Yakuba7_no_odor,6036,6036,True
2024.09.24_16-13-18_Yakuba7_no_odor,6038,6038,True
2024.09.24_16-13-18_Yakuba7_no_odor,6125,6126,True
2024.09.24_16-13-18_Yakuba7_no_odor,6128,6128,True
2024.09.24_16-13-18_Yakuba7_no_odor,6135,6135,True
2024.09.24_16-13-18_Yakuba7_no_odor,6138,6138,True
2024.09.24_16-13-18_Yakuba7_no_odor,6142,6142,True
2024.09.24_16-13-18_Yakuba7_no_odor,6144,6148,True
2024.09.24_16-13-18_Yakuba7_no_odor,6150,6151,True
2024.09.24_16-13-18_Yakuba7_no_odor,6155,6157,True
2024.09.24_16-13-18_Yakuba7_no_odor,6159,6162,True
2024.09.24_16-13-18_Yakuba7_no_odor,6165,6165,True
2024.09.24_16-13-18_Yakuba7_no_odor,6167,6167,True
2024.09.24_16-13-18_Yakuba7_no_odor,6169,6169,True
2024.09.24_16-13-18_Yakuba7_no_odor,6171,6171,True
2024.09.24_16-13-18_Yakuba7_no_odor,6173,6176,True
2024.09.24_16-13-18_Yakuba7_no_odor,6179,6181,True
2024.09.24_16-13-18_Yakuba7_no_odor,6183,6186,True
2024.09.24_16-13-18_Yakuba7_no_odor,6189,6189,True
2024.09.24_16-13-18_Yakuba7_no_odor,6191,6193,True
2024.09.24_16-13-18_Yakuba7_no_odor,6195,6200,True
2024.09.24_16-13-18_Yakuba7_no_odor,6203,6207,True
2024.09.24_16-13-18_Yakuba7_no_odor,6210,6210,True
2024.09.24_16-13-18_Yakuba7_no_odor,6219,6226,True
2024.09.24_16-13-18_Yakuba7_no_odor,6233,6245,True
2024.09.24_16-13-18_Yakuba7_no_odor,6249,6255,True
2024.09.24_16-13-18_Yakuba7_no_odor,6257,6260,True
2024.09.24_16-13-18_Yakuba7_no_odor,6262,6262,True
2024.09.24_16-13-18_Yakuba7_no_odor,6264,6266,True
2024.09.24_16-13-18_Yakuba7_no_odor,6288,6294,True
2024.09.24_16-13-18_Yakuba7_no_odor,6296,6302,True
2024.09.24_16-13-18_Yakuba7_no_odor,6304,6311,True
2024.09.24_16-13-18_Yakuba7_no_odor,6313,6317,True
2024.09.24_16-13-18_Yakuba7_no_odor,6319,6327,True
2024.09.24_16-13-18_Yakuba7_no_odor,6329,6338,True
2024.09.24_16-13-18_Yakuba7_no_odor,6340,6340,True
2024.09.24_16-13-18_Yakuba7_no_odor,6342,6351,True
2024.09.24_16-13-18_Yakuba7_no_odor,6354,6359,True
2024.09.24_16-13-18_Yakuba7_no_odor,6361,6363,True
2024.09.24_16-13-18_Yakuba7_no_odor,6365,6366,True
2024.09.24_16-13-18_Yakuba7_no_odor,6368,6370,True
2024.09.24_16-13-18_Yakuba7_no_odor,6372,6493,True
2024.09.24_16-13-18_Yakuba7_no_odor,6725,7042,True
2024.09.24_16-13-18_Yakuba7_no_odor,7044,7051,True
2024.09.24_16-13-18_Yakuba7_no_odor,7054,7055,True
2024.09.24_16-13-18_Yakuba7_no_odor,7058,7059,True
2024.09.24_16-13-18_Yakuba7_no_odor,7063,7074,True
2024.09.24_16-13-18_Yakuba7_no_odor,7076,7086,True
2024.09.24_16-13-18_Yakuba7_no_odor,7091,7092,True
2024.09.24_16-13-18_Yakuba7_no_odor,7096,7099,True
2024.09.24_16-13-18_Yakuba7_no_odor,7102,7111,True
2024.09.24_16-13-18_Yakuba7_no_odor,7113,7117,True
2024.09.24_16-13-18_Yakuba7_no_odor,7119,7120,True
2024.09.24_16-13-18_Yakuba7_no_odor,7122,7122,True
2024.09.24_16-13-18_Yakuba7_no_odor,7130,7130,True
2024.09.24_16-13-18_Yakuba7_no_odor,7134,7134,True
2024.09.24_16-13-18_Yakuba7_no_odor,7138,7138,True
2024.09.24_16-13-18_Yakuba7_no_odor,7140,7142,True
2024.09.24_16-13-18_Yakuba7_no_odor,7144,7152,True
2024.09.24_16-13-18_Yakuba7_no_odor,7154,7155,True
2024.09.24_16-13-18_Yakuba7_no_odor,7159,7160,True
2024.09.24_16-13-18_Yakuba7_no_odor,7166,7168,True
2024.09.24_16-13-18_Yakuba7_no_odor,7171,7172,True
2024.09.24_16-13-18_Yakuba7_no_odor,7174,7175,True
2024.09.24_16-13-18_Yakuba7_no_odor,7177,7180,True
2024.09.24_16-13-18_Yakuba7_no_odor,7182,7183,True
2024.09.24_16-13-18_Yakuba7_no_odor,7186,7188,True
2024.09.24_16-13-18_Yakuba7_no_odor,7190,7191,True
2024.09.24_16-13-18_Yakuba7_no_odor,7194,7194,True
2024.09.24_16-13-18_Yakuba7_no_odor,7196,7196,True
2024.09.24_16-13-18_Yakuba7_no_odor,7199,7199,True
2024.09.24_16-13-18_Yakuba7_no_odor,7215,7215,True
2024.09.24_16-13-18_Yakuba7_no_odor,7234,7234,True
2024.09.24_16-13-18_Yakuba7_no_odor,7270,7270,True
2024.09.24_16-13-18_Yakuba7_no_odor,7274,7274,True
2024.09.24_16-13-18_Yakuba7_no_odor,7277,7277,True
2024.09.24_16-13-18_Yakuba7_no_odor,7280,7282,True
2024.09.24_16-13-18_Yakuba7_no_odor,7286,7287,True
2024.09.24_16-13-18_Yakuba7_no_odor,7289,7289,True
2024.09.24_16-13-18_Yakuba7_no_odor,7292,7293,True
2024.09.24_16-13-18_Yakuba7_no_odor,7296,7298,True
2024.09.24_16-13-18_Yakuba7_no_odor,7301,7306,True
2024.09.24_16-13-18_Yakuba7_no_odor,7308,7321,True
2024.09.24_16-13-18_Yakuba7_no_odor,7323,7326,True
2024.09.24_16-13-18_Yakuba7_no_odor,7332,7335,True
2024.09.24_16-13-18_Yakuba7_no_odor,7344,7344,True
2024.09.24_16-13-18_Yakuba7_no_odor,7352,7352,True
2024.09.24_16-13-18_Yakuba7_no_odor,7356,7356,True
2024.09.24_16-13-18_Yakuba7_no_odor,7361,7364,True
2024.09.24_16-13-18_Yakuba7_no_odor,7368,7368,True
2024.09.24_16-13-18_Yakuba7_no_odor,7373,7373,True
2024.09.24_16-13-18_Yakuba7_no_odor,7378,7378,True
2024.09.24_16-13-18_Yakuba7_no_odor,7380,7385,True
2024.09.24_16-13-18_Yakuba7_no_odor,7387,7387,True
2024.09.24_16-13-18_Yakuba7_no_odor,7392,7392,True
2024.09.24_16-13-18_Yakuba7_no_odor,7396,7402,True
2024.09.24_16-13-18_Yakuba7_no_odor,7404,7405,True
2024.09.24_16-13-18_Yakuba7_no_odor,7407,7409,True
2024.09.24_16-13-18_Yakuba7_no_odor,7411,7411,True
2024.09.24_16-13-18_Yakuba7_no_odor,7413,7413,True
2024.09.24_16-13-18_Yakuba7_no_odor,7415,7426,True
2024.09.24_16-13-18_Yakuba7_no_odor,7428,7431,True
2024.09.24_16-13-18_Yakuba7_no_odor,7434,7446,True
2024.09.24_16-13-18_Yakuba7_no_odor,7448,7462,True
2024.09.24_16-13-18_Yakuba7_no_odor,7464,7464,True
2024.09.24_16-13-18_Yakuba7_no_odor,7468,7475,True
2024.09.24_16-13-18_Yakuba7_no_odor,7477,7481,True
2024.09.24_16-13-18_Yakuba7_no_odor,7483,7484,True
2024.09.24_16-13-18_Yakuba7_no_odor,7486,7487,True
2024.09.24_16-13-18_Yakuba7_no_odor,7489,7491,True
2024.09.24_16-13-18_Yakuba7_no_odor,7493,7502,True
2024.09.24_16-13-18_Yakuba7_no_odor,7504,7504,True
2024.09.24_16-13-18_Yakuba7_no_odor,7507,7509,True
2024.09.24_16-13-18_Yakuba7_no_odor,7511,7512,True
2024.09.24_16-13-18_Yakuba7_no_odor,7514,7514,True
2024.09.24_16-13-18_Yakuba7_no_odor,7517,7517,True
2024.09.24_16-13-18_Yakuba7_no_odor,7519,7528,True
2024.09.24_16-13-18_Yakuba7_no_odor,7530,7533,True
2024.09.24_16-13-18_Yakuba7_no_odor,7536,7536,True
2024.09.24_16-13-18_Yakuba7_no_odor,7538,7538,True
2024.09.24_16-13-18_Yakuba7_no_odor,7540,7547,True
2024.09.24_16-13-18_Yakuba7_no_odor,7549,7555,True
2024.09.24_16-13-18_Yakuba7_no_odor,7560,7562,True
2024.09.24_16-13-18_Yakuba7_no_odor,7564,7564,True
2024.09.24_16-13-18_Yakuba7_no_odor,7566,7581,True
2024.09.24_16-13-18_Yakuba7_no_odor,7583,7585,True
2024.09.24_16-13-18_Yakuba7_no_odor,7587,7592,True
2024.09.24_16-13-18_Yakuba7_no_odor,7595,7598,True
2024.09.24_16-13-18_Yakuba7_no_odor,7600,7601,True
2024.09.24_16-13-18_Yakuba7_no_odor,7603,7613,True
2024.09.24_16-13-18_Yakuba7_no_odor,7615,7615,True
2024.09.24_16-13-18_Yakuba7_no_odor,7617,7617,True
2024.09.24_16-13-18_Yakuba7_no_odor,7619,7620,True
2024.09.24_16-13-18_Yakuba7_no_odor,7623,7626,True
2024.09.24_16-13-18_Yakuba7_no_odor,7628,7629,True
2024.09.24_16-13-18_Yakuba7_no_odor,7631,7632,True
2024.09.24_16-13-18_Yakuba7_no_odor,7635,7635,True
2024.09.24_16-13-18_Yakuba7_no_odor,7637,7642,True
2024.09.24_16-13-18_Yakuba7_no_odor,7644,7646,True
2024.09.24_16-13-18_Yakuba7_no_odor,7648,7652,True
2024.09.24_16-13-18_Yakuba7_no_odor,7654,7659,True
2024.09.24_16-13-18_Yakuba7_no_odor,7662,7662,True
2024.09.24_16-13-18_Yakuba7_no_odor,7664,7674,True
2024.09.24_16-13-18_Yakuba7_no_odor,7676,7676,True
2024.09.24_16-13-18_Yakuba7_no_odor,7678,7681,True
2024.09.24_16-13-18_Yakuba7_no_odor,7683,7685,True
2024.09.24_16-13-18_Yakuba7_no_odor,7688,7696,True
2024.09.24_16-13-18_Yakuba7_no_odor,7699,7699,True
2024.09.24_16-13-18_Yakuba7_no_odor,7701,7702,True
2024.09.24_16-13-18_Yakuba7_no_odor,7704,7707,True
2024.09.24_16-13-18_Yakuba7_no_odor,7709,7711,True
2024.09.24_16-13-18_Yakuba7_no_odor,7713,7713,True
2024.09.24_16-13-18_Yakuba7_no_odor,7715,7715,True
2024.09.24_16-13-18_Yakuba7_no_odor,7717,7718,True
2024.09.24_16-13-18_Yakuba7_no_odor,7720,7726,True
2024.09.24_16-13-18_Yakuba7_no_odor,7728,7731,True
2024.09.24_16-13-18_Yakuba7_no_odor,7733,7735,True
2024.09.24_16-13-18_Yakuba7_no_odor,7737,7737,True
2024.09.24_16-13-18_Yakuba7_no_odor,7740,7741,True
2024.09.24_16-13-18_Yakuba7_no_odor,7743,7750,True
2024.09.24_16-13-18_Yakuba7_no_odor,7752,7753,True
2024.09.24_16-13-18_Yakuba7_no_odor,7755,7755,True
2024.09.24_16-13-18_Yakuba7_no_odor,7757,7757,True
2024.09.24_16-13-18_Yakuba7_no_odor,7760,7761,True
2024.09.24_16-13-18_Yakuba7_no_odor,7763,7763,True
2024.09.24_16-13-18_Yakuba7_no_odor,7765,7765,True
2024.09.24_16-13-18_Yakuba7_no_odor,7767,7771,True
2024.09.24_16-13-18_Yakuba7_no_odor,7773,7795,True
2024.09.24_16-13-18_Yakuba7_no_odor,7797,7799,True
2024.09.24_16-13-18_Yakuba7_no_odor,7801,7804,True
2024.09.24_16-13-18_Yakuba7_no_odor,7806,7819,True
2024.09.24_16-13-18_Yakuba7_no_odor,7821,7821,True
2024.09.24_16-13-18_Yakuba7_no_odor,7823,7850,True
2024.09.24_16-13-18_Yakuba7_no_odor,7852,7866,True
2024.09.24_16-13-18_Yakuba7_no_odor,7868,7868,True
2024.09.24_16-13-18_Yakuba7_no_odor,7870,7870,True
2024.09.24_16-13-18_Yakuba7_no_odor,7873,7877,True
2024.09.24_16-13-18_Yakuba7_no_odor,7879,7880,True
2024.09.24_16-13-18_Yakuba7_no_odor,7882,7920,True
2024.09.24_16-13-18_Yakuba7_no_odor,7959,8020,True
2024.09.24_16-13-18_Yakuba7_no_odor,8022,8028,True
2024.09.24_16-13-18_Yakuba7_no_odor,8030,8044,True
2024.09.24_16-13-18_Yakuba7_no_odor,8046,8047,True
2024.09.24_16-13-18_Yakuba7_no_odor,8049,8051,True
2024.09.24_16-13-18_Yakuba7_no_odor,8053,8097,True
2024.09.24_16-13-18_Yakuba7_no_odor,8100,8121,True
2024.09.24_16-13-18_Yakuba7_no_odor,8123,8193,True
2024.09.24_16-13-18_Yakuba7_no_odor,8195,8999,True
2024.11.13_00-48-15_Sussex_e2hex,3,452,True
2024.11.13_00-48-15_Sussex_e2hex,622,1348,True
2024.11.13_00-48-15_Sussex_e2hex,2089,2103,True
2024.11.13_00-48-15_Sussex_e2hex,2820,2823,True
2024.11.13_00-48-15_Sussex_e2hex,2845,2845,True
2024.11.13_00-48-15_Sussex_e2hex,2852,2862,True
2024.11.13_00-48-15_Sussex_e2hex,2864,2878,True
2024.11.13_00-48-15_Sussex_e2hex,2880,3635,True
2024.11.13_00-48-15_Sussex_e2hex,4791,4815,True
2024.11.13_00-48-15_Sussex_e2hex,5651,5651,True
2024.11.13_00-48-15_Sussex_e2hex,5713,7062,True
2024.11.12_07-08-45_Biarmipes_G224_e2hex,3,662,True
2024.11.12_07-08-45_Biarmipes_G224_e2hex,872,872,True
2024.11.12_07-08-45_Biarmipes_G224_e2hex,1257,1261,True
2024.11.12_07-08-45_Biarmipes_G224_e2hex,1263,1461,True
2024.11.12_07-08-45_Biarmipes_G224_e2hex,1665,1708,True
2024.11.12_07-08-45_Biarmipes_G224_e2hex,1728,1785,True
2024.11.12_07-08-45_Biarmipes_G224_e2hex,2243,2254,True
2024.11.12_07-08-45_Biarmipes_G224_e2hex,2321,2328,True
2024.11.12_07-08-45_Biarmipes_G224_e2hex,2392,2394,True
2024.11.12_07-08-45_Biarmipes_G224_e2hex,2397,2731,True
2024.11.12_07-08-45_Biarmipes_G224_e2hex,3391,3644,True
2024.11.12_07-08-45_Biarmipes_G224_e2hex,3657,3725,True
2024.11.12_07-08-45_Biarmipes_G224_e2hex,3727,3840,True
2024.11.12_07-08-45_Biarmipes_G224_e2hex,3845,3854,True
2024.11.12_07-08-45_Biarmipes_G224_e2hex,3859,3859,True
2024.11.12_07-08-45_Biarmipes_G224_e2hex,3861,4049,True
2024.11.12_07-08-45_Biarmipes_G224_e2hex,4419,5075,True
2024.11.12_07-08-45_Biarmipes_G224_e2hex,5127,5238,True
2024.11.12_07-08-45_Biarmipes_G224_e2hex,5294,5395,True
2024.11.12_07-08-45_Biarmipes_G224_e2hex,5397,5406,True
2024.11.12_07-08-45_Biarmipes_G224_e2hex,5408,5408,True
2024.11.12_07-08-45_Biarmipes_G224_e2hex,5411,5412,True
2024.11.12_07-08-45_Biarmipes_G224_e2hex,5414,5417,True
2024.11.12_07-08-45_Biarmipes_G224_e2hex,5420,5599,True
2024.11.12_07-08-45_Biarmipes_G224_e2hex,6080,6103,True
2024.11.12_07-08-45_Biarmipes_G224_e2hex,6140,7095,True
2024.11.12_07-08-45_Biarmipes_G224_e2hex,7104,7104,True
2024.11.12_07-08-45_Biarmipes_G224_e2hex,7106,7168,True
2024.11.12_07-08-45_Biarmipes_G224_e2hex,7267,7289,True
2024.11.12_07-08-45_Biarmipes_G224_e2hex,7376,7526,True
2024.11.12_07-08-45_Biarmipes_G224_e2hex,7753,7753,True
2024.11.12_07-08-45_Biarmipes_G224_e2hex,7924,7933,True
2024.11.12_07-08-45_Biarmipes_G224_e2hex,7935,7946,True
2024.11.12_07-08-45_Biarmipes_G224_e2hex,7951,7959,True
2024.10.04_15-12-48_Biarmipes84_no_odor,2483,2512,True
2024.10.04_15-12-48_Biarmipes84_no_odor,3434,3434,True
2024.10.04_15-12-48_Biarmipes84_no_odor,3478,3483,True
2024.10.04_15-12-48_Biarmipes84_no_odor,3497,3499,True
2024.10.04_15-12-48_Biarmipes84_no_odor,3505,3505,True
2024.10.04_15-12-48_Biarmipes84_no_odor,3515,3515,True
2024.10.04_15-12-48_Biarmipes84_no_odor,3618,3621,True
2024.10.04_15-12-48_Biarmipes84_no_odor,3624,3625,True
2024.10.04_15-12-48_Biarmipes84_no_odor,3632,3642,True
2024.10.04_15-12-48_Biarmipes84_no_odor,3644,3661,True
2024.10.04_15-12-48_Biarmipes84_no_odor,3663,3676,True
2024.10.04_15-12-48_Biarmipes84_no_odor,3678,3838,True
2024.10.04_15-12-48_Biarmipes84_no_odor,3840,4145,True
2024.10.04_15-12-48_Biarmipes84_no_odor,4543,7387,True
2024.10.04_15-12-48_Biarmipes84_no_odor,8699,8699,True
2024.10.04_15-12-48_Biarmipes84_no_odor,8701,8705,True
2024.10.04_15-12-48_Biarmipes84_no_odor,8707,8707,True
2024.10.04_15-12-48_Biarmipes84_no_odor,8709,8710,True
2024.10.04_15-12-48_Biarmipes84_no_odor,8713,8714,True
2024.10.04_15-12-48_Biarmipes84_no_odor,8716,8718,True
2024.10.04_15-12-48_Biarmipes84_no_odor,8720,8726,True
2024.10.04_15-12-48_Biarmipes84_no_odor,8730,8795,True
2024.10.04_15-12-48_Biarmipes84_no_odor,8797,8799,True
2024.10.04_15-12-48_Biarmipes84_no_odor,8803,8803,True
2024.10.04_15-12-48_Biarmipes84_no_odor,8810,8829,True
2024.10.04_15-12-48_Biarmipes84_no_odor,8832,8833,True
2024.10.04_15-12-48_Biarmipes84_no_odor,8835,8843,True
2024.10.04_15-12-48_Biarmipes84_no_odor,8847,8849,True
2024.10.04_15-12-48_Biarmipes84_no_odor,8852,8866,True
2024.10.04_15-12-48_Biarmipes84_no_odor,8868,8932,True
2024.10.04_15-12-48_Biarmipes84_no_odor,8975,8976,True
2024.10.04_15-12-48_Biarmipes84_no_odor,8982,8999,True
2024.07.03_12-43-45_CantonS (no odor),3,523,True
2024.07.03_12-43-45_CantonS (no odor),2180,2180,True
2024.07.03_12-43-45_CantonS (no odor),2295,2295,True
2024.07.03_12-43-45_CantonS (no odor),2308,2308,True
2024.07.03_12-43-45_CantonS (no odor),2371,3605,True
2024.07.03_12-43-45_CantonS (no odor),3625,3625,True
2024.07.03_12-43-45_CantonS (no odor),3627,3627,True
2024.07.03_12-43-45_CantonS (no odor),3630,3632,True
2024.07.03_12-43-45_CantonS (no odor),3634,3634,True
2024.07.03_12-43-45_CantonS (no odor),3636,3636,True
2024.07.03_12-43-45_CantonS (no odor),3638,3641,True
2024.07.03_12-43-45_CantonS (no odor),4009,4009,True
2024.07.03_12-43-45_CantonS (no odor),4016,4016,True
2024.07.03_12-43-45_CantonS (no odor),4046,5437,True
