trial,start_frame,end_frame,is_swapped
2025.04.08_10-28-16_Sussex_metbut,4019.0,4021.0,1.0
2025.04.08_10-28-16_Sussex_metbut,4023.0,4032.0,1.0
2025.04.08_10-28-16_Sussex_metbut,4034.0,4038.0,1.0
2025.04.08_10-28-16_Sussex_metbut,4041.0,4054.0,1.0
2025.04.08_10-28-16_Sussex_metbut,4057.0,5023.0,1.0
2025.04.08_10-28-16_Sussex_metbut,5025.0,5127.0,1.0
2025.04.08_10-28-16_Sussex_metbut,5130.0,5213.0,1.0
2025.04.08_10-28-16_Sussex_metbut,5223.0,5231.0,1.0
2025.04.08_10-28-16_Sussex_metbut,5234.0,5239.0,1.0
2025.04.08_10-28-16_Sussex_metbut,5241.0,5260.0,1.0
2025.04.08_10-28-16_Sussex_metbut,6519.0,7088.0,1.0
2025.04.08_10-28-16_Sussex_metbut,7090.0,7188.0,1.0
2025.04.08_10-28-16_Sussex_metbut,7191.0,7191.0,1.0
2025.04.08_10-28-16_Sussex_metbut,7193.0,7204.0,1.0
2024.07.10_12-55-06_Riverside (MetBen),7763.0,7937.0,1.0
2024.07.10_12-55-06_Riverside (MetBen),7939.0,7940.0,1.0
2024.10.01_09-10-55_Yakuba_cameroon_no_odor,3856.0,3856.0,1.0
2024.10.01_09-10-55_Yakuba_cameroon_no_odor,3869.0,3873.0,1.0
2024.10.01_09-10-55_Yakuba_cameroon_no_odor,3875.0,3878.0,1.0
2024.10.01_09-10-55_Yakuba_cameroon_no_odor,3880.0,3904.0,1.0
2024.10.01_09-10-55_Yakuba_cameroon_no_odor,3906.0,3907.0,1.0
2024.10.01_09-10-55_Yakuba_cameroon_no_odor,3909.0,4731.0,1.0
2024.10.01_09-10-55_Yakuba_cameroon_no_odor,4733.0,4738.0,1.0
2024.10.01_09-10-55_Yakuba_cameroon_no_odor,4742.0,4746.0,1.0
2024.10.01_09-10-55_Yakuba_cameroon_no_odor,4748.0,4750.0,1.0
2024.10.01_09-10-55_Yakuba_cameroon_no_odor,4752.0,4755.0,1.0
2024.10.01_09-10-55_Yakuba_cameroon_no_odor,4762.0,4762.0,1.0
2024.10.01_09-10-55_Yakuba_cameroon_no_odor,4764.0,4764.0,1.0
2024.10.01_09-10-55_Yakuba_cameroon_no_odor,4767.0,4767.0,1.0
2024.10.01_09-10-55_Yakuba_cameroon_no_odor,4769.0,6410.0,1.0
2024.10.01_09-10-55_Yakuba_cameroon_no_odor,6412.0,7333.0,1.0
2024.10.01_09-10-55_Yakuba_cameroon_no_odor,7335.0,7335.0,1.0
2024.10.01_09-10-55_Yakuba_cameroon_no_odor,7369.0,7715.0,1.0
2024.10.01_09-10-55_Yakuba_cameroon_no_odor,7731.0,8999.0,1.0
2024.10.24_12-17-03_Riverside_metben,6668.0,6728.0,1.0
2024.10.24_12-17-03_Riverside_metben,6730.0,6859.0,1.0
2024.10.24_12-17-03_Riverside_metben,6861.0,6977.0,1.0
2024.10.24_12-17-03_Riverside_metben,6979.0,6979.0,1.0
2024.10.24_12-17-03_Riverside_metben,6982.0,7032.0,1.0
2024.10.24_12-17-03_Riverside_metben,7034.0,7034.0,1.0
2024.10.24_12-17-03_Riverside_metben,7036.0,7094.0,1.0
2024.10.24_12-17-03_Riverside_metben,7096.0,7109.0,1.0
2024.10.24_12-17-03_Riverside_metben,7111.0,7118.0,1.0
2024.10.24_12-17-03_Riverside_metben,7120.0,7142.0,1.0
2024.10.24_12-17-03_Riverside_metben,7144.0,7151.0,1.0
2024.10.24_12-17-03_Riverside_metben,7153.0,7155.0,1.0
2024.10.24_12-17-03_Riverside_metben,7157.0,7163.0,1.0
2024.10.24_12-17-03_Riverside_metben,7165.0,7169.0,1.0
2024.10.24_12-17-03_Riverside_metben,7171.0,7177.0,1.0
2024.10.24_12-17-03_Riverside_metben,7180.0,7183.0,1.0
2024.10.24_12-17-03_Riverside_metben,7185.0,7186.0,1.0
2024.10.24_12-17-03_Riverside_metben,7188.0,7192.0,1.0
2024.10.24_12-17-03_Riverside_metben,7195.0,7206.0,1.0
2024.10.24_12-17-03_Riverside_metben,7210.0,7210.0,1.0
2024.10.24_12-17-03_Riverside_metben,7214.0,7219.0,1.0
2024.10.24_12-17-03_Riverside_metben,7221.0,7224.0,1.0
2024.10.24_12-17-03_Riverside_metben,7226.0,7227.0,1.0
2024.10.24_12-17-03_Riverside_metben,7230.0,7234.0,1.0
2024.10.24_12-17-03_Riverside_metben,7237.0,7239.0,1.0
2024.10.24_12-17-03_Riverside_metben,7241.0,7246.0,1.0
2024.10.24_12-17-03_Riverside_metben,7248.0,7252.0,1.0
2024.10.24_12-17-03_Riverside_metben,7254.0,7255.0,1.0
2024.10.24_12-17-03_Riverside_metben,7257.0,7262.0,1.0
2024.10.24_12-17-03_Riverside_metben,7264.0,7266.0,1.0
2024.10.24_12-17-03_Riverside_metben,7269.0,7270.0,1.0
2024.10.24_12-17-03_Riverside_metben,7279.0,7283.0,1.0
2024.10.24_12-17-03_Riverside_metben,7285.0,7287.0,1.0
2024.10.24_12-17-03_Riverside_metben,7289.0,7290.0,1.0
2024.10.24_12-17-03_Riverside_metben,7293.0,7293.0,1.0
2024.10.24_12-17-03_Riverside_metben,7295.0,7300.0,1.0
2024.10.24_12-17-03_Riverside_metben,7304.0,8999.0,1.0
2024.11.13_00-42-08_Sussex_e2hex,2518.0,2519.0,1.0
2024.11.13_00-42-08_Sussex_e2hex,2521.0,2531.0,1.0
2024.11.13_00-42-08_Sussex_e2hex,2533.0,2534.0,1.0
2024.11.13_00-42-08_Sussex_e2hex,2536.0,2559.0,1.0
2024.11.13_00-42-08_Sussex_e2hex,2561.0,2563.0,1.0
2024.11.13_00-42-08_Sussex_e2hex,2565.0,3836.0,1.0
2024.11.13_00-42-08_Sussex_e2hex,3838.0,4239.0,1.0
2024.11.13_00-42-08_Sussex_e2hex,4249.0,5635.0,1.0
2024.11.13_00-42-08_Sussex_e2hex,5637.0,5664.0,1.0
2024.11.13_00-42-08_Sussex_e2hex,5666.0,5981.0,1.0
2024.10.08_10-27-14_Biarmipes_G224_no_odor,3.0,422.0,1.0
2024.10.08_10-27-14_Biarmipes_G224_no_odor,452.0,452.0,1.0
2024.10.08_10-27-14_Biarmipes_G224_no_odor,454.0,454.0,1.0
2024.10.08_10-27-14_Biarmipes_G224_no_odor,458.0,465.0,1.0
2024.10.08_10-27-14_Biarmipes_G224_no_odor,467.0,470.0,1.0
2024.10.08_10-27-14_Biarmipes_G224_no_odor,472.0,832.0,1.0
2024.10.08_10-27-14_Biarmipes_G224_no_odor,834.0,842.0,1.0
2024.10.08_10-27-14_Biarmipes_G224_no_odor,847.0,847.0,1.0
2024.10.08_10-27-14_Biarmipes_G224_no_odor,862.0,862.0,1.0
2024.12.19_13-58-15_Biarmipes_G224_no_odor,3198.0,3311.0,1.0
2024.12.19_13-58-15_Biarmipes_G224_no_odor,3313.0,3315.0,1.0
2024.12.19_13-58-15_Biarmipes_G224_no_odor,3317.0,3321.0,1.0
2024.12.19_13-58-15_Biarmipes_G224_no_odor,3323.0,3333.0,1.0
2024.12.19_13-58-15_Biarmipes_G224_no_odor,3335.0,3335.0,1.0
2024.12.19_13-58-15_Biarmipes_G224_no_odor,3337.0,3339.0,1.0
2024.12.19_13-58-15_Biarmipes_G224_no_odor,3341.0,7803.0,1.0
2024.12.19_13-58-15_Biarmipes_G224_no_odor,7806.0,7812.0,1.0
2024.12.19_13-58-15_Biarmipes_G224_no_odor,7815.0,7828.0,1.0
2024.12.19_13-58-15_Biarmipes_G224_no_odor,7830.0,7842.0,1.0
2024.12.19_13-58-15_Biarmipes_G224_no_odor,7844.0,7846.0,1.0
2024.12.19_13-58-15_Biarmipes_G224_no_odor,7848.0,7890.0,1.0
2024.12.19_13-58-15_Biarmipes_G224_no_odor,7892.0,7895.0,1.0
2024.12.19_13-58-15_Biarmipes_G224_no_odor,7897.0,7902.0,1.0
2024.12.19_13-58-15_Biarmipes_G224_no_odor,7904.0,7906.0,1.0
2024.12.19_13-58-15_Biarmipes_G224_no_odor,7909.0,7910.0,1.0
2024.12.19_13-58-15_Biarmipes_G224_no_odor,7924.0,7925.0,1.0
2024.12.19_13-58-15_Biarmipes_G224_no_odor,7927.0,7929.0,1.0
2024.12.19_13-58-15_Biarmipes_G224_no_odor,7932.0,7933.0,1.0
2024.12.19_13-58-15_Biarmipes_G224_no_odor,7936.0,7937.0,1.0
2024.12.19_13-58-15_Biarmipes_G224_no_odor,7944.0,7946.0,1.0
2024.12.19_13-58-15_Biarmipes_G224_no_odor,7949.0,7950.0,1.0
2024.12.19_13-58-15_Biarmipes_G224_no_odor,7955.0,7955.0,1.0
2024.12.19_13-58-15_Biarmipes_G224_no_odor,7966.0,7966.0,1.0
2024.12.19_13-58-15_Biarmipes_G224_no_odor,7984.0,7985.0,1.0
2024.12.19_13-58-15_Biarmipes_G224_no_odor,7988.0,7988.0,1.0
2024.12.19_13-58-15_Biarmipes_G224_no_odor,7990.0,7990.0,1.0
2024.12.19_13-58-15_Biarmipes_G224_no_odor,7994.0,7995.0,1.0
2024.12.19_13-58-15_Biarmipes_G224_no_odor,7998.0,7998.0,1.0
2024.12.19_13-58-15_Biarmipes_G224_no_odor,8001.0,8001.0,1.0
2024.12.19_13-58-15_Biarmipes_G224_no_odor,8004.0,8004.0,1.0
2024.12.19_13-58-15_Biarmipes_G224_no_odor,8008.0,8009.0,1.0
2024.12.19_13-58-15_Biarmipes_G224_no_odor,8012.0,8271.0,1.0
2024.12.19_13-58-15_Biarmipes_G224_no_odor,8273.0,8288.0,1.0
2024.12.19_13-58-15_Biarmipes_G224_no_odor,8290.0,8333.0,1.0
2024.12.19_13-58-15_Biarmipes_G224_no_odor,8335.0,8467.0,1.0
2024.12.19_13-58-15_Biarmipes_G224_no_odor,8469.0,8515.0,1.0
2024.12.19_13-58-15_Biarmipes_G224_no_odor,8517.0,8565.0,1.0
2024.12.19_13-58-15_Biarmipes_G224_no_odor,8567.0,8980.0,1.0
2024.12.19_13-58-15_Biarmipes_G224_no_odor,8983.0,8999.0,1.0
2024.11.01_08-05-24_Yakuba7_e2hex,6470.0,6470.0,1.0
2024.11.01_08-05-24_Yakuba7_e2hex,6473.0,6473.0,1.0
2024.11.01_08-05-24_Yakuba7_e2hex,6477.0,6477.0,1.0
2024.11.01_08-05-24_Yakuba7_e2hex,6479.0,6479.0,1.0
2024.11.01_08-05-24_Yakuba7_e2hex,6481.0,6482.0,1.0
2024.11.01_08-05-24_Yakuba7_e2hex,6485.0,6485.0,1.0
2024.11.01_08-05-24_Yakuba7_e2hex,6490.0,6491.0,1.0
2024.11.01_08-05-24_Yakuba7_e2hex,6493.0,6494.0,1.0
2024.11.01_08-05-24_Yakuba7_e2hex,6496.0,6503.0,1.0
2024.11.01_08-05-24_Yakuba7_e2hex,6505.0,6516.0,1.0
2024.11.01_08-05-24_Yakuba7_e2hex,6518.0,6521.0,1.0
2024.11.01_08-05-24_Yakuba7_e2hex,6523.0,6523.0,1.0
2024.11.01_08-05-24_Yakuba7_e2hex,6525.0,6534.0,1.0
2024.11.01_08-05-24_Yakuba7_e2hex,6536.0,6551.0,1.0
2024.11.01_08-05-24_Yakuba7_e2hex,6553.0,6558.0,1.0
2024.11.01_08-05-24_Yakuba7_e2hex,6560.0,6570.0,1.0
2024.11.01_08-05-24_Yakuba7_e2hex,6572.0,6576.0,1.0
2024.11.01_08-05-24_Yakuba7_e2hex,6580.0,6582.0,1.0
2024.11.01_08-05-24_Yakuba7_e2hex,6584.0,6590.0,1.0
2024.11.01_08-05-24_Yakuba7_e2hex,6592.0,6597.0,1.0
2024.11.01_08-05-24_Yakuba7_e2hex,6599.0,6605.0,1.0
2024.11.01_08-05-24_Yakuba7_e2hex,6607.0,6617.0,1.0
2024.11.01_08-05-24_Yakuba7_e2hex,6619.0,6624.0,1.0
2024.11.01_08-05-24_Yakuba7_e2hex,6626.0,6633.0,1.0
2024.11.01_08-05-24_Yakuba7_e2hex,6635.0,6640.0,1.0
2024.11.01_08-05-24_Yakuba7_e2hex,6643.0,6653.0,1.0
2024.11.01_08-05-24_Yakuba7_e2hex,6655.0,6660.0,1.0
2024.11.01_08-05-24_Yakuba7_e2hex,6663.0,8893.0,1.0
2024.10.17_08-39-45_Sto_car_2hexanol,5113.0,5114.0,1.0
2024.10.17_08-39-45_Sto_car_2hexanol,5120.0,5122.0,1.0
2024.10.17_08-39-45_Sto_car_2hexanol,5127.0,5135.0,1.0
2024.10.17_08-39-45_Sto_car_2hexanol,5137.0,5141.0,1.0
2024.10.17_08-39-45_Sto_car_2hexanol,5143.0,5145.0,1.0
2024.10.17_08-39-45_Sto_car_2hexanol,5147.0,5851.0,1.0
2024.10.17_08-39-45_Sto_car_2hexanol,5853.0,5917.0,1.0
2024.10.17_08-39-45_Sto_car_2hexanol,5919.0,5959.0,1.0
2024.10.17_08-39-45_Sto_car_2hexanol,5961.0,5963.0,1.0
2024.10.17_08-39-45_Sto_car_2hexanol,5965.0,5975.0,1.0
2024.10.17_08-39-45_Sto_car_2hexanol,5980.0,6064.0,1.0
2024.10.17_08-39-45_Sto_car_2hexanol,6074.0,6401.0,1.0
2024.10.17_08-39-45_Sto_car_2hexanol,6403.0,6432.0,1.0
2024.10.17_08-39-45_Sto_car_2hexanol,6434.0,6435.0,1.0
2024.10.17_08-39-45_Sto_car_2hexanol,6441.0,6499.0,1.0
2024.10.17_08-39-45_Sto_car_2hexanol,6508.0,6564.0,1.0
2024.10.17_08-39-45_Sto_car_2hexanol,6566.0,6566.0,1.0
2024.10.02_13-28-06_Riverside_metbut,6476.0,6476.0,1.0
2024.10.02_13-28-06_Riverside_metbut,6482.0,6482.0,1.0
2024.10.02_13-28-06_Riverside_metbut,6484.0,6485.0,1.0
2024.10.02_13-28-06_Riverside_metbut,6491.0,6491.0,1.0
2024.10.02_13-28-06_Riverside_metbut,6494.0,6494.0,1.0
2024.10.02_13-28-06_Riverside_metbut,6496.0,7603.0,1.0
2024.10.02_13-28-06_Riverside_metbut,7605.0,7605.0,1.0
2024.10.02_13-28-06_Riverside_metbut,7607.0,7607.0,1.0
2024.10.02_13-28-06_Riverside_metbut,7610.0,7610.0,1.0
2024.10.02_13-28-06_Riverside_metbut,7614.0,8272.0,1.0
2024.10.02_13-28-06_Riverside_metbut,8274.0,8543.0,1.0
2024.10.02_13-28-06_Riverside_metbut,8545.0,8678.0,1.0
2024.10.02_13-28-06_Riverside_metbut,8696.0,8700.0,1.0
2024.10.02_13-28-06_Riverside_metbut,8702.0,8999.0,1.0
2024.10.25_08-43-37_Sussex_metben,6958.0,6973.0,1.0
2024.10.25_08-43-37_Sussex_metben,6975.0,6975.0,1.0
2024.10.25_08-43-37_Sussex_metben,6980.0,6981.0,1.0
2024.10.25_08-43-37_Sussex_metben,6983.0,6983.0,1.0
2024.10.25_08-43-37_Sussex_metben,6986.0,7002.0,1.0
2024.10.25_08-43-37_Sussex_metben,7004.0,7004.0,1.0
2024.10.25_08-43-37_Sussex_metben,7006.0,7008.0,1.0
2024.10.25_08-43-37_Sussex_metben,7010.0,7010.0,1.0
2024.10.25_08-43-37_Sussex_metben,7013.0,8970.0,1.0
2024.11.13_23-46-07_Sussex_e2hex,5061.0,5062.0,1.0
2024.11.13_23-46-07_Sussex_e2hex,5068.0,5114.0,1.0
2024.11.13_23-46-07_Sussex_e2hex,5116.0,5156.0,1.0
2024.11.13_23-46-07_Sussex_e2hex,5158.0,5189.0,1.0
2024.10.11_11-44-45_Sto_car_2hexanol,2152.0,2270.0,1.0
2024.10.11_11-44-45_Sto_car_2hexanol,2272.0,2291.0,1.0
2024.10.11_11-44-45_Sto_car_2hexanol,2293.0,2370.0,1.0
2024.10.11_11-44-45_Sto_car_2hexanol,2372.0,2420.0,1.0
2024.10.11_11-44-45_Sto_car_2hexanol,2422.0,2568.0,1.0
2024.10.11_11-44-45_Sto_car_2hexanol,2573.0,2580.0,1.0
2024.10.11_11-44-45_Sto_car_2hexanol,2597.0,2998.0,1.0
2024.10.11_11-44-45_Sto_car_2hexanol,3000.0,3003.0,1.0
2024.10.11_11-44-45_Sto_car_2hexanol,3383.0,3383.0,1.0
2024.10.11_11-44-45_Sto_car_2hexanol,3386.0,3386.0,1.0
2024.10.11_11-44-45_Sto_car_2hexanol,3389.0,3389.0,1.0
2024.10.11_11-44-45_Sto_car_2hexanol,3391.0,3411.0,1.0
2024.10.11_11-44-45_Sto_car_2hexanol,3413.0,3693.0,1.0
2024.10.11_11-44-45_Sto_car_2hexanol,3700.0,3973.0,1.0
2024.10.11_11-44-45_Sto_car_2hexanol,3976.0,4156.0,1.0
2024.10.11_11-44-45_Sto_car_2hexanol,4167.0,4167.0,1.0
2024.10.11_11-44-45_Sto_car_2hexanol,4169.0,4266.0,1.0
2024.10.11_11-44-45_Sto_car_2hexanol,4274.0,4628.0,1.0
2024.10.11_11-44-45_Sto_car_2hexanol,4630.0,5001.0,1.0
2024.10.11_11-44-45_Sto_car_2hexanol,5003.0,5006.0,1.0
2024.10.11_11-44-45_Sto_car_2hexanol,5011.0,5011.0,1.0
2024.10.11_11-44-45_Sto_car_2hexanol,8598.0,8599.0,1.0
2024.10.11_11-44-45_Sto_car_2hexanol,8601.0,8603.0,1.0
2024.10.11_11-44-45_Sto_car_2hexanol,8612.0,8612.0,1.0
2024.10.11_11-44-45_Sto_car_2hexanol,8614.0,8625.0,1.0
2024.10.11_11-44-45_Sto_car_2hexanol,8627.0,8999.0,1.0
2024.10.25_06-03-07_Yakuba7_prenac,6058.0,6059.0,1.0
2024.10.25_06-03-07_Yakuba7_prenac,6072.0,6072.0,1.0
2024.10.25_06-03-07_Yakuba7_prenac,6076.0,6076.0,1.0
2024.10.25_06-03-07_Yakuba7_prenac,6084.0,6084.0,1.0
2024.10.25_06-03-07_Yakuba7_prenac,6087.0,6105.0,1.0
2024.10.25_06-03-07_Yakuba7_prenac,6107.0,6136.0,1.0
2024.10.25_06-03-07_Yakuba7_prenac,6138.0,6160.0,1.0
2024.10.25_06-03-07_Yakuba7_prenac,6162.0,6164.0,1.0
2024.10.25_06-03-07_Yakuba7_prenac,6166.0,6167.0,1.0
2024.10.25_06-03-07_Yakuba7_prenac,6169.0,6172.0,1.0
2024.10.25_06-03-07_Yakuba7_prenac,6174.0,6192.0,1.0
2024.10.25_06-03-07_Yakuba7_prenac,6194.0,6194.0,1.0
2024.10.25_06-03-07_Yakuba7_prenac,6197.0,6200.0,1.0
2024.10.25_06-03-07_Yakuba7_prenac,6202.0,6202.0,1.0
2024.10.25_06-03-07_Yakuba7_prenac,6204.0,6209.0,1.0
2024.10.25_06-03-07_Yakuba7_prenac,6211.0,6211.0,1.0
2024.10.25_06-03-07_Yakuba7_prenac,6213.0,6216.0,1.0
2024.10.25_06-03-07_Yakuba7_prenac,6218.0,6220.0,1.0
2024.10.25_06-03-07_Yakuba7_prenac,6222.0,6252.0,1.0
2024.10.25_06-03-07_Yakuba7_prenac,6254.0,6668.0,1.0
2024.10.25_06-03-07_Yakuba7_prenac,6670.0,7851.0,1.0
2024.10.25_06-03-07_Yakuba7_prenac,7853.0,7856.0,1.0
2024.10.25_06-03-07_Yakuba7_prenac,7858.0,7866.0,1.0
2024.10.25_06-03-07_Yakuba7_prenac,7868.0,7877.0,1.0
2024.10.25_06-03-07_Yakuba7_prenac,7879.0,7880.0,1.0
2024.10.25_06-03-07_Yakuba7_prenac,7882.0,7892.0,1.0
2024.10.25_06-03-07_Yakuba7_prenac,7894.0,7899.0,1.0
2024.10.25_06-03-07_Yakuba7_prenac,7901.0,7901.0,1.0
2024.10.25_06-03-07_Yakuba7_prenac,7903.0,7904.0,1.0
2024.10.25_06-03-07_Yakuba7_prenac,7906.0,7908.0,1.0
2024.10.25_06-03-07_Yakuba7_prenac,7910.0,7912.0,1.0
2024.10.25_06-03-07_Yakuba7_prenac,7914.0,7944.0,1.0
2024.10.25_06-03-07_Yakuba7_prenac,7946.0,8159.0,1.0
2024.10.25_06-03-07_Yakuba7_prenac,8162.0,8207.0,1.0
2024.10.25_06-03-07_Yakuba7_prenac,8209.0,8211.0,1.0
2024.10.25_06-03-07_Yakuba7_prenac,8213.0,8225.0,1.0
2024.10.25_06-03-07_Yakuba7_prenac,8227.0,8252.0,1.0
2024.10.25_06-03-07_Yakuba7_prenac,8254.0,8274.0,1.0
2024.10.25_06-03-07_Yakuba7_prenac,8276.0,8301.0,1.0
2024.10.25_06-03-07_Yakuba7_prenac,8303.0,8318.0,1.0
2024.10.25_06-03-07_Yakuba7_prenac,8320.0,8324.0,1.0
2024.10.25_06-03-07_Yakuba7_prenac,8327.0,8329.0,1.0
2024.10.25_06-03-07_Yakuba7_prenac,8331.0,8336.0,1.0
2024.10.25_06-03-07_Yakuba7_prenac,8338.0,8338.0,1.0
2024.10.25_06-03-07_Yakuba7_prenac,8340.0,8344.0,1.0
2024.10.25_06-03-07_Yakuba7_prenac,8346.0,8346.0,1.0
2024.10.25_06-03-07_Yakuba7_prenac,8348.0,8348.0,1.0
2024.10.25_06-03-07_Yakuba7_prenac,8353.0,8359.0,1.0
2024.10.25_06-03-07_Yakuba7_prenac,8361.0,8362.0,1.0
2024.10.25_06-03-07_Yakuba7_prenac,8364.0,8368.0,1.0
2024.10.25_06-03-07_Yakuba7_prenac,8370.0,8370.0,1.0
2024.10.25_06-03-07_Yakuba7_prenac,8374.0,8374.0,1.0
2024.10.25_06-03-07_Yakuba7_prenac,8377.0,8379.0,1.0
2024.10.25_06-03-07_Yakuba7_prenac,8382.0,8384.0,1.0
2024.10.25_06-03-07_Yakuba7_prenac,8394.0,8395.0,1.0
2024.10.25_06-03-07_Yakuba7_prenac,8397.0,8397.0,1.0
2024.10.25_06-03-07_Yakuba7_prenac,8403.0,8403.0,1.0
2024.10.25_06-03-07_Yakuba7_prenac,8405.0,8407.0,1.0
2024.10.25_06-03-07_Yakuba7_prenac,8410.0,8412.0,1.0
2024.10.25_06-03-07_Yakuba7_prenac,8417.0,8417.0,1.0
2024.10.25_06-03-07_Yakuba7_prenac,8419.0,8419.0,1.0
2024.10.25_06-03-07_Yakuba7_prenac,8421.0,8421.0,1.0
2024.10.25_06-03-07_Yakuba7_prenac,8423.0,8423.0,1.0
2024.10.25_06-03-07_Yakuba7_prenac,8425.0,8425.0,1.0
2024.10.25_06-03-07_Yakuba7_prenac,8434.0,8434.0,1.0
2024.10.25_06-03-07_Yakuba7_prenac,8440.0,8440.0,1.0
2024.10.25_06-03-07_Yakuba7_prenac,8447.0,8447.0,1.0
2024.10.25_06-03-07_Yakuba7_prenac,8459.0,8459.0,1.0
2024.10.25_06-03-07_Yakuba7_prenac,8463.0,8463.0,1.0
2024.10.25_06-03-07_Yakuba7_prenac,8468.0,8469.0,1.0
2024.10.25_06-03-07_Yakuba7_prenac,8477.0,8477.0,1.0
2024.10.25_06-03-07_Yakuba7_prenac,8479.0,8479.0,1.0
2024.10.25_06-03-07_Yakuba7_prenac,8485.0,8487.0,1.0
2024.10.25_06-03-07_Yakuba7_prenac,8489.0,8491.0,1.0
2024.10.25_06-03-07_Yakuba7_prenac,8495.0,8495.0,1.0
2024.10.25_06-03-07_Yakuba7_prenac,8498.0,8498.0,1.0
2024.10.25_06-03-07_Yakuba7_prenac,8511.0,8511.0,1.0
2024.10.25_06-03-07_Yakuba7_prenac,8516.0,8516.0,1.0
2024.10.25_06-03-07_Yakuba7_prenac,8519.0,8519.0,1.0
2024.10.25_06-03-07_Yakuba7_prenac,8521.0,8521.0,1.0
2024.10.25_06-03-07_Yakuba7_prenac,8524.0,8524.0,1.0
2024.10.25_06-03-07_Yakuba7_prenac,8527.0,8527.0,1.0
2024.10.25_06-03-07_Yakuba7_prenac,8530.0,8530.0,1.0
2024.10.25_06-03-07_Yakuba7_prenac,8533.0,8534.0,1.0
2024.10.25_06-03-07_Yakuba7_prenac,8540.0,8540.0,1.0
2024.10.25_06-03-07_Yakuba7_prenac,8548.0,8548.0,1.0
2024.10.25_06-03-07_Yakuba7_prenac,8550.0,8551.0,1.0
2024.10.25_06-03-07_Yakuba7_prenac,8556.0,8557.0,1.0
2024.10.25_06-03-07_Yakuba7_prenac,8559.0,8559.0,1.0
2024.10.25_06-03-07_Yakuba7_prenac,8562.0,8562.0,1.0
2024.10.25_06-03-07_Yakuba7_prenac,8564.0,8602.0,1.0
2024.10.25_06-03-07_Yakuba7_prenac,8604.0,8607.0,1.0
2024.10.25_06-03-07_Yakuba7_prenac,8609.0,8610.0,1.0
2024.10.25_06-03-07_Yakuba7_prenac,8612.0,8612.0,1.0
2024.10.25_06-03-07_Yakuba7_prenac,8614.0,8623.0,1.0
2024.10.25_06-03-07_Yakuba7_prenac,8626.0,8630.0,1.0
2024.10.25_06-03-07_Yakuba7_prenac,8632.0,8637.0,1.0
2024.10.25_06-03-07_Yakuba7_prenac,8639.0,8641.0,1.0
2024.10.25_06-03-07_Yakuba7_prenac,8643.0,8649.0,1.0
2024.11.13_02-30-14_Biarmipes_G224_e2hex,3522.0,3536.0,1.0
2024.11.13_02-30-14_Biarmipes_G224_e2hex,3538.0,3560.0,1.0
2024.11.13_02-30-14_Biarmipes_G224_e2hex,3564.0,3602.0,1.0
2024.11.13_02-30-14_Biarmipes_G224_e2hex,3604.0,3613.0,1.0
2024.11.13_02-30-14_Biarmipes_G224_e2hex,3615.0,3616.0,1.0
2024.11.13_02-30-14_Biarmipes_G224_e2hex,3618.0,3756.0,1.0
2024.11.13_02-30-14_Biarmipes_G224_e2hex,3758.0,3899.0,1.0
2024.11.13_02-30-14_Biarmipes_G224_e2hex,3901.0,3904.0,1.0
2024.11.13_02-30-14_Biarmipes_G224_e2hex,3906.0,3906.0,1.0
2024.11.13_02-30-14_Biarmipes_G224_e2hex,3908.0,3909.0,1.0
2024.11.13_02-30-14_Biarmipes_G224_e2hex,3914.0,3914.0,1.0
2024.11.13_02-30-14_Biarmipes_G224_e2hex,3918.0,3918.0,1.0
2024.11.13_02-30-14_Biarmipes_G224_e2hex,3920.0,3920.0,1.0
2024.11.13_02-30-14_Biarmipes_G224_e2hex,3922.0,3922.0,1.0
2024.11.13_02-30-14_Biarmipes_G224_e2hex,3926.0,3927.0,1.0
2024.11.13_02-30-14_Biarmipes_G224_e2hex,3930.0,3930.0,1.0
2024.11.13_02-30-14_Biarmipes_G224_e2hex,3933.0,3933.0,1.0
2024.11.13_02-30-14_Biarmipes_G224_e2hex,3936.0,6177.0,1.0
2024.11.13_02-30-14_Biarmipes_G224_e2hex,6179.0,6314.0,1.0
2024.11.13_02-30-14_Biarmipes_G224_e2hex,6317.0,6317.0,1.0
2024.11.13_02-30-14_Biarmipes_G224_e2hex,6319.0,6332.0,1.0
2024.11.13_02-30-14_Biarmipes_G224_e2hex,6334.0,6438.0,1.0
2024.11.13_02-30-14_Biarmipes_G224_e2hex,6444.0,6534.0,1.0
2024.11.13_02-30-14_Biarmipes_G224_e2hex,6538.0,6587.0,1.0
2024.11.13_02-30-14_Biarmipes_G224_e2hex,6589.0,6641.0,1.0
2024.11.13_02-30-14_Biarmipes_G224_e2hex,6643.0,6672.0,1.0
2024.11.13_02-30-14_Biarmipes_G224_e2hex,6675.0,6675.0,1.0
2024.11.13_02-30-14_Biarmipes_G224_e2hex,6680.0,6680.0,1.0
2024.11.13_02-30-14_Biarmipes_G224_e2hex,6682.0,6695.0,1.0
2024.11.13_02-30-14_Biarmipes_G224_e2hex,6705.0,8021.0,1.0
2024.11.13_02-30-14_Biarmipes_G224_e2hex,8023.0,8025.0,1.0
2024.10.25_05-39-42_Yakuba7_prenac,4.0,1825.0,1.0
2024.10.25_05-39-42_Yakuba7_prenac,1827.0,1830.0,1.0
2024.10.25_05-39-42_Yakuba7_prenac,1833.0,1835.0,1.0
2024.10.25_05-39-42_Yakuba7_prenac,1837.0,1839.0,1.0
2024.10.25_05-39-42_Yakuba7_prenac,1841.0,1842.0,1.0
2024.10.25_05-39-42_Yakuba7_prenac,1844.0,1852.0,1.0
2024.10.25_05-39-42_Yakuba7_prenac,1854.0,1855.0,1.0
2024.10.25_05-39-42_Yakuba7_prenac,1857.0,1861.0,1.0
2024.10.25_05-39-42_Yakuba7_prenac,1863.0,1866.0,1.0
2024.10.25_05-39-42_Yakuba7_prenac,1868.0,1870.0,1.0
2024.10.25_05-39-42_Yakuba7_prenac,1872.0,1873.0,1.0
2024.10.25_05-39-42_Yakuba7_prenac,1875.0,1880.0,1.0
2024.10.25_05-39-42_Yakuba7_prenac,1882.0,1898.0,1.0
2024.10.25_05-39-42_Yakuba7_prenac,1901.0,1922.0,1.0
2024.10.25_05-39-42_Yakuba7_prenac,1924.0,1924.0,1.0
2024.10.25_05-39-42_Yakuba7_prenac,1926.0,1926.0,1.0
2024.10.25_05-39-42_Yakuba7_prenac,1928.0,1938.0,1.0
2024.10.25_05-39-42_Yakuba7_prenac,1941.0,2046.0,1.0
2024.10.25_05-39-42_Yakuba7_prenac,2048.0,2058.0,1.0
2024.10.25_05-39-42_Yakuba7_prenac,2060.0,2078.0,1.0
2024.10.25_05-39-42_Yakuba7_prenac,2080.0,2083.0,1.0
2024.10.25_05-39-42_Yakuba7_prenac,2086.0,2086.0,1.0
2024.10.25_05-39-42_Yakuba7_prenac,2095.0,2098.0,1.0
2024.10.25_05-39-42_Yakuba7_prenac,2101.0,2101.0,1.0
2024.10.25_05-39-42_Yakuba7_prenac,2104.0,2108.0,1.0
2024.10.25_05-39-42_Yakuba7_prenac,2113.0,2113.0,1.0
2024.10.25_05-39-42_Yakuba7_prenac,2116.0,2117.0,1.0
2024.10.25_05-39-42_Yakuba7_prenac,2120.0,2123.0,1.0
2024.10.25_05-39-42_Yakuba7_prenac,2125.0,2125.0,1.0
2024.10.25_05-39-42_Yakuba7_prenac,2127.0,2127.0,1.0
2024.09.24_16-45-15_Yakuba7_no_odor,3.0,1450.0,1.0
2024.09.24_16-45-15_Yakuba7_no_odor,1452.0,1463.0,1.0
2024.09.24_16-45-15_Yakuba7_no_odor,1465.0,1482.0,1.0
2024.09.24_16-45-15_Yakuba7_no_odor,1484.0,1498.0,1.0
2024.09.24_16-45-15_Yakuba7_no_odor,1500.0,1662.0,1.0
2024.09.24_16-45-15_Yakuba7_no_odor,1665.0,1666.0,1.0
2024.09.24_16-45-15_Yakuba7_no_odor,1668.0,1681.0,1.0
2024.09.24_16-45-15_Yakuba7_no_odor,1684.0,1685.0,1.0
2024.09.24_16-45-15_Yakuba7_no_odor,1688.0,1691.0,1.0
2024.09.24_16-45-15_Yakuba7_no_odor,1693.0,1696.0,1.0
2024.09.24_16-45-15_Yakuba7_no_odor,1698.0,1699.0,1.0
2024.09.24_16-45-15_Yakuba7_no_odor,1701.0,1721.0,1.0
2024.09.24_16-45-15_Yakuba7_no_odor,1725.0,1726.0,1.0
2024.09.24_16-45-15_Yakuba7_no_odor,1729.0,1737.0,1.0
2024.09.24_16-45-15_Yakuba7_no_odor,1739.0,1745.0,1.0
2024.09.24_16-45-15_Yakuba7_no_odor,1747.0,1750.0,1.0
2024.09.24_16-45-15_Yakuba7_no_odor,1752.0,1763.0,1.0
2024.09.24_16-45-15_Yakuba7_no_odor,1765.0,1765.0,1.0
2024.09.24_16-45-15_Yakuba7_no_odor,1767.0,1767.0,1.0
2024.09.24_16-45-15_Yakuba7_no_odor,1769.0,1769.0,1.0
2024.09.24_16-45-15_Yakuba7_no_odor,1774.0,1774.0,1.0
2024.09.24_16-45-15_Yakuba7_no_odor,1776.0,1777.0,1.0
2024.09.24_16-45-15_Yakuba7_no_odor,1780.0,1780.0,1.0
2024.09.24_16-45-15_Yakuba7_no_odor,1782.0,1796.0,1.0
2024.09.24_16-45-15_Yakuba7_no_odor,1799.0,1799.0,1.0
2024.09.24_16-45-15_Yakuba7_no_odor,1801.0,1817.0,1.0
2024.09.24_16-45-15_Yakuba7_no_odor,1819.0,1819.0,1.0
2024.09.24_16-45-15_Yakuba7_no_odor,1821.0,1824.0,1.0
2024.09.24_16-45-15_Yakuba7_no_odor,1826.0,1880.0,1.0
2024.09.24_16-45-15_Yakuba7_no_odor,1891.0,1891.0,1.0
2024.09.24_16-45-15_Yakuba7_no_odor,1896.0,1902.0,1.0
2024.09.24_16-45-15_Yakuba7_no_odor,1906.0,1906.0,1.0
2024.09.24_16-45-15_Yakuba7_no_odor,1909.0,1909.0,1.0
2024.09.24_16-45-15_Yakuba7_no_odor,1911.0,2038.0,1.0
2024.09.24_16-45-15_Yakuba7_no_odor,2040.0,7757.0,1.0
2024.09.24_16-45-15_Yakuba7_no_odor,7759.0,7782.0,1.0
2024.09.24_16-45-15_Yakuba7_no_odor,7784.0,7795.0,1.0
2024.09.24_16-45-15_Yakuba7_no_odor,7797.0,7805.0,1.0
2024.09.24_16-45-15_Yakuba7_no_odor,7807.0,8082.0,1.0
2024.09.24_16-45-15_Yakuba7_no_odor,8085.0,8098.0,1.0
2024.09.24_16-45-15_Yakuba7_no_odor,8100.0,8101.0,1.0
2024.09.24_16-45-15_Yakuba7_no_odor,8103.0,8118.0,1.0
2024.09.24_16-45-15_Yakuba7_no_odor,8120.0,8121.0,1.0
2024.09.24_16-45-15_Yakuba7_no_odor,8124.0,8130.0,1.0
2024.09.24_16-45-15_Yakuba7_no_odor,8132.0,8132.0,1.0
2024.09.24_16-45-15_Yakuba7_no_odor,8134.0,8136.0,1.0
2024.09.24_16-45-15_Yakuba7_no_odor,8139.0,8139.0,1.0
2024.09.24_16-45-15_Yakuba7_no_odor,8143.0,8144.0,1.0
2024.09.24_16-45-15_Yakuba7_no_odor,8146.0,8147.0,1.0
2024.09.24_16-45-15_Yakuba7_no_odor,8149.0,8150.0,1.0
2024.09.24_16-45-15_Yakuba7_no_odor,8152.0,8154.0,1.0
2024.09.24_16-45-15_Yakuba7_no_odor,8156.0,8165.0,1.0
2024.09.24_16-45-15_Yakuba7_no_odor,8167.0,8167.0,1.0
2024.09.24_16-45-15_Yakuba7_no_odor,8169.0,8189.0,1.0
2024.09.24_16-45-15_Yakuba7_no_odor,8191.0,8197.0,1.0
2024.09.24_16-45-15_Yakuba7_no_odor,8199.0,8217.0,1.0
2024.09.24_16-45-15_Yakuba7_no_odor,8219.0,8225.0,1.0
2024.09.24_16-45-15_Yakuba7_no_odor,8227.0,8238.0,1.0
2024.09.24_16-45-15_Yakuba7_no_odor,8240.0,8307.0,1.0
2024.09.24_16-45-15_Yakuba7_no_odor,8309.0,8310.0,1.0
2024.09.24_16-45-15_Yakuba7_no_odor,8312.0,8313.0,1.0
2024.09.24_16-45-15_Yakuba7_no_odor,8315.0,8347.0,1.0
2024.09.24_16-45-15_Yakuba7_no_odor,8349.0,8349.0,1.0
2024.09.24_16-45-15_Yakuba7_no_odor,8352.0,8354.0,1.0
2024.09.24_16-45-15_Yakuba7_no_odor,8356.0,8362.0,1.0
2024.09.24_16-45-15_Yakuba7_no_odor,8364.0,8391.0,1.0
2024.09.24_16-45-15_Yakuba7_no_odor,8394.0,8394.0,1.0
2024.09.24_16-45-15_Yakuba7_no_odor,8397.0,8398.0,1.0
2024.09.24_16-45-15_Yakuba7_no_odor,8400.0,8404.0,1.0
2024.09.24_16-45-15_Yakuba7_no_odor,8406.0,8407.0,1.0
2024.09.24_16-45-15_Yakuba7_no_odor,8409.0,8411.0,1.0
2024.09.24_16-45-15_Yakuba7_no_odor,8413.0,8416.0,1.0
2024.09.24_16-45-15_Yakuba7_no_odor,8419.0,8420.0,1.0
2024.09.24_16-45-15_Yakuba7_no_odor,8422.0,8422.0,1.0
2024.09.24_16-45-15_Yakuba7_no_odor,8425.0,8425.0,1.0
2024.09.24_16-45-15_Yakuba7_no_odor,8428.0,8429.0,1.0
2024.09.24_16-45-15_Yakuba7_no_odor,8433.0,8433.0,1.0
2024.09.24_16-45-15_Yakuba7_no_odor,8436.0,8441.0,1.0
2024.09.24_16-45-15_Yakuba7_no_odor,8443.0,8453.0,1.0
2024.09.24_16-45-15_Yakuba7_no_odor,8457.0,8462.0,1.0
2024.09.24_16-45-15_Yakuba7_no_odor,8464.0,8470.0,1.0
2024.09.24_16-45-15_Yakuba7_no_odor,8472.0,8473.0,1.0
2024.09.24_16-45-15_Yakuba7_no_odor,8475.0,8475.0,1.0
2024.09.24_16-45-15_Yakuba7_no_odor,8480.0,8480.0,1.0
2024.09.24_16-45-15_Yakuba7_no_odor,8482.0,8487.0,1.0
2024.09.24_16-45-15_Yakuba7_no_odor,8489.0,8489.0,1.0
2024.09.24_16-45-15_Yakuba7_no_odor,8491.0,8492.0,1.0
2024.09.24_16-45-15_Yakuba7_no_odor,8496.0,8536.0,1.0
2024.09.24_16-45-15_Yakuba7_no_odor,8538.0,8541.0,1.0
2024.09.24_16-45-15_Yakuba7_no_odor,8543.0,8558.0,1.0
2024.09.24_16-45-15_Yakuba7_no_odor,8560.0,8569.0,1.0
2024.09.24_16-45-15_Yakuba7_no_odor,8571.0,8573.0,1.0
2024.09.24_16-45-15_Yakuba7_no_odor,8575.0,8580.0,1.0
2024.09.24_16-45-15_Yakuba7_no_odor,8582.0,8589.0,1.0
2024.09.24_16-45-15_Yakuba7_no_odor,8591.0,8593.0,1.0
2024.09.24_16-45-15_Yakuba7_no_odor,8595.0,8600.0,1.0
2024.09.24_16-45-15_Yakuba7_no_odor,8605.0,8610.0,1.0
2024.09.24_16-45-15_Yakuba7_no_odor,8612.0,8615.0,1.0
2024.09.24_16-45-15_Yakuba7_no_odor,8618.0,8621.0,1.0
2024.09.24_16-45-15_Yakuba7_no_odor,8625.0,8625.0,1.0
2024.09.24_16-45-15_Yakuba7_no_odor,8628.0,8634.0,1.0
2024.09.24_16-45-15_Yakuba7_no_odor,8636.0,8645.0,1.0
2024.09.24_16-45-15_Yakuba7_no_odor,8648.0,8648.0,1.0
2024.09.24_16-45-15_Yakuba7_no_odor,8650.0,8662.0,1.0
2024.09.24_16-45-15_Yakuba7_no_odor,8664.0,8687.0,1.0
2024.09.24_16-45-15_Yakuba7_no_odor,8689.0,8694.0,1.0
2024.09.24_16-45-15_Yakuba7_no_odor,8696.0,8942.0,1.0
2024.10.01_09-36-42_Yakuba_cameroon_no_odor,3.0,63.0,1.0
2024.10.01_09-36-42_Yakuba_cameroon_no_odor,65.0,196.0,1.0
2024.10.01_09-36-42_Yakuba_cameroon_no_odor,198.0,212.0,1.0
2024.10.01_09-36-42_Yakuba_cameroon_no_odor,214.0,216.0,1.0
2024.10.01_09-36-42_Yakuba_cameroon_no_odor,218.0,243.0,1.0
2024.10.11_15-30-33_Stocago_2hexanol,8360.0,8369.0,1.0
2024.10.11_15-30-33_Stocago_2hexanol,8384.0,8410.0,1.0
2024.10.11_15-30-33_Stocago_2hexanol,8419.0,8420.0,1.0
2024.10.11_15-30-33_Stocago_2hexanol,8474.0,8525.0,1.0
2024.10.11_15-30-33_Stocago_2hexanol,8535.0,8551.0,1.0
2024.10.11_15-30-33_Stocago_2hexanol,8553.0,8553.0,1.0
2024.10.11_15-30-33_Stocago_2hexanol,8555.0,8555.0,1.0
2024.10.11_15-30-33_Stocago_2hexanol,8557.0,8559.0,1.0
2024.10.11_15-30-33_Stocago_2hexanol,8562.0,8584.0,1.0
2024.10.11_15-30-33_Stocago_2hexanol,8589.0,8608.0,1.0
2024.10.11_15-30-33_Stocago_2hexanol,8610.0,8610.0,1.0
2024.10.11_15-30-33_Stocago_2hexanol,8621.0,8625.0,1.0
2024.10.11_15-30-33_Stocago_2hexanol,8628.0,8635.0,1.0
2024.10.11_15-30-33_Stocago_2hexanol,8647.0,8663.0,1.0
2024.10.11_15-30-33_Stocago_2hexanol,8668.0,8999.0,1.0
2024.12.12_18-29-47_Riverside_no_odor,4.0,1093.0,1.0
2024.12.12_18-29-47_Riverside_no_odor,1098.0,1128.0,1.0
2024.12.12_18-29-47_Riverside_no_odor,1131.0,1211.0,1.0
2024.12.12_18-29-47_Riverside_no_odor,1213.0,1236.0,1.0
2024.12.12_18-29-47_Riverside_no_odor,1245.0,1262.0,1.0
2024.12.12_18-29-47_Riverside_no_odor,1264.0,1289.0,1.0
2024.12.12_18-29-47_Riverside_no_odor,4381.0,4384.0,1.0
2024.12.12_18-29-47_Riverside_no_odor,4386.0,4386.0,1.0
2024.12.12_18-29-47_Riverside_no_odor,4388.0,4391.0,1.0
2024.12.12_18-29-47_Riverside_no_odor,4393.0,4394.0,1.0
2024.12.12_18-29-47_Riverside_no_odor,4397.0,4402.0,1.0
2024.12.12_18-29-47_Riverside_no_odor,4404.0,4405.0,1.0
2024.12.12_18-29-47_Riverside_no_odor,4421.0,4425.0,1.0
2024.12.12_18-29-47_Riverside_no_odor,4440.0,4440.0,1.0
2024.12.12_18-29-47_Riverside_no_odor,4442.0,4452.0,1.0
2024.12.12_18-29-47_Riverside_no_odor,4454.0,4617.0,1.0
2024.12.12_18-29-47_Riverside_no_odor,4619.0,4625.0,1.0
2024.12.12_18-29-47_Riverside_no_odor,4627.0,4628.0,1.0
2024.12.12_18-29-47_Riverside_no_odor,4631.0,4631.0,1.0
2024.12.12_18-29-47_Riverside_no_odor,4633.0,4634.0,1.0
2024.12.12_18-29-47_Riverside_no_odor,4637.0,4637.0,1.0
2024.12.12_18-29-47_Riverside_no_odor,4643.0,4643.0,1.0
2024.12.12_18-29-47_Riverside_no_odor,4711.0,5021.0,1.0
2024.12.12_18-29-47_Riverside_no_odor,5023.0,5023.0,1.0
2024.12.12_18-29-47_Riverside_no_odor,5026.0,5103.0,1.0
2024.12.12_18-29-47_Riverside_no_odor,5105.0,5105.0,1.0
2024.12.12_18-29-47_Riverside_no_odor,5109.0,5109.0,1.0
2024.09.24_16-20-39_Yakuba7_no_odor,902.0,6399.0,1.0
2024.09.24_16-20-39_Yakuba7_no_odor,6401.0,6401.0,1.0
2024.09.24_16-20-39_Yakuba7_no_odor,6403.0,6444.0,1.0
2024.09.24_16-20-39_Yakuba7_no_odor,6447.0,6450.0,1.0
2024.09.24_16-20-39_Yakuba7_no_odor,6452.0,6459.0,1.0
2024.09.24_16-20-39_Yakuba7_no_odor,6461.0,6464.0,1.0
2024.09.24_16-20-39_Yakuba7_no_odor,6466.0,6469.0,1.0
2024.09.24_16-20-39_Yakuba7_no_odor,6471.0,6493.0,1.0
2024.09.24_16-20-39_Yakuba7_no_odor,6495.0,6524.0,1.0
2024.09.24_16-20-39_Yakuba7_no_odor,6529.0,6529.0,1.0
2024.09.24_16-20-39_Yakuba7_no_odor,6531.0,6531.0,1.0
2024.09.24_16-20-39_Yakuba7_no_odor,6533.0,6533.0,1.0
2024.09.24_16-20-39_Yakuba7_no_odor,6535.0,6535.0,1.0
2024.09.24_16-20-39_Yakuba7_no_odor,6538.0,6643.0,1.0
2024.09.24_16-20-39_Yakuba7_no_odor,6645.0,7323.0,1.0
2024.09.24_16-20-39_Yakuba7_no_odor,7325.0,7403.0,1.0
2024.09.24_16-20-39_Yakuba7_no_odor,7405.0,8368.0,1.0
2024.09.24_16-20-39_Yakuba7_no_odor,8370.0,8742.0,1.0
2024.07.05_16-25-54_Riverside (no odor),1548.0,1560.0,1.0
2024.07.05_16-25-54_Riverside (no odor),1572.0,1751.0,1.0
2024.10.11_11-18-41_Biarmipes_G224_1hexanol,4095.0,4359.0,1.0
2024.10.11_11-18-41_Biarmipes_G224_1hexanol,4561.0,4622.0,1.0
2024.10.11_11-18-41_Biarmipes_G224_1hexanol,4627.0,4652.0,1.0
2024.10.11_11-18-41_Biarmipes_G224_1hexanol,4654.0,4654.0,1.0
2024.10.11_11-18-41_Biarmipes_G224_1hexanol,4657.0,4716.0,1.0
2024.10.11_11-18-41_Biarmipes_G224_1hexanol,4719.0,4885.0,1.0
2024.10.11_11-18-41_Biarmipes_G224_1hexanol,4887.0,4891.0,1.0
2024.10.11_11-18-41_Biarmipes_G224_1hexanol,4893.0,4895.0,1.0
2024.10.11_11-18-41_Biarmipes_G224_1hexanol,4897.0,4897.0,1.0
2024.10.11_11-18-41_Biarmipes_G224_1hexanol,5720.0,5902.0,1.0
2024.10.11_11-18-41_Biarmipes_G224_1hexanol,5904.0,5917.0,1.0
2024.10.11_11-18-41_Biarmipes_G224_1hexanol,5919.0,5930.0,1.0
2024.10.11_11-18-41_Biarmipes_G224_1hexanol,5933.0,5933.0,1.0
2024.10.11_11-18-41_Biarmipes_G224_1hexanol,5945.0,5946.0,1.0
2024.10.11_11-18-41_Biarmipes_G224_1hexanol,5951.0,5970.0,1.0
2024.10.11_11-18-41_Biarmipes_G224_1hexanol,5972.0,6650.0,1.0
2024.10.11_11-18-41_Biarmipes_G224_1hexanol,6654.0,6670.0,1.0
2024.10.11_11-18-41_Biarmipes_G224_1hexanol,6672.0,6687.0,1.0
2024.10.11_11-18-41_Biarmipes_G224_1hexanol,6879.0,6903.0,1.0
2024.10.11_11-18-41_Biarmipes_G224_1hexanol,6920.0,6920.0,1.0
2024.10.11_11-18-41_Biarmipes_G224_1hexanol,6922.0,7221.0,1.0
2024.10.11_11-18-41_Biarmipes_G224_1hexanol,7538.0,7643.0,1.0
2024.10.11_11-18-41_Biarmipes_G224_1hexanol,7645.0,7645.0,1.0
2024.10.11_11-18-41_Biarmipes_G224_1hexanol,7762.0,7781.0,1.0
2024.10.11_11-18-41_Biarmipes_G224_1hexanol,7783.0,7783.0,1.0
2024.10.11_11-18-41_Biarmipes_G224_1hexanol,7785.0,7792.0,1.0
2024.10.11_11-18-41_Biarmipes_G224_1hexanol,7794.0,7828.0,1.0
2024.10.11_11-18-41_Biarmipes_G224_1hexanol,8350.0,8350.0,1.0
2024.10.11_11-18-41_Biarmipes_G224_1hexanol,8355.0,8355.0,1.0
2024.10.11_11-18-41_Biarmipes_G224_1hexanol,8382.0,8382.0,1.0
2024.10.11_11-18-41_Biarmipes_G224_1hexanol,8384.0,8907.0,1.0
2024.10.11_11-18-41_Biarmipes_G224_1hexanol,8930.0,8932.0,1.0
2024.10.11_11-18-41_Biarmipes_G224_1hexanol,8934.0,8970.0,1.0
2024.10.14_14-26-24_Biarmipes84_1hexanol,1117.0,1277.0,1.0
2024.10.14_14-26-24_Biarmipes84_1hexanol,4829.0,5393.0,1.0
2024.10.14_14-26-24_Biarmipes84_1hexanol,5395.0,5395.0,1.0
2024.10.14_14-26-24_Biarmipes84_1hexanol,5397.0,5735.0,1.0
2024.10.14_14-26-24_Biarmipes84_1hexanol,7300.0,7387.0,1.0
2024.10.14_14-26-24_Biarmipes84_1hexanol,7389.0,7445.0,1.0
2024.10.14_14-26-24_Biarmipes84_1hexanol,7448.0,7665.0,1.0
2024.10.14_14-26-24_Biarmipes84_1hexanol,7669.0,7716.0,1.0
2024.10.14_14-26-24_Biarmipes84_1hexanol,7718.0,8295.0,1.0
2025.04.09_16-20-02_Sussex_metbut,3.0,1391.0,1.0
2025.04.09_16-20-02_Sussex_metbut,1393.0,1397.0,1.0
2025.04.09_16-20-02_Sussex_metbut,1399.0,1419.0,1.0
2025.04.09_16-20-02_Sussex_metbut,1421.0,1428.0,1.0
2025.04.09_16-20-02_Sussex_metbut,5938.0,5941.0,1.0
2025.04.09_16-20-02_Sussex_metbut,5943.0,6425.0,1.0
2025.04.09_16-20-02_Sussex_metbut,6430.0,8999.0,1.0
2024.10.11_12-05-05_Sto_car_2hexanol,244.0,248.0,1.0
2024.10.11_12-05-05_Sto_car_2hexanol,251.0,251.0,1.0
2024.10.11_12-05-05_Sto_car_2hexanol,253.0,1333.0,1.0
2024.10.11_12-05-05_Sto_car_2hexanol,1335.0,1517.0,1.0
2024.10.11_12-05-05_Sto_car_2hexanol,1519.0,1750.0,1.0
2024.10.11_12-05-05_Sto_car_2hexanol,1752.0,1856.0,1.0
2024.10.11_12-05-05_Sto_car_2hexanol,1863.0,1986.0,1.0
2024.10.30_07-24-33_Stocago_metben,8084.0,8149.0,1.0
2024.10.30_07-24-33_Stocago_metben,8151.0,8258.0,1.0
2024.10.30_07-24-33_Stocago_metben,8260.0,8635.0,1.0
2024.10.30_07-24-33_Stocago_metben,8638.0,8638.0,1.0
2024.10.30_07-24-33_Stocago_metben,8642.0,8740.0,1.0
2024.10.30_07-24-33_Stocago_metben,8743.0,8812.0,1.0
2024.10.30_07-24-33_Stocago_metben,8814.0,8881.0,1.0
2024.10.30_07-24-33_Stocago_metben,8883.0,8929.0,1.0
2024.10.30_07-24-33_Stocago_metben,8931.0,8932.0,1.0
2024.10.30_07-24-33_Stocago_metben,8935.0,8999.0,1.0
2024.10.31_08-55-50_sto_car_prenac,1601.0,7052.0,1.0
2024.10.31_08-55-50_sto_car_prenac,7054.0,7225.0,1.0
2024.10.31_08-55-50_sto_car_prenac,7227.0,7281.0,1.0
2024.10.31_08-55-50_sto_car_prenac,7283.0,7299.0,1.0
2024.10.31_08-55-50_sto_car_prenac,7301.0,7302.0,1.0
2024.10.31_08-55-50_sto_car_prenac,7304.0,7309.0,1.0
2024.10.31_08-55-50_sto_car_prenac,7311.0,7311.0,1.0
2024.10.31_08-55-50_sto_car_prenac,7315.0,7320.0,1.0
2024.10.31_08-55-50_sto_car_prenac,7322.0,7322.0,1.0
2024.10.31_08-55-50_sto_car_prenac,7324.0,7326.0,1.0
2024.10.31_08-55-50_sto_car_prenac,7329.0,7329.0,1.0
2024.10.31_08-55-50_sto_car_prenac,7331.0,7331.0,1.0
2024.10.31_08-55-50_sto_car_prenac,7333.0,7340.0,1.0
2024.10.31_08-55-50_sto_car_prenac,7343.0,7359.0,1.0
2024.10.31_08-55-50_sto_car_prenac,7363.0,7365.0,1.0
2024.10.31_08-55-50_sto_car_prenac,7367.0,7372.0,1.0
2024.10.31_08-55-50_sto_car_prenac,7374.0,7376.0,1.0
2024.10.31_08-55-50_sto_car_prenac,7378.0,7382.0,1.0
2024.10.31_08-55-50_sto_car_prenac,7387.0,7387.0,1.0
2024.10.31_08-55-50_sto_car_prenac,7389.0,7393.0,1.0
2024.10.31_08-55-50_sto_car_prenac,7396.0,7407.0,1.0
2024.10.31_08-55-50_sto_car_prenac,7409.0,7411.0,1.0
2024.10.31_08-55-50_sto_car_prenac,7415.0,7416.0,1.0
2024.10.31_08-55-50_sto_car_prenac,7418.0,7420.0,1.0
2024.10.31_08-55-50_sto_car_prenac,7422.0,7424.0,1.0
2024.10.31_08-55-50_sto_car_prenac,7426.0,7427.0,1.0
2024.10.31_08-55-50_sto_car_prenac,7429.0,7441.0,1.0
2024.10.31_08-55-50_sto_car_prenac,7443.0,7448.0,1.0
2024.10.31_08-55-50_sto_car_prenac,7450.0,7483.0,1.0
2024.10.31_08-55-50_sto_car_prenac,7486.0,7487.0,1.0
2024.10.31_08-55-50_sto_car_prenac,7490.0,7518.0,1.0
2024.10.31_08-55-50_sto_car_prenac,7521.0,7526.0,1.0
2024.10.31_08-55-50_sto_car_prenac,7529.0,7531.0,1.0
2024.10.31_08-55-50_sto_car_prenac,7534.0,7534.0,1.0
2024.10.31_08-55-50_sto_car_prenac,7536.0,7549.0,1.0
2024.10.31_08-55-50_sto_car_prenac,7551.0,7551.0,1.0
2024.10.31_08-55-50_sto_car_prenac,7555.0,7568.0,1.0
2024.10.31_08-55-50_sto_car_prenac,7570.0,7578.0,1.0
2024.10.31_08-55-50_sto_car_prenac,7580.0,7580.0,1.0
2024.10.31_08-55-50_sto_car_prenac,7582.0,7585.0,1.0
2024.10.31_08-55-50_sto_car_prenac,7587.0,7594.0,1.0
2024.10.31_08-55-50_sto_car_prenac,7596.0,7603.0,1.0
2024.10.31_08-55-50_sto_car_prenac,7605.0,7619.0,1.0
2024.10.31_08-55-50_sto_car_prenac,7621.0,7625.0,1.0
2024.10.31_08-55-50_sto_car_prenac,7627.0,7636.0,1.0
2024.10.31_08-55-50_sto_car_prenac,7639.0,7639.0,1.0
2024.10.31_08-55-50_sto_car_prenac,7643.0,7643.0,1.0
2024.10.31_08-55-50_sto_car_prenac,7645.0,7645.0,1.0
2024.10.31_08-55-50_sto_car_prenac,7647.0,7649.0,1.0
2024.10.31_08-55-50_sto_car_prenac,7655.0,7657.0,1.0
2024.10.31_08-55-50_sto_car_prenac,7660.0,7660.0,1.0
2024.10.31_08-55-50_sto_car_prenac,7665.0,7665.0,1.0
2024.10.31_08-55-50_sto_car_prenac,7667.0,7668.0,1.0
2024.10.31_08-55-50_sto_car_prenac,7671.0,7672.0,1.0
2024.10.31_08-55-50_sto_car_prenac,7674.0,7674.0,1.0
2024.10.31_08-55-50_sto_car_prenac,7677.0,7682.0,1.0
2024.10.31_08-55-50_sto_car_prenac,7685.0,7687.0,1.0
2024.10.31_08-55-50_sto_car_prenac,7690.0,7695.0,1.0
2024.10.31_08-55-50_sto_car_prenac,7698.0,7978.0,1.0
2024.10.31_08-55-50_sto_car_prenac,7982.0,7983.0,1.0
2024.10.31_08-55-50_sto_car_prenac,7986.0,7987.0,1.0
2024.10.31_08-55-50_sto_car_prenac,7989.0,7989.0,1.0
2024.10.31_08-55-50_sto_car_prenac,7991.0,8053.0,1.0
2024.10.31_08-55-50_sto_car_prenac,8055.0,8132.0,1.0
2024.10.31_08-55-50_sto_car_prenac,8134.0,8139.0,1.0
2024.10.31_08-55-50_sto_car_prenac,8141.0,8144.0,1.0
2024.10.31_08-55-50_sto_car_prenac,8149.0,8151.0,1.0
2024.10.31_08-55-50_sto_car_prenac,8154.0,8154.0,1.0
2024.10.31_08-55-50_sto_car_prenac,8156.0,8167.0,1.0
2024.10.31_08-55-50_sto_car_prenac,8173.0,8173.0,1.0
2024.10.31_08-55-50_sto_car_prenac,8176.0,8176.0,1.0
2024.10.31_08-55-50_sto_car_prenac,8179.0,8179.0,1.0
2024.10.31_08-55-50_sto_car_prenac,8181.0,8188.0,1.0
2024.10.31_08-55-50_sto_car_prenac,8190.0,8198.0,1.0
2024.10.31_08-55-50_sto_car_prenac,8201.0,8631.0,1.0
2024.10.31_08-55-50_sto_car_prenac,8633.0,8645.0,1.0
2024.10.31_08-55-50_sto_car_prenac,8647.0,8666.0,1.0
2024.10.14_11-00-19_Sussex_metbut,3.0,3151.0,1.0
2024.10.14_11-00-19_Sussex_metbut,3153.0,3157.0,1.0
2024.10.14_11-00-19_Sussex_metbut,3161.0,3173.0,1.0
2024.10.14_11-00-19_Sussex_metbut,3177.0,3177.0,1.0
2024.10.08_11-04-51_Biarmipes_G224_no_odor,5385.0,5396.0,1.0
2024.10.08_11-04-51_Biarmipes_G224_no_odor,5398.0,5402.0,1.0
2024.10.08_11-04-51_Biarmipes_G224_no_odor,5404.0,5414.0,1.0
2024.10.08_11-04-51_Biarmipes_G224_no_odor,5416.0,5432.0,1.0
2024.10.08_11-04-51_Biarmipes_G224_no_odor,5434.0,5435.0,1.0
2024.10.08_11-04-51_Biarmipes_G224_no_odor,5437.0,5440.0,1.0
2024.10.08_11-04-51_Biarmipes_G224_no_odor,5442.0,5447.0,1.0
2024.10.08_11-04-51_Biarmipes_G224_no_odor,5450.0,5454.0,1.0
2024.10.08_11-04-51_Biarmipes_G224_no_odor,5457.0,5462.0,1.0
2024.10.08_11-04-51_Biarmipes_G224_no_odor,5464.0,5465.0,1.0
2024.10.08_11-04-51_Biarmipes_G224_no_odor,5467.0,5504.0,1.0
2024.10.08_11-04-51_Biarmipes_G224_no_odor,5506.0,5525.0,1.0
2024.10.08_11-04-51_Biarmipes_G224_no_odor,5527.0,5587.0,1.0
2024.10.08_11-04-51_Biarmipes_G224_no_odor,5589.0,5603.0,1.0
2024.10.08_11-04-51_Biarmipes_G224_no_odor,5605.0,5607.0,1.0
2024.10.08_11-04-51_Biarmipes_G224_no_odor,5611.0,5611.0,1.0
2024.10.08_11-04-51_Biarmipes_G224_no_odor,5613.0,5618.0,1.0
2024.10.08_11-04-51_Biarmipes_G224_no_odor,5620.0,5630.0,1.0
2024.10.08_11-04-51_Biarmipes_G224_no_odor,5632.0,8850.0,1.0
2024.10.31_08-31-22_Biarmipes84_metben,3.0,33.0,1.0
2024.10.31_08-31-22_Biarmipes84_metben,35.0,53.0,1.0
2024.10.31_08-31-22_Biarmipes84_metben,56.0,896.0,1.0
2024.10.31_08-31-22_Biarmipes84_metben,900.0,907.0,1.0
2024.10.31_08-31-22_Biarmipes84_metben,909.0,914.0,1.0
2024.10.31_08-31-22_Biarmipes84_metben,916.0,918.0,1.0
2024.10.31_08-31-22_Biarmipes84_metben,920.0,920.0,1.0
2024.10.31_08-31-22_Biarmipes84_metben,923.0,923.0,1.0
2024.10.31_08-31-22_Biarmipes84_metben,925.0,925.0,1.0
2024.10.31_08-31-22_Biarmipes84_metben,927.0,927.0,1.0
2024.10.31_08-31-22_Biarmipes84_metben,929.0,933.0,1.0
2024.10.31_08-31-22_Biarmipes84_metben,935.0,2385.0,1.0
2024.10.31_08-31-22_Biarmipes84_metben,5462.0,5802.0,1.0
2024.10.31_08-31-22_Biarmipes84_metben,5804.0,5810.0,1.0
2024.10.31_08-31-22_Biarmipes84_metben,5812.0,6438.0,1.0
2024.10.31_08-31-22_Biarmipes84_metben,6440.0,6553.0,1.0
2024.10.31_08-31-22_Biarmipes84_metben,6555.0,6555.0,1.0
2024.10.31_08-31-22_Biarmipes84_metben,6558.0,6564.0,1.0
2024.10.31_08-31-22_Biarmipes84_metben,6567.0,6567.0,1.0
2024.10.31_08-31-22_Biarmipes84_metben,6573.0,6574.0,1.0
2024.10.31_08-31-22_Biarmipes84_metben,6584.0,6584.0,1.0
2024.10.31_08-31-22_Biarmipes84_metben,6586.0,6588.0,1.0
2024.10.31_08-31-22_Biarmipes84_metben,6590.0,6592.0,1.0
2024.10.31_08-31-22_Biarmipes84_metben,6594.0,6595.0,1.0
2024.10.31_08-31-22_Biarmipes84_metben,6597.0,6597.0,1.0
2024.10.31_08-31-22_Biarmipes84_metben,6600.0,6600.0,1.0
2024.10.31_08-31-22_Biarmipes84_metben,6603.0,6603.0,1.0
2024.10.31_08-31-22_Biarmipes84_metben,6610.0,6610.0,1.0
2024.10.31_08-31-22_Biarmipes84_metben,6614.0,6614.0,1.0
2024.10.31_08-31-22_Biarmipes84_metben,6616.0,6617.0,1.0
2024.10.31_08-31-22_Biarmipes84_metben,6626.0,6628.0,1.0
2024.10.31_08-31-22_Biarmipes84_metben,6630.0,6633.0,1.0
2024.10.31_08-31-22_Biarmipes84_metben,6635.0,6643.0,1.0
2024.10.31_08-31-22_Biarmipes84_metben,6645.0,6669.0,1.0
2024.10.31_08-31-22_Biarmipes84_metben,6671.0,6828.0,1.0
2024.10.31_08-31-22_Biarmipes84_metben,6830.0,6883.0,1.0
2024.10.31_08-31-22_Biarmipes84_metben,6885.0,6951.0,1.0
2024.10.31_08-31-22_Biarmipes84_metben,6953.0,6960.0,1.0
2024.10.31_08-31-22_Biarmipes84_metben,6962.0,7007.0,1.0
2024.10.31_08-31-22_Biarmipes84_metben,7009.0,7014.0,1.0
2024.10.31_08-31-22_Biarmipes84_metben,7016.0,7021.0,1.0
2024.10.31_08-31-22_Biarmipes84_metben,7023.0,7023.0,1.0
2024.10.31_08-31-22_Biarmipes84_metben,7025.0,7026.0,1.0
2024.10.31_08-31-22_Biarmipes84_metben,7028.0,7028.0,1.0
2024.10.31_08-31-22_Biarmipes84_metben,7030.0,7030.0,1.0
2024.10.31_08-31-22_Biarmipes84_metben,7032.0,7033.0,1.0
2024.10.31_08-31-22_Biarmipes84_metben,7035.0,7037.0,1.0
2024.10.31_08-31-22_Biarmipes84_metben,7043.0,7046.0,1.0
2024.10.31_08-31-22_Biarmipes84_metben,7048.0,7048.0,1.0
2024.10.31_08-31-22_Biarmipes84_metben,7051.0,7059.0,1.0
2024.10.31_08-31-22_Biarmipes84_metben,7061.0,7065.0,1.0
2024.10.31_08-31-22_Biarmipes84_metben,7067.0,7069.0,1.0
2024.10.31_08-31-22_Biarmipes84_metben,7073.0,7079.0,1.0
2024.10.31_08-31-22_Biarmipes84_metben,7081.0,7152.0,1.0
2024.10.31_08-31-22_Biarmipes84_metben,7154.0,7167.0,1.0
2024.10.31_08-31-22_Biarmipes84_metben,7169.0,7193.0,1.0
2024.10.31_08-31-22_Biarmipes84_metben,7195.0,7237.0,1.0
2024.10.31_08-31-22_Biarmipes84_metben,7241.0,7241.0,1.0
2024.10.31_08-31-22_Biarmipes84_metben,7244.0,7251.0,1.0
2024.10.31_08-31-22_Biarmipes84_metben,7253.0,7258.0,1.0
2024.10.31_08-31-22_Biarmipes84_metben,7260.0,7261.0,1.0
2024.10.31_08-31-22_Biarmipes84_metben,7264.0,7264.0,1.0
2024.10.31_08-31-22_Biarmipes84_metben,7267.0,7267.0,1.0
2024.10.31_08-31-22_Biarmipes84_metben,7270.0,7271.0,1.0
2024.10.31_08-31-22_Biarmipes84_metben,7273.0,7273.0,1.0
2024.10.31_08-31-22_Biarmipes84_metben,7276.0,7277.0,1.0
2024.10.31_08-31-22_Biarmipes84_metben,7279.0,7279.0,1.0
2024.10.31_08-31-22_Biarmipes84_metben,7281.0,7282.0,1.0
2024.10.31_08-31-22_Biarmipes84_metben,7284.0,7284.0,1.0
2024.10.31_08-31-22_Biarmipes84_metben,7286.0,7287.0,1.0
2024.10.31_08-31-22_Biarmipes84_metben,7289.0,7290.0,1.0
2024.10.31_08-31-22_Biarmipes84_metben,7292.0,7292.0,1.0
2024.10.31_08-31-22_Biarmipes84_metben,7294.0,7295.0,1.0
2024.10.31_08-31-22_Biarmipes84_metben,7297.0,7298.0,1.0
2024.10.31_08-31-22_Biarmipes84_metben,7300.0,7300.0,1.0
2024.10.31_08-31-22_Biarmipes84_metben,7302.0,7302.0,1.0
2024.10.31_08-31-22_Biarmipes84_metben,7304.0,7308.0,1.0
2024.10.31_08-31-22_Biarmipes84_metben,7310.0,7310.0,1.0
2024.10.31_08-31-22_Biarmipes84_metben,7312.0,7312.0,1.0
2024.10.31_08-31-22_Biarmipes84_metben,7314.0,7318.0,1.0
2024.10.31_08-31-22_Biarmipes84_metben,7321.0,7339.0,1.0
2024.10.31_08-31-22_Biarmipes84_metben,7341.0,7346.0,1.0
2024.10.31_08-31-22_Biarmipes84_metben,7348.0,7351.0,1.0
2024.10.31_08-31-22_Biarmipes84_metben,7353.0,7354.0,1.0
2024.10.31_08-31-22_Biarmipes84_metben,7357.0,7358.0,1.0
2024.10.31_08-31-22_Biarmipes84_metben,7360.0,7365.0,1.0
2024.10.31_08-31-22_Biarmipes84_metben,7367.0,7367.0,1.0
2024.10.31_08-31-22_Biarmipes84_metben,7369.0,7388.0,1.0
2024.10.31_08-31-22_Biarmipes84_metben,7390.0,7391.0,1.0
2024.10.31_08-31-22_Biarmipes84_metben,7394.0,7411.0,1.0
2024.10.31_08-31-22_Biarmipes84_metben,7414.0,7429.0,1.0
2024.10.31_08-31-22_Biarmipes84_metben,7431.0,7435.0,1.0
2024.10.31_08-31-22_Biarmipes84_metben,7437.0,7455.0,1.0
2024.10.31_08-31-22_Biarmipes84_metben,7457.0,7534.0,1.0
2024.10.31_08-31-22_Biarmipes84_metben,7536.0,7572.0,1.0
2024.10.31_08-31-22_Biarmipes84_metben,7574.0,7594.0,1.0
2024.10.31_08-31-22_Biarmipes84_metben,7596.0,7606.0,1.0
2024.10.31_08-31-22_Biarmipes84_metben,7608.0,7621.0,1.0
2024.10.31_08-31-22_Biarmipes84_metben,7623.0,7675.0,1.0
2024.10.31_08-31-22_Biarmipes84_metben,7677.0,7697.0,1.0
2024.10.31_08-31-22_Biarmipes84_metben,7699.0,7736.0,1.0
2024.10.31_08-31-22_Biarmipes84_metben,7738.0,7796.0,1.0
2024.10.31_08-31-22_Biarmipes84_metben,7798.0,7799.0,1.0
2024.10.31_08-31-22_Biarmipes84_metben,7801.0,7806.0,1.0
2024.10.31_08-31-22_Biarmipes84_metben,7808.0,7819.0,1.0
2024.10.31_08-31-22_Biarmipes84_metben,7821.0,7821.0,1.0
2024.10.31_08-31-22_Biarmipes84_metben,7823.0,7846.0,1.0
2024.10.31_08-31-22_Biarmipes84_metben,7848.0,7848.0,1.0
2024.10.31_08-31-22_Biarmipes84_metben,7856.0,7856.0,1.0
2024.10.31_08-31-22_Biarmipes84_metben,7858.0,7871.0,1.0
2024.10.31_08-31-22_Biarmipes84_metben,7880.0,7881.0,1.0
2024.10.31_08-31-22_Biarmipes84_metben,7884.0,7884.0,1.0
2024.10.31_08-31-22_Biarmipes84_metben,7886.0,7887.0,1.0
2024.10.31_08-31-22_Biarmipes84_metben,7896.0,8013.0,1.0
2024.10.31_08-31-22_Biarmipes84_metben,8015.0,8096.0,1.0
2024.10.15_10-46-19_Sussex_prenac,4118.0,4229.0,1.0
2024.10.15_10-46-19_Sussex_prenac,4231.0,4232.0,1.0
2024.10.15_10-46-19_Sussex_prenac,4234.0,4253.0,1.0
2024.10.15_10-46-19_Sussex_prenac,4255.0,4258.0,1.0
2024.10.15_10-46-19_Sussex_prenac,4260.0,6400.0,1.0
2024.10.15_10-46-19_Sussex_prenac,6402.0,6592.0,1.0
2024.10.15_10-46-19_Sussex_prenac,6594.0,6599.0,1.0
2024.10.15_10-46-19_Sussex_prenac,6601.0,6601.0,1.0
2024.10.15_10-46-19_Sussex_prenac,6604.0,6605.0,1.0
2024.10.15_10-46-19_Sussex_prenac,6610.0,6610.0,1.0
2024.10.15_10-46-19_Sussex_prenac,6612.0,6615.0,1.0
2024.10.15_10-46-19_Sussex_prenac,6617.0,6662.0,1.0
2024.10.15_10-46-19_Sussex_prenac,6664.0,6747.0,1.0
2024.10.15_10-46-19_Sussex_prenac,6749.0,6775.0,1.0
2024.10.15_10-46-19_Sussex_prenac,6777.0,6777.0,1.0
2024.10.15_10-46-19_Sussex_prenac,6779.0,6800.0,1.0
2024.10.15_10-46-19_Sussex_prenac,6802.0,6805.0,1.0
2024.10.15_10-46-19_Sussex_prenac,6808.0,6812.0,1.0
2024.10.15_10-46-19_Sussex_prenac,6814.0,6817.0,1.0
2024.10.15_10-46-19_Sussex_prenac,6819.0,6823.0,1.0
2024.10.15_10-46-19_Sussex_prenac,6825.0,6839.0,1.0
2024.10.15_10-46-19_Sussex_prenac,6841.0,6841.0,1.0
2024.10.15_10-46-19_Sussex_prenac,6843.0,6843.0,1.0
2024.10.15_10-46-19_Sussex_prenac,6845.0,6845.0,1.0
2024.10.15_10-46-19_Sussex_prenac,6848.0,6848.0,1.0
2024.10.15_10-46-19_Sussex_prenac,6853.0,6853.0,1.0
2024.10.15_10-46-19_Sussex_prenac,6858.0,6858.0,1.0
2024.10.15_10-46-19_Sussex_prenac,6863.0,6863.0,1.0
2024.10.15_10-46-19_Sussex_prenac,6866.0,6866.0,1.0
2024.10.15_10-46-19_Sussex_prenac,6870.0,6870.0,1.0
2024.10.15_10-46-19_Sussex_prenac,6872.0,6873.0,1.0
2024.10.15_10-46-19_Sussex_prenac,6875.0,6875.0,1.0
2024.10.15_10-46-19_Sussex_prenac,6878.0,6878.0,1.0
2024.10.15_10-46-19_Sussex_prenac,6883.0,6884.0,1.0
2024.10.15_10-46-19_Sussex_prenac,6888.0,6888.0,1.0
2024.10.15_10-46-19_Sussex_prenac,6890.0,6891.0,1.0
2024.10.15_10-46-19_Sussex_prenac,6895.0,6895.0,1.0
2024.10.15_10-46-19_Sussex_prenac,6920.0,6922.0,1.0
2024.10.15_10-46-19_Sussex_prenac,6925.0,6925.0,1.0
2024.10.15_10-46-19_Sussex_prenac,6930.0,6930.0,1.0
2024.10.15_10-46-19_Sussex_prenac,6941.0,6941.0,1.0
2024.10.15_10-46-19_Sussex_prenac,6946.0,6946.0,1.0
2024.10.15_10-46-19_Sussex_prenac,6957.0,6958.0,1.0
2024.10.15_10-46-19_Sussex_prenac,6964.0,6964.0,1.0
2024.10.15_10-46-19_Sussex_prenac,6974.0,6974.0,1.0
2024.10.15_10-46-19_Sussex_prenac,6984.0,6984.0,1.0
2024.10.15_10-46-19_Sussex_prenac,6991.0,6991.0,1.0
2024.10.15_10-46-19_Sussex_prenac,7028.0,7028.0,1.0
2024.10.15_10-46-19_Sussex_prenac,7036.0,7036.0,1.0
2024.10.15_10-46-19_Sussex_prenac,7046.0,7046.0,1.0
2024.10.15_10-46-19_Sussex_prenac,7050.0,7050.0,1.0
2024.10.15_10-46-19_Sussex_prenac,7077.0,7077.0,1.0
2024.10.15_10-46-19_Sussex_prenac,7079.0,7080.0,1.0
2024.10.15_10-46-19_Sussex_prenac,7083.0,7085.0,1.0
2024.10.15_10-46-19_Sussex_prenac,7090.0,7090.0,1.0
2024.10.15_10-46-19_Sussex_prenac,7093.0,7094.0,1.0
2024.10.15_10-46-19_Sussex_prenac,7097.0,7097.0,1.0
2024.10.15_10-46-19_Sussex_prenac,7134.0,7134.0,1.0
2024.10.15_10-46-19_Sussex_prenac,7164.0,7164.0,1.0
2024.10.15_10-46-19_Sussex_prenac,7174.0,7174.0,1.0
2024.10.15_10-46-19_Sussex_prenac,7191.0,7191.0,1.0
2024.09.24_16-57-51_Yakuba7_no_odor,3.0,2883.0,1.0
2024.09.24_16-57-51_Yakuba7_no_odor,2885.0,2886.0,1.0
2024.09.24_16-57-51_Yakuba7_no_odor,2888.0,3182.0,1.0
2024.09.24_16-57-51_Yakuba7_no_odor,3185.0,3201.0,1.0
2024.09.24_16-57-51_Yakuba7_no_odor,3203.0,3210.0,1.0
2024.09.24_16-57-51_Yakuba7_no_odor,3213.0,3246.0,1.0
2024.09.24_16-57-51_Yakuba7_no_odor,3248.0,3254.0,1.0
2024.09.24_16-57-51_Yakuba7_no_odor,3257.0,3261.0,1.0
2024.09.24_16-57-51_Yakuba7_no_odor,3263.0,3324.0,1.0
2024.09.24_16-57-51_Yakuba7_no_odor,3326.0,3354.0,1.0
2024.09.24_16-57-51_Yakuba7_no_odor,3356.0,3373.0,1.0
2024.09.24_16-57-51_Yakuba7_no_odor,3375.0,3408.0,1.0
2024.09.24_16-57-51_Yakuba7_no_odor,3410.0,3410.0,1.0
2024.09.24_16-57-51_Yakuba7_no_odor,3412.0,3413.0,1.0
2024.09.24_16-57-51_Yakuba7_no_odor,3417.0,3436.0,1.0
2024.09.24_16-57-51_Yakuba7_no_odor,3438.0,3443.0,1.0
2024.09.24_16-57-51_Yakuba7_no_odor,3445.0,3455.0,1.0
2024.09.24_16-57-51_Yakuba7_no_odor,3457.0,3473.0,1.0
2024.09.24_16-57-51_Yakuba7_no_odor,3476.0,3486.0,1.0
2024.09.24_16-57-51_Yakuba7_no_odor,3488.0,3497.0,1.0
2024.09.24_16-57-51_Yakuba7_no_odor,3499.0,3505.0,1.0
2024.09.24_16-57-51_Yakuba7_no_odor,3507.0,3507.0,1.0
2024.09.24_16-57-51_Yakuba7_no_odor,3509.0,3522.0,1.0
2024.09.24_16-57-51_Yakuba7_no_odor,3524.0,3526.0,1.0
2024.09.24_16-57-51_Yakuba7_no_odor,3529.0,3529.0,1.0
2024.09.24_16-57-51_Yakuba7_no_odor,3532.0,3538.0,1.0
2024.09.24_16-57-51_Yakuba7_no_odor,3540.0,3565.0,1.0
2024.09.24_16-57-51_Yakuba7_no_odor,3567.0,3570.0,1.0
2024.09.24_16-57-51_Yakuba7_no_odor,3572.0,3578.0,1.0
2024.09.24_16-57-51_Yakuba7_no_odor,3580.0,3585.0,1.0
2024.09.24_16-57-51_Yakuba7_no_odor,3587.0,3615.0,1.0
2024.09.24_16-57-51_Yakuba7_no_odor,3617.0,3620.0,1.0
2024.09.24_16-57-51_Yakuba7_no_odor,3622.0,3627.0,1.0
2024.09.24_16-57-51_Yakuba7_no_odor,3630.0,3636.0,1.0
2024.09.24_16-57-51_Yakuba7_no_odor,3638.0,3647.0,1.0
2024.09.24_16-57-51_Yakuba7_no_odor,3650.0,3665.0,1.0
2024.09.24_16-57-51_Yakuba7_no_odor,3669.0,3673.0,1.0
2024.09.24_16-57-51_Yakuba7_no_odor,3676.0,3679.0,1.0
2024.09.24_16-57-51_Yakuba7_no_odor,3681.0,3689.0,1.0
2024.09.24_16-57-51_Yakuba7_no_odor,3693.0,3700.0,1.0
2024.09.24_16-57-51_Yakuba7_no_odor,3702.0,3724.0,1.0
2024.09.24_16-57-51_Yakuba7_no_odor,3726.0,3733.0,1.0
2024.09.24_16-57-51_Yakuba7_no_odor,3736.0,3783.0,1.0
2024.09.24_16-57-51_Yakuba7_no_odor,3785.0,3786.0,1.0
2024.09.24_16-57-51_Yakuba7_no_odor,3788.0,4320.0,1.0
2024.09.24_16-57-51_Yakuba7_no_odor,4322.0,4327.0,1.0
2024.09.24_16-57-51_Yakuba7_no_odor,4329.0,4339.0,1.0
2024.09.24_16-57-51_Yakuba7_no_odor,4341.0,4348.0,1.0
2024.09.24_16-57-51_Yakuba7_no_odor,4350.0,4355.0,1.0
2024.09.24_16-57-51_Yakuba7_no_odor,4357.0,4357.0,1.0
2024.09.24_16-57-51_Yakuba7_no_odor,4359.0,4370.0,1.0
2024.09.24_16-57-51_Yakuba7_no_odor,4372.0,4378.0,1.0
2024.09.24_16-57-51_Yakuba7_no_odor,4380.0,4381.0,1.0
2024.09.24_16-57-51_Yakuba7_no_odor,4383.0,4447.0,1.0
2024.09.24_16-57-51_Yakuba7_no_odor,4449.0,4462.0,1.0
2024.09.24_16-57-51_Yakuba7_no_odor,4464.0,4475.0,1.0
2024.09.24_16-57-51_Yakuba7_no_odor,4478.0,4480.0,1.0
2024.09.24_16-57-51_Yakuba7_no_odor,4482.0,4482.0,1.0
2024.09.24_16-57-51_Yakuba7_no_odor,4485.0,4489.0,1.0
2024.09.24_16-57-51_Yakuba7_no_odor,4491.0,4493.0,1.0
2024.09.24_16-57-51_Yakuba7_no_odor,4495.0,4495.0,1.0
2024.09.24_16-57-51_Yakuba7_no_odor,4497.0,4514.0,1.0
2024.09.24_16-57-51_Yakuba7_no_odor,4516.0,4518.0,1.0
2024.09.24_16-57-51_Yakuba7_no_odor,4520.0,4547.0,1.0
2024.09.24_16-57-51_Yakuba7_no_odor,4549.0,4640.0,1.0
2024.09.24_16-57-51_Yakuba7_no_odor,4644.0,4644.0,1.0
2024.09.24_16-57-51_Yakuba7_no_odor,4646.0,4646.0,1.0
2024.09.24_16-57-51_Yakuba7_no_odor,4648.0,4649.0,1.0
2024.09.24_16-57-51_Yakuba7_no_odor,4651.0,4652.0,1.0
2024.09.24_16-57-51_Yakuba7_no_odor,4654.0,4658.0,1.0
2024.09.24_16-57-51_Yakuba7_no_odor,4660.0,4716.0,1.0
2024.09.24_16-57-51_Yakuba7_no_odor,4718.0,4738.0,1.0
2024.09.24_16-57-51_Yakuba7_no_odor,4740.0,4743.0,1.0
2024.09.24_16-57-51_Yakuba7_no_odor,4745.0,4746.0,1.0
2024.09.24_16-57-51_Yakuba7_no_odor,4748.0,4750.0,1.0
2024.09.24_16-57-51_Yakuba7_no_odor,4754.0,4755.0,1.0
2024.09.24_16-57-51_Yakuba7_no_odor,4758.0,4768.0,1.0
2024.09.24_16-57-51_Yakuba7_no_odor,4771.0,4774.0,1.0
2024.09.24_16-57-51_Yakuba7_no_odor,4776.0,4782.0,1.0
2024.09.24_16-57-51_Yakuba7_no_odor,4785.0,4787.0,1.0
2024.09.24_16-57-51_Yakuba7_no_odor,4790.0,4792.0,1.0
2024.09.24_16-57-51_Yakuba7_no_odor,4795.0,4796.0,1.0
2024.09.24_16-57-51_Yakuba7_no_odor,4799.0,4803.0,1.0
2024.09.24_16-57-51_Yakuba7_no_odor,4806.0,4812.0,1.0
2024.09.24_16-57-51_Yakuba7_no_odor,4814.0,4816.0,1.0
2024.09.24_16-57-51_Yakuba7_no_odor,4818.0,4820.0,1.0
2024.09.24_16-57-51_Yakuba7_no_odor,4822.0,4822.0,1.0
2024.09.24_16-57-51_Yakuba7_no_odor,4824.0,4825.0,1.0
2024.09.24_16-57-51_Yakuba7_no_odor,4827.0,4830.0,1.0
2024.09.24_16-57-51_Yakuba7_no_odor,4833.0,4834.0,1.0
2024.09.24_16-57-51_Yakuba7_no_odor,4836.0,5313.0,1.0
2024.09.24_16-57-51_Yakuba7_no_odor,5315.0,5315.0,1.0
2024.09.24_16-57-51_Yakuba7_no_odor,5319.0,5319.0,1.0
2024.09.24_16-57-51_Yakuba7_no_odor,5324.0,5324.0,1.0
2024.09.24_16-57-51_Yakuba7_no_odor,5326.0,5326.0,1.0
2024.09.24_16-57-51_Yakuba7_no_odor,5329.0,5335.0,1.0
2024.09.24_16-57-51_Yakuba7_no_odor,5337.0,5338.0,1.0
2024.09.24_16-57-51_Yakuba7_no_odor,5342.0,5345.0,1.0
2024.09.24_16-57-51_Yakuba7_no_odor,5348.0,5351.0,1.0
2024.09.24_16-57-51_Yakuba7_no_odor,5353.0,5355.0,1.0
2024.09.24_16-57-51_Yakuba7_no_odor,5358.0,5358.0,1.0
2024.09.24_16-57-51_Yakuba7_no_odor,5362.0,5365.0,1.0
2024.09.24_16-57-51_Yakuba7_no_odor,5367.0,5372.0,1.0
2024.09.24_16-57-51_Yakuba7_no_odor,5376.0,5382.0,1.0
2024.09.24_16-57-51_Yakuba7_no_odor,5384.0,5393.0,1.0
2024.09.24_16-57-51_Yakuba7_no_odor,5395.0,5395.0,1.0
2024.09.24_16-57-51_Yakuba7_no_odor,5397.0,5403.0,1.0
2024.09.24_16-57-51_Yakuba7_no_odor,5405.0,5409.0,1.0
2024.09.24_16-57-51_Yakuba7_no_odor,5411.0,5411.0,1.0
2024.09.24_16-57-51_Yakuba7_no_odor,5413.0,5419.0,1.0
2024.09.24_16-57-51_Yakuba7_no_odor,5422.0,5449.0,1.0
2024.09.24_16-57-51_Yakuba7_no_odor,5451.0,5451.0,1.0
2024.09.24_16-57-51_Yakuba7_no_odor,5453.0,5468.0,1.0
2024.09.24_16-57-51_Yakuba7_no_odor,5470.0,5478.0,1.0
2024.09.24_16-57-51_Yakuba7_no_odor,5480.0,5480.0,1.0
2024.09.24_16-57-51_Yakuba7_no_odor,5482.0,5483.0,1.0
2024.09.24_16-57-51_Yakuba7_no_odor,5485.0,5490.0,1.0
2024.09.24_16-57-51_Yakuba7_no_odor,5492.0,5498.0,1.0
2024.09.24_16-57-51_Yakuba7_no_odor,5500.0,5502.0,1.0
2024.09.24_16-57-51_Yakuba7_no_odor,5504.0,5520.0,1.0
2024.09.24_16-57-51_Yakuba7_no_odor,5522.0,5533.0,1.0
2024.09.24_16-57-51_Yakuba7_no_odor,5535.0,5608.0,1.0
2024.09.24_16-57-51_Yakuba7_no_odor,5610.0,5611.0,1.0
2024.09.24_16-57-51_Yakuba7_no_odor,5613.0,5619.0,1.0
2024.09.24_16-57-51_Yakuba7_no_odor,5621.0,5624.0,1.0
2024.09.24_16-57-51_Yakuba7_no_odor,5627.0,5627.0,1.0
2024.09.24_16-57-51_Yakuba7_no_odor,5629.0,5630.0,1.0
2024.09.24_16-57-51_Yakuba7_no_odor,5632.0,5635.0,1.0
2024.09.24_16-57-51_Yakuba7_no_odor,5637.0,5641.0,1.0
2024.09.24_16-57-51_Yakuba7_no_odor,5649.0,5661.0,1.0
2024.09.24_16-57-51_Yakuba7_no_odor,5666.0,5680.0,1.0
2024.09.24_16-57-51_Yakuba7_no_odor,5682.0,5683.0,1.0
2024.09.24_16-57-51_Yakuba7_no_odor,5685.0,5685.0,1.0
2024.09.24_16-57-51_Yakuba7_no_odor,5687.0,5691.0,1.0
2024.09.24_16-57-51_Yakuba7_no_odor,5693.0,5701.0,1.0
2024.09.24_16-57-51_Yakuba7_no_odor,5703.0,5706.0,1.0
2024.09.24_16-57-51_Yakuba7_no_odor,5709.0,5709.0,1.0
2024.09.24_16-57-51_Yakuba7_no_odor,5711.0,5713.0,1.0
2024.09.24_16-57-51_Yakuba7_no_odor,5719.0,5720.0,1.0
2024.09.24_16-57-51_Yakuba7_no_odor,5722.0,5722.0,1.0
2024.09.24_16-57-51_Yakuba7_no_odor,5724.0,5724.0,1.0
2024.09.24_16-57-51_Yakuba7_no_odor,5728.0,5728.0,1.0
2024.09.24_16-57-51_Yakuba7_no_odor,5733.0,5738.0,1.0
2024.09.24_16-57-51_Yakuba7_no_odor,5740.0,5740.0,1.0
2024.09.24_16-57-51_Yakuba7_no_odor,5742.0,5744.0,1.0
2024.09.24_16-57-51_Yakuba7_no_odor,5746.0,5746.0,1.0
2024.09.24_16-57-51_Yakuba7_no_odor,5750.0,5751.0,1.0
2024.09.24_16-57-51_Yakuba7_no_odor,5754.0,5754.0,1.0
2024.09.24_16-57-51_Yakuba7_no_odor,5758.0,5758.0,1.0
2024.09.24_16-57-51_Yakuba7_no_odor,5760.0,5760.0,1.0
2024.09.24_16-57-51_Yakuba7_no_odor,5762.0,5763.0,1.0
2024.09.24_16-57-51_Yakuba7_no_odor,5767.0,5767.0,1.0
2024.09.24_16-57-51_Yakuba7_no_odor,5772.0,5773.0,1.0
2024.09.24_16-57-51_Yakuba7_no_odor,5778.0,5778.0,1.0
2024.09.24_16-57-51_Yakuba7_no_odor,5780.0,5780.0,1.0
2024.09.24_16-57-51_Yakuba7_no_odor,5784.0,5784.0,1.0
2024.09.24_16-57-51_Yakuba7_no_odor,5789.0,5794.0,1.0
2024.09.24_16-57-51_Yakuba7_no_odor,5796.0,5796.0,1.0
2024.09.24_16-57-51_Yakuba7_no_odor,5798.0,5800.0,1.0
2024.09.24_16-57-51_Yakuba7_no_odor,5805.0,5805.0,1.0
2024.09.24_16-57-51_Yakuba7_no_odor,5807.0,5811.0,1.0
2024.09.24_16-57-51_Yakuba7_no_odor,5815.0,5815.0,1.0
2024.09.24_16-57-51_Yakuba7_no_odor,5820.0,5820.0,1.0
2024.09.24_16-57-51_Yakuba7_no_odor,5823.0,5823.0,1.0
2024.09.24_16-57-51_Yakuba7_no_odor,5825.0,5828.0,1.0
2024.09.24_16-57-51_Yakuba7_no_odor,5830.0,5830.0,1.0
2024.09.24_16-57-51_Yakuba7_no_odor,5832.0,5833.0,1.0
2024.09.24_16-57-51_Yakuba7_no_odor,5839.0,5839.0,1.0
2024.09.24_16-57-51_Yakuba7_no_odor,5845.0,5845.0,1.0
2024.09.24_16-57-51_Yakuba7_no_odor,5847.0,5847.0,1.0
2024.09.24_16-57-51_Yakuba7_no_odor,5849.0,5849.0,1.0
2024.09.24_16-57-51_Yakuba7_no_odor,5855.0,5855.0,1.0
2024.09.24_16-57-51_Yakuba7_no_odor,5857.0,5857.0,1.0
2024.09.24_16-57-51_Yakuba7_no_odor,5860.0,5861.0,1.0
2024.09.24_16-57-51_Yakuba7_no_odor,5864.0,5869.0,1.0
2024.09.24_16-57-51_Yakuba7_no_odor,5871.0,5871.0,1.0
2024.09.24_16-57-51_Yakuba7_no_odor,5874.0,5875.0,1.0
2024.09.24_16-57-51_Yakuba7_no_odor,5884.0,5884.0,1.0
2024.09.24_16-57-51_Yakuba7_no_odor,5886.0,5888.0,1.0
2024.09.24_16-57-51_Yakuba7_no_odor,5891.0,5891.0,1.0
2024.09.24_16-57-51_Yakuba7_no_odor,5893.0,5895.0,1.0
2024.09.24_16-57-51_Yakuba7_no_odor,5897.0,5908.0,1.0
2024.09.24_16-57-51_Yakuba7_no_odor,5910.0,5910.0,1.0
2024.09.24_16-57-51_Yakuba7_no_odor,5914.0,5916.0,1.0
2024.09.24_16-57-51_Yakuba7_no_odor,5918.0,5919.0,1.0
2024.09.24_16-57-51_Yakuba7_no_odor,5921.0,5923.0,1.0
2024.09.24_16-57-51_Yakuba7_no_odor,5925.0,5927.0,1.0
2024.09.24_16-57-51_Yakuba7_no_odor,5929.0,5934.0,1.0
2024.09.24_16-57-51_Yakuba7_no_odor,5936.0,5941.0,1.0
2024.09.24_16-57-51_Yakuba7_no_odor,5943.0,5943.0,1.0
2024.09.24_16-57-51_Yakuba7_no_odor,5945.0,5952.0,1.0
2024.09.24_16-57-51_Yakuba7_no_odor,5954.0,5963.0,1.0
2024.09.24_16-57-51_Yakuba7_no_odor,5965.0,5977.0,1.0
2024.09.24_16-57-51_Yakuba7_no_odor,5979.0,5979.0,1.0
2024.09.24_16-57-51_Yakuba7_no_odor,5981.0,5985.0,1.0
2024.09.24_16-57-51_Yakuba7_no_odor,5988.0,5988.0,1.0
2024.09.24_16-57-51_Yakuba7_no_odor,5990.0,6012.0,1.0
2024.09.24_16-57-51_Yakuba7_no_odor,6014.0,6018.0,1.0
2024.09.24_16-57-51_Yakuba7_no_odor,6021.0,6023.0,1.0
2024.09.24_16-57-51_Yakuba7_no_odor,6025.0,6031.0,1.0
2024.09.24_16-57-51_Yakuba7_no_odor,6033.0,6042.0,1.0
2024.09.24_16-57-51_Yakuba7_no_odor,6044.0,6047.0,1.0
2024.09.24_16-57-51_Yakuba7_no_odor,6049.0,6059.0,1.0
2024.09.24_16-57-51_Yakuba7_no_odor,6062.0,6062.0,1.0
2024.09.24_16-57-51_Yakuba7_no_odor,6064.0,6064.0,1.0
2024.09.24_16-57-51_Yakuba7_no_odor,6066.0,6084.0,1.0
2024.09.24_16-57-51_Yakuba7_no_odor,6087.0,6089.0,1.0
2024.09.24_16-57-51_Yakuba7_no_odor,6092.0,6096.0,1.0
2024.09.24_16-57-51_Yakuba7_no_odor,6098.0,6101.0,1.0
2024.09.24_16-57-51_Yakuba7_no_odor,6103.0,6111.0,1.0
2024.09.24_16-57-51_Yakuba7_no_odor,6113.0,6116.0,1.0
2024.09.24_16-57-51_Yakuba7_no_odor,6118.0,6124.0,1.0
2024.09.24_16-57-51_Yakuba7_no_odor,6126.0,6130.0,1.0
2024.09.24_16-57-51_Yakuba7_no_odor,6132.0,6136.0,1.0
2024.09.24_16-57-51_Yakuba7_no_odor,6138.0,6139.0,1.0
2024.09.24_16-57-51_Yakuba7_no_odor,6141.0,6143.0,1.0
2024.09.24_16-57-51_Yakuba7_no_odor,6145.0,6150.0,1.0
2024.09.24_16-57-51_Yakuba7_no_odor,6153.0,6154.0,1.0
2024.09.24_16-57-51_Yakuba7_no_odor,6156.0,6159.0,1.0
2024.09.24_16-57-51_Yakuba7_no_odor,6161.0,6161.0,1.0
2024.09.24_16-57-51_Yakuba7_no_odor,6163.0,6170.0,1.0
2024.09.24_16-57-51_Yakuba7_no_odor,6172.0,6184.0,1.0
2024.09.24_16-57-51_Yakuba7_no_odor,6186.0,6187.0,1.0
2024.09.24_16-57-51_Yakuba7_no_odor,6189.0,6189.0,1.0
2024.09.24_16-57-51_Yakuba7_no_odor,6191.0,6192.0,1.0
2024.09.24_16-57-51_Yakuba7_no_odor,6194.0,6197.0,1.0
2024.09.24_16-57-51_Yakuba7_no_odor,6199.0,6200.0,1.0
2024.09.24_16-57-51_Yakuba7_no_odor,6202.0,6202.0,1.0
2024.09.24_16-57-51_Yakuba7_no_odor,6204.0,6204.0,1.0
2024.09.24_16-57-51_Yakuba7_no_odor,6206.0,6206.0,1.0
2024.09.24_16-57-51_Yakuba7_no_odor,6208.0,6218.0,1.0
2024.09.24_16-57-51_Yakuba7_no_odor,6220.0,6259.0,1.0
2024.09.24_16-57-51_Yakuba7_no_odor,6261.0,6286.0,1.0
2024.09.24_16-57-51_Yakuba7_no_odor,6288.0,6302.0,1.0
2024.09.24_16-57-51_Yakuba7_no_odor,6305.0,6310.0,1.0
2024.09.24_16-57-51_Yakuba7_no_odor,6312.0,6327.0,1.0
2024.09.24_16-57-51_Yakuba7_no_odor,6329.0,6329.0,1.0
2024.09.24_16-57-51_Yakuba7_no_odor,6331.0,6339.0,1.0
2024.09.24_16-57-51_Yakuba7_no_odor,6341.0,6347.0,1.0
2024.09.24_16-57-51_Yakuba7_no_odor,6351.0,6351.0,1.0
2024.09.24_16-57-51_Yakuba7_no_odor,6353.0,6353.0,1.0
2024.09.24_16-57-51_Yakuba7_no_odor,6357.0,6363.0,1.0
2024.09.24_16-57-51_Yakuba7_no_odor,6365.0,6369.0,1.0
2024.09.24_16-57-51_Yakuba7_no_odor,6371.0,6373.0,1.0
2024.09.24_16-57-51_Yakuba7_no_odor,6375.0,6378.0,1.0
2024.09.24_16-57-51_Yakuba7_no_odor,6380.0,6383.0,1.0
2024.09.24_16-57-51_Yakuba7_no_odor,6385.0,6386.0,1.0
2024.09.24_16-57-51_Yakuba7_no_odor,6388.0,6395.0,1.0
2024.09.24_16-57-51_Yakuba7_no_odor,6397.0,6399.0,1.0
2024.09.24_16-57-51_Yakuba7_no_odor,6401.0,6402.0,1.0
2024.09.24_16-57-51_Yakuba7_no_odor,6405.0,6405.0,1.0
2024.09.24_16-57-51_Yakuba7_no_odor,6407.0,6410.0,1.0
2024.09.24_16-57-51_Yakuba7_no_odor,6412.0,6414.0,1.0
2024.09.24_16-57-51_Yakuba7_no_odor,6416.0,6416.0,1.0
2024.09.24_16-57-51_Yakuba7_no_odor,6420.0,6420.0,1.0
2024.09.24_16-57-51_Yakuba7_no_odor,6424.0,6428.0,1.0
2024.09.24_16-57-51_Yakuba7_no_odor,6430.0,6433.0,1.0
2024.09.24_16-57-51_Yakuba7_no_odor,6435.0,6435.0,1.0
2024.09.24_16-57-51_Yakuba7_no_odor,6437.0,6445.0,1.0
2024.09.24_16-57-51_Yakuba7_no_odor,6447.0,6447.0,1.0
2024.09.24_16-57-51_Yakuba7_no_odor,6449.0,6449.0,1.0
2024.09.24_16-57-51_Yakuba7_no_odor,6451.0,6451.0,1.0
2024.09.24_16-57-51_Yakuba7_no_odor,6454.0,6454.0,1.0
2024.09.24_16-57-51_Yakuba7_no_odor,6456.0,6457.0,1.0
2024.09.24_16-57-51_Yakuba7_no_odor,6460.0,6462.0,1.0
2024.09.24_16-57-51_Yakuba7_no_odor,6465.0,6465.0,1.0
2024.09.24_16-57-51_Yakuba7_no_odor,6467.0,6467.0,1.0
2024.09.24_16-57-51_Yakuba7_no_odor,6469.0,6469.0,1.0
2024.09.24_16-57-51_Yakuba7_no_odor,6471.0,6471.0,1.0
2024.09.24_16-57-51_Yakuba7_no_odor,6475.0,6476.0,1.0
2024.09.24_16-57-51_Yakuba7_no_odor,6478.0,6480.0,1.0
2024.09.24_16-57-51_Yakuba7_no_odor,6486.0,6487.0,1.0
2024.09.24_16-57-51_Yakuba7_no_odor,6489.0,6489.0,1.0
2024.09.24_16-57-51_Yakuba7_no_odor,6494.0,6494.0,1.0
2024.09.24_16-57-51_Yakuba7_no_odor,6496.0,6500.0,1.0
2024.09.24_16-57-51_Yakuba7_no_odor,6504.0,6504.0,1.0
2024.09.24_16-57-51_Yakuba7_no_odor,6506.0,6507.0,1.0
2024.09.24_16-57-51_Yakuba7_no_odor,6515.0,6515.0,1.0
2024.09.24_16-57-51_Yakuba7_no_odor,6517.0,6517.0,1.0
2024.09.24_16-57-51_Yakuba7_no_odor,6519.0,6531.0,1.0
2024.09.24_16-57-51_Yakuba7_no_odor,6533.0,6533.0,1.0
2024.09.24_16-57-51_Yakuba7_no_odor,6535.0,6535.0,1.0
2024.09.24_16-57-51_Yakuba7_no_odor,6538.0,6540.0,1.0
2024.09.24_16-57-51_Yakuba7_no_odor,6542.0,6542.0,1.0
2024.09.24_16-57-51_Yakuba7_no_odor,6544.0,6550.0,1.0
2024.09.24_16-57-51_Yakuba7_no_odor,6555.0,6558.0,1.0
2024.09.24_16-57-51_Yakuba7_no_odor,6561.0,6563.0,1.0
2024.09.24_16-57-51_Yakuba7_no_odor,6567.0,6567.0,1.0
2024.09.24_16-57-51_Yakuba7_no_odor,6569.0,6569.0,1.0
2024.09.24_16-57-51_Yakuba7_no_odor,6571.0,6571.0,1.0
2024.09.24_16-57-51_Yakuba7_no_odor,6573.0,6587.0,1.0
2024.09.24_16-57-51_Yakuba7_no_odor,6589.0,6598.0,1.0
2024.09.24_16-57-51_Yakuba7_no_odor,6600.0,6600.0,1.0
2024.09.24_16-57-51_Yakuba7_no_odor,6602.0,6606.0,1.0
2024.09.24_16-57-51_Yakuba7_no_odor,6608.0,6616.0,1.0
2024.09.24_16-57-51_Yakuba7_no_odor,6618.0,6622.0,1.0
2024.09.24_16-57-51_Yakuba7_no_odor,6624.0,6628.0,1.0
2024.09.24_16-57-51_Yakuba7_no_odor,6630.0,6637.0,1.0
2024.09.24_16-57-51_Yakuba7_no_odor,6639.0,6710.0,1.0
2024.09.24_16-57-51_Yakuba7_no_odor,6712.0,6725.0,1.0
2024.09.24_16-57-51_Yakuba7_no_odor,6727.0,6734.0,1.0
2024.09.24_16-57-51_Yakuba7_no_odor,6736.0,6740.0,1.0
2024.09.24_16-57-51_Yakuba7_no_odor,6743.0,6743.0,1.0
2024.09.24_16-57-51_Yakuba7_no_odor,6745.0,6745.0,1.0
2024.09.24_16-57-51_Yakuba7_no_odor,6747.0,6747.0,1.0
2024.09.24_16-57-51_Yakuba7_no_odor,6749.0,6752.0,1.0
2024.09.24_16-57-51_Yakuba7_no_odor,6755.0,6789.0,1.0
2024.09.24_16-57-51_Yakuba7_no_odor,6792.0,6794.0,1.0
2024.09.24_16-57-51_Yakuba7_no_odor,6796.0,6797.0,1.0
2024.09.24_16-57-51_Yakuba7_no_odor,6799.0,6803.0,1.0
2024.09.24_16-57-51_Yakuba7_no_odor,6805.0,6808.0,1.0
2024.09.24_16-57-51_Yakuba7_no_odor,6810.0,6814.0,1.0
2024.09.24_16-57-51_Yakuba7_no_odor,6817.0,6821.0,1.0
2024.09.24_16-57-51_Yakuba7_no_odor,6823.0,6825.0,1.0
2024.09.24_16-57-51_Yakuba7_no_odor,6828.0,6829.0,1.0
2024.09.24_16-57-51_Yakuba7_no_odor,6831.0,6833.0,1.0
2024.09.24_16-57-51_Yakuba7_no_odor,6835.0,6836.0,1.0
2024.09.24_16-57-51_Yakuba7_no_odor,6838.0,6842.0,1.0
2024.09.24_16-57-51_Yakuba7_no_odor,6844.0,6848.0,1.0
2024.09.24_16-57-51_Yakuba7_no_odor,6850.0,6852.0,1.0
2024.09.24_16-57-51_Yakuba7_no_odor,6856.0,6858.0,1.0
2024.09.24_16-57-51_Yakuba7_no_odor,6860.0,6863.0,1.0
2024.09.24_16-57-51_Yakuba7_no_odor,6868.0,6868.0,1.0
2024.09.24_16-57-51_Yakuba7_no_odor,6870.0,6873.0,1.0
2024.09.24_16-57-51_Yakuba7_no_odor,6876.0,6876.0,1.0
2024.09.24_16-57-51_Yakuba7_no_odor,6879.0,6888.0,1.0
2024.09.24_16-57-51_Yakuba7_no_odor,6891.0,6891.0,1.0
2024.09.24_16-57-51_Yakuba7_no_odor,6893.0,6894.0,1.0
2024.09.24_16-57-51_Yakuba7_no_odor,6896.0,6896.0,1.0
2024.09.24_16-57-51_Yakuba7_no_odor,6900.0,6901.0,1.0
2024.09.24_16-57-51_Yakuba7_no_odor,6903.0,6903.0,1.0
2024.09.24_16-57-51_Yakuba7_no_odor,6905.0,6910.0,1.0
2024.09.24_16-57-51_Yakuba7_no_odor,6912.0,6913.0,1.0
2024.09.24_16-57-51_Yakuba7_no_odor,6915.0,6916.0,1.0
2024.09.24_16-57-51_Yakuba7_no_odor,6918.0,6924.0,1.0
2024.09.24_16-57-51_Yakuba7_no_odor,6926.0,6926.0,1.0
2024.09.24_16-57-51_Yakuba7_no_odor,6930.0,6930.0,1.0
2024.09.24_16-57-51_Yakuba7_no_odor,6932.0,6933.0,1.0
2024.09.24_16-57-51_Yakuba7_no_odor,6938.0,6938.0,1.0
2024.09.24_16-57-51_Yakuba7_no_odor,6941.0,6950.0,1.0
2024.09.24_16-57-51_Yakuba7_no_odor,6952.0,6956.0,1.0
2024.09.24_16-57-51_Yakuba7_no_odor,6959.0,6964.0,1.0
2024.09.24_16-57-51_Yakuba7_no_odor,6967.0,6967.0,1.0
2024.09.24_16-57-51_Yakuba7_no_odor,6969.0,6969.0,1.0
2024.09.24_16-57-51_Yakuba7_no_odor,6972.0,6975.0,1.0
2024.09.24_16-57-51_Yakuba7_no_odor,6977.0,6978.0,1.0
2024.09.24_16-57-51_Yakuba7_no_odor,6980.0,6980.0,1.0
2024.09.24_16-57-51_Yakuba7_no_odor,6982.0,6984.0,1.0
2024.09.24_16-57-51_Yakuba7_no_odor,6987.0,6990.0,1.0
2024.09.24_16-57-51_Yakuba7_no_odor,6992.0,6994.0,1.0
2024.09.24_16-57-51_Yakuba7_no_odor,6997.0,6999.0,1.0
2024.09.24_16-57-51_Yakuba7_no_odor,7001.0,7004.0,1.0
2024.09.24_16-57-51_Yakuba7_no_odor,7008.0,7020.0,1.0
2024.09.24_16-57-51_Yakuba7_no_odor,7022.0,7023.0,1.0
2024.09.24_16-57-51_Yakuba7_no_odor,7025.0,7025.0,1.0
2024.09.24_16-57-51_Yakuba7_no_odor,7027.0,7028.0,1.0
2024.09.24_16-57-51_Yakuba7_no_odor,7030.0,7031.0,1.0
2024.09.24_16-57-51_Yakuba7_no_odor,7033.0,7033.0,1.0
2024.09.24_16-57-51_Yakuba7_no_odor,7036.0,7037.0,1.0
2024.09.24_16-57-51_Yakuba7_no_odor,7039.0,7039.0,1.0
2024.09.24_16-57-51_Yakuba7_no_odor,7041.0,7046.0,1.0
2024.09.24_16-57-51_Yakuba7_no_odor,7048.0,7056.0,1.0
2024.09.24_16-57-51_Yakuba7_no_odor,7058.0,7059.0,1.0
2024.09.24_16-57-51_Yakuba7_no_odor,7061.0,7062.0,1.0
2024.09.24_16-57-51_Yakuba7_no_odor,7064.0,7069.0,1.0
2024.09.24_16-57-51_Yakuba7_no_odor,7071.0,7072.0,1.0
2024.09.24_16-57-51_Yakuba7_no_odor,7074.0,7078.0,1.0
2024.09.24_16-57-51_Yakuba7_no_odor,7080.0,7087.0,1.0
2024.09.24_16-57-51_Yakuba7_no_odor,7089.0,7090.0,1.0
2024.09.24_16-57-51_Yakuba7_no_odor,7092.0,7093.0,1.0
2024.09.24_16-57-51_Yakuba7_no_odor,7095.0,7098.0,1.0
2024.09.24_16-57-51_Yakuba7_no_odor,7100.0,7102.0,1.0
2024.09.24_16-57-51_Yakuba7_no_odor,7104.0,7106.0,1.0
2024.09.24_16-57-51_Yakuba7_no_odor,7108.0,7110.0,1.0
2024.09.24_16-57-51_Yakuba7_no_odor,7112.0,7112.0,1.0
2024.09.24_16-57-51_Yakuba7_no_odor,7115.0,7123.0,1.0
2024.09.24_16-57-51_Yakuba7_no_odor,7125.0,7128.0,1.0
2024.09.24_16-57-51_Yakuba7_no_odor,7130.0,7133.0,1.0
2024.09.24_16-57-51_Yakuba7_no_odor,7135.0,7138.0,1.0
2024.09.24_16-57-51_Yakuba7_no_odor,7140.0,7147.0,1.0
2024.09.24_16-57-51_Yakuba7_no_odor,7149.0,7149.0,1.0
2024.09.24_16-57-51_Yakuba7_no_odor,7151.0,7157.0,1.0
2024.09.24_16-57-51_Yakuba7_no_odor,7160.0,7162.0,1.0
2024.09.24_16-57-51_Yakuba7_no_odor,7165.0,7165.0,1.0
2024.09.24_16-57-51_Yakuba7_no_odor,7167.0,7172.0,1.0
2024.09.24_16-57-51_Yakuba7_no_odor,7174.0,7191.0,1.0
2024.09.24_16-57-51_Yakuba7_no_odor,7194.0,7206.0,1.0
2024.09.24_16-57-51_Yakuba7_no_odor,7208.0,7208.0,1.0
2024.09.24_16-57-51_Yakuba7_no_odor,7210.0,7211.0,1.0
2024.09.24_16-57-51_Yakuba7_no_odor,7215.0,7216.0,1.0
2024.09.24_16-57-51_Yakuba7_no_odor,7218.0,7219.0,1.0
2024.09.24_16-57-51_Yakuba7_no_odor,7221.0,7223.0,1.0
2024.09.24_16-57-51_Yakuba7_no_odor,7226.0,7229.0,1.0
2024.09.24_16-57-51_Yakuba7_no_odor,7231.0,7232.0,1.0
2024.09.24_16-57-51_Yakuba7_no_odor,7235.0,7239.0,1.0
2024.09.24_16-57-51_Yakuba7_no_odor,7241.0,7241.0,1.0
2024.09.24_16-57-51_Yakuba7_no_odor,7243.0,7245.0,1.0
2024.09.24_16-57-51_Yakuba7_no_odor,7247.0,7250.0,1.0
2024.09.24_16-57-51_Yakuba7_no_odor,7252.0,7253.0,1.0
2024.09.24_16-57-51_Yakuba7_no_odor,7255.0,7255.0,1.0
2024.09.24_16-57-51_Yakuba7_no_odor,7258.0,7258.0,1.0
2024.09.24_16-57-51_Yakuba7_no_odor,7260.0,7269.0,1.0
2024.09.24_16-57-51_Yakuba7_no_odor,7272.0,7276.0,1.0
2024.09.24_16-57-51_Yakuba7_no_odor,7279.0,7280.0,1.0
2024.09.24_16-57-51_Yakuba7_no_odor,7282.0,7284.0,1.0
2024.09.24_16-57-51_Yakuba7_no_odor,7286.0,7288.0,1.0
2024.09.24_16-57-51_Yakuba7_no_odor,7290.0,7290.0,1.0
2024.09.24_16-57-51_Yakuba7_no_odor,7292.0,7294.0,1.0
2024.09.24_16-57-51_Yakuba7_no_odor,7298.0,7302.0,1.0
2024.09.24_16-57-51_Yakuba7_no_odor,7304.0,7309.0,1.0
2024.09.24_16-57-51_Yakuba7_no_odor,7311.0,7321.0,1.0
2024.09.24_16-57-51_Yakuba7_no_odor,7323.0,7326.0,1.0
2024.09.24_16-57-51_Yakuba7_no_odor,7329.0,7330.0,1.0
2024.09.24_16-57-51_Yakuba7_no_odor,7332.0,7344.0,1.0
2024.09.24_16-57-51_Yakuba7_no_odor,7346.0,7346.0,1.0
2024.09.24_16-57-51_Yakuba7_no_odor,7349.0,7350.0,1.0
2024.09.24_16-57-51_Yakuba7_no_odor,7352.0,7354.0,1.0
2024.09.24_16-57-51_Yakuba7_no_odor,7356.0,7361.0,1.0
2024.09.24_16-57-51_Yakuba7_no_odor,7364.0,7368.0,1.0
2024.09.24_16-57-51_Yakuba7_no_odor,7370.0,7376.0,1.0
2024.09.24_16-57-51_Yakuba7_no_odor,7378.0,7379.0,1.0
2024.09.24_16-57-51_Yakuba7_no_odor,7381.0,7382.0,1.0
2024.09.24_16-57-51_Yakuba7_no_odor,7385.0,7392.0,1.0
2024.09.24_16-57-51_Yakuba7_no_odor,7394.0,7404.0,1.0
2024.09.24_16-57-51_Yakuba7_no_odor,7406.0,7407.0,1.0
2024.09.24_16-57-51_Yakuba7_no_odor,7409.0,7412.0,1.0
2024.09.24_16-57-51_Yakuba7_no_odor,7414.0,7418.0,1.0
2024.09.24_16-57-51_Yakuba7_no_odor,7420.0,7421.0,1.0
2024.09.24_16-57-51_Yakuba7_no_odor,7423.0,7427.0,1.0
2024.09.24_16-57-51_Yakuba7_no_odor,7432.0,7437.0,1.0
2024.09.24_16-57-51_Yakuba7_no_odor,7439.0,7442.0,1.0
2024.09.24_16-57-51_Yakuba7_no_odor,7444.0,7461.0,1.0
2024.09.24_16-57-51_Yakuba7_no_odor,7463.0,7466.0,1.0
2024.09.24_16-57-51_Yakuba7_no_odor,7468.0,7475.0,1.0
2024.09.24_16-57-51_Yakuba7_no_odor,7478.0,7483.0,1.0
2024.09.24_16-57-51_Yakuba7_no_odor,7486.0,7490.0,1.0
2024.09.24_16-57-51_Yakuba7_no_odor,7495.0,7495.0,1.0
2024.09.24_16-57-51_Yakuba7_no_odor,7498.0,7498.0,1.0
2024.09.24_16-57-51_Yakuba7_no_odor,7500.0,7503.0,1.0
2024.09.24_16-57-51_Yakuba7_no_odor,7505.0,7505.0,1.0
2024.09.24_16-57-51_Yakuba7_no_odor,7508.0,7508.0,1.0
2024.09.24_16-57-51_Yakuba7_no_odor,7512.0,7512.0,1.0
2024.09.24_16-57-51_Yakuba7_no_odor,7515.0,7515.0,1.0
2024.09.24_16-57-51_Yakuba7_no_odor,7519.0,7519.0,1.0
2024.09.24_16-57-51_Yakuba7_no_odor,7525.0,7525.0,1.0
2024.09.24_16-57-51_Yakuba7_no_odor,7527.0,7527.0,1.0
2024.09.24_16-57-51_Yakuba7_no_odor,7529.0,7533.0,1.0
2024.09.24_16-57-51_Yakuba7_no_odor,7535.0,7536.0,1.0
2024.09.24_16-57-51_Yakuba7_no_odor,7538.0,7539.0,1.0
2024.09.24_16-57-51_Yakuba7_no_odor,7541.0,7541.0,1.0
2024.09.24_16-57-51_Yakuba7_no_odor,7543.0,7544.0,1.0
2024.09.24_16-57-51_Yakuba7_no_odor,7546.0,7547.0,1.0
2024.09.24_16-57-51_Yakuba7_no_odor,7549.0,7552.0,1.0
2024.09.24_16-57-51_Yakuba7_no_odor,7554.0,7558.0,1.0
2024.09.24_16-57-51_Yakuba7_no_odor,7560.0,7562.0,1.0
2024.09.24_16-57-51_Yakuba7_no_odor,7564.0,7565.0,1.0
2024.09.24_16-57-51_Yakuba7_no_odor,7567.0,7567.0,1.0
2024.09.24_16-57-51_Yakuba7_no_odor,7570.0,7570.0,1.0
2024.09.24_16-57-51_Yakuba7_no_odor,7573.0,7575.0,1.0
2024.09.24_16-57-51_Yakuba7_no_odor,7577.0,7580.0,1.0
2024.09.24_16-57-51_Yakuba7_no_odor,7582.0,7592.0,1.0
2024.09.24_16-57-51_Yakuba7_no_odor,7594.0,7614.0,1.0
2024.09.24_16-57-51_Yakuba7_no_odor,7616.0,7624.0,1.0
2024.09.24_16-57-51_Yakuba7_no_odor,7627.0,7629.0,1.0
2024.09.24_16-57-51_Yakuba7_no_odor,7631.0,7638.0,1.0
2024.09.24_16-57-51_Yakuba7_no_odor,7640.0,7640.0,1.0
2024.09.24_16-57-51_Yakuba7_no_odor,7642.0,7645.0,1.0
2024.09.24_16-57-51_Yakuba7_no_odor,7648.0,7648.0,1.0
2024.09.24_16-57-51_Yakuba7_no_odor,7650.0,7650.0,1.0
2024.09.24_16-57-51_Yakuba7_no_odor,7655.0,7656.0,1.0
2024.09.24_16-57-51_Yakuba7_no_odor,7658.0,7659.0,1.0
2024.09.24_16-57-51_Yakuba7_no_odor,7663.0,7664.0,1.0
2024.09.24_16-57-51_Yakuba7_no_odor,7666.0,7667.0,1.0
2024.09.24_16-57-51_Yakuba7_no_odor,7669.0,7669.0,1.0
2024.09.24_16-57-51_Yakuba7_no_odor,7672.0,7678.0,1.0
2024.09.24_16-57-51_Yakuba7_no_odor,7680.0,7684.0,1.0
2024.09.24_16-57-51_Yakuba7_no_odor,7686.0,7690.0,1.0
2024.09.24_16-57-51_Yakuba7_no_odor,7692.0,7693.0,1.0
2024.09.24_16-57-51_Yakuba7_no_odor,7695.0,7696.0,1.0
2024.09.24_16-57-51_Yakuba7_no_odor,7698.0,7701.0,1.0
2024.09.24_16-57-51_Yakuba7_no_odor,7703.0,7703.0,1.0
2024.09.24_16-57-51_Yakuba7_no_odor,7705.0,7709.0,1.0
2024.09.24_16-57-51_Yakuba7_no_odor,7711.0,7713.0,1.0
2024.09.24_16-57-51_Yakuba7_no_odor,7715.0,7718.0,1.0
2024.09.24_16-57-51_Yakuba7_no_odor,7721.0,7721.0,1.0
2024.09.24_16-57-51_Yakuba7_no_odor,7724.0,7734.0,1.0
2024.09.24_16-57-51_Yakuba7_no_odor,7736.0,7740.0,1.0
2024.09.24_16-57-51_Yakuba7_no_odor,7742.0,7742.0,1.0
2024.09.24_16-57-51_Yakuba7_no_odor,7744.0,7758.0,1.0
2024.09.24_16-57-51_Yakuba7_no_odor,7760.0,7767.0,1.0
2024.09.24_16-57-51_Yakuba7_no_odor,7769.0,7772.0,1.0
2024.09.24_16-57-51_Yakuba7_no_odor,7775.0,7819.0,1.0
2024.09.24_16-57-51_Yakuba7_no_odor,7821.0,7837.0,1.0
2024.09.24_16-57-51_Yakuba7_no_odor,7839.0,7839.0,1.0
2024.09.24_16-57-51_Yakuba7_no_odor,7841.0,7845.0,1.0
2024.09.24_16-57-51_Yakuba7_no_odor,7847.0,7861.0,1.0
2024.09.24_16-57-51_Yakuba7_no_odor,7863.0,7865.0,1.0
2024.09.24_16-57-51_Yakuba7_no_odor,7867.0,7908.0,1.0
2024.09.24_16-57-51_Yakuba7_no_odor,7910.0,7910.0,1.0
2024.09.24_16-57-51_Yakuba7_no_odor,7914.0,7916.0,1.0
2024.09.24_16-57-51_Yakuba7_no_odor,7918.0,7919.0,1.0
2024.09.24_16-57-51_Yakuba7_no_odor,7922.0,7922.0,1.0
2024.09.24_16-57-51_Yakuba7_no_odor,7925.0,7926.0,1.0
2024.09.24_16-57-51_Yakuba7_no_odor,7929.0,7932.0,1.0
2024.09.24_16-57-51_Yakuba7_no_odor,7935.0,7945.0,1.0
2024.09.24_16-57-51_Yakuba7_no_odor,7947.0,8078.0,1.0
2024.09.24_16-57-51_Yakuba7_no_odor,8080.0,8102.0,1.0
2024.09.24_16-57-51_Yakuba7_no_odor,8104.0,8106.0,1.0
2024.09.24_16-57-51_Yakuba7_no_odor,8108.0,8108.0,1.0
2024.09.24_16-57-51_Yakuba7_no_odor,8111.0,8118.0,1.0
2024.09.24_16-57-51_Yakuba7_no_odor,8120.0,8121.0,1.0
2024.09.24_16-57-51_Yakuba7_no_odor,8123.0,8136.0,1.0
2024.09.24_16-57-51_Yakuba7_no_odor,8139.0,8185.0,1.0
2024.09.24_16-57-51_Yakuba7_no_odor,8187.0,8217.0,1.0
2024.09.24_16-57-51_Yakuba7_no_odor,8219.0,8234.0,1.0
2024.09.24_16-57-51_Yakuba7_no_odor,8236.0,8333.0,1.0
2024.09.24_16-57-51_Yakuba7_no_odor,8335.0,8357.0,1.0
2024.09.24_16-57-51_Yakuba7_no_odor,8359.0,8379.0,1.0
2024.09.24_16-57-51_Yakuba7_no_odor,8381.0,8395.0,1.0
2024.09.24_16-57-51_Yakuba7_no_odor,8397.0,8417.0,1.0
2024.09.24_16-57-51_Yakuba7_no_odor,8419.0,8447.0,1.0
2024.09.24_16-57-51_Yakuba7_no_odor,8449.0,8458.0,1.0
2024.09.24_16-57-51_Yakuba7_no_odor,8460.0,8478.0,1.0
2024.09.24_16-57-51_Yakuba7_no_odor,8480.0,8482.0,1.0
2024.09.24_16-57-51_Yakuba7_no_odor,8484.0,8784.0,1.0
2024.09.24_16-57-51_Yakuba7_no_odor,8786.0,8810.0,1.0
2024.10.23_07-57-44_Biarmipes84_prenac,3.0,2387.0,1.0
2024.10.23_07-57-44_Biarmipes84_prenac,2389.0,2390.0,1.0
2024.10.23_07-57-44_Biarmipes84_prenac,2394.0,2410.0,1.0
2024.10.23_07-57-44_Biarmipes84_prenac,2413.0,2422.0,1.0
2024.10.23_07-57-44_Biarmipes84_prenac,2424.0,2434.0,1.0
2024.10.23_07-57-44_Biarmipes84_prenac,2437.0,2437.0,1.0
2024.10.23_07-57-44_Biarmipes84_prenac,2439.0,2442.0,1.0
2024.10.23_07-57-44_Biarmipes84_prenac,2444.0,2467.0,1.0
2024.10.23_07-57-44_Biarmipes84_prenac,2469.0,2510.0,1.0
2024.10.23_07-57-44_Biarmipes84_prenac,2512.0,2547.0,1.0
2024.10.23_07-57-44_Biarmipes84_prenac,2549.0,2554.0,1.0
2024.10.23_07-57-44_Biarmipes84_prenac,2556.0,2572.0,1.0
2024.10.23_07-57-44_Biarmipes84_prenac,2574.0,2575.0,1.0
2024.10.23_07-57-44_Biarmipes84_prenac,2578.0,2581.0,1.0
2024.10.23_07-57-44_Biarmipes84_prenac,2583.0,2587.0,1.0
2024.10.23_07-57-44_Biarmipes84_prenac,2591.0,2592.0,1.0
2024.10.23_07-57-44_Biarmipes84_prenac,2594.0,2608.0,1.0
2024.10.23_07-57-44_Biarmipes84_prenac,2610.0,2621.0,1.0
2024.10.23_07-57-44_Biarmipes84_prenac,2623.0,2623.0,1.0
2024.10.23_07-57-44_Biarmipes84_prenac,2625.0,2631.0,1.0
2024.10.23_07-57-44_Biarmipes84_prenac,2633.0,2637.0,1.0
2024.10.23_07-57-44_Biarmipes84_prenac,2639.0,2646.0,1.0
2024.10.23_07-57-44_Biarmipes84_prenac,2648.0,2648.0,1.0
2024.10.23_07-57-44_Biarmipes84_prenac,2653.0,2653.0,1.0
2024.10.23_07-57-44_Biarmipes84_prenac,2655.0,2655.0,1.0
2024.10.23_07-57-44_Biarmipes84_prenac,2657.0,2667.0,1.0
2024.10.23_07-57-44_Biarmipes84_prenac,2671.0,2672.0,1.0
2024.10.23_07-57-44_Biarmipes84_prenac,2674.0,2674.0,1.0
2024.10.23_07-57-44_Biarmipes84_prenac,2676.0,2686.0,1.0
2024.10.23_07-57-44_Biarmipes84_prenac,2688.0,2694.0,1.0
2024.10.23_07-57-44_Biarmipes84_prenac,2696.0,2696.0,1.0
2024.10.23_07-57-44_Biarmipes84_prenac,2699.0,2700.0,1.0
2024.10.23_07-57-44_Biarmipes84_prenac,2702.0,2703.0,1.0
2024.10.23_07-57-44_Biarmipes84_prenac,2706.0,2707.0,1.0
2024.10.23_07-57-44_Biarmipes84_prenac,2709.0,2714.0,1.0
2024.10.23_07-57-44_Biarmipes84_prenac,2716.0,2719.0,1.0
2024.10.23_07-57-44_Biarmipes84_prenac,2721.0,2730.0,1.0
2024.10.23_07-57-44_Biarmipes84_prenac,2733.0,2733.0,1.0
2024.10.23_07-57-44_Biarmipes84_prenac,2735.0,2738.0,1.0
2024.10.23_07-57-44_Biarmipes84_prenac,2740.0,2740.0,1.0
2024.10.23_07-57-44_Biarmipes84_prenac,2742.0,2743.0,1.0
2024.10.23_07-57-44_Biarmipes84_prenac,2745.0,2747.0,1.0
2024.10.23_07-57-44_Biarmipes84_prenac,2750.0,2753.0,1.0
2024.10.23_07-57-44_Biarmipes84_prenac,2756.0,2758.0,1.0
2024.10.23_07-57-44_Biarmipes84_prenac,2762.0,2762.0,1.0
2024.10.23_07-57-44_Biarmipes84_prenac,2764.0,2764.0,1.0
2024.10.23_07-57-44_Biarmipes84_prenac,2767.0,2767.0,1.0
2024.10.23_07-57-44_Biarmipes84_prenac,2769.0,2772.0,1.0
2024.10.23_07-57-44_Biarmipes84_prenac,2774.0,2775.0,1.0
2024.10.23_07-57-44_Biarmipes84_prenac,2777.0,2777.0,1.0
2024.10.23_07-57-44_Biarmipes84_prenac,2782.0,2782.0,1.0
2024.10.23_07-57-44_Biarmipes84_prenac,2785.0,2785.0,1.0
2024.10.23_07-57-44_Biarmipes84_prenac,2792.0,2792.0,1.0
2024.10.23_07-57-44_Biarmipes84_prenac,2795.0,2795.0,1.0
2024.10.23_07-57-44_Biarmipes84_prenac,2797.0,2800.0,1.0
2024.10.23_07-57-44_Biarmipes84_prenac,2802.0,2803.0,1.0
2024.10.23_07-57-44_Biarmipes84_prenac,2805.0,2806.0,1.0
2024.10.23_07-57-44_Biarmipes84_prenac,2810.0,2817.0,1.0
2024.10.23_07-57-44_Biarmipes84_prenac,2820.0,2820.0,1.0
2024.10.23_07-57-44_Biarmipes84_prenac,2822.0,2824.0,1.0
2024.10.23_07-57-44_Biarmipes84_prenac,2826.0,2826.0,1.0
2024.10.23_07-57-44_Biarmipes84_prenac,2829.0,2830.0,1.0
2024.10.23_07-57-44_Biarmipes84_prenac,2832.0,2833.0,1.0
2024.10.23_07-57-44_Biarmipes84_prenac,2835.0,2835.0,1.0
2024.10.23_07-57-44_Biarmipes84_prenac,2837.0,2838.0,1.0
2024.10.23_07-57-44_Biarmipes84_prenac,2840.0,2841.0,1.0
2024.10.23_07-57-44_Biarmipes84_prenac,2843.0,2844.0,1.0
2024.10.23_07-57-44_Biarmipes84_prenac,2846.0,2847.0,1.0
2024.10.23_07-57-44_Biarmipes84_prenac,2849.0,2850.0,1.0
2024.10.23_07-57-44_Biarmipes84_prenac,2852.0,2861.0,1.0
2024.10.23_07-57-44_Biarmipes84_prenac,2863.0,3089.0,1.0
2024.10.23_07-57-44_Biarmipes84_prenac,3091.0,3091.0,1.0
2024.10.23_07-57-44_Biarmipes84_prenac,3093.0,3093.0,1.0
2024.10.23_07-57-44_Biarmipes84_prenac,3095.0,3095.0,1.0
2024.10.23_07-57-44_Biarmipes84_prenac,3102.0,3113.0,1.0
2024.10.23_07-57-44_Biarmipes84_prenac,3115.0,3117.0,1.0
2024.10.23_07-57-44_Biarmipes84_prenac,3120.0,3120.0,1.0
2024.10.23_07-57-44_Biarmipes84_prenac,3123.0,3135.0,1.0
2024.10.23_07-57-44_Biarmipes84_prenac,3137.0,3137.0,1.0
2024.10.23_07-57-44_Biarmipes84_prenac,3140.0,3829.0,1.0
2024.10.23_07-57-44_Biarmipes84_prenac,3831.0,5625.0,1.0
2024.10.23_07-57-44_Biarmipes84_prenac,5627.0,5704.0,1.0
2024.10.23_07-57-44_Biarmipes84_prenac,5706.0,5753.0,1.0
2024.10.23_07-57-44_Biarmipes84_prenac,5760.0,5951.0,1.0
2024.10.23_07-57-44_Biarmipes84_prenac,5953.0,6001.0,1.0
2024.10.23_07-57-44_Biarmipes84_prenac,6003.0,6003.0,1.0
2024.10.23_07-57-44_Biarmipes84_prenac,6008.0,6114.0,1.0
2024.10.23_07-57-44_Biarmipes84_prenac,6116.0,6373.0,1.0
2024.10.23_07-57-44_Biarmipes84_prenac,6375.0,6375.0,1.0
2024.10.23_07-57-44_Biarmipes84_prenac,6378.0,6395.0,1.0
2024.10.23_07-57-44_Biarmipes84_prenac,6398.0,6399.0,1.0
2024.10.23_07-57-44_Biarmipes84_prenac,6401.0,6452.0,1.0
2024.10.23_07-57-44_Biarmipes84_prenac,6454.0,6469.0,1.0
2024.10.23_07-57-44_Biarmipes84_prenac,6526.0,6548.0,1.0
2024.10.23_07-57-44_Biarmipes84_prenac,6551.0,6551.0,1.0
2024.11.14_22-01-19_Stocago_e2hex,3182.0,3227.0,1.0
2024.11.14_22-01-19_Stocago_e2hex,3229.0,3234.0,1.0
2024.11.14_22-01-19_Stocago_e2hex,3236.0,3238.0,1.0
2024.11.14_22-01-19_Stocago_e2hex,3240.0,4590.0,1.0
2024.11.14_22-01-19_Stocago_e2hex,4607.0,4840.0,1.0
2024.11.14_22-01-19_Stocago_e2hex,4842.0,5138.0,1.0
2024.11.14_22-01-19_Stocago_e2hex,5140.0,5156.0,1.0
2024.11.14_22-01-19_Stocago_e2hex,5158.0,5344.0,1.0
2024.11.14_22-01-19_Stocago_e2hex,5346.0,8582.0,1.0
2024.11.14_22-01-19_Stocago_e2hex,8584.0,8999.0,1.0
2024.11.13_22-49-17_Sussex_e2hex,2569.0,2588.0,1.0
2024.11.13_22-49-17_Sussex_e2hex,2632.0,3259.0,1.0
2024.11.13_22-49-17_Sussex_e2hex,3877.0,4200.0,1.0
2024.11.13_22-49-17_Sussex_e2hex,4203.0,4211.0,1.0
2024.11.13_22-49-17_Sussex_e2hex,4213.0,4230.0,1.0
2024.11.13_22-49-17_Sussex_e2hex,4233.0,4237.0,1.0
2024.11.13_22-49-17_Sussex_e2hex,4239.0,4270.0,1.0
2024.11.13_22-49-17_Sussex_e2hex,4276.0,4276.0,1.0
2024.09.30_13-19-46_Yakuba_cameroon_no_odor,1635.0,1636.0,1.0
2024.09.30_13-19-46_Yakuba_cameroon_no_odor,1638.0,1762.0,1.0
2024.09.30_13-19-46_Yakuba_cameroon_no_odor,1764.0,1804.0,1.0
2024.09.30_13-19-46_Yakuba_cameroon_no_odor,1806.0,1811.0,1.0
2024.09.30_13-19-46_Yakuba_cameroon_no_odor,1814.0,1817.0,1.0
2024.09.30_13-19-46_Yakuba_cameroon_no_odor,1819.0,1820.0,1.0
2024.09.30_13-19-46_Yakuba_cameroon_no_odor,1823.0,1833.0,1.0
2024.09.30_13-19-46_Yakuba_cameroon_no_odor,1835.0,1843.0,1.0
2024.09.30_13-19-46_Yakuba_cameroon_no_odor,1845.0,1856.0,1.0
2024.09.30_13-19-46_Yakuba_cameroon_no_odor,1858.0,8999.0,1.0
2025.04.08_10-08-19_CantonS_metbut,3.0,780.0,1.0
2025.04.08_10-08-19_CantonS_metbut,782.0,1209.0,1.0
2025.04.08_10-08-19_CantonS_metbut,1218.0,1239.0,1.0
2025.04.08_10-08-19_CantonS_metbut,1245.0,1246.0,1.0
2024.10.24_10-02-06_Biarmipes_G224_metben,4609.0,4609.0,1.0
2024.10.24_10-02-06_Biarmipes_G224_metben,4612.0,4612.0,1.0
2024.10.24_10-02-06_Biarmipes_G224_metben,4614.0,4615.0,1.0
2024.10.24_10-02-06_Biarmipes_G224_metben,4617.0,4617.0,1.0
2024.10.24_10-02-06_Biarmipes_G224_metben,4619.0,4621.0,1.0
2024.10.24_10-02-06_Biarmipes_G224_metben,4645.0,5013.0,1.0
2024.10.24_10-02-06_Biarmipes_G224_metben,5015.0,5086.0,1.0
2024.10.24_10-02-06_Biarmipes_G224_metben,5088.0,5090.0,1.0
2024.10.24_10-02-06_Biarmipes_G224_metben,5092.0,5094.0,1.0
2024.10.24_10-02-06_Biarmipes_G224_metben,5096.0,5097.0,1.0
2024.10.24_10-02-06_Biarmipes_G224_metben,5100.0,5100.0,1.0
2024.10.24_10-02-06_Biarmipes_G224_metben,5119.0,5124.0,1.0
2024.10.24_10-02-06_Biarmipes_G224_metben,5126.0,5640.0,1.0
2024.10.24_10-02-06_Biarmipes_G224_metben,5655.0,5665.0,1.0
2024.10.24_10-02-06_Biarmipes_G224_metben,5667.0,5716.0,1.0
2024.10.24_10-02-06_Biarmipes_G224_metben,5719.0,5810.0,1.0
2024.10.24_10-02-06_Biarmipes_G224_metben,5812.0,5938.0,1.0
2024.10.24_10-02-06_Biarmipes_G224_metben,5940.0,5941.0,1.0
2024.10.24_10-02-06_Biarmipes_G224_metben,5981.0,8282.0,1.0
2024.10.24_10-02-06_Biarmipes_G224_metben,8284.0,8285.0,1.0
2024.10.24_10-02-06_Biarmipes_G224_metben,8287.0,8288.0,1.0
2024.10.24_10-02-06_Biarmipes_G224_metben,8291.0,8372.0,1.0
2024.10.24_10-02-06_Biarmipes_G224_metben,8374.0,8403.0,1.0
2024.10.24_10-02-06_Biarmipes_G224_metben,8405.0,8520.0,1.0
2024.10.24_10-02-06_Biarmipes_G224_metben,8601.0,8601.0,1.0
2024.10.24_10-02-06_Biarmipes_G224_metben,8604.0,8681.0,1.0
2024.10.24_10-02-06_Biarmipes_G224_metben,8683.0,8683.0,1.0
2024.10.24_10-02-06_Biarmipes_G224_metben,8694.0,8998.0,1.0
2024.10.02_10-32-31_Biarmipes_G224_no_odor,834.0,834.0,1.0
2024.10.02_10-32-31_Biarmipes_G224_no_odor,843.0,843.0,1.0
2024.10.02_10-32-31_Biarmipes_G224_no_odor,845.0,847.0,1.0
2024.10.02_10-32-31_Biarmipes_G224_no_odor,849.0,1016.0,1.0
2024.10.02_10-32-31_Biarmipes_G224_no_odor,1033.0,1177.0,1.0
2024.10.02_10-32-31_Biarmipes_G224_no_odor,1180.0,1180.0,1.0
2024.10.02_10-32-31_Biarmipes_G224_no_odor,1200.0,1214.0,1.0
2024.10.02_10-32-31_Biarmipes_G224_no_odor,1216.0,1216.0,1.0
2024.10.02_10-32-31_Biarmipes_G224_no_odor,1218.0,1363.0,1.0
2024.10.02_10-32-31_Biarmipes_G224_no_odor,1367.0,1368.0,1.0
2024.10.02_10-32-31_Biarmipes_G224_no_odor,2892.0,5119.0,1.0
2024.10.02_10-32-31_Biarmipes_G224_no_odor,5121.0,5122.0,1.0
2024.10.02_10-32-31_Biarmipes_G224_no_odor,5124.0,5124.0,1.0
2024.10.02_10-32-31_Biarmipes_G224_no_odor,5128.0,5128.0,1.0
2024.10.02_10-32-31_Biarmipes_G224_no_odor,5130.0,5130.0,1.0
2024.10.02_10-32-31_Biarmipes_G224_no_odor,5133.0,5133.0,1.0
2024.10.02_10-32-31_Biarmipes_G224_no_odor,5138.0,5138.0,1.0
2024.10.02_10-32-31_Biarmipes_G224_no_odor,5148.0,5149.0,1.0
2024.10.02_10-32-31_Biarmipes_G224_no_odor,5151.0,5151.0,1.0
2024.10.02_10-32-31_Biarmipes_G224_no_odor,5153.0,5161.0,1.0
2024.10.02_10-32-31_Biarmipes_G224_no_odor,5164.0,5328.0,1.0
2024.10.02_10-32-31_Biarmipes_G224_no_odor,5330.0,5332.0,1.0
2024.10.02_10-32-31_Biarmipes_G224_no_odor,5334.0,5340.0,1.0
2024.10.02_10-32-31_Biarmipes_G224_no_odor,5342.0,5347.0,1.0
2024.10.02_10-32-31_Biarmipes_G224_no_odor,5349.0,5547.0,1.0
2024.10.02_10-32-31_Biarmipes_G224_no_odor,5559.0,6761.0,1.0
2024.10.02_10-32-31_Biarmipes_G224_no_odor,6763.0,8695.0,1.0
2024.10.02_10-32-31_Biarmipes_G224_no_odor,8697.0,8697.0,1.0
2024.10.02_10-32-31_Biarmipes_G224_no_odor,8701.0,8701.0,1.0
2024.10.02_10-32-31_Biarmipes_G224_no_odor,8703.0,8706.0,1.0
2024.10.02_10-32-31_Biarmipes_G224_no_odor,8708.0,8708.0,1.0
2024.10.02_10-32-31_Biarmipes_G224_no_odor,8710.0,8710.0,1.0
2024.10.02_10-32-31_Biarmipes_G224_no_odor,8719.0,8722.0,1.0
2024.10.02_10-32-31_Biarmipes_G224_no_odor,8725.0,8725.0,1.0
2024.10.02_10-32-31_Biarmipes_G224_no_odor,8730.0,8730.0,1.0
2024.10.02_10-32-31_Biarmipes_G224_no_odor,8734.0,8735.0,1.0
2024.10.02_10-32-31_Biarmipes_G224_no_odor,8740.0,8741.0,1.0
2024.10.02_10-32-31_Biarmipes_G224_no_odor,8746.0,8746.0,1.0
2024.10.02_10-32-31_Biarmipes_G224_no_odor,8750.0,8790.0,1.0
2024.10.02_10-32-31_Biarmipes_G224_no_odor,8794.0,8797.0,1.0
2024.10.02_10-32-31_Biarmipes_G224_no_odor,8800.0,8801.0,1.0
2024.10.02_10-32-31_Biarmipes_G224_no_odor,8805.0,8805.0,1.0
2024.10.02_10-32-31_Biarmipes_G224_no_odor,8808.0,8808.0,1.0
2024.10.02_10-32-31_Biarmipes_G224_no_odor,8811.0,8815.0,1.0
2024.10.02_10-32-31_Biarmipes_G224_no_odor,8818.0,8818.0,1.0
2024.10.02_10-32-31_Biarmipes_G224_no_odor,8821.0,8822.0,1.0
2024.10.02_10-32-31_Biarmipes_G224_no_odor,8824.0,8826.0,1.0
2024.10.02_10-32-31_Biarmipes_G224_no_odor,8828.0,8829.0,1.0
2024.10.02_10-32-31_Biarmipes_G224_no_odor,8831.0,8831.0,1.0
2024.10.02_10-32-31_Biarmipes_G224_no_odor,8834.0,8835.0,1.0
2024.10.02_10-32-31_Biarmipes_G224_no_odor,8840.0,8842.0,1.0
2024.10.02_10-32-31_Biarmipes_G224_no_odor,8882.0,8882.0,1.0
2024.10.02_10-32-31_Biarmipes_G224_no_odor,8887.0,8887.0,1.0
2024.10.02_10-32-31_Biarmipes_G224_no_odor,8889.0,8889.0,1.0
2024.10.02_10-32-31_Biarmipes_G224_no_odor,8900.0,8900.0,1.0
2024.10.02_10-32-31_Biarmipes_G224_no_odor,8908.0,8908.0,1.0
2024.10.28_07-03-50_stocago_metben,3.0,2269.0,1.0
2024.10.23_11-08-40_Stocago_prenac,4718.0,8013.0,1.0
2024.10.23_11-08-40_Stocago_prenac,8015.0,8082.0,1.0
2024.10.23_11-08-40_Stocago_prenac,8084.0,8244.0,1.0
2024.10.23_11-08-40_Stocago_prenac,8246.0,8248.0,1.0
2024.10.23_11-08-40_Stocago_prenac,8253.0,8253.0,1.0
2024.10.23_11-08-40_Stocago_prenac,8256.0,8259.0,1.0
2024.10.23_11-08-40_Stocago_prenac,8261.0,8264.0,1.0
2024.10.23_11-08-40_Stocago_prenac,8269.0,8269.0,1.0
2024.10.23_11-08-40_Stocago_prenac,8271.0,8278.0,1.0
2024.10.23_11-08-40_Stocago_prenac,8282.0,8282.0,1.0
2024.10.23_11-08-40_Stocago_prenac,8285.0,8308.0,1.0
2024.10.23_11-08-40_Stocago_prenac,8310.0,8310.0,1.0
2024.10.23_11-08-40_Stocago_prenac,8312.0,8314.0,1.0
2024.10.23_11-08-40_Stocago_prenac,8316.0,8317.0,1.0
2024.10.23_11-08-40_Stocago_prenac,8319.0,8323.0,1.0
2024.10.23_11-08-40_Stocago_prenac,8325.0,8325.0,1.0
2024.10.23_11-08-40_Stocago_prenac,8327.0,8327.0,1.0
2024.10.23_11-08-40_Stocago_prenac,8329.0,8339.0,1.0
2024.10.23_11-08-40_Stocago_prenac,8341.0,8362.0,1.0
2024.10.23_11-08-40_Stocago_prenac,8364.0,8367.0,1.0
2024.10.23_11-08-40_Stocago_prenac,8369.0,8370.0,1.0
2024.10.23_11-08-40_Stocago_prenac,8372.0,8382.0,1.0
2024.10.23_11-08-40_Stocago_prenac,8387.0,8390.0,1.0
2024.10.23_11-08-40_Stocago_prenac,8392.0,8393.0,1.0
2024.10.23_11-08-40_Stocago_prenac,8395.0,8398.0,1.0
2024.10.23_11-08-40_Stocago_prenac,8400.0,8403.0,1.0
2024.10.23_11-08-40_Stocago_prenac,8406.0,8415.0,1.0
2024.10.23_11-08-40_Stocago_prenac,8417.0,8417.0,1.0
2024.10.23_11-08-40_Stocago_prenac,8421.0,8422.0,1.0
2024.10.23_11-08-40_Stocago_prenac,8425.0,8425.0,1.0
2024.10.23_11-08-40_Stocago_prenac,8427.0,8430.0,1.0
2024.10.23_11-08-40_Stocago_prenac,8433.0,8439.0,1.0
2024.10.23_11-08-40_Stocago_prenac,8442.0,8442.0,1.0
2024.10.23_11-08-40_Stocago_prenac,8445.0,8446.0,1.0
2024.10.23_11-08-40_Stocago_prenac,8448.0,8452.0,1.0
2024.10.23_11-08-40_Stocago_prenac,8456.0,8458.0,1.0
2024.10.23_11-08-40_Stocago_prenac,8460.0,8460.0,1.0
2024.10.23_11-08-40_Stocago_prenac,8462.0,8462.0,1.0
2024.10.23_11-08-40_Stocago_prenac,8470.0,8471.0,1.0
2024.10.23_11-08-40_Stocago_prenac,8473.0,8475.0,1.0
2024.10.23_11-08-40_Stocago_prenac,8479.0,8479.0,1.0
2024.10.23_11-08-40_Stocago_prenac,8482.0,8482.0,1.0
2024.10.23_11-08-40_Stocago_prenac,8485.0,8490.0,1.0
2024.10.23_11-08-40_Stocago_prenac,8492.0,8495.0,1.0
2024.10.23_11-08-40_Stocago_prenac,8500.0,8504.0,1.0
2024.10.23_11-08-40_Stocago_prenac,8506.0,8507.0,1.0
2024.10.23_11-08-40_Stocago_prenac,8511.0,8511.0,1.0
2024.10.23_11-08-40_Stocago_prenac,8518.0,8520.0,1.0
2024.10.23_11-08-40_Stocago_prenac,8523.0,8523.0,1.0
2024.10.23_11-08-40_Stocago_prenac,8526.0,8529.0,1.0
2024.10.23_11-08-40_Stocago_prenac,8531.0,8531.0,1.0
2024.10.23_11-08-40_Stocago_prenac,8540.0,8546.0,1.0
2024.10.23_11-08-40_Stocago_prenac,8548.0,8558.0,1.0
2024.10.23_11-08-40_Stocago_prenac,8560.0,8561.0,1.0
2024.10.23_11-08-40_Stocago_prenac,8566.0,8566.0,1.0
2024.10.23_11-08-40_Stocago_prenac,8568.0,8573.0,1.0
2024.10.23_11-08-40_Stocago_prenac,8575.0,8576.0,1.0
2024.10.23_11-08-40_Stocago_prenac,8578.0,8589.0,1.0
2024.10.23_11-08-40_Stocago_prenac,8593.0,8593.0,1.0
2024.10.23_11-08-40_Stocago_prenac,8595.0,8596.0,1.0
2024.10.23_11-08-40_Stocago_prenac,8599.0,8600.0,1.0
2024.10.23_11-08-40_Stocago_prenac,8602.0,8602.0,1.0
2024.10.23_11-08-40_Stocago_prenac,8608.0,8615.0,1.0
2024.10.23_11-08-40_Stocago_prenac,8618.0,8621.0,1.0
2024.10.23_11-08-40_Stocago_prenac,8624.0,8626.0,1.0
2024.10.23_11-08-40_Stocago_prenac,8628.0,8630.0,1.0
2024.10.23_11-08-40_Stocago_prenac,8633.0,8633.0,1.0
2024.10.23_11-08-40_Stocago_prenac,8638.0,8638.0,1.0
2024.10.23_11-08-40_Stocago_prenac,8641.0,8641.0,1.0
2024.10.23_11-08-40_Stocago_prenac,8649.0,8649.0,1.0
2024.10.23_11-08-40_Stocago_prenac,8651.0,8651.0,1.0
2024.10.23_11-08-40_Stocago_prenac,8659.0,8659.0,1.0
2024.10.23_11-08-40_Stocago_prenac,8668.0,8668.0,1.0
2024.10.23_11-08-40_Stocago_prenac,8671.0,8671.0,1.0
2024.10.23_11-08-40_Stocago_prenac,8681.0,8681.0,1.0
2024.10.23_11-08-40_Stocago_prenac,8683.0,8683.0,1.0
2024.10.23_11-08-40_Stocago_prenac,8685.0,8685.0,1.0
2024.10.23_11-08-40_Stocago_prenac,8704.0,8705.0,1.0
2024.10.23_11-08-40_Stocago_prenac,8708.0,8708.0,1.0
2024.10.23_11-08-40_Stocago_prenac,8711.0,8712.0,1.0
2024.10.23_11-08-40_Stocago_prenac,8718.0,8719.0,1.0
2024.10.23_11-08-40_Stocago_prenac,8722.0,8722.0,1.0
2024.10.23_11-08-40_Stocago_prenac,8725.0,8726.0,1.0
2024.10.23_11-08-40_Stocago_prenac,8741.0,8741.0,1.0
2024.10.23_11-08-40_Stocago_prenac,8744.0,8744.0,1.0
2024.10.23_11-08-40_Stocago_prenac,8748.0,8748.0,1.0
2024.10.23_11-08-40_Stocago_prenac,8754.0,8756.0,1.0
2024.10.23_11-08-40_Stocago_prenac,8762.0,8762.0,1.0
2024.10.23_11-08-40_Stocago_prenac,8770.0,8770.0,1.0
2024.10.23_11-08-40_Stocago_prenac,8777.0,8779.0,1.0
2024.10.23_11-08-40_Stocago_prenac,8781.0,8781.0,1.0
2024.10.23_11-08-40_Stocago_prenac,8784.0,8786.0,1.0
2024.10.23_11-08-40_Stocago_prenac,8790.0,8791.0,1.0
2024.10.23_11-08-40_Stocago_prenac,8799.0,8800.0,1.0
2024.10.23_11-08-40_Stocago_prenac,8806.0,8806.0,1.0
2024.10.23_11-08-40_Stocago_prenac,8808.0,8809.0,1.0
2024.10.23_11-08-40_Stocago_prenac,8814.0,8814.0,1.0
2024.10.23_11-08-40_Stocago_prenac,8819.0,8820.0,1.0
2024.10.23_11-08-40_Stocago_prenac,8823.0,8823.0,1.0
2024.10.23_11-08-40_Stocago_prenac,8825.0,8825.0,1.0
2024.10.23_11-08-40_Stocago_prenac,8827.0,8828.0,1.0
2024.10.23_11-08-40_Stocago_prenac,8830.0,8830.0,1.0
2024.10.23_11-08-40_Stocago_prenac,8832.0,8833.0,1.0
2024.10.23_11-08-40_Stocago_prenac,8845.0,8845.0,1.0
2024.10.23_11-08-40_Stocago_prenac,8850.0,8850.0,1.0
2024.10.23_11-08-40_Stocago_prenac,8853.0,8854.0,1.0
2024.10.23_11-08-40_Stocago_prenac,8861.0,8861.0,1.0
2024.10.23_11-08-40_Stocago_prenac,8875.0,8875.0,1.0
2024.10.23_11-08-40_Stocago_prenac,8881.0,8883.0,1.0
2024.10.23_11-08-40_Stocago_prenac,8887.0,8887.0,1.0
2024.10.23_11-08-40_Stocago_prenac,8893.0,8893.0,1.0
2024.10.23_11-08-40_Stocago_prenac,8897.0,8898.0,1.0
2024.10.23_11-08-40_Stocago_prenac,8902.0,8903.0,1.0
2025.03.07_08-16-01_CantonS_metbut,3.0,1681.0,1.0
2025.03.07_08-16-01_CantonS_metbut,1683.0,1715.0,1.0
2025.03.07_08-16-01_CantonS_metbut,1735.0,1741.0,1.0
2025.03.07_08-16-01_CantonS_metbut,1764.0,1764.0,1.0
2025.03.07_08-16-01_CantonS_metbut,1805.0,1814.0,1.0
2025.03.07_08-16-01_CantonS_metbut,1816.0,2589.0,1.0
2025.03.07_08-16-01_CantonS_metbut,2592.0,2592.0,1.0
2025.03.07_08-16-01_CantonS_metbut,2595.0,2691.0,1.0
2025.03.07_08-16-01_CantonS_metbut,2693.0,2743.0,1.0
2025.03.07_08-16-01_CantonS_metbut,2745.0,2746.0,1.0
2025.03.07_08-16-01_CantonS_metbut,2748.0,2750.0,1.0
2025.03.07_08-16-01_CantonS_metbut,2756.0,2808.0,1.0
2025.03.07_08-16-01_CantonS_metbut,2811.0,2811.0,1.0
2025.03.07_08-16-01_CantonS_metbut,2816.0,2826.0,1.0
2025.03.07_08-16-01_CantonS_metbut,2829.0,2890.0,1.0
2025.03.07_08-16-01_CantonS_metbut,2892.0,2892.0,1.0
2025.03.07_08-16-01_CantonS_metbut,2894.0,2896.0,1.0
2025.03.07_08-16-01_CantonS_metbut,2912.0,2912.0,1.0
2025.03.07_08-16-01_CantonS_metbut,2914.0,2940.0,1.0
2025.03.07_08-16-01_CantonS_metbut,2943.0,2978.0,1.0
2025.03.07_08-16-01_CantonS_metbut,2981.0,2981.0,1.0
2025.03.07_08-16-01_CantonS_metbut,2983.0,2983.0,1.0
2025.03.07_08-16-01_CantonS_metbut,2985.0,2987.0,1.0
2025.03.07_08-16-01_CantonS_metbut,2989.0,2990.0,1.0
2025.03.07_08-16-01_CantonS_metbut,2992.0,2994.0,1.0
2025.03.07_08-16-01_CantonS_metbut,2997.0,2997.0,1.0
2025.03.07_08-16-01_CantonS_metbut,2999.0,3000.0,1.0
2025.03.07_08-16-01_CantonS_metbut,3002.0,3002.0,1.0
2025.03.07_08-16-01_CantonS_metbut,3004.0,3005.0,1.0
2025.03.07_08-16-01_CantonS_metbut,3016.0,3017.0,1.0
2025.03.07_08-16-01_CantonS_metbut,3022.0,3028.0,1.0
2025.03.07_08-16-01_CantonS_metbut,3034.0,3034.0,1.0
2025.03.07_08-16-01_CantonS_metbut,3041.0,3043.0,1.0
2025.03.07_08-16-01_CantonS_metbut,3047.0,3052.0,1.0
2025.03.07_08-16-01_CantonS_metbut,3054.0,3054.0,1.0
2025.03.07_08-16-01_CantonS_metbut,3057.0,3069.0,1.0
2025.03.07_08-16-01_CantonS_metbut,3071.0,4388.0,1.0
2025.03.07_08-16-01_CantonS_metbut,4394.0,4407.0,1.0
2025.03.07_08-16-01_CantonS_metbut,4409.0,4409.0,1.0
2025.03.07_08-16-01_CantonS_metbut,4411.0,4424.0,1.0
2025.03.07_08-16-01_CantonS_metbut,4428.0,4430.0,1.0
2025.03.07_08-16-01_CantonS_metbut,4433.0,4436.0,1.0
2025.03.07_08-16-01_CantonS_metbut,4439.0,4457.0,1.0
2025.03.07_08-16-01_CantonS_metbut,4464.0,4474.0,1.0
2025.03.07_08-16-01_CantonS_metbut,4480.0,4489.0,1.0
2025.03.07_08-16-01_CantonS_metbut,4492.0,4492.0,1.0
2025.03.07_08-16-01_CantonS_metbut,4494.0,4498.0,1.0
2025.03.07_08-16-01_CantonS_metbut,4500.0,4536.0,1.0
2025.03.07_08-16-01_CantonS_metbut,4538.0,4539.0,1.0
2024.10.30_10-23-32_sussex_metben,3.0,255.0,1.0
2024.10.30_10-23-32_sussex_metben,257.0,911.0,1.0
2024.10.30_10-23-32_sussex_metben,914.0,918.0,1.0
2024.10.30_10-23-32_sussex_metben,920.0,932.0,1.0
2024.10.30_10-23-32_sussex_metben,934.0,979.0,1.0
2024.10.30_10-23-32_sussex_metben,983.0,983.0,1.0
2024.10.30_10-23-32_sussex_metben,985.0,986.0,1.0
2024.10.30_10-23-32_sussex_metben,988.0,988.0,1.0
2024.10.30_10-23-32_sussex_metben,992.0,1004.0,1.0
2024.10.30_10-23-32_sussex_metben,1006.0,1006.0,1.0
2024.10.30_10-23-32_sussex_metben,1008.0,1011.0,1.0
2024.10.30_10-23-32_sussex_metben,1013.0,1015.0,1.0
2024.10.30_10-23-32_sussex_metben,1017.0,1021.0,1.0
2024.10.30_10-23-32_sussex_metben,1023.0,1026.0,1.0
2024.10.30_10-23-32_sussex_metben,1028.0,1032.0,1.0
2024.10.30_10-23-32_sussex_metben,1034.0,1055.0,1.0
2024.10.30_10-23-32_sussex_metben,1060.0,1061.0,1.0
2024.10.30_10-23-32_sussex_metben,1069.0,1072.0,1.0
2024.10.30_10-23-32_sussex_metben,1074.0,1134.0,1.0
2024.10.30_10-23-32_sussex_metben,1137.0,1143.0,1.0
2024.10.30_10-23-32_sussex_metben,1145.0,1152.0,1.0
2024.10.30_10-23-32_sussex_metben,1154.0,1157.0,1.0
2024.10.30_10-23-32_sussex_metben,1160.0,1161.0,1.0
2024.10.30_10-23-32_sussex_metben,1165.0,1165.0,1.0
2024.10.30_10-23-32_sussex_metben,1173.0,1175.0,1.0
2024.10.30_10-23-32_sussex_metben,1177.0,1205.0,1.0
2024.10.30_10-23-32_sussex_metben,1207.0,2280.0,1.0
2024.10.30_10-23-32_sussex_metben,6945.0,8755.0,1.0
2024.10.28_09-16-51_sto_car_metben,3.0,21.0,1.0
2024.10.28_09-16-51_sto_car_metben,23.0,33.0,1.0
2024.10.28_09-16-51_sto_car_metben,35.0,35.0,1.0
2024.10.28_09-16-51_sto_car_metben,37.0,41.0,1.0
2024.10.28_09-16-51_sto_car_metben,43.0,45.0,1.0
2024.10.28_09-16-51_sto_car_metben,47.0,49.0,1.0
2024.10.28_09-16-51_sto_car_metben,51.0,59.0,1.0
2024.10.28_09-16-51_sto_car_metben,61.0,138.0,1.0
2024.10.28_09-16-51_sto_car_metben,140.0,140.0,1.0
2024.10.28_09-16-51_sto_car_metben,142.0,148.0,1.0
2024.10.28_09-16-51_sto_car_metben,150.0,157.0,1.0
2024.10.28_09-16-51_sto_car_metben,159.0,165.0,1.0
2024.10.28_09-16-51_sto_car_metben,167.0,171.0,1.0
2024.10.28_09-16-51_sto_car_metben,173.0,177.0,1.0
2024.10.28_09-16-51_sto_car_metben,179.0,179.0,1.0
2024.10.28_09-16-51_sto_car_metben,182.0,184.0,1.0
2024.10.28_09-16-51_sto_car_metben,186.0,262.0,1.0
2024.10.28_09-16-51_sto_car_metben,293.0,294.0,1.0
2024.10.28_09-16-51_sto_car_metben,305.0,358.0,1.0
2024.10.28_09-16-51_sto_car_metben,360.0,361.0,1.0
2024.10.28_09-16-51_sto_car_metben,363.0,380.0,1.0
2024.10.28_09-16-51_sto_car_metben,382.0,404.0,1.0
2024.10.28_09-16-51_sto_car_metben,443.0,443.0,1.0
2024.10.28_09-16-51_sto_car_metben,446.0,918.0,1.0
2024.11.14_01-23-33_Biarmipes84_e2hex,6589.0,6661.0,1.0
2024.11.14_01-23-33_Biarmipes84_e2hex,6663.0,6853.0,1.0
2024.11.14_01-23-33_Biarmipes84_e2hex,6856.0,7022.0,1.0
2024.11.14_01-23-33_Biarmipes84_e2hex,7026.0,7048.0,1.0
2024.11.14_01-23-33_Biarmipes84_e2hex,7050.0,7050.0,1.0
2024.11.14_01-23-33_Biarmipes84_e2hex,7052.0,7052.0,1.0
2024.11.14_01-23-33_Biarmipes84_e2hex,7064.0,7064.0,1.0
2024.11.14_01-23-33_Biarmipes84_e2hex,7067.0,7107.0,1.0
2024.11.14_01-23-33_Biarmipes84_e2hex,7110.0,7110.0,1.0
2024.11.14_01-23-33_Biarmipes84_e2hex,7112.0,7114.0,1.0
2024.11.14_01-23-33_Biarmipes84_e2hex,7122.0,7123.0,1.0
2024.11.14_01-23-33_Biarmipes84_e2hex,7125.0,7128.0,1.0
2024.11.14_01-23-33_Biarmipes84_e2hex,7130.0,7131.0,1.0
2024.11.14_01-23-33_Biarmipes84_e2hex,7133.0,7133.0,1.0
2024.11.14_01-23-33_Biarmipes84_e2hex,7136.0,7136.0,1.0
2024.11.14_01-23-33_Biarmipes84_e2hex,7138.0,7145.0,1.0
2024.11.14_01-23-33_Biarmipes84_e2hex,7147.0,7150.0,1.0
2024.11.14_01-23-33_Biarmipes84_e2hex,7152.0,7153.0,1.0
2024.11.14_01-23-33_Biarmipes84_e2hex,7155.0,7156.0,1.0
2024.11.14_01-23-33_Biarmipes84_e2hex,7158.0,7161.0,1.0
2024.11.14_01-23-33_Biarmipes84_e2hex,7163.0,7167.0,1.0
2024.11.14_01-23-33_Biarmipes84_e2hex,7171.0,7171.0,1.0
2024.11.14_01-23-33_Biarmipes84_e2hex,7174.0,7174.0,1.0
2024.11.14_01-23-33_Biarmipes84_e2hex,7179.0,7179.0,1.0
2024.11.14_01-23-33_Biarmipes84_e2hex,7191.0,7205.0,1.0
2024.11.14_01-23-33_Biarmipes84_e2hex,7207.0,7220.0,1.0
2024.11.14_01-23-33_Biarmipes84_e2hex,7226.0,7226.0,1.0
2024.11.14_01-23-33_Biarmipes84_e2hex,7229.0,7229.0,1.0
2024.11.14_01-23-33_Biarmipes84_e2hex,7231.0,7231.0,1.0
2024.11.14_01-23-33_Biarmipes84_e2hex,7236.0,7267.0,1.0
2024.11.14_01-23-33_Biarmipes84_e2hex,7269.0,7353.0,1.0
2024.11.14_01-23-33_Biarmipes84_e2hex,7355.0,7361.0,1.0
2024.11.14_01-23-33_Biarmipes84_e2hex,7363.0,7376.0,1.0
2024.11.14_01-23-33_Biarmipes84_e2hex,7379.0,8965.0,1.0
2024.10.11_10-23-31_Biarmipes_G224_1hexanol,8512.0,8548.0,1.0
2024.10.11_10-23-31_Biarmipes_G224_1hexanol,8550.0,8559.0,1.0
2024.10.11_10-23-31_Biarmipes_G224_1hexanol,8565.0,8999.0,1.0
2024.10.03_13-16-19_Yakuba_cameroon_2hex,3.0,2165.0,1.0
2024.10.03_13-16-19_Yakuba_cameroon_2hex,2167.0,2608.0,1.0
2024.10.03_13-16-19_Yakuba_cameroon_2hex,2610.0,2613.0,1.0
2024.10.03_13-16-19_Yakuba_cameroon_2hex,2615.0,2617.0,1.0
2024.10.03_13-16-19_Yakuba_cameroon_2hex,2619.0,2619.0,1.0
2024.11.14_01-30-07_Biarmipes_G224_e2hex,6344.0,6362.0,1.0
2024.11.14_01-30-07_Biarmipes_G224_e2hex,6394.0,8320.0,1.0
2024.11.14_01-30-07_Biarmipes_G224_e2hex,8322.0,8359.0,1.0
2024.11.14_01-30-07_Biarmipes_G224_e2hex,8361.0,8999.0,1.0
2024.07.09_11-42-03_Riverside (E-2-Hex),5731.0,5736.0,1.0
2024.07.09_11-42-03_Riverside (E-2-Hex),5741.0,6193.0,1.0
2024.07.09_11-42-03_Riverside (E-2-Hex),6196.0,6485.0,1.0
2024.07.09_11-42-03_Riverside (E-2-Hex),8701.0,8999.0,1.0
2024.07.08_13-43-06_Riverside (E-2-Hex),1202.0,1328.0,1.0
2024.12.18_16-13-27_CantonS_metben,3958.0,3958.0,1.0
2024.12.18_16-13-27_CantonS_metben,3961.0,3961.0,1.0
2024.12.18_16-13-27_CantonS_metben,3963.0,3967.0,1.0
2024.12.18_16-13-27_CantonS_metben,3969.0,3988.0,1.0
2024.12.18_16-13-27_CantonS_metben,3990.0,3990.0,1.0
2024.12.18_16-13-27_CantonS_metben,3996.0,4000.0,1.0
2024.12.18_16-13-27_CantonS_metben,4002.0,4027.0,1.0
2024.12.18_16-13-27_CantonS_metben,4029.0,7335.0,1.0
2024.12.18_16-13-27_CantonS_metben,7337.0,8999.0,1.0
2024.10.30_09-47-02_Sussex_metben,5665.0,5667.0,1.0
2024.10.30_09-47-02_Sussex_metben,5669.0,5675.0,1.0
2024.10.30_09-47-02_Sussex_metben,5677.0,5690.0,1.0
2024.10.30_09-47-02_Sussex_metben,5718.0,5722.0,1.0
2024.10.30_09-47-02_Sussex_metben,5724.0,5724.0,1.0
2024.10.30_09-47-02_Sussex_metben,5726.0,5728.0,1.0
2024.10.30_09-47-02_Sussex_metben,5730.0,8999.0,1.0
2024.07.10_12-35-26_Riverside (MetBen),3642.0,3670.0,1.0
2024.07.10_12-35-26_Riverside (MetBen),3677.0,3681.0,1.0
2024.07.10_12-35-26_Riverside (MetBen),5103.0,5197.0,1.0
2024.07.10_12-35-26_Riverside (MetBen),5199.0,5204.0,1.0
2024.10.17_14-31-46_Riverside_prenac,3.0,2006.0,1.0
2024.10.17_14-31-46_Riverside_prenac,5494.0,5673.0,1.0
2024.10.17_14-31-46_Riverside_prenac,5676.0,5868.0,1.0
2024.10.17_14-31-46_Riverside_prenac,6728.0,7089.0,1.0
2024.10.02_10-13-56_Biarmipes_G224_no_odor,3.0,141.0,1.0
2024.10.02_10-13-56_Biarmipes_G224_no_odor,143.0,143.0,1.0
2024.10.02_10-13-56_Biarmipes_G224_no_odor,146.0,485.0,1.0
2024.10.02_10-13-56_Biarmipes_G224_no_odor,487.0,502.0,1.0
2024.10.02_10-13-56_Biarmipes_G224_no_odor,504.0,505.0,1.0
2024.10.02_10-13-56_Biarmipes_G224_no_odor,507.0,507.0,1.0
2024.10.02_10-13-56_Biarmipes_G224_no_odor,511.0,512.0,1.0
2024.10.02_10-13-56_Biarmipes_G224_no_odor,523.0,523.0,1.0
2024.10.02_10-13-56_Biarmipes_G224_no_odor,1683.0,1684.0,1.0
2024.10.02_10-13-56_Biarmipes_G224_no_odor,1686.0,1691.0,1.0
2024.10.02_10-13-56_Biarmipes_G224_no_odor,1694.0,1695.0,1.0
2024.10.02_10-13-56_Biarmipes_G224_no_odor,1697.0,1905.0,1.0
2024.10.02_10-13-56_Biarmipes_G224_no_odor,1907.0,2228.0,1.0
2024.10.02_10-13-56_Biarmipes_G224_no_odor,2232.0,2232.0,1.0
2024.10.02_10-13-56_Biarmipes_G224_no_odor,2234.0,2237.0,1.0
2024.10.02_10-13-56_Biarmipes_G224_no_odor,2239.0,2254.0,1.0
2024.10.02_10-13-56_Biarmipes_G224_no_odor,2256.0,2257.0,1.0
2024.10.02_10-13-56_Biarmipes_G224_no_odor,2259.0,3077.0,1.0
2024.10.23_13-40-50_Biarmipes_g224_prenac,1537.0,1542.0,1.0
2024.10.23_13-40-50_Biarmipes_g224_prenac,1544.0,1548.0,1.0
2024.10.23_13-40-50_Biarmipes_g224_prenac,1550.0,1553.0,1.0
2024.10.23_13-40-50_Biarmipes_g224_prenac,1555.0,1556.0,1.0
2024.10.23_13-40-50_Biarmipes_g224_prenac,1560.0,1560.0,1.0
2024.10.23_13-40-50_Biarmipes_g224_prenac,1576.0,3285.0,1.0
2024.10.23_13-40-50_Biarmipes_g224_prenac,3287.0,3303.0,1.0
2024.10.23_13-40-50_Biarmipes_g224_prenac,3305.0,3311.0,1.0
2024.10.23_13-40-50_Biarmipes_g224_prenac,3314.0,3314.0,1.0
2024.10.23_13-40-50_Biarmipes_g224_prenac,3316.0,3317.0,1.0
2024.10.23_13-40-50_Biarmipes_g224_prenac,3321.0,3322.0,1.0
2024.10.23_13-40-50_Biarmipes_g224_prenac,3326.0,3326.0,1.0
2024.10.23_13-40-50_Biarmipes_g224_prenac,3329.0,3329.0,1.0
2024.10.23_13-40-50_Biarmipes_g224_prenac,3331.0,3331.0,1.0
2024.10.23_13-40-50_Biarmipes_g224_prenac,3335.0,3337.0,1.0
2024.10.23_13-40-50_Biarmipes_g224_prenac,3341.0,3348.0,1.0
2024.10.23_13-40-50_Biarmipes_g224_prenac,3350.0,3350.0,1.0
2024.10.23_13-40-50_Biarmipes_g224_prenac,3352.0,3361.0,1.0
2024.10.23_13-40-50_Biarmipes_g224_prenac,3364.0,3365.0,1.0
2024.10.23_13-40-50_Biarmipes_g224_prenac,3367.0,3371.0,1.0
2024.10.23_13-40-50_Biarmipes_g224_prenac,3377.0,3386.0,1.0
2024.10.23_13-40-50_Biarmipes_g224_prenac,3388.0,3388.0,1.0
2024.10.23_13-40-50_Biarmipes_g224_prenac,3391.0,3396.0,1.0
2024.10.23_13-40-50_Biarmipes_g224_prenac,3398.0,3428.0,1.0
2024.10.23_13-40-50_Biarmipes_g224_prenac,3430.0,3435.0,1.0
2024.10.23_13-40-50_Biarmipes_g224_prenac,3437.0,3440.0,1.0
2024.10.23_13-40-50_Biarmipes_g224_prenac,3442.0,3461.0,1.0
2024.10.23_13-40-50_Biarmipes_g224_prenac,3463.0,3468.0,1.0
2024.10.23_13-40-50_Biarmipes_g224_prenac,3472.0,3472.0,1.0
2024.10.23_13-40-50_Biarmipes_g224_prenac,3475.0,3477.0,1.0
2024.10.23_13-40-50_Biarmipes_g224_prenac,3480.0,3480.0,1.0
2024.10.23_13-40-50_Biarmipes_g224_prenac,3482.0,3489.0,1.0
2024.10.23_13-40-50_Biarmipes_g224_prenac,3491.0,3492.0,1.0
2024.10.23_13-40-50_Biarmipes_g224_prenac,3496.0,3497.0,1.0
2024.10.23_13-40-50_Biarmipes_g224_prenac,3500.0,3503.0,1.0
2024.10.23_13-40-50_Biarmipes_g224_prenac,3505.0,3506.0,1.0
2024.10.23_13-40-50_Biarmipes_g224_prenac,3509.0,3509.0,1.0
2024.10.23_13-40-50_Biarmipes_g224_prenac,3511.0,3511.0,1.0
2024.10.23_13-40-50_Biarmipes_g224_prenac,3513.0,3513.0,1.0
2024.10.23_13-40-50_Biarmipes_g224_prenac,3516.0,3516.0,1.0
2024.10.23_13-40-50_Biarmipes_g224_prenac,3518.0,3518.0,1.0
2024.10.23_13-40-50_Biarmipes_g224_prenac,3521.0,3522.0,1.0
2024.10.23_13-40-50_Biarmipes_g224_prenac,3524.0,3530.0,1.0
2024.10.23_13-40-50_Biarmipes_g224_prenac,3532.0,3535.0,1.0
2024.10.23_13-40-50_Biarmipes_g224_prenac,3537.0,3548.0,1.0
2024.10.23_13-40-50_Biarmipes_g224_prenac,3550.0,3557.0,1.0
2024.10.23_13-40-50_Biarmipes_g224_prenac,3559.0,3563.0,1.0
2024.10.23_13-40-50_Biarmipes_g224_prenac,3565.0,3620.0,1.0
2024.10.23_13-40-50_Biarmipes_g224_prenac,3622.0,3627.0,1.0
2024.10.23_13-40-50_Biarmipes_g224_prenac,3629.0,3635.0,1.0
2024.10.23_13-40-50_Biarmipes_g224_prenac,3637.0,3649.0,1.0
2024.10.23_13-40-50_Biarmipes_g224_prenac,3651.0,3655.0,1.0
2024.10.23_13-40-50_Biarmipes_g224_prenac,3657.0,3680.0,1.0
2024.10.23_13-40-50_Biarmipes_g224_prenac,3682.0,3996.0,1.0
2024.10.23_13-40-50_Biarmipes_g224_prenac,3998.0,3999.0,1.0
2024.10.23_13-40-50_Biarmipes_g224_prenac,4006.0,4038.0,1.0
2024.10.23_13-40-50_Biarmipes_g224_prenac,4040.0,4047.0,1.0
2024.11.04_07-22-08_biarmipes84_e2hex,5188.0,5207.0,1.0
2024.11.04_07-22-08_biarmipes84_e2hex,5209.0,5225.0,1.0
2024.11.04_07-22-08_biarmipes84_e2hex,5227.0,5229.0,1.0
2024.11.04_07-22-08_biarmipes84_e2hex,5232.0,5233.0,1.0
2024.11.04_07-22-08_biarmipes84_e2hex,5235.0,5240.0,1.0
2024.11.04_07-22-08_biarmipes84_e2hex,5243.0,5248.0,1.0
2024.11.04_07-22-08_biarmipes84_e2hex,5252.0,5259.0,1.0
2024.11.04_07-22-08_biarmipes84_e2hex,5261.0,5264.0,1.0
2024.11.04_07-22-08_biarmipes84_e2hex,5266.0,5269.0,1.0
2024.11.04_07-22-08_biarmipes84_e2hex,5272.0,5354.0,1.0
2024.11.04_07-22-08_biarmipes84_e2hex,5359.0,5359.0,1.0
2024.11.04_07-22-08_biarmipes84_e2hex,5363.0,5363.0,1.0
2024.11.04_07-22-08_biarmipes84_e2hex,5365.0,5367.0,1.0
2024.11.04_07-22-08_biarmipes84_e2hex,5369.0,5406.0,1.0
2024.11.04_07-22-08_biarmipes84_e2hex,5408.0,5450.0,1.0
2024.11.04_07-22-08_biarmipes84_e2hex,5452.0,5467.0,1.0
2024.11.04_07-22-08_biarmipes84_e2hex,5469.0,5491.0,1.0
2024.11.04_07-22-08_biarmipes84_e2hex,5493.0,5504.0,1.0
2024.11.04_07-22-08_biarmipes84_e2hex,5507.0,5507.0,1.0
2024.11.04_07-22-08_biarmipes84_e2hex,5509.0,5509.0,1.0
2024.11.04_07-22-08_biarmipes84_e2hex,5511.0,5511.0,1.0
2024.11.04_07-22-08_biarmipes84_e2hex,5514.0,5514.0,1.0
2024.11.04_07-22-08_biarmipes84_e2hex,5517.0,5517.0,1.0
2024.11.04_07-22-08_biarmipes84_e2hex,5519.0,5523.0,1.0
2024.11.04_07-22-08_biarmipes84_e2hex,5532.0,5616.0,1.0
2024.11.04_07-22-08_biarmipes84_e2hex,5618.0,5641.0,1.0
2024.11.04_07-22-08_biarmipes84_e2hex,5643.0,8010.0,1.0
2024.11.04_07-22-08_biarmipes84_e2hex,8012.0,8013.0,1.0
2024.11.04_07-22-08_biarmipes84_e2hex,8015.0,8038.0,1.0
2024.11.04_07-22-08_biarmipes84_e2hex,8040.0,8071.0,1.0
2024.11.04_07-22-08_biarmipes84_e2hex,8073.0,8141.0,1.0
2024.11.04_07-22-08_biarmipes84_e2hex,8143.0,8143.0,1.0
2024.11.04_07-22-08_biarmipes84_e2hex,8149.0,8999.0,1.0
2024.10.29_05-31-45_Biarmipes84_metben,3.0,937.0,1.0
2024.10.29_05-31-45_Biarmipes84_metben,939.0,941.0,1.0
2024.10.29_05-31-45_Biarmipes84_metben,943.0,963.0,1.0
2024.10.29_05-31-45_Biarmipes84_metben,965.0,968.0,1.0
2024.10.29_05-31-45_Biarmipes84_metben,970.0,985.0,1.0
2024.10.29_05-31-45_Biarmipes84_metben,987.0,987.0,1.0
2024.10.29_05-31-45_Biarmipes84_metben,989.0,1001.0,1.0
2024.10.29_05-31-45_Biarmipes84_metben,1004.0,1006.0,1.0
2024.10.29_05-31-45_Biarmipes84_metben,1008.0,1009.0,1.0
2024.10.29_05-31-45_Biarmipes84_metben,1011.0,1014.0,1.0
2024.10.29_05-31-45_Biarmipes84_metben,1017.0,1020.0,1.0
2024.10.29_05-31-45_Biarmipes84_metben,1022.0,1028.0,1.0
2024.10.29_05-31-45_Biarmipes84_metben,1030.0,1032.0,1.0
2024.10.29_05-31-45_Biarmipes84_metben,1034.0,1041.0,1.0
2024.10.29_05-31-45_Biarmipes84_metben,1043.0,1045.0,1.0
2024.10.29_05-31-45_Biarmipes84_metben,1047.0,1141.0,1.0
2024.10.29_05-31-45_Biarmipes84_metben,1143.0,1145.0,1.0
2024.10.29_05-31-45_Biarmipes84_metben,1148.0,1152.0,1.0
2024.10.29_05-31-45_Biarmipes84_metben,1154.0,1154.0,1.0
2024.10.29_05-31-45_Biarmipes84_metben,1156.0,1167.0,1.0
2024.10.29_05-31-45_Biarmipes84_metben,1170.0,1172.0,1.0
2024.10.29_05-31-45_Biarmipes84_metben,1174.0,1174.0,1.0
2024.10.29_05-31-45_Biarmipes84_metben,1176.0,1177.0,1.0
2024.10.29_05-31-45_Biarmipes84_metben,1179.0,1180.0,1.0
2024.10.29_05-31-45_Biarmipes84_metben,1183.0,1184.0,1.0
2024.10.29_05-31-45_Biarmipes84_metben,1187.0,1233.0,1.0
2024.10.29_05-31-45_Biarmipes84_metben,1235.0,1246.0,1.0
2024.10.29_05-31-45_Biarmipes84_metben,1248.0,1266.0,1.0
2024.10.29_05-31-45_Biarmipes84_metben,1268.0,1274.0,1.0
2024.10.29_05-31-45_Biarmipes84_metben,1276.0,1325.0,1.0
2024.10.29_05-31-45_Biarmipes84_metben,1328.0,1328.0,1.0
2024.10.29_05-31-45_Biarmipes84_metben,1330.0,1366.0,1.0
2024.10.29_05-31-45_Biarmipes84_metben,1368.0,1374.0,1.0
2024.10.29_05-31-45_Biarmipes84_metben,1377.0,1378.0,1.0
2024.10.29_05-31-45_Biarmipes84_metben,1381.0,1381.0,1.0
2024.10.29_05-31-45_Biarmipes84_metben,1384.0,1388.0,1.0
2024.10.29_05-31-45_Biarmipes84_metben,1390.0,1400.0,1.0
2024.10.29_05-31-45_Biarmipes84_metben,1402.0,1403.0,1.0
2024.10.29_05-31-45_Biarmipes84_metben,1406.0,1411.0,1.0
2024.10.29_05-31-45_Biarmipes84_metben,1413.0,1413.0,1.0
2024.10.29_05-31-45_Biarmipes84_metben,1416.0,1417.0,1.0
2024.10.29_05-31-45_Biarmipes84_metben,1421.0,1421.0,1.0
2024.10.29_05-31-45_Biarmipes84_metben,1423.0,1424.0,1.0
2024.10.29_05-31-45_Biarmipes84_metben,1427.0,1427.0,1.0
2024.10.29_05-31-45_Biarmipes84_metben,1429.0,1429.0,1.0
2024.10.29_05-31-45_Biarmipes84_metben,1432.0,1434.0,1.0
2024.10.29_05-31-45_Biarmipes84_metben,1437.0,1473.0,1.0
2024.10.29_05-31-45_Biarmipes84_metben,1475.0,1483.0,1.0
2024.10.29_05-31-45_Biarmipes84_metben,1485.0,1564.0,1.0
2024.10.29_05-31-45_Biarmipes84_metben,1566.0,1572.0,1.0
2024.10.29_05-31-45_Biarmipes84_metben,1574.0,1590.0,1.0
2024.10.29_05-31-45_Biarmipes84_metben,1592.0,1593.0,1.0
2024.10.29_05-31-45_Biarmipes84_metben,1596.0,1605.0,1.0
2024.10.29_05-31-45_Biarmipes84_metben,1607.0,1607.0,1.0
2024.10.29_05-31-45_Biarmipes84_metben,1609.0,1611.0,1.0
2024.10.29_05-31-45_Biarmipes84_metben,1614.0,1630.0,1.0
2024.10.29_05-31-45_Biarmipes84_metben,1632.0,1641.0,1.0
2024.10.29_05-31-45_Biarmipes84_metben,1643.0,1648.0,1.0
2024.10.29_05-31-45_Biarmipes84_metben,1650.0,2125.0,1.0
2024.10.29_05-31-45_Biarmipes84_metben,2127.0,2767.0,1.0
2024.10.29_05-31-45_Biarmipes84_metben,2769.0,2777.0,1.0
2024.10.29_05-31-45_Biarmipes84_metben,2779.0,2785.0,1.0
2024.10.29_05-31-45_Biarmipes84_metben,2787.0,2799.0,1.0
2024.10.29_05-31-45_Biarmipes84_metben,2801.0,2809.0,1.0
2024.10.29_05-31-45_Biarmipes84_metben,2811.0,2818.0,1.0
2024.10.29_05-31-45_Biarmipes84_metben,2820.0,2820.0,1.0
2024.10.29_05-31-45_Biarmipes84_metben,2822.0,2822.0,1.0
2024.10.29_05-31-45_Biarmipes84_metben,2825.0,2839.0,1.0
2024.10.29_05-31-45_Biarmipes84_metben,2841.0,2843.0,1.0
2024.10.29_05-31-45_Biarmipes84_metben,2845.0,2927.0,1.0
2024.10.29_05-31-45_Biarmipes84_metben,2929.0,2975.0,1.0
2024.10.29_05-31-45_Biarmipes84_metben,3031.0,3031.0,1.0
2024.10.29_05-31-45_Biarmipes84_metben,3055.0,3055.0,1.0
2024.10.29_05-31-45_Biarmipes84_metben,3063.0,3064.0,1.0
2024.10.29_05-31-45_Biarmipes84_metben,3066.0,3067.0,1.0
2024.10.29_05-31-45_Biarmipes84_metben,3069.0,3070.0,1.0
2024.10.29_05-31-45_Biarmipes84_metben,3072.0,3074.0,1.0
2024.10.29_05-31-45_Biarmipes84_metben,3076.0,3077.0,1.0
2024.10.29_05-31-45_Biarmipes84_metben,3079.0,3088.0,1.0
2024.10.29_05-31-45_Biarmipes84_metben,3090.0,3092.0,1.0
2024.10.29_05-31-45_Biarmipes84_metben,3095.0,3096.0,1.0
2024.10.29_05-31-45_Biarmipes84_metben,3098.0,3106.0,1.0
2024.10.29_05-31-45_Biarmipes84_metben,3108.0,3108.0,1.0
2024.10.29_05-31-45_Biarmipes84_metben,3110.0,3132.0,1.0
2024.10.29_05-31-45_Biarmipes84_metben,3134.0,3149.0,1.0
2024.10.29_05-31-45_Biarmipes84_metben,3151.0,3164.0,1.0
2024.10.29_05-31-45_Biarmipes84_metben,3166.0,3210.0,1.0
2024.10.29_05-31-45_Biarmipes84_metben,3212.0,3217.0,1.0
2024.10.29_05-31-45_Biarmipes84_metben,3220.0,3302.0,1.0
2024.10.29_05-31-45_Biarmipes84_metben,3304.0,3367.0,1.0
2024.10.29_05-31-45_Biarmipes84_metben,3375.0,3378.0,1.0
2024.10.29_05-31-45_Biarmipes84_metben,3381.0,3382.0,1.0
2024.10.29_05-31-45_Biarmipes84_metben,3387.0,3387.0,1.0
2024.10.29_05-31-45_Biarmipes84_metben,3389.0,3389.0,1.0
2024.10.29_05-31-45_Biarmipes84_metben,3391.0,3405.0,1.0
2024.10.29_05-31-45_Biarmipes84_metben,3407.0,3413.0,1.0
2024.10.29_05-31-45_Biarmipes84_metben,3415.0,3460.0,1.0
2024.10.29_05-31-45_Biarmipes84_metben,3462.0,3465.0,1.0
2024.10.29_05-31-45_Biarmipes84_metben,3469.0,3469.0,1.0
2024.10.29_05-31-45_Biarmipes84_metben,3472.0,3474.0,1.0
2024.10.29_05-31-45_Biarmipes84_metben,3480.0,3480.0,1.0
2024.10.29_05-31-45_Biarmipes84_metben,3484.0,3484.0,1.0
2024.10.29_05-31-45_Biarmipes84_metben,3487.0,3487.0,1.0
2024.10.29_05-31-45_Biarmipes84_metben,3489.0,3489.0,1.0
2024.10.29_05-31-45_Biarmipes84_metben,3492.0,3492.0,1.0
2024.10.29_05-31-45_Biarmipes84_metben,3498.0,3499.0,1.0
2024.10.29_05-31-45_Biarmipes84_metben,3506.0,3506.0,1.0
2024.10.29_05-31-45_Biarmipes84_metben,3510.0,3511.0,1.0
2024.10.29_05-31-45_Biarmipes84_metben,3513.0,3513.0,1.0
2024.10.29_05-31-45_Biarmipes84_metben,3516.0,3516.0,1.0
2024.10.29_05-31-45_Biarmipes84_metben,3520.0,3520.0,1.0
2024.10.29_05-31-45_Biarmipes84_metben,3522.0,3522.0,1.0
2024.10.29_05-31-45_Biarmipes84_metben,3527.0,3529.0,1.0
2024.10.29_05-31-45_Biarmipes84_metben,3531.0,3536.0,1.0
2024.10.29_05-31-45_Biarmipes84_metben,3538.0,3538.0,1.0
2024.10.29_05-31-45_Biarmipes84_metben,3540.0,3540.0,1.0
2024.10.29_05-31-45_Biarmipes84_metben,3545.0,3546.0,1.0
2024.10.29_05-31-45_Biarmipes84_metben,3548.0,3549.0,1.0
2024.10.29_05-31-45_Biarmipes84_metben,3551.0,3551.0,1.0
2024.10.29_05-31-45_Biarmipes84_metben,3554.0,3555.0,1.0
2024.10.29_05-31-45_Biarmipes84_metben,3557.0,3557.0,1.0
2024.10.29_05-31-45_Biarmipes84_metben,3560.0,3560.0,1.0
2024.10.29_05-31-45_Biarmipes84_metben,3564.0,3564.0,1.0
2024.10.29_05-31-45_Biarmipes84_metben,3573.0,3573.0,1.0
2024.10.29_05-31-45_Biarmipes84_metben,3575.0,3575.0,1.0
2024.10.29_05-31-45_Biarmipes84_metben,3577.0,3578.0,1.0
2024.10.29_05-31-45_Biarmipes84_metben,3583.0,3583.0,1.0
2024.10.29_05-31-45_Biarmipes84_metben,3591.0,3591.0,1.0
2024.10.29_05-31-45_Biarmipes84_metben,3593.0,3593.0,1.0
2024.10.29_05-31-45_Biarmipes84_metben,3595.0,3595.0,1.0
2024.10.29_05-31-45_Biarmipes84_metben,3597.0,3598.0,1.0
2024.10.29_05-31-45_Biarmipes84_metben,3604.0,3604.0,1.0
2024.10.29_05-31-45_Biarmipes84_metben,3606.0,3606.0,1.0
2024.10.29_05-31-45_Biarmipes84_metben,3610.0,3610.0,1.0
2024.10.29_05-31-45_Biarmipes84_metben,3622.0,3623.0,1.0
2024.10.29_05-31-45_Biarmipes84_metben,3625.0,3625.0,1.0
2024.10.29_05-31-45_Biarmipes84_metben,3638.0,3638.0,1.0
2024.10.29_05-31-45_Biarmipes84_metben,3640.0,3641.0,1.0
2024.10.29_05-31-45_Biarmipes84_metben,3644.0,3647.0,1.0
2024.10.29_05-31-45_Biarmipes84_metben,3649.0,3656.0,1.0
2024.10.29_05-31-45_Biarmipes84_metben,3662.0,3663.0,1.0
2024.10.29_05-31-45_Biarmipes84_metben,3666.0,3667.0,1.0
2024.10.29_05-31-45_Biarmipes84_metben,3670.0,3671.0,1.0
2024.10.29_05-31-45_Biarmipes84_metben,3673.0,3673.0,1.0
2024.10.29_05-31-45_Biarmipes84_metben,3675.0,3675.0,1.0
2024.10.29_05-31-45_Biarmipes84_metben,3677.0,3678.0,1.0
2024.10.29_05-31-45_Biarmipes84_metben,3680.0,3682.0,1.0
2024.10.29_05-31-45_Biarmipes84_metben,3684.0,3684.0,1.0
2024.10.29_05-31-45_Biarmipes84_metben,3687.0,3688.0,1.0
2024.10.29_05-31-45_Biarmipes84_metben,3690.0,3698.0,1.0
2024.10.29_05-31-45_Biarmipes84_metben,3700.0,3733.0,1.0
2024.10.29_05-31-45_Biarmipes84_metben,3735.0,3755.0,1.0
2024.10.29_05-31-45_Biarmipes84_metben,3757.0,3763.0,1.0
2024.10.29_05-31-45_Biarmipes84_metben,3766.0,3771.0,1.0
2024.10.29_05-31-45_Biarmipes84_metben,3773.0,3774.0,1.0
2024.10.29_05-31-45_Biarmipes84_metben,3776.0,3796.0,1.0
2024.10.29_05-31-45_Biarmipes84_metben,3798.0,3813.0,1.0
2024.10.29_05-31-45_Biarmipes84_metben,3815.0,3822.0,1.0
2024.10.29_05-31-45_Biarmipes84_metben,3824.0,3824.0,1.0
2024.10.29_05-31-45_Biarmipes84_metben,3826.0,3827.0,1.0
2024.10.29_05-31-45_Biarmipes84_metben,3829.0,3831.0,1.0
2024.10.29_05-31-45_Biarmipes84_metben,3833.0,3849.0,1.0
2024.10.29_05-31-45_Biarmipes84_metben,3851.0,3858.0,1.0
2024.10.29_05-31-45_Biarmipes84_metben,3860.0,3860.0,1.0
2024.10.29_05-31-45_Biarmipes84_metben,3862.0,3885.0,1.0
2024.10.03_10-16-32_Sto_car_no_odor,4734.0,4879.0,1.0
2024.10.03_10-16-32_Sto_car_no_odor,4881.0,6392.0,1.0
2024.10.03_10-16-32_Sto_car_no_odor,6394.0,6401.0,1.0
2024.10.03_10-16-32_Sto_car_no_odor,6403.0,6428.0,1.0
2024.10.03_10-16-32_Sto_car_no_odor,6430.0,6437.0,1.0
2024.10.03_10-16-32_Sto_car_no_odor,6439.0,6442.0,1.0
2024.10.03_10-16-32_Sto_car_no_odor,6445.0,6448.0,1.0
2024.10.03_10-16-32_Sto_car_no_odor,6450.0,6498.0,1.0
2024.10.03_10-16-32_Sto_car_no_odor,6502.0,6502.0,1.0
2024.10.03_10-16-32_Sto_car_no_odor,6506.0,6512.0,1.0
2024.10.03_10-16-32_Sto_car_no_odor,6514.0,6516.0,1.0
2024.10.03_10-16-32_Sto_car_no_odor,6519.0,6520.0,1.0
2024.10.03_10-16-32_Sto_car_no_odor,6522.0,6537.0,1.0
2024.10.03_10-16-32_Sto_car_no_odor,6539.0,6540.0,1.0
2024.10.03_10-16-32_Sto_car_no_odor,6542.0,6546.0,1.0
2024.10.03_10-16-32_Sto_car_no_odor,6548.0,6548.0,1.0
2024.10.03_10-16-32_Sto_car_no_odor,6550.0,6554.0,1.0
2024.10.03_10-16-32_Sto_car_no_odor,6556.0,6557.0,1.0
2024.10.03_10-16-32_Sto_car_no_odor,6559.0,6561.0,1.0
2024.10.03_10-16-32_Sto_car_no_odor,6565.0,6566.0,1.0
2024.10.03_10-16-32_Sto_car_no_odor,6568.0,6568.0,1.0
2024.10.03_10-16-32_Sto_car_no_odor,6584.0,6584.0,1.0
2024.10.03_10-16-32_Sto_car_no_odor,6587.0,6589.0,1.0
2024.10.03_10-16-32_Sto_car_no_odor,6595.0,6595.0,1.0
2024.10.03_10-16-32_Sto_car_no_odor,6598.0,6598.0,1.0
2024.10.03_10-16-32_Sto_car_no_odor,6605.0,6605.0,1.0
2024.10.03_10-16-32_Sto_car_no_odor,6613.0,6613.0,1.0
2024.10.03_10-16-32_Sto_car_no_odor,6729.0,6729.0,1.0
2024.10.03_10-16-32_Sto_car_no_odor,6760.0,6760.0,1.0
2024.10.03_10-16-32_Sto_car_no_odor,6764.0,6764.0,1.0
2024.10.03_10-16-32_Sto_car_no_odor,6767.0,6768.0,1.0
2024.10.03_10-16-32_Sto_car_no_odor,6770.0,6775.0,1.0
2024.10.03_10-16-32_Sto_car_no_odor,6777.0,6779.0,1.0
2024.10.03_10-16-32_Sto_car_no_odor,6781.0,6788.0,1.0
2024.10.03_10-16-32_Sto_car_no_odor,6790.0,6792.0,1.0
2024.10.03_10-16-32_Sto_car_no_odor,6794.0,6814.0,1.0
2024.10.03_10-16-32_Sto_car_no_odor,6816.0,6836.0,1.0
2024.10.03_10-16-32_Sto_car_no_odor,6838.0,6868.0,1.0
2024.10.03_10-16-32_Sto_car_no_odor,6870.0,6877.0,1.0
2024.10.03_10-16-32_Sto_car_no_odor,6880.0,6882.0,1.0
2024.10.03_10-16-32_Sto_car_no_odor,6884.0,6884.0,1.0
2024.10.03_10-16-32_Sto_car_no_odor,6886.0,6886.0,1.0
2024.10.03_10-16-32_Sto_car_no_odor,6889.0,6889.0,1.0
2024.10.03_10-16-32_Sto_car_no_odor,6891.0,6894.0,1.0
2024.10.03_10-16-32_Sto_car_no_odor,6896.0,6905.0,1.0
2024.10.03_10-16-32_Sto_car_no_odor,6907.0,6907.0,1.0
2024.10.03_10-16-32_Sto_car_no_odor,6909.0,6909.0,1.0
2024.10.03_10-16-32_Sto_car_no_odor,6911.0,6914.0,1.0
2024.10.03_10-16-32_Sto_car_no_odor,6916.0,6924.0,1.0
2024.10.03_10-16-32_Sto_car_no_odor,6927.0,6927.0,1.0
2024.10.03_10-16-32_Sto_car_no_odor,6929.0,6929.0,1.0
2024.10.03_10-16-32_Sto_car_no_odor,6931.0,6932.0,1.0
2024.10.03_10-16-32_Sto_car_no_odor,6934.0,6937.0,1.0
2024.10.03_10-16-32_Sto_car_no_odor,6939.0,6942.0,1.0
2024.10.03_10-16-32_Sto_car_no_odor,6944.0,6969.0,1.0
2024.10.03_10-16-32_Sto_car_no_odor,6971.0,6992.0,1.0
2024.10.03_10-16-32_Sto_car_no_odor,6994.0,7052.0,1.0
2024.10.03_10-16-32_Sto_car_no_odor,7054.0,7059.0,1.0
2024.10.03_10-16-32_Sto_car_no_odor,7061.0,7077.0,1.0
2024.10.03_10-16-32_Sto_car_no_odor,7079.0,7085.0,1.0
2024.10.03_10-16-32_Sto_car_no_odor,7087.0,7109.0,1.0
2024.10.03_10-16-32_Sto_car_no_odor,7111.0,7159.0,1.0
2024.10.03_10-16-32_Sto_car_no_odor,7161.0,7163.0,1.0
2024.10.03_10-16-32_Sto_car_no_odor,7165.0,7174.0,1.0
2024.10.03_10-16-32_Sto_car_no_odor,7176.0,7177.0,1.0
2024.10.03_10-16-32_Sto_car_no_odor,7179.0,7183.0,1.0
2024.10.03_10-16-32_Sto_car_no_odor,7185.0,7192.0,1.0
2024.10.03_10-16-32_Sto_car_no_odor,7194.0,7237.0,1.0
2024.10.03_10-16-32_Sto_car_no_odor,7239.0,7240.0,1.0
2024.10.03_10-16-32_Sto_car_no_odor,7242.0,8866.0,1.0
2024.11.13_21-58-25_Yakuba_cameroon_e2hex,3.0,2546.0,1.0
2024.11.13_21-58-25_Yakuba_cameroon_e2hex,2550.0,2550.0,1.0
2024.11.13_21-58-25_Yakuba_cameroon_e2hex,2567.0,2567.0,1.0
2024.11.13_21-58-25_Yakuba_cameroon_e2hex,2570.0,2850.0,1.0
2024.11.13_21-58-25_Yakuba_cameroon_e2hex,2857.0,2966.0,1.0
2024.11.13_21-58-25_Yakuba_cameroon_e2hex,2968.0,3138.0,1.0
2024.10.25_07-10-10_CantonS_metben,4766.0,4767.0,1.0
2024.10.25_07-10-10_CantonS_metben,4769.0,5164.0,1.0
2024.10.25_07-10-10_CantonS_metben,5166.0,5241.0,1.0
2024.10.25_07-10-10_CantonS_metben,5244.0,5244.0,1.0
2024.10.25_07-10-10_CantonS_metben,5247.0,5248.0,1.0
2024.10.25_07-10-10_CantonS_metben,5250.0,5252.0,1.0
2024.10.25_07-10-10_CantonS_metben,5254.0,5258.0,1.0
2024.10.25_07-10-10_CantonS_metben,5260.0,5264.0,1.0
2024.10.25_07-10-10_CantonS_metben,5266.0,5280.0,1.0
2024.10.25_07-10-10_CantonS_metben,5282.0,8999.0,1.0
2024.10.11_11-24-51_Biarmipes_G224_1hexanol,5611.0,5665.0,1.0
2024.10.11_11-24-51_Biarmipes_G224_1hexanol,5669.0,5682.0,1.0
2024.10.11_11-24-51_Biarmipes_G224_1hexanol,5795.0,8165.0,1.0
2024.10.11_11-24-51_Biarmipes_G224_1hexanol,8168.0,8999.0,1.0
2024.10.11_09-42-54_Biarmipes_G224_1hexanol,3.0,2777.0,1.0
2024.10.11_09-42-54_Biarmipes_G224_1hexanol,2779.0,3154.0,1.0
2024.10.11_09-42-54_Biarmipes_G224_1hexanol,3156.0,3157.0,1.0
2024.10.11_09-42-54_Biarmipes_G224_1hexanol,3160.0,3161.0,1.0
2024.10.11_09-42-54_Biarmipes_G224_1hexanol,3163.0,3163.0,1.0
2024.10.11_09-42-54_Biarmipes_G224_1hexanol,3165.0,3168.0,1.0
2024.10.11_09-42-54_Biarmipes_G224_1hexanol,3170.0,3170.0,1.0
2024.10.11_09-42-54_Biarmipes_G224_1hexanol,3173.0,3176.0,1.0
2024.10.11_09-42-54_Biarmipes_G224_1hexanol,3178.0,3178.0,1.0
2024.10.11_09-42-54_Biarmipes_G224_1hexanol,3181.0,3185.0,1.0
2024.10.11_09-42-54_Biarmipes_G224_1hexanol,3188.0,3193.0,1.0
2024.10.11_09-42-54_Biarmipes_G224_1hexanol,3195.0,3197.0,1.0
2024.10.11_09-42-54_Biarmipes_G224_1hexanol,3202.0,3203.0,1.0
2024.10.11_09-42-54_Biarmipes_G224_1hexanol,3205.0,3209.0,1.0
2024.10.11_09-42-54_Biarmipes_G224_1hexanol,3212.0,3212.0,1.0
2024.10.11_09-42-54_Biarmipes_G224_1hexanol,3214.0,3216.0,1.0
2024.10.11_09-42-54_Biarmipes_G224_1hexanol,3222.0,3222.0,1.0
2024.10.11_09-42-54_Biarmipes_G224_1hexanol,3225.0,3225.0,1.0
2024.10.11_09-42-54_Biarmipes_G224_1hexanol,3228.0,3228.0,1.0
2024.10.11_09-42-54_Biarmipes_G224_1hexanol,3230.0,3231.0,1.0
2024.10.11_09-42-54_Biarmipes_G224_1hexanol,3241.0,3246.0,1.0
2024.10.11_09-42-54_Biarmipes_G224_1hexanol,3249.0,3251.0,1.0
2024.10.11_09-42-54_Biarmipes_G224_1hexanol,3257.0,3257.0,1.0
2024.10.11_09-42-54_Biarmipes_G224_1hexanol,3261.0,3263.0,1.0
2024.10.11_09-42-54_Biarmipes_G224_1hexanol,3265.0,3269.0,1.0
2024.10.11_09-42-54_Biarmipes_G224_1hexanol,3272.0,3332.0,1.0
2024.10.11_09-42-54_Biarmipes_G224_1hexanol,3334.0,3334.0,1.0
2024.10.11_09-42-54_Biarmipes_G224_1hexanol,3337.0,3340.0,1.0
2024.10.14_14-19-06_Biarmipes84_1hexanol,5676.0,8200.0,1.0
2024.10.25_04-38-39_Yakuba7_prenac,3596.0,3597.0,1.0
2024.10.25_04-38-39_Yakuba7_prenac,3600.0,3601.0,1.0
2024.10.25_04-38-39_Yakuba7_prenac,3603.0,3603.0,1.0
2024.10.25_04-38-39_Yakuba7_prenac,3605.0,3610.0,1.0
2024.10.25_04-38-39_Yakuba7_prenac,3612.0,3620.0,1.0
2024.10.25_04-38-39_Yakuba7_prenac,3622.0,3628.0,1.0
2024.10.25_04-38-39_Yakuba7_prenac,3631.0,3631.0,1.0
2024.10.25_04-38-39_Yakuba7_prenac,3633.0,3633.0,1.0
2024.10.25_04-38-39_Yakuba7_prenac,3635.0,3642.0,1.0
2024.10.25_04-38-39_Yakuba7_prenac,3644.0,3644.0,1.0
2024.10.25_04-38-39_Yakuba7_prenac,3646.0,3648.0,1.0
2024.10.25_04-38-39_Yakuba7_prenac,3653.0,3653.0,1.0
2024.10.25_04-38-39_Yakuba7_prenac,3656.0,3675.0,1.0
2024.10.25_04-38-39_Yakuba7_prenac,3678.0,3711.0,1.0
2024.10.25_04-38-39_Yakuba7_prenac,3713.0,3719.0,1.0
2024.10.25_04-38-39_Yakuba7_prenac,3721.0,3723.0,1.0
2024.10.25_04-38-39_Yakuba7_prenac,3725.0,3737.0,1.0
2024.10.25_04-38-39_Yakuba7_prenac,3739.0,3746.0,1.0
2024.10.25_04-38-39_Yakuba7_prenac,3748.0,3749.0,1.0
2024.10.25_04-38-39_Yakuba7_prenac,3751.0,3751.0,1.0
2024.10.25_04-38-39_Yakuba7_prenac,3754.0,3754.0,1.0
2024.10.25_04-38-39_Yakuba7_prenac,3761.0,3761.0,1.0
2024.10.25_04-38-39_Yakuba7_prenac,3764.0,3764.0,1.0
2024.10.25_04-38-39_Yakuba7_prenac,3766.0,3770.0,1.0
2024.10.25_04-38-39_Yakuba7_prenac,3772.0,3774.0,1.0
2024.10.25_04-38-39_Yakuba7_prenac,3776.0,3779.0,1.0
2024.10.25_04-38-39_Yakuba7_prenac,3781.0,3782.0,1.0
2024.10.25_04-38-39_Yakuba7_prenac,3785.0,3785.0,1.0
2024.10.25_04-38-39_Yakuba7_prenac,3787.0,3815.0,1.0
2024.10.25_04-38-39_Yakuba7_prenac,3817.0,3845.0,1.0
2024.10.25_04-38-39_Yakuba7_prenac,3847.0,3847.0,1.0
2024.10.25_04-38-39_Yakuba7_prenac,3849.0,3878.0,1.0
2024.10.25_04-38-39_Yakuba7_prenac,3880.0,3880.0,1.0
2024.10.25_04-38-39_Yakuba7_prenac,3882.0,3896.0,1.0
2024.10.25_04-38-39_Yakuba7_prenac,3898.0,3900.0,1.0
2024.10.25_04-38-39_Yakuba7_prenac,3902.0,3906.0,1.0
2024.10.25_04-38-39_Yakuba7_prenac,3908.0,3978.0,1.0
2024.10.25_04-38-39_Yakuba7_prenac,3980.0,3980.0,1.0
2024.10.25_04-38-39_Yakuba7_prenac,3982.0,3996.0,1.0
2024.10.25_04-38-39_Yakuba7_prenac,3998.0,4019.0,1.0
2024.10.25_04-38-39_Yakuba7_prenac,4021.0,4324.0,1.0
2024.10.25_04-38-39_Yakuba7_prenac,4326.0,4329.0,1.0
2024.10.25_04-38-39_Yakuba7_prenac,4331.0,4349.0,1.0
2024.10.25_04-38-39_Yakuba7_prenac,4351.0,4365.0,1.0
2024.10.25_04-38-39_Yakuba7_prenac,4367.0,4372.0,1.0
2024.10.25_04-38-39_Yakuba7_prenac,4374.0,4375.0,1.0
2024.10.25_04-38-39_Yakuba7_prenac,4377.0,4380.0,1.0
2024.10.25_04-38-39_Yakuba7_prenac,4382.0,4383.0,1.0
2024.10.25_04-38-39_Yakuba7_prenac,4385.0,4386.0,1.0
2024.10.25_04-38-39_Yakuba7_prenac,4388.0,4397.0,1.0
2024.10.25_04-38-39_Yakuba7_prenac,4399.0,4401.0,1.0
2024.10.25_04-38-39_Yakuba7_prenac,4403.0,4407.0,1.0
2024.10.25_04-38-39_Yakuba7_prenac,4409.0,4448.0,1.0
2024.10.25_04-38-39_Yakuba7_prenac,4450.0,5960.0,1.0
2024.10.25_04-38-39_Yakuba7_prenac,5962.0,6015.0,1.0
2024.10.25_04-38-39_Yakuba7_prenac,6017.0,6037.0,1.0
2024.10.25_04-38-39_Yakuba7_prenac,6039.0,6079.0,1.0
2024.10.25_04-38-39_Yakuba7_prenac,6081.0,6085.0,1.0
2024.10.25_04-38-39_Yakuba7_prenac,6088.0,6110.0,1.0
2024.10.25_04-38-39_Yakuba7_prenac,6112.0,6206.0,1.0
2024.10.25_04-38-39_Yakuba7_prenac,6208.0,6209.0,1.0
2024.10.25_04-38-39_Yakuba7_prenac,6211.0,6284.0,1.0
2024.10.25_04-38-39_Yakuba7_prenac,6288.0,6289.0,1.0
2024.10.25_04-38-39_Yakuba7_prenac,6292.0,6296.0,1.0
2024.10.25_04-38-39_Yakuba7_prenac,6300.0,6303.0,1.0
2024.10.25_04-38-39_Yakuba7_prenac,6306.0,6313.0,1.0
2024.10.25_04-38-39_Yakuba7_prenac,6315.0,6322.0,1.0
2024.10.25_04-38-39_Yakuba7_prenac,6324.0,6326.0,1.0
2024.10.25_04-38-39_Yakuba7_prenac,6328.0,6329.0,1.0
2024.10.25_04-38-39_Yakuba7_prenac,6332.0,6332.0,1.0
2024.10.25_04-38-39_Yakuba7_prenac,6344.0,6345.0,1.0
2024.10.25_04-38-39_Yakuba7_prenac,6347.0,6352.0,1.0
2024.10.25_04-38-39_Yakuba7_prenac,6355.0,6356.0,1.0
2024.10.25_04-38-39_Yakuba7_prenac,6360.0,6360.0,1.0
2024.10.25_04-38-39_Yakuba7_prenac,6363.0,6363.0,1.0
2024.10.25_04-38-39_Yakuba7_prenac,6365.0,6365.0,1.0
2024.10.25_04-38-39_Yakuba7_prenac,6367.0,6368.0,1.0
2024.10.25_04-38-39_Yakuba7_prenac,6370.0,6370.0,1.0
2024.10.25_04-38-39_Yakuba7_prenac,6373.0,6376.0,1.0
2024.10.25_04-38-39_Yakuba7_prenac,6381.0,6383.0,1.0
2024.10.25_04-38-39_Yakuba7_prenac,6386.0,6390.0,1.0
2024.10.25_04-38-39_Yakuba7_prenac,6392.0,6393.0,1.0
2024.10.25_04-38-39_Yakuba7_prenac,6395.0,6398.0,1.0
2024.10.25_04-38-39_Yakuba7_prenac,6400.0,6404.0,1.0
2024.10.25_04-38-39_Yakuba7_prenac,6406.0,6415.0,1.0
2024.10.25_04-38-39_Yakuba7_prenac,6417.0,6421.0,1.0
2024.10.25_04-38-39_Yakuba7_prenac,6423.0,6459.0,1.0
2024.10.25_04-38-39_Yakuba7_prenac,6461.0,6470.0,1.0
2024.10.25_04-38-39_Yakuba7_prenac,6472.0,6474.0,1.0
2024.10.25_04-38-39_Yakuba7_prenac,6476.0,6503.0,1.0
2024.10.25_04-38-39_Yakuba7_prenac,6507.0,6507.0,1.0
2024.10.25_04-38-39_Yakuba7_prenac,6509.0,6523.0,1.0
2024.10.25_04-38-39_Yakuba7_prenac,6525.0,6526.0,1.0
2024.10.25_04-38-39_Yakuba7_prenac,6529.0,6529.0,1.0
2024.10.25_04-38-39_Yakuba7_prenac,6531.0,6531.0,1.0
2024.10.25_04-38-39_Yakuba7_prenac,6535.0,6535.0,1.0
2024.10.25_04-38-39_Yakuba7_prenac,6537.0,6538.0,1.0
2024.10.25_04-38-39_Yakuba7_prenac,6540.0,6540.0,1.0
2024.10.25_04-38-39_Yakuba7_prenac,6542.0,6542.0,1.0
2024.10.25_04-38-39_Yakuba7_prenac,6544.0,6545.0,1.0
2024.10.25_04-38-39_Yakuba7_prenac,6551.0,6552.0,1.0
2024.10.25_04-38-39_Yakuba7_prenac,6554.0,6554.0,1.0
2024.10.25_04-38-39_Yakuba7_prenac,6556.0,6556.0,1.0
2024.10.25_04-38-39_Yakuba7_prenac,6562.0,6564.0,1.0
2024.10.25_04-38-39_Yakuba7_prenac,6566.0,6567.0,1.0
2024.10.25_04-38-39_Yakuba7_prenac,6573.0,6574.0,1.0
2024.10.25_04-38-39_Yakuba7_prenac,6583.0,6589.0,1.0
2024.10.25_04-38-39_Yakuba7_prenac,6591.0,6597.0,1.0
2024.10.25_04-38-39_Yakuba7_prenac,6599.0,6599.0,1.0
2024.10.25_04-38-39_Yakuba7_prenac,6601.0,6602.0,1.0
2024.10.25_04-38-39_Yakuba7_prenac,6605.0,6606.0,1.0
2024.10.25_04-38-39_Yakuba7_prenac,6608.0,6616.0,1.0
2024.10.25_04-38-39_Yakuba7_prenac,6619.0,6619.0,1.0
2024.10.25_04-38-39_Yakuba7_prenac,6622.0,6622.0,1.0
2024.10.25_04-38-39_Yakuba7_prenac,6624.0,6627.0,1.0
2024.10.25_04-38-39_Yakuba7_prenac,6629.0,6633.0,1.0
2024.10.25_04-38-39_Yakuba7_prenac,6635.0,6635.0,1.0
2024.10.25_04-38-39_Yakuba7_prenac,6637.0,6646.0,1.0
2024.10.25_04-38-39_Yakuba7_prenac,6648.0,6658.0,1.0
2024.10.25_04-38-39_Yakuba7_prenac,6660.0,6660.0,1.0
2024.10.25_04-38-39_Yakuba7_prenac,6662.0,6665.0,1.0
2024.10.25_04-38-39_Yakuba7_prenac,6667.0,6674.0,1.0
2024.10.25_04-38-39_Yakuba7_prenac,6676.0,6677.0,1.0
2024.10.25_04-38-39_Yakuba7_prenac,6681.0,6681.0,1.0
2024.10.25_04-38-39_Yakuba7_prenac,6683.0,6693.0,1.0
2024.10.25_04-38-39_Yakuba7_prenac,6695.0,6695.0,1.0
2024.10.25_04-38-39_Yakuba7_prenac,6699.0,6699.0,1.0
2024.10.25_04-38-39_Yakuba7_prenac,6701.0,6704.0,1.0
2024.10.25_04-38-39_Yakuba7_prenac,6710.0,6715.0,1.0
2024.10.25_04-38-39_Yakuba7_prenac,6717.0,6721.0,1.0
2024.10.25_04-38-39_Yakuba7_prenac,6724.0,6732.0,1.0
2024.10.25_04-38-39_Yakuba7_prenac,6734.0,6736.0,1.0
2024.10.25_04-38-39_Yakuba7_prenac,6739.0,6764.0,1.0
2024.10.25_04-38-39_Yakuba7_prenac,6769.0,6776.0,1.0
2024.10.25_04-38-39_Yakuba7_prenac,6778.0,6781.0,1.0
2024.10.25_04-38-39_Yakuba7_prenac,6783.0,6789.0,1.0
2024.10.25_04-38-39_Yakuba7_prenac,6791.0,6791.0,1.0
2024.10.25_04-38-39_Yakuba7_prenac,6793.0,6795.0,1.0
2024.10.25_04-38-39_Yakuba7_prenac,6799.0,6799.0,1.0
2024.10.25_04-38-39_Yakuba7_prenac,6807.0,6811.0,1.0
2024.10.25_04-38-39_Yakuba7_prenac,6813.0,6818.0,1.0
2024.10.25_04-38-39_Yakuba7_prenac,6825.0,6830.0,1.0
2024.10.25_04-38-39_Yakuba7_prenac,6832.0,6839.0,1.0
2024.10.25_04-38-39_Yakuba7_prenac,6841.0,6841.0,1.0
2024.10.25_04-38-39_Yakuba7_prenac,6843.0,6843.0,1.0
2024.10.25_04-38-39_Yakuba7_prenac,6845.0,6845.0,1.0
2024.10.25_04-38-39_Yakuba7_prenac,6847.0,6848.0,1.0
2024.10.25_04-38-39_Yakuba7_prenac,6850.0,6874.0,1.0
2024.10.25_04-38-39_Yakuba7_prenac,6876.0,6924.0,1.0
2024.10.25_04-38-39_Yakuba7_prenac,6926.0,6965.0,1.0
2024.10.25_04-38-39_Yakuba7_prenac,6967.0,6967.0,1.0
2024.10.25_04-38-39_Yakuba7_prenac,6969.0,6970.0,1.0
2024.10.25_04-38-39_Yakuba7_prenac,6972.0,6975.0,1.0
2024.10.25_04-38-39_Yakuba7_prenac,6978.0,6991.0,1.0
2024.10.25_04-38-39_Yakuba7_prenac,6993.0,7015.0,1.0
2024.10.25_04-38-39_Yakuba7_prenac,7017.0,7017.0,1.0
2024.10.25_04-38-39_Yakuba7_prenac,7020.0,7023.0,1.0
2024.10.25_04-38-39_Yakuba7_prenac,7025.0,7025.0,1.0
2024.10.25_04-38-39_Yakuba7_prenac,7027.0,7027.0,1.0
2024.10.25_04-38-39_Yakuba7_prenac,7029.0,7032.0,1.0
2024.10.25_04-38-39_Yakuba7_prenac,7037.0,7043.0,1.0
2024.10.25_04-38-39_Yakuba7_prenac,7045.0,7049.0,1.0
2024.10.25_04-38-39_Yakuba7_prenac,7054.0,7054.0,1.0
2024.10.25_04-38-39_Yakuba7_prenac,7064.0,7064.0,1.0
2024.10.25_04-38-39_Yakuba7_prenac,7066.0,7066.0,1.0
2024.10.25_04-38-39_Yakuba7_prenac,7068.0,7068.0,1.0
2024.10.25_04-38-39_Yakuba7_prenac,7070.0,7070.0,1.0
2024.10.25_04-38-39_Yakuba7_prenac,7073.0,7073.0,1.0
2024.10.25_04-38-39_Yakuba7_prenac,7075.0,7076.0,1.0
2024.10.25_04-38-39_Yakuba7_prenac,7080.0,7080.0,1.0
2024.10.25_04-38-39_Yakuba7_prenac,7082.0,7084.0,1.0
2024.10.25_04-38-39_Yakuba7_prenac,7086.0,7086.0,1.0
2024.10.25_04-38-39_Yakuba7_prenac,7088.0,7088.0,1.0
2024.10.25_04-38-39_Yakuba7_prenac,7090.0,7093.0,1.0
2024.10.25_04-38-39_Yakuba7_prenac,7096.0,7096.0,1.0
2024.10.25_04-38-39_Yakuba7_prenac,7098.0,7098.0,1.0
2024.10.25_04-38-39_Yakuba7_prenac,7102.0,7102.0,1.0
2024.10.25_04-38-39_Yakuba7_prenac,7119.0,7120.0,1.0
2024.10.25_04-38-39_Yakuba7_prenac,7128.0,7129.0,1.0
2024.10.25_04-38-39_Yakuba7_prenac,7133.0,7133.0,1.0
2024.10.25_04-38-39_Yakuba7_prenac,7135.0,7135.0,1.0
2024.10.25_04-38-39_Yakuba7_prenac,7137.0,7137.0,1.0
2024.10.25_04-38-39_Yakuba7_prenac,7145.0,7145.0,1.0
2024.10.25_04-38-39_Yakuba7_prenac,7154.0,7154.0,1.0
2024.10.25_04-38-39_Yakuba7_prenac,7161.0,7169.0,1.0
2024.10.25_04-38-39_Yakuba7_prenac,7174.0,7174.0,1.0
2024.10.25_04-38-39_Yakuba7_prenac,7191.0,7191.0,1.0
2024.10.25_04-38-39_Yakuba7_prenac,7195.0,7197.0,1.0
2024.10.25_04-38-39_Yakuba7_prenac,7203.0,7203.0,1.0
2024.10.25_04-38-39_Yakuba7_prenac,7206.0,7206.0,1.0
2024.10.25_04-38-39_Yakuba7_prenac,7208.0,7208.0,1.0
2024.10.25_04-38-39_Yakuba7_prenac,7212.0,7212.0,1.0
2024.10.25_04-38-39_Yakuba7_prenac,7216.0,7217.0,1.0
2024.10.25_04-38-39_Yakuba7_prenac,7226.0,7226.0,1.0
2024.10.25_04-38-39_Yakuba7_prenac,7234.0,7234.0,1.0
2024.10.25_04-38-39_Yakuba7_prenac,7246.0,7246.0,1.0
2024.10.25_04-38-39_Yakuba7_prenac,7253.0,7253.0,1.0
2024.10.25_04-38-39_Yakuba7_prenac,7255.0,7256.0,1.0
2024.10.25_04-38-39_Yakuba7_prenac,7264.0,7264.0,1.0
2024.10.25_04-38-39_Yakuba7_prenac,7274.0,7274.0,1.0
2024.10.25_04-38-39_Yakuba7_prenac,7280.0,7281.0,1.0
2024.10.25_04-38-39_Yakuba7_prenac,7283.0,7283.0,1.0
2024.10.25_04-38-39_Yakuba7_prenac,7285.0,7285.0,1.0
2024.10.25_04-38-39_Yakuba7_prenac,7295.0,7295.0,1.0
2024.10.25_04-38-39_Yakuba7_prenac,7297.0,7297.0,1.0
2024.10.25_04-38-39_Yakuba7_prenac,7300.0,7300.0,1.0
2024.10.25_04-38-39_Yakuba7_prenac,7307.0,7309.0,1.0
2024.10.25_04-38-39_Yakuba7_prenac,7311.0,7311.0,1.0
2024.10.25_04-38-39_Yakuba7_prenac,7314.0,7314.0,1.0
2024.10.25_04-38-39_Yakuba7_prenac,7317.0,7317.0,1.0
2024.10.25_04-38-39_Yakuba7_prenac,7319.0,7319.0,1.0
2024.10.25_04-38-39_Yakuba7_prenac,7321.0,7321.0,1.0
2024.10.25_04-38-39_Yakuba7_prenac,7323.0,7325.0,1.0
2024.10.25_04-38-39_Yakuba7_prenac,7327.0,7327.0,1.0
2024.10.25_04-38-39_Yakuba7_prenac,7334.0,7336.0,1.0
2024.10.25_04-38-39_Yakuba7_prenac,7338.0,7339.0,1.0
2024.10.25_04-38-39_Yakuba7_prenac,7344.0,7347.0,1.0
2024.10.25_04-38-39_Yakuba7_prenac,7351.0,7351.0,1.0
2024.10.25_04-38-39_Yakuba7_prenac,7360.0,7360.0,1.0
2024.10.25_04-38-39_Yakuba7_prenac,7362.0,7362.0,1.0
2024.10.25_04-38-39_Yakuba7_prenac,7364.0,7364.0,1.0
2024.10.25_04-38-39_Yakuba7_prenac,7366.0,7366.0,1.0
2024.10.25_04-38-39_Yakuba7_prenac,7368.0,7371.0,1.0
2024.10.25_04-38-39_Yakuba7_prenac,7373.0,7373.0,1.0
2024.10.25_04-38-39_Yakuba7_prenac,7380.0,7383.0,1.0
2024.10.25_04-38-39_Yakuba7_prenac,7385.0,7388.0,1.0
2024.10.25_04-38-39_Yakuba7_prenac,7395.0,7397.0,1.0
2024.10.25_04-38-39_Yakuba7_prenac,7399.0,7413.0,1.0
2024.10.25_04-38-39_Yakuba7_prenac,7415.0,7415.0,1.0
2024.10.25_04-38-39_Yakuba7_prenac,7417.0,7421.0,1.0
2024.10.25_04-38-39_Yakuba7_prenac,7423.0,7427.0,1.0
2024.10.25_04-38-39_Yakuba7_prenac,7430.0,7430.0,1.0
2024.10.25_04-38-39_Yakuba7_prenac,7434.0,7434.0,1.0
2024.10.25_04-38-39_Yakuba7_prenac,7436.0,7440.0,1.0
2024.10.25_04-38-39_Yakuba7_prenac,7442.0,7443.0,1.0
2024.10.25_04-38-39_Yakuba7_prenac,7448.0,7471.0,1.0
2024.10.25_04-38-39_Yakuba7_prenac,7474.0,7499.0,1.0
2024.10.25_04-38-39_Yakuba7_prenac,7501.0,7505.0,1.0
2024.10.25_04-38-39_Yakuba7_prenac,7507.0,7605.0,1.0
2024.10.25_04-38-39_Yakuba7_prenac,7607.0,7645.0,1.0
2024.10.25_04-38-39_Yakuba7_prenac,7647.0,7662.0,1.0
2024.10.25_04-38-39_Yakuba7_prenac,7664.0,7667.0,1.0
2024.10.25_04-38-39_Yakuba7_prenac,7669.0,7672.0,1.0
2024.10.25_04-38-39_Yakuba7_prenac,7674.0,8940.0,1.0
2024.10.30_10-09-39_sussex_metben,3.0,618.0,1.0
2024.10.30_10-09-39_sussex_metben,628.0,637.0,1.0
2024.10.30_10-09-39_sussex_metben,640.0,1707.0,1.0
2024.10.30_10-09-39_sussex_metben,1711.0,1876.0,1.0
2024.10.23_14-42-52_Biarmipes_g224_prenac,2850.0,3479.0,1.0
2024.10.23_14-42-52_Biarmipes_g224_prenac,3481.0,3691.0,1.0
2024.07.05_16-50-17_Riverside (no odor),2013.0,2879.0,1.0
2024.10.18_12-59-49_Sto_car_prenac,3.0,1954.0,1.0
2024.12.19_14-05-53_Biarmipes_G224_no_odor,2769.0,2770.0,1.0
2024.12.19_14-05-53_Biarmipes_G224_no_odor,2786.0,2788.0,1.0
2024.12.19_14-05-53_Biarmipes_G224_no_odor,2792.0,2797.0,1.0
2024.12.19_14-05-53_Biarmipes_G224_no_odor,2799.0,2801.0,1.0
2024.12.19_14-05-53_Biarmipes_G224_no_odor,2804.0,2805.0,1.0
2024.12.19_14-05-53_Biarmipes_G224_no_odor,2807.0,2812.0,1.0
2024.12.19_14-05-53_Biarmipes_G224_no_odor,2818.0,2820.0,1.0
2024.12.19_14-05-53_Biarmipes_G224_no_odor,2829.0,2830.0,1.0
2024.12.19_14-05-53_Biarmipes_G224_no_odor,2833.0,2833.0,1.0
2024.12.19_14-05-53_Biarmipes_G224_no_odor,2837.0,2837.0,1.0
2024.12.19_14-05-53_Biarmipes_G224_no_odor,2850.0,2856.0,1.0
2024.12.19_14-05-53_Biarmipes_G224_no_odor,2858.0,2868.0,1.0
2024.12.19_14-05-53_Biarmipes_G224_no_odor,2870.0,2871.0,1.0
2024.12.19_14-05-53_Biarmipes_G224_no_odor,2873.0,2881.0,1.0
2024.12.19_14-05-53_Biarmipes_G224_no_odor,2883.0,2906.0,1.0
2024.12.19_14-05-53_Biarmipes_G224_no_odor,2909.0,2910.0,1.0
2024.12.19_14-05-53_Biarmipes_G224_no_odor,2912.0,3026.0,1.0
2024.12.19_14-05-53_Biarmipes_G224_no_odor,3028.0,3301.0,1.0
2024.12.19_14-05-53_Biarmipes_G224_no_odor,3304.0,3345.0,1.0
2024.12.19_14-05-53_Biarmipes_G224_no_odor,3347.0,3356.0,1.0
2024.12.19_14-05-53_Biarmipes_G224_no_odor,3358.0,3361.0,1.0
2024.12.19_14-05-53_Biarmipes_G224_no_odor,3364.0,3364.0,1.0
2024.12.19_14-05-53_Biarmipes_G224_no_odor,3373.0,3373.0,1.0
2024.12.19_14-05-53_Biarmipes_G224_no_odor,3376.0,3376.0,1.0
2024.12.19_14-05-53_Biarmipes_G224_no_odor,3379.0,3384.0,1.0
2024.12.19_14-05-53_Biarmipes_G224_no_odor,3386.0,3392.0,1.0
2024.12.19_14-05-53_Biarmipes_G224_no_odor,3394.0,3395.0,1.0
2024.12.19_14-05-53_Biarmipes_G224_no_odor,3397.0,3397.0,1.0
2024.12.19_14-05-53_Biarmipes_G224_no_odor,3400.0,3400.0,1.0
2024.12.19_14-05-53_Biarmipes_G224_no_odor,3404.0,3404.0,1.0
2024.12.19_14-05-53_Biarmipes_G224_no_odor,3406.0,3408.0,1.0
2024.12.19_14-05-53_Biarmipes_G224_no_odor,3410.0,3414.0,1.0
2024.12.19_14-05-53_Biarmipes_G224_no_odor,3416.0,3418.0,1.0
2024.12.19_14-05-53_Biarmipes_G224_no_odor,3420.0,3430.0,1.0
2024.12.19_14-05-53_Biarmipes_G224_no_odor,3432.0,3432.0,1.0
2024.12.19_14-05-53_Biarmipes_G224_no_odor,3434.0,3434.0,1.0
2024.12.19_14-05-53_Biarmipes_G224_no_odor,3437.0,3437.0,1.0
2024.12.19_14-05-53_Biarmipes_G224_no_odor,3440.0,3441.0,1.0
2024.12.19_14-05-53_Biarmipes_G224_no_odor,3444.0,3444.0,1.0
2024.12.19_14-05-53_Biarmipes_G224_no_odor,3446.0,3469.0,1.0
2024.12.19_14-05-53_Biarmipes_G224_no_odor,3471.0,3491.0,1.0
2024.12.19_14-05-53_Biarmipes_G224_no_odor,3493.0,3497.0,1.0
2024.12.19_14-05-53_Biarmipes_G224_no_odor,3499.0,3504.0,1.0
2024.12.19_14-05-53_Biarmipes_G224_no_odor,3506.0,4380.0,1.0
2024.12.19_14-05-53_Biarmipes_G224_no_odor,4382.0,4438.0,1.0
2024.12.19_14-05-53_Biarmipes_G224_no_odor,4440.0,4453.0,1.0
2024.12.19_14-05-53_Biarmipes_G224_no_odor,4455.0,4733.0,1.0
2024.12.19_14-05-53_Biarmipes_G224_no_odor,4735.0,4739.0,1.0
2024.12.19_14-05-53_Biarmipes_G224_no_odor,4741.0,4747.0,1.0
2024.12.19_14-05-53_Biarmipes_G224_no_odor,4749.0,4749.0,1.0
2024.12.19_14-05-53_Biarmipes_G224_no_odor,4751.0,4756.0,1.0
2024.12.19_14-05-53_Biarmipes_G224_no_odor,4758.0,4769.0,1.0
2024.12.19_14-05-53_Biarmipes_G224_no_odor,4771.0,4773.0,1.0
2024.12.19_14-05-53_Biarmipes_G224_no_odor,4775.0,4775.0,1.0
2024.12.19_14-05-53_Biarmipes_G224_no_odor,4778.0,4780.0,1.0
2024.12.19_14-05-53_Biarmipes_G224_no_odor,4785.0,4785.0,1.0
2024.12.19_14-05-53_Biarmipes_G224_no_odor,4788.0,4789.0,1.0
2024.12.19_14-05-53_Biarmipes_G224_no_odor,4791.0,4793.0,1.0
2024.12.19_14-05-53_Biarmipes_G224_no_odor,4795.0,4795.0,1.0
2024.12.19_14-05-53_Biarmipes_G224_no_odor,4797.0,4814.0,1.0
2024.12.19_14-05-53_Biarmipes_G224_no_odor,4816.0,4816.0,1.0
2024.12.19_14-05-53_Biarmipes_G224_no_odor,4818.0,4828.0,1.0
2024.12.19_14-05-53_Biarmipes_G224_no_odor,4830.0,4830.0,1.0
2024.12.19_14-05-53_Biarmipes_G224_no_odor,4832.0,4834.0,1.0
2024.12.19_14-05-53_Biarmipes_G224_no_odor,4836.0,4907.0,1.0
2024.12.19_14-05-53_Biarmipes_G224_no_odor,4909.0,4951.0,1.0
2024.12.19_14-05-53_Biarmipes_G224_no_odor,4953.0,4953.0,1.0
2024.12.19_14-05-53_Biarmipes_G224_no_odor,4957.0,4962.0,1.0
2024.12.19_14-05-53_Biarmipes_G224_no_odor,4965.0,4966.0,1.0
2024.12.19_14-05-53_Biarmipes_G224_no_odor,4969.0,4969.0,1.0
2024.12.19_14-05-53_Biarmipes_G224_no_odor,4971.0,4972.0,1.0
2024.12.19_14-05-53_Biarmipes_G224_no_odor,4974.0,4975.0,1.0
2024.12.19_14-05-53_Biarmipes_G224_no_odor,4977.0,4979.0,1.0
2024.12.19_14-05-53_Biarmipes_G224_no_odor,4981.0,4981.0,1.0
2024.12.19_14-05-53_Biarmipes_G224_no_odor,4983.0,4983.0,1.0
2024.12.19_14-05-53_Biarmipes_G224_no_odor,4985.0,4988.0,1.0
2024.12.19_14-05-53_Biarmipes_G224_no_odor,4991.0,4993.0,1.0
2024.12.19_14-05-53_Biarmipes_G224_no_odor,4997.0,4998.0,1.0
2024.12.19_14-05-53_Biarmipes_G224_no_odor,5003.0,5003.0,1.0
2024.12.19_14-05-53_Biarmipes_G224_no_odor,5005.0,5006.0,1.0
2024.12.19_14-05-53_Biarmipes_G224_no_odor,5009.0,5010.0,1.0
2024.12.19_14-05-53_Biarmipes_G224_no_odor,5012.0,5015.0,1.0
2024.12.19_14-05-53_Biarmipes_G224_no_odor,5017.0,5026.0,1.0
2024.12.19_14-05-53_Biarmipes_G224_no_odor,5028.0,5029.0,1.0
2024.12.19_14-05-53_Biarmipes_G224_no_odor,5031.0,5031.0,1.0
2024.12.19_14-05-53_Biarmipes_G224_no_odor,5033.0,5040.0,1.0
2024.12.19_14-05-53_Biarmipes_G224_no_odor,5042.0,5043.0,1.0
2024.12.19_14-05-53_Biarmipes_G224_no_odor,5045.0,5049.0,1.0
2024.12.19_14-05-53_Biarmipes_G224_no_odor,5052.0,5109.0,1.0
2024.12.19_14-05-53_Biarmipes_G224_no_odor,5111.0,5170.0,1.0
2024.12.19_14-05-53_Biarmipes_G224_no_odor,5172.0,5173.0,1.0
2024.12.19_14-05-53_Biarmipes_G224_no_odor,5175.0,5175.0,1.0
2024.12.19_14-05-53_Biarmipes_G224_no_odor,5177.0,5177.0,1.0
2024.12.19_14-05-53_Biarmipes_G224_no_odor,5179.0,5194.0,1.0
2024.12.19_14-05-53_Biarmipes_G224_no_odor,5196.0,5204.0,1.0
2024.12.19_14-05-53_Biarmipes_G224_no_odor,5206.0,5206.0,1.0
2024.12.19_14-05-53_Biarmipes_G224_no_odor,5208.0,5213.0,1.0
2024.12.19_14-05-53_Biarmipes_G224_no_odor,5215.0,5215.0,1.0
2024.12.19_14-05-53_Biarmipes_G224_no_odor,5220.0,5223.0,1.0
2024.12.19_14-05-53_Biarmipes_G224_no_odor,5225.0,5226.0,1.0
2024.12.19_14-05-53_Biarmipes_G224_no_odor,5228.0,5235.0,1.0
2024.12.19_14-05-53_Biarmipes_G224_no_odor,5237.0,5243.0,1.0
2024.12.19_14-05-53_Biarmipes_G224_no_odor,5245.0,5247.0,1.0
2024.12.19_14-05-53_Biarmipes_G224_no_odor,5249.0,5255.0,1.0
2024.12.19_14-05-53_Biarmipes_G224_no_odor,5257.0,5261.0,1.0
2024.12.19_14-05-53_Biarmipes_G224_no_odor,5266.0,5316.0,1.0
2024.12.19_14-05-53_Biarmipes_G224_no_odor,5318.0,5324.0,1.0
2024.12.19_14-05-53_Biarmipes_G224_no_odor,5326.0,5326.0,1.0
2024.12.19_14-05-53_Biarmipes_G224_no_odor,5328.0,5329.0,1.0
2024.12.19_14-05-53_Biarmipes_G224_no_odor,5332.0,5332.0,1.0
2024.12.19_14-05-53_Biarmipes_G224_no_odor,5335.0,5337.0,1.0
2024.12.19_14-05-53_Biarmipes_G224_no_odor,5340.0,5342.0,1.0
2024.12.19_14-05-53_Biarmipes_G224_no_odor,5344.0,5344.0,1.0
2024.12.19_14-05-53_Biarmipes_G224_no_odor,5348.0,5358.0,1.0
2024.12.19_14-05-53_Biarmipes_G224_no_odor,5360.0,5360.0,1.0
2024.12.19_14-05-53_Biarmipes_G224_no_odor,5362.0,5362.0,1.0
2024.12.19_14-05-53_Biarmipes_G224_no_odor,8280.0,8281.0,1.0
2024.12.19_14-05-53_Biarmipes_G224_no_odor,8294.0,8295.0,1.0
2024.12.19_14-05-53_Biarmipes_G224_no_odor,8298.0,8299.0,1.0
2024.12.19_14-05-53_Biarmipes_G224_no_odor,8301.0,8303.0,1.0
2024.12.19_14-05-53_Biarmipes_G224_no_odor,8305.0,8307.0,1.0
2024.12.19_14-05-53_Biarmipes_G224_no_odor,8309.0,8324.0,1.0
2024.12.19_14-05-53_Biarmipes_G224_no_odor,8326.0,8614.0,1.0
2024.11.05_05-51-49_CantonS_e2hex,3103.0,3789.0,1.0
2024.11.05_05-51-49_CantonS_e2hex,3791.0,5154.0,1.0
2024.11.05_05-51-49_CantonS_e2hex,5156.0,5178.0,1.0
2024.11.04_05-39-33_Stocago_e2hex,2927.0,2927.0,1.0
2024.11.04_05-39-33_Stocago_e2hex,2930.0,3591.0,1.0
2024.11.04_05-39-33_Stocago_e2hex,6967.0,8999.0,1.0
2024.09.30_10-53-30_Stocago_no_odor,489.0,493.0,1.0
2024.09.30_10-53-30_Stocago_no_odor,496.0,496.0,1.0
2024.09.30_10-53-30_Stocago_no_odor,498.0,499.0,1.0
2024.09.30_10-53-30_Stocago_no_odor,501.0,512.0,1.0
2024.09.30_10-53-30_Stocago_no_odor,517.0,517.0,1.0
2024.09.30_10-53-30_Stocago_no_odor,519.0,1953.0,1.0
2024.09.30_10-53-30_Stocago_no_odor,1955.0,1960.0,1.0
2024.10.28_07-38-34_stocago_metben,3.0,886.0,1.0
2024.10.28_07-38-34_stocago_metben,888.0,903.0,1.0
2024.10.28_07-38-34_stocago_metben,905.0,943.0,1.0
2024.10.28_07-38-34_stocago_metben,946.0,1010.0,1.0
2024.10.28_07-38-34_stocago_metben,1012.0,1065.0,1.0
2024.10.28_07-38-34_stocago_metben,1067.0,1068.0,1.0
2024.10.28_07-38-34_stocago_metben,1073.0,1129.0,1.0
2024.10.28_07-38-34_stocago_metben,1145.0,1145.0,1.0
2024.10.28_07-38-34_stocago_metben,1148.0,2311.0,1.0
2024.10.28_07-38-34_stocago_metben,2315.0,2316.0,1.0
2024.10.28_07-38-34_stocago_metben,2318.0,2355.0,1.0
2024.10.28_07-38-34_stocago_metben,2358.0,2454.0,1.0
2024.10.28_07-38-34_stocago_metben,2456.0,2522.0,1.0
2024.10.28_07-38-34_stocago_metben,2534.0,2683.0,1.0
2024.10.28_07-38-34_stocago_metben,2687.0,2687.0,1.0
2024.10.28_07-38-34_stocago_metben,2689.0,5629.0,1.0
2024.10.28_07-38-34_stocago_metben,5631.0,5678.0,1.0
2024.10.28_07-38-34_stocago_metben,5717.0,5764.0,1.0
2024.10.28_07-38-34_stocago_metben,5767.0,5771.0,1.0
2024.10.28_07-38-34_stocago_metben,5776.0,5800.0,1.0
2024.10.15_14-28-53_Sechellia_2hept,3.0,736.0,1.0
2024.10.15_14-28-53_Sechellia_2hept,2458.0,2470.0,1.0
2024.10.15_14-28-53_Sechellia_2hept,2524.0,3069.0,1.0
2024.10.15_14-28-53_Sechellia_2hept,6957.0,8200.0,1.0
2024.11.13_01-23-08_Sussex_e2hex,3.0,3070.0,1.0
2024.11.13_01-23-08_Sussex_e2hex,3077.0,3652.0,1.0
2024.11.13_01-23-08_Sussex_e2hex,3654.0,3663.0,1.0
2024.11.13_01-23-08_Sussex_e2hex,3665.0,3665.0,1.0
