trial,start_frame,end_frame,is_swapped
2024.10.08_11-29-42_Sto_car_no_odor,3.0,22.0,1.0
2024.10.08_11-29-42_Sto_car_no_odor,24.0,28.0,1.0
2024.10.08_11-29-42_Sto_car_no_odor,31.0,52.0,1.0
2024.10.08_11-29-42_Sto_car_no_odor,55.0,157.0,1.0
2024.10.08_11-29-42_Sto_car_no_odor,159.0,798.0,1.0
2024.10.08_11-29-42_Sto_car_no_odor,821.0,821.0,1.0
2024.10.08_11-29-42_Sto_car_no_odor,823.0,837.0,1.0
2024.10.08_11-29-42_Sto_car_no_odor,839.0,852.0,1.0
2024.10.08_11-29-42_Sto_car_no_odor,854.0,1068.0,1.0
2024.11.13_02-42-37_Biarmipes_G224_e2hex,4169.0,4199.0,1.0
2024.11.13_02-42-37_Biarmipes_G224_e2hex,5867.0,5882.0,1.0
2024.11.13_02-42-37_Biarmipes_G224_e2hex,5884.0,5884.0,1.0
2024.11.13_02-42-37_Biarmipes_G224_e2hex,5887.0,5944.0,1.0
2024.11.13_02-42-37_Biarmipes_G224_e2hex,5946.0,5950.0,1.0
2024.11.13_02-42-37_Biarmipes_G224_e2hex,5967.0,5968.0,1.0
2024.11.13_02-42-37_Biarmipes_G224_e2hex,5970.0,5971.0,1.0
2024.11.13_02-42-37_Biarmipes_G224_e2hex,5974.0,6317.0,1.0
2024.11.13_02-42-37_Biarmipes_G224_e2hex,6320.0,6873.0,1.0
2024.11.13_02-42-37_Biarmipes_G224_e2hex,6875.0,6876.0,1.0
2024.11.13_02-42-37_Biarmipes_G224_e2hex,6879.0,6879.0,1.0
2024.11.13_02-42-37_Biarmipes_G224_e2hex,6884.0,6930.0,1.0
2024.11.13_02-42-37_Biarmipes_G224_e2hex,6934.0,6934.0,1.0
2024.11.13_02-42-37_Biarmipes_G224_e2hex,6942.0,6955.0,1.0
2024.11.13_02-42-37_Biarmipes_G224_e2hex,6957.0,6965.0,1.0
2024.11.13_02-42-37_Biarmipes_G224_e2hex,6967.0,6977.0,1.0
2024.11.13_02-42-37_Biarmipes_G224_e2hex,6979.0,6983.0,1.0
2024.11.13_02-42-37_Biarmipes_G224_e2hex,6986.0,6987.0,1.0
2024.11.13_02-42-37_Biarmipes_G224_e2hex,6990.0,6992.0,1.0
2024.11.13_02-42-37_Biarmipes_G224_e2hex,6994.0,7098.0,1.0
2024.11.13_02-42-37_Biarmipes_G224_e2hex,7100.0,7102.0,1.0
2024.11.13_02-42-37_Biarmipes_G224_e2hex,7104.0,7109.0,1.0
2024.11.13_02-42-37_Biarmipes_G224_e2hex,7111.0,7113.0,1.0
2024.11.13_02-42-37_Biarmipes_G224_e2hex,7115.0,7115.0,1.0
2024.11.13_02-42-37_Biarmipes_G224_e2hex,7119.0,7124.0,1.0
2024.11.13_02-42-37_Biarmipes_G224_e2hex,7126.0,7128.0,1.0
2024.11.13_02-42-37_Biarmipes_G224_e2hex,7130.0,7141.0,1.0
2024.11.13_02-42-37_Biarmipes_G224_e2hex,7143.0,7144.0,1.0
2024.11.13_02-42-37_Biarmipes_G224_e2hex,7146.0,7147.0,1.0
2024.11.13_02-42-37_Biarmipes_G224_e2hex,7153.0,7189.0,1.0
2024.11.13_02-42-37_Biarmipes_G224_e2hex,7191.0,7191.0,1.0
2024.11.13_02-42-37_Biarmipes_G224_e2hex,7193.0,7211.0,1.0
2024.11.13_02-42-37_Biarmipes_G224_e2hex,7213.0,7214.0,1.0
2024.11.13_02-42-37_Biarmipes_G224_e2hex,7217.0,7220.0,1.0
2024.11.13_02-42-37_Biarmipes_G224_e2hex,8108.0,8133.0,1.0
2024.11.13_02-42-37_Biarmipes_G224_e2hex,8135.0,8160.0,1.0
2024.11.13_02-42-37_Biarmipes_G224_e2hex,8162.0,8182.0,1.0
2024.11.13_02-42-37_Biarmipes_G224_e2hex,8194.0,8233.0,1.0
2024.11.13_02-42-37_Biarmipes_G224_e2hex,8235.0,8252.0,1.0
2024.11.13_02-42-37_Biarmipes_G224_e2hex,8263.0,8301.0,1.0
2024.11.13_02-42-37_Biarmipes_G224_e2hex,8338.0,8394.0,1.0
2024.11.13_02-42-37_Biarmipes_G224_e2hex,8396.0,8417.0,1.0
2024.11.13_02-42-37_Biarmipes_G224_e2hex,8421.0,8430.0,1.0
2024.11.13_02-42-37_Biarmipes_G224_e2hex,8432.0,8450.0,1.0
2024.11.13_02-42-37_Biarmipes_G224_e2hex,8453.0,8472.0,1.0
2024.11.13_02-42-37_Biarmipes_G224_e2hex,8474.0,8510.0,1.0
2024.11.13_02-42-37_Biarmipes_G224_e2hex,8537.0,8538.0,1.0
2024.11.13_02-42-37_Biarmipes_G224_e2hex,8566.0,8566.0,1.0
2024.11.13_02-42-37_Biarmipes_G224_e2hex,8569.0,8573.0,1.0
2024.11.13_02-42-37_Biarmipes_G224_e2hex,8576.0,8999.0,1.0
2024.10.14_13-54-30_Biarmipes84_1hexanol,2794.0,2798.0,1.0
2024.10.14_13-54-30_Biarmipes84_1hexanol,2801.0,2832.0,1.0
2024.10.14_13-54-30_Biarmipes84_1hexanol,2836.0,3010.0,1.0
2024.10.14_13-54-30_Biarmipes84_1hexanol,3013.0,3028.0,1.0
2024.10.14_13-54-30_Biarmipes84_1hexanol,3030.0,3718.0,1.0
2024.10.14_13-54-30_Biarmipes84_1hexanol,3720.0,4020.0,1.0
2024.10.14_13-54-30_Biarmipes84_1hexanol,4022.0,4022.0,1.0
2024.10.14_13-54-30_Biarmipes84_1hexanol,4039.0,4728.0,1.0
2024.10.14_13-54-30_Biarmipes84_1hexanol,4736.0,6231.0,1.0
2024.10.14_13-54-30_Biarmipes84_1hexanol,6233.0,6233.0,1.0
2024.10.14_13-54-30_Biarmipes84_1hexanol,6235.0,6239.0,1.0
2024.10.14_13-54-30_Biarmipes84_1hexanol,6241.0,6241.0,1.0
2024.10.17_09-19-40_Sto_car_prenac,4085.0,4089.0,1.0
2024.10.17_09-19-40_Sto_car_prenac,4093.0,4093.0,1.0
2024.10.17_09-19-40_Sto_car_prenac,4095.0,4097.0,1.0
2024.10.17_09-19-40_Sto_car_prenac,4099.0,4100.0,1.0
2024.10.17_09-19-40_Sto_car_prenac,4102.0,4116.0,1.0
2024.10.17_09-19-40_Sto_car_prenac,4118.0,4141.0,1.0
2024.10.17_09-19-40_Sto_car_prenac,4143.0,4145.0,1.0
2024.10.17_09-19-40_Sto_car_prenac,4147.0,4449.0,1.0
2024.10.17_09-19-40_Sto_car_prenac,4453.0,4463.0,1.0
2024.10.17_09-19-40_Sto_car_prenac,4465.0,4471.0,1.0
2024.10.17_09-19-40_Sto_car_prenac,4474.0,4474.0,1.0
2024.10.17_09-19-40_Sto_car_prenac,4476.0,4492.0,1.0
2024.10.17_09-19-40_Sto_car_prenac,4494.0,4502.0,1.0
2024.10.17_09-19-40_Sto_car_prenac,4504.0,4507.0,1.0
2024.10.17_09-19-40_Sto_car_prenac,4509.0,4511.0,1.0
2024.10.17_09-19-40_Sto_car_prenac,4513.0,4517.0,1.0
2024.10.17_09-19-40_Sto_car_prenac,4519.0,4524.0,1.0
2024.10.17_09-19-40_Sto_car_prenac,4526.0,4528.0,1.0
2024.10.17_09-19-40_Sto_car_prenac,4531.0,4539.0,1.0
2024.10.17_09-19-40_Sto_car_prenac,4541.0,8330.0,1.0
2024.10.17_09-19-40_Sto_car_prenac,8332.0,8834.0,1.0
2024.10.08_13-56-40_Stocago_2hexanol,4.0,1775.0,1.0
2024.10.08_13-56-40_Stocago_2hexanol,1777.0,1778.0,1.0
2024.10.08_13-56-40_Stocago_2hexanol,1780.0,1808.0,1.0
2024.10.08_13-56-40_Stocago_2hexanol,1812.0,1875.0,1.0
2024.10.08_13-56-40_Stocago_2hexanol,1877.0,1878.0,1.0
2024.10.08_13-56-40_Stocago_2hexanol,1882.0,1932.0,1.0
2024.10.08_13-56-40_Stocago_2hexanol,1936.0,1960.0,1.0
2024.10.08_13-56-40_Stocago_2hexanol,1965.0,1989.0,1.0
2024.10.08_13-56-40_Stocago_2hexanol,1991.0,1991.0,1.0
2024.10.08_13-56-40_Stocago_2hexanol,1995.0,2108.0,1.0
2024.10.08_13-56-40_Stocago_2hexanol,4474.0,4474.0,1.0
2024.10.08_13-56-40_Stocago_2hexanol,4481.0,4520.0,1.0
2024.10.08_13-56-40_Stocago_2hexanol,4529.0,4574.0,1.0
2024.10.08_13-56-40_Stocago_2hexanol,4581.0,4660.0,1.0
2024.10.08_13-56-40_Stocago_2hexanol,4662.0,4669.0,1.0
2024.10.08_13-56-40_Stocago_2hexanol,4671.0,4672.0,1.0
2024.10.08_13-56-40_Stocago_2hexanol,4680.0,4680.0,1.0
2024.10.08_13-56-40_Stocago_2hexanol,4683.0,4717.0,1.0
2024.10.08_13-56-40_Stocago_2hexanol,4719.0,4719.0,1.0
2024.10.08_13-56-40_Stocago_2hexanol,7524.0,7541.0,1.0
2024.10.08_13-56-40_Stocago_2hexanol,7543.0,7561.0,1.0
2024.12.19_14-05-53_Biarmipes_G224_no_odor,2769.0,2770.0,1.0
2024.12.19_14-05-53_Biarmipes_G224_no_odor,2786.0,2788.0,1.0
2024.12.19_14-05-53_Biarmipes_G224_no_odor,2792.0,2797.0,1.0
2024.12.19_14-05-53_Biarmipes_G224_no_odor,2799.0,2801.0,1.0
2024.12.19_14-05-53_Biarmipes_G224_no_odor,2804.0,2805.0,1.0
2024.12.19_14-05-53_Biarmipes_G224_no_odor,2807.0,2812.0,1.0
2024.12.19_14-05-53_Biarmipes_G224_no_odor,2818.0,2820.0,1.0
2024.12.19_14-05-53_Biarmipes_G224_no_odor,2829.0,2830.0,1.0
2024.12.19_14-05-53_Biarmipes_G224_no_odor,2833.0,2833.0,1.0
2024.12.19_14-05-53_Biarmipes_G224_no_odor,2837.0,2837.0,1.0
2024.12.19_14-05-53_Biarmipes_G224_no_odor,2850.0,2856.0,1.0
2024.12.19_14-05-53_Biarmipes_G224_no_odor,2858.0,2868.0,1.0
2024.12.19_14-05-53_Biarmipes_G224_no_odor,2870.0,2871.0,1.0
2024.12.19_14-05-53_Biarmipes_G224_no_odor,2873.0,2881.0,1.0
2024.12.19_14-05-53_Biarmipes_G224_no_odor,2883.0,2906.0,1.0
2024.12.19_14-05-53_Biarmipes_G224_no_odor,2909.0,2910.0,1.0
2024.12.19_14-05-53_Biarmipes_G224_no_odor,2912.0,3026.0,1.0
2024.12.19_14-05-53_Biarmipes_G224_no_odor,3028.0,3301.0,1.0
2024.12.19_14-05-53_Biarmipes_G224_no_odor,3304.0,3345.0,1.0
2024.12.19_14-05-53_Biarmipes_G224_no_odor,3347.0,3356.0,1.0
2024.12.19_14-05-53_Biarmipes_G224_no_odor,3358.0,3361.0,1.0
2024.12.19_14-05-53_Biarmipes_G224_no_odor,3364.0,3364.0,1.0
2024.12.19_14-05-53_Biarmipes_G224_no_odor,3373.0,3373.0,1.0
2024.12.19_14-05-53_Biarmipes_G224_no_odor,3376.0,3376.0,1.0
2024.12.19_14-05-53_Biarmipes_G224_no_odor,3379.0,3384.0,1.0
2024.12.19_14-05-53_Biarmipes_G224_no_odor,3386.0,3392.0,1.0
2024.12.19_14-05-53_Biarmipes_G224_no_odor,3394.0,3395.0,1.0
2024.12.19_14-05-53_Biarmipes_G224_no_odor,3397.0,3397.0,1.0
2024.12.19_14-05-53_Biarmipes_G224_no_odor,3400.0,3400.0,1.0
2024.12.19_14-05-53_Biarmipes_G224_no_odor,3404.0,3404.0,1.0
2024.12.19_14-05-53_Biarmipes_G224_no_odor,3406.0,3408.0,1.0
2024.12.19_14-05-53_Biarmipes_G224_no_odor,3410.0,3414.0,1.0
2024.12.19_14-05-53_Biarmipes_G224_no_odor,3416.0,3418.0,1.0
2024.12.19_14-05-53_Biarmipes_G224_no_odor,3420.0,3430.0,1.0
2024.12.19_14-05-53_Biarmipes_G224_no_odor,3432.0,3432.0,1.0
2024.12.19_14-05-53_Biarmipes_G224_no_odor,3434.0,3434.0,1.0
2024.12.19_14-05-53_Biarmipes_G224_no_odor,3437.0,3437.0,1.0
2024.12.19_14-05-53_Biarmipes_G224_no_odor,3440.0,3441.0,1.0
2024.12.19_14-05-53_Biarmipes_G224_no_odor,3444.0,3444.0,1.0
2024.12.19_14-05-53_Biarmipes_G224_no_odor,3446.0,3469.0,1.0
2024.12.19_14-05-53_Biarmipes_G224_no_odor,3471.0,3491.0,1.0
2024.12.19_14-05-53_Biarmipes_G224_no_odor,3493.0,3497.0,1.0
2024.12.19_14-05-53_Biarmipes_G224_no_odor,3499.0,3504.0,1.0
2024.12.19_14-05-53_Biarmipes_G224_no_odor,3506.0,4380.0,1.0
2024.12.19_14-05-53_Biarmipes_G224_no_odor,4382.0,4438.0,1.0
2024.12.19_14-05-53_Biarmipes_G224_no_odor,4440.0,4453.0,1.0
2024.12.19_14-05-53_Biarmipes_G224_no_odor,4455.0,4733.0,1.0
2024.12.19_14-05-53_Biarmipes_G224_no_odor,4735.0,4739.0,1.0
2024.12.19_14-05-53_Biarmipes_G224_no_odor,4741.0,4747.0,1.0
2024.12.19_14-05-53_Biarmipes_G224_no_odor,4749.0,4749.0,1.0
2024.12.19_14-05-53_Biarmipes_G224_no_odor,4751.0,4756.0,1.0
2024.12.19_14-05-53_Biarmipes_G224_no_odor,4758.0,4769.0,1.0
2024.12.19_14-05-53_Biarmipes_G224_no_odor,4771.0,4773.0,1.0
2024.12.19_14-05-53_Biarmipes_G224_no_odor,4775.0,4775.0,1.0
2024.12.19_14-05-53_Biarmipes_G224_no_odor,4778.0,4780.0,1.0
2024.12.19_14-05-53_Biarmipes_G224_no_odor,4785.0,4785.0,1.0
2024.12.19_14-05-53_Biarmipes_G224_no_odor,4788.0,4789.0,1.0
2024.12.19_14-05-53_Biarmipes_G224_no_odor,4791.0,4793.0,1.0
2024.12.19_14-05-53_Biarmipes_G224_no_odor,4795.0,4795.0,1.0
2024.12.19_14-05-53_Biarmipes_G224_no_odor,4797.0,4814.0,1.0
2024.12.19_14-05-53_Biarmipes_G224_no_odor,4816.0,4816.0,1.0
2024.12.19_14-05-53_Biarmipes_G224_no_odor,4818.0,4828.0,1.0
2024.12.19_14-05-53_Biarmipes_G224_no_odor,4830.0,4830.0,1.0
2024.12.19_14-05-53_Biarmipes_G224_no_odor,4832.0,4834.0,1.0
2024.12.19_14-05-53_Biarmipes_G224_no_odor,4836.0,4907.0,1.0
2024.12.19_14-05-53_Biarmipes_G224_no_odor,4909.0,4951.0,1.0
2024.12.19_14-05-53_Biarmipes_G224_no_odor,4953.0,4953.0,1.0
2024.12.19_14-05-53_Biarmipes_G224_no_odor,4957.0,4962.0,1.0
2024.12.19_14-05-53_Biarmipes_G224_no_odor,4965.0,4966.0,1.0
2024.12.19_14-05-53_Biarmipes_G224_no_odor,4969.0,4969.0,1.0
2024.12.19_14-05-53_Biarmipes_G224_no_odor,4971.0,4972.0,1.0
2024.12.19_14-05-53_Biarmipes_G224_no_odor,4974.0,4975.0,1.0
2024.12.19_14-05-53_Biarmipes_G224_no_odor,4977.0,4979.0,1.0
2024.12.19_14-05-53_Biarmipes_G224_no_odor,4981.0,4981.0,1.0
2024.12.19_14-05-53_Biarmipes_G224_no_odor,4983.0,4983.0,1.0
2024.12.19_14-05-53_Biarmipes_G224_no_odor,4985.0,4988.0,1.0
2024.12.19_14-05-53_Biarmipes_G224_no_odor,4991.0,4993.0,1.0
2024.12.19_14-05-53_Biarmipes_G224_no_odor,4997.0,4998.0,1.0
2024.12.19_14-05-53_Biarmipes_G224_no_odor,5003.0,5003.0,1.0
2024.12.19_14-05-53_Biarmipes_G224_no_odor,5005.0,5006.0,1.0
2024.12.19_14-05-53_Biarmipes_G224_no_odor,5009.0,5010.0,1.0
2024.12.19_14-05-53_Biarmipes_G224_no_odor,5012.0,5015.0,1.0
2024.12.19_14-05-53_Biarmipes_G224_no_odor,5017.0,5026.0,1.0
2024.12.19_14-05-53_Biarmipes_G224_no_odor,5028.0,5029.0,1.0
2024.12.19_14-05-53_Biarmipes_G224_no_odor,5031.0,5031.0,1.0
2024.12.19_14-05-53_Biarmipes_G224_no_odor,5033.0,5040.0,1.0
2024.12.19_14-05-53_Biarmipes_G224_no_odor,5042.0,5043.0,1.0
2024.12.19_14-05-53_Biarmipes_G224_no_odor,5045.0,5049.0,1.0
2024.12.19_14-05-53_Biarmipes_G224_no_odor,5052.0,5109.0,1.0
2024.12.19_14-05-53_Biarmipes_G224_no_odor,5111.0,5170.0,1.0
2024.12.19_14-05-53_Biarmipes_G224_no_odor,5172.0,5173.0,1.0
2024.12.19_14-05-53_Biarmipes_G224_no_odor,5175.0,5175.0,1.0
2024.12.19_14-05-53_Biarmipes_G224_no_odor,5177.0,5177.0,1.0
2024.12.19_14-05-53_Biarmipes_G224_no_odor,5179.0,5194.0,1.0
2024.12.19_14-05-53_Biarmipes_G224_no_odor,5196.0,5204.0,1.0
2024.12.19_14-05-53_Biarmipes_G224_no_odor,5206.0,5206.0,1.0
2024.12.19_14-05-53_Biarmipes_G224_no_odor,5208.0,5213.0,1.0
2024.12.19_14-05-53_Biarmipes_G224_no_odor,5215.0,5215.0,1.0
2024.12.19_14-05-53_Biarmipes_G224_no_odor,5220.0,5223.0,1.0
2024.12.19_14-05-53_Biarmipes_G224_no_odor,5225.0,5226.0,1.0
2024.12.19_14-05-53_Biarmipes_G224_no_odor,5228.0,5235.0,1.0
2024.12.19_14-05-53_Biarmipes_G224_no_odor,5237.0,5243.0,1.0
2024.12.19_14-05-53_Biarmipes_G224_no_odor,5245.0,5247.0,1.0
2024.12.19_14-05-53_Biarmipes_G224_no_odor,5249.0,5255.0,1.0
2024.12.19_14-05-53_Biarmipes_G224_no_odor,5257.0,5261.0,1.0
2024.12.19_14-05-53_Biarmipes_G224_no_odor,5266.0,5316.0,1.0
2024.12.19_14-05-53_Biarmipes_G224_no_odor,5318.0,5324.0,1.0
2024.12.19_14-05-53_Biarmipes_G224_no_odor,5326.0,5326.0,1.0
2024.12.19_14-05-53_Biarmipes_G224_no_odor,5328.0,5329.0,1.0
2024.12.19_14-05-53_Biarmipes_G224_no_odor,5332.0,5332.0,1.0
2024.12.19_14-05-53_Biarmipes_G224_no_odor,5335.0,5337.0,1.0
2024.12.19_14-05-53_Biarmipes_G224_no_odor,5340.0,5342.0,1.0
2024.12.19_14-05-53_Biarmipes_G224_no_odor,5344.0,5344.0,1.0
2024.12.19_14-05-53_Biarmipes_G224_no_odor,5348.0,5358.0,1.0
2024.12.19_14-05-53_Biarmipes_G224_no_odor,5360.0,5360.0,1.0
2024.12.19_14-05-53_Biarmipes_G224_no_odor,5362.0,5362.0,1.0
2024.12.19_14-05-53_Biarmipes_G224_no_odor,8280.0,8281.0,1.0
2024.12.19_14-05-53_Biarmipes_G224_no_odor,8294.0,8295.0,1.0
2024.12.19_14-05-53_Biarmipes_G224_no_odor,8298.0,8299.0,1.0
2024.12.19_14-05-53_Biarmipes_G224_no_odor,8301.0,8303.0,1.0
2024.12.19_14-05-53_Biarmipes_G224_no_odor,8305.0,8307.0,1.0
2024.12.19_14-05-53_Biarmipes_G224_no_odor,8309.0,8324.0,1.0
2024.12.19_14-05-53_Biarmipes_G224_no_odor,8326.0,8614.0,1.0
2024.10.23_14-37-04_Biarmipes_g224_prenac,3.0,1065.0,1.0
2024.10.23_14-37-04_Biarmipes_g224_prenac,2688.0,2773.0,1.0
2024.10.23_14-37-04_Biarmipes_g224_prenac,2775.0,2778.0,1.0
2024.10.23_14-37-04_Biarmipes_g224_prenac,2781.0,2788.0,1.0
2024.10.23_14-37-04_Biarmipes_g224_prenac,2792.0,2800.0,1.0
2024.10.23_14-37-04_Biarmipes_g224_prenac,4843.0,4844.0,1.0
2024.10.23_14-37-04_Biarmipes_g224_prenac,4846.0,4849.0,1.0
2024.10.23_14-37-04_Biarmipes_g224_prenac,4851.0,4857.0,1.0
2024.10.23_14-37-04_Biarmipes_g224_prenac,4860.0,4865.0,1.0
2024.10.23_14-37-04_Biarmipes_g224_prenac,4867.0,4869.0,1.0
2024.10.23_14-37-04_Biarmipes_g224_prenac,4871.0,4872.0,1.0
2024.10.23_14-37-04_Biarmipes_g224_prenac,4874.0,4874.0,1.0
2024.10.23_14-37-04_Biarmipes_g224_prenac,4877.0,4877.0,1.0
2024.10.23_14-37-04_Biarmipes_g224_prenac,4879.0,4879.0,1.0
2024.10.23_14-37-04_Biarmipes_g224_prenac,4894.0,4894.0,1.0
2024.10.23_14-37-04_Biarmipes_g224_prenac,4897.0,4897.0,1.0
2024.10.23_14-37-04_Biarmipes_g224_prenac,4904.0,4905.0,1.0
2024.10.23_14-37-04_Biarmipes_g224_prenac,4910.0,4910.0,1.0
2024.10.23_14-37-04_Biarmipes_g224_prenac,4915.0,4923.0,1.0
2024.10.23_14-37-04_Biarmipes_g224_prenac,4925.0,4936.0,1.0
2024.10.23_14-37-04_Biarmipes_g224_prenac,4941.0,4941.0,1.0
2024.10.23_14-37-04_Biarmipes_g224_prenac,4947.0,4954.0,1.0
2024.10.23_14-37-04_Biarmipes_g224_prenac,4989.0,5788.0,1.0
2024.10.23_14-37-04_Biarmipes_g224_prenac,7007.0,7007.0,1.0
2024.10.24_09-31-22_Biarmipes_G224_metben,7989.0,7990.0,1.0
2024.10.24_09-31-22_Biarmipes_G224_metben,7992.0,7992.0,1.0
2024.10.24_09-31-22_Biarmipes_G224_metben,7995.0,7996.0,1.0
2024.10.24_09-31-22_Biarmipes_G224_metben,7999.0,8006.0,1.0
2024.10.24_09-31-22_Biarmipes_G224_metben,8008.0,8009.0,1.0
2024.10.24_09-31-22_Biarmipes_G224_metben,8012.0,8034.0,1.0
2024.10.24_09-31-22_Biarmipes_G224_metben,8037.0,8040.0,1.0
2024.10.24_09-31-22_Biarmipes_G224_metben,8042.0,8042.0,1.0
2024.10.24_09-31-22_Biarmipes_G224_metben,8046.0,8047.0,1.0
2024.10.24_09-31-22_Biarmipes_G224_metben,8049.0,8051.0,1.0
2024.10.24_09-31-22_Biarmipes_G224_metben,8053.0,8192.0,1.0
2024.10.24_09-31-22_Biarmipes_G224_metben,8194.0,8206.0,1.0
2024.10.24_09-31-22_Biarmipes_G224_metben,8208.0,8222.0,1.0
2024.10.24_09-31-22_Biarmipes_G224_metben,8224.0,8236.0,1.0
2024.10.24_09-31-22_Biarmipes_G224_metben,8238.0,8248.0,1.0
2024.10.24_09-31-22_Biarmipes_G224_metben,8250.0,8250.0,1.0
2024.10.24_09-31-22_Biarmipes_G224_metben,8252.0,8499.0,1.0
2024.10.24_09-31-22_Biarmipes_G224_metben,8501.0,8998.0,1.0
2024.09.30_15-33-53_Biarmipes84_no_odor,3975.0,4094.0,1.0
2024.09.30_15-33-53_Biarmipes84_no_odor,4096.0,4098.0,1.0
2024.09.30_15-33-53_Biarmipes84_no_odor,4100.0,4211.0,1.0
2024.09.30_15-33-53_Biarmipes84_no_odor,4213.0,4216.0,1.0
2024.09.30_15-33-53_Biarmipes84_no_odor,4218.0,4232.0,1.0
2024.09.30_15-33-53_Biarmipes84_no_odor,4234.0,4257.0,1.0
2024.09.30_15-33-53_Biarmipes84_no_odor,4259.0,4273.0,1.0
2024.09.30_15-33-53_Biarmipes84_no_odor,4275.0,6836.0,1.0
2024.09.30_15-33-53_Biarmipes84_no_odor,6838.0,8292.0,1.0
2024.09.30_15-33-53_Biarmipes84_no_odor,8294.0,8522.0,1.0
2024.09.30_15-33-53_Biarmipes84_no_odor,8524.0,8990.0,1.0
2024.10.31_08-37-25_Biarmipes84_metben,275.0,917.0,1.0
2024.10.31_08-37-25_Biarmipes84_metben,1714.0,1835.0,1.0
2024.10.31_08-37-25_Biarmipes84_metben,1837.0,1856.0,1.0
2024.10.31_08-37-25_Biarmipes84_metben,2402.0,3071.0,1.0
2024.10.31_08-37-25_Biarmipes84_metben,3080.0,3180.0,1.0
2024.10.31_08-37-25_Biarmipes84_metben,4160.0,5046.0,1.0
2024.10.31_08-37-25_Biarmipes84_metben,5192.0,5239.0,1.0
2024.10.31_08-37-25_Biarmipes84_metben,5340.0,6015.0,1.0
2024.10.08_12-50-07_Stocago_2hexanol,3.0,1097.0,1.0
2024.10.08_12-50-07_Stocago_2hexanol,1104.0,1395.0,1.0
2024.10.08_12-50-07_Stocago_2hexanol,1397.0,1397.0,1.0
2024.10.08_12-50-07_Stocago_2hexanol,1399.0,1401.0,1.0
2024.10.08_12-50-07_Stocago_2hexanol,1404.0,1404.0,1.0
2024.10.08_12-50-07_Stocago_2hexanol,1406.0,1410.0,1.0
2024.10.08_12-50-07_Stocago_2hexanol,1414.0,1414.0,1.0
2024.10.08_12-50-07_Stocago_2hexanol,1416.0,1422.0,1.0
2024.10.08_12-50-07_Stocago_2hexanol,1425.0,1425.0,1.0
2024.10.08_12-50-07_Stocago_2hexanol,1429.0,1455.0,1.0
2024.10.08_12-50-07_Stocago_2hexanol,1457.0,1469.0,1.0
2024.10.08_12-50-07_Stocago_2hexanol,1480.0,1783.0,1.0
2024.10.08_12-50-07_Stocago_2hexanol,1787.0,1813.0,1.0
2024.10.08_12-50-07_Stocago_2hexanol,1815.0,1816.0,1.0
2024.10.08_12-50-07_Stocago_2hexanol,1820.0,1838.0,1.0
2024.10.08_12-50-07_Stocago_2hexanol,1841.0,1872.0,1.0
2024.10.08_12-50-07_Stocago_2hexanol,1874.0,1893.0,1.0
2024.10.08_12-50-07_Stocago_2hexanol,1895.0,1895.0,1.0
2024.10.25_07-10-10_CantonS_metben,4766.0,4767.0,1.0
2024.10.25_07-10-10_CantonS_metben,4769.0,5164.0,1.0
2024.10.25_07-10-10_CantonS_metben,5166.0,5241.0,1.0
2024.10.25_07-10-10_CantonS_metben,5244.0,5244.0,1.0
2024.10.25_07-10-10_CantonS_metben,5247.0,5248.0,1.0
2024.10.25_07-10-10_CantonS_metben,5250.0,5252.0,1.0
2024.10.25_07-10-10_CantonS_metben,5254.0,5258.0,1.0
2024.10.25_07-10-10_CantonS_metben,5260.0,5264.0,1.0
2024.10.25_07-10-10_CantonS_metben,5266.0,5280.0,1.0
2024.10.25_07-10-10_CantonS_metben,5282.0,8999.0,1.0
2024.10.15_11-47-23_sussex_prenac,1943.0,4583.0,1.0
2024.10.15_11-47-23_sussex_prenac,4585.0,4599.0,1.0
2024.10.15_11-47-23_sussex_prenac,4601.0,4655.0,1.0
2024.10.15_11-47-23_sussex_prenac,4657.0,5304.0,1.0
2024.10.15_11-47-23_sussex_prenac,5306.0,5678.0,1.0
2024.10.15_11-47-23_sussex_prenac,5680.0,5732.0,1.0
2024.10.15_11-47-23_sussex_prenac,5734.0,5736.0,1.0
2024.10.15_11-47-23_sussex_prenac,5738.0,5756.0,1.0
2024.10.15_11-47-23_sussex_prenac,5758.0,5767.0,1.0
2024.10.15_11-47-23_sussex_prenac,5769.0,5770.0,1.0
2024.10.15_11-47-23_sussex_prenac,5772.0,5782.0,1.0
2024.10.15_11-47-23_sussex_prenac,5784.0,5791.0,1.0
2024.10.15_11-47-23_sussex_prenac,5793.0,5954.0,1.0
2024.10.15_11-47-23_sussex_prenac,5956.0,5976.0,1.0
2024.10.15_11-47-23_sussex_prenac,5978.0,6052.0,1.0
2024.10.15_11-47-23_sussex_prenac,6054.0,6072.0,1.0
2024.10.15_11-47-23_sussex_prenac,6074.0,6074.0,1.0
2024.10.15_11-47-23_sussex_prenac,6076.0,6078.0,1.0
2024.10.15_11-47-23_sussex_prenac,6080.0,6083.0,1.0
2024.10.15_11-47-23_sussex_prenac,6085.0,6090.0,1.0
2024.10.15_11-47-23_sussex_prenac,6092.0,6092.0,1.0
2024.10.15_11-47-23_sussex_prenac,6094.0,6095.0,1.0
2024.10.15_11-47-23_sussex_prenac,6097.0,6097.0,1.0
2024.10.15_11-47-23_sussex_prenac,6099.0,6099.0,1.0
2024.10.15_11-47-23_sussex_prenac,6102.0,6103.0,1.0
2024.10.15_11-47-23_sussex_prenac,6105.0,6108.0,1.0
2024.10.15_11-47-23_sussex_prenac,6130.0,6130.0,1.0
2024.10.15_11-47-23_sussex_prenac,6133.0,6133.0,1.0
2024.10.15_11-47-23_sussex_prenac,6141.0,6141.0,1.0
2024.10.15_11-47-23_sussex_prenac,6144.0,6147.0,1.0
2024.10.15_11-47-23_sussex_prenac,6150.0,6150.0,1.0
2024.10.15_11-47-23_sussex_prenac,6152.0,6154.0,1.0
2024.10.15_11-47-23_sussex_prenac,6156.0,6173.0,1.0
2024.10.15_11-47-23_sussex_prenac,6175.0,6203.0,1.0
2024.10.15_11-47-23_sussex_prenac,6205.0,6205.0,1.0
2024.10.15_11-47-23_sussex_prenac,6207.0,6208.0,1.0
2024.10.15_11-47-23_sussex_prenac,6210.0,6214.0,1.0
2024.10.15_11-47-23_sussex_prenac,6218.0,6223.0,1.0
2024.10.15_11-47-23_sussex_prenac,6225.0,6227.0,1.0
2024.10.15_11-47-23_sussex_prenac,6230.0,6231.0,1.0
2024.10.15_11-47-23_sussex_prenac,6233.0,6235.0,1.0
2024.10.15_11-47-23_sussex_prenac,6237.0,6242.0,1.0
2024.10.15_11-47-23_sussex_prenac,6244.0,6245.0,1.0
2024.10.15_11-47-23_sussex_prenac,6247.0,6247.0,1.0
2024.10.15_11-47-23_sussex_prenac,6249.0,6249.0,1.0
2024.10.15_11-47-23_sussex_prenac,6252.0,6253.0,1.0
2024.10.15_11-47-23_sussex_prenac,6255.0,6257.0,1.0
2024.10.15_11-47-23_sussex_prenac,6260.0,6260.0,1.0
2024.10.15_11-47-23_sussex_prenac,6263.0,6264.0,1.0
2024.10.15_11-47-23_sussex_prenac,6272.0,6272.0,1.0
2024.10.15_11-47-23_sussex_prenac,6278.0,6278.0,1.0
2024.10.15_11-47-23_sussex_prenac,6281.0,6282.0,1.0
2024.10.15_11-47-23_sussex_prenac,6288.0,6289.0,1.0
2024.10.15_11-47-23_sussex_prenac,6291.0,6293.0,1.0
2024.10.15_11-47-23_sussex_prenac,6295.0,6295.0,1.0
2024.10.15_11-47-23_sussex_prenac,6300.0,6301.0,1.0
2024.10.15_11-47-23_sussex_prenac,6310.0,6312.0,1.0
2024.10.15_11-47-23_sussex_prenac,6318.0,6318.0,1.0
2024.10.15_11-47-23_sussex_prenac,6325.0,6327.0,1.0
2024.10.15_11-47-23_sussex_prenac,6330.0,6330.0,1.0
2024.10.15_11-47-23_sussex_prenac,6332.0,6332.0,1.0
2024.10.15_11-47-23_sussex_prenac,6335.0,6335.0,1.0
2024.10.15_11-47-23_sussex_prenac,6339.0,6339.0,1.0
2024.10.15_11-47-23_sussex_prenac,6341.0,6341.0,1.0
2024.10.15_11-47-23_sussex_prenac,6343.0,6345.0,1.0
2024.10.15_11-47-23_sussex_prenac,6355.0,6355.0,1.0
2024.10.15_11-47-23_sussex_prenac,6357.0,6357.0,1.0
2024.10.15_11-47-23_sussex_prenac,6374.0,6374.0,1.0
2024.10.15_11-47-23_sussex_prenac,6396.0,6396.0,1.0
2024.10.15_11-47-23_sussex_prenac,6399.0,6399.0,1.0
2024.10.15_11-47-23_sussex_prenac,6402.0,6402.0,1.0
2024.10.15_11-47-23_sussex_prenac,6404.0,6404.0,1.0
2024.10.15_11-47-23_sussex_prenac,6406.0,6406.0,1.0
2024.10.15_11-47-23_sussex_prenac,6411.0,6413.0,1.0
2024.10.15_11-47-23_sussex_prenac,6418.0,6418.0,1.0
2024.10.15_11-47-23_sussex_prenac,6420.0,6421.0,1.0
2024.10.15_11-47-23_sussex_prenac,6427.0,6427.0,1.0
2024.10.15_11-47-23_sussex_prenac,6429.0,6430.0,1.0
2024.10.15_11-47-23_sussex_prenac,6432.0,6432.0,1.0
2024.10.15_11-47-23_sussex_prenac,6434.0,6434.0,1.0
2024.10.15_11-47-23_sussex_prenac,6437.0,6439.0,1.0
2024.10.15_11-47-23_sussex_prenac,6441.0,6443.0,1.0
2024.10.15_11-47-23_sussex_prenac,6445.0,6451.0,1.0
2024.10.15_11-47-23_sussex_prenac,6453.0,6453.0,1.0
2024.10.15_11-47-23_sussex_prenac,6455.0,6455.0,1.0
2024.10.15_11-47-23_sussex_prenac,6457.0,6458.0,1.0
2024.10.15_11-47-23_sussex_prenac,6460.0,6460.0,1.0
2024.10.15_11-47-23_sussex_prenac,6462.0,6463.0,1.0
2024.10.15_11-47-23_sussex_prenac,6468.0,6468.0,1.0
2024.10.15_11-47-23_sussex_prenac,6470.0,6470.0,1.0
2024.10.15_11-47-23_sussex_prenac,6473.0,6474.0,1.0
2024.10.15_11-47-23_sussex_prenac,6477.0,6478.0,1.0
2024.10.15_11-47-23_sussex_prenac,6480.0,6480.0,1.0
2024.10.15_11-47-23_sussex_prenac,6487.0,6487.0,1.0
2024.10.15_11-47-23_sussex_prenac,6492.0,6493.0,1.0
2024.10.15_11-47-23_sussex_prenac,6496.0,6496.0,1.0
2024.10.15_11-47-23_sussex_prenac,6499.0,6504.0,1.0
2024.10.15_11-47-23_sussex_prenac,6513.0,6513.0,1.0
2024.10.15_11-47-23_sussex_prenac,6517.0,6519.0,1.0
2024.10.15_11-47-23_sussex_prenac,6525.0,6526.0,1.0
2024.10.15_11-47-23_sussex_prenac,6528.0,6528.0,1.0
2024.10.15_11-47-23_sussex_prenac,6530.0,6531.0,1.0
2024.10.15_11-47-23_sussex_prenac,6538.0,6538.0,1.0
2024.10.15_11-47-23_sussex_prenac,6540.0,6540.0,1.0
2024.10.15_11-47-23_sussex_prenac,6543.0,6547.0,1.0
2024.10.15_11-47-23_sussex_prenac,6556.0,6557.0,1.0
2024.10.15_11-47-23_sussex_prenac,6560.0,6560.0,1.0
2024.10.15_11-47-23_sussex_prenac,6562.0,6562.0,1.0
2024.10.15_11-47-23_sussex_prenac,6565.0,6565.0,1.0
2024.10.15_11-47-23_sussex_prenac,6570.0,6570.0,1.0
2024.10.15_11-47-23_sussex_prenac,6586.0,6587.0,1.0
2024.10.15_11-47-23_sussex_prenac,6596.0,6596.0,1.0
2024.10.15_11-47-23_sussex_prenac,6599.0,6599.0,1.0
2024.10.15_11-47-23_sussex_prenac,6612.0,6612.0,1.0
2024.10.15_11-47-23_sussex_prenac,6614.0,6614.0,1.0
2024.10.15_11-47-23_sussex_prenac,6619.0,6620.0,1.0
2024.10.15_11-47-23_sussex_prenac,6623.0,6623.0,1.0
2024.10.15_11-47-23_sussex_prenac,6661.0,6661.0,1.0
2024.10.15_11-47-23_sussex_prenac,6667.0,6667.0,1.0
2024.10.15_11-47-23_sussex_prenac,6673.0,6674.0,1.0
2024.10.15_11-47-23_sussex_prenac,6677.0,6677.0,1.0
2024.10.15_11-47-23_sussex_prenac,6685.0,6686.0,1.0
2024.10.15_11-47-23_sussex_prenac,6688.0,6688.0,1.0
2024.10.15_11-47-23_sussex_prenac,6690.0,6690.0,1.0
2024.10.15_11-47-23_sussex_prenac,6695.0,6697.0,1.0
2024.10.15_11-47-23_sussex_prenac,6699.0,6701.0,1.0
2024.10.15_11-47-23_sussex_prenac,6703.0,6703.0,1.0
2024.10.15_11-47-23_sussex_prenac,6705.0,6705.0,1.0
2024.10.15_11-47-23_sussex_prenac,6708.0,6714.0,1.0
2024.10.15_11-47-23_sussex_prenac,6716.0,6717.0,1.0
2024.10.15_11-47-23_sussex_prenac,6722.0,6722.0,1.0
2024.10.15_11-47-23_sussex_prenac,6725.0,6725.0,1.0
2024.10.15_11-47-23_sussex_prenac,6729.0,6729.0,1.0
2024.10.15_11-47-23_sussex_prenac,6734.0,6735.0,1.0
2024.10.15_11-47-23_sussex_prenac,6737.0,6737.0,1.0
2024.10.15_11-47-23_sussex_prenac,6740.0,6740.0,1.0
2024.10.15_11-47-23_sussex_prenac,6743.0,6743.0,1.0
2024.10.15_11-47-23_sussex_prenac,6748.0,6748.0,1.0
2024.10.15_11-47-23_sussex_prenac,6753.0,6754.0,1.0
2024.10.15_11-47-23_sussex_prenac,6758.0,6758.0,1.0
2024.10.15_11-47-23_sussex_prenac,6760.0,6760.0,1.0
2024.10.15_11-47-23_sussex_prenac,6762.0,6764.0,1.0
2024.10.15_11-47-23_sussex_prenac,6769.0,6769.0,1.0
2024.10.15_11-47-23_sussex_prenac,6772.0,6774.0,1.0
2024.10.15_11-47-23_sussex_prenac,6776.0,6776.0,1.0
2024.10.15_11-47-23_sussex_prenac,6779.0,6781.0,1.0
2024.10.15_11-47-23_sussex_prenac,6786.0,6786.0,1.0
2024.10.15_11-47-23_sussex_prenac,6788.0,6790.0,1.0
2024.10.15_11-47-23_sussex_prenac,6792.0,6793.0,1.0
2024.10.15_11-47-23_sussex_prenac,6798.0,6799.0,1.0
2024.10.15_11-47-23_sussex_prenac,6805.0,6805.0,1.0
2024.10.15_11-47-23_sussex_prenac,6807.0,6808.0,1.0
2024.10.15_11-47-23_sussex_prenac,6811.0,6811.0,1.0
2024.10.15_11-47-23_sussex_prenac,6816.0,6816.0,1.0
2024.10.15_11-47-23_sussex_prenac,6818.0,6821.0,1.0
2024.10.15_11-47-23_sussex_prenac,6823.0,6823.0,1.0
2024.10.15_11-47-23_sussex_prenac,6826.0,6827.0,1.0
2024.10.15_11-47-23_sussex_prenac,6829.0,6830.0,1.0
2024.10.15_11-47-23_sussex_prenac,6832.0,6834.0,1.0
2024.10.15_11-47-23_sussex_prenac,6836.0,6836.0,1.0
2024.10.15_11-47-23_sussex_prenac,6839.0,6841.0,1.0
2024.10.15_11-47-23_sussex_prenac,6843.0,6843.0,1.0
2024.10.15_11-47-23_sussex_prenac,6845.0,6856.0,1.0
2024.10.15_11-47-23_sussex_prenac,6859.0,6860.0,1.0
2024.10.15_11-47-23_sussex_prenac,6863.0,6864.0,1.0
2024.10.15_11-47-23_sussex_prenac,6868.0,6868.0,1.0
2024.10.15_11-47-23_sussex_prenac,6873.0,6874.0,1.0
2024.10.15_11-47-23_sussex_prenac,6888.0,6888.0,1.0
2024.10.15_11-47-23_sussex_prenac,6899.0,6929.0,1.0
2024.10.15_11-47-23_sussex_prenac,6931.0,6942.0,1.0
2024.10.15_11-47-23_sussex_prenac,6944.0,6955.0,1.0
2024.10.15_11-47-23_sussex_prenac,6957.0,6984.0,1.0
2024.10.15_11-47-23_sussex_prenac,6986.0,6986.0,1.0
2024.10.15_11-47-23_sussex_prenac,6988.0,6988.0,1.0
2024.10.15_11-47-23_sussex_prenac,7016.0,7047.0,1.0
2024.10.15_11-47-23_sussex_prenac,7049.0,7049.0,1.0
2024.10.15_11-47-23_sussex_prenac,7051.0,7181.0,1.0
2024.10.15_11-47-23_sussex_prenac,7183.0,7196.0,1.0
2024.10.15_11-47-23_sussex_prenac,7198.0,7201.0,1.0
2024.10.15_11-47-23_sussex_prenac,7203.0,7234.0,1.0
2024.10.15_11-47-23_sussex_prenac,7236.0,7254.0,1.0
2024.10.15_11-47-23_sussex_prenac,7256.0,8999.0,1.0
2024.10.02_10-46-18_Biarmipes_G224_no_odor,3.0,407.0,1.0
2024.10.02_10-46-18_Biarmipes_G224_no_odor,412.0,453.0,1.0
2024.09.24_15-40-27_Yakuba7_no_odor,3.0,836.0,1.0
2024.09.24_15-40-27_Yakuba7_no_odor,838.0,839.0,1.0
2024.09.24_15-40-27_Yakuba7_no_odor,841.0,8999.0,1.0
2024.11.12_06-12-26_Yakuba_cameroon_e2hex,3453.0,3789.0,1.0
2024.11.12_06-12-26_Yakuba_cameroon_e2hex,3794.0,3794.0,1.0
2024.11.12_06-12-26_Yakuba_cameroon_e2hex,3798.0,4176.0,1.0
2024.11.12_06-12-26_Yakuba_cameroon_e2hex,4178.0,4178.0,1.0
2024.11.12_06-12-26_Yakuba_cameroon_e2hex,4180.0,4184.0,1.0
2024.11.12_06-12-26_Yakuba_cameroon_e2hex,4186.0,4186.0,1.0
2024.11.12_06-12-26_Yakuba_cameroon_e2hex,4188.0,4232.0,1.0
2024.11.12_06-12-26_Yakuba_cameroon_e2hex,4235.0,4235.0,1.0
2024.11.12_06-12-26_Yakuba_cameroon_e2hex,4251.0,4254.0,1.0
2024.11.12_06-12-26_Yakuba_cameroon_e2hex,4256.0,5049.0,1.0
2024.11.12_06-12-26_Yakuba_cameroon_e2hex,5063.0,5089.0,1.0
2024.11.12_06-12-26_Yakuba_cameroon_e2hex,5094.0,5094.0,1.0
2025.04.09_12-09-16_Riverside_metbut,6073.0,6073.0,1.0
2025.04.09_12-09-16_Riverside_metbut,6076.0,6076.0,1.0
2025.04.09_12-09-16_Riverside_metbut,6078.0,6078.0,1.0
2025.04.09_12-09-16_Riverside_metbut,6082.0,6083.0,1.0
2025.04.09_12-09-16_Riverside_metbut,6087.0,6099.0,1.0
2025.04.09_12-09-16_Riverside_metbut,6101.0,6114.0,1.0
2025.04.09_12-09-16_Riverside_metbut,6116.0,6125.0,1.0
2025.04.09_12-09-16_Riverside_metbut,6127.0,6129.0,1.0
2025.04.09_12-09-16_Riverside_metbut,6131.0,6131.0,1.0
2025.04.09_12-09-16_Riverside_metbut,6133.0,6134.0,1.0
2025.04.09_12-09-16_Riverside_metbut,6136.0,6152.0,1.0
2025.04.09_12-09-16_Riverside_metbut,6155.0,6159.0,1.0
2025.04.09_12-09-16_Riverside_metbut,6161.0,6162.0,1.0
2025.04.09_12-09-16_Riverside_metbut,6164.0,6164.0,1.0
2025.04.09_12-09-16_Riverside_metbut,6166.0,6175.0,1.0
2025.04.09_12-09-16_Riverside_metbut,6177.0,6177.0,1.0
2025.04.09_12-09-16_Riverside_metbut,6180.0,6181.0,1.0
2025.04.09_12-09-16_Riverside_metbut,6183.0,6183.0,1.0
2025.04.09_12-09-16_Riverside_metbut,6185.0,6186.0,1.0
2025.04.09_12-09-16_Riverside_metbut,6188.0,6192.0,1.0
2025.04.09_12-09-16_Riverside_metbut,6194.0,6198.0,1.0
2025.04.09_12-09-16_Riverside_metbut,6201.0,6205.0,1.0
2025.04.09_12-09-16_Riverside_metbut,6207.0,6212.0,1.0
2025.04.09_12-09-16_Riverside_metbut,6214.0,6221.0,1.0
2025.04.09_12-09-16_Riverside_metbut,6223.0,6223.0,1.0
2025.04.09_12-09-16_Riverside_metbut,6225.0,6225.0,1.0
2025.04.09_12-09-16_Riverside_metbut,6227.0,6265.0,1.0
2025.04.09_12-09-16_Riverside_metbut,6267.0,6272.0,1.0
2025.04.09_12-09-16_Riverside_metbut,6274.0,6279.0,1.0
2025.04.09_12-09-16_Riverside_metbut,6281.0,6292.0,1.0
2025.04.09_12-09-16_Riverside_metbut,6294.0,6296.0,1.0
2025.04.09_12-09-16_Riverside_metbut,6298.0,6298.0,1.0
2025.04.09_12-09-16_Riverside_metbut,6301.0,6309.0,1.0
2025.04.09_12-09-16_Riverside_metbut,6311.0,6311.0,1.0
2025.04.09_12-09-16_Riverside_metbut,6313.0,6313.0,1.0
2025.04.09_12-09-16_Riverside_metbut,6315.0,6326.0,1.0
2025.04.09_12-09-16_Riverside_metbut,6328.0,6337.0,1.0
2025.04.09_12-09-16_Riverside_metbut,6339.0,6343.0,1.0
2025.04.09_12-09-16_Riverside_metbut,6345.0,6359.0,1.0
2025.04.09_12-09-16_Riverside_metbut,6361.0,6367.0,1.0
2025.04.09_12-09-16_Riverside_metbut,6369.0,6372.0,1.0
2025.04.09_12-09-16_Riverside_metbut,6374.0,6374.0,1.0
2025.04.09_12-09-16_Riverside_metbut,6376.0,6379.0,1.0
2025.04.09_12-09-16_Riverside_metbut,6381.0,6383.0,1.0
2025.04.09_12-09-16_Riverside_metbut,6385.0,6388.0,1.0
2025.04.09_12-09-16_Riverside_metbut,6390.0,6404.0,1.0
2025.04.09_12-09-16_Riverside_metbut,6407.0,6408.0,1.0
2025.04.09_12-09-16_Riverside_metbut,6414.0,6418.0,1.0
2025.04.09_12-09-16_Riverside_metbut,6420.0,6422.0,1.0
2025.04.09_12-09-16_Riverside_metbut,6424.0,6427.0,1.0
2025.04.09_12-09-16_Riverside_metbut,6430.0,6435.0,1.0
2025.04.09_12-09-16_Riverside_metbut,6437.0,6437.0,1.0
2025.04.09_12-09-16_Riverside_metbut,6440.0,6453.0,1.0
2025.04.09_12-09-16_Riverside_metbut,6455.0,6456.0,1.0
2025.04.09_12-09-16_Riverside_metbut,6458.0,6462.0,1.0
2025.04.09_12-09-16_Riverside_metbut,6464.0,6469.0,1.0
2025.04.09_12-09-16_Riverside_metbut,6471.0,6479.0,1.0
2025.04.09_12-09-16_Riverside_metbut,6484.0,8995.0,1.0
2024.07.05_16-50-17_Riverside (no odor),2013.0,2879.0,1.0
2024.10.18_06-37-46_CantonS_prenac,3.0,2475.0,1.0
2024.10.18_06-37-46_CantonS_prenac,2477.0,2598.0,1.0
2024.10.18_06-37-46_CantonS_prenac,2600.0,2927.0,1.0
2024.11.13_22-18-41_Yakuba_cameroon_e2hex,3884.0,3891.0,1.0
2024.11.13_22-18-41_Yakuba_cameroon_e2hex,3893.0,3893.0,1.0
2024.11.13_22-18-41_Yakuba_cameroon_e2hex,3923.0,3923.0,1.0
2024.11.13_22-18-41_Yakuba_cameroon_e2hex,3925.0,5114.0,1.0
2024.11.13_22-18-41_Yakuba_cameroon_e2hex,5116.0,5182.0,1.0
2024.11.13_22-18-41_Yakuba_cameroon_e2hex,5184.0,5185.0,1.0
2024.11.13_22-18-41_Yakuba_cameroon_e2hex,5187.0,5188.0,1.0
2024.11.13_22-18-41_Yakuba_cameroon_e2hex,5190.0,5215.0,1.0
2024.11.13_22-18-41_Yakuba_cameroon_e2hex,5217.0,5230.0,1.0
2024.11.13_22-18-41_Yakuba_cameroon_e2hex,5237.0,5271.0,1.0
2024.11.13_22-18-41_Yakuba_cameroon_e2hex,5273.0,5350.0,1.0
2024.11.13_22-18-41_Yakuba_cameroon_e2hex,5371.0,5371.0,1.0
2024.11.13_22-18-41_Yakuba_cameroon_e2hex,5374.0,5375.0,1.0
2024.11.13_22-18-41_Yakuba_cameroon_e2hex,5377.0,5708.0,1.0
2024.11.13_22-18-41_Yakuba_cameroon_e2hex,5710.0,5720.0,1.0
2024.11.13_22-18-41_Yakuba_cameroon_e2hex,5722.0,7514.0,1.0
2024.11.13_22-18-41_Yakuba_cameroon_e2hex,7516.0,7517.0,1.0
2024.11.13_22-18-41_Yakuba_cameroon_e2hex,7520.0,7546.0,1.0
2024.11.13_22-18-41_Yakuba_cameroon_e2hex,7548.0,7560.0,1.0
2024.11.13_22-18-41_Yakuba_cameroon_e2hex,7585.0,7585.0,1.0
2024.11.13_22-18-41_Yakuba_cameroon_e2hex,7587.0,8999.0,1.0
2024.11.04_07-41-12_biarmipes84_e2hex,1483.0,1532.0,1.0
2024.11.04_07-41-12_biarmipes84_e2hex,1534.0,1598.0,1.0
2024.11.04_07-41-12_biarmipes84_e2hex,1600.0,1651.0,1.0
2024.11.04_07-41-12_biarmipes84_e2hex,1653.0,1756.0,1.0
2024.11.04_07-41-12_biarmipes84_e2hex,1759.0,1768.0,1.0
2024.11.04_07-41-12_biarmipes84_e2hex,1771.0,3257.0,1.0
2024.11.04_07-41-12_biarmipes84_e2hex,3262.0,3262.0,1.0
2024.11.04_07-41-12_biarmipes84_e2hex,3264.0,3264.0,1.0
2024.11.04_07-41-12_biarmipes84_e2hex,3270.0,3271.0,1.0
2024.11.04_07-41-12_biarmipes84_e2hex,3274.0,3274.0,1.0
2024.11.04_07-41-12_biarmipes84_e2hex,3283.0,3284.0,1.0
2024.11.04_07-41-12_biarmipes84_e2hex,3291.0,3293.0,1.0
2024.11.04_07-41-12_biarmipes84_e2hex,3299.0,3299.0,1.0
2024.11.04_07-41-12_biarmipes84_e2hex,3308.0,3309.0,1.0
2024.11.04_07-41-12_biarmipes84_e2hex,3323.0,3323.0,1.0
2024.11.04_07-41-12_biarmipes84_e2hex,3329.0,3329.0,1.0
2024.11.04_07-41-12_biarmipes84_e2hex,3332.0,3335.0,1.0
2024.11.04_07-41-12_biarmipes84_e2hex,3347.0,3348.0,1.0
2024.11.04_07-41-12_biarmipes84_e2hex,3350.0,3353.0,1.0
2024.11.04_07-41-12_biarmipes84_e2hex,3355.0,3357.0,1.0
2024.11.04_07-41-12_biarmipes84_e2hex,3360.0,3361.0,1.0
2024.11.04_07-41-12_biarmipes84_e2hex,3369.0,3370.0,1.0
2024.11.04_07-41-12_biarmipes84_e2hex,3372.0,3374.0,1.0
2024.11.04_07-41-12_biarmipes84_e2hex,3382.0,3382.0,1.0
2024.11.04_07-41-12_biarmipes84_e2hex,3384.0,3387.0,1.0
2024.11.04_07-41-12_biarmipes84_e2hex,3389.0,3391.0,1.0
2024.11.04_07-41-12_biarmipes84_e2hex,3393.0,3395.0,1.0
2024.11.04_07-41-12_biarmipes84_e2hex,3397.0,3397.0,1.0
2024.11.04_07-41-12_biarmipes84_e2hex,3399.0,3400.0,1.0
2024.11.04_07-41-12_biarmipes84_e2hex,3402.0,3402.0,1.0
2024.11.04_07-41-12_biarmipes84_e2hex,3409.0,3409.0,1.0
2024.11.04_07-41-12_biarmipes84_e2hex,3416.0,3416.0,1.0
2024.11.04_07-41-12_biarmipes84_e2hex,3451.0,3453.0,1.0
2024.11.04_07-41-12_biarmipes84_e2hex,3460.0,3460.0,1.0
2024.11.04_07-41-12_biarmipes84_e2hex,3462.0,3462.0,1.0
2024.11.04_07-41-12_biarmipes84_e2hex,3482.0,3482.0,1.0
2024.11.04_07-41-12_biarmipes84_e2hex,3485.0,3485.0,1.0
2024.11.04_07-41-12_biarmipes84_e2hex,3487.0,3487.0,1.0
2024.11.04_07-41-12_biarmipes84_e2hex,3491.0,3491.0,1.0
2024.11.04_07-41-12_biarmipes84_e2hex,3495.0,3495.0,1.0
2024.11.04_07-41-12_biarmipes84_e2hex,3500.0,3501.0,1.0
2024.11.04_07-41-12_biarmipes84_e2hex,3505.0,3505.0,1.0
2024.11.04_07-41-12_biarmipes84_e2hex,3507.0,3507.0,1.0
2024.11.04_07-41-12_biarmipes84_e2hex,3510.0,3512.0,1.0
2024.11.04_07-41-12_biarmipes84_e2hex,3514.0,3514.0,1.0
2024.11.04_07-41-12_biarmipes84_e2hex,3517.0,3517.0,1.0
2024.11.04_07-41-12_biarmipes84_e2hex,3520.0,3523.0,1.0
2024.11.04_07-41-12_biarmipes84_e2hex,3527.0,3530.0,1.0
2024.11.04_07-41-12_biarmipes84_e2hex,3532.0,3535.0,1.0
2024.11.04_07-41-12_biarmipes84_e2hex,3537.0,3538.0,1.0
2024.11.04_07-41-12_biarmipes84_e2hex,3542.0,3542.0,1.0
2024.11.04_07-41-12_biarmipes84_e2hex,3552.0,3552.0,1.0
2024.11.04_07-41-12_biarmipes84_e2hex,3555.0,3555.0,1.0
2024.11.04_07-41-12_biarmipes84_e2hex,3559.0,3560.0,1.0
2024.11.04_07-41-12_biarmipes84_e2hex,3562.0,3562.0,1.0
2024.11.04_07-41-12_biarmipes84_e2hex,3567.0,3568.0,1.0
2024.11.04_07-41-12_biarmipes84_e2hex,3571.0,3571.0,1.0
2024.11.04_07-41-12_biarmipes84_e2hex,3574.0,3696.0,1.0
2024.11.04_07-41-12_biarmipes84_e2hex,3698.0,3721.0,1.0
2024.11.04_07-41-12_biarmipes84_e2hex,3723.0,3724.0,1.0
2024.11.04_07-41-12_biarmipes84_e2hex,3726.0,3727.0,1.0
2024.11.04_07-41-12_biarmipes84_e2hex,3729.0,3732.0,1.0
2024.11.04_07-41-12_biarmipes84_e2hex,3734.0,3734.0,1.0
2024.11.04_07-41-12_biarmipes84_e2hex,3736.0,3749.0,1.0
2024.11.04_07-41-12_biarmipes84_e2hex,3751.0,3756.0,1.0
2024.11.04_07-41-12_biarmipes84_e2hex,3758.0,3791.0,1.0
2024.11.04_07-41-12_biarmipes84_e2hex,3793.0,3803.0,1.0
2024.11.04_07-41-12_biarmipes84_e2hex,3805.0,3807.0,1.0
2024.11.04_07-41-12_biarmipes84_e2hex,3809.0,3811.0,1.0
2024.11.04_07-41-12_biarmipes84_e2hex,3813.0,4053.0,1.0
2024.11.04_07-41-12_biarmipes84_e2hex,4059.0,4067.0,1.0
2024.11.04_07-41-12_biarmipes84_e2hex,4069.0,4069.0,1.0
2024.11.04_07-41-12_biarmipes84_e2hex,4071.0,4071.0,1.0
2024.11.04_07-41-12_biarmipes84_e2hex,4074.0,4074.0,1.0
2024.11.04_07-41-12_biarmipes84_e2hex,4076.0,4076.0,1.0
2024.11.04_07-41-12_biarmipes84_e2hex,4078.0,4082.0,1.0
2024.11.04_07-41-12_biarmipes84_e2hex,4085.0,4085.0,1.0
2024.11.04_07-41-12_biarmipes84_e2hex,4087.0,4087.0,1.0
2024.11.04_07-41-12_biarmipes84_e2hex,4090.0,4091.0,1.0
2024.11.04_07-41-12_biarmipes84_e2hex,4093.0,4109.0,1.0
2024.11.04_07-41-12_biarmipes84_e2hex,4113.0,4138.0,1.0
2024.11.04_07-41-12_biarmipes84_e2hex,4140.0,4140.0,1.0
2024.11.04_07-41-12_biarmipes84_e2hex,4143.0,4145.0,1.0
2024.11.04_07-41-12_biarmipes84_e2hex,4151.0,4154.0,1.0
2024.11.04_07-41-12_biarmipes84_e2hex,4156.0,4157.0,1.0
2024.11.04_07-41-12_biarmipes84_e2hex,4159.0,4160.0,1.0
2024.11.04_07-41-12_biarmipes84_e2hex,4163.0,4171.0,1.0
2024.11.04_07-41-12_biarmipes84_e2hex,4173.0,4173.0,1.0
2024.11.04_07-41-12_biarmipes84_e2hex,4175.0,4188.0,1.0
2024.11.04_07-41-12_biarmipes84_e2hex,4191.0,4192.0,1.0
2024.11.04_07-41-12_biarmipes84_e2hex,4194.0,4194.0,1.0
2024.11.04_07-41-12_biarmipes84_e2hex,4200.0,4200.0,1.0
2024.11.04_07-41-12_biarmipes84_e2hex,4202.0,4204.0,1.0
2024.11.04_07-41-12_biarmipes84_e2hex,4210.0,4210.0,1.0
2024.11.04_07-41-12_biarmipes84_e2hex,4212.0,4213.0,1.0
2024.11.04_07-41-12_biarmipes84_e2hex,4215.0,4216.0,1.0
2024.11.04_07-41-12_biarmipes84_e2hex,4218.0,4221.0,1.0
2024.11.04_07-41-12_biarmipes84_e2hex,4225.0,4243.0,1.0
2024.11.04_07-41-12_biarmipes84_e2hex,4245.0,4247.0,1.0
2024.11.04_07-41-12_biarmipes84_e2hex,4250.0,4252.0,1.0
2024.11.04_07-41-12_biarmipes84_e2hex,4255.0,4255.0,1.0
2024.11.04_07-41-12_biarmipes84_e2hex,4259.0,4262.0,1.0
2024.11.04_07-41-12_biarmipes84_e2hex,4264.0,4264.0,1.0
2024.11.04_07-41-12_biarmipes84_e2hex,4270.0,4274.0,1.0
2024.11.04_07-41-12_biarmipes84_e2hex,4277.0,4279.0,1.0
2024.11.04_07-41-12_biarmipes84_e2hex,4283.0,4285.0,1.0
2024.11.04_07-41-12_biarmipes84_e2hex,4287.0,4291.0,1.0
2024.11.04_07-41-12_biarmipes84_e2hex,4293.0,4293.0,1.0
2024.11.04_07-41-12_biarmipes84_e2hex,4295.0,4296.0,1.0
2024.11.04_07-41-12_biarmipes84_e2hex,4298.0,4300.0,1.0
2024.11.04_07-41-12_biarmipes84_e2hex,4305.0,4305.0,1.0
2024.11.04_07-41-12_biarmipes84_e2hex,4317.0,4319.0,1.0
2024.11.04_07-41-12_biarmipes84_e2hex,4322.0,4322.0,1.0
2024.11.04_07-41-12_biarmipes84_e2hex,4325.0,4325.0,1.0
2024.11.04_07-41-12_biarmipes84_e2hex,4328.0,4330.0,1.0
2024.11.04_07-41-12_biarmipes84_e2hex,4332.0,4332.0,1.0
2024.11.04_07-41-12_biarmipes84_e2hex,4334.0,4334.0,1.0
2024.11.04_07-41-12_biarmipes84_e2hex,4338.0,4339.0,1.0
2024.11.04_07-41-12_biarmipes84_e2hex,4341.0,4343.0,1.0
2024.11.04_07-41-12_biarmipes84_e2hex,4345.0,4345.0,1.0
2024.11.04_07-41-12_biarmipes84_e2hex,4348.0,4348.0,1.0
2024.11.04_07-41-12_biarmipes84_e2hex,4350.0,4350.0,1.0
2024.11.04_07-41-12_biarmipes84_e2hex,4352.0,4354.0,1.0
2024.11.04_07-41-12_biarmipes84_e2hex,4356.0,4361.0,1.0
2024.11.04_07-41-12_biarmipes84_e2hex,4363.0,4364.0,1.0
2024.11.04_07-41-12_biarmipes84_e2hex,4366.0,4369.0,1.0
2024.11.04_07-41-12_biarmipes84_e2hex,4375.0,4383.0,1.0
2024.11.04_07-41-12_biarmipes84_e2hex,4385.0,4392.0,1.0
2024.11.04_07-41-12_biarmipes84_e2hex,4394.0,4397.0,1.0
2024.11.04_07-41-12_biarmipes84_e2hex,4399.0,4403.0,1.0
2024.11.04_07-41-12_biarmipes84_e2hex,4405.0,4415.0,1.0
2024.11.04_07-41-12_biarmipes84_e2hex,4417.0,4425.0,1.0
2024.11.04_07-41-12_biarmipes84_e2hex,4427.0,4428.0,1.0
2024.11.04_07-41-12_biarmipes84_e2hex,4430.0,4436.0,1.0
2024.11.04_07-41-12_biarmipes84_e2hex,4438.0,4446.0,1.0
2024.11.04_07-41-12_biarmipes84_e2hex,4448.0,4453.0,1.0
2024.11.04_07-41-12_biarmipes84_e2hex,4455.0,4479.0,1.0
2024.11.04_07-41-12_biarmipes84_e2hex,4481.0,4581.0,1.0
2024.11.04_07-41-12_biarmipes84_e2hex,4583.0,4584.0,1.0
2024.11.04_07-41-12_biarmipes84_e2hex,4586.0,4586.0,1.0
2024.11.04_07-41-12_biarmipes84_e2hex,4590.0,4609.0,1.0
2024.11.04_07-41-12_biarmipes84_e2hex,4612.0,4616.0,1.0
2024.11.04_07-41-12_biarmipes84_e2hex,4618.0,4618.0,1.0
2024.11.04_07-41-12_biarmipes84_e2hex,4620.0,4632.0,1.0
2024.11.04_07-41-12_biarmipes84_e2hex,4634.0,5163.0,1.0
2024.11.04_07-41-12_biarmipes84_e2hex,5165.0,5724.0,1.0
2024.11.04_07-41-12_biarmipes84_e2hex,5726.0,5729.0,1.0
2024.11.04_07-41-12_biarmipes84_e2hex,5731.0,5740.0,1.0
2024.11.04_07-41-12_biarmipes84_e2hex,5742.0,5744.0,1.0
2024.11.04_07-41-12_biarmipes84_e2hex,5746.0,5746.0,1.0
2024.11.04_07-41-12_biarmipes84_e2hex,5749.0,5749.0,1.0
2024.11.04_07-41-12_biarmipes84_e2hex,5751.0,5751.0,1.0
2024.11.04_07-41-12_biarmipes84_e2hex,5753.0,5753.0,1.0
2024.11.04_07-41-12_biarmipes84_e2hex,5756.0,5757.0,1.0
2024.11.04_07-41-12_biarmipes84_e2hex,5761.0,5761.0,1.0
2024.11.04_07-41-12_biarmipes84_e2hex,5763.0,5764.0,1.0
2024.11.04_07-41-12_biarmipes84_e2hex,5766.0,5766.0,1.0
2024.11.04_07-41-12_biarmipes84_e2hex,5768.0,5770.0,1.0
2024.11.04_07-41-12_biarmipes84_e2hex,5772.0,5772.0,1.0
2024.11.04_07-41-12_biarmipes84_e2hex,5774.0,5774.0,1.0
2024.11.04_07-41-12_biarmipes84_e2hex,5783.0,5783.0,1.0
2024.11.04_07-41-12_biarmipes84_e2hex,5787.0,5789.0,1.0
2024.11.04_07-41-12_biarmipes84_e2hex,5792.0,5797.0,1.0
2024.11.04_07-41-12_biarmipes84_e2hex,5803.0,5804.0,1.0
2024.11.04_07-41-12_biarmipes84_e2hex,5807.0,5811.0,1.0
2024.11.04_07-41-12_biarmipes84_e2hex,5813.0,5815.0,1.0
2024.11.04_07-41-12_biarmipes84_e2hex,5818.0,5825.0,1.0
2024.11.04_07-41-12_biarmipes84_e2hex,5827.0,5827.0,1.0
2024.11.04_07-41-12_biarmipes84_e2hex,5829.0,5835.0,1.0
2024.11.04_07-41-12_biarmipes84_e2hex,5837.0,5856.0,1.0
2024.11.04_07-41-12_biarmipes84_e2hex,5858.0,5858.0,1.0
2024.11.04_07-41-12_biarmipes84_e2hex,5860.0,5863.0,1.0
2024.11.04_07-41-12_biarmipes84_e2hex,5865.0,5877.0,1.0
2024.11.04_07-41-12_biarmipes84_e2hex,5879.0,5879.0,1.0
2024.11.04_07-41-12_biarmipes84_e2hex,5881.0,5881.0,1.0
2024.11.04_07-41-12_biarmipes84_e2hex,5894.0,5895.0,1.0
2024.11.04_07-41-12_biarmipes84_e2hex,5897.0,5897.0,1.0
2024.11.04_07-41-12_biarmipes84_e2hex,5903.0,5903.0,1.0
2024.11.04_07-41-12_biarmipes84_e2hex,5905.0,5907.0,1.0
2024.11.04_07-41-12_biarmipes84_e2hex,5909.0,5915.0,1.0
2024.11.04_07-41-12_biarmipes84_e2hex,5917.0,5918.0,1.0
2024.11.04_07-41-12_biarmipes84_e2hex,5921.0,5993.0,1.0
2024.11.04_07-41-12_biarmipes84_e2hex,5995.0,6098.0,1.0
2024.11.04_07-41-12_biarmipes84_e2hex,6100.0,6109.0,1.0
2024.11.04_07-41-12_biarmipes84_e2hex,6114.0,6116.0,1.0
2024.11.04_07-41-12_biarmipes84_e2hex,6118.0,6119.0,1.0
2024.11.04_07-41-12_biarmipes84_e2hex,6121.0,6121.0,1.0
2024.11.04_07-41-12_biarmipes84_e2hex,6124.0,6134.0,1.0
2024.11.04_07-41-12_biarmipes84_e2hex,6136.0,6138.0,1.0
2024.11.04_07-41-12_biarmipes84_e2hex,6140.0,6148.0,1.0
2024.11.04_07-41-12_biarmipes84_e2hex,6151.0,6164.0,1.0
2024.11.04_07-41-12_biarmipes84_e2hex,6168.0,6168.0,1.0
2024.11.04_07-41-12_biarmipes84_e2hex,6173.0,6173.0,1.0
2024.11.04_07-41-12_biarmipes84_e2hex,6175.0,6178.0,1.0
2024.11.04_07-41-12_biarmipes84_e2hex,6180.0,6181.0,1.0
2024.11.04_07-41-12_biarmipes84_e2hex,6184.0,6184.0,1.0
2024.11.04_07-41-12_biarmipes84_e2hex,6187.0,6187.0,1.0
2024.11.04_07-41-12_biarmipes84_e2hex,6190.0,6190.0,1.0
2024.11.04_07-41-12_biarmipes84_e2hex,6192.0,6194.0,1.0
2024.11.04_07-41-12_biarmipes84_e2hex,6196.0,6220.0,1.0
2024.11.04_07-41-12_biarmipes84_e2hex,6223.0,6223.0,1.0
2024.11.04_07-41-12_biarmipes84_e2hex,6225.0,6227.0,1.0
2024.11.04_07-41-12_biarmipes84_e2hex,6229.0,6243.0,1.0
2024.11.04_07-41-12_biarmipes84_e2hex,6245.0,6252.0,1.0
2024.11.04_07-41-12_biarmipes84_e2hex,6254.0,6257.0,1.0
2024.11.04_07-41-12_biarmipes84_e2hex,6262.0,6266.0,1.0
2024.11.04_07-41-12_biarmipes84_e2hex,6268.0,6298.0,1.0
2024.11.04_07-41-12_biarmipes84_e2hex,6301.0,6316.0,1.0
2024.11.04_07-41-12_biarmipes84_e2hex,6318.0,6319.0,1.0
2024.11.04_07-41-12_biarmipes84_e2hex,6322.0,6323.0,1.0
2024.11.04_07-41-12_biarmipes84_e2hex,6325.0,6325.0,1.0
2024.11.04_07-41-12_biarmipes84_e2hex,6328.0,6329.0,1.0
2024.11.04_07-41-12_biarmipes84_e2hex,6331.0,6334.0,1.0
2024.11.04_07-41-12_biarmipes84_e2hex,6336.0,6338.0,1.0
2024.11.04_07-41-12_biarmipes84_e2hex,6348.0,6354.0,1.0
2024.11.04_07-41-12_biarmipes84_e2hex,6356.0,6356.0,1.0
2024.11.04_07-41-12_biarmipes84_e2hex,6364.0,6364.0,1.0
2024.11.04_07-41-12_biarmipes84_e2hex,6366.0,6366.0,1.0
2024.11.04_07-41-12_biarmipes84_e2hex,6369.0,6369.0,1.0
2024.11.04_07-41-12_biarmipes84_e2hex,6371.0,6371.0,1.0
2024.11.04_07-41-12_biarmipes84_e2hex,6373.0,6374.0,1.0
2024.11.04_07-41-12_biarmipes84_e2hex,6378.0,6378.0,1.0
2024.11.04_07-41-12_biarmipes84_e2hex,6384.0,6384.0,1.0
2024.11.04_07-41-12_biarmipes84_e2hex,6386.0,6386.0,1.0
2024.11.04_07-41-12_biarmipes84_e2hex,6389.0,6389.0,1.0
2024.11.04_07-41-12_biarmipes84_e2hex,6391.0,6398.0,1.0
2024.11.04_07-41-12_biarmipes84_e2hex,6400.0,6403.0,1.0
2024.11.04_07-41-12_biarmipes84_e2hex,6406.0,6408.0,1.0
2024.11.04_07-41-12_biarmipes84_e2hex,6410.0,6414.0,1.0
2024.11.04_07-41-12_biarmipes84_e2hex,6416.0,6426.0,1.0
2024.11.04_07-41-12_biarmipes84_e2hex,6429.0,6431.0,1.0
2024.11.04_07-41-12_biarmipes84_e2hex,6433.0,6434.0,1.0
2024.11.04_07-41-12_biarmipes84_e2hex,6438.0,6444.0,1.0
2024.11.04_07-41-12_biarmipes84_e2hex,6446.0,6446.0,1.0
2024.11.04_07-41-12_biarmipes84_e2hex,6453.0,6453.0,1.0
2024.11.04_07-41-12_biarmipes84_e2hex,6459.0,6460.0,1.0
2024.11.04_07-41-12_biarmipes84_e2hex,6462.0,6468.0,1.0
2024.11.04_07-41-12_biarmipes84_e2hex,6470.0,6470.0,1.0
2024.11.04_07-41-12_biarmipes84_e2hex,6474.0,6474.0,1.0
2024.11.04_07-41-12_biarmipes84_e2hex,6476.0,6477.0,1.0
2024.11.04_07-41-12_biarmipes84_e2hex,6479.0,6480.0,1.0
2024.11.04_07-41-12_biarmipes84_e2hex,6482.0,6490.0,1.0
2024.11.04_07-41-12_biarmipes84_e2hex,6492.0,6587.0,1.0
2024.11.04_07-41-12_biarmipes84_e2hex,6589.0,6757.0,1.0
2024.11.04_07-41-12_biarmipes84_e2hex,6759.0,6777.0,1.0
2024.11.04_07-41-12_biarmipes84_e2hex,6779.0,6783.0,1.0
2024.11.04_07-41-12_biarmipes84_e2hex,6786.0,7216.0,1.0
2024.11.04_07-41-12_biarmipes84_e2hex,7218.0,7567.0,1.0
2024.11.04_07-41-12_biarmipes84_e2hex,7570.0,8901.0,1.0
2024.10.29_04-30-46_Biarmipes84_metben,5981.0,5989.0,1.0
2024.10.29_04-30-46_Biarmipes84_metben,5992.0,5992.0,1.0
2024.10.29_04-30-46_Biarmipes84_metben,5994.0,5997.0,1.0
2024.10.29_04-30-46_Biarmipes84_metben,5999.0,6000.0,1.0
2024.10.29_04-30-46_Biarmipes84_metben,6002.0,6006.0,1.0
2024.10.29_04-30-46_Biarmipes84_metben,6009.0,6011.0,1.0
2024.10.29_04-30-46_Biarmipes84_metben,6013.0,6018.0,1.0
2024.10.29_04-30-46_Biarmipes84_metben,6020.0,6021.0,1.0
2024.10.29_04-30-46_Biarmipes84_metben,6023.0,6023.0,1.0
2024.10.29_04-30-46_Biarmipes84_metben,6025.0,6025.0,1.0
2024.10.29_04-30-46_Biarmipes84_metben,6027.0,6028.0,1.0
2024.10.29_04-30-46_Biarmipes84_metben,6030.0,6032.0,1.0
2024.10.29_04-30-46_Biarmipes84_metben,6034.0,6036.0,1.0
2024.10.29_04-30-46_Biarmipes84_metben,6039.0,6042.0,1.0
2024.10.29_04-30-46_Biarmipes84_metben,6045.0,6063.0,1.0
2024.10.29_04-30-46_Biarmipes84_metben,6065.0,6066.0,1.0
2024.10.29_04-30-46_Biarmipes84_metben,6068.0,6075.0,1.0
2024.10.29_04-30-46_Biarmipes84_metben,6077.0,6079.0,1.0
2024.10.29_04-30-46_Biarmipes84_metben,6081.0,6082.0,1.0
2024.10.29_04-30-46_Biarmipes84_metben,6084.0,6086.0,1.0
2024.10.29_04-30-46_Biarmipes84_metben,6088.0,6088.0,1.0
2024.10.29_04-30-46_Biarmipes84_metben,6092.0,6093.0,1.0
2024.10.29_04-30-46_Biarmipes84_metben,6096.0,6097.0,1.0
2024.10.29_04-30-46_Biarmipes84_metben,6099.0,6100.0,1.0
2024.10.29_04-30-46_Biarmipes84_metben,6107.0,6112.0,1.0
2024.10.29_04-30-46_Biarmipes84_metben,6115.0,6118.0,1.0
2024.10.29_04-30-46_Biarmipes84_metben,6121.0,6121.0,1.0
2024.10.29_04-30-46_Biarmipes84_metben,6124.0,6127.0,1.0
2024.10.29_04-30-46_Biarmipes84_metben,6133.0,6134.0,1.0
2024.10.29_04-30-46_Biarmipes84_metben,6136.0,6139.0,1.0
2024.10.29_04-30-46_Biarmipes84_metben,6143.0,6143.0,1.0
2024.10.29_04-30-46_Biarmipes84_metben,6148.0,6150.0,1.0
2024.10.29_04-30-46_Biarmipes84_metben,6153.0,6153.0,1.0
2024.10.29_04-30-46_Biarmipes84_metben,6155.0,6156.0,1.0
2024.10.29_04-30-46_Biarmipes84_metben,6163.0,6164.0,1.0
2024.10.29_04-30-46_Biarmipes84_metben,6166.0,6172.0,1.0
2024.10.29_04-30-46_Biarmipes84_metben,6176.0,6178.0,1.0
2024.10.29_04-30-46_Biarmipes84_metben,6180.0,6180.0,1.0
2024.10.29_04-30-46_Biarmipes84_metben,6182.0,6183.0,1.0
2024.10.29_04-30-46_Biarmipes84_metben,6185.0,6185.0,1.0
2024.10.29_04-30-46_Biarmipes84_metben,6189.0,6191.0,1.0
2024.10.29_04-30-46_Biarmipes84_metben,6195.0,6195.0,1.0
2024.10.29_04-30-46_Biarmipes84_metben,6198.0,6198.0,1.0
2024.10.29_04-30-46_Biarmipes84_metben,6200.0,6206.0,1.0
2024.10.29_04-30-46_Biarmipes84_metben,6208.0,6210.0,1.0
2024.10.29_04-30-46_Biarmipes84_metben,6212.0,6213.0,1.0
2024.10.29_04-30-46_Biarmipes84_metben,6215.0,6220.0,1.0
2024.10.29_04-30-46_Biarmipes84_metben,6228.0,6228.0,1.0
2024.10.29_04-30-46_Biarmipes84_metben,6231.0,6234.0,1.0
2024.10.29_04-30-46_Biarmipes84_metben,6236.0,6239.0,1.0
2024.10.29_04-30-46_Biarmipes84_metben,6242.0,6243.0,1.0
2024.10.29_04-30-46_Biarmipes84_metben,6247.0,6247.0,1.0
2024.10.29_04-30-46_Biarmipes84_metben,6250.0,6253.0,1.0
2024.10.29_04-30-46_Biarmipes84_metben,6255.0,6257.0,1.0
2024.10.29_04-30-46_Biarmipes84_metben,6259.0,6260.0,1.0
2024.10.29_04-30-46_Biarmipes84_metben,6262.0,6264.0,1.0
2024.10.29_04-30-46_Biarmipes84_metben,6266.0,6268.0,1.0
2024.10.29_04-30-46_Biarmipes84_metben,6270.0,6273.0,1.0
2024.10.29_04-30-46_Biarmipes84_metben,6275.0,6280.0,1.0
2024.10.29_04-30-46_Biarmipes84_metben,6282.0,6283.0,1.0
2024.10.29_04-30-46_Biarmipes84_metben,6285.0,6289.0,1.0
2024.10.29_04-30-46_Biarmipes84_metben,6291.0,6291.0,1.0
2024.10.29_04-30-46_Biarmipes84_metben,6293.0,6296.0,1.0
2024.10.29_04-30-46_Biarmipes84_metben,6298.0,6307.0,1.0
2024.10.29_04-30-46_Biarmipes84_metben,6309.0,6310.0,1.0
2024.10.29_04-30-46_Biarmipes84_metben,6312.0,6317.0,1.0
2024.10.29_04-30-46_Biarmipes84_metben,6319.0,6332.0,1.0
2024.10.29_04-30-46_Biarmipes84_metben,6334.0,6361.0,1.0
2024.10.29_04-30-46_Biarmipes84_metben,6363.0,6366.0,1.0
2024.10.29_04-30-46_Biarmipes84_metben,6368.0,6368.0,1.0
2024.10.29_04-30-46_Biarmipes84_metben,6370.0,6407.0,1.0
2024.10.29_04-30-46_Biarmipes84_metben,6409.0,6420.0,1.0
2024.10.29_04-30-46_Biarmipes84_metben,6422.0,6430.0,1.0
2024.10.29_04-30-46_Biarmipes84_metben,6432.0,6450.0,1.0
2024.10.29_04-30-46_Biarmipes84_metben,6452.0,6459.0,1.0
2024.10.29_04-30-46_Biarmipes84_metben,6461.0,6470.0,1.0
2024.10.29_04-30-46_Biarmipes84_metben,6472.0,6473.0,1.0
2024.10.29_04-30-46_Biarmipes84_metben,6475.0,6489.0,1.0
2024.10.29_04-30-46_Biarmipes84_metben,6491.0,6492.0,1.0
2024.10.29_04-30-46_Biarmipes84_metben,6494.0,6494.0,1.0
2024.10.29_04-30-46_Biarmipes84_metben,6496.0,6506.0,1.0
2024.10.29_04-30-46_Biarmipes84_metben,6508.0,6511.0,1.0
2024.10.29_04-30-46_Biarmipes84_metben,6513.0,6515.0,1.0
2024.10.29_04-30-46_Biarmipes84_metben,6517.0,6537.0,1.0
2024.10.29_04-30-46_Biarmipes84_metben,6539.0,6547.0,1.0
2024.10.29_04-30-46_Biarmipes84_metben,6549.0,6588.0,1.0
2024.10.29_04-30-46_Biarmipes84_metben,6590.0,6642.0,1.0
2024.10.29_04-30-46_Biarmipes84_metben,6644.0,6651.0,1.0
2024.10.29_04-30-46_Biarmipes84_metben,6653.0,6674.0,1.0
2024.10.29_04-30-46_Biarmipes84_metben,6676.0,6680.0,1.0
2024.10.29_04-30-46_Biarmipes84_metben,6683.0,6728.0,1.0
2024.10.29_04-30-46_Biarmipes84_metben,6730.0,6735.0,1.0
2024.10.29_04-30-46_Biarmipes84_metben,6737.0,6918.0,1.0
2024.10.29_04-30-46_Biarmipes84_metben,6920.0,6921.0,1.0
2024.10.29_04-30-46_Biarmipes84_metben,6924.0,6959.0,1.0
2024.10.29_04-30-46_Biarmipes84_metben,6961.0,7035.0,1.0
2024.10.29_04-30-46_Biarmipes84_metben,7037.0,7037.0,1.0
2024.10.29_04-30-46_Biarmipes84_metben,7039.0,7143.0,1.0
2024.10.29_04-30-46_Biarmipes84_metben,7145.0,7175.0,1.0
2024.10.29_04-30-46_Biarmipes84_metben,7177.0,7218.0,1.0
2024.10.29_04-30-46_Biarmipes84_metben,7220.0,7348.0,1.0
2024.10.29_04-30-46_Biarmipes84_metben,7350.0,7353.0,1.0
2024.10.29_04-30-46_Biarmipes84_metben,7355.0,7380.0,1.0
2024.10.29_04-30-46_Biarmipes84_metben,7382.0,7394.0,1.0
2024.10.29_04-30-46_Biarmipes84_metben,7396.0,7424.0,1.0
2024.10.29_04-30-46_Biarmipes84_metben,7426.0,7499.0,1.0
2024.10.29_04-30-46_Biarmipes84_metben,7501.0,7525.0,1.0
2024.10.29_04-30-46_Biarmipes84_metben,7527.0,7579.0,1.0
2024.10.29_04-30-46_Biarmipes84_metben,7581.0,7590.0,1.0
2024.10.29_04-30-46_Biarmipes84_metben,7592.0,7600.0,1.0
2024.10.29_04-30-46_Biarmipes84_metben,7602.0,7617.0,1.0
2024.10.29_04-30-46_Biarmipes84_metben,7619.0,7804.0,1.0
2024.10.29_04-30-46_Biarmipes84_metben,7806.0,7886.0,1.0
2024.10.29_04-30-46_Biarmipes84_metben,7888.0,8205.0,1.0
2024.10.29_04-30-46_Biarmipes84_metben,8207.0,8871.0,1.0
2024.09.30_14-44-36_Yakuba_cameroon_no_odor,2676.0,2677.0,1.0
2024.09.30_14-44-36_Yakuba_cameroon_no_odor,2679.0,2681.0,1.0
2024.09.30_14-44-36_Yakuba_cameroon_no_odor,2683.0,2684.0,1.0
2024.09.30_14-44-36_Yakuba_cameroon_no_odor,2686.0,2701.0,1.0
2024.09.30_14-44-36_Yakuba_cameroon_no_odor,2703.0,2708.0,1.0
2024.09.30_14-44-36_Yakuba_cameroon_no_odor,2710.0,2717.0,1.0
2024.09.30_14-44-36_Yakuba_cameroon_no_odor,2719.0,2731.0,1.0
2024.09.30_14-44-36_Yakuba_cameroon_no_odor,2733.0,2734.0,1.0
2024.09.30_14-44-36_Yakuba_cameroon_no_odor,2736.0,2761.0,1.0
2024.09.30_14-44-36_Yakuba_cameroon_no_odor,2763.0,2766.0,1.0
2024.09.30_14-44-36_Yakuba_cameroon_no_odor,2768.0,2774.0,1.0
2024.09.30_14-44-36_Yakuba_cameroon_no_odor,2776.0,2778.0,1.0
2024.09.30_14-44-36_Yakuba_cameroon_no_odor,2780.0,2789.0,1.0
2024.09.30_14-44-36_Yakuba_cameroon_no_odor,2791.0,2822.0,1.0
2024.09.30_14-44-36_Yakuba_cameroon_no_odor,2824.0,2829.0,1.0
2024.09.30_14-44-36_Yakuba_cameroon_no_odor,2831.0,2835.0,1.0
2024.09.30_14-44-36_Yakuba_cameroon_no_odor,2838.0,2851.0,1.0
2024.09.30_14-44-36_Yakuba_cameroon_no_odor,2853.0,2862.0,1.0
2024.09.30_14-44-36_Yakuba_cameroon_no_odor,2864.0,2864.0,1.0
2024.09.30_14-44-36_Yakuba_cameroon_no_odor,2866.0,2871.0,1.0
2024.09.30_14-44-36_Yakuba_cameroon_no_odor,2874.0,2881.0,1.0
2024.09.30_14-44-36_Yakuba_cameroon_no_odor,2883.0,2889.0,1.0
2024.09.30_14-44-36_Yakuba_cameroon_no_odor,2891.0,2894.0,1.0
2024.09.30_14-44-36_Yakuba_cameroon_no_odor,2896.0,2931.0,1.0
2024.09.30_14-44-36_Yakuba_cameroon_no_odor,2933.0,3418.0,1.0
2024.09.30_14-44-36_Yakuba_cameroon_no_odor,3420.0,3446.0,1.0
2024.09.30_14-44-36_Yakuba_cameroon_no_odor,3448.0,3499.0,1.0
2024.09.30_14-44-36_Yakuba_cameroon_no_odor,3501.0,3849.0,1.0
2024.09.30_14-44-36_Yakuba_cameroon_no_odor,3851.0,3885.0,1.0
2024.09.30_14-44-36_Yakuba_cameroon_no_odor,3887.0,3887.0,1.0
2024.09.30_14-44-36_Yakuba_cameroon_no_odor,3889.0,5125.0,1.0
2024.09.30_14-44-36_Yakuba_cameroon_no_odor,5127.0,5133.0,1.0
2024.09.30_14-44-36_Yakuba_cameroon_no_odor,5135.0,5211.0,1.0
2024.09.30_14-44-36_Yakuba_cameroon_no_odor,5213.0,5213.0,1.0
2024.09.30_14-44-36_Yakuba_cameroon_no_odor,5215.0,5215.0,1.0
2024.09.30_14-44-36_Yakuba_cameroon_no_odor,5217.0,5239.0,1.0
2024.09.30_14-44-36_Yakuba_cameroon_no_odor,5241.0,5243.0,1.0
2024.10.11_11-24-51_Biarmipes_G224_1hexanol,5611.0,5665.0,1.0
2024.10.11_11-24-51_Biarmipes_G224_1hexanol,5669.0,5682.0,1.0
2024.10.11_11-24-51_Biarmipes_G224_1hexanol,5795.0,8165.0,1.0
2024.10.11_11-24-51_Biarmipes_G224_1hexanol,8168.0,8999.0,1.0
2024.07.05_16-44-37_Riverside (no odor),3625.0,3658.0,1.0
2024.09.24_16-57-51_Yakuba7_no_odor,3.0,2883.0,1.0
2024.09.24_16-57-51_Yakuba7_no_odor,2885.0,2886.0,1.0
2024.09.24_16-57-51_Yakuba7_no_odor,2888.0,3182.0,1.0
2024.09.24_16-57-51_Yakuba7_no_odor,3185.0,3201.0,1.0
2024.09.24_16-57-51_Yakuba7_no_odor,3203.0,3210.0,1.0
2024.09.24_16-57-51_Yakuba7_no_odor,3213.0,3246.0,1.0
2024.09.24_16-57-51_Yakuba7_no_odor,3248.0,3254.0,1.0
2024.09.24_16-57-51_Yakuba7_no_odor,3257.0,3261.0,1.0
2024.09.24_16-57-51_Yakuba7_no_odor,3263.0,3324.0,1.0
2024.09.24_16-57-51_Yakuba7_no_odor,3326.0,3354.0,1.0
2024.09.24_16-57-51_Yakuba7_no_odor,3356.0,3373.0,1.0
2024.09.24_16-57-51_Yakuba7_no_odor,3375.0,3408.0,1.0
2024.09.24_16-57-51_Yakuba7_no_odor,3410.0,3410.0,1.0
2024.09.24_16-57-51_Yakuba7_no_odor,3412.0,3413.0,1.0
2024.09.24_16-57-51_Yakuba7_no_odor,3417.0,3436.0,1.0
2024.09.24_16-57-51_Yakuba7_no_odor,3438.0,3443.0,1.0
2024.09.24_16-57-51_Yakuba7_no_odor,3445.0,3455.0,1.0
2024.09.24_16-57-51_Yakuba7_no_odor,3457.0,3473.0,1.0
2024.09.24_16-57-51_Yakuba7_no_odor,3476.0,3486.0,1.0
2024.09.24_16-57-51_Yakuba7_no_odor,3488.0,3497.0,1.0
2024.09.24_16-57-51_Yakuba7_no_odor,3499.0,3505.0,1.0
2024.09.24_16-57-51_Yakuba7_no_odor,3507.0,3507.0,1.0
2024.09.24_16-57-51_Yakuba7_no_odor,3509.0,3522.0,1.0
2024.09.24_16-57-51_Yakuba7_no_odor,3524.0,3526.0,1.0
2024.09.24_16-57-51_Yakuba7_no_odor,3529.0,3529.0,1.0
2024.09.24_16-57-51_Yakuba7_no_odor,3532.0,3538.0,1.0
2024.09.24_16-57-51_Yakuba7_no_odor,3540.0,3565.0,1.0
2024.09.24_16-57-51_Yakuba7_no_odor,3567.0,3570.0,1.0
2024.09.24_16-57-51_Yakuba7_no_odor,3572.0,3578.0,1.0
2024.09.24_16-57-51_Yakuba7_no_odor,3580.0,3585.0,1.0
2024.09.24_16-57-51_Yakuba7_no_odor,3587.0,3615.0,1.0
2024.09.24_16-57-51_Yakuba7_no_odor,3617.0,3620.0,1.0
2024.09.24_16-57-51_Yakuba7_no_odor,3622.0,3627.0,1.0
2024.09.24_16-57-51_Yakuba7_no_odor,3630.0,3636.0,1.0
2024.09.24_16-57-51_Yakuba7_no_odor,3638.0,3647.0,1.0
2024.09.24_16-57-51_Yakuba7_no_odor,3650.0,3665.0,1.0
2024.09.24_16-57-51_Yakuba7_no_odor,3669.0,3673.0,1.0
2024.09.24_16-57-51_Yakuba7_no_odor,3676.0,3679.0,1.0
2024.09.24_16-57-51_Yakuba7_no_odor,3681.0,3689.0,1.0
2024.09.24_16-57-51_Yakuba7_no_odor,3693.0,3700.0,1.0
2024.09.24_16-57-51_Yakuba7_no_odor,3702.0,3724.0,1.0
2024.09.24_16-57-51_Yakuba7_no_odor,3726.0,3733.0,1.0
2024.09.24_16-57-51_Yakuba7_no_odor,3736.0,3783.0,1.0
2024.09.24_16-57-51_Yakuba7_no_odor,3785.0,3786.0,1.0
2024.09.24_16-57-51_Yakuba7_no_odor,3788.0,4320.0,1.0
2024.09.24_16-57-51_Yakuba7_no_odor,4322.0,4327.0,1.0
2024.09.24_16-57-51_Yakuba7_no_odor,4329.0,4339.0,1.0
2024.09.24_16-57-51_Yakuba7_no_odor,4341.0,4348.0,1.0
2024.09.24_16-57-51_Yakuba7_no_odor,4350.0,4355.0,1.0
2024.09.24_16-57-51_Yakuba7_no_odor,4357.0,4357.0,1.0
2024.09.24_16-57-51_Yakuba7_no_odor,4359.0,4370.0,1.0
2024.09.24_16-57-51_Yakuba7_no_odor,4372.0,4378.0,1.0
2024.09.24_16-57-51_Yakuba7_no_odor,4380.0,4381.0,1.0
2024.09.24_16-57-51_Yakuba7_no_odor,4383.0,4447.0,1.0
2024.09.24_16-57-51_Yakuba7_no_odor,4449.0,4462.0,1.0
2024.09.24_16-57-51_Yakuba7_no_odor,4464.0,4475.0,1.0
2024.09.24_16-57-51_Yakuba7_no_odor,4478.0,4480.0,1.0
2024.09.24_16-57-51_Yakuba7_no_odor,4482.0,4482.0,1.0
2024.09.24_16-57-51_Yakuba7_no_odor,4485.0,4489.0,1.0
2024.09.24_16-57-51_Yakuba7_no_odor,4491.0,4493.0,1.0
2024.09.24_16-57-51_Yakuba7_no_odor,4495.0,4495.0,1.0
2024.09.24_16-57-51_Yakuba7_no_odor,4497.0,4514.0,1.0
2024.09.24_16-57-51_Yakuba7_no_odor,4516.0,4518.0,1.0
2024.09.24_16-57-51_Yakuba7_no_odor,4520.0,4547.0,1.0
2024.09.24_16-57-51_Yakuba7_no_odor,4549.0,4640.0,1.0
2024.09.24_16-57-51_Yakuba7_no_odor,4644.0,4644.0,1.0
2024.09.24_16-57-51_Yakuba7_no_odor,4646.0,4646.0,1.0
2024.09.24_16-57-51_Yakuba7_no_odor,4648.0,4649.0,1.0
2024.09.24_16-57-51_Yakuba7_no_odor,4651.0,4652.0,1.0
2024.09.24_16-57-51_Yakuba7_no_odor,4654.0,4658.0,1.0
2024.09.24_16-57-51_Yakuba7_no_odor,4660.0,4716.0,1.0
2024.09.24_16-57-51_Yakuba7_no_odor,4718.0,4738.0,1.0
2024.09.24_16-57-51_Yakuba7_no_odor,4740.0,4743.0,1.0
2024.09.24_16-57-51_Yakuba7_no_odor,4745.0,4746.0,1.0
2024.09.24_16-57-51_Yakuba7_no_odor,4748.0,4750.0,1.0
2024.09.24_16-57-51_Yakuba7_no_odor,4754.0,4755.0,1.0
2024.09.24_16-57-51_Yakuba7_no_odor,4758.0,4768.0,1.0
2024.09.24_16-57-51_Yakuba7_no_odor,4771.0,4774.0,1.0
2024.09.24_16-57-51_Yakuba7_no_odor,4776.0,4782.0,1.0
2024.09.24_16-57-51_Yakuba7_no_odor,4785.0,4787.0,1.0
2024.09.24_16-57-51_Yakuba7_no_odor,4790.0,4792.0,1.0
2024.09.24_16-57-51_Yakuba7_no_odor,4795.0,4796.0,1.0
2024.09.24_16-57-51_Yakuba7_no_odor,4799.0,4803.0,1.0
2024.09.24_16-57-51_Yakuba7_no_odor,4806.0,4812.0,1.0
2024.09.24_16-57-51_Yakuba7_no_odor,4814.0,4816.0,1.0
2024.09.24_16-57-51_Yakuba7_no_odor,4818.0,4820.0,1.0
2024.09.24_16-57-51_Yakuba7_no_odor,4822.0,4822.0,1.0
2024.09.24_16-57-51_Yakuba7_no_odor,4824.0,4825.0,1.0
2024.09.24_16-57-51_Yakuba7_no_odor,4827.0,4830.0,1.0
2024.09.24_16-57-51_Yakuba7_no_odor,4833.0,4834.0,1.0
2024.09.24_16-57-51_Yakuba7_no_odor,4836.0,5313.0,1.0
2024.09.24_16-57-51_Yakuba7_no_odor,5315.0,5315.0,1.0
2024.09.24_16-57-51_Yakuba7_no_odor,5319.0,5319.0,1.0
2024.09.24_16-57-51_Yakuba7_no_odor,5324.0,5324.0,1.0
2024.09.24_16-57-51_Yakuba7_no_odor,5326.0,5326.0,1.0
2024.09.24_16-57-51_Yakuba7_no_odor,5329.0,5335.0,1.0
2024.09.24_16-57-51_Yakuba7_no_odor,5337.0,5338.0,1.0
2024.09.24_16-57-51_Yakuba7_no_odor,5342.0,5345.0,1.0
2024.09.24_16-57-51_Yakuba7_no_odor,5348.0,5351.0,1.0
2024.09.24_16-57-51_Yakuba7_no_odor,5353.0,5355.0,1.0
2024.09.24_16-57-51_Yakuba7_no_odor,5358.0,5358.0,1.0
2024.09.24_16-57-51_Yakuba7_no_odor,5362.0,5365.0,1.0
2024.09.24_16-57-51_Yakuba7_no_odor,5367.0,5372.0,1.0
2024.09.24_16-57-51_Yakuba7_no_odor,5376.0,5382.0,1.0
2024.09.24_16-57-51_Yakuba7_no_odor,5384.0,5393.0,1.0
2024.09.24_16-57-51_Yakuba7_no_odor,5395.0,5395.0,1.0
2024.09.24_16-57-51_Yakuba7_no_odor,5397.0,5403.0,1.0
2024.09.24_16-57-51_Yakuba7_no_odor,5405.0,5409.0,1.0
2024.09.24_16-57-51_Yakuba7_no_odor,5411.0,5411.0,1.0
2024.09.24_16-57-51_Yakuba7_no_odor,5413.0,5419.0,1.0
2024.09.24_16-57-51_Yakuba7_no_odor,5422.0,5449.0,1.0
2024.09.24_16-57-51_Yakuba7_no_odor,5451.0,5451.0,1.0
2024.09.24_16-57-51_Yakuba7_no_odor,5453.0,5468.0,1.0
2024.09.24_16-57-51_Yakuba7_no_odor,5470.0,5478.0,1.0
2024.09.24_16-57-51_Yakuba7_no_odor,5480.0,5480.0,1.0
2024.09.24_16-57-51_Yakuba7_no_odor,5482.0,5483.0,1.0
2024.09.24_16-57-51_Yakuba7_no_odor,5485.0,5490.0,1.0
2024.09.24_16-57-51_Yakuba7_no_odor,5492.0,5498.0,1.0
2024.09.24_16-57-51_Yakuba7_no_odor,5500.0,5502.0,1.0
2024.09.24_16-57-51_Yakuba7_no_odor,5504.0,5520.0,1.0
2024.09.24_16-57-51_Yakuba7_no_odor,5522.0,5533.0,1.0
2024.09.24_16-57-51_Yakuba7_no_odor,5535.0,5608.0,1.0
2024.09.24_16-57-51_Yakuba7_no_odor,5610.0,5611.0,1.0
2024.09.24_16-57-51_Yakuba7_no_odor,5613.0,5619.0,1.0
2024.09.24_16-57-51_Yakuba7_no_odor,5621.0,5624.0,1.0
2024.09.24_16-57-51_Yakuba7_no_odor,5627.0,5627.0,1.0
2024.09.24_16-57-51_Yakuba7_no_odor,5629.0,5630.0,1.0
2024.09.24_16-57-51_Yakuba7_no_odor,5632.0,5635.0,1.0
2024.09.24_16-57-51_Yakuba7_no_odor,5637.0,5641.0,1.0
2024.09.24_16-57-51_Yakuba7_no_odor,5649.0,5661.0,1.0
2024.09.24_16-57-51_Yakuba7_no_odor,5666.0,5680.0,1.0
2024.09.24_16-57-51_Yakuba7_no_odor,5682.0,5683.0,1.0
2024.09.24_16-57-51_Yakuba7_no_odor,5685.0,5685.0,1.0
2024.09.24_16-57-51_Yakuba7_no_odor,5687.0,5691.0,1.0
2024.09.24_16-57-51_Yakuba7_no_odor,5693.0,5701.0,1.0
2024.09.24_16-57-51_Yakuba7_no_odor,5703.0,5706.0,1.0
2024.09.24_16-57-51_Yakuba7_no_odor,5709.0,5709.0,1.0
2024.09.24_16-57-51_Yakuba7_no_odor,5711.0,5713.0,1.0
2024.09.24_16-57-51_Yakuba7_no_odor,5719.0,5720.0,1.0
2024.09.24_16-57-51_Yakuba7_no_odor,5722.0,5722.0,1.0
2024.09.24_16-57-51_Yakuba7_no_odor,5724.0,5724.0,1.0
2024.09.24_16-57-51_Yakuba7_no_odor,5728.0,5728.0,1.0
2024.09.24_16-57-51_Yakuba7_no_odor,5733.0,5738.0,1.0
2024.09.24_16-57-51_Yakuba7_no_odor,5740.0,5740.0,1.0
2024.09.24_16-57-51_Yakuba7_no_odor,5742.0,5744.0,1.0
2024.09.24_16-57-51_Yakuba7_no_odor,5746.0,5746.0,1.0
2024.09.24_16-57-51_Yakuba7_no_odor,5750.0,5751.0,1.0
2024.09.24_16-57-51_Yakuba7_no_odor,5754.0,5754.0,1.0
2024.09.24_16-57-51_Yakuba7_no_odor,5758.0,5758.0,1.0
2024.09.24_16-57-51_Yakuba7_no_odor,5760.0,5760.0,1.0
2024.09.24_16-57-51_Yakuba7_no_odor,5762.0,5763.0,1.0
2024.09.24_16-57-51_Yakuba7_no_odor,5767.0,5767.0,1.0
2024.09.24_16-57-51_Yakuba7_no_odor,5772.0,5773.0,1.0
2024.09.24_16-57-51_Yakuba7_no_odor,5778.0,5778.0,1.0
2024.09.24_16-57-51_Yakuba7_no_odor,5780.0,5780.0,1.0
2024.09.24_16-57-51_Yakuba7_no_odor,5784.0,5784.0,1.0
2024.09.24_16-57-51_Yakuba7_no_odor,5789.0,5794.0,1.0
2024.09.24_16-57-51_Yakuba7_no_odor,5796.0,5796.0,1.0
2024.09.24_16-57-51_Yakuba7_no_odor,5798.0,5800.0,1.0
2024.09.24_16-57-51_Yakuba7_no_odor,5805.0,5805.0,1.0
2024.09.24_16-57-51_Yakuba7_no_odor,5807.0,5811.0,1.0
2024.09.24_16-57-51_Yakuba7_no_odor,5815.0,5815.0,1.0
2024.09.24_16-57-51_Yakuba7_no_odor,5820.0,5820.0,1.0
2024.09.24_16-57-51_Yakuba7_no_odor,5823.0,5823.0,1.0
2024.09.24_16-57-51_Yakuba7_no_odor,5825.0,5828.0,1.0
2024.09.24_16-57-51_Yakuba7_no_odor,5830.0,5830.0,1.0
2024.09.24_16-57-51_Yakuba7_no_odor,5832.0,5833.0,1.0
2024.09.24_16-57-51_Yakuba7_no_odor,5839.0,5839.0,1.0
2024.09.24_16-57-51_Yakuba7_no_odor,5845.0,5845.0,1.0
2024.09.24_16-57-51_Yakuba7_no_odor,5847.0,5847.0,1.0
2024.09.24_16-57-51_Yakuba7_no_odor,5849.0,5849.0,1.0
2024.09.24_16-57-51_Yakuba7_no_odor,5855.0,5855.0,1.0
2024.09.24_16-57-51_Yakuba7_no_odor,5857.0,5857.0,1.0
2024.09.24_16-57-51_Yakuba7_no_odor,5860.0,5861.0,1.0
2024.09.24_16-57-51_Yakuba7_no_odor,5864.0,5869.0,1.0
2024.09.24_16-57-51_Yakuba7_no_odor,5871.0,5871.0,1.0
2024.09.24_16-57-51_Yakuba7_no_odor,5874.0,5875.0,1.0
2024.09.24_16-57-51_Yakuba7_no_odor,5884.0,5884.0,1.0
2024.09.24_16-57-51_Yakuba7_no_odor,5886.0,5888.0,1.0
2024.09.24_16-57-51_Yakuba7_no_odor,5891.0,5891.0,1.0
2024.09.24_16-57-51_Yakuba7_no_odor,5893.0,5895.0,1.0
2024.09.24_16-57-51_Yakuba7_no_odor,5897.0,5908.0,1.0
2024.09.24_16-57-51_Yakuba7_no_odor,5910.0,5910.0,1.0
2024.09.24_16-57-51_Yakuba7_no_odor,5914.0,5916.0,1.0
2024.09.24_16-57-51_Yakuba7_no_odor,5918.0,5919.0,1.0
2024.09.24_16-57-51_Yakuba7_no_odor,5921.0,5923.0,1.0
2024.09.24_16-57-51_Yakuba7_no_odor,5925.0,5927.0,1.0
2024.09.24_16-57-51_Yakuba7_no_odor,5929.0,5934.0,1.0
2024.09.24_16-57-51_Yakuba7_no_odor,5936.0,5941.0,1.0
2024.09.24_16-57-51_Yakuba7_no_odor,5943.0,5943.0,1.0
2024.09.24_16-57-51_Yakuba7_no_odor,5945.0,5952.0,1.0
2024.09.24_16-57-51_Yakuba7_no_odor,5954.0,5963.0,1.0
2024.09.24_16-57-51_Yakuba7_no_odor,5965.0,5977.0,1.0
2024.09.24_16-57-51_Yakuba7_no_odor,5979.0,5979.0,1.0
2024.09.24_16-57-51_Yakuba7_no_odor,5981.0,5985.0,1.0
2024.09.24_16-57-51_Yakuba7_no_odor,5988.0,5988.0,1.0
2024.09.24_16-57-51_Yakuba7_no_odor,5990.0,6012.0,1.0
2024.09.24_16-57-51_Yakuba7_no_odor,6014.0,6018.0,1.0
2024.09.24_16-57-51_Yakuba7_no_odor,6021.0,6023.0,1.0
2024.09.24_16-57-51_Yakuba7_no_odor,6025.0,6031.0,1.0
2024.09.24_16-57-51_Yakuba7_no_odor,6033.0,6042.0,1.0
2024.09.24_16-57-51_Yakuba7_no_odor,6044.0,6047.0,1.0
2024.09.24_16-57-51_Yakuba7_no_odor,6049.0,6059.0,1.0
2024.09.24_16-57-51_Yakuba7_no_odor,6062.0,6062.0,1.0
2024.09.24_16-57-51_Yakuba7_no_odor,6064.0,6064.0,1.0
2024.09.24_16-57-51_Yakuba7_no_odor,6066.0,6084.0,1.0
2024.09.24_16-57-51_Yakuba7_no_odor,6087.0,6089.0,1.0
2024.09.24_16-57-51_Yakuba7_no_odor,6092.0,6096.0,1.0
2024.09.24_16-57-51_Yakuba7_no_odor,6098.0,6101.0,1.0
2024.09.24_16-57-51_Yakuba7_no_odor,6103.0,6111.0,1.0
2024.09.24_16-57-51_Yakuba7_no_odor,6113.0,6116.0,1.0
2024.09.24_16-57-51_Yakuba7_no_odor,6118.0,6124.0,1.0
2024.09.24_16-57-51_Yakuba7_no_odor,6126.0,6130.0,1.0
2024.09.24_16-57-51_Yakuba7_no_odor,6132.0,6136.0,1.0
2024.09.24_16-57-51_Yakuba7_no_odor,6138.0,6139.0,1.0
2024.09.24_16-57-51_Yakuba7_no_odor,6141.0,6143.0,1.0
2024.09.24_16-57-51_Yakuba7_no_odor,6145.0,6150.0,1.0
2024.09.24_16-57-51_Yakuba7_no_odor,6153.0,6154.0,1.0
2024.09.24_16-57-51_Yakuba7_no_odor,6156.0,6159.0,1.0
2024.09.24_16-57-51_Yakuba7_no_odor,6161.0,6161.0,1.0
2024.09.24_16-57-51_Yakuba7_no_odor,6163.0,6170.0,1.0
2024.09.24_16-57-51_Yakuba7_no_odor,6172.0,6184.0,1.0
2024.09.24_16-57-51_Yakuba7_no_odor,6186.0,6187.0,1.0
2024.09.24_16-57-51_Yakuba7_no_odor,6189.0,6189.0,1.0
2024.09.24_16-57-51_Yakuba7_no_odor,6191.0,6192.0,1.0
2024.09.24_16-57-51_Yakuba7_no_odor,6194.0,6197.0,1.0
2024.09.24_16-57-51_Yakuba7_no_odor,6199.0,6200.0,1.0
2024.09.24_16-57-51_Yakuba7_no_odor,6202.0,6202.0,1.0
2024.09.24_16-57-51_Yakuba7_no_odor,6204.0,6204.0,1.0
2024.09.24_16-57-51_Yakuba7_no_odor,6206.0,6206.0,1.0
2024.09.24_16-57-51_Yakuba7_no_odor,6208.0,6218.0,1.0
2024.09.24_16-57-51_Yakuba7_no_odor,6220.0,6259.0,1.0
2024.09.24_16-57-51_Yakuba7_no_odor,6261.0,6286.0,1.0
2024.09.24_16-57-51_Yakuba7_no_odor,6288.0,6302.0,1.0
2024.09.24_16-57-51_Yakuba7_no_odor,6305.0,6310.0,1.0
2024.09.24_16-57-51_Yakuba7_no_odor,6312.0,6327.0,1.0
2024.09.24_16-57-51_Yakuba7_no_odor,6329.0,6329.0,1.0
2024.09.24_16-57-51_Yakuba7_no_odor,6331.0,6339.0,1.0
2024.09.24_16-57-51_Yakuba7_no_odor,6341.0,6347.0,1.0
2024.09.24_16-57-51_Yakuba7_no_odor,6351.0,6351.0,1.0
2024.09.24_16-57-51_Yakuba7_no_odor,6353.0,6353.0,1.0
2024.09.24_16-57-51_Yakuba7_no_odor,6357.0,6363.0,1.0
2024.09.24_16-57-51_Yakuba7_no_odor,6365.0,6369.0,1.0
2024.09.24_16-57-51_Yakuba7_no_odor,6371.0,6373.0,1.0
2024.09.24_16-57-51_Yakuba7_no_odor,6375.0,6378.0,1.0
2024.09.24_16-57-51_Yakuba7_no_odor,6380.0,6383.0,1.0
2024.09.24_16-57-51_Yakuba7_no_odor,6385.0,6386.0,1.0
2024.09.24_16-57-51_Yakuba7_no_odor,6388.0,6395.0,1.0
2024.09.24_16-57-51_Yakuba7_no_odor,6397.0,6399.0,1.0
2024.09.24_16-57-51_Yakuba7_no_odor,6401.0,6402.0,1.0
2024.09.24_16-57-51_Yakuba7_no_odor,6405.0,6405.0,1.0
2024.09.24_16-57-51_Yakuba7_no_odor,6407.0,6410.0,1.0
2024.09.24_16-57-51_Yakuba7_no_odor,6412.0,6414.0,1.0
2024.09.24_16-57-51_Yakuba7_no_odor,6416.0,6416.0,1.0
2024.09.24_16-57-51_Yakuba7_no_odor,6420.0,6420.0,1.0
2024.09.24_16-57-51_Yakuba7_no_odor,6424.0,6428.0,1.0
2024.09.24_16-57-51_Yakuba7_no_odor,6430.0,6433.0,1.0
2024.09.24_16-57-51_Yakuba7_no_odor,6435.0,6435.0,1.0
2024.09.24_16-57-51_Yakuba7_no_odor,6437.0,6445.0,1.0
2024.09.24_16-57-51_Yakuba7_no_odor,6447.0,6447.0,1.0
2024.09.24_16-57-51_Yakuba7_no_odor,6449.0,6449.0,1.0
2024.09.24_16-57-51_Yakuba7_no_odor,6451.0,6451.0,1.0
2024.09.24_16-57-51_Yakuba7_no_odor,6454.0,6454.0,1.0
2024.09.24_16-57-51_Yakuba7_no_odor,6456.0,6457.0,1.0
2024.09.24_16-57-51_Yakuba7_no_odor,6460.0,6462.0,1.0
2024.09.24_16-57-51_Yakuba7_no_odor,6465.0,6465.0,1.0
2024.09.24_16-57-51_Yakuba7_no_odor,6467.0,6467.0,1.0
2024.09.24_16-57-51_Yakuba7_no_odor,6469.0,6469.0,1.0
2024.09.24_16-57-51_Yakuba7_no_odor,6471.0,6471.0,1.0
2024.09.24_16-57-51_Yakuba7_no_odor,6475.0,6476.0,1.0
2024.09.24_16-57-51_Yakuba7_no_odor,6478.0,6480.0,1.0
2024.09.24_16-57-51_Yakuba7_no_odor,6486.0,6487.0,1.0
2024.09.24_16-57-51_Yakuba7_no_odor,6489.0,6489.0,1.0
2024.09.24_16-57-51_Yakuba7_no_odor,6494.0,6494.0,1.0
2024.09.24_16-57-51_Yakuba7_no_odor,6496.0,6500.0,1.0
2024.09.24_16-57-51_Yakuba7_no_odor,6504.0,6504.0,1.0
2024.09.24_16-57-51_Yakuba7_no_odor,6506.0,6507.0,1.0
2024.09.24_16-57-51_Yakuba7_no_odor,6515.0,6515.0,1.0
2024.09.24_16-57-51_Yakuba7_no_odor,6517.0,6517.0,1.0
2024.09.24_16-57-51_Yakuba7_no_odor,6519.0,6531.0,1.0
2024.09.24_16-57-51_Yakuba7_no_odor,6533.0,6533.0,1.0
2024.09.24_16-57-51_Yakuba7_no_odor,6535.0,6535.0,1.0
2024.09.24_16-57-51_Yakuba7_no_odor,6538.0,6540.0,1.0
2024.09.24_16-57-51_Yakuba7_no_odor,6542.0,6542.0,1.0
2024.09.24_16-57-51_Yakuba7_no_odor,6544.0,6550.0,1.0
2024.09.24_16-57-51_Yakuba7_no_odor,6555.0,6558.0,1.0
2024.09.24_16-57-51_Yakuba7_no_odor,6561.0,6563.0,1.0
2024.09.24_16-57-51_Yakuba7_no_odor,6567.0,6567.0,1.0
2024.09.24_16-57-51_Yakuba7_no_odor,6569.0,6569.0,1.0
2024.09.24_16-57-51_Yakuba7_no_odor,6571.0,6571.0,1.0
2024.09.24_16-57-51_Yakuba7_no_odor,6573.0,6587.0,1.0
2024.09.24_16-57-51_Yakuba7_no_odor,6589.0,6598.0,1.0
2024.09.24_16-57-51_Yakuba7_no_odor,6600.0,6600.0,1.0
2024.09.24_16-57-51_Yakuba7_no_odor,6602.0,6606.0,1.0
2024.09.24_16-57-51_Yakuba7_no_odor,6608.0,6616.0,1.0
2024.09.24_16-57-51_Yakuba7_no_odor,6618.0,6622.0,1.0
2024.09.24_16-57-51_Yakuba7_no_odor,6624.0,6628.0,1.0
2024.09.24_16-57-51_Yakuba7_no_odor,6630.0,6637.0,1.0
2024.09.24_16-57-51_Yakuba7_no_odor,6639.0,6710.0,1.0
2024.09.24_16-57-51_Yakuba7_no_odor,6712.0,6725.0,1.0
2024.09.24_16-57-51_Yakuba7_no_odor,6727.0,6734.0,1.0
2024.09.24_16-57-51_Yakuba7_no_odor,6736.0,6740.0,1.0
2024.09.24_16-57-51_Yakuba7_no_odor,6743.0,6743.0,1.0
2024.09.24_16-57-51_Yakuba7_no_odor,6745.0,6745.0,1.0
2024.09.24_16-57-51_Yakuba7_no_odor,6747.0,6747.0,1.0
2024.09.24_16-57-51_Yakuba7_no_odor,6749.0,6752.0,1.0
2024.09.24_16-57-51_Yakuba7_no_odor,6755.0,6789.0,1.0
2024.09.24_16-57-51_Yakuba7_no_odor,6792.0,6794.0,1.0
2024.09.24_16-57-51_Yakuba7_no_odor,6796.0,6797.0,1.0
2024.09.24_16-57-51_Yakuba7_no_odor,6799.0,6803.0,1.0
2024.09.24_16-57-51_Yakuba7_no_odor,6805.0,6808.0,1.0
2024.09.24_16-57-51_Yakuba7_no_odor,6810.0,6814.0,1.0
2024.09.24_16-57-51_Yakuba7_no_odor,6817.0,6821.0,1.0
2024.09.24_16-57-51_Yakuba7_no_odor,6823.0,6825.0,1.0
2024.09.24_16-57-51_Yakuba7_no_odor,6828.0,6829.0,1.0
2024.09.24_16-57-51_Yakuba7_no_odor,6831.0,6833.0,1.0
2024.09.24_16-57-51_Yakuba7_no_odor,6835.0,6836.0,1.0
2024.09.24_16-57-51_Yakuba7_no_odor,6838.0,6842.0,1.0
2024.09.24_16-57-51_Yakuba7_no_odor,6844.0,6848.0,1.0
2024.09.24_16-57-51_Yakuba7_no_odor,6850.0,6852.0,1.0
2024.09.24_16-57-51_Yakuba7_no_odor,6856.0,6858.0,1.0
2024.09.24_16-57-51_Yakuba7_no_odor,6860.0,6863.0,1.0
2024.09.24_16-57-51_Yakuba7_no_odor,6868.0,6868.0,1.0
2024.09.24_16-57-51_Yakuba7_no_odor,6870.0,6873.0,1.0
2024.09.24_16-57-51_Yakuba7_no_odor,6876.0,6876.0,1.0
2024.09.24_16-57-51_Yakuba7_no_odor,6879.0,6888.0,1.0
2024.09.24_16-57-51_Yakuba7_no_odor,6891.0,6891.0,1.0
2024.09.24_16-57-51_Yakuba7_no_odor,6893.0,6894.0,1.0
2024.09.24_16-57-51_Yakuba7_no_odor,6896.0,6896.0,1.0
2024.09.24_16-57-51_Yakuba7_no_odor,6900.0,6901.0,1.0
2024.09.24_16-57-51_Yakuba7_no_odor,6903.0,6903.0,1.0
2024.09.24_16-57-51_Yakuba7_no_odor,6905.0,6910.0,1.0
2024.09.24_16-57-51_Yakuba7_no_odor,6912.0,6913.0,1.0
2024.09.24_16-57-51_Yakuba7_no_odor,6915.0,6916.0,1.0
2024.09.24_16-57-51_Yakuba7_no_odor,6918.0,6924.0,1.0
2024.09.24_16-57-51_Yakuba7_no_odor,6926.0,6926.0,1.0
2024.09.24_16-57-51_Yakuba7_no_odor,6930.0,6930.0,1.0
2024.09.24_16-57-51_Yakuba7_no_odor,6932.0,6933.0,1.0
2024.09.24_16-57-51_Yakuba7_no_odor,6938.0,6938.0,1.0
2024.09.24_16-57-51_Yakuba7_no_odor,6941.0,6950.0,1.0
2024.09.24_16-57-51_Yakuba7_no_odor,6952.0,6956.0,1.0
2024.09.24_16-57-51_Yakuba7_no_odor,6959.0,6964.0,1.0
2024.09.24_16-57-51_Yakuba7_no_odor,6967.0,6967.0,1.0
2024.09.24_16-57-51_Yakuba7_no_odor,6969.0,6969.0,1.0
2024.09.24_16-57-51_Yakuba7_no_odor,6972.0,6975.0,1.0
2024.09.24_16-57-51_Yakuba7_no_odor,6977.0,6978.0,1.0
2024.09.24_16-57-51_Yakuba7_no_odor,6980.0,6980.0,1.0
2024.09.24_16-57-51_Yakuba7_no_odor,6982.0,6984.0,1.0
2024.09.24_16-57-51_Yakuba7_no_odor,6987.0,6990.0,1.0
2024.09.24_16-57-51_Yakuba7_no_odor,6992.0,6994.0,1.0
2024.09.24_16-57-51_Yakuba7_no_odor,6997.0,6999.0,1.0
2024.09.24_16-57-51_Yakuba7_no_odor,7001.0,7004.0,1.0
2024.09.24_16-57-51_Yakuba7_no_odor,7008.0,7020.0,1.0
2024.09.24_16-57-51_Yakuba7_no_odor,7022.0,7023.0,1.0
2024.09.24_16-57-51_Yakuba7_no_odor,7025.0,7025.0,1.0
2024.09.24_16-57-51_Yakuba7_no_odor,7027.0,7028.0,1.0
2024.09.24_16-57-51_Yakuba7_no_odor,7030.0,7031.0,1.0
2024.09.24_16-57-51_Yakuba7_no_odor,7033.0,7033.0,1.0
2024.09.24_16-57-51_Yakuba7_no_odor,7036.0,7037.0,1.0
2024.09.24_16-57-51_Yakuba7_no_odor,7039.0,7039.0,1.0
2024.09.24_16-57-51_Yakuba7_no_odor,7041.0,7046.0,1.0
2024.09.24_16-57-51_Yakuba7_no_odor,7048.0,7056.0,1.0
2024.09.24_16-57-51_Yakuba7_no_odor,7058.0,7059.0,1.0
2024.09.24_16-57-51_Yakuba7_no_odor,7061.0,7062.0,1.0
2024.09.24_16-57-51_Yakuba7_no_odor,7064.0,7069.0,1.0
2024.09.24_16-57-51_Yakuba7_no_odor,7071.0,7072.0,1.0
2024.09.24_16-57-51_Yakuba7_no_odor,7074.0,7078.0,1.0
2024.09.24_16-57-51_Yakuba7_no_odor,7080.0,7087.0,1.0
2024.09.24_16-57-51_Yakuba7_no_odor,7089.0,7090.0,1.0
2024.09.24_16-57-51_Yakuba7_no_odor,7092.0,7093.0,1.0
2024.09.24_16-57-51_Yakuba7_no_odor,7095.0,7098.0,1.0
2024.09.24_16-57-51_Yakuba7_no_odor,7100.0,7102.0,1.0
2024.09.24_16-57-51_Yakuba7_no_odor,7104.0,7106.0,1.0
2024.09.24_16-57-51_Yakuba7_no_odor,7108.0,7110.0,1.0
2024.09.24_16-57-51_Yakuba7_no_odor,7112.0,7112.0,1.0
2024.09.24_16-57-51_Yakuba7_no_odor,7115.0,7123.0,1.0
2024.09.24_16-57-51_Yakuba7_no_odor,7125.0,7128.0,1.0
2024.09.24_16-57-51_Yakuba7_no_odor,7130.0,7133.0,1.0
2024.09.24_16-57-51_Yakuba7_no_odor,7135.0,7138.0,1.0
2024.09.24_16-57-51_Yakuba7_no_odor,7140.0,7147.0,1.0
2024.09.24_16-57-51_Yakuba7_no_odor,7149.0,7149.0,1.0
2024.09.24_16-57-51_Yakuba7_no_odor,7151.0,7157.0,1.0
2024.09.24_16-57-51_Yakuba7_no_odor,7160.0,7162.0,1.0
2024.09.24_16-57-51_Yakuba7_no_odor,7165.0,7165.0,1.0
2024.09.24_16-57-51_Yakuba7_no_odor,7167.0,7172.0,1.0
2024.09.24_16-57-51_Yakuba7_no_odor,7174.0,7191.0,1.0
2024.09.24_16-57-51_Yakuba7_no_odor,7194.0,7206.0,1.0
2024.09.24_16-57-51_Yakuba7_no_odor,7208.0,7208.0,1.0
2024.09.24_16-57-51_Yakuba7_no_odor,7210.0,7211.0,1.0
2024.09.24_16-57-51_Yakuba7_no_odor,7215.0,7216.0,1.0
2024.09.24_16-57-51_Yakuba7_no_odor,7218.0,7219.0,1.0
2024.09.24_16-57-51_Yakuba7_no_odor,7221.0,7223.0,1.0
2024.09.24_16-57-51_Yakuba7_no_odor,7226.0,7229.0,1.0
2024.09.24_16-57-51_Yakuba7_no_odor,7231.0,7232.0,1.0
2024.09.24_16-57-51_Yakuba7_no_odor,7235.0,7239.0,1.0
2024.09.24_16-57-51_Yakuba7_no_odor,7241.0,7241.0,1.0
2024.09.24_16-57-51_Yakuba7_no_odor,7243.0,7245.0,1.0
2024.09.24_16-57-51_Yakuba7_no_odor,7247.0,7250.0,1.0
2024.09.24_16-57-51_Yakuba7_no_odor,7252.0,7253.0,1.0
2024.09.24_16-57-51_Yakuba7_no_odor,7255.0,7255.0,1.0
2024.09.24_16-57-51_Yakuba7_no_odor,7258.0,7258.0,1.0
2024.09.24_16-57-51_Yakuba7_no_odor,7260.0,7269.0,1.0
2024.09.24_16-57-51_Yakuba7_no_odor,7272.0,7276.0,1.0
2024.09.24_16-57-51_Yakuba7_no_odor,7279.0,7280.0,1.0
2024.09.24_16-57-51_Yakuba7_no_odor,7282.0,7284.0,1.0
2024.09.24_16-57-51_Yakuba7_no_odor,7286.0,7288.0,1.0
2024.09.24_16-57-51_Yakuba7_no_odor,7290.0,7290.0,1.0
2024.09.24_16-57-51_Yakuba7_no_odor,7292.0,7294.0,1.0
2024.09.24_16-57-51_Yakuba7_no_odor,7298.0,7302.0,1.0
2024.09.24_16-57-51_Yakuba7_no_odor,7304.0,7309.0,1.0
2024.09.24_16-57-51_Yakuba7_no_odor,7311.0,7321.0,1.0
2024.09.24_16-57-51_Yakuba7_no_odor,7323.0,7326.0,1.0
2024.09.24_16-57-51_Yakuba7_no_odor,7329.0,7330.0,1.0
2024.09.24_16-57-51_Yakuba7_no_odor,7332.0,7344.0,1.0
2024.09.24_16-57-51_Yakuba7_no_odor,7346.0,7346.0,1.0
2024.09.24_16-57-51_Yakuba7_no_odor,7349.0,7350.0,1.0
2024.09.24_16-57-51_Yakuba7_no_odor,7352.0,7354.0,1.0
2024.09.24_16-57-51_Yakuba7_no_odor,7356.0,7361.0,1.0
2024.09.24_16-57-51_Yakuba7_no_odor,7364.0,7368.0,1.0
2024.09.24_16-57-51_Yakuba7_no_odor,7370.0,7376.0,1.0
2024.09.24_16-57-51_Yakuba7_no_odor,7378.0,7379.0,1.0
2024.09.24_16-57-51_Yakuba7_no_odor,7381.0,7382.0,1.0
2024.09.24_16-57-51_Yakuba7_no_odor,7385.0,7392.0,1.0
2024.09.24_16-57-51_Yakuba7_no_odor,7394.0,7404.0,1.0
2024.09.24_16-57-51_Yakuba7_no_odor,7406.0,7407.0,1.0
2024.09.24_16-57-51_Yakuba7_no_odor,7409.0,7412.0,1.0
2024.09.24_16-57-51_Yakuba7_no_odor,7414.0,7418.0,1.0
2024.09.24_16-57-51_Yakuba7_no_odor,7420.0,7421.0,1.0
2024.09.24_16-57-51_Yakuba7_no_odor,7423.0,7427.0,1.0
2024.09.24_16-57-51_Yakuba7_no_odor,7432.0,7437.0,1.0
2024.09.24_16-57-51_Yakuba7_no_odor,7439.0,7442.0,1.0
2024.09.24_16-57-51_Yakuba7_no_odor,7444.0,7461.0,1.0
2024.09.24_16-57-51_Yakuba7_no_odor,7463.0,7466.0,1.0
2024.09.24_16-57-51_Yakuba7_no_odor,7468.0,7475.0,1.0
2024.09.24_16-57-51_Yakuba7_no_odor,7478.0,7483.0,1.0
2024.09.24_16-57-51_Yakuba7_no_odor,7486.0,7490.0,1.0
2024.09.24_16-57-51_Yakuba7_no_odor,7495.0,7495.0,1.0
2024.09.24_16-57-51_Yakuba7_no_odor,7498.0,7498.0,1.0
2024.09.24_16-57-51_Yakuba7_no_odor,7500.0,7503.0,1.0
2024.09.24_16-57-51_Yakuba7_no_odor,7505.0,7505.0,1.0
2024.09.24_16-57-51_Yakuba7_no_odor,7508.0,7508.0,1.0
2024.09.24_16-57-51_Yakuba7_no_odor,7512.0,7512.0,1.0
2024.09.24_16-57-51_Yakuba7_no_odor,7515.0,7515.0,1.0
2024.09.24_16-57-51_Yakuba7_no_odor,7519.0,7519.0,1.0
2024.09.24_16-57-51_Yakuba7_no_odor,7525.0,7525.0,1.0
2024.09.24_16-57-51_Yakuba7_no_odor,7527.0,7527.0,1.0
2024.09.24_16-57-51_Yakuba7_no_odor,7529.0,7533.0,1.0
2024.09.24_16-57-51_Yakuba7_no_odor,7535.0,7536.0,1.0
2024.09.24_16-57-51_Yakuba7_no_odor,7538.0,7539.0,1.0
2024.09.24_16-57-51_Yakuba7_no_odor,7541.0,7541.0,1.0
2024.09.24_16-57-51_Yakuba7_no_odor,7543.0,7544.0,1.0
2024.09.24_16-57-51_Yakuba7_no_odor,7546.0,7547.0,1.0
2024.09.24_16-57-51_Yakuba7_no_odor,7549.0,7552.0,1.0
2024.09.24_16-57-51_Yakuba7_no_odor,7554.0,7558.0,1.0
2024.09.24_16-57-51_Yakuba7_no_odor,7560.0,7562.0,1.0
2024.09.24_16-57-51_Yakuba7_no_odor,7564.0,7565.0,1.0
2024.09.24_16-57-51_Yakuba7_no_odor,7567.0,7567.0,1.0
2024.09.24_16-57-51_Yakuba7_no_odor,7570.0,7570.0,1.0
2024.09.24_16-57-51_Yakuba7_no_odor,7573.0,7575.0,1.0
2024.09.24_16-57-51_Yakuba7_no_odor,7577.0,7580.0,1.0
2024.09.24_16-57-51_Yakuba7_no_odor,7582.0,7592.0,1.0
2024.09.24_16-57-51_Yakuba7_no_odor,7594.0,7614.0,1.0
2024.09.24_16-57-51_Yakuba7_no_odor,7616.0,7624.0,1.0
2024.09.24_16-57-51_Yakuba7_no_odor,7627.0,7629.0,1.0
2024.09.24_16-57-51_Yakuba7_no_odor,7631.0,7638.0,1.0
2024.09.24_16-57-51_Yakuba7_no_odor,7640.0,7640.0,1.0
2024.09.24_16-57-51_Yakuba7_no_odor,7642.0,7645.0,1.0
2024.09.24_16-57-51_Yakuba7_no_odor,7648.0,7648.0,1.0
2024.09.24_16-57-51_Yakuba7_no_odor,7650.0,7650.0,1.0
2024.09.24_16-57-51_Yakuba7_no_odor,7655.0,7656.0,1.0
2024.09.24_16-57-51_Yakuba7_no_odor,7658.0,7659.0,1.0
2024.09.24_16-57-51_Yakuba7_no_odor,7663.0,7664.0,1.0
2024.09.24_16-57-51_Yakuba7_no_odor,7666.0,7667.0,1.0
2024.09.24_16-57-51_Yakuba7_no_odor,7669.0,7669.0,1.0
2024.09.24_16-57-51_Yakuba7_no_odor,7672.0,7678.0,1.0
2024.09.24_16-57-51_Yakuba7_no_odor,7680.0,7684.0,1.0
2024.09.24_16-57-51_Yakuba7_no_odor,7686.0,7690.0,1.0
2024.09.24_16-57-51_Yakuba7_no_odor,7692.0,7693.0,1.0
2024.09.24_16-57-51_Yakuba7_no_odor,7695.0,7696.0,1.0
2024.09.24_16-57-51_Yakuba7_no_odor,7698.0,7701.0,1.0
2024.09.24_16-57-51_Yakuba7_no_odor,7703.0,7703.0,1.0
2024.09.24_16-57-51_Yakuba7_no_odor,7705.0,7709.0,1.0
2024.09.24_16-57-51_Yakuba7_no_odor,7711.0,7713.0,1.0
2024.09.24_16-57-51_Yakuba7_no_odor,7715.0,7718.0,1.0
2024.09.24_16-57-51_Yakuba7_no_odor,7721.0,7721.0,1.0
2024.09.24_16-57-51_Yakuba7_no_odor,7724.0,7734.0,1.0
2024.09.24_16-57-51_Yakuba7_no_odor,7736.0,7740.0,1.0
2024.09.24_16-57-51_Yakuba7_no_odor,7742.0,7742.0,1.0
2024.09.24_16-57-51_Yakuba7_no_odor,7744.0,7758.0,1.0
2024.09.24_16-57-51_Yakuba7_no_odor,7760.0,7767.0,1.0
2024.09.24_16-57-51_Yakuba7_no_odor,7769.0,7772.0,1.0
2024.09.24_16-57-51_Yakuba7_no_odor,7775.0,7819.0,1.0
2024.09.24_16-57-51_Yakuba7_no_odor,7821.0,7837.0,1.0
2024.09.24_16-57-51_Yakuba7_no_odor,7839.0,7839.0,1.0
2024.09.24_16-57-51_Yakuba7_no_odor,7841.0,7845.0,1.0
2024.09.24_16-57-51_Yakuba7_no_odor,7847.0,7861.0,1.0
2024.09.24_16-57-51_Yakuba7_no_odor,7863.0,7865.0,1.0
2024.09.24_16-57-51_Yakuba7_no_odor,7867.0,7908.0,1.0
2024.09.24_16-57-51_Yakuba7_no_odor,7910.0,7910.0,1.0
2024.09.24_16-57-51_Yakuba7_no_odor,7914.0,7916.0,1.0
2024.09.24_16-57-51_Yakuba7_no_odor,7918.0,7919.0,1.0
2024.09.24_16-57-51_Yakuba7_no_odor,7922.0,7922.0,1.0
2024.09.24_16-57-51_Yakuba7_no_odor,7925.0,7926.0,1.0
2024.09.24_16-57-51_Yakuba7_no_odor,7929.0,7932.0,1.0
2024.09.24_16-57-51_Yakuba7_no_odor,7935.0,7945.0,1.0
2024.09.24_16-57-51_Yakuba7_no_odor,7947.0,8078.0,1.0
2024.09.24_16-57-51_Yakuba7_no_odor,8080.0,8102.0,1.0
2024.09.24_16-57-51_Yakuba7_no_odor,8104.0,8106.0,1.0
2024.09.24_16-57-51_Yakuba7_no_odor,8108.0,8108.0,1.0
2024.09.24_16-57-51_Yakuba7_no_odor,8111.0,8118.0,1.0
2024.09.24_16-57-51_Yakuba7_no_odor,8120.0,8121.0,1.0
2024.09.24_16-57-51_Yakuba7_no_odor,8123.0,8136.0,1.0
2024.09.24_16-57-51_Yakuba7_no_odor,8139.0,8185.0,1.0
2024.09.24_16-57-51_Yakuba7_no_odor,8187.0,8217.0,1.0
2024.09.24_16-57-51_Yakuba7_no_odor,8219.0,8234.0,1.0
2024.09.24_16-57-51_Yakuba7_no_odor,8236.0,8333.0,1.0
2024.09.24_16-57-51_Yakuba7_no_odor,8335.0,8357.0,1.0
2024.09.24_16-57-51_Yakuba7_no_odor,8359.0,8379.0,1.0
2024.09.24_16-57-51_Yakuba7_no_odor,8381.0,8395.0,1.0
2024.09.24_16-57-51_Yakuba7_no_odor,8397.0,8417.0,1.0
2024.09.24_16-57-51_Yakuba7_no_odor,8419.0,8447.0,1.0
2024.09.24_16-57-51_Yakuba7_no_odor,8449.0,8458.0,1.0
2024.09.24_16-57-51_Yakuba7_no_odor,8460.0,8478.0,1.0
2024.09.24_16-57-51_Yakuba7_no_odor,8480.0,8482.0,1.0
2024.09.24_16-57-51_Yakuba7_no_odor,8484.0,8784.0,1.0
2024.09.24_16-57-51_Yakuba7_no_odor,8786.0,8810.0,1.0
2024.10.11_14-52-17_Yakuba_cameroon_2hexanol,629.0,909.0,1.0
2024.10.11_14-52-17_Yakuba_cameroon_2hexanol,913.0,914.0,1.0
2024.10.11_14-52-17_Yakuba_cameroon_2hexanol,918.0,944.0,1.0
2024.10.11_14-52-17_Yakuba_cameroon_2hexanol,946.0,946.0,1.0
2024.10.11_14-52-17_Yakuba_cameroon_2hexanol,948.0,954.0,1.0
2024.10.11_14-52-17_Yakuba_cameroon_2hexanol,963.0,1211.0,1.0
2024.10.11_14-52-17_Yakuba_cameroon_2hexanol,1218.0,1229.0,1.0
2024.10.11_14-52-17_Yakuba_cameroon_2hexanol,1231.0,1259.0,1.0
2024.10.11_14-52-17_Yakuba_cameroon_2hexanol,1261.0,1265.0,1.0
2024.10.15_10-31-40_Sto_car_2hexanol,6188.0,6207.0,1.0
2024.07.10_13-22-47_Riverside (MetBen),3545.0,6830.0,1.0
2024.07.10_13-22-47_Riverside (MetBen),7434.0,7797.0,1.0
2024.07.10_13-22-47_Riverside (MetBen),7974.0,8999.0,1.0
2024.09.25_15-34-50_Sto_cago_no_odor,3.0,1040.0,1.0
2024.09.25_15-34-50_Sto_cago_no_odor,1069.0,1069.0,1.0
2024.09.25_15-34-50_Sto_cago_no_odor,1071.0,1075.0,1.0
2024.09.25_15-34-50_Sto_cago_no_odor,1077.0,1077.0,1.0
2024.09.25_15-34-50_Sto_cago_no_odor,1079.0,1147.0,1.0
2024.09.25_15-34-50_Sto_cago_no_odor,1149.0,1364.0,1.0
2024.09.25_15-34-50_Sto_cago_no_odor,1394.0,1394.0,1.0
2024.09.25_15-34-50_Sto_cago_no_odor,1396.0,1396.0,1.0
2024.09.25_15-34-50_Sto_cago_no_odor,1402.0,1408.0,1.0
2024.09.25_15-34-50_Sto_cago_no_odor,1411.0,2290.0,1.0
2024.09.25_15-34-50_Sto_cago_no_odor,2292.0,2298.0,1.0
2024.09.25_15-34-50_Sto_cago_no_odor,2302.0,2302.0,1.0
2024.09.25_15-34-50_Sto_cago_no_odor,2309.0,2310.0,1.0
2024.09.25_15-34-50_Sto_cago_no_odor,2314.0,2314.0,1.0
2024.10.10_13-41-00_Biarmipes84_1hexanol,46.0,68.0,1.0
2024.10.10_13-41-00_Biarmipes84_1hexanol,7345.0,7345.0,1.0
2024.10.10_13-41-00_Biarmipes84_1hexanol,7347.0,7559.0,1.0
2024.10.10_13-41-00_Biarmipes84_1hexanol,7561.0,7588.0,1.0
2024.10.10_13-41-00_Biarmipes84_1hexanol,7590.0,7611.0,1.0
2024.10.10_13-41-00_Biarmipes84_1hexanol,7613.0,7642.0,1.0
2024.10.10_13-41-00_Biarmipes84_1hexanol,7644.0,7665.0,1.0
2024.10.10_13-41-00_Biarmipes84_1hexanol,7674.0,8503.0,1.0
2024.10.10_13-41-00_Biarmipes84_1hexanol,8505.0,8995.0,1.0
2024.07.10_12-35-26_Riverside (MetBen),3642.0,3670.0,1.0
2024.07.10_12-35-26_Riverside (MetBen),3677.0,3681.0,1.0
2024.07.10_12-35-26_Riverside (MetBen),5103.0,5197.0,1.0
2024.07.10_12-35-26_Riverside (MetBen),5199.0,5204.0,1.0
2024.10.10_12-36-06_sussex_metbut,6002.0,6004.0,1.0
2024.10.10_12-36-06_sussex_metbut,6007.0,6007.0,1.0
2024.10.10_12-36-06_sussex_metbut,6009.0,6020.0,1.0
2024.10.10_12-36-06_sussex_metbut,6022.0,6022.0,1.0
2024.10.10_12-36-06_sussex_metbut,6026.0,6026.0,1.0
2024.10.10_12-36-06_sussex_metbut,6029.0,6030.0,1.0
2024.10.10_12-36-06_sussex_metbut,6032.0,6036.0,1.0
2024.10.10_12-36-06_sussex_metbut,6039.0,6042.0,1.0
2024.10.10_12-36-06_sussex_metbut,6044.0,6055.0,1.0
2024.10.10_12-36-06_sussex_metbut,6057.0,6062.0,1.0
2024.10.10_12-36-06_sussex_metbut,6064.0,6072.0,1.0
2024.10.10_12-36-06_sussex_metbut,6074.0,6075.0,1.0
2024.10.10_12-36-06_sussex_metbut,6078.0,6087.0,1.0
2024.10.10_12-36-06_sussex_metbut,6090.0,6090.0,1.0
2024.10.10_12-36-06_sussex_metbut,6092.0,6093.0,1.0
2024.10.10_12-36-06_sussex_metbut,6095.0,6097.0,1.0
2024.10.10_12-36-06_sussex_metbut,6099.0,6104.0,1.0
2024.10.10_12-36-06_sussex_metbut,6106.0,6118.0,1.0
2024.10.10_12-36-06_sussex_metbut,6121.0,6121.0,1.0
2024.10.10_12-36-06_sussex_metbut,6125.0,6125.0,1.0
2024.10.10_12-36-06_sussex_metbut,6131.0,6131.0,1.0
2024.10.10_12-36-06_sussex_metbut,6134.0,6136.0,1.0
2024.10.10_12-36-06_sussex_metbut,6139.0,6139.0,1.0
2024.10.10_12-36-06_sussex_metbut,6141.0,6143.0,1.0
2024.10.10_12-36-06_sussex_metbut,6146.0,6146.0,1.0
2024.10.10_12-36-06_sussex_metbut,6151.0,6151.0,1.0
2024.10.10_12-36-06_sussex_metbut,6153.0,6154.0,1.0
2024.10.10_12-36-06_sussex_metbut,6156.0,6162.0,1.0
2024.10.10_12-36-06_sussex_metbut,6164.0,6166.0,1.0
2024.10.10_12-36-06_sussex_metbut,6168.0,6173.0,1.0
2024.10.10_12-36-06_sussex_metbut,6175.0,6175.0,1.0
2024.10.10_12-36-06_sussex_metbut,6177.0,6178.0,1.0
2024.10.10_12-36-06_sussex_metbut,6180.0,6200.0,1.0
2024.10.10_12-36-06_sussex_metbut,6202.0,6340.0,1.0
2024.10.10_12-36-06_sussex_metbut,6343.0,6671.0,1.0
2024.10.10_12-36-06_sussex_metbut,6673.0,6721.0,1.0
2024.10.10_12-36-06_sussex_metbut,6723.0,6727.0,1.0
2024.10.10_12-36-06_sussex_metbut,6729.0,6732.0,1.0
2024.10.10_12-36-06_sussex_metbut,6735.0,6748.0,1.0
2024.10.10_12-36-06_sussex_metbut,6750.0,6769.0,1.0
2024.10.10_12-36-06_sussex_metbut,6771.0,6792.0,1.0
2024.10.10_12-36-06_sussex_metbut,6794.0,6830.0,1.0
2024.10.10_12-36-06_sussex_metbut,6833.0,6834.0,1.0
2024.10.10_12-36-06_sussex_metbut,6836.0,6837.0,1.0
2024.10.10_12-36-06_sussex_metbut,6839.0,6840.0,1.0
2024.10.10_12-36-06_sussex_metbut,6842.0,6842.0,1.0
2024.10.10_12-36-06_sussex_metbut,6844.0,6846.0,1.0
2024.10.10_12-36-06_sussex_metbut,6848.0,6849.0,1.0
2024.10.10_12-36-06_sussex_metbut,6851.0,7003.0,1.0
2024.10.10_12-36-06_sussex_metbut,7005.0,7061.0,1.0
2024.10.10_12-36-06_sussex_metbut,7065.0,7079.0,1.0
2024.10.10_12-36-06_sussex_metbut,7083.0,8949.0,1.0
2024.10.10_10-12-04_sechellia28_no_odor,8965.0,8971.0,1.0
2024.10.10_10-12-04_sechellia28_no_odor,8973.0,8982.0,1.0
2024.10.10_10-12-04_sechellia28_no_odor,8984.0,8999.0,1.0
2024.10.14_10-02-09_Riverside_prenac,6243.0,6246.0,1.0
2024.10.14_10-02-09_Riverside_prenac,6248.0,8276.0,1.0
2024.10.14_10-02-09_Riverside_prenac,8278.0,8311.0,1.0
2024.10.14_10-02-09_Riverside_prenac,8313.0,8313.0,1.0
2024.10.14_10-02-09_Riverside_prenac,8318.0,8341.0,1.0
2024.10.14_10-02-09_Riverside_prenac,8586.0,8586.0,1.0
2024.10.14_10-02-09_Riverside_prenac,8589.0,8590.0,1.0
2024.10.14_10-02-09_Riverside_prenac,8592.0,8999.0,1.0
2024.10.25_06-44-03_CantonS_metben,8530.0,8564.0,1.0
2024.10.25_06-44-03_CantonS_metben,8566.0,8572.0,1.0
2024.10.25_06-44-03_CantonS_metben,8574.0,8578.0,1.0
2024.10.25_06-44-03_CantonS_metben,8581.0,8583.0,1.0
2024.10.25_06-44-03_CantonS_metben,8585.0,8585.0,1.0
2024.10.25_06-44-03_CantonS_metben,8587.0,8587.0,1.0
2024.10.25_06-44-03_CantonS_metben,8589.0,8593.0,1.0
2024.10.25_06-44-03_CantonS_metben,8595.0,8598.0,1.0
2024.10.25_06-44-03_CantonS_metben,8600.0,8602.0,1.0
2024.10.25_06-44-03_CantonS_metben,8604.0,8605.0,1.0
2024.10.25_06-44-03_CantonS_metben,8607.0,8608.0,1.0
2024.10.25_06-44-03_CantonS_metben,8610.0,8616.0,1.0
2024.10.25_06-44-03_CantonS_metben,8618.0,8619.0,1.0
2024.10.25_06-44-03_CantonS_metben,8621.0,8621.0,1.0
2024.10.25_06-44-03_CantonS_metben,8623.0,8695.0,1.0
2024.10.25_06-44-03_CantonS_metben,8697.0,8708.0,1.0
2024.10.25_06-44-03_CantonS_metben,8710.0,8722.0,1.0
2024.10.25_06-44-03_CantonS_metben,8724.0,8913.0,1.0
2024.10.25_06-44-03_CantonS_metben,8915.0,8920.0,1.0
2024.10.25_06-44-03_CantonS_metben,8922.0,8971.0,1.0
2024.10.15_10-46-19_Sussex_prenac,4118.0,4229.0,1.0
2024.10.15_10-46-19_Sussex_prenac,4231.0,4232.0,1.0
2024.10.15_10-46-19_Sussex_prenac,4234.0,4253.0,1.0
2024.10.15_10-46-19_Sussex_prenac,4255.0,4258.0,1.0
2024.10.15_10-46-19_Sussex_prenac,4260.0,6400.0,1.0
2024.10.15_10-46-19_Sussex_prenac,6402.0,6592.0,1.0
2024.10.15_10-46-19_Sussex_prenac,6594.0,6599.0,1.0
2024.10.15_10-46-19_Sussex_prenac,6601.0,6601.0,1.0
2024.10.15_10-46-19_Sussex_prenac,6604.0,6605.0,1.0
2024.10.15_10-46-19_Sussex_prenac,6610.0,6610.0,1.0
2024.10.15_10-46-19_Sussex_prenac,6612.0,6615.0,1.0
2024.10.15_10-46-19_Sussex_prenac,6617.0,6662.0,1.0
2024.10.15_10-46-19_Sussex_prenac,6664.0,6747.0,1.0
2024.10.15_10-46-19_Sussex_prenac,6749.0,6775.0,1.0
2024.10.15_10-46-19_Sussex_prenac,6777.0,6777.0,1.0
2024.10.15_10-46-19_Sussex_prenac,6779.0,6800.0,1.0
2024.10.15_10-46-19_Sussex_prenac,6802.0,6805.0,1.0
2024.10.15_10-46-19_Sussex_prenac,6808.0,6812.0,1.0
2024.10.15_10-46-19_Sussex_prenac,6814.0,6817.0,1.0
2024.10.15_10-46-19_Sussex_prenac,6819.0,6823.0,1.0
2024.10.15_10-46-19_Sussex_prenac,6825.0,6839.0,1.0
2024.10.15_10-46-19_Sussex_prenac,6841.0,6841.0,1.0
2024.10.15_10-46-19_Sussex_prenac,6843.0,6843.0,1.0
2024.10.15_10-46-19_Sussex_prenac,6845.0,6845.0,1.0
2024.10.15_10-46-19_Sussex_prenac,6848.0,6848.0,1.0
2024.10.15_10-46-19_Sussex_prenac,6853.0,6853.0,1.0
2024.10.15_10-46-19_Sussex_prenac,6858.0,6858.0,1.0
2024.10.15_10-46-19_Sussex_prenac,6863.0,6863.0,1.0
2024.10.15_10-46-19_Sussex_prenac,6866.0,6866.0,1.0
2024.10.15_10-46-19_Sussex_prenac,6870.0,6870.0,1.0
2024.10.15_10-46-19_Sussex_prenac,6872.0,6873.0,1.0
2024.10.15_10-46-19_Sussex_prenac,6875.0,6875.0,1.0
2024.10.15_10-46-19_Sussex_prenac,6878.0,6878.0,1.0
2024.10.15_10-46-19_Sussex_prenac,6883.0,6884.0,1.0
2024.10.15_10-46-19_Sussex_prenac,6888.0,6888.0,1.0
2024.10.15_10-46-19_Sussex_prenac,6890.0,6891.0,1.0
2024.10.15_10-46-19_Sussex_prenac,6895.0,6895.0,1.0
2024.10.15_10-46-19_Sussex_prenac,6920.0,6922.0,1.0
2024.10.15_10-46-19_Sussex_prenac,6925.0,6925.0,1.0
2024.10.15_10-46-19_Sussex_prenac,6930.0,6930.0,1.0
2024.10.15_10-46-19_Sussex_prenac,6941.0,6941.0,1.0
2024.10.15_10-46-19_Sussex_prenac,6946.0,6946.0,1.0
2024.10.15_10-46-19_Sussex_prenac,6957.0,6958.0,1.0
2024.10.15_10-46-19_Sussex_prenac,6964.0,6964.0,1.0
2024.10.15_10-46-19_Sussex_prenac,6974.0,6974.0,1.0
2024.10.15_10-46-19_Sussex_prenac,6984.0,6984.0,1.0
2024.10.15_10-46-19_Sussex_prenac,6991.0,6991.0,1.0
2024.10.15_10-46-19_Sussex_prenac,7028.0,7028.0,1.0
2024.10.15_10-46-19_Sussex_prenac,7036.0,7036.0,1.0
2024.10.15_10-46-19_Sussex_prenac,7046.0,7046.0,1.0
2024.10.15_10-46-19_Sussex_prenac,7050.0,7050.0,1.0
2024.10.15_10-46-19_Sussex_prenac,7077.0,7077.0,1.0
2024.10.15_10-46-19_Sussex_prenac,7079.0,7080.0,1.0
2024.10.15_10-46-19_Sussex_prenac,7083.0,7085.0,1.0
2024.10.15_10-46-19_Sussex_prenac,7090.0,7090.0,1.0
2024.10.15_10-46-19_Sussex_prenac,7093.0,7094.0,1.0
2024.10.15_10-46-19_Sussex_prenac,7097.0,7097.0,1.0
2024.10.15_10-46-19_Sussex_prenac,7134.0,7134.0,1.0
2024.10.15_10-46-19_Sussex_prenac,7164.0,7164.0,1.0
2024.10.15_10-46-19_Sussex_prenac,7174.0,7174.0,1.0
2024.10.15_10-46-19_Sussex_prenac,7191.0,7191.0,1.0
2024.09.30_13-19-46_Yakuba_cameroon_no_odor,1635.0,1636.0,1.0
2024.09.30_13-19-46_Yakuba_cameroon_no_odor,1638.0,1762.0,1.0
2024.09.30_13-19-46_Yakuba_cameroon_no_odor,1764.0,1804.0,1.0
2024.09.30_13-19-46_Yakuba_cameroon_no_odor,1806.0,1811.0,1.0
2024.09.30_13-19-46_Yakuba_cameroon_no_odor,1814.0,1817.0,1.0
2024.09.30_13-19-46_Yakuba_cameroon_no_odor,1819.0,1820.0,1.0
2024.09.30_13-19-46_Yakuba_cameroon_no_odor,1823.0,1833.0,1.0
2024.09.30_13-19-46_Yakuba_cameroon_no_odor,1835.0,1843.0,1.0
2024.09.30_13-19-46_Yakuba_cameroon_no_odor,1845.0,1856.0,1.0
2024.09.30_13-19-46_Yakuba_cameroon_no_odor,1858.0,8999.0,1.0
2024.10.25_08-49-36_Sussex_metben,4506.0,4599.0,1.0
2024.10.25_08-49-36_Sussex_metben,4601.0,8999.0,1.0
2024.11.14_01-11-17_Biarmipes84_e2hex,3.0,2323.0,1.0
2024.11.14_01-11-17_Biarmipes84_e2hex,2325.0,2332.0,1.0
2024.11.14_01-11-17_Biarmipes84_e2hex,2334.0,2334.0,1.0
2024.11.14_01-11-17_Biarmipes84_e2hex,2337.0,2337.0,1.0
2024.11.14_01-11-17_Biarmipes84_e2hex,2341.0,2342.0,1.0
2024.11.14_01-11-17_Biarmipes84_e2hex,2344.0,2347.0,1.0
2024.11.14_01-11-17_Biarmipes84_e2hex,2349.0,2351.0,1.0
2024.11.14_01-11-17_Biarmipes84_e2hex,2353.0,2353.0,1.0
2024.11.14_01-11-17_Biarmipes84_e2hex,2356.0,2359.0,1.0
2024.11.14_01-11-17_Biarmipes84_e2hex,2361.0,2362.0,1.0
2024.11.14_01-11-17_Biarmipes84_e2hex,2365.0,2366.0,1.0
2024.11.14_01-11-17_Biarmipes84_e2hex,2368.0,2371.0,1.0
2024.11.14_01-11-17_Biarmipes84_e2hex,2373.0,2379.0,1.0
2024.11.14_01-11-17_Biarmipes84_e2hex,2381.0,2387.0,1.0
2024.11.14_01-11-17_Biarmipes84_e2hex,2389.0,2397.0,1.0
2024.11.14_01-11-17_Biarmipes84_e2hex,2400.0,2658.0,1.0
2024.11.14_01-11-17_Biarmipes84_e2hex,2660.0,2683.0,1.0
2024.11.14_01-11-17_Biarmipes84_e2hex,2685.0,3463.0,1.0
2024.11.14_01-11-17_Biarmipes84_e2hex,3465.0,3471.0,1.0
2024.11.14_01-11-17_Biarmipes84_e2hex,3473.0,3487.0,1.0
2024.11.14_01-11-17_Biarmipes84_e2hex,3489.0,5602.0,1.0
2024.07.09_11-29-10_Riverside (E-2-Hex),1635.0,1636.0,1.0
2024.07.09_11-29-10_Riverside (E-2-Hex),1642.0,1670.0,1.0
2024.10.24_09-18-55_Biarmipes_G224_prenac,3.0,761.0,1.0
2024.10.24_09-18-55_Biarmipes_G224_prenac,763.0,763.0,1.0
2024.10.24_09-18-55_Biarmipes_G224_prenac,766.0,767.0,1.0
2024.10.24_09-18-55_Biarmipes_G224_prenac,789.0,789.0,1.0
2024.10.24_09-18-55_Biarmipes_G224_prenac,792.0,1240.0,1.0
2024.10.24_09-18-55_Biarmipes_G224_prenac,1248.0,1568.0,1.0
2024.10.24_09-18-55_Biarmipes_G224_prenac,1572.0,1572.0,1.0
2024.10.24_09-18-55_Biarmipes_G224_prenac,1575.0,1576.0,1.0
2024.10.24_09-18-55_Biarmipes_G224_prenac,1580.0,1580.0,1.0
2024.10.24_09-18-55_Biarmipes_G224_prenac,1582.0,1582.0,1.0
2024.10.24_09-18-55_Biarmipes_G224_prenac,1585.0,1585.0,1.0
2024.10.24_09-18-55_Biarmipes_G224_prenac,1609.0,1609.0,1.0
2024.10.24_09-18-55_Biarmipes_G224_prenac,1611.0,1622.0,1.0
2024.10.24_09-18-55_Biarmipes_G224_prenac,1624.0,1625.0,1.0
2024.10.15_08-46-20_Biarmipes_G224_1hexanol,7496.0,7562.0,1.0
2024.12.01_19-22-44_Biarmipes84_prenac,3.0,14.0,1.0
2024.12.01_19-22-44_Biarmipes84_prenac,16.0,1553.0,1.0
2024.12.01_19-22-44_Biarmipes84_prenac,1555.0,1587.0,1.0
2024.12.01_19-22-44_Biarmipes84_prenac,1589.0,1630.0,1.0
2024.12.01_19-22-44_Biarmipes84_prenac,1632.0,1687.0,1.0
2024.11.14_20-55-03_Sto_car_e2hex,3925.0,3933.0,1.0
2024.11.14_20-55-03_Sto_car_e2hex,3935.0,3936.0,1.0
2024.11.14_20-55-03_Sto_car_e2hex,3938.0,3945.0,1.0
2024.11.14_20-55-03_Sto_car_e2hex,3947.0,3986.0,1.0
2024.11.14_20-55-03_Sto_car_e2hex,3988.0,4304.0,1.0
2024.11.14_20-55-03_Sto_car_e2hex,4306.0,4327.0,1.0
2024.11.14_20-55-03_Sto_car_e2hex,4330.0,4331.0,1.0
2024.11.14_20-55-03_Sto_car_e2hex,4353.0,4353.0,1.0
2024.11.14_20-55-03_Sto_car_e2hex,4357.0,4359.0,1.0
2024.11.14_20-55-03_Sto_car_e2hex,4361.0,4432.0,1.0
2024.11.14_20-55-03_Sto_car_e2hex,4434.0,4435.0,1.0
2024.11.14_20-55-03_Sto_car_e2hex,4438.0,4441.0,1.0
2024.11.14_20-55-03_Sto_car_e2hex,4444.0,4446.0,1.0
2024.11.14_20-55-03_Sto_car_e2hex,4449.0,4449.0,1.0
2024.11.14_20-55-03_Sto_car_e2hex,4453.0,4453.0,1.0
2024.11.14_20-55-03_Sto_car_e2hex,4455.0,4456.0,1.0
2024.11.14_20-55-03_Sto_car_e2hex,4458.0,4458.0,1.0
2024.11.14_20-55-03_Sto_car_e2hex,4461.0,4461.0,1.0
2024.11.14_20-55-03_Sto_car_e2hex,4463.0,4467.0,1.0
2024.11.14_20-55-03_Sto_car_e2hex,4469.0,4469.0,1.0
2024.11.14_20-55-03_Sto_car_e2hex,4473.0,4476.0,1.0
2024.11.14_20-55-03_Sto_car_e2hex,4484.0,4484.0,1.0
2024.11.14_20-55-03_Sto_car_e2hex,4490.0,4492.0,1.0
2024.11.14_20-55-03_Sto_car_e2hex,4494.0,4494.0,1.0
2024.11.14_20-55-03_Sto_car_e2hex,4497.0,4498.0,1.0
2024.11.14_20-55-03_Sto_car_e2hex,4500.0,4508.0,1.0
2024.11.05_02-28-29_Yakuba7_e2hex,7247.0,7248.0,1.0
2024.11.05_02-28-29_Yakuba7_e2hex,7250.0,7256.0,1.0
2024.11.05_02-28-29_Yakuba7_e2hex,7258.0,7263.0,1.0
2024.11.05_02-28-29_Yakuba7_e2hex,7277.0,7302.0,1.0
2024.11.05_02-28-29_Yakuba7_e2hex,7304.0,7316.0,1.0
2024.11.05_02-28-29_Yakuba7_e2hex,7318.0,8731.0,1.0
2024.11.05_02-28-29_Yakuba7_e2hex,8733.0,8999.0,1.0
2024.11.12_06-49-11_Biarmipes_G224_e2hex,4310.0,4325.0,1.0
2024.11.12_06-49-11_Biarmipes_G224_e2hex,4333.0,4333.0,1.0
2024.11.12_06-49-11_Biarmipes_G224_e2hex,4336.0,4336.0,1.0
2024.11.12_06-49-11_Biarmipes_G224_e2hex,4341.0,4591.0,1.0
2024.11.12_06-49-11_Biarmipes_G224_e2hex,4601.0,4655.0,1.0
2024.11.12_06-49-11_Biarmipes_G224_e2hex,4658.0,4710.0,1.0
2024.11.12_06-49-11_Biarmipes_G224_e2hex,4712.0,4713.0,1.0
2024.11.12_06-49-11_Biarmipes_G224_e2hex,4717.0,4717.0,1.0
2024.11.12_06-49-11_Biarmipes_G224_e2hex,4726.0,4803.0,1.0
2024.11.12_06-49-11_Biarmipes_G224_e2hex,4808.0,4810.0,1.0
2024.11.12_06-49-11_Biarmipes_G224_e2hex,4814.0,4911.0,1.0
2024.11.12_06-49-11_Biarmipes_G224_e2hex,4913.0,4915.0,1.0
2024.11.12_06-49-11_Biarmipes_G224_e2hex,8302.0,8302.0,1.0
2024.11.12_06-49-11_Biarmipes_G224_e2hex,8304.0,8349.0,1.0
2024.11.12_06-49-11_Biarmipes_G224_e2hex,8354.0,8379.0,1.0
2024.11.12_06-49-11_Biarmipes_G224_e2hex,8381.0,8407.0,1.0
2024.11.12_06-49-11_Biarmipes_G224_e2hex,8409.0,8410.0,1.0
2024.11.12_06-49-11_Biarmipes_G224_e2hex,8412.0,8416.0,1.0
2024.11.12_06-49-11_Biarmipes_G224_e2hex,8421.0,8465.0,1.0
2024.11.12_06-49-11_Biarmipes_G224_e2hex,8478.0,8999.0,1.0
2024.11.04_05-11-38_Stocago_e2hex,7690.0,7694.0,1.0
2024.11.04_05-11-38_Stocago_e2hex,7696.0,7696.0,1.0
2024.11.04_05-11-38_Stocago_e2hex,7698.0,7698.0,1.0
2024.11.04_05-11-38_Stocago_e2hex,7700.0,7702.0,1.0
2024.11.04_05-11-38_Stocago_e2hex,7704.0,7705.0,1.0
2024.11.04_05-11-38_Stocago_e2hex,7709.0,7715.0,1.0
2024.11.04_05-11-38_Stocago_e2hex,7718.0,7719.0,1.0
2024.11.04_05-11-38_Stocago_e2hex,7721.0,7762.0,1.0
2024.11.04_05-11-38_Stocago_e2hex,7764.0,7773.0,1.0
2024.11.04_05-11-38_Stocago_e2hex,7776.0,7778.0,1.0
2024.11.04_05-11-38_Stocago_e2hex,7781.0,8995.0,1.0
2024.11.04_05-11-38_Stocago_e2hex,8998.0,8999.0,1.0
2024.11.25_17-16-46_Sussex_no_odor,3725.0,3725.0,1.0
2024.11.25_17-16-46_Sussex_no_odor,3729.0,3729.0,1.0
2024.11.25_17-16-46_Sussex_no_odor,3731.0,3739.0,1.0
2024.11.25_17-16-46_Sussex_no_odor,3741.0,3747.0,1.0
2024.11.25_17-16-46_Sussex_no_odor,3749.0,3757.0,1.0
2024.11.25_17-16-46_Sussex_no_odor,3759.0,5107.0,1.0
2024.11.25_17-16-46_Sussex_no_odor,5109.0,5124.0,1.0
2024.11.25_17-16-46_Sussex_no_odor,5127.0,5137.0,1.0
2024.11.25_17-16-46_Sussex_no_odor,5139.0,5140.0,1.0
2024.11.25_17-16-46_Sussex_no_odor,5179.0,5179.0,1.0
2024.11.25_17-16-46_Sussex_no_odor,5189.0,5189.0,1.0
2024.11.25_17-16-46_Sussex_no_odor,5193.0,5194.0,1.0
2024.11.25_17-16-46_Sussex_no_odor,5196.0,5197.0,1.0
2024.11.25_17-16-46_Sussex_no_odor,5199.0,5200.0,1.0
2024.11.25_17-16-46_Sussex_no_odor,5204.0,8999.0,1.0
2024.12.12_19-13-14_Riverside_metben,3832.0,3832.0,1.0
2024.12.12_19-13-14_Riverside_metben,3834.0,3834.0,1.0
2024.12.12_19-13-14_Riverside_metben,3837.0,3837.0,1.0
2024.12.12_19-13-14_Riverside_metben,3840.0,3840.0,1.0
2024.12.12_19-13-14_Riverside_metben,3843.0,3845.0,1.0
2024.12.12_19-13-14_Riverside_metben,3848.0,3861.0,1.0
2024.12.12_19-13-14_Riverside_metben,3864.0,3864.0,1.0
2024.12.12_19-13-14_Riverside_metben,3866.0,3868.0,1.0
2024.12.12_19-13-14_Riverside_metben,3870.0,3876.0,1.0
2024.12.12_19-13-14_Riverside_metben,3879.0,3879.0,1.0
2024.12.12_19-13-14_Riverside_metben,3882.0,3884.0,1.0
2024.12.12_19-13-14_Riverside_metben,3886.0,3888.0,1.0
2024.12.12_19-13-14_Riverside_metben,3892.0,3894.0,1.0
2024.12.12_19-13-14_Riverside_metben,3896.0,3897.0,1.0
2024.12.12_19-13-14_Riverside_metben,3899.0,3902.0,1.0
2024.12.12_19-13-14_Riverside_metben,3904.0,3906.0,1.0
2024.12.12_19-13-14_Riverside_metben,3908.0,3908.0,1.0
2024.12.12_19-13-14_Riverside_metben,3919.0,3920.0,1.0
2024.12.12_19-13-14_Riverside_metben,3926.0,3926.0,1.0
2024.12.12_19-13-14_Riverside_metben,3930.0,3930.0,1.0
2024.12.12_19-13-14_Riverside_metben,3934.0,3935.0,1.0
2024.12.12_19-13-14_Riverside_metben,3950.0,3950.0,1.0
2024.12.12_19-13-14_Riverside_metben,3956.0,3956.0,1.0
2024.12.12_19-13-14_Riverside_metben,3965.0,3967.0,1.0
2024.12.12_19-13-14_Riverside_metben,3970.0,3970.0,1.0
2024.12.12_19-13-14_Riverside_metben,3977.0,3978.0,1.0
2024.12.12_19-13-14_Riverside_metben,3980.0,4030.0,1.0
2024.12.12_19-13-14_Riverside_metben,4032.0,5182.0,1.0
2024.12.12_19-13-14_Riverside_metben,5184.0,8190.0,1.0
2024.12.12_19-13-14_Riverside_metben,8192.0,8195.0,1.0
2024.12.12_19-13-14_Riverside_metben,8197.0,8217.0,1.0
2024.12.12_19-13-14_Riverside_metben,8221.0,8223.0,1.0
2024.12.12_19-13-14_Riverside_metben,8226.0,8227.0,1.0
2024.12.12_19-13-14_Riverside_metben,8229.0,8229.0,1.0
2024.12.12_19-13-14_Riverside_metben,8231.0,8245.0,1.0
2024.12.12_19-13-14_Riverside_metben,8248.0,8248.0,1.0
2024.12.12_19-13-14_Riverside_metben,8251.0,8254.0,1.0
2024.12.12_19-13-14_Riverside_metben,8256.0,8258.0,1.0
2024.12.12_19-13-14_Riverside_metben,8264.0,8264.0,1.0
2024.12.12_19-13-14_Riverside_metben,8266.0,8266.0,1.0
2024.12.12_19-13-14_Riverside_metben,8268.0,8270.0,1.0
2024.12.12_19-13-14_Riverside_metben,8272.0,8272.0,1.0
2024.12.12_19-13-14_Riverside_metben,8274.0,8274.0,1.0
2024.12.12_19-13-14_Riverside_metben,8276.0,8278.0,1.0
2024.12.12_19-13-14_Riverside_metben,8280.0,8283.0,1.0
2024.12.12_19-13-14_Riverside_metben,8288.0,8288.0,1.0
2024.12.12_19-13-14_Riverside_metben,8290.0,8291.0,1.0
2024.12.12_19-13-14_Riverside_metben,8293.0,8295.0,1.0
2024.12.12_19-13-14_Riverside_metben,8300.0,8305.0,1.0
2024.12.12_19-13-14_Riverside_metben,8307.0,8307.0,1.0
2024.12.12_19-13-14_Riverside_metben,8309.0,8313.0,1.0
2024.12.12_19-13-14_Riverside_metben,8315.0,8316.0,1.0
2024.12.12_19-13-14_Riverside_metben,8318.0,8329.0,1.0
2024.12.12_19-13-14_Riverside_metben,8331.0,8335.0,1.0
2024.12.12_19-13-14_Riverside_metben,8337.0,8337.0,1.0
2024.12.12_19-13-14_Riverside_metben,8340.0,8340.0,1.0
2024.12.12_19-13-14_Riverside_metben,8344.0,8348.0,1.0
2024.12.12_19-13-14_Riverside_metben,8350.0,8358.0,1.0
2024.12.12_19-13-14_Riverside_metben,8360.0,8360.0,1.0
2024.12.12_19-13-14_Riverside_metben,8362.0,8366.0,1.0
2024.12.12_19-13-14_Riverside_metben,8368.0,8368.0,1.0
2024.12.12_19-13-14_Riverside_metben,8370.0,8377.0,1.0
2024.12.12_19-13-14_Riverside_metben,8379.0,8383.0,1.0
2024.12.12_19-13-14_Riverside_metben,8385.0,8387.0,1.0
2024.12.12_19-13-14_Riverside_metben,8390.0,8395.0,1.0
2024.12.12_19-13-14_Riverside_metben,8397.0,8398.0,1.0
2024.12.12_19-13-14_Riverside_metben,8400.0,8405.0,1.0
2024.12.12_19-13-14_Riverside_metben,8407.0,8412.0,1.0
2024.12.12_19-13-14_Riverside_metben,8414.0,8415.0,1.0
2024.12.12_19-13-14_Riverside_metben,8417.0,8418.0,1.0
2024.12.12_19-13-14_Riverside_metben,8420.0,8420.0,1.0
2024.12.12_19-13-14_Riverside_metben,8422.0,8438.0,1.0
2024.12.12_19-13-14_Riverside_metben,8440.0,8447.0,1.0
2024.12.12_19-13-14_Riverside_metben,8449.0,8467.0,1.0
2024.12.12_19-13-14_Riverside_metben,8469.0,8476.0,1.0
2024.12.12_19-13-14_Riverside_metben,8478.0,8481.0,1.0
2024.12.12_19-13-14_Riverside_metben,8484.0,8487.0,1.0
2024.12.12_19-13-14_Riverside_metben,8489.0,8490.0,1.0
2024.12.12_19-13-14_Riverside_metben,8492.0,8495.0,1.0
2024.12.12_19-13-14_Riverside_metben,8497.0,8504.0,1.0
2024.12.12_19-13-14_Riverside_metben,8506.0,8508.0,1.0
2024.12.12_19-13-14_Riverside_metben,8510.0,8514.0,1.0
2024.12.12_19-13-14_Riverside_metben,8516.0,8520.0,1.0
2024.12.12_19-13-14_Riverside_metben,8522.0,8533.0,1.0
2024.12.12_19-13-14_Riverside_metben,8535.0,8544.0,1.0
2024.12.12_19-13-14_Riverside_metben,8546.0,8555.0,1.0
2024.12.12_19-13-14_Riverside_metben,8557.0,8558.0,1.0
2024.12.12_19-13-14_Riverside_metben,8560.0,8569.0,1.0
2024.12.12_19-13-14_Riverside_metben,8571.0,8571.0,1.0
2024.12.12_19-13-14_Riverside_metben,8574.0,8580.0,1.0
2024.12.12_19-13-14_Riverside_metben,8582.0,8584.0,1.0
2024.12.12_19-13-14_Riverside_metben,8586.0,8591.0,1.0
2024.12.12_19-13-14_Riverside_metben,8593.0,8598.0,1.0
2024.12.12_19-13-14_Riverside_metben,8601.0,8602.0,1.0
2024.12.12_19-13-14_Riverside_metben,8604.0,8606.0,1.0
2024.12.12_19-13-14_Riverside_metben,8608.0,8611.0,1.0
2024.12.12_19-13-14_Riverside_metben,8615.0,8621.0,1.0
2024.12.12_19-13-14_Riverside_metben,8623.0,8623.0,1.0
2024.12.12_19-13-14_Riverside_metben,8625.0,8634.0,1.0
2024.12.12_19-13-14_Riverside_metben,8636.0,8640.0,1.0
2024.12.12_19-13-14_Riverside_metben,8642.0,8646.0,1.0
2024.12.12_19-13-14_Riverside_metben,8648.0,8658.0,1.0
2024.12.12_19-13-14_Riverside_metben,8660.0,8660.0,1.0
2024.12.12_19-13-14_Riverside_metben,8662.0,8663.0,1.0
2024.12.12_19-13-14_Riverside_metben,8667.0,8669.0,1.0
2024.12.12_19-13-14_Riverside_metben,8671.0,8678.0,1.0
2024.12.12_19-13-14_Riverside_metben,8680.0,8683.0,1.0
2024.12.12_19-13-14_Riverside_metben,8685.0,8689.0,1.0
2024.12.12_19-13-14_Riverside_metben,8691.0,8702.0,1.0
2024.12.12_19-13-14_Riverside_metben,8704.0,8707.0,1.0
2024.12.12_19-13-14_Riverside_metben,8709.0,8710.0,1.0
2024.12.12_19-13-14_Riverside_metben,8712.0,8719.0,1.0
2024.12.12_19-13-14_Riverside_metben,8721.0,8727.0,1.0
2024.12.12_19-13-14_Riverside_metben,8729.0,8732.0,1.0
2024.12.12_19-13-14_Riverside_metben,8734.0,8775.0,1.0
2024.12.12_19-13-14_Riverside_metben,8777.0,8779.0,1.0
2024.12.12_19-13-14_Riverside_metben,8783.0,8787.0,1.0
2024.12.12_19-13-14_Riverside_metben,8789.0,8790.0,1.0
2024.12.12_19-13-14_Riverside_metben,8792.0,8802.0,1.0
2024.12.12_19-13-14_Riverside_metben,8804.0,8806.0,1.0
2024.12.12_19-13-14_Riverside_metben,8809.0,8809.0,1.0
2024.12.12_19-13-14_Riverside_metben,8811.0,8816.0,1.0
2024.12.12_19-06-43_Riverside_no_odor,5242.0,5242.0,1.0
2024.12.12_19-06-43_Riverside_no_odor,5244.0,5244.0,1.0
2024.12.12_19-06-43_Riverside_no_odor,5246.0,5246.0,1.0
2024.12.12_19-06-43_Riverside_no_odor,5251.0,5251.0,1.0
2024.12.12_19-06-43_Riverside_no_odor,5256.0,5257.0,1.0
2024.12.12_19-06-43_Riverside_no_odor,5262.0,5266.0,1.0
2024.12.12_19-06-43_Riverside_no_odor,5269.0,5270.0,1.0
2024.12.12_19-06-43_Riverside_no_odor,5273.0,5274.0,1.0
2024.12.12_19-06-43_Riverside_no_odor,5280.0,5280.0,1.0
2024.12.12_19-06-43_Riverside_no_odor,5284.0,5285.0,1.0
2024.12.12_19-06-43_Riverside_no_odor,5287.0,5287.0,1.0
2024.12.12_19-06-43_Riverside_no_odor,5289.0,5290.0,1.0
2024.12.12_19-06-43_Riverside_no_odor,5292.0,5292.0,1.0
2024.12.12_19-06-43_Riverside_no_odor,5294.0,5332.0,1.0
2024.12.12_19-06-43_Riverside_no_odor,5334.0,5618.0,1.0
2024.12.12_19-06-43_Riverside_no_odor,5620.0,5665.0,1.0
2024.12.12_19-06-43_Riverside_no_odor,5667.0,5735.0,1.0
2024.12.12_19-06-43_Riverside_no_odor,5737.0,6440.0,1.0
2024.12.12_19-06-43_Riverside_no_odor,6442.0,6470.0,1.0
2024.12.12_19-06-43_Riverside_no_odor,6472.0,6503.0,1.0
2024.12.12_19-06-43_Riverside_no_odor,6505.0,6505.0,1.0
2024.12.12_19-06-43_Riverside_no_odor,6508.0,6514.0,1.0
2024.12.12_19-06-43_Riverside_no_odor,6516.0,6517.0,1.0
2024.12.12_19-06-43_Riverside_no_odor,6519.0,6592.0,1.0
2024.12.12_19-06-43_Riverside_no_odor,6594.0,6625.0,1.0
2024.12.12_19-06-43_Riverside_no_odor,6627.0,6630.0,1.0
2024.12.12_19-06-43_Riverside_no_odor,6632.0,6633.0,1.0
2024.12.12_19-06-43_Riverside_no_odor,6635.0,6636.0,1.0
2024.12.12_19-06-43_Riverside_no_odor,6638.0,6649.0,1.0
2024.12.12_19-06-43_Riverside_no_odor,6651.0,6667.0,1.0
2024.12.12_19-06-43_Riverside_no_odor,6669.0,6669.0,1.0
2024.12.12_19-06-43_Riverside_no_odor,6672.0,6710.0,1.0
2024.12.12_19-06-43_Riverside_no_odor,6713.0,6716.0,1.0
2024.12.12_19-06-43_Riverside_no_odor,6721.0,6724.0,1.0
2024.12.12_19-06-43_Riverside_no_odor,6726.0,6726.0,1.0
2024.12.12_19-06-43_Riverside_no_odor,6733.0,6733.0,1.0
2024.12.12_19-06-43_Riverside_no_odor,6736.0,6737.0,1.0
2024.12.12_19-06-43_Riverside_no_odor,6740.0,6741.0,1.0
2024.12.12_19-06-43_Riverside_no_odor,6744.0,6760.0,1.0
2024.12.12_19-06-43_Riverside_no_odor,6765.0,6765.0,1.0
2024.12.12_19-06-43_Riverside_no_odor,6767.0,6774.0,1.0
2024.12.12_19-06-43_Riverside_no_odor,6776.0,6777.0,1.0
2024.12.12_19-06-43_Riverside_no_odor,6782.0,6795.0,1.0
2024.12.12_19-06-43_Riverside_no_odor,6797.0,6813.0,1.0
2024.12.12_19-06-43_Riverside_no_odor,6815.0,6816.0,1.0
2024.12.12_19-06-43_Riverside_no_odor,6819.0,6819.0,1.0
2024.12.12_19-06-43_Riverside_no_odor,6821.0,6821.0,1.0
2024.12.12_19-06-43_Riverside_no_odor,6823.0,6826.0,1.0
2024.12.12_19-06-43_Riverside_no_odor,6828.0,6828.0,1.0
2024.12.12_19-06-43_Riverside_no_odor,6831.0,6832.0,1.0
2024.12.12_19-06-43_Riverside_no_odor,6834.0,6837.0,1.0
2024.12.12_19-06-43_Riverside_no_odor,6840.0,6841.0,1.0
2024.12.12_19-06-43_Riverside_no_odor,6843.0,6912.0,1.0
2024.12.12_19-06-43_Riverside_no_odor,6914.0,6926.0,1.0
2024.12.12_19-06-43_Riverside_no_odor,6928.0,6929.0,1.0
2024.12.12_19-06-43_Riverside_no_odor,6932.0,6933.0,1.0
2024.12.12_19-06-43_Riverside_no_odor,6935.0,6939.0,1.0
2024.12.12_19-06-43_Riverside_no_odor,6941.0,6943.0,1.0
2024.12.12_19-06-43_Riverside_no_odor,6945.0,6946.0,1.0
2024.12.12_19-06-43_Riverside_no_odor,6949.0,6950.0,1.0
2024.12.12_19-06-43_Riverside_no_odor,6953.0,6962.0,1.0
2024.12.12_19-06-43_Riverside_no_odor,6964.0,6971.0,1.0
2024.12.12_19-06-43_Riverside_no_odor,6975.0,7122.0,1.0
2024.12.12_19-06-43_Riverside_no_odor,7124.0,7144.0,1.0
2024.12.12_19-06-43_Riverside_no_odor,7148.0,7152.0,1.0
2024.12.12_19-06-43_Riverside_no_odor,7156.0,7168.0,1.0
2024.12.12_19-06-43_Riverside_no_odor,7170.0,7186.0,1.0
2024.12.12_19-06-43_Riverside_no_odor,7188.0,7193.0,1.0
2024.12.12_19-06-43_Riverside_no_odor,7196.0,7276.0,1.0
2024.12.12_19-06-43_Riverside_no_odor,7278.0,7278.0,1.0
2024.12.12_19-06-43_Riverside_no_odor,7280.0,7326.0,1.0
2024.12.12_19-06-43_Riverside_no_odor,7328.0,7346.0,1.0
2024.12.12_19-06-43_Riverside_no_odor,7348.0,8183.0,1.0
2024.12.12_19-06-43_Riverside_no_odor,8185.0,8252.0,1.0
2024.12.12_19-06-43_Riverside_no_odor,8254.0,8258.0,1.0
2024.12.12_19-06-43_Riverside_no_odor,8260.0,8289.0,1.0
2024.12.12_19-06-43_Riverside_no_odor,8291.0,8294.0,1.0
2024.12.12_19-06-43_Riverside_no_odor,8296.0,8303.0,1.0
2024.12.12_19-06-43_Riverside_no_odor,8305.0,8970.0,1.0
2024.10.28_06-33-08_Stocago_metben,3.0,1862.0,1.0
2024.10.28_06-33-08_Stocago_metben,1864.0,2339.0,1.0
2024.10.28_06-33-08_Stocago_metben,2341.0,2341.0,1.0
2024.10.28_06-33-08_Stocago_metben,8717.0,8717.0,1.0
2024.10.28_06-33-08_Stocago_metben,8721.0,8734.0,1.0
2024.10.28_06-33-08_Stocago_metben,8769.0,8941.0,1.0
2024.10.28_06-33-08_Stocago_metben,8945.0,8968.0,1.0
2024.10.28_06-33-08_Stocago_metben,8970.0,8978.0,1.0
2024.10.28_06-33-08_Stocago_metben,8986.0,8986.0,1.0
2024.10.28_06-33-08_Stocago_metben,8988.0,8989.0,1.0
2024.10.28_06-33-08_Stocago_metben,8991.0,8991.0,1.0
2024.10.28_06-33-08_Stocago_metben,8993.0,8999.0,1.0
2024.11.12_07-08-45_Biarmipes_G224_e2hex,1875.0,1899.0,1.0
2024.11.12_07-08-45_Biarmipes_G224_e2hex,1901.0,2241.0,1.0
2024.11.12_07-08-45_Biarmipes_G224_e2hex,2243.0,2303.0,1.0
2024.11.12_07-08-45_Biarmipes_G224_e2hex,2305.0,2306.0,1.0
2024.11.12_07-08-45_Biarmipes_G224_e2hex,2308.0,2310.0,1.0
2024.11.12_07-08-45_Biarmipes_G224_e2hex,2321.0,2328.0,1.0
2024.11.12_07-08-45_Biarmipes_G224_e2hex,2332.0,2351.0,1.0
2024.11.12_07-08-45_Biarmipes_G224_e2hex,3082.0,3644.0,1.0
2024.11.12_07-08-45_Biarmipes_G224_e2hex,3646.0,3725.0,1.0
2024.11.12_07-08-45_Biarmipes_G224_e2hex,3727.0,3840.0,1.0
2024.11.12_07-08-45_Biarmipes_G224_e2hex,3845.0,3854.0,1.0
2024.11.12_07-08-45_Biarmipes_G224_e2hex,6867.0,7095.0,1.0
2024.11.12_07-08-45_Biarmipes_G224_e2hex,7376.0,7526.0,1.0
2024.10.15_10-05-50_Sto_car_2hexanol,3.0,1492.0,1.0
2024.10.15_10-05-50_Sto_car_2hexanol,1494.0,1523.0,1.0
2024.10.15_10-05-50_Sto_car_2hexanol,1525.0,1527.0,1.0
2024.10.15_10-05-50_Sto_car_2hexanol,1532.0,1662.0,1.0
2024.10.15_10-05-50_Sto_car_2hexanol,1664.0,1790.0,1.0
2024.10.15_10-05-50_Sto_car_2hexanol,1797.0,1842.0,1.0
2024.10.15_10-05-50_Sto_car_2hexanol,1844.0,1889.0,1.0
2024.10.15_10-05-50_Sto_car_2hexanol,1901.0,2019.0,1.0
2024.10.15_10-05-50_Sto_car_2hexanol,2021.0,2021.0,1.0
2024.10.15_10-05-50_Sto_car_2hexanol,2023.0,2032.0,1.0
2024.10.15_10-05-50_Sto_car_2hexanol,6290.0,6328.0,1.0
2024.10.15_10-05-50_Sto_car_2hexanol,6332.0,6332.0,1.0
2024.10.15_10-05-50_Sto_car_2hexanol,6335.0,6335.0,1.0
2024.10.15_10-05-50_Sto_car_2hexanol,6338.0,6341.0,1.0
2024.10.15_10-05-50_Sto_car_2hexanol,6345.0,6952.0,1.0
2024.10.15_10-05-50_Sto_car_2hexanol,6954.0,6954.0,1.0
2024.10.15_10-05-50_Sto_car_2hexanol,6956.0,6956.0,1.0
2024.10.15_10-05-50_Sto_car_2hexanol,6962.0,7085.0,1.0
2024.10.15_10-05-50_Sto_car_2hexanol,7102.0,7103.0,1.0
2024.10.15_10-05-50_Sto_car_2hexanol,7105.0,8999.0,1.0
2024.10.31_02-01-01_Yakuba_cameroon_metben,4971.0,4971.0,1.0
2024.10.31_02-01-01_Yakuba_cameroon_metben,4973.0,4973.0,1.0
2024.10.31_02-01-01_Yakuba_cameroon_metben,4980.0,4980.0,1.0
2024.10.31_02-01-01_Yakuba_cameroon_metben,4983.0,4984.0,1.0
2024.10.31_02-01-01_Yakuba_cameroon_metben,4986.0,6942.0,1.0
2024.10.31_02-01-01_Yakuba_cameroon_metben,6944.0,6944.0,1.0
2024.10.31_02-01-01_Yakuba_cameroon_metben,6952.0,7042.0,1.0
2024.12.18_14-32-53_Riverside_no_odor,3830.0,3836.0,1.0
2024.12.18_14-32-53_Riverside_no_odor,3838.0,3959.0,1.0
2024.12.18_14-32-53_Riverside_no_odor,3961.0,3961.0,1.0
2024.12.18_14-32-53_Riverside_no_odor,3964.0,3971.0,1.0
2024.12.18_14-32-53_Riverside_no_odor,3973.0,3997.0,1.0
2024.12.18_14-32-53_Riverside_no_odor,3999.0,4004.0,1.0
2024.12.18_14-32-53_Riverside_no_odor,4006.0,4014.0,1.0
2024.12.18_14-32-53_Riverside_no_odor,4016.0,4038.0,1.0
2024.12.18_14-32-53_Riverside_no_odor,4040.0,4077.0,1.0
2024.12.18_14-32-53_Riverside_no_odor,4079.0,6499.0,1.0
2024.12.18_14-32-53_Riverside_no_odor,6501.0,7011.0,1.0
2024.12.18_14-32-53_Riverside_no_odor,7013.0,7023.0,1.0
2024.12.18_14-32-53_Riverside_no_odor,7025.0,7139.0,1.0
2024.12.18_14-32-53_Riverside_no_odor,7141.0,7141.0,1.0
2024.12.18_14-32-53_Riverside_no_odor,7144.0,7144.0,1.0
2024.12.18_14-32-53_Riverside_no_odor,7150.0,7151.0,1.0
2024.12.18_14-32-53_Riverside_no_odor,7170.0,7180.0,1.0
2024.12.18_14-32-53_Riverside_no_odor,7182.0,7187.0,1.0
2024.12.18_14-32-53_Riverside_no_odor,7189.0,7194.0,1.0
2024.12.18_14-32-53_Riverside_no_odor,7205.0,7228.0,1.0
2024.12.18_14-32-53_Riverside_no_odor,7230.0,7240.0,1.0
2024.12.18_14-32-53_Riverside_no_odor,7243.0,7393.0,1.0
2024.12.18_14-32-53_Riverside_no_odor,7395.0,7403.0,1.0
2024.12.18_14-32-53_Riverside_no_odor,7405.0,7414.0,1.0
2024.12.18_14-32-53_Riverside_no_odor,7416.0,7428.0,1.0
2024.12.18_14-32-53_Riverside_no_odor,7430.0,7446.0,1.0
2024.12.18_14-32-53_Riverside_no_odor,7448.0,7449.0,1.0
2024.12.18_14-32-53_Riverside_no_odor,7451.0,7454.0,1.0
2024.12.18_14-32-53_Riverside_no_odor,7456.0,7456.0,1.0
2024.12.18_14-32-53_Riverside_no_odor,7459.0,7461.0,1.0
2024.12.18_14-32-53_Riverside_no_odor,7464.0,7468.0,1.0
2024.12.18_14-32-53_Riverside_no_odor,7470.0,7493.0,1.0
2024.12.18_14-32-53_Riverside_no_odor,7496.0,7535.0,1.0
2024.10.30_09-00-14_Stocago_metben,3016.0,3062.0,1.0
2024.10.30_09-00-14_Stocago_metben,3064.0,3067.0,1.0
2024.10.30_09-00-14_Stocago_metben,3078.0,3101.0,1.0
2024.10.30_09-00-14_Stocago_metben,3107.0,3107.0,1.0
2024.10.30_09-00-14_Stocago_metben,6254.0,6291.0,1.0
2024.10.30_09-00-14_Stocago_metben,6295.0,6314.0,1.0
2024.10.30_09-00-14_Stocago_metben,6316.0,6336.0,1.0
2024.10.30_09-00-14_Stocago_metben,6341.0,6346.0,1.0
2024.10.30_09-00-14_Stocago_metben,6538.0,6888.0,1.0
2024.10.30_09-00-14_Stocago_metben,6890.0,6899.0,1.0
2024.10.30_09-00-14_Stocago_metben,6907.0,6938.0,1.0
2024.10.30_09-00-14_Stocago_metben,6940.0,6940.0,1.0
2024.10.30_09-00-14_Stocago_metben,6946.0,6947.0,1.0
2024.10.30_09-00-14_Stocago_metben,6951.0,6958.0,1.0
2024.09.30_12-01-09_Sussex_no_odor,4170.0,8529.0,1.0
2024.09.30_12-01-09_Sussex_no_odor,8531.0,8555.0,1.0
2024.09.30_12-01-09_Sussex_no_odor,8557.0,8579.0,1.0
2024.09.30_12-01-09_Sussex_no_odor,8581.0,8611.0,1.0
2024.09.30_12-01-09_Sussex_no_odor,8613.0,8655.0,1.0
2024.09.30_12-01-09_Sussex_no_odor,8657.0,8951.0,1.0
2024.09.30_12-42-45_Sussex_no_odor,3.0,998.0,1.0
2024.09.30_12-42-45_Sussex_no_odor,1000.0,1031.0,1.0
2024.09.30_12-42-45_Sussex_no_odor,1033.0,1194.0,1.0
2024.09.30_12-42-45_Sussex_no_odor,1197.0,1206.0,1.0
2024.09.30_12-42-45_Sussex_no_odor,1208.0,1208.0,1.0
2024.09.30_12-42-45_Sussex_no_odor,1211.0,1211.0,1.0
2024.09.30_12-42-45_Sussex_no_odor,1214.0,1214.0,1.0
2024.09.30_12-42-45_Sussex_no_odor,1216.0,1262.0,1.0
2024.09.30_12-42-45_Sussex_no_odor,1264.0,1264.0,1.0
2024.09.30_12-42-45_Sussex_no_odor,1266.0,1266.0,1.0
2024.09.30_12-42-45_Sussex_no_odor,1270.0,1270.0,1.0
2024.09.30_12-42-45_Sussex_no_odor,1272.0,1273.0,1.0
2024.09.30_12-42-45_Sussex_no_odor,1276.0,1276.0,1.0
2024.09.30_12-42-45_Sussex_no_odor,1280.0,1280.0,1.0
2024.09.30_12-42-45_Sussex_no_odor,1284.0,1284.0,1.0
2024.09.30_12-42-45_Sussex_no_odor,1287.0,1287.0,1.0
2024.09.30_12-42-45_Sussex_no_odor,1289.0,1289.0,1.0
2024.09.30_12-42-45_Sussex_no_odor,1292.0,1294.0,1.0
2024.09.30_12-42-45_Sussex_no_odor,1304.0,1308.0,1.0
2024.09.30_12-42-45_Sussex_no_odor,1315.0,1315.0,1.0
2024.10.10_08-41-22_Sto_car_no_odor,3.0,761.0,1.0
2024.10.10_08-41-22_Sto_car_no_odor,807.0,807.0,1.0
2024.10.10_08-41-22_Sto_car_no_odor,809.0,1034.0,1.0
2024.10.10_08-41-22_Sto_car_no_odor,1036.0,1050.0,1.0
2024.10.10_08-41-22_Sto_car_no_odor,1053.0,1054.0,1.0
2024.10.10_08-41-22_Sto_car_no_odor,1056.0,1056.0,1.0
2024.09.30_10-53-30_Stocago_no_odor,489.0,493.0,1.0
2024.09.30_10-53-30_Stocago_no_odor,496.0,496.0,1.0
2024.09.30_10-53-30_Stocago_no_odor,498.0,499.0,1.0
2024.09.30_10-53-30_Stocago_no_odor,501.0,512.0,1.0
2024.09.30_10-53-30_Stocago_no_odor,517.0,517.0,1.0
2024.09.30_10-53-30_Stocago_no_odor,519.0,1953.0,1.0
2024.09.30_10-53-30_Stocago_no_odor,1955.0,1960.0,1.0
2024.10.15_08-40-19_Biarmipes_G224_1hexanol,5212.0,5246.0,1.0
2024.10.15_08-40-19_Biarmipes_G224_1hexanol,5249.0,5263.0,1.0
2024.10.15_08-40-19_Biarmipes_G224_1hexanol,5270.0,5313.0,1.0
2024.10.15_08-40-19_Biarmipes_G224_1hexanol,6150.0,6150.0,1.0
2024.10.15_08-40-19_Biarmipes_G224_1hexanol,6152.0,6156.0,1.0
2024.10.15_08-40-19_Biarmipes_G224_1hexanol,6160.0,6344.0,1.0
2024.10.15_08-40-19_Biarmipes_G224_1hexanol,6348.0,6354.0,1.0
2024.10.15_08-40-19_Biarmipes_G224_1hexanol,6356.0,6361.0,1.0
2024.10.15_08-40-19_Biarmipes_G224_1hexanol,6365.0,6375.0,1.0
2024.10.15_08-40-19_Biarmipes_G224_1hexanol,6380.0,6393.0,1.0
2024.10.15_08-40-19_Biarmipes_G224_1hexanol,6423.0,6424.0,1.0
2024.10.15_08-40-19_Biarmipes_G224_1hexanol,6457.0,6460.0,1.0
2024.10.15_08-40-19_Biarmipes_G224_1hexanol,6462.0,6462.0,1.0
2024.10.15_08-40-19_Biarmipes_G224_1hexanol,6465.0,6483.0,1.0
2024.10.15_08-40-19_Biarmipes_G224_1hexanol,6522.0,6532.0,1.0
2024.11.01_07-39-43_Yakuba7_e2hex,7355.0,7376.0,1.0
2024.11.01_07-39-43_Yakuba7_e2hex,7378.0,7459.0,1.0
2024.11.01_07-39-43_Yakuba7_e2hex,7461.0,8747.0,1.0
2024.10.08_10-27-14_Biarmipes_G224_no_odor,3.0,422.0,1.0
2024.10.08_10-27-14_Biarmipes_G224_no_odor,452.0,452.0,1.0
2024.10.08_10-27-14_Biarmipes_G224_no_odor,454.0,454.0,1.0
2024.10.08_10-27-14_Biarmipes_G224_no_odor,458.0,465.0,1.0
2024.10.08_10-27-14_Biarmipes_G224_no_odor,467.0,470.0,1.0
2024.10.08_10-27-14_Biarmipes_G224_no_odor,472.0,832.0,1.0
2024.10.08_10-27-14_Biarmipes_G224_no_odor,834.0,842.0,1.0
2024.10.08_10-27-14_Biarmipes_G224_no_odor,847.0,847.0,1.0
2024.10.08_10-27-14_Biarmipes_G224_no_odor,862.0,862.0,1.0
2024.10.04_14-48-37_Biarmipes84_no_odor,4000.0,4040.0,1.0
2024.10.04_14-48-37_Biarmipes84_no_odor,4043.0,4070.0,1.0
2024.10.04_14-48-37_Biarmipes84_no_odor,4072.0,4077.0,1.0
2024.10.04_14-48-37_Biarmipes84_no_odor,4081.0,4090.0,1.0
2024.10.04_14-48-37_Biarmipes84_no_odor,4092.0,4093.0,1.0
2024.10.04_14-48-37_Biarmipes84_no_odor,4096.0,4096.0,1.0
2024.10.04_14-48-37_Biarmipes84_no_odor,4109.0,4110.0,1.0
2024.10.04_14-48-37_Biarmipes84_no_odor,4112.0,4113.0,1.0
2024.10.04_14-48-37_Biarmipes84_no_odor,4117.0,4125.0,1.0
2024.10.04_14-48-37_Biarmipes84_no_odor,4127.0,4130.0,1.0
2024.10.04_14-48-37_Biarmipes84_no_odor,4132.0,4138.0,1.0
2024.10.04_14-48-37_Biarmipes84_no_odor,4141.0,4142.0,1.0
2024.10.04_14-48-37_Biarmipes84_no_odor,4145.0,4146.0,1.0
2024.10.04_14-48-37_Biarmipes84_no_odor,4148.0,4148.0,1.0
2024.10.04_14-48-37_Biarmipes84_no_odor,4151.0,4152.0,1.0
2024.10.04_14-48-37_Biarmipes84_no_odor,4154.0,4156.0,1.0
2024.10.04_14-48-37_Biarmipes84_no_odor,4159.0,4159.0,1.0
2024.10.04_14-48-37_Biarmipes84_no_odor,4162.0,4171.0,1.0
2024.10.04_14-48-37_Biarmipes84_no_odor,4173.0,4181.0,1.0
2024.10.04_14-48-37_Biarmipes84_no_odor,4183.0,4186.0,1.0
2024.10.04_14-48-37_Biarmipes84_no_odor,4188.0,4194.0,1.0
2024.10.04_14-48-37_Biarmipes84_no_odor,4196.0,4201.0,1.0
2024.10.04_14-48-37_Biarmipes84_no_odor,4203.0,4207.0,1.0
2024.10.04_14-48-37_Biarmipes84_no_odor,4209.0,4212.0,1.0
2024.10.04_14-48-37_Biarmipes84_no_odor,4214.0,4223.0,1.0
2024.10.04_14-48-37_Biarmipes84_no_odor,4225.0,4228.0,1.0
2024.10.04_14-48-37_Biarmipes84_no_odor,4230.0,4237.0,1.0
2024.10.04_14-48-37_Biarmipes84_no_odor,4239.0,4246.0,1.0
2024.10.04_14-48-37_Biarmipes84_no_odor,4248.0,4255.0,1.0
2024.10.04_14-48-37_Biarmipes84_no_odor,4257.0,4265.0,1.0
2024.10.04_14-48-37_Biarmipes84_no_odor,4267.0,4281.0,1.0
2024.10.04_14-48-37_Biarmipes84_no_odor,4284.0,4291.0,1.0
2024.10.04_14-48-37_Biarmipes84_no_odor,4294.0,4747.0,1.0
2024.10.04_14-48-37_Biarmipes84_no_odor,4749.0,4798.0,1.0
2024.10.04_14-48-37_Biarmipes84_no_odor,4800.0,6532.0,1.0
2024.10.04_14-48-37_Biarmipes84_no_odor,6534.0,7029.0,1.0
2024.10.04_14-48-37_Biarmipes84_no_odor,7031.0,7077.0,1.0
2024.10.04_14-48-37_Biarmipes84_no_odor,7079.0,7083.0,1.0
2024.10.04_14-48-37_Biarmipes84_no_odor,7085.0,7095.0,1.0
2024.10.04_14-48-37_Biarmipes84_no_odor,7102.0,7248.0,1.0
2024.10.04_14-48-37_Biarmipes84_no_odor,7250.0,7250.0,1.0
2024.10.04_14-48-37_Biarmipes84_no_odor,7252.0,7257.0,1.0
2024.10.04_14-48-37_Biarmipes84_no_odor,7260.0,7260.0,1.0
2024.10.04_14-48-37_Biarmipes84_no_odor,7262.0,7263.0,1.0
2024.10.04_14-48-37_Biarmipes84_no_odor,7267.0,7267.0,1.0
2024.10.04_14-48-37_Biarmipes84_no_odor,7269.0,7297.0,1.0
2024.10.04_14-48-37_Biarmipes84_no_odor,7299.0,7306.0,1.0
2024.10.04_14-48-37_Biarmipes84_no_odor,7308.0,7317.0,1.0
2024.10.04_14-48-37_Biarmipes84_no_odor,7324.0,7324.0,1.0
2024.10.04_14-48-37_Biarmipes84_no_odor,7330.0,7331.0,1.0
2024.10.04_14-48-37_Biarmipes84_no_odor,7333.0,7336.0,1.0
2024.10.04_14-48-37_Biarmipes84_no_odor,7339.0,7340.0,1.0
2024.10.04_14-48-37_Biarmipes84_no_odor,7342.0,7342.0,1.0
2024.10.04_14-48-37_Biarmipes84_no_odor,7344.0,7344.0,1.0
2024.10.04_14-48-37_Biarmipes84_no_odor,7346.0,7346.0,1.0
2024.10.04_14-48-37_Biarmipes84_no_odor,7348.0,7351.0,1.0
2024.10.04_14-48-37_Biarmipes84_no_odor,7368.0,7387.0,1.0
2024.10.04_14-48-37_Biarmipes84_no_odor,7390.0,7394.0,1.0
2024.10.04_14-48-37_Biarmipes84_no_odor,7396.0,7400.0,1.0
2024.10.04_14-48-37_Biarmipes84_no_odor,7402.0,7403.0,1.0
2024.10.04_14-48-37_Biarmipes84_no_odor,7405.0,7407.0,1.0
2024.10.04_14-48-37_Biarmipes84_no_odor,7411.0,7424.0,1.0
2024.10.04_14-48-37_Biarmipes84_no_odor,7426.0,7431.0,1.0
2024.10.04_14-48-37_Biarmipes84_no_odor,7433.0,7442.0,1.0
2024.10.04_14-48-37_Biarmipes84_no_odor,7444.0,7444.0,1.0
2024.10.04_14-48-37_Biarmipes84_no_odor,7446.0,7462.0,1.0
2024.10.04_14-48-37_Biarmipes84_no_odor,7464.0,7476.0,1.0
2024.10.04_14-48-37_Biarmipes84_no_odor,7478.0,7490.0,1.0
2024.10.04_14-48-37_Biarmipes84_no_odor,7492.0,7535.0,1.0
2024.10.04_14-48-37_Biarmipes84_no_odor,7537.0,7542.0,1.0
2024.10.04_14-48-37_Biarmipes84_no_odor,7544.0,7567.0,1.0
2024.10.04_14-48-37_Biarmipes84_no_odor,7569.0,7577.0,1.0
2024.10.04_14-48-37_Biarmipes84_no_odor,7579.0,7584.0,1.0
2024.10.04_14-48-37_Biarmipes84_no_odor,7588.0,7593.0,1.0
2024.10.04_14-48-37_Biarmipes84_no_odor,7595.0,7595.0,1.0
2024.10.04_14-48-37_Biarmipes84_no_odor,7599.0,7609.0,1.0
2024.10.04_14-48-37_Biarmipes84_no_odor,7611.0,7615.0,1.0
2024.10.04_14-48-37_Biarmipes84_no_odor,7617.0,7618.0,1.0
2024.10.04_14-48-37_Biarmipes84_no_odor,7620.0,7623.0,1.0
2024.10.04_14-48-37_Biarmipes84_no_odor,7625.0,7625.0,1.0
2024.10.04_14-48-37_Biarmipes84_no_odor,7627.0,7630.0,1.0
2024.10.04_14-48-37_Biarmipes84_no_odor,7635.0,7635.0,1.0
2024.10.04_14-48-37_Biarmipes84_no_odor,7639.0,7639.0,1.0
2024.10.04_14-48-37_Biarmipes84_no_odor,7641.0,7641.0,1.0
2024.10.04_14-48-37_Biarmipes84_no_odor,7646.0,7646.0,1.0
2024.10.04_14-48-37_Biarmipes84_no_odor,7648.0,7650.0,1.0
2024.10.04_14-48-37_Biarmipes84_no_odor,7655.0,7655.0,1.0
2024.10.04_14-48-37_Biarmipes84_no_odor,7658.0,7658.0,1.0
2024.10.04_14-48-37_Biarmipes84_no_odor,7660.0,7662.0,1.0
2024.10.04_14-48-37_Biarmipes84_no_odor,7664.0,7664.0,1.0
2024.10.04_14-48-37_Biarmipes84_no_odor,7676.0,7676.0,1.0
2024.10.04_14-48-37_Biarmipes84_no_odor,7678.0,7679.0,1.0
2024.10.04_14-48-37_Biarmipes84_no_odor,7688.0,7689.0,1.0
2024.10.04_14-48-37_Biarmipes84_no_odor,7693.0,7693.0,1.0
2024.10.04_14-48-37_Biarmipes84_no_odor,7698.0,7698.0,1.0
2024.10.04_14-48-37_Biarmipes84_no_odor,7702.0,7702.0,1.0
2024.10.04_14-48-37_Biarmipes84_no_odor,7717.0,7717.0,1.0
2024.10.04_14-48-37_Biarmipes84_no_odor,7722.0,7723.0,1.0
2024.10.04_14-48-37_Biarmipes84_no_odor,7727.0,7727.0,1.0
2024.10.04_14-48-37_Biarmipes84_no_odor,7739.0,7739.0,1.0
2024.10.04_14-48-37_Biarmipes84_no_odor,7753.0,7754.0,1.0
2024.10.04_14-48-37_Biarmipes84_no_odor,7757.0,7759.0,1.0
2024.10.04_14-48-37_Biarmipes84_no_odor,7764.0,7767.0,1.0
2024.10.04_14-48-37_Biarmipes84_no_odor,7772.0,7774.0,1.0
2024.10.04_14-48-37_Biarmipes84_no_odor,7786.0,7786.0,1.0
2024.10.04_14-48-37_Biarmipes84_no_odor,7790.0,7794.0,1.0
2024.10.04_14-48-37_Biarmipes84_no_odor,7796.0,7812.0,1.0
2024.10.04_14-48-37_Biarmipes84_no_odor,7814.0,7820.0,1.0
2024.10.04_14-48-37_Biarmipes84_no_odor,7822.0,7844.0,1.0
2024.10.04_14-48-37_Biarmipes84_no_odor,7847.0,7856.0,1.0
2024.10.04_14-48-37_Biarmipes84_no_odor,7861.0,7862.0,1.0
2024.10.04_14-48-37_Biarmipes84_no_odor,7869.0,7869.0,1.0
2024.10.04_14-48-37_Biarmipes84_no_odor,7874.0,7875.0,1.0
2024.10.04_14-48-37_Biarmipes84_no_odor,7883.0,7888.0,1.0
2024.10.04_14-48-37_Biarmipes84_no_odor,7892.0,7892.0,1.0
2024.10.04_14-48-37_Biarmipes84_no_odor,7906.0,7906.0,1.0
2024.10.04_14-48-37_Biarmipes84_no_odor,7909.0,7911.0,1.0
2024.10.04_14-48-37_Biarmipes84_no_odor,7913.0,7913.0,1.0
2024.10.04_14-48-37_Biarmipes84_no_odor,7917.0,7917.0,1.0
2024.10.04_14-48-37_Biarmipes84_no_odor,7921.0,7921.0,1.0
2024.10.04_14-48-37_Biarmipes84_no_odor,7924.0,7924.0,1.0
2024.10.04_14-48-37_Biarmipes84_no_odor,7926.0,7928.0,1.0
2024.10.04_14-48-37_Biarmipes84_no_odor,7931.0,7931.0,1.0
2024.10.04_14-48-37_Biarmipes84_no_odor,7935.0,7935.0,1.0
2024.10.04_14-48-37_Biarmipes84_no_odor,7940.0,7940.0,1.0
2024.10.04_14-48-37_Biarmipes84_no_odor,7945.0,7946.0,1.0
2024.10.04_14-48-37_Biarmipes84_no_odor,7948.0,7950.0,1.0
2024.10.04_14-48-37_Biarmipes84_no_odor,7952.0,7952.0,1.0
2024.10.04_14-48-37_Biarmipes84_no_odor,7954.0,7954.0,1.0
2024.10.04_14-48-37_Biarmipes84_no_odor,7962.0,7971.0,1.0
2024.10.04_14-48-37_Biarmipes84_no_odor,7977.0,7977.0,1.0
2024.10.04_14-48-37_Biarmipes84_no_odor,7982.0,7982.0,1.0
2024.10.04_14-48-37_Biarmipes84_no_odor,7985.0,7985.0,1.0
2024.10.04_14-48-37_Biarmipes84_no_odor,7994.0,7994.0,1.0
2024.10.04_14-48-37_Biarmipes84_no_odor,8000.0,8000.0,1.0
2024.10.04_14-48-37_Biarmipes84_no_odor,8002.0,8002.0,1.0
2024.10.04_14-48-37_Biarmipes84_no_odor,8005.0,8010.0,1.0
2024.10.04_14-48-37_Biarmipes84_no_odor,8012.0,8014.0,1.0
2024.10.04_14-48-37_Biarmipes84_no_odor,8020.0,8027.0,1.0
2024.10.04_14-48-37_Biarmipes84_no_odor,8029.0,8045.0,1.0
2024.10.04_14-48-37_Biarmipes84_no_odor,8050.0,8052.0,1.0
2024.10.04_14-48-37_Biarmipes84_no_odor,8054.0,8074.0,1.0
2024.10.04_14-48-37_Biarmipes84_no_odor,8076.0,8090.0,1.0
2024.10.04_14-48-37_Biarmipes84_no_odor,8092.0,8127.0,1.0
2024.10.04_14-48-37_Biarmipes84_no_odor,8129.0,8129.0,1.0
2024.10.04_14-48-37_Biarmipes84_no_odor,8131.0,8189.0,1.0
2024.10.04_14-48-37_Biarmipes84_no_odor,8191.0,8194.0,1.0
2024.10.04_14-48-37_Biarmipes84_no_odor,8196.0,8198.0,1.0
2024.10.04_14-48-37_Biarmipes84_no_odor,8201.0,8208.0,1.0
2024.10.04_14-48-37_Biarmipes84_no_odor,8213.0,8213.0,1.0
2024.10.04_14-48-37_Biarmipes84_no_odor,8215.0,8215.0,1.0
2024.10.04_14-48-37_Biarmipes84_no_odor,8217.0,8217.0,1.0
2024.10.04_14-48-37_Biarmipes84_no_odor,8219.0,8219.0,1.0
2024.10.04_14-48-37_Biarmipes84_no_odor,8222.0,8223.0,1.0
2024.10.04_14-48-37_Biarmipes84_no_odor,8230.0,8230.0,1.0
2024.10.04_14-48-37_Biarmipes84_no_odor,8233.0,8234.0,1.0
2024.10.04_14-48-37_Biarmipes84_no_odor,8237.0,8243.0,1.0
2024.10.04_14-48-37_Biarmipes84_no_odor,8250.0,8250.0,1.0
2024.10.04_14-48-37_Biarmipes84_no_odor,8252.0,8266.0,1.0
2024.10.04_14-48-37_Biarmipes84_no_odor,8268.0,8275.0,1.0
2024.10.04_14-48-37_Biarmipes84_no_odor,8277.0,8342.0,1.0
2024.10.04_14-48-37_Biarmipes84_no_odor,8344.0,8405.0,1.0
2024.10.04_14-48-37_Biarmipes84_no_odor,8407.0,8409.0,1.0
2024.10.04_14-48-37_Biarmipes84_no_odor,8411.0,8500.0,1.0
2024.10.04_14-48-37_Biarmipes84_no_odor,8502.0,8511.0,1.0
2024.10.04_14-48-37_Biarmipes84_no_odor,8513.0,8515.0,1.0
2024.10.04_14-48-37_Biarmipes84_no_odor,8517.0,8523.0,1.0
2024.10.04_14-48-37_Biarmipes84_no_odor,8525.0,8542.0,1.0
2024.10.04_14-48-37_Biarmipes84_no_odor,8545.0,8545.0,1.0
2024.10.04_14-48-37_Biarmipes84_no_odor,8547.0,8573.0,1.0
2024.10.28_07-03-50_stocago_metben,3.0,2269.0,1.0
2024.07.05_12-17-09_CantonS (no odor),3807.0,3815.0,1.0
2024.07.05_12-17-09_CantonS (no odor),3837.0,4024.0,1.0
2025.03.07_08-09-39_CantonS_metbut,4846.0,6438.0,1.0
2025.03.07_08-09-39_CantonS_metbut,6440.0,6599.0,1.0
2025.03.07_08-09-39_CantonS_metbut,6618.0,6618.0,1.0
2025.03.07_08-09-39_CantonS_metbut,6620.0,7242.0,1.0
2025.03.07_08-09-39_CantonS_metbut,7245.0,7277.0,1.0
2025.03.07_08-09-39_CantonS_metbut,7279.0,7281.0,1.0
2025.03.07_08-09-39_CantonS_metbut,7286.0,7306.0,1.0
2025.03.07_08-09-39_CantonS_metbut,7308.0,7310.0,1.0
2025.03.07_08-09-39_CantonS_metbut,7313.0,7318.0,1.0
2025.03.07_08-09-39_CantonS_metbut,7322.0,7323.0,1.0
2025.03.07_08-09-39_CantonS_metbut,7360.0,7367.0,1.0
2025.03.07_08-09-39_CantonS_metbut,7369.0,7369.0,1.0
2025.03.07_08-09-39_CantonS_metbut,7371.0,7378.0,1.0
2025.03.07_08-09-39_CantonS_metbut,7380.0,8999.0,1.0
2024.10.03_10-27-18_Sto_car_no_odor,3.0,5.0,1.0
2024.10.03_10-27-18_Sto_car_no_odor,7.0,18.0,1.0
2024.10.03_10-27-18_Sto_car_no_odor,20.0,67.0,1.0
2024.10.03_10-27-18_Sto_car_no_odor,69.0,203.0,1.0
2024.10.03_10-27-18_Sto_car_no_odor,205.0,206.0,1.0
2024.10.03_10-27-18_Sto_car_no_odor,208.0,214.0,1.0
2024.10.03_10-27-18_Sto_car_no_odor,216.0,216.0,1.0
2024.10.03_10-27-18_Sto_car_no_odor,219.0,219.0,1.0
2024.10.03_10-27-18_Sto_car_no_odor,221.0,221.0,1.0
2024.10.03_10-27-18_Sto_car_no_odor,224.0,224.0,1.0
2024.10.03_10-27-18_Sto_car_no_odor,227.0,227.0,1.0
2024.10.03_10-27-18_Sto_car_no_odor,234.0,234.0,1.0
2024.10.03_10-27-18_Sto_car_no_odor,238.0,239.0,1.0
2024.10.03_10-27-18_Sto_car_no_odor,242.0,242.0,1.0
2024.10.03_10-27-18_Sto_car_no_odor,247.0,247.0,1.0
2024.10.03_10-27-18_Sto_car_no_odor,249.0,249.0,1.0
2024.10.03_10-27-18_Sto_car_no_odor,251.0,253.0,1.0
2024.10.03_10-27-18_Sto_car_no_odor,255.0,255.0,1.0
2024.10.03_10-27-18_Sto_car_no_odor,257.0,257.0,1.0
2024.10.03_10-27-18_Sto_car_no_odor,259.0,264.0,1.0
2024.10.03_10-27-18_Sto_car_no_odor,266.0,267.0,1.0
2024.10.03_10-27-18_Sto_car_no_odor,269.0,273.0,1.0
2024.10.03_10-27-18_Sto_car_no_odor,276.0,286.0,1.0
2024.10.03_10-27-18_Sto_car_no_odor,288.0,288.0,1.0
2024.10.03_10-27-18_Sto_car_no_odor,291.0,295.0,1.0
2024.10.03_10-27-18_Sto_car_no_odor,297.0,305.0,1.0
2024.10.03_10-27-18_Sto_car_no_odor,307.0,317.0,1.0
2024.10.03_10-27-18_Sto_car_no_odor,319.0,324.0,1.0
2024.10.03_10-27-18_Sto_car_no_odor,326.0,329.0,1.0
2024.10.03_10-27-18_Sto_car_no_odor,331.0,332.0,1.0
2024.10.03_10-27-18_Sto_car_no_odor,334.0,334.0,1.0
2024.10.03_10-27-18_Sto_car_no_odor,336.0,365.0,1.0
2024.10.03_10-27-18_Sto_car_no_odor,367.0,582.0,1.0
2024.10.03_10-27-18_Sto_car_no_odor,586.0,586.0,1.0
2024.09.30_11-54-59_Sussex_no_odor,7041.0,7121.0,1.0
2024.09.30_11-54-59_Sussex_no_odor,7123.0,7125.0,1.0
2024.09.30_11-54-59_Sussex_no_odor,7127.0,7129.0,1.0
2024.09.30_11-54-59_Sussex_no_odor,7151.0,7240.0,1.0
2024.09.30_11-54-59_Sussex_no_odor,7242.0,7248.0,1.0
2024.09.30_11-54-59_Sussex_no_odor,7250.0,7251.0,1.0
2024.09.30_11-54-59_Sussex_no_odor,7257.0,7257.0,1.0
2024.09.30_11-54-59_Sussex_no_odor,7268.0,8999.0,1.0
2024.10.29_05-10-03_Biarmipes84_metben,3.0,2071.0,1.0
2024.10.29_05-10-03_Biarmipes84_metben,2073.0,2075.0,1.0
2024.10.29_05-10-03_Biarmipes84_metben,2077.0,2265.0,1.0
2024.10.29_05-10-03_Biarmipes84_metben,2267.0,2268.0,1.0
2024.10.29_05-10-03_Biarmipes84_metben,2270.0,2272.0,1.0
2024.10.29_05-10-03_Biarmipes84_metben,2274.0,2277.0,1.0
2024.07.05_11-33-31_CantonS (no odor),3129.0,4815.0,1.0
2024.10.08_12-18-13_Sto_car_no_odor,3.0,12.0,1.0
2024.10.08_12-18-13_Sto_car_no_odor,14.0,1105.0,1.0
2024.10.30_09-47-02_Sussex_metben,5665.0,5667.0,1.0
2024.10.30_09-47-02_Sussex_metben,5669.0,5675.0,1.0
2024.10.30_09-47-02_Sussex_metben,5677.0,5690.0,1.0
2024.10.30_09-47-02_Sussex_metben,5718.0,5722.0,1.0
2024.10.30_09-47-02_Sussex_metben,5724.0,5724.0,1.0
2024.10.30_09-47-02_Sussex_metben,5726.0,5728.0,1.0
2024.10.30_09-47-02_Sussex_metben,5730.0,8999.0,1.0
2024.10.29_03-42-09_Sechellia_metben,5494.0,5494.0,1.0
2024.10.29_03-42-09_Sechellia_metben,5496.0,5496.0,1.0
2024.10.29_03-42-09_Sechellia_metben,5498.0,5499.0,1.0
2024.10.29_03-42-09_Sechellia_metben,5501.0,5501.0,1.0
2024.10.29_03-42-09_Sechellia_metben,5503.0,5504.0,1.0
2024.10.29_03-42-09_Sechellia_metben,5507.0,5508.0,1.0
2024.10.29_03-42-09_Sechellia_metben,5511.0,5511.0,1.0
2024.10.29_03-42-09_Sechellia_metben,5513.0,5513.0,1.0
2024.10.29_03-42-09_Sechellia_metben,5515.0,5533.0,1.0
2024.10.29_03-42-09_Sechellia_metben,5535.0,5547.0,1.0
2024.10.29_03-42-09_Sechellia_metben,5549.0,5553.0,1.0
2024.10.29_03-42-09_Sechellia_metben,5555.0,5569.0,1.0
2024.10.29_03-42-09_Sechellia_metben,5571.0,5572.0,1.0
2024.10.29_03-42-09_Sechellia_metben,5574.0,5576.0,1.0
2024.10.29_03-42-09_Sechellia_metben,5578.0,5579.0,1.0
2024.10.29_03-42-09_Sechellia_metben,5581.0,5591.0,1.0
2024.10.29_03-42-09_Sechellia_metben,5593.0,8929.0,1.0
2024.11.13_04-39-28_Biarmipes84_e2hex,3.0,281.0,1.0
2024.11.13_04-39-28_Biarmipes84_e2hex,1483.0,1486.0,1.0
2024.11.13_04-39-28_Biarmipes84_e2hex,1489.0,1489.0,1.0
2024.11.13_04-39-28_Biarmipes84_e2hex,1492.0,1500.0,1.0
2024.11.13_04-39-28_Biarmipes84_e2hex,1502.0,1503.0,1.0
2024.11.13_04-39-28_Biarmipes84_e2hex,1506.0,1511.0,1.0
2024.11.13_04-39-28_Biarmipes84_e2hex,1513.0,2477.0,1.0
2024.11.13_04-39-28_Biarmipes84_e2hex,4839.0,5852.0,1.0
2024.11.13_04-39-28_Biarmipes84_e2hex,5854.0,5932.0,1.0
2024.11.13_04-39-28_Biarmipes84_e2hex,5936.0,5942.0,1.0
2024.11.13_04-39-28_Biarmipes84_e2hex,5946.0,5949.0,1.0
2024.11.13_04-39-28_Biarmipes84_e2hex,5951.0,5960.0,1.0
2024.11.13_04-39-28_Biarmipes84_e2hex,5964.0,5965.0,1.0
2024.11.13_04-39-28_Biarmipes84_e2hex,5970.0,5977.0,1.0
2024.11.13_04-39-28_Biarmipes84_e2hex,5985.0,5985.0,1.0
2024.11.13_04-39-28_Biarmipes84_e2hex,5990.0,5995.0,1.0
