trial,start_frame,end_frame,is_swapped
2024.10.02_11-00-56_Biarmipes_G224_no_odor,1480,1488,True
2024.10.02_11-00-56_Biarmipes_G224_no_odor,1490,1490,True
2024.10.02_11-00-56_Biarmipes_G224_no_odor,1497,2972,True
2024.10.02_11-00-56_Biarmipes_G224_no_odor,4283,4288,True
2024.10.02_11-00-56_Biarmipes_G224_no_odor,4316,4319,True
2024.10.02_11-00-56_Biarmipes_G224_no_odor,4321,4336,True
2024.10.02_11-00-56_Biarmipes_G224_no_odor,4338,4345,True
2024.10.02_11-00-56_Biarmipes_G224_no_odor,4347,4349,True
2024.10.02_11-00-56_Biarmipes_G224_no_odor,4351,4351,True
2024.10.02_11-00-56_Biarmipes_G224_no_odor,4356,4362,True
2024.10.02_11-00-56_Biarmipes_G224_no_odor,4365,4411,True
2024.10.02_11-00-56_Biarmipes_G224_no_odor,4413,4424,True
2024.10.02_11-00-56_Biarmipes_G224_no_odor,4427,4451,True
2024.10.02_11-00-56_Biarmipes_G224_no_odor,4467,4516,True
2024.10.02_11-00-56_Biarmipes_G224_no_odor,4518,4522,True
2024.10.02_11-00-56_Biarmipes_G224_no_odor,4524,4534,True
2024.10.02_11-00-56_Biarmipes_G224_no_odor,4537,4542,True
2024.10.02_11-00-56_Biarmipes_G224_no_odor,4544,4549,True
2024.10.02_11-00-56_Biarmipes_G224_no_odor,4551,5727,True
2024.10.02_11-00-56_Biarmipes_G224_no_odor,6668,6824,True
2024.10.02_11-00-56_Biarmipes_G224_no_odor,7340,8849,True
2024.07.08_13-31-08_Riverside (E-2-Hex),102,102,True
2024.07.08_13-31-08_Riverside (E-2-Hex),108,109,True
2024.07.08_13-31-08_Riverside (E-2-Hex),283,283,True
2024.07.08_13-31-08_Riverside (E-2-Hex),403,460,True
2024.07.08_13-31-08_Riverside (E-2-Hex),462,633,True
2024.07.08_13-31-08_Riverside (E-2-Hex),826,826,True
2024.07.08_13-31-08_Riverside (E-2-Hex),1308,1321,True
2024.07.08_13-31-08_Riverside (E-2-Hex),1332,1333,True
2024.07.08_13-31-08_Riverside (E-2-Hex),1335,1370,True
2024.07.08_13-31-08_Riverside (E-2-Hex),1375,1375,True
2024.07.08_13-31-08_Riverside (E-2-Hex),1406,1479,True
2024.07.08_13-31-08_Riverside (E-2-Hex),1531,1537,True
2024.07.08_13-31-08_Riverside (E-2-Hex),1542,1545,True
2024.07.08_13-31-08_Riverside (E-2-Hex),1556,2009,True
2024.07.08_13-31-08_Riverside (E-2-Hex),2565,2623,True
2024.07.08_13-31-08_Riverside (E-2-Hex),2695,2707,True
2024.07.08_13-31-08_Riverside (E-2-Hex),2709,2719,True
2024.07.08_13-31-08_Riverside (E-2-Hex),2732,3553,True
2024.07.08_13-31-08_Riverside (E-2-Hex),4431,5817,True
2024.07.08_13-31-08_Riverside (E-2-Hex),6798,6799,True
2024.07.08_13-31-08_Riverside (E-2-Hex),6843,7486,True
2024.07.08_13-31-08_Riverside (E-2-Hex),8759,8759,True
2024.07.08_13-31-08_Riverside (E-2-Hex),8782,8782,True
2024.07.08_13-31-08_Riverside (E-2-Hex),8949,8953,True
2024.07.08_13-31-08_Riverside (E-2-Hex),8969,8999,True
2024.09.25_15-20-22_Sto_cago_no_odor,158,192,True
2024.09.25_15-20-22_Sto_cago_no_odor,719,724,True
2024.09.25_15-20-22_Sto_cago_no_odor,726,772,True
2024.09.25_15-20-22_Sto_cago_no_odor,850,850,True
2024.09.25_15-20-22_Sto_cago_no_odor,868,906,True
2024.09.25_15-20-22_Sto_cago_no_odor,908,4072,True
2024.09.25_15-20-22_Sto_cago_no_odor,7951,7951,True
2024.09.25_15-20-22_Sto_cago_no_odor,7968,7968,True
2024.09.25_15-20-22_Sto_cago_no_odor,7975,7975,True
2024.09.25_15-20-22_Sto_cago_no_odor,8002,8005,True
2024.09.25_15-20-22_Sto_cago_no_odor,8009,8009,True
2024.09.25_15-20-22_Sto_cago_no_odor,8016,8017,True
2024.09.25_15-20-22_Sto_cago_no_odor,8022,8025,True
2024.09.25_15-20-22_Sto_cago_no_odor,8027,8027,True
2024.09.25_15-20-22_Sto_cago_no_odor,8030,8031,True
2024.09.25_15-20-22_Sto_cago_no_odor,8035,8037,True
2024.09.25_15-20-22_Sto_cago_no_odor,8039,8039,True
2024.09.25_15-20-22_Sto_cago_no_odor,8041,8043,True
2024.09.25_15-20-22_Sto_cago_no_odor,8045,8047,True
2024.09.25_15-20-22_Sto_cago_no_odor,8049,8049,True
2024.09.25_15-20-22_Sto_cago_no_odor,8052,8052,True
2024.09.25_15-20-22_Sto_cago_no_odor,8059,8060,True
2024.09.25_15-20-22_Sto_cago_no_odor,8063,8063,True
2024.09.25_15-20-22_Sto_cago_no_odor,8065,8065,True
2024.09.25_15-20-22_Sto_cago_no_odor,8073,8073,True
2024.09.25_15-20-22_Sto_cago_no_odor,8079,8080,True
2024.09.25_15-20-22_Sto_cago_no_odor,8096,8097,True
2024.09.25_15-20-22_Sto_cago_no_odor,8119,8119,True
2024.09.25_15-20-22_Sto_cago_no_odor,8138,8138,True
2024.09.25_15-20-22_Sto_cago_no_odor,8145,8145,True
2024.09.25_15-20-22_Sto_cago_no_odor,8155,8155,True
2024.09.25_15-20-22_Sto_cago_no_odor,8157,8157,True
2024.09.25_15-20-22_Sto_cago_no_odor,8160,8162,True
2024.09.25_15-20-22_Sto_cago_no_odor,8167,8168,True
2024.09.25_15-20-22_Sto_cago_no_odor,8171,8171,True
2024.09.25_15-20-22_Sto_cago_no_odor,8173,8174,True
2024.09.25_15-20-22_Sto_cago_no_odor,8178,8178,True
2024.09.25_15-20-22_Sto_cago_no_odor,8180,8180,True
2024.09.25_15-20-22_Sto_cago_no_odor,8183,8183,True
2024.09.25_15-20-22_Sto_cago_no_odor,8186,8186,True
2024.09.25_15-20-22_Sto_cago_no_odor,8192,8192,True
2024.09.25_15-20-22_Sto_cago_no_odor,8198,8198,True
2024.09.25_15-20-22_Sto_cago_no_odor,8200,8200,True
2024.09.25_15-20-22_Sto_cago_no_odor,8204,8204,True
2024.09.25_15-20-22_Sto_cago_no_odor,8209,8211,True
2024.09.25_15-20-22_Sto_cago_no_odor,8213,8213,True
2024.09.25_15-20-22_Sto_cago_no_odor,8216,8216,True
2024.09.25_15-20-22_Sto_cago_no_odor,8221,8224,True
2024.09.25_15-20-22_Sto_cago_no_odor,8227,8228,True
2024.09.25_15-20-22_Sto_cago_no_odor,8233,8233,True
2024.09.25_15-20-22_Sto_cago_no_odor,8235,8238,True
2024.09.25_15-20-22_Sto_cago_no_odor,8240,8242,True
2024.09.25_15-20-22_Sto_cago_no_odor,8246,8250,True
2024.09.25_15-20-22_Sto_cago_no_odor,8252,8255,True
2024.09.25_15-20-22_Sto_cago_no_odor,8257,8265,True
2024.09.25_15-20-22_Sto_cago_no_odor,8267,8270,True
2024.09.25_15-20-22_Sto_cago_no_odor,8272,8289,True
2024.09.25_15-20-22_Sto_cago_no_odor,8297,8298,True
2024.09.25_15-20-22_Sto_cago_no_odor,8302,8303,True
2024.09.25_15-20-22_Sto_cago_no_odor,8316,8326,True
2024.09.25_15-20-22_Sto_cago_no_odor,8353,8362,True
2024.09.25_15-20-22_Sto_cago_no_odor,8426,8557,True
2024.09.25_15-20-22_Sto_cago_no_odor,8559,8561,True
2024.09.25_15-20-22_Sto_cago_no_odor,8563,8563,True
2024.09.25_15-20-22_Sto_cago_no_odor,8565,8661,True
2024.09.25_15-20-22_Sto_cago_no_odor,8663,8855,True
2024.09.25_15-20-22_Sto_cago_no_odor,8857,8864,True
2024.09.25_15-20-22_Sto_cago_no_odor,8866,8877,True
2024.09.25_15-20-22_Sto_cago_no_odor,8879,8882,True
2024.09.25_15-20-22_Sto_cago_no_odor,8884,8889,True
2024.09.25_15-20-22_Sto_cago_no_odor,8891,8891,True
2024.09.25_15-20-22_Sto_cago_no_odor,8893,8901,True
2024.09.25_15-20-22_Sto_cago_no_odor,8905,8909,True
2024.09.25_15-20-22_Sto_cago_no_odor,8911,8912,True
2024.10.03_10-16-32_Sto_car_no_odor,9,327,True
2024.10.03_10-16-32_Sto_car_no_odor,330,330,True
2024.10.03_10-16-32_Sto_car_no_odor,473,473,True
2024.10.03_10-16-32_Sto_car_no_odor,476,477,True
2024.10.03_10-16-32_Sto_car_no_odor,480,480,True
2024.10.03_10-16-32_Sto_car_no_odor,482,484,True
2024.10.03_10-16-32_Sto_car_no_odor,553,813,True
2024.10.03_10-16-32_Sto_car_no_odor,815,863,True
2024.10.03_10-16-32_Sto_car_no_odor,865,866,True
2024.10.03_10-16-32_Sto_car_no_odor,878,878,True
2024.10.03_10-16-32_Sto_car_no_odor,1452,2060,True
2024.10.03_10-16-32_Sto_car_no_odor,2062,2062,True
2024.10.03_10-16-32_Sto_car_no_odor,2064,2067,True
2024.10.03_10-16-32_Sto_car_no_odor,2069,2072,True
2024.10.03_10-16-32_Sto_car_no_odor,4266,4267,True
2024.10.03_10-16-32_Sto_car_no_odor,4269,4270,True
2024.10.03_10-16-32_Sto_car_no_odor,4283,4284,True
2024.10.03_10-16-32_Sto_car_no_odor,4296,4300,True
2024.10.03_10-16-32_Sto_car_no_odor,4312,4313,True
2024.10.03_10-16-32_Sto_car_no_odor,4315,4316,True
2024.10.03_10-16-32_Sto_car_no_odor,4319,4320,True
2024.10.03_10-16-32_Sto_car_no_odor,4336,4336,True
2024.10.03_10-16-32_Sto_car_no_odor,4338,4390,True
2024.10.03_10-16-32_Sto_car_no_odor,4392,4397,True
2024.10.03_10-16-32_Sto_car_no_odor,4402,4403,True
2024.10.03_10-16-32_Sto_car_no_odor,4407,4407,True
2024.10.03_10-16-32_Sto_car_no_odor,4420,4420,True
2024.10.03_10-16-32_Sto_car_no_odor,4428,4428,True
2024.10.03_10-16-32_Sto_car_no_odor,4466,4494,True
2024.10.03_10-16-32_Sto_car_no_odor,4496,4497,True
2024.10.03_10-16-32_Sto_car_no_odor,4499,4514,True
2024.10.03_10-16-32_Sto_car_no_odor,4516,4520,True
2024.10.03_10-16-32_Sto_car_no_odor,4527,4533,True
2024.10.03_10-16-32_Sto_car_no_odor,4622,4623,True
2024.10.03_10-16-32_Sto_car_no_odor,4626,4626,True
2024.10.03_10-16-32_Sto_car_no_odor,4631,4631,True
2024.10.03_10-16-32_Sto_car_no_odor,4678,4678,True
2024.10.03_10-16-32_Sto_car_no_odor,4734,4879,True
2024.10.03_10-16-32_Sto_car_no_odor,4881,5652,True
2024.10.03_10-16-32_Sto_car_no_odor,6760,6760,True
2024.10.03_10-16-32_Sto_car_no_odor,6764,6764,True
2024.10.03_10-16-32_Sto_car_no_odor,7045,7052,True
2024.10.03_10-16-32_Sto_car_no_odor,7054,7059,True
2024.10.03_10-16-32_Sto_car_no_odor,7061,7077,True
2024.10.03_10-16-32_Sto_car_no_odor,7079,7085,True
2024.10.03_10-16-32_Sto_car_no_odor,7087,7109,True
2024.10.03_10-16-32_Sto_car_no_odor,7111,7159,True
2024.10.03_10-16-32_Sto_car_no_odor,7161,7163,True
2024.10.03_10-16-32_Sto_car_no_odor,7165,7174,True
2024.10.03_10-16-32_Sto_car_no_odor,7176,7177,True
2024.10.03_10-16-32_Sto_car_no_odor,7179,7183,True
2024.10.03_10-16-32_Sto_car_no_odor,7185,7192,True
2024.10.03_10-16-32_Sto_car_no_odor,7194,7237,True
2024.10.03_10-16-32_Sto_car_no_odor,7239,7240,True
2024.10.03_10-16-32_Sto_car_no_odor,7242,8866,True
2024.10.17_09-26-35_Sto_car_prenac,3,2134,True
2024.10.17_09-26-35_Sto_car_prenac,3181,3182,True
2024.10.17_09-26-35_Sto_car_prenac,3229,3449,True
2024.10.17_09-26-35_Sto_car_prenac,3657,3703,True
2024.10.17_09-26-35_Sto_car_prenac,3706,3721,True
2024.10.17_09-26-35_Sto_car_prenac,3754,3757,True
2024.10.17_09-26-35_Sto_car_prenac,3759,3759,True
2024.10.17_09-26-35_Sto_car_prenac,3761,3763,True
2024.10.17_09-26-35_Sto_car_prenac,3765,3771,True
2024.10.17_09-26-35_Sto_car_prenac,3882,3885,True
2024.10.17_09-26-35_Sto_car_prenac,3887,3887,True
2024.10.17_09-26-35_Sto_car_prenac,3904,3906,True
2024.10.17_09-26-35_Sto_car_prenac,3908,4341,True
2024.10.17_09-26-35_Sto_car_prenac,4587,4587,True
2024.10.17_09-26-35_Sto_car_prenac,4589,4653,True
2024.10.17_09-26-35_Sto_car_prenac,4758,4762,True
2024.10.17_09-26-35_Sto_car_prenac,4764,5034,True
2024.10.17_09-26-35_Sto_car_prenac,5036,5134,True
2024.10.17_09-26-35_Sto_car_prenac,5136,5136,True
2024.10.17_09-26-35_Sto_car_prenac,5157,5283,True
2024.10.17_09-26-35_Sto_car_prenac,8845,8845,True
2024.10.17_09-26-35_Sto_car_prenac,8860,8860,True
2024.10.17_09-26-35_Sto_car_prenac,8891,8891,True
2024.10.17_09-26-35_Sto_car_prenac,8894,8894,True
2024.10.17_09-26-35_Sto_car_prenac,8898,8898,True
2024.10.17_09-26-35_Sto_car_prenac,8903,8903,True
2024.10.17_09-26-35_Sto_car_prenac,8905,8905,True
2024.10.17_09-26-35_Sto_car_prenac,8907,8907,True
2024.10.17_09-26-35_Sto_car_prenac,8909,8913,True
2024.10.17_09-26-35_Sto_car_prenac,8915,8915,True
2024.10.17_09-26-35_Sto_car_prenac,8917,8932,True
2024.10.17_09-26-35_Sto_car_prenac,8943,8943,True
2024.10.17_09-26-35_Sto_car_prenac,8945,8949,True
2024.10.17_09-26-35_Sto_car_prenac,8955,8955,True
2024.10.17_09-26-35_Sto_car_prenac,8958,8963,True
2024.10.17_09-26-35_Sto_car_prenac,8965,8968,True
2024.10.17_09-26-35_Sto_car_prenac,8970,8971,True
2024.10.17_09-26-35_Sto_car_prenac,8975,8976,True
2024.10.17_09-26-35_Sto_car_prenac,8979,8998,True
2024.07.05_16-50-17_Riverside (no odor),1601,1601,True
2024.07.05_16-50-17_Riverside (no odor),1604,1604,True
2024.07.05_16-50-17_Riverside (no odor),1609,1610,True
2024.07.05_16-50-17_Riverside (no odor),1660,1928,True
2024.07.05_16-50-17_Riverside (no odor),2013,2879,True
2024.07.05_16-50-17_Riverside (no odor),2902,3089,True
2024.07.05_16-50-17_Riverside (no odor),4115,4183,True
2024.07.05_16-50-17_Riverside (no odor),4274,4563,True
2024.07.05_16-50-17_Riverside (no odor),7055,7058,True
2024.07.05_16-50-17_Riverside (no odor),7060,7060,True
2024.07.05_16-50-17_Riverside (no odor),7129,7129,True
2024.07.05_16-50-17_Riverside (no odor),7145,7162,True
2024.07.05_16-50-17_Riverside (no odor),7199,7199,True
2024.07.05_16-50-17_Riverside (no odor),7201,7201,True
2024.07.05_16-50-17_Riverside (no odor),7210,7210,True
2024.07.05_16-50-17_Riverside (no odor),7354,7687,True
2024.10.31_04-10-43_Biarmipes_G224_metben,343,1438,True
2024.10.31_04-10-43_Biarmipes_G224_metben,1440,1468,True
2024.10.31_04-10-43_Biarmipes_G224_metben,1473,1509,True
2024.10.31_04-10-43_Biarmipes_G224_metben,1541,1783,True
2024.10.31_04-10-43_Biarmipes_G224_metben,2154,2810,True
2024.10.31_04-10-43_Biarmipes_G224_metben,3207,3224,True
2024.10.31_04-10-43_Biarmipes_G224_metben,4003,4003,True
2024.10.31_04-10-43_Biarmipes_G224_metben,4011,4024,True
2024.10.31_04-10-43_Biarmipes_G224_metben,4139,4163,True
2024.10.31_04-10-43_Biarmipes_G224_metben,4895,5652,True
2024.10.31_04-10-43_Biarmipes_G224_metben,5654,5655,True
2024.10.31_04-10-43_Biarmipes_G224_metben,5660,5696,True
2024.10.31_04-10-43_Biarmipes_G224_metben,5698,5701,True
2024.10.31_04-10-43_Biarmipes_G224_metben,5703,5738,True
2024.10.31_04-10-43_Biarmipes_G224_metben,5750,6331,True
2024.10.31_04-10-43_Biarmipes_G224_metben,6366,6428,True
2024.10.31_04-10-43_Biarmipes_G224_metben,6445,6447,True
2024.10.31_04-10-43_Biarmipes_G224_metben,6449,6454,True
2024.10.31_04-10-43_Biarmipes_G224_metben,6484,6510,True
2024.10.31_04-10-43_Biarmipes_G224_metben,6541,6544,True
2024.10.31_04-10-43_Biarmipes_G224_metben,6560,6579,True
2024.10.31_04-10-43_Biarmipes_G224_metben,6598,6665,True
2024.10.31_04-10-43_Biarmipes_G224_metben,7329,7906,True
2024.10.31_04-10-43_Biarmipes_G224_metben,8812,8916,True
2024.10.31_04-10-43_Biarmipes_G224_metben,8924,8925,True
2024.10.31_04-10-43_Biarmipes_G224_metben,8949,8973,True
2024.10.16_08-16-27_Stocago_2hexanol,3,297,True
2024.10.16_08-16-27_Stocago_2hexanol,766,882,True
2024.10.16_08-16-27_Stocago_2hexanol,888,938,True
2024.10.16_08-16-27_Stocago_2hexanol,956,987,True
2024.10.16_08-16-27_Stocago_2hexanol,989,990,True
2024.10.16_08-16-27_Stocago_2hexanol,1048,1053,True
2024.10.16_08-16-27_Stocago_2hexanol,1055,1055,True
2024.10.16_08-16-27_Stocago_2hexanol,1057,1068,True
2024.10.16_08-16-27_Stocago_2hexanol,1070,1187,True
2024.10.16_08-16-27_Stocago_2hexanol,1209,1231,True
2024.10.16_08-16-27_Stocago_2hexanol,1240,1262,True
2024.10.16_08-16-27_Stocago_2hexanol,1731,2237,True
2024.10.16_08-16-27_Stocago_2hexanol,2239,2344,True
2024.10.16_08-16-27_Stocago_2hexanol,2346,2375,True
2024.10.16_08-16-27_Stocago_2hexanol,2377,2405,True
2024.10.16_08-16-27_Stocago_2hexanol,2778,3149,True
2024.10.16_08-16-27_Stocago_2hexanol,3752,4571,True
2024.10.16_08-16-27_Stocago_2hexanol,5607,6647,True
2024.10.16_08-16-27_Stocago_2hexanol,6649,6698,True
2024.10.16_08-16-27_Stocago_2hexanol,6700,6722,True
2024.10.16_08-16-27_Stocago_2hexanol,6724,6724,True
2024.10.16_08-16-27_Stocago_2hexanol,6728,6728,True
2024.10.16_08-16-27_Stocago_2hexanol,6735,6767,True
2024.10.16_08-16-27_Stocago_2hexanol,7186,7188,True
2024.10.16_08-16-27_Stocago_2hexanol,7191,7230,True
2024.10.16_08-16-27_Stocago_2hexanol,7237,7238,True
2024.10.16_08-16-27_Stocago_2hexanol,7667,7694,True
2024.10.16_08-16-27_Stocago_2hexanol,7723,7731,True
2024.10.16_08-16-27_Stocago_2hexanol,8649,8999,True
2024.09.24_17-05-28_Yakuba7_no_odor,1730,4044,True
2024.09.24_17-05-28_Yakuba7_no_odor,6800,8999,True
2024.10.14_09-28-43_Riverside_prenac,3,181,True
2024.10.14_09-28-43_Riverside_prenac,2297,2298,True
2024.10.14_09-28-43_Riverside_prenac,2323,2331,True
2024.10.14_09-28-43_Riverside_prenac,2342,2342,True
2024.10.14_09-28-43_Riverside_prenac,2349,2354,True
2024.10.14_09-28-43_Riverside_prenac,2361,2361,True
2024.10.14_09-28-43_Riverside_prenac,2368,2378,True
2024.10.14_09-28-43_Riverside_prenac,2380,2382,True
2024.10.14_09-28-43_Riverside_prenac,2384,2394,True
2024.10.14_09-28-43_Riverside_prenac,2396,2400,True
2024.10.14_09-28-43_Riverside_prenac,2402,2403,True
2024.10.14_09-28-43_Riverside_prenac,2405,2408,True
2024.10.14_09-28-43_Riverside_prenac,2410,2415,True
2024.10.14_09-28-43_Riverside_prenac,2587,2914,True
2024.10.14_09-28-43_Riverside_prenac,2916,2948,True
2024.10.14_09-28-43_Riverside_prenac,2950,2950,True
2024.10.14_09-28-43_Riverside_prenac,2952,2954,True
2024.10.14_09-28-43_Riverside_prenac,2956,3101,True
2024.10.14_09-28-43_Riverside_prenac,3103,5157,True
2024.10.14_09-28-43_Riverside_prenac,6651,6678,True
2024.10.14_09-28-43_Riverside_prenac,7234,7997,True
2024.11.05_05-40-46_CantonS_e2hex,3,500,True
2024.11.05_05-40-46_CantonS_e2hex,2163,2163,True
2024.11.05_05-40-46_CantonS_e2hex,2165,2174,True
2024.11.05_05-40-46_CantonS_e2hex,2217,2229,True
2024.11.05_05-40-46_CantonS_e2hex,2236,3007,True
2024.11.05_05-40-46_CantonS_e2hex,3028,3038,True
2024.11.05_05-40-46_CantonS_e2hex,3040,3053,True
2024.11.05_05-40-46_CantonS_e2hex,3055,3056,True
2024.11.05_05-40-46_CantonS_e2hex,3076,3076,True
2024.11.05_05-40-46_CantonS_e2hex,3078,3429,True
2024.11.05_05-40-46_CantonS_e2hex,4474,5444,True
2024.11.05_05-40-46_CantonS_e2hex,6540,6563,True
2024.11.05_05-40-46_CantonS_e2hex,6571,6571,True
2024.11.05_05-40-46_CantonS_e2hex,6573,6732,True
2024.10.15_08-58-48_Biarmipes_G224_1hexanol,1661,3647,True
2024.10.15_08-58-48_Biarmipes_G224_1hexanol,4542,4558,True
2024.10.15_08-58-48_Biarmipes_G224_1hexanol,4589,4589,True
2024.10.15_08-58-48_Biarmipes_G224_1hexanol,4596,4647,True
2024.10.15_08-58-48_Biarmipes_G224_1hexanol,4677,4680,True
2024.10.15_08-58-48_Biarmipes_G224_1hexanol,4684,4739,True
2024.10.15_08-58-48_Biarmipes_G224_1hexanol,4932,4932,True
2024.10.15_08-58-48_Biarmipes_G224_1hexanol,4956,5001,True
2024.10.15_08-58-48_Biarmipes_G224_1hexanol,5042,5446,True
2024.10.15_08-58-48_Biarmipes_G224_1hexanol,5668,5683,True
2024.10.15_08-58-48_Biarmipes_G224_1hexanol,5701,5702,True
2024.10.15_08-58-48_Biarmipes_G224_1hexanol,5704,5704,True
2024.10.15_08-58-48_Biarmipes_G224_1hexanol,5711,5711,True
2024.10.15_08-58-48_Biarmipes_G224_1hexanol,5804,5867,True
2024.10.15_08-58-48_Biarmipes_G224_1hexanol,6017,6021,True
2024.10.15_08-58-48_Biarmipes_G224_1hexanol,6073,6076,True
2024.10.15_08-58-48_Biarmipes_G224_1hexanol,6078,6078,True
2024.10.15_08-58-48_Biarmipes_G224_1hexanol,6085,6110,True
2024.10.15_08-58-48_Biarmipes_G224_1hexanol,6113,6118,True
2024.10.15_08-58-48_Biarmipes_G224_1hexanol,6128,6131,True
2024.10.15_08-58-48_Biarmipes_G224_1hexanol,6135,6138,True
2024.10.15_08-58-48_Biarmipes_G224_1hexanol,6169,6171,True
2024.10.15_08-58-48_Biarmipes_G224_1hexanol,6183,6219,True
2024.10.15_08-58-48_Biarmipes_G224_1hexanol,6251,6251,True
2024.10.15_08-58-48_Biarmipes_G224_1hexanol,6821,6824,True
2024.10.15_08-58-48_Biarmipes_G224_1hexanol,7382,8142,True
2024.10.15_08-58-48_Biarmipes_G224_1hexanol,8700,8701,True
2024.10.15_08-58-48_Biarmipes_G224_1hexanol,8703,8723,True
2024.10.15_08-58-48_Biarmipes_G224_1hexanol,8764,8790,True
2024.10.15_08-58-48_Biarmipes_G224_1hexanol,8801,8801,True
2024.10.15_08-58-48_Biarmipes_G224_1hexanol,8828,8828,True
2024.10.15_08-58-48_Biarmipes_G224_1hexanol,8830,8831,True
2024.10.15_08-58-48_Biarmipes_G224_1hexanol,8866,8894,True
2024.10.15_08-58-48_Biarmipes_G224_1hexanol,8911,8930,True
2024.07.03_12-57-05_CantonS (no odor),3,1572,True
2024.07.03_12-57-05_CantonS (no odor),3637,3637,True
2024.07.03_12-57-05_CantonS (no odor),3672,3672,True
2024.07.03_12-57-05_CantonS (no odor),3685,3685,True
2024.07.03_12-57-05_CantonS (no odor),3695,3697,True
2024.07.03_12-57-05_CantonS (no odor),3702,3725,True
2024.07.03_12-57-05_CantonS (no odor),3727,3736,True
2024.07.03_12-57-05_CantonS (no odor),3745,3755,True
2024.07.03_12-57-05_CantonS (no odor),3760,3762,True
2024.07.03_12-57-05_CantonS (no odor),3767,3767,True
2024.07.03_12-57-05_CantonS (no odor),3788,3788,True
2024.07.03_12-57-05_CantonS (no odor),5460,5460,True
2024.07.03_12-57-05_CantonS (no odor),7069,7864,True
2024.10.11_09-48-56_Biarmipes_G224_1hexanol,3,446,True
2024.10.11_09-48-56_Biarmipes_G224_1hexanol,798,934,True
2024.10.11_09-48-56_Biarmipes_G224_1hexanol,1129,1158,True
2024.10.11_09-48-56_Biarmipes_G224_1hexanol,1276,1276,True
2024.10.11_09-48-56_Biarmipes_G224_1hexanol,1360,1371,True
2024.10.11_09-48-56_Biarmipes_G224_1hexanol,1373,1373,True
2024.10.11_09-48-56_Biarmipes_G224_1hexanol,1390,1390,True
2024.10.11_09-48-56_Biarmipes_G224_1hexanol,2213,2218,True
2024.10.11_09-48-56_Biarmipes_G224_1hexanol,2262,2287,True
2024.10.11_09-48-56_Biarmipes_G224_1hexanol,2536,2620,True
2024.10.11_09-48-56_Biarmipes_G224_1hexanol,2624,2656,True
2024.10.11_09-48-56_Biarmipes_G224_1hexanol,2687,2688,True
2024.10.11_09-48-56_Biarmipes_G224_1hexanol,2690,2954,True
2024.10.11_09-48-56_Biarmipes_G224_1hexanol,2957,2957,True
2024.10.11_09-48-56_Biarmipes_G224_1hexanol,2960,3654,True
2024.10.11_09-48-56_Biarmipes_G224_1hexanol,4829,4829,True
2024.10.11_09-48-56_Biarmipes_G224_1hexanol,4865,5358,True
2024.10.11_09-48-56_Biarmipes_G224_1hexanol,5360,5736,True
2024.10.11_09-48-56_Biarmipes_G224_1hexanol,5824,5849,True
2024.10.11_09-48-56_Biarmipes_G224_1hexanol,6387,6934,True
2024.10.11_09-48-56_Biarmipes_G224_1hexanol,7373,7535,True
2024.10.11_09-48-56_Biarmipes_G224_1hexanol,7557,7587,True
2024.10.11_09-48-56_Biarmipes_G224_1hexanol,7679,7685,True
2024.10.11_09-48-56_Biarmipes_G224_1hexanol,7794,7801,True
2024.10.11_09-48-56_Biarmipes_G224_1hexanol,7909,7909,True
2024.10.11_09-48-56_Biarmipes_G224_1hexanol,7911,7911,True
2024.10.11_09-48-56_Biarmipes_G224_1hexanol,7915,7915,True
2024.10.11_09-48-56_Biarmipes_G224_1hexanol,7918,7918,True
2024.10.11_09-48-56_Biarmipes_G224_1hexanol,7922,8179,True
2024.10.11_09-48-56_Biarmipes_G224_1hexanol,8185,8229,True
2024.10.11_09-48-56_Biarmipes_G224_1hexanol,8231,8242,True
2024.10.11_09-48-56_Biarmipes_G224_1hexanol,8244,8250,True
2024.10.11_09-48-56_Biarmipes_G224_1hexanol,8257,8408,True
2024.10.08_10-10-30_Biarmipes_G224_no_odor,139,139,True
2024.10.08_10-10-30_Biarmipes_G224_no_odor,141,582,True
2024.10.08_10-10-30_Biarmipes_G224_no_odor,691,745,True
2024.10.08_10-10-30_Biarmipes_G224_no_odor,747,748,True
2024.10.08_10-10-30_Biarmipes_G224_no_odor,755,755,True
2024.10.08_10-10-30_Biarmipes_G224_no_odor,762,766,True
2024.10.08_10-10-30_Biarmipes_G224_no_odor,769,771,True
2024.10.08_10-10-30_Biarmipes_G224_no_odor,776,777,True
2024.10.08_10-10-30_Biarmipes_G224_no_odor,779,779,True
2024.10.08_10-10-30_Biarmipes_G224_no_odor,781,1138,True
2024.10.08_10-10-30_Biarmipes_G224_no_odor,1140,1140,True
2024.10.08_10-10-30_Biarmipes_G224_no_odor,1144,1148,True
2024.10.08_10-10-30_Biarmipes_G224_no_odor,2054,2121,True
2024.10.08_10-10-30_Biarmipes_G224_no_odor,2123,2124,True
2024.10.08_10-10-30_Biarmipes_G224_no_odor,2139,2140,True
2024.10.08_10-10-30_Biarmipes_G224_no_odor,2142,2142,True
2024.10.08_10-10-30_Biarmipes_G224_no_odor,2145,2172,True
2024.10.08_10-10-30_Biarmipes_G224_no_odor,2174,2390,True
2024.10.08_10-10-30_Biarmipes_G224_no_odor,3199,3298,True
2024.10.08_10-10-30_Biarmipes_G224_no_odor,3860,4622,True
2024.10.08_10-10-30_Biarmipes_G224_no_odor,4696,5038,True
2024.10.08_10-10-30_Biarmipes_G224_no_odor,5040,5092,True
2024.10.08_10-10-30_Biarmipes_G224_no_odor,5626,6137,True
2024.10.08_10-10-30_Biarmipes_G224_no_odor,6359,6421,True
2024.10.08_10-10-30_Biarmipes_G224_no_odor,7960,8990,True
2024.09.24_15-40-27_Yakuba7_no_odor,4927,7960,True
2024.10.08_11-17-42_Biarmipes_G224_no_odor,3,673,True
2024.10.08_11-17-42_Biarmipes_G224_no_odor,1618,1618,True
2024.10.08_11-17-42_Biarmipes_G224_no_odor,1637,1638,True
2024.10.08_11-17-42_Biarmipes_G224_no_odor,1641,1665,True
2024.10.08_11-17-42_Biarmipes_G224_no_odor,1667,2050,True
2024.10.08_11-17-42_Biarmipes_G224_no_odor,2192,2195,True
2024.10.08_11-17-42_Biarmipes_G224_no_odor,2204,2204,True
2024.10.08_11-17-42_Biarmipes_G224_no_odor,2208,2208,True
2024.10.08_11-17-42_Biarmipes_G224_no_odor,2435,2723,True
2024.10.08_11-17-42_Biarmipes_G224_no_odor,2725,2853,True
2024.10.08_11-17-42_Biarmipes_G224_no_odor,3169,3287,True
2024.10.08_11-17-42_Biarmipes_G224_no_odor,5848,7554,True
2024.10.08_11-17-42_Biarmipes_G224_no_odor,7556,7970,True
2024.11.01_08-05-24_Yakuba7_e2hex,3,1519,True
2024.11.01_08-05-24_Yakuba7_e2hex,1767,2499,True
2024.11.01_08-05-24_Yakuba7_e2hex,5396,5396,True
2024.11.01_08-05-24_Yakuba7_e2hex,5402,5402,True
2024.11.01_08-05-24_Yakuba7_e2hex,5410,5410,True
2024.11.01_08-05-24_Yakuba7_e2hex,5413,5413,True
2024.11.01_08-05-24_Yakuba7_e2hex,5415,5416,True
2024.11.01_08-05-24_Yakuba7_e2hex,5423,5425,True
2024.11.01_08-05-24_Yakuba7_e2hex,5427,5427,True
2024.11.01_08-05-24_Yakuba7_e2hex,5434,5434,True
2024.11.01_08-05-24_Yakuba7_e2hex,5437,5439,True
2024.11.01_08-05-24_Yakuba7_e2hex,5450,5450,True
2024.11.01_08-05-24_Yakuba7_e2hex,5452,5452,True
2024.11.01_08-05-24_Yakuba7_e2hex,5462,5464,True
2024.11.01_08-05-24_Yakuba7_e2hex,5467,5467,True
2024.11.01_08-05-24_Yakuba7_e2hex,5476,5476,True
2024.11.01_08-05-24_Yakuba7_e2hex,5479,5479,True
2024.11.01_08-05-24_Yakuba7_e2hex,5481,5483,True
2024.11.01_08-05-24_Yakuba7_e2hex,5488,5488,True
2024.11.01_08-05-24_Yakuba7_e2hex,5492,5493,True
2024.11.01_08-05-24_Yakuba7_e2hex,5497,5497,True
2024.11.01_08-05-24_Yakuba7_e2hex,5499,5499,True
2024.11.01_08-05-24_Yakuba7_e2hex,5512,5514,True
2024.11.01_08-05-24_Yakuba7_e2hex,5518,5519,True
2024.11.01_08-05-24_Yakuba7_e2hex,5523,5523,True
2024.11.01_08-05-24_Yakuba7_e2hex,5533,5533,True
2024.11.01_08-05-24_Yakuba7_e2hex,5538,5540,True
2024.11.01_08-05-24_Yakuba7_e2hex,5544,5544,True
2024.11.01_08-05-24_Yakuba7_e2hex,5549,5549,True
2024.11.01_08-05-24_Yakuba7_e2hex,5551,5552,True
2024.11.01_08-05-24_Yakuba7_e2hex,5554,5554,True
2024.11.01_08-05-24_Yakuba7_e2hex,5557,5558,True
2024.11.01_08-05-24_Yakuba7_e2hex,5560,5563,True
2024.11.01_08-05-24_Yakuba7_e2hex,5565,5567,True
2024.11.01_08-05-24_Yakuba7_e2hex,5927,5927,True
2024.11.01_08-05-24_Yakuba7_e2hex,5933,5933,True
2024.11.01_08-05-24_Yakuba7_e2hex,5943,5943,True
2024.11.01_08-05-24_Yakuba7_e2hex,6060,6061,True
2024.11.01_08-05-24_Yakuba7_e2hex,6063,6067,True
2024.11.01_08-05-24_Yakuba7_e2hex,6069,6078,True
2024.11.01_08-05-24_Yakuba7_e2hex,6081,6106,True
2024.11.01_08-05-24_Yakuba7_e2hex,6108,6111,True
2024.11.01_08-05-24_Yakuba7_e2hex,6113,6113,True
2024.11.01_08-05-24_Yakuba7_e2hex,6115,6120,True
2024.11.01_08-05-24_Yakuba7_e2hex,6122,6122,True
2024.11.01_08-05-24_Yakuba7_e2hex,6125,6126,True
2024.11.01_08-05-24_Yakuba7_e2hex,6133,6138,True
2024.11.01_08-05-24_Yakuba7_e2hex,6141,6144,True
2024.11.01_08-05-24_Yakuba7_e2hex,6149,6149,True
2024.11.01_08-05-24_Yakuba7_e2hex,6151,6156,True
2024.11.01_08-05-24_Yakuba7_e2hex,6158,6161,True
2024.11.01_08-05-24_Yakuba7_e2hex,6163,6176,True
2024.11.01_08-05-24_Yakuba7_e2hex,6178,6182,True
2024.11.01_08-05-24_Yakuba7_e2hex,6184,6184,True
2024.11.01_08-05-24_Yakuba7_e2hex,6186,6186,True
2024.11.01_08-05-24_Yakuba7_e2hex,6189,6189,True
2024.11.01_08-05-24_Yakuba7_e2hex,6195,6197,True
2024.11.01_08-05-24_Yakuba7_e2hex,6296,6296,True
2024.11.01_08-05-24_Yakuba7_e2hex,6298,6301,True
2024.11.01_08-05-24_Yakuba7_e2hex,6303,6318,True
2024.11.01_08-05-24_Yakuba7_e2hex,6465,6465,True
2024.11.01_08-05-24_Yakuba7_e2hex,6499,6503,True
2024.11.01_08-05-24_Yakuba7_e2hex,6507,6507,True
2024.11.01_08-05-24_Yakuba7_e2hex,6521,6521,True
2024.11.01_08-05-24_Yakuba7_e2hex,6526,6527,True
2024.11.01_08-05-24_Yakuba7_e2hex,6530,6534,True
2024.11.01_08-05-24_Yakuba7_e2hex,6536,6545,True
2024.11.01_08-05-24_Yakuba7_e2hex,6548,6551,True
2024.11.01_08-05-24_Yakuba7_e2hex,6553,6555,True
2024.11.01_08-05-24_Yakuba7_e2hex,6557,6558,True
2024.11.01_08-05-24_Yakuba7_e2hex,6560,6565,True
2024.11.01_08-05-24_Yakuba7_e2hex,6570,6570,True
2024.11.01_08-05-24_Yakuba7_e2hex,6572,6575,True
2024.11.01_08-05-24_Yakuba7_e2hex,6580,6582,True
2024.11.01_08-05-24_Yakuba7_e2hex,6585,6590,True
2024.11.01_08-05-24_Yakuba7_e2hex,6592,6597,True
2024.11.01_08-05-24_Yakuba7_e2hex,6603,6605,True
2024.11.01_08-05-24_Yakuba7_e2hex,6607,6607,True
2024.11.01_08-05-24_Yakuba7_e2hex,6609,6617,True
2024.11.01_08-05-24_Yakuba7_e2hex,6619,6624,True
2024.11.01_08-05-24_Yakuba7_e2hex,6628,6633,True
2024.11.01_08-05-24_Yakuba7_e2hex,6635,6640,True
2024.11.01_08-05-24_Yakuba7_e2hex,6643,6652,True
2024.11.01_08-05-24_Yakuba7_e2hex,6655,6659,True
2024.11.01_08-05-24_Yakuba7_e2hex,6663,8211,True
2024.11.01_08-05-24_Yakuba7_e2hex,8370,8893,True
2024.10.31_08-55-50_sto_car_prenac,1467,2936,True
2024.10.31_08-55-50_sto_car_prenac,4281,5233,True
2024.10.31_08-55-50_sto_car_prenac,7326,7326,True
2024.10.31_08-55-50_sto_car_prenac,7343,7344,True
2024.10.31_08-55-50_sto_car_prenac,7364,7365,True
2024.10.31_08-55-50_sto_car_prenac,7380,7382,True
2024.10.31_08-55-50_sto_car_prenac,7387,7387,True
2024.10.31_08-55-50_sto_car_prenac,7389,7393,True
2024.10.31_08-55-50_sto_car_prenac,7396,7407,True
2024.10.31_08-55-50_sto_car_prenac,7409,7411,True
2024.10.31_08-55-50_sto_car_prenac,7415,7416,True
2024.10.31_08-55-50_sto_car_prenac,7418,7420,True
2024.10.31_08-55-50_sto_car_prenac,7422,7424,True
2024.10.31_08-55-50_sto_car_prenac,7426,7427,True
2024.10.31_08-55-50_sto_car_prenac,7429,7441,True
2024.10.31_08-55-50_sto_car_prenac,7443,7448,True
2024.10.31_08-55-50_sto_car_prenac,7450,7483,True
2024.10.31_08-55-50_sto_car_prenac,7486,7487,True
2024.10.31_08-55-50_sto_car_prenac,7490,7518,True
2024.10.31_08-55-50_sto_car_prenac,7521,7526,True
2024.10.31_08-55-50_sto_car_prenac,7529,7531,True
2024.10.31_08-55-50_sto_car_prenac,7534,7534,True
2024.10.31_08-55-50_sto_car_prenac,7536,7549,True
2024.10.31_08-55-50_sto_car_prenac,7551,7551,True
2024.10.31_08-55-50_sto_car_prenac,7555,7568,True
2024.10.31_08-55-50_sto_car_prenac,7570,7578,True
2024.10.31_08-55-50_sto_car_prenac,7580,7580,True
2024.10.31_08-55-50_sto_car_prenac,7582,7585,True
2024.10.31_08-55-50_sto_car_prenac,7587,7594,True
2024.10.31_08-55-50_sto_car_prenac,7596,7603,True
2024.10.31_08-55-50_sto_car_prenac,7605,7619,True
2024.10.31_08-55-50_sto_car_prenac,7621,7625,True
2024.10.31_08-55-50_sto_car_prenac,7627,7636,True
2024.10.31_08-55-50_sto_car_prenac,7639,7639,True
2024.10.31_08-55-50_sto_car_prenac,7643,7643,True
2024.10.31_08-55-50_sto_car_prenac,7645,7645,True
2024.10.31_08-55-50_sto_car_prenac,7647,7649,True
2024.10.31_08-55-50_sto_car_prenac,7655,7657,True
2024.10.31_08-55-50_sto_car_prenac,7660,7660,True
2024.10.31_08-55-50_sto_car_prenac,7665,7665,True
2024.10.31_08-55-50_sto_car_prenac,7667,7668,True
2024.10.31_08-55-50_sto_car_prenac,7671,7672,True
2024.10.31_08-55-50_sto_car_prenac,7674,7674,True
2024.10.31_08-55-50_sto_car_prenac,7677,7682,True
2024.10.31_08-55-50_sto_car_prenac,7685,7687,True
2024.10.31_08-55-50_sto_car_prenac,7690,7695,True
2024.10.31_08-55-50_sto_car_prenac,7698,7978,True
2024.10.31_08-55-50_sto_car_prenac,7982,7983,True
2024.10.31_08-55-50_sto_car_prenac,7986,7987,True
2024.10.31_08-55-50_sto_car_prenac,7989,7989,True
2024.10.31_08-55-50_sto_car_prenac,7991,8053,True
2024.10.31_08-55-50_sto_car_prenac,8055,8132,True
2024.10.31_08-55-50_sto_car_prenac,8134,8139,True
2024.10.31_08-55-50_sto_car_prenac,8141,8144,True
2024.10.31_08-55-50_sto_car_prenac,8149,8151,True
2024.10.31_08-55-50_sto_car_prenac,8154,8154,True
2024.10.31_08-55-50_sto_car_prenac,8156,8167,True
2024.10.31_08-55-50_sto_car_prenac,8173,8173,True
2024.10.31_08-55-50_sto_car_prenac,8176,8176,True
2024.10.31_08-55-50_sto_car_prenac,8179,8179,True
2024.10.31_08-55-50_sto_car_prenac,8181,8188,True
2024.10.31_08-55-50_sto_car_prenac,8190,8198,True
2024.10.31_08-55-50_sto_car_prenac,8201,8631,True
2024.10.31_08-55-50_sto_car_prenac,8633,8645,True
2024.10.31_08-55-50_sto_car_prenac,8647,8666,True
2025.04.08_09-41-51_CantonS_metbut,1473,1515,True
2025.04.08_09-41-51_CantonS_metbut,1526,2473,True
2025.04.08_09-41-51_CantonS_metbut,2993,3007,True
2025.04.08_09-41-51_CantonS_metbut,3031,3526,True
2025.04.08_09-41-51_CantonS_metbut,3528,3980,True
2025.04.08_09-41-51_CantonS_metbut,3982,3982,True
2025.04.08_09-41-51_CantonS_metbut,3986,3997,True
2025.04.08_09-41-51_CantonS_metbut,4001,4001,True
2025.04.08_09-41-51_CantonS_metbut,4003,4020,True
2025.04.08_09-41-51_CantonS_metbut,4022,4022,True
2025.04.08_09-41-51_CantonS_metbut,4024,4027,True
2025.04.08_09-41-51_CantonS_metbut,4031,4547,True
2025.04.08_09-41-51_CantonS_metbut,5825,5830,True
2025.04.08_09-41-51_CantonS_metbut,5834,5838,True
2025.04.08_09-41-51_CantonS_metbut,7671,8999,True
2024.11.13_22-30-49_Sussex_e2hex,440,1244,True
2024.11.13_22-30-49_Sussex_e2hex,1246,1255,True
2024.11.13_22-30-49_Sussex_e2hex,1258,1258,True
2024.11.13_22-30-49_Sussex_e2hex,1878,2252,True
2024.11.13_22-30-49_Sussex_e2hex,2254,2255,True
2024.11.13_22-30-49_Sussex_e2hex,2977,3163,True
2024.11.13_22-30-49_Sussex_e2hex,3797,3807,True
2024.11.13_22-30-49_Sussex_e2hex,3809,3811,True
2024.11.13_22-30-49_Sussex_e2hex,3814,4833,True
2024.11.13_22-30-49_Sussex_e2hex,5815,5815,True
2024.11.13_22-30-49_Sussex_e2hex,5828,5834,True
2024.11.13_22-30-49_Sussex_e2hex,5844,5852,True
2024.11.13_22-30-49_Sussex_e2hex,5854,5866,True
2024.11.13_22-30-49_Sussex_e2hex,5868,5877,True
2024.11.13_22-30-49_Sussex_e2hex,5879,5886,True
2024.11.13_22-30-49_Sussex_e2hex,5963,7026,True
2024.11.13_22-30-49_Sussex_e2hex,7553,7553,True
2024.11.13_22-30-49_Sussex_e2hex,7555,7555,True
2024.11.13_22-30-49_Sussex_e2hex,7577,7577,True
2024.11.13_22-30-49_Sussex_e2hex,7579,7591,True
2024.11.13_22-30-49_Sussex_e2hex,7593,7621,True
2024.11.13_22-30-49_Sussex_e2hex,7624,7626,True
2024.11.13_22-30-49_Sussex_e2hex,7628,8076,True
2024.10.08_12-50-07_Stocago_2hexanol,3,608,True
2024.10.08_12-50-07_Stocago_2hexanol,1030,1097,True
2024.10.08_12-50-07_Stocago_2hexanol,1104,1395,True
2024.10.08_12-50-07_Stocago_2hexanol,1397,1397,True
2024.10.08_12-50-07_Stocago_2hexanol,1399,1401,True
2024.10.08_12-50-07_Stocago_2hexanol,1404,1404,True
2024.10.08_12-50-07_Stocago_2hexanol,1406,1410,True
2024.10.08_12-50-07_Stocago_2hexanol,1414,1414,True
2024.10.08_12-50-07_Stocago_2hexanol,1416,1422,True
2024.10.08_12-50-07_Stocago_2hexanol,1425,1425,True
2024.10.08_12-50-07_Stocago_2hexanol,1429,1455,True
2024.10.08_12-50-07_Stocago_2hexanol,1457,1469,True
2024.10.08_12-50-07_Stocago_2hexanol,1480,1783,True
2024.10.08_12-50-07_Stocago_2hexanol,1787,1813,True
2024.10.08_12-50-07_Stocago_2hexanol,1820,1838,True
2024.10.08_12-50-07_Stocago_2hexanol,1841,1872,True
2024.10.08_12-50-07_Stocago_2hexanol,1874,1893,True
2024.10.08_12-50-07_Stocago_2hexanol,1895,1895,True
2024.10.08_12-50-07_Stocago_2hexanol,1898,1914,True
2024.10.08_12-50-07_Stocago_2hexanol,1918,2545,True
2024.10.08_12-50-07_Stocago_2hexanol,3271,3748,True
2024.10.08_12-50-07_Stocago_2hexanol,4252,5008,True
2024.10.08_12-50-07_Stocago_2hexanol,5786,6234,True
2024.10.08_12-50-07_Stocago_2hexanol,7306,8452,True
2024.10.08_12-50-07_Stocago_2hexanol,8456,8722,True
2024.10.17_14-24-51_Riverside_prenac,1892,1925,True
2024.10.17_14-24-51_Riverside_prenac,1949,1952,True
2024.10.17_14-24-51_Riverside_prenac,1957,1959,True
2024.10.17_14-24-51_Riverside_prenac,1961,1965,True
2024.10.17_14-24-51_Riverside_prenac,1968,1969,True
2024.10.17_14-24-51_Riverside_prenac,1971,1998,True
2024.10.17_14-24-51_Riverside_prenac,2139,2147,True
2024.10.17_14-24-51_Riverside_prenac,2149,2154,True
2024.10.17_14-24-51_Riverside_prenac,2156,4500,True
2024.10.17_14-24-51_Riverside_prenac,5689,5689,True
2024.10.17_14-24-51_Riverside_prenac,5691,5691,True
2024.10.17_14-24-51_Riverside_prenac,5693,5694,True
2024.10.17_14-24-51_Riverside_prenac,5702,5705,True
2024.10.17_14-24-51_Riverside_prenac,5709,6819,True
2024.10.17_14-24-51_Riverside_prenac,7896,8244,True
2024.10.17_14-24-51_Riverside_prenac,8601,8749,True
2024.09.24_16-38-02_Yakuba7_no_odor,2392,2392,True
2024.09.24_16-38-02_Yakuba7_no_odor,2399,2400,True
2024.09.24_16-38-02_Yakuba7_no_odor,2792,2800,True
2024.09.24_16-38-02_Yakuba7_no_odor,2804,2819,True
2024.09.24_16-38-02_Yakuba7_no_odor,2825,2825,True
2024.09.24_16-38-02_Yakuba7_no_odor,2828,2835,True
2024.09.24_16-38-02_Yakuba7_no_odor,2840,2842,True
2024.09.24_16-38-02_Yakuba7_no_odor,2858,2868,True
2024.09.24_16-38-02_Yakuba7_no_odor,2871,2871,True
2024.09.24_16-38-02_Yakuba7_no_odor,2878,2881,True
2024.09.24_16-38-02_Yakuba7_no_odor,2884,2888,True
2024.09.24_16-38-02_Yakuba7_no_odor,2898,2903,True
2024.09.24_16-38-02_Yakuba7_no_odor,2905,2908,True
2024.09.24_16-38-02_Yakuba7_no_odor,2911,2912,True
2024.09.24_16-38-02_Yakuba7_no_odor,2914,2914,True
2024.09.24_16-38-02_Yakuba7_no_odor,2921,2921,True
2024.09.24_16-38-02_Yakuba7_no_odor,2927,2929,True
2024.09.24_16-38-02_Yakuba7_no_odor,2932,2932,True
2024.09.24_16-38-02_Yakuba7_no_odor,2934,2934,True
2024.09.24_16-38-02_Yakuba7_no_odor,2936,2937,True
2024.09.24_16-38-02_Yakuba7_no_odor,2940,2940,True
2024.09.24_16-38-02_Yakuba7_no_odor,2942,2942,True
2024.09.24_16-38-02_Yakuba7_no_odor,2947,2947,True
2024.09.24_16-38-02_Yakuba7_no_odor,2949,2949,True
2024.09.24_16-38-02_Yakuba7_no_odor,2952,2952,True
2024.09.24_16-38-02_Yakuba7_no_odor,2956,2960,True
2024.09.24_16-38-02_Yakuba7_no_odor,2968,2970,True
2024.09.24_16-38-02_Yakuba7_no_odor,2976,2976,True
2024.09.24_16-38-02_Yakuba7_no_odor,2978,2978,True
2024.09.24_16-38-02_Yakuba7_no_odor,2980,2980,True
2024.09.24_16-38-02_Yakuba7_no_odor,2983,2983,True
2024.09.24_16-38-02_Yakuba7_no_odor,2992,2992,True
2024.09.24_16-38-02_Yakuba7_no_odor,2995,2997,True
2024.09.24_16-38-02_Yakuba7_no_odor,2999,2999,True
2024.09.24_16-38-02_Yakuba7_no_odor,3001,3001,True
2024.09.24_16-38-02_Yakuba7_no_odor,3003,3003,True
2024.09.24_16-38-02_Yakuba7_no_odor,3006,3008,True
2024.09.24_16-38-02_Yakuba7_no_odor,3010,3010,True
2024.09.24_16-38-02_Yakuba7_no_odor,3012,3012,True
2024.09.24_16-38-02_Yakuba7_no_odor,3015,3016,True
2024.09.24_16-38-02_Yakuba7_no_odor,3019,3022,True
2024.09.24_16-38-02_Yakuba7_no_odor,3024,3024,True
2024.09.24_16-38-02_Yakuba7_no_odor,3027,3029,True
2024.09.24_16-38-02_Yakuba7_no_odor,3031,3031,True
2024.09.24_16-38-02_Yakuba7_no_odor,3033,3044,True
2024.09.24_16-38-02_Yakuba7_no_odor,3047,3057,True
2024.09.24_16-38-02_Yakuba7_no_odor,3059,3075,True
2024.09.24_16-38-02_Yakuba7_no_odor,3079,3083,True
2024.09.24_16-38-02_Yakuba7_no_odor,3085,3091,True
2024.09.24_16-38-02_Yakuba7_no_odor,3094,3104,True
2024.09.24_16-38-02_Yakuba7_no_odor,3106,3113,True
2024.09.24_16-38-02_Yakuba7_no_odor,3115,3115,True
2024.09.24_16-38-02_Yakuba7_no_odor,3117,3119,True
2024.09.24_16-38-02_Yakuba7_no_odor,3121,3132,True
2024.09.24_16-38-02_Yakuba7_no_odor,3134,3134,True
2024.09.24_16-38-02_Yakuba7_no_odor,3136,3136,True
2024.09.24_16-38-02_Yakuba7_no_odor,3140,3141,True
2024.09.24_16-38-02_Yakuba7_no_odor,3143,3145,True
2024.09.24_16-38-02_Yakuba7_no_odor,3147,3147,True
2024.09.24_16-38-02_Yakuba7_no_odor,3151,3154,True
2024.09.24_16-38-02_Yakuba7_no_odor,3156,3156,True
2024.09.24_16-38-02_Yakuba7_no_odor,3158,3158,True
2024.09.24_16-38-02_Yakuba7_no_odor,3177,3177,True
2024.09.24_16-38-02_Yakuba7_no_odor,3179,3179,True
2024.09.24_16-38-02_Yakuba7_no_odor,3182,3184,True
2024.09.24_16-38-02_Yakuba7_no_odor,3187,3188,True
2024.09.24_16-38-02_Yakuba7_no_odor,3230,3233,True
2024.09.24_16-38-02_Yakuba7_no_odor,3235,3235,True
2024.09.24_16-38-02_Yakuba7_no_odor,3237,3263,True
2024.09.24_16-38-02_Yakuba7_no_odor,3364,3364,True
2024.09.24_16-38-02_Yakuba7_no_odor,3373,3379,True
2024.09.24_16-38-02_Yakuba7_no_odor,3381,3467,True
2024.09.24_16-38-02_Yakuba7_no_odor,3469,3485,True
2024.09.24_16-38-02_Yakuba7_no_odor,3497,3512,True
2024.09.24_16-38-02_Yakuba7_no_odor,3622,3622,True
2024.09.24_16-38-02_Yakuba7_no_odor,3628,3630,True
2024.09.24_16-38-02_Yakuba7_no_odor,3632,3632,True
2024.09.24_16-38-02_Yakuba7_no_odor,3634,3637,True
2024.09.24_16-38-02_Yakuba7_no_odor,3639,3642,True
2024.09.24_16-38-02_Yakuba7_no_odor,3644,3644,True
2024.09.24_16-38-02_Yakuba7_no_odor,3736,3737,True
2024.09.24_16-38-02_Yakuba7_no_odor,3742,3744,True
2024.09.24_16-38-02_Yakuba7_no_odor,3746,3764,True
2024.09.24_16-38-02_Yakuba7_no_odor,3767,3770,True
2024.09.24_16-38-02_Yakuba7_no_odor,3774,3774,True
2024.09.24_16-38-02_Yakuba7_no_odor,3785,3785,True
2024.09.24_16-38-02_Yakuba7_no_odor,3799,3800,True
2024.09.24_16-38-02_Yakuba7_no_odor,3804,3805,True
2024.09.24_16-38-02_Yakuba7_no_odor,3809,3826,True
2024.09.24_16-38-02_Yakuba7_no_odor,3828,3828,True
2024.09.24_16-38-02_Yakuba7_no_odor,3830,3830,True
2024.09.24_16-38-02_Yakuba7_no_odor,3832,4024,True
2024.09.24_16-38-02_Yakuba7_no_odor,4026,4055,True
2024.09.24_16-38-02_Yakuba7_no_odor,4057,4106,True
2024.09.24_16-38-02_Yakuba7_no_odor,4108,5464,True
2024.09.24_16-38-02_Yakuba7_no_odor,7232,7232,True
2024.09.24_16-38-02_Yakuba7_no_odor,7234,7234,True
2024.09.24_16-38-02_Yakuba7_no_odor,7293,7296,True
2024.09.24_16-38-02_Yakuba7_no_odor,7306,7306,True
2024.09.24_16-38-02_Yakuba7_no_odor,7319,7319,True
2024.09.24_16-38-02_Yakuba7_no_odor,7322,7325,True
2024.09.24_16-38-02_Yakuba7_no_odor,7328,7328,True
2024.09.24_16-38-02_Yakuba7_no_odor,7330,7333,True
2024.09.24_16-38-02_Yakuba7_no_odor,7459,7476,True
2024.09.24_16-38-02_Yakuba7_no_odor,7478,7478,True
2024.09.24_16-38-02_Yakuba7_no_odor,7480,7481,True
2024.09.24_16-38-02_Yakuba7_no_odor,7483,7492,True
2024.09.24_16-38-02_Yakuba7_no_odor,7494,7497,True
2024.09.24_16-38-02_Yakuba7_no_odor,7500,7505,True
2024.09.24_16-38-02_Yakuba7_no_odor,7507,7524,True
2024.09.24_16-38-02_Yakuba7_no_odor,7526,7528,True
2024.09.24_16-38-02_Yakuba7_no_odor,7530,7536,True
2024.09.24_16-38-02_Yakuba7_no_odor,7539,7549,True
2024.09.24_16-38-02_Yakuba7_no_odor,7551,7557,True
2024.09.24_16-38-02_Yakuba7_no_odor,7559,7560,True
2024.09.24_16-38-02_Yakuba7_no_odor,7562,7565,True
2024.09.24_16-38-02_Yakuba7_no_odor,7567,7584,True
2024.09.24_16-38-02_Yakuba7_no_odor,7675,7675,True
2024.09.24_16-38-02_Yakuba7_no_odor,7684,7696,True
2024.09.24_16-38-02_Yakuba7_no_odor,7743,7821,True
2024.09.24_16-38-02_Yakuba7_no_odor,7823,7862,True
2024.09.24_16-38-02_Yakuba7_no_odor,7864,7864,True
2024.09.24_16-38-02_Yakuba7_no_odor,7866,7867,True
2024.09.24_16-38-02_Yakuba7_no_odor,7869,7906,True
2024.09.24_16-38-02_Yakuba7_no_odor,7977,7989,True
2024.09.24_16-38-02_Yakuba7_no_odor,7991,8018,True
2024.09.24_16-38-02_Yakuba7_no_odor,8020,8024,True
2024.09.24_16-38-02_Yakuba7_no_odor,8026,8028,True
2024.09.24_16-38-02_Yakuba7_no_odor,8030,8034,True
2024.09.24_16-38-02_Yakuba7_no_odor,8040,8040,True
2024.09.24_16-38-02_Yakuba7_no_odor,8048,8053,True
2024.09.24_16-38-02_Yakuba7_no_odor,8055,8058,True
2024.09.24_16-38-02_Yakuba7_no_odor,8064,8064,True
2024.09.24_16-38-02_Yakuba7_no_odor,8091,8091,True
2024.09.24_16-38-02_Yakuba7_no_odor,8093,8093,True
2024.09.24_16-38-02_Yakuba7_no_odor,8096,8096,True
2024.09.24_16-38-02_Yakuba7_no_odor,8098,8099,True
2024.09.24_16-38-02_Yakuba7_no_odor,8131,8133,True
2024.09.24_16-38-02_Yakuba7_no_odor,8137,8139,True
2024.09.24_16-38-02_Yakuba7_no_odor,8141,8164,True
2024.09.24_16-38-02_Yakuba7_no_odor,8210,8408,True
2024.09.24_16-38-02_Yakuba7_no_odor,8410,8415,True
2024.09.24_16-38-02_Yakuba7_no_odor,8417,8434,True
2024.09.24_16-38-02_Yakuba7_no_odor,8436,8438,True
2024.09.24_16-38-02_Yakuba7_no_odor,8440,8442,True
2024.09.24_16-38-02_Yakuba7_no_odor,8444,8446,True
2024.09.24_16-38-02_Yakuba7_no_odor,8450,8451,True
2024.09.24_16-38-02_Yakuba7_no_odor,8453,8453,True
2024.09.24_16-38-02_Yakuba7_no_odor,8455,8455,True
2024.09.24_16-38-02_Yakuba7_no_odor,8458,8458,True
2024.09.24_16-38-02_Yakuba7_no_odor,8461,8462,True
2024.09.24_16-38-02_Yakuba7_no_odor,8465,8469,True
2024.09.24_16-38-02_Yakuba7_no_odor,8471,8471,True
2024.09.24_16-38-02_Yakuba7_no_odor,8475,8475,True
2024.09.24_16-38-02_Yakuba7_no_odor,8482,8482,True
2024.09.24_16-38-02_Yakuba7_no_odor,8485,8485,True
2024.09.24_16-38-02_Yakuba7_no_odor,8487,8487,True
2024.09.24_16-38-02_Yakuba7_no_odor,8491,8491,True
2024.09.24_16-38-02_Yakuba7_no_odor,8502,8502,True
2024.09.24_16-38-02_Yakuba7_no_odor,8510,8511,True
2024.09.24_16-38-02_Yakuba7_no_odor,8526,8526,True
2024.09.24_16-38-02_Yakuba7_no_odor,8528,8530,True
2024.09.24_16-38-02_Yakuba7_no_odor,8532,8532,True
2024.09.24_16-38-02_Yakuba7_no_odor,8538,8538,True
2024.09.24_16-38-02_Yakuba7_no_odor,8540,8541,True
2024.09.24_16-38-02_Yakuba7_no_odor,8543,8546,True
2024.09.24_16-38-02_Yakuba7_no_odor,8554,8557,True
2024.09.24_16-38-02_Yakuba7_no_odor,8625,8627,True
2024.09.24_16-38-02_Yakuba7_no_odor,8635,8643,True
2024.10.30_07-24-33_Stocago_metben,3,186,True
2024.10.30_07-24-33_Stocago_metben,480,1009,True
2024.10.30_07-24-33_Stocago_metben,1011,1101,True
2024.10.30_07-24-33_Stocago_metben,1104,1104,True
2024.10.30_07-24-33_Stocago_metben,1106,1153,True
2024.10.30_07-24-33_Stocago_metben,1156,1180,True
2024.10.30_07-24-33_Stocago_metben,1182,1182,True
2024.10.30_07-24-33_Stocago_metben,1186,1229,True
2024.10.30_07-24-33_Stocago_metben,1231,1232,True
2024.10.30_07-24-33_Stocago_metben,1251,1281,True
2024.10.30_07-24-33_Stocago_metben,1283,1293,True
2024.10.30_07-24-33_Stocago_metben,1297,1999,True
2024.10.30_07-24-33_Stocago_metben,3394,4446,True
2024.10.30_07-24-33_Stocago_metben,4521,4525,True
2024.10.30_07-24-33_Stocago_metben,4527,4529,True
2024.10.30_07-24-33_Stocago_metben,4531,4554,True
2024.10.30_07-24-33_Stocago_metben,4556,4560,True
2024.10.30_07-24-33_Stocago_metben,4576,4908,True
2024.10.30_07-24-33_Stocago_metben,5033,5058,True
2024.10.30_07-24-33_Stocago_metben,5135,5173,True
2024.10.30_07-24-33_Stocago_metben,5249,5278,True
2024.10.30_07-24-33_Stocago_metben,6874,6880,True
2024.10.30_07-24-33_Stocago_metben,6884,6885,True
2024.10.30_07-24-33_Stocago_metben,6887,6902,True
2024.10.30_07-24-33_Stocago_metben,6938,7993,True
2024.10.30_07-24-33_Stocago_metben,7997,7997,True
2024.10.30_07-24-33_Stocago_metben,8000,8069,True
2024.10.30_07-24-33_Stocago_metben,8084,8149,True
2024.10.30_07-24-33_Stocago_metben,8151,8258,True
2024.10.30_07-24-33_Stocago_metben,8260,8268,True
2024.10.30_07-24-33_Stocago_metben,8688,8740,True
2024.10.30_07-24-33_Stocago_metben,8786,8812,True
2024.10.30_07-24-33_Stocago_metben,8844,8881,True
2024.10.30_07-24-33_Stocago_metben,8883,8912,True
2024.10.30_07-24-33_Stocago_metben,8954,8999,True
2024.10.03_12-55-20_Yakuba_cameroon_2hex,456,2385,True
2024.10.03_12-55-20_Yakuba_cameroon_2hex,2387,2453,True
2024.10.03_12-55-20_Yakuba_cameroon_2hex,2456,2507,True
2024.10.03_12-55-20_Yakuba_cameroon_2hex,2747,2803,True
2024.10.03_12-55-20_Yakuba_cameroon_2hex,2871,2895,True
2024.10.03_12-55-20_Yakuba_cameroon_2hex,3412,3707,True
2024.10.03_12-55-20_Yakuba_cameroon_2hex,3726,4355,True
2024.10.03_12-55-20_Yakuba_cameroon_2hex,5351,5766,True
2024.10.03_12-55-20_Yakuba_cameroon_2hex,5770,5770,True
2024.10.03_12-55-20_Yakuba_cameroon_2hex,5774,6401,True
2024.10.03_12-55-20_Yakuba_cameroon_2hex,6403,6403,True
2024.10.03_12-55-20_Yakuba_cameroon_2hex,6405,6497,True
2024.10.03_12-55-20_Yakuba_cameroon_2hex,6531,6548,True
2024.10.03_12-55-20_Yakuba_cameroon_2hex,6585,6609,True
2024.10.03_12-55-20_Yakuba_cameroon_2hex,6621,7111,True
2024.10.29_03-30-30_Sechellia_metben,3,1741,True
2024.10.29_03-30-30_Sechellia_metben,7276,7976,True
2024.10.29_03-30-30_Sechellia_metben,7978,8772,True
2024.10.29_03-30-30_Sechellia_metben,8774,8999,True
2024.10.10_13-41-00_Biarmipes84_1hexanol,3,42,True
2024.10.10_13-41-00_Biarmipes84_1hexanol,46,48,True
2024.10.10_13-41-00_Biarmipes84_1hexanol,70,70,True
2024.10.10_13-41-00_Biarmipes84_1hexanol,73,75,True
2024.10.10_13-41-00_Biarmipes84_1hexanol,77,84,True
2024.10.10_13-41-00_Biarmipes84_1hexanol,105,308,True
2024.10.10_13-41-00_Biarmipes84_1hexanol,346,422,True
2024.10.10_13-41-00_Biarmipes84_1hexanol,438,445,True
2024.10.10_13-41-00_Biarmipes84_1hexanol,447,460,True
2024.10.10_13-41-00_Biarmipes84_1hexanol,462,514,True
2024.10.10_13-41-00_Biarmipes84_1hexanol,523,565,True
2024.10.10_13-41-00_Biarmipes84_1hexanol,592,592,True
2024.10.10_13-41-00_Biarmipes84_1hexanol,594,594,True
2024.10.10_13-41-00_Biarmipes84_1hexanol,596,626,True
2024.10.10_13-41-00_Biarmipes84_1hexanol,632,1186,True
2024.10.10_13-41-00_Biarmipes84_1hexanol,1288,1307,True
2024.10.10_13-41-00_Biarmipes84_1hexanol,1431,1458,True
2024.10.10_13-41-00_Biarmipes84_1hexanol,1461,1596,True
2024.10.10_13-41-00_Biarmipes84_1hexanol,1599,1650,True
2024.10.10_13-41-00_Biarmipes84_1hexanol,1655,1781,True
2024.10.10_13-41-00_Biarmipes84_1hexanol,1800,1870,True
2024.10.10_13-41-00_Biarmipes84_1hexanol,1887,1900,True
2024.10.10_13-41-00_Biarmipes84_1hexanol,1904,2023,True
2024.10.10_13-41-00_Biarmipes84_1hexanol,2048,2053,True
2024.10.10_13-41-00_Biarmipes84_1hexanol,2055,2255,True
2024.10.10_13-41-00_Biarmipes84_1hexanol,2257,2303,True
2024.10.10_13-41-00_Biarmipes84_1hexanol,2307,2354,True
2024.10.10_13-41-00_Biarmipes84_1hexanol,2356,2357,True
2024.10.10_13-41-00_Biarmipes84_1hexanol,2360,2395,True
2024.10.10_13-41-00_Biarmipes84_1hexanol,2397,2478,True
2024.10.10_13-41-00_Biarmipes84_1hexanol,2597,2611,True
2024.10.10_13-41-00_Biarmipes84_1hexanol,2830,2839,True
2024.10.10_13-41-00_Biarmipes84_1hexanol,2908,2908,True
2024.10.10_13-41-00_Biarmipes84_1hexanol,2911,2969,True
2024.10.10_13-41-00_Biarmipes84_1hexanol,3040,3061,True
2024.10.10_13-41-00_Biarmipes84_1hexanol,3215,3215,True
2024.10.10_13-41-00_Biarmipes84_1hexanol,3222,3392,True
2024.10.10_13-41-00_Biarmipes84_1hexanol,4838,5180,True
2024.10.10_13-41-00_Biarmipes84_1hexanol,5404,5829,True
2024.10.10_13-41-00_Biarmipes84_1hexanol,5953,6039,True
2024.10.10_13-41-00_Biarmipes84_1hexanol,6041,6082,True
2024.10.10_13-41-00_Biarmipes84_1hexanol,6102,6107,True
2024.10.10_13-41-00_Biarmipes84_1hexanol,6109,6153,True
2024.10.10_13-41-00_Biarmipes84_1hexanol,6160,6179,True
2024.10.10_13-41-00_Biarmipes84_1hexanol,6183,6252,True
2024.10.10_13-41-00_Biarmipes84_1hexanol,6273,6301,True
2024.10.10_13-41-00_Biarmipes84_1hexanol,6304,6556,True
2024.10.10_13-41-00_Biarmipes84_1hexanol,6719,6745,True
2024.10.10_13-41-00_Biarmipes84_1hexanol,6847,6859,True
2024.10.10_13-41-00_Biarmipes84_1hexanol,7217,7228,True
2024.10.10_13-41-00_Biarmipes84_1hexanol,7325,7334,True
2024.10.10_13-41-00_Biarmipes84_1hexanol,8125,8211,True
2024.10.10_13-41-00_Biarmipes84_1hexanol,8229,8503,True
2024.10.10_13-41-00_Biarmipes84_1hexanol,8526,8995,True
2024.10.14_13-26-12_Biarmipes84_1hexanol,462,958,True
2024.10.14_13-26-12_Biarmipes84_1hexanol,960,2378,True
2024.10.14_13-26-12_Biarmipes84_1hexanol,2385,2500,True
2024.10.14_13-26-12_Biarmipes84_1hexanol,2582,2583,True
2024.10.14_13-26-12_Biarmipes84_1hexanol,2585,2585,True
2024.10.14_13-26-12_Biarmipes84_1hexanol,3200,3399,True
2024.10.14_13-26-12_Biarmipes84_1hexanol,4044,4220,True
2024.10.14_13-26-12_Biarmipes84_1hexanol,4224,4664,True
2024.10.14_13-26-12_Biarmipes84_1hexanol,6261,7771,True
2024.10.14_13-26-12_Biarmipes84_1hexanol,8454,8454,True
2024.10.14_13-26-12_Biarmipes84_1hexanol,8456,8594,True
2024.10.14_13-26-12_Biarmipes84_1hexanol,8765,8999,True
2024.10.30_09-00-14_Stocago_metben,3,55,True
2024.10.30_09-00-14_Stocago_metben,57,61,True
2024.10.30_09-00-14_Stocago_metben,63,90,True
2024.10.30_09-00-14_Stocago_metben,92,450,True
2024.10.30_09-00-14_Stocago_metben,470,471,True
2024.10.30_09-00-14_Stocago_metben,473,563,True
2024.10.30_09-00-14_Stocago_metben,925,943,True
2024.10.30_09-00-14_Stocago_metben,1163,2848,True
2024.10.30_09-00-14_Stocago_metben,2988,2992,True
2024.10.30_09-00-14_Stocago_metben,3064,3067,True
2024.10.30_09-00-14_Stocago_metben,3078,3083,True
2024.10.30_09-00-14_Stocago_metben,3089,3101,True
2024.10.30_09-00-14_Stocago_metben,3107,3107,True
2024.10.30_09-00-14_Stocago_metben,3110,3113,True
2024.10.30_09-00-14_Stocago_metben,3165,3170,True
2024.10.30_09-00-14_Stocago_metben,3173,3190,True
2024.10.30_09-00-14_Stocago_metben,3259,3613,True
2024.10.30_09-00-14_Stocago_metben,3615,3637,True
2024.10.30_09-00-14_Stocago_metben,3639,3744,True
2024.10.30_09-00-14_Stocago_metben,3776,3785,True
2024.10.30_09-00-14_Stocago_metben,3787,3854,True
2024.10.30_09-00-14_Stocago_metben,3858,4361,True
2024.10.30_09-00-14_Stocago_metben,4379,4379,True
2024.10.30_09-00-14_Stocago_metben,4386,4427,True
2024.10.30_09-00-14_Stocago_metben,4453,4506,True
2024.10.30_09-00-14_Stocago_metben,4595,4683,True
2024.10.30_09-00-14_Stocago_metben,4685,4701,True
2024.10.30_09-00-14_Stocago_metben,4710,5291,True
2024.10.30_09-00-14_Stocago_metben,5293,5293,True
2024.10.30_09-00-14_Stocago_metben,5295,5296,True
2024.10.30_09-00-14_Stocago_metben,5303,5318,True
2024.10.30_09-00-14_Stocago_metben,5320,5340,True
2024.10.30_09-00-14_Stocago_metben,5342,5344,True
2024.10.30_09-00-14_Stocago_metben,5361,5388,True
2024.10.30_09-00-14_Stocago_metben,6184,6197,True
2024.10.30_09-00-14_Stocago_metben,6201,6201,True
2024.10.30_09-00-14_Stocago_metben,6206,6223,True
2024.10.30_09-00-14_Stocago_metben,6254,6278,True
2024.10.30_09-00-14_Stocago_metben,6316,6336,True
2024.10.30_09-00-14_Stocago_metben,6396,6414,True
2024.10.30_09-00-14_Stocago_metben,6847,6856,True
2024.10.30_09-00-14_Stocago_metben,6890,6899,True
2024.10.30_09-00-14_Stocago_metben,6907,6916,True
2024.10.30_09-00-14_Stocago_metben,7025,7053,True
2024.10.30_09-00-14_Stocago_metben,7055,7068,True
2024.10.30_09-00-14_Stocago_metben,7071,7072,True
2024.10.30_09-00-14_Stocago_metben,7074,7086,True
2024.10.30_09-00-14_Stocago_metben,7091,7828,True
2024.10.30_09-00-14_Stocago_metben,7894,7917,True
2024.10.30_09-00-14_Stocago_metben,7940,7968,True
2024.10.30_09-00-14_Stocago_metben,7976,8095,True
2024.10.30_09-00-14_Stocago_metben,8097,8133,True
2024.10.30_09-00-14_Stocago_metben,8136,8136,True
2024.10.30_09-00-14_Stocago_metben,8148,8217,True
2024.10.30_09-00-14_Stocago_metben,8219,8254,True
2024.10.30_09-00-14_Stocago_metben,8281,8684,True
2024.10.30_09-00-14_Stocago_metben,8686,8999,True
2024.12.01_18-29-12_Biarmipes84_no_odor,2563,2885,True
2024.12.01_18-29-12_Biarmipes84_no_odor,3947,3947,True
2024.12.01_18-29-12_Biarmipes84_no_odor,3949,3950,True
2024.12.01_18-29-12_Biarmipes84_no_odor,3970,3971,True
2024.12.01_18-29-12_Biarmipes84_no_odor,3976,3976,True
2024.12.01_18-29-12_Biarmipes84_no_odor,3978,3981,True
2024.12.01_18-29-12_Biarmipes84_no_odor,3984,3987,True
2024.12.01_18-29-12_Biarmipes84_no_odor,3989,3990,True
2024.12.01_18-29-12_Biarmipes84_no_odor,3992,3995,True
2024.12.01_18-29-12_Biarmipes84_no_odor,3999,3999,True
2024.12.01_18-29-12_Biarmipes84_no_odor,4001,4002,True
2024.12.01_18-29-12_Biarmipes84_no_odor,4004,4004,True
2024.12.01_18-29-12_Biarmipes84_no_odor,4007,4007,True
2024.12.01_18-29-12_Biarmipes84_no_odor,4009,4010,True
2024.12.01_18-29-12_Biarmipes84_no_odor,4012,4013,True
2024.12.01_18-29-12_Biarmipes84_no_odor,4015,4015,True
2024.12.01_18-29-12_Biarmipes84_no_odor,4017,4017,True
2024.12.01_18-29-12_Biarmipes84_no_odor,4019,4022,True
2024.12.01_18-29-12_Biarmipes84_no_odor,4025,4026,True
2024.12.01_18-29-12_Biarmipes84_no_odor,4029,4037,True
2024.12.01_18-29-12_Biarmipes84_no_odor,4040,4043,True
2024.12.01_18-29-12_Biarmipes84_no_odor,4045,4045,True
2024.12.01_18-29-12_Biarmipes84_no_odor,4047,4050,True
2024.12.01_18-29-12_Biarmipes84_no_odor,4410,4411,True
2024.12.01_18-29-12_Biarmipes84_no_odor,4413,4435,True
2024.12.01_18-29-12_Biarmipes84_no_odor,4437,4481,True
2024.12.01_18-29-12_Biarmipes84_no_odor,4485,4489,True
2024.12.01_18-29-12_Biarmipes84_no_odor,4491,4514,True
2024.12.01_18-29-12_Biarmipes84_no_odor,4516,4523,True
2024.12.01_18-29-12_Biarmipes84_no_odor,4525,4525,True
2024.12.01_18-29-12_Biarmipes84_no_odor,4530,4531,True
2024.12.01_18-29-12_Biarmipes84_no_odor,4533,4533,True
2024.12.01_18-29-12_Biarmipes84_no_odor,4536,4537,True
2024.12.01_18-29-12_Biarmipes84_no_odor,4541,4541,True
2024.12.01_18-29-12_Biarmipes84_no_odor,4543,4543,True
2024.12.01_18-29-12_Biarmipes84_no_odor,4545,4546,True
2024.12.01_18-29-12_Biarmipes84_no_odor,4548,4550,True
2024.12.01_18-29-12_Biarmipes84_no_odor,4555,4559,True
2024.12.01_18-29-12_Biarmipes84_no_odor,4563,4563,True
2024.12.01_18-29-12_Biarmipes84_no_odor,4565,4565,True
2024.12.01_18-29-12_Biarmipes84_no_odor,4567,4582,True
2024.12.01_18-29-12_Biarmipes84_no_odor,4584,4584,True
2024.12.01_18-29-12_Biarmipes84_no_odor,4587,4597,True
2024.12.01_18-29-12_Biarmipes84_no_odor,4599,4599,True
2024.12.01_18-29-12_Biarmipes84_no_odor,4601,4604,True
2024.12.01_18-29-12_Biarmipes84_no_odor,4606,4612,True
2024.12.01_18-29-12_Biarmipes84_no_odor,4627,4627,True
2024.12.01_18-29-12_Biarmipes84_no_odor,4639,4639,True
2024.12.01_18-29-12_Biarmipes84_no_odor,4649,4650,True
2024.12.01_18-29-12_Biarmipes84_no_odor,4656,4657,True
2024.12.01_18-29-12_Biarmipes84_no_odor,4787,4790,True
2024.12.01_18-29-12_Biarmipes84_no_odor,4799,4804,True
2024.12.01_18-29-12_Biarmipes84_no_odor,4806,4834,True
2024.12.01_18-29-12_Biarmipes84_no_odor,4836,4893,True
2024.12.01_18-29-12_Biarmipes84_no_odor,4895,6321,True
2024.12.01_18-29-12_Biarmipes84_no_odor,8293,8293,True
2024.12.01_18-29-12_Biarmipes84_no_odor,8302,8302,True
2024.12.01_18-29-12_Biarmipes84_no_odor,8324,8324,True
2024.12.01_18-29-12_Biarmipes84_no_odor,8347,8347,True
2024.12.01_18-29-12_Biarmipes84_no_odor,8359,8359,True
2024.12.01_18-29-12_Biarmipes84_no_odor,8365,8365,True
2024.12.01_18-29-12_Biarmipes84_no_odor,8368,8368,True
2024.12.01_18-29-12_Biarmipes84_no_odor,8388,8389,True
2024.12.01_18-29-12_Biarmipes84_no_odor,8408,8408,True
2024.12.01_18-29-12_Biarmipes84_no_odor,8410,8410,True
2024.12.01_18-29-12_Biarmipes84_no_odor,8414,8414,True
2024.12.01_18-29-12_Biarmipes84_no_odor,8423,8423,True
2024.12.01_18-29-12_Biarmipes84_no_odor,8425,8425,True
2024.12.01_18-29-12_Biarmipes84_no_odor,8427,8429,True
2024.12.01_18-29-12_Biarmipes84_no_odor,8437,8437,True
2024.12.01_18-29-12_Biarmipes84_no_odor,8439,8439,True
2024.12.01_18-29-12_Biarmipes84_no_odor,8610,8616,True
2024.12.01_18-29-12_Biarmipes84_no_odor,8618,8634,True
2024.12.01_18-29-12_Biarmipes84_no_odor,8636,8643,True
2024.12.01_18-29-12_Biarmipes84_no_odor,8645,8684,True
2024.12.01_18-29-12_Biarmipes84_no_odor,8686,8717,True
2024.10.28_06-39-03_Stocago_metben,3,1085,True
2024.10.28_06-39-03_Stocago_metben,1909,1912,True
2024.10.28_06-39-03_Stocago_metben,1914,1914,True
2024.10.28_06-39-03_Stocago_metben,2049,2570,True
2024.10.28_06-39-03_Stocago_metben,3151,3526,True
2024.10.28_06-39-03_Stocago_metben,3539,3574,True
2024.10.28_06-39-03_Stocago_metben,3582,3948,True
2024.10.28_06-39-03_Stocago_metben,3953,4125,True
2024.10.28_06-39-03_Stocago_metben,5267,6369,True
2024.10.28_06-39-03_Stocago_metben,7401,7961,True
2024.10.28_06-39-03_Stocago_metben,7963,7984,True
2024.10.28_06-39-03_Stocago_metben,8015,8040,True
2024.10.28_06-39-03_Stocago_metben,8087,8093,True
2024.10.28_06-39-03_Stocago_metben,8099,8139,True
2024.10.28_06-39-03_Stocago_metben,8141,8146,True
2024.10.28_06-39-03_Stocago_metben,8148,8375,True
2024.10.28_06-39-03_Stocago_metben,8377,8379,True
2024.10.28_06-39-03_Stocago_metben,8392,8401,True
2024.10.28_06-39-03_Stocago_metben,8403,8425,True
2024.10.28_06-39-03_Stocago_metben,8427,8454,True
2024.10.28_06-39-03_Stocago_metben,8456,8461,True
2024.07.10_13-00-58_Riverside (MetBen),892,3714,True
2024.07.10_13-00-58_Riverside (MetBen),5738,7350,True
2024.07.10_13-00-58_Riverside (MetBen),7375,7375,True
2024.07.09_13-02-45_Riverside (MetBen),400,400,True
2024.07.09_13-02-45_Riverside (MetBen),2853,5126,True
2024.07.09_13-02-45_Riverside (MetBen),5146,5146,True
2024.07.09_13-02-45_Riverside (MetBen),5161,5161,True
2024.07.09_13-02-45_Riverside (MetBen),6862,7406,True
2024.07.09_13-02-45_Riverside (MetBen),7665,7665,True
2024.07.09_13-02-45_Riverside (MetBen),7676,7676,True
2024.07.09_13-02-45_Riverside (MetBen),7680,7680,True
2024.07.09_13-02-45_Riverside (MetBen),7686,7686,True
2024.07.09_13-02-45_Riverside (MetBen),7699,7699,True
2024.07.09_13-02-45_Riverside (MetBen),8004,8004,True
2024.07.09_13-02-45_Riverside (MetBen),8007,8007,True
2024.07.09_13-02-45_Riverside (MetBen),8029,8029,True
2024.07.09_13-02-45_Riverside (MetBen),8031,8032,True
2024.10.07_14-49-03_Yakuba7_2hexanol,3,688,True
2024.10.07_14-49-03_Yakuba7_2hexanol,690,5200,True
2024.10.07_14-49-03_Yakuba7_2hexanol,6469,6483,True
2024.10.07_14-49-03_Yakuba7_2hexanol,6496,6517,True
2024.10.07_14-49-03_Yakuba7_2hexanol,6542,7776,True
2024.10.07_14-49-03_Yakuba7_2hexanol,7857,7859,True
2024.10.07_14-49-03_Yakuba7_2hexanol,7872,7888,True
2024.10.07_14-49-03_Yakuba7_2hexanol,7933,7934,True
2024.10.07_14-49-03_Yakuba7_2hexanol,7985,8003,True
2024.10.07_14-49-03_Yakuba7_2hexanol,8016,8032,True
2024.10.07_14-49-03_Yakuba7_2hexanol,8298,8301,True
2024.10.07_14-49-03_Yakuba7_2hexanol,8466,8883,True
2024.10.07_14-49-03_Yakuba7_2hexanol,8885,8999,True
2024.10.24_09-18-55_Biarmipes_G224_prenac,3,761,True
2024.10.24_09-18-55_Biarmipes_G224_prenac,763,763,True
2024.10.24_09-18-55_Biarmipes_G224_prenac,766,767,True
2024.10.24_09-18-55_Biarmipes_G224_prenac,789,789,True
2024.10.24_09-18-55_Biarmipes_G224_prenac,792,876,True
2024.10.24_09-18-55_Biarmipes_G224_prenac,1248,1568,True
2024.10.24_09-18-55_Biarmipes_G224_prenac,1572,1572,True
2024.10.24_09-18-55_Biarmipes_G224_prenac,1575,1576,True
2024.10.24_09-18-55_Biarmipes_G224_prenac,1585,1585,True
2024.10.24_09-18-55_Biarmipes_G224_prenac,1609,1609,True
2024.10.24_09-18-55_Biarmipes_G224_prenac,1611,1622,True
2024.10.24_09-18-55_Biarmipes_G224_prenac,1624,1625,True
2024.10.24_09-18-55_Biarmipes_G224_prenac,2048,2378,True
2024.10.24_09-18-55_Biarmipes_G224_prenac,2480,2688,True
2024.10.24_09-18-55_Biarmipes_G224_prenac,2690,2692,True
2024.10.24_09-18-55_Biarmipes_G224_prenac,2709,2709,True
2024.10.24_09-18-55_Biarmipes_G224_prenac,2711,2713,True
2024.10.24_09-18-55_Biarmipes_G224_prenac,2715,2721,True
2024.10.24_09-18-55_Biarmipes_G224_prenac,2723,2903,True
2024.10.24_09-18-55_Biarmipes_G224_prenac,3677,3782,True
2024.10.24_09-18-55_Biarmipes_G224_prenac,4983,4984,True
2024.10.24_09-18-55_Biarmipes_G224_prenac,4987,4987,True
2024.10.24_09-18-55_Biarmipes_G224_prenac,4993,4994,True
2024.10.24_09-18-55_Biarmipes_G224_prenac,5002,5002,True
2024.10.24_09-18-55_Biarmipes_G224_prenac,5005,5005,True
2024.10.24_09-18-55_Biarmipes_G224_prenac,5008,5008,True
2024.10.24_09-18-55_Biarmipes_G224_prenac,5010,5010,True
2024.10.24_09-18-55_Biarmipes_G224_prenac,5012,5012,True
2024.10.24_09-18-55_Biarmipes_G224_prenac,5014,5020,True
2024.10.24_09-18-55_Biarmipes_G224_prenac,5023,5023,True
2024.10.24_09-18-55_Biarmipes_G224_prenac,5025,5025,True
2024.10.24_09-18-55_Biarmipes_G224_prenac,5028,5028,True
2024.10.24_09-18-55_Biarmipes_G224_prenac,5031,5031,True
2024.10.24_09-18-55_Biarmipes_G224_prenac,5035,5035,True
2024.10.24_09-18-55_Biarmipes_G224_prenac,5037,5037,True
2024.10.24_09-18-55_Biarmipes_G224_prenac,5039,5044,True
2024.10.24_09-18-55_Biarmipes_G224_prenac,5047,5048,True
2024.10.24_09-18-55_Biarmipes_G224_prenac,5050,5051,True
2024.10.24_09-18-55_Biarmipes_G224_prenac,5053,5053,True
2024.10.24_09-18-55_Biarmipes_G224_prenac,5055,5058,True
2024.10.24_09-18-55_Biarmipes_G224_prenac,5061,5072,True
2024.10.24_09-18-55_Biarmipes_G224_prenac,5075,5087,True
2024.10.24_09-18-55_Biarmipes_G224_prenac,5089,5091,True
2024.10.24_09-18-55_Biarmipes_G224_prenac,5094,5096,True
2024.10.24_09-18-55_Biarmipes_G224_prenac,5098,5098,True
2024.10.24_09-18-55_Biarmipes_G224_prenac,5101,5104,True
2024.10.24_09-18-55_Biarmipes_G224_prenac,5106,5108,True
2024.10.24_09-18-55_Biarmipes_G224_prenac,5110,5112,True
2024.10.24_09-18-55_Biarmipes_G224_prenac,5115,5122,True
2024.10.24_09-18-55_Biarmipes_G224_prenac,5127,5129,True
2024.10.24_09-18-55_Biarmipes_G224_prenac,5131,5135,True
2024.10.24_09-18-55_Biarmipes_G224_prenac,5137,5145,True
2024.10.24_09-18-55_Biarmipes_G224_prenac,5163,5164,True
2024.10.24_09-18-55_Biarmipes_G224_prenac,5345,5345,True
2024.10.24_09-18-55_Biarmipes_G224_prenac,5371,5371,True
2024.10.24_09-18-55_Biarmipes_G224_prenac,5396,5396,True
2024.10.24_09-18-55_Biarmipes_G224_prenac,5408,5409,True
2024.10.24_09-18-55_Biarmipes_G224_prenac,5416,5423,True
2024.10.24_09-18-55_Biarmipes_G224_prenac,5573,5664,True
2024.10.24_09-18-55_Biarmipes_G224_prenac,5666,5676,True
2024.10.24_09-18-55_Biarmipes_G224_prenac,5678,5678,True
2024.10.24_09-18-55_Biarmipes_G224_prenac,5680,5692,True
2024.10.24_09-18-55_Biarmipes_G224_prenac,5695,5745,True
2024.10.24_09-18-55_Biarmipes_G224_prenac,5747,5750,True
2024.10.24_09-18-55_Biarmipes_G224_prenac,5758,5780,True
2024.10.24_09-18-55_Biarmipes_G224_prenac,5782,5785,True
2024.10.24_09-18-55_Biarmipes_G224_prenac,5787,5787,True
2024.10.24_09-18-55_Biarmipes_G224_prenac,5789,5790,True
2024.10.24_09-18-55_Biarmipes_G224_prenac,5795,5820,True
2024.10.24_09-18-55_Biarmipes_G224_prenac,5836,5851,True
2024.10.24_09-18-55_Biarmipes_G224_prenac,5853,5855,True
2024.10.24_09-18-55_Biarmipes_G224_prenac,5882,5897,True
2024.10.24_09-18-55_Biarmipes_G224_prenac,5899,5903,True
2024.10.24_09-18-55_Biarmipes_G224_prenac,5912,5912,True
2024.10.24_09-18-55_Biarmipes_G224_prenac,5914,5914,True
2024.10.24_09-18-55_Biarmipes_G224_prenac,5916,5941,True
2024.10.24_09-18-55_Biarmipes_G224_prenac,5943,5952,True
2024.10.24_09-18-55_Biarmipes_G224_prenac,5955,5955,True
2024.10.24_09-18-55_Biarmipes_G224_prenac,6016,6017,True
2024.10.24_09-18-55_Biarmipes_G224_prenac,6021,6021,True
2024.10.24_09-18-55_Biarmipes_G224_prenac,6023,6026,True
2024.10.24_09-18-55_Biarmipes_G224_prenac,6028,6047,True
2024.10.24_09-18-55_Biarmipes_G224_prenac,6049,6054,True
2024.10.24_09-18-55_Biarmipes_G224_prenac,6056,6060,True
2024.10.24_09-18-55_Biarmipes_G224_prenac,6068,6068,True
2024.10.24_09-18-55_Biarmipes_G224_prenac,6070,6070,True
2024.10.24_09-18-55_Biarmipes_G224_prenac,6074,6076,True
2024.10.24_09-18-55_Biarmipes_G224_prenac,6079,6079,True
2024.10.24_09-18-55_Biarmipes_G224_prenac,6082,6082,True
2024.10.24_09-18-55_Biarmipes_G224_prenac,6085,6085,True
2024.10.24_09-18-55_Biarmipes_G224_prenac,6087,6088,True
2024.10.24_09-18-55_Biarmipes_G224_prenac,6090,6094,True
2024.10.24_09-18-55_Biarmipes_G224_prenac,6096,6096,True
2024.10.24_09-18-55_Biarmipes_G224_prenac,6099,6099,True
2024.10.24_09-18-55_Biarmipes_G224_prenac,6101,6102,True
2024.10.24_09-18-55_Biarmipes_G224_prenac,6107,6108,True
2024.10.24_09-18-55_Biarmipes_G224_prenac,6110,6110,True
2024.10.24_09-18-55_Biarmipes_G224_prenac,6112,6121,True
2024.10.24_09-18-55_Biarmipes_G224_prenac,6123,6124,True
2024.10.24_09-18-55_Biarmipes_G224_prenac,6131,6131,True
2024.10.24_09-18-55_Biarmipes_G224_prenac,6133,6134,True
2024.10.24_09-18-55_Biarmipes_G224_prenac,6136,6141,True
2024.10.24_09-18-55_Biarmipes_G224_prenac,6143,6144,True
2024.10.24_09-18-55_Biarmipes_G224_prenac,6146,6151,True
2024.10.24_09-18-55_Biarmipes_G224_prenac,6153,6155,True
2024.10.24_09-18-55_Biarmipes_G224_prenac,6160,6167,True
2024.10.24_09-18-55_Biarmipes_G224_prenac,6169,6171,True
2024.10.24_09-18-55_Biarmipes_G224_prenac,6173,6179,True
2024.10.24_09-18-55_Biarmipes_G224_prenac,6181,6182,True
2024.10.24_09-18-55_Biarmipes_G224_prenac,6184,6190,True
2024.10.24_09-18-55_Biarmipes_G224_prenac,6192,6192,True
2024.10.24_09-18-55_Biarmipes_G224_prenac,6194,6216,True
2024.10.24_09-18-55_Biarmipes_G224_prenac,6218,6218,True
2024.10.24_09-18-55_Biarmipes_G224_prenac,6220,6222,True
2024.10.24_09-18-55_Biarmipes_G224_prenac,6232,6252,True
2024.10.24_09-18-55_Biarmipes_G224_prenac,6254,6254,True
2024.10.24_09-18-55_Biarmipes_G224_prenac,6260,6266,True
2024.10.24_09-18-55_Biarmipes_G224_prenac,6269,6272,True
2024.10.24_09-18-55_Biarmipes_G224_prenac,6294,6301,True
2024.10.24_09-18-55_Biarmipes_G224_prenac,6303,6304,True
2024.10.24_09-18-55_Biarmipes_G224_prenac,6306,6325,True
2024.10.24_09-18-55_Biarmipes_G224_prenac,6327,6332,True
2024.10.24_09-18-55_Biarmipes_G224_prenac,6340,6340,True
2024.10.24_09-18-55_Biarmipes_G224_prenac,6343,6345,True
2024.10.24_09-18-55_Biarmipes_G224_prenac,6348,6374,True
2024.10.24_09-18-55_Biarmipes_G224_prenac,6376,6376,True
2024.10.24_09-18-55_Biarmipes_G224_prenac,6504,6504,True
2024.10.24_09-18-55_Biarmipes_G224_prenac,6510,6510,True
2024.10.24_09-18-55_Biarmipes_G224_prenac,6512,6534,True
2024.10.24_09-18-55_Biarmipes_G224_prenac,6536,6540,True
2024.10.24_09-18-55_Biarmipes_G224_prenac,6542,6551,True
2024.10.24_09-18-55_Biarmipes_G224_prenac,6553,6555,True
2024.10.24_09-18-55_Biarmipes_G224_prenac,6565,6565,True
2024.10.24_09-18-55_Biarmipes_G224_prenac,6567,6567,True
2024.10.24_09-18-55_Biarmipes_G224_prenac,6569,6570,True
2024.10.24_09-18-55_Biarmipes_G224_prenac,6572,6575,True
2024.10.24_09-18-55_Biarmipes_G224_prenac,6577,6579,True
2024.10.24_09-18-55_Biarmipes_G224_prenac,6582,6582,True
2024.10.24_09-18-55_Biarmipes_G224_prenac,6584,6590,True
2024.10.24_09-18-55_Biarmipes_G224_prenac,6592,6593,True
2024.10.24_09-18-55_Biarmipes_G224_prenac,6638,6638,True
2024.10.24_09-18-55_Biarmipes_G224_prenac,6689,6689,True
2024.10.24_09-18-55_Biarmipes_G224_prenac,6861,6862,True
2024.10.24_09-18-55_Biarmipes_G224_prenac,6906,6909,True
2024.10.24_09-18-55_Biarmipes_G224_prenac,6915,6915,True
2024.10.24_09-18-55_Biarmipes_G224_prenac,7004,7004,True
2024.10.24_09-18-55_Biarmipes_G224_prenac,7087,7087,True
2024.10.24_09-18-55_Biarmipes_G224_prenac,7091,7092,True
2024.10.24_09-18-55_Biarmipes_G224_prenac,7094,7094,True
2024.10.24_09-18-55_Biarmipes_G224_prenac,7096,7096,True
2024.10.24_09-18-55_Biarmipes_G224_prenac,7099,7099,True
2024.10.24_09-18-55_Biarmipes_G224_prenac,7113,7117,True
2024.10.24_09-18-55_Biarmipes_G224_prenac,7144,7151,True
2024.10.24_09-18-55_Biarmipes_G224_prenac,7183,7194,True
2024.10.24_09-18-55_Biarmipes_G224_prenac,7197,7197,True
2024.10.24_09-18-55_Biarmipes_G224_prenac,7201,7211,True
2024.10.24_09-18-55_Biarmipes_G224_prenac,7379,7386,True
2024.10.24_09-18-55_Biarmipes_G224_prenac,7388,7396,True
2024.10.24_09-18-55_Biarmipes_G224_prenac,7398,7404,True
2024.10.24_09-18-55_Biarmipes_G224_prenac,7406,7418,True
2024.10.24_09-18-55_Biarmipes_G224_prenac,7420,7428,True
2024.10.24_09-18-55_Biarmipes_G224_prenac,7430,7433,True
2024.10.24_09-18-55_Biarmipes_G224_prenac,7453,7458,True
2024.10.24_09-18-55_Biarmipes_G224_prenac,7529,7529,True
2024.10.24_09-18-55_Biarmipes_G224_prenac,7536,7537,True
2024.10.24_09-18-55_Biarmipes_G224_prenac,7561,7573,True
2024.10.24_09-18-55_Biarmipes_G224_prenac,7575,7575,True
2024.10.24_09-18-55_Biarmipes_G224_prenac,7577,7577,True
2024.10.24_09-18-55_Biarmipes_G224_prenac,7598,7612,True
2024.10.24_09-18-55_Biarmipes_G224_prenac,7615,7615,True
2024.10.24_09-18-55_Biarmipes_G224_prenac,7618,7618,True
2024.10.24_09-18-55_Biarmipes_G224_prenac,7620,7621,True
2024.10.24_09-18-55_Biarmipes_G224_prenac,7624,7625,True
2024.10.24_09-18-55_Biarmipes_G224_prenac,7627,7628,True
2024.10.24_09-18-55_Biarmipes_G224_prenac,7631,7631,True
2024.10.24_09-18-55_Biarmipes_G224_prenac,7633,7635,True
2024.10.24_09-18-55_Biarmipes_G224_prenac,7644,7655,True
2024.10.24_09-18-55_Biarmipes_G224_prenac,7657,7661,True
2024.10.24_09-18-55_Biarmipes_G224_prenac,7663,7674,True
2024.10.24_09-18-55_Biarmipes_G224_prenac,7676,7680,True
2024.10.24_09-18-55_Biarmipes_G224_prenac,7686,7688,True
2024.10.24_09-18-55_Biarmipes_G224_prenac,7693,7693,True
2024.10.24_09-18-55_Biarmipes_G224_prenac,7695,7695,True
2024.10.24_09-18-55_Biarmipes_G224_prenac,7702,7702,True
2024.10.24_09-18-55_Biarmipes_G224_prenac,7841,7841,True
2024.10.24_09-18-55_Biarmipes_G224_prenac,7900,7901,True
2024.10.24_09-18-55_Biarmipes_G224_prenac,7905,7915,True
2024.10.24_09-18-55_Biarmipes_G224_prenac,7918,7918,True
2024.10.24_09-18-55_Biarmipes_G224_prenac,7922,7923,True
2024.10.24_09-18-55_Biarmipes_G224_prenac,7925,7925,True
2024.10.24_09-18-55_Biarmipes_G224_prenac,7927,7940,True
2024.10.24_09-18-55_Biarmipes_G224_prenac,7943,7944,True
2024.10.24_09-18-55_Biarmipes_G224_prenac,7946,7946,True
2024.10.24_09-18-55_Biarmipes_G224_prenac,7962,7962,True
2024.10.24_09-18-55_Biarmipes_G224_prenac,7965,7965,True
2024.10.24_09-18-55_Biarmipes_G224_prenac,7970,7982,True
2024.10.24_09-18-55_Biarmipes_G224_prenac,7986,7988,True
2024.10.24_09-18-55_Biarmipes_G224_prenac,7991,7993,True
2024.10.24_09-18-55_Biarmipes_G224_prenac,8002,8003,True
2024.10.24_09-18-55_Biarmipes_G224_prenac,8337,8337,True
2024.10.24_09-18-55_Biarmipes_G224_prenac,8343,8351,True
2024.10.24_09-18-55_Biarmipes_G224_prenac,8353,8356,True
2024.10.24_09-18-55_Biarmipes_G224_prenac,8358,8362,True
2024.10.24_09-18-55_Biarmipes_G224_prenac,8364,8367,True
2024.10.24_09-18-55_Biarmipes_G224_prenac,8371,8426,True
2024.10.24_09-18-55_Biarmipes_G224_prenac,8709,8779,True
2024.10.24_09-18-55_Biarmipes_G224_prenac,8783,8784,True
2024.10.24_09-18-55_Biarmipes_G224_prenac,8790,8790,True
2024.10.24_09-18-55_Biarmipes_G224_prenac,8818,8818,True
2024.10.24_09-18-55_Biarmipes_G224_prenac,8841,8841,True
2024.11.05_02-28-29_Yakuba7_e2hex,3,601,True
2024.11.05_02-28-29_Yakuba7_e2hex,2176,3648,True
2024.11.05_02-28-29_Yakuba7_e2hex,5053,6292,True
2024.11.05_02-28-29_Yakuba7_e2hex,7247,7248,True
2024.11.05_02-28-29_Yakuba7_e2hex,7250,7256,True
2024.11.05_02-28-29_Yakuba7_e2hex,7258,7263,True
2024.11.05_02-28-29_Yakuba7_e2hex,7277,7302,True
2024.11.05_02-28-29_Yakuba7_e2hex,7304,7316,True
2024.11.05_02-28-29_Yakuba7_e2hex,7318,8368,True
2024.10.29_05-37-54_Yakuba7_metben,3,19,True
2024.10.29_05-37-54_Yakuba7_metben,21,1627,True
2024.10.29_05-37-54_Yakuba7_metben,1732,1760,True
2024.10.29_05-37-54_Yakuba7_metben,3766,3769,True
2024.10.29_05-37-54_Yakuba7_metben,3771,3781,True
2024.10.29_05-37-54_Yakuba7_metben,3786,3813,True
2024.10.29_05-37-54_Yakuba7_metben,3838,3838,True
2024.10.29_05-37-54_Yakuba7_metben,3841,5500,True
2024.10.29_05-37-54_Yakuba7_metben,5947,5947,True
2024.10.29_05-37-54_Yakuba7_metben,5952,5952,True
2024.10.29_05-37-54_Yakuba7_metben,5954,5965,True
2024.10.29_05-37-54_Yakuba7_metben,5967,6582,True
2024.10.29_05-37-54_Yakuba7_metben,8076,8084,True
2024.10.29_05-37-54_Yakuba7_metben,8114,8152,True
2024.10.29_05-37-54_Yakuba7_metben,8346,8346,True
2024.10.29_05-37-54_Yakuba7_metben,8348,8999,True
2024.10.29_02-34-34_Sechellia_metben,534,2806,True
2024.10.29_02-34-34_Sechellia_metben,4033,4038,True
2024.10.29_02-34-34_Sechellia_metben,4041,4043,True
2024.10.29_02-34-34_Sechellia_metben,4046,4046,True
2024.10.29_02-34-34_Sechellia_metben,4051,4057,True
2024.10.29_02-34-34_Sechellia_metben,4059,4060,True
2024.10.29_02-34-34_Sechellia_metben,4062,4062,True
2024.10.29_02-34-34_Sechellia_metben,4064,4065,True
2024.10.29_02-34-34_Sechellia_metben,4067,4067,True
2024.10.29_02-34-34_Sechellia_metben,4069,4069,True
2024.10.29_02-34-34_Sechellia_metben,4071,4072,True
2024.10.29_02-34-34_Sechellia_metben,4074,4077,True
2024.10.29_02-34-34_Sechellia_metben,4079,4094,True
2024.10.29_02-34-34_Sechellia_metben,4393,4393,True
2024.10.29_02-34-34_Sechellia_metben,4416,4416,True
2024.10.29_02-34-34_Sechellia_metben,4430,4436,True
2024.10.29_02-34-34_Sechellia_metben,4439,4441,True
2024.10.29_02-34-34_Sechellia_metben,4452,4453,True
2024.10.29_02-34-34_Sechellia_metben,4537,5275,True
2024.10.29_02-34-34_Sechellia_metben,5870,5873,True
2024.10.29_02-34-34_Sechellia_metben,5881,5882,True
2024.10.29_02-34-34_Sechellia_metben,5884,5887,True
2024.10.29_02-34-34_Sechellia_metben,5889,5890,True
2024.10.29_02-34-34_Sechellia_metben,5892,5893,True
2024.10.29_02-34-34_Sechellia_metben,5896,5899,True
2024.10.29_02-34-34_Sechellia_metben,5901,5903,True
2024.10.29_02-34-34_Sechellia_metben,5906,5906,True
2024.10.29_02-34-34_Sechellia_metben,5924,5926,True
2024.10.29_02-34-34_Sechellia_metben,5930,5933,True
2024.10.29_02-34-34_Sechellia_metben,5938,5944,True
2024.10.29_02-34-34_Sechellia_metben,5991,5992,True
2024.10.29_02-34-34_Sechellia_metben,6573,6579,True
2024.10.29_02-34-34_Sechellia_metben,6600,6600,True
2024.10.29_02-34-34_Sechellia_metben,6602,6602,True
2024.10.29_02-34-34_Sechellia_metben,6745,6753,True
2024.10.29_02-34-34_Sechellia_metben,7470,7472,True
2024.10.29_02-34-34_Sechellia_metben,7537,7537,True
2024.10.29_02-34-34_Sechellia_metben,7559,7566,True
2024.10.29_02-34-34_Sechellia_metben,7577,7585,True
2024.10.29_02-34-34_Sechellia_metben,7593,7593,True
2024.10.29_02-34-34_Sechellia_metben,7595,7596,True
2024.10.29_02-34-34_Sechellia_metben,7600,7600,True
2024.10.29_02-34-34_Sechellia_metben,7606,7608,True
2024.10.29_02-34-34_Sechellia_metben,7612,7613,True
2024.10.29_02-34-34_Sechellia_metben,7616,7625,True
2024.10.29_02-34-34_Sechellia_metben,7627,7627,True
2024.10.29_02-34-34_Sechellia_metben,7629,7630,True
2024.10.29_02-34-34_Sechellia_metben,7636,7640,True
2024.11.21_19-07-28_Stocago_e2hex,3,1171,True
2024.11.21_19-07-28_Stocago_e2hex,1173,1173,True
2024.11.21_19-07-28_Stocago_e2hex,1175,1515,True
2024.11.21_19-07-28_Stocago_e2hex,1548,1614,True
2024.11.21_19-07-28_Stocago_e2hex,1616,1623,True
2024.11.21_19-07-28_Stocago_e2hex,1625,1633,True
2024.11.21_19-07-28_Stocago_e2hex,1638,1707,True
2024.11.21_19-07-28_Stocago_e2hex,1760,1763,True
2024.11.21_19-07-28_Stocago_e2hex,1786,1892,True
2024.11.21_19-07-28_Stocago_e2hex,2303,2863,True
2024.11.21_19-07-28_Stocago_e2hex,3722,4346,True
2024.11.21_19-07-28_Stocago_e2hex,4349,4516,True
2024.11.21_19-07-28_Stocago_e2hex,5384,5394,True
2024.11.21_19-07-28_Stocago_e2hex,5396,5428,True
2024.11.21_19-07-28_Stocago_e2hex,5430,5430,True
2024.11.21_19-07-28_Stocago_e2hex,5435,5475,True
2024.11.21_19-07-28_Stocago_e2hex,5477,5479,True
2024.11.21_19-07-28_Stocago_e2hex,5485,5527,True
2024.11.21_19-07-28_Stocago_e2hex,5534,5559,True
2024.11.21_19-07-28_Stocago_e2hex,5570,5576,True
2024.11.21_19-07-28_Stocago_e2hex,5581,5615,True
2024.11.21_19-07-28_Stocago_e2hex,5619,5647,True
2024.11.21_19-07-28_Stocago_e2hex,5681,5681,True
2024.11.21_19-07-28_Stocago_e2hex,5692,5722,True
2024.11.21_19-07-28_Stocago_e2hex,5730,5878,True
2024.11.21_19-07-28_Stocago_e2hex,6407,6407,True
2024.11.21_19-07-28_Stocago_e2hex,6420,6439,True
2024.11.21_19-07-28_Stocago_e2hex,6456,6494,True
2024.11.21_19-07-28_Stocago_e2hex,6512,6514,True
2024.11.21_19-07-28_Stocago_e2hex,6527,6532,True
2024.11.21_19-07-28_Stocago_e2hex,6534,6560,True
2024.11.21_19-07-28_Stocago_e2hex,6562,7174,True
2024.11.21_19-07-28_Stocago_e2hex,7353,7371,True
2024.11.21_19-07-28_Stocago_e2hex,7830,8418,True
2024.11.21_19-07-28_Stocago_e2hex,8682,8707,True
2024.11.21_19-07-28_Stocago_e2hex,8783,8783,True
2024.11.21_19-07-28_Stocago_e2hex,8785,8802,True
2024.09.25_14-41-17_Yakuba7_no_odor,948,1138,True
2024.09.25_14-41-17_Yakuba7_no_odor,3208,3953,True
2024.09.25_14-41-17_Yakuba7_no_odor,3955,4071,True
2024.09.25_14-41-17_Yakuba7_no_odor,5729,5729,True
2024.09.25_14-41-17_Yakuba7_no_odor,5744,5745,True
2024.09.25_14-41-17_Yakuba7_no_odor,5775,5775,True
2024.09.25_14-41-17_Yakuba7_no_odor,5795,5795,True
2024.09.25_14-41-17_Yakuba7_no_odor,5807,5807,True
2024.09.25_14-41-17_Yakuba7_no_odor,5810,5810,True
2024.09.25_14-41-17_Yakuba7_no_odor,5812,5812,True
2024.09.25_14-41-17_Yakuba7_no_odor,5839,5839,True
2024.09.25_14-41-17_Yakuba7_no_odor,5844,5844,True
2024.09.25_14-41-17_Yakuba7_no_odor,5851,5851,True
2024.09.25_14-41-17_Yakuba7_no_odor,5860,5860,True
2024.09.25_14-41-17_Yakuba7_no_odor,5864,5864,True
2024.09.25_14-41-17_Yakuba7_no_odor,5875,5875,True
2024.09.25_14-41-17_Yakuba7_no_odor,5906,5906,True
2024.09.25_14-41-17_Yakuba7_no_odor,5911,5911,True
2024.09.25_14-41-17_Yakuba7_no_odor,5948,5948,True
2024.09.25_14-41-17_Yakuba7_no_odor,6133,6133,True
2024.09.25_14-41-17_Yakuba7_no_odor,6135,6152,True
2024.09.25_14-41-17_Yakuba7_no_odor,6154,6158,True
2024.09.25_14-41-17_Yakuba7_no_odor,6160,6210,True
2024.09.25_14-41-17_Yakuba7_no_odor,6212,6217,True
2024.09.25_14-41-17_Yakuba7_no_odor,6219,6219,True
2024.09.25_14-41-17_Yakuba7_no_odor,6221,6224,True
2024.09.25_14-41-17_Yakuba7_no_odor,6226,6242,True
2024.09.25_14-41-17_Yakuba7_no_odor,6245,6252,True
2024.09.25_14-41-17_Yakuba7_no_odor,6256,6257,True
2024.09.25_14-41-17_Yakuba7_no_odor,6262,6266,True
2024.09.25_14-41-17_Yakuba7_no_odor,6268,6268,True
2024.09.25_14-41-17_Yakuba7_no_odor,6270,6270,True
2024.09.25_14-41-17_Yakuba7_no_odor,6272,6273,True
2024.09.25_14-41-17_Yakuba7_no_odor,6276,6276,True
2024.09.25_14-41-17_Yakuba7_no_odor,6278,6279,True
2024.09.25_14-41-17_Yakuba7_no_odor,6283,6286,True
2024.09.25_14-41-17_Yakuba7_no_odor,6288,6294,True
2024.09.25_14-41-17_Yakuba7_no_odor,6296,6298,True
2024.09.25_14-41-17_Yakuba7_no_odor,6300,6301,True
2024.09.25_14-41-17_Yakuba7_no_odor,6305,6306,True
2024.09.25_14-41-17_Yakuba7_no_odor,6308,6308,True
2024.09.25_14-41-17_Yakuba7_no_odor,6311,6312,True
2024.09.25_14-41-17_Yakuba7_no_odor,6315,6315,True
2024.09.25_14-41-17_Yakuba7_no_odor,6317,6318,True
2024.09.25_14-41-17_Yakuba7_no_odor,6321,6322,True
2024.09.25_14-41-17_Yakuba7_no_odor,6325,6325,True
2024.09.25_14-41-17_Yakuba7_no_odor,6330,6330,True
2024.09.25_14-41-17_Yakuba7_no_odor,6334,6334,True
2024.09.25_14-41-17_Yakuba7_no_odor,6337,6342,True
2024.09.25_14-41-17_Yakuba7_no_odor,6348,6349,True
2024.09.25_14-41-17_Yakuba7_no_odor,6423,6616,True
2024.09.25_14-41-17_Yakuba7_no_odor,6618,6630,True
2024.09.25_14-41-17_Yakuba7_no_odor,6632,6635,True
2024.09.25_14-41-17_Yakuba7_no_odor,6640,6640,True
2024.09.25_14-41-17_Yakuba7_no_odor,6644,6647,True
2024.09.25_14-41-17_Yakuba7_no_odor,6649,6655,True
2024.09.25_14-41-17_Yakuba7_no_odor,6657,6662,True
2024.09.25_14-41-17_Yakuba7_no_odor,6664,6664,True
2024.09.25_14-41-17_Yakuba7_no_odor,6666,6670,True
2024.09.25_14-41-17_Yakuba7_no_odor,6672,6674,True
2024.09.25_14-41-17_Yakuba7_no_odor,6677,6679,True
2024.09.25_14-41-17_Yakuba7_no_odor,6682,6688,True
2024.09.25_14-41-17_Yakuba7_no_odor,6690,6690,True
2024.09.25_14-41-17_Yakuba7_no_odor,6692,6698,True
2024.09.25_14-41-17_Yakuba7_no_odor,6700,6702,True
2024.09.25_14-41-17_Yakuba7_no_odor,6704,6704,True
2024.09.25_14-41-17_Yakuba7_no_odor,6706,6718,True
2024.09.25_14-41-17_Yakuba7_no_odor,6720,6729,True
2024.09.25_14-41-17_Yakuba7_no_odor,6732,6734,True
2024.09.25_14-41-17_Yakuba7_no_odor,6736,6740,True
2024.09.25_14-41-17_Yakuba7_no_odor,6743,6744,True
2024.09.25_14-41-17_Yakuba7_no_odor,6746,6754,True
2024.09.25_14-41-17_Yakuba7_no_odor,6756,6761,True
2024.09.25_14-41-17_Yakuba7_no_odor,6763,8988,True
2024.11.14_21-01-07_Sto_car_e2hex,164,164,True
2024.11.14_21-01-07_Sto_car_e2hex,172,174,True
2024.11.14_21-01-07_Sto_car_e2hex,176,176,True
2024.11.14_21-01-07_Sto_car_e2hex,181,187,True
2024.11.14_21-01-07_Sto_car_e2hex,190,190,True
2024.11.14_21-01-07_Sto_car_e2hex,193,194,True
2024.11.14_21-01-07_Sto_car_e2hex,202,209,True
2024.11.14_21-01-07_Sto_car_e2hex,211,213,True
2024.11.14_21-01-07_Sto_car_e2hex,215,224,True
2024.11.14_21-01-07_Sto_car_e2hex,226,228,True
2024.11.14_21-01-07_Sto_car_e2hex,230,237,True
2024.11.14_21-01-07_Sto_car_e2hex,239,1542,True
2024.11.14_21-01-07_Sto_car_e2hex,3079,3089,True
2024.11.14_21-01-07_Sto_car_e2hex,3091,3959,True
2024.11.14_21-01-07_Sto_car_e2hex,7013,7013,True
2024.11.14_21-01-07_Sto_car_e2hex,7015,7016,True
2024.11.14_21-01-07_Sto_car_e2hex,7018,7019,True
2024.11.14_21-01-07_Sto_car_e2hex,7163,7225,True
2024.11.14_21-01-07_Sto_car_e2hex,7227,7233,True
2024.11.14_21-01-07_Sto_car_e2hex,7235,7249,True
2024.11.14_21-01-07_Sto_car_e2hex,7251,7259,True
2024.11.14_21-01-07_Sto_car_e2hex,7261,7261,True
2024.11.14_21-01-07_Sto_car_e2hex,7263,7297,True
2024.11.14_21-01-07_Sto_car_e2hex,7299,7310,True
2024.11.14_21-01-07_Sto_car_e2hex,7312,7312,True
2024.11.14_21-01-07_Sto_car_e2hex,7314,7428,True
2024.11.14_21-01-07_Sto_car_e2hex,7430,7443,True
2024.11.14_21-01-07_Sto_car_e2hex,7445,7468,True
2024.11.14_21-01-07_Sto_car_e2hex,7470,7539,True
2024.11.14_21-01-07_Sto_car_e2hex,7541,7543,True
2024.11.14_21-01-07_Sto_car_e2hex,7545,7550,True
2024.11.14_21-01-07_Sto_car_e2hex,7552,7563,True
2024.11.14_21-01-07_Sto_car_e2hex,7565,7566,True
2024.11.14_21-01-07_Sto_car_e2hex,7587,7638,True
2024.11.14_21-01-07_Sto_car_e2hex,7642,7645,True
2024.11.14_21-01-07_Sto_car_e2hex,7647,7665,True
2024.11.14_21-01-07_Sto_car_e2hex,7667,7677,True
2024.11.14_21-01-07_Sto_car_e2hex,7679,7686,True
2024.11.14_21-01-07_Sto_car_e2hex,7688,7696,True
2024.11.14_21-01-07_Sto_car_e2hex,7698,7700,True
2024.11.14_21-01-07_Sto_car_e2hex,7702,7729,True
2024.11.14_21-01-07_Sto_car_e2hex,7731,7761,True
2024.11.14_21-01-07_Sto_car_e2hex,7763,7763,True
2024.11.14_21-01-07_Sto_car_e2hex,7765,7768,True
2024.11.14_21-01-07_Sto_car_e2hex,7770,7779,True
2024.11.14_21-01-07_Sto_car_e2hex,7781,7793,True
2024.11.14_21-01-07_Sto_car_e2hex,7795,7796,True
2024.11.14_21-01-07_Sto_car_e2hex,7798,7813,True
2024.11.14_21-01-07_Sto_car_e2hex,7815,7895,True
2024.11.14_21-01-07_Sto_car_e2hex,7897,7946,True
2024.11.14_21-01-07_Sto_car_e2hex,8173,8173,True
2024.11.14_21-01-07_Sto_car_e2hex,8184,8203,True
2024.11.14_21-01-07_Sto_car_e2hex,8206,8208,True
2024.11.14_21-01-07_Sto_car_e2hex,8210,8212,True
2024.11.14_21-01-07_Sto_car_e2hex,8214,8215,True
2024.11.14_21-01-07_Sto_car_e2hex,8217,8217,True
2024.11.14_21-01-07_Sto_car_e2hex,8221,8266,True
2024.11.14_21-01-07_Sto_car_e2hex,8268,8272,True
2024.11.14_21-01-07_Sto_car_e2hex,8274,8293,True
2024.11.14_21-01-07_Sto_car_e2hex,8295,8300,True
2024.11.14_21-01-07_Sto_car_e2hex,8302,8305,True
2024.11.14_21-01-07_Sto_car_e2hex,8310,8316,True
2024.11.14_21-01-07_Sto_car_e2hex,8321,8324,True
2024.11.14_21-01-07_Sto_car_e2hex,8332,8333,True
2024.11.14_21-01-07_Sto_car_e2hex,8335,8335,True
2024.11.14_21-01-07_Sto_car_e2hex,8337,8339,True
2024.11.14_21-01-07_Sto_car_e2hex,8347,8353,True
2024.11.14_21-01-07_Sto_car_e2hex,8355,8355,True
2024.11.14_21-01-07_Sto_car_e2hex,8357,8358,True
2024.11.14_21-01-07_Sto_car_e2hex,8361,8366,True
2024.11.14_21-01-07_Sto_car_e2hex,8368,8372,True
2024.11.14_21-01-07_Sto_car_e2hex,8374,8374,True
2024.11.14_21-01-07_Sto_car_e2hex,8381,8381,True
2024.11.14_21-01-07_Sto_car_e2hex,8404,8416,True
2024.11.14_21-01-07_Sto_car_e2hex,8421,8421,True
2024.11.14_21-01-07_Sto_car_e2hex,8425,8430,True
2024.11.14_21-01-07_Sto_car_e2hex,8432,8434,True
2024.11.14_21-01-07_Sto_car_e2hex,8437,8448,True
2024.11.14_21-01-07_Sto_car_e2hex,8462,8466,True
2024.11.14_21-01-07_Sto_car_e2hex,8470,8471,True
2024.11.14_21-01-07_Sto_car_e2hex,8519,8562,True
2024.11.14_21-01-07_Sto_car_e2hex,8564,8568,True
2024.11.14_21-01-07_Sto_car_e2hex,8570,8590,True
2024.11.14_21-01-07_Sto_car_e2hex,8592,8604,True
2024.11.14_21-01-07_Sto_car_e2hex,8606,8680,True
2024.11.14_21-01-07_Sto_car_e2hex,8682,8714,True
2024.11.14_21-01-07_Sto_car_e2hex,8716,8877,True
2024.11.14_21-01-07_Sto_car_e2hex,8879,8957,True
2024.11.14_21-01-07_Sto_car_e2hex,8961,8963,True
2024.11.14_21-01-07_Sto_car_e2hex,8965,8966,True
2024.11.14_21-01-07_Sto_car_e2hex,8968,8972,True
2024.11.14_21-01-07_Sto_car_e2hex,8974,8974,True
2024.11.14_21-01-07_Sto_car_e2hex,8976,8979,True
2024.11.14_21-01-07_Sto_car_e2hex,8981,8989,True
2024.11.14_21-01-07_Sto_car_e2hex,8991,8994,True
2024.07.09_13-08-32_Riverside (MetBen),3,19,True
2024.07.09_13-08-32_Riverside (MetBen),474,474,True
2024.07.09_13-08-32_Riverside (MetBen),533,533,True
2024.07.09_13-08-32_Riverside (MetBen),535,536,True
2024.07.09_13-08-32_Riverside (MetBen),546,546,True
2024.07.09_13-08-32_Riverside (MetBen),548,551,True
2024.07.09_13-08-32_Riverside (MetBen),563,565,True
2024.07.09_13-08-32_Riverside (MetBen),570,576,True
2024.07.09_13-08-32_Riverside (MetBen),578,578,True
2024.07.09_13-08-32_Riverside (MetBen),583,584,True
2024.07.09_13-08-32_Riverside (MetBen),597,597,True
2024.07.09_13-08-32_Riverside (MetBen),606,606,True
2024.07.09_13-08-32_Riverside (MetBen),615,615,True
2024.07.09_13-08-32_Riverside (MetBen),618,618,True
2024.07.09_13-08-32_Riverside (MetBen),627,627,True
2024.07.09_13-08-32_Riverside (MetBen),636,636,True
2024.07.09_13-08-32_Riverside (MetBen),654,654,True
2024.07.09_13-08-32_Riverside (MetBen),658,658,True
2024.07.09_13-08-32_Riverside (MetBen),663,663,True
2024.07.09_13-08-32_Riverside (MetBen),670,670,True
2024.07.09_13-08-32_Riverside (MetBen),678,678,True
2024.07.09_13-08-32_Riverside (MetBen),681,681,True
2024.07.09_13-08-32_Riverside (MetBen),685,685,True
2024.07.09_13-08-32_Riverside (MetBen),689,691,True
2024.07.09_13-08-32_Riverside (MetBen),693,693,True
2024.07.09_13-08-32_Riverside (MetBen),695,695,True
2024.07.09_13-08-32_Riverside (MetBen),697,735,True
2024.07.09_13-08-32_Riverside (MetBen),744,744,True
2024.07.09_13-08-32_Riverside (MetBen),746,754,True
2024.07.09_13-08-32_Riverside (MetBen),756,942,True
2024.07.09_13-08-32_Riverside (MetBen),944,946,True
2024.07.09_13-08-32_Riverside (MetBen),948,949,True
2024.07.09_13-08-32_Riverside (MetBen),951,957,True
2024.07.09_13-08-32_Riverside (MetBen),960,984,True
2024.07.09_13-08-32_Riverside (MetBen),986,989,True
2024.07.09_13-08-32_Riverside (MetBen),991,1065,True
2024.07.09_13-08-32_Riverside (MetBen),1079,1610,True
2024.07.09_13-08-32_Riverside (MetBen),2009,2013,True
2024.07.09_13-08-32_Riverside (MetBen),2088,2224,True
2024.07.09_13-08-32_Riverside (MetBen),2292,2322,True
2024.07.09_13-08-32_Riverside (MetBen),2324,2324,True
2024.07.09_13-08-32_Riverside (MetBen),2354,2409,True
2024.07.09_13-08-32_Riverside (MetBen),2460,2460,True
2024.07.09_13-08-32_Riverside (MetBen),2466,2466,True
2024.07.09_13-08-32_Riverside (MetBen),2470,2470,True
2024.07.09_13-08-32_Riverside (MetBen),2482,2482,True
2024.07.09_13-08-32_Riverside (MetBen),2489,2489,True
2024.07.09_13-08-32_Riverside (MetBen),3037,3037,True
2024.07.09_13-08-32_Riverside (MetBen),3063,3063,True
2024.07.09_13-08-32_Riverside (MetBen),3069,3069,True
2024.07.09_13-08-32_Riverside (MetBen),5807,5807,True
2024.07.09_13-08-32_Riverside (MetBen),5933,5935,True
2024.07.09_13-08-32_Riverside (MetBen),6050,6053,True
2024.07.09_13-08-32_Riverside (MetBen),6057,6080,True
2024.07.09_13-08-32_Riverside (MetBen),6095,6101,True
2024.07.09_13-08-32_Riverside (MetBen),6103,6104,True
2024.07.09_13-08-32_Riverside (MetBen),6116,7143,True
2024.07.09_13-08-32_Riverside (MetBen),7518,7605,True
2024.07.09_13-08-32_Riverside (MetBen),7683,7683,True
2024.07.09_13-08-32_Riverside (MetBen),7693,7693,True
2024.07.09_13-08-32_Riverside (MetBen),7720,7721,True
2024.07.09_13-08-32_Riverside (MetBen),7723,7723,True
2024.07.09_13-08-32_Riverside (MetBen),7725,7725,True
2024.07.09_13-08-32_Riverside (MetBen),7727,7727,True
2024.07.09_13-08-32_Riverside (MetBen),7752,7754,True
2024.07.09_13-08-32_Riverside (MetBen),7760,7763,True
2024.07.09_13-08-32_Riverside (MetBen),7775,7775,True
2024.07.09_13-08-32_Riverside (MetBen),7791,7792,True
2024.07.09_13-08-32_Riverside (MetBen),7796,7796,True
2024.10.03_14-07-09_Yakuba_cameroon_2hex,3,350,True
2024.10.03_14-07-09_Yakuba_cameroon_2hex,1696,2851,True
2024.10.03_14-07-09_Yakuba_cameroon_2hex,2966,2966,True
2024.10.03_14-07-09_Yakuba_cameroon_2hex,2969,3091,True
2024.10.03_14-07-09_Yakuba_cameroon_2hex,3093,3093,True
2024.10.03_14-07-09_Yakuba_cameroon_2hex,3099,3122,True
2024.10.03_14-07-09_Yakuba_cameroon_2hex,4074,4074,True
2024.10.03_14-07-09_Yakuba_cameroon_2hex,4327,4330,True
2024.10.03_14-07-09_Yakuba_cameroon_2hex,4408,4411,True
2024.10.03_14-07-09_Yakuba_cameroon_2hex,4413,4421,True
2024.10.03_14-07-09_Yakuba_cameroon_2hex,4546,4548,True
2024.10.03_14-07-09_Yakuba_cameroon_2hex,4550,4551,True
2024.10.03_14-07-09_Yakuba_cameroon_2hex,4554,4568,True
2024.10.03_14-07-09_Yakuba_cameroon_2hex,4607,4607,True
2024.10.03_14-07-09_Yakuba_cameroon_2hex,4612,4635,True
2024.10.03_14-07-09_Yakuba_cameroon_2hex,4644,4645,True
2024.10.03_14-07-09_Yakuba_cameroon_2hex,4647,4948,True
2024.10.03_14-07-09_Yakuba_cameroon_2hex,4952,4952,True
2024.10.03_14-07-09_Yakuba_cameroon_2hex,4954,4956,True
2024.10.03_14-07-09_Yakuba_cameroon_2hex,4958,4995,True
2024.10.03_14-07-09_Yakuba_cameroon_2hex,4997,4998,True
2024.10.03_14-07-09_Yakuba_cameroon_2hex,5006,5006,True
2024.10.03_14-07-09_Yakuba_cameroon_2hex,5011,5011,True
2024.10.03_14-07-09_Yakuba_cameroon_2hex,5013,5013,True
2024.10.03_14-07-09_Yakuba_cameroon_2hex,5015,5023,True
2024.10.03_14-07-09_Yakuba_cameroon_2hex,5025,5829,True
2024.10.03_14-07-09_Yakuba_cameroon_2hex,5831,5892,True
2024.10.03_14-07-09_Yakuba_cameroon_2hex,5900,5900,True
2024.10.03_14-07-09_Yakuba_cameroon_2hex,5905,6211,True
2024.10.03_14-07-09_Yakuba_cameroon_2hex,6213,6312,True
2024.10.03_14-07-09_Yakuba_cameroon_2hex,6314,6314,True
2024.10.03_14-07-09_Yakuba_cameroon_2hex,6320,6342,True
2024.10.03_14-07-09_Yakuba_cameroon_2hex,6347,6613,True
2024.10.03_14-07-09_Yakuba_cameroon_2hex,6615,6616,True
2024.10.03_14-07-09_Yakuba_cameroon_2hex,6618,6623,True
2024.10.03_14-07-09_Yakuba_cameroon_2hex,6625,6684,True
2024.10.03_14-07-09_Yakuba_cameroon_2hex,6686,6687,True
2024.10.03_14-07-09_Yakuba_cameroon_2hex,6689,6733,True
2024.10.03_14-07-09_Yakuba_cameroon_2hex,6752,6762,True
2024.10.03_14-07-09_Yakuba_cameroon_2hex,6764,6765,True
2024.10.03_14-07-09_Yakuba_cameroon_2hex,6767,6796,True
2024.10.03_14-07-09_Yakuba_cameroon_2hex,6811,7286,True
2024.11.12_06-49-11_Biarmipes_G224_e2hex,1138,3434,True
2024.11.12_06-49-11_Biarmipes_G224_e2hex,3454,3975,True
2024.11.12_06-49-11_Biarmipes_G224_e2hex,4191,4207,True
2024.11.12_06-49-11_Biarmipes_G224_e2hex,4300,4300,True
2024.11.12_06-49-11_Biarmipes_G224_e2hex,4310,4325,True
2024.11.12_06-49-11_Biarmipes_G224_e2hex,4333,4333,True
2024.11.12_06-49-11_Biarmipes_G224_e2hex,4336,4336,True
2024.11.12_06-49-11_Biarmipes_G224_e2hex,4383,4591,True
2024.11.12_06-49-11_Biarmipes_G224_e2hex,4601,4655,True
2024.11.12_06-49-11_Biarmipes_G224_e2hex,4658,4710,True
2024.11.12_06-49-11_Biarmipes_G224_e2hex,4712,4713,True
2024.11.12_06-49-11_Biarmipes_G224_e2hex,4717,4717,True
2024.11.12_06-49-11_Biarmipes_G224_e2hex,4762,4793,True
2024.11.12_06-49-11_Biarmipes_G224_e2hex,4808,4810,True
2024.11.12_06-49-11_Biarmipes_G224_e2hex,4814,4911,True
2024.11.12_06-49-11_Biarmipes_G224_e2hex,4913,4915,True
2024.11.12_06-49-11_Biarmipes_G224_e2hex,4923,5270,True
2024.11.12_06-49-11_Biarmipes_G224_e2hex,5905,6165,True
2024.11.12_06-49-11_Biarmipes_G224_e2hex,6230,6279,True
2024.11.12_06-49-11_Biarmipes_G224_e2hex,6478,6800,True
2024.11.12_06-49-11_Biarmipes_G224_e2hex,7794,8024,True
2024.11.12_06-49-11_Biarmipes_G224_e2hex,8026,8217,True
2024.11.12_06-49-11_Biarmipes_G224_e2hex,8219,8269,True
2024.11.12_06-49-11_Biarmipes_G224_e2hex,8288,8290,True
2024.11.12_06-49-11_Biarmipes_G224_e2hex,8292,8297,True
2024.11.12_06-49-11_Biarmipes_G224_e2hex,8302,8302,True
2024.11.12_06-49-11_Biarmipes_G224_e2hex,8304,8349,True
2024.11.12_06-49-11_Biarmipes_G224_e2hex,8370,8379,True
2024.11.12_06-49-11_Biarmipes_G224_e2hex,8381,8407,True
2024.11.12_06-49-11_Biarmipes_G224_e2hex,8409,8410,True
2024.11.12_06-49-11_Biarmipes_G224_e2hex,8412,8416,True
2024.11.12_06-49-11_Biarmipes_G224_e2hex,8421,8465,True
2024.10.18_12-03-26_Riverside_prenac,4934,4935,True
2024.10.18_12-03-26_Riverside_prenac,4937,4938,True
2024.10.18_12-03-26_Riverside_prenac,4942,5620,True
2024.10.18_12-03-26_Riverside_prenac,6995,6995,True
2024.10.18_12-03-26_Riverside_prenac,6997,6998,True
2024.10.18_12-03-26_Riverside_prenac,7000,7001,True
2024.10.18_12-03-26_Riverside_prenac,7003,7003,True
2024.10.18_12-03-26_Riverside_prenac,7005,7005,True
2024.10.18_12-03-26_Riverside_prenac,7007,7008,True
2024.10.18_12-03-26_Riverside_prenac,7012,7012,True
2024.10.18_12-03-26_Riverside_prenac,7015,7015,True
2024.10.18_12-03-26_Riverside_prenac,7019,7019,True
2024.10.18_12-03-26_Riverside_prenac,7066,7070,True
2024.10.18_12-03-26_Riverside_prenac,7118,7164,True
2024.10.18_12-03-26_Riverside_prenac,7166,7166,True
2024.10.18_12-03-26_Riverside_prenac,7174,7174,True
2024.10.18_12-03-26_Riverside_prenac,7182,7189,True
2024.10.18_12-03-26_Riverside_prenac,7191,7206,True
2024.10.18_12-03-26_Riverside_prenac,7208,7212,True
2024.10.18_12-03-26_Riverside_prenac,7214,7217,True
2024.10.18_12-03-26_Riverside_prenac,7219,7223,True
2024.10.18_12-03-26_Riverside_prenac,7225,7230,True
2024.10.18_12-03-26_Riverside_prenac,7232,7235,True
2024.10.18_12-03-26_Riverside_prenac,7237,7237,True
2024.10.18_12-03-26_Riverside_prenac,7240,7242,True
2024.10.18_12-03-26_Riverside_prenac,7244,7246,True
2024.10.18_12-03-26_Riverside_prenac,7248,7252,True
2024.10.18_12-03-26_Riverside_prenac,7254,7254,True
2024.10.18_12-03-26_Riverside_prenac,7257,7257,True
2024.10.18_12-03-26_Riverside_prenac,7259,7259,True
2024.10.18_12-03-26_Riverside_prenac,7262,7262,True
2024.10.18_12-03-26_Riverside_prenac,7264,7264,True
2024.10.18_12-03-26_Riverside_prenac,7266,7266,True
2024.10.18_12-03-26_Riverside_prenac,7270,7271,True
2024.10.18_12-03-26_Riverside_prenac,7276,7276,True
2024.10.18_12-03-26_Riverside_prenac,7282,7282,True
2024.10.18_12-03-26_Riverside_prenac,7284,7284,True
2024.10.18_12-03-26_Riverside_prenac,7288,7289,True
2024.10.18_12-03-26_Riverside_prenac,7292,7292,True
2024.10.18_12-03-26_Riverside_prenac,7301,7301,True
2024.10.18_12-03-26_Riverside_prenac,7311,7316,True
2024.10.18_12-03-26_Riverside_prenac,7324,7324,True
2024.10.18_12-03-26_Riverside_prenac,7334,7334,True
2024.10.18_12-03-26_Riverside_prenac,7337,7337,True
2024.10.18_12-03-26_Riverside_prenac,7349,7349,True
2024.10.18_12-03-26_Riverside_prenac,7353,7353,True
2024.10.18_12-03-26_Riverside_prenac,7358,7358,True
2024.10.18_12-03-26_Riverside_prenac,7363,7363,True
2024.10.18_12-03-26_Riverside_prenac,7365,7365,True
2024.10.18_12-03-26_Riverside_prenac,7368,7368,True
2024.10.18_12-03-26_Riverside_prenac,7370,7371,True
2024.10.18_12-03-26_Riverside_prenac,7373,7373,True
2024.10.18_12-03-26_Riverside_prenac,7380,7380,True
2024.10.18_12-03-26_Riverside_prenac,7385,7385,True
2024.10.18_12-03-26_Riverside_prenac,7399,7399,True
2024.10.18_12-03-26_Riverside_prenac,7401,7402,True
2024.10.18_12-03-26_Riverside_prenac,7404,7405,True
2024.10.18_12-03-26_Riverside_prenac,7409,7409,True
2024.10.18_12-03-26_Riverside_prenac,7413,7414,True
2024.10.18_12-03-26_Riverside_prenac,7420,7420,True
2024.10.18_12-03-26_Riverside_prenac,7423,7423,True
2024.10.18_12-03-26_Riverside_prenac,7426,7426,True
2024.10.18_12-03-26_Riverside_prenac,7431,7432,True
2024.10.18_12-03-26_Riverside_prenac,7434,7435,True
2024.10.18_12-03-26_Riverside_prenac,7444,7444,True
2024.10.18_12-03-26_Riverside_prenac,7449,7449,True
2024.10.18_12-03-26_Riverside_prenac,7461,7463,True
2024.10.18_12-03-26_Riverside_prenac,7468,7468,True
2024.10.18_12-03-26_Riverside_prenac,7499,7499,True
2024.10.18_12-03-26_Riverside_prenac,7505,7511,True
2024.10.18_12-03-26_Riverside_prenac,7516,7516,True
2024.10.18_12-03-26_Riverside_prenac,7519,7520,True
2024.10.18_12-03-26_Riverside_prenac,7527,7535,True
2024.10.18_12-03-26_Riverside_prenac,7538,7780,True
2024.10.18_12-03-26_Riverside_prenac,7782,8081,True
2024.10.18_12-03-26_Riverside_prenac,8613,8635,True
2024.10.18_12-03-26_Riverside_prenac,8638,8652,True
2024.10.18_12-03-26_Riverside_prenac,8654,8662,True
2024.10.18_12-03-26_Riverside_prenac,8664,8668,True
2024.10.18_12-03-26_Riverside_prenac,8671,8677,True
2024.10.18_12-03-26_Riverside_prenac,8679,8681,True
2024.10.18_12-03-26_Riverside_prenac,8683,8685,True
2024.10.18_12-03-26_Riverside_prenac,8687,8689,True
2024.10.18_12-03-26_Riverside_prenac,8692,8693,True
2024.10.18_12-03-26_Riverside_prenac,8695,8721,True
2024.10.18_12-03-26_Riverside_prenac,8740,8741,True
2024.10.18_12-03-26_Riverside_prenac,8743,8749,True
2024.10.18_12-03-26_Riverside_prenac,8751,8759,True
2024.10.18_12-03-26_Riverside_prenac,8761,8775,True
2024.10.18_12-03-26_Riverside_prenac,8777,8779,True
2024.10.18_12-03-26_Riverside_prenac,8785,8786,True
2024.10.18_12-03-26_Riverside_prenac,8788,8788,True
2024.10.18_12-03-26_Riverside_prenac,8795,8812,True
2024.10.18_12-03-26_Riverside_prenac,8814,8817,True
2024.10.18_12-03-26_Riverside_prenac,8819,8822,True
2024.10.18_12-03-26_Riverside_prenac,8824,8876,True
2024.10.18_12-03-26_Riverside_prenac,8885,8885,True
2024.10.18_12-03-26_Riverside_prenac,8896,8896,True
2024.10.18_12-03-26_Riverside_prenac,8898,8907,True
2024.10.18_12-03-26_Riverside_prenac,8912,8928,True
2024.10.18_12-03-26_Riverside_prenac,8930,8939,True
2024.10.18_12-03-26_Riverside_prenac,8941,8943,True
2024.10.18_12-03-26_Riverside_prenac,8945,8978,True
2024.10.07_14-22-45_Yakuba7_2hexanol,700,1220,True
2024.10.07_14-22-45_Yakuba7_2hexanol,1222,1292,True
2024.10.07_14-22-45_Yakuba7_2hexanol,1294,2359,True
2024.10.07_14-22-45_Yakuba7_2hexanol,4616,4630,True
2024.10.07_14-22-45_Yakuba7_2hexanol,4648,4648,True
2024.10.07_14-22-45_Yakuba7_2hexanol,4651,4651,True
2024.10.07_14-22-45_Yakuba7_2hexanol,4653,4653,True
2024.10.07_14-22-45_Yakuba7_2hexanol,4662,4662,True
2024.10.07_14-22-45_Yakuba7_2hexanol,4664,4664,True
2024.10.07_14-22-45_Yakuba7_2hexanol,4666,4668,True
2024.10.07_14-22-45_Yakuba7_2hexanol,4670,4673,True
2024.10.07_14-22-45_Yakuba7_2hexanol,4675,5938,True
2024.10.07_14-22-45_Yakuba7_2hexanol,5940,7151,True
2024.10.07_14-22-45_Yakuba7_2hexanol,7153,7952,True
2024.10.11_12-26-48_Sto_car_2hexanol,3,133,True
2024.10.11_12-26-48_Sto_car_2hexanol,3579,3594,True
2024.10.11_12-26-48_Sto_car_2hexanol,3596,3681,True
2024.10.11_12-26-48_Sto_car_2hexanol,3941,4015,True
2024.10.11_12-26-48_Sto_car_2hexanol,4018,4018,True
2024.10.11_12-26-48_Sto_car_2hexanol,4021,4022,True
2024.10.11_12-26-48_Sto_car_2hexanol,4074,4074,True
2024.10.11_12-26-48_Sto_car_2hexanol,4076,4982,True
2024.10.11_12-26-48_Sto_car_2hexanol,4984,4985,True
2024.10.11_12-26-48_Sto_car_2hexanol,4987,4987,True
2024.10.11_12-26-48_Sto_car_2hexanol,4989,5003,True
2024.10.11_12-26-48_Sto_car_2hexanol,5006,5007,True
2024.10.11_12-26-48_Sto_car_2hexanol,5010,5011,True
2024.10.11_12-26-48_Sto_car_2hexanol,6697,6937,True
2024.10.11_12-26-48_Sto_car_2hexanol,6940,6951,True
2024.10.11_12-26-48_Sto_car_2hexanol,7134,7327,True
2024.10.11_12-26-48_Sto_car_2hexanol,7329,7331,True
2024.10.11_12-26-48_Sto_car_2hexanol,7333,7619,True
2024.10.11_12-26-48_Sto_car_2hexanol,7676,7971,True
2024.10.11_12-26-48_Sto_car_2hexanol,8031,8033,True
2024.10.11_12-26-48_Sto_car_2hexanol,8756,8999,True
2024.10.17_14-07-03_Biarmipes_G224_prenac,3,206,True
2024.10.17_14-07-03_Biarmipes_G224_prenac,209,212,True
2024.10.17_14-07-03_Biarmipes_G224_prenac,214,215,True
2024.10.17_14-07-03_Biarmipes_G224_prenac,222,222,True
2024.10.17_14-07-03_Biarmipes_G224_prenac,320,379,True
2024.10.17_14-07-03_Biarmipes_G224_prenac,381,388,True
2024.10.17_14-07-03_Biarmipes_G224_prenac,390,390,True
2024.10.17_14-07-03_Biarmipes_G224_prenac,413,414,True
2024.10.17_14-07-03_Biarmipes_G224_prenac,416,417,True
2024.10.17_14-07-03_Biarmipes_G224_prenac,420,420,True
2024.10.17_14-07-03_Biarmipes_G224_prenac,423,607,True
2024.10.17_14-07-03_Biarmipes_G224_prenac,1561,1561,True
2024.10.17_14-07-03_Biarmipes_G224_prenac,1565,1567,True
2024.10.17_14-07-03_Biarmipes_G224_prenac,1571,1574,True
2024.10.17_14-07-03_Biarmipes_G224_prenac,1577,1579,True
2024.10.17_14-07-03_Biarmipes_G224_prenac,1581,1582,True
2024.10.17_14-07-03_Biarmipes_G224_prenac,1584,1608,True
2024.10.17_14-07-03_Biarmipes_G224_prenac,1610,1616,True
2024.10.17_14-07-03_Biarmipes_G224_prenac,1618,1619,True
2024.10.17_14-07-03_Biarmipes_G224_prenac,1621,1624,True
2024.10.17_14-07-03_Biarmipes_G224_prenac,1655,1694,True
2024.10.17_14-07-03_Biarmipes_G224_prenac,1696,2278,True
2024.10.17_14-07-03_Biarmipes_G224_prenac,2280,3276,True
2024.10.17_14-07-03_Biarmipes_G224_prenac,3278,3278,True
2024.10.17_14-07-03_Biarmipes_G224_prenac,3280,3283,True
2024.10.17_14-07-03_Biarmipes_G224_prenac,7394,7394,True
2024.10.17_14-07-03_Biarmipes_G224_prenac,7398,7398,True
2024.10.17_14-07-03_Biarmipes_G224_prenac,7408,7412,True
2024.10.17_14-07-03_Biarmipes_G224_prenac,7418,7421,True
2024.10.17_14-07-03_Biarmipes_G224_prenac,7424,7424,True
2024.10.17_14-07-03_Biarmipes_G224_prenac,7427,7428,True
2024.10.17_14-07-03_Biarmipes_G224_prenac,7430,7431,True
2024.10.17_14-07-03_Biarmipes_G224_prenac,7433,7433,True
2024.10.17_14-07-03_Biarmipes_G224_prenac,7435,7435,True
2024.10.17_14-07-03_Biarmipes_G224_prenac,7437,7439,True
2024.10.17_14-07-03_Biarmipes_G224_prenac,7442,7443,True
2024.10.17_14-07-03_Biarmipes_G224_prenac,7498,7500,True
2024.10.17_14-07-03_Biarmipes_G224_prenac,7502,7502,True
2024.10.17_14-07-03_Biarmipes_G224_prenac,7508,7508,True
2024.10.17_14-07-03_Biarmipes_G224_prenac,7510,7510,True
2024.10.17_14-07-03_Biarmipes_G224_prenac,7515,7515,True
2024.10.17_14-07-03_Biarmipes_G224_prenac,7522,7522,True
2024.10.17_14-07-03_Biarmipes_G224_prenac,7524,7524,True
2024.10.17_14-07-03_Biarmipes_G224_prenac,7532,7533,True
2024.10.17_14-07-03_Biarmipes_G224_prenac,7559,7559,True
2024.10.17_14-07-03_Biarmipes_G224_prenac,7561,7564,True
2024.10.17_14-07-03_Biarmipes_G224_prenac,7570,7573,True
2024.10.17_14-07-03_Biarmipes_G224_prenac,7575,7575,True
2024.10.17_14-07-03_Biarmipes_G224_prenac,7580,7580,True
2024.10.17_14-07-03_Biarmipes_G224_prenac,7597,7599,True
2024.10.17_14-07-03_Biarmipes_G224_prenac,7602,7602,True
2024.10.17_14-07-03_Biarmipes_G224_prenac,7606,7608,True
2024.10.17_14-07-03_Biarmipes_G224_prenac,7610,7611,True
2024.10.17_14-07-03_Biarmipes_G224_prenac,7613,7615,True
2024.10.17_14-07-03_Biarmipes_G224_prenac,7617,7621,True
2024.10.17_14-07-03_Biarmipes_G224_prenac,7625,7626,True
2024.10.17_14-07-03_Biarmipes_G224_prenac,7628,7629,True
2024.10.17_14-07-03_Biarmipes_G224_prenac,7631,7631,True
2024.10.17_14-07-03_Biarmipes_G224_prenac,7679,7679,True
2024.10.17_14-07-03_Biarmipes_G224_prenac,7683,7685,True
2024.10.17_14-07-03_Biarmipes_G224_prenac,7687,7687,True
2024.10.17_14-07-03_Biarmipes_G224_prenac,7689,7690,True
2024.10.17_14-07-03_Biarmipes_G224_prenac,7692,7692,True
2024.10.17_14-07-03_Biarmipes_G224_prenac,7694,7696,True
2024.10.17_14-07-03_Biarmipes_G224_prenac,7701,7703,True
2024.10.17_14-07-03_Biarmipes_G224_prenac,7707,7707,True
2024.10.17_14-07-03_Biarmipes_G224_prenac,7709,7711,True
2024.10.17_14-07-03_Biarmipes_G224_prenac,7713,7713,True
2024.10.17_14-07-03_Biarmipes_G224_prenac,7715,7715,True
2024.10.17_14-07-03_Biarmipes_G224_prenac,7719,7720,True
2024.10.17_14-07-03_Biarmipes_G224_prenac,7723,7725,True
2024.10.17_14-07-03_Biarmipes_G224_prenac,7728,7730,True
2024.10.17_14-07-03_Biarmipes_G224_prenac,7732,7734,True
2024.10.17_14-07-03_Biarmipes_G224_prenac,7736,7741,True
2024.10.17_14-07-03_Biarmipes_G224_prenac,7743,7744,True
2024.10.17_14-07-03_Biarmipes_G224_prenac,7746,7746,True
2024.10.17_14-07-03_Biarmipes_G224_prenac,7749,7750,True
2024.10.17_14-07-03_Biarmipes_G224_prenac,7753,8004,True
2024.10.17_14-07-03_Biarmipes_G224_prenac,8006,8028,True
2024.10.17_14-07-03_Biarmipes_G224_prenac,8030,8052,True
2024.10.17_14-07-03_Biarmipes_G224_prenac,8054,8063,True
2024.10.17_14-07-03_Biarmipes_G224_prenac,8065,8066,True
2024.10.17_14-07-03_Biarmipes_G224_prenac,8068,8070,True
2024.10.17_14-07-03_Biarmipes_G224_prenac,8072,8072,True
2024.10.17_14-07-03_Biarmipes_G224_prenac,8074,8074,True
2024.10.17_14-07-03_Biarmipes_G224_prenac,8077,8081,True
2024.10.17_14-07-03_Biarmipes_G224_prenac,8084,8088,True
2024.10.17_14-07-03_Biarmipes_G224_prenac,8090,8093,True
2024.10.17_14-07-03_Biarmipes_G224_prenac,8095,8111,True
2024.10.17_14-07-03_Biarmipes_G224_prenac,8113,8116,True
2024.10.17_14-07-03_Biarmipes_G224_prenac,8118,8176,True
2024.10.17_14-07-03_Biarmipes_G224_prenac,8178,8187,True
2024.10.17_14-07-03_Biarmipes_G224_prenac,8189,8940,True
2024.10.15_12-26-07_sussex_prenac,283,339,True
2024.10.15_12-26-07_sussex_prenac,1939,1950,True
2024.10.15_12-26-07_sussex_prenac,1954,1966,True
2024.10.15_12-26-07_sussex_prenac,1970,1973,True
2024.10.15_12-26-07_sussex_prenac,1983,1996,True
2024.10.15_12-26-07_sussex_prenac,1999,1999,True
2024.10.15_12-26-07_sussex_prenac,2004,2005,True
2024.10.15_12-26-07_sussex_prenac,2009,2010,True
2024.10.15_12-26-07_sussex_prenac,2019,2032,True
2024.10.15_12-26-07_sussex_prenac,2034,2035,True
2024.10.15_12-26-07_sussex_prenac,2046,2063,True
2024.10.15_12-26-07_sussex_prenac,2065,2070,True
2024.10.15_12-26-07_sussex_prenac,2072,2073,True
2024.10.15_12-26-07_sussex_prenac,2076,2084,True
2024.10.15_12-26-07_sussex_prenac,2087,2087,True
2024.10.15_12-26-07_sussex_prenac,2091,2091,True
2024.10.15_12-26-07_sussex_prenac,2095,2100,True
2024.10.15_12-26-07_sussex_prenac,2104,2105,True
2024.10.15_12-26-07_sussex_prenac,2107,2113,True
2024.10.15_12-26-07_sussex_prenac,2115,2115,True
2024.10.15_12-26-07_sussex_prenac,2117,2119,True
2024.10.15_12-26-07_sussex_prenac,2128,2128,True
2024.10.15_12-26-07_sussex_prenac,2130,2130,True
2024.10.15_12-26-07_sussex_prenac,2132,2133,True
2024.10.15_12-26-07_sussex_prenac,2135,2135,True
2024.10.15_12-26-07_sussex_prenac,2137,2137,True
2024.10.15_12-26-07_sussex_prenac,2139,2139,True
2024.10.15_12-26-07_sussex_prenac,2147,2149,True
2024.10.15_12-26-07_sussex_prenac,2151,2155,True
2024.10.15_12-26-07_sussex_prenac,2158,2160,True
2024.10.15_12-26-07_sussex_prenac,2165,2165,True
2024.10.15_12-26-07_sussex_prenac,2167,2171,True
2024.10.15_12-26-07_sussex_prenac,2176,2177,True
2024.10.15_12-26-07_sussex_prenac,2179,2187,True
2024.10.15_12-26-07_sussex_prenac,2189,2195,True
2024.10.15_12-26-07_sussex_prenac,2197,2197,True
2024.10.15_12-26-07_sussex_prenac,2199,2200,True
2024.10.15_12-26-07_sussex_prenac,2203,2205,True
2024.10.15_12-26-07_sussex_prenac,2207,2209,True
2024.10.15_12-26-07_sussex_prenac,2211,2216,True
2024.10.15_12-26-07_sussex_prenac,2219,2219,True
2024.10.15_12-26-07_sussex_prenac,2222,2222,True
2024.10.15_12-26-07_sussex_prenac,2224,2225,True
2024.10.15_12-26-07_sussex_prenac,2228,2251,True
2024.10.15_12-26-07_sussex_prenac,2253,2258,True
2024.10.15_12-26-07_sussex_prenac,2260,2260,True
2024.10.15_12-26-07_sussex_prenac,2263,2266,True
2024.10.15_12-26-07_sussex_prenac,2269,2270,True
2024.10.15_12-26-07_sussex_prenac,2273,2274,True
2024.10.15_12-26-07_sussex_prenac,2276,2276,True
2024.10.15_12-26-07_sussex_prenac,2278,2278,True
2024.10.15_12-26-07_sussex_prenac,2280,2282,True
2024.10.15_12-26-07_sussex_prenac,2284,2289,True
2024.10.15_12-26-07_sussex_prenac,2294,2294,True
2024.10.15_12-26-07_sussex_prenac,2297,2297,True
2024.10.15_12-26-07_sussex_prenac,2300,2303,True
2024.10.15_12-26-07_sussex_prenac,2305,2305,True
2024.10.15_12-26-07_sussex_prenac,2307,2310,True
2024.10.15_12-26-07_sussex_prenac,2313,2319,True
2024.10.15_12-26-07_sussex_prenac,2321,2321,True
2024.10.15_12-26-07_sussex_prenac,2326,2326,True
2024.10.15_12-26-07_sussex_prenac,2332,2336,True
2024.10.15_12-26-07_sussex_prenac,2339,2342,True
2024.10.15_12-26-07_sussex_prenac,2345,2345,True
2024.10.15_12-26-07_sussex_prenac,2347,2349,True
2024.10.15_12-26-07_sussex_prenac,2351,2354,True
2024.10.15_12-26-07_sussex_prenac,2356,2363,True
2024.10.15_12-26-07_sussex_prenac,2366,2366,True
2024.10.15_12-26-07_sussex_prenac,2369,2371,True
2024.10.15_12-26-07_sussex_prenac,2374,2374,True
2024.10.15_12-26-07_sussex_prenac,2378,2380,True
2024.10.15_12-26-07_sussex_prenac,2395,2395,True
2024.10.15_12-26-07_sussex_prenac,2397,2398,True
2024.10.15_12-26-07_sussex_prenac,2400,2400,True
2024.10.15_12-26-07_sussex_prenac,2402,2402,True
2024.10.15_12-26-07_sussex_prenac,2406,2407,True
2024.10.15_12-26-07_sussex_prenac,2409,2416,True
2024.10.15_12-26-07_sussex_prenac,2418,2419,True
2024.10.15_12-26-07_sussex_prenac,2423,2427,True
2024.10.15_12-26-07_sussex_prenac,2429,2431,True
2024.10.15_12-26-07_sussex_prenac,2434,2437,True
2024.10.15_12-26-07_sussex_prenac,2439,2441,True
2024.10.15_12-26-07_sussex_prenac,2443,2444,True
2024.10.15_12-26-07_sussex_prenac,2447,2450,True
2024.10.15_12-26-07_sussex_prenac,2452,2462,True
2024.10.15_12-26-07_sussex_prenac,2465,2471,True
2024.10.15_12-26-07_sussex_prenac,2474,2503,True
2024.10.15_12-26-07_sussex_prenac,2506,2511,True
2024.10.15_12-26-07_sussex_prenac,2513,2513,True
2024.10.15_12-26-07_sussex_prenac,2515,2517,True
2024.10.15_12-26-07_sussex_prenac,2519,2520,True
2024.10.15_12-26-07_sussex_prenac,2522,2525,True
2024.10.15_12-26-07_sussex_prenac,2529,2529,True
2024.10.15_12-26-07_sussex_prenac,2531,2532,True
2024.10.15_12-26-07_sussex_prenac,2534,2534,True
2024.10.15_12-26-07_sussex_prenac,2536,2536,True
2024.10.15_12-26-07_sussex_prenac,2538,2540,True
2024.10.15_12-26-07_sussex_prenac,2542,2544,True
2024.10.15_12-26-07_sussex_prenac,2546,2547,True
2024.10.15_12-26-07_sussex_prenac,2550,2550,True
2024.10.15_12-26-07_sussex_prenac,2552,2552,True
2024.10.15_12-26-07_sussex_prenac,2555,2557,True
2024.10.15_12-26-07_sussex_prenac,2559,2561,True
2024.10.15_12-26-07_sussex_prenac,2563,2563,True
2024.10.15_12-26-07_sussex_prenac,2568,2570,True
2024.10.15_12-26-07_sussex_prenac,2574,2574,True
2024.10.15_12-26-07_sussex_prenac,2576,2579,True
2024.10.15_12-26-07_sussex_prenac,2581,2589,True
2024.10.15_12-26-07_sussex_prenac,2600,2604,True
2024.10.15_12-26-07_sussex_prenac,2606,2607,True
2024.10.15_12-26-07_sussex_prenac,2611,2611,True
2024.10.15_12-26-07_sussex_prenac,2614,2614,True
2024.10.15_12-26-07_sussex_prenac,2619,2619,True
2024.10.15_12-26-07_sussex_prenac,2624,2628,True
2024.10.15_12-26-07_sussex_prenac,2640,2641,True
2024.10.15_12-26-07_sussex_prenac,2649,2649,True
2024.10.15_12-26-07_sussex_prenac,2651,2651,True
2024.10.15_12-26-07_sussex_prenac,2654,2656,True
2024.10.15_12-26-07_sussex_prenac,2660,2661,True
2024.10.15_12-26-07_sussex_prenac,2663,2664,True
2024.10.15_12-26-07_sussex_prenac,2667,2667,True
2024.10.15_12-26-07_sussex_prenac,2669,2672,True
2024.10.15_12-26-07_sussex_prenac,2674,2675,True
2024.10.15_12-26-07_sussex_prenac,2677,2680,True
2024.10.15_12-26-07_sussex_prenac,2683,2683,True
2024.10.15_12-26-07_sussex_prenac,2685,2685,True
2024.10.15_12-26-07_sussex_prenac,2687,2687,True
2024.10.15_12-26-07_sussex_prenac,2689,2689,True
2024.10.15_12-26-07_sussex_prenac,2692,2696,True
2024.10.15_12-26-07_sussex_prenac,2698,2698,True
2024.10.15_12-26-07_sussex_prenac,2701,2701,True
2024.10.15_12-26-07_sussex_prenac,2703,2703,True
2024.10.15_12-26-07_sussex_prenac,2706,2706,True
2024.10.15_12-26-07_sussex_prenac,2708,2708,True
2024.10.15_12-26-07_sussex_prenac,2713,2713,True
2024.10.15_12-26-07_sussex_prenac,2717,2717,True
2024.10.15_12-26-07_sussex_prenac,2722,2724,True
2024.10.15_12-26-07_sussex_prenac,2726,2731,True
2024.10.15_12-26-07_sussex_prenac,2735,2744,True
2024.10.15_12-26-07_sussex_prenac,2746,2752,True
2024.10.15_12-26-07_sussex_prenac,2755,2756,True
2024.10.15_12-26-07_sussex_prenac,2759,2760,True
2024.10.15_12-26-07_sussex_prenac,2762,2766,True
2024.10.15_12-26-07_sussex_prenac,2771,2771,True
2024.10.15_12-26-07_sussex_prenac,2778,2781,True
2024.10.15_12-26-07_sussex_prenac,2783,2783,True
2024.10.15_12-26-07_sussex_prenac,2789,2789,True
2024.10.15_12-26-07_sussex_prenac,2794,2794,True
2024.10.15_12-26-07_sussex_prenac,2798,2798,True
2024.10.15_12-26-07_sussex_prenac,2800,2800,True
2024.10.15_12-26-07_sussex_prenac,2803,2803,True
2024.10.15_12-26-07_sussex_prenac,2806,2807,True
2024.10.15_12-26-07_sussex_prenac,2813,2813,True
2024.10.15_12-26-07_sussex_prenac,2818,2820,True
2024.10.15_12-26-07_sussex_prenac,2822,2822,True
2024.10.15_12-26-07_sussex_prenac,2824,2824,True
2024.10.15_12-26-07_sussex_prenac,2827,2829,True
2024.10.15_12-26-07_sussex_prenac,2831,2836,True
2024.10.15_12-26-07_sussex_prenac,2839,2844,True
2024.10.15_12-26-07_sussex_prenac,2846,2847,True
2024.10.15_12-26-07_sussex_prenac,2850,2850,True
2024.10.15_12-26-07_sussex_prenac,2852,2854,True
2024.10.15_12-26-07_sussex_prenac,2857,2859,True
2024.10.15_12-26-07_sussex_prenac,2862,2866,True
2024.10.15_12-26-07_sussex_prenac,2869,2871,True
2024.10.15_12-26-07_sussex_prenac,2873,2874,True
2024.10.15_12-26-07_sussex_prenac,2876,2883,True
2024.10.15_12-26-07_sussex_prenac,2885,2891,True
2024.10.15_12-26-07_sussex_prenac,2893,2906,True
2024.10.15_12-26-07_sussex_prenac,2908,2910,True
2024.10.15_12-26-07_sussex_prenac,2912,2920,True
2024.10.15_12-26-07_sussex_prenac,2922,2927,True
2024.10.15_12-26-07_sussex_prenac,2929,2929,True
2024.10.15_12-26-07_sussex_prenac,2931,2931,True
2024.10.15_12-26-07_sussex_prenac,2934,2942,True
2024.10.15_12-26-07_sussex_prenac,2944,2945,True
2024.10.15_12-26-07_sussex_prenac,2947,2950,True
2024.10.15_12-26-07_sussex_prenac,2952,2956,True
2024.10.15_12-26-07_sussex_prenac,2958,2960,True
2024.10.15_12-26-07_sussex_prenac,2962,2965,True
2024.10.15_12-26-07_sussex_prenac,2967,2967,True
2024.10.15_12-26-07_sussex_prenac,2969,2973,True
2024.10.15_12-26-07_sussex_prenac,2975,2976,True
2024.10.15_12-26-07_sussex_prenac,2979,2979,True
2024.10.15_12-26-07_sussex_prenac,2988,2988,True
2024.10.15_12-26-07_sussex_prenac,2990,2991,True
2024.10.15_12-26-07_sussex_prenac,2996,2996,True
2024.10.15_12-26-07_sussex_prenac,2999,3002,True
2024.10.15_12-26-07_sussex_prenac,3004,3015,True
2024.10.15_12-26-07_sussex_prenac,3018,3022,True
2024.10.15_12-26-07_sussex_prenac,3025,3025,True
2024.10.15_12-26-07_sussex_prenac,3027,3028,True
2024.10.15_12-26-07_sussex_prenac,3030,3030,True
2024.10.15_12-26-07_sussex_prenac,3032,3033,True
2024.10.15_12-26-07_sussex_prenac,3035,3036,True
2024.10.15_12-26-07_sussex_prenac,3038,3038,True
2024.10.15_12-26-07_sussex_prenac,3053,3053,True
2024.10.15_12-26-07_sussex_prenac,3056,3056,True
2024.10.15_12-26-07_sussex_prenac,3060,3060,True
2024.10.15_12-26-07_sussex_prenac,3062,3066,True
2024.10.15_12-26-07_sussex_prenac,3070,3071,True
2024.10.15_12-26-07_sussex_prenac,3073,3073,True
2024.10.15_12-26-07_sussex_prenac,3075,3075,True
2024.10.15_12-26-07_sussex_prenac,3078,3078,True
2024.10.15_12-26-07_sussex_prenac,3081,3081,True
2024.10.15_12-26-07_sussex_prenac,3083,3085,True
2024.10.15_12-26-07_sussex_prenac,3087,3088,True
2024.10.15_12-26-07_sussex_prenac,3090,3090,True
2024.10.15_12-26-07_sussex_prenac,3092,3092,True
2024.10.15_12-26-07_sussex_prenac,3095,3101,True
2024.10.15_12-26-07_sussex_prenac,3103,3109,True
2024.10.15_12-26-07_sussex_prenac,3111,3135,True
2024.10.15_12-26-07_sussex_prenac,3137,3174,True
2024.10.15_12-26-07_sussex_prenac,3176,3199,True
2024.10.15_12-26-07_sussex_prenac,3201,3214,True
2024.10.15_12-26-07_sussex_prenac,3216,3226,True
2024.10.15_12-26-07_sussex_prenac,3228,3264,True
2024.10.15_12-26-07_sussex_prenac,3266,3266,True
2024.10.15_12-26-07_sussex_prenac,3268,3322,True
2024.10.15_12-26-07_sussex_prenac,3324,3326,True
2024.10.15_12-26-07_sussex_prenac,3373,3374,True
2024.10.15_12-26-07_sussex_prenac,3382,3385,True
2024.10.15_12-26-07_sussex_prenac,3389,3403,True
2024.10.15_12-26-07_sussex_prenac,3550,3550,True
2024.10.15_12-26-07_sussex_prenac,3553,3553,True
2024.10.15_12-26-07_sussex_prenac,3555,3556,True
2024.10.15_12-26-07_sussex_prenac,3585,3621,True
2024.10.15_12-26-07_sussex_prenac,3740,3743,True
2024.10.15_12-26-07_sussex_prenac,3745,3767,True
2024.10.15_12-26-07_sussex_prenac,3939,3943,True
2024.10.15_12-26-07_sussex_prenac,3945,3945,True
2024.10.15_12-26-07_sussex_prenac,3948,3951,True
2024.10.15_12-26-07_sussex_prenac,3953,3987,True
2024.10.15_12-26-07_sussex_prenac,3992,3992,True
2024.10.15_12-26-07_sussex_prenac,3994,3994,True
2024.10.15_12-26-07_sussex_prenac,3996,4001,True
2024.10.15_12-26-07_sussex_prenac,4003,4011,True
2024.10.15_12-26-07_sussex_prenac,4013,4022,True
2024.10.15_12-26-07_sussex_prenac,4024,4042,True
2024.10.15_12-26-07_sussex_prenac,4044,4061,True
2024.10.15_12-26-07_sussex_prenac,4063,4097,True
2024.10.15_12-26-07_sussex_prenac,4099,4103,True
2024.10.15_12-26-07_sussex_prenac,4105,4139,True
2024.10.15_12-26-07_sussex_prenac,4141,4145,True
2024.10.15_12-26-07_sussex_prenac,4147,4158,True
2024.10.15_12-26-07_sussex_prenac,4160,4160,True
2024.10.15_12-26-07_sussex_prenac,4162,4166,True
2024.10.15_12-26-07_sussex_prenac,4168,4181,True
2024.10.15_12-26-07_sussex_prenac,4183,4204,True
2024.10.15_12-26-07_sussex_prenac,4232,4246,True
2024.10.15_12-26-07_sussex_prenac,4248,4264,True
2024.10.15_12-26-07_sussex_prenac,4266,4309,True
2024.10.15_12-26-07_sussex_prenac,4311,4315,True
2024.10.15_12-26-07_sussex_prenac,4317,4321,True
2024.10.15_12-26-07_sussex_prenac,4323,4375,True
2024.10.15_12-26-07_sussex_prenac,4377,4379,True
2024.10.15_12-26-07_sussex_prenac,4381,4465,True
2024.10.15_12-26-07_sussex_prenac,4467,4484,True
2024.10.15_12-26-07_sussex_prenac,4486,4509,True
2024.10.15_12-26-07_sussex_prenac,4511,4585,True
2024.10.15_12-26-07_sussex_prenac,4587,4608,True
2024.10.15_12-26-07_sussex_prenac,4610,4669,True
2024.10.15_12-26-07_sussex_prenac,4671,4686,True
2024.10.15_12-26-07_sussex_prenac,4688,4775,True
2024.10.15_12-26-07_sussex_prenac,4777,4845,True
2024.10.15_12-26-07_sussex_prenac,4847,4873,True
2024.10.15_12-26-07_sussex_prenac,5060,5060,True
2024.10.15_12-26-07_sussex_prenac,5138,5138,True
2024.10.15_12-26-07_sussex_prenac,5144,5155,True
2024.10.15_12-26-07_sussex_prenac,5158,5158,True
2024.10.15_12-26-07_sussex_prenac,5160,5167,True
2024.10.15_12-26-07_sussex_prenac,5169,5172,True
2024.10.15_12-26-07_sussex_prenac,5229,5231,True
2024.10.15_12-26-07_sussex_prenac,5259,5259,True
2024.10.15_12-26-07_sussex_prenac,5261,5296,True
2024.10.15_12-26-07_sussex_prenac,5298,5300,True
2024.10.15_12-26-07_sussex_prenac,5302,5302,True
2024.10.15_12-26-07_sussex_prenac,5308,5331,True
2024.10.15_12-26-07_sussex_prenac,5337,5337,True
2024.10.15_12-26-07_sussex_prenac,5339,5339,True
2024.10.15_12-26-07_sussex_prenac,5341,5342,True
2024.10.15_12-26-07_sussex_prenac,5344,5346,True
2024.10.15_12-26-07_sussex_prenac,5376,5376,True
2024.10.15_12-26-07_sussex_prenac,5380,5381,True
2024.10.15_12-26-07_sussex_prenac,5385,5386,True
2024.10.15_12-26-07_sussex_prenac,5389,5390,True
2024.10.15_12-26-07_sussex_prenac,5393,5393,True
2024.10.15_12-26-07_sussex_prenac,5398,5399,True
2024.10.15_12-26-07_sussex_prenac,5401,5401,True
2024.10.15_12-26-07_sussex_prenac,5682,5682,True
2024.10.15_12-26-07_sussex_prenac,5709,5709,True
2024.10.15_12-26-07_sussex_prenac,5718,5719,True
2024.10.15_12-26-07_sussex_prenac,5726,5726,True
2024.10.15_12-26-07_sussex_prenac,5746,5746,True
2024.10.15_12-26-07_sussex_prenac,5764,5764,True
2024.10.15_12-26-07_sussex_prenac,5810,5810,True
2024.10.15_12-26-07_sussex_prenac,5834,5835,True
2024.10.15_12-26-07_sussex_prenac,5868,5874,True
2024.10.15_12-26-07_sussex_prenac,5876,5877,True
2024.10.15_12-26-07_sussex_prenac,5884,5884,True
2024.10.15_12-26-07_sussex_prenac,5888,5891,True
2024.10.15_12-26-07_sussex_prenac,5893,5901,True
2024.10.15_12-26-07_sussex_prenac,5904,5907,True
2024.10.15_12-26-07_sussex_prenac,5912,5913,True
2024.10.15_12-26-07_sussex_prenac,5916,5917,True
2024.10.15_12-26-07_sussex_prenac,5919,5919,True
2024.10.15_12-26-07_sussex_prenac,5922,5923,True
2024.10.15_12-26-07_sussex_prenac,5928,5928,True
2024.10.15_12-26-07_sussex_prenac,5932,5953,True
2024.10.15_12-26-07_sussex_prenac,5959,5960,True
2024.10.15_12-26-07_sussex_prenac,5962,5962,True
2024.10.15_12-26-07_sussex_prenac,5964,5964,True
2024.10.15_12-26-07_sussex_prenac,5967,5972,True
2024.10.15_12-26-07_sussex_prenac,5974,5983,True
2024.10.15_12-26-07_sussex_prenac,5988,5988,True
2024.10.15_12-26-07_sussex_prenac,5998,5998,True
2024.10.15_12-26-07_sussex_prenac,6006,6010,True
2024.10.15_12-26-07_sussex_prenac,6017,6018,True
2024.10.15_12-26-07_sussex_prenac,6028,6030,True
2024.10.15_12-26-07_sussex_prenac,6046,6047,True
2024.10.15_12-26-07_sussex_prenac,6095,6102,True
2024.10.15_12-26-07_sussex_prenac,6105,6113,True
2024.10.15_12-26-07_sussex_prenac,6115,6120,True
2024.10.15_12-26-07_sussex_prenac,6123,6125,True
2024.10.15_12-26-07_sussex_prenac,6127,6127,True
2024.10.15_12-26-07_sussex_prenac,6133,6133,True
2024.10.15_12-26-07_sussex_prenac,6142,6142,True
2024.10.15_12-26-07_sussex_prenac,6148,6148,True
2024.10.15_12-26-07_sussex_prenac,6150,6150,True
2024.10.15_12-26-07_sussex_prenac,6152,6153,True
2024.10.15_12-26-07_sussex_prenac,6164,6182,True
2024.10.15_12-26-07_sussex_prenac,6185,6277,True
2024.10.15_12-26-07_sussex_prenac,6279,6302,True
2024.10.15_12-26-07_sussex_prenac,6304,7784,True
2024.10.29_04-36-53_Biarmipes84_metben,930,2448,True
2024.10.29_04-36-53_Biarmipes84_metben,3093,3113,True
2024.10.29_04-36-53_Biarmipes84_metben,3138,3161,True
2024.10.29_04-36-53_Biarmipes84_metben,3227,3250,True
2024.10.29_04-36-53_Biarmipes84_metben,3777,4559,True
2024.10.29_04-36-53_Biarmipes84_metben,5010,5409,True
2024.10.29_04-36-53_Biarmipes84_metben,5849,5868,True
2024.10.29_04-36-53_Biarmipes84_metben,5876,5900,True
2024.10.29_04-36-53_Biarmipes84_metben,6213,6250,True
2024.10.29_04-36-53_Biarmipes84_metben,6440,7378,True
2024.10.29_04-36-53_Biarmipes84_metben,7778,8171,True
2024.10.29_04-36-53_Biarmipes84_metben,8192,8218,True
2024.10.29_04-36-53_Biarmipes84_metben,8241,8241,True
2024.10.29_04-36-53_Biarmipes84_metben,8243,8735,True
2024.10.29_04-36-53_Biarmipes84_metben,8737,8949,True
2024.07.05_15-55-22_Riverside (no odor),7,7,True
2024.07.05_15-55-22_Riverside (no odor),2193,2193,True
2024.07.05_15-55-22_Riverside (no odor),2352,2472,True
2024.07.05_15-55-22_Riverside (no odor),2969,2970,True
2024.07.05_15-55-22_Riverside (no odor),3085,3512,True
2024.07.05_15-55-22_Riverside (no odor),3746,3816,True
2024.07.05_15-55-22_Riverside (no odor),3856,3986,True
2024.07.05_15-55-22_Riverside (no odor),3994,3995,True
2024.07.05_15-55-22_Riverside (no odor),4011,4011,True
2024.07.05_15-55-22_Riverside (no odor),4052,4052,True
2024.07.05_15-55-22_Riverside (no odor),4054,4054,True
2024.07.05_15-55-22_Riverside (no odor),4167,4350,True
2024.07.05_15-55-22_Riverside (no odor),4352,4360,True
2024.07.05_15-55-22_Riverside (no odor),4955,4956,True
2024.07.05_15-55-22_Riverside (no odor),5054,5354,True
2024.07.05_15-55-22_Riverside (no odor),6070,6185,True
2024.07.05_15-55-22_Riverside (no odor),6308,6473,True
2024.07.05_15-55-22_Riverside (no odor),6514,6806,True
2024.07.05_15-55-22_Riverside (no odor),6865,6865,True
2024.07.05_15-55-22_Riverside (no odor),6896,7209,True
2024.07.05_15-55-22_Riverside (no odor),7657,7657,True
2024.07.05_15-55-22_Riverside (no odor),8033,8033,True
2024.07.05_15-55-22_Riverside (no odor),8041,8041,True
2024.07.05_15-55-22_Riverside (no odor),8045,8045,True
2024.07.05_15-55-22_Riverside (no odor),8051,8052,True
2024.07.05_15-55-22_Riverside (no odor),8055,8055,True
2024.07.05_15-55-22_Riverside (no odor),8079,8080,True
2024.07.05_15-55-22_Riverside (no odor),8150,8150,True
2024.10.07_15-23-05_Stocago_2hexanol,284,284,True
2024.10.07_15-23-05_Stocago_2hexanol,293,294,True
2024.10.07_15-23-05_Stocago_2hexanol,303,305,True
2024.10.07_15-23-05_Stocago_2hexanol,307,534,True
2024.10.07_15-23-05_Stocago_2hexanol,536,559,True
2024.10.07_15-23-05_Stocago_2hexanol,561,3529,True
2024.10.07_15-23-05_Stocago_2hexanol,3748,3769,True
2024.10.07_15-23-05_Stocago_2hexanol,3774,3793,True
2024.10.07_15-23-05_Stocago_2hexanol,3816,3844,True
2024.10.07_15-23-05_Stocago_2hexanol,3999,4031,True
2024.10.07_15-23-05_Stocago_2hexanol,4042,4836,True
2024.10.07_15-23-05_Stocago_2hexanol,4838,5021,True
2024.10.07_15-23-05_Stocago_2hexanol,5043,5051,True
2024.10.07_15-23-05_Stocago_2hexanol,5053,5056,True
2024.10.07_15-23-05_Stocago_2hexanol,5058,5075,True
2024.10.07_15-23-05_Stocago_2hexanol,5138,5479,True
2024.10.07_15-23-05_Stocago_2hexanol,6650,6661,True
2024.10.07_15-23-05_Stocago_2hexanol,6692,6692,True
2024.10.07_15-23-05_Stocago_2hexanol,6694,6694,True
2024.10.07_15-23-05_Stocago_2hexanol,6696,6707,True
2024.10.07_15-23-05_Stocago_2hexanol,6747,6770,True
2024.10.07_15-23-05_Stocago_2hexanol,6795,6827,True
2024.10.07_15-23-05_Stocago_2hexanol,6831,6832,True
2024.10.07_15-23-05_Stocago_2hexanol,6834,6834,True
2024.10.07_15-23-05_Stocago_2hexanol,6836,6836,True
2024.10.07_15-23-05_Stocago_2hexanol,6838,6852,True
2024.10.07_15-23-05_Stocago_2hexanol,6886,6942,True
2024.10.07_15-23-05_Stocago_2hexanol,6975,6981,True
2024.10.07_15-23-05_Stocago_2hexanol,6983,6984,True
2024.10.07_15-23-05_Stocago_2hexanol,6986,7026,True
2024.10.07_15-23-05_Stocago_2hexanol,7028,7029,True
2024.10.07_15-23-05_Stocago_2hexanol,7033,7068,True
2024.10.07_15-23-05_Stocago_2hexanol,7086,7141,True
2024.10.07_15-23-05_Stocago_2hexanol,7152,7176,True
2024.10.07_15-23-05_Stocago_2hexanol,7210,7234,True
2024.10.07_15-23-05_Stocago_2hexanol,7274,7330,True
2024.10.07_15-23-05_Stocago_2hexanol,7332,7377,True
2024.10.07_15-23-05_Stocago_2hexanol,7931,8999,True
2024.10.14_11-00-19_Sussex_metbut,1459,2202,True
2024.10.14_11-00-19_Sussex_metbut,3186,3189,True
2024.10.14_11-00-19_Sussex_metbut,3259,3260,True
2024.10.14_11-00-19_Sussex_metbut,3264,5228,True
2024.10.14_11-00-19_Sussex_metbut,7263,8999,True
2024.10.14_09-49-28_Riverside_prenac,3,225,True
2024.10.14_09-49-28_Riverside_prenac,227,236,True
2024.10.14_09-49-28_Riverside_prenac,1019,1019,True
2024.10.14_09-49-28_Riverside_prenac,1022,1030,True
2024.10.14_09-49-28_Riverside_prenac,1032,1272,True
2024.10.14_09-49-28_Riverside_prenac,1274,1275,True
2024.10.14_09-49-28_Riverside_prenac,1278,1282,True
2024.10.14_09-49-28_Riverside_prenac,1302,1302,True
2024.10.14_09-49-28_Riverside_prenac,1304,1304,True
2024.10.14_09-49-28_Riverside_prenac,1345,1378,True
2024.10.14_09-49-28_Riverside_prenac,1380,1410,True
2024.10.14_09-49-28_Riverside_prenac,2920,2920,True
2024.10.14_09-49-28_Riverside_prenac,2922,2930,True
2024.10.14_09-49-28_Riverside_prenac,2941,2941,True
2024.10.14_09-49-28_Riverside_prenac,2943,2943,True
2024.10.14_09-49-28_Riverside_prenac,2945,2946,True
2024.10.14_09-49-28_Riverside_prenac,2948,2949,True
2024.10.14_09-49-28_Riverside_prenac,2953,2954,True
2024.10.14_09-49-28_Riverside_prenac,2957,2957,True
2024.10.14_09-49-28_Riverside_prenac,2959,3333,True
2024.10.14_09-49-28_Riverside_prenac,3339,3345,True
2024.10.14_09-49-28_Riverside_prenac,5097,5102,True
2024.10.14_09-49-28_Riverside_prenac,5104,5105,True
2024.10.14_09-49-28_Riverside_prenac,5110,5118,True
2024.10.14_09-49-28_Riverside_prenac,5162,5162,True
2024.10.14_09-49-28_Riverside_prenac,5268,5278,True
2024.10.14_09-49-28_Riverside_prenac,5280,5288,True
2024.10.14_09-49-28_Riverside_prenac,5379,5379,True
2024.10.14_09-49-28_Riverside_prenac,5383,5384,True
2024.10.14_09-49-28_Riverside_prenac,5387,5387,True
2024.10.14_09-49-28_Riverside_prenac,5389,5389,True
2024.10.14_09-49-28_Riverside_prenac,5391,5391,True
2024.10.14_09-49-28_Riverside_prenac,5395,5397,True
2024.10.14_09-49-28_Riverside_prenac,5399,5404,True
2024.10.14_09-49-28_Riverside_prenac,5406,5413,True
2024.10.14_09-49-28_Riverside_prenac,5416,5417,True
2024.10.14_09-49-28_Riverside_prenac,5419,5425,True
2024.10.14_09-49-28_Riverside_prenac,5427,5432,True
2024.10.14_09-49-28_Riverside_prenac,5435,5458,True
2024.10.14_09-49-28_Riverside_prenac,5461,5461,True
2024.10.14_09-49-28_Riverside_prenac,5512,5512,True
2024.10.14_09-49-28_Riverside_prenac,5514,5514,True
2024.10.14_09-49-28_Riverside_prenac,5516,5517,True
2024.10.14_09-49-28_Riverside_prenac,5519,5519,True
2024.10.14_09-49-28_Riverside_prenac,5521,5526,True
2024.10.14_09-49-28_Riverside_prenac,5528,5575,True
2024.10.14_09-49-28_Riverside_prenac,5601,5625,True
2024.10.14_09-49-28_Riverside_prenac,6011,6067,True
2024.10.14_09-49-28_Riverside_prenac,6069,6082,True
2024.10.14_09-49-28_Riverside_prenac,6084,6136,True
2024.10.14_09-49-28_Riverside_prenac,6138,6185,True
2024.10.14_09-49-28_Riverside_prenac,6189,6205,True
2024.10.14_09-49-28_Riverside_prenac,6207,6210,True
2024.10.14_09-49-28_Riverside_prenac,6212,7458,True
2024.10.14_09-49-28_Riverside_prenac,8481,8481,True
2024.10.14_09-49-28_Riverside_prenac,8490,8490,True
2024.10.14_09-49-28_Riverside_prenac,8503,8505,True
2024.10.14_09-49-28_Riverside_prenac,8558,8742,True
2024.10.14_09-49-28_Riverside_prenac,8744,8744,True
2024.10.14_09-49-28_Riverside_prenac,8746,8751,True
2024.10.14_09-49-28_Riverside_prenac,8753,8756,True
2024.10.14_09-49-28_Riverside_prenac,8759,8759,True
2024.10.14_09-49-28_Riverside_prenac,8762,8762,True
2024.10.14_09-49-28_Riverside_prenac,8765,8765,True
2024.10.14_09-49-28_Riverside_prenac,8768,8769,True
2024.10.14_09-49-28_Riverside_prenac,8771,8771,True
2024.10.14_09-49-28_Riverside_prenac,8774,8775,True
2024.10.14_09-49-28_Riverside_prenac,8777,8907,True
2024.10.17_09-46-04_Sto_car_prenac,304,2862,True
2024.10.17_09-46-04_Sto_car_prenac,5540,5559,True
2024.10.17_09-46-04_Sto_car_prenac,5561,5564,True
2024.10.17_09-46-04_Sto_car_prenac,5566,5568,True
2024.10.17_09-46-04_Sto_car_prenac,5571,5572,True
2024.10.17_09-46-04_Sto_car_prenac,5579,5582,True
2024.10.17_09-46-04_Sto_car_prenac,5584,5586,True
2024.10.17_09-46-04_Sto_car_prenac,5612,5626,True
2024.10.17_09-46-04_Sto_car_prenac,5628,5641,True
2024.10.17_09-46-04_Sto_car_prenac,5643,5652,True
2024.10.17_09-46-04_Sto_car_prenac,5654,5664,True
2024.10.17_09-46-04_Sto_car_prenac,5666,5671,True
2024.10.17_09-46-04_Sto_car_prenac,5694,5694,True
2024.10.17_09-46-04_Sto_car_prenac,5699,5700,True
2024.10.17_09-46-04_Sto_car_prenac,5710,5710,True
2024.10.17_09-46-04_Sto_car_prenac,5712,5712,True
2024.10.17_09-46-04_Sto_car_prenac,5717,5717,True
2024.10.17_09-46-04_Sto_car_prenac,5732,5732,True
2024.10.17_09-46-04_Sto_car_prenac,5755,5755,True
2024.10.17_09-46-04_Sto_car_prenac,6326,6353,True
2024.10.17_09-46-04_Sto_car_prenac,6355,6371,True
2024.10.17_09-46-04_Sto_car_prenac,6373,6376,True
2024.10.17_09-46-04_Sto_car_prenac,6378,6411,True
2024.10.17_09-46-04_Sto_car_prenac,6413,6424,True
2024.10.17_09-46-04_Sto_car_prenac,6426,7480,True
2024.10.17_09-46-04_Sto_car_prenac,7482,8998,True
2024.11.13_02-55-11_Biarmipes_G224_e2hex,3,1057,True
2024.11.13_02-55-11_Biarmipes_G224_e2hex,1059,1219,True
2024.11.13_02-55-11_Biarmipes_G224_e2hex,1244,1254,True
2024.11.13_02-55-11_Biarmipes_G224_e2hex,1256,1270,True
2024.11.13_02-55-11_Biarmipes_G224_e2hex,1278,1357,True
2024.11.13_02-55-11_Biarmipes_G224_e2hex,1363,1643,True
2024.11.13_02-55-11_Biarmipes_G224_e2hex,2535,3195,True
2024.11.13_02-55-11_Biarmipes_G224_e2hex,3522,3648,True
2024.11.13_02-55-11_Biarmipes_G224_e2hex,3848,3866,True
2024.11.13_02-55-11_Biarmipes_G224_e2hex,3868,3879,True
2024.11.13_02-55-11_Biarmipes_G224_e2hex,3883,3906,True
2024.11.13_02-55-11_Biarmipes_G224_e2hex,3911,3918,True
2024.11.13_02-55-11_Biarmipes_G224_e2hex,3922,3923,True
2024.11.13_02-55-11_Biarmipes_G224_e2hex,4011,4178,True
2024.11.13_02-55-11_Biarmipes_G224_e2hex,4353,4445,True
2024.11.13_02-55-11_Biarmipes_G224_e2hex,5000,5592,True
2024.11.13_02-55-11_Biarmipes_G224_e2hex,5594,5856,True
2024.11.13_02-55-11_Biarmipes_G224_e2hex,5858,5871,True
2024.11.13_02-55-11_Biarmipes_G224_e2hex,5874,5942,True
2024.11.13_02-55-11_Biarmipes_G224_e2hex,5977,5977,True
2024.11.13_02-55-11_Biarmipes_G224_e2hex,6229,6229,True
2024.11.13_02-55-11_Biarmipes_G224_e2hex,6269,6269,True
2024.11.13_02-55-11_Biarmipes_G224_e2hex,6271,6287,True
2024.11.13_02-55-11_Biarmipes_G224_e2hex,6289,6290,True
2024.11.13_02-55-11_Biarmipes_G224_e2hex,6293,6306,True
2024.11.13_02-55-11_Biarmipes_G224_e2hex,6308,6354,True
2024.11.13_02-55-11_Biarmipes_G224_e2hex,6357,6357,True
2024.11.13_02-55-11_Biarmipes_G224_e2hex,6372,6626,True
2024.11.13_02-55-11_Biarmipes_G224_e2hex,6989,6992,True
2024.11.13_02-55-11_Biarmipes_G224_e2hex,6996,7001,True
2024.11.13_02-55-11_Biarmipes_G224_e2hex,7066,7664,True
2024.11.13_02-55-11_Biarmipes_G224_e2hex,7670,7686,True
2024.11.13_02-55-11_Biarmipes_G224_e2hex,7691,7798,True
2024.11.13_02-55-11_Biarmipes_G224_e2hex,7900,8173,True
2024.11.13_02-55-11_Biarmipes_G224_e2hex,8688,8971,True
2024.11.13_02-55-11_Biarmipes_G224_e2hex,8973,8999,True
2024.09.30_12-01-09_Sussex_no_odor,1000,1137,True
2024.09.30_12-01-09_Sussex_no_odor,1492,1510,True
2024.09.30_12-01-09_Sussex_no_odor,1512,1519,True
2024.09.30_12-01-09_Sussex_no_odor,1717,1723,True
2024.09.30_12-01-09_Sussex_no_odor,1725,1823,True
2024.09.30_12-01-09_Sussex_no_odor,1825,1827,True
2024.09.30_12-01-09_Sussex_no_odor,1829,1829,True
2024.09.30_12-01-09_Sussex_no_odor,1832,1833,True
2024.09.30_12-01-09_Sussex_no_odor,1835,1836,True
2024.09.30_12-01-09_Sussex_no_odor,1840,1844,True
2024.09.30_12-01-09_Sussex_no_odor,1846,1853,True
2024.09.30_12-01-09_Sussex_no_odor,1855,1856,True
2024.09.30_12-01-09_Sussex_no_odor,1859,1868,True
2024.09.30_12-01-09_Sussex_no_odor,1870,1873,True
2024.09.30_12-01-09_Sussex_no_odor,1875,1889,True
2024.09.30_12-01-09_Sussex_no_odor,1891,3484,True
2024.09.30_12-01-09_Sussex_no_odor,3487,3487,True
2024.09.30_12-01-09_Sussex_no_odor,3489,3490,True
2024.09.30_12-01-09_Sussex_no_odor,3492,3492,True
2024.09.30_12-01-09_Sussex_no_odor,3494,3504,True
2024.09.30_12-01-09_Sussex_no_odor,3506,3506,True
2024.09.30_12-01-09_Sussex_no_odor,3508,3508,True
2024.09.30_12-01-09_Sussex_no_odor,3510,3512,True
2024.09.30_12-01-09_Sussex_no_odor,3514,3514,True
2024.09.30_12-01-09_Sussex_no_odor,3518,3518,True
2024.09.30_12-01-09_Sussex_no_odor,3526,3645,True
2024.09.30_12-01-09_Sussex_no_odor,3647,3932,True
2024.09.30_12-01-09_Sussex_no_odor,3934,3936,True
2024.09.30_12-01-09_Sussex_no_odor,3945,4106,True
2024.09.30_12-01-09_Sussex_no_odor,4108,4123,True
2024.09.30_12-01-09_Sussex_no_odor,4127,4165,True
2024.09.30_12-01-09_Sussex_no_odor,4167,4168,True
2024.09.30_12-01-09_Sussex_no_odor,8895,8951,True
2024.10.11_11-24-51_Biarmipes_G224_1hexanol,695,714,True
2024.10.11_11-24-51_Biarmipes_G224_1hexanol,716,1661,True
2024.10.11_11-24-51_Biarmipes_G224_1hexanol,2758,3178,True
2024.10.11_11-24-51_Biarmipes_G224_1hexanol,3714,3997,True
2024.10.11_11-24-51_Biarmipes_G224_1hexanol,4438,4763,True
2024.10.11_11-24-51_Biarmipes_G224_1hexanol,4780,4795,True
2024.10.11_11-24-51_Biarmipes_G224_1hexanol,4816,4933,True
2024.10.11_11-24-51_Biarmipes_G224_1hexanol,5684,5684,True
2024.10.11_11-24-51_Biarmipes_G224_1hexanol,5687,5702,True
2024.10.11_11-24-51_Biarmipes_G224_1hexanol,5992,5996,True
2024.10.11_11-24-51_Biarmipes_G224_1hexanol,6020,6340,True
2024.10.11_11-24-51_Biarmipes_G224_1hexanol,6459,6614,True
2024.10.11_11-24-51_Biarmipes_G224_1hexanol,6956,7637,True
2024.10.11_11-24-51_Biarmipes_G224_1hexanol,8168,8733,True
2024.10.01_09-56-14_Yakuba_cameroon_no_odor,689,912,True
2024.10.01_09-56-14_Yakuba_cameroon_no_odor,1019,1117,True
2024.10.01_09-56-14_Yakuba_cameroon_no_odor,1581,1583,True
2024.10.01_09-56-14_Yakuba_cameroon_no_odor,1588,1589,True
2024.10.01_09-56-14_Yakuba_cameroon_no_odor,1591,1591,True
2024.10.01_09-56-14_Yakuba_cameroon_no_odor,1604,2060,True
2024.10.01_09-56-14_Yakuba_cameroon_no_odor,3714,3813,True
2024.10.01_09-56-14_Yakuba_cameroon_no_odor,4176,4177,True
2024.10.01_09-56-14_Yakuba_cameroon_no_odor,4180,7129,True
2024.10.23_08-17-31_Biarmipes84_prenac,3,838,True
2024.10.23_08-17-31_Biarmipes84_prenac,3587,3589,True
2024.10.23_08-17-31_Biarmipes84_prenac,3591,3591,True
2024.10.23_08-17-31_Biarmipes84_prenac,3755,3756,True
2024.10.23_08-17-31_Biarmipes84_prenac,4058,4059,True
2024.10.23_08-17-31_Biarmipes84_prenac,4175,4175,True
2024.10.23_08-17-31_Biarmipes84_prenac,4362,4369,True
2024.10.23_08-17-31_Biarmipes84_prenac,4386,4386,True
2024.10.23_08-17-31_Biarmipes84_prenac,4388,4412,True
2024.10.23_08-17-31_Biarmipes84_prenac,4414,4420,True
2024.10.23_08-17-31_Biarmipes84_prenac,4426,4469,True
2024.10.23_08-17-31_Biarmipes84_prenac,4471,4502,True
2024.10.23_08-17-31_Biarmipes84_prenac,4504,4505,True
2024.10.23_08-17-31_Biarmipes84_prenac,4508,4523,True
2024.10.23_08-17-31_Biarmipes84_prenac,4525,4590,True
2024.10.23_08-17-31_Biarmipes84_prenac,4592,4593,True
2024.10.23_08-17-31_Biarmipes84_prenac,4595,4598,True
2024.10.23_08-17-31_Biarmipes84_prenac,4601,4603,True
2024.10.23_08-17-31_Biarmipes84_prenac,4605,4611,True
2024.10.23_08-17-31_Biarmipes84_prenac,4618,4619,True
2024.10.23_08-17-31_Biarmipes84_prenac,4624,4625,True
2024.10.23_08-17-31_Biarmipes84_prenac,4628,4628,True
2024.10.23_08-17-31_Biarmipes84_prenac,4632,4633,True
2024.10.23_08-17-31_Biarmipes84_prenac,4639,4639,True
2024.10.23_08-17-31_Biarmipes84_prenac,4644,4647,True
2024.10.23_08-17-31_Biarmipes84_prenac,4650,4650,True
2024.10.23_08-17-31_Biarmipes84_prenac,4654,4656,True
2024.10.23_08-17-31_Biarmipes84_prenac,4662,4663,True
2024.10.23_08-17-31_Biarmipes84_prenac,4666,4667,True
2024.10.23_08-17-31_Biarmipes84_prenac,4669,4674,True
2024.10.23_08-17-31_Biarmipes84_prenac,4676,4676,True
2024.10.23_08-17-31_Biarmipes84_prenac,4679,4681,True
2024.10.23_08-17-31_Biarmipes84_prenac,4683,4683,True
2024.10.23_08-17-31_Biarmipes84_prenac,4685,4697,True
2024.10.23_08-17-31_Biarmipes84_prenac,4699,4703,True
2024.10.23_08-17-31_Biarmipes84_prenac,4709,4721,True
2024.10.23_08-17-31_Biarmipes84_prenac,4726,4727,True
2024.10.23_08-17-31_Biarmipes84_prenac,4730,4730,True
2024.10.23_08-17-31_Biarmipes84_prenac,4735,4735,True
2024.10.23_08-17-31_Biarmipes84_prenac,4758,4760,True
2024.10.23_08-17-31_Biarmipes84_prenac,4762,4765,True
2024.10.23_08-17-31_Biarmipes84_prenac,4771,4772,True
2024.10.23_08-17-31_Biarmipes84_prenac,4810,4810,True
2024.10.23_08-17-31_Biarmipes84_prenac,4825,4826,True
2024.10.23_08-17-31_Biarmipes84_prenac,4828,4828,True
2024.10.23_08-17-31_Biarmipes84_prenac,4831,4831,True
2024.10.23_08-17-31_Biarmipes84_prenac,4837,4837,True
2024.10.23_08-17-31_Biarmipes84_prenac,4848,4848,True
2024.10.23_08-17-31_Biarmipes84_prenac,4850,4850,True
2024.10.23_08-17-31_Biarmipes84_prenac,4853,4868,True
2024.10.23_08-17-31_Biarmipes84_prenac,4870,4871,True
2024.10.23_08-17-31_Biarmipes84_prenac,4873,4873,True
2024.10.23_08-17-31_Biarmipes84_prenac,4876,4876,True
2024.10.23_08-17-31_Biarmipes84_prenac,4878,4879,True
2024.10.23_08-17-31_Biarmipes84_prenac,4881,4881,True
2024.10.23_08-17-31_Biarmipes84_prenac,4883,4892,True
2024.10.23_08-17-31_Biarmipes84_prenac,4894,4896,True
2024.10.23_08-17-31_Biarmipes84_prenac,4901,4901,True
2024.10.23_08-17-31_Biarmipes84_prenac,4903,4904,True
2024.10.23_08-17-31_Biarmipes84_prenac,4911,4911,True
2024.10.23_08-17-31_Biarmipes84_prenac,4914,4916,True
2024.10.23_08-17-31_Biarmipes84_prenac,4919,4922,True
2024.10.23_08-17-31_Biarmipes84_prenac,4927,4927,True
2024.10.23_08-17-31_Biarmipes84_prenac,4930,4930,True
2024.10.23_08-17-31_Biarmipes84_prenac,4933,4935,True
2024.10.23_08-17-31_Biarmipes84_prenac,4937,4940,True
2024.10.23_08-17-31_Biarmipes84_prenac,4942,4944,True
2024.10.23_08-17-31_Biarmipes84_prenac,4946,4946,True
2024.10.23_08-17-31_Biarmipes84_prenac,4948,4948,True
2024.10.23_08-17-31_Biarmipes84_prenac,4950,4950,True
2024.10.23_08-17-31_Biarmipes84_prenac,4953,4954,True
2024.10.23_08-17-31_Biarmipes84_prenac,4956,4959,True
2024.10.23_08-17-31_Biarmipes84_prenac,4964,4965,True
2024.10.23_08-17-31_Biarmipes84_prenac,4967,5180,True
2024.10.23_08-17-31_Biarmipes84_prenac,5182,5303,True
2024.10.23_08-17-31_Biarmipes84_prenac,5307,5387,True
2024.10.23_08-17-31_Biarmipes84_prenac,5389,5445,True
2024.10.23_08-17-31_Biarmipes84_prenac,5447,5456,True
2024.10.23_08-17-31_Biarmipes84_prenac,5458,5511,True
2024.10.23_08-17-31_Biarmipes84_prenac,5513,5541,True
2024.10.23_08-17-31_Biarmipes84_prenac,5574,5586,True
2024.10.23_08-17-31_Biarmipes84_prenac,5591,5591,True
2024.10.23_08-17-31_Biarmipes84_prenac,5593,5593,True
2024.10.23_08-17-31_Biarmipes84_prenac,5596,5596,True
2024.10.23_08-17-31_Biarmipes84_prenac,5598,5598,True
2024.10.23_08-17-31_Biarmipes84_prenac,5604,5605,True
2024.10.23_08-17-31_Biarmipes84_prenac,5608,5609,True
2024.10.23_08-17-31_Biarmipes84_prenac,5612,5615,True
2024.10.23_08-17-31_Biarmipes84_prenac,5618,5625,True
2024.10.23_08-17-31_Biarmipes84_prenac,5627,5627,True
2024.10.23_08-17-31_Biarmipes84_prenac,5636,5636,True
2024.10.23_08-17-31_Biarmipes84_prenac,5650,5656,True
2024.10.23_08-17-31_Biarmipes84_prenac,5662,5664,True
2024.10.23_08-17-31_Biarmipes84_prenac,5676,5677,True
2024.10.23_08-17-31_Biarmipes84_prenac,5679,5681,True
2024.10.23_08-17-31_Biarmipes84_prenac,5683,5692,True
2024.10.23_08-17-31_Biarmipes84_prenac,5694,5742,True
2024.10.23_08-17-31_Biarmipes84_prenac,5748,5748,True
2024.10.23_08-17-31_Biarmipes84_prenac,5750,5751,True
2024.10.23_08-17-31_Biarmipes84_prenac,5754,5757,True
2024.10.23_08-17-31_Biarmipes84_prenac,5767,5771,True
2024.10.23_08-17-31_Biarmipes84_prenac,5773,5773,True
2024.10.23_08-17-31_Biarmipes84_prenac,5775,5778,True
2024.10.23_08-17-31_Biarmipes84_prenac,5780,5781,True
2024.10.23_08-17-31_Biarmipes84_prenac,5790,5790,True
2024.10.23_08-17-31_Biarmipes84_prenac,5797,5801,True
2024.10.23_08-17-31_Biarmipes84_prenac,5803,5809,True
2024.10.23_08-17-31_Biarmipes84_prenac,5816,5821,True
2024.10.23_08-17-31_Biarmipes84_prenac,5823,5823,True
2024.10.23_08-17-31_Biarmipes84_prenac,5827,5827,True
2024.10.23_08-17-31_Biarmipes84_prenac,5834,5844,True
2024.10.23_08-17-31_Biarmipes84_prenac,5846,5847,True
2024.10.23_08-17-31_Biarmipes84_prenac,5849,5849,True
2024.10.23_08-17-31_Biarmipes84_prenac,6053,6053,True
2024.10.23_08-17-31_Biarmipes84_prenac,6057,6058,True
2024.10.23_08-17-31_Biarmipes84_prenac,6068,6068,True
2024.10.23_08-17-31_Biarmipes84_prenac,6070,6072,True
2024.10.23_08-17-31_Biarmipes84_prenac,6076,6076,True
2024.10.23_08-17-31_Biarmipes84_prenac,6080,6080,True
2024.10.23_08-17-31_Biarmipes84_prenac,6084,6084,True
2024.10.23_08-17-31_Biarmipes84_prenac,6089,6122,True
2024.10.23_08-17-31_Biarmipes84_prenac,6124,6128,True
2024.10.23_08-17-31_Biarmipes84_prenac,6133,6133,True
2024.10.23_08-17-31_Biarmipes84_prenac,6135,6135,True
2024.10.23_08-17-31_Biarmipes84_prenac,6139,6140,True
2024.10.23_08-17-31_Biarmipes84_prenac,6148,6148,True
2024.10.23_08-17-31_Biarmipes84_prenac,6153,6157,True
2024.10.23_08-17-31_Biarmipes84_prenac,6159,6160,True
2024.10.23_08-17-31_Biarmipes84_prenac,6168,6168,True
2024.10.23_08-17-31_Biarmipes84_prenac,6170,6170,True
2024.10.23_08-17-31_Biarmipes84_prenac,6176,6176,True
2024.10.23_08-17-31_Biarmipes84_prenac,6181,6181,True
2024.10.23_08-17-31_Biarmipes84_prenac,6184,6186,True
2024.10.23_08-17-31_Biarmipes84_prenac,6189,6189,True
2024.10.23_08-17-31_Biarmipes84_prenac,6194,6194,True
2024.10.23_08-17-31_Biarmipes84_prenac,6200,6207,True
2024.10.23_08-17-31_Biarmipes84_prenac,6234,6239,True
2024.10.23_08-17-31_Biarmipes84_prenac,6245,6245,True
2024.10.23_08-17-31_Biarmipes84_prenac,6248,6248,True
2024.10.23_08-17-31_Biarmipes84_prenac,6250,6250,True
2024.10.23_08-17-31_Biarmipes84_prenac,6269,6270,True
2024.10.23_08-17-31_Biarmipes84_prenac,6276,6276,True
2024.10.23_08-17-31_Biarmipes84_prenac,6280,6280,True
2024.10.23_08-17-31_Biarmipes84_prenac,6288,6289,True
2024.10.23_08-17-31_Biarmipes84_prenac,6296,6297,True
2024.10.23_08-17-31_Biarmipes84_prenac,6307,6307,True
2024.10.23_08-17-31_Biarmipes84_prenac,6316,6316,True
2024.10.23_08-17-31_Biarmipes84_prenac,6324,6327,True
2024.10.23_08-17-31_Biarmipes84_prenac,6329,6330,True
2024.10.23_08-17-31_Biarmipes84_prenac,6332,6332,True
2024.10.23_08-17-31_Biarmipes84_prenac,6339,6342,True
2024.10.23_08-17-31_Biarmipes84_prenac,6344,6344,True
2024.10.23_08-17-31_Biarmipes84_prenac,6346,6347,True
2024.10.23_08-17-31_Biarmipes84_prenac,6349,6349,True
2024.10.23_08-17-31_Biarmipes84_prenac,6354,6354,True
2024.10.23_08-17-31_Biarmipes84_prenac,6356,6356,True
2024.10.23_08-17-31_Biarmipes84_prenac,6364,6365,True
2024.10.23_08-17-31_Biarmipes84_prenac,6379,6379,True
2024.10.23_08-17-31_Biarmipes84_prenac,6388,6388,True
2024.10.23_08-17-31_Biarmipes84_prenac,6408,6410,True
2024.10.23_08-17-31_Biarmipes84_prenac,6413,6413,True
2024.10.23_08-17-31_Biarmipes84_prenac,6433,6435,True
2024.10.23_08-17-31_Biarmipes84_prenac,6449,6449,True
2024.10.23_08-17-31_Biarmipes84_prenac,6464,6468,True
2024.10.23_08-17-31_Biarmipes84_prenac,6480,6481,True
2024.10.23_08-17-31_Biarmipes84_prenac,6483,6484,True
2024.10.23_08-17-31_Biarmipes84_prenac,6486,6487,True
2024.10.23_08-17-31_Biarmipes84_prenac,6500,6509,True
2024.10.23_08-17-31_Biarmipes84_prenac,6514,6516,True
2024.10.23_08-17-31_Biarmipes84_prenac,6519,6520,True
2024.10.23_08-17-31_Biarmipes84_prenac,6525,6525,True
2024.10.23_08-17-31_Biarmipes84_prenac,6534,6534,True
2024.10.23_08-17-31_Biarmipes84_prenac,6541,6541,True
2024.10.23_08-17-31_Biarmipes84_prenac,6543,6543,True
2024.10.23_08-17-31_Biarmipes84_prenac,6545,6546,True
2024.10.23_08-17-31_Biarmipes84_prenac,6550,6550,True
2024.10.23_08-17-31_Biarmipes84_prenac,6552,6555,True
2024.10.23_08-17-31_Biarmipes84_prenac,6564,6564,True
2024.10.23_08-17-31_Biarmipes84_prenac,6573,6574,True
2024.10.23_08-17-31_Biarmipes84_prenac,6586,6587,True
2024.10.23_08-17-31_Biarmipes84_prenac,6595,6595,True
2024.10.23_08-17-31_Biarmipes84_prenac,6598,6598,True
2024.10.23_08-17-31_Biarmipes84_prenac,6604,6606,True
2024.10.23_08-17-31_Biarmipes84_prenac,6613,6616,True
2024.10.23_08-17-31_Biarmipes84_prenac,6629,6629,True
2024.10.23_08-17-31_Biarmipes84_prenac,6631,6631,True
2024.10.23_08-17-31_Biarmipes84_prenac,6634,6634,True
2024.10.23_08-17-31_Biarmipes84_prenac,6642,6643,True
2024.10.23_08-17-31_Biarmipes84_prenac,6662,6666,True
2024.10.23_08-17-31_Biarmipes84_prenac,6668,6670,True
2024.10.23_08-17-31_Biarmipes84_prenac,6675,6678,True
2024.10.23_08-17-31_Biarmipes84_prenac,6682,6685,True
2024.10.23_08-17-31_Biarmipes84_prenac,6687,6696,True
2024.10.23_08-17-31_Biarmipes84_prenac,6709,6711,True
2024.10.23_08-17-31_Biarmipes84_prenac,6715,6715,True
2024.10.23_08-17-31_Biarmipes84_prenac,6719,6720,True
2024.10.23_08-17-31_Biarmipes84_prenac,6734,6743,True
2024.10.23_08-17-31_Biarmipes84_prenac,6751,6751,True
2024.10.23_08-17-31_Biarmipes84_prenac,6756,6761,True
2024.10.23_08-17-31_Biarmipes84_prenac,6763,6763,True
2024.10.23_08-17-31_Biarmipes84_prenac,6765,6765,True
2024.10.23_08-17-31_Biarmipes84_prenac,6767,6769,True
2024.10.23_08-17-31_Biarmipes84_prenac,6776,6776,True
2024.10.23_08-17-31_Biarmipes84_prenac,6778,6778,True
2024.10.23_08-17-31_Biarmipes84_prenac,6780,6783,True
2024.10.23_08-17-31_Biarmipes84_prenac,6786,6786,True
2024.10.23_08-17-31_Biarmipes84_prenac,6790,6791,True
2024.10.23_08-17-31_Biarmipes84_prenac,6793,6793,True
2024.10.23_08-17-31_Biarmipes84_prenac,6799,6804,True
2024.10.23_08-17-31_Biarmipes84_prenac,6813,6815,True
2024.10.23_08-17-31_Biarmipes84_prenac,6820,6820,True
2024.10.23_08-17-31_Biarmipes84_prenac,6823,6823,True
2024.10.23_08-17-31_Biarmipes84_prenac,6825,6828,True
2024.10.23_08-17-31_Biarmipes84_prenac,6832,6832,True
2024.10.23_08-17-31_Biarmipes84_prenac,6846,6846,True
2024.10.23_08-17-31_Biarmipes84_prenac,6850,6851,True
2024.10.23_08-17-31_Biarmipes84_prenac,6853,6854,True
2024.10.23_08-17-31_Biarmipes84_prenac,6861,6863,True
2024.10.23_08-17-31_Biarmipes84_prenac,6865,6868,True
2024.10.23_08-17-31_Biarmipes84_prenac,6873,6873,True
2024.10.23_08-17-31_Biarmipes84_prenac,6875,6875,True
2024.10.23_08-17-31_Biarmipes84_prenac,6877,6878,True
2024.10.23_08-17-31_Biarmipes84_prenac,6892,6893,True
2024.10.23_08-17-31_Biarmipes84_prenac,6896,6896,True
2024.10.23_08-17-31_Biarmipes84_prenac,6901,6901,True
2024.10.23_08-17-31_Biarmipes84_prenac,6905,6907,True
2024.10.23_08-17-31_Biarmipes84_prenac,6913,6913,True
2024.10.23_08-17-31_Biarmipes84_prenac,6920,6921,True
2024.10.23_08-17-31_Biarmipes84_prenac,6924,6925,True
2024.10.23_08-17-31_Biarmipes84_prenac,6940,6940,True
2024.10.23_08-17-31_Biarmipes84_prenac,6944,6946,True
2024.10.23_08-17-31_Biarmipes84_prenac,6948,6948,True
2024.10.23_08-17-31_Biarmipes84_prenac,6954,6954,True
2024.10.23_08-17-31_Biarmipes84_prenac,6956,6957,True
2024.10.23_08-17-31_Biarmipes84_prenac,6959,6964,True
2024.10.23_08-17-31_Biarmipes84_prenac,6966,6968,True
2024.10.23_08-17-31_Biarmipes84_prenac,6978,6978,True
2024.10.23_08-17-31_Biarmipes84_prenac,6983,6986,True
2024.10.23_08-17-31_Biarmipes84_prenac,6995,6998,True
2024.10.23_08-17-31_Biarmipes84_prenac,7018,7021,True
2024.10.23_08-17-31_Biarmipes84_prenac,7030,7030,True
2024.10.23_08-17-31_Biarmipes84_prenac,7040,7040,True
2024.10.23_08-17-31_Biarmipes84_prenac,7058,7058,True
2024.10.23_08-17-31_Biarmipes84_prenac,7060,7062,True
2024.10.23_08-17-31_Biarmipes84_prenac,7064,7066,True
2024.10.23_08-17-31_Biarmipes84_prenac,7069,7069,True
2024.10.23_08-17-31_Biarmipes84_prenac,7071,7071,True
2024.10.23_08-17-31_Biarmipes84_prenac,7073,7073,True
2024.10.23_08-17-31_Biarmipes84_prenac,7076,7076,True
2024.10.23_08-17-31_Biarmipes84_prenac,7078,7078,True
2024.10.23_08-17-31_Biarmipes84_prenac,7081,7087,True
2024.10.23_08-17-31_Biarmipes84_prenac,7091,7091,True
2024.10.23_08-17-31_Biarmipes84_prenac,7097,7100,True
2024.10.23_08-17-31_Biarmipes84_prenac,7105,7105,True
2024.10.23_08-17-31_Biarmipes84_prenac,7112,7116,True
2024.10.23_08-17-31_Biarmipes84_prenac,7120,7121,True
2024.10.23_08-17-31_Biarmipes84_prenac,7133,7133,True
2024.10.23_08-17-31_Biarmipes84_prenac,7135,7135,True
2024.10.23_08-17-31_Biarmipes84_prenac,7146,7146,True
2024.10.23_08-17-31_Biarmipes84_prenac,7156,7156,True
2024.10.23_08-17-31_Biarmipes84_prenac,7162,7163,True
2024.10.23_08-17-31_Biarmipes84_prenac,7167,7169,True
2024.10.23_08-17-31_Biarmipes84_prenac,7171,7173,True
2024.10.23_08-17-31_Biarmipes84_prenac,7188,7188,True
2024.10.23_08-17-31_Biarmipes84_prenac,7193,7195,True
2024.10.23_08-17-31_Biarmipes84_prenac,7200,7202,True
2024.10.23_08-17-31_Biarmipes84_prenac,7205,7205,True
2024.10.23_08-17-31_Biarmipes84_prenac,7207,7209,True
2024.10.23_08-17-31_Biarmipes84_prenac,7215,7217,True
2024.10.23_08-17-31_Biarmipes84_prenac,7219,7223,True
2024.10.23_08-17-31_Biarmipes84_prenac,7252,7252,True
2024.10.23_08-17-31_Biarmipes84_prenac,7257,7260,True
2024.10.23_08-17-31_Biarmipes84_prenac,7262,7262,True
2024.10.23_08-17-31_Biarmipes84_prenac,7272,7275,True
2024.10.23_08-17-31_Biarmipes84_prenac,7279,7279,True
2024.10.23_08-17-31_Biarmipes84_prenac,7289,7291,True
2024.10.23_08-17-31_Biarmipes84_prenac,7300,7302,True
2024.10.23_08-17-31_Biarmipes84_prenac,7316,7317,True
2024.10.23_08-17-31_Biarmipes84_prenac,7320,7321,True
2024.10.23_08-17-31_Biarmipes84_prenac,7330,7330,True
2024.10.23_08-17-31_Biarmipes84_prenac,7334,7335,True
2024.10.23_08-17-31_Biarmipes84_prenac,7341,7342,True
2024.10.23_08-17-31_Biarmipes84_prenac,7344,7344,True
2024.10.23_08-17-31_Biarmipes84_prenac,7359,7359,True
2024.10.23_08-17-31_Biarmipes84_prenac,7368,7368,True
2024.10.23_08-17-31_Biarmipes84_prenac,7370,7373,True
2024.10.23_08-17-31_Biarmipes84_prenac,7377,7377,True
2024.10.23_08-17-31_Biarmipes84_prenac,7383,7383,True
2024.10.23_08-17-31_Biarmipes84_prenac,7409,7409,True
2024.10.23_08-17-31_Biarmipes84_prenac,7423,7425,True
2024.10.23_08-17-31_Biarmipes84_prenac,7429,7431,True
2024.10.23_08-17-31_Biarmipes84_prenac,7434,7434,True
2024.10.23_08-17-31_Biarmipes84_prenac,7436,7436,True
2024.10.23_08-17-31_Biarmipes84_prenac,7439,7445,True
2024.10.23_08-17-31_Biarmipes84_prenac,7447,7448,True
2024.10.23_08-17-31_Biarmipes84_prenac,7456,7457,True
2024.10.23_08-17-31_Biarmipes84_prenac,7459,7462,True
2024.10.23_08-17-31_Biarmipes84_prenac,7477,7478,True
2024.10.23_08-17-31_Biarmipes84_prenac,7481,7483,True
2024.10.23_08-17-31_Biarmipes84_prenac,7488,7488,True
2024.10.23_08-17-31_Biarmipes84_prenac,7492,7492,True
2024.10.23_08-17-31_Biarmipes84_prenac,7494,7495,True
2024.10.23_08-17-31_Biarmipes84_prenac,7507,7508,True
2024.10.23_08-17-31_Biarmipes84_prenac,7510,7511,True
2024.10.23_08-17-31_Biarmipes84_prenac,7535,7535,True
2024.10.23_08-17-31_Biarmipes84_prenac,7537,7537,True
2024.10.23_08-17-31_Biarmipes84_prenac,7549,7556,True
2024.10.23_08-17-31_Biarmipes84_prenac,7558,7560,True
2024.10.23_08-17-31_Biarmipes84_prenac,7571,7573,True
2024.10.23_08-17-31_Biarmipes84_prenac,7576,7579,True
2024.10.23_08-17-31_Biarmipes84_prenac,7581,7582,True
2024.10.23_08-17-31_Biarmipes84_prenac,7588,7593,True
2024.10.23_08-17-31_Biarmipes84_prenac,7604,7608,True
2024.10.23_08-17-31_Biarmipes84_prenac,7613,7613,True
2024.10.23_08-17-31_Biarmipes84_prenac,7615,7615,True
2024.10.23_08-17-31_Biarmipes84_prenac,7620,7620,True
2024.10.23_08-17-31_Biarmipes84_prenac,7622,7622,True
2024.10.23_08-17-31_Biarmipes84_prenac,7651,7659,True
2024.10.23_08-17-31_Biarmipes84_prenac,7675,7675,True
2024.10.23_08-17-31_Biarmipes84_prenac,7678,7682,True
2024.10.23_08-17-31_Biarmipes84_prenac,7688,7689,True
2024.10.23_08-17-31_Biarmipes84_prenac,7700,7703,True
2024.10.23_08-17-31_Biarmipes84_prenac,7706,7706,True
2024.10.23_08-17-31_Biarmipes84_prenac,7709,7710,True
2024.10.23_08-17-31_Biarmipes84_prenac,7718,7720,True
2024.10.23_08-17-31_Biarmipes84_prenac,7723,7726,True
2024.10.23_08-17-31_Biarmipes84_prenac,7729,7735,True
2024.10.23_08-17-31_Biarmipes84_prenac,7740,7740,True
2024.10.23_08-17-31_Biarmipes84_prenac,7749,7749,True
2024.10.23_08-17-31_Biarmipes84_prenac,7751,7756,True
2024.10.23_08-17-31_Biarmipes84_prenac,7765,7772,True
2024.10.23_08-17-31_Biarmipes84_prenac,7781,7782,True
2024.10.23_08-17-31_Biarmipes84_prenac,7789,7790,True
2024.10.23_08-17-31_Biarmipes84_prenac,7792,7792,True
2024.10.23_08-17-31_Biarmipes84_prenac,7794,7796,True
2024.10.23_08-17-31_Biarmipes84_prenac,7798,7798,True
2024.10.23_08-17-31_Biarmipes84_prenac,7802,7803,True
2024.10.23_08-17-31_Biarmipes84_prenac,7813,7813,True
2024.10.23_08-17-31_Biarmipes84_prenac,7823,7829,True
2024.10.23_08-17-31_Biarmipes84_prenac,7833,7833,True
2024.10.23_08-17-31_Biarmipes84_prenac,7852,7852,True
2024.10.23_08-17-31_Biarmipes84_prenac,7858,7858,True
2024.10.23_08-17-31_Biarmipes84_prenac,7860,7874,True
2024.10.23_08-17-31_Biarmipes84_prenac,7878,7878,True
2024.10.23_08-17-31_Biarmipes84_prenac,7882,7882,True
2024.10.23_08-17-31_Biarmipes84_prenac,7888,7892,True
2024.10.23_08-17-31_Biarmipes84_prenac,7895,7896,True
2024.10.23_08-17-31_Biarmipes84_prenac,7902,7902,True
2024.10.23_08-17-31_Biarmipes84_prenac,7906,7908,True
2024.10.23_08-17-31_Biarmipes84_prenac,7915,7916,True
2024.10.23_08-17-31_Biarmipes84_prenac,7919,7921,True
2024.10.23_08-17-31_Biarmipes84_prenac,7945,7946,True
2024.10.23_08-17-31_Biarmipes84_prenac,7948,7950,True
2024.10.23_08-17-31_Biarmipes84_prenac,7959,7963,True
2024.10.23_08-17-31_Biarmipes84_prenac,7970,7970,True
2024.10.23_08-17-31_Biarmipes84_prenac,7972,7973,True
2024.10.23_08-17-31_Biarmipes84_prenac,7979,7980,True
2024.10.23_08-17-31_Biarmipes84_prenac,7994,7999,True
2024.10.23_08-17-31_Biarmipes84_prenac,8001,8001,True
2024.10.23_08-17-31_Biarmipes84_prenac,8005,8006,True
2024.10.23_08-17-31_Biarmipes84_prenac,8044,8045,True
2024.10.23_08-17-31_Biarmipes84_prenac,8063,8063,True
2024.10.23_08-17-31_Biarmipes84_prenac,8068,8070,True
2024.10.23_08-17-31_Biarmipes84_prenac,8072,8077,True
2024.10.23_08-17-31_Biarmipes84_prenac,8080,8083,True
2024.10.23_08-17-31_Biarmipes84_prenac,8090,8095,True
2024.10.23_08-17-31_Biarmipes84_prenac,8103,8105,True
2024.10.23_08-17-31_Biarmipes84_prenac,8108,8109,True
2024.10.23_08-17-31_Biarmipes84_prenac,8118,8118,True
2024.10.23_08-17-31_Biarmipes84_prenac,8120,8120,True
2024.10.23_08-17-31_Biarmipes84_prenac,8130,8130,True
2024.10.23_08-17-31_Biarmipes84_prenac,8137,8139,True
2024.10.23_08-17-31_Biarmipes84_prenac,8151,8154,True
2024.10.23_08-17-31_Biarmipes84_prenac,8165,8166,True
2024.10.23_08-17-31_Biarmipes84_prenac,8169,8169,True
2024.10.23_08-17-31_Biarmipes84_prenac,8176,8179,True
2024.10.23_08-17-31_Biarmipes84_prenac,8182,8190,True
2024.10.23_08-17-31_Biarmipes84_prenac,8192,8196,True
2024.10.23_08-17-31_Biarmipes84_prenac,8198,8198,True
2024.10.23_08-17-31_Biarmipes84_prenac,8202,8202,True
2024.10.23_08-17-31_Biarmipes84_prenac,8206,8208,True
2024.10.23_08-17-31_Biarmipes84_prenac,8220,8220,True
2024.10.23_08-17-31_Biarmipes84_prenac,8223,8225,True
2024.10.23_08-17-31_Biarmipes84_prenac,8233,8235,True
2024.10.23_08-17-31_Biarmipes84_prenac,8238,8238,True
2024.10.23_08-17-31_Biarmipes84_prenac,8240,8242,True
2024.10.23_08-17-31_Biarmipes84_prenac,8246,8248,True
2024.10.23_08-17-31_Biarmipes84_prenac,8255,8255,True
2024.10.23_08-17-31_Biarmipes84_prenac,8261,8261,True
2024.10.23_08-17-31_Biarmipes84_prenac,8264,8269,True
2024.10.23_08-17-31_Biarmipes84_prenac,8277,8278,True
2024.10.23_08-17-31_Biarmipes84_prenac,8282,8282,True
2024.10.23_08-17-31_Biarmipes84_prenac,8285,8286,True
2024.10.23_08-17-31_Biarmipes84_prenac,8310,8310,True
2024.10.23_08-17-31_Biarmipes84_prenac,8312,8314,True
2024.10.24_09-31-22_Biarmipes_G224_metben,3,1116,True
2024.10.24_09-31-22_Biarmipes_G224_metben,1199,1242,True
2024.10.24_09-31-22_Biarmipes_G224_metben,1456,1505,True
2024.10.24_09-31-22_Biarmipes_G224_metben,1507,1663,True
2024.10.24_09-31-22_Biarmipes_G224_metben,1667,1667,True
2024.10.24_09-31-22_Biarmipes_G224_metben,1671,1671,True
2024.10.24_09-31-22_Biarmipes_G224_metben,1683,1683,True
2024.10.24_09-31-22_Biarmipes_G224_metben,1711,1711,True
2024.10.24_09-31-22_Biarmipes_G224_metben,1714,1715,True
2024.10.24_09-31-22_Biarmipes_G224_metben,1717,1718,True
2024.10.24_09-31-22_Biarmipes_G224_metben,1728,1728,True
2024.10.24_09-31-22_Biarmipes_G224_metben,1734,1980,True
2024.10.24_09-31-22_Biarmipes_G224_metben,2798,2802,True
2024.10.24_09-31-22_Biarmipes_G224_metben,2804,2804,True
2024.10.24_09-31-22_Biarmipes_G224_metben,2808,3626,True
2024.10.24_09-31-22_Biarmipes_G224_metben,3691,3704,True
2024.10.24_09-31-22_Biarmipes_G224_metben,3707,3717,True
2024.10.24_09-31-22_Biarmipes_G224_metben,3719,4042,True
2024.10.24_09-31-22_Biarmipes_G224_metben,4044,4524,True
2024.10.24_09-31-22_Biarmipes_G224_metben,5831,5995,True
2024.10.24_09-31-22_Biarmipes_G224_metben,6581,6757,True
2024.10.24_09-31-22_Biarmipes_G224_metben,7719,7722,True
2024.10.24_09-31-22_Biarmipes_G224_metben,7726,7726,True
2024.10.24_09-31-22_Biarmipes_G224_metben,7728,7728,True
2024.10.24_09-31-22_Biarmipes_G224_metben,7731,7731,True
2024.10.24_09-31-22_Biarmipes_G224_metben,7734,7734,True
2024.10.24_09-31-22_Biarmipes_G224_metben,7791,7792,True
2024.10.24_09-31-22_Biarmipes_G224_metben,7799,7799,True
2024.10.24_09-31-22_Biarmipes_G224_metben,7829,7831,True
2024.10.24_09-31-22_Biarmipes_G224_metben,7833,7833,True
2024.10.24_09-31-22_Biarmipes_G224_metben,7835,7853,True
2024.10.24_09-31-22_Biarmipes_G224_metben,7855,7864,True
2024.10.24_09-31-22_Biarmipes_G224_metben,7866,7875,True
2024.10.24_09-31-22_Biarmipes_G224_metben,7878,7880,True
2024.10.24_09-31-22_Biarmipes_G224_metben,7882,7882,True
2024.10.24_09-31-22_Biarmipes_G224_metben,7887,7887,True
2024.10.24_09-31-22_Biarmipes_G224_metben,7889,7889,True
2024.10.24_09-31-22_Biarmipes_G224_metben,7891,7895,True
2024.10.24_09-31-22_Biarmipes_G224_metben,7897,7898,True
2024.10.24_09-31-22_Biarmipes_G224_metben,7901,7901,True
2024.10.24_09-31-22_Biarmipes_G224_metben,7903,7911,True
2024.10.24_09-31-22_Biarmipes_G224_metben,7913,7951,True
2024.10.24_09-31-22_Biarmipes_G224_metben,7953,7963,True
2024.10.24_09-31-22_Biarmipes_G224_metben,7965,7967,True
2024.10.24_09-31-22_Biarmipes_G224_metben,7974,7974,True
2024.10.24_09-31-22_Biarmipes_G224_metben,7976,7981,True
2024.10.24_09-31-22_Biarmipes_G224_metben,7985,7985,True
2024.10.24_09-31-22_Biarmipes_G224_metben,7995,7995,True
2024.10.24_09-31-22_Biarmipes_G224_metben,8006,8006,True
2024.10.24_09-31-22_Biarmipes_G224_metben,8024,8034,True
2024.10.24_09-31-22_Biarmipes_G224_metben,8037,8040,True
2024.10.24_09-31-22_Biarmipes_G224_metben,8042,8042,True
2024.10.24_09-31-22_Biarmipes_G224_metben,8046,8047,True
2024.10.24_09-31-22_Biarmipes_G224_metben,8049,8051,True
2024.10.24_09-31-22_Biarmipes_G224_metben,8053,8192,True
2024.10.24_09-31-22_Biarmipes_G224_metben,8194,8206,True
2024.10.24_09-31-22_Biarmipes_G224_metben,8208,8222,True
2024.10.24_09-31-22_Biarmipes_G224_metben,8224,8236,True
2024.10.24_09-31-22_Biarmipes_G224_metben,8238,8248,True
2024.10.24_09-31-22_Biarmipes_G224_metben,8250,8250,True
2024.10.24_09-31-22_Biarmipes_G224_metben,8252,8499,True
2024.10.24_09-31-22_Biarmipes_G224_metben,8501,8998,True
2024.10.02_09-19-10_Biarmipes84_no_odor,504,748,True
2024.10.02_09-19-10_Biarmipes84_no_odor,851,1309,True
2024.10.02_09-19-10_Biarmipes84_no_odor,1312,1376,True
2024.10.02_09-19-10_Biarmipes84_no_odor,1384,1385,True
2024.10.02_09-19-10_Biarmipes84_no_odor,1387,1387,True
2024.10.02_09-19-10_Biarmipes84_no_odor,1415,1415,True
2024.10.02_09-19-10_Biarmipes84_no_odor,2119,3428,True
2024.10.02_09-19-10_Biarmipes84_no_odor,3977,5006,True
2024.10.02_09-19-10_Biarmipes84_no_odor,7282,7282,True
2024.10.02_09-19-10_Biarmipes84_no_odor,7291,7291,True
2024.10.02_09-19-10_Biarmipes84_no_odor,7310,7310,True
2024.10.02_09-19-10_Biarmipes84_no_odor,7561,7561,True
2024.10.02_09-19-10_Biarmipes84_no_odor,7585,7585,True
2024.10.02_09-19-10_Biarmipes84_no_odor,7595,7595,True
2024.10.02_09-19-10_Biarmipes84_no_odor,7609,7609,True
2024.10.02_09-19-10_Biarmipes84_no_odor,7612,7612,True
2024.10.02_09-19-10_Biarmipes84_no_odor,7625,7625,True
2024.10.02_09-19-10_Biarmipes84_no_odor,7640,7640,True
2024.10.02_09-19-10_Biarmipes84_no_odor,7642,7659,True
2024.10.02_09-19-10_Biarmipes84_no_odor,7665,7665,True
2024.10.02_09-19-10_Biarmipes84_no_odor,7670,7694,True
2024.10.02_09-19-10_Biarmipes84_no_odor,7696,7696,True
2024.10.02_09-19-10_Biarmipes84_no_odor,7701,7701,True
2024.10.02_09-19-10_Biarmipes84_no_odor,7703,7718,True
2024.10.02_09-19-10_Biarmipes84_no_odor,7721,7725,True
2024.10.02_09-19-10_Biarmipes84_no_odor,7727,7731,True
2024.10.02_09-19-10_Biarmipes84_no_odor,7733,7743,True
2024.10.02_09-19-10_Biarmipes84_no_odor,7745,7745,True
2024.10.02_09-19-10_Biarmipes84_no_odor,7748,7748,True
2024.10.02_09-19-10_Biarmipes84_no_odor,7750,7751,True
2024.10.02_09-19-10_Biarmipes84_no_odor,7756,7757,True
2024.10.02_09-19-10_Biarmipes84_no_odor,7759,7762,True
2024.10.02_09-19-10_Biarmipes84_no_odor,7764,7766,True
2024.10.02_09-19-10_Biarmipes84_no_odor,7770,7770,True
2024.10.02_09-19-10_Biarmipes84_no_odor,7772,7773,True
2024.10.02_09-19-10_Biarmipes84_no_odor,7782,7784,True
2024.10.02_09-19-10_Biarmipes84_no_odor,7800,7800,True
2024.10.02_09-19-10_Biarmipes84_no_odor,7802,7803,True
2024.10.02_09-19-10_Biarmipes84_no_odor,7808,7809,True
2024.10.02_09-19-10_Biarmipes84_no_odor,7814,7815,True
2024.10.02_09-19-10_Biarmipes84_no_odor,7821,7821,True
2024.10.02_09-19-10_Biarmipes84_no_odor,7830,7830,True
2024.10.02_09-19-10_Biarmipes84_no_odor,7834,7834,True
2024.10.02_09-19-10_Biarmipes84_no_odor,7837,7838,True
2024.10.02_09-19-10_Biarmipes84_no_odor,7840,7842,True
2024.10.02_09-19-10_Biarmipes84_no_odor,7850,7852,True
2024.10.02_09-19-10_Biarmipes84_no_odor,7854,7854,True
2024.10.02_09-19-10_Biarmipes84_no_odor,7857,7859,True
2024.10.02_09-19-10_Biarmipes84_no_odor,7861,7862,True
2024.10.02_09-19-10_Biarmipes84_no_odor,7865,7865,True
2024.10.02_09-19-10_Biarmipes84_no_odor,7869,7870,True
2024.10.02_09-19-10_Biarmipes84_no_odor,7879,7879,True
2024.10.02_09-19-10_Biarmipes84_no_odor,7885,7885,True
2024.10.02_09-19-10_Biarmipes84_no_odor,7888,7888,True
2024.10.02_09-19-10_Biarmipes84_no_odor,7893,7893,True
2024.10.02_09-19-10_Biarmipes84_no_odor,7895,7895,True
2024.10.02_09-19-10_Biarmipes84_no_odor,7897,7897,True
2024.10.02_09-19-10_Biarmipes84_no_odor,7915,7915,True
2024.10.02_09-19-10_Biarmipes84_no_odor,7925,7925,True
2024.10.02_09-19-10_Biarmipes84_no_odor,7930,7931,True
2024.10.02_09-19-10_Biarmipes84_no_odor,7933,7934,True
2024.10.02_09-19-10_Biarmipes84_no_odor,7944,7946,True
2024.10.02_09-19-10_Biarmipes84_no_odor,7948,7949,True
2024.10.02_09-19-10_Biarmipes84_no_odor,7960,7960,True
2024.10.02_09-19-10_Biarmipes84_no_odor,7964,7964,True
2024.10.02_09-19-10_Biarmipes84_no_odor,7969,7977,True
2024.10.02_09-19-10_Biarmipes84_no_odor,7979,7979,True
2024.10.02_09-19-10_Biarmipes84_no_odor,7987,7989,True
2024.10.02_09-19-10_Biarmipes84_no_odor,7996,7998,True
2024.10.02_09-19-10_Biarmipes84_no_odor,8003,8003,True
2024.10.02_09-19-10_Biarmipes84_no_odor,8009,8009,True
2024.10.02_09-19-10_Biarmipes84_no_odor,8027,8027,True
2024.10.02_09-19-10_Biarmipes84_no_odor,8033,8033,True
2024.10.02_09-19-10_Biarmipes84_no_odor,8037,8039,True
2024.10.02_09-19-10_Biarmipes84_no_odor,8041,8041,True
2024.10.02_09-19-10_Biarmipes84_no_odor,8048,8048,True
2024.10.02_09-19-10_Biarmipes84_no_odor,8066,8066,True
2024.10.02_09-19-10_Biarmipes84_no_odor,8133,8133,True
2024.10.02_09-19-10_Biarmipes84_no_odor,8135,8135,True
2024.10.02_09-19-10_Biarmipes84_no_odor,8137,8137,True
2024.10.02_09-19-10_Biarmipes84_no_odor,8139,8139,True
2024.10.02_09-19-10_Biarmipes84_no_odor,8154,8159,True
2024.10.02_09-19-10_Biarmipes84_no_odor,8161,8161,True
2024.10.02_09-19-10_Biarmipes84_no_odor,8163,8163,True
2024.10.02_09-19-10_Biarmipes84_no_odor,8165,8166,True
2024.10.02_09-19-10_Biarmipes84_no_odor,8200,8202,True
2024.10.02_09-19-10_Biarmipes84_no_odor,8210,8210,True
2024.10.02_09-19-10_Biarmipes84_no_odor,8213,8213,True
2024.10.02_09-19-10_Biarmipes84_no_odor,8218,8218,True
2024.10.02_09-19-10_Biarmipes84_no_odor,8220,8226,True
2024.10.02_09-19-10_Biarmipes84_no_odor,8228,8230,True
2024.10.02_09-19-10_Biarmipes84_no_odor,8232,8237,True
2024.10.02_09-19-10_Biarmipes84_no_odor,8239,8243,True
2024.10.02_09-19-10_Biarmipes84_no_odor,8245,8245,True
2024.10.02_09-19-10_Biarmipes84_no_odor,8254,8254,True
2024.10.02_09-19-10_Biarmipes84_no_odor,8261,8263,True
2024.10.02_09-19-10_Biarmipes84_no_odor,8527,8527,True
2024.10.23_14-28-08_Biarmipes_g224_prenac,3,32,True
2024.10.23_14-28-08_Biarmipes_g224_prenac,34,34,True
2024.10.23_14-28-08_Biarmipes_g224_prenac,36,37,True
2024.10.23_14-28-08_Biarmipes_g224_prenac,244,430,True
2024.10.23_14-28-08_Biarmipes_g224_prenac,777,894,True
2024.10.23_14-28-08_Biarmipes_g224_prenac,1080,1616,True
2024.10.23_14-28-08_Biarmipes_g224_prenac,2836,2920,True
2024.10.23_14-28-08_Biarmipes_g224_prenac,3161,3930,True
2024.10.23_14-28-08_Biarmipes_g224_prenac,5819,5823,True
2024.10.23_14-28-08_Biarmipes_g224_prenac,5825,5832,True
2024.10.23_14-28-08_Biarmipes_g224_prenac,5834,5834,True
2024.10.23_14-28-08_Biarmipes_g224_prenac,5836,5838,True
2024.10.23_14-28-08_Biarmipes_g224_prenac,5840,5841,True
2024.10.23_14-28-08_Biarmipes_g224_prenac,5843,5846,True
2024.10.23_14-28-08_Biarmipes_g224_prenac,5848,5851,True
2024.10.23_14-28-08_Biarmipes_g224_prenac,5853,5853,True
2024.10.23_14-28-08_Biarmipes_g224_prenac,5855,5855,True
2024.10.23_14-28-08_Biarmipes_g224_prenac,5857,5857,True
2024.10.23_14-28-08_Biarmipes_g224_prenac,5859,5862,True
2024.10.23_14-28-08_Biarmipes_g224_prenac,5867,5869,True
2024.10.23_14-28-08_Biarmipes_g224_prenac,5871,5881,True
2024.10.23_14-28-08_Biarmipes_g224_prenac,5884,5884,True
2024.10.23_14-28-08_Biarmipes_g224_prenac,5886,5888,True
2024.10.23_14-28-08_Biarmipes_g224_prenac,5890,5890,True
2024.10.23_14-28-08_Biarmipes_g224_prenac,5892,5892,True
2024.10.23_14-28-08_Biarmipes_g224_prenac,5894,5901,True
2024.10.23_14-28-08_Biarmipes_g224_prenac,5903,5916,True
2024.10.23_14-28-08_Biarmipes_g224_prenac,5919,5919,True
2024.10.23_14-28-08_Biarmipes_g224_prenac,5921,5929,True
2024.10.23_14-28-08_Biarmipes_g224_prenac,5933,5939,True
2024.10.23_14-28-08_Biarmipes_g224_prenac,5943,5948,True
2024.10.23_14-28-08_Biarmipes_g224_prenac,5960,5964,True
2024.10.23_14-28-08_Biarmipes_g224_prenac,5988,5992,True
2024.10.23_14-28-08_Biarmipes_g224_prenac,6032,6032,True
2024.10.23_14-28-08_Biarmipes_g224_prenac,6034,6035,True
2024.10.23_14-28-08_Biarmipes_g224_prenac,6042,6043,True
2024.10.23_14-28-08_Biarmipes_g224_prenac,6055,6055,True
2024.10.23_14-28-08_Biarmipes_g224_prenac,6080,6080,True
2024.10.23_14-28-08_Biarmipes_g224_prenac,6082,6161,True
2024.10.23_14-28-08_Biarmipes_g224_prenac,6164,6165,True
2024.10.23_14-28-08_Biarmipes_g224_prenac,6168,6181,True
2024.10.23_14-28-08_Biarmipes_g224_prenac,6183,6191,True
2024.10.23_14-28-08_Biarmipes_g224_prenac,6193,6201,True
2024.10.23_14-28-08_Biarmipes_g224_prenac,6203,6205,True
2024.10.23_14-28-08_Biarmipes_g224_prenac,6207,6238,True
2024.10.23_14-28-08_Biarmipes_g224_prenac,6241,6245,True
2024.10.23_14-28-08_Biarmipes_g224_prenac,6247,6256,True
2024.10.23_14-28-08_Biarmipes_g224_prenac,6258,6275,True
2024.10.23_14-28-08_Biarmipes_g224_prenac,6277,6281,True
2024.10.23_14-28-08_Biarmipes_g224_prenac,6283,6288,True
2024.10.23_14-28-08_Biarmipes_g224_prenac,6290,6291,True
2024.10.23_14-28-08_Biarmipes_g224_prenac,6293,6304,True
2024.10.23_14-28-08_Biarmipes_g224_prenac,6306,6307,True
2024.10.23_14-28-08_Biarmipes_g224_prenac,6322,6323,True
2024.10.23_14-28-08_Biarmipes_g224_prenac,6325,6327,True
2024.10.23_14-28-08_Biarmipes_g224_prenac,6330,6330,True
2024.10.23_14-28-08_Biarmipes_g224_prenac,6333,6333,True
2024.10.23_14-28-08_Biarmipes_g224_prenac,6337,6338,True
2024.10.23_14-28-08_Biarmipes_g224_prenac,6340,6340,True
2024.10.23_14-28-08_Biarmipes_g224_prenac,6380,6381,True
2024.10.23_14-28-08_Biarmipes_g224_prenac,6387,6387,True
2024.10.23_14-28-08_Biarmipes_g224_prenac,6389,6389,True
2024.10.23_14-28-08_Biarmipes_g224_prenac,6403,6405,True
2024.10.23_14-28-08_Biarmipes_g224_prenac,6433,6437,True
2024.10.23_14-28-08_Biarmipes_g224_prenac,6442,6442,True
2024.10.23_14-28-08_Biarmipes_g224_prenac,6488,6488,True
2024.10.23_14-28-08_Biarmipes_g224_prenac,6493,6503,True
2024.10.23_14-28-08_Biarmipes_g224_prenac,6506,6506,True
2024.10.23_14-28-08_Biarmipes_g224_prenac,6511,6512,True
2024.10.23_14-28-08_Biarmipes_g224_prenac,6517,6518,True
2024.10.23_14-28-08_Biarmipes_g224_prenac,6539,6539,True
2024.10.23_14-28-08_Biarmipes_g224_prenac,6609,6613,True
2024.10.23_14-28-08_Biarmipes_g224_prenac,6617,6617,True
2024.10.23_14-28-08_Biarmipes_g224_prenac,6636,6636,True
2024.10.23_14-28-08_Biarmipes_g224_prenac,6705,6746,True
2024.10.23_14-28-08_Biarmipes_g224_prenac,6748,6750,True
2024.10.23_14-28-08_Biarmipes_g224_prenac,6752,6758,True
2024.10.23_14-28-08_Biarmipes_g224_prenac,6760,6764,True
2024.10.23_14-28-08_Biarmipes_g224_prenac,6766,6766,True
2024.10.23_14-28-08_Biarmipes_g224_prenac,6769,6780,True
2024.10.23_14-28-08_Biarmipes_g224_prenac,6783,6807,True
2024.10.23_14-28-08_Biarmipes_g224_prenac,6809,6818,True
2024.10.23_14-28-08_Biarmipes_g224_prenac,6820,6822,True
2024.10.23_14-28-08_Biarmipes_g224_prenac,6824,6845,True
2024.10.23_14-28-08_Biarmipes_g224_prenac,6847,6864,True
2024.10.23_14-28-08_Biarmipes_g224_prenac,6866,6895,True
2024.10.23_14-28-08_Biarmipes_g224_prenac,6897,6902,True
2024.10.23_14-28-08_Biarmipes_g224_prenac,6904,6923,True
2024.10.23_14-28-08_Biarmipes_g224_prenac,6925,6932,True
2024.10.23_14-28-08_Biarmipes_g224_prenac,6935,6935,True
2024.10.23_14-28-08_Biarmipes_g224_prenac,6987,6990,True
2024.10.23_14-28-08_Biarmipes_g224_prenac,7059,7083,True
2024.10.23_14-28-08_Biarmipes_g224_prenac,7085,7091,True
2024.10.23_14-28-08_Biarmipes_g224_prenac,7096,7098,True
2024.10.23_14-28-08_Biarmipes_g224_prenac,7107,7107,True
2024.10.23_14-28-08_Biarmipes_g224_prenac,7117,7117,True
2024.10.23_14-28-08_Biarmipes_g224_prenac,7119,7119,True
2024.10.23_14-28-08_Biarmipes_g224_prenac,7125,7125,True
2024.10.23_14-28-08_Biarmipes_g224_prenac,7128,7131,True
2024.10.23_14-28-08_Biarmipes_g224_prenac,7136,7137,True
2024.10.23_14-28-08_Biarmipes_g224_prenac,7144,7144,True
2024.10.23_14-28-08_Biarmipes_g224_prenac,7149,7149,True
2024.10.23_14-28-08_Biarmipes_g224_prenac,7151,7185,True
2024.10.23_14-28-08_Biarmipes_g224_prenac,7187,7193,True
2024.10.23_14-28-08_Biarmipes_g224_prenac,7195,7196,True
2024.10.23_14-28-08_Biarmipes_g224_prenac,7198,7207,True
2024.10.23_14-28-08_Biarmipes_g224_prenac,7209,7251,True
2024.10.23_14-28-08_Biarmipes_g224_prenac,7253,7257,True
2024.10.23_14-28-08_Biarmipes_g224_prenac,7259,7260,True
2024.10.23_14-28-08_Biarmipes_g224_prenac,7262,7275,True
2024.10.23_14-28-08_Biarmipes_g224_prenac,7278,7305,True
2024.10.23_14-28-08_Biarmipes_g224_prenac,7307,7405,True
2024.10.23_14-28-08_Biarmipes_g224_prenac,7407,7407,True
2024.10.23_14-28-08_Biarmipes_g224_prenac,7413,7414,True
2024.10.23_14-28-08_Biarmipes_g224_prenac,7436,7438,True
2024.10.23_14-28-08_Biarmipes_g224_prenac,7442,7443,True
2024.10.23_14-28-08_Biarmipes_g224_prenac,7445,7447,True
2024.10.23_14-28-08_Biarmipes_g224_prenac,7483,7483,True
2024.10.23_14-28-08_Biarmipes_g224_prenac,7526,7526,True
2024.10.23_14-28-08_Biarmipes_g224_prenac,7566,7566,True
2024.10.23_14-28-08_Biarmipes_g224_prenac,7720,7720,True
2024.10.23_14-28-08_Biarmipes_g224_prenac,7722,8022,True
2024.12.18_17-43-00_Biarmipes_G224_prenac,404,1532,True
2024.12.18_17-43-00_Biarmipes_G224_prenac,3680,3680,True
2024.12.18_17-43-00_Biarmipes_G224_prenac,3691,3691,True
2024.12.18_17-43-00_Biarmipes_G224_prenac,3693,3693,True
2024.12.18_17-43-00_Biarmipes_G224_prenac,3696,3699,True
2024.12.18_17-43-00_Biarmipes_G224_prenac,3701,3701,True
2024.12.18_17-43-00_Biarmipes_G224_prenac,3703,3705,True
2024.12.18_17-43-00_Biarmipes_G224_prenac,3712,3712,True
2024.12.18_17-43-00_Biarmipes_G224_prenac,3725,3725,True
2024.12.18_17-43-00_Biarmipes_G224_prenac,3743,3743,True
2024.12.18_17-43-00_Biarmipes_G224_prenac,3746,3746,True
2024.12.18_17-43-00_Biarmipes_G224_prenac,3748,3748,True
2024.12.18_17-43-00_Biarmipes_G224_prenac,3750,3752,True
2024.12.18_17-43-00_Biarmipes_G224_prenac,3754,3781,True
2024.12.18_17-43-00_Biarmipes_G224_prenac,3783,3783,True
2024.12.18_17-43-00_Biarmipes_G224_prenac,3795,3795,True
2024.12.18_17-43-00_Biarmipes_G224_prenac,3797,3799,True
2024.12.18_17-43-00_Biarmipes_G224_prenac,3801,3801,True
2024.12.18_17-43-00_Biarmipes_G224_prenac,3804,3804,True
2024.12.18_17-43-00_Biarmipes_G224_prenac,3809,3809,True
2024.12.18_17-43-00_Biarmipes_G224_prenac,3812,3813,True
2024.12.18_17-43-00_Biarmipes_G224_prenac,3818,3820,True
2024.12.18_17-43-00_Biarmipes_G224_prenac,3912,3981,True
2024.12.18_17-43-00_Biarmipes_G224_prenac,3983,4038,True
2024.12.18_17-43-00_Biarmipes_G224_prenac,4040,4084,True
2024.12.18_17-43-00_Biarmipes_G224_prenac,4086,4096,True
2024.12.18_17-43-00_Biarmipes_G224_prenac,4098,4111,True
2024.12.18_17-43-00_Biarmipes_G224_prenac,4139,4149,True
2024.12.18_17-43-00_Biarmipes_G224_prenac,4151,4159,True
2024.12.18_17-43-00_Biarmipes_G224_prenac,4161,4165,True
2024.12.18_17-43-00_Biarmipes_G224_prenac,4167,4174,True
2024.12.18_17-43-00_Biarmipes_G224_prenac,4177,4184,True
2024.12.18_17-43-00_Biarmipes_G224_prenac,4186,4195,True
2024.12.18_17-43-00_Biarmipes_G224_prenac,4197,4199,True
2024.12.18_17-43-00_Biarmipes_G224_prenac,4201,4215,True
2024.12.18_17-43-00_Biarmipes_G224_prenac,4221,4221,True
2024.12.18_17-43-00_Biarmipes_G224_prenac,4223,4225,True
2024.12.18_17-43-00_Biarmipes_G224_prenac,4227,4227,True
2024.12.18_17-43-00_Biarmipes_G224_prenac,4230,4232,True
2024.12.18_17-43-00_Biarmipes_G224_prenac,4234,4236,True
2024.12.18_17-43-00_Biarmipes_G224_prenac,4238,4238,True
2024.12.18_17-43-00_Biarmipes_G224_prenac,4241,4362,True
2024.12.18_17-43-00_Biarmipes_G224_prenac,4364,4375,True
2024.12.18_17-43-00_Biarmipes_G224_prenac,4377,4405,True
2024.12.18_17-43-00_Biarmipes_G224_prenac,4407,4407,True
2024.12.18_17-43-00_Biarmipes_G224_prenac,4410,4846,True
2024.12.18_17-43-00_Biarmipes_G224_prenac,4848,4942,True
2024.12.18_17-43-00_Biarmipes_G224_prenac,4944,6047,True
2024.12.18_17-43-00_Biarmipes_G224_prenac,6436,6436,True
2024.12.18_17-43-00_Biarmipes_G224_prenac,6438,6442,True
2024.12.18_17-43-00_Biarmipes_G224_prenac,6475,6483,True
2024.12.18_17-43-00_Biarmipes_G224_prenac,6485,6496,True
2024.12.18_17-43-00_Biarmipes_G224_prenac,6498,6498,True
2024.12.18_17-43-00_Biarmipes_G224_prenac,6500,6501,True
2024.12.18_17-43-00_Biarmipes_G224_prenac,6503,6503,True
2024.12.18_17-43-00_Biarmipes_G224_prenac,6505,6505,True
2024.12.18_17-43-00_Biarmipes_G224_prenac,6507,6511,True
2024.12.18_17-43-00_Biarmipes_G224_prenac,6514,6518,True
2024.12.18_17-43-00_Biarmipes_G224_prenac,6522,6523,True
2024.12.18_17-43-00_Biarmipes_G224_prenac,6525,6525,True
2024.12.18_17-43-00_Biarmipes_G224_prenac,6527,6541,True
2024.12.18_17-43-00_Biarmipes_G224_prenac,6543,6553,True
2024.12.18_17-43-00_Biarmipes_G224_prenac,6555,6557,True
2024.12.18_17-43-00_Biarmipes_G224_prenac,6559,6569,True
2024.12.18_17-43-00_Biarmipes_G224_prenac,6571,6578,True
2024.12.18_17-43-00_Biarmipes_G224_prenac,6580,6583,True
2024.12.18_17-43-00_Biarmipes_G224_prenac,6585,6592,True
2024.12.18_17-43-00_Biarmipes_G224_prenac,6594,6608,True
2024.12.18_17-43-00_Biarmipes_G224_prenac,6610,6615,True
2024.12.18_17-43-00_Biarmipes_G224_prenac,6617,6619,True
2024.12.18_17-43-00_Biarmipes_G224_prenac,6621,6633,True
2024.12.18_17-43-00_Biarmipes_G224_prenac,6636,6640,True
2024.12.18_17-43-00_Biarmipes_G224_prenac,6642,6648,True
2024.12.18_17-43-00_Biarmipes_G224_prenac,6650,6668,True
2024.12.18_17-43-00_Biarmipes_G224_prenac,6670,6671,True
2024.12.18_17-43-00_Biarmipes_G224_prenac,6673,6673,True
2024.12.18_17-43-00_Biarmipes_G224_prenac,6675,6678,True
2024.12.18_17-43-00_Biarmipes_G224_prenac,6680,6680,True
2024.12.18_17-43-00_Biarmipes_G224_prenac,6682,6686,True
2024.12.18_17-43-00_Biarmipes_G224_prenac,6688,6688,True
2024.12.18_17-43-00_Biarmipes_G224_prenac,6690,6698,True
2024.12.18_17-43-00_Biarmipes_G224_prenac,6700,6702,True
2024.12.18_17-43-00_Biarmipes_G224_prenac,6705,6736,True
2024.12.18_17-43-00_Biarmipes_G224_prenac,6738,6739,True
2024.12.18_17-43-00_Biarmipes_G224_prenac,6741,6775,True
2024.12.18_17-43-00_Biarmipes_G224_prenac,6777,6783,True
2024.12.18_17-43-00_Biarmipes_G224_prenac,6785,6941,True
2024.12.18_17-43-00_Biarmipes_G224_prenac,6972,6972,True
2024.12.18_17-43-00_Biarmipes_G224_prenac,6974,6977,True
2024.12.18_17-43-00_Biarmipes_G224_prenac,6997,6998,True
2024.12.18_17-43-00_Biarmipes_G224_prenac,7001,7001,True
2024.12.18_17-43-00_Biarmipes_G224_prenac,7003,7019,True
2024.12.18_17-43-00_Biarmipes_G224_prenac,7021,7022,True
2024.12.18_17-43-00_Biarmipes_G224_prenac,7027,7028,True
2024.12.18_17-43-00_Biarmipes_G224_prenac,7032,7034,True
2024.12.18_17-43-00_Biarmipes_G224_prenac,7067,7068,True
2024.12.18_17-43-00_Biarmipes_G224_prenac,7085,7098,True
2024.12.18_17-43-00_Biarmipes_G224_prenac,7107,7118,True
2024.12.18_17-43-00_Biarmipes_G224_prenac,7123,7137,True
2024.12.18_17-43-00_Biarmipes_G224_prenac,7139,7143,True
2024.12.18_17-43-00_Biarmipes_G224_prenac,7158,7158,True
2024.12.18_17-43-00_Biarmipes_G224_prenac,7161,7168,True
2024.12.18_17-43-00_Biarmipes_G224_prenac,7201,7203,True
2024.12.18_17-43-00_Biarmipes_G224_prenac,7205,7207,True
2024.12.18_17-43-00_Biarmipes_G224_prenac,7210,7212,True
2024.12.18_17-43-00_Biarmipes_G224_prenac,7229,7242,True
2024.12.18_17-43-00_Biarmipes_G224_prenac,7244,7259,True
2024.12.18_17-43-00_Biarmipes_G224_prenac,7261,7325,True
2024.12.18_17-43-00_Biarmipes_G224_prenac,7349,7392,True
2024.12.18_17-43-00_Biarmipes_G224_prenac,7394,7396,True
2024.12.18_17-43-00_Biarmipes_G224_prenac,7398,7476,True
2024.12.18_17-43-00_Biarmipes_G224_prenac,7559,7606,True
2024.12.18_17-43-00_Biarmipes_G224_prenac,7832,7832,True
2024.12.18_17-43-00_Biarmipes_G224_prenac,7836,7837,True
2024.12.18_17-43-00_Biarmipes_G224_prenac,7839,7852,True
2024.12.18_17-43-00_Biarmipes_G224_prenac,7863,7865,True
2024.12.18_17-43-00_Biarmipes_G224_prenac,7872,7876,True
2024.12.18_17-43-00_Biarmipes_G224_prenac,7956,7956,True
2024.12.18_17-43-00_Biarmipes_G224_prenac,7959,7960,True
2024.12.18_17-43-00_Biarmipes_G224_prenac,7964,7965,True
2024.12.18_17-43-00_Biarmipes_G224_prenac,7967,7973,True
2024.12.18_17-43-00_Biarmipes_G224_prenac,7984,7984,True
2024.12.18_17-43-00_Biarmipes_G224_prenac,7986,7990,True
2024.12.18_17-43-00_Biarmipes_G224_prenac,7992,7994,True
2024.12.18_17-43-00_Biarmipes_G224_prenac,7996,8012,True
2024.11.04_07-22-08_biarmipes84_e2hex,3,551,True
2024.11.04_07-22-08_biarmipes84_e2hex,1090,1406,True
2024.11.04_07-22-08_biarmipes84_e2hex,1423,1449,True
2024.11.04_07-22-08_biarmipes84_e2hex,1475,1501,True
2024.11.04_07-22-08_biarmipes84_e2hex,1524,1530,True
2024.11.04_07-22-08_biarmipes84_e2hex,1533,1902,True
2024.11.04_07-22-08_biarmipes84_e2hex,1904,1954,True
2024.11.04_07-22-08_biarmipes84_e2hex,1957,2124,True
2024.11.04_07-22-08_biarmipes84_e2hex,2924,3266,True
2024.11.04_07-22-08_biarmipes84_e2hex,3389,3593,True
2024.11.04_07-22-08_biarmipes84_e2hex,5188,5207,True
2024.11.04_07-22-08_biarmipes84_e2hex,5209,5210,True
2024.11.04_07-22-08_biarmipes84_e2hex,5359,5359,True
2024.11.04_07-22-08_biarmipes84_e2hex,5470,5470,True
2024.11.04_07-22-08_biarmipes84_e2hex,5485,5485,True
2024.11.04_07-22-08_biarmipes84_e2hex,5496,5496,True
2024.11.04_07-22-08_biarmipes84_e2hex,5500,5500,True
2024.11.04_07-22-08_biarmipes84_e2hex,5502,5502,True
2024.11.04_07-22-08_biarmipes84_e2hex,5509,5509,True
2024.11.04_07-22-08_biarmipes84_e2hex,5511,5511,True
2024.11.04_07-22-08_biarmipes84_e2hex,5514,5514,True
2024.11.04_07-22-08_biarmipes84_e2hex,5517,5517,True
2024.11.04_07-22-08_biarmipes84_e2hex,5519,5523,True
2024.11.04_07-22-08_biarmipes84_e2hex,5532,5616,True
2024.11.04_07-22-08_biarmipes84_e2hex,5618,5641,True
2024.11.04_07-22-08_biarmipes84_e2hex,5643,6876,True
2024.11.04_07-22-08_biarmipes84_e2hex,7427,7926,True
2024.11.04_07-22-08_biarmipes84_e2hex,8012,8013,True
2024.11.04_07-22-08_biarmipes84_e2hex,8015,8038,True
2024.11.04_07-22-08_biarmipes84_e2hex,8070,8071,True
2024.11.04_07-22-08_biarmipes84_e2hex,8073,8114,True
2024.07.08_12-21-10_Riverside (no odor),3,144,True
2024.07.08_12-21-10_Riverside (no odor),1698,1916,True
2024.07.08_12-21-10_Riverside (no odor),1936,3733,True
2024.07.08_12-21-10_Riverside (no odor),4205,4205,True
2024.07.08_12-21-10_Riverside (no odor),4705,5289,True
2024.07.08_12-21-10_Riverside (no odor),5419,5420,True
2024.07.08_12-21-10_Riverside (no odor),5430,5431,True
2024.07.08_12-21-10_Riverside (no odor),5634,5688,True
2024.07.08_12-21-10_Riverside (no odor),8543,8543,True
2024.07.08_12-21-10_Riverside (no odor),8554,8554,True
2024.07.08_12-21-10_Riverside (no odor),8592,8592,True
2024.07.08_12-21-10_Riverside (no odor),8606,8607,True
2024.07.08_12-21-10_Riverside (no odor),8619,8619,True
2024.07.08_12-21-10_Riverside (no odor),8622,8622,True
2024.07.08_12-21-10_Riverside (no odor),8716,8716,True
2024.07.08_12-21-10_Riverside (no odor),8823,8831,True
2024.07.08_12-21-10_Riverside (no odor),8862,8862,True
2024.07.08_12-21-10_Riverside (no odor),8892,8893,True
2024.07.08_12-21-10_Riverside (no odor),8902,8912,True
2024.07.08_12-21-10_Riverside (no odor),8921,8921,True
2024.07.08_12-21-10_Riverside (no odor),8956,8985,True
2024.10.11_15-17-54_Stocago_2hexanol,3,649,True
2024.10.11_15-17-54_Stocago_2hexanol,1215,1215,True
2024.10.11_15-17-54_Stocago_2hexanol,1217,1219,True
2024.10.11_15-17-54_Stocago_2hexanol,1221,1268,True
2024.10.11_15-17-54_Stocago_2hexanol,1306,1313,True
2024.10.11_15-17-54_Stocago_2hexanol,1317,1392,True
2024.10.11_15-17-54_Stocago_2hexanol,1702,2903,True
2024.10.11_15-17-54_Stocago_2hexanol,3461,4002,True
2024.10.11_15-17-54_Stocago_2hexanol,4888,4888,True
2024.10.11_15-17-54_Stocago_2hexanol,4893,4900,True
2024.10.11_15-17-54_Stocago_2hexanol,5096,5096,True
2024.10.11_15-17-54_Stocago_2hexanol,5098,5098,True
2024.10.11_15-17-54_Stocago_2hexanol,5100,5124,True
2024.10.11_15-17-54_Stocago_2hexanol,5133,5837,True
2024.10.11_15-17-54_Stocago_2hexanol,6341,6861,True
2024.10.11_15-17-54_Stocago_2hexanol,7389,8028,True
2024.10.11_15-17-54_Stocago_2hexanol,8632,8653,True
2024.10.11_15-17-54_Stocago_2hexanol,8655,8657,True
2024.10.11_15-17-54_Stocago_2hexanol,8659,8999,True
2024.10.08_13-09-00_Stocago_2hexanol,3,443,True
2024.10.08_13-09-00_Stocago_2hexanol,906,1479,True
2024.10.08_13-09-00_Stocago_2hexanol,2038,2427,True
2024.10.08_13-09-00_Stocago_2hexanol,2889,3347,True
2024.10.08_13-09-00_Stocago_2hexanol,3791,4267,True
2024.10.08_13-09-00_Stocago_2hexanol,4756,5241,True
2024.10.08_13-09-00_Stocago_2hexanol,5732,6326,True
2024.10.08_13-09-00_Stocago_2hexanol,6554,6570,True
2024.10.08_13-09-00_Stocago_2hexanol,7545,8257,True
2024.11.12_03-46-01_Sto_car_e2hex,1333,1438,True
2024.11.12_03-46-01_Sto_car_e2hex,1440,1556,True
2024.11.12_03-46-01_Sto_car_e2hex,1559,1559,True
2024.11.12_03-46-01_Sto_car_e2hex,1562,1566,True
2024.11.12_03-46-01_Sto_car_e2hex,1568,2168,True
2024.11.12_03-46-01_Sto_car_e2hex,2170,2171,True
2024.11.12_03-46-01_Sto_car_e2hex,2173,2384,True
2024.11.12_03-46-01_Sto_car_e2hex,2386,2823,True
2024.11.12_03-46-01_Sto_car_e2hex,3666,4275,True
2024.11.12_03-46-01_Sto_car_e2hex,4277,4277,True
2024.11.12_03-46-01_Sto_car_e2hex,4279,4347,True
2024.11.12_03-46-01_Sto_car_e2hex,4349,4354,True
2024.11.12_03-46-01_Sto_car_e2hex,4358,4410,True
2024.11.12_03-46-01_Sto_car_e2hex,4459,4480,True
2024.11.12_03-46-01_Sto_car_e2hex,4513,4513,True
2024.11.12_03-46-01_Sto_car_e2hex,4515,4567,True
2024.11.12_03-46-01_Sto_car_e2hex,4594,4623,True
2024.11.12_03-46-01_Sto_car_e2hex,4625,4625,True
2024.11.12_03-46-01_Sto_car_e2hex,4660,4662,True
2024.11.12_03-46-01_Sto_car_e2hex,4664,4664,True
2024.11.12_03-46-01_Sto_car_e2hex,4668,5735,True
2024.11.12_03-46-01_Sto_car_e2hex,6295,6333,True
2024.11.12_03-46-01_Sto_car_e2hex,6339,7030,True
2024.11.12_03-46-01_Sto_car_e2hex,8162,8174,True
2024.11.12_03-46-01_Sto_car_e2hex,8177,8177,True
2024.11.12_03-46-01_Sto_car_e2hex,8179,8650,True
2024.10.17_09-19-40_Sto_car_prenac,3,237,True
2024.10.17_09-19-40_Sto_car_prenac,3464,3472,True
2024.10.17_09-19-40_Sto_car_prenac,3481,3486,True
2024.10.17_09-19-40_Sto_car_prenac,3488,3493,True
2024.10.17_09-19-40_Sto_car_prenac,3506,3506,True
2024.10.17_09-19-40_Sto_car_prenac,3514,3514,True
2024.10.17_09-19-40_Sto_car_prenac,3522,3524,True
2024.10.17_09-19-40_Sto_car_prenac,3531,3531,True
2024.10.17_09-19-40_Sto_car_prenac,3537,3538,True
2024.10.17_09-19-40_Sto_car_prenac,3541,3542,True
2024.10.17_09-19-40_Sto_car_prenac,3548,3548,True
2024.10.17_09-19-40_Sto_car_prenac,3553,3554,True
2024.10.17_09-19-40_Sto_car_prenac,3558,3558,True
2024.10.17_09-19-40_Sto_car_prenac,3574,3574,True
2024.10.17_09-19-40_Sto_car_prenac,3578,3578,True
2024.10.17_09-19-40_Sto_car_prenac,3587,3587,True
2024.10.17_09-19-40_Sto_car_prenac,3590,3591,True
2024.10.17_09-19-40_Sto_car_prenac,3595,3599,True
2024.10.17_09-19-40_Sto_car_prenac,3605,3607,True
2024.10.17_09-19-40_Sto_car_prenac,3609,3609,True
2024.10.17_09-19-40_Sto_car_prenac,3611,3613,True
2024.10.17_09-19-40_Sto_car_prenac,3615,3619,True
2024.10.17_09-19-40_Sto_car_prenac,3629,3630,True
2024.10.17_09-19-40_Sto_car_prenac,3638,3639,True
2024.10.17_09-19-40_Sto_car_prenac,3654,3663,True
2024.10.17_09-19-40_Sto_car_prenac,3690,3690,True
2024.10.17_09-19-40_Sto_car_prenac,3705,3705,True
2024.10.17_09-19-40_Sto_car_prenac,3720,3720,True
2024.10.17_09-19-40_Sto_car_prenac,3726,3726,True
2024.10.17_09-19-40_Sto_car_prenac,3728,3728,True
2024.10.17_09-19-40_Sto_car_prenac,3732,3739,True
2024.10.17_09-19-40_Sto_car_prenac,3783,3783,True
2024.10.17_09-19-40_Sto_car_prenac,3791,3791,True
2024.10.17_09-19-40_Sto_car_prenac,3793,3794,True
2024.10.17_09-19-40_Sto_car_prenac,3798,3799,True
2024.10.17_09-19-40_Sto_car_prenac,3804,3805,True
2024.10.17_09-19-40_Sto_car_prenac,3807,3811,True
2024.10.17_09-19-40_Sto_car_prenac,3814,3814,True
2024.10.17_09-19-40_Sto_car_prenac,3816,3816,True
2024.10.17_09-19-40_Sto_car_prenac,3818,3830,True
2024.10.17_09-19-40_Sto_car_prenac,3832,3842,True
2024.10.17_09-19-40_Sto_car_prenac,3933,3935,True
2024.10.17_09-19-40_Sto_car_prenac,3938,3940,True
2024.10.17_09-19-40_Sto_car_prenac,3942,3944,True
2024.10.17_09-19-40_Sto_car_prenac,3953,3958,True
2024.10.17_09-19-40_Sto_car_prenac,3960,3960,True
2024.10.17_09-19-40_Sto_car_prenac,3962,3962,True
2024.10.17_09-19-40_Sto_car_prenac,3964,3967,True
2024.10.17_09-19-40_Sto_car_prenac,3969,3969,True
2024.10.17_09-19-40_Sto_car_prenac,3973,3980,True
2024.10.17_09-19-40_Sto_car_prenac,3982,3983,True
2024.10.17_09-19-40_Sto_car_prenac,3985,3985,True
2024.10.17_09-19-40_Sto_car_prenac,3990,3994,True
2024.10.17_09-19-40_Sto_car_prenac,3996,3998,True
2024.10.17_09-19-40_Sto_car_prenac,4001,4002,True
2024.10.17_09-19-40_Sto_car_prenac,4006,4013,True
2024.10.17_09-19-40_Sto_car_prenac,4015,4017,True
2024.10.17_09-19-40_Sto_car_prenac,4055,4058,True
2024.10.17_09-19-40_Sto_car_prenac,4061,4072,True
2024.10.17_09-19-40_Sto_car_prenac,4081,4081,True
2024.10.17_09-19-40_Sto_car_prenac,4085,4087,True
2024.10.17_09-19-40_Sto_car_prenac,4089,4089,True
2024.10.17_09-19-40_Sto_car_prenac,4104,4104,True
2024.10.17_09-19-40_Sto_car_prenac,4111,4113,True
2024.10.17_09-19-40_Sto_car_prenac,4118,4141,True
2024.10.17_09-19-40_Sto_car_prenac,4147,4449,True
2024.10.17_09-19-40_Sto_car_prenac,4453,4463,True
2024.10.17_09-19-40_Sto_car_prenac,4465,4471,True
2024.10.17_09-19-40_Sto_car_prenac,4474,4474,True
2024.10.17_09-19-40_Sto_car_prenac,4476,4492,True
2024.10.17_09-19-40_Sto_car_prenac,4494,4502,True
2024.10.17_09-19-40_Sto_car_prenac,4504,4507,True
2024.10.17_09-19-40_Sto_car_prenac,4509,4511,True
2024.10.17_09-19-40_Sto_car_prenac,4513,4517,True
2024.10.17_09-19-40_Sto_car_prenac,4519,4524,True
2024.10.17_09-19-40_Sto_car_prenac,4526,4528,True
2024.10.17_09-19-40_Sto_car_prenac,4531,4539,True
2024.10.17_09-19-40_Sto_car_prenac,4541,8307,True
2024.11.13_02-31-36_Sechellia28_e2hex,1274,1275,True
2024.11.13_02-31-36_Sechellia28_e2hex,1279,1280,True
2024.11.13_02-31-36_Sechellia28_e2hex,1283,1285,True
2024.11.13_02-31-36_Sechellia28_e2hex,1290,1290,True
2024.11.13_02-31-36_Sechellia28_e2hex,1292,1293,True
2024.11.13_02-31-36_Sechellia28_e2hex,1295,1295,True
2024.11.13_02-31-36_Sechellia28_e2hex,1328,1333,True
2024.11.13_02-31-36_Sechellia28_e2hex,1335,1337,True
2024.11.13_02-31-36_Sechellia28_e2hex,1339,1356,True
2024.11.13_02-31-36_Sechellia28_e2hex,1358,1358,True
2024.11.13_02-31-36_Sechellia28_e2hex,1360,1360,True
2024.11.13_02-31-36_Sechellia28_e2hex,1364,1364,True
2024.11.13_02-31-36_Sechellia28_e2hex,1402,1402,True
2024.11.13_02-31-36_Sechellia28_e2hex,1407,1408,True
2024.11.13_02-31-36_Sechellia28_e2hex,1416,1416,True
2024.11.13_02-31-36_Sechellia28_e2hex,1419,1420,True
2024.11.13_02-31-36_Sechellia28_e2hex,1422,1423,True
2024.11.13_02-31-36_Sechellia28_e2hex,1425,1426,True
2024.11.13_02-31-36_Sechellia28_e2hex,1429,1429,True
2024.11.13_02-31-36_Sechellia28_e2hex,1431,1431,True
2024.11.13_02-31-36_Sechellia28_e2hex,1433,1433,True
2024.11.13_02-31-36_Sechellia28_e2hex,1435,1467,True
2024.11.13_02-31-36_Sechellia28_e2hex,1469,1478,True
2024.11.13_02-31-36_Sechellia28_e2hex,1505,1506,True
2024.11.13_02-31-36_Sechellia28_e2hex,1508,1509,True
2024.11.13_02-31-36_Sechellia28_e2hex,1512,1512,True
2024.11.13_02-31-36_Sechellia28_e2hex,1518,1518,True
2024.11.13_02-31-36_Sechellia28_e2hex,1520,1524,True
2024.11.13_02-31-36_Sechellia28_e2hex,1526,1526,True
2024.11.13_02-31-36_Sechellia28_e2hex,1528,1528,True
2024.11.13_02-31-36_Sechellia28_e2hex,1541,1543,True
2024.11.13_02-31-36_Sechellia28_e2hex,1552,1552,True
2024.11.13_02-31-36_Sechellia28_e2hex,1555,1555,True
2024.11.13_02-31-36_Sechellia28_e2hex,1558,1562,True
2024.11.13_02-31-36_Sechellia28_e2hex,1564,1572,True
2024.11.13_02-31-36_Sechellia28_e2hex,1576,1576,True
2024.11.13_02-31-36_Sechellia28_e2hex,1595,1595,True
2024.11.13_02-31-36_Sechellia28_e2hex,1599,1599,True
2024.11.13_02-31-36_Sechellia28_e2hex,1610,1612,True
2024.11.13_02-31-36_Sechellia28_e2hex,1670,2253,True
2024.11.13_02-31-36_Sechellia28_e2hex,2255,2264,True
2024.11.13_02-31-36_Sechellia28_e2hex,2266,2268,True
2024.11.13_02-31-36_Sechellia28_e2hex,2270,2277,True
2024.11.13_02-31-36_Sechellia28_e2hex,2279,2283,True
2024.11.13_02-31-36_Sechellia28_e2hex,2285,2289,True
2024.11.13_02-31-36_Sechellia28_e2hex,2294,2296,True
2024.11.13_02-31-36_Sechellia28_e2hex,2298,2307,True
2024.11.13_02-31-36_Sechellia28_e2hex,2309,2320,True
2024.11.13_02-31-36_Sechellia28_e2hex,2322,2326,True
2024.11.13_02-31-36_Sechellia28_e2hex,2328,2347,True
2024.11.13_02-31-36_Sechellia28_e2hex,2349,2349,True
2024.11.13_02-31-36_Sechellia28_e2hex,2351,2352,True
2024.11.13_02-31-36_Sechellia28_e2hex,2356,2361,True
2024.11.13_02-31-36_Sechellia28_e2hex,2363,2363,True
2024.11.13_02-31-36_Sechellia28_e2hex,2365,2368,True
2024.11.13_02-31-36_Sechellia28_e2hex,2370,2385,True
2024.11.13_02-31-36_Sechellia28_e2hex,2387,2389,True
2024.11.13_02-31-36_Sechellia28_e2hex,2391,2394,True
2024.11.13_02-31-36_Sechellia28_e2hex,2396,2398,True
2024.11.13_02-31-36_Sechellia28_e2hex,2400,2405,True
2024.11.13_02-31-36_Sechellia28_e2hex,2407,2408,True
2024.11.13_02-31-36_Sechellia28_e2hex,2410,2432,True
2024.11.13_02-31-36_Sechellia28_e2hex,2434,2439,True
2024.11.13_02-31-36_Sechellia28_e2hex,2441,2443,True
2024.11.13_02-31-36_Sechellia28_e2hex,2445,2455,True
2024.11.13_02-31-36_Sechellia28_e2hex,2457,2461,True
2024.11.13_02-31-36_Sechellia28_e2hex,2463,2465,True
2024.11.13_02-31-36_Sechellia28_e2hex,2467,2471,True
2024.11.13_02-31-36_Sechellia28_e2hex,2473,2475,True
2024.11.13_02-31-36_Sechellia28_e2hex,2477,2480,True
2024.11.13_02-31-36_Sechellia28_e2hex,2482,2487,True
2024.11.13_02-31-36_Sechellia28_e2hex,2490,2492,True
2024.11.13_02-31-36_Sechellia28_e2hex,2494,2495,True
2024.11.13_02-31-36_Sechellia28_e2hex,2497,2507,True
2024.11.13_02-31-36_Sechellia28_e2hex,2509,2519,True
2024.11.13_02-31-36_Sechellia28_e2hex,2521,2530,True
2024.11.13_02-31-36_Sechellia28_e2hex,2532,2540,True
2024.11.13_02-31-36_Sechellia28_e2hex,2543,2547,True
2024.11.13_02-31-36_Sechellia28_e2hex,2549,2553,True
2024.11.13_02-31-36_Sechellia28_e2hex,2557,2559,True
2024.11.13_02-31-36_Sechellia28_e2hex,2562,2565,True
2024.11.13_02-31-36_Sechellia28_e2hex,2573,2573,True
2024.11.13_02-31-36_Sechellia28_e2hex,2577,2578,True
2024.11.13_02-31-36_Sechellia28_e2hex,2580,2580,True
2024.11.13_02-31-36_Sechellia28_e2hex,2582,2582,True
2024.11.13_02-31-36_Sechellia28_e2hex,2585,2585,True
2024.11.13_02-31-36_Sechellia28_e2hex,2587,2587,True
2024.11.13_02-31-36_Sechellia28_e2hex,2592,2592,True
2024.11.13_02-31-36_Sechellia28_e2hex,2595,2595,True
2024.11.13_02-31-36_Sechellia28_e2hex,2598,2600,True
2024.11.13_02-31-36_Sechellia28_e2hex,2602,2602,True
2024.11.13_02-31-36_Sechellia28_e2hex,2604,2605,True
2024.11.13_02-31-36_Sechellia28_e2hex,2607,2608,True
2024.11.13_02-31-36_Sechellia28_e2hex,2610,2613,True
2024.11.13_02-31-36_Sechellia28_e2hex,2615,2615,True
2024.11.13_02-31-36_Sechellia28_e2hex,2617,2617,True
2024.11.13_02-31-36_Sechellia28_e2hex,2621,2622,True
2024.11.13_02-31-36_Sechellia28_e2hex,2626,2626,True
2024.11.13_02-31-36_Sechellia28_e2hex,2631,2634,True
2024.11.13_02-31-36_Sechellia28_e2hex,2636,2636,True
2024.11.13_02-31-36_Sechellia28_e2hex,2638,2640,True
2024.11.13_02-31-36_Sechellia28_e2hex,2645,2645,True
2024.11.13_02-31-36_Sechellia28_e2hex,2648,2648,True
2024.11.13_02-31-36_Sechellia28_e2hex,2651,2652,True
2024.11.13_02-31-36_Sechellia28_e2hex,2654,2654,True
2024.11.13_02-31-36_Sechellia28_e2hex,2656,2656,True
2024.11.13_02-31-36_Sechellia28_e2hex,2658,2659,True
2024.11.13_02-31-36_Sechellia28_e2hex,2670,2680,True
2024.11.13_02-31-36_Sechellia28_e2hex,2682,2683,True
2024.11.13_02-31-36_Sechellia28_e2hex,2686,2686,True
2024.11.13_02-31-36_Sechellia28_e2hex,2694,2694,True
2024.11.13_02-31-36_Sechellia28_e2hex,2697,2698,True
2024.11.13_02-31-36_Sechellia28_e2hex,2700,2701,True
2024.11.13_02-31-36_Sechellia28_e2hex,2704,2708,True
2024.11.13_02-31-36_Sechellia28_e2hex,2710,2711,True
2024.11.13_02-31-36_Sechellia28_e2hex,2713,2719,True
2024.11.13_02-31-36_Sechellia28_e2hex,2721,2721,True
2024.11.13_02-31-36_Sechellia28_e2hex,2723,2723,True
2024.11.13_02-31-36_Sechellia28_e2hex,2727,2731,True
2024.11.13_02-31-36_Sechellia28_e2hex,2734,2734,True
2024.11.13_02-31-36_Sechellia28_e2hex,2736,2736,True
2024.11.13_02-31-36_Sechellia28_e2hex,2738,2738,True
2024.11.13_02-31-36_Sechellia28_e2hex,2741,2741,True
2024.11.13_02-31-36_Sechellia28_e2hex,2744,2745,True
2024.11.13_02-31-36_Sechellia28_e2hex,2747,2749,True
2024.11.13_02-31-36_Sechellia28_e2hex,2751,2754,True
2024.11.13_02-31-36_Sechellia28_e2hex,2759,2763,True
2024.11.13_02-31-36_Sechellia28_e2hex,2767,2770,True
2024.11.13_02-31-36_Sechellia28_e2hex,2772,2803,True
2024.11.13_02-31-36_Sechellia28_e2hex,2805,2830,True
2024.11.13_02-31-36_Sechellia28_e2hex,2832,2860,True
2024.11.13_02-31-36_Sechellia28_e2hex,2862,2866,True
2024.11.13_02-31-36_Sechellia28_e2hex,2868,2869,True
2024.11.13_02-31-36_Sechellia28_e2hex,2871,2874,True
2024.11.13_02-31-36_Sechellia28_e2hex,2877,2877,True
2024.11.13_02-31-36_Sechellia28_e2hex,2879,2882,True
2024.11.13_02-31-36_Sechellia28_e2hex,2884,2886,True
2024.11.13_02-31-36_Sechellia28_e2hex,2888,2888,True
2024.11.13_02-31-36_Sechellia28_e2hex,2893,2893,True
2024.11.13_02-31-36_Sechellia28_e2hex,2899,2899,True
2024.11.13_02-31-36_Sechellia28_e2hex,2902,2904,True
2024.11.13_02-31-36_Sechellia28_e2hex,2910,2912,True
2024.11.13_02-31-36_Sechellia28_e2hex,2914,2916,True
2024.11.13_02-31-36_Sechellia28_e2hex,2919,2920,True
2024.11.13_02-31-36_Sechellia28_e2hex,2922,2923,True
2024.11.13_02-31-36_Sechellia28_e2hex,2925,2926,True
2024.11.13_02-31-36_Sechellia28_e2hex,2930,2930,True
2024.11.13_02-31-36_Sechellia28_e2hex,2932,2932,True
2024.11.13_02-31-36_Sechellia28_e2hex,2934,2934,True
2024.11.13_02-31-36_Sechellia28_e2hex,2937,2938,True
2024.11.13_02-31-36_Sechellia28_e2hex,2942,2945,True
2024.11.13_02-31-36_Sechellia28_e2hex,2950,2951,True
2024.11.13_02-31-36_Sechellia28_e2hex,2953,2954,True
2024.11.13_02-31-36_Sechellia28_e2hex,2957,2958,True
2024.11.13_02-31-36_Sechellia28_e2hex,2961,2965,True
2024.11.13_02-31-36_Sechellia28_e2hex,2968,2968,True
2024.11.13_02-31-36_Sechellia28_e2hex,2970,2970,True
2024.11.13_02-31-36_Sechellia28_e2hex,2976,2979,True
2024.11.13_02-31-36_Sechellia28_e2hex,2988,2988,True
2024.11.13_02-31-36_Sechellia28_e2hex,2990,2990,True
2024.11.13_02-31-36_Sechellia28_e2hex,2992,3020,True
2024.11.13_02-31-36_Sechellia28_e2hex,3036,3039,True
2024.11.13_02-31-36_Sechellia28_e2hex,3041,3044,True
2024.11.13_02-31-36_Sechellia28_e2hex,3047,3068,True
2024.11.13_02-31-36_Sechellia28_e2hex,3070,3094,True
2024.11.13_02-31-36_Sechellia28_e2hex,3096,3129,True
2024.11.13_02-31-36_Sechellia28_e2hex,3131,3139,True
2024.11.13_02-31-36_Sechellia28_e2hex,3141,3146,True
2024.11.13_02-31-36_Sechellia28_e2hex,3148,3150,True
2024.11.13_02-31-36_Sechellia28_e2hex,3152,3154,True
2024.11.13_02-31-36_Sechellia28_e2hex,3156,3157,True
2024.11.13_02-31-36_Sechellia28_e2hex,3160,3160,True
2024.11.13_02-31-36_Sechellia28_e2hex,3162,3165,True
2024.11.13_02-31-36_Sechellia28_e2hex,3167,3168,True
2024.11.13_02-31-36_Sechellia28_e2hex,3170,3171,True
2024.11.13_02-31-36_Sechellia28_e2hex,3173,3185,True
2024.11.13_02-31-36_Sechellia28_e2hex,3187,3187,True
2024.11.13_02-31-36_Sechellia28_e2hex,3189,3193,True
2024.11.13_02-31-36_Sechellia28_e2hex,3195,3197,True
2024.11.13_02-31-36_Sechellia28_e2hex,3199,3202,True
2024.11.13_02-31-36_Sechellia28_e2hex,3204,3215,True
2024.11.13_02-31-36_Sechellia28_e2hex,3217,3218,True
2024.11.13_02-31-36_Sechellia28_e2hex,3220,3220,True
2024.11.13_02-31-36_Sechellia28_e2hex,3223,3223,True
2024.11.13_02-31-36_Sechellia28_e2hex,3225,3226,True
2024.11.13_02-31-36_Sechellia28_e2hex,3229,3229,True
2024.11.13_02-31-36_Sechellia28_e2hex,3232,3236,True
2024.11.13_02-31-36_Sechellia28_e2hex,3238,3243,True
2024.11.13_02-31-36_Sechellia28_e2hex,3245,3248,True
2024.11.13_02-31-36_Sechellia28_e2hex,3250,3252,True
2024.11.13_02-31-36_Sechellia28_e2hex,3255,3258,True
2024.11.13_02-31-36_Sechellia28_e2hex,3261,3264,True
2024.11.13_02-31-36_Sechellia28_e2hex,3266,3270,True
2024.11.13_02-31-36_Sechellia28_e2hex,3273,3278,True
2024.11.13_02-31-36_Sechellia28_e2hex,3280,3280,True
2024.11.13_02-31-36_Sechellia28_e2hex,3282,3282,True
2024.11.13_02-31-36_Sechellia28_e2hex,3284,3284,True
2024.11.13_02-31-36_Sechellia28_e2hex,3287,3289,True
2024.11.13_02-31-36_Sechellia28_e2hex,3291,3293,True
2024.11.13_02-31-36_Sechellia28_e2hex,3295,3296,True
2024.11.13_02-31-36_Sechellia28_e2hex,3298,3302,True
2024.11.13_02-31-36_Sechellia28_e2hex,3304,3304,True
2024.11.13_02-31-36_Sechellia28_e2hex,3306,3306,True
2024.11.13_02-31-36_Sechellia28_e2hex,3308,3312,True
2024.11.13_02-31-36_Sechellia28_e2hex,3315,3317,True
2024.11.13_02-31-36_Sechellia28_e2hex,3320,3324,True
2024.11.13_02-31-36_Sechellia28_e2hex,3326,3330,True
2024.11.13_02-31-36_Sechellia28_e2hex,3333,3333,True
2024.11.13_02-31-36_Sechellia28_e2hex,3337,3340,True
2024.11.13_02-31-36_Sechellia28_e2hex,3343,3343,True
2024.11.13_02-31-36_Sechellia28_e2hex,3761,3768,True
2024.11.13_02-31-36_Sechellia28_e2hex,3770,3770,True
2024.11.13_02-31-36_Sechellia28_e2hex,3772,3774,True
2024.11.13_02-31-36_Sechellia28_e2hex,3776,3779,True
2024.11.13_02-31-36_Sechellia28_e2hex,3781,3781,True
2024.11.13_02-31-36_Sechellia28_e2hex,3792,3792,True
2024.11.13_02-31-36_Sechellia28_e2hex,3794,3796,True
2024.11.13_02-31-36_Sechellia28_e2hex,3800,3800,True
2024.11.13_02-31-36_Sechellia28_e2hex,3802,3802,True
2024.11.13_02-31-36_Sechellia28_e2hex,3923,3923,True
2024.11.13_02-31-36_Sechellia28_e2hex,3925,3926,True
2024.11.13_02-31-36_Sechellia28_e2hex,3929,3930,True
2024.11.13_02-31-36_Sechellia28_e2hex,3932,3932,True
2024.11.13_02-31-36_Sechellia28_e2hex,3941,3948,True
2024.11.13_02-31-36_Sechellia28_e2hex,3950,3953,True
2024.11.13_02-31-36_Sechellia28_e2hex,4024,4024,True
2024.11.13_02-31-36_Sechellia28_e2hex,4031,4073,True
2024.11.13_02-31-36_Sechellia28_e2hex,4076,4080,True
2024.11.13_02-31-36_Sechellia28_e2hex,4082,4110,True
2024.11.13_02-31-36_Sechellia28_e2hex,4112,4115,True
2024.11.13_02-31-36_Sechellia28_e2hex,4117,4131,True
2024.11.13_02-31-36_Sechellia28_e2hex,4134,4138,True
2024.11.13_02-31-36_Sechellia28_e2hex,4140,4145,True
2024.11.13_02-31-36_Sechellia28_e2hex,4149,4150,True
2024.11.13_02-31-36_Sechellia28_e2hex,4152,4153,True
2024.11.13_02-31-36_Sechellia28_e2hex,4156,4161,True
2024.11.13_02-31-36_Sechellia28_e2hex,4165,4165,True
2024.11.13_02-31-36_Sechellia28_e2hex,4168,4168,True
2024.11.13_02-31-36_Sechellia28_e2hex,4171,4175,True
2024.11.13_02-31-36_Sechellia28_e2hex,4177,4179,True
2024.11.13_02-31-36_Sechellia28_e2hex,4181,4182,True
2024.11.13_02-31-36_Sechellia28_e2hex,4185,4187,True
2024.11.13_02-31-36_Sechellia28_e2hex,4189,4190,True
2024.11.13_02-31-36_Sechellia28_e2hex,4195,4195,True
2024.11.13_02-31-36_Sechellia28_e2hex,4197,4199,True
2024.11.13_02-31-36_Sechellia28_e2hex,4201,4203,True
2024.11.13_02-31-36_Sechellia28_e2hex,4205,4210,True
2024.11.13_02-31-36_Sechellia28_e2hex,4212,4212,True
2024.11.13_02-31-36_Sechellia28_e2hex,4217,4217,True
2024.11.13_02-31-36_Sechellia28_e2hex,4219,4220,True
2024.11.13_02-31-36_Sechellia28_e2hex,4225,4228,True
2024.11.13_02-31-36_Sechellia28_e2hex,4230,4236,True
2024.11.13_02-31-36_Sechellia28_e2hex,4239,4240,True
2024.11.13_02-31-36_Sechellia28_e2hex,4242,4242,True
2024.11.13_02-31-36_Sechellia28_e2hex,4244,4248,True
2024.11.13_02-31-36_Sechellia28_e2hex,4250,4253,True
2024.11.13_02-31-36_Sechellia28_e2hex,4255,4264,True
2024.11.13_02-31-36_Sechellia28_e2hex,4267,4294,True
2024.11.13_02-31-36_Sechellia28_e2hex,4296,4330,True
2024.11.13_02-31-36_Sechellia28_e2hex,4373,4373,True
2024.11.13_02-31-36_Sechellia28_e2hex,4375,4388,True
2024.11.13_02-31-36_Sechellia28_e2hex,4498,4507,True
2024.11.13_02-31-36_Sechellia28_e2hex,4509,4517,True
2024.11.13_02-31-36_Sechellia28_e2hex,4520,4520,True
2024.11.13_02-31-36_Sechellia28_e2hex,4526,4529,True
2024.11.13_02-31-36_Sechellia28_e2hex,4531,4538,True
2024.11.13_02-31-36_Sechellia28_e2hex,4540,4540,True
2024.11.13_02-31-36_Sechellia28_e2hex,4542,4542,True
2024.11.13_02-31-36_Sechellia28_e2hex,4544,4544,True
2024.11.13_02-31-36_Sechellia28_e2hex,4564,4564,True
2024.11.13_02-31-36_Sechellia28_e2hex,4590,4590,True
2024.11.13_02-31-36_Sechellia28_e2hex,4592,4593,True
2024.11.13_02-31-36_Sechellia28_e2hex,4595,4598,True
2024.11.13_02-31-36_Sechellia28_e2hex,4600,4602,True
2024.11.13_02-31-36_Sechellia28_e2hex,4604,4604,True
2024.11.13_02-31-36_Sechellia28_e2hex,4931,4954,True
2024.11.13_02-31-36_Sechellia28_e2hex,4998,5022,True
2024.11.13_02-31-36_Sechellia28_e2hex,6035,6035,True
2024.11.13_02-31-36_Sechellia28_e2hex,6129,6137,True
2024.11.13_02-31-36_Sechellia28_e2hex,6529,6549,True
2024.11.13_02-31-36_Sechellia28_e2hex,6623,6626,True
2024.11.13_02-31-36_Sechellia28_e2hex,6651,6704,True
2024.11.13_02-31-36_Sechellia28_e2hex,6706,6805,True
2024.11.13_02-31-36_Sechellia28_e2hex,6897,6903,True
2024.11.13_02-31-36_Sechellia28_e2hex,6945,6946,True
2024.11.13_02-31-36_Sechellia28_e2hex,6948,6953,True
2024.11.13_02-31-36_Sechellia28_e2hex,6988,6991,True
2024.11.13_02-31-36_Sechellia28_e2hex,7004,7012,True
2024.11.13_02-31-36_Sechellia28_e2hex,7017,7017,True
2024.11.13_02-31-36_Sechellia28_e2hex,7019,7019,True
2024.11.13_02-31-36_Sechellia28_e2hex,7064,7080,True
2024.11.13_02-31-36_Sechellia28_e2hex,7091,7113,True
2024.11.13_02-31-36_Sechellia28_e2hex,7187,7192,True
2024.11.13_02-31-36_Sechellia28_e2hex,7194,7194,True
2024.11.13_02-31-36_Sechellia28_e2hex,7196,7205,True
2024.11.13_02-31-36_Sechellia28_e2hex,7208,7228,True
2024.11.13_02-31-36_Sechellia28_e2hex,7230,7230,True
2024.11.13_02-31-36_Sechellia28_e2hex,7232,7261,True
2024.11.13_02-31-36_Sechellia28_e2hex,7263,7270,True
2024.11.13_02-31-36_Sechellia28_e2hex,7272,7285,True
2024.11.13_02-31-36_Sechellia28_e2hex,7287,7289,True
2024.11.13_02-31-36_Sechellia28_e2hex,7291,7292,True
2024.11.13_02-31-36_Sechellia28_e2hex,7294,7313,True
2024.11.13_02-31-36_Sechellia28_e2hex,7315,7320,True
2024.11.13_02-31-36_Sechellia28_e2hex,7322,7361,True
2024.11.13_02-31-36_Sechellia28_e2hex,7363,7364,True
2024.11.13_02-31-36_Sechellia28_e2hex,7366,7413,True
2024.11.13_02-31-36_Sechellia28_e2hex,7415,7422,True
2024.11.13_02-31-36_Sechellia28_e2hex,7425,7433,True
2024.11.13_02-31-36_Sechellia28_e2hex,7435,7436,True
2024.11.13_02-31-36_Sechellia28_e2hex,7442,7442,True
2024.11.13_02-31-36_Sechellia28_e2hex,7444,7669,True
2024.11.13_02-31-36_Sechellia28_e2hex,7727,7732,True
2024.11.13_02-31-36_Sechellia28_e2hex,7734,7743,True
2024.11.13_02-31-36_Sechellia28_e2hex,7769,7775,True
2024.11.13_02-31-36_Sechellia28_e2hex,7799,7825,True
2024.11.13_02-31-36_Sechellia28_e2hex,7827,7851,True
2024.11.13_02-31-36_Sechellia28_e2hex,7853,7917,True
2024.11.13_02-31-36_Sechellia28_e2hex,7919,7921,True
2024.11.13_02-31-36_Sechellia28_e2hex,7923,7926,True
2024.11.13_02-31-36_Sechellia28_e2hex,7928,7929,True
2024.11.13_02-31-36_Sechellia28_e2hex,7931,7932,True
2024.11.13_02-31-36_Sechellia28_e2hex,7934,7951,True
2024.11.13_02-31-36_Sechellia28_e2hex,7953,7966,True
2024.11.13_02-31-36_Sechellia28_e2hex,7968,8718,True
2024.11.13_02-31-36_Sechellia28_e2hex,8720,8755,True
2024.11.13_02-31-36_Sechellia28_e2hex,8758,8760,True
2024.11.13_02-31-36_Sechellia28_e2hex,8763,8763,True
2024.11.13_02-31-36_Sechellia28_e2hex,8765,8771,True
2024.11.13_02-31-36_Sechellia28_e2hex,8774,8774,True
2024.11.13_02-31-36_Sechellia28_e2hex,8776,8784,True
2024.10.30_03-27-32_Sechellia28_metben,134,1520,True
2024.10.30_03-27-32_Sechellia28_metben,4690,4690,True
2024.10.30_03-27-32_Sechellia28_metben,5104,5829,True
2024.10.30_03-27-32_Sechellia28_metben,5831,5834,True
2024.10.30_03-27-32_Sechellia28_metben,5836,5850,True
2024.10.30_03-27-32_Sechellia28_metben,5853,5870,True
2024.10.30_03-27-32_Sechellia28_metben,5872,5881,True
2024.10.30_03-27-32_Sechellia28_metben,5883,6008,True
2024.10.30_03-27-32_Sechellia28_metben,6010,6017,True
2024.10.30_03-27-32_Sechellia28_metben,6019,6020,True
2024.10.30_03-27-32_Sechellia28_metben,6022,6025,True
2024.10.30_03-27-32_Sechellia28_metben,6027,6027,True
2024.10.30_03-27-32_Sechellia28_metben,6029,6036,True
2024.10.30_03-27-32_Sechellia28_metben,6038,6042,True
2024.10.30_03-27-32_Sechellia28_metben,6045,6081,True
2024.10.30_03-27-32_Sechellia28_metben,6083,6102,True
2024.10.30_03-27-32_Sechellia28_metben,6104,8228,True
2024.12.12_19-46-16_Sechellia28_metben,2632,6326,True
2024.12.12_19-46-16_Sechellia28_metben,6410,7099,True
2024.11.13_04-03-15_Biarmipes84_e2hex,3,264,True
2024.11.13_04-03-15_Biarmipes84_e2hex,273,276,True
2024.11.13_04-03-15_Biarmipes84_e2hex,336,348,True
2024.11.13_04-03-15_Biarmipes84_e2hex,351,351,True
2024.11.13_04-03-15_Biarmipes84_e2hex,363,842,True
2024.11.13_04-03-15_Biarmipes84_e2hex,1622,1625,True
2024.11.13_04-03-15_Biarmipes84_e2hex,1631,1640,True
2024.11.13_04-03-15_Biarmipes84_e2hex,1755,1853,True
2024.11.13_04-03-15_Biarmipes84_e2hex,1865,1869,True
2024.11.13_04-03-15_Biarmipes84_e2hex,1872,1873,True
2024.11.13_04-03-15_Biarmipes84_e2hex,1875,1875,True
2024.11.13_04-03-15_Biarmipes84_e2hex,1878,2193,True
2024.11.13_04-03-15_Biarmipes84_e2hex,3357,3367,True
2024.11.13_04-03-15_Biarmipes84_e2hex,3821,4014,True
2024.11.13_04-03-15_Biarmipes84_e2hex,4213,4258,True
2024.11.13_04-03-15_Biarmipes84_e2hex,4317,4392,True
2024.11.13_04-03-15_Biarmipes84_e2hex,5467,6196,True
2024.11.13_04-03-15_Biarmipes84_e2hex,6198,6873,True
2024.12.18_16-52-35_Riverside_prenac,3,563,True
2024.12.18_16-52-35_Riverside_prenac,756,761,True
2024.12.18_16-52-35_Riverside_prenac,763,1845,True
2024.12.18_16-52-35_Riverside_prenac,4118,4118,True
2024.12.18_16-52-35_Riverside_prenac,4130,4137,True
2024.12.18_16-52-35_Riverside_prenac,4148,4148,True
2024.12.18_16-52-35_Riverside_prenac,4190,4190,True
2024.12.18_16-52-35_Riverside_prenac,4193,4193,True
2024.12.18_16-52-35_Riverside_prenac,4203,4203,True
2024.12.18_16-52-35_Riverside_prenac,4207,4208,True
2024.12.18_16-52-35_Riverside_prenac,4217,4217,True
2024.12.18_16-52-35_Riverside_prenac,4222,4222,True
2024.12.18_16-52-35_Riverside_prenac,4232,4233,True
2024.12.18_16-52-35_Riverside_prenac,4236,4237,True
2024.12.18_16-52-35_Riverside_prenac,4251,4259,True
2024.12.18_16-52-35_Riverside_prenac,4261,4280,True
2024.12.18_16-52-35_Riverside_prenac,4283,4293,True
2024.12.18_16-52-35_Riverside_prenac,4295,4308,True
2024.12.18_16-52-35_Riverside_prenac,4566,4605,True
2024.12.18_16-52-35_Riverside_prenac,4622,4736,True
2024.12.18_16-52-35_Riverside_prenac,5497,5497,True
2024.12.18_16-52-35_Riverside_prenac,5527,5527,True
2024.12.18_16-52-35_Riverside_prenac,5709,5722,True
2024.12.18_16-52-35_Riverside_prenac,5724,5729,True
2024.12.18_16-52-35_Riverside_prenac,5731,5734,True
2024.12.18_16-52-35_Riverside_prenac,5740,5742,True
2024.12.18_16-52-35_Riverside_prenac,5744,5750,True
2024.12.18_16-52-35_Riverside_prenac,5752,5975,True
2024.12.18_16-52-35_Riverside_prenac,6442,6457,True
2024.12.18_16-52-35_Riverside_prenac,6459,6459,True
2024.12.18_16-52-35_Riverside_prenac,6461,6461,True
2024.12.18_16-52-35_Riverside_prenac,6463,6524,True
2024.12.18_16-52-35_Riverside_prenac,6556,6563,True
2024.12.18_16-52-35_Riverside_prenac,6623,6629,True
2024.12.18_16-52-35_Riverside_prenac,6706,6708,True
2024.12.18_16-52-35_Riverside_prenac,6710,6718,True
2024.12.18_16-52-35_Riverside_prenac,6765,6772,True
2024.12.18_16-52-35_Riverside_prenac,6775,6775,True
2024.12.18_16-52-35_Riverside_prenac,6797,6797,True
2024.12.18_16-52-35_Riverside_prenac,6799,6801,True
2024.12.18_16-52-35_Riverside_prenac,6803,6804,True
2024.12.18_16-52-35_Riverside_prenac,6811,6847,True
2024.12.18_16-52-35_Riverside_prenac,6862,6870,True
2024.12.18_16-52-35_Riverside_prenac,6872,6872,True
2024.12.18_16-52-35_Riverside_prenac,6949,6950,True
2024.12.18_16-52-35_Riverside_prenac,6952,6952,True
2024.12.18_16-52-35_Riverside_prenac,6954,6955,True
2024.12.18_16-52-35_Riverside_prenac,6968,6972,True
2024.12.18_16-52-35_Riverside_prenac,6975,6975,True
2024.12.18_16-52-35_Riverside_prenac,6978,6981,True
2024.12.18_16-52-35_Riverside_prenac,6988,7021,True
2024.12.18_16-52-35_Riverside_prenac,7023,7025,True
2024.12.18_16-52-35_Riverside_prenac,7027,7138,True
2024.12.18_16-52-35_Riverside_prenac,7156,7565,True
2024.12.18_16-52-35_Riverside_prenac,7567,7574,True
2024.12.18_16-52-35_Riverside_prenac,7576,7596,True
2024.12.18_16-52-35_Riverside_prenac,7598,7652,True
2024.12.18_16-52-35_Riverside_prenac,7654,7672,True
2024.12.18_16-52-35_Riverside_prenac,7674,7677,True
2024.12.18_16-52-35_Riverside_prenac,7680,7804,True
2024.12.18_16-52-35_Riverside_prenac,7806,7806,True
2024.12.18_16-52-35_Riverside_prenac,7808,8912,True
2024.11.01_08-55-26_sto_car_e2hex,1235,1451,True
2024.11.01_08-55-26_sto_car_e2hex,1453,1456,True
2024.11.01_08-55-26_sto_car_e2hex,1458,1459,True
2024.11.01_08-55-26_sto_car_e2hex,1462,1468,True
2024.11.01_08-55-26_sto_car_e2hex,2022,3059,True
2024.11.01_08-55-26_sto_car_e2hex,4429,4460,True
2024.11.01_08-55-26_sto_car_e2hex,4498,4503,True
2024.11.01_08-55-26_sto_car_e2hex,4506,4512,True
2024.11.01_08-55-26_sto_car_e2hex,4514,4514,True
2024.11.01_08-55-26_sto_car_e2hex,4516,4522,True
2024.11.01_08-55-26_sto_car_e2hex,4524,4524,True
2024.11.01_08-55-26_sto_car_e2hex,4526,4528,True
2024.11.01_08-55-26_sto_car_e2hex,4530,4537,True
2024.11.01_08-55-26_sto_car_e2hex,4539,4540,True
2024.11.01_08-55-26_sto_car_e2hex,4543,4551,True
2024.11.01_08-55-26_sto_car_e2hex,4553,4555,True
2024.11.01_08-55-26_sto_car_e2hex,4557,4557,True
2024.11.01_08-55-26_sto_car_e2hex,4559,4563,True
2024.11.01_08-55-26_sto_car_e2hex,4565,4573,True
2024.11.01_08-55-26_sto_car_e2hex,4575,4583,True
2024.11.01_08-55-26_sto_car_e2hex,4585,4585,True
2024.11.01_08-55-26_sto_car_e2hex,4587,4587,True
2024.11.01_08-55-26_sto_car_e2hex,4590,4595,True
2024.11.01_08-55-26_sto_car_e2hex,4597,4597,True
2024.11.01_08-55-26_sto_car_e2hex,4599,4604,True
2024.11.01_08-55-26_sto_car_e2hex,4607,4607,True
2024.11.01_08-55-26_sto_car_e2hex,4609,4610,True
2024.11.01_08-55-26_sto_car_e2hex,4612,4614,True
2024.11.01_08-55-26_sto_car_e2hex,4616,4616,True
2024.11.01_08-55-26_sto_car_e2hex,4618,4621,True
2024.11.01_08-55-26_sto_car_e2hex,4625,4626,True
2024.11.01_08-55-26_sto_car_e2hex,4628,4631,True
2024.11.01_08-55-26_sto_car_e2hex,4634,4683,True
2024.11.01_08-55-26_sto_car_e2hex,4685,4689,True
2024.11.01_08-55-26_sto_car_e2hex,4691,4691,True
2024.11.01_08-55-26_sto_car_e2hex,4693,4693,True
2024.11.01_08-55-26_sto_car_e2hex,4695,4703,True
2024.11.01_08-55-26_sto_car_e2hex,4707,4726,True
2024.11.01_08-55-26_sto_car_e2hex,4728,4740,True
2024.11.01_08-55-26_sto_car_e2hex,4742,4748,True
2024.11.01_08-55-26_sto_car_e2hex,4750,4751,True
2024.11.01_08-55-26_sto_car_e2hex,4754,4755,True
2024.11.01_08-55-26_sto_car_e2hex,4757,4758,True
2024.11.01_08-55-26_sto_car_e2hex,4766,4767,True
2024.11.01_08-55-26_sto_car_e2hex,4769,4769,True
2024.11.01_08-55-26_sto_car_e2hex,4775,4775,True
2024.11.01_08-55-26_sto_car_e2hex,4777,4779,True
2024.11.01_08-55-26_sto_car_e2hex,4781,4781,True
2024.11.01_08-55-26_sto_car_e2hex,4785,4796,True
2024.11.01_08-55-26_sto_car_e2hex,4798,4798,True
2024.11.01_08-55-26_sto_car_e2hex,4800,4800,True
2024.11.01_08-55-26_sto_car_e2hex,4802,4802,True
2024.11.01_08-55-26_sto_car_e2hex,4831,4831,True
2024.11.01_08-55-26_sto_car_e2hex,5238,5238,True
2024.11.01_08-55-26_sto_car_e2hex,5251,5252,True
2024.11.01_08-55-26_sto_car_e2hex,5278,5278,True
2024.11.01_08-55-26_sto_car_e2hex,5316,5320,True
2024.11.01_08-55-26_sto_car_e2hex,5399,5399,True
2024.11.01_08-55-26_sto_car_e2hex,5413,5413,True
2024.11.01_08-55-26_sto_car_e2hex,5422,5422,True
2024.11.01_08-55-26_sto_car_e2hex,5424,5430,True
2024.11.01_08-55-26_sto_car_e2hex,5436,5437,True
2024.11.01_08-55-26_sto_car_e2hex,5443,5444,True
2024.11.01_08-55-26_sto_car_e2hex,5449,5450,True
2024.11.01_08-55-26_sto_car_e2hex,5463,5463,True
2024.11.01_08-55-26_sto_car_e2hex,5468,5471,True
2024.11.01_08-55-26_sto_car_e2hex,5477,5477,True
2024.11.01_08-55-26_sto_car_e2hex,5480,5486,True
2024.11.01_08-55-26_sto_car_e2hex,5488,5488,True
2024.11.01_08-55-26_sto_car_e2hex,5493,5494,True
2024.11.01_08-55-26_sto_car_e2hex,5496,5496,True
2024.11.01_08-55-26_sto_car_e2hex,5498,5498,True
2024.11.01_08-55-26_sto_car_e2hex,5507,5509,True
2024.11.01_08-55-26_sto_car_e2hex,5512,5512,True
2024.11.01_08-55-26_sto_car_e2hex,5516,5516,True
2024.11.01_08-55-26_sto_car_e2hex,5545,5546,True
2024.11.01_08-55-26_sto_car_e2hex,5561,5561,True
2024.11.01_08-55-26_sto_car_e2hex,5565,5566,True
2024.11.01_08-55-26_sto_car_e2hex,5585,5587,True
2024.11.01_08-55-26_sto_car_e2hex,5616,5620,True
2024.11.01_08-55-26_sto_car_e2hex,5627,5627,True
2024.11.01_08-55-26_sto_car_e2hex,5629,5629,True
2024.11.01_08-55-26_sto_car_e2hex,5633,5637,True
2024.11.01_08-55-26_sto_car_e2hex,5685,5685,True
2024.11.01_08-55-26_sto_car_e2hex,5749,5749,True
2024.11.01_08-55-26_sto_car_e2hex,5751,5751,True
2024.11.01_08-55-26_sto_car_e2hex,5762,5814,True
2024.11.01_08-55-26_sto_car_e2hex,5819,5831,True
2024.11.01_08-55-26_sto_car_e2hex,5833,5845,True
2024.11.01_08-55-26_sto_car_e2hex,5847,5849,True
2024.11.01_08-55-26_sto_car_e2hex,5851,5851,True
2024.11.01_08-55-26_sto_car_e2hex,5853,5853,True
2024.11.01_08-55-26_sto_car_e2hex,5859,5859,True
2024.11.01_08-55-26_sto_car_e2hex,5904,5904,True
2024.11.01_08-55-26_sto_car_e2hex,5906,5906,True
2024.11.01_08-55-26_sto_car_e2hex,5913,5913,True
2024.11.01_08-55-26_sto_car_e2hex,5932,5932,True
2024.11.01_08-55-26_sto_car_e2hex,5934,5935,True
2024.11.01_08-55-26_sto_car_e2hex,5937,5939,True
2024.11.01_08-55-26_sto_car_e2hex,5954,5955,True
2024.11.01_08-55-26_sto_car_e2hex,5965,5965,True
2024.11.01_08-55-26_sto_car_e2hex,5979,5983,True
2024.11.01_08-55-26_sto_car_e2hex,5987,5987,True
2024.11.01_08-55-26_sto_car_e2hex,5989,5993,True
2024.11.01_08-55-26_sto_car_e2hex,5995,5997,True
2024.11.01_08-55-26_sto_car_e2hex,6005,6005,True
2024.11.01_08-55-26_sto_car_e2hex,6052,6062,True
2024.11.01_08-55-26_sto_car_e2hex,6070,6071,True
2024.11.01_08-55-26_sto_car_e2hex,6084,6096,True
2024.11.01_08-55-26_sto_car_e2hex,6101,6102,True
2024.11.01_08-55-26_sto_car_e2hex,6115,6116,True
2024.11.01_08-55-26_sto_car_e2hex,6120,6120,True
2024.11.01_08-55-26_sto_car_e2hex,6124,6154,True
2024.11.01_08-55-26_sto_car_e2hex,6159,6164,True
2024.11.01_08-55-26_sto_car_e2hex,6199,6202,True
2024.11.01_08-55-26_sto_car_e2hex,6205,6206,True
2024.11.01_08-55-26_sto_car_e2hex,6210,6210,True
2024.11.01_08-55-26_sto_car_e2hex,6249,6249,True
2024.11.01_08-55-26_sto_car_e2hex,6259,6259,True
2024.11.01_08-55-26_sto_car_e2hex,6298,6299,True
2024.11.01_08-55-26_sto_car_e2hex,6302,6306,True
2024.11.01_08-55-26_sto_car_e2hex,6313,6320,True
2024.11.01_08-55-26_sto_car_e2hex,6323,6331,True
2024.11.01_08-55-26_sto_car_e2hex,6333,6356,True
2024.11.01_08-55-26_sto_car_e2hex,6358,6360,True
2024.11.01_08-55-26_sto_car_e2hex,6362,6414,True
2024.11.01_08-55-26_sto_car_e2hex,6417,6429,True
2024.11.01_08-55-26_sto_car_e2hex,6431,6451,True
2024.11.01_08-55-26_sto_car_e2hex,6456,6458,True
2024.11.01_08-55-26_sto_car_e2hex,6460,6489,True
2024.11.01_08-55-26_sto_car_e2hex,6601,6601,True
2024.11.01_08-55-26_sto_car_e2hex,6608,6619,True
2024.11.01_08-55-26_sto_car_e2hex,6621,6623,True
2024.11.01_08-55-26_sto_car_e2hex,6625,6628,True
2024.11.01_08-55-26_sto_car_e2hex,6635,6635,True
2024.11.01_08-55-26_sto_car_e2hex,6668,6668,True
2024.11.01_08-55-26_sto_car_e2hex,6677,6678,True
2024.11.01_08-55-26_sto_car_e2hex,6690,6690,True
2024.11.01_08-55-26_sto_car_e2hex,6696,6696,True
2024.11.01_08-55-26_sto_car_e2hex,6708,6709,True
2024.11.01_08-55-26_sto_car_e2hex,6721,6721,True
2024.11.01_08-55-26_sto_car_e2hex,6734,6738,True
2024.11.01_08-55-26_sto_car_e2hex,6740,6740,True
2024.11.01_08-55-26_sto_car_e2hex,6746,6749,True
2024.11.01_08-55-26_sto_car_e2hex,6754,6755,True
2024.11.01_08-55-26_sto_car_e2hex,6765,6785,True
2024.11.01_08-55-26_sto_car_e2hex,6787,6791,True
2024.11.01_08-55-26_sto_car_e2hex,6793,6796,True
2024.11.01_08-55-26_sto_car_e2hex,6798,6804,True
2024.11.01_08-55-26_sto_car_e2hex,6807,6807,True
2024.11.01_08-55-26_sto_car_e2hex,6811,6811,True
2024.11.01_08-55-26_sto_car_e2hex,6815,6815,True
2024.11.01_08-55-26_sto_car_e2hex,6818,6819,True
2024.11.01_08-55-26_sto_car_e2hex,6829,6829,True
2024.11.01_08-55-26_sto_car_e2hex,6831,6832,True
2024.11.01_08-55-26_sto_car_e2hex,6834,6838,True
2024.11.01_08-55-26_sto_car_e2hex,6841,6842,True
2024.11.01_08-55-26_sto_car_e2hex,6847,6847,True
2024.11.01_08-55-26_sto_car_e2hex,6849,6849,True
2024.11.01_08-55-26_sto_car_e2hex,6864,6864,True
2024.11.01_08-55-26_sto_car_e2hex,6885,6885,True
2024.11.01_08-55-26_sto_car_e2hex,6888,6889,True
2024.11.01_08-55-26_sto_car_e2hex,6912,6957,True
2024.11.01_08-55-26_sto_car_e2hex,6970,6971,True
2024.11.01_08-55-26_sto_car_e2hex,6973,6974,True
2024.11.01_08-55-26_sto_car_e2hex,6993,6994,True
2024.11.01_08-55-26_sto_car_e2hex,6996,6999,True
2024.11.01_08-55-26_sto_car_e2hex,7001,7002,True
2024.11.01_08-55-26_sto_car_e2hex,7013,7017,True
2024.11.01_08-55-26_sto_car_e2hex,7027,7027,True
2024.11.01_08-55-26_sto_car_e2hex,7029,7029,True
2024.11.01_08-55-26_sto_car_e2hex,7033,7033,True
2024.11.01_08-55-26_sto_car_e2hex,7035,7035,True
2024.11.01_08-55-26_sto_car_e2hex,7045,7046,True
2024.11.01_08-55-26_sto_car_e2hex,7062,7062,True
2024.11.01_08-55-26_sto_car_e2hex,7065,7065,True
2024.11.01_08-55-26_sto_car_e2hex,7067,7070,True
2024.11.01_08-55-26_sto_car_e2hex,7073,7073,True
2024.11.01_08-55-26_sto_car_e2hex,7078,7078,True
2024.11.01_08-55-26_sto_car_e2hex,7080,7081,True
2024.11.01_08-55-26_sto_car_e2hex,7083,7083,True
2024.11.01_08-55-26_sto_car_e2hex,7085,7086,True
2024.11.01_08-55-26_sto_car_e2hex,7096,7096,True
2024.11.01_08-55-26_sto_car_e2hex,7098,7098,True
2024.11.01_08-55-26_sto_car_e2hex,7100,7101,True
2024.11.01_08-55-26_sto_car_e2hex,7115,7115,True
2024.11.01_08-55-26_sto_car_e2hex,7122,7124,True
2024.10.30_04-35-46_Riverside_metben,3,692,True
2024.10.30_04-35-46_Riverside_metben,694,698,True
2024.10.30_04-35-46_Riverside_metben,713,906,True
2024.10.30_04-35-46_Riverside_metben,908,912,True
2024.10.30_04-35-46_Riverside_metben,917,917,True
2024.10.30_04-35-46_Riverside_metben,3834,3854,True
2024.10.30_04-35-46_Riverside_metben,3936,3937,True
2024.10.30_04-35-46_Riverside_metben,4716,4962,True
2024.10.30_04-35-46_Riverside_metben,4973,4974,True
2024.10.30_04-35-46_Riverside_metben,4982,4982,True
2024.10.30_04-35-46_Riverside_metben,4988,5162,True
2024.10.30_04-35-46_Riverside_metben,7077,7083,True
2024.10.30_04-35-46_Riverside_metben,7128,7128,True
2024.10.30_04-35-46_Riverside_metben,7139,7139,True
2024.10.30_04-35-46_Riverside_metben,7141,7154,True
2024.10.30_04-35-46_Riverside_metben,7156,7162,True
2024.10.30_04-35-46_Riverside_metben,7164,7201,True
2024.10.30_04-35-46_Riverside_metben,7205,7205,True
2024.10.30_04-35-46_Riverside_metben,7212,7212,True
2024.10.30_04-35-46_Riverside_metben,7215,7219,True
2024.10.30_04-35-46_Riverside_metben,7223,7224,True
2024.10.30_04-35-46_Riverside_metben,7227,8999,True
2024.11.14_20-48-04_Sto_car_e2hex,4505,4505,True
2024.11.14_20-48-04_Sto_car_e2hex,4507,4507,True
2024.11.14_20-48-04_Sto_car_e2hex,4521,4521,True
2024.11.14_20-48-04_Sto_car_e2hex,4602,4606,True
2024.11.14_20-48-04_Sto_car_e2hex,4653,4655,True
2024.11.14_20-48-04_Sto_car_e2hex,4657,4684,True
2024.11.14_20-48-04_Sto_car_e2hex,5035,5441,True
2024.11.14_20-48-04_Sto_car_e2hex,5443,6144,True
2024.11.14_20-48-04_Sto_car_e2hex,6147,6347,True
2024.11.14_20-48-04_Sto_car_e2hex,6848,7546,True
2024.11.14_20-48-04_Sto_car_e2hex,8368,8368,True
2024.11.14_20-48-04_Sto_car_e2hex,8373,8373,True
2024.11.14_20-48-04_Sto_car_e2hex,8379,8999,True
2024.12.01_20-03-07_Riverside_prenac,3,729,True
2024.12.01_20-03-07_Riverside_prenac,731,1773,True
2024.12.01_20-03-07_Riverside_prenac,4323,4323,True
2024.12.01_20-03-07_Riverside_prenac,4326,4326,True
2024.12.01_20-03-07_Riverside_prenac,4329,4329,True
2024.12.01_20-03-07_Riverside_prenac,4331,4332,True
2024.12.01_20-03-07_Riverside_prenac,4335,4335,True
2024.12.01_20-03-07_Riverside_prenac,4337,7274,True
2024.12.01_20-03-07_Riverside_prenac,7900,7901,True
2024.12.01_20-03-07_Riverside_prenac,7903,8412,True
2024.12.01_20-03-07_Riverside_prenac,8808,8999,True
