trial,start_frame,end_frame,is_swapped
2024.10.31_08-04-28_Biarmipes84_metben,3879.0,4307.0,1.0
2024.10.31_08-04-28_Biarmipes84_metben,4309.0,6823.0,1.0
2024.10.31_08-04-28_Biarmipes84_metben,6825.0,7207.0,1.0
2024.10.31_08-04-28_Biarmipes84_metben,7210.0,7230.0,1.0
2024.10.31_08-04-28_Biarmipes84_metben,7232.0,7232.0,1.0
2024.10.31_08-04-28_Biarmipes84_metben,7235.0,7266.0,1.0
2024.10.31_08-04-28_Biarmipes84_metben,7268.0,7268.0,1.0
2024.10.31_08-04-28_Biarmipes84_metben,7271.0,7696.0,1.0
2024.11.14_02-01-34_Biarmipes_G224_e2hex,3.0,471.0,1.0
2024.11.14_02-01-34_Biarmipes_G224_e2hex,585.0,1152.0,1.0
2024.11.14_02-01-34_Biarmipes_G224_e2hex,1936.0,2005.0,1.0
2024.11.14_02-01-34_Biarmipes_G224_e2hex,2007.0,2047.0,1.0
2024.11.14_02-01-34_Biarmipes_G224_e2hex,2049.0,2049.0,1.0
2024.11.14_02-01-34_Biarmipes_G224_e2hex,3024.0,4026.0,1.0
2024.11.14_02-01-34_Biarmipes_G224_e2hex,6036.0,6239.0,1.0
2024.11.14_02-01-34_Biarmipes_G224_e2hex,6241.0,6318.0,1.0
2024.11.14_02-01-34_Biarmipes_G224_e2hex,6320.0,6347.0,1.0
2024.11.14_02-01-34_Biarmipes_G224_e2hex,6349.0,6362.0,1.0
2024.11.14_02-01-34_Biarmipes_G224_e2hex,6364.0,6365.0,1.0
2024.11.14_02-01-34_Biarmipes_G224_e2hex,6367.0,6376.0,1.0
2024.11.14_02-01-34_Biarmipes_G224_e2hex,6379.0,6387.0,1.0
2024.11.14_02-01-34_Biarmipes_G224_e2hex,6389.0,6391.0,1.0
2024.11.14_02-01-34_Biarmipes_G224_e2hex,6393.0,6406.0,1.0
2024.11.14_02-01-34_Biarmipes_G224_e2hex,6408.0,6414.0,1.0
2024.11.14_02-01-34_Biarmipes_G224_e2hex,6416.0,6432.0,1.0
2024.11.14_02-01-34_Biarmipes_G224_e2hex,6434.0,6438.0,1.0
2024.11.14_02-01-34_Biarmipes_G224_e2hex,6440.0,6441.0,1.0
2024.11.14_02-01-34_Biarmipes_G224_e2hex,6445.0,6453.0,1.0
2024.11.14_02-01-34_Biarmipes_G224_e2hex,6457.0,6457.0,1.0
2024.11.14_02-01-34_Biarmipes_G224_e2hex,6462.0,6470.0,1.0
2024.11.14_02-01-34_Biarmipes_G224_e2hex,6472.0,6472.0,1.0
2024.11.14_02-01-34_Biarmipes_G224_e2hex,6474.0,6474.0,1.0
2024.11.14_02-01-34_Biarmipes_G224_e2hex,6476.0,6476.0,1.0
2024.11.14_02-01-34_Biarmipes_G224_e2hex,6478.0,6481.0,1.0
2024.11.14_02-01-34_Biarmipes_G224_e2hex,6483.0,6487.0,1.0
2024.11.14_02-01-34_Biarmipes_G224_e2hex,6489.0,6492.0,1.0
2024.11.14_02-01-34_Biarmipes_G224_e2hex,6494.0,6498.0,1.0
2024.11.14_02-01-34_Biarmipes_G224_e2hex,6501.0,6502.0,1.0
2024.11.14_02-01-34_Biarmipes_G224_e2hex,6504.0,6504.0,1.0
2024.11.14_02-01-34_Biarmipes_G224_e2hex,6509.0,6509.0,1.0
2024.11.14_02-01-34_Biarmipes_G224_e2hex,6511.0,6515.0,1.0
2024.11.14_02-01-34_Biarmipes_G224_e2hex,6517.0,6519.0,1.0
2024.11.14_02-01-34_Biarmipes_G224_e2hex,6524.0,6524.0,1.0
2024.11.14_02-01-34_Biarmipes_G224_e2hex,6527.0,6536.0,1.0
2024.11.14_02-01-34_Biarmipes_G224_e2hex,6538.0,6541.0,1.0
2024.11.14_02-01-34_Biarmipes_G224_e2hex,6547.0,6552.0,1.0
2024.11.14_02-01-34_Biarmipes_G224_e2hex,6554.0,6559.0,1.0
2024.11.14_02-01-34_Biarmipes_G224_e2hex,6561.0,6561.0,1.0
2024.11.14_02-01-34_Biarmipes_G224_e2hex,6563.0,6569.0,1.0
2024.11.14_02-01-34_Biarmipes_G224_e2hex,6571.0,6573.0,1.0
2024.11.14_02-01-34_Biarmipes_G224_e2hex,6575.0,6575.0,1.0
2024.11.14_02-01-34_Biarmipes_G224_e2hex,6577.0,6577.0,1.0
2024.11.14_02-01-34_Biarmipes_G224_e2hex,6585.0,6585.0,1.0
2024.11.14_02-01-34_Biarmipes_G224_e2hex,6589.0,6589.0,1.0
2024.11.14_02-01-34_Biarmipes_G224_e2hex,6593.0,6593.0,1.0
2024.11.14_02-01-34_Biarmipes_G224_e2hex,6595.0,6595.0,1.0
2024.11.14_02-01-34_Biarmipes_G224_e2hex,6597.0,6599.0,1.0
2024.11.14_02-01-34_Biarmipes_G224_e2hex,6602.0,6602.0,1.0
2024.11.14_02-01-34_Biarmipes_G224_e2hex,6604.0,6605.0,1.0
2024.11.14_02-01-34_Biarmipes_G224_e2hex,6609.0,6609.0,1.0
2024.11.14_02-01-34_Biarmipes_G224_e2hex,6611.0,6618.0,1.0
2024.11.14_02-01-34_Biarmipes_G224_e2hex,6620.0,6621.0,1.0
2024.11.14_02-01-34_Biarmipes_G224_e2hex,6623.0,6628.0,1.0
2024.11.14_02-01-34_Biarmipes_G224_e2hex,6631.0,6658.0,1.0
2024.11.14_02-01-34_Biarmipes_G224_e2hex,6660.0,6660.0,1.0
2024.11.14_02-01-34_Biarmipes_G224_e2hex,6662.0,6675.0,1.0
2024.11.14_02-01-34_Biarmipes_G224_e2hex,6677.0,6677.0,1.0
2024.11.14_02-01-34_Biarmipes_G224_e2hex,6680.0,6682.0,1.0
2024.11.14_02-01-34_Biarmipes_G224_e2hex,6684.0,6684.0,1.0
2024.11.14_02-01-34_Biarmipes_G224_e2hex,6686.0,6690.0,1.0
2024.11.14_02-01-34_Biarmipes_G224_e2hex,6692.0,6699.0,1.0
2024.11.14_02-01-34_Biarmipes_G224_e2hex,6701.0,6704.0,1.0
2024.11.14_02-01-34_Biarmipes_G224_e2hex,6706.0,6706.0,1.0
2024.11.14_02-01-34_Biarmipes_G224_e2hex,6708.0,6709.0,1.0
2024.11.14_02-01-34_Biarmipes_G224_e2hex,6712.0,6722.0,1.0
2024.11.14_02-01-34_Biarmipes_G224_e2hex,6725.0,6725.0,1.0
2024.11.14_02-01-34_Biarmipes_G224_e2hex,6728.0,6728.0,1.0
2024.11.14_02-01-34_Biarmipes_G224_e2hex,6736.0,6737.0,1.0
2024.11.14_02-01-34_Biarmipes_G224_e2hex,6739.0,6739.0,1.0
2024.10.30_04-42-21_Riverside_metben,2465.0,2757.0,1.0
2024.10.30_04-42-21_Riverside_metben,2759.0,2759.0,1.0
2024.10.30_04-42-21_Riverside_metben,2780.0,3137.0,1.0
2024.10.30_04-42-21_Riverside_metben,3139.0,3144.0,1.0
2024.10.30_04-42-21_Riverside_metben,5261.0,5572.0,1.0
2024.10.30_04-42-21_Riverside_metben,5575.0,5576.0,1.0
2024.10.30_04-42-21_Riverside_metben,5600.0,6391.0,1.0
2024.10.30_04-42-21_Riverside_metben,6393.0,6432.0,1.0
2024.10.30_04-42-21_Riverside_metben,6435.0,6441.0,1.0
2024.10.30_04-42-21_Riverside_metben,6443.0,6443.0,1.0
2024.10.30_04-42-21_Riverside_metben,6445.0,6567.0,1.0
2024.10.30_04-42-21_Riverside_metben,6569.0,6571.0,1.0
2024.10.30_04-42-21_Riverside_metben,6573.0,6578.0,1.0
2024.10.30_04-42-21_Riverside_metben,6581.0,6584.0,1.0
2024.10.30_04-42-21_Riverside_metben,6588.0,6588.0,1.0
2024.10.30_04-42-21_Riverside_metben,6590.0,6590.0,1.0
2024.10.30_04-42-21_Riverside_metben,6593.0,6594.0,1.0
2024.10.30_04-42-21_Riverside_metben,6601.0,6601.0,1.0
2024.10.30_04-42-21_Riverside_metben,6605.0,6609.0,1.0
2024.10.30_04-42-21_Riverside_metben,6611.0,6612.0,1.0
2024.10.30_04-42-21_Riverside_metben,6617.0,6617.0,1.0
2024.10.30_04-42-21_Riverside_metben,6622.0,6622.0,1.0
2024.10.30_04-42-21_Riverside_metben,6625.0,6625.0,1.0
2024.10.30_04-42-21_Riverside_metben,6628.0,6628.0,1.0
2024.10.30_04-42-21_Riverside_metben,6632.0,6632.0,1.0
2024.10.30_04-42-21_Riverside_metben,6635.0,6636.0,1.0
2024.10.30_04-42-21_Riverside_metben,6639.0,6641.0,1.0
2024.10.30_04-42-21_Riverside_metben,6653.0,6653.0,1.0
2024.10.30_04-42-21_Riverside_metben,6687.0,6687.0,1.0
2024.10.30_04-42-21_Riverside_metben,6692.0,6692.0,1.0
2024.10.30_04-42-21_Riverside_metben,6696.0,6697.0,1.0
2024.10.30_04-42-21_Riverside_metben,6701.0,6701.0,1.0
2024.10.30_04-42-21_Riverside_metben,6705.0,6706.0,1.0
2024.10.30_04-42-21_Riverside_metben,6708.0,6708.0,1.0
2024.10.30_04-42-21_Riverside_metben,6710.0,6710.0,1.0
2024.10.30_04-42-21_Riverside_metben,6712.0,6714.0,1.0
2024.10.30_04-42-21_Riverside_metben,6718.0,6719.0,1.0
2024.10.30_04-42-21_Riverside_metben,6721.0,6722.0,1.0
2024.10.30_04-42-21_Riverside_metben,6725.0,6725.0,1.0
2024.10.30_04-42-21_Riverside_metben,6728.0,6729.0,1.0
2024.10.30_04-42-21_Riverside_metben,6734.0,6734.0,1.0
2024.10.30_04-42-21_Riverside_metben,6737.0,6737.0,1.0
2024.10.30_04-42-21_Riverside_metben,6740.0,6741.0,1.0
2024.10.30_04-42-21_Riverside_metben,6751.0,6751.0,1.0
2024.10.30_04-42-21_Riverside_metben,6755.0,6755.0,1.0
2024.10.30_04-42-21_Riverside_metben,6759.0,6759.0,1.0
2024.10.30_04-42-21_Riverside_metben,6761.0,6762.0,1.0
2024.10.30_04-42-21_Riverside_metben,6764.0,6764.0,1.0
2024.10.30_04-42-21_Riverside_metben,6767.0,6768.0,1.0
2024.10.30_04-42-21_Riverside_metben,6771.0,6774.0,1.0
2024.10.30_04-42-21_Riverside_metben,6777.0,6779.0,1.0
2024.10.30_04-42-21_Riverside_metben,6782.0,6784.0,1.0
2024.10.30_04-42-21_Riverside_metben,6787.0,6789.0,1.0
2024.10.30_04-42-21_Riverside_metben,6791.0,6794.0,1.0
2024.10.30_04-42-21_Riverside_metben,6796.0,6797.0,1.0
2024.10.30_04-42-21_Riverside_metben,6799.0,6804.0,1.0
2024.10.30_04-42-21_Riverside_metben,6807.0,6807.0,1.0
2024.10.30_04-42-21_Riverside_metben,6810.0,6810.0,1.0
2024.10.30_04-42-21_Riverside_metben,6812.0,6813.0,1.0
2024.10.30_04-42-21_Riverside_metben,6815.0,6817.0,1.0
2024.10.30_04-42-21_Riverside_metben,6819.0,8356.0,1.0
2024.10.30_04-42-21_Riverside_metben,8358.0,8535.0,1.0
2024.10.30_04-42-21_Riverside_metben,8537.0,8614.0,1.0
2024.10.30_04-42-21_Riverside_metben,8616.0,8820.0,1.0
2024.10.30_04-42-21_Riverside_metben,8822.0,8959.0,1.0
2024.09.30_10-47-09_Stocago_no_odor,670.0,687.0,1.0
2024.09.30_10-47-09_Stocago_no_odor,689.0,699.0,1.0
2024.09.30_10-47-09_Stocago_no_odor,701.0,707.0,1.0
2024.09.30_10-47-09_Stocago_no_odor,709.0,714.0,1.0
2024.09.30_10-47-09_Stocago_no_odor,716.0,724.0,1.0
2024.09.30_10-47-09_Stocago_no_odor,726.0,751.0,1.0
2024.09.30_10-47-09_Stocago_no_odor,753.0,758.0,1.0
2024.09.30_10-47-09_Stocago_no_odor,762.0,763.0,1.0
2024.09.30_10-47-09_Stocago_no_odor,769.0,769.0,1.0
2024.09.30_10-47-09_Stocago_no_odor,771.0,774.0,1.0
2024.09.30_10-47-09_Stocago_no_odor,776.0,793.0,1.0
2024.09.30_10-47-09_Stocago_no_odor,795.0,795.0,1.0
2024.09.30_10-47-09_Stocago_no_odor,797.0,801.0,1.0
2024.09.30_10-47-09_Stocago_no_odor,803.0,1183.0,1.0
2024.09.30_10-47-09_Stocago_no_odor,1185.0,1190.0,1.0
2024.09.30_10-47-09_Stocago_no_odor,1193.0,1199.0,1.0
2024.09.30_10-47-09_Stocago_no_odor,1201.0,1201.0,1.0
2024.09.30_10-47-09_Stocago_no_odor,1203.0,1203.0,1.0
2024.09.30_10-47-09_Stocago_no_odor,1221.0,1275.0,1.0
2024.09.30_10-47-09_Stocago_no_odor,1277.0,1525.0,1.0
2024.09.30_10-47-09_Stocago_no_odor,1527.0,2209.0,1.0
2024.09.30_10-47-09_Stocago_no_odor,2211.0,2229.0,1.0
2024.09.30_10-47-09_Stocago_no_odor,2232.0,2233.0,1.0
2024.09.30_10-47-09_Stocago_no_odor,2235.0,2235.0,1.0
2024.09.30_10-47-09_Stocago_no_odor,2237.0,2242.0,1.0
2024.09.30_10-47-09_Stocago_no_odor,2244.0,2246.0,1.0
2024.09.30_10-47-09_Stocago_no_odor,2248.0,2250.0,1.0
2024.09.30_10-47-09_Stocago_no_odor,2252.0,2259.0,1.0
2024.09.30_10-47-09_Stocago_no_odor,2261.0,2266.0,1.0
2024.09.30_10-47-09_Stocago_no_odor,2268.0,2280.0,1.0
2024.09.30_10-47-09_Stocago_no_odor,2282.0,2305.0,1.0
2024.09.30_10-47-09_Stocago_no_odor,2308.0,2309.0,1.0
2024.09.30_10-47-09_Stocago_no_odor,2311.0,2402.0,1.0
2024.09.30_10-47-09_Stocago_no_odor,2404.0,2877.0,1.0
2024.10.17_14-37-33_Riverside_prenac,2111.0,2266.0,1.0
2024.10.17_14-37-33_Riverside_prenac,2268.0,2268.0,1.0
2024.10.17_14-37-33_Riverside_prenac,2271.0,2273.0,1.0
2024.10.17_14-37-33_Riverside_prenac,2281.0,2281.0,1.0
2024.10.17_14-37-33_Riverside_prenac,2283.0,2303.0,1.0
2024.10.17_14-37-33_Riverside_prenac,2305.0,2327.0,1.0
2024.10.17_14-37-33_Riverside_prenac,2329.0,2345.0,1.0
2024.10.17_14-37-33_Riverside_prenac,2347.0,2350.0,1.0
2024.10.17_14-37-33_Riverside_prenac,2356.0,2649.0,1.0
2024.10.17_14-37-33_Riverside_prenac,2651.0,2661.0,1.0
2024.10.17_14-37-33_Riverside_prenac,2663.0,2663.0,1.0
2024.10.17_14-37-33_Riverside_prenac,2677.0,2742.0,1.0
2024.10.17_14-37-33_Riverside_prenac,2757.0,2757.0,1.0
2024.10.17_14-37-33_Riverside_prenac,2759.0,3826.0,1.0
2024.10.17_14-37-33_Riverside_prenac,5169.0,5169.0,1.0
2024.10.17_14-37-33_Riverside_prenac,5178.0,5222.0,1.0
2024.10.17_14-37-33_Riverside_prenac,5259.0,5371.0,1.0
2024.10.17_14-37-33_Riverside_prenac,5381.0,5382.0,1.0
2024.10.17_14-37-33_Riverside_prenac,5384.0,7425.0,1.0
2024.10.17_14-37-33_Riverside_prenac,7427.0,7618.0,1.0
2024.10.17_14-37-33_Riverside_prenac,7620.0,7650.0,1.0
2024.10.17_14-37-33_Riverside_prenac,7653.0,7653.0,1.0
2024.10.17_14-37-33_Riverside_prenac,7661.0,7661.0,1.0
2024.10.17_14-37-33_Riverside_prenac,7664.0,7668.0,1.0
2024.10.17_14-37-33_Riverside_prenac,7671.0,7671.0,1.0
2024.10.17_14-37-33_Riverside_prenac,7673.0,7673.0,1.0
2024.10.17_14-37-33_Riverside_prenac,7679.0,7679.0,1.0
2024.10.17_14-37-33_Riverside_prenac,7689.0,7690.0,1.0
2024.10.17_14-37-33_Riverside_prenac,7695.0,7695.0,1.0
2024.10.17_14-37-33_Riverside_prenac,7699.0,7705.0,1.0
2024.10.17_14-37-33_Riverside_prenac,7709.0,7710.0,1.0
2024.10.17_14-37-33_Riverside_prenac,7712.0,7713.0,1.0
2024.10.17_14-37-33_Riverside_prenac,7715.0,7718.0,1.0
2024.10.17_14-37-33_Riverside_prenac,7721.0,7721.0,1.0
2024.10.17_14-37-33_Riverside_prenac,7725.0,7725.0,1.0
2024.10.17_14-37-33_Riverside_prenac,7727.0,7727.0,1.0
2024.10.17_14-37-33_Riverside_prenac,7729.0,7729.0,1.0
2024.10.17_14-37-33_Riverside_prenac,7736.0,7739.0,1.0
2024.10.17_14-37-33_Riverside_prenac,7741.0,7741.0,1.0
2024.10.17_14-37-33_Riverside_prenac,7744.0,7744.0,1.0
2024.10.17_14-37-33_Riverside_prenac,7746.0,7746.0,1.0
2024.10.17_14-37-33_Riverside_prenac,7749.0,7749.0,1.0
2024.10.17_14-37-33_Riverside_prenac,7752.0,7753.0,1.0
2024.10.17_14-37-33_Riverside_prenac,7766.0,7766.0,1.0
2024.10.17_14-37-33_Riverside_prenac,7769.0,7769.0,1.0
2024.10.17_14-37-33_Riverside_prenac,7771.0,7771.0,1.0
2024.10.17_14-37-33_Riverside_prenac,7774.0,7774.0,1.0
2024.10.25_06-22-34_CantonS_metben,3598.0,3667.0,1.0
2024.10.25_06-22-34_CantonS_metben,3669.0,4280.0,1.0
2024.10.25_06-22-34_CantonS_metben,4282.0,4282.0,1.0
2024.10.25_06-22-34_CantonS_metben,4284.0,4284.0,1.0
2024.10.25_06-22-34_CantonS_metben,4300.0,4306.0,1.0
2024.10.25_06-22-34_CantonS_metben,4309.0,5010.0,1.0
2024.10.25_06-22-34_CantonS_metben,5012.0,5013.0,1.0
2024.10.25_06-22-34_CantonS_metben,5015.0,5022.0,1.0
2024.10.25_06-22-34_CantonS_metben,5024.0,5024.0,1.0
2024.10.25_06-22-34_CantonS_metben,5026.0,5027.0,1.0
2024.10.25_06-22-34_CantonS_metben,5029.0,5030.0,1.0
2024.10.25_06-22-34_CantonS_metben,5034.0,5034.0,1.0
2024.10.25_06-22-34_CantonS_metben,5038.0,5038.0,1.0
2024.12.18_16-13-27_CantonS_metben,3958.0,3958.0,1.0
2024.12.18_16-13-27_CantonS_metben,3961.0,3961.0,1.0
2024.12.18_16-13-27_CantonS_metben,3963.0,3967.0,1.0
2024.12.18_16-13-27_CantonS_metben,3969.0,3988.0,1.0
2024.12.18_16-13-27_CantonS_metben,3990.0,3990.0,1.0
2024.12.18_16-13-27_CantonS_metben,3996.0,4000.0,1.0
2024.12.18_16-13-27_CantonS_metben,4002.0,4027.0,1.0
2024.12.18_16-13-27_CantonS_metben,4029.0,7335.0,1.0
2024.12.18_16-13-27_CantonS_metben,7337.0,8999.0,1.0
2024.11.01_08-49-17_sto_car_e2hex,3.0,1635.0,1.0
2024.11.01_08-49-17_sto_car_e2hex,1638.0,2362.0,1.0
2024.11.01_08-49-17_sto_car_e2hex,2364.0,2365.0,1.0
2024.11.01_08-49-17_sto_car_e2hex,4385.0,4483.0,1.0
2024.11.01_08-49-17_sto_car_e2hex,4485.0,4485.0,1.0
2024.11.01_08-49-17_sto_car_e2hex,4499.0,4520.0,1.0
2024.11.01_08-49-17_sto_car_e2hex,4545.0,4545.0,1.0
2024.11.01_08-49-17_sto_car_e2hex,4548.0,4548.0,1.0
2024.11.01_08-49-17_sto_car_e2hex,4551.0,4551.0,1.0
2024.11.01_08-49-17_sto_car_e2hex,4553.0,4791.0,1.0
2024.11.01_08-49-17_sto_car_e2hex,7116.0,7887.0,1.0
2024.10.03_15-55-02_Yakuba7_2hex,3.0,4848.0,1.0
2024.10.03_15-55-02_Yakuba7_2hex,7628.0,7629.0,1.0
2024.10.03_15-55-02_Yakuba7_2hex,7634.0,7634.0,1.0
2024.10.03_15-55-02_Yakuba7_2hex,7644.0,7644.0,1.0
2024.10.03_15-55-02_Yakuba7_2hex,7662.0,7663.0,1.0
2024.10.03_15-55-02_Yakuba7_2hex,7691.0,7691.0,1.0
2024.10.03_15-55-02_Yakuba7_2hex,7693.0,7693.0,1.0
2024.10.03_15-55-02_Yakuba7_2hex,7704.0,7704.0,1.0
2024.10.03_15-55-02_Yakuba7_2hex,7712.0,7714.0,1.0
2024.10.03_15-55-02_Yakuba7_2hex,7721.0,7723.0,1.0
2024.10.03_15-55-02_Yakuba7_2hex,7725.0,7726.0,1.0
2024.10.03_15-55-02_Yakuba7_2hex,7728.0,7728.0,1.0
2024.10.03_15-55-02_Yakuba7_2hex,7730.0,7741.0,1.0
2024.10.03_15-55-02_Yakuba7_2hex,7743.0,7747.0,1.0
2024.10.03_15-55-02_Yakuba7_2hex,7749.0,7754.0,1.0
2024.10.03_15-55-02_Yakuba7_2hex,7757.0,7758.0,1.0
2024.10.03_15-55-02_Yakuba7_2hex,7760.0,7793.0,1.0
2024.10.03_15-55-02_Yakuba7_2hex,7795.0,7943.0,1.0
2024.10.03_15-55-02_Yakuba7_2hex,7945.0,7946.0,1.0
2024.10.03_15-55-02_Yakuba7_2hex,7948.0,8003.0,1.0
2024.10.03_15-55-02_Yakuba7_2hex,8005.0,8011.0,1.0
2024.10.03_15-55-02_Yakuba7_2hex,8013.0,8015.0,1.0
2024.10.03_15-55-02_Yakuba7_2hex,8018.0,8025.0,1.0
2024.10.03_15-55-02_Yakuba7_2hex,8027.0,8028.0,1.0
2024.10.03_15-55-02_Yakuba7_2hex,8030.0,8033.0,1.0
2024.10.03_15-55-02_Yakuba7_2hex,8035.0,8035.0,1.0
2024.10.03_15-55-02_Yakuba7_2hex,8037.0,8046.0,1.0
2024.10.03_15-55-02_Yakuba7_2hex,8048.0,8051.0,1.0
2024.10.03_15-55-02_Yakuba7_2hex,8054.0,8060.0,1.0
2024.10.03_15-55-02_Yakuba7_2hex,8062.0,8063.0,1.0
2024.10.03_15-55-02_Yakuba7_2hex,8065.0,8068.0,1.0
2024.10.03_15-55-02_Yakuba7_2hex,8070.0,8077.0,1.0
2024.10.03_15-55-02_Yakuba7_2hex,8079.0,8080.0,1.0
2024.10.03_15-55-02_Yakuba7_2hex,8082.0,8084.0,1.0
2024.10.03_15-55-02_Yakuba7_2hex,8086.0,8089.0,1.0
2024.10.03_15-55-02_Yakuba7_2hex,8091.0,8093.0,1.0
2024.10.03_15-55-02_Yakuba7_2hex,8095.0,8472.0,1.0
2024.10.01_09-36-42_Yakuba_cameroon_no_odor,3.0,63.0,1.0
2024.10.01_09-36-42_Yakuba_cameroon_no_odor,65.0,196.0,1.0
2024.10.01_09-36-42_Yakuba_cameroon_no_odor,198.0,212.0,1.0
2024.10.01_09-36-42_Yakuba_cameroon_no_odor,214.0,216.0,1.0
2024.10.01_09-36-42_Yakuba_cameroon_no_odor,218.0,243.0,1.0
2024.11.04_07-03-37_Biarmipes84_e2hex,3509.0,3510.0,1.0
2024.11.04_07-03-37_Biarmipes84_e2hex,3515.0,3515.0,1.0
2024.11.04_07-03-37_Biarmipes84_e2hex,3518.0,3519.0,1.0
2024.11.04_07-03-37_Biarmipes84_e2hex,3521.0,3521.0,1.0
2024.11.04_07-03-37_Biarmipes84_e2hex,3523.0,3525.0,1.0
2024.11.04_07-03-37_Biarmipes84_e2hex,3527.0,3527.0,1.0
2024.11.04_07-03-37_Biarmipes84_e2hex,3529.0,3529.0,1.0
2024.11.04_07-03-37_Biarmipes84_e2hex,3534.0,3534.0,1.0
2024.11.04_07-03-37_Biarmipes84_e2hex,3538.0,3538.0,1.0
2024.11.04_07-03-37_Biarmipes84_e2hex,3540.0,3547.0,1.0
2024.11.04_07-03-37_Biarmipes84_e2hex,3549.0,3549.0,1.0
2024.11.04_07-03-37_Biarmipes84_e2hex,3552.0,3553.0,1.0
2024.11.04_07-03-37_Biarmipes84_e2hex,3555.0,3555.0,1.0
2024.11.04_07-03-37_Biarmipes84_e2hex,3557.0,3557.0,1.0
2024.11.04_07-03-37_Biarmipes84_e2hex,3559.0,3576.0,1.0
2024.11.04_07-03-37_Biarmipes84_e2hex,3579.0,3585.0,1.0
2024.11.04_07-03-37_Biarmipes84_e2hex,3587.0,3587.0,1.0
2024.11.04_07-03-37_Biarmipes84_e2hex,3589.0,3589.0,1.0
2024.11.04_07-03-37_Biarmipes84_e2hex,3591.0,3591.0,1.0
2024.11.04_07-03-37_Biarmipes84_e2hex,3593.0,3596.0,1.0
2024.11.04_07-03-37_Biarmipes84_e2hex,3598.0,3599.0,1.0
2024.11.04_07-03-37_Biarmipes84_e2hex,3601.0,3621.0,1.0
2024.11.04_07-03-37_Biarmipes84_e2hex,3623.0,3623.0,1.0
2024.11.04_07-03-37_Biarmipes84_e2hex,3625.0,3634.0,1.0
2024.11.04_07-03-37_Biarmipes84_e2hex,3636.0,3638.0,1.0
2024.11.04_07-03-37_Biarmipes84_e2hex,3640.0,3648.0,1.0
2024.11.04_07-03-37_Biarmipes84_e2hex,3650.0,3661.0,1.0
2024.11.04_07-03-37_Biarmipes84_e2hex,3663.0,3672.0,1.0
2024.11.04_07-03-37_Biarmipes84_e2hex,3674.0,3674.0,1.0
2024.11.04_07-03-37_Biarmipes84_e2hex,3676.0,3681.0,1.0
2024.11.04_07-03-37_Biarmipes84_e2hex,3683.0,3688.0,1.0
2024.11.04_07-03-37_Biarmipes84_e2hex,3690.0,3690.0,1.0
2024.11.04_07-03-37_Biarmipes84_e2hex,3692.0,3693.0,1.0
2024.11.04_07-03-37_Biarmipes84_e2hex,3695.0,3695.0,1.0
2024.11.04_07-03-37_Biarmipes84_e2hex,3698.0,3698.0,1.0
2024.11.04_07-03-37_Biarmipes84_e2hex,3700.0,3702.0,1.0
2024.11.04_07-03-37_Biarmipes84_e2hex,3705.0,3705.0,1.0
2024.11.04_07-03-37_Biarmipes84_e2hex,3707.0,3713.0,1.0
2024.11.04_07-03-37_Biarmipes84_e2hex,3715.0,3717.0,1.0
2024.11.04_07-03-37_Biarmipes84_e2hex,3720.0,3722.0,1.0
2024.11.04_07-03-37_Biarmipes84_e2hex,3724.0,3724.0,1.0
2024.11.04_07-03-37_Biarmipes84_e2hex,3726.0,3730.0,1.0
2024.11.04_07-03-37_Biarmipes84_e2hex,3733.0,3735.0,1.0
2024.11.04_07-03-37_Biarmipes84_e2hex,3738.0,3744.0,1.0
2024.11.04_07-03-37_Biarmipes84_e2hex,3746.0,5382.0,1.0
2024.11.04_07-03-37_Biarmipes84_e2hex,5384.0,5397.0,1.0
2024.11.04_07-03-37_Biarmipes84_e2hex,5399.0,5524.0,1.0
2024.11.04_07-03-37_Biarmipes84_e2hex,5526.0,5535.0,1.0
2024.11.04_07-03-37_Biarmipes84_e2hex,5537.0,5540.0,1.0
2024.11.04_07-03-37_Biarmipes84_e2hex,5542.0,5542.0,1.0
2024.11.04_07-03-37_Biarmipes84_e2hex,5544.0,5544.0,1.0
2024.11.04_07-03-37_Biarmipes84_e2hex,5558.0,5558.0,1.0
2024.11.04_07-03-37_Biarmipes84_e2hex,5563.0,5571.0,1.0
2024.11.04_07-03-37_Biarmipes84_e2hex,5574.0,5578.0,1.0
2024.11.04_07-03-37_Biarmipes84_e2hex,5580.0,5583.0,1.0
2024.11.04_07-03-37_Biarmipes84_e2hex,5585.0,5599.0,1.0
2024.11.04_07-03-37_Biarmipes84_e2hex,5601.0,5621.0,1.0
2024.11.04_07-03-37_Biarmipes84_e2hex,5623.0,5658.0,1.0
2024.11.04_07-03-37_Biarmipes84_e2hex,5660.0,5660.0,1.0
2024.11.04_07-03-37_Biarmipes84_e2hex,5663.0,5682.0,1.0
2024.11.04_07-03-37_Biarmipes84_e2hex,5687.0,5716.0,1.0
2024.11.04_07-03-37_Biarmipes84_e2hex,5718.0,5726.0,1.0
2024.11.04_07-03-37_Biarmipes84_e2hex,5728.0,5731.0,1.0
2024.11.04_07-03-37_Biarmipes84_e2hex,5733.0,5733.0,1.0
2024.11.04_07-03-37_Biarmipes84_e2hex,5737.0,5737.0,1.0
2024.11.04_07-03-37_Biarmipes84_e2hex,5739.0,5739.0,1.0
2024.11.04_07-03-37_Biarmipes84_e2hex,5742.0,5742.0,1.0
2024.11.04_07-03-37_Biarmipes84_e2hex,5744.0,5749.0,1.0
2024.11.04_07-03-37_Biarmipes84_e2hex,5751.0,5751.0,1.0
2024.11.04_07-03-37_Biarmipes84_e2hex,5754.0,5757.0,1.0
2024.11.04_07-03-37_Biarmipes84_e2hex,5759.0,5762.0,1.0
2024.11.04_07-03-37_Biarmipes84_e2hex,5764.0,5765.0,1.0
2024.11.04_07-03-37_Biarmipes84_e2hex,5767.0,5799.0,1.0
2024.11.04_07-03-37_Biarmipes84_e2hex,5803.0,5804.0,1.0
2024.11.04_07-03-37_Biarmipes84_e2hex,5806.0,5806.0,1.0
2024.11.04_07-03-37_Biarmipes84_e2hex,5808.0,5809.0,1.0
2024.11.04_07-03-37_Biarmipes84_e2hex,5819.0,5841.0,1.0
2024.11.04_07-03-37_Biarmipes84_e2hex,5843.0,5851.0,1.0
2024.11.04_07-03-37_Biarmipes84_e2hex,5853.0,5857.0,1.0
2024.11.04_07-03-37_Biarmipes84_e2hex,5860.0,5862.0,1.0
2024.11.04_07-03-37_Biarmipes84_e2hex,5864.0,5872.0,1.0
2024.11.04_07-03-37_Biarmipes84_e2hex,5876.0,5877.0,1.0
2024.11.04_07-03-37_Biarmipes84_e2hex,5881.0,5891.0,1.0
2024.10.15_12-46-05_sechellia_prenac,3.0,1633.0,1.0
2024.10.15_12-46-05_sechellia_prenac,1635.0,1678.0,1.0
2024.10.15_12-46-05_sechellia_prenac,1680.0,1682.0,1.0
2024.10.15_12-46-05_sechellia_prenac,1685.0,1687.0,1.0
2024.10.15_12-46-05_sechellia_prenac,1689.0,1689.0,1.0
2024.10.15_12-46-05_sechellia_prenac,1691.0,1692.0,1.0
2024.10.15_12-46-05_sechellia_prenac,1694.0,1697.0,1.0
2024.10.15_12-46-05_sechellia_prenac,1700.0,1702.0,1.0
2024.10.15_12-46-05_sechellia_prenac,1705.0,1706.0,1.0
2024.10.15_12-46-05_sechellia_prenac,1708.0,1708.0,1.0
2024.10.15_12-46-05_sechellia_prenac,1710.0,1714.0,1.0
2024.10.15_12-46-05_sechellia_prenac,1722.0,1723.0,1.0
2024.10.15_12-46-05_sechellia_prenac,1726.0,1726.0,1.0
2024.10.15_12-46-05_sechellia_prenac,1728.0,1728.0,1.0
2024.10.15_12-46-05_sechellia_prenac,1731.0,1731.0,1.0
2024.10.15_12-46-05_sechellia_prenac,1733.0,1736.0,1.0
2024.10.15_12-46-05_sechellia_prenac,1738.0,1738.0,1.0
2024.10.15_12-46-05_sechellia_prenac,1740.0,1740.0,1.0
2024.10.15_12-46-05_sechellia_prenac,1742.0,1742.0,1.0
2024.10.15_12-46-05_sechellia_prenac,1746.0,1746.0,1.0
2024.10.15_12-46-05_sechellia_prenac,1748.0,1748.0,1.0
2024.10.15_12-46-05_sechellia_prenac,1750.0,1750.0,1.0
2024.10.15_12-46-05_sechellia_prenac,1752.0,1752.0,1.0
2024.10.15_12-46-05_sechellia_prenac,1756.0,1756.0,1.0
2024.10.15_12-46-05_sechellia_prenac,1760.0,1761.0,1.0
2024.10.15_12-46-05_sechellia_prenac,1763.0,1763.0,1.0
2024.10.15_12-46-05_sechellia_prenac,1767.0,1768.0,1.0
2024.10.15_12-46-05_sechellia_prenac,1772.0,1773.0,1.0
2024.10.15_12-46-05_sechellia_prenac,1776.0,1780.0,1.0
2024.10.15_12-46-05_sechellia_prenac,1783.0,1783.0,1.0
2024.10.15_12-46-05_sechellia_prenac,1785.0,1786.0,1.0
2024.10.15_12-46-05_sechellia_prenac,1791.0,1791.0,1.0
2024.10.15_12-46-05_sechellia_prenac,1794.0,1796.0,1.0
2024.10.15_12-46-05_sechellia_prenac,1798.0,1799.0,1.0
2024.10.15_12-46-05_sechellia_prenac,1801.0,1808.0,1.0
2024.10.15_12-46-05_sechellia_prenac,1810.0,1810.0,1.0
2024.10.15_12-46-05_sechellia_prenac,1812.0,1817.0,1.0
2024.10.15_12-46-05_sechellia_prenac,1819.0,1821.0,1.0
2024.10.15_12-46-05_sechellia_prenac,1824.0,1826.0,1.0
2024.10.15_12-46-05_sechellia_prenac,1828.0,1838.0,1.0
2024.10.15_12-46-05_sechellia_prenac,1841.0,1845.0,1.0
2024.10.15_12-46-05_sechellia_prenac,1847.0,1849.0,1.0
2024.10.15_12-46-05_sechellia_prenac,1853.0,1853.0,1.0
2024.10.15_12-46-05_sechellia_prenac,1855.0,1861.0,1.0
2024.10.15_12-46-05_sechellia_prenac,1863.0,1863.0,1.0
2024.10.15_12-46-05_sechellia_prenac,1865.0,1870.0,1.0
2024.10.15_12-46-05_sechellia_prenac,1872.0,1872.0,1.0
2024.10.15_12-46-05_sechellia_prenac,1875.0,1879.0,1.0
2024.10.15_12-46-05_sechellia_prenac,1881.0,1886.0,1.0
2024.10.15_12-46-05_sechellia_prenac,1888.0,1892.0,1.0
2024.10.15_12-46-05_sechellia_prenac,1894.0,1894.0,1.0
2024.10.15_12-46-05_sechellia_prenac,1896.0,1896.0,1.0
2024.10.15_12-46-05_sechellia_prenac,1898.0,1899.0,1.0
2024.10.15_12-46-05_sechellia_prenac,1901.0,1910.0,1.0
2024.10.15_12-46-05_sechellia_prenac,1912.0,1918.0,1.0
2024.10.15_12-46-05_sechellia_prenac,1924.0,1924.0,1.0
2024.10.15_12-46-05_sechellia_prenac,1928.0,1930.0,1.0
2024.10.15_12-46-05_sechellia_prenac,1932.0,1934.0,1.0
2024.10.15_12-46-05_sechellia_prenac,1936.0,1938.0,1.0
2024.10.15_12-46-05_sechellia_prenac,1940.0,1943.0,1.0
2024.10.15_12-46-05_sechellia_prenac,1947.0,1948.0,1.0
2024.10.15_12-46-05_sechellia_prenac,1950.0,1951.0,1.0
2024.10.15_12-46-05_sechellia_prenac,1953.0,1953.0,1.0
2024.10.15_12-46-05_sechellia_prenac,1955.0,1965.0,1.0
2024.10.15_12-46-05_sechellia_prenac,1976.0,1979.0,1.0
2024.10.15_12-46-05_sechellia_prenac,1981.0,1998.0,1.0
2024.10.15_12-46-05_sechellia_prenac,2003.0,2003.0,1.0
2024.10.15_12-46-05_sechellia_prenac,2005.0,2006.0,1.0
2024.10.15_12-46-05_sechellia_prenac,2008.0,2009.0,1.0
2024.10.15_12-46-05_sechellia_prenac,2012.0,2012.0,1.0
2024.10.15_12-46-05_sechellia_prenac,2014.0,2015.0,1.0
2024.10.15_12-46-05_sechellia_prenac,2018.0,2026.0,1.0
2024.10.15_12-46-05_sechellia_prenac,2029.0,2029.0,1.0
2024.10.15_12-46-05_sechellia_prenac,2031.0,2031.0,1.0
2024.10.15_12-46-05_sechellia_prenac,2034.0,2035.0,1.0
2024.10.15_12-46-05_sechellia_prenac,2037.0,2037.0,1.0
2024.10.15_12-46-05_sechellia_prenac,2042.0,2042.0,1.0
2024.10.15_12-46-05_sechellia_prenac,2046.0,2047.0,1.0
2024.10.15_12-46-05_sechellia_prenac,2050.0,2050.0,1.0
2024.10.15_12-46-05_sechellia_prenac,2053.0,2053.0,1.0
2024.10.15_12-46-05_sechellia_prenac,2060.0,2060.0,1.0
2024.10.15_12-46-05_sechellia_prenac,2062.0,2062.0,1.0
2024.10.15_12-46-05_sechellia_prenac,2066.0,2066.0,1.0
2024.10.15_12-46-05_sechellia_prenac,2068.0,2068.0,1.0
2024.10.15_12-46-05_sechellia_prenac,2070.0,2070.0,1.0
2024.10.15_12-46-05_sechellia_prenac,2072.0,2093.0,1.0
2024.10.15_12-46-05_sechellia_prenac,2095.0,2123.0,1.0
2024.10.15_12-46-05_sechellia_prenac,2147.0,2148.0,1.0
2024.10.15_12-46-05_sechellia_prenac,2151.0,2152.0,1.0
2024.10.15_12-46-05_sechellia_prenac,2163.0,2163.0,1.0
2024.10.15_12-46-05_sechellia_prenac,2166.0,2166.0,1.0
2024.10.15_12-46-05_sechellia_prenac,2168.0,2178.0,1.0
2024.10.15_12-46-05_sechellia_prenac,2180.0,2182.0,1.0
2024.10.15_12-46-05_sechellia_prenac,2184.0,2186.0,1.0
2024.10.15_12-46-05_sechellia_prenac,2188.0,2188.0,1.0
2024.10.15_12-46-05_sechellia_prenac,2191.0,2191.0,1.0
2024.10.15_12-46-05_sechellia_prenac,2193.0,2194.0,1.0
2024.10.15_12-46-05_sechellia_prenac,2197.0,2205.0,1.0
2024.10.15_12-46-05_sechellia_prenac,2208.0,2217.0,1.0
2024.10.15_12-46-05_sechellia_prenac,2219.0,2219.0,1.0
2024.10.15_12-46-05_sechellia_prenac,2222.0,2222.0,1.0
2024.10.15_12-46-05_sechellia_prenac,2225.0,2234.0,1.0
2024.10.15_12-46-05_sechellia_prenac,2236.0,2264.0,1.0
2024.10.15_12-46-05_sechellia_prenac,2266.0,2273.0,1.0
2024.10.15_12-46-05_sechellia_prenac,2275.0,2279.0,1.0
2024.10.15_12-46-05_sechellia_prenac,2282.0,2284.0,1.0
2024.10.15_12-46-05_sechellia_prenac,2289.0,2289.0,1.0
2024.10.15_12-46-05_sechellia_prenac,2292.0,2293.0,1.0
2024.10.15_12-46-05_sechellia_prenac,2295.0,2295.0,1.0
2024.10.15_12-46-05_sechellia_prenac,2300.0,2315.0,1.0
2024.10.15_12-46-05_sechellia_prenac,2317.0,2317.0,1.0
2024.10.15_12-46-05_sechellia_prenac,2320.0,2325.0,1.0
2024.10.15_12-46-05_sechellia_prenac,2327.0,2335.0,1.0
2024.10.15_12-46-05_sechellia_prenac,2337.0,2340.0,1.0
2024.10.15_12-46-05_sechellia_prenac,2343.0,2343.0,1.0
2024.10.15_12-46-05_sechellia_prenac,2349.0,2352.0,1.0
2024.10.15_12-46-05_sechellia_prenac,2356.0,2356.0,1.0
2024.10.15_12-46-05_sechellia_prenac,2358.0,2362.0,1.0
2024.10.15_12-46-05_sechellia_prenac,2367.0,2367.0,1.0
2024.10.15_12-46-05_sechellia_prenac,2371.0,2380.0,1.0
2024.10.15_12-46-05_sechellia_prenac,2382.0,2386.0,1.0
2024.10.15_12-46-05_sechellia_prenac,2388.0,2388.0,1.0
2024.10.15_12-46-05_sechellia_prenac,2391.0,2399.0,1.0
2024.10.15_12-46-05_sechellia_prenac,2402.0,2411.0,1.0
2024.10.15_12-46-05_sechellia_prenac,2414.0,2417.0,1.0
2024.10.15_12-46-05_sechellia_prenac,2424.0,2425.0,1.0
2024.10.15_12-46-05_sechellia_prenac,2430.0,2430.0,1.0
2024.10.15_12-46-05_sechellia_prenac,2436.0,2436.0,1.0
2024.10.15_12-46-05_sechellia_prenac,2441.0,2441.0,1.0
2024.10.15_12-46-05_sechellia_prenac,2445.0,2447.0,1.0
2024.10.15_12-46-05_sechellia_prenac,2450.0,2450.0,1.0
2024.10.15_12-46-05_sechellia_prenac,2455.0,2461.0,1.0
2024.10.15_12-46-05_sechellia_prenac,2463.0,2485.0,1.0
2024.10.15_12-46-05_sechellia_prenac,2487.0,2487.0,1.0
2024.10.15_12-46-05_sechellia_prenac,2489.0,2489.0,1.0
2024.10.15_12-46-05_sechellia_prenac,2492.0,2526.0,1.0
2024.10.15_12-46-05_sechellia_prenac,2529.0,2530.0,1.0
2024.10.15_12-46-05_sechellia_prenac,2534.0,2534.0,1.0
2024.10.15_12-46-05_sechellia_prenac,2536.0,2539.0,1.0
2024.10.15_12-46-05_sechellia_prenac,2565.0,2567.0,1.0
2024.10.15_12-46-05_sechellia_prenac,2573.0,2573.0,1.0
2024.10.15_12-46-05_sechellia_prenac,2575.0,2577.0,1.0
2024.10.15_12-46-05_sechellia_prenac,2580.0,2593.0,1.0
2024.10.15_12-46-05_sechellia_prenac,2597.0,2670.0,1.0
2024.10.15_12-46-05_sechellia_prenac,2672.0,2674.0,1.0
2024.10.15_12-46-05_sechellia_prenac,2677.0,2679.0,1.0
2024.10.15_12-46-05_sechellia_prenac,2682.0,2682.0,1.0
2024.10.15_12-46-05_sechellia_prenac,2694.0,2694.0,1.0
2024.10.15_12-46-05_sechellia_prenac,2696.0,2696.0,1.0
2024.10.15_12-46-05_sechellia_prenac,2708.0,2708.0,1.0
2024.10.15_12-46-05_sechellia_prenac,2712.0,2712.0,1.0
2024.10.15_12-46-05_sechellia_prenac,2714.0,2715.0,1.0
2024.10.15_12-46-05_sechellia_prenac,2719.0,2720.0,1.0
2024.10.15_12-46-05_sechellia_prenac,2722.0,2722.0,1.0
2024.10.15_12-46-05_sechellia_prenac,2724.0,2724.0,1.0
2024.10.15_12-46-05_sechellia_prenac,2741.0,2741.0,1.0
2024.10.15_12-46-05_sechellia_prenac,2743.0,2743.0,1.0
2024.10.15_12-46-05_sechellia_prenac,2758.0,2759.0,1.0
2024.10.15_12-46-05_sechellia_prenac,2761.0,2761.0,1.0
2024.10.15_12-46-05_sechellia_prenac,2764.0,2783.0,1.0
2024.10.15_12-46-05_sechellia_prenac,2785.0,2820.0,1.0
2024.10.15_12-46-05_sechellia_prenac,2822.0,2825.0,1.0
2024.10.15_12-46-05_sechellia_prenac,2829.0,2829.0,1.0
2024.10.15_12-46-05_sechellia_prenac,2834.0,2834.0,1.0
2024.10.15_12-46-05_sechellia_prenac,2836.0,2837.0,1.0
2024.10.15_12-46-05_sechellia_prenac,2839.0,2839.0,1.0
2024.10.15_12-46-05_sechellia_prenac,2845.0,2845.0,1.0
2024.10.15_12-46-05_sechellia_prenac,2849.0,2875.0,1.0
2024.10.15_12-46-05_sechellia_prenac,2879.0,2879.0,1.0
2024.10.15_12-46-05_sechellia_prenac,2881.0,2902.0,1.0
2024.10.15_12-46-05_sechellia_prenac,2904.0,2904.0,1.0
2024.10.15_12-46-05_sechellia_prenac,2909.0,2913.0,1.0
2024.10.15_12-46-05_sechellia_prenac,2916.0,2924.0,1.0
2024.10.15_12-46-05_sechellia_prenac,2927.0,2937.0,1.0
2024.10.15_12-46-05_sechellia_prenac,2939.0,2947.0,1.0
2024.10.15_12-46-05_sechellia_prenac,2951.0,2959.0,1.0
2024.10.15_12-46-05_sechellia_prenac,2964.0,2964.0,1.0
2024.10.15_12-46-05_sechellia_prenac,2972.0,3014.0,1.0
2024.10.15_12-46-05_sechellia_prenac,3017.0,3017.0,1.0
2024.10.15_12-46-05_sechellia_prenac,3021.0,3021.0,1.0
2024.10.15_12-46-05_sechellia_prenac,3023.0,3023.0,1.0
2024.10.15_12-46-05_sechellia_prenac,3027.0,3060.0,1.0
2024.10.15_12-46-05_sechellia_prenac,3063.0,3068.0,1.0
2024.10.15_12-46-05_sechellia_prenac,3070.0,3070.0,1.0
2024.10.15_12-46-05_sechellia_prenac,3075.0,3076.0,1.0
2024.10.15_12-46-05_sechellia_prenac,3080.0,3080.0,1.0
2024.10.15_12-46-05_sechellia_prenac,3084.0,3097.0,1.0
2024.10.15_12-46-05_sechellia_prenac,3100.0,3111.0,1.0
2024.10.15_12-46-05_sechellia_prenac,3116.0,3159.0,1.0
2024.10.15_12-46-05_sechellia_prenac,3163.0,3172.0,1.0
2024.10.15_12-46-05_sechellia_prenac,3174.0,3175.0,1.0
2024.10.15_12-46-05_sechellia_prenac,3177.0,3178.0,1.0
2024.10.15_12-46-05_sechellia_prenac,3180.0,3190.0,1.0
2024.10.15_12-46-05_sechellia_prenac,3192.0,3210.0,1.0
2024.10.15_12-46-05_sechellia_prenac,3212.0,3220.0,1.0
2024.10.15_12-46-05_sechellia_prenac,3223.0,3223.0,1.0
2024.10.15_12-46-05_sechellia_prenac,3226.0,3226.0,1.0
2024.10.15_12-46-05_sechellia_prenac,3236.0,3276.0,1.0
2024.10.15_12-46-05_sechellia_prenac,3278.0,3278.0,1.0
2024.10.15_12-46-05_sechellia_prenac,3280.0,3282.0,1.0
2024.10.15_12-46-05_sechellia_prenac,3288.0,3288.0,1.0
2024.10.15_12-46-05_sechellia_prenac,3291.0,3291.0,1.0
2024.10.15_12-46-05_sechellia_prenac,3294.0,3294.0,1.0
2024.10.15_12-46-05_sechellia_prenac,3297.0,3300.0,1.0
2024.10.15_12-46-05_sechellia_prenac,3302.0,3303.0,1.0
2024.10.15_12-46-05_sechellia_prenac,3307.0,3353.0,1.0
2024.10.15_12-46-05_sechellia_prenac,3355.0,3356.0,1.0
2024.10.15_12-46-05_sechellia_prenac,3358.0,3358.0,1.0
2024.10.15_12-46-05_sechellia_prenac,3360.0,3362.0,1.0
2024.10.15_12-46-05_sechellia_prenac,3369.0,3373.0,1.0
2024.10.15_12-46-05_sechellia_prenac,3375.0,3379.0,1.0
2024.10.15_12-46-05_sechellia_prenac,3381.0,3381.0,1.0
2024.10.15_12-46-05_sechellia_prenac,3383.0,3386.0,1.0
2024.10.15_12-46-05_sechellia_prenac,3394.0,3394.0,1.0
2024.10.15_12-46-05_sechellia_prenac,3397.0,3398.0,1.0
2024.10.15_12-46-05_sechellia_prenac,3400.0,3400.0,1.0
2024.10.15_12-46-05_sechellia_prenac,3402.0,3403.0,1.0
2024.10.15_12-46-05_sechellia_prenac,3407.0,3407.0,1.0
2024.10.15_12-46-05_sechellia_prenac,3412.0,3412.0,1.0
2024.10.15_12-46-05_sechellia_prenac,3416.0,3416.0,1.0
2024.10.15_12-46-05_sechellia_prenac,3430.0,3439.0,1.0
2024.10.15_12-46-05_sechellia_prenac,3441.0,3458.0,1.0
2024.10.15_12-46-05_sechellia_prenac,3462.0,3485.0,1.0
2024.10.15_12-46-05_sechellia_prenac,3487.0,3488.0,1.0
2024.11.25_19-34-49_Biarmipes84_no_odor,3.0,2347.0,1.0
2024.11.25_19-34-49_Biarmipes84_no_odor,2350.0,2352.0,1.0
2024.11.25_19-34-49_Biarmipes84_no_odor,2354.0,2355.0,1.0
2024.11.25_19-34-49_Biarmipes84_no_odor,2357.0,2358.0,1.0
2024.11.25_19-34-49_Biarmipes84_no_odor,2360.0,2360.0,1.0
2024.11.25_19-34-49_Biarmipes84_no_odor,2362.0,2362.0,1.0
2024.11.25_19-34-49_Biarmipes84_no_odor,2366.0,2366.0,1.0
2024.11.25_19-34-49_Biarmipes84_no_odor,2370.0,2370.0,1.0
2024.11.25_19-34-49_Biarmipes84_no_odor,2374.0,2374.0,1.0
2024.11.25_19-34-49_Biarmipes84_no_odor,2377.0,2378.0,1.0
2024.11.25_19-34-49_Biarmipes84_no_odor,2380.0,2380.0,1.0
2024.11.25_19-34-49_Biarmipes84_no_odor,2383.0,2384.0,1.0
2024.11.25_19-34-49_Biarmipes84_no_odor,2387.0,2390.0,1.0
2024.11.25_19-34-49_Biarmipes84_no_odor,2393.0,2394.0,1.0
2024.11.25_19-34-49_Biarmipes84_no_odor,2397.0,2398.0,1.0
2024.11.25_19-34-49_Biarmipes84_no_odor,2401.0,2401.0,1.0
2024.11.25_19-34-49_Biarmipes84_no_odor,2404.0,2405.0,1.0
2024.11.25_19-34-49_Biarmipes84_no_odor,2407.0,2413.0,1.0
2024.11.25_19-34-49_Biarmipes84_no_odor,2415.0,2510.0,1.0
2024.11.25_19-34-49_Biarmipes84_no_odor,2512.0,2582.0,1.0
2024.11.25_19-34-49_Biarmipes84_no_odor,2584.0,2585.0,1.0
2024.11.25_19-34-49_Biarmipes84_no_odor,2587.0,2596.0,1.0
2024.11.25_19-34-49_Biarmipes84_no_odor,2598.0,2598.0,1.0
2024.11.25_19-34-49_Biarmipes84_no_odor,2601.0,2603.0,1.0
2024.11.25_19-34-49_Biarmipes84_no_odor,2607.0,2614.0,1.0
2024.11.25_19-34-49_Biarmipes84_no_odor,2616.0,2616.0,1.0
2024.11.25_19-34-49_Biarmipes84_no_odor,2622.0,2623.0,1.0
2024.11.25_19-34-49_Biarmipes84_no_odor,2625.0,2626.0,1.0
2024.11.25_19-34-49_Biarmipes84_no_odor,2628.0,2636.0,1.0
2024.11.25_19-34-49_Biarmipes84_no_odor,2638.0,2644.0,1.0
2024.11.25_19-34-49_Biarmipes84_no_odor,2646.0,2649.0,1.0
2024.11.25_19-34-49_Biarmipes84_no_odor,2652.0,2657.0,1.0
2024.11.25_19-34-49_Biarmipes84_no_odor,2659.0,2661.0,1.0
2024.11.25_19-34-49_Biarmipes84_no_odor,2663.0,2670.0,1.0
2024.11.25_19-34-49_Biarmipes84_no_odor,2672.0,2676.0,1.0
2024.11.25_19-34-49_Biarmipes84_no_odor,2678.0,2678.0,1.0
2024.11.25_19-34-49_Biarmipes84_no_odor,2680.0,2681.0,1.0
2024.11.25_19-34-49_Biarmipes84_no_odor,2683.0,2686.0,1.0
2024.11.25_19-34-49_Biarmipes84_no_odor,2690.0,2690.0,1.0
2024.11.25_19-34-49_Biarmipes84_no_odor,2692.0,2693.0,1.0
2024.11.25_19-34-49_Biarmipes84_no_odor,2695.0,2698.0,1.0
2024.11.25_19-34-49_Biarmipes84_no_odor,2700.0,2701.0,1.0
2024.11.25_19-34-49_Biarmipes84_no_odor,2703.0,2707.0,1.0
2024.11.25_19-34-49_Biarmipes84_no_odor,2709.0,2711.0,1.0
2024.11.25_19-34-49_Biarmipes84_no_odor,2713.0,2714.0,1.0
2024.11.25_19-34-49_Biarmipes84_no_odor,2718.0,2718.0,1.0
2024.11.25_19-34-49_Biarmipes84_no_odor,2720.0,2721.0,1.0
2024.11.25_19-34-49_Biarmipes84_no_odor,2723.0,2738.0,1.0
2024.11.25_19-34-49_Biarmipes84_no_odor,2741.0,2743.0,1.0
2024.11.25_19-34-49_Biarmipes84_no_odor,2745.0,2745.0,1.0
2024.11.25_19-34-49_Biarmipes84_no_odor,2748.0,2750.0,1.0
2024.11.25_19-34-49_Biarmipes84_no_odor,2752.0,2753.0,1.0
2024.11.25_19-34-49_Biarmipes84_no_odor,2755.0,2755.0,1.0
2024.11.25_19-34-49_Biarmipes84_no_odor,2757.0,2757.0,1.0
2024.11.25_19-34-49_Biarmipes84_no_odor,2762.0,2763.0,1.0
2024.11.25_19-34-49_Biarmipes84_no_odor,2766.0,2767.0,1.0
2024.11.25_19-34-49_Biarmipes84_no_odor,2769.0,2770.0,1.0
2024.11.25_19-34-49_Biarmipes84_no_odor,2772.0,2773.0,1.0
2024.11.25_19-34-49_Biarmipes84_no_odor,2775.0,2776.0,1.0
2024.11.25_19-34-49_Biarmipes84_no_odor,2779.0,2779.0,1.0
2024.11.25_19-34-49_Biarmipes84_no_odor,2782.0,2782.0,1.0
2024.11.25_19-34-49_Biarmipes84_no_odor,2786.0,2789.0,1.0
2024.11.25_19-34-49_Biarmipes84_no_odor,2791.0,2791.0,1.0
2024.11.25_19-34-49_Biarmipes84_no_odor,2793.0,2796.0,1.0
2024.11.25_19-34-49_Biarmipes84_no_odor,2798.0,2798.0,1.0
2024.11.25_19-34-49_Biarmipes84_no_odor,2800.0,2801.0,1.0
2024.11.25_19-34-49_Biarmipes84_no_odor,2807.0,2807.0,1.0
2024.11.25_19-34-49_Biarmipes84_no_odor,2810.0,2812.0,1.0
2024.11.25_19-34-49_Biarmipes84_no_odor,2816.0,2817.0,1.0
2024.11.25_19-34-49_Biarmipes84_no_odor,2819.0,2823.0,1.0
2024.11.25_19-34-49_Biarmipes84_no_odor,2830.0,2830.0,1.0
2024.11.25_19-34-49_Biarmipes84_no_odor,2832.0,3286.0,1.0
2024.11.25_19-34-49_Biarmipes84_no_odor,3288.0,3334.0,1.0
2024.11.25_19-34-49_Biarmipes84_no_odor,3336.0,3524.0,1.0
2024.11.25_19-34-49_Biarmipes84_no_odor,3526.0,3576.0,1.0
2024.11.25_19-34-49_Biarmipes84_no_odor,3578.0,3595.0,1.0
2024.11.25_19-34-49_Biarmipes84_no_odor,3597.0,3632.0,1.0
2024.11.25_19-34-49_Biarmipes84_no_odor,3634.0,3646.0,1.0
2024.11.25_19-34-49_Biarmipes84_no_odor,3648.0,3665.0,1.0
2024.11.25_19-34-49_Biarmipes84_no_odor,3667.0,3670.0,1.0
2024.11.25_19-34-49_Biarmipes84_no_odor,3672.0,3679.0,1.0
2024.11.25_19-34-49_Biarmipes84_no_odor,3681.0,3681.0,1.0
2024.11.25_19-34-49_Biarmipes84_no_odor,3683.0,3684.0,1.0
2024.11.25_19-34-49_Biarmipes84_no_odor,3686.0,3709.0,1.0
2024.11.25_19-34-49_Biarmipes84_no_odor,3711.0,3723.0,1.0
2024.11.25_19-34-49_Biarmipes84_no_odor,3725.0,3727.0,1.0
2024.11.25_19-34-49_Biarmipes84_no_odor,3729.0,3749.0,1.0
2024.11.25_19-34-49_Biarmipes84_no_odor,3751.0,3982.0,1.0
2024.11.25_19-34-49_Biarmipes84_no_odor,3984.0,4002.0,1.0
2024.11.25_19-34-49_Biarmipes84_no_odor,4004.0,4010.0,1.0
2024.11.25_19-34-49_Biarmipes84_no_odor,4015.0,4036.0,1.0
2024.11.25_19-34-49_Biarmipes84_no_odor,4038.0,4040.0,1.0
2024.11.25_19-34-49_Biarmipes84_no_odor,4042.0,4044.0,1.0
2024.11.25_19-34-49_Biarmipes84_no_odor,4046.0,4047.0,1.0
2024.11.25_19-34-49_Biarmipes84_no_odor,4049.0,4065.0,1.0
2024.11.25_19-34-49_Biarmipes84_no_odor,4067.0,4071.0,1.0
2024.11.25_19-34-49_Biarmipes84_no_odor,4073.0,4080.0,1.0
2024.11.25_19-34-49_Biarmipes84_no_odor,4082.0,4087.0,1.0
2024.11.25_19-34-49_Biarmipes84_no_odor,4089.0,4097.0,1.0
2024.11.25_19-34-49_Biarmipes84_no_odor,4099.0,4139.0,1.0
2024.11.25_19-34-49_Biarmipes84_no_odor,4144.0,4147.0,1.0
2024.11.25_19-34-49_Biarmipes84_no_odor,4150.0,4150.0,1.0
2024.11.25_19-34-49_Biarmipes84_no_odor,4153.0,4157.0,1.0
2024.11.25_19-34-49_Biarmipes84_no_odor,4159.0,4161.0,1.0
2024.11.25_19-34-49_Biarmipes84_no_odor,4164.0,4166.0,1.0
2024.11.25_19-34-49_Biarmipes84_no_odor,4171.0,4181.0,1.0
2024.11.25_19-34-49_Biarmipes84_no_odor,4183.0,4185.0,1.0
2024.11.25_19-34-49_Biarmipes84_no_odor,4187.0,4187.0,1.0
2024.11.25_19-34-49_Biarmipes84_no_odor,4189.0,4284.0,1.0
2024.11.25_19-34-49_Biarmipes84_no_odor,4286.0,4293.0,1.0
2024.11.25_19-34-49_Biarmipes84_no_odor,4295.0,4305.0,1.0
2024.11.25_19-34-49_Biarmipes84_no_odor,4307.0,4313.0,1.0
2024.11.25_19-34-49_Biarmipes84_no_odor,4315.0,4323.0,1.0
2024.11.25_19-34-49_Biarmipes84_no_odor,4325.0,4325.0,1.0
2024.11.25_19-34-49_Biarmipes84_no_odor,4327.0,4328.0,1.0
2024.11.25_19-34-49_Biarmipes84_no_odor,4330.0,4340.0,1.0
2024.11.25_19-34-49_Biarmipes84_no_odor,4342.0,4344.0,1.0
2024.11.25_19-34-49_Biarmipes84_no_odor,4349.0,4349.0,1.0
2024.11.25_19-34-49_Biarmipes84_no_odor,4352.0,4354.0,1.0
2024.11.25_19-34-49_Biarmipes84_no_odor,4358.0,4360.0,1.0
2024.11.25_19-34-49_Biarmipes84_no_odor,4362.0,4368.0,1.0
2024.11.25_19-34-49_Biarmipes84_no_odor,4370.0,4373.0,1.0
2024.11.25_19-34-49_Biarmipes84_no_odor,4375.0,4384.0,1.0
2024.11.25_19-34-49_Biarmipes84_no_odor,4386.0,4522.0,1.0
2024.11.25_19-34-49_Biarmipes84_no_odor,4524.0,4561.0,1.0
2024.11.25_19-34-49_Biarmipes84_no_odor,4563.0,4582.0,1.0
2024.11.25_19-34-49_Biarmipes84_no_odor,4584.0,4726.0,1.0
2024.11.25_19-34-49_Biarmipes84_no_odor,4728.0,4751.0,1.0
2024.11.25_19-34-49_Biarmipes84_no_odor,4753.0,4766.0,1.0
2024.11.25_19-34-49_Biarmipes84_no_odor,4768.0,4768.0,1.0
2024.11.25_19-34-49_Biarmipes84_no_odor,4770.0,4772.0,1.0
2024.11.25_19-34-49_Biarmipes84_no_odor,4774.0,4788.0,1.0
2024.11.25_19-34-49_Biarmipes84_no_odor,4790.0,4796.0,1.0
2024.11.25_19-34-49_Biarmipes84_no_odor,4798.0,4799.0,1.0
2024.11.25_19-34-49_Biarmipes84_no_odor,4801.0,4807.0,1.0
2024.11.25_19-34-49_Biarmipes84_no_odor,4809.0,4812.0,1.0
2024.11.25_19-34-49_Biarmipes84_no_odor,4814.0,4820.0,1.0
2024.11.25_19-34-49_Biarmipes84_no_odor,4823.0,4829.0,1.0
2024.11.25_19-34-49_Biarmipes84_no_odor,4835.0,4837.0,1.0
2024.11.25_19-34-49_Biarmipes84_no_odor,4841.0,4843.0,1.0
2024.11.25_19-34-49_Biarmipes84_no_odor,4846.0,4847.0,1.0
2024.11.25_19-34-49_Biarmipes84_no_odor,4849.0,4850.0,1.0
2024.11.25_19-34-49_Biarmipes84_no_odor,4852.0,4852.0,1.0
2024.11.25_19-34-49_Biarmipes84_no_odor,4854.0,4854.0,1.0
2024.11.25_19-34-49_Biarmipes84_no_odor,4856.0,4856.0,1.0
2024.11.25_19-34-49_Biarmipes84_no_odor,4859.0,4860.0,1.0
2024.11.25_19-34-49_Biarmipes84_no_odor,4862.0,4867.0,1.0
2024.11.25_19-34-49_Biarmipes84_no_odor,4869.0,4887.0,1.0
2024.11.25_19-34-49_Biarmipes84_no_odor,4891.0,4899.0,1.0
2024.11.25_19-34-49_Biarmipes84_no_odor,4902.0,4904.0,1.0
2024.11.25_19-34-49_Biarmipes84_no_odor,4906.0,4906.0,1.0
2024.11.25_19-34-49_Biarmipes84_no_odor,4908.0,4908.0,1.0
2024.11.25_19-34-49_Biarmipes84_no_odor,4915.0,4916.0,1.0
2024.11.25_19-34-49_Biarmipes84_no_odor,4918.0,4918.0,1.0
2024.11.25_19-34-49_Biarmipes84_no_odor,4920.0,4922.0,1.0
2024.11.25_19-34-49_Biarmipes84_no_odor,4927.0,4930.0,1.0
2024.11.25_19-34-49_Biarmipes84_no_odor,4932.0,4932.0,1.0
2024.11.25_19-34-49_Biarmipes84_no_odor,4934.0,4935.0,1.0
2024.11.25_19-34-49_Biarmipes84_no_odor,4938.0,4938.0,1.0
2024.11.25_19-34-49_Biarmipes84_no_odor,4940.0,4940.0,1.0
2024.11.25_19-34-49_Biarmipes84_no_odor,4943.0,4943.0,1.0
2024.11.25_19-34-49_Biarmipes84_no_odor,4945.0,4948.0,1.0
2024.11.25_19-34-49_Biarmipes84_no_odor,4951.0,4960.0,1.0
2024.11.25_19-34-49_Biarmipes84_no_odor,4962.0,4966.0,1.0
2024.11.25_19-34-49_Biarmipes84_no_odor,4971.0,4972.0,1.0
2024.11.25_19-34-49_Biarmipes84_no_odor,4974.0,4976.0,1.0
2024.11.25_19-34-49_Biarmipes84_no_odor,4978.0,4980.0,1.0
2024.11.25_19-34-49_Biarmipes84_no_odor,4982.0,4982.0,1.0
2024.11.25_19-34-49_Biarmipes84_no_odor,4984.0,4984.0,1.0
2024.11.25_19-34-49_Biarmipes84_no_odor,4986.0,4997.0,1.0
2024.11.25_19-34-49_Biarmipes84_no_odor,4999.0,5001.0,1.0
2024.11.25_19-34-49_Biarmipes84_no_odor,5003.0,5017.0,1.0
2024.11.25_19-34-49_Biarmipes84_no_odor,5026.0,5041.0,1.0
2024.11.25_19-34-49_Biarmipes84_no_odor,5043.0,5048.0,1.0
2024.11.25_19-34-49_Biarmipes84_no_odor,5050.0,5058.0,1.0
2024.11.25_19-34-49_Biarmipes84_no_odor,5060.0,5068.0,1.0
2024.11.25_19-34-49_Biarmipes84_no_odor,5071.0,5072.0,1.0
2024.11.25_19-34-49_Biarmipes84_no_odor,5074.0,5090.0,1.0
2024.11.25_19-34-49_Biarmipes84_no_odor,5092.0,5119.0,1.0
2024.11.25_19-34-49_Biarmipes84_no_odor,5121.0,5121.0,1.0
2024.11.25_19-34-49_Biarmipes84_no_odor,5123.0,5125.0,1.0
2024.11.25_19-34-49_Biarmipes84_no_odor,5127.0,5133.0,1.0
2024.11.25_19-34-49_Biarmipes84_no_odor,5136.0,5138.0,1.0
2024.11.25_19-34-49_Biarmipes84_no_odor,5144.0,5145.0,1.0
2024.11.25_19-34-49_Biarmipes84_no_odor,5147.0,5158.0,1.0
2024.11.25_19-34-49_Biarmipes84_no_odor,5160.0,5985.0,1.0
2024.11.25_19-34-49_Biarmipes84_no_odor,5987.0,6064.0,1.0
2024.11.25_19-34-49_Biarmipes84_no_odor,6066.0,6106.0,1.0
2024.11.25_19-34-49_Biarmipes84_no_odor,6108.0,6186.0,1.0
2024.11.25_19-34-49_Biarmipes84_no_odor,6188.0,6202.0,1.0
2024.11.25_19-34-49_Biarmipes84_no_odor,6204.0,6205.0,1.0
2024.11.25_19-34-49_Biarmipes84_no_odor,6207.0,6216.0,1.0
2024.11.25_19-34-49_Biarmipes84_no_odor,6218.0,6219.0,1.0
2024.11.25_19-34-49_Biarmipes84_no_odor,6221.0,6221.0,1.0
2024.11.25_19-34-49_Biarmipes84_no_odor,6223.0,6243.0,1.0
2024.11.25_19-34-49_Biarmipes84_no_odor,6245.0,6245.0,1.0
2024.11.25_19-34-49_Biarmipes84_no_odor,6247.0,6254.0,1.0
2024.11.25_19-34-49_Biarmipes84_no_odor,6256.0,6257.0,1.0
2024.11.25_19-34-49_Biarmipes84_no_odor,6259.0,6259.0,1.0
2024.11.25_19-34-49_Biarmipes84_no_odor,6261.0,6261.0,1.0
2024.11.25_19-34-49_Biarmipes84_no_odor,6263.0,6268.0,1.0
2024.11.25_19-34-49_Biarmipes84_no_odor,6270.0,6278.0,1.0
2024.11.25_19-34-49_Biarmipes84_no_odor,6280.0,6282.0,1.0
2024.11.25_19-34-49_Biarmipes84_no_odor,6284.0,6292.0,1.0
2024.11.25_19-34-49_Biarmipes84_no_odor,6294.0,6302.0,1.0
2024.11.25_19-34-49_Biarmipes84_no_odor,6304.0,6325.0,1.0
2024.11.25_19-34-49_Biarmipes84_no_odor,6327.0,6353.0,1.0
2024.11.25_19-34-49_Biarmipes84_no_odor,6355.0,6368.0,1.0
2024.11.25_19-34-49_Biarmipes84_no_odor,6370.0,6378.0,1.0
2024.11.25_19-34-49_Biarmipes84_no_odor,6380.0,6385.0,1.0
2024.11.25_19-34-49_Biarmipes84_no_odor,6388.0,6401.0,1.0
2024.11.25_19-34-49_Biarmipes84_no_odor,6403.0,6425.0,1.0
2024.11.25_19-34-49_Biarmipes84_no_odor,6427.0,6432.0,1.0
2024.11.25_19-34-49_Biarmipes84_no_odor,6434.0,6482.0,1.0
2024.11.25_19-34-49_Biarmipes84_no_odor,6484.0,6941.0,1.0
2024.11.25_19-34-49_Biarmipes84_no_odor,6943.0,6985.0,1.0
2024.11.25_19-34-49_Biarmipes84_no_odor,6987.0,6995.0,1.0
2024.11.25_19-34-49_Biarmipes84_no_odor,6998.0,7005.0,1.0
2024.11.25_19-34-49_Biarmipes84_no_odor,7007.0,7065.0,1.0
2024.11.25_19-34-49_Biarmipes84_no_odor,7067.0,7075.0,1.0
2024.11.25_19-34-49_Biarmipes84_no_odor,7077.0,7083.0,1.0
2024.11.25_19-34-49_Biarmipes84_no_odor,7086.0,7086.0,1.0
2024.11.25_19-34-49_Biarmipes84_no_odor,7089.0,7089.0,1.0
2024.11.25_19-34-49_Biarmipes84_no_odor,7093.0,7094.0,1.0
2024.11.25_19-34-49_Biarmipes84_no_odor,7098.0,7100.0,1.0
2024.11.25_19-34-49_Biarmipes84_no_odor,7103.0,7103.0,1.0
2024.11.25_19-34-49_Biarmipes84_no_odor,7107.0,7109.0,1.0
2024.11.25_19-34-49_Biarmipes84_no_odor,7112.0,7115.0,1.0
2024.11.25_19-34-49_Biarmipes84_no_odor,7117.0,7117.0,1.0
2024.11.25_19-34-49_Biarmipes84_no_odor,7122.0,7122.0,1.0
2024.11.25_19-34-49_Biarmipes84_no_odor,7128.0,7128.0,1.0
2024.11.25_19-34-49_Biarmipes84_no_odor,7131.0,7132.0,1.0
2024.11.25_19-34-49_Biarmipes84_no_odor,7135.0,7139.0,1.0
2024.11.25_19-34-49_Biarmipes84_no_odor,7141.0,7141.0,1.0
2024.11.25_19-34-49_Biarmipes84_no_odor,7143.0,7143.0,1.0
2024.11.25_19-34-49_Biarmipes84_no_odor,7145.0,7153.0,1.0
2024.11.25_19-34-49_Biarmipes84_no_odor,7155.0,7155.0,1.0
2024.11.25_19-34-49_Biarmipes84_no_odor,7157.0,7172.0,1.0
2024.11.25_19-34-49_Biarmipes84_no_odor,7174.0,7175.0,1.0
2024.11.25_19-34-49_Biarmipes84_no_odor,7177.0,7180.0,1.0
2024.11.25_19-34-49_Biarmipes84_no_odor,7183.0,7183.0,1.0
2024.11.25_19-34-49_Biarmipes84_no_odor,7185.0,7202.0,1.0
2024.11.25_19-34-49_Biarmipes84_no_odor,7204.0,7208.0,1.0
2024.11.25_19-34-49_Biarmipes84_no_odor,7210.0,7211.0,1.0
2024.11.25_19-34-49_Biarmipes84_no_odor,7213.0,7213.0,1.0
2024.11.25_19-34-49_Biarmipes84_no_odor,7215.0,7217.0,1.0
2024.11.25_19-34-49_Biarmipes84_no_odor,7219.0,7221.0,1.0
2024.11.25_19-34-49_Biarmipes84_no_odor,7223.0,7235.0,1.0
2024.11.25_19-34-49_Biarmipes84_no_odor,7237.0,7250.0,1.0
2024.11.25_19-34-49_Biarmipes84_no_odor,7252.0,7285.0,1.0
2024.11.25_19-34-49_Biarmipes84_no_odor,7287.0,7344.0,1.0
2024.11.25_19-34-49_Biarmipes84_no_odor,7346.0,7348.0,1.0
2024.11.25_19-34-49_Biarmipes84_no_odor,7350.0,7386.0,1.0
2024.11.25_19-34-49_Biarmipes84_no_odor,7388.0,7408.0,1.0
2024.11.25_19-34-49_Biarmipes84_no_odor,7410.0,7475.0,1.0
2024.11.25_19-34-49_Biarmipes84_no_odor,7477.0,7479.0,1.0
2024.11.25_19-34-49_Biarmipes84_no_odor,7481.0,7490.0,1.0
2024.11.25_19-34-49_Biarmipes84_no_odor,7492.0,8878.0,1.0
2024.11.04_09-43-40_Sechellia28_e2hex,3.0,1724.0,1.0
2024.10.25_08-18-11_Sussex_metben,5571.0,5573.0,1.0
2024.10.25_08-18-11_Sussex_metben,5575.0,5575.0,1.0
2024.10.25_08-18-11_Sussex_metben,5577.0,5579.0,1.0
2024.10.25_08-18-11_Sussex_metben,5586.0,5588.0,1.0
2024.10.25_08-18-11_Sussex_metben,5598.0,5598.0,1.0
2024.10.25_08-18-11_Sussex_metben,5602.0,5603.0,1.0
2024.10.25_08-18-11_Sussex_metben,5607.0,5607.0,1.0
2024.10.25_08-18-11_Sussex_metben,5609.0,5613.0,1.0
2024.10.25_08-18-11_Sussex_metben,5615.0,5615.0,1.0
2024.10.25_08-18-11_Sussex_metben,5618.0,5621.0,1.0
2024.10.25_08-18-11_Sussex_metben,5630.0,5630.0,1.0
2024.10.25_08-18-11_Sussex_metben,5639.0,5639.0,1.0
2024.10.25_08-18-11_Sussex_metben,5641.0,5641.0,1.0
2024.10.25_08-18-11_Sussex_metben,5645.0,5645.0,1.0
2024.10.25_08-18-11_Sussex_metben,5654.0,5667.0,1.0
2024.10.25_08-18-11_Sussex_metben,5669.0,5670.0,1.0
2024.10.25_08-18-11_Sussex_metben,5674.0,5674.0,1.0
2024.10.25_08-18-11_Sussex_metben,5689.0,5689.0,1.0
2024.10.25_08-18-11_Sussex_metben,5696.0,5696.0,1.0
2024.10.25_08-18-11_Sussex_metben,5698.0,5698.0,1.0
2024.10.25_08-18-11_Sussex_metben,5703.0,5718.0,1.0
2024.10.25_08-18-11_Sussex_metben,5726.0,5749.0,1.0
2024.10.25_08-18-11_Sussex_metben,5751.0,5758.0,1.0
2024.10.25_08-18-11_Sussex_metben,5760.0,5762.0,1.0
2024.10.25_08-18-11_Sussex_metben,5764.0,5764.0,1.0
2024.10.25_08-18-11_Sussex_metben,5766.0,5766.0,1.0
2024.10.25_08-18-11_Sussex_metben,5768.0,5874.0,1.0
2024.10.25_08-18-11_Sussex_metben,5876.0,8586.0,1.0
2024.10.25_08-18-11_Sussex_metben,8588.0,8657.0,1.0
2024.10.25_08-18-11_Sussex_metben,8659.0,8661.0,1.0
2024.10.25_08-18-11_Sussex_metben,8663.0,8778.0,1.0
2024.10.25_08-18-11_Sussex_metben,8780.0,8783.0,1.0
2024.10.25_08-18-11_Sussex_metben,8785.0,8786.0,1.0
2024.10.25_08-18-11_Sussex_metben,8788.0,8826.0,1.0
2024.10.25_08-18-11_Sussex_metben,8828.0,8829.0,1.0
2024.10.25_08-18-11_Sussex_metben,8831.0,8833.0,1.0
2024.10.25_08-18-11_Sussex_metben,8835.0,8836.0,1.0
2024.10.25_08-18-11_Sussex_metben,8838.0,8858.0,1.0
2024.10.25_08-18-11_Sussex_metben,8861.0,8882.0,1.0
2024.10.25_08-18-11_Sussex_metben,8884.0,8892.0,1.0
2024.10.25_08-18-11_Sussex_metben,8894.0,8894.0,1.0
2024.10.25_08-18-11_Sussex_metben,8896.0,8900.0,1.0
2024.10.25_08-18-11_Sussex_metben,8902.0,8916.0,1.0
2024.10.18_12-53-39_Sto_car_prenac,1752.0,3588.0,1.0
2024.10.18_12-53-39_Sto_car_prenac,4389.0,5799.0,1.0
2024.10.18_12-53-39_Sto_car_prenac,6479.0,7026.0,1.0
2024.10.18_12-53-39_Sto_car_prenac,7028.0,7056.0,1.0
2024.10.18_12-53-39_Sto_car_prenac,7058.0,7058.0,1.0
2024.10.18_12-53-39_Sto_car_prenac,7061.0,7068.0,1.0
2024.10.18_12-53-39_Sto_car_prenac,7070.0,7078.0,1.0
2024.10.18_12-53-39_Sto_car_prenac,7080.0,7112.0,1.0
2024.10.18_12-53-39_Sto_car_prenac,7114.0,7391.0,1.0
2024.10.10_14-06-17_Biarmipes84_1hexanol,3124.0,3995.0,1.0
2024.10.10_14-06-17_Biarmipes84_1hexanol,4003.0,8999.0,1.0
2024.11.01_04-43-54_CantonS_metben,3.0,3086.0,1.0
2024.11.01_04-43-54_CantonS_metben,3088.0,3092.0,1.0
2024.11.01_04-43-54_CantonS_metben,3094.0,3133.0,1.0
2024.11.01_04-43-54_CantonS_metben,3135.0,3177.0,1.0
2024.11.01_04-43-54_CantonS_metben,3179.0,3318.0,1.0
2024.11.01_04-43-54_CantonS_metben,3321.0,3321.0,1.0
2024.11.01_04-43-54_CantonS_metben,3323.0,3330.0,1.0
2024.10.15_13-07-17_Sechellia_prenac,3.0,1276.0,1.0
2024.10.15_13-07-17_Sechellia_prenac,1280.0,1306.0,1.0
2024.10.15_13-07-17_Sechellia_prenac,1308.0,1328.0,1.0
2024.10.15_13-07-17_Sechellia_prenac,1330.0,1335.0,1.0
2024.10.15_13-07-17_Sechellia_prenac,1337.0,1340.0,1.0
2024.10.15_13-07-17_Sechellia_prenac,1342.0,1348.0,1.0
2024.10.15_13-07-17_Sechellia_prenac,1351.0,1353.0,1.0
2024.10.15_13-07-17_Sechellia_prenac,1355.0,1361.0,1.0
2024.10.15_13-07-17_Sechellia_prenac,1363.0,1386.0,1.0
2024.10.15_13-07-17_Sechellia_prenac,1390.0,1425.0,1.0
2024.10.15_13-07-17_Sechellia_prenac,1427.0,1457.0,1.0
2024.10.15_13-07-17_Sechellia_prenac,1459.0,1464.0,1.0
2024.10.15_13-07-17_Sechellia_prenac,1466.0,1477.0,1.0
2024.10.15_13-07-17_Sechellia_prenac,1479.0,1479.0,1.0
2024.10.15_13-07-17_Sechellia_prenac,1483.0,1490.0,1.0
2024.10.15_13-07-17_Sechellia_prenac,1492.0,1495.0,1.0
2024.10.15_13-07-17_Sechellia_prenac,1497.0,1536.0,1.0
2024.10.15_13-07-17_Sechellia_prenac,1538.0,1541.0,1.0
2024.10.15_13-07-17_Sechellia_prenac,1543.0,1721.0,1.0
2024.10.15_13-07-17_Sechellia_prenac,1723.0,1816.0,1.0
2024.07.08_12-21-10_Riverside (no odor),5431.0,5561.0,1.0
2024.10.14_14-26-24_Biarmipes84_1hexanol,1117.0,1277.0,1.0
2024.10.14_14-26-24_Biarmipes84_1hexanol,4829.0,5393.0,1.0
2024.10.14_14-26-24_Biarmipes84_1hexanol,5395.0,5395.0,1.0
2024.10.14_14-26-24_Biarmipes84_1hexanol,5397.0,5735.0,1.0
2024.10.14_14-26-24_Biarmipes84_1hexanol,7300.0,7387.0,1.0
2024.10.14_14-26-24_Biarmipes84_1hexanol,7389.0,7445.0,1.0
2024.10.14_14-26-24_Biarmipes84_1hexanol,7448.0,7665.0,1.0
2024.10.14_14-26-24_Biarmipes84_1hexanol,7669.0,7716.0,1.0
2024.10.14_14-26-24_Biarmipes84_1hexanol,7718.0,8295.0,1.0
2024.10.07_14-22-45_Yakuba7_2hexanol,4662.0,4662.0,1.0
2024.10.07_14-22-45_Yakuba7_2hexanol,4664.0,4664.0,1.0
2024.10.07_14-22-45_Yakuba7_2hexanol,4666.0,4668.0,1.0
2024.10.07_14-22-45_Yakuba7_2hexanol,4670.0,4673.0,1.0
2024.10.07_14-22-45_Yakuba7_2hexanol,4675.0,5938.0,1.0
2024.10.07_14-22-45_Yakuba7_2hexanol,5940.0,7151.0,1.0
2024.10.07_14-22-45_Yakuba7_2hexanol,7153.0,8178.0,1.0
2024.10.07_14-22-45_Yakuba7_2hexanol,8183.0,8184.0,1.0
2024.10.07_14-22-45_Yakuba7_2hexanol,8186.0,8999.0,1.0
2024.10.31_02-01-01_Yakuba_cameroon_metben,4971.0,4971.0,1.0
2024.10.31_02-01-01_Yakuba_cameroon_metben,4973.0,4973.0,1.0
2024.10.31_02-01-01_Yakuba_cameroon_metben,4980.0,4980.0,1.0
2024.10.31_02-01-01_Yakuba_cameroon_metben,4983.0,4984.0,1.0
2024.10.31_02-01-01_Yakuba_cameroon_metben,4986.0,6942.0,1.0
2024.10.31_02-01-01_Yakuba_cameroon_metben,6944.0,6944.0,1.0
2024.10.31_02-01-01_Yakuba_cameroon_metben,6952.0,7042.0,1.0
2024.10.14_14-36-32_Biarmipes84_1hexanol,1430.0,1577.0,1.0
2024.10.14_14-36-32_Biarmipes84_1hexanol,1579.0,1596.0,1.0
2024.10.14_14-36-32_Biarmipes84_1hexanol,1598.0,1602.0,1.0
2024.10.14_14-36-32_Biarmipes84_1hexanol,1604.0,1604.0,1.0
2024.10.14_14-36-32_Biarmipes84_1hexanol,1606.0,1607.0,1.0
2024.10.14_14-36-32_Biarmipes84_1hexanol,3698.0,4342.0,1.0
2024.10.25_04-15-05_Yakuba7_2hexanol,3295.0,4230.0,1.0
2024.10.25_04-15-05_Yakuba7_2hexanol,4232.0,4232.0,1.0
2024.10.25_04-15-05_Yakuba7_2hexanol,4235.0,4235.0,1.0
2024.10.25_04-15-05_Yakuba7_2hexanol,4237.0,4237.0,1.0
2024.10.25_04-15-05_Yakuba7_2hexanol,4239.0,4264.0,1.0
2024.10.25_04-15-05_Yakuba7_2hexanol,4266.0,4268.0,1.0
2024.10.25_04-15-05_Yakuba7_2hexanol,4270.0,4270.0,1.0
2024.10.25_04-15-05_Yakuba7_2hexanol,4272.0,4273.0,1.0
2024.10.25_04-15-05_Yakuba7_2hexanol,4281.0,4281.0,1.0
2024.11.04_09-55-32_Sechellia28_e2hex,1474.0,3269.0,1.0
2024.11.04_09-55-32_Sechellia28_e2hex,6270.0,6321.0,1.0
2024.11.04_09-55-32_Sechellia28_e2hex,6323.0,6323.0,1.0
2024.11.04_09-55-32_Sechellia28_e2hex,6325.0,6336.0,1.0
2024.11.04_09-55-32_Sechellia28_e2hex,6338.0,6347.0,1.0
2024.11.04_09-55-32_Sechellia28_e2hex,6349.0,6355.0,1.0
2024.11.04_09-55-32_Sechellia28_e2hex,6357.0,6357.0,1.0
2024.11.04_09-55-32_Sechellia28_e2hex,6359.0,7301.0,1.0
2024.10.25_06-03-07_Yakuba7_prenac,6058.0,6059.0,1.0
2024.10.25_06-03-07_Yakuba7_prenac,6072.0,6072.0,1.0
2024.10.25_06-03-07_Yakuba7_prenac,6076.0,6076.0,1.0
2024.10.25_06-03-07_Yakuba7_prenac,6084.0,6084.0,1.0
2024.10.25_06-03-07_Yakuba7_prenac,6087.0,6105.0,1.0
2024.10.25_06-03-07_Yakuba7_prenac,6107.0,6136.0,1.0
2024.10.25_06-03-07_Yakuba7_prenac,6138.0,6160.0,1.0
2024.10.25_06-03-07_Yakuba7_prenac,6162.0,6164.0,1.0
2024.10.25_06-03-07_Yakuba7_prenac,6166.0,6167.0,1.0
2024.10.25_06-03-07_Yakuba7_prenac,6169.0,6172.0,1.0
2024.10.25_06-03-07_Yakuba7_prenac,6174.0,6192.0,1.0
2024.10.25_06-03-07_Yakuba7_prenac,6194.0,6194.0,1.0
2024.10.25_06-03-07_Yakuba7_prenac,6197.0,6200.0,1.0
2024.10.25_06-03-07_Yakuba7_prenac,6202.0,6202.0,1.0
2024.10.25_06-03-07_Yakuba7_prenac,6204.0,6209.0,1.0
2024.10.25_06-03-07_Yakuba7_prenac,6211.0,6211.0,1.0
2024.10.25_06-03-07_Yakuba7_prenac,6213.0,6216.0,1.0
2024.10.25_06-03-07_Yakuba7_prenac,6218.0,6220.0,1.0
2024.10.25_06-03-07_Yakuba7_prenac,6222.0,6252.0,1.0
2024.10.25_06-03-07_Yakuba7_prenac,6254.0,6668.0,1.0
2024.10.25_06-03-07_Yakuba7_prenac,6670.0,7851.0,1.0
2024.10.25_06-03-07_Yakuba7_prenac,7853.0,7856.0,1.0
2024.10.25_06-03-07_Yakuba7_prenac,7858.0,7866.0,1.0
2024.10.25_06-03-07_Yakuba7_prenac,7868.0,7877.0,1.0
2024.10.25_06-03-07_Yakuba7_prenac,7879.0,7880.0,1.0
2024.10.25_06-03-07_Yakuba7_prenac,7882.0,7892.0,1.0
2024.10.25_06-03-07_Yakuba7_prenac,7894.0,7899.0,1.0
2024.10.25_06-03-07_Yakuba7_prenac,7901.0,7901.0,1.0
2024.10.25_06-03-07_Yakuba7_prenac,7903.0,7904.0,1.0
2024.10.25_06-03-07_Yakuba7_prenac,7906.0,7908.0,1.0
2024.10.25_06-03-07_Yakuba7_prenac,7910.0,7912.0,1.0
2024.10.25_06-03-07_Yakuba7_prenac,7914.0,7944.0,1.0
2024.10.25_06-03-07_Yakuba7_prenac,7946.0,8159.0,1.0
2024.10.25_06-03-07_Yakuba7_prenac,8162.0,8207.0,1.0
2024.10.25_06-03-07_Yakuba7_prenac,8209.0,8211.0,1.0
2024.10.25_06-03-07_Yakuba7_prenac,8213.0,8225.0,1.0
2024.10.25_06-03-07_Yakuba7_prenac,8227.0,8252.0,1.0
2024.10.25_06-03-07_Yakuba7_prenac,8254.0,8274.0,1.0
2024.10.25_06-03-07_Yakuba7_prenac,8276.0,8301.0,1.0
2024.10.25_06-03-07_Yakuba7_prenac,8303.0,8318.0,1.0
2024.10.25_06-03-07_Yakuba7_prenac,8320.0,8324.0,1.0
2024.10.25_06-03-07_Yakuba7_prenac,8327.0,8329.0,1.0
2024.10.25_06-03-07_Yakuba7_prenac,8331.0,8336.0,1.0
2024.10.25_06-03-07_Yakuba7_prenac,8338.0,8338.0,1.0
2024.10.25_06-03-07_Yakuba7_prenac,8340.0,8344.0,1.0
2024.10.25_06-03-07_Yakuba7_prenac,8346.0,8346.0,1.0
2024.10.25_06-03-07_Yakuba7_prenac,8348.0,8348.0,1.0
2024.10.25_06-03-07_Yakuba7_prenac,8353.0,8359.0,1.0
2024.10.25_06-03-07_Yakuba7_prenac,8361.0,8362.0,1.0
2024.10.25_06-03-07_Yakuba7_prenac,8364.0,8368.0,1.0
2024.10.25_06-03-07_Yakuba7_prenac,8370.0,8370.0,1.0
2024.10.25_06-03-07_Yakuba7_prenac,8374.0,8374.0,1.0
2024.10.25_06-03-07_Yakuba7_prenac,8377.0,8379.0,1.0
2024.10.25_06-03-07_Yakuba7_prenac,8382.0,8384.0,1.0
2024.10.25_06-03-07_Yakuba7_prenac,8394.0,8395.0,1.0
2024.10.25_06-03-07_Yakuba7_prenac,8397.0,8397.0,1.0
2024.10.25_06-03-07_Yakuba7_prenac,8403.0,8403.0,1.0
2024.10.25_06-03-07_Yakuba7_prenac,8405.0,8407.0,1.0
2024.10.25_06-03-07_Yakuba7_prenac,8410.0,8412.0,1.0
2024.10.25_06-03-07_Yakuba7_prenac,8417.0,8417.0,1.0
2024.10.25_06-03-07_Yakuba7_prenac,8419.0,8419.0,1.0
2024.10.25_06-03-07_Yakuba7_prenac,8421.0,8421.0,1.0
2024.10.25_06-03-07_Yakuba7_prenac,8423.0,8423.0,1.0
2024.10.25_06-03-07_Yakuba7_prenac,8425.0,8425.0,1.0
2024.10.25_06-03-07_Yakuba7_prenac,8434.0,8434.0,1.0
2024.10.25_06-03-07_Yakuba7_prenac,8440.0,8440.0,1.0
2024.10.25_06-03-07_Yakuba7_prenac,8447.0,8447.0,1.0
2024.10.25_06-03-07_Yakuba7_prenac,8459.0,8459.0,1.0
2024.10.25_06-03-07_Yakuba7_prenac,8463.0,8463.0,1.0
2024.10.25_06-03-07_Yakuba7_prenac,8468.0,8469.0,1.0
2024.10.25_06-03-07_Yakuba7_prenac,8477.0,8477.0,1.0
2024.10.25_06-03-07_Yakuba7_prenac,8479.0,8479.0,1.0
2024.10.25_06-03-07_Yakuba7_prenac,8485.0,8487.0,1.0
2024.10.25_06-03-07_Yakuba7_prenac,8489.0,8491.0,1.0
2024.10.25_06-03-07_Yakuba7_prenac,8495.0,8495.0,1.0
2024.10.25_06-03-07_Yakuba7_prenac,8498.0,8498.0,1.0
2024.10.25_06-03-07_Yakuba7_prenac,8511.0,8511.0,1.0
2024.10.25_06-03-07_Yakuba7_prenac,8516.0,8516.0,1.0
2024.10.25_06-03-07_Yakuba7_prenac,8519.0,8519.0,1.0
2024.10.25_06-03-07_Yakuba7_prenac,8521.0,8521.0,1.0
2024.10.25_06-03-07_Yakuba7_prenac,8524.0,8524.0,1.0
2024.10.25_06-03-07_Yakuba7_prenac,8527.0,8527.0,1.0
2024.10.25_06-03-07_Yakuba7_prenac,8530.0,8530.0,1.0
2024.10.25_06-03-07_Yakuba7_prenac,8533.0,8534.0,1.0
2024.10.25_06-03-07_Yakuba7_prenac,8540.0,8540.0,1.0
2024.10.25_06-03-07_Yakuba7_prenac,8548.0,8548.0,1.0
2024.10.25_06-03-07_Yakuba7_prenac,8550.0,8551.0,1.0
2024.10.25_06-03-07_Yakuba7_prenac,8556.0,8557.0,1.0
2024.10.25_06-03-07_Yakuba7_prenac,8559.0,8559.0,1.0
2024.10.25_06-03-07_Yakuba7_prenac,8562.0,8562.0,1.0
2024.10.25_06-03-07_Yakuba7_prenac,8564.0,8602.0,1.0
2024.10.25_06-03-07_Yakuba7_prenac,8604.0,8607.0,1.0
2024.10.25_06-03-07_Yakuba7_prenac,8609.0,8610.0,1.0
2024.10.25_06-03-07_Yakuba7_prenac,8612.0,8612.0,1.0
2024.10.25_06-03-07_Yakuba7_prenac,8614.0,8623.0,1.0
2024.10.25_06-03-07_Yakuba7_prenac,8626.0,8630.0,1.0
2024.10.25_06-03-07_Yakuba7_prenac,8632.0,8637.0,1.0
2024.10.25_06-03-07_Yakuba7_prenac,8639.0,8641.0,1.0
2024.10.25_06-03-07_Yakuba7_prenac,8643.0,8649.0,1.0
2024.07.05_11-33-31_CantonS (no odor),3129.0,4815.0,1.0
2024.10.31_07-39-16_Biarmipes84_metben,186.0,1183.0,1.0
2024.10.31_07-39-16_Biarmipes84_metben,1186.0,1194.0,1.0
2024.10.31_07-39-16_Biarmipes84_metben,1196.0,1198.0,1.0
2024.10.31_07-39-16_Biarmipes84_metben,1209.0,1220.0,1.0
2024.10.31_07-39-16_Biarmipes84_metben,1222.0,1238.0,1.0
2024.10.31_07-39-16_Biarmipes84_metben,1240.0,1247.0,1.0
2024.10.31_07-39-16_Biarmipes84_metben,1249.0,1249.0,1.0
2024.10.31_07-39-16_Biarmipes84_metben,1251.0,1258.0,1.0
2024.10.31_07-39-16_Biarmipes84_metben,1260.0,1265.0,1.0
2024.10.31_07-39-16_Biarmipes84_metben,1269.0,1269.0,1.0
2024.10.31_07-39-16_Biarmipes84_metben,1278.0,1278.0,1.0
2024.10.31_07-39-16_Biarmipes84_metben,1282.0,1304.0,1.0
2024.10.31_07-39-16_Biarmipes84_metben,8783.0,8999.0,1.0
2024.07.10_12-04-21_Riverside (MetBut),5579.0,5579.0,1.0
2024.11.04_06-23-57_Stocago_e2hex,2374.0,2374.0,1.0
2024.11.04_06-23-57_Stocago_e2hex,2376.0,2377.0,1.0
2024.11.04_06-23-57_Stocago_e2hex,2384.0,2385.0,1.0
2024.11.04_06-23-57_Stocago_e2hex,2387.0,2389.0,1.0
2024.11.04_06-23-57_Stocago_e2hex,2391.0,2392.0,1.0
2024.11.04_06-23-57_Stocago_e2hex,2394.0,2396.0,1.0
2024.11.04_06-23-57_Stocago_e2hex,2398.0,2400.0,1.0
2024.11.04_06-23-57_Stocago_e2hex,2403.0,2421.0,1.0
2024.11.04_06-23-57_Stocago_e2hex,2423.0,2737.0,1.0
2024.11.04_06-23-57_Stocago_e2hex,2739.0,5630.0,1.0
2024.11.04_06-23-57_Stocago_e2hex,5632.0,5634.0,1.0
2024.11.04_06-23-57_Stocago_e2hex,5639.0,5639.0,1.0
2024.11.04_06-23-57_Stocago_e2hex,5642.0,5642.0,1.0
2024.11.04_06-23-57_Stocago_e2hex,5644.0,5654.0,1.0
2024.11.04_06-23-57_Stocago_e2hex,5658.0,5658.0,1.0
2024.11.04_06-23-57_Stocago_e2hex,5661.0,5663.0,1.0
2024.11.04_06-23-57_Stocago_e2hex,5667.0,5678.0,1.0
2024.11.04_06-23-57_Stocago_e2hex,5680.0,5686.0,1.0
2024.11.04_06-23-57_Stocago_e2hex,5689.0,5690.0,1.0
2024.11.04_06-23-57_Stocago_e2hex,5693.0,5699.0,1.0
2024.11.04_06-23-57_Stocago_e2hex,5701.0,5704.0,1.0
2024.11.04_06-23-57_Stocago_e2hex,5706.0,5706.0,1.0
2024.11.04_06-23-57_Stocago_e2hex,5708.0,5709.0,1.0
2024.11.04_06-23-57_Stocago_e2hex,5711.0,5712.0,1.0
2024.11.04_06-23-57_Stocago_e2hex,5714.0,5714.0,1.0
2024.11.04_06-23-57_Stocago_e2hex,5718.0,5720.0,1.0
2024.11.04_06-23-57_Stocago_e2hex,5723.0,5724.0,1.0
2024.11.04_06-23-57_Stocago_e2hex,5727.0,5730.0,1.0
2024.11.04_06-23-57_Stocago_e2hex,5734.0,5734.0,1.0
2024.11.04_06-23-57_Stocago_e2hex,5737.0,5737.0,1.0
2024.11.04_06-23-57_Stocago_e2hex,5739.0,5739.0,1.0
2024.11.04_06-23-57_Stocago_e2hex,5741.0,5741.0,1.0
2024.11.04_06-23-57_Stocago_e2hex,5744.0,5744.0,1.0
2024.11.04_06-23-57_Stocago_e2hex,5747.0,5752.0,1.0
2024.11.04_06-23-57_Stocago_e2hex,5754.0,5754.0,1.0
2024.11.04_06-23-57_Stocago_e2hex,5756.0,5756.0,1.0
2024.11.04_06-23-57_Stocago_e2hex,5758.0,5770.0,1.0
2024.11.04_06-23-57_Stocago_e2hex,5772.0,5774.0,1.0
2024.11.04_06-23-57_Stocago_e2hex,5776.0,5777.0,1.0
2024.11.04_06-23-57_Stocago_e2hex,5779.0,5791.0,1.0
2024.11.04_06-23-57_Stocago_e2hex,5793.0,5797.0,1.0
2024.11.04_06-23-57_Stocago_e2hex,5799.0,5839.0,1.0
2024.11.04_06-23-57_Stocago_e2hex,5841.0,5845.0,1.0
2024.11.04_06-23-57_Stocago_e2hex,5848.0,5848.0,1.0
2024.11.04_06-23-57_Stocago_e2hex,5850.0,5862.0,1.0
2024.11.04_06-23-57_Stocago_e2hex,5864.0,5869.0,1.0
2024.11.04_06-23-57_Stocago_e2hex,5874.0,5874.0,1.0
2024.11.04_06-23-57_Stocago_e2hex,5876.0,5876.0,1.0
2024.11.04_06-23-57_Stocago_e2hex,5882.0,5882.0,1.0
2024.11.04_06-23-57_Stocago_e2hex,5885.0,5886.0,1.0
2024.11.04_06-23-57_Stocago_e2hex,5890.0,5890.0,1.0
2024.11.04_06-23-57_Stocago_e2hex,5895.0,5902.0,1.0
2024.11.04_06-23-57_Stocago_e2hex,5904.0,5910.0,1.0
2024.11.04_06-23-57_Stocago_e2hex,5913.0,5914.0,1.0
2024.11.04_06-23-57_Stocago_e2hex,5917.0,5919.0,1.0
2024.11.04_06-23-57_Stocago_e2hex,5928.0,5928.0,1.0
2024.11.04_06-23-57_Stocago_e2hex,5933.0,5933.0,1.0
2024.11.04_06-23-57_Stocago_e2hex,5952.0,5952.0,1.0
2024.11.04_06-23-57_Stocago_e2hex,5955.0,5955.0,1.0
2024.11.04_06-23-57_Stocago_e2hex,5973.0,5973.0,1.0
2024.11.04_06-23-57_Stocago_e2hex,5975.0,5975.0,1.0
2024.11.04_06-23-57_Stocago_e2hex,5980.0,5980.0,1.0
2024.11.04_06-23-57_Stocago_e2hex,6014.0,6014.0,1.0
2024.11.04_06-23-57_Stocago_e2hex,6031.0,6031.0,1.0
2024.11.04_06-23-57_Stocago_e2hex,6046.0,6046.0,1.0
2024.11.04_06-23-57_Stocago_e2hex,6050.0,6050.0,1.0
2024.11.04_06-23-57_Stocago_e2hex,6056.0,6058.0,1.0
2024.11.04_06-23-57_Stocago_e2hex,6068.0,6068.0,1.0
2024.11.04_06-23-57_Stocago_e2hex,6072.0,6072.0,1.0
2024.11.04_06-23-57_Stocago_e2hex,6074.0,6080.0,1.0
2024.11.04_06-23-57_Stocago_e2hex,6082.0,6082.0,1.0
2024.11.04_06-23-57_Stocago_e2hex,6084.0,6087.0,1.0
2024.11.04_06-23-57_Stocago_e2hex,6089.0,6089.0,1.0
2024.11.04_06-23-57_Stocago_e2hex,6091.0,6091.0,1.0
2024.11.04_06-23-57_Stocago_e2hex,6093.0,6093.0,1.0
2024.11.04_06-23-57_Stocago_e2hex,6097.0,6097.0,1.0
2024.11.04_06-23-57_Stocago_e2hex,6101.0,6101.0,1.0
2024.11.04_06-23-57_Stocago_e2hex,6105.0,6105.0,1.0
2024.11.04_06-23-57_Stocago_e2hex,6107.0,6107.0,1.0
2024.11.04_06-23-57_Stocago_e2hex,6110.0,6111.0,1.0
2024.11.04_06-23-57_Stocago_e2hex,6116.0,6117.0,1.0
2024.11.04_06-23-57_Stocago_e2hex,6121.0,6121.0,1.0
2024.11.04_06-23-57_Stocago_e2hex,6123.0,6123.0,1.0
2024.11.04_06-23-57_Stocago_e2hex,6132.0,6132.0,1.0
2024.11.04_06-23-57_Stocago_e2hex,6152.0,6153.0,1.0
2024.11.04_06-23-57_Stocago_e2hex,6158.0,6158.0,1.0
2024.11.04_06-23-57_Stocago_e2hex,6161.0,6161.0,1.0
2024.11.04_06-23-57_Stocago_e2hex,6164.0,6164.0,1.0
2024.11.04_06-23-57_Stocago_e2hex,6166.0,6168.0,1.0
2024.11.04_06-23-57_Stocago_e2hex,6177.0,6177.0,1.0
2024.11.04_06-23-57_Stocago_e2hex,6179.0,6179.0,1.0
2024.11.04_06-23-57_Stocago_e2hex,6184.0,6184.0,1.0
2024.11.04_06-23-57_Stocago_e2hex,6191.0,6193.0,1.0
2024.11.04_06-23-57_Stocago_e2hex,6196.0,6196.0,1.0
2024.11.04_06-23-57_Stocago_e2hex,6200.0,6200.0,1.0
2024.11.04_06-23-57_Stocago_e2hex,6204.0,6204.0,1.0
2024.11.04_06-23-57_Stocago_e2hex,6207.0,6207.0,1.0
2024.11.04_06-23-57_Stocago_e2hex,6214.0,6216.0,1.0
2024.11.04_06-23-57_Stocago_e2hex,6222.0,6222.0,1.0
2024.11.04_06-23-57_Stocago_e2hex,6226.0,6226.0,1.0
2024.11.04_06-23-57_Stocago_e2hex,6239.0,6239.0,1.0
2024.11.04_06-23-57_Stocago_e2hex,6242.0,6242.0,1.0
2024.11.04_06-23-57_Stocago_e2hex,6244.0,6244.0,1.0
2024.11.04_06-23-57_Stocago_e2hex,6247.0,6247.0,1.0
2024.11.04_06-23-57_Stocago_e2hex,6257.0,6257.0,1.0
2024.11.04_06-23-57_Stocago_e2hex,6262.0,6262.0,1.0
2024.11.04_06-23-57_Stocago_e2hex,6265.0,6265.0,1.0
2024.11.04_06-23-57_Stocago_e2hex,6270.0,6270.0,1.0
2024.11.04_06-23-57_Stocago_e2hex,6281.0,6281.0,1.0
2024.11.04_06-23-57_Stocago_e2hex,6283.0,6283.0,1.0
2024.11.04_06-23-57_Stocago_e2hex,6285.0,6285.0,1.0
2024.11.04_06-23-57_Stocago_e2hex,6287.0,6287.0,1.0
2024.11.04_06-23-57_Stocago_e2hex,6290.0,6290.0,1.0
2024.11.04_06-23-57_Stocago_e2hex,6295.0,6296.0,1.0
2024.11.04_06-23-57_Stocago_e2hex,6298.0,6298.0,1.0
2024.11.04_06-23-57_Stocago_e2hex,6305.0,6305.0,1.0
2024.11.04_06-23-57_Stocago_e2hex,6309.0,6309.0,1.0
2024.11.04_06-23-57_Stocago_e2hex,6311.0,6311.0,1.0
2024.11.04_06-23-57_Stocago_e2hex,6314.0,6314.0,1.0
2024.11.04_06-23-57_Stocago_e2hex,6328.0,6328.0,1.0
2024.11.04_06-23-57_Stocago_e2hex,6334.0,6335.0,1.0
2024.11.04_06-23-57_Stocago_e2hex,6337.0,6337.0,1.0
2024.11.04_06-23-57_Stocago_e2hex,6344.0,6345.0,1.0
2024.11.04_06-23-57_Stocago_e2hex,6352.0,6352.0,1.0
2024.11.04_06-23-57_Stocago_e2hex,6356.0,6357.0,1.0
2024.11.04_06-23-57_Stocago_e2hex,6364.0,6366.0,1.0
2024.11.04_06-23-57_Stocago_e2hex,6374.0,6391.0,1.0
2024.11.04_06-23-57_Stocago_e2hex,6393.0,6393.0,1.0
2024.11.04_06-23-57_Stocago_e2hex,6396.0,6397.0,1.0
2024.11.04_06-23-57_Stocago_e2hex,6400.0,6403.0,1.0
2024.11.04_06-23-57_Stocago_e2hex,6405.0,6407.0,1.0
2024.11.04_06-23-57_Stocago_e2hex,6409.0,6414.0,1.0
2024.11.04_06-23-57_Stocago_e2hex,6417.0,6432.0,1.0
2024.11.04_06-23-57_Stocago_e2hex,6434.0,6437.0,1.0
2024.11.04_06-23-57_Stocago_e2hex,6440.0,6445.0,1.0
2024.11.04_06-23-57_Stocago_e2hex,6447.0,6453.0,1.0
2024.11.04_06-23-57_Stocago_e2hex,6457.0,6475.0,1.0
2024.11.04_06-23-57_Stocago_e2hex,6477.0,6483.0,1.0
2024.11.04_06-23-57_Stocago_e2hex,6486.0,6494.0,1.0
2024.11.04_06-23-57_Stocago_e2hex,6496.0,6503.0,1.0
2024.11.04_06-23-57_Stocago_e2hex,6505.0,6506.0,1.0
2024.11.04_06-23-57_Stocago_e2hex,6509.0,6512.0,1.0
2024.11.04_06-23-57_Stocago_e2hex,6515.0,6517.0,1.0
2024.11.04_06-23-57_Stocago_e2hex,6519.0,6519.0,1.0
2024.11.04_06-23-57_Stocago_e2hex,6521.0,6521.0,1.0
2024.11.04_06-23-57_Stocago_e2hex,6523.0,6527.0,1.0
2024.11.04_06-23-57_Stocago_e2hex,6529.0,6529.0,1.0
2024.11.04_06-23-57_Stocago_e2hex,6531.0,6745.0,1.0
2024.11.04_06-23-57_Stocago_e2hex,6747.0,6750.0,1.0
2024.11.04_06-23-57_Stocago_e2hex,6752.0,6752.0,1.0
2024.11.04_06-23-57_Stocago_e2hex,6754.0,6756.0,1.0
2024.11.04_06-23-57_Stocago_e2hex,6758.0,6767.0,1.0
2024.11.04_06-23-57_Stocago_e2hex,6770.0,6771.0,1.0
2024.11.04_06-23-57_Stocago_e2hex,6774.0,6781.0,1.0
2024.11.04_06-23-57_Stocago_e2hex,6786.0,6786.0,1.0
2024.11.04_06-23-57_Stocago_e2hex,6789.0,6789.0,1.0
2024.11.04_06-23-57_Stocago_e2hex,6791.0,6794.0,1.0
2024.11.04_06-23-57_Stocago_e2hex,6798.0,6798.0,1.0
2024.11.04_06-23-57_Stocago_e2hex,6801.0,6808.0,1.0
2024.11.04_06-23-57_Stocago_e2hex,6810.0,6810.0,1.0
2024.11.04_06-23-57_Stocago_e2hex,6812.0,6813.0,1.0
2024.11.04_06-23-57_Stocago_e2hex,6817.0,6817.0,1.0
2024.11.04_06-23-57_Stocago_e2hex,6819.0,6819.0,1.0
2024.11.04_06-23-57_Stocago_e2hex,6821.0,6821.0,1.0
2024.11.04_06-23-57_Stocago_e2hex,6823.0,6823.0,1.0
2024.11.04_06-23-57_Stocago_e2hex,6827.0,6828.0,1.0
2024.11.04_06-23-57_Stocago_e2hex,6830.0,6834.0,1.0
2024.10.15_12-51-51_sechellia_prenac,3.0,213.0,1.0
2024.10.15_12-51-51_sechellia_prenac,215.0,1561.0,1.0
2024.10.15_12-51-51_sechellia_prenac,1563.0,1563.0,1.0
2024.10.15_12-51-51_sechellia_prenac,1565.0,1574.0,1.0
2024.10.15_12-51-51_sechellia_prenac,1578.0,1585.0,1.0
2024.10.15_12-51-51_sechellia_prenac,1587.0,1608.0,1.0
2024.10.15_09-04-44_Biarmipes_G224_1hexanol,2763.0,2763.0,1.0
2024.10.15_09-04-44_Biarmipes_G224_1hexanol,2765.0,2765.0,1.0
2024.10.15_09-04-44_Biarmipes_G224_1hexanol,2769.0,3021.0,1.0
2024.10.15_09-04-44_Biarmipes_G224_1hexanol,3025.0,3031.0,1.0
2024.10.15_09-04-44_Biarmipes_G224_1hexanol,3033.0,3035.0,1.0
2024.10.15_09-04-44_Biarmipes_G224_1hexanol,7353.0,8999.0,1.0
2024.10.11_11-57-56_Sto_car_2hexanol,3.0,69.0,1.0
2024.10.11_11-57-56_Sto_car_2hexanol,72.0,116.0,1.0
2024.10.11_11-57-56_Sto_car_2hexanol,118.0,118.0,1.0
2024.10.11_11-57-56_Sto_car_2hexanol,123.0,3237.0,1.0
2024.10.11_11-57-56_Sto_car_2hexanol,3239.0,3417.0,1.0
2024.10.11_11-57-56_Sto_car_2hexanol,3419.0,3419.0,1.0
2024.10.11_11-57-56_Sto_car_2hexanol,3422.0,3649.0,1.0
2024.10.11_11-57-56_Sto_car_2hexanol,3651.0,3651.0,1.0
2024.10.11_11-57-56_Sto_car_2hexanol,3653.0,3854.0,1.0
2024.10.11_11-57-56_Sto_car_2hexanol,3858.0,3858.0,1.0
2024.10.11_11-57-56_Sto_car_2hexanol,3861.0,3861.0,1.0
2024.10.11_11-57-56_Sto_car_2hexanol,3863.0,3869.0,1.0
2024.10.11_11-57-56_Sto_car_2hexanol,3872.0,3872.0,1.0
2024.10.11_11-57-56_Sto_car_2hexanol,3875.0,3875.0,1.0
2024.10.11_11-57-56_Sto_car_2hexanol,3877.0,3884.0,1.0
2024.09.30_14-44-36_Yakuba_cameroon_no_odor,2676.0,2677.0,1.0
2024.09.30_14-44-36_Yakuba_cameroon_no_odor,2679.0,2681.0,1.0
2024.09.30_14-44-36_Yakuba_cameroon_no_odor,2683.0,2684.0,1.0
2024.09.30_14-44-36_Yakuba_cameroon_no_odor,2686.0,2701.0,1.0
2024.09.30_14-44-36_Yakuba_cameroon_no_odor,2703.0,2708.0,1.0
2024.09.30_14-44-36_Yakuba_cameroon_no_odor,2710.0,2717.0,1.0
2024.09.30_14-44-36_Yakuba_cameroon_no_odor,2719.0,2731.0,1.0
2024.09.30_14-44-36_Yakuba_cameroon_no_odor,2733.0,2734.0,1.0
2024.09.30_14-44-36_Yakuba_cameroon_no_odor,2736.0,2761.0,1.0
2024.09.30_14-44-36_Yakuba_cameroon_no_odor,2763.0,2766.0,1.0
2024.09.30_14-44-36_Yakuba_cameroon_no_odor,2768.0,2774.0,1.0
2024.09.30_14-44-36_Yakuba_cameroon_no_odor,2776.0,2778.0,1.0
2024.09.30_14-44-36_Yakuba_cameroon_no_odor,2780.0,2789.0,1.0
2024.09.30_14-44-36_Yakuba_cameroon_no_odor,2791.0,2822.0,1.0
2024.09.30_14-44-36_Yakuba_cameroon_no_odor,2824.0,2829.0,1.0
2024.09.30_14-44-36_Yakuba_cameroon_no_odor,2831.0,2835.0,1.0
2024.09.30_14-44-36_Yakuba_cameroon_no_odor,2838.0,2851.0,1.0
2024.09.30_14-44-36_Yakuba_cameroon_no_odor,2853.0,2862.0,1.0
2024.09.30_14-44-36_Yakuba_cameroon_no_odor,2864.0,2864.0,1.0
2024.09.30_14-44-36_Yakuba_cameroon_no_odor,2866.0,2871.0,1.0
2024.09.30_14-44-36_Yakuba_cameroon_no_odor,2874.0,2881.0,1.0
2024.09.30_14-44-36_Yakuba_cameroon_no_odor,2883.0,2889.0,1.0
2024.09.30_14-44-36_Yakuba_cameroon_no_odor,2891.0,2894.0,1.0
2024.09.30_14-44-36_Yakuba_cameroon_no_odor,2896.0,2931.0,1.0
2024.09.30_14-44-36_Yakuba_cameroon_no_odor,2933.0,3418.0,1.0
2024.09.30_14-44-36_Yakuba_cameroon_no_odor,3420.0,3446.0,1.0
2024.09.30_14-44-36_Yakuba_cameroon_no_odor,3448.0,3499.0,1.0
2024.09.30_14-44-36_Yakuba_cameroon_no_odor,3501.0,3849.0,1.0
2024.09.30_14-44-36_Yakuba_cameroon_no_odor,3851.0,3885.0,1.0
2024.09.30_14-44-36_Yakuba_cameroon_no_odor,3887.0,3887.0,1.0
2024.09.30_14-44-36_Yakuba_cameroon_no_odor,3889.0,5125.0,1.0
2024.09.30_14-44-36_Yakuba_cameroon_no_odor,5127.0,5133.0,1.0
2024.09.30_14-44-36_Yakuba_cameroon_no_odor,5135.0,5211.0,1.0
2024.09.30_14-44-36_Yakuba_cameroon_no_odor,5213.0,5213.0,1.0
2024.09.30_14-44-36_Yakuba_cameroon_no_odor,5215.0,5215.0,1.0
2024.09.30_14-44-36_Yakuba_cameroon_no_odor,5217.0,5239.0,1.0
2024.09.30_14-44-36_Yakuba_cameroon_no_odor,5241.0,5243.0,1.0
2024.10.28_08-58-33_sto_car_metben,6583.0,6583.0,1.0
2024.10.28_08-58-33_sto_car_metben,6586.0,8999.0,1.0
2024.10.10_08-48-27_Sto_car_no_odor,4483.0,4483.0,1.0
2024.10.10_08-48-27_Sto_car_no_odor,4486.0,4486.0,1.0
2024.10.10_08-48-27_Sto_car_no_odor,4488.0,4496.0,1.0
2024.10.10_08-48-27_Sto_car_no_odor,4498.0,4514.0,1.0
2024.10.10_08-48-27_Sto_car_no_odor,4517.0,4524.0,1.0
2024.10.10_08-48-27_Sto_car_no_odor,4526.0,8999.0,1.0
2024.10.18_12-59-49_Sto_car_prenac,3.0,1954.0,1.0
2024.10.10_13-53-25_Biarmipes84_1hexanol,2938.0,2960.0,1.0
2024.10.10_13-53-25_Biarmipes84_1hexanol,2962.0,3871.0,1.0
2024.10.10_13-53-25_Biarmipes84_1hexanol,3873.0,3996.0,1.0
2024.10.10_13-53-25_Biarmipes84_1hexanol,4003.0,4005.0,1.0
2024.10.10_13-53-25_Biarmipes84_1hexanol,4007.0,4302.0,1.0
2024.10.10_13-53-25_Biarmipes84_1hexanol,4304.0,4698.0,1.0
2024.10.10_13-53-25_Biarmipes84_1hexanol,4700.0,4745.0,1.0
2024.10.10_13-53-25_Biarmipes84_1hexanol,4748.0,5632.0,1.0
2024.10.10_13-53-25_Biarmipes84_1hexanol,5634.0,5685.0,1.0
2024.10.10_13-53-25_Biarmipes84_1hexanol,5689.0,7200.0,1.0
2024.10.10_13-53-25_Biarmipes84_1hexanol,7203.0,7266.0,1.0
2024.10.10_13-53-25_Biarmipes84_1hexanol,7269.0,8999.0,1.0
2025.04.08_11-25-49_Sussex_metbut,3.0,389.0,1.0
2025.04.08_11-25-49_Sussex_metbut,392.0,394.0,1.0
2025.04.08_11-25-49_Sussex_metbut,879.0,880.0,1.0
2025.04.08_11-25-49_Sussex_metbut,882.0,882.0,1.0
2025.04.08_11-25-49_Sussex_metbut,884.0,1014.0,1.0
2025.04.08_11-25-49_Sussex_metbut,1017.0,1059.0,1.0
2025.04.08_11-25-49_Sussex_metbut,1062.0,1063.0,1.0
2025.04.08_11-25-49_Sussex_metbut,1065.0,1065.0,1.0
2025.04.08_11-25-49_Sussex_metbut,5011.0,5033.0,1.0
2025.04.08_11-25-49_Sussex_metbut,5035.0,5037.0,1.0
2025.04.08_11-25-49_Sussex_metbut,5039.0,5056.0,1.0
2025.04.08_11-25-49_Sussex_metbut,5058.0,7391.0,1.0
2025.04.08_11-25-49_Sussex_metbut,7393.0,7406.0,1.0
2025.04.08_11-25-49_Sussex_metbut,7408.0,7426.0,1.0
2025.04.08_11-25-49_Sussex_metbut,7428.0,7809.0,1.0
2025.04.08_11-25-49_Sussex_metbut,7811.0,7821.0,1.0
2025.04.08_11-25-49_Sussex_metbut,7823.0,7825.0,1.0
2025.04.08_11-25-49_Sussex_metbut,7827.0,7836.0,1.0
2025.04.08_11-25-49_Sussex_metbut,7838.0,7844.0,1.0
2025.04.08_11-25-49_Sussex_metbut,7846.0,7847.0,1.0
2025.04.08_11-25-49_Sussex_metbut,7849.0,7860.0,1.0
2024.10.23_07-43-37_Biarmipes84_prenac,7988.0,7988.0,1.0
2024.10.23_07-43-37_Biarmipes84_prenac,7990.0,7991.0,1.0
2024.10.23_07-43-37_Biarmipes84_prenac,7994.0,7994.0,1.0
2024.10.23_07-43-37_Biarmipes84_prenac,7998.0,8003.0,1.0
2024.10.23_07-43-37_Biarmipes84_prenac,8005.0,8013.0,1.0
2024.10.23_07-43-37_Biarmipes84_prenac,8015.0,8015.0,1.0
2024.10.23_07-43-37_Biarmipes84_prenac,8017.0,8017.0,1.0
2024.10.23_07-43-37_Biarmipes84_prenac,8019.0,8019.0,1.0
2024.10.23_07-43-37_Biarmipes84_prenac,8022.0,8025.0,1.0
2024.10.23_07-43-37_Biarmipes84_prenac,8028.0,8028.0,1.0
2024.10.23_07-43-37_Biarmipes84_prenac,8033.0,8036.0,1.0
2024.10.23_07-43-37_Biarmipes84_prenac,8038.0,8040.0,1.0
2024.10.23_07-43-37_Biarmipes84_prenac,8043.0,8910.0,1.0
2024.10.30_09-33-52_Sussex_metben,5830.0,5848.0,1.0
2024.10.30_09-33-52_Sussex_metben,5850.0,5851.0,1.0
2024.10.30_09-33-52_Sussex_metben,5854.0,8393.0,1.0
2024.10.30_09-33-52_Sussex_metben,8395.0,8414.0,1.0
2024.10.30_09-33-52_Sussex_metben,8416.0,8416.0,1.0
2024.10.30_09-33-52_Sussex_metben,8418.0,8418.0,1.0
2024.10.30_09-33-52_Sussex_metben,8422.0,8423.0,1.0
2024.10.30_09-33-52_Sussex_metben,8425.0,8426.0,1.0
2024.10.30_09-33-52_Sussex_metben,8429.0,8438.0,1.0
2024.10.30_09-33-52_Sussex_metben,8440.0,8442.0,1.0
2024.10.30_09-33-52_Sussex_metben,8444.0,8445.0,1.0
2024.10.30_09-33-52_Sussex_metben,8447.0,8449.0,1.0
2024.10.30_09-33-52_Sussex_metben,8451.0,8460.0,1.0
2024.10.30_09-33-52_Sussex_metben,8462.0,8470.0,1.0
2024.10.30_09-33-52_Sussex_metben,8472.0,8493.0,1.0
2024.10.30_09-33-52_Sussex_metben,8495.0,8515.0,1.0
2024.10.30_09-33-52_Sussex_metben,8517.0,8547.0,1.0
2024.10.30_09-33-52_Sussex_metben,8549.0,8553.0,1.0
2024.10.30_09-33-52_Sussex_metben,8555.0,8594.0,1.0
2024.10.30_09-33-52_Sussex_metben,8596.0,8682.0,1.0
2024.10.30_09-33-52_Sussex_metben,8684.0,8685.0,1.0
2024.10.30_09-33-52_Sussex_metben,8690.0,8691.0,1.0
2024.10.30_09-33-52_Sussex_metben,8694.0,8694.0,1.0
2024.10.30_09-33-52_Sussex_metben,8696.0,8701.0,1.0
2024.10.30_09-33-52_Sussex_metben,8707.0,8709.0,1.0
2024.10.30_09-33-52_Sussex_metben,8711.0,8824.0,1.0
2024.10.30_09-33-52_Sussex_metben,8826.0,8991.0,1.0
2024.11.04_05-46-53_Stocago_e2hex,3.0,1154.0,1.0
2024.11.04_05-46-53_Stocago_e2hex,1156.0,1164.0,1.0
2024.11.04_05-46-53_Stocago_e2hex,1168.0,1169.0,1.0
2024.10.03_12-30-01_Yakuba_cameroon_2hex,2667.0,2753.0,1.0
2024.10.03_12-30-01_Yakuba_cameroon_2hex,2757.0,3218.0,1.0
2024.10.03_12-30-01_Yakuba_cameroon_2hex,3220.0,3247.0,1.0
2024.10.03_12-30-01_Yakuba_cameroon_2hex,3249.0,3369.0,1.0
2024.10.03_12-30-01_Yakuba_cameroon_2hex,3371.0,3371.0,1.0
2024.10.03_12-30-01_Yakuba_cameroon_2hex,3375.0,3469.0,1.0
2024.10.03_12-30-01_Yakuba_cameroon_2hex,3477.0,3526.0,1.0
2024.11.04_07-09-20_Biarmipes84_e2hex,3.0,2829.0,1.0
2024.11.04_07-09-20_Biarmipes84_e2hex,2831.0,2833.0,1.0
2024.11.04_07-09-20_Biarmipes84_e2hex,2835.0,2845.0,1.0
2024.11.04_07-09-20_Biarmipes84_e2hex,2847.0,2848.0,1.0
2024.11.04_07-09-20_Biarmipes84_e2hex,2850.0,3030.0,1.0
2024.11.04_07-09-20_Biarmipes84_e2hex,3032.0,3056.0,1.0
2024.11.04_07-09-20_Biarmipes84_e2hex,3058.0,3111.0,1.0
2024.11.04_07-09-20_Biarmipes84_e2hex,3113.0,3137.0,1.0
2024.11.04_07-09-20_Biarmipes84_e2hex,3140.0,3936.0,1.0
2024.11.04_07-09-20_Biarmipes84_e2hex,3938.0,4294.0,1.0
2024.11.04_07-09-20_Biarmipes84_e2hex,4296.0,4554.0,1.0
2024.11.04_07-09-20_Biarmipes84_e2hex,4556.0,4557.0,1.0
2024.11.04_07-09-20_Biarmipes84_e2hex,4559.0,4564.0,1.0
2024.11.04_07-09-20_Biarmipes84_e2hex,4566.0,4567.0,1.0
2024.11.04_07-09-20_Biarmipes84_e2hex,4569.0,4580.0,1.0
2024.11.04_07-09-20_Biarmipes84_e2hex,4582.0,4591.0,1.0
2024.11.04_07-09-20_Biarmipes84_e2hex,4593.0,4594.0,1.0
2024.11.04_07-09-20_Biarmipes84_e2hex,4596.0,4603.0,1.0
2024.11.04_07-09-20_Biarmipes84_e2hex,4605.0,4609.0,1.0
2024.11.04_07-09-20_Biarmipes84_e2hex,4611.0,4611.0,1.0
2024.11.04_07-09-20_Biarmipes84_e2hex,4616.0,4616.0,1.0
2024.11.04_07-09-20_Biarmipes84_e2hex,4618.0,4619.0,1.0
2024.11.04_07-09-20_Biarmipes84_e2hex,4624.0,4626.0,1.0
2024.11.04_07-09-20_Biarmipes84_e2hex,4629.0,4629.0,1.0
2024.11.04_07-09-20_Biarmipes84_e2hex,4632.0,4633.0,1.0
2024.11.04_07-09-20_Biarmipes84_e2hex,4635.0,4638.0,1.0
2024.11.04_07-09-20_Biarmipes84_e2hex,4640.0,4645.0,1.0
2024.11.04_07-09-20_Biarmipes84_e2hex,4648.0,4649.0,1.0
2024.11.04_07-09-20_Biarmipes84_e2hex,4651.0,4652.0,1.0
2024.11.04_07-09-20_Biarmipes84_e2hex,4654.0,4657.0,1.0
2024.11.04_07-09-20_Biarmipes84_e2hex,4660.0,4662.0,1.0
2024.11.04_07-09-20_Biarmipes84_e2hex,4664.0,4665.0,1.0
2024.11.04_07-09-20_Biarmipes84_e2hex,4667.0,4671.0,1.0
2024.11.04_07-09-20_Biarmipes84_e2hex,4673.0,4673.0,1.0
2024.11.04_07-09-20_Biarmipes84_e2hex,4675.0,4677.0,1.0
2024.11.04_07-09-20_Biarmipes84_e2hex,4679.0,4681.0,1.0
2024.11.04_07-09-20_Biarmipes84_e2hex,4683.0,4683.0,1.0
2024.11.04_07-09-20_Biarmipes84_e2hex,4685.0,4686.0,1.0
2024.11.04_07-09-20_Biarmipes84_e2hex,4688.0,4690.0,1.0
2024.11.04_07-09-20_Biarmipes84_e2hex,4692.0,4698.0,1.0
2024.11.04_07-09-20_Biarmipes84_e2hex,4701.0,4703.0,1.0
2024.11.04_07-09-20_Biarmipes84_e2hex,4705.0,4706.0,1.0
2024.11.04_07-09-20_Biarmipes84_e2hex,4708.0,4712.0,1.0
2024.11.04_07-09-20_Biarmipes84_e2hex,4714.0,4714.0,1.0
2024.11.04_07-09-20_Biarmipes84_e2hex,4717.0,4719.0,1.0
2024.11.04_07-09-20_Biarmipes84_e2hex,4721.0,4721.0,1.0
2024.11.04_07-09-20_Biarmipes84_e2hex,4723.0,4725.0,1.0
2024.11.04_07-09-20_Biarmipes84_e2hex,4727.0,4728.0,1.0
2024.11.04_07-09-20_Biarmipes84_e2hex,4731.0,4739.0,1.0
2024.11.04_07-09-20_Biarmipes84_e2hex,4741.0,4744.0,1.0
2024.11.04_07-09-20_Biarmipes84_e2hex,4746.0,4754.0,1.0
2024.11.04_07-09-20_Biarmipes84_e2hex,4756.0,4761.0,1.0
2024.11.04_07-09-20_Biarmipes84_e2hex,4763.0,4764.0,1.0
2024.11.04_07-09-20_Biarmipes84_e2hex,4767.0,4773.0,1.0
2024.11.04_07-09-20_Biarmipes84_e2hex,4775.0,4776.0,1.0
2024.11.04_07-09-20_Biarmipes84_e2hex,4778.0,4780.0,1.0
2024.11.04_07-09-20_Biarmipes84_e2hex,4784.0,4792.0,1.0
2024.11.04_07-09-20_Biarmipes84_e2hex,4794.0,4795.0,1.0
2024.11.04_07-09-20_Biarmipes84_e2hex,4797.0,4797.0,1.0
2024.11.04_07-09-20_Biarmipes84_e2hex,4799.0,4800.0,1.0
2024.11.04_07-09-20_Biarmipes84_e2hex,4802.0,4807.0,1.0
2024.11.04_07-09-20_Biarmipes84_e2hex,4809.0,4813.0,1.0
2024.11.04_07-09-20_Biarmipes84_e2hex,4816.0,4816.0,1.0
2024.11.04_07-09-20_Biarmipes84_e2hex,4818.0,4819.0,1.0
2024.11.04_07-09-20_Biarmipes84_e2hex,4821.0,4825.0,1.0
2024.11.04_07-09-20_Biarmipes84_e2hex,4828.0,4832.0,1.0
2024.11.04_07-09-20_Biarmipes84_e2hex,4834.0,4834.0,1.0
2024.11.04_07-09-20_Biarmipes84_e2hex,4836.0,4838.0,1.0
2024.11.04_07-09-20_Biarmipes84_e2hex,4841.0,4842.0,1.0
2024.11.04_07-09-20_Biarmipes84_e2hex,4844.0,4844.0,1.0
2024.11.04_07-09-20_Biarmipes84_e2hex,4846.0,4848.0,1.0
2024.11.04_07-09-20_Biarmipes84_e2hex,4850.0,4863.0,1.0
2024.11.04_07-09-20_Biarmipes84_e2hex,4865.0,4876.0,1.0
2024.11.04_07-09-20_Biarmipes84_e2hex,4879.0,4880.0,1.0
2024.11.04_07-09-20_Biarmipes84_e2hex,4882.0,4888.0,1.0
2024.11.04_07-09-20_Biarmipes84_e2hex,4891.0,4894.0,1.0
2024.11.04_07-09-20_Biarmipes84_e2hex,4896.0,4896.0,1.0
2024.11.04_07-09-20_Biarmipes84_e2hex,4898.0,4903.0,1.0
2024.11.04_07-09-20_Biarmipes84_e2hex,4905.0,4908.0,1.0
2024.11.04_07-09-20_Biarmipes84_e2hex,4913.0,4915.0,1.0
2024.11.04_07-09-20_Biarmipes84_e2hex,4917.0,4918.0,1.0
2024.11.04_07-09-20_Biarmipes84_e2hex,4923.0,4924.0,1.0
2024.11.04_07-09-20_Biarmipes84_e2hex,4926.0,4928.0,1.0
2024.11.04_07-09-20_Biarmipes84_e2hex,4930.0,4931.0,1.0
2024.11.04_07-09-20_Biarmipes84_e2hex,4937.0,4939.0,1.0
2024.11.04_07-09-20_Biarmipes84_e2hex,4942.0,4942.0,1.0
2024.11.04_07-09-20_Biarmipes84_e2hex,4946.0,4948.0,1.0
2024.11.04_07-09-20_Biarmipes84_e2hex,4950.0,4952.0,1.0
2024.11.04_07-09-20_Biarmipes84_e2hex,4955.0,4956.0,1.0
2024.11.04_07-09-20_Biarmipes84_e2hex,4962.0,4963.0,1.0
2024.11.04_07-09-20_Biarmipes84_e2hex,4966.0,4966.0,1.0
2024.11.04_07-09-20_Biarmipes84_e2hex,4968.0,4968.0,1.0
2024.11.04_07-09-20_Biarmipes84_e2hex,4971.0,4971.0,1.0
2024.11.04_07-09-20_Biarmipes84_e2hex,4973.0,4975.0,1.0
2024.11.04_07-09-20_Biarmipes84_e2hex,4977.0,4978.0,1.0
2024.11.04_07-09-20_Biarmipes84_e2hex,4981.0,4984.0,1.0
2024.11.04_07-09-20_Biarmipes84_e2hex,4986.0,4992.0,1.0
2024.11.04_07-09-20_Biarmipes84_e2hex,4996.0,4996.0,1.0
2024.11.04_07-09-20_Biarmipes84_e2hex,4998.0,4998.0,1.0
2024.11.04_07-09-20_Biarmipes84_e2hex,5000.0,5001.0,1.0
2024.11.04_07-09-20_Biarmipes84_e2hex,5003.0,5008.0,1.0
2024.11.04_07-09-20_Biarmipes84_e2hex,5011.0,5013.0,1.0
2024.11.04_07-09-20_Biarmipes84_e2hex,5015.0,5017.0,1.0
2024.11.04_07-09-20_Biarmipes84_e2hex,5019.0,5020.0,1.0
2024.11.04_07-09-20_Biarmipes84_e2hex,5023.0,5023.0,1.0
2024.11.04_07-09-20_Biarmipes84_e2hex,5025.0,5027.0,1.0
2024.11.04_07-09-20_Biarmipes84_e2hex,5029.0,5036.0,1.0
2024.11.04_07-09-20_Biarmipes84_e2hex,5040.0,5041.0,1.0
2024.11.04_07-09-20_Biarmipes84_e2hex,5043.0,5043.0,1.0
2024.11.04_07-09-20_Biarmipes84_e2hex,5047.0,5048.0,1.0
2024.11.04_07-09-20_Biarmipes84_e2hex,5051.0,5051.0,1.0
2024.11.04_07-09-20_Biarmipes84_e2hex,5054.0,5054.0,1.0
2024.11.04_07-09-20_Biarmipes84_e2hex,5059.0,5060.0,1.0
2024.11.04_07-09-20_Biarmipes84_e2hex,5062.0,5063.0,1.0
2024.11.04_07-09-20_Biarmipes84_e2hex,5065.0,5067.0,1.0
2024.11.04_07-09-20_Biarmipes84_e2hex,5069.0,5072.0,1.0
2024.11.04_07-09-20_Biarmipes84_e2hex,5076.0,5081.0,1.0
2024.11.04_07-09-20_Biarmipes84_e2hex,5086.0,5086.0,1.0
2024.11.04_07-09-20_Biarmipes84_e2hex,5088.0,5089.0,1.0
2024.11.04_07-09-20_Biarmipes84_e2hex,5092.0,5093.0,1.0
2024.11.04_07-09-20_Biarmipes84_e2hex,5100.0,5100.0,1.0
2024.11.04_07-09-20_Biarmipes84_e2hex,5104.0,5104.0,1.0
2024.11.04_07-09-20_Biarmipes84_e2hex,5108.0,5110.0,1.0
2024.11.04_07-09-20_Biarmipes84_e2hex,5112.0,5117.0,1.0
2024.11.04_07-09-20_Biarmipes84_e2hex,5120.0,5121.0,1.0
2024.11.04_07-09-20_Biarmipes84_e2hex,5124.0,5124.0,1.0
2024.11.04_07-09-20_Biarmipes84_e2hex,5129.0,5131.0,1.0
2024.11.04_07-09-20_Biarmipes84_e2hex,5135.0,5135.0,1.0
2024.11.04_07-09-20_Biarmipes84_e2hex,5140.0,5140.0,1.0
2024.11.04_07-09-20_Biarmipes84_e2hex,5142.0,5142.0,1.0
2024.11.04_07-09-20_Biarmipes84_e2hex,5145.0,5145.0,1.0
2024.11.04_07-09-20_Biarmipes84_e2hex,5147.0,5147.0,1.0
2024.10.23_12-16-59_Yakuba_Cameroon_prenac,5886.0,6297.0,1.0
2024.10.23_12-16-59_Yakuba_Cameroon_prenac,6299.0,6308.0,1.0
2024.10.23_12-16-59_Yakuba_Cameroon_prenac,6310.0,6313.0,1.0
2024.10.23_12-16-59_Yakuba_Cameroon_prenac,6315.0,6344.0,1.0
2024.10.23_12-16-59_Yakuba_Cameroon_prenac,6346.0,6346.0,1.0
2024.10.23_12-16-59_Yakuba_Cameroon_prenac,6348.0,6359.0,1.0
2024.10.23_12-16-59_Yakuba_Cameroon_prenac,6362.0,6363.0,1.0
2024.10.23_12-16-59_Yakuba_Cameroon_prenac,6365.0,6366.0,1.0
2024.10.23_12-16-59_Yakuba_Cameroon_prenac,6368.0,6368.0,1.0
2024.10.23_12-16-59_Yakuba_Cameroon_prenac,6370.0,6370.0,1.0
2024.10.23_12-16-59_Yakuba_Cameroon_prenac,6372.0,6375.0,1.0
2024.10.23_12-16-59_Yakuba_Cameroon_prenac,6377.0,6380.0,1.0
2024.10.23_12-16-59_Yakuba_Cameroon_prenac,6383.0,6385.0,1.0
2024.10.23_12-16-59_Yakuba_Cameroon_prenac,6388.0,6390.0,1.0
2024.10.23_12-16-59_Yakuba_Cameroon_prenac,6392.0,6394.0,1.0
2024.10.23_12-16-59_Yakuba_Cameroon_prenac,6396.0,6406.0,1.0
2024.10.23_12-16-59_Yakuba_Cameroon_prenac,6408.0,6409.0,1.0
2024.10.23_12-16-59_Yakuba_Cameroon_prenac,6411.0,6415.0,1.0
2024.10.23_12-16-59_Yakuba_Cameroon_prenac,6418.0,6424.0,1.0
2024.10.23_12-16-59_Yakuba_Cameroon_prenac,6426.0,6428.0,1.0
2024.10.23_12-16-59_Yakuba_Cameroon_prenac,6430.0,6434.0,1.0
2024.10.23_12-16-59_Yakuba_Cameroon_prenac,6436.0,6442.0,1.0
2024.10.23_12-16-59_Yakuba_Cameroon_prenac,6444.0,6484.0,1.0
2024.10.23_12-16-59_Yakuba_Cameroon_prenac,6486.0,6489.0,1.0
2024.10.23_12-16-59_Yakuba_Cameroon_prenac,6491.0,6496.0,1.0
2024.10.23_12-16-59_Yakuba_Cameroon_prenac,6498.0,6498.0,1.0
2024.10.23_12-16-59_Yakuba_Cameroon_prenac,6501.0,6504.0,1.0
2024.10.23_12-16-59_Yakuba_Cameroon_prenac,6506.0,6510.0,1.0
2024.10.23_12-16-59_Yakuba_Cameroon_prenac,6513.0,6518.0,1.0
2024.10.23_12-16-59_Yakuba_Cameroon_prenac,6520.0,6522.0,1.0
2024.10.23_12-16-59_Yakuba_Cameroon_prenac,6524.0,6525.0,1.0
2024.10.23_12-16-59_Yakuba_Cameroon_prenac,6527.0,6534.0,1.0
2024.10.23_12-16-59_Yakuba_Cameroon_prenac,6536.0,6538.0,1.0
2024.10.23_12-16-59_Yakuba_Cameroon_prenac,6540.0,6547.0,1.0
2024.10.23_12-16-59_Yakuba_Cameroon_prenac,6549.0,6554.0,1.0
2024.10.23_12-16-59_Yakuba_Cameroon_prenac,6556.0,6558.0,1.0
2024.10.23_12-16-59_Yakuba_Cameroon_prenac,6560.0,6562.0,1.0
2024.10.23_12-16-59_Yakuba_Cameroon_prenac,6564.0,6566.0,1.0
2024.10.23_12-16-59_Yakuba_Cameroon_prenac,6568.0,6569.0,1.0
2024.10.23_12-16-59_Yakuba_Cameroon_prenac,6571.0,8966.0,1.0
2024.10.11_12-42-50_Yakuba_Cameroon_2hexanol,3.0,1234.0,1.0
2024.10.11_12-42-50_Yakuba_Cameroon_2hexanol,1236.0,1323.0,1.0
2024.10.11_12-42-50_Yakuba_Cameroon_2hexanol,1325.0,1333.0,1.0
2024.10.11_12-42-50_Yakuba_Cameroon_2hexanol,1335.0,1335.0,1.0
2024.10.11_12-42-50_Yakuba_Cameroon_2hexanol,1339.0,1356.0,1.0
2024.10.11_12-42-50_Yakuba_Cameroon_2hexanol,1359.0,1366.0,1.0
2024.10.11_12-42-50_Yakuba_Cameroon_2hexanol,1368.0,1379.0,1.0
2024.10.11_12-42-50_Yakuba_Cameroon_2hexanol,1382.0,1382.0,1.0
2024.10.11_12-42-50_Yakuba_Cameroon_2hexanol,1384.0,1390.0,1.0
2024.11.14_01-36-12_Biarmipes_G224_e2hex,2462.0,2483.0,1.0
2024.11.14_01-36-12_Biarmipes_G224_e2hex,2485.0,2568.0,1.0
2024.11.14_01-36-12_Biarmipes_G224_e2hex,2570.0,2624.0,1.0
2024.11.14_01-36-12_Biarmipes_G224_e2hex,2644.0,2704.0,1.0
2024.11.14_01-36-12_Biarmipes_G224_e2hex,2711.0,2714.0,1.0
2024.11.14_01-36-12_Biarmipes_G224_e2hex,2716.0,2719.0,1.0
2024.11.14_01-36-12_Biarmipes_G224_e2hex,2722.0,2722.0,1.0
2024.11.14_01-36-12_Biarmipes_G224_e2hex,2724.0,3241.0,1.0
2024.11.14_01-36-12_Biarmipes_G224_e2hex,3243.0,3246.0,1.0
2024.11.14_01-36-12_Biarmipes_G224_e2hex,3248.0,3254.0,1.0
2024.11.14_01-36-12_Biarmipes_G224_e2hex,3256.0,3263.0,1.0
2024.11.14_01-36-12_Biarmipes_G224_e2hex,3265.0,3287.0,1.0
2024.11.14_01-36-12_Biarmipes_G224_e2hex,3289.0,3301.0,1.0
2024.11.14_01-36-12_Biarmipes_G224_e2hex,3304.0,3325.0,1.0
2024.11.14_01-36-12_Biarmipes_G224_e2hex,3327.0,3364.0,1.0
2024.11.14_01-36-12_Biarmipes_G224_e2hex,3369.0,3416.0,1.0
2024.11.14_01-36-12_Biarmipes_G224_e2hex,3418.0,3470.0,1.0
2024.11.14_01-36-12_Biarmipes_G224_e2hex,3477.0,3530.0,1.0
2024.11.14_01-36-12_Biarmipes_G224_e2hex,3532.0,3532.0,1.0
2024.11.14_01-36-12_Biarmipes_G224_e2hex,3534.0,3537.0,1.0
2024.11.14_01-36-12_Biarmipes_G224_e2hex,3539.0,3560.0,1.0
2024.11.14_01-36-12_Biarmipes_G224_e2hex,3562.0,3572.0,1.0
2024.11.14_01-36-12_Biarmipes_G224_e2hex,3575.0,3582.0,1.0
2024.11.14_01-36-12_Biarmipes_G224_e2hex,8109.0,8163.0,1.0
2024.11.14_01-36-12_Biarmipes_G224_e2hex,8166.0,8502.0,1.0
2024.11.14_01-36-12_Biarmipes_G224_e2hex,8511.0,8999.0,1.0
2024.10.14_13-20-19_Biarmipes84_1hexanol,3.0,577.0,1.0
2024.10.14_13-20-19_Biarmipes84_1hexanol,580.0,593.0,1.0
2024.10.14_13-20-19_Biarmipes84_1hexanol,595.0,621.0,1.0
2024.10.14_13-20-19_Biarmipes84_1hexanol,623.0,650.0,1.0
2024.10.14_13-20-19_Biarmipes84_1hexanol,652.0,1175.0,1.0
2024.10.14_13-20-19_Biarmipes84_1hexanol,1179.0,1302.0,1.0
2024.10.14_13-20-19_Biarmipes84_1hexanol,1305.0,1650.0,1.0
2024.10.14_13-20-19_Biarmipes84_1hexanol,4919.0,7039.0,1.0
2024.10.14_13-20-19_Biarmipes84_1hexanol,7041.0,7256.0,1.0
2024.10.14_13-20-19_Biarmipes84_1hexanol,7258.0,7312.0,1.0
2024.10.14_13-20-19_Biarmipes84_1hexanol,7314.0,7374.0,1.0
2024.10.14_13-20-19_Biarmipes84_1hexanol,7377.0,7453.0,1.0
2024.10.14_13-20-19_Biarmipes84_1hexanol,7458.0,7489.0,1.0
2024.10.14_09-10-11_Riverside_prenac,2032.0,2256.0,1.0
2024.10.14_09-10-11_Riverside_prenac,2266.0,2268.0,1.0
2024.10.14_09-10-11_Riverside_prenac,2272.0,2272.0,1.0
2024.10.14_09-10-11_Riverside_prenac,2292.0,2292.0,1.0
2024.10.14_09-10-11_Riverside_prenac,2298.0,2299.0,1.0
2024.10.14_09-10-11_Riverside_prenac,2301.0,3540.0,1.0
2024.10.14_09-10-11_Riverside_prenac,3554.0,3684.0,1.0
2024.10.14_09-10-11_Riverside_prenac,3686.0,3686.0,1.0
2024.10.14_09-10-11_Riverside_prenac,3718.0,3740.0,1.0
2024.10.14_09-10-11_Riverside_prenac,3742.0,3847.0,1.0
2024.10.14_09-10-11_Riverside_prenac,3849.0,3858.0,1.0
2024.10.14_09-10-11_Riverside_prenac,3880.0,4095.0,1.0
2024.10.14_09-10-11_Riverside_prenac,4101.0,4310.0,1.0
2024.10.14_09-10-11_Riverside_prenac,4312.0,4316.0,1.0
2024.10.14_09-10-11_Riverside_prenac,4318.0,4318.0,1.0
2024.10.14_09-10-11_Riverside_prenac,4322.0,4322.0,1.0
2024.10.14_09-10-11_Riverside_prenac,4336.0,4336.0,1.0
2024.10.14_09-10-11_Riverside_prenac,4340.0,5049.0,1.0
2024.10.14_09-10-11_Riverside_prenac,5052.0,5052.0,1.0
2024.10.02_10-32-31_Biarmipes_G224_no_odor,834.0,834.0,1.0
2024.10.02_10-32-31_Biarmipes_G224_no_odor,843.0,843.0,1.0
2024.10.02_10-32-31_Biarmipes_G224_no_odor,845.0,847.0,1.0
2024.10.02_10-32-31_Biarmipes_G224_no_odor,849.0,1016.0,1.0
2024.10.02_10-32-31_Biarmipes_G224_no_odor,1033.0,1177.0,1.0
2024.10.02_10-32-31_Biarmipes_G224_no_odor,1180.0,1180.0,1.0
2024.10.02_10-32-31_Biarmipes_G224_no_odor,1200.0,1214.0,1.0
2024.10.02_10-32-31_Biarmipes_G224_no_odor,1216.0,1216.0,1.0
2024.10.02_10-32-31_Biarmipes_G224_no_odor,1218.0,1363.0,1.0
2024.10.02_10-32-31_Biarmipes_G224_no_odor,1367.0,1368.0,1.0
2024.10.02_10-32-31_Biarmipes_G224_no_odor,2892.0,5119.0,1.0
2024.10.02_10-32-31_Biarmipes_G224_no_odor,5121.0,5122.0,1.0
2024.10.02_10-32-31_Biarmipes_G224_no_odor,5124.0,5124.0,1.0
2024.10.02_10-32-31_Biarmipes_G224_no_odor,5128.0,5128.0,1.0
2024.10.02_10-32-31_Biarmipes_G224_no_odor,5130.0,5130.0,1.0
2024.10.02_10-32-31_Biarmipes_G224_no_odor,5133.0,5133.0,1.0
2024.10.02_10-32-31_Biarmipes_G224_no_odor,5138.0,5138.0,1.0
2024.10.02_10-32-31_Biarmipes_G224_no_odor,5148.0,5149.0,1.0
2024.10.02_10-32-31_Biarmipes_G224_no_odor,5151.0,5151.0,1.0
2024.10.02_10-32-31_Biarmipes_G224_no_odor,5153.0,5161.0,1.0
2024.10.02_10-32-31_Biarmipes_G224_no_odor,5164.0,5328.0,1.0
2024.10.02_10-32-31_Biarmipes_G224_no_odor,5330.0,5332.0,1.0
2024.10.02_10-32-31_Biarmipes_G224_no_odor,5334.0,5340.0,1.0
2024.10.02_10-32-31_Biarmipes_G224_no_odor,5342.0,5347.0,1.0
2024.10.02_10-32-31_Biarmipes_G224_no_odor,5349.0,5547.0,1.0
2024.10.02_10-32-31_Biarmipes_G224_no_odor,5559.0,6761.0,1.0
2024.10.02_10-32-31_Biarmipes_G224_no_odor,6763.0,8695.0,1.0
2024.10.02_10-32-31_Biarmipes_G224_no_odor,8697.0,8697.0,1.0
2024.10.02_10-32-31_Biarmipes_G224_no_odor,8701.0,8701.0,1.0
2024.10.02_10-32-31_Biarmipes_G224_no_odor,8703.0,8706.0,1.0
2024.10.02_10-32-31_Biarmipes_G224_no_odor,8708.0,8708.0,1.0
2024.10.02_10-32-31_Biarmipes_G224_no_odor,8710.0,8710.0,1.0
2024.10.02_10-32-31_Biarmipes_G224_no_odor,8719.0,8722.0,1.0
2024.10.02_10-32-31_Biarmipes_G224_no_odor,8725.0,8725.0,1.0
2024.10.02_10-32-31_Biarmipes_G224_no_odor,8730.0,8730.0,1.0
2024.10.02_10-32-31_Biarmipes_G224_no_odor,8734.0,8735.0,1.0
2024.10.02_10-32-31_Biarmipes_G224_no_odor,8740.0,8741.0,1.0
2024.10.02_10-32-31_Biarmipes_G224_no_odor,8746.0,8746.0,1.0
2024.10.02_10-32-31_Biarmipes_G224_no_odor,8750.0,8790.0,1.0
2024.10.02_10-32-31_Biarmipes_G224_no_odor,8794.0,8797.0,1.0
2024.10.02_10-32-31_Biarmipes_G224_no_odor,8800.0,8801.0,1.0
2024.10.02_10-32-31_Biarmipes_G224_no_odor,8805.0,8805.0,1.0
2024.10.02_10-32-31_Biarmipes_G224_no_odor,8808.0,8808.0,1.0
2024.10.02_10-32-31_Biarmipes_G224_no_odor,8811.0,8815.0,1.0
2024.10.02_10-32-31_Biarmipes_G224_no_odor,8818.0,8818.0,1.0
2024.10.02_10-32-31_Biarmipes_G224_no_odor,8821.0,8822.0,1.0
2024.10.02_10-32-31_Biarmipes_G224_no_odor,8824.0,8826.0,1.0
2024.10.02_10-32-31_Biarmipes_G224_no_odor,8828.0,8829.0,1.0
2024.10.02_10-32-31_Biarmipes_G224_no_odor,8831.0,8831.0,1.0
2024.10.02_10-32-31_Biarmipes_G224_no_odor,8834.0,8835.0,1.0
2024.10.02_10-32-31_Biarmipes_G224_no_odor,8840.0,8842.0,1.0
2024.10.02_10-32-31_Biarmipes_G224_no_odor,8882.0,8882.0,1.0
2024.10.02_10-32-31_Biarmipes_G224_no_odor,8887.0,8887.0,1.0
2024.10.02_10-32-31_Biarmipes_G224_no_odor,8889.0,8889.0,1.0
2024.10.02_10-32-31_Biarmipes_G224_no_odor,8900.0,8900.0,1.0
2024.10.02_10-32-31_Biarmipes_G224_no_odor,8908.0,8908.0,1.0
2024.10.28_07-38-34_stocago_metben,3.0,886.0,1.0
2024.10.28_07-38-34_stocago_metben,888.0,903.0,1.0
2024.10.28_07-38-34_stocago_metben,905.0,943.0,1.0
2024.10.28_07-38-34_stocago_metben,946.0,1010.0,1.0
2024.10.28_07-38-34_stocago_metben,1012.0,1065.0,1.0
2024.10.28_07-38-34_stocago_metben,1067.0,1068.0,1.0
2024.10.28_07-38-34_stocago_metben,1073.0,1129.0,1.0
2024.10.28_07-38-34_stocago_metben,1145.0,1145.0,1.0
2024.10.28_07-38-34_stocago_metben,1148.0,2311.0,1.0
2024.10.28_07-38-34_stocago_metben,2315.0,2316.0,1.0
2024.10.28_07-38-34_stocago_metben,2318.0,2355.0,1.0
2024.10.28_07-38-34_stocago_metben,2358.0,2454.0,1.0
2024.10.28_07-38-34_stocago_metben,2456.0,2522.0,1.0
2024.10.28_07-38-34_stocago_metben,2534.0,2683.0,1.0
2024.10.28_07-38-34_stocago_metben,2687.0,2687.0,1.0
2024.10.28_07-38-34_stocago_metben,2689.0,5629.0,1.0
2024.10.28_07-38-34_stocago_metben,5631.0,5678.0,1.0
2024.10.28_07-38-34_stocago_metben,5717.0,5764.0,1.0
2024.10.28_07-38-34_stocago_metben,5767.0,5771.0,1.0
2024.10.28_07-38-34_stocago_metben,5776.0,5800.0,1.0
2024.10.14_14-07-18_Biarmipes84_1hexanol,7065.0,7081.0,1.0
2024.10.14_14-07-18_Biarmipes84_1hexanol,7083.0,7136.0,1.0
2024.10.14_14-07-18_Biarmipes84_1hexanol,7138.0,7179.0,1.0
2024.10.14_14-07-18_Biarmipes84_1hexanol,7181.0,7187.0,1.0
2024.10.14_14-07-18_Biarmipes84_1hexanol,7191.0,7194.0,1.0
2024.10.14_14-07-18_Biarmipes84_1hexanol,7196.0,7199.0,1.0
2024.10.14_14-07-18_Biarmipes84_1hexanol,7201.0,7203.0,1.0
2024.10.14_14-07-18_Biarmipes84_1hexanol,7205.0,7220.0,1.0
2024.10.14_14-07-18_Biarmipes84_1hexanol,7222.0,7223.0,1.0
2024.10.14_14-07-18_Biarmipes84_1hexanol,7225.0,7890.0,1.0
2024.10.14_14-07-18_Biarmipes84_1hexanol,7892.0,7906.0,1.0
2024.10.14_14-07-18_Biarmipes84_1hexanol,7908.0,7912.0,1.0
2024.10.14_14-07-18_Biarmipes84_1hexanol,7914.0,7929.0,1.0
2024.10.14_14-07-18_Biarmipes84_1hexanol,7931.0,7944.0,1.0
2024.10.14_14-07-18_Biarmipes84_1hexanol,7946.0,8130.0,1.0
2024.10.14_14-07-18_Biarmipes84_1hexanol,8132.0,8143.0,1.0
2024.10.14_14-07-18_Biarmipes84_1hexanol,8145.0,8145.0,1.0
2024.10.14_14-07-18_Biarmipes84_1hexanol,8147.0,8160.0,1.0
2024.10.14_14-07-18_Biarmipes84_1hexanol,8162.0,8162.0,1.0
2024.10.14_14-07-18_Biarmipes84_1hexanol,8164.0,8164.0,1.0
2024.10.14_14-07-18_Biarmipes84_1hexanol,8169.0,8169.0,1.0
2024.10.14_14-07-18_Biarmipes84_1hexanol,8171.0,8172.0,1.0
2024.10.14_14-07-18_Biarmipes84_1hexanol,8174.0,8174.0,1.0
2024.10.14_14-07-18_Biarmipes84_1hexanol,8180.0,8181.0,1.0
2024.10.14_14-07-18_Biarmipes84_1hexanol,8186.0,8187.0,1.0
2024.10.14_14-07-18_Biarmipes84_1hexanol,8192.0,8192.0,1.0
2024.10.14_14-07-18_Biarmipes84_1hexanol,8194.0,8195.0,1.0
2024.10.14_14-07-18_Biarmipes84_1hexanol,8199.0,8200.0,1.0
2024.10.11_15-30-33_Stocago_2hexanol,8360.0,8369.0,1.0
2024.10.11_15-30-33_Stocago_2hexanol,8384.0,8410.0,1.0
2024.10.11_15-30-33_Stocago_2hexanol,8419.0,8420.0,1.0
2024.10.11_15-30-33_Stocago_2hexanol,8474.0,8525.0,1.0
2024.10.11_15-30-33_Stocago_2hexanol,8535.0,8551.0,1.0
2024.10.11_15-30-33_Stocago_2hexanol,8553.0,8553.0,1.0
2024.10.11_15-30-33_Stocago_2hexanol,8555.0,8555.0,1.0
2024.10.11_15-30-33_Stocago_2hexanol,8557.0,8559.0,1.0
2024.10.11_15-30-33_Stocago_2hexanol,8562.0,8584.0,1.0
2024.10.11_15-30-33_Stocago_2hexanol,8589.0,8608.0,1.0
2024.10.11_15-30-33_Stocago_2hexanol,8610.0,8610.0,1.0
2024.10.11_15-30-33_Stocago_2hexanol,8621.0,8625.0,1.0
2024.10.11_15-30-33_Stocago_2hexanol,8628.0,8635.0,1.0
2024.10.11_15-30-33_Stocago_2hexanol,8647.0,8663.0,1.0
2024.10.11_15-30-33_Stocago_2hexanol,8668.0,8999.0,1.0
2024.09.30_10-40-26_Stocago_no_odor,5771.0,5797.0,1.0
2024.09.30_10-40-26_Stocago_no_odor,5799.0,7106.0,1.0
2024.09.30_10-40-26_Stocago_no_odor,7108.0,8999.0,1.0
2024.11.13_02-31-36_Sechellia28_e2hex,3.0,1102.0,1.0
2024.11.13_02-31-36_Sechellia28_e2hex,1104.0,1193.0,1.0
2024.11.13_02-31-36_Sechellia28_e2hex,1195.0,1196.0,1.0
2024.11.13_02-31-36_Sechellia28_e2hex,1198.0,1199.0,1.0
2024.11.13_02-31-36_Sechellia28_e2hex,1201.0,1201.0,1.0
2024.11.13_02-31-36_Sechellia28_e2hex,1204.0,1209.0,1.0
2024.11.13_02-31-36_Sechellia28_e2hex,1211.0,1220.0,1.0
2024.11.13_02-31-36_Sechellia28_e2hex,1222.0,1226.0,1.0
2024.11.13_02-31-36_Sechellia28_e2hex,1228.0,1232.0,1.0
2024.11.13_02-31-36_Sechellia28_e2hex,1235.0,1235.0,1.0
2024.11.13_02-31-36_Sechellia28_e2hex,1245.0,1245.0,1.0
2024.11.13_02-31-36_Sechellia28_e2hex,1274.0,1275.0,1.0
2024.11.13_02-31-36_Sechellia28_e2hex,1279.0,1280.0,1.0
2024.11.13_02-31-36_Sechellia28_e2hex,1283.0,1285.0,1.0
2024.11.13_02-31-36_Sechellia28_e2hex,1290.0,1290.0,1.0
2024.11.13_02-31-36_Sechellia28_e2hex,1292.0,1293.0,1.0
2024.11.13_02-31-36_Sechellia28_e2hex,1295.0,1295.0,1.0
2024.11.13_02-31-36_Sechellia28_e2hex,1328.0,1333.0,1.0
2024.11.13_02-31-36_Sechellia28_e2hex,1335.0,1337.0,1.0
2024.11.13_02-31-36_Sechellia28_e2hex,1339.0,1356.0,1.0
2024.11.13_02-31-36_Sechellia28_e2hex,1358.0,1358.0,1.0
2024.11.13_02-31-36_Sechellia28_e2hex,1360.0,1361.0,1.0
2024.11.13_02-31-36_Sechellia28_e2hex,1363.0,1364.0,1.0
2024.11.13_02-31-36_Sechellia28_e2hex,1393.0,1395.0,1.0
2024.11.13_02-31-36_Sechellia28_e2hex,1401.0,1408.0,1.0
2024.11.13_02-31-36_Sechellia28_e2hex,1410.0,1410.0,1.0
2024.11.13_02-31-36_Sechellia28_e2hex,1416.0,1416.0,1.0
2024.11.13_02-31-36_Sechellia28_e2hex,1419.0,1420.0,1.0
2024.11.13_02-31-36_Sechellia28_e2hex,1422.0,1423.0,1.0
2024.11.13_02-31-36_Sechellia28_e2hex,1425.0,1426.0,1.0
2024.11.13_02-31-36_Sechellia28_e2hex,1429.0,1429.0,1.0
2024.11.13_02-31-36_Sechellia28_e2hex,1431.0,1431.0,1.0
2024.11.13_02-31-36_Sechellia28_e2hex,1433.0,1433.0,1.0
2024.11.13_02-31-36_Sechellia28_e2hex,1435.0,1467.0,1.0
2024.11.13_02-31-36_Sechellia28_e2hex,1469.0,1478.0,1.0
2024.11.13_02-31-36_Sechellia28_e2hex,1505.0,1506.0,1.0
2024.11.13_02-31-36_Sechellia28_e2hex,1508.0,1509.0,1.0
2024.11.13_02-31-36_Sechellia28_e2hex,1512.0,1512.0,1.0
2024.11.13_02-31-36_Sechellia28_e2hex,1517.0,1524.0,1.0
2024.11.13_02-31-36_Sechellia28_e2hex,1526.0,1526.0,1.0
2024.11.13_02-31-36_Sechellia28_e2hex,1528.0,1530.0,1.0
2024.11.13_02-31-36_Sechellia28_e2hex,1532.0,1532.0,1.0
2024.11.13_02-31-36_Sechellia28_e2hex,1534.0,1539.0,1.0
2024.11.13_02-31-36_Sechellia28_e2hex,1541.0,1543.0,1.0
2024.11.13_02-31-36_Sechellia28_e2hex,1545.0,1546.0,1.0
2024.11.13_02-31-36_Sechellia28_e2hex,1552.0,1553.0,1.0
2024.11.13_02-31-36_Sechellia28_e2hex,1555.0,1572.0,1.0
2024.11.13_02-31-36_Sechellia28_e2hex,1576.0,1576.0,1.0
2024.11.13_02-31-36_Sechellia28_e2hex,1578.0,1578.0,1.0
2024.11.13_02-31-36_Sechellia28_e2hex,1588.0,1589.0,1.0
2024.11.13_02-31-36_Sechellia28_e2hex,1591.0,1592.0,1.0
2024.11.13_02-31-36_Sechellia28_e2hex,1595.0,1595.0,1.0
2024.11.13_02-31-36_Sechellia28_e2hex,1598.0,1599.0,1.0
2024.11.13_02-31-36_Sechellia28_e2hex,1604.0,1612.0,1.0
2024.11.13_02-31-36_Sechellia28_e2hex,1615.0,1615.0,1.0
2024.11.13_02-31-36_Sechellia28_e2hex,1617.0,2253.0,1.0
2024.11.13_02-31-36_Sechellia28_e2hex,2255.0,2264.0,1.0
2024.11.13_02-31-36_Sechellia28_e2hex,2266.0,2268.0,1.0
2024.11.13_02-31-36_Sechellia28_e2hex,2270.0,2277.0,1.0
2024.11.13_02-31-36_Sechellia28_e2hex,2279.0,2283.0,1.0
2024.11.13_02-31-36_Sechellia28_e2hex,2285.0,2289.0,1.0
2024.11.13_02-31-36_Sechellia28_e2hex,2294.0,2296.0,1.0
2024.11.13_02-31-36_Sechellia28_e2hex,2298.0,2307.0,1.0
2024.11.13_02-31-36_Sechellia28_e2hex,2309.0,2320.0,1.0
2024.11.13_02-31-36_Sechellia28_e2hex,2322.0,2326.0,1.0
2024.11.13_02-31-36_Sechellia28_e2hex,2328.0,2347.0,1.0
2024.11.13_02-31-36_Sechellia28_e2hex,2349.0,2349.0,1.0
2024.11.13_02-31-36_Sechellia28_e2hex,2351.0,2352.0,1.0
2024.11.13_02-31-36_Sechellia28_e2hex,2356.0,2361.0,1.0
2024.11.13_02-31-36_Sechellia28_e2hex,2363.0,2363.0,1.0
2024.11.13_02-31-36_Sechellia28_e2hex,2365.0,2368.0,1.0
2024.11.13_02-31-36_Sechellia28_e2hex,2370.0,2385.0,1.0
2024.11.13_02-31-36_Sechellia28_e2hex,2387.0,2389.0,1.0
2024.11.13_02-31-36_Sechellia28_e2hex,2391.0,2394.0,1.0
2024.11.13_02-31-36_Sechellia28_e2hex,2396.0,2398.0,1.0
2024.11.13_02-31-36_Sechellia28_e2hex,2400.0,2405.0,1.0
2024.11.13_02-31-36_Sechellia28_e2hex,2407.0,2408.0,1.0
2024.11.13_02-31-36_Sechellia28_e2hex,2410.0,2432.0,1.0
2024.11.13_02-31-36_Sechellia28_e2hex,2434.0,2439.0,1.0
2024.11.13_02-31-36_Sechellia28_e2hex,2441.0,2443.0,1.0
2024.11.13_02-31-36_Sechellia28_e2hex,2445.0,2455.0,1.0
2024.11.13_02-31-36_Sechellia28_e2hex,2457.0,2461.0,1.0
2024.11.13_02-31-36_Sechellia28_e2hex,2463.0,2465.0,1.0
2024.11.13_02-31-36_Sechellia28_e2hex,2467.0,2471.0,1.0
2024.11.13_02-31-36_Sechellia28_e2hex,2473.0,2475.0,1.0
2024.11.13_02-31-36_Sechellia28_e2hex,2477.0,2480.0,1.0
2024.11.13_02-31-36_Sechellia28_e2hex,2482.0,2487.0,1.0
2024.11.13_02-31-36_Sechellia28_e2hex,2490.0,2492.0,1.0
2024.11.13_02-31-36_Sechellia28_e2hex,2494.0,2495.0,1.0
2024.11.13_02-31-36_Sechellia28_e2hex,2497.0,2507.0,1.0
2024.11.13_02-31-36_Sechellia28_e2hex,2509.0,2519.0,1.0
2024.11.13_02-31-36_Sechellia28_e2hex,2521.0,2530.0,1.0
2024.11.13_02-31-36_Sechellia28_e2hex,2532.0,2540.0,1.0
2024.11.13_02-31-36_Sechellia28_e2hex,2543.0,2547.0,1.0
2024.11.13_02-31-36_Sechellia28_e2hex,2549.0,2553.0,1.0
2024.11.13_02-31-36_Sechellia28_e2hex,2557.0,2559.0,1.0
2024.11.13_02-31-36_Sechellia28_e2hex,2562.0,2565.0,1.0
2024.11.13_02-31-36_Sechellia28_e2hex,2573.0,2573.0,1.0
2024.11.13_02-31-36_Sechellia28_e2hex,2577.0,2578.0,1.0
2024.11.13_02-31-36_Sechellia28_e2hex,2580.0,2580.0,1.0
2024.11.13_02-31-36_Sechellia28_e2hex,2582.0,2582.0,1.0
2024.11.13_02-31-36_Sechellia28_e2hex,2585.0,2585.0,1.0
2024.11.13_02-31-36_Sechellia28_e2hex,2587.0,2587.0,1.0
2024.11.13_02-31-36_Sechellia28_e2hex,2592.0,2592.0,1.0
2024.11.13_02-31-36_Sechellia28_e2hex,2595.0,2595.0,1.0
2024.11.13_02-31-36_Sechellia28_e2hex,2598.0,2600.0,1.0
2024.11.13_02-31-36_Sechellia28_e2hex,2602.0,2602.0,1.0
2024.11.13_02-31-36_Sechellia28_e2hex,2604.0,2605.0,1.0
2024.11.13_02-31-36_Sechellia28_e2hex,2607.0,2608.0,1.0
2024.11.13_02-31-36_Sechellia28_e2hex,2610.0,2613.0,1.0
2024.11.13_02-31-36_Sechellia28_e2hex,2615.0,2615.0,1.0
2024.11.13_02-31-36_Sechellia28_e2hex,2617.0,2617.0,1.0
2024.11.13_02-31-36_Sechellia28_e2hex,2621.0,2622.0,1.0
2024.11.13_02-31-36_Sechellia28_e2hex,2626.0,2626.0,1.0
2024.11.13_02-31-36_Sechellia28_e2hex,2631.0,2634.0,1.0
2024.11.13_02-31-36_Sechellia28_e2hex,2636.0,2636.0,1.0
2024.11.13_02-31-36_Sechellia28_e2hex,2638.0,2640.0,1.0
2024.11.13_02-31-36_Sechellia28_e2hex,2645.0,2645.0,1.0
2024.11.13_02-31-36_Sechellia28_e2hex,2648.0,2648.0,1.0
2024.11.13_02-31-36_Sechellia28_e2hex,2651.0,2652.0,1.0
2024.11.13_02-31-36_Sechellia28_e2hex,2654.0,2654.0,1.0
2024.11.13_02-31-36_Sechellia28_e2hex,2656.0,2656.0,1.0
2024.11.13_02-31-36_Sechellia28_e2hex,2658.0,2659.0,1.0
2024.11.13_02-31-36_Sechellia28_e2hex,2670.0,2680.0,1.0
2024.11.13_02-31-36_Sechellia28_e2hex,2682.0,2683.0,1.0
2024.11.13_02-31-36_Sechellia28_e2hex,2686.0,2686.0,1.0
2024.11.13_02-31-36_Sechellia28_e2hex,2694.0,2694.0,1.0
2024.11.13_02-31-36_Sechellia28_e2hex,2697.0,2698.0,1.0
2024.11.13_02-31-36_Sechellia28_e2hex,2700.0,2701.0,1.0
2024.11.13_02-31-36_Sechellia28_e2hex,2704.0,2708.0,1.0
2024.11.13_02-31-36_Sechellia28_e2hex,2710.0,2711.0,1.0
2024.11.13_02-31-36_Sechellia28_e2hex,2713.0,2719.0,1.0
2024.11.13_02-31-36_Sechellia28_e2hex,2721.0,2721.0,1.0
2024.11.13_02-31-36_Sechellia28_e2hex,2723.0,2723.0,1.0
2024.11.13_02-31-36_Sechellia28_e2hex,2727.0,2731.0,1.0
2024.11.13_02-31-36_Sechellia28_e2hex,2734.0,2734.0,1.0
2024.11.13_02-31-36_Sechellia28_e2hex,2736.0,2736.0,1.0
2024.11.13_02-31-36_Sechellia28_e2hex,2738.0,2738.0,1.0
2024.11.13_02-31-36_Sechellia28_e2hex,2741.0,2741.0,1.0
2024.11.13_02-31-36_Sechellia28_e2hex,2744.0,2745.0,1.0
2024.11.13_02-31-36_Sechellia28_e2hex,2747.0,2749.0,1.0
2024.11.13_02-31-36_Sechellia28_e2hex,2751.0,2754.0,1.0
2024.11.13_02-31-36_Sechellia28_e2hex,2759.0,2763.0,1.0
2024.11.13_02-31-36_Sechellia28_e2hex,2767.0,2770.0,1.0
2024.11.13_02-31-36_Sechellia28_e2hex,2772.0,2803.0,1.0
2024.11.13_02-31-36_Sechellia28_e2hex,2805.0,2830.0,1.0
2024.11.13_02-31-36_Sechellia28_e2hex,2832.0,2860.0,1.0
2024.11.13_02-31-36_Sechellia28_e2hex,2862.0,2866.0,1.0
2024.11.13_02-31-36_Sechellia28_e2hex,2868.0,2869.0,1.0
2024.11.13_02-31-36_Sechellia28_e2hex,2871.0,2874.0,1.0
2024.11.13_02-31-36_Sechellia28_e2hex,2877.0,2877.0,1.0
2024.11.13_02-31-36_Sechellia28_e2hex,2879.0,2882.0,1.0
2024.11.13_02-31-36_Sechellia28_e2hex,2884.0,2886.0,1.0
2024.11.13_02-31-36_Sechellia28_e2hex,2888.0,2888.0,1.0
2024.11.13_02-31-36_Sechellia28_e2hex,2893.0,2893.0,1.0
2024.11.13_02-31-36_Sechellia28_e2hex,2899.0,2899.0,1.0
2024.11.13_02-31-36_Sechellia28_e2hex,2901.0,2904.0,1.0
2024.11.13_02-31-36_Sechellia28_e2hex,2906.0,2906.0,1.0
2024.11.13_02-31-36_Sechellia28_e2hex,2910.0,2912.0,1.0
2024.11.13_02-31-36_Sechellia28_e2hex,2914.0,2916.0,1.0
2024.11.13_02-31-36_Sechellia28_e2hex,2919.0,2920.0,1.0
2024.11.13_02-31-36_Sechellia28_e2hex,2922.0,2923.0,1.0
2024.11.13_02-31-36_Sechellia28_e2hex,2925.0,2926.0,1.0
2024.11.13_02-31-36_Sechellia28_e2hex,2930.0,2930.0,1.0
2024.11.13_02-31-36_Sechellia28_e2hex,2932.0,2932.0,1.0
2024.11.13_02-31-36_Sechellia28_e2hex,2934.0,2934.0,1.0
2024.11.13_02-31-36_Sechellia28_e2hex,2937.0,2938.0,1.0
2024.11.13_02-31-36_Sechellia28_e2hex,2942.0,2945.0,1.0
2024.11.13_02-31-36_Sechellia28_e2hex,2950.0,2951.0,1.0
2024.11.13_02-31-36_Sechellia28_e2hex,2953.0,2954.0,1.0
2024.11.13_02-31-36_Sechellia28_e2hex,2957.0,2958.0,1.0
2024.11.13_02-31-36_Sechellia28_e2hex,2961.0,2965.0,1.0
2024.11.13_02-31-36_Sechellia28_e2hex,2968.0,2968.0,1.0
2024.11.13_02-31-36_Sechellia28_e2hex,2970.0,2970.0,1.0
2024.11.13_02-31-36_Sechellia28_e2hex,2976.0,2979.0,1.0
2024.11.13_02-31-36_Sechellia28_e2hex,2986.0,2986.0,1.0
2024.11.13_02-31-36_Sechellia28_e2hex,2988.0,2988.0,1.0
2024.11.13_02-31-36_Sechellia28_e2hex,2990.0,2990.0,1.0
2024.11.13_02-31-36_Sechellia28_e2hex,2992.0,3039.0,1.0
2024.11.13_02-31-36_Sechellia28_e2hex,3041.0,3044.0,1.0
2024.11.13_02-31-36_Sechellia28_e2hex,3047.0,3068.0,1.0
2024.11.13_02-31-36_Sechellia28_e2hex,3070.0,3094.0,1.0
2024.11.13_02-31-36_Sechellia28_e2hex,3096.0,3129.0,1.0
2024.11.13_02-31-36_Sechellia28_e2hex,3131.0,3139.0,1.0
2024.11.13_02-31-36_Sechellia28_e2hex,3141.0,3146.0,1.0
2024.11.13_02-31-36_Sechellia28_e2hex,3148.0,3150.0,1.0
2024.11.13_02-31-36_Sechellia28_e2hex,3152.0,3154.0,1.0
2024.11.13_02-31-36_Sechellia28_e2hex,3156.0,3157.0,1.0
2024.11.13_02-31-36_Sechellia28_e2hex,3160.0,3160.0,1.0
2024.11.13_02-31-36_Sechellia28_e2hex,3162.0,3165.0,1.0
2024.11.13_02-31-36_Sechellia28_e2hex,3167.0,3168.0,1.0
2024.11.13_02-31-36_Sechellia28_e2hex,3170.0,3171.0,1.0
2024.11.13_02-31-36_Sechellia28_e2hex,3173.0,3185.0,1.0
2024.11.13_02-31-36_Sechellia28_e2hex,3187.0,3187.0,1.0
2024.11.13_02-31-36_Sechellia28_e2hex,3189.0,3193.0,1.0
2024.11.13_02-31-36_Sechellia28_e2hex,3195.0,3197.0,1.0
2024.11.13_02-31-36_Sechellia28_e2hex,3199.0,3202.0,1.0
2024.11.13_02-31-36_Sechellia28_e2hex,3204.0,3215.0,1.0
2024.11.13_02-31-36_Sechellia28_e2hex,3217.0,3218.0,1.0
2024.11.13_02-31-36_Sechellia28_e2hex,3220.0,3220.0,1.0
2024.11.13_02-31-36_Sechellia28_e2hex,3223.0,3223.0,1.0
2024.11.13_02-31-36_Sechellia28_e2hex,3225.0,3226.0,1.0
2024.11.13_02-31-36_Sechellia28_e2hex,3229.0,3229.0,1.0
2024.11.13_02-31-36_Sechellia28_e2hex,3232.0,3236.0,1.0
2024.11.13_02-31-36_Sechellia28_e2hex,3238.0,3243.0,1.0
2024.11.13_02-31-36_Sechellia28_e2hex,3245.0,3248.0,1.0
2024.11.13_02-31-36_Sechellia28_e2hex,3250.0,3252.0,1.0
2024.11.13_02-31-36_Sechellia28_e2hex,3255.0,3258.0,1.0
2024.11.13_02-31-36_Sechellia28_e2hex,3261.0,3264.0,1.0
2024.11.13_02-31-36_Sechellia28_e2hex,3266.0,3270.0,1.0
2024.11.13_02-31-36_Sechellia28_e2hex,3273.0,3278.0,1.0
2024.11.13_02-31-36_Sechellia28_e2hex,3280.0,3280.0,1.0
2024.11.13_02-31-36_Sechellia28_e2hex,3282.0,3282.0,1.0
2024.11.13_02-31-36_Sechellia28_e2hex,3284.0,3284.0,1.0
2024.11.13_02-31-36_Sechellia28_e2hex,3287.0,3289.0,1.0
2024.11.13_02-31-36_Sechellia28_e2hex,3291.0,3293.0,1.0
2024.11.13_02-31-36_Sechellia28_e2hex,3295.0,3296.0,1.0
2024.11.13_02-31-36_Sechellia28_e2hex,3298.0,3302.0,1.0
2024.11.13_02-31-36_Sechellia28_e2hex,3304.0,3304.0,1.0
2024.11.13_02-31-36_Sechellia28_e2hex,3306.0,3306.0,1.0
2024.11.13_02-31-36_Sechellia28_e2hex,3308.0,3312.0,1.0
2024.11.13_02-31-36_Sechellia28_e2hex,3315.0,3317.0,1.0
2024.11.13_02-31-36_Sechellia28_e2hex,3320.0,3324.0,1.0
2024.11.13_02-31-36_Sechellia28_e2hex,3326.0,3330.0,1.0
2024.11.13_02-31-36_Sechellia28_e2hex,3333.0,3333.0,1.0
2024.11.13_02-31-36_Sechellia28_e2hex,3337.0,3340.0,1.0
2024.11.13_02-31-36_Sechellia28_e2hex,3343.0,3343.0,1.0
2024.07.10_17-44-43_CantonS (E-2-Hex),6029.0,6075.0,1.0
2024.07.10_17-44-43_CantonS (E-2-Hex),6077.0,6098.0,1.0
2024.10.31_08-49-21_sto_car_prenac,3.0,424.0,1.0
2024.10.31_08-49-21_sto_car_prenac,426.0,824.0,1.0
2024.10.31_08-49-21_sto_car_prenac,7182.0,7597.0,1.0
2024.07.08_12-32-46_Riverside (no odor),1138.0,1301.0,1.0
2024.07.08_12-32-46_Riverside (no odor),1325.0,1390.0,1.0
2024.12.01_18-23-04_Biarmipes84_no_odor,3.0,2076.0,1.0
2024.12.01_18-23-04_Biarmipes84_no_odor,2078.0,2082.0,1.0
2024.12.01_18-23-04_Biarmipes84_no_odor,2084.0,2087.0,1.0
2024.12.01_18-23-04_Biarmipes84_no_odor,2089.0,2091.0,1.0
2024.12.01_18-23-04_Biarmipes84_no_odor,2093.0,2310.0,1.0
2024.12.01_18-23-04_Biarmipes84_no_odor,2312.0,2315.0,1.0
2024.12.01_18-23-04_Biarmipes84_no_odor,2317.0,2319.0,1.0
2024.12.01_18-23-04_Biarmipes84_no_odor,2321.0,2328.0,1.0
2024.12.01_18-23-04_Biarmipes84_no_odor,2331.0,2331.0,1.0
2024.12.01_18-23-04_Biarmipes84_no_odor,2333.0,2335.0,1.0
2024.12.01_18-23-04_Biarmipes84_no_odor,2339.0,2340.0,1.0
2024.12.01_18-23-04_Biarmipes84_no_odor,2343.0,2347.0,1.0
2024.12.01_18-23-04_Biarmipes84_no_odor,2351.0,2360.0,1.0
2024.12.01_18-23-04_Biarmipes84_no_odor,2362.0,2410.0,1.0
2024.12.01_18-23-04_Biarmipes84_no_odor,2412.0,2503.0,1.0
2024.12.01_18-23-04_Biarmipes84_no_odor,2505.0,2579.0,1.0
2024.12.01_18-23-04_Biarmipes84_no_odor,2581.0,2582.0,1.0
2024.12.01_18-23-04_Biarmipes84_no_odor,2585.0,2586.0,1.0
2024.12.01_18-23-04_Biarmipes84_no_odor,2588.0,2593.0,1.0
2024.12.01_18-23-04_Biarmipes84_no_odor,2595.0,2597.0,1.0
2024.12.01_18-23-04_Biarmipes84_no_odor,2599.0,2817.0,1.0
2024.12.01_18-23-04_Biarmipes84_no_odor,2819.0,2842.0,1.0
2024.12.01_18-23-04_Biarmipes84_no_odor,2844.0,2850.0,1.0
2024.12.01_18-23-04_Biarmipes84_no_odor,2853.0,2853.0,1.0
2024.12.01_18-23-04_Biarmipes84_no_odor,2856.0,2880.0,1.0
2024.12.01_18-23-04_Biarmipes84_no_odor,2882.0,2937.0,1.0
2024.12.01_18-23-04_Biarmipes84_no_odor,2939.0,2947.0,1.0
2024.12.01_18-23-04_Biarmipes84_no_odor,2949.0,2953.0,1.0
2024.12.01_18-23-04_Biarmipes84_no_odor,2955.0,2963.0,1.0
2024.12.01_18-23-04_Biarmipes84_no_odor,2965.0,3045.0,1.0
2024.12.01_18-23-04_Biarmipes84_no_odor,3047.0,3054.0,1.0
2024.12.01_18-23-04_Biarmipes84_no_odor,3056.0,3058.0,1.0
2024.12.01_18-23-04_Biarmipes84_no_odor,3061.0,3063.0,1.0
2024.12.01_18-23-04_Biarmipes84_no_odor,3066.0,3066.0,1.0
2024.12.01_18-23-04_Biarmipes84_no_odor,3069.0,3070.0,1.0
2024.12.01_18-23-04_Biarmipes84_no_odor,3072.0,3073.0,1.0
2024.12.01_18-23-04_Biarmipes84_no_odor,3075.0,3075.0,1.0
2024.12.01_18-23-04_Biarmipes84_no_odor,3077.0,3077.0,1.0
2024.12.01_18-23-04_Biarmipes84_no_odor,3079.0,3081.0,1.0
2024.12.01_18-23-04_Biarmipes84_no_odor,3083.0,3085.0,1.0
2024.12.01_18-23-04_Biarmipes84_no_odor,3088.0,3089.0,1.0
2024.12.01_18-23-04_Biarmipes84_no_odor,3091.0,3091.0,1.0
2024.12.01_18-23-04_Biarmipes84_no_odor,3093.0,3098.0,1.0
2024.12.01_18-23-04_Biarmipes84_no_odor,3101.0,3101.0,1.0
2024.12.01_18-23-04_Biarmipes84_no_odor,3103.0,3116.0,1.0
2024.12.01_18-23-04_Biarmipes84_no_odor,3118.0,3157.0,1.0
2024.12.01_18-23-04_Biarmipes84_no_odor,3159.0,3163.0,1.0
2024.12.01_18-23-04_Biarmipes84_no_odor,3167.0,3168.0,1.0
2024.12.01_18-23-04_Biarmipes84_no_odor,3170.0,3170.0,1.0
2024.12.01_18-23-04_Biarmipes84_no_odor,3172.0,3173.0,1.0
2024.12.01_18-23-04_Biarmipes84_no_odor,3175.0,3175.0,1.0
2024.12.01_18-23-04_Biarmipes84_no_odor,3178.0,3184.0,1.0
2024.12.01_18-23-04_Biarmipes84_no_odor,3186.0,3186.0,1.0
2024.12.01_18-23-04_Biarmipes84_no_odor,3189.0,3201.0,1.0
2024.12.01_18-23-04_Biarmipes84_no_odor,3203.0,3224.0,1.0
2024.12.01_18-23-04_Biarmipes84_no_odor,3227.0,3228.0,1.0
2024.12.01_18-23-04_Biarmipes84_no_odor,3230.0,3231.0,1.0
2024.12.01_18-23-04_Biarmipes84_no_odor,3234.0,3239.0,1.0
2024.12.01_18-23-04_Biarmipes84_no_odor,3241.0,3248.0,1.0
2024.12.01_18-23-04_Biarmipes84_no_odor,3250.0,3288.0,1.0
2024.12.01_18-23-04_Biarmipes84_no_odor,3293.0,3295.0,1.0
2024.12.01_18-23-04_Biarmipes84_no_odor,3298.0,3298.0,1.0
2024.12.01_18-23-04_Biarmipes84_no_odor,3300.0,3315.0,1.0
2024.12.01_18-23-04_Biarmipes84_no_odor,3318.0,3323.0,1.0
2024.12.01_18-23-04_Biarmipes84_no_odor,3328.0,3331.0,1.0
2024.12.01_18-23-04_Biarmipes84_no_odor,3336.0,3362.0,1.0
2024.12.01_18-23-04_Biarmipes84_no_odor,3371.0,3376.0,1.0
2024.12.01_18-23-04_Biarmipes84_no_odor,3379.0,3379.0,1.0
2024.12.01_18-23-04_Biarmipes84_no_odor,3381.0,3383.0,1.0
2024.12.01_18-23-04_Biarmipes84_no_odor,3386.0,3386.0,1.0
2024.12.01_18-23-04_Biarmipes84_no_odor,3390.0,3390.0,1.0
2024.12.01_18-23-04_Biarmipes84_no_odor,3394.0,3394.0,1.0
2024.10.30_09-00-14_Stocago_metben,3016.0,3062.0,1.0
2024.10.30_09-00-14_Stocago_metben,3064.0,3067.0,1.0
2024.10.30_09-00-14_Stocago_metben,3078.0,3101.0,1.0
2024.10.30_09-00-14_Stocago_metben,3107.0,3107.0,1.0
2024.10.30_09-00-14_Stocago_metben,6254.0,6291.0,1.0
2024.10.30_09-00-14_Stocago_metben,6295.0,6314.0,1.0
2024.10.30_09-00-14_Stocago_metben,6316.0,6336.0,1.0
2024.10.30_09-00-14_Stocago_metben,6341.0,6346.0,1.0
2024.10.30_09-00-14_Stocago_metben,6538.0,6888.0,1.0
2024.10.30_09-00-14_Stocago_metben,6890.0,6899.0,1.0
2024.10.30_09-00-14_Stocago_metben,6907.0,6938.0,1.0
2024.10.30_09-00-14_Stocago_metben,6940.0,6940.0,1.0
2024.10.30_09-00-14_Stocago_metben,6946.0,6947.0,1.0
2024.10.30_09-00-14_Stocago_metben,6951.0,6958.0,1.0
2024.10.07_14-55-38_Yakuba7_2hexanol,4258.0,4261.0,1.0
2024.10.07_14-55-38_Yakuba7_2hexanol,4263.0,4265.0,1.0
2024.10.07_14-55-38_Yakuba7_2hexanol,4267.0,4267.0,1.0
2024.10.07_14-55-38_Yakuba7_2hexanol,4271.0,4313.0,1.0
2024.10.07_14-55-38_Yakuba7_2hexanol,4315.0,4346.0,1.0
2024.10.07_14-55-38_Yakuba7_2hexanol,4351.0,4383.0,1.0
2024.10.28_07-51-31_stocago_metben,3.0,2026.0,1.0
2024.10.28_07-51-31_stocago_metben,2028.0,2051.0,1.0
2024.10.28_07-51-31_stocago_metben,2059.0,2161.0,1.0
2024.10.28_07-44-19_stocago_metben,3.0,2087.0,1.0
2024.10.28_07-44-19_stocago_metben,2089.0,2089.0,1.0
2024.10.28_07-44-19_stocago_metben,2099.0,2099.0,1.0
2024.10.28_07-44-19_stocago_metben,2115.0,2115.0,1.0
2024.10.28_07-44-19_stocago_metben,2117.0,7245.0,1.0
2024.12.12_18-35-59_Riverside_no_odor,4663.0,4664.0,1.0
2024.12.12_18-35-59_Riverside_no_odor,4667.0,4667.0,1.0
2024.12.12_18-35-59_Riverside_no_odor,4677.0,8998.0,1.0
2024.10.29_04-49-33_Biarmipes84_metben,3.0,2917.0,1.0
2024.10.29_04-49-33_Biarmipes84_metben,2919.0,3215.0,1.0
2024.10.29_04-49-33_Biarmipes84_metben,3217.0,3217.0,1.0
2024.10.29_04-49-33_Biarmipes84_metben,3219.0,3223.0,1.0
2024.10.29_04-49-33_Biarmipes84_metben,3225.0,3226.0,1.0
2024.10.29_04-49-33_Biarmipes84_metben,3231.0,3235.0,1.0
2024.10.29_04-49-33_Biarmipes84_metben,3241.0,3241.0,1.0
2024.10.29_04-49-33_Biarmipes84_metben,3246.0,3246.0,1.0
2024.10.29_04-49-33_Biarmipes84_metben,3248.0,3254.0,1.0
2024.10.29_04-49-33_Biarmipes84_metben,3256.0,3256.0,1.0
2024.10.29_04-49-33_Biarmipes84_metben,3258.0,3261.0,1.0
2024.10.29_04-49-33_Biarmipes84_metben,3266.0,3266.0,1.0
2024.10.29_04-49-33_Biarmipes84_metben,3268.0,3268.0,1.0
2024.10.29_04-49-33_Biarmipes84_metben,3270.0,3271.0,1.0
2024.10.29_04-49-33_Biarmipes84_metben,3288.0,3288.0,1.0
2024.10.29_04-49-33_Biarmipes84_metben,3290.0,3291.0,1.0
2024.10.29_04-49-33_Biarmipes84_metben,3295.0,3296.0,1.0
2024.10.29_04-49-33_Biarmipes84_metben,3302.0,3304.0,1.0
2024.10.29_04-49-33_Biarmipes84_metben,3306.0,3312.0,1.0
2024.10.29_04-49-33_Biarmipes84_metben,3314.0,3314.0,1.0
2024.10.29_04-49-33_Biarmipes84_metben,3317.0,3324.0,1.0
2024.10.29_04-49-33_Biarmipes84_metben,3327.0,3345.0,1.0
2024.10.29_04-49-33_Biarmipes84_metben,3347.0,3402.0,1.0
2024.10.29_04-49-33_Biarmipes84_metben,3404.0,3414.0,1.0
2024.11.13_01-23-08_Sussex_e2hex,3.0,3070.0,1.0
2024.11.13_01-23-08_Sussex_e2hex,3077.0,3652.0,1.0
2024.11.13_01-23-08_Sussex_e2hex,3654.0,3663.0,1.0
2024.11.13_01-23-08_Sussex_e2hex,3665.0,3665.0,1.0
2024.10.14_11-39-58_CantonS_prenac,3.0,2099.0,1.0
2024.10.14_11-39-58_CantonS_prenac,2101.0,2107.0,1.0
2024.10.14_11-39-58_CantonS_prenac,2109.0,2110.0,1.0
2024.10.14_11-39-58_CantonS_prenac,2112.0,2113.0,1.0
2024.10.02_10-13-56_Biarmipes_G224_no_odor,3.0,141.0,1.0
2024.10.02_10-13-56_Biarmipes_G224_no_odor,143.0,143.0,1.0
2024.10.02_10-13-56_Biarmipes_G224_no_odor,146.0,485.0,1.0
2024.10.02_10-13-56_Biarmipes_G224_no_odor,487.0,502.0,1.0
2024.10.02_10-13-56_Biarmipes_G224_no_odor,504.0,505.0,1.0
2024.10.02_10-13-56_Biarmipes_G224_no_odor,507.0,507.0,1.0
2024.10.02_10-13-56_Biarmipes_G224_no_odor,511.0,512.0,1.0
2024.10.02_10-13-56_Biarmipes_G224_no_odor,523.0,523.0,1.0
2024.10.02_10-13-56_Biarmipes_G224_no_odor,1683.0,1684.0,1.0
2024.10.02_10-13-56_Biarmipes_G224_no_odor,1686.0,1691.0,1.0
2024.10.02_10-13-56_Biarmipes_G224_no_odor,1694.0,1695.0,1.0
2024.10.02_10-13-56_Biarmipes_G224_no_odor,1697.0,1905.0,1.0
2024.10.02_10-13-56_Biarmipes_G224_no_odor,1907.0,2228.0,1.0
2024.10.02_10-13-56_Biarmipes_G224_no_odor,2232.0,2232.0,1.0
2024.10.02_10-13-56_Biarmipes_G224_no_odor,2234.0,2237.0,1.0
2024.10.02_10-13-56_Biarmipes_G224_no_odor,2239.0,2254.0,1.0
2024.10.02_10-13-56_Biarmipes_G224_no_odor,2256.0,2257.0,1.0
2024.10.02_10-13-56_Biarmipes_G224_no_odor,2259.0,3077.0,1.0
2024.10.03_15-34-26_Yakuba7_2hex,3.0,1614.0,1.0
2024.10.03_15-34-26_Yakuba7_2hex,1616.0,1619.0,1.0
2024.10.03_15-34-26_Yakuba7_2hex,1621.0,1622.0,1.0
2024.10.03_15-34-26_Yakuba7_2hex,1626.0,1626.0,1.0
2024.10.03_15-34-26_Yakuba7_2hex,1635.0,1644.0,1.0
2024.10.03_15-34-26_Yakuba7_2hex,1646.0,1980.0,1.0
2024.10.08_13-50-45_Stocago_2hexanol,3.0,2992.0,1.0
2024.10.08_13-50-45_Stocago_2hexanol,2994.0,2998.0,1.0
2024.10.15_09-43-24_sto_car_2hexanol,3.0,1337.0,1.0
2024.10.15_09-43-24_sto_car_2hexanol,1339.0,1349.0,1.0
2024.10.15_09-43-24_sto_car_2hexanol,1351.0,1363.0,1.0
2024.10.15_09-43-24_sto_car_2hexanol,1365.0,1383.0,1.0
2024.10.15_09-43-24_sto_car_2hexanol,1385.0,1389.0,1.0
2024.10.15_09-43-24_sto_car_2hexanol,1391.0,1396.0,1.0
2024.10.15_09-43-24_sto_car_2hexanol,1398.0,1525.0,1.0
2024.10.15_09-43-24_sto_car_2hexanol,1527.0,1533.0,1.0
2024.10.15_09-43-24_sto_car_2hexanol,1535.0,1636.0,1.0
2024.10.15_09-43-24_sto_car_2hexanol,1638.0,1711.0,1.0
2024.10.15_09-43-24_sto_car_2hexanol,1713.0,1713.0,1.0
2024.10.15_09-43-24_sto_car_2hexanol,1715.0,1717.0,1.0
2024.10.15_09-43-24_sto_car_2hexanol,1719.0,1723.0,1.0
2024.10.15_09-43-24_sto_car_2hexanol,1725.0,1726.0,1.0
2024.10.15_09-43-24_sto_car_2hexanol,1729.0,1729.0,1.0
2024.10.15_09-43-24_sto_car_2hexanol,1733.0,1734.0,1.0
2024.10.15_09-43-24_sto_car_2hexanol,1736.0,1736.0,1.0
2024.10.15_09-43-24_sto_car_2hexanol,1749.0,1750.0,1.0
2024.10.15_09-43-24_sto_car_2hexanol,1758.0,1759.0,1.0
2024.10.15_09-43-24_sto_car_2hexanol,1761.0,1761.0,1.0
2024.10.15_09-43-24_sto_car_2hexanol,1763.0,1764.0,1.0
2024.10.15_09-43-24_sto_car_2hexanol,1767.0,1768.0,1.0
2024.10.15_09-43-24_sto_car_2hexanol,1772.0,1773.0,1.0
2024.10.15_09-43-24_sto_car_2hexanol,1776.0,1789.0,1.0
2024.10.15_09-43-24_sto_car_2hexanol,1791.0,1791.0,1.0
2024.10.15_09-43-24_sto_car_2hexanol,1793.0,1797.0,1.0
2024.10.15_09-43-24_sto_car_2hexanol,1800.0,1807.0,1.0
2024.10.15_09-43-24_sto_car_2hexanol,7921.0,8841.0,1.0
2024.10.02_10-38-57_Biarmipes_G224_no_odor,3.0,242.0,1.0
2024.10.02_10-38-57_Biarmipes_G224_no_odor,244.0,244.0,1.0
2024.10.02_10-38-57_Biarmipes_G224_no_odor,246.0,254.0,1.0
2024.10.02_10-38-57_Biarmipes_G224_no_odor,261.0,462.0,1.0
2024.10.02_10-38-57_Biarmipes_G224_no_odor,464.0,465.0,1.0
2024.10.02_10-38-57_Biarmipes_G224_no_odor,467.0,467.0,1.0
2024.10.02_10-38-57_Biarmipes_G224_no_odor,469.0,477.0,1.0
2025.04.08_10-48-50_Sussex_metbut,1082.0,1088.0,1.0
2025.04.08_10-48-50_Sussex_metbut,1090.0,1090.0,1.0
2025.04.08_10-48-50_Sussex_metbut,1092.0,1328.0,1.0
2025.04.08_10-48-50_Sussex_metbut,1330.0,1330.0,1.0
2025.04.08_10-48-50_Sussex_metbut,5270.0,6885.0,1.0
2025.04.08_10-48-50_Sussex_metbut,6887.0,6888.0,1.0
2025.04.08_10-48-50_Sussex_metbut,6890.0,6908.0,1.0
2025.04.08_10-48-50_Sussex_metbut,6911.0,6913.0,1.0
2025.04.08_10-48-50_Sussex_metbut,6915.0,6936.0,1.0
2025.04.08_10-48-50_Sussex_metbut,6938.0,6956.0,1.0
2025.04.08_10-48-50_Sussex_metbut,6958.0,6960.0,1.0
2025.04.08_10-48-50_Sussex_metbut,6962.0,6970.0,1.0
2025.04.08_10-48-50_Sussex_metbut,6974.0,6976.0,1.0
2025.04.08_10-48-50_Sussex_metbut,6978.0,6978.0,1.0
2025.04.08_10-48-50_Sussex_metbut,6981.0,6982.0,1.0
2025.04.08_10-48-50_Sussex_metbut,6984.0,6985.0,1.0
2025.04.08_10-48-50_Sussex_metbut,6988.0,6990.0,1.0
2025.04.08_10-48-50_Sussex_metbut,6992.0,6992.0,1.0
2025.04.08_10-48-50_Sussex_metbut,6994.0,7008.0,1.0
2025.04.08_10-48-50_Sussex_metbut,7011.0,7014.0,1.0
2025.04.08_10-48-50_Sussex_metbut,7016.0,7018.0,1.0
2025.04.08_10-48-50_Sussex_metbut,7020.0,7021.0,1.0
2025.04.08_10-48-50_Sussex_metbut,7024.0,7060.0,1.0
2025.04.08_10-48-50_Sussex_metbut,7062.0,7073.0,1.0
2025.04.08_10-48-50_Sussex_metbut,7075.0,7086.0,1.0
2025.04.08_10-48-50_Sussex_metbut,7088.0,7100.0,1.0
2025.04.08_10-48-50_Sussex_metbut,7102.0,7102.0,1.0
2025.04.08_10-48-50_Sussex_metbut,7106.0,7106.0,1.0
2025.04.08_10-48-50_Sussex_metbut,7108.0,7108.0,1.0
2025.04.08_10-48-50_Sussex_metbut,7110.0,7111.0,1.0
2025.04.08_10-48-50_Sussex_metbut,7113.0,7114.0,1.0
2025.04.08_10-48-50_Sussex_metbut,7116.0,7126.0,1.0
2025.04.08_10-48-50_Sussex_metbut,7128.0,7130.0,1.0
2025.04.08_10-48-50_Sussex_metbut,7132.0,7132.0,1.0
2025.04.08_10-48-50_Sussex_metbut,7134.0,7137.0,1.0
2025.04.08_10-48-50_Sussex_metbut,7139.0,7142.0,1.0
2025.04.08_10-48-50_Sussex_metbut,7144.0,7147.0,1.0
2025.04.08_10-48-50_Sussex_metbut,7149.0,7150.0,1.0
2025.04.08_10-48-50_Sussex_metbut,7154.0,7154.0,1.0
2025.04.08_10-48-50_Sussex_metbut,7157.0,7157.0,1.0
2025.04.08_10-48-50_Sussex_metbut,7159.0,7159.0,1.0
2025.04.08_10-48-50_Sussex_metbut,7161.0,7162.0,1.0
2025.04.08_10-48-50_Sussex_metbut,7166.0,7166.0,1.0
2025.04.08_10-48-50_Sussex_metbut,7168.0,7169.0,1.0
2025.04.08_10-48-50_Sussex_metbut,7173.0,7174.0,1.0
2025.04.08_10-48-50_Sussex_metbut,7179.0,7179.0,1.0
2025.04.08_10-48-50_Sussex_metbut,7182.0,7182.0,1.0
2025.04.08_10-48-50_Sussex_metbut,7184.0,7185.0,1.0
2025.04.08_10-48-50_Sussex_metbut,7187.0,7188.0,1.0
2025.04.08_10-48-50_Sussex_metbut,7190.0,7190.0,1.0
2025.04.08_10-48-50_Sussex_metbut,7391.0,8924.0,1.0
2024.09.24_16-13-18_Yakuba7_no_odor,3.0,4583.0,1.0
2024.09.24_16-13-18_Yakuba7_no_odor,4585.0,4592.0,1.0
2024.09.24_16-13-18_Yakuba7_no_odor,4594.0,4605.0,1.0
2024.09.24_16-13-18_Yakuba7_no_odor,4607.0,4609.0,1.0
2024.09.24_16-13-18_Yakuba7_no_odor,4611.0,4613.0,1.0
2024.09.24_16-13-18_Yakuba7_no_odor,4615.0,4640.0,1.0
2024.09.24_16-13-18_Yakuba7_no_odor,4642.0,4711.0,1.0
2024.09.24_16-13-18_Yakuba7_no_odor,4713.0,4719.0,1.0
2024.09.24_16-13-18_Yakuba7_no_odor,4722.0,4723.0,1.0
2024.09.24_16-13-18_Yakuba7_no_odor,4725.0,4747.0,1.0
2024.09.24_16-13-18_Yakuba7_no_odor,4750.0,4752.0,1.0
2024.09.24_16-13-18_Yakuba7_no_odor,4754.0,4763.0,1.0
2024.09.24_16-13-18_Yakuba7_no_odor,4766.0,4771.0,1.0
2024.09.24_16-13-18_Yakuba7_no_odor,4773.0,4799.0,1.0
2024.09.24_16-13-18_Yakuba7_no_odor,4801.0,4806.0,1.0
2024.09.24_16-13-18_Yakuba7_no_odor,4808.0,4809.0,1.0
2024.09.24_16-13-18_Yakuba7_no_odor,4811.0,4821.0,1.0
2024.09.24_16-13-18_Yakuba7_no_odor,4824.0,4838.0,1.0
2024.09.24_16-13-18_Yakuba7_no_odor,4840.0,4871.0,1.0
2024.09.24_16-13-18_Yakuba7_no_odor,4873.0,4995.0,1.0
2024.09.24_16-13-18_Yakuba7_no_odor,4997.0,5053.0,1.0
2024.09.24_16-13-18_Yakuba7_no_odor,5055.0,5062.0,1.0
2024.09.24_16-13-18_Yakuba7_no_odor,5065.0,5066.0,1.0
2024.09.24_16-13-18_Yakuba7_no_odor,5068.0,5073.0,1.0
2024.09.24_16-13-18_Yakuba7_no_odor,5076.0,5076.0,1.0
2024.09.24_16-13-18_Yakuba7_no_odor,5078.0,5078.0,1.0
2024.09.24_16-13-18_Yakuba7_no_odor,5080.0,5081.0,1.0
2024.09.24_16-13-18_Yakuba7_no_odor,5083.0,5092.0,1.0
2024.09.24_16-13-18_Yakuba7_no_odor,5102.0,5102.0,1.0
2024.09.24_16-13-18_Yakuba7_no_odor,5105.0,5115.0,1.0
2024.09.24_16-13-18_Yakuba7_no_odor,5117.0,5121.0,1.0
2024.09.24_16-13-18_Yakuba7_no_odor,5123.0,5123.0,1.0
2024.09.24_16-13-18_Yakuba7_no_odor,5125.0,5135.0,1.0
2024.09.24_16-13-18_Yakuba7_no_odor,5138.0,5145.0,1.0
2024.09.24_16-13-18_Yakuba7_no_odor,5147.0,5153.0,1.0
2024.09.24_16-13-18_Yakuba7_no_odor,5155.0,5169.0,1.0
2024.09.24_16-13-18_Yakuba7_no_odor,5171.0,5176.0,1.0
2024.09.24_16-13-18_Yakuba7_no_odor,5178.0,5181.0,1.0
2024.09.24_16-13-18_Yakuba7_no_odor,5183.0,5186.0,1.0
2024.09.24_16-13-18_Yakuba7_no_odor,5189.0,5189.0,1.0
2024.09.24_16-13-18_Yakuba7_no_odor,5191.0,5197.0,1.0
2024.09.24_16-13-18_Yakuba7_no_odor,5199.0,5200.0,1.0
2024.09.24_16-13-18_Yakuba7_no_odor,5202.0,5212.0,1.0
2024.09.24_16-13-18_Yakuba7_no_odor,5214.0,5221.0,1.0
2024.09.24_16-13-18_Yakuba7_no_odor,5223.0,5223.0,1.0
2024.09.24_16-13-18_Yakuba7_no_odor,5226.0,5228.0,1.0
2024.09.24_16-13-18_Yakuba7_no_odor,5230.0,5267.0,1.0
2024.09.24_16-13-18_Yakuba7_no_odor,5269.0,5273.0,1.0
2024.09.24_16-13-18_Yakuba7_no_odor,5300.0,5300.0,1.0
2024.09.24_16-13-18_Yakuba7_no_odor,5303.0,5304.0,1.0
2024.09.24_16-13-18_Yakuba7_no_odor,5312.0,5312.0,1.0
2024.09.24_16-13-18_Yakuba7_no_odor,5314.0,5316.0,1.0
2024.09.24_16-13-18_Yakuba7_no_odor,5325.0,5332.0,1.0
2024.09.24_16-13-18_Yakuba7_no_odor,5335.0,5336.0,1.0
2024.09.24_16-13-18_Yakuba7_no_odor,5351.0,5360.0,1.0
2024.09.24_16-13-18_Yakuba7_no_odor,5382.0,5382.0,1.0
2024.09.24_16-13-18_Yakuba7_no_odor,5384.0,5384.0,1.0
2024.09.24_16-13-18_Yakuba7_no_odor,5387.0,5390.0,1.0
2024.09.24_16-13-18_Yakuba7_no_odor,5393.0,5393.0,1.0
2024.09.24_16-13-18_Yakuba7_no_odor,5462.0,5462.0,1.0
2024.09.24_16-13-18_Yakuba7_no_odor,5466.0,5466.0,1.0
2024.09.24_16-13-18_Yakuba7_no_odor,5468.0,5469.0,1.0
2024.09.24_16-13-18_Yakuba7_no_odor,5471.0,5478.0,1.0
2024.09.24_16-13-18_Yakuba7_no_odor,5480.0,5480.0,1.0
2024.09.24_16-13-18_Yakuba7_no_odor,5482.0,5502.0,1.0
2024.09.24_16-13-18_Yakuba7_no_odor,5505.0,5508.0,1.0
2024.09.24_16-13-18_Yakuba7_no_odor,5510.0,5517.0,1.0
2024.09.24_16-13-18_Yakuba7_no_odor,5519.0,5522.0,1.0
2024.09.24_16-13-18_Yakuba7_no_odor,5525.0,5541.0,1.0
2024.09.24_16-13-18_Yakuba7_no_odor,5543.0,5557.0,1.0
2024.09.24_16-13-18_Yakuba7_no_odor,5559.0,5563.0,1.0
2024.09.24_16-13-18_Yakuba7_no_odor,5565.0,5594.0,1.0
2024.09.24_16-13-18_Yakuba7_no_odor,5598.0,5598.0,1.0
2024.09.24_16-13-18_Yakuba7_no_odor,5601.0,5601.0,1.0
2024.09.24_16-13-18_Yakuba7_no_odor,5613.0,5613.0,1.0
2024.09.24_16-13-18_Yakuba7_no_odor,5615.0,5617.0,1.0
2024.09.24_16-13-18_Yakuba7_no_odor,5619.0,5622.0,1.0
2024.09.24_16-13-18_Yakuba7_no_odor,5624.0,5643.0,1.0
2024.09.24_16-13-18_Yakuba7_no_odor,5645.0,5646.0,1.0
2024.09.24_16-13-18_Yakuba7_no_odor,5648.0,5648.0,1.0
2024.09.24_16-13-18_Yakuba7_no_odor,5651.0,5659.0,1.0
2024.09.24_16-13-18_Yakuba7_no_odor,5664.0,5664.0,1.0
2024.09.24_16-13-18_Yakuba7_no_odor,5684.0,5684.0,1.0
2024.09.24_16-13-18_Yakuba7_no_odor,5689.0,5689.0,1.0
2024.09.24_16-13-18_Yakuba7_no_odor,5691.0,5691.0,1.0
2024.09.24_16-13-18_Yakuba7_no_odor,5700.0,5729.0,1.0
2024.09.24_16-13-18_Yakuba7_no_odor,5731.0,5744.0,1.0
2024.09.24_16-13-18_Yakuba7_no_odor,5747.0,5747.0,1.0
2024.09.24_16-13-18_Yakuba7_no_odor,5749.0,5753.0,1.0
2024.09.24_16-13-18_Yakuba7_no_odor,5755.0,5756.0,1.0
2024.09.24_16-13-18_Yakuba7_no_odor,5759.0,5760.0,1.0
2024.09.24_16-13-18_Yakuba7_no_odor,5762.0,5782.0,1.0
2024.09.24_16-13-18_Yakuba7_no_odor,5784.0,5797.0,1.0
2024.09.24_16-13-18_Yakuba7_no_odor,5800.0,5804.0,1.0
2024.09.24_16-13-18_Yakuba7_no_odor,5806.0,5811.0,1.0
2024.09.24_16-13-18_Yakuba7_no_odor,5813.0,5817.0,1.0
2024.09.24_16-13-18_Yakuba7_no_odor,5820.0,5820.0,1.0
2024.09.24_16-13-18_Yakuba7_no_odor,5822.0,5822.0,1.0
2024.09.24_16-13-18_Yakuba7_no_odor,5824.0,5826.0,1.0
2024.09.24_16-13-18_Yakuba7_no_odor,5828.0,5835.0,1.0
2024.09.24_16-13-18_Yakuba7_no_odor,5837.0,5849.0,1.0
2024.09.24_16-13-18_Yakuba7_no_odor,5851.0,5851.0,1.0
2024.09.24_16-13-18_Yakuba7_no_odor,5853.0,5854.0,1.0
2024.09.24_16-13-18_Yakuba7_no_odor,5857.0,5860.0,1.0
2024.09.24_16-13-18_Yakuba7_no_odor,5875.0,5875.0,1.0
2024.09.24_16-13-18_Yakuba7_no_odor,5878.0,5886.0,1.0
2024.09.24_16-13-18_Yakuba7_no_odor,5889.0,5892.0,1.0
2024.09.24_16-13-18_Yakuba7_no_odor,5894.0,5901.0,1.0
2024.09.24_16-13-18_Yakuba7_no_odor,5904.0,5904.0,1.0
2024.09.24_16-13-18_Yakuba7_no_odor,5906.0,5911.0,1.0
2024.09.24_16-13-18_Yakuba7_no_odor,5913.0,5916.0,1.0
2024.09.24_16-13-18_Yakuba7_no_odor,5919.0,5919.0,1.0
2024.09.24_16-13-18_Yakuba7_no_odor,5921.0,5923.0,1.0
2024.09.24_16-13-18_Yakuba7_no_odor,5925.0,5925.0,1.0
2024.09.24_16-13-18_Yakuba7_no_odor,5927.0,5932.0,1.0
2024.09.24_16-13-18_Yakuba7_no_odor,5983.0,5983.0,1.0
2024.09.24_16-13-18_Yakuba7_no_odor,5993.0,5993.0,1.0
2024.09.24_16-13-18_Yakuba7_no_odor,5995.0,5998.0,1.0
2024.09.24_16-13-18_Yakuba7_no_odor,6000.0,6002.0,1.0
2024.09.24_16-13-18_Yakuba7_no_odor,6025.0,6025.0,1.0
2024.09.24_16-13-18_Yakuba7_no_odor,6031.0,6031.0,1.0
2024.09.24_16-13-18_Yakuba7_no_odor,6033.0,6034.0,1.0
2024.09.24_16-13-18_Yakuba7_no_odor,6036.0,6036.0,1.0
2024.09.24_16-13-18_Yakuba7_no_odor,6038.0,6038.0,1.0
2024.09.24_16-13-18_Yakuba7_no_odor,6085.0,6085.0,1.0
2024.09.24_16-13-18_Yakuba7_no_odor,6087.0,6087.0,1.0
2024.09.24_16-13-18_Yakuba7_no_odor,6092.0,6092.0,1.0
2024.09.24_16-13-18_Yakuba7_no_odor,6094.0,6094.0,1.0
2024.09.24_16-13-18_Yakuba7_no_odor,6100.0,6100.0,1.0
2024.09.24_16-13-18_Yakuba7_no_odor,6105.0,6106.0,1.0
2024.09.24_16-13-18_Yakuba7_no_odor,6122.0,6122.0,1.0
2024.09.24_16-13-18_Yakuba7_no_odor,6125.0,6126.0,1.0
2024.09.24_16-13-18_Yakuba7_no_odor,6128.0,6130.0,1.0
2024.09.24_16-13-18_Yakuba7_no_odor,6134.0,6136.0,1.0
2024.09.24_16-13-18_Yakuba7_no_odor,6138.0,6148.0,1.0
2024.09.24_16-13-18_Yakuba7_no_odor,6150.0,6151.0,1.0
2024.09.24_16-13-18_Yakuba7_no_odor,6155.0,6157.0,1.0
2024.09.24_16-13-18_Yakuba7_no_odor,6159.0,6162.0,1.0
2024.09.24_16-13-18_Yakuba7_no_odor,6165.0,6165.0,1.0
2024.09.24_16-13-18_Yakuba7_no_odor,6167.0,6167.0,1.0
2024.09.24_16-13-18_Yakuba7_no_odor,6169.0,6169.0,1.0
2024.09.24_16-13-18_Yakuba7_no_odor,6171.0,6171.0,1.0
2024.09.24_16-13-18_Yakuba7_no_odor,6173.0,6176.0,1.0
2024.09.24_16-13-18_Yakuba7_no_odor,6179.0,6181.0,1.0
2024.09.24_16-13-18_Yakuba7_no_odor,6183.0,6186.0,1.0
2024.09.24_16-13-18_Yakuba7_no_odor,6189.0,6189.0,1.0
2024.09.24_16-13-18_Yakuba7_no_odor,6191.0,6193.0,1.0
2024.09.24_16-13-18_Yakuba7_no_odor,6195.0,6200.0,1.0
2024.09.24_16-13-18_Yakuba7_no_odor,6203.0,6207.0,1.0
2024.09.24_16-13-18_Yakuba7_no_odor,6210.0,6210.0,1.0
2024.09.24_16-13-18_Yakuba7_no_odor,6219.0,6226.0,1.0
2024.09.24_16-13-18_Yakuba7_no_odor,6233.0,6247.0,1.0
2024.09.24_16-13-18_Yakuba7_no_odor,6249.0,6255.0,1.0
2024.09.24_16-13-18_Yakuba7_no_odor,6257.0,6260.0,1.0
2024.09.24_16-13-18_Yakuba7_no_odor,6262.0,6262.0,1.0
2024.09.24_16-13-18_Yakuba7_no_odor,6264.0,6266.0,1.0
2024.09.24_16-13-18_Yakuba7_no_odor,6268.0,6275.0,1.0
2024.09.24_16-13-18_Yakuba7_no_odor,6277.0,6285.0,1.0
2024.09.24_16-13-18_Yakuba7_no_odor,6288.0,6294.0,1.0
2024.09.24_16-13-18_Yakuba7_no_odor,6296.0,6302.0,1.0
2024.09.24_16-13-18_Yakuba7_no_odor,6304.0,6311.0,1.0
2024.09.24_16-13-18_Yakuba7_no_odor,6313.0,6317.0,1.0
2024.09.24_16-13-18_Yakuba7_no_odor,6319.0,6327.0,1.0
2024.09.24_16-13-18_Yakuba7_no_odor,6329.0,6338.0,1.0
2024.09.24_16-13-18_Yakuba7_no_odor,6340.0,6340.0,1.0
2024.09.24_16-13-18_Yakuba7_no_odor,6342.0,6351.0,1.0
2024.09.24_16-13-18_Yakuba7_no_odor,6354.0,6359.0,1.0
2024.09.24_16-13-18_Yakuba7_no_odor,6361.0,6366.0,1.0
2024.09.24_16-13-18_Yakuba7_no_odor,6368.0,6370.0,1.0
2024.09.24_16-13-18_Yakuba7_no_odor,6372.0,7042.0,1.0
2024.09.24_16-13-18_Yakuba7_no_odor,7044.0,7051.0,1.0
2024.09.24_16-13-18_Yakuba7_no_odor,7054.0,7055.0,1.0
2024.09.24_16-13-18_Yakuba7_no_odor,7058.0,7059.0,1.0
2024.09.24_16-13-18_Yakuba7_no_odor,7063.0,7074.0,1.0
2024.09.24_16-13-18_Yakuba7_no_odor,7076.0,7086.0,1.0
2024.09.24_16-13-18_Yakuba7_no_odor,7091.0,7092.0,1.0
2024.09.24_16-13-18_Yakuba7_no_odor,7096.0,7099.0,1.0
2024.09.24_16-13-18_Yakuba7_no_odor,7102.0,7111.0,1.0
2024.09.24_16-13-18_Yakuba7_no_odor,7113.0,7117.0,1.0
2024.09.24_16-13-18_Yakuba7_no_odor,7119.0,7120.0,1.0
2024.09.24_16-13-18_Yakuba7_no_odor,7122.0,7122.0,1.0
2024.09.24_16-13-18_Yakuba7_no_odor,7130.0,7130.0,1.0
2024.09.24_16-13-18_Yakuba7_no_odor,7134.0,7134.0,1.0
2024.09.24_16-13-18_Yakuba7_no_odor,7138.0,7138.0,1.0
2024.09.24_16-13-18_Yakuba7_no_odor,7140.0,7142.0,1.0
2024.09.24_16-13-18_Yakuba7_no_odor,7144.0,7152.0,1.0
2024.09.24_16-13-18_Yakuba7_no_odor,7154.0,7155.0,1.0
2024.09.24_16-13-18_Yakuba7_no_odor,7159.0,7160.0,1.0
2024.09.24_16-13-18_Yakuba7_no_odor,7166.0,7168.0,1.0
2024.09.24_16-13-18_Yakuba7_no_odor,7171.0,7172.0,1.0
2024.09.24_16-13-18_Yakuba7_no_odor,7174.0,7175.0,1.0
2024.09.24_16-13-18_Yakuba7_no_odor,7177.0,7180.0,1.0
2024.09.24_16-13-18_Yakuba7_no_odor,7182.0,7183.0,1.0
2024.09.24_16-13-18_Yakuba7_no_odor,7186.0,7188.0,1.0
2024.09.24_16-13-18_Yakuba7_no_odor,7190.0,7191.0,1.0
2024.09.24_16-13-18_Yakuba7_no_odor,7193.0,7196.0,1.0
2024.09.24_16-13-18_Yakuba7_no_odor,7198.0,7200.0,1.0
2024.09.24_16-13-18_Yakuba7_no_odor,7206.0,7206.0,1.0
2024.09.24_16-13-18_Yakuba7_no_odor,7215.0,7215.0,1.0
2024.09.24_16-13-18_Yakuba7_no_odor,7234.0,7234.0,1.0
2024.09.24_16-13-18_Yakuba7_no_odor,7242.0,7242.0,1.0
2024.09.24_16-13-18_Yakuba7_no_odor,7259.0,7259.0,1.0
2024.09.24_16-13-18_Yakuba7_no_odor,7266.0,7268.0,1.0
2024.09.24_16-13-18_Yakuba7_no_odor,7270.0,7270.0,1.0
2024.09.24_16-13-18_Yakuba7_no_odor,7272.0,7272.0,1.0
2024.09.24_16-13-18_Yakuba7_no_odor,7274.0,7287.0,1.0
2024.09.24_16-13-18_Yakuba7_no_odor,7289.0,7306.0,1.0
2024.09.24_16-13-18_Yakuba7_no_odor,7308.0,7321.0,1.0
2024.09.24_16-13-18_Yakuba7_no_odor,7323.0,7329.0,1.0
2024.09.24_16-13-18_Yakuba7_no_odor,7331.0,7337.0,1.0
2024.09.24_16-13-18_Yakuba7_no_odor,7339.0,7342.0,1.0
2024.09.24_16-13-18_Yakuba7_no_odor,7344.0,7350.0,1.0
2024.09.24_16-13-18_Yakuba7_no_odor,7352.0,7352.0,1.0
2024.09.24_16-13-18_Yakuba7_no_odor,7356.0,7364.0,1.0
2024.09.24_16-13-18_Yakuba7_no_odor,7368.0,7368.0,1.0
2024.09.24_16-13-18_Yakuba7_no_odor,7373.0,7373.0,1.0
2024.09.24_16-13-18_Yakuba7_no_odor,7378.0,7378.0,1.0
2024.09.24_16-13-18_Yakuba7_no_odor,7380.0,7385.0,1.0
2024.09.24_16-13-18_Yakuba7_no_odor,7387.0,7388.0,1.0
2024.09.24_16-13-18_Yakuba7_no_odor,7390.0,7390.0,1.0
2024.09.24_16-13-18_Yakuba7_no_odor,7392.0,7394.0,1.0
2024.09.24_16-13-18_Yakuba7_no_odor,7396.0,7413.0,1.0
2024.09.24_16-13-18_Yakuba7_no_odor,7415.0,7426.0,1.0
2024.09.24_16-13-18_Yakuba7_no_odor,7428.0,7432.0,1.0
2024.09.24_16-13-18_Yakuba7_no_odor,7434.0,7446.0,1.0
2024.09.24_16-13-18_Yakuba7_no_odor,7448.0,7462.0,1.0
2024.09.24_16-13-18_Yakuba7_no_odor,7464.0,7464.0,1.0
2024.09.24_16-13-18_Yakuba7_no_odor,7468.0,7475.0,1.0
2024.09.24_16-13-18_Yakuba7_no_odor,7477.0,7481.0,1.0
2024.09.24_16-13-18_Yakuba7_no_odor,7483.0,7484.0,1.0
2024.09.24_16-13-18_Yakuba7_no_odor,7486.0,7487.0,1.0
2024.09.24_16-13-18_Yakuba7_no_odor,7489.0,7491.0,1.0
2024.09.24_16-13-18_Yakuba7_no_odor,7493.0,7502.0,1.0
2024.09.24_16-13-18_Yakuba7_no_odor,7504.0,7504.0,1.0
2024.09.24_16-13-18_Yakuba7_no_odor,7507.0,7509.0,1.0
2024.09.24_16-13-18_Yakuba7_no_odor,7511.0,7512.0,1.0
2024.09.24_16-13-18_Yakuba7_no_odor,7514.0,7514.0,1.0
2024.09.24_16-13-18_Yakuba7_no_odor,7517.0,7517.0,1.0
2024.09.24_16-13-18_Yakuba7_no_odor,7519.0,7528.0,1.0
2024.09.24_16-13-18_Yakuba7_no_odor,7530.0,7533.0,1.0
2024.09.24_16-13-18_Yakuba7_no_odor,7536.0,7536.0,1.0
2024.09.24_16-13-18_Yakuba7_no_odor,7538.0,7538.0,1.0
2024.09.24_16-13-18_Yakuba7_no_odor,7540.0,7547.0,1.0
2024.09.24_16-13-18_Yakuba7_no_odor,7549.0,7555.0,1.0
2024.09.24_16-13-18_Yakuba7_no_odor,7560.0,7562.0,1.0
2024.09.24_16-13-18_Yakuba7_no_odor,7564.0,7564.0,1.0
2024.09.24_16-13-18_Yakuba7_no_odor,7566.0,7581.0,1.0
2024.09.24_16-13-18_Yakuba7_no_odor,7583.0,7585.0,1.0
2024.09.24_16-13-18_Yakuba7_no_odor,7587.0,7592.0,1.0
2024.09.24_16-13-18_Yakuba7_no_odor,7595.0,7598.0,1.0
2024.09.24_16-13-18_Yakuba7_no_odor,7600.0,7601.0,1.0
2024.09.24_16-13-18_Yakuba7_no_odor,7603.0,7613.0,1.0
2024.09.24_16-13-18_Yakuba7_no_odor,7615.0,7615.0,1.0
2024.09.24_16-13-18_Yakuba7_no_odor,7617.0,7617.0,1.0
2024.09.24_16-13-18_Yakuba7_no_odor,7619.0,7620.0,1.0
2024.09.24_16-13-18_Yakuba7_no_odor,7623.0,7626.0,1.0
2024.09.24_16-13-18_Yakuba7_no_odor,7628.0,7629.0,1.0
2024.09.24_16-13-18_Yakuba7_no_odor,7631.0,7632.0,1.0
2024.09.24_16-13-18_Yakuba7_no_odor,7635.0,7635.0,1.0
2024.09.24_16-13-18_Yakuba7_no_odor,7637.0,7642.0,1.0
2024.09.24_16-13-18_Yakuba7_no_odor,7644.0,7646.0,1.0
2024.09.24_16-13-18_Yakuba7_no_odor,7648.0,7652.0,1.0
2024.09.24_16-13-18_Yakuba7_no_odor,7654.0,7659.0,1.0
2024.09.24_16-13-18_Yakuba7_no_odor,7662.0,7662.0,1.0
2024.09.24_16-13-18_Yakuba7_no_odor,7664.0,7674.0,1.0
2024.09.24_16-13-18_Yakuba7_no_odor,7676.0,7676.0,1.0
2024.09.24_16-13-18_Yakuba7_no_odor,7678.0,7681.0,1.0
2024.09.24_16-13-18_Yakuba7_no_odor,7683.0,7685.0,1.0
2024.09.24_16-13-18_Yakuba7_no_odor,7688.0,7696.0,1.0
2024.09.24_16-13-18_Yakuba7_no_odor,7699.0,7699.0,1.0
2024.09.24_16-13-18_Yakuba7_no_odor,7701.0,7702.0,1.0
2024.09.24_16-13-18_Yakuba7_no_odor,7704.0,7707.0,1.0
2024.09.24_16-13-18_Yakuba7_no_odor,7709.0,7711.0,1.0
2024.09.24_16-13-18_Yakuba7_no_odor,7713.0,7713.0,1.0
2024.09.24_16-13-18_Yakuba7_no_odor,7715.0,7715.0,1.0
2024.09.24_16-13-18_Yakuba7_no_odor,7717.0,7718.0,1.0
2024.09.24_16-13-18_Yakuba7_no_odor,7720.0,7726.0,1.0
2024.09.24_16-13-18_Yakuba7_no_odor,7728.0,7731.0,1.0
2024.09.24_16-13-18_Yakuba7_no_odor,7733.0,7735.0,1.0
2024.09.24_16-13-18_Yakuba7_no_odor,7737.0,7737.0,1.0
2024.09.24_16-13-18_Yakuba7_no_odor,7740.0,7741.0,1.0
2024.09.24_16-13-18_Yakuba7_no_odor,7743.0,7750.0,1.0
2024.09.24_16-13-18_Yakuba7_no_odor,7752.0,7753.0,1.0
2024.09.24_16-13-18_Yakuba7_no_odor,7755.0,7755.0,1.0
2024.09.24_16-13-18_Yakuba7_no_odor,7757.0,7757.0,1.0
2024.09.24_16-13-18_Yakuba7_no_odor,7760.0,7761.0,1.0
2024.09.24_16-13-18_Yakuba7_no_odor,7763.0,7763.0,1.0
2024.09.24_16-13-18_Yakuba7_no_odor,7765.0,7765.0,1.0
2024.09.24_16-13-18_Yakuba7_no_odor,7767.0,7771.0,1.0
2024.09.24_16-13-18_Yakuba7_no_odor,7773.0,7795.0,1.0
2024.09.24_16-13-18_Yakuba7_no_odor,7797.0,7799.0,1.0
2024.09.24_16-13-18_Yakuba7_no_odor,7801.0,7804.0,1.0
2024.09.24_16-13-18_Yakuba7_no_odor,7806.0,7819.0,1.0
2024.09.24_16-13-18_Yakuba7_no_odor,7821.0,7821.0,1.0
2024.09.24_16-13-18_Yakuba7_no_odor,7823.0,7850.0,1.0
2024.09.24_16-13-18_Yakuba7_no_odor,7852.0,7866.0,1.0
2024.09.24_16-13-18_Yakuba7_no_odor,7868.0,7868.0,1.0
2024.09.24_16-13-18_Yakuba7_no_odor,7870.0,7870.0,1.0
2024.09.24_16-13-18_Yakuba7_no_odor,7873.0,7877.0,1.0
2024.09.24_16-13-18_Yakuba7_no_odor,7879.0,7880.0,1.0
2024.09.24_16-13-18_Yakuba7_no_odor,7882.0,7920.0,1.0
2024.09.24_16-13-18_Yakuba7_no_odor,7922.0,7953.0,1.0
2024.09.24_16-13-18_Yakuba7_no_odor,7955.0,7957.0,1.0
2024.09.24_16-13-18_Yakuba7_no_odor,7959.0,8020.0,1.0
2024.09.24_16-13-18_Yakuba7_no_odor,8022.0,8028.0,1.0
2024.09.24_16-13-18_Yakuba7_no_odor,8030.0,8044.0,1.0
2024.09.24_16-13-18_Yakuba7_no_odor,8046.0,8047.0,1.0
2024.09.24_16-13-18_Yakuba7_no_odor,8049.0,8051.0,1.0
2024.09.24_16-13-18_Yakuba7_no_odor,8053.0,8097.0,1.0
2024.09.24_16-13-18_Yakuba7_no_odor,8100.0,8121.0,1.0
2024.09.24_16-13-18_Yakuba7_no_odor,8123.0,8193.0,1.0
2024.09.24_16-13-18_Yakuba7_no_odor,8195.0,8999.0,1.0
2024.11.13_00-48-15_Sussex_e2hex,5713.0,8999.0,1.0
2024.11.12_07-08-45_Biarmipes_G224_e2hex,1875.0,1899.0,1.0
2024.11.12_07-08-45_Biarmipes_G224_e2hex,1901.0,2241.0,1.0
2024.11.12_07-08-45_Biarmipes_G224_e2hex,2243.0,2303.0,1.0
2024.11.12_07-08-45_Biarmipes_G224_e2hex,2305.0,2306.0,1.0
2024.11.12_07-08-45_Biarmipes_G224_e2hex,2308.0,2310.0,1.0
2024.11.12_07-08-45_Biarmipes_G224_e2hex,2321.0,2328.0,1.0
2024.11.12_07-08-45_Biarmipes_G224_e2hex,2332.0,2351.0,1.0
2024.11.12_07-08-45_Biarmipes_G224_e2hex,3082.0,3644.0,1.0
2024.11.12_07-08-45_Biarmipes_G224_e2hex,3646.0,3725.0,1.0
2024.11.12_07-08-45_Biarmipes_G224_e2hex,3727.0,3840.0,1.0
2024.11.12_07-08-45_Biarmipes_G224_e2hex,3845.0,3854.0,1.0
2024.11.12_07-08-45_Biarmipes_G224_e2hex,6867.0,7095.0,1.0
2024.11.12_07-08-45_Biarmipes_G224_e2hex,7376.0,7526.0,1.0
2024.10.04_15-12-48_Biarmipes84_no_odor,3.0,2512.0,1.0
2024.07.03_12-43-45_CantonS (no odor),3624.0,4017.0,1.0
