trial,start_frame,end_frame,is_swapped
2024.10.07_14-01-28_Yakuba7_2hexanol,3.0,5066.0,1.0
2024.10.07_14-01-28_Yakuba7_2hexanol,5068.0,8120.0,1.0
2024.10.07_14-01-28_Yakuba7_2hexanol,8122.0,8999.0,1.0
2024.10.23_12-55-29_Yakuba_cameroon_prenac,3.0,2391.0,1.0
2024.10.23_12-55-29_Yakuba_cameroon_prenac,2393.0,2393.0,1.0
2024.10.23_12-55-29_Yakuba_cameroon_prenac,7783.0,8306.0,1.0
2024.10.11_10-59-12_Biarmipes_G224_1hexanol,1661.0,3320.0,1.0
2024.10.11_10-59-12_Biarmipes_G224_1hexanol,3322.0,3322.0,1.0
2024.10.11_10-59-12_Biarmipes_G224_1hexanol,3332.0,3353.0,1.0
2024.10.11_10-59-12_Biarmipes_G224_1hexanol,3355.0,3370.0,1.0
2024.10.11_10-59-12_Biarmipes_G224_1hexanol,3374.0,3375.0,1.0
2024.10.11_10-59-12_Biarmipes_G224_1hexanol,3379.0,3392.0,1.0
2024.10.11_10-59-12_Biarmipes_G224_1hexanol,6546.0,6577.0,1.0
2024.10.11_10-59-12_Biarmipes_G224_1hexanol,6579.0,6635.0,1.0
2024.10.11_10-59-12_Biarmipes_G224_1hexanol,6637.0,6637.0,1.0
2024.10.11_10-59-12_Biarmipes_G224_1hexanol,6646.0,6743.0,1.0
2024.10.11_10-59-12_Biarmipes_G224_1hexanol,6745.0,6874.0,1.0
2024.10.11_10-59-12_Biarmipes_G224_1hexanol,6878.0,6911.0,1.0
2024.10.11_10-59-12_Biarmipes_G224_1hexanol,6924.0,6925.0,1.0
2024.10.11_10-59-12_Biarmipes_G224_1hexanol,6934.0,7016.0,1.0
2024.10.11_10-59-12_Biarmipes_G224_1hexanol,7018.0,7018.0,1.0
2024.10.11_10-59-12_Biarmipes_G224_1hexanol,7028.0,8452.0,1.0
2024.10.11_10-59-12_Biarmipes_G224_1hexanol,8455.0,8858.0,1.0
2024.10.11_10-59-12_Biarmipes_G224_1hexanol,8860.0,8864.0,1.0
2024.10.11_10-59-12_Biarmipes_G224_1hexanol,8867.0,8867.0,1.0
2024.11.01_06-57-56_Yakuba7_metben,6774.0,6821.0,1.0
2024.11.01_06-57-56_Yakuba7_metben,6823.0,6841.0,1.0
2024.11.01_06-57-56_Yakuba7_metben,6843.0,6858.0,1.0
2024.11.01_06-57-56_Yakuba7_metben,6860.0,6863.0,1.0
2024.10.23_11-08-40_Stocago_prenac,4718.0,8013.0,1.0
2024.10.23_11-08-40_Stocago_prenac,8015.0,8082.0,1.0
2024.10.23_11-08-40_Stocago_prenac,8084.0,8244.0,1.0
2024.10.23_11-08-40_Stocago_prenac,8246.0,8248.0,1.0
2024.10.23_11-08-40_Stocago_prenac,8253.0,8253.0,1.0
2024.10.23_11-08-40_Stocago_prenac,8256.0,8259.0,1.0
2024.10.23_11-08-40_Stocago_prenac,8261.0,8264.0,1.0
2024.10.23_11-08-40_Stocago_prenac,8269.0,8269.0,1.0
2024.10.23_11-08-40_Stocago_prenac,8271.0,8278.0,1.0
2024.10.23_11-08-40_Stocago_prenac,8282.0,8282.0,1.0
2024.10.23_11-08-40_Stocago_prenac,8285.0,8308.0,1.0
2024.10.23_11-08-40_Stocago_prenac,8310.0,8310.0,1.0
2024.10.23_11-08-40_Stocago_prenac,8312.0,8314.0,1.0
2024.10.23_11-08-40_Stocago_prenac,8316.0,8317.0,1.0
2024.10.23_11-08-40_Stocago_prenac,8319.0,8323.0,1.0
2024.10.23_11-08-40_Stocago_prenac,8325.0,8325.0,1.0
2024.10.23_11-08-40_Stocago_prenac,8327.0,8327.0,1.0
2024.10.23_11-08-40_Stocago_prenac,8329.0,8339.0,1.0
2024.10.23_11-08-40_Stocago_prenac,8341.0,8362.0,1.0
2024.10.23_11-08-40_Stocago_prenac,8364.0,8367.0,1.0
2024.10.23_11-08-40_Stocago_prenac,8369.0,8370.0,1.0
2024.10.23_11-08-40_Stocago_prenac,8372.0,8382.0,1.0
2024.10.23_11-08-40_Stocago_prenac,8387.0,8390.0,1.0
2024.10.23_11-08-40_Stocago_prenac,8392.0,8393.0,1.0
2024.10.23_11-08-40_Stocago_prenac,8395.0,8398.0,1.0
2024.10.23_11-08-40_Stocago_prenac,8400.0,8403.0,1.0
2024.10.23_11-08-40_Stocago_prenac,8406.0,8415.0,1.0
2024.10.23_11-08-40_Stocago_prenac,8417.0,8417.0,1.0
2024.10.23_11-08-40_Stocago_prenac,8421.0,8422.0,1.0
2024.10.23_11-08-40_Stocago_prenac,8425.0,8425.0,1.0
2024.10.23_11-08-40_Stocago_prenac,8427.0,8430.0,1.0
2024.10.23_11-08-40_Stocago_prenac,8433.0,8439.0,1.0
2024.10.23_11-08-40_Stocago_prenac,8442.0,8442.0,1.0
2024.10.23_11-08-40_Stocago_prenac,8445.0,8446.0,1.0
2024.10.23_11-08-40_Stocago_prenac,8448.0,8452.0,1.0
2024.10.23_11-08-40_Stocago_prenac,8456.0,8458.0,1.0
2024.10.23_11-08-40_Stocago_prenac,8460.0,8460.0,1.0
2024.10.23_11-08-40_Stocago_prenac,8462.0,8462.0,1.0
2024.10.23_11-08-40_Stocago_prenac,8470.0,8471.0,1.0
2024.10.23_11-08-40_Stocago_prenac,8473.0,8475.0,1.0
2024.10.23_11-08-40_Stocago_prenac,8479.0,8479.0,1.0
2024.10.23_11-08-40_Stocago_prenac,8482.0,8482.0,1.0
2024.10.23_11-08-40_Stocago_prenac,8485.0,8490.0,1.0
2024.10.23_11-08-40_Stocago_prenac,8492.0,8495.0,1.0
2024.10.23_11-08-40_Stocago_prenac,8500.0,8504.0,1.0
2024.10.23_11-08-40_Stocago_prenac,8506.0,8507.0,1.0
2024.10.23_11-08-40_Stocago_prenac,8511.0,8511.0,1.0
2024.10.23_11-08-40_Stocago_prenac,8518.0,8520.0,1.0
2024.10.23_11-08-40_Stocago_prenac,8523.0,8523.0,1.0
2024.10.23_11-08-40_Stocago_prenac,8526.0,8529.0,1.0
2024.10.23_11-08-40_Stocago_prenac,8531.0,8531.0,1.0
2024.10.23_11-08-40_Stocago_prenac,8540.0,8546.0,1.0
2024.10.23_11-08-40_Stocago_prenac,8548.0,8558.0,1.0
2024.10.23_11-08-40_Stocago_prenac,8560.0,8561.0,1.0
2024.10.23_11-08-40_Stocago_prenac,8566.0,8566.0,1.0
2024.10.23_11-08-40_Stocago_prenac,8568.0,8573.0,1.0
2024.10.23_11-08-40_Stocago_prenac,8575.0,8576.0,1.0
2024.10.23_11-08-40_Stocago_prenac,8578.0,8589.0,1.0
2024.10.23_11-08-40_Stocago_prenac,8593.0,8593.0,1.0
2024.10.23_11-08-40_Stocago_prenac,8595.0,8596.0,1.0
2024.10.23_11-08-40_Stocago_prenac,8599.0,8600.0,1.0
2024.10.23_11-08-40_Stocago_prenac,8602.0,8602.0,1.0
2024.10.23_11-08-40_Stocago_prenac,8608.0,8615.0,1.0
2024.10.23_11-08-40_Stocago_prenac,8618.0,8621.0,1.0
2024.10.23_11-08-40_Stocago_prenac,8624.0,8626.0,1.0
2024.10.23_11-08-40_Stocago_prenac,8628.0,8630.0,1.0
2024.10.23_11-08-40_Stocago_prenac,8633.0,8633.0,1.0
2024.10.23_11-08-40_Stocago_prenac,8638.0,8638.0,1.0
2024.10.23_11-08-40_Stocago_prenac,8641.0,8641.0,1.0
2024.10.23_11-08-40_Stocago_prenac,8649.0,8649.0,1.0
2024.10.23_11-08-40_Stocago_prenac,8651.0,8651.0,1.0
2024.10.23_11-08-40_Stocago_prenac,8659.0,8659.0,1.0
2024.10.23_11-08-40_Stocago_prenac,8668.0,8668.0,1.0
2024.10.23_11-08-40_Stocago_prenac,8671.0,8671.0,1.0
2024.10.23_11-08-40_Stocago_prenac,8681.0,8681.0,1.0
2024.10.23_11-08-40_Stocago_prenac,8683.0,8683.0,1.0
2024.10.23_11-08-40_Stocago_prenac,8685.0,8685.0,1.0
2024.10.23_11-08-40_Stocago_prenac,8704.0,8705.0,1.0
2024.10.23_11-08-40_Stocago_prenac,8708.0,8708.0,1.0
2024.10.23_11-08-40_Stocago_prenac,8711.0,8712.0,1.0
2024.10.23_11-08-40_Stocago_prenac,8718.0,8719.0,1.0
2024.10.23_11-08-40_Stocago_prenac,8722.0,8722.0,1.0
2024.10.23_11-08-40_Stocago_prenac,8725.0,8726.0,1.0
2024.10.23_11-08-40_Stocago_prenac,8741.0,8741.0,1.0
2024.10.23_11-08-40_Stocago_prenac,8744.0,8744.0,1.0
2024.10.23_11-08-40_Stocago_prenac,8748.0,8748.0,1.0
2024.10.23_11-08-40_Stocago_prenac,8754.0,8756.0,1.0
2024.10.23_11-08-40_Stocago_prenac,8762.0,8762.0,1.0
2024.10.23_11-08-40_Stocago_prenac,8770.0,8770.0,1.0
2024.10.23_11-08-40_Stocago_prenac,8777.0,8779.0,1.0
2024.10.23_11-08-40_Stocago_prenac,8781.0,8781.0,1.0
2024.10.23_11-08-40_Stocago_prenac,8784.0,8786.0,1.0
2024.10.23_11-08-40_Stocago_prenac,8790.0,8791.0,1.0
2024.10.23_11-08-40_Stocago_prenac,8799.0,8800.0,1.0
2024.10.23_11-08-40_Stocago_prenac,8806.0,8806.0,1.0
2024.10.23_11-08-40_Stocago_prenac,8808.0,8809.0,1.0
2024.10.23_11-08-40_Stocago_prenac,8814.0,8814.0,1.0
2024.10.23_11-08-40_Stocago_prenac,8819.0,8820.0,1.0
2024.10.23_11-08-40_Stocago_prenac,8823.0,8823.0,1.0
2024.10.23_11-08-40_Stocago_prenac,8825.0,8825.0,1.0
2024.10.23_11-08-40_Stocago_prenac,8827.0,8828.0,1.0
2024.10.23_11-08-40_Stocago_prenac,8830.0,8830.0,1.0
2024.10.23_11-08-40_Stocago_prenac,8832.0,8833.0,1.0
2024.10.23_11-08-40_Stocago_prenac,8845.0,8845.0,1.0
2024.10.23_11-08-40_Stocago_prenac,8850.0,8850.0,1.0
2024.10.23_11-08-40_Stocago_prenac,8853.0,8854.0,1.0
2024.10.23_11-08-40_Stocago_prenac,8861.0,8861.0,1.0
2024.10.23_11-08-40_Stocago_prenac,8875.0,8875.0,1.0
2024.10.23_11-08-40_Stocago_prenac,8881.0,8883.0,1.0
2024.10.23_11-08-40_Stocago_prenac,8887.0,8887.0,1.0
2024.10.23_11-08-40_Stocago_prenac,8893.0,8893.0,1.0
2024.10.23_11-08-40_Stocago_prenac,8897.0,8898.0,1.0
2024.10.23_11-08-40_Stocago_prenac,8902.0,8903.0,1.0
2024.11.13_04-21-36_Biarmipes84_e2hex,3894.0,4550.0,1.0
2024.11.13_04-21-36_Biarmipes84_e2hex,4552.0,6391.0,1.0
2024.11.13_04-21-36_Biarmipes84_e2hex,6393.0,6421.0,1.0
2024.11.13_04-21-36_Biarmipes84_e2hex,6423.0,6423.0,1.0
2024.11.13_04-21-36_Biarmipes84_e2hex,6426.0,6427.0,1.0
2024.11.13_04-21-36_Biarmipes84_e2hex,6431.0,6432.0,1.0
2024.11.13_04-21-36_Biarmipes84_e2hex,6435.0,6436.0,1.0
2024.11.13_04-21-36_Biarmipes84_e2hex,6441.0,6441.0,1.0
2024.11.13_04-21-36_Biarmipes84_e2hex,6446.0,6446.0,1.0
2024.11.13_04-21-36_Biarmipes84_e2hex,6449.0,6449.0,1.0
2024.11.13_04-21-36_Biarmipes84_e2hex,6452.0,6452.0,1.0
2024.11.13_04-21-36_Biarmipes84_e2hex,6454.0,6454.0,1.0
2024.11.13_04-21-36_Biarmipes84_e2hex,6460.0,6461.0,1.0
2024.11.13_04-21-36_Biarmipes84_e2hex,6464.0,6467.0,1.0
2024.11.13_04-21-36_Biarmipes84_e2hex,6469.0,6469.0,1.0
2024.11.13_04-21-36_Biarmipes84_e2hex,6471.0,6493.0,1.0
2024.11.13_04-21-36_Biarmipes84_e2hex,6495.0,6500.0,1.0
2024.11.13_04-21-36_Biarmipes84_e2hex,6502.0,6504.0,1.0
2024.11.13_04-21-36_Biarmipes84_e2hex,6506.0,6507.0,1.0
2024.11.13_04-21-36_Biarmipes84_e2hex,6510.0,6523.0,1.0
2024.11.13_04-21-36_Biarmipes84_e2hex,6525.0,6526.0,1.0
2024.11.13_04-21-36_Biarmipes84_e2hex,6528.0,6532.0,1.0
2024.11.13_04-21-36_Biarmipes84_e2hex,6534.0,6534.0,1.0
2024.11.13_04-21-36_Biarmipes84_e2hex,6537.0,6539.0,1.0
2024.11.13_04-21-36_Biarmipes84_e2hex,6541.0,6547.0,1.0
2024.11.13_04-21-36_Biarmipes84_e2hex,6552.0,6553.0,1.0
2024.11.13_04-21-36_Biarmipes84_e2hex,6555.0,6555.0,1.0
2024.11.13_04-21-36_Biarmipes84_e2hex,6558.0,6560.0,1.0
2024.11.13_04-21-36_Biarmipes84_e2hex,6565.0,6567.0,1.0
2024.11.13_04-21-36_Biarmipes84_e2hex,6570.0,6570.0,1.0
2024.11.13_04-21-36_Biarmipes84_e2hex,6575.0,6577.0,1.0
2024.11.13_04-21-36_Biarmipes84_e2hex,6580.0,6580.0,1.0
2024.11.13_04-21-36_Biarmipes84_e2hex,6585.0,6598.0,1.0
2024.11.13_04-21-36_Biarmipes84_e2hex,6600.0,6601.0,1.0
2024.11.13_04-21-36_Biarmipes84_e2hex,6603.0,6610.0,1.0
2024.11.13_04-21-36_Biarmipes84_e2hex,6612.0,6612.0,1.0
2024.11.13_04-21-36_Biarmipes84_e2hex,6615.0,6615.0,1.0
2024.11.13_04-21-36_Biarmipes84_e2hex,6617.0,6621.0,1.0
2024.11.13_04-21-36_Biarmipes84_e2hex,6624.0,6630.0,1.0
2024.11.13_04-21-36_Biarmipes84_e2hex,6632.0,6634.0,1.0
2024.11.13_04-21-36_Biarmipes84_e2hex,6636.0,6638.0,1.0
2024.11.13_04-21-36_Biarmipes84_e2hex,6640.0,6640.0,1.0
2024.11.13_04-21-36_Biarmipes84_e2hex,6642.0,6647.0,1.0
2024.11.13_04-21-36_Biarmipes84_e2hex,6651.0,6652.0,1.0
2024.11.13_04-21-36_Biarmipes84_e2hex,6654.0,6655.0,1.0
2024.11.13_04-21-36_Biarmipes84_e2hex,6657.0,6659.0,1.0
2024.11.13_04-21-36_Biarmipes84_e2hex,6661.0,6661.0,1.0
2024.11.13_04-21-36_Biarmipes84_e2hex,6663.0,6667.0,1.0
2024.11.13_04-21-36_Biarmipes84_e2hex,6670.0,6675.0,1.0
2024.11.13_04-21-36_Biarmipes84_e2hex,6677.0,6830.0,1.0
2024.11.13_04-21-36_Biarmipes84_e2hex,6832.0,6863.0,1.0
2024.11.13_04-21-36_Biarmipes84_e2hex,6865.0,6898.0,1.0
2024.11.13_04-21-36_Biarmipes84_e2hex,6900.0,6904.0,1.0
2024.11.13_04-21-36_Biarmipes84_e2hex,6906.0,6906.0,1.0
2024.11.13_04-21-36_Biarmipes84_e2hex,6908.0,6908.0,1.0
2024.11.13_04-21-36_Biarmipes84_e2hex,6910.0,6911.0,1.0
2024.11.13_04-21-36_Biarmipes84_e2hex,6913.0,6913.0,1.0
2024.11.13_04-21-36_Biarmipes84_e2hex,6915.0,6917.0,1.0
2024.11.13_04-21-36_Biarmipes84_e2hex,6919.0,6933.0,1.0
2024.11.13_04-21-36_Biarmipes84_e2hex,6936.0,6941.0,1.0
2024.11.13_04-21-36_Biarmipes84_e2hex,6943.0,6943.0,1.0
2024.11.13_04-21-36_Biarmipes84_e2hex,6945.0,6946.0,1.0
2024.11.13_04-21-36_Biarmipes84_e2hex,6948.0,6948.0,1.0
2024.11.13_04-21-36_Biarmipes84_e2hex,6950.0,6951.0,1.0
2024.11.13_04-21-36_Biarmipes84_e2hex,6955.0,6955.0,1.0
2024.11.13_04-21-36_Biarmipes84_e2hex,6957.0,6957.0,1.0
2024.11.13_04-21-36_Biarmipes84_e2hex,6959.0,6964.0,1.0
2024.11.13_04-21-36_Biarmipes84_e2hex,6966.0,6966.0,1.0
2024.11.13_04-21-36_Biarmipes84_e2hex,6968.0,6971.0,1.0
2024.11.13_04-21-36_Biarmipes84_e2hex,6973.0,6973.0,1.0
2024.11.13_04-21-36_Biarmipes84_e2hex,6977.0,6977.0,1.0
2024.11.13_04-21-36_Biarmipes84_e2hex,6979.0,6979.0,1.0
2024.11.13_04-21-36_Biarmipes84_e2hex,6981.0,6984.0,1.0
2024.11.13_04-21-36_Biarmipes84_e2hex,6986.0,6990.0,1.0
2024.11.13_04-21-36_Biarmipes84_e2hex,6992.0,6994.0,1.0
2024.11.13_04-21-36_Biarmipes84_e2hex,7003.0,7006.0,1.0
2024.11.13_04-21-36_Biarmipes84_e2hex,7008.0,7011.0,1.0
2024.11.13_04-21-36_Biarmipes84_e2hex,7021.0,7022.0,1.0
2024.11.13_04-21-36_Biarmipes84_e2hex,7028.0,7028.0,1.0
2024.11.13_04-21-36_Biarmipes84_e2hex,7035.0,7037.0,1.0
2024.11.13_04-21-36_Biarmipes84_e2hex,7039.0,7039.0,1.0
2024.11.13_04-21-36_Biarmipes84_e2hex,7050.0,7050.0,1.0
2024.11.13_04-21-36_Biarmipes84_e2hex,7052.0,7052.0,1.0
2024.11.13_04-21-36_Biarmipes84_e2hex,7054.0,7055.0,1.0
2024.11.13_04-21-36_Biarmipes84_e2hex,7057.0,7059.0,1.0
2024.11.13_04-21-36_Biarmipes84_e2hex,7062.0,7067.0,1.0
2024.11.13_04-21-36_Biarmipes84_e2hex,7069.0,7075.0,1.0
2024.11.13_04-21-36_Biarmipes84_e2hex,7079.0,7080.0,1.0
2024.11.13_04-21-36_Biarmipes84_e2hex,7082.0,7083.0,1.0
2024.11.13_04-21-36_Biarmipes84_e2hex,7085.0,7095.0,1.0
2024.11.13_04-21-36_Biarmipes84_e2hex,7097.0,7114.0,1.0
2024.11.13_04-21-36_Biarmipes84_e2hex,7116.0,7116.0,1.0
2024.11.13_04-21-36_Biarmipes84_e2hex,7118.0,7133.0,1.0
2024.11.13_04-21-36_Biarmipes84_e2hex,7135.0,7135.0,1.0
2024.11.13_04-21-36_Biarmipes84_e2hex,7141.0,7155.0,1.0
2024.11.13_04-21-36_Biarmipes84_e2hex,7157.0,7913.0,1.0
2024.10.15_14-11-00_Sechellia_prenac,3.0,894.0,1.0
2024.10.15_14-11-00_Sechellia_prenac,897.0,899.0,1.0
2024.10.15_14-11-00_Sechellia_prenac,901.0,901.0,1.0
2024.10.15_14-11-00_Sechellia_prenac,904.0,905.0,1.0
2024.10.15_14-11-00_Sechellia_prenac,909.0,912.0,1.0
2024.10.15_14-11-00_Sechellia_prenac,914.0,930.0,1.0
2024.10.15_14-11-00_Sechellia_prenac,932.0,940.0,1.0
2024.10.15_14-11-00_Sechellia_prenac,942.0,943.0,1.0
2024.10.15_14-11-00_Sechellia_prenac,945.0,945.0,1.0
2024.10.15_14-11-00_Sechellia_prenac,948.0,949.0,1.0
2024.10.15_14-11-00_Sechellia_prenac,951.0,1538.0,1.0
2024.10.15_14-11-00_Sechellia_prenac,1540.0,1555.0,1.0
2024.10.15_14-11-00_Sechellia_prenac,1557.0,1558.0,1.0
2024.10.15_14-11-00_Sechellia_prenac,1560.0,1560.0,1.0
2024.10.15_14-11-00_Sechellia_prenac,1562.0,1566.0,1.0
2024.10.15_14-11-00_Sechellia_prenac,1569.0,1573.0,1.0
2024.10.15_14-11-00_Sechellia_prenac,1583.0,1584.0,1.0
2024.10.15_14-11-00_Sechellia_prenac,1586.0,1586.0,1.0
2024.10.15_14-11-00_Sechellia_prenac,1588.0,1588.0,1.0
2024.10.15_14-11-00_Sechellia_prenac,1591.0,1591.0,1.0
2024.10.15_14-11-00_Sechellia_prenac,1593.0,1593.0,1.0
2024.10.15_14-11-00_Sechellia_prenac,1598.0,1600.0,1.0
2024.11.04_09-55-32_Sechellia28_e2hex,1474.0,3269.0,1.0
2024.11.04_09-55-32_Sechellia28_e2hex,6270.0,6321.0,1.0
2024.11.04_09-55-32_Sechellia28_e2hex,6323.0,6323.0,1.0
2024.11.04_09-55-32_Sechellia28_e2hex,6325.0,6336.0,1.0
2024.11.04_09-55-32_Sechellia28_e2hex,6338.0,6347.0,1.0
2024.11.04_09-55-32_Sechellia28_e2hex,6349.0,6355.0,1.0
2024.11.04_09-55-32_Sechellia28_e2hex,6357.0,6357.0,1.0
2024.11.04_09-55-32_Sechellia28_e2hex,6359.0,7301.0,1.0
2024.11.14_21-20-24_Sto_car_e2hex,5881.0,8769.0,1.0
2024.11.14_21-20-24_Sto_car_e2hex,8771.0,8872.0,1.0
2024.11.14_21-20-24_Sto_car_e2hex,8874.0,8890.0,1.0
2024.11.14_21-20-24_Sto_car_e2hex,8892.0,8896.0,1.0
2024.11.14_21-20-24_Sto_car_e2hex,8898.0,8905.0,1.0
2024.11.14_21-20-24_Sto_car_e2hex,8907.0,8907.0,1.0
2024.11.14_21-20-24_Sto_car_e2hex,8909.0,8909.0,1.0
2024.11.14_21-20-24_Sto_car_e2hex,8911.0,8911.0,1.0
2024.11.14_21-20-24_Sto_car_e2hex,8918.0,8919.0,1.0
2024.11.14_21-20-24_Sto_car_e2hex,8922.0,8934.0,1.0
2024.11.14_21-20-24_Sto_car_e2hex,8936.0,8948.0,1.0
2024.11.14_21-20-24_Sto_car_e2hex,8950.0,8950.0,1.0
2024.11.14_21-20-24_Sto_car_e2hex,8952.0,8954.0,1.0
2024.11.14_21-20-24_Sto_car_e2hex,8957.0,8966.0,1.0
2024.11.14_21-20-24_Sto_car_e2hex,8968.0,8968.0,1.0
2024.11.14_21-20-24_Sto_car_e2hex,8971.0,8971.0,1.0
2024.11.14_21-20-24_Sto_car_e2hex,8977.0,8977.0,1.0
2024.11.14_21-20-24_Sto_car_e2hex,8980.0,8980.0,1.0
2024.11.14_21-20-24_Sto_car_e2hex,8982.0,8990.0,1.0
2024.11.14_21-20-24_Sto_car_e2hex,8994.0,8994.0,1.0
2024.07.10_12-04-21_Riverside (MetBut),5579.0,5579.0,1.0
2024.10.11_14-44-40_Yakuba_Cameroon_2hexanol,3444.0,3444.0,1.0
2024.10.11_14-44-40_Yakuba_Cameroon_2hexanol,3446.0,3476.0,1.0
2024.10.11_14-44-40_Yakuba_Cameroon_2hexanol,3478.0,3508.0,1.0
2024.10.11_14-44-40_Yakuba_Cameroon_2hexanol,3511.0,3719.0,1.0
2024.10.11_14-44-40_Yakuba_Cameroon_2hexanol,3721.0,3721.0,1.0
2024.10.11_14-44-40_Yakuba_Cameroon_2hexanol,3728.0,3788.0,1.0
2024.10.11_14-44-40_Yakuba_Cameroon_2hexanol,4046.0,4046.0,1.0
2024.10.11_14-44-40_Yakuba_Cameroon_2hexanol,4048.0,4051.0,1.0
2024.10.11_14-44-40_Yakuba_Cameroon_2hexanol,4053.0,4061.0,1.0
2024.10.11_14-44-40_Yakuba_Cameroon_2hexanol,4063.0,4063.0,1.0
2024.10.11_14-44-40_Yakuba_Cameroon_2hexanol,4066.0,4067.0,1.0
2024.10.11_14-44-40_Yakuba_Cameroon_2hexanol,4069.0,4073.0,1.0
2024.10.11_14-44-40_Yakuba_Cameroon_2hexanol,4076.0,4385.0,1.0
2024.10.11_14-44-40_Yakuba_Cameroon_2hexanol,4396.0,4429.0,1.0
2024.10.23_08-34-30_Biarmipes84_prenac,3.0,1253.0,1.0
2024.10.23_08-34-30_Biarmipes84_prenac,1255.0,1256.0,1.0
2024.10.23_08-34-30_Biarmipes84_prenac,1259.0,1261.0,1.0
2024.10.23_08-34-30_Biarmipes84_prenac,1263.0,1267.0,1.0
2024.10.23_08-34-30_Biarmipes84_prenac,1269.0,1271.0,1.0
2024.10.23_08-34-30_Biarmipes84_prenac,1273.0,1274.0,1.0
2024.10.23_08-34-30_Biarmipes84_prenac,1277.0,1278.0,1.0
2024.10.23_08-34-30_Biarmipes84_prenac,1284.0,1284.0,1.0
2024.10.23_08-34-30_Biarmipes84_prenac,1288.0,1289.0,1.0
2024.10.23_08-34-30_Biarmipes84_prenac,1293.0,1294.0,1.0
2024.10.23_08-34-30_Biarmipes84_prenac,1299.0,1300.0,1.0
2024.10.23_08-34-30_Biarmipes84_prenac,1305.0,1306.0,1.0
2024.10.23_08-34-30_Biarmipes84_prenac,1308.0,1309.0,1.0
2024.10.23_08-34-30_Biarmipes84_prenac,1311.0,1316.0,1.0
2024.10.23_08-34-30_Biarmipes84_prenac,1318.0,1323.0,1.0
2024.10.23_08-34-30_Biarmipes84_prenac,1326.0,1329.0,1.0
2024.10.23_08-34-30_Biarmipes84_prenac,1331.0,1335.0,1.0
2024.10.23_08-34-30_Biarmipes84_prenac,1340.0,1343.0,1.0
2024.10.23_08-34-30_Biarmipes84_prenac,1345.0,1346.0,1.0
2024.10.23_08-34-30_Biarmipes84_prenac,1351.0,1351.0,1.0
2024.10.23_08-34-30_Biarmipes84_prenac,1353.0,1388.0,1.0
2024.10.23_08-34-30_Biarmipes84_prenac,1390.0,1497.0,1.0
2024.10.23_08-34-30_Biarmipes84_prenac,1499.0,1503.0,1.0
2024.10.23_08-34-30_Biarmipes84_prenac,1505.0,1508.0,1.0
2024.10.23_08-34-30_Biarmipes84_prenac,1510.0,1537.0,1.0
2024.10.23_08-34-30_Biarmipes84_prenac,1539.0,1541.0,1.0
2024.10.23_08-34-30_Biarmipes84_prenac,1543.0,1544.0,1.0
2024.10.23_08-34-30_Biarmipes84_prenac,1546.0,1546.0,1.0
2024.10.23_08-34-30_Biarmipes84_prenac,1548.0,1550.0,1.0
2024.10.23_08-34-30_Biarmipes84_prenac,1553.0,1553.0,1.0
2024.10.23_08-34-30_Biarmipes84_prenac,1556.0,1557.0,1.0
2024.10.23_08-34-30_Biarmipes84_prenac,1561.0,1562.0,1.0
2024.10.23_08-34-30_Biarmipes84_prenac,1564.0,1564.0,1.0
2024.10.23_08-34-30_Biarmipes84_prenac,1569.0,1570.0,1.0
2024.10.23_08-34-30_Biarmipes84_prenac,1572.0,1572.0,1.0
2024.10.23_08-34-30_Biarmipes84_prenac,1575.0,1575.0,1.0
2024.10.23_08-34-30_Biarmipes84_prenac,1577.0,1577.0,1.0
2024.10.23_08-34-30_Biarmipes84_prenac,1586.0,1586.0,1.0
2024.10.23_08-34-30_Biarmipes84_prenac,1589.0,1590.0,1.0
2024.10.23_08-34-30_Biarmipes84_prenac,1594.0,1594.0,1.0
2024.10.23_08-34-30_Biarmipes84_prenac,1597.0,1597.0,1.0
2024.10.23_08-34-30_Biarmipes84_prenac,1601.0,1602.0,1.0
2024.10.23_08-34-30_Biarmipes84_prenac,1604.0,1604.0,1.0
2024.10.23_08-34-30_Biarmipes84_prenac,1612.0,1614.0,1.0
2024.10.23_08-34-30_Biarmipes84_prenac,1617.0,1617.0,1.0
2024.10.23_08-34-30_Biarmipes84_prenac,1619.0,1619.0,1.0
2024.10.23_08-34-30_Biarmipes84_prenac,1623.0,1626.0,1.0
2024.10.23_08-34-30_Biarmipes84_prenac,1630.0,1630.0,1.0
2024.10.23_08-34-30_Biarmipes84_prenac,1636.0,1636.0,1.0
2024.10.23_08-34-30_Biarmipes84_prenac,1638.0,1638.0,1.0
2024.10.23_08-34-30_Biarmipes84_prenac,1640.0,1641.0,1.0
2024.10.23_08-34-30_Biarmipes84_prenac,1643.0,1646.0,1.0
2024.10.23_08-34-30_Biarmipes84_prenac,1649.0,1650.0,1.0
2024.10.23_08-34-30_Biarmipes84_prenac,1654.0,1655.0,1.0
2024.10.23_08-34-30_Biarmipes84_prenac,1657.0,1657.0,1.0
2024.10.23_08-34-30_Biarmipes84_prenac,1662.0,1662.0,1.0
2024.10.23_08-34-30_Biarmipes84_prenac,1668.0,1669.0,1.0
2024.10.23_08-34-30_Biarmipes84_prenac,1672.0,1673.0,1.0
2024.10.23_08-34-30_Biarmipes84_prenac,1675.0,1677.0,1.0
2024.10.23_08-34-30_Biarmipes84_prenac,1679.0,1831.0,1.0
2024.10.23_08-34-30_Biarmipes84_prenac,1834.0,1842.0,1.0
2024.10.23_08-34-30_Biarmipes84_prenac,1844.0,1847.0,1.0
2024.10.23_08-34-30_Biarmipes84_prenac,1849.0,1850.0,1.0
2024.10.23_08-34-30_Biarmipes84_prenac,1852.0,1853.0,1.0
2024.10.23_08-34-30_Biarmipes84_prenac,1855.0,1900.0,1.0
2024.10.23_08-34-30_Biarmipes84_prenac,1902.0,1904.0,1.0
2024.10.23_08-34-30_Biarmipes84_prenac,1906.0,1911.0,1.0
2024.10.23_08-34-30_Biarmipes84_prenac,1913.0,2000.0,1.0
2025.03.07_11-42-10_Sussex_metbut,3.0,605.0,1.0
2025.03.07_11-42-10_Sussex_metbut,608.0,610.0,1.0
2025.03.07_11-42-10_Sussex_metbut,623.0,705.0,1.0
2025.03.07_11-42-10_Sussex_metbut,707.0,760.0,1.0
2025.03.07_11-42-10_Sussex_metbut,762.0,762.0,1.0
2025.03.07_11-42-10_Sussex_metbut,770.0,770.0,1.0
2025.03.07_11-42-10_Sussex_metbut,801.0,801.0,1.0
2025.03.07_11-42-10_Sussex_metbut,803.0,1760.0,1.0
2025.03.07_11-42-10_Sussex_metbut,1763.0,1784.0,1.0
2024.10.02_10-25-56_Biarmipes_G224_no_odor,3.0,420.0,1.0
2024.10.02_10-25-56_Biarmipes_G224_no_odor,432.0,434.0,1.0
2024.10.02_10-25-56_Biarmipes_G224_no_odor,436.0,438.0,1.0
2024.10.02_10-25-56_Biarmipes_G224_no_odor,442.0,453.0,1.0
2024.10.02_10-25-56_Biarmipes_G224_no_odor,455.0,572.0,1.0
2024.10.02_10-25-56_Biarmipes_G224_no_odor,575.0,576.0,1.0
2024.10.02_10-25-56_Biarmipes_G224_no_odor,578.0,580.0,1.0
2024.11.21_18-13-24_CantonS_no_odor,1011.0,1982.0,1.0
2024.11.21_18-13-24_CantonS_no_odor,1984.0,1985.0,1.0
2024.11.21_18-13-24_CantonS_no_odor,1987.0,1996.0,1.0
2024.11.21_18-13-24_CantonS_no_odor,1999.0,1999.0,1.0
2024.11.21_18-13-24_CantonS_no_odor,2003.0,2007.0,1.0
2024.11.21_18-13-24_CantonS_no_odor,2009.0,2010.0,1.0
2024.11.21_18-13-24_CantonS_no_odor,2031.0,2031.0,1.0
2024.11.21_18-13-24_CantonS_no_odor,2035.0,2458.0,1.0
2024.11.21_18-13-24_CantonS_no_odor,2460.0,2466.0,1.0
2024.11.21_18-13-24_CantonS_no_odor,2469.0,2469.0,1.0
2024.11.21_18-13-24_CantonS_no_odor,2471.0,2587.0,1.0
2024.10.18_09-33-31_Sussex_prenac,2531.0,2536.0,1.0
2024.10.18_09-33-31_Sussex_prenac,2538.0,8999.0,1.0
2024.07.09_12-09-58_Riverside (E-2-Hex),8048.0,8677.0,1.0
2024.10.23_14-42-52_Biarmipes_g224_prenac,2850.0,3479.0,1.0
2024.10.23_14-42-52_Biarmipes_g224_prenac,3481.0,3691.0,1.0
2024.11.05_06-11-14_CantonS_e2hex,2593.0,2609.0,1.0
2024.11.05_06-11-14_CantonS_e2hex,2612.0,3027.0,1.0
2024.11.05_06-11-14_CantonS_e2hex,3029.0,3036.0,1.0
2024.11.05_06-11-14_CantonS_e2hex,3042.0,3042.0,1.0
2024.11.05_06-11-14_CantonS_e2hex,3060.0,5493.0,1.0
2024.11.05_06-11-14_CantonS_e2hex,5498.0,5499.0,1.0
2024.11.05_06-11-14_CantonS_e2hex,5501.0,5507.0,1.0
2024.11.05_06-11-14_CantonS_e2hex,5510.0,5510.0,1.0
2024.11.05_06-11-14_CantonS_e2hex,8007.0,8012.0,1.0
2024.11.05_06-11-14_CantonS_e2hex,8014.0,8014.0,1.0
2024.11.05_06-11-14_CantonS_e2hex,8016.0,8166.0,1.0
2024.11.05_06-11-14_CantonS_e2hex,8168.0,8190.0,1.0
2024.11.05_06-11-14_CantonS_e2hex,8192.0,8193.0,1.0
2024.11.05_06-11-14_CantonS_e2hex,8195.0,8223.0,1.0
2024.11.05_06-11-14_CantonS_e2hex,8225.0,8233.0,1.0
2024.11.05_06-11-14_CantonS_e2hex,8235.0,8281.0,1.0
2024.11.05_06-11-14_CantonS_e2hex,8283.0,8316.0,1.0
2024.11.05_06-11-14_CantonS_e2hex,8318.0,8322.0,1.0
2024.11.05_06-11-14_CantonS_e2hex,8324.0,8355.0,1.0
2024.11.05_06-11-14_CantonS_e2hex,8357.0,8389.0,1.0
2024.11.05_06-11-14_CantonS_e2hex,8391.0,8423.0,1.0
2024.11.05_06-11-14_CantonS_e2hex,8425.0,8453.0,1.0
2024.11.05_06-11-14_CantonS_e2hex,8455.0,8465.0,1.0
2024.11.05_06-11-14_CantonS_e2hex,8467.0,8979.0,1.0
2024.10.10_09-01-51_Sto_car_no_odor,1906.0,1906.0,1.0
2024.10.10_09-01-51_Sto_car_no_odor,1908.0,1908.0,1.0
2024.10.10_09-01-51_Sto_car_no_odor,1910.0,3763.0,1.0
2024.10.10_09-01-51_Sto_car_no_odor,3765.0,3787.0,1.0
2024.10.10_09-01-51_Sto_car_no_odor,3789.0,3789.0,1.0
2024.10.10_09-01-51_Sto_car_no_odor,3791.0,3802.0,1.0
2024.10.10_09-01-51_Sto_car_no_odor,3804.0,3809.0,1.0
2024.10.10_09-01-51_Sto_car_no_odor,3812.0,3812.0,1.0
2024.10.10_09-01-51_Sto_car_no_odor,3814.0,3817.0,1.0
2024.10.10_09-01-51_Sto_car_no_odor,3819.0,3831.0,1.0
2024.10.10_09-01-51_Sto_car_no_odor,3833.0,3833.0,1.0
2024.10.10_09-01-51_Sto_car_no_odor,3865.0,4837.0,1.0
2024.10.10_09-01-51_Sto_car_no_odor,4839.0,4840.0,1.0
2024.10.31_02-13-01_Yakuba_cameroon_metben,3.0,157.0,1.0
2024.10.31_02-13-01_Yakuba_cameroon_metben,168.0,170.0,1.0
2024.10.31_02-13-01_Yakuba_cameroon_metben,172.0,173.0,1.0
2024.10.31_02-13-01_Yakuba_cameroon_metben,175.0,184.0,1.0
2024.10.31_02-13-01_Yakuba_cameroon_metben,187.0,323.0,1.0
2024.10.31_02-13-01_Yakuba_cameroon_metben,325.0,339.0,1.0
2024.10.31_02-13-01_Yakuba_cameroon_metben,341.0,343.0,1.0
2024.10.31_02-13-01_Yakuba_cameroon_metben,345.0,346.0,1.0
2024.10.31_02-13-01_Yakuba_cameroon_metben,7331.0,7400.0,1.0
2024.10.10_11-51-42_sussex_metbut,3.0,2175.0,1.0
2024.10.10_11-51-42_sussex_metbut,2177.0,2193.0,1.0
2024.10.10_11-51-42_sussex_metbut,2196.0,2199.0,1.0
2024.10.10_11-51-42_sussex_metbut,2201.0,3145.0,1.0
2024.10.10_11-51-42_sussex_metbut,3147.0,3147.0,1.0
2024.10.10_11-51-42_sussex_metbut,3155.0,3156.0,1.0
2024.10.10_11-51-42_sussex_metbut,3161.0,3163.0,1.0
2024.10.10_11-51-42_sussex_metbut,3165.0,3167.0,1.0
2024.10.10_11-51-42_sussex_metbut,4074.0,4305.0,1.0
2024.10.10_11-51-42_sussex_metbut,4307.0,4693.0,1.0
2024.10.10_11-51-42_sussex_metbut,4695.0,4853.0,1.0
2024.10.10_11-51-42_sussex_metbut,4855.0,4867.0,1.0
2024.10.10_11-51-42_sussex_metbut,4870.0,4870.0,1.0
2024.10.10_11-51-42_sussex_metbut,4875.0,4875.0,1.0
2024.10.10_11-51-42_sussex_metbut,4877.0,4897.0,1.0
2024.10.10_11-51-42_sussex_metbut,4899.0,4905.0,1.0
2024.10.10_11-51-42_sussex_metbut,4908.0,4913.0,1.0
2024.10.03_15-55-02_Yakuba7_2hex,3.0,4848.0,1.0
2024.10.03_15-55-02_Yakuba7_2hex,7628.0,7629.0,1.0
2024.10.03_15-55-02_Yakuba7_2hex,7634.0,7634.0,1.0
2024.10.03_15-55-02_Yakuba7_2hex,7644.0,7644.0,1.0
2024.10.03_15-55-02_Yakuba7_2hex,7662.0,7663.0,1.0
2024.10.03_15-55-02_Yakuba7_2hex,7691.0,7691.0,1.0
2024.10.03_15-55-02_Yakuba7_2hex,7693.0,7693.0,1.0
2024.10.03_15-55-02_Yakuba7_2hex,7704.0,7704.0,1.0
2024.10.03_15-55-02_Yakuba7_2hex,7712.0,7714.0,1.0
2024.10.03_15-55-02_Yakuba7_2hex,7721.0,7723.0,1.0
2024.10.03_15-55-02_Yakuba7_2hex,7725.0,7726.0,1.0
2024.10.03_15-55-02_Yakuba7_2hex,7728.0,7728.0,1.0
2024.10.03_15-55-02_Yakuba7_2hex,7730.0,7741.0,1.0
2024.10.03_15-55-02_Yakuba7_2hex,7743.0,7747.0,1.0
2024.10.03_15-55-02_Yakuba7_2hex,7749.0,7754.0,1.0
2024.10.03_15-55-02_Yakuba7_2hex,7757.0,7758.0,1.0
2024.10.03_15-55-02_Yakuba7_2hex,7760.0,7793.0,1.0
2024.10.03_15-55-02_Yakuba7_2hex,7795.0,7943.0,1.0
2024.10.03_15-55-02_Yakuba7_2hex,7945.0,7946.0,1.0
2024.10.03_15-55-02_Yakuba7_2hex,7948.0,8003.0,1.0
2024.10.03_15-55-02_Yakuba7_2hex,8005.0,8011.0,1.0
2024.10.03_15-55-02_Yakuba7_2hex,8013.0,8015.0,1.0
2024.10.03_15-55-02_Yakuba7_2hex,8018.0,8025.0,1.0
2024.10.03_15-55-02_Yakuba7_2hex,8027.0,8028.0,1.0
2024.10.03_15-55-02_Yakuba7_2hex,8030.0,8033.0,1.0
2024.10.03_15-55-02_Yakuba7_2hex,8035.0,8035.0,1.0
2024.10.03_15-55-02_Yakuba7_2hex,8037.0,8046.0,1.0
2024.10.03_15-55-02_Yakuba7_2hex,8048.0,8051.0,1.0
2024.10.03_15-55-02_Yakuba7_2hex,8054.0,8060.0,1.0
2024.10.03_15-55-02_Yakuba7_2hex,8062.0,8063.0,1.0
2024.10.03_15-55-02_Yakuba7_2hex,8065.0,8068.0,1.0
2024.10.03_15-55-02_Yakuba7_2hex,8070.0,8077.0,1.0
2024.10.03_15-55-02_Yakuba7_2hex,8079.0,8080.0,1.0
2024.10.03_15-55-02_Yakuba7_2hex,8082.0,8084.0,1.0
2024.10.03_15-55-02_Yakuba7_2hex,8086.0,8089.0,1.0
2024.10.03_15-55-02_Yakuba7_2hex,8091.0,8093.0,1.0
2024.10.03_15-55-02_Yakuba7_2hex,8095.0,8472.0,1.0
2024.09.30_16-37-52_Biarmipes84_no_odor,4662.0,4981.0,1.0
2024.09.30_16-37-52_Biarmipes84_no_odor,4983.0,5033.0,1.0
2024.09.30_16-37-52_Biarmipes84_no_odor,5035.0,8566.0,1.0
2024.09.30_16-37-52_Biarmipes84_no_odor,8568.0,8696.0,1.0
2024.09.30_16-37-52_Biarmipes84_no_odor,8698.0,8727.0,1.0
2024.09.30_16-37-52_Biarmipes84_no_odor,8729.0,8786.0,1.0
2024.09.30_16-37-52_Biarmipes84_no_odor,8788.0,8815.0,1.0
2024.09.30_16-37-52_Biarmipes84_no_odor,8817.0,8830.0,1.0
2024.09.30_16-37-52_Biarmipes84_no_odor,8832.0,8861.0,1.0
2024.09.30_16-37-52_Biarmipes84_no_odor,8874.0,8875.0,1.0
2024.09.30_16-37-52_Biarmipes84_no_odor,8877.0,8886.0,1.0
2024.09.30_16-37-52_Biarmipes84_no_odor,8888.0,8955.0,1.0
2024.09.30_16-37-52_Biarmipes84_no_odor,8957.0,8964.0,1.0
2024.09.30_16-37-52_Biarmipes84_no_odor,8966.0,8972.0,1.0
2024.09.30_16-37-52_Biarmipes84_no_odor,8974.0,8998.0,1.0
2024.10.24_12-10-34_Biarmipes84_prenac,3433.0,3496.0,1.0
2024.10.24_12-10-34_Biarmipes84_prenac,3498.0,3530.0,1.0
2024.10.24_12-10-34_Biarmipes84_prenac,3532.0,3552.0,1.0
2024.10.24_12-10-34_Biarmipes84_prenac,3554.0,3559.0,1.0
2024.10.24_12-10-34_Biarmipes84_prenac,3561.0,3620.0,1.0
2024.10.24_12-10-34_Biarmipes84_prenac,3622.0,3702.0,1.0
2024.10.24_12-10-34_Biarmipes84_prenac,3705.0,3715.0,1.0
2024.10.24_12-10-34_Biarmipes84_prenac,3717.0,3734.0,1.0
2024.10.24_12-10-34_Biarmipes84_prenac,3736.0,3814.0,1.0
2024.10.24_12-10-34_Biarmipes84_prenac,3816.0,3827.0,1.0
2024.10.24_12-10-34_Biarmipes84_prenac,3829.0,3862.0,1.0
2024.10.24_12-10-34_Biarmipes84_prenac,3864.0,3879.0,1.0
2024.10.24_12-10-34_Biarmipes84_prenac,3881.0,3912.0,1.0
2024.10.24_12-10-34_Biarmipes84_prenac,3914.0,3916.0,1.0
2024.10.24_12-10-34_Biarmipes84_prenac,3918.0,3918.0,1.0
2024.10.24_12-10-34_Biarmipes84_prenac,3920.0,3922.0,1.0
2024.10.24_12-10-34_Biarmipes84_prenac,3925.0,3925.0,1.0
2024.10.24_12-10-34_Biarmipes84_prenac,3927.0,3927.0,1.0
2024.10.24_12-10-34_Biarmipes84_prenac,3929.0,3938.0,1.0
2024.10.24_12-10-34_Biarmipes84_prenac,3942.0,3942.0,1.0
2024.10.24_12-10-34_Biarmipes84_prenac,3945.0,3945.0,1.0
2024.10.24_12-10-34_Biarmipes84_prenac,3949.0,3950.0,1.0
2024.10.24_12-10-34_Biarmipes84_prenac,3955.0,3955.0,1.0
2024.10.24_12-10-34_Biarmipes84_prenac,3962.0,3962.0,1.0
2024.10.24_12-10-34_Biarmipes84_prenac,3965.0,3965.0,1.0
2024.10.24_12-10-34_Biarmipes84_prenac,3967.0,3967.0,1.0
2024.10.24_12-10-34_Biarmipes84_prenac,3985.0,3986.0,1.0
2024.10.24_12-10-34_Biarmipes84_prenac,3994.0,3994.0,1.0
2024.10.24_12-10-34_Biarmipes84_prenac,3999.0,3999.0,1.0
2024.10.24_12-10-34_Biarmipes84_prenac,4001.0,4002.0,1.0
2024.10.24_12-10-34_Biarmipes84_prenac,4004.0,4004.0,1.0
2024.10.24_12-10-34_Biarmipes84_prenac,4007.0,4007.0,1.0
2024.10.24_12-10-34_Biarmipes84_prenac,4017.0,4017.0,1.0
2024.10.24_12-10-34_Biarmipes84_prenac,4021.0,4021.0,1.0
2024.10.24_12-10-34_Biarmipes84_prenac,4024.0,4024.0,1.0
2024.10.24_12-10-34_Biarmipes84_prenac,4026.0,4026.0,1.0
2024.10.24_12-10-34_Biarmipes84_prenac,4028.0,4028.0,1.0
2024.10.24_12-10-34_Biarmipes84_prenac,4033.0,4034.0,1.0
2024.10.24_12-10-34_Biarmipes84_prenac,4048.0,4048.0,1.0
2024.10.24_12-10-34_Biarmipes84_prenac,4051.0,4051.0,1.0
2024.10.24_12-10-34_Biarmipes84_prenac,4055.0,4055.0,1.0
2024.10.24_12-10-34_Biarmipes84_prenac,4057.0,4057.0,1.0
2024.10.24_12-10-34_Biarmipes84_prenac,4060.0,4060.0,1.0
2024.10.24_12-10-34_Biarmipes84_prenac,4067.0,4070.0,1.0
2024.10.24_12-10-34_Biarmipes84_prenac,4072.0,4072.0,1.0
2024.10.24_12-10-34_Biarmipes84_prenac,4074.0,4074.0,1.0
2024.10.24_12-10-34_Biarmipes84_prenac,4076.0,4076.0,1.0
2024.10.24_12-10-34_Biarmipes84_prenac,4082.0,4085.0,1.0
2024.10.24_12-10-34_Biarmipes84_prenac,4090.0,4090.0,1.0
2024.10.24_12-10-34_Biarmipes84_prenac,4093.0,4093.0,1.0
2024.10.24_12-10-34_Biarmipes84_prenac,4095.0,4095.0,1.0
2024.10.24_12-10-34_Biarmipes84_prenac,4111.0,4111.0,1.0
2024.10.24_12-10-34_Biarmipes84_prenac,4113.0,4114.0,1.0
2024.10.24_12-10-34_Biarmipes84_prenac,4120.0,4120.0,1.0
2024.10.24_12-10-34_Biarmipes84_prenac,4127.0,4127.0,1.0
2024.10.24_12-10-34_Biarmipes84_prenac,4135.0,4135.0,1.0
2024.10.24_12-10-34_Biarmipes84_prenac,4142.0,4142.0,1.0
2024.10.24_12-10-34_Biarmipes84_prenac,4148.0,4148.0,1.0
2024.10.24_12-10-34_Biarmipes84_prenac,4153.0,4153.0,1.0
2024.10.24_12-10-34_Biarmipes84_prenac,4156.0,4157.0,1.0
2024.10.24_12-10-34_Biarmipes84_prenac,4159.0,4160.0,1.0
2024.10.24_12-10-34_Biarmipes84_prenac,4163.0,4163.0,1.0
2024.10.24_12-10-34_Biarmipes84_prenac,4167.0,4167.0,1.0
2024.10.24_12-10-34_Biarmipes84_prenac,4172.0,4173.0,1.0
2024.10.24_12-10-34_Biarmipes84_prenac,4179.0,4179.0,1.0
2024.10.24_12-10-34_Biarmipes84_prenac,4182.0,4182.0,1.0
2024.10.24_12-10-34_Biarmipes84_prenac,4189.0,4190.0,1.0
2024.10.24_12-10-34_Biarmipes84_prenac,4192.0,4198.0,1.0
2024.10.24_12-10-34_Biarmipes84_prenac,4200.0,4200.0,1.0
2024.10.24_12-10-34_Biarmipes84_prenac,4203.0,4203.0,1.0
2024.10.24_12-10-34_Biarmipes84_prenac,4205.0,4205.0,1.0
2024.10.24_12-10-34_Biarmipes84_prenac,4207.0,4207.0,1.0
2024.10.24_12-10-34_Biarmipes84_prenac,4212.0,4213.0,1.0
2024.10.24_12-10-34_Biarmipes84_prenac,4215.0,4215.0,1.0
2024.10.24_12-10-34_Biarmipes84_prenac,4217.0,4219.0,1.0
2024.10.24_12-10-34_Biarmipes84_prenac,4221.0,4226.0,1.0
2024.10.24_12-10-34_Biarmipes84_prenac,4228.0,4228.0,1.0
2024.10.24_12-10-34_Biarmipes84_prenac,4230.0,4230.0,1.0
2024.10.24_12-10-34_Biarmipes84_prenac,4234.0,4235.0,1.0
2024.10.24_12-10-34_Biarmipes84_prenac,4237.0,4238.0,1.0
2024.10.24_12-10-34_Biarmipes84_prenac,4240.0,4240.0,1.0
2024.10.24_12-10-34_Biarmipes84_prenac,4242.0,4242.0,1.0
2024.10.24_12-10-34_Biarmipes84_prenac,4247.0,4251.0,1.0
2024.10.24_12-10-34_Biarmipes84_prenac,4253.0,4259.0,1.0
2024.10.24_12-10-34_Biarmipes84_prenac,4261.0,4262.0,1.0
2024.10.24_12-10-34_Biarmipes84_prenac,4265.0,4266.0,1.0
2024.10.24_12-10-34_Biarmipes84_prenac,4268.0,4270.0,1.0
2024.10.24_12-10-34_Biarmipes84_prenac,4273.0,4280.0,1.0
2024.10.24_12-10-34_Biarmipes84_prenac,4282.0,4282.0,1.0
2024.10.24_12-10-34_Biarmipes84_prenac,4284.0,4333.0,1.0
2024.10.24_12-10-34_Biarmipes84_prenac,4335.0,4645.0,1.0
2024.10.24_12-10-34_Biarmipes84_prenac,4647.0,4650.0,1.0
2024.10.24_12-10-34_Biarmipes84_prenac,4653.0,7365.0,1.0
2024.10.24_12-10-34_Biarmipes84_prenac,7367.0,7369.0,1.0
2024.10.24_12-10-34_Biarmipes84_prenac,7371.0,7392.0,1.0
2024.10.24_12-10-34_Biarmipes84_prenac,7394.0,7395.0,1.0
2024.10.24_12-10-34_Biarmipes84_prenac,7397.0,7397.0,1.0
2024.10.24_12-10-34_Biarmipes84_prenac,7401.0,7401.0,1.0
2024.10.24_12-10-34_Biarmipes84_prenac,7405.0,7405.0,1.0
2024.10.24_12-10-34_Biarmipes84_prenac,7407.0,7407.0,1.0
2024.10.24_12-10-34_Biarmipes84_prenac,7409.0,7417.0,1.0
2024.10.24_12-10-34_Biarmipes84_prenac,7421.0,7427.0,1.0
2024.10.24_12-10-34_Biarmipes84_prenac,7429.0,7430.0,1.0
2024.10.24_12-10-34_Biarmipes84_prenac,7435.0,7437.0,1.0
2024.10.24_12-10-34_Biarmipes84_prenac,7441.0,7442.0,1.0
2024.10.24_12-10-34_Biarmipes84_prenac,7445.0,7448.0,1.0
2024.10.24_12-10-34_Biarmipes84_prenac,7451.0,7452.0,1.0
2024.10.24_12-10-34_Biarmipes84_prenac,7454.0,7458.0,1.0
2024.10.24_12-10-34_Biarmipes84_prenac,7461.0,7462.0,1.0
2024.10.24_12-10-34_Biarmipes84_prenac,7464.0,7464.0,1.0
2024.10.24_12-10-34_Biarmipes84_prenac,7466.0,7491.0,1.0
2024.10.24_12-10-34_Biarmipes84_prenac,7493.0,7505.0,1.0
2024.10.24_12-10-34_Biarmipes84_prenac,7507.0,7524.0,1.0
2024.10.24_12-10-34_Biarmipes84_prenac,7526.0,7537.0,1.0
2024.10.24_12-10-34_Biarmipes84_prenac,7540.0,7544.0,1.0
2024.10.24_12-10-34_Biarmipes84_prenac,7546.0,7556.0,1.0
2024.10.24_12-10-34_Biarmipes84_prenac,7558.0,7573.0,1.0
2024.10.24_12-10-34_Biarmipes84_prenac,7575.0,7576.0,1.0
2024.10.24_12-10-34_Biarmipes84_prenac,7579.0,7583.0,1.0
2024.10.24_12-10-34_Biarmipes84_prenac,7586.0,7588.0,1.0
2024.10.24_12-10-34_Biarmipes84_prenac,7590.0,7598.0,1.0
2024.10.24_12-10-34_Biarmipes84_prenac,7600.0,7605.0,1.0
2024.10.24_12-10-34_Biarmipes84_prenac,7608.0,7624.0,1.0
2024.10.24_12-10-34_Biarmipes84_prenac,7626.0,7628.0,1.0
2024.10.24_12-10-34_Biarmipes84_prenac,7630.0,7632.0,1.0
2024.10.24_12-10-34_Biarmipes84_prenac,7634.0,7636.0,1.0
2024.10.24_12-10-34_Biarmipes84_prenac,7638.0,7644.0,1.0
2024.10.24_12-10-34_Biarmipes84_prenac,7646.0,7667.0,1.0
2024.10.24_12-10-34_Biarmipes84_prenac,7669.0,7672.0,1.0
2024.10.24_12-10-34_Biarmipes84_prenac,7674.0,7864.0,1.0
2024.10.24_12-10-34_Biarmipes84_prenac,7871.0,7877.0,1.0
2024.10.24_12-10-34_Biarmipes84_prenac,7879.0,7880.0,1.0
2024.10.24_12-10-34_Biarmipes84_prenac,7882.0,7884.0,1.0
2024.10.24_12-10-34_Biarmipes84_prenac,7886.0,7888.0,1.0
2024.10.24_12-10-34_Biarmipes84_prenac,7890.0,8006.0,1.0
2024.10.24_12-10-34_Biarmipes84_prenac,8009.0,8727.0,1.0
2025.03.07_08-09-39_CantonS_metbut,4846.0,6438.0,1.0
2025.03.07_08-09-39_CantonS_metbut,6440.0,6599.0,1.0
2025.03.07_08-09-39_CantonS_metbut,6618.0,6618.0,1.0
2025.03.07_08-09-39_CantonS_metbut,6620.0,7242.0,1.0
2025.03.07_08-09-39_CantonS_metbut,7245.0,7277.0,1.0
2025.03.07_08-09-39_CantonS_metbut,7279.0,7281.0,1.0
2025.03.07_08-09-39_CantonS_metbut,7286.0,7306.0,1.0
2025.03.07_08-09-39_CantonS_metbut,7308.0,7310.0,1.0
2025.03.07_08-09-39_CantonS_metbut,7313.0,7318.0,1.0
2025.03.07_08-09-39_CantonS_metbut,7322.0,7323.0,1.0
2025.03.07_08-09-39_CantonS_metbut,7360.0,7367.0,1.0
2025.03.07_08-09-39_CantonS_metbut,7369.0,7369.0,1.0
2025.03.07_08-09-39_CantonS_metbut,7371.0,7378.0,1.0
2025.03.07_08-09-39_CantonS_metbut,7380.0,8999.0,1.0
2024.10.11_11-11-37_Biarmipes_G224_1hexanol,4986.0,4986.0,1.0
2024.10.11_11-11-37_Biarmipes_G224_1hexanol,4988.0,4999.0,1.0
2024.10.11_11-11-37_Biarmipes_G224_1hexanol,5005.0,5005.0,1.0
2024.10.11_11-11-37_Biarmipes_G224_1hexanol,5007.0,5023.0,1.0
2024.10.11_11-11-37_Biarmipes_G224_1hexanol,5025.0,5049.0,1.0
2024.10.11_11-11-37_Biarmipes_G224_1hexanol,5051.0,5081.0,1.0
2024.10.11_11-11-37_Biarmipes_G224_1hexanol,5083.0,5126.0,1.0
2024.10.11_11-11-37_Biarmipes_G224_1hexanol,5128.0,5138.0,1.0
2024.10.11_11-11-37_Biarmipes_G224_1hexanol,5140.0,5153.0,1.0
2024.10.11_11-11-37_Biarmipes_G224_1hexanol,5208.0,7796.0,1.0
2024.10.11_11-11-37_Biarmipes_G224_1hexanol,7798.0,8161.0,1.0
2024.10.11_11-11-37_Biarmipes_G224_1hexanol,8163.0,8198.0,1.0
2024.10.11_11-11-37_Biarmipes_G224_1hexanol,8200.0,8201.0,1.0
2024.10.11_11-11-37_Biarmipes_G224_1hexanol,8203.0,8253.0,1.0
2024.10.11_11-11-37_Biarmipes_G224_1hexanol,8255.0,8257.0,1.0
2024.10.11_11-11-37_Biarmipes_G224_1hexanol,8260.0,8261.0,1.0
2024.10.11_11-11-37_Biarmipes_G224_1hexanol,8263.0,8263.0,1.0
2024.10.11_11-11-37_Biarmipes_G224_1hexanol,8265.0,8265.0,1.0
2024.10.11_11-11-37_Biarmipes_G224_1hexanol,8269.0,8269.0,1.0
2024.10.23_11-02-52_Stocago_prenac,3.0,3030.0,1.0
2024.10.23_11-02-52_Stocago_prenac,3032.0,3434.0,1.0
2024.10.23_11-02-52_Stocago_prenac,3436.0,3470.0,1.0
2024.10.23_11-02-52_Stocago_prenac,3472.0,3474.0,1.0
2024.10.23_11-02-52_Stocago_prenac,3476.0,3498.0,1.0
2024.10.23_11-02-52_Stocago_prenac,3501.0,3561.0,1.0
2024.10.23_11-02-52_Stocago_prenac,3563.0,3563.0,1.0
2024.10.23_11-02-52_Stocago_prenac,3568.0,3840.0,1.0
2024.10.23_11-02-52_Stocago_prenac,3842.0,3935.0,1.0
2024.10.23_11-02-52_Stocago_prenac,3943.0,3983.0,1.0
2024.10.23_11-02-52_Stocago_prenac,3997.0,4062.0,1.0
2024.10.23_11-02-52_Stocago_prenac,4070.0,4103.0,1.0
2024.10.23_11-02-52_Stocago_prenac,4108.0,4134.0,1.0
2024.10.23_11-02-52_Stocago_prenac,4138.0,4183.0,1.0
2024.10.23_11-02-52_Stocago_prenac,4185.0,4191.0,1.0
2024.10.23_11-02-52_Stocago_prenac,4193.0,4194.0,1.0
2024.10.23_11-02-52_Stocago_prenac,4197.0,4197.0,1.0
2024.11.05_02-28-29_Yakuba7_e2hex,7247.0,7248.0,1.0
2024.11.05_02-28-29_Yakuba7_e2hex,7250.0,7256.0,1.0
2024.11.05_02-28-29_Yakuba7_e2hex,7258.0,7263.0,1.0
2024.11.05_02-28-29_Yakuba7_e2hex,7277.0,7302.0,1.0
2024.11.05_02-28-29_Yakuba7_e2hex,7304.0,7316.0,1.0
2024.11.05_02-28-29_Yakuba7_e2hex,7318.0,8731.0,1.0
2024.11.05_02-28-29_Yakuba7_e2hex,8733.0,8999.0,1.0
2024.10.25_08-18-11_Sussex_metben,5571.0,5573.0,1.0
2024.10.25_08-18-11_Sussex_metben,5575.0,5575.0,1.0
2024.10.25_08-18-11_Sussex_metben,5577.0,5579.0,1.0
2024.10.25_08-18-11_Sussex_metben,5586.0,5588.0,1.0
2024.10.25_08-18-11_Sussex_metben,5598.0,5598.0,1.0
2024.10.25_08-18-11_Sussex_metben,5602.0,5603.0,1.0
2024.10.25_08-18-11_Sussex_metben,5607.0,5607.0,1.0
2024.10.25_08-18-11_Sussex_metben,5609.0,5613.0,1.0
2024.10.25_08-18-11_Sussex_metben,5615.0,5615.0,1.0
2024.10.25_08-18-11_Sussex_metben,5618.0,5621.0,1.0
2024.10.25_08-18-11_Sussex_metben,5630.0,5630.0,1.0
2024.10.25_08-18-11_Sussex_metben,5639.0,5639.0,1.0
2024.10.25_08-18-11_Sussex_metben,5641.0,5641.0,1.0
2024.10.25_08-18-11_Sussex_metben,5645.0,5645.0,1.0
2024.10.25_08-18-11_Sussex_metben,5654.0,5667.0,1.0
2024.10.25_08-18-11_Sussex_metben,5669.0,5670.0,1.0
2024.10.25_08-18-11_Sussex_metben,5674.0,5674.0,1.0
2024.10.25_08-18-11_Sussex_metben,5689.0,5689.0,1.0
2024.10.25_08-18-11_Sussex_metben,5696.0,5696.0,1.0
2024.10.25_08-18-11_Sussex_metben,5698.0,5698.0,1.0
2024.10.25_08-18-11_Sussex_metben,5703.0,5718.0,1.0
2024.10.25_08-18-11_Sussex_metben,5726.0,5749.0,1.0
2024.10.25_08-18-11_Sussex_metben,5751.0,5758.0,1.0
2024.10.25_08-18-11_Sussex_metben,5760.0,5762.0,1.0
2024.10.25_08-18-11_Sussex_metben,5764.0,5764.0,1.0
2024.10.25_08-18-11_Sussex_metben,5766.0,5766.0,1.0
2024.10.25_08-18-11_Sussex_metben,5768.0,5874.0,1.0
2024.10.25_08-18-11_Sussex_metben,5876.0,8586.0,1.0
2024.10.25_08-18-11_Sussex_metben,8588.0,8657.0,1.0
2024.10.25_08-18-11_Sussex_metben,8659.0,8661.0,1.0
2024.10.25_08-18-11_Sussex_metben,8663.0,8778.0,1.0
2024.10.25_08-18-11_Sussex_metben,8780.0,8783.0,1.0
2024.10.25_08-18-11_Sussex_metben,8785.0,8786.0,1.0
2024.10.25_08-18-11_Sussex_metben,8788.0,8826.0,1.0
2024.10.25_08-18-11_Sussex_metben,8828.0,8829.0,1.0
2024.10.25_08-18-11_Sussex_metben,8831.0,8833.0,1.0
2024.10.25_08-18-11_Sussex_metben,8835.0,8836.0,1.0
2024.10.25_08-18-11_Sussex_metben,8838.0,8858.0,1.0
2024.10.25_08-18-11_Sussex_metben,8861.0,8882.0,1.0
2024.10.25_08-18-11_Sussex_metben,8884.0,8892.0,1.0
2024.10.25_08-18-11_Sussex_metben,8894.0,8894.0,1.0
2024.10.25_08-18-11_Sussex_metben,8896.0,8900.0,1.0
2024.10.25_08-18-11_Sussex_metben,8902.0,8916.0,1.0
2024.10.30_03-01-19_Sechellia28_metben,3.0,4998.0,1.0
2024.10.30_03-01-19_Sechellia28_metben,5000.0,5001.0,1.0
2024.10.30_03-01-19_Sechellia28_metben,5004.0,5008.0,1.0
2024.10.30_03-01-19_Sechellia28_metben,5011.0,5033.0,1.0
2024.10.30_03-01-19_Sechellia28_metben,5035.0,5400.0,1.0
2024.10.30_03-01-19_Sechellia28_metben,5402.0,5427.0,1.0
2024.11.04_09-49-47_Sechellia28_e2hex,155.0,1107.0,1.0
2024.11.04_09-49-47_Sechellia28_e2hex,1109.0,1121.0,1.0
2024.11.04_09-49-47_Sechellia28_e2hex,1123.0,1129.0,1.0
2024.11.04_09-49-47_Sechellia28_e2hex,1131.0,1135.0,1.0
2024.11.04_09-49-47_Sechellia28_e2hex,1137.0,1153.0,1.0
2024.11.04_09-49-47_Sechellia28_e2hex,1157.0,1162.0,1.0
2024.11.04_09-49-47_Sechellia28_e2hex,1164.0,1171.0,1.0
2024.11.04_09-49-47_Sechellia28_e2hex,1173.0,1173.0,1.0
2024.11.04_09-49-47_Sechellia28_e2hex,1175.0,1175.0,1.0
2024.11.04_09-49-47_Sechellia28_e2hex,1177.0,1189.0,1.0
2024.11.04_09-49-47_Sechellia28_e2hex,1191.0,1194.0,1.0
2024.11.04_09-49-47_Sechellia28_e2hex,1197.0,1197.0,1.0
2024.11.04_09-49-47_Sechellia28_e2hex,1199.0,1239.0,1.0
2024.11.04_09-49-47_Sechellia28_e2hex,1241.0,1244.0,1.0
2024.11.04_09-49-47_Sechellia28_e2hex,1246.0,1249.0,1.0
2024.11.04_09-49-47_Sechellia28_e2hex,1251.0,1254.0,1.0
2024.11.04_09-49-47_Sechellia28_e2hex,1256.0,1256.0,1.0
2024.11.04_09-49-47_Sechellia28_e2hex,1258.0,1261.0,1.0
2024.11.04_09-49-47_Sechellia28_e2hex,1263.0,1264.0,1.0
2024.11.04_09-49-47_Sechellia28_e2hex,5288.0,6148.0,1.0
2024.11.04_09-49-47_Sechellia28_e2hex,7812.0,7813.0,1.0
2024.11.04_09-49-47_Sechellia28_e2hex,7816.0,7816.0,1.0
2024.11.04_09-49-47_Sechellia28_e2hex,7822.0,7822.0,1.0
2024.11.04_09-49-47_Sechellia28_e2hex,7827.0,7827.0,1.0
2024.11.04_09-49-47_Sechellia28_e2hex,7829.0,7829.0,1.0
2024.11.04_09-49-47_Sechellia28_e2hex,7834.0,7834.0,1.0
2024.11.04_09-49-47_Sechellia28_e2hex,7838.0,7838.0,1.0
2024.11.04_09-49-47_Sechellia28_e2hex,7841.0,7841.0,1.0
2024.11.04_09-49-47_Sechellia28_e2hex,7845.0,7846.0,1.0
2024.11.04_09-49-47_Sechellia28_e2hex,7848.0,7848.0,1.0
2024.11.04_09-49-47_Sechellia28_e2hex,7853.0,7853.0,1.0
2024.11.04_09-49-47_Sechellia28_e2hex,7857.0,7857.0,1.0
2024.11.04_09-49-47_Sechellia28_e2hex,7859.0,7862.0,1.0
2024.11.04_09-49-47_Sechellia28_e2hex,7864.0,7865.0,1.0
2024.11.04_09-49-47_Sechellia28_e2hex,7867.0,7868.0,1.0
2024.11.04_09-49-47_Sechellia28_e2hex,7873.0,7873.0,1.0
2024.11.04_09-49-47_Sechellia28_e2hex,7877.0,7877.0,1.0
2024.11.04_09-49-47_Sechellia28_e2hex,7881.0,7881.0,1.0
2024.11.04_09-49-47_Sechellia28_e2hex,7883.0,7887.0,1.0
2024.11.04_09-49-47_Sechellia28_e2hex,7890.0,7902.0,1.0
2024.11.04_09-49-47_Sechellia28_e2hex,7904.0,8092.0,1.0
2024.11.04_09-49-47_Sechellia28_e2hex,8094.0,8150.0,1.0
2024.11.04_09-49-47_Sechellia28_e2hex,8152.0,8166.0,1.0
2024.10.25_06-22-34_CantonS_metben,3598.0,3667.0,1.0
2024.10.25_06-22-34_CantonS_metben,3669.0,4280.0,1.0
2024.10.25_06-22-34_CantonS_metben,4282.0,4282.0,1.0
2024.10.25_06-22-34_CantonS_metben,4284.0,4284.0,1.0
2024.10.25_06-22-34_CantonS_metben,4300.0,4306.0,1.0
2024.10.25_06-22-34_CantonS_metben,4309.0,5010.0,1.0
2024.10.25_06-22-34_CantonS_metben,5012.0,5013.0,1.0
2024.10.25_06-22-34_CantonS_metben,5015.0,5022.0,1.0
2024.10.25_06-22-34_CantonS_metben,5024.0,5024.0,1.0
2024.10.25_06-22-34_CantonS_metben,5026.0,5027.0,1.0
2024.10.25_06-22-34_CantonS_metben,5029.0,5030.0,1.0
2024.10.25_06-22-34_CantonS_metben,5034.0,5034.0,1.0
2024.10.25_06-22-34_CantonS_metben,5038.0,5038.0,1.0
2024.10.14_11-00-19_Sussex_metbut,3.0,3151.0,1.0
2024.10.14_11-00-19_Sussex_metbut,3153.0,3157.0,1.0
2024.10.14_11-00-19_Sussex_metbut,3161.0,3173.0,1.0
2024.10.14_11-00-19_Sussex_metbut,3177.0,3177.0,1.0
2024.10.28_07-44-19_stocago_metben,3.0,2087.0,1.0
2024.10.28_07-44-19_stocago_metben,2089.0,2089.0,1.0
2024.10.28_07-44-19_stocago_metben,2099.0,2099.0,1.0
2024.10.28_07-44-19_stocago_metben,2115.0,2115.0,1.0
2024.10.28_07-44-19_stocago_metben,2117.0,7245.0,1.0
2024.10.02_10-46-18_Biarmipes_G224_no_odor,3.0,407.0,1.0
2024.10.02_10-46-18_Biarmipes_G224_no_odor,412.0,453.0,1.0
2024.10.18_06-37-46_CantonS_prenac,3.0,2475.0,1.0
2024.10.18_06-37-46_CantonS_prenac,2477.0,2598.0,1.0
2024.10.18_06-37-46_CantonS_prenac,2600.0,2927.0,1.0
2024.12.18_17-28-44_Biarmipes_G224_prenac,3.0,73.0,1.0
2024.12.18_17-28-44_Biarmipes_G224_prenac,789.0,790.0,1.0
2024.12.18_17-28-44_Biarmipes_G224_prenac,792.0,799.0,1.0
2024.12.18_17-28-44_Biarmipes_G224_prenac,801.0,801.0,1.0
2024.12.18_17-28-44_Biarmipes_G224_prenac,805.0,810.0,1.0
2024.10.16_08-46-41_Stocago_2hexanol,3.0,812.0,1.0
2024.10.16_08-46-41_Stocago_2hexanol,814.0,855.0,1.0
2024.10.16_08-46-41_Stocago_2hexanol,857.0,863.0,1.0
2024.10.16_08-46-41_Stocago_2hexanol,865.0,1347.0,1.0
2024.10.16_08-46-41_Stocago_2hexanol,1349.0,1521.0,1.0
2024.10.16_08-46-41_Stocago_2hexanol,1525.0,1525.0,1.0
2024.10.16_08-46-41_Stocago_2hexanol,1528.0,1718.0,1.0
2024.10.16_08-46-41_Stocago_2hexanol,1720.0,1732.0,1.0
2024.10.16_08-46-41_Stocago_2hexanol,1735.0,2256.0,1.0
2024.10.16_08-46-41_Stocago_2hexanol,2258.0,2258.0,1.0
2024.10.16_08-46-41_Stocago_2hexanol,2260.0,2280.0,1.0
2024.10.16_08-46-41_Stocago_2hexanol,2283.0,2296.0,1.0
2024.10.16_08-46-41_Stocago_2hexanol,2299.0,2363.0,1.0
2024.10.16_08-46-41_Stocago_2hexanol,2366.0,2396.0,1.0
2024.10.16_08-46-41_Stocago_2hexanol,8253.0,8255.0,1.0
2024.10.16_08-46-41_Stocago_2hexanol,8258.0,8259.0,1.0
2024.10.16_08-46-41_Stocago_2hexanol,8264.0,8305.0,1.0
2024.10.16_08-46-41_Stocago_2hexanol,8313.0,8327.0,1.0
2024.10.16_08-46-41_Stocago_2hexanol,8329.0,8330.0,1.0
2024.10.16_08-46-41_Stocago_2hexanol,8334.0,8999.0,1.0
2025.04.09_16-26-09_Sussex_metbut,3.0,1384.0,1.0
2024.11.14_20-55-03_Sto_car_e2hex,3925.0,3933.0,1.0
2024.11.14_20-55-03_Sto_car_e2hex,3935.0,3936.0,1.0
2024.11.14_20-55-03_Sto_car_e2hex,3938.0,3945.0,1.0
2024.11.14_20-55-03_Sto_car_e2hex,3947.0,3986.0,1.0
2024.11.14_20-55-03_Sto_car_e2hex,3988.0,4304.0,1.0
2024.11.14_20-55-03_Sto_car_e2hex,4306.0,4327.0,1.0
2024.11.14_20-55-03_Sto_car_e2hex,4330.0,4331.0,1.0
2024.11.14_20-55-03_Sto_car_e2hex,4353.0,4353.0,1.0
2024.11.14_20-55-03_Sto_car_e2hex,4357.0,4359.0,1.0
2024.11.14_20-55-03_Sto_car_e2hex,4361.0,4432.0,1.0
2024.11.14_20-55-03_Sto_car_e2hex,4434.0,4435.0,1.0
2024.11.14_20-55-03_Sto_car_e2hex,4438.0,4441.0,1.0
2024.11.14_20-55-03_Sto_car_e2hex,4444.0,4446.0,1.0
2024.11.14_20-55-03_Sto_car_e2hex,4449.0,4449.0,1.0
2024.11.14_20-55-03_Sto_car_e2hex,4453.0,4453.0,1.0
2024.11.14_20-55-03_Sto_car_e2hex,4455.0,4456.0,1.0
2024.11.14_20-55-03_Sto_car_e2hex,4458.0,4458.0,1.0
2024.11.14_20-55-03_Sto_car_e2hex,4461.0,4461.0,1.0
2024.11.14_20-55-03_Sto_car_e2hex,4463.0,4467.0,1.0
2024.11.14_20-55-03_Sto_car_e2hex,4469.0,4469.0,1.0
2024.11.14_20-55-03_Sto_car_e2hex,4473.0,4476.0,1.0
2024.11.14_20-55-03_Sto_car_e2hex,4484.0,4484.0,1.0
2024.11.14_20-55-03_Sto_car_e2hex,4490.0,4492.0,1.0
2024.11.14_20-55-03_Sto_car_e2hex,4494.0,4494.0,1.0
2024.11.14_20-55-03_Sto_car_e2hex,4497.0,4498.0,1.0
2024.11.14_20-55-03_Sto_car_e2hex,4500.0,4508.0,1.0
2024.11.14_20-48-04_Sto_car_e2hex,5361.0,5441.0,1.0
2024.11.14_20-48-04_Sto_car_e2hex,5443.0,6144.0,1.0
2024.11.14_20-48-04_Sto_car_e2hex,6147.0,8371.0,1.0
2024.11.14_20-48-04_Sto_car_e2hex,8373.0,8373.0,1.0
2024.11.14_20-48-04_Sto_car_e2hex,8379.0,8999.0,1.0
2024.11.05_02-10-55_Yakuba7_e2hex,3350.0,3387.0,1.0
2024.11.05_02-10-55_Yakuba7_e2hex,3419.0,4067.0,1.0
2024.11.05_02-10-55_Yakuba7_e2hex,4069.0,4980.0,1.0
2024.11.05_02-10-55_Yakuba7_e2hex,4983.0,5060.0,1.0
2024.11.05_02-10-55_Yakuba7_e2hex,5063.0,5139.0,1.0
2024.11.05_02-10-55_Yakuba7_e2hex,5142.0,5142.0,1.0
2024.11.05_02-10-55_Yakuba7_e2hex,5144.0,5144.0,1.0
2024.11.05_02-10-55_Yakuba7_e2hex,5173.0,5173.0,1.0
2024.11.05_02-10-55_Yakuba7_e2hex,5176.0,5177.0,1.0
2024.11.05_02-10-55_Yakuba7_e2hex,5179.0,8999.0,1.0
2024.10.23_13-40-50_Biarmipes_g224_prenac,1537.0,1542.0,1.0
2024.10.23_13-40-50_Biarmipes_g224_prenac,1544.0,1548.0,1.0
2024.10.23_13-40-50_Biarmipes_g224_prenac,1550.0,1553.0,1.0
2024.10.23_13-40-50_Biarmipes_g224_prenac,1555.0,1556.0,1.0
2024.10.23_13-40-50_Biarmipes_g224_prenac,1560.0,1560.0,1.0
2024.10.23_13-40-50_Biarmipes_g224_prenac,1576.0,3285.0,1.0
2024.10.23_13-40-50_Biarmipes_g224_prenac,3287.0,3303.0,1.0
2024.10.23_13-40-50_Biarmipes_g224_prenac,3305.0,3311.0,1.0
2024.10.23_13-40-50_Biarmipes_g224_prenac,3314.0,3314.0,1.0
2024.10.23_13-40-50_Biarmipes_g224_prenac,3316.0,3317.0,1.0
2024.10.23_13-40-50_Biarmipes_g224_prenac,3321.0,3322.0,1.0
2024.10.23_13-40-50_Biarmipes_g224_prenac,3326.0,3326.0,1.0
2024.10.23_13-40-50_Biarmipes_g224_prenac,3329.0,3329.0,1.0
2024.10.23_13-40-50_Biarmipes_g224_prenac,3331.0,3331.0,1.0
2024.10.23_13-40-50_Biarmipes_g224_prenac,3335.0,3337.0,1.0
2024.10.23_13-40-50_Biarmipes_g224_prenac,3341.0,3348.0,1.0
2024.10.23_13-40-50_Biarmipes_g224_prenac,3350.0,3350.0,1.0
2024.10.23_13-40-50_Biarmipes_g224_prenac,3352.0,3361.0,1.0
2024.10.23_13-40-50_Biarmipes_g224_prenac,3364.0,3365.0,1.0
2024.10.23_13-40-50_Biarmipes_g224_prenac,3367.0,3371.0,1.0
2024.10.23_13-40-50_Biarmipes_g224_prenac,3377.0,3386.0,1.0
2024.10.23_13-40-50_Biarmipes_g224_prenac,3388.0,3388.0,1.0
2024.10.23_13-40-50_Biarmipes_g224_prenac,3391.0,3396.0,1.0
2024.10.23_13-40-50_Biarmipes_g224_prenac,3398.0,3428.0,1.0
2024.10.23_13-40-50_Biarmipes_g224_prenac,3430.0,3435.0,1.0
2024.10.23_13-40-50_Biarmipes_g224_prenac,3437.0,3440.0,1.0
2024.10.23_13-40-50_Biarmipes_g224_prenac,3442.0,3461.0,1.0
2024.10.23_13-40-50_Biarmipes_g224_prenac,3463.0,3468.0,1.0
2024.10.23_13-40-50_Biarmipes_g224_prenac,3472.0,3472.0,1.0
2024.10.23_13-40-50_Biarmipes_g224_prenac,3475.0,3477.0,1.0
2024.10.23_13-40-50_Biarmipes_g224_prenac,3480.0,3480.0,1.0
2024.10.23_13-40-50_Biarmipes_g224_prenac,3482.0,3489.0,1.0
2024.10.23_13-40-50_Biarmipes_g224_prenac,3491.0,3492.0,1.0
2024.10.23_13-40-50_Biarmipes_g224_prenac,3496.0,3497.0,1.0
2024.10.23_13-40-50_Biarmipes_g224_prenac,3500.0,3503.0,1.0
2024.10.23_13-40-50_Biarmipes_g224_prenac,3505.0,3506.0,1.0
2024.10.23_13-40-50_Biarmipes_g224_prenac,3509.0,3509.0,1.0
2024.10.23_13-40-50_Biarmipes_g224_prenac,3511.0,3511.0,1.0
2024.10.23_13-40-50_Biarmipes_g224_prenac,3513.0,3513.0,1.0
2024.10.23_13-40-50_Biarmipes_g224_prenac,3516.0,3516.0,1.0
2024.10.23_13-40-50_Biarmipes_g224_prenac,3518.0,3518.0,1.0
2024.10.23_13-40-50_Biarmipes_g224_prenac,3521.0,3522.0,1.0
2024.10.23_13-40-50_Biarmipes_g224_prenac,3524.0,3530.0,1.0
2024.10.23_13-40-50_Biarmipes_g224_prenac,3532.0,3535.0,1.0
2024.10.23_13-40-50_Biarmipes_g224_prenac,3537.0,3548.0,1.0
2024.10.23_13-40-50_Biarmipes_g224_prenac,3550.0,3557.0,1.0
2024.10.23_13-40-50_Biarmipes_g224_prenac,3559.0,3563.0,1.0
2024.10.23_13-40-50_Biarmipes_g224_prenac,3565.0,3620.0,1.0
2024.10.23_13-40-50_Biarmipes_g224_prenac,3622.0,3627.0,1.0
2024.10.23_13-40-50_Biarmipes_g224_prenac,3629.0,3635.0,1.0
2024.10.23_13-40-50_Biarmipes_g224_prenac,3637.0,3649.0,1.0
2024.10.23_13-40-50_Biarmipes_g224_prenac,3651.0,3655.0,1.0
2024.10.23_13-40-50_Biarmipes_g224_prenac,3657.0,3680.0,1.0
2024.10.23_13-40-50_Biarmipes_g224_prenac,3682.0,3996.0,1.0
2024.10.23_13-40-50_Biarmipes_g224_prenac,3998.0,3999.0,1.0
2024.10.23_13-40-50_Biarmipes_g224_prenac,4006.0,4038.0,1.0
2024.10.23_13-40-50_Biarmipes_g224_prenac,4040.0,4047.0,1.0
2024.10.16_08-16-27_Stocago_2hexanol,1209.0,1262.0,1.0
2024.10.16_08-16-27_Stocago_2hexanol,6735.0,6767.0,1.0
2024.10.16_08-16-27_Stocago_2hexanol,7274.0,7291.0,1.0
2024.10.16_08-16-27_Stocago_2hexanol,7293.0,7496.0,1.0
2024.10.16_08-16-27_Stocago_2hexanol,7500.0,7526.0,1.0
2024.10.16_08-16-27_Stocago_2hexanol,7528.0,7566.0,1.0
2024.10.16_08-16-27_Stocago_2hexanol,7573.0,7605.0,1.0
2024.10.16_08-16-27_Stocago_2hexanol,7612.0,7645.0,1.0
2024.10.16_08-16-27_Stocago_2hexanol,7647.0,7661.0,1.0
2024.10.16_08-16-27_Stocago_2hexanol,7663.0,7665.0,1.0
2024.10.16_08-16-27_Stocago_2hexanol,7667.0,7694.0,1.0
2024.10.16_08-16-27_Stocago_2hexanol,7699.0,7721.0,1.0
2024.10.16_08-16-27_Stocago_2hexanol,7723.0,7731.0,1.0
2024.10.16_08-16-27_Stocago_2hexanol,7737.0,7786.0,1.0
2024.10.16_08-16-27_Stocago_2hexanol,7788.0,7795.0,1.0
2024.10.16_08-16-27_Stocago_2hexanol,7802.0,7804.0,1.0
2024.10.16_08-16-27_Stocago_2hexanol,7806.0,7806.0,1.0
2024.10.18_12-41-12_Sto_car_prenac,3.0,107.0,1.0
2024.10.18_12-41-12_Sto_car_prenac,109.0,1053.0,1.0
2024.10.18_12-41-12_Sto_car_prenac,1055.0,1056.0,1.0
2024.10.18_12-41-12_Sto_car_prenac,1058.0,1098.0,1.0
2024.10.18_12-41-12_Sto_car_prenac,1104.0,1107.0,1.0
2024.10.18_12-41-12_Sto_car_prenac,1109.0,1109.0,1.0
2024.10.18_12-41-12_Sto_car_prenac,1112.0,1115.0,1.0
2024.10.18_12-41-12_Sto_car_prenac,1118.0,1123.0,1.0
2024.09.30_11-07-03_Stocago_no_odor,3.0,1729.0,1.0
2024.09.30_11-07-03_Stocago_no_odor,1731.0,1743.0,1.0
2024.09.30_11-07-03_Stocago_no_odor,1745.0,1816.0,1.0
2024.10.28_07-51-31_stocago_metben,3.0,2026.0,1.0
2024.10.28_07-51-31_stocago_metben,2028.0,2051.0,1.0
2024.10.28_07-51-31_stocago_metben,2059.0,2161.0,1.0
2024.10.02_13-34-23_Riverside_metbut,3.0,2431.0,1.0
2024.10.02_13-34-23_Riverside_metbut,2433.0,2437.0,1.0
2024.10.28_08-03-21_biarmipes_g224_metben,4306.0,4328.0,1.0
2024.10.28_08-03-21_biarmipes_g224_metben,4334.0,4350.0,1.0
2024.10.28_08-03-21_biarmipes_g224_metben,4353.0,4358.0,1.0
2024.10.28_08-03-21_biarmipes_g224_metben,4360.0,4360.0,1.0
2024.10.28_08-03-21_biarmipes_g224_metben,4362.0,4362.0,1.0
2024.10.28_08-03-21_biarmipes_g224_metben,4365.0,4380.0,1.0
2024.10.28_08-03-21_biarmipes_g224_metben,4385.0,4568.0,1.0
2024.10.28_08-03-21_biarmipes_g224_metben,4573.0,5447.0,1.0
2024.10.28_08-03-21_biarmipes_g224_metben,5457.0,5827.0,1.0
2024.10.28_08-03-21_biarmipes_g224_metben,5830.0,5878.0,1.0
2024.10.28_08-03-21_biarmipes_g224_metben,5881.0,5963.0,1.0
2024.10.28_08-03-21_biarmipes_g224_metben,8753.0,8756.0,1.0
2024.10.28_08-03-21_biarmipes_g224_metben,8758.0,8779.0,1.0
2024.10.28_08-03-21_biarmipes_g224_metben,8787.0,8858.0,1.0
2024.10.28_08-03-21_biarmipes_g224_metben,8860.0,8863.0,1.0
2024.10.28_08-03-21_biarmipes_g224_metben,8865.0,8868.0,1.0
2024.10.28_08-03-21_biarmipes_g224_metben,8922.0,8927.0,1.0
2024.10.28_08-03-21_biarmipes_g224_metben,8938.0,8943.0,1.0
2024.10.28_08-03-21_biarmipes_g224_metben,8945.0,8958.0,1.0
2024.10.28_08-03-21_biarmipes_g224_metben,8960.0,8991.0,1.0
2024.10.28_08-03-21_biarmipes_g224_metben,8994.0,8999.0,1.0
2024.10.08_12-33-39_Stocago_2hexanol,2302.0,2351.0,1.0
2024.10.08_12-33-39_Stocago_2hexanol,2353.0,3474.0,1.0
2024.10.08_12-33-39_Stocago_2hexanol,3476.0,3488.0,1.0
2024.10.08_12-33-39_Stocago_2hexanol,3490.0,3492.0,1.0
2024.11.14_02-01-34_Biarmipes_G224_e2hex,3.0,471.0,1.0
2024.11.14_02-01-34_Biarmipes_G224_e2hex,585.0,1152.0,1.0
2024.11.14_02-01-34_Biarmipes_G224_e2hex,1936.0,2005.0,1.0
2024.11.14_02-01-34_Biarmipes_G224_e2hex,2007.0,2047.0,1.0
2024.11.14_02-01-34_Biarmipes_G224_e2hex,2049.0,2049.0,1.0
2024.11.14_02-01-34_Biarmipes_G224_e2hex,3024.0,4026.0,1.0
2024.11.14_02-01-34_Biarmipes_G224_e2hex,6036.0,6239.0,1.0
2024.11.14_02-01-34_Biarmipes_G224_e2hex,6241.0,6318.0,1.0
2024.11.14_02-01-34_Biarmipes_G224_e2hex,6320.0,6347.0,1.0
2024.11.14_02-01-34_Biarmipes_G224_e2hex,6349.0,6362.0,1.0
2024.11.14_02-01-34_Biarmipes_G224_e2hex,6364.0,6365.0,1.0
2024.11.14_02-01-34_Biarmipes_G224_e2hex,6367.0,6376.0,1.0
2024.11.14_02-01-34_Biarmipes_G224_e2hex,6379.0,6387.0,1.0
2024.11.14_02-01-34_Biarmipes_G224_e2hex,6389.0,6391.0,1.0
2024.11.14_02-01-34_Biarmipes_G224_e2hex,6393.0,6406.0,1.0
2024.11.14_02-01-34_Biarmipes_G224_e2hex,6408.0,6414.0,1.0
2024.11.14_02-01-34_Biarmipes_G224_e2hex,6416.0,6432.0,1.0
2024.11.14_02-01-34_Biarmipes_G224_e2hex,6434.0,6438.0,1.0
2024.11.14_02-01-34_Biarmipes_G224_e2hex,6440.0,6441.0,1.0
2024.11.14_02-01-34_Biarmipes_G224_e2hex,6445.0,6453.0,1.0
2024.11.14_02-01-34_Biarmipes_G224_e2hex,6457.0,6457.0,1.0
2024.11.14_02-01-34_Biarmipes_G224_e2hex,6462.0,6470.0,1.0
2024.11.14_02-01-34_Biarmipes_G224_e2hex,6472.0,6472.0,1.0
2024.11.14_02-01-34_Biarmipes_G224_e2hex,6474.0,6474.0,1.0
2024.11.14_02-01-34_Biarmipes_G224_e2hex,6476.0,6476.0,1.0
2024.11.14_02-01-34_Biarmipes_G224_e2hex,6478.0,6481.0,1.0
2024.11.14_02-01-34_Biarmipes_G224_e2hex,6483.0,6487.0,1.0
2024.11.14_02-01-34_Biarmipes_G224_e2hex,6489.0,6492.0,1.0
2024.11.14_02-01-34_Biarmipes_G224_e2hex,6494.0,6498.0,1.0
2024.11.14_02-01-34_Biarmipes_G224_e2hex,6501.0,6502.0,1.0
2024.11.14_02-01-34_Biarmipes_G224_e2hex,6504.0,6504.0,1.0
2024.11.14_02-01-34_Biarmipes_G224_e2hex,6509.0,6509.0,1.0
2024.11.14_02-01-34_Biarmipes_G224_e2hex,6511.0,6515.0,1.0
2024.11.14_02-01-34_Biarmipes_G224_e2hex,6517.0,6519.0,1.0
2024.11.14_02-01-34_Biarmipes_G224_e2hex,6524.0,6524.0,1.0
2024.11.14_02-01-34_Biarmipes_G224_e2hex,6527.0,6536.0,1.0
2024.11.14_02-01-34_Biarmipes_G224_e2hex,6538.0,6541.0,1.0
2024.11.14_02-01-34_Biarmipes_G224_e2hex,6547.0,6552.0,1.0
2024.11.14_02-01-34_Biarmipes_G224_e2hex,6554.0,6559.0,1.0
2024.11.14_02-01-34_Biarmipes_G224_e2hex,6561.0,6561.0,1.0
2024.11.14_02-01-34_Biarmipes_G224_e2hex,6563.0,6569.0,1.0
2024.11.14_02-01-34_Biarmipes_G224_e2hex,6571.0,6573.0,1.0
2024.11.14_02-01-34_Biarmipes_G224_e2hex,6575.0,6575.0,1.0
2024.11.14_02-01-34_Biarmipes_G224_e2hex,6577.0,6577.0,1.0
2024.11.14_02-01-34_Biarmipes_G224_e2hex,6585.0,6585.0,1.0
2024.11.14_02-01-34_Biarmipes_G224_e2hex,6589.0,6589.0,1.0
2024.11.14_02-01-34_Biarmipes_G224_e2hex,6593.0,6593.0,1.0
2024.11.14_02-01-34_Biarmipes_G224_e2hex,6595.0,6595.0,1.0
2024.11.14_02-01-34_Biarmipes_G224_e2hex,6597.0,6599.0,1.0
2024.11.14_02-01-34_Biarmipes_G224_e2hex,6602.0,6602.0,1.0
2024.11.14_02-01-34_Biarmipes_G224_e2hex,6604.0,6605.0,1.0
2024.11.14_02-01-34_Biarmipes_G224_e2hex,6609.0,6609.0,1.0
2024.11.14_02-01-34_Biarmipes_G224_e2hex,6611.0,6618.0,1.0
2024.11.14_02-01-34_Biarmipes_G224_e2hex,6620.0,6621.0,1.0
2024.11.14_02-01-34_Biarmipes_G224_e2hex,6623.0,6628.0,1.0
2024.11.14_02-01-34_Biarmipes_G224_e2hex,6631.0,6658.0,1.0
2024.11.14_02-01-34_Biarmipes_G224_e2hex,6660.0,6660.0,1.0
2024.11.14_02-01-34_Biarmipes_G224_e2hex,6662.0,6675.0,1.0
2024.11.14_02-01-34_Biarmipes_G224_e2hex,6677.0,6677.0,1.0
2024.11.14_02-01-34_Biarmipes_G224_e2hex,6680.0,6682.0,1.0
2024.11.14_02-01-34_Biarmipes_G224_e2hex,6684.0,6684.0,1.0
2024.11.14_02-01-34_Biarmipes_G224_e2hex,6686.0,6690.0,1.0
2024.11.14_02-01-34_Biarmipes_G224_e2hex,6692.0,6699.0,1.0
2024.11.14_02-01-34_Biarmipes_G224_e2hex,6701.0,6704.0,1.0
2024.11.14_02-01-34_Biarmipes_G224_e2hex,6706.0,6706.0,1.0
2024.11.14_02-01-34_Biarmipes_G224_e2hex,6708.0,6709.0,1.0
2024.11.14_02-01-34_Biarmipes_G224_e2hex,6712.0,6722.0,1.0
2024.11.14_02-01-34_Biarmipes_G224_e2hex,6725.0,6725.0,1.0
2024.11.14_02-01-34_Biarmipes_G224_e2hex,6728.0,6728.0,1.0
2024.11.14_02-01-34_Biarmipes_G224_e2hex,6736.0,6737.0,1.0
2024.11.14_02-01-34_Biarmipes_G224_e2hex,6739.0,6739.0,1.0
2024.12.19_14-12-59_Biarmipes_G224_no_odor,2296.0,5027.0,1.0
2024.12.19_14-12-59_Biarmipes_G224_no_odor,5029.0,5060.0,1.0
2024.12.19_14-12-59_Biarmipes_G224_no_odor,5062.0,5066.0,1.0
2024.12.19_14-12-59_Biarmipes_G224_no_odor,5069.0,5079.0,1.0
2024.12.19_14-12-59_Biarmipes_G224_no_odor,5086.0,5086.0,1.0
2024.10.14_13-26-12_Biarmipes84_1hexanol,8265.0,8286.0,1.0
2024.10.14_13-26-12_Biarmipes84_1hexanol,8288.0,8339.0,1.0
2024.10.14_13-26-12_Biarmipes84_1hexanol,8341.0,8369.0,1.0
2024.10.14_13-26-12_Biarmipes84_1hexanol,8374.0,8395.0,1.0
2024.10.14_13-26-12_Biarmipes84_1hexanol,8397.0,8399.0,1.0
2024.10.14_13-26-12_Biarmipes84_1hexanol,8401.0,8401.0,1.0
2024.10.14_13-26-12_Biarmipes84_1hexanol,8404.0,8423.0,1.0
2024.10.30_10-15-34_sussex_metben,3.0,744.0,1.0
2024.10.30_10-15-34_sussex_metben,2718.0,6420.0,1.0
2024.10.30_10-15-34_sussex_metben,6422.0,6423.0,1.0
2024.10.30_10-15-34_sussex_metben,6425.0,6440.0,1.0
2024.10.30_10-15-34_sussex_metben,6442.0,6695.0,1.0
2024.10.30_10-15-34_sussex_metben,6697.0,6764.0,1.0
2024.10.30_10-15-34_sussex_metben,6766.0,6861.0,1.0
2024.10.30_10-15-34_sussex_metben,6863.0,6882.0,1.0
2024.10.30_10-15-34_sussex_metben,6884.0,6890.0,1.0
2024.10.30_10-15-34_sussex_metben,6892.0,6893.0,1.0
2024.10.30_10-15-34_sussex_metben,6895.0,6900.0,1.0
2024.10.30_10-15-34_sussex_metben,6902.0,6902.0,1.0
2024.10.30_10-15-34_sussex_metben,6909.0,6909.0,1.0
2024.10.30_10-15-34_sussex_metben,6911.0,6912.0,1.0
2024.10.30_10-15-34_sussex_metben,6914.0,6917.0,1.0
2024.10.30_10-15-34_sussex_metben,6919.0,6920.0,1.0
2024.10.30_10-15-34_sussex_metben,6922.0,6922.0,1.0
2024.10.30_10-15-34_sussex_metben,6925.0,6926.0,1.0
2024.10.30_10-15-34_sussex_metben,6928.0,6928.0,1.0
2024.10.30_10-15-34_sussex_metben,6930.0,6930.0,1.0
2024.10.30_10-15-34_sussex_metben,6932.0,6932.0,1.0
2024.10.30_10-15-34_sussex_metben,6939.0,6940.0,1.0
2024.10.30_10-15-34_sussex_metben,6942.0,6942.0,1.0
2024.10.30_10-15-34_sussex_metben,6945.0,6945.0,1.0
2024.10.30_10-15-34_sussex_metben,6947.0,6950.0,1.0
2024.10.30_10-15-34_sussex_metben,6954.0,6954.0,1.0
2024.10.30_10-15-34_sussex_metben,6956.0,6956.0,1.0
2024.10.30_10-15-34_sussex_metben,6959.0,6959.0,1.0
2024.10.30_10-15-34_sussex_metben,6965.0,6968.0,1.0
2024.10.30_10-15-34_sussex_metben,6971.0,6979.0,1.0
2024.10.30_10-15-34_sussex_metben,6981.0,7015.0,1.0
2024.10.30_10-15-34_sussex_metben,7017.0,7019.0,1.0
2024.10.30_10-15-34_sussex_metben,7021.0,7040.0,1.0
2024.10.30_10-15-34_sussex_metben,7042.0,7045.0,1.0
2024.10.30_10-15-34_sussex_metben,7047.0,7055.0,1.0
2024.10.30_10-15-34_sussex_metben,7057.0,7201.0,1.0
2024.10.30_10-15-34_sussex_metben,7206.0,7207.0,1.0
2024.10.30_10-15-34_sussex_metben,7210.0,7211.0,1.0
2024.10.30_10-15-34_sussex_metben,7215.0,7221.0,1.0
2024.10.30_10-15-34_sussex_metben,7223.0,7223.0,1.0
2024.10.30_10-15-34_sussex_metben,7225.0,7226.0,1.0
2024.10.30_10-15-34_sussex_metben,7228.0,7229.0,1.0
2024.10.30_10-15-34_sussex_metben,7232.0,7233.0,1.0
2024.10.30_10-15-34_sussex_metben,7235.0,7235.0,1.0
2024.10.30_10-15-34_sussex_metben,7239.0,7242.0,1.0
2024.10.30_10-15-34_sussex_metben,7244.0,7245.0,1.0
2024.10.30_10-15-34_sussex_metben,7247.0,7249.0,1.0
2024.10.30_10-15-34_sussex_metben,7251.0,7252.0,1.0
2024.10.30_10-15-34_sussex_metben,7254.0,8041.0,1.0
2024.10.30_10-15-34_sussex_metben,8043.0,8051.0,1.0
2024.10.30_10-15-34_sussex_metben,8053.0,8067.0,1.0
2024.10.30_10-15-34_sussex_metben,8069.0,8080.0,1.0
2024.10.30_10-15-34_sussex_metben,8083.0,8165.0,1.0
2024.10.30_10-15-34_sussex_metben,8167.0,8283.0,1.0
2025.03.07_11-49-04_Sussex_metbut,2267.0,2292.0,1.0
2025.03.07_11-49-04_Sussex_metbut,2294.0,2299.0,1.0
2025.03.07_11-49-04_Sussex_metbut,2305.0,2399.0,1.0
2025.03.07_11-49-04_Sussex_metbut,2441.0,2446.0,1.0
2025.03.07_11-49-04_Sussex_metbut,2450.0,2467.0,1.0
2025.03.07_11-49-04_Sussex_metbut,2469.0,2471.0,1.0
2025.03.07_11-49-04_Sussex_metbut,2475.0,2477.0,1.0
2025.03.07_11-49-04_Sussex_metbut,2479.0,8999.0,1.0
2024.11.13_03-55-57_Biarmipes84_e2hex,740.0,884.0,1.0
2024.11.13_03-55-57_Biarmipes84_e2hex,888.0,1185.0,1.0
2024.11.13_03-55-57_Biarmipes84_e2hex,1187.0,1191.0,1.0
2024.11.13_03-55-57_Biarmipes84_e2hex,1195.0,1687.0,1.0
2024.11.13_03-55-57_Biarmipes84_e2hex,1689.0,1752.0,1.0
2024.11.13_03-55-57_Biarmipes84_e2hex,1754.0,1776.0,1.0
2024.11.13_03-55-57_Biarmipes84_e2hex,1778.0,1779.0,1.0
2024.11.13_03-55-57_Biarmipes84_e2hex,1781.0,1782.0,1.0
2024.11.13_03-55-57_Biarmipes84_e2hex,1785.0,2180.0,1.0
2024.11.13_03-55-57_Biarmipes84_e2hex,2182.0,2228.0,1.0
2024.11.13_03-55-57_Biarmipes84_e2hex,3884.0,3995.0,1.0
2024.11.13_03-55-57_Biarmipes84_e2hex,3997.0,4695.0,1.0
2024.11.13_03-55-57_Biarmipes84_e2hex,4700.0,4759.0,1.0
2024.11.13_03-55-57_Biarmipes84_e2hex,4761.0,4799.0,1.0
2024.11.13_03-55-57_Biarmipes84_e2hex,4806.0,5253.0,1.0
2024.11.13_03-55-57_Biarmipes84_e2hex,5279.0,5646.0,1.0
2024.11.13_03-55-57_Biarmipes84_e2hex,5648.0,5715.0,1.0
2024.11.13_03-55-57_Biarmipes84_e2hex,5717.0,5748.0,1.0
2024.11.13_03-55-57_Biarmipes84_e2hex,5751.0,5753.0,1.0
2024.11.13_03-55-57_Biarmipes84_e2hex,5755.0,5761.0,1.0
2024.11.13_03-55-57_Biarmipes84_e2hex,5763.0,5763.0,1.0
2024.11.13_03-55-57_Biarmipes84_e2hex,5765.0,5777.0,1.0
2024.11.13_03-55-57_Biarmipes84_e2hex,5779.0,5781.0,1.0
2024.11.13_03-55-57_Biarmipes84_e2hex,5785.0,5792.0,1.0
2024.11.13_03-55-57_Biarmipes84_e2hex,5794.0,5795.0,1.0
2024.11.13_03-55-57_Biarmipes84_e2hex,5797.0,5800.0,1.0
2024.11.13_03-55-57_Biarmipes84_e2hex,5802.0,5823.0,1.0
2024.11.13_03-55-57_Biarmipes84_e2hex,5825.0,5833.0,1.0
2024.11.13_03-55-57_Biarmipes84_e2hex,5835.0,5867.0,1.0
2024.11.13_03-55-57_Biarmipes84_e2hex,5869.0,6057.0,1.0
2024.11.13_03-55-57_Biarmipes84_e2hex,6059.0,6320.0,1.0
2024.11.13_03-55-57_Biarmipes84_e2hex,6323.0,6324.0,1.0
2024.11.13_03-55-57_Biarmipes84_e2hex,6326.0,6326.0,1.0
2024.11.13_03-55-57_Biarmipes84_e2hex,6328.0,6348.0,1.0
2024.11.13_03-55-57_Biarmipes84_e2hex,6350.0,6352.0,1.0
2024.11.13_03-55-57_Biarmipes84_e2hex,6354.0,6360.0,1.0
2024.11.13_03-55-57_Biarmipes84_e2hex,6363.0,6366.0,1.0
2024.11.13_03-55-57_Biarmipes84_e2hex,6369.0,6369.0,1.0
2024.11.13_03-55-57_Biarmipes84_e2hex,6373.0,6402.0,1.0
2024.11.13_03-55-57_Biarmipes84_e2hex,6405.0,6422.0,1.0
2024.11.13_03-55-57_Biarmipes84_e2hex,6425.0,6425.0,1.0
2024.11.13_03-55-57_Biarmipes84_e2hex,6428.0,6435.0,1.0
2024.11.13_03-55-57_Biarmipes84_e2hex,6437.0,6603.0,1.0
2024.11.13_03-55-57_Biarmipes84_e2hex,6606.0,6661.0,1.0
2024.11.13_03-55-57_Biarmipes84_e2hex,6663.0,6985.0,1.0
2024.10.30_09-40-02_Sussex_metben,6632.0,6759.0,1.0
2024.10.30_09-40-02_Sussex_metben,6761.0,6765.0,1.0
2024.10.30_09-40-02_Sussex_metben,6773.0,6773.0,1.0
2024.10.30_09-40-02_Sussex_metben,6775.0,6775.0,1.0
2024.10.30_09-40-02_Sussex_metben,6778.0,6778.0,1.0
2024.10.30_09-40-02_Sussex_metben,6780.0,6783.0,1.0
2024.10.30_09-40-02_Sussex_metben,6787.0,6788.0,1.0
2024.10.30_09-40-02_Sussex_metben,6793.0,6795.0,1.0
2024.10.30_09-40-02_Sussex_metben,6797.0,6797.0,1.0
2024.10.30_09-40-02_Sussex_metben,6799.0,6810.0,1.0
2024.10.30_09-40-02_Sussex_metben,6812.0,6816.0,1.0
2024.10.30_09-40-02_Sussex_metben,6818.0,6855.0,1.0
2024.10.30_09-40-02_Sussex_metben,6857.0,6960.0,1.0
2024.10.30_09-40-02_Sussex_metben,6962.0,7028.0,1.0
2024.10.30_09-40-02_Sussex_metben,7030.0,8999.0,1.0
2024.10.24_11-32-39_Biarmipes84_prenac,3.0,1201.0,1.0
2024.10.24_11-32-39_Biarmipes84_prenac,1203.0,1275.0,1.0
2024.10.24_11-32-39_Biarmipes84_prenac,1277.0,1277.0,1.0
2024.10.24_11-32-39_Biarmipes84_prenac,1280.0,1284.0,1.0
2024.10.24_11-32-39_Biarmipes84_prenac,1286.0,1286.0,1.0
2024.10.24_11-32-39_Biarmipes84_prenac,1288.0,1294.0,1.0
2024.10.24_11-32-39_Biarmipes84_prenac,1297.0,1298.0,1.0
2024.10.24_11-32-39_Biarmipes84_prenac,1300.0,1302.0,1.0
2024.10.24_11-32-39_Biarmipes84_prenac,1305.0,1306.0,1.0
2024.10.24_11-32-39_Biarmipes84_prenac,1309.0,1314.0,1.0
2024.10.24_11-32-39_Biarmipes84_prenac,1316.0,1317.0,1.0
2024.10.24_11-32-39_Biarmipes84_prenac,1319.0,1319.0,1.0
2024.10.24_11-32-39_Biarmipes84_prenac,1321.0,1321.0,1.0
2024.10.24_11-32-39_Biarmipes84_prenac,1325.0,1325.0,1.0
2024.10.24_11-32-39_Biarmipes84_prenac,1327.0,1330.0,1.0
2024.10.24_11-32-39_Biarmipes84_prenac,1332.0,1336.0,1.0
2024.10.24_11-32-39_Biarmipes84_prenac,1338.0,1342.0,1.0
2024.10.24_11-32-39_Biarmipes84_prenac,1344.0,1358.0,1.0
2024.10.24_11-32-39_Biarmipes84_prenac,1360.0,1360.0,1.0
2024.10.24_11-32-39_Biarmipes84_prenac,1363.0,1404.0,1.0
2024.10.24_11-32-39_Biarmipes84_prenac,1406.0,1420.0,1.0
2024.10.24_11-32-39_Biarmipes84_prenac,1424.0,1426.0,1.0
2024.10.24_11-32-39_Biarmipes84_prenac,1428.0,1433.0,1.0
2024.10.24_11-32-39_Biarmipes84_prenac,1438.0,1442.0,1.0
2024.10.24_11-32-39_Biarmipes84_prenac,1444.0,1444.0,1.0
2024.12.11_19-32-52_Yakuba7_no_odor,1976.0,1977.0,1.0
2024.12.11_19-32-52_Yakuba7_no_odor,1979.0,1980.0,1.0
2024.12.11_19-32-52_Yakuba7_no_odor,1982.0,1982.0,1.0
2024.12.11_19-32-52_Yakuba7_no_odor,1984.0,1986.0,1.0
2024.12.11_19-32-52_Yakuba7_no_odor,1988.0,1990.0,1.0
2024.12.11_19-32-52_Yakuba7_no_odor,1993.0,2029.0,1.0
2024.12.11_19-32-52_Yakuba7_no_odor,2031.0,2088.0,1.0
2024.12.11_19-32-52_Yakuba7_no_odor,2090.0,2093.0,1.0
2024.12.11_19-32-52_Yakuba7_no_odor,2151.0,2151.0,1.0
2024.12.11_19-32-52_Yakuba7_no_odor,2157.0,2158.0,1.0
2024.12.11_19-32-52_Yakuba7_no_odor,2160.0,2351.0,1.0
2024.12.11_19-32-52_Yakuba7_no_odor,2353.0,2354.0,1.0
2024.12.11_19-32-52_Yakuba7_no_odor,2356.0,2360.0,1.0
2024.12.11_19-32-52_Yakuba7_no_odor,2362.0,2365.0,1.0
2024.12.11_19-32-52_Yakuba7_no_odor,2368.0,5748.0,1.0
2024.12.11_19-32-52_Yakuba7_no_odor,5750.0,8999.0,1.0
2024.11.13_02-30-14_Biarmipes_G224_e2hex,3522.0,3536.0,1.0
2024.11.13_02-30-14_Biarmipes_G224_e2hex,3538.0,3560.0,1.0
2024.11.13_02-30-14_Biarmipes_G224_e2hex,3564.0,3602.0,1.0
2024.11.13_02-30-14_Biarmipes_G224_e2hex,3604.0,3613.0,1.0
2024.11.13_02-30-14_Biarmipes_G224_e2hex,3615.0,3616.0,1.0
2024.11.13_02-30-14_Biarmipes_G224_e2hex,3618.0,3756.0,1.0
2024.11.13_02-30-14_Biarmipes_G224_e2hex,3758.0,3899.0,1.0
2024.11.13_02-30-14_Biarmipes_G224_e2hex,3901.0,3904.0,1.0
2024.11.13_02-30-14_Biarmipes_G224_e2hex,3906.0,3906.0,1.0
2024.11.13_02-30-14_Biarmipes_G224_e2hex,3908.0,3909.0,1.0
2024.11.13_02-30-14_Biarmipes_G224_e2hex,3914.0,3914.0,1.0
2024.11.13_02-30-14_Biarmipes_G224_e2hex,3918.0,3918.0,1.0
2024.11.13_02-30-14_Biarmipes_G224_e2hex,3920.0,3920.0,1.0
2024.11.13_02-30-14_Biarmipes_G224_e2hex,3922.0,3922.0,1.0
2024.11.13_02-30-14_Biarmipes_G224_e2hex,3926.0,3927.0,1.0
2024.11.13_02-30-14_Biarmipes_G224_e2hex,3930.0,3930.0,1.0
2024.11.13_02-30-14_Biarmipes_G224_e2hex,3933.0,3933.0,1.0
2024.11.13_02-30-14_Biarmipes_G224_e2hex,3936.0,6177.0,1.0
2024.11.13_02-30-14_Biarmipes_G224_e2hex,6179.0,6314.0,1.0
2024.11.13_02-30-14_Biarmipes_G224_e2hex,6317.0,6317.0,1.0
2024.11.13_02-30-14_Biarmipes_G224_e2hex,6319.0,6332.0,1.0
2024.11.13_02-30-14_Biarmipes_G224_e2hex,6334.0,6438.0,1.0
2024.11.13_02-30-14_Biarmipes_G224_e2hex,6444.0,6534.0,1.0
2024.11.13_02-30-14_Biarmipes_G224_e2hex,6538.0,6587.0,1.0
2024.11.13_02-30-14_Biarmipes_G224_e2hex,6589.0,6641.0,1.0
2024.11.13_02-30-14_Biarmipes_G224_e2hex,6643.0,6672.0,1.0
2024.11.13_02-30-14_Biarmipes_G224_e2hex,6675.0,6675.0,1.0
2024.11.13_02-30-14_Biarmipes_G224_e2hex,6680.0,6680.0,1.0
2024.11.13_02-30-14_Biarmipes_G224_e2hex,6682.0,6695.0,1.0
2024.11.13_02-30-14_Biarmipes_G224_e2hex,6705.0,8021.0,1.0
2024.11.13_02-30-14_Biarmipes_G224_e2hex,8023.0,8025.0,1.0
2024.10.14_11-39-58_CantonS_prenac,3.0,2099.0,1.0
2024.10.14_11-39-58_CantonS_prenac,2101.0,2107.0,1.0
2024.10.14_11-39-58_CantonS_prenac,2109.0,2110.0,1.0
2024.10.14_11-39-58_CantonS_prenac,2112.0,2113.0,1.0
2024.11.25_18-55-21_Yakuba7_no_odor,5965.0,5966.0,1.0
2024.11.25_18-55-21_Yakuba7_no_odor,5968.0,5987.0,1.0
2024.11.25_18-55-21_Yakuba7_no_odor,5989.0,6143.0,1.0
2024.11.25_18-55-21_Yakuba7_no_odor,6145.0,6149.0,1.0
2024.11.25_18-55-21_Yakuba7_no_odor,6152.0,8590.0,1.0
2024.10.15_13-07-17_Sechellia_prenac,3.0,1276.0,1.0
2024.10.15_13-07-17_Sechellia_prenac,1280.0,1306.0,1.0
2024.10.15_13-07-17_Sechellia_prenac,1308.0,1328.0,1.0
2024.10.15_13-07-17_Sechellia_prenac,1330.0,1335.0,1.0
2024.10.15_13-07-17_Sechellia_prenac,1337.0,1340.0,1.0
2024.10.15_13-07-17_Sechellia_prenac,1342.0,1348.0,1.0
2024.10.15_13-07-17_Sechellia_prenac,1351.0,1353.0,1.0
2024.10.15_13-07-17_Sechellia_prenac,1355.0,1361.0,1.0
2024.10.15_13-07-17_Sechellia_prenac,1363.0,1386.0,1.0
2024.10.15_13-07-17_Sechellia_prenac,1390.0,1425.0,1.0
2024.10.15_13-07-17_Sechellia_prenac,1427.0,1457.0,1.0
2024.10.15_13-07-17_Sechellia_prenac,1459.0,1464.0,1.0
2024.10.15_13-07-17_Sechellia_prenac,1466.0,1477.0,1.0
2024.10.15_13-07-17_Sechellia_prenac,1479.0,1479.0,1.0
2024.10.15_13-07-17_Sechellia_prenac,1483.0,1490.0,1.0
2024.10.15_13-07-17_Sechellia_prenac,1492.0,1495.0,1.0
2024.10.15_13-07-17_Sechellia_prenac,1497.0,1536.0,1.0
2024.10.15_13-07-17_Sechellia_prenac,1538.0,1541.0,1.0
2024.10.15_13-07-17_Sechellia_prenac,1543.0,1721.0,1.0
2024.10.15_13-07-17_Sechellia_prenac,1723.0,1816.0,1.0
2024.10.28_08-58-33_sto_car_metben,6583.0,6583.0,1.0
2024.10.28_08-58-33_sto_car_metben,6586.0,8999.0,1.0
2024.07.10_13-22-47_Riverside (MetBen),3545.0,6830.0,1.0
2024.07.10_13-22-47_Riverside (MetBen),7434.0,7797.0,1.0
2024.07.10_13-22-47_Riverside (MetBen),7974.0,8999.0,1.0
2024.11.12_06-36-24_Yakuba_cameroon_e2hex,3.0,2191.0,1.0
2024.11.12_06-36-24_Yakuba_cameroon_e2hex,2193.0,2907.0,1.0
2024.11.12_06-36-24_Yakuba_cameroon_e2hex,2910.0,2910.0,1.0
2024.11.12_06-36-24_Yakuba_cameroon_e2hex,2913.0,2914.0,1.0
2024.11.12_06-36-24_Yakuba_cameroon_e2hex,2916.0,2919.0,1.0
2024.11.12_06-36-24_Yakuba_cameroon_e2hex,2921.0,2925.0,1.0
2024.11.12_06-36-24_Yakuba_cameroon_e2hex,2927.0,3393.0,1.0
2024.11.12_06-36-24_Yakuba_cameroon_e2hex,3401.0,3401.0,1.0
2024.11.12_06-36-24_Yakuba_cameroon_e2hex,3410.0,3410.0,1.0
2024.11.12_06-36-24_Yakuba_cameroon_e2hex,3423.0,3471.0,1.0
2024.11.12_06-36-24_Yakuba_cameroon_e2hex,3473.0,3473.0,1.0
2024.11.12_06-36-24_Yakuba_cameroon_e2hex,3478.0,3479.0,1.0
2024.11.12_06-36-24_Yakuba_cameroon_e2hex,3486.0,3488.0,1.0
2024.11.12_06-36-24_Yakuba_cameroon_e2hex,7704.0,7704.0,1.0
2024.11.12_06-36-24_Yakuba_cameroon_e2hex,7706.0,7706.0,1.0
2024.11.12_06-36-24_Yakuba_cameroon_e2hex,7708.0,8905.0,1.0
2024.11.12_06-36-24_Yakuba_cameroon_e2hex,8912.0,8969.0,1.0
2024.11.12_06-36-24_Yakuba_cameroon_e2hex,8971.0,8971.0,1.0
2024.11.12_06-36-24_Yakuba_cameroon_e2hex,8973.0,8999.0,1.0
2024.10.25_07-10-10_CantonS_metben,4766.0,4767.0,1.0
2024.10.25_07-10-10_CantonS_metben,4769.0,5164.0,1.0
2024.10.25_07-10-10_CantonS_metben,5166.0,5241.0,1.0
2024.10.25_07-10-10_CantonS_metben,5244.0,5244.0,1.0
2024.10.25_07-10-10_CantonS_metben,5247.0,5248.0,1.0
2024.10.25_07-10-10_CantonS_metben,5250.0,5252.0,1.0
2024.10.25_07-10-10_CantonS_metben,5254.0,5258.0,1.0
2024.10.25_07-10-10_CantonS_metben,5260.0,5264.0,1.0
2024.10.25_07-10-10_CantonS_metben,5266.0,5280.0,1.0
2024.10.25_07-10-10_CantonS_metben,5282.0,8999.0,1.0
2024.10.11_12-05-05_Sto_car_2hexanol,244.0,248.0,1.0
2024.10.11_12-05-05_Sto_car_2hexanol,251.0,251.0,1.0
2024.10.11_12-05-05_Sto_car_2hexanol,253.0,1333.0,1.0
2024.10.11_12-05-05_Sto_car_2hexanol,1335.0,1517.0,1.0
2024.10.11_12-05-05_Sto_car_2hexanol,1519.0,1750.0,1.0
2024.10.11_12-05-05_Sto_car_2hexanol,1752.0,1856.0,1.0
2024.10.11_12-05-05_Sto_car_2hexanol,1863.0,1986.0,1.0
2024.11.01_09-07-54_sto_car_e2hex,725.0,797.0,1.0
2024.11.01_09-07-54_sto_car_e2hex,799.0,946.0,1.0
2024.11.01_09-07-54_sto_car_e2hex,948.0,1031.0,1.0
2024.11.01_09-07-54_sto_car_e2hex,1033.0,1033.0,1.0
2024.11.01_09-07-54_sto_car_e2hex,1038.0,1040.0,1.0
2024.11.01_09-07-54_sto_car_e2hex,1042.0,2124.0,1.0
2024.11.01_09-07-54_sto_car_e2hex,4704.0,4825.0,1.0
2024.11.01_09-07-54_sto_car_e2hex,7439.0,7711.0,1.0
2024.11.01_09-07-54_sto_car_e2hex,7717.0,8146.0,1.0
2024.09.30_14-37-55_Yakuba_cameroon_no_odor,7356.0,7361.0,1.0
2024.09.30_14-37-55_Yakuba_cameroon_no_odor,7364.0,7366.0,1.0
2024.09.30_14-37-55_Yakuba_cameroon_no_odor,7368.0,7376.0,1.0
2024.09.30_14-37-55_Yakuba_cameroon_no_odor,7378.0,7426.0,1.0
2024.09.30_14-37-55_Yakuba_cameroon_no_odor,7429.0,7429.0,1.0
2024.09.30_14-37-55_Yakuba_cameroon_no_odor,7431.0,7440.0,1.0
2024.09.30_14-37-55_Yakuba_cameroon_no_odor,7442.0,7443.0,1.0
2024.09.30_14-37-55_Yakuba_cameroon_no_odor,7445.0,7446.0,1.0
2024.09.30_14-37-55_Yakuba_cameroon_no_odor,7450.0,7452.0,1.0
2024.09.30_14-37-55_Yakuba_cameroon_no_odor,7455.0,7456.0,1.0
2024.09.30_14-37-55_Yakuba_cameroon_no_odor,7461.0,7462.0,1.0
2024.09.30_14-37-55_Yakuba_cameroon_no_odor,7465.0,7468.0,1.0
2024.09.30_14-37-55_Yakuba_cameroon_no_odor,7470.0,7491.0,1.0
2024.09.30_14-37-55_Yakuba_cameroon_no_odor,7493.0,7501.0,1.0
2024.09.30_14-37-55_Yakuba_cameroon_no_odor,7504.0,7504.0,1.0
2024.09.30_14-37-55_Yakuba_cameroon_no_odor,7506.0,7510.0,1.0
2024.09.30_14-37-55_Yakuba_cameroon_no_odor,7515.0,7523.0,1.0
2024.09.30_14-37-55_Yakuba_cameroon_no_odor,7526.0,7531.0,1.0
2024.09.30_14-37-55_Yakuba_cameroon_no_odor,7533.0,7535.0,1.0
2024.09.30_14-37-55_Yakuba_cameroon_no_odor,7537.0,7553.0,1.0
2024.09.30_14-37-55_Yakuba_cameroon_no_odor,7556.0,7561.0,1.0
2024.09.30_14-37-55_Yakuba_cameroon_no_odor,7563.0,7569.0,1.0
2024.09.30_14-37-55_Yakuba_cameroon_no_odor,7572.0,7588.0,1.0
2024.09.30_14-37-55_Yakuba_cameroon_no_odor,7590.0,7707.0,1.0
2024.09.30_14-37-55_Yakuba_cameroon_no_odor,7709.0,7709.0,1.0
2024.09.30_14-37-55_Yakuba_cameroon_no_odor,7711.0,7711.0,1.0
2024.09.30_14-37-55_Yakuba_cameroon_no_odor,7713.0,7714.0,1.0
2024.09.30_14-37-55_Yakuba_cameroon_no_odor,7716.0,7730.0,1.0
2024.09.30_14-37-55_Yakuba_cameroon_no_odor,7732.0,7732.0,1.0
2024.09.30_14-37-55_Yakuba_cameroon_no_odor,7735.0,7738.0,1.0
2024.09.30_14-37-55_Yakuba_cameroon_no_odor,7740.0,7740.0,1.0
2024.09.30_14-37-55_Yakuba_cameroon_no_odor,7742.0,7744.0,1.0
2024.09.30_14-37-55_Yakuba_cameroon_no_odor,7746.0,7746.0,1.0
2024.09.30_14-37-55_Yakuba_cameroon_no_odor,7748.0,7751.0,1.0
2024.09.30_14-37-55_Yakuba_cameroon_no_odor,7753.0,7753.0,1.0
2024.09.30_14-37-55_Yakuba_cameroon_no_odor,7757.0,7759.0,1.0
2024.09.30_14-37-55_Yakuba_cameroon_no_odor,7763.0,7763.0,1.0
2024.09.30_14-37-55_Yakuba_cameroon_no_odor,7765.0,7770.0,1.0
2024.09.30_14-37-55_Yakuba_cameroon_no_odor,7772.0,7779.0,1.0
2024.09.30_14-37-55_Yakuba_cameroon_no_odor,7781.0,7781.0,1.0
2024.09.30_14-37-55_Yakuba_cameroon_no_odor,7783.0,7791.0,1.0
2024.09.30_14-37-55_Yakuba_cameroon_no_odor,7793.0,8989.0,1.0
2025.04.08_11-25-49_Sussex_metbut,3.0,389.0,1.0
2025.04.08_11-25-49_Sussex_metbut,392.0,394.0,1.0
2025.04.08_11-25-49_Sussex_metbut,879.0,880.0,1.0
2025.04.08_11-25-49_Sussex_metbut,882.0,882.0,1.0
2025.04.08_11-25-49_Sussex_metbut,884.0,1014.0,1.0
2025.04.08_11-25-49_Sussex_metbut,1017.0,1059.0,1.0
2025.04.08_11-25-49_Sussex_metbut,1062.0,1063.0,1.0
2025.04.08_11-25-49_Sussex_metbut,1065.0,1065.0,1.0
2025.04.08_11-25-49_Sussex_metbut,5011.0,5033.0,1.0
2025.04.08_11-25-49_Sussex_metbut,5035.0,5037.0,1.0
2025.04.08_11-25-49_Sussex_metbut,5039.0,5056.0,1.0
2025.04.08_11-25-49_Sussex_metbut,5058.0,7391.0,1.0
2025.04.08_11-25-49_Sussex_metbut,7393.0,7406.0,1.0
2025.04.08_11-25-49_Sussex_metbut,7408.0,7426.0,1.0
2025.04.08_11-25-49_Sussex_metbut,7428.0,7809.0,1.0
2025.04.08_11-25-49_Sussex_metbut,7811.0,7821.0,1.0
2025.04.08_11-25-49_Sussex_metbut,7823.0,7825.0,1.0
2025.04.08_11-25-49_Sussex_metbut,7827.0,7836.0,1.0
2025.04.08_11-25-49_Sussex_metbut,7838.0,7844.0,1.0
2025.04.08_11-25-49_Sussex_metbut,7846.0,7847.0,1.0
2025.04.08_11-25-49_Sussex_metbut,7849.0,7860.0,1.0
2024.07.08_13-43-06_Riverside (E-2-Hex),1202.0,1328.0,1.0
2024.10.25_08-56-09_Sussex_metben,449.0,449.0,1.0
2024.10.25_08-56-09_Sussex_metben,462.0,612.0,1.0
2024.10.25_08-56-09_Sussex_metben,634.0,634.0,1.0
2024.10.25_08-56-09_Sussex_metben,636.0,643.0,1.0
2024.10.25_08-56-09_Sussex_metben,645.0,645.0,1.0
2024.10.25_08-56-09_Sussex_metben,647.0,1690.0,1.0
2024.10.25_08-56-09_Sussex_metben,1692.0,1698.0,1.0
2024.10.25_08-56-09_Sussex_metben,1700.0,1866.0,1.0
2024.10.25_08-56-09_Sussex_metben,1868.0,1869.0,1.0
2024.10.25_08-56-09_Sussex_metben,1871.0,1891.0,1.0
2024.10.25_08-56-09_Sussex_metben,1893.0,1895.0,1.0
2024.10.25_08-56-09_Sussex_metben,1897.0,2061.0,1.0
2024.10.25_08-56-09_Sussex_metben,2063.0,2066.0,1.0
2024.10.28_07-03-50_stocago_metben,3.0,2269.0,1.0
2024.10.03_14-07-09_Yakuba_cameroon_2hex,3.0,2947.0,1.0
2024.10.03_14-07-09_Yakuba_cameroon_2hex,2949.0,2964.0,1.0
2024.10.03_14-07-09_Yakuba_cameroon_2hex,2966.0,2966.0,1.0
2024.10.03_14-07-09_Yakuba_cameroon_2hex,2969.0,3091.0,1.0
2024.10.03_14-07-09_Yakuba_cameroon_2hex,3093.0,3093.0,1.0
2024.10.03_14-07-09_Yakuba_cameroon_2hex,3099.0,3122.0,1.0
2024.10.03_14-07-09_Yakuba_cameroon_2hex,3143.0,3143.0,1.0
2024.10.03_14-07-09_Yakuba_cameroon_2hex,3148.0,3170.0,1.0
2024.10.03_14-07-09_Yakuba_cameroon_2hex,3173.0,3178.0,1.0
2024.10.03_14-07-09_Yakuba_cameroon_2hex,4074.0,4074.0,1.0
2024.10.03_14-07-09_Yakuba_cameroon_2hex,4079.0,4325.0,1.0
2024.10.03_14-07-09_Yakuba_cameroon_2hex,4327.0,4406.0,1.0
2024.10.03_14-07-09_Yakuba_cameroon_2hex,4476.0,4548.0,1.0
2024.10.03_14-07-09_Yakuba_cameroon_2hex,4550.0,4551.0,1.0
2024.10.03_14-07-09_Yakuba_cameroon_2hex,4554.0,4579.0,1.0
2024.10.03_14-07-09_Yakuba_cameroon_2hex,4581.0,4607.0,1.0
2024.10.03_14-07-09_Yakuba_cameroon_2hex,5006.0,5006.0,1.0
2024.10.03_14-07-09_Yakuba_cameroon_2hex,5011.0,5011.0,1.0
2024.10.03_14-07-09_Yakuba_cameroon_2hex,5013.0,5013.0,1.0
2024.10.03_14-07-09_Yakuba_cameroon_2hex,5015.0,5023.0,1.0
2024.10.03_14-07-09_Yakuba_cameroon_2hex,5025.0,5829.0,1.0
2024.10.03_14-07-09_Yakuba_cameroon_2hex,5831.0,5892.0,1.0
2024.10.03_14-07-09_Yakuba_cameroon_2hex,5897.0,5897.0,1.0
2024.09.30_12-42-45_Sussex_no_odor,3.0,998.0,1.0
2024.09.30_12-42-45_Sussex_no_odor,1000.0,1031.0,1.0
2024.09.30_12-42-45_Sussex_no_odor,1033.0,1194.0,1.0
2024.09.30_12-42-45_Sussex_no_odor,1197.0,1206.0,1.0
2024.09.30_12-42-45_Sussex_no_odor,1208.0,1208.0,1.0
2024.09.30_12-42-45_Sussex_no_odor,1211.0,1211.0,1.0
2024.09.30_12-42-45_Sussex_no_odor,1214.0,1214.0,1.0
2024.09.30_12-42-45_Sussex_no_odor,1216.0,1262.0,1.0
2024.09.30_12-42-45_Sussex_no_odor,1264.0,1264.0,1.0
2024.09.30_12-42-45_Sussex_no_odor,1266.0,1266.0,1.0
2024.09.30_12-42-45_Sussex_no_odor,1270.0,1270.0,1.0
2024.09.30_12-42-45_Sussex_no_odor,1272.0,1273.0,1.0
2024.09.30_12-42-45_Sussex_no_odor,1276.0,1276.0,1.0
2024.09.30_12-42-45_Sussex_no_odor,1280.0,1280.0,1.0
2024.09.30_12-42-45_Sussex_no_odor,1284.0,1284.0,1.0
2024.09.30_12-42-45_Sussex_no_odor,1287.0,1287.0,1.0
2024.09.30_12-42-45_Sussex_no_odor,1289.0,1289.0,1.0
2024.09.30_12-42-45_Sussex_no_odor,1292.0,1294.0,1.0
2024.09.30_12-42-45_Sussex_no_odor,1304.0,1308.0,1.0
2024.09.30_12-42-45_Sussex_no_odor,1315.0,1315.0,1.0
2024.10.08_13-56-40_Stocago_2hexanol,4.0,1775.0,1.0
2024.10.08_13-56-40_Stocago_2hexanol,1777.0,1778.0,1.0
2024.10.08_13-56-40_Stocago_2hexanol,1780.0,1808.0,1.0
2024.10.08_13-56-40_Stocago_2hexanol,1812.0,1875.0,1.0
2024.10.08_13-56-40_Stocago_2hexanol,1877.0,1878.0,1.0
2024.10.08_13-56-40_Stocago_2hexanol,1882.0,1932.0,1.0
2024.10.08_13-56-40_Stocago_2hexanol,1936.0,1960.0,1.0
2024.10.08_13-56-40_Stocago_2hexanol,1965.0,1989.0,1.0
2024.10.08_13-56-40_Stocago_2hexanol,1991.0,1991.0,1.0
2024.10.08_13-56-40_Stocago_2hexanol,1995.0,2108.0,1.0
2024.10.08_13-56-40_Stocago_2hexanol,4474.0,4474.0,1.0
2024.10.08_13-56-40_Stocago_2hexanol,4481.0,4520.0,1.0
2024.10.08_13-56-40_Stocago_2hexanol,4529.0,4574.0,1.0
2024.10.08_13-56-40_Stocago_2hexanol,4581.0,4660.0,1.0
2024.10.08_13-56-40_Stocago_2hexanol,4662.0,4669.0,1.0
2024.10.08_13-56-40_Stocago_2hexanol,4671.0,4672.0,1.0
2024.10.08_13-56-40_Stocago_2hexanol,4680.0,4680.0,1.0
2024.10.08_13-56-40_Stocago_2hexanol,4683.0,4717.0,1.0
2024.10.08_13-56-40_Stocago_2hexanol,4719.0,4719.0,1.0
2024.10.08_13-56-40_Stocago_2hexanol,7524.0,7541.0,1.0
2024.10.08_13-56-40_Stocago_2hexanol,7543.0,7561.0,1.0
2024.10.11_11-05-07_Biarmipes_G224_1hexanol,4060.0,4130.0,1.0
2024.10.11_11-05-07_Biarmipes_G224_1hexanol,4132.0,4160.0,1.0
2024.10.11_11-05-07_Biarmipes_G224_1hexanol,4163.0,4193.0,1.0
2024.10.11_11-05-07_Biarmipes_G224_1hexanol,8076.0,8291.0,1.0
2024.10.11_11-05-07_Biarmipes_G224_1hexanol,8293.0,8317.0,1.0
2024.10.11_11-05-07_Biarmipes_G224_1hexanol,8319.0,8532.0,1.0
2024.10.11_11-05-07_Biarmipes_G224_1hexanol,8534.0,8557.0,1.0
2024.10.11_11-05-07_Biarmipes_G224_1hexanol,8560.0,8562.0,1.0
2024.10.11_11-05-07_Biarmipes_G224_1hexanol,8570.0,8574.0,1.0
2024.10.11_11-05-07_Biarmipes_G224_1hexanol,8576.0,8592.0,1.0
2024.10.11_11-05-07_Biarmipes_G224_1hexanol,8594.0,8595.0,1.0
2024.10.11_11-05-07_Biarmipes_G224_1hexanol,8597.0,8597.0,1.0
2024.10.11_11-05-07_Biarmipes_G224_1hexanol,8599.0,8600.0,1.0
2024.10.11_11-05-07_Biarmipes_G224_1hexanol,8603.0,8603.0,1.0
2024.10.11_11-05-07_Biarmipes_G224_1hexanol,8605.0,8606.0,1.0
2024.10.11_11-05-07_Biarmipes_G224_1hexanol,8608.0,8609.0,1.0
2024.10.11_11-05-07_Biarmipes_G224_1hexanol,8611.0,8616.0,1.0
2024.10.11_11-05-07_Biarmipes_G224_1hexanol,8746.0,8746.0,1.0
2024.10.11_11-05-07_Biarmipes_G224_1hexanol,8748.0,8754.0,1.0
2024.12.01_20-09-35_Riverside_prenac,3.0,2622.0,1.0
2024.12.01_20-09-35_Riverside_prenac,2624.0,2625.0,1.0
2024.12.01_20-09-35_Riverside_prenac,2627.0,2627.0,1.0
2024.12.01_20-09-35_Riverside_prenac,2629.0,2629.0,1.0
2024.11.13_00-48-15_Sussex_e2hex,5713.0,8999.0,1.0
2024.10.07_14-49-03_Yakuba7_2hexanol,3.0,688.0,1.0
2024.10.07_14-49-03_Yakuba7_2hexanol,690.0,6517.0,1.0
2024.10.07_14-49-03_Yakuba7_2hexanol,7933.0,7949.0,1.0
2024.10.07_14-49-03_Yakuba7_2hexanol,7954.0,7983.0,1.0
2024.10.07_14-49-03_Yakuba7_2hexanol,7985.0,8005.0,1.0
2024.10.07_14-49-03_Yakuba7_2hexanol,8007.0,8013.0,1.0
2024.10.07_14-49-03_Yakuba7_2hexanol,8016.0,8032.0,1.0
2024.10.07_14-49-03_Yakuba7_2hexanol,8034.0,8292.0,1.0
2024.10.15_11-47-23_sussex_prenac,1943.0,4583.0,1.0
2024.10.15_11-47-23_sussex_prenac,4585.0,4599.0,1.0
2024.10.15_11-47-23_sussex_prenac,4601.0,4655.0,1.0
2024.10.15_11-47-23_sussex_prenac,4657.0,5304.0,1.0
2024.10.15_11-47-23_sussex_prenac,5306.0,5678.0,1.0
2024.10.15_11-47-23_sussex_prenac,5680.0,5732.0,1.0
2024.10.15_11-47-23_sussex_prenac,5734.0,5736.0,1.0
2024.10.15_11-47-23_sussex_prenac,5738.0,5756.0,1.0
2024.10.15_11-47-23_sussex_prenac,5758.0,5767.0,1.0
2024.10.15_11-47-23_sussex_prenac,5769.0,5770.0,1.0
2024.10.15_11-47-23_sussex_prenac,5772.0,5782.0,1.0
2024.10.15_11-47-23_sussex_prenac,5784.0,5791.0,1.0
2024.10.15_11-47-23_sussex_prenac,5793.0,5954.0,1.0
2024.10.15_11-47-23_sussex_prenac,5956.0,5976.0,1.0
2024.10.15_11-47-23_sussex_prenac,5978.0,6052.0,1.0
2024.10.15_11-47-23_sussex_prenac,6054.0,6072.0,1.0
2024.10.15_11-47-23_sussex_prenac,6074.0,6074.0,1.0
2024.10.15_11-47-23_sussex_prenac,6076.0,6078.0,1.0
2024.10.15_11-47-23_sussex_prenac,6080.0,6083.0,1.0
2024.10.15_11-47-23_sussex_prenac,6085.0,6090.0,1.0
2024.10.15_11-47-23_sussex_prenac,6092.0,6092.0,1.0
2024.10.15_11-47-23_sussex_prenac,6094.0,6095.0,1.0
2024.10.15_11-47-23_sussex_prenac,6097.0,6097.0,1.0
2024.10.15_11-47-23_sussex_prenac,6099.0,6099.0,1.0
2024.10.15_11-47-23_sussex_prenac,6102.0,6103.0,1.0
2024.10.15_11-47-23_sussex_prenac,6105.0,6108.0,1.0
2024.10.15_11-47-23_sussex_prenac,6130.0,6130.0,1.0
2024.10.15_11-47-23_sussex_prenac,6133.0,6133.0,1.0
2024.10.15_11-47-23_sussex_prenac,6141.0,6141.0,1.0
2024.10.15_11-47-23_sussex_prenac,6144.0,6147.0,1.0
2024.10.15_11-47-23_sussex_prenac,6150.0,6150.0,1.0
2024.10.15_11-47-23_sussex_prenac,6152.0,6154.0,1.0
2024.10.15_11-47-23_sussex_prenac,6156.0,6173.0,1.0
2024.10.15_11-47-23_sussex_prenac,6175.0,6203.0,1.0
2024.10.15_11-47-23_sussex_prenac,6205.0,6205.0,1.0
2024.10.15_11-47-23_sussex_prenac,6207.0,6208.0,1.0
2024.10.15_11-47-23_sussex_prenac,6210.0,6214.0,1.0
2024.10.15_11-47-23_sussex_prenac,6218.0,6223.0,1.0
2024.10.15_11-47-23_sussex_prenac,6225.0,6227.0,1.0
2024.10.15_11-47-23_sussex_prenac,6230.0,6231.0,1.0
2024.10.15_11-47-23_sussex_prenac,6233.0,6235.0,1.0
2024.10.15_11-47-23_sussex_prenac,6237.0,6242.0,1.0
2024.10.15_11-47-23_sussex_prenac,6244.0,6245.0,1.0
2024.10.15_11-47-23_sussex_prenac,6247.0,6247.0,1.0
2024.10.15_11-47-23_sussex_prenac,6249.0,6249.0,1.0
2024.10.15_11-47-23_sussex_prenac,6252.0,6253.0,1.0
2024.10.15_11-47-23_sussex_prenac,6255.0,6257.0,1.0
2024.10.15_11-47-23_sussex_prenac,6260.0,6260.0,1.0
2024.10.15_11-47-23_sussex_prenac,6263.0,6264.0,1.0
2024.10.15_11-47-23_sussex_prenac,6272.0,6272.0,1.0
2024.10.15_11-47-23_sussex_prenac,6278.0,6278.0,1.0
2024.10.15_11-47-23_sussex_prenac,6281.0,6282.0,1.0
2024.10.15_11-47-23_sussex_prenac,6288.0,6289.0,1.0
2024.10.15_11-47-23_sussex_prenac,6291.0,6293.0,1.0
2024.10.15_11-47-23_sussex_prenac,6295.0,6295.0,1.0
2024.10.15_11-47-23_sussex_prenac,6300.0,6301.0,1.0
2024.10.15_11-47-23_sussex_prenac,6310.0,6312.0,1.0
2024.10.15_11-47-23_sussex_prenac,6318.0,6318.0,1.0
2024.10.15_11-47-23_sussex_prenac,6325.0,6327.0,1.0
2024.10.15_11-47-23_sussex_prenac,6330.0,6330.0,1.0
2024.10.15_11-47-23_sussex_prenac,6332.0,6332.0,1.0
2024.10.15_11-47-23_sussex_prenac,6335.0,6335.0,1.0
2024.10.15_11-47-23_sussex_prenac,6339.0,6339.0,1.0
2024.10.15_11-47-23_sussex_prenac,6341.0,6341.0,1.0
2024.10.15_11-47-23_sussex_prenac,6343.0,6345.0,1.0
2024.10.15_11-47-23_sussex_prenac,6355.0,6355.0,1.0
2024.10.15_11-47-23_sussex_prenac,6357.0,6357.0,1.0
2024.10.15_11-47-23_sussex_prenac,6374.0,6374.0,1.0
2024.10.15_11-47-23_sussex_prenac,6396.0,6396.0,1.0
2024.10.15_11-47-23_sussex_prenac,6399.0,6399.0,1.0
2024.10.15_11-47-23_sussex_prenac,6402.0,6402.0,1.0
2024.10.15_11-47-23_sussex_prenac,6404.0,6404.0,1.0
2024.10.15_11-47-23_sussex_prenac,6406.0,6406.0,1.0
2024.10.15_11-47-23_sussex_prenac,6411.0,6413.0,1.0
2024.10.15_11-47-23_sussex_prenac,6418.0,6418.0,1.0
2024.10.15_11-47-23_sussex_prenac,6420.0,6421.0,1.0
2024.10.15_11-47-23_sussex_prenac,6427.0,6427.0,1.0
2024.10.15_11-47-23_sussex_prenac,6429.0,6430.0,1.0
2024.10.15_11-47-23_sussex_prenac,6432.0,6432.0,1.0
2024.10.15_11-47-23_sussex_prenac,6434.0,6434.0,1.0
2024.10.15_11-47-23_sussex_prenac,6437.0,6439.0,1.0
2024.10.15_11-47-23_sussex_prenac,6441.0,6443.0,1.0
2024.10.15_11-47-23_sussex_prenac,6445.0,6451.0,1.0
2024.10.15_11-47-23_sussex_prenac,6453.0,6453.0,1.0
2024.10.15_11-47-23_sussex_prenac,6455.0,6455.0,1.0
2024.10.15_11-47-23_sussex_prenac,6457.0,6458.0,1.0
2024.10.15_11-47-23_sussex_prenac,6460.0,6460.0,1.0
2024.10.15_11-47-23_sussex_prenac,6462.0,6463.0,1.0
2024.10.15_11-47-23_sussex_prenac,6468.0,6468.0,1.0
2024.10.15_11-47-23_sussex_prenac,6470.0,6470.0,1.0
2024.10.15_11-47-23_sussex_prenac,6473.0,6474.0,1.0
2024.10.15_11-47-23_sussex_prenac,6477.0,6478.0,1.0
2024.10.15_11-47-23_sussex_prenac,6480.0,6480.0,1.0
2024.10.15_11-47-23_sussex_prenac,6487.0,6487.0,1.0
2024.10.15_11-47-23_sussex_prenac,6492.0,6493.0,1.0
2024.10.15_11-47-23_sussex_prenac,6496.0,6496.0,1.0
2024.10.15_11-47-23_sussex_prenac,6499.0,6504.0,1.0
2024.10.15_11-47-23_sussex_prenac,6513.0,6513.0,1.0
2024.10.15_11-47-23_sussex_prenac,6517.0,6519.0,1.0
2024.10.15_11-47-23_sussex_prenac,6525.0,6526.0,1.0
2024.10.15_11-47-23_sussex_prenac,6528.0,6528.0,1.0
2024.10.15_11-47-23_sussex_prenac,6530.0,6531.0,1.0
2024.10.15_11-47-23_sussex_prenac,6538.0,6538.0,1.0
2024.10.15_11-47-23_sussex_prenac,6540.0,6540.0,1.0
2024.10.15_11-47-23_sussex_prenac,6543.0,6547.0,1.0
2024.10.15_11-47-23_sussex_prenac,6556.0,6557.0,1.0
2024.10.15_11-47-23_sussex_prenac,6560.0,6560.0,1.0
2024.10.15_11-47-23_sussex_prenac,6562.0,6562.0,1.0
2024.10.15_11-47-23_sussex_prenac,6565.0,6565.0,1.0
2024.10.15_11-47-23_sussex_prenac,6570.0,6570.0,1.0
2024.10.15_11-47-23_sussex_prenac,6586.0,6587.0,1.0
2024.10.15_11-47-23_sussex_prenac,6596.0,6596.0,1.0
2024.10.15_11-47-23_sussex_prenac,6599.0,6599.0,1.0
2024.10.15_11-47-23_sussex_prenac,6612.0,6612.0,1.0
2024.10.15_11-47-23_sussex_prenac,6614.0,6614.0,1.0
2024.10.15_11-47-23_sussex_prenac,6619.0,6620.0,1.0
2024.10.15_11-47-23_sussex_prenac,6623.0,6623.0,1.0
2024.10.15_11-47-23_sussex_prenac,6661.0,6661.0,1.0
2024.10.15_11-47-23_sussex_prenac,6667.0,6667.0,1.0
2024.10.15_11-47-23_sussex_prenac,6673.0,6674.0,1.0
2024.10.15_11-47-23_sussex_prenac,6677.0,6677.0,1.0
2024.10.15_11-47-23_sussex_prenac,6685.0,6686.0,1.0
2024.10.15_11-47-23_sussex_prenac,6688.0,6688.0,1.0
2024.10.15_11-47-23_sussex_prenac,6690.0,6690.0,1.0
2024.10.15_11-47-23_sussex_prenac,6695.0,6697.0,1.0
2024.10.15_11-47-23_sussex_prenac,6699.0,6701.0,1.0
2024.10.15_11-47-23_sussex_prenac,6703.0,6703.0,1.0
2024.10.15_11-47-23_sussex_prenac,6705.0,6705.0,1.0
2024.10.15_11-47-23_sussex_prenac,6708.0,6714.0,1.0
2024.10.15_11-47-23_sussex_prenac,6716.0,6717.0,1.0
2024.10.15_11-47-23_sussex_prenac,6722.0,6722.0,1.0
2024.10.15_11-47-23_sussex_prenac,6725.0,6725.0,1.0
2024.10.15_11-47-23_sussex_prenac,6729.0,6729.0,1.0
2024.10.15_11-47-23_sussex_prenac,6734.0,6735.0,1.0
2024.10.15_11-47-23_sussex_prenac,6737.0,6737.0,1.0
2024.10.15_11-47-23_sussex_prenac,6740.0,6740.0,1.0
2024.10.15_11-47-23_sussex_prenac,6743.0,6743.0,1.0
2024.10.15_11-47-23_sussex_prenac,6748.0,6748.0,1.0
2024.10.15_11-47-23_sussex_prenac,6753.0,6754.0,1.0
2024.10.15_11-47-23_sussex_prenac,6758.0,6758.0,1.0
2024.10.15_11-47-23_sussex_prenac,6760.0,6760.0,1.0
2024.10.15_11-47-23_sussex_prenac,6762.0,6764.0,1.0
2024.10.15_11-47-23_sussex_prenac,6769.0,6769.0,1.0
2024.10.15_11-47-23_sussex_prenac,6772.0,6774.0,1.0
2024.10.15_11-47-23_sussex_prenac,6776.0,6776.0,1.0
2024.10.15_11-47-23_sussex_prenac,6779.0,6781.0,1.0
2024.10.15_11-47-23_sussex_prenac,6786.0,6786.0,1.0
2024.10.15_11-47-23_sussex_prenac,6788.0,6790.0,1.0
2024.10.15_11-47-23_sussex_prenac,6792.0,6793.0,1.0
2024.10.15_11-47-23_sussex_prenac,6798.0,6799.0,1.0
2024.10.15_11-47-23_sussex_prenac,6805.0,6805.0,1.0
2024.10.15_11-47-23_sussex_prenac,6807.0,6808.0,1.0
2024.10.15_11-47-23_sussex_prenac,6811.0,6811.0,1.0
2024.10.15_11-47-23_sussex_prenac,6816.0,6816.0,1.0
2024.10.15_11-47-23_sussex_prenac,6818.0,6821.0,1.0
2024.10.15_11-47-23_sussex_prenac,6823.0,6823.0,1.0
2024.10.15_11-47-23_sussex_prenac,6826.0,6827.0,1.0
2024.10.15_11-47-23_sussex_prenac,6829.0,6830.0,1.0
2024.10.15_11-47-23_sussex_prenac,6832.0,6834.0,1.0
2024.10.15_11-47-23_sussex_prenac,6836.0,6836.0,1.0
2024.10.15_11-47-23_sussex_prenac,6839.0,6841.0,1.0
2024.10.15_11-47-23_sussex_prenac,6843.0,6843.0,1.0
2024.10.15_11-47-23_sussex_prenac,6845.0,6856.0,1.0
2024.10.15_11-47-23_sussex_prenac,6859.0,6860.0,1.0
2024.10.15_11-47-23_sussex_prenac,6863.0,6864.0,1.0
2024.10.15_11-47-23_sussex_prenac,6868.0,6868.0,1.0
2024.10.15_11-47-23_sussex_prenac,6873.0,6874.0,1.0
2024.10.15_11-47-23_sussex_prenac,6888.0,6888.0,1.0
2024.10.15_11-47-23_sussex_prenac,6899.0,6929.0,1.0
2024.10.15_11-47-23_sussex_prenac,6931.0,6942.0,1.0
2024.10.15_11-47-23_sussex_prenac,6944.0,6955.0,1.0
2024.10.15_11-47-23_sussex_prenac,6957.0,6984.0,1.0
2024.10.15_11-47-23_sussex_prenac,6986.0,6986.0,1.0
2024.10.15_11-47-23_sussex_prenac,6988.0,6988.0,1.0
2024.10.15_11-47-23_sussex_prenac,7016.0,7047.0,1.0
2024.10.15_11-47-23_sussex_prenac,7049.0,7049.0,1.0
2024.10.15_11-47-23_sussex_prenac,7051.0,7181.0,1.0
2024.10.15_11-47-23_sussex_prenac,7183.0,7196.0,1.0
2024.10.15_11-47-23_sussex_prenac,7198.0,7201.0,1.0
2024.10.15_11-47-23_sussex_prenac,7203.0,7234.0,1.0
2024.10.15_11-47-23_sussex_prenac,7236.0,7254.0,1.0
2024.10.15_11-47-23_sussex_prenac,7256.0,8999.0,1.0
2024.10.15_12-07-33_sussex_prenac,3.0,549.0,1.0
2024.10.15_12-07-33_sussex_prenac,551.0,553.0,1.0
2024.10.15_12-07-33_sussex_prenac,560.0,860.0,1.0
2024.10.15_12-07-33_sussex_prenac,862.0,945.0,1.0
2024.10.15_12-07-33_sussex_prenac,948.0,996.0,1.0
2024.10.15_12-07-33_sussex_prenac,999.0,1026.0,1.0
2024.10.15_12-07-33_sussex_prenac,1028.0,1030.0,1.0
2024.10.15_12-07-33_sussex_prenac,1043.0,1043.0,1.0
2024.10.15_12-07-33_sussex_prenac,1046.0,1046.0,1.0
2024.09.24_16-20-39_Yakuba7_no_odor,902.0,6399.0,1.0
2024.09.24_16-20-39_Yakuba7_no_odor,6401.0,6401.0,1.0
2024.09.24_16-20-39_Yakuba7_no_odor,6403.0,6444.0,1.0
2024.09.24_16-20-39_Yakuba7_no_odor,6447.0,6450.0,1.0
2024.09.24_16-20-39_Yakuba7_no_odor,6452.0,6459.0,1.0
2024.09.24_16-20-39_Yakuba7_no_odor,6461.0,6464.0,1.0
2024.09.24_16-20-39_Yakuba7_no_odor,6466.0,6469.0,1.0
2024.09.24_16-20-39_Yakuba7_no_odor,6471.0,6493.0,1.0
2024.09.24_16-20-39_Yakuba7_no_odor,6495.0,6524.0,1.0
2024.09.24_16-20-39_Yakuba7_no_odor,6529.0,6529.0,1.0
2024.09.24_16-20-39_Yakuba7_no_odor,6531.0,6531.0,1.0
2024.09.24_16-20-39_Yakuba7_no_odor,6533.0,6533.0,1.0
2024.09.24_16-20-39_Yakuba7_no_odor,6535.0,6535.0,1.0
2024.09.24_16-20-39_Yakuba7_no_odor,6538.0,6643.0,1.0
2024.09.24_16-20-39_Yakuba7_no_odor,6645.0,7323.0,1.0
2024.09.24_16-20-39_Yakuba7_no_odor,7325.0,7403.0,1.0
2024.09.24_16-20-39_Yakuba7_no_odor,7405.0,8368.0,1.0
2024.09.24_16-20-39_Yakuba7_no_odor,8370.0,8742.0,1.0
2024.10.28_06-08-40_Yakuba_cameroon_metben,3.0,1811.0,1.0
2024.10.28_06-08-40_Yakuba_cameroon_metben,1813.0,2249.0,1.0
2024.10.03_13-09-37_Yakuba_cameroon_2hex,3.0,617.0,1.0
2024.10.03_13-09-37_Yakuba_cameroon_2hex,621.0,628.0,1.0
2024.10.30_07-24-33_Stocago_metben,8084.0,8149.0,1.0
2024.10.30_07-24-33_Stocago_metben,8151.0,8258.0,1.0
2024.10.30_07-24-33_Stocago_metben,8260.0,8635.0,1.0
2024.10.30_07-24-33_Stocago_metben,8638.0,8638.0,1.0
2024.10.30_07-24-33_Stocago_metben,8642.0,8740.0,1.0
2024.10.30_07-24-33_Stocago_metben,8743.0,8812.0,1.0
2024.10.30_07-24-33_Stocago_metben,8814.0,8881.0,1.0
2024.10.30_07-24-33_Stocago_metben,8883.0,8929.0,1.0
2024.10.30_07-24-33_Stocago_metben,8931.0,8932.0,1.0
2024.10.30_07-24-33_Stocago_metben,8935.0,8999.0,1.0
2024.09.25_16-47-34_Sto_cago_no_odor,638.0,731.0,1.0
2024.09.25_16-47-34_Sto_cago_no_odor,733.0,2073.0,1.0
2024.09.25_16-47-34_Sto_cago_no_odor,2075.0,2154.0,1.0
2024.07.08_12-21-10_Riverside (no odor),5431.0,5561.0,1.0
2024.12.19_17-03-42_Riverside_prenac,3.0,1137.0,1.0
2024.10.31_08-04-28_Biarmipes84_metben,3879.0,4307.0,1.0
2024.10.31_08-04-28_Biarmipes84_metben,4309.0,6823.0,1.0
2024.10.31_08-04-28_Biarmipes84_metben,6825.0,7207.0,1.0
2024.10.31_08-04-28_Biarmipes84_metben,7210.0,7230.0,1.0
2024.10.31_08-04-28_Biarmipes84_metben,7232.0,7232.0,1.0
2024.10.31_08-04-28_Biarmipes84_metben,7235.0,7266.0,1.0
2024.10.31_08-04-28_Biarmipes84_metben,7268.0,7268.0,1.0
2024.10.31_08-04-28_Biarmipes84_metben,7271.0,7696.0,1.0
2024.10.29_06-53-07_Yakuba7_metben,3.0,1537.0,1.0
2024.10.29_06-53-07_Yakuba7_metben,1539.0,1547.0,1.0
2024.10.29_06-53-07_Yakuba7_metben,1549.0,1554.0,1.0
2024.10.29_06-53-07_Yakuba7_metben,1556.0,1770.0,1.0
2024.10.29_06-53-07_Yakuba7_metben,1772.0,1782.0,1.0
2024.10.29_06-53-07_Yakuba7_metben,1784.0,2115.0,1.0
2024.10.29_06-53-07_Yakuba7_metben,3852.0,4744.0,1.0
2024.10.29_06-53-07_Yakuba7_metben,4746.0,6102.0,1.0
2024.10.29_06-53-07_Yakuba7_metben,6107.0,6125.0,1.0
2024.10.29_06-53-07_Yakuba7_metben,6127.0,6127.0,1.0
2024.10.29_06-53-07_Yakuba7_metben,6140.0,7227.0,1.0
2024.10.29_06-53-07_Yakuba7_metben,7229.0,7272.0,1.0
2024.10.29_06-53-07_Yakuba7_metben,7274.0,7277.0,1.0
2024.10.14_09-28-43_Riverside_prenac,7069.0,7069.0,1.0
2024.10.14_09-28-43_Riverside_prenac,7071.0,7071.0,1.0
2024.10.14_09-28-43_Riverside_prenac,7073.0,7079.0,1.0
2024.10.14_09-28-43_Riverside_prenac,7081.0,7087.0,1.0
2024.10.14_09-28-43_Riverside_prenac,7089.0,8945.0,1.0
2024.10.07_14-22-45_Yakuba7_2hexanol,4662.0,4662.0,1.0
2024.10.07_14-22-45_Yakuba7_2hexanol,4664.0,4664.0,1.0
2024.10.07_14-22-45_Yakuba7_2hexanol,4666.0,4668.0,1.0
2024.10.07_14-22-45_Yakuba7_2hexanol,4670.0,4673.0,1.0
2024.10.07_14-22-45_Yakuba7_2hexanol,4675.0,5938.0,1.0
2024.10.07_14-22-45_Yakuba7_2hexanol,5940.0,7151.0,1.0
2024.10.07_14-22-45_Yakuba7_2hexanol,7153.0,8178.0,1.0
2024.10.07_14-22-45_Yakuba7_2hexanol,8183.0,8184.0,1.0
2024.10.07_14-22-45_Yakuba7_2hexanol,8186.0,8999.0,1.0
2024.11.12_06-42-36_Yakuba_cameroon_e2hex,6745.0,6796.0,1.0
2024.11.12_06-42-36_Yakuba_cameroon_e2hex,6798.0,6828.0,1.0
2024.11.12_06-42-36_Yakuba_cameroon_e2hex,6832.0,7033.0,1.0
2024.11.12_06-42-36_Yakuba_cameroon_e2hex,7035.0,7035.0,1.0
2024.11.12_06-42-36_Yakuba_cameroon_e2hex,7037.0,7162.0,1.0
2024.11.12_06-42-36_Yakuba_cameroon_e2hex,7170.0,7459.0,1.0
2024.11.12_06-42-36_Yakuba_cameroon_e2hex,7461.0,7546.0,1.0
2024.11.12_06-42-36_Yakuba_cameroon_e2hex,7548.0,7548.0,1.0
2024.11.12_06-42-36_Yakuba_cameroon_e2hex,7550.0,7550.0,1.0
2024.11.12_06-42-36_Yakuba_cameroon_e2hex,7553.0,7553.0,1.0
2024.10.17_09-46-04_Sto_car_prenac,5746.0,5765.0,1.0
2024.10.17_09-46-04_Sto_car_prenac,5767.0,5773.0,1.0
2024.10.17_09-46-04_Sto_car_prenac,5775.0,5836.0,1.0
2024.10.17_09-46-04_Sto_car_prenac,5838.0,5850.0,1.0
2024.10.17_09-46-04_Sto_car_prenac,5852.0,5875.0,1.0
2024.10.17_09-46-04_Sto_car_prenac,5877.0,5914.0,1.0
2024.10.17_09-46-04_Sto_car_prenac,5917.0,5934.0,1.0
2024.10.17_09-46-04_Sto_car_prenac,5936.0,5936.0,1.0
2024.10.17_09-46-04_Sto_car_prenac,5938.0,5940.0,1.0
2024.10.17_09-46-04_Sto_car_prenac,5942.0,5943.0,1.0
2024.10.17_09-46-04_Sto_car_prenac,5945.0,5947.0,1.0
2024.10.17_09-46-04_Sto_car_prenac,5949.0,5975.0,1.0
2024.10.17_09-46-04_Sto_car_prenac,5977.0,5987.0,1.0
2024.10.17_09-46-04_Sto_car_prenac,5989.0,6002.0,1.0
2024.10.17_09-46-04_Sto_car_prenac,6005.0,6005.0,1.0
2024.10.17_09-46-04_Sto_car_prenac,6007.0,6010.0,1.0
2024.10.17_09-46-04_Sto_car_prenac,6012.0,6012.0,1.0
2024.10.17_09-46-04_Sto_car_prenac,6014.0,6044.0,1.0
2024.10.17_09-46-04_Sto_car_prenac,6046.0,6047.0,1.0
2024.10.17_09-46-04_Sto_car_prenac,6049.0,6049.0,1.0
2024.10.17_09-46-04_Sto_car_prenac,6051.0,6055.0,1.0
2024.10.17_09-46-04_Sto_car_prenac,6058.0,6062.0,1.0
2024.10.17_09-46-04_Sto_car_prenac,6064.0,6077.0,1.0
2024.10.17_09-46-04_Sto_car_prenac,6079.0,6082.0,1.0
2024.10.17_09-46-04_Sto_car_prenac,6084.0,6087.0,1.0
2024.10.17_09-46-04_Sto_car_prenac,6089.0,6100.0,1.0
2024.10.17_09-46-04_Sto_car_prenac,6102.0,6111.0,1.0
2024.10.17_09-46-04_Sto_car_prenac,6113.0,6115.0,1.0
2024.10.17_09-46-04_Sto_car_prenac,6117.0,6131.0,1.0
2024.10.17_09-46-04_Sto_car_prenac,6133.0,6136.0,1.0
2024.10.17_09-46-04_Sto_car_prenac,6138.0,6145.0,1.0
2024.10.17_09-46-04_Sto_car_prenac,6147.0,6156.0,1.0
2024.10.17_09-46-04_Sto_car_prenac,6158.0,6225.0,1.0
2024.10.17_09-46-04_Sto_car_prenac,6227.0,6238.0,1.0
2024.10.17_09-46-04_Sto_car_prenac,6240.0,6353.0,1.0
2024.10.17_09-46-04_Sto_car_prenac,6355.0,6371.0,1.0
2024.10.17_09-46-04_Sto_car_prenac,6373.0,6376.0,1.0
2024.10.17_09-46-04_Sto_car_prenac,6378.0,6411.0,1.0
2024.10.17_09-46-04_Sto_car_prenac,6413.0,6424.0,1.0
2024.10.17_09-46-04_Sto_car_prenac,6426.0,7480.0,1.0
2024.10.17_09-46-04_Sto_car_prenac,7482.0,8998.0,1.0
