trial,start_frame,end_frame,is_swapped
2025.04.08_10-28-16_Sussex_metbut,3,1287,True
2025.04.08_10-28-16_Sussex_metbut,1952,1952,True
2025.04.08_10-28-16_Sussex_metbut,1954,1955,True
2025.04.08_10-28-16_Sussex_metbut,1992,2006,True
2025.04.08_10-28-16_Sussex_metbut,2014,2273,True
2025.04.08_10-28-16_Sussex_metbut,2378,3000,True
2025.04.08_10-28-16_Sussex_metbut,3002,3383,True
2025.04.08_10-28-16_Sussex_metbut,3408,3679,True
2025.04.08_10-28-16_Sussex_metbut,3682,3729,True
2025.04.08_10-28-16_Sussex_metbut,3733,3827,True
2025.04.08_10-28-16_Sussex_metbut,3835,3835,True
2025.04.08_10-28-16_Sussex_metbut,3837,3875,True
2025.04.08_10-28-16_Sussex_metbut,3877,3950,True
2025.04.08_10-28-16_Sussex_metbut,3956,3980,True
2025.04.08_10-28-16_Sussex_metbut,3992,3992,True
2025.04.08_10-28-16_Sussex_metbut,5234,5239,True
2025.04.08_10-28-16_Sussex_metbut,5241,5250,True
2025.04.08_10-28-16_Sussex_metbut,5394,5397,True
2025.04.08_10-28-16_Sussex_metbut,5409,5417,True
2025.04.08_10-28-16_Sussex_metbut,5419,5419,True
2025.04.08_10-28-16_Sussex_metbut,5421,6305,True
2025.04.08_10-28-16_Sussex_metbut,6307,6318,True
2025.04.08_10-28-16_Sussex_metbut,6320,6465,True
2025.04.08_10-28-16_Sussex_metbut,6467,6509,True
2025.04.08_10-28-16_Sussex_metbut,6511,6515,True
2025.04.08_10-28-16_Sussex_metbut,6519,7084,True
2025.04.08_10-28-16_Sussex_metbut,7213,7227,True
2025.04.08_10-28-16_Sussex_metbut,7229,7235,True
2025.04.08_10-28-16_Sussex_metbut,8936,8999,True
2024.07.10_12-55-06_Riverside (MetBen),957,1879,True
2024.07.10_12-55-06_Riverside (MetBen),1882,1979,True
2024.07.10_12-55-06_Riverside (MetBen),2015,2138,True
2024.07.10_12-55-06_Riverside (MetBen),2144,2144,True
2024.07.10_12-55-06_Riverside (MetBen),2624,2624,True
2024.07.10_12-55-06_Riverside (MetBen),2643,2670,True
2024.07.10_12-55-06_Riverside (MetBen),2673,3929,True
2024.07.10_12-55-06_Riverside (MetBen),4044,4314,True
2024.07.10_12-55-06_Riverside (MetBen),4412,4412,True
2024.07.10_12-55-06_Riverside (MetBen),5322,5325,True
2024.07.10_12-55-06_Riverside (MetBen),5334,5336,True
2024.07.10_12-55-06_Riverside (MetBen),5352,6724,True
2024.07.10_12-55-06_Riverside (MetBen),7755,7755,True
2024.07.10_12-55-06_Riverside (MetBen),7764,7777,True
2024.07.10_12-55-06_Riverside (MetBen),7781,7782,True
2024.07.10_12-55-06_Riverside (MetBen),7938,7940,True
2024.07.10_12-55-06_Riverside (MetBen),7955,7967,True
2024.07.10_12-55-06_Riverside (MetBen),7969,8902,True
2024.10.01_09-10-55_Yakuba_cameroon_no_odor,3,1433,True
2024.10.01_09-10-55_Yakuba_cameroon_no_odor,2210,2311,True
2024.10.01_09-10-55_Yakuba_cameroon_no_odor,2313,2796,True
2024.10.01_09-10-55_Yakuba_cameroon_no_odor,3837,3837,True
2024.10.01_09-10-55_Yakuba_cameroon_no_odor,3856,3856,True
2024.10.01_09-10-55_Yakuba_cameroon_no_odor,3869,3873,True
2024.10.01_09-10-55_Yakuba_cameroon_no_odor,3875,3878,True
2024.10.01_09-10-55_Yakuba_cameroon_no_odor,3880,3904,True
2024.10.01_09-10-55_Yakuba_cameroon_no_odor,3906,3907,True
2024.10.01_09-10-55_Yakuba_cameroon_no_odor,3909,4602,True
2024.10.01_09-10-55_Yakuba_cameroon_no_odor,4704,4731,True
2024.10.01_09-10-55_Yakuba_cameroon_no_odor,4733,4738,True
2024.10.01_09-10-55_Yakuba_cameroon_no_odor,4742,4746,True
2024.10.01_09-10-55_Yakuba_cameroon_no_odor,4748,4750,True
2024.10.01_09-10-55_Yakuba_cameroon_no_odor,4752,4755,True
2024.10.01_09-10-55_Yakuba_cameroon_no_odor,4762,4762,True
2024.10.01_09-10-55_Yakuba_cameroon_no_odor,4764,4764,True
2024.10.01_09-10-55_Yakuba_cameroon_no_odor,4767,4767,True
2024.10.01_09-10-55_Yakuba_cameroon_no_odor,4769,5554,True
2024.10.01_09-10-55_Yakuba_cameroon_no_odor,7378,7715,True
2024.10.01_09-10-55_Yakuba_cameroon_no_odor,7731,8999,True
2024.10.24_12-17-03_Riverside_metben,3,1125,True
2024.10.24_12-17-03_Riverside_metben,1127,1343,True
2024.10.24_12-17-03_Riverside_metben,3685,4350,True
2024.10.24_12-17-03_Riverside_metben,6230,6239,True
2024.10.24_12-17-03_Riverside_metben,6242,6251,True
2024.10.24_12-17-03_Riverside_metben,6253,6253,True
2024.10.24_12-17-03_Riverside_metben,6255,6256,True
2024.10.24_12-17-03_Riverside_metben,6259,6260,True
2024.10.24_12-17-03_Riverside_metben,6262,6266,True
2024.10.24_12-17-03_Riverside_metben,6268,6268,True
2024.10.24_12-17-03_Riverside_metben,6270,6270,True
2024.10.24_12-17-03_Riverside_metben,6272,6283,True
2024.10.24_12-17-03_Riverside_metben,6290,6290,True
2024.10.24_12-17-03_Riverside_metben,6292,6320,True
2024.10.24_12-17-03_Riverside_metben,6333,6347,True
2024.10.24_12-17-03_Riverside_metben,6350,6352,True
2024.10.24_12-17-03_Riverside_metben,6356,6357,True
2024.10.24_12-17-03_Riverside_metben,6363,6364,True
2024.10.24_12-17-03_Riverside_metben,6367,6378,True
2024.10.24_12-17-03_Riverside_metben,6380,6383,True
2024.10.24_12-17-03_Riverside_metben,6387,6392,True
2024.10.24_12-17-03_Riverside_metben,6409,6431,True
2024.10.24_12-17-03_Riverside_metben,6477,6477,True
2024.10.24_12-17-03_Riverside_metben,6498,6498,True
2024.10.24_12-17-03_Riverside_metben,6537,6537,True
2024.10.24_12-17-03_Riverside_metben,6541,6550,True
2024.10.24_12-17-03_Riverside_metben,6552,6553,True
2024.10.24_12-17-03_Riverside_metben,6565,6565,True
2024.10.24_12-17-03_Riverside_metben,6567,6569,True
2024.10.24_12-17-03_Riverside_metben,6571,6595,True
2024.10.24_12-17-03_Riverside_metben,6598,6604,True
2024.10.24_12-17-03_Riverside_metben,6630,6636,True
2024.10.24_12-17-03_Riverside_metben,6640,6642,True
2024.10.24_12-17-03_Riverside_metben,6644,6667,True
2024.10.24_12-17-03_Riverside_metben,6680,6680,True
2024.10.24_12-17-03_Riverside_metben,6840,6842,True
2024.10.24_12-17-03_Riverside_metben,6844,6859,True
2024.10.24_12-17-03_Riverside_metben,6861,6879,True
2024.10.24_12-17-03_Riverside_metben,6914,6916,True
2024.10.24_12-17-03_Riverside_metben,6918,6918,True
2024.10.24_12-17-03_Riverside_metben,6922,6934,True
2024.10.24_12-17-03_Riverside_metben,7169,7169,True
2024.10.24_12-17-03_Riverside_metben,7172,7173,True
2024.10.24_12-17-03_Riverside_metben,7180,7180,True
2024.10.24_12-17-03_Riverside_metben,7221,7224,True
2024.10.24_12-17-03_Riverside_metben,7230,7234,True
2024.10.24_12-17-03_Riverside_metben,7237,7239,True
2024.10.24_12-17-03_Riverside_metben,7241,7246,True
2024.10.24_12-17-03_Riverside_metben,7248,7252,True
2024.10.24_12-17-03_Riverside_metben,7254,7255,True
2024.10.24_12-17-03_Riverside_metben,7257,7262,True
2024.10.24_12-17-03_Riverside_metben,7264,7264,True
2024.10.24_12-17-03_Riverside_metben,7279,7283,True
2024.10.24_12-17-03_Riverside_metben,7285,7287,True
2024.10.24_12-17-03_Riverside_metben,7289,7290,True
2024.10.24_12-17-03_Riverside_metben,7293,7293,True
2024.10.24_12-17-03_Riverside_metben,7295,7300,True
2024.10.24_12-17-03_Riverside_metben,7304,8999,True
2024.11.13_00-42-08_Sussex_e2hex,705,2455,True
2024.11.13_00-42-08_Sussex_e2hex,2458,2458,True
2024.11.13_00-42-08_Sussex_e2hex,2461,2461,True
2024.11.13_00-42-08_Sussex_e2hex,2464,2472,True
2024.11.13_00-42-08_Sussex_e2hex,2485,2485,True
2024.11.13_00-42-08_Sussex_e2hex,2500,2500,True
2024.11.13_00-42-08_Sussex_e2hex,3991,4239,True
2024.11.13_00-42-08_Sussex_e2hex,4249,4698,True
2024.11.13_00-42-08_Sussex_e2hex,5982,5983,True
2024.11.13_00-42-08_Sussex_e2hex,6117,6117,True
2024.11.13_00-42-08_Sussex_e2hex,6120,6120,True
2024.11.13_00-42-08_Sussex_e2hex,6129,6131,True
2024.11.13_00-42-08_Sussex_e2hex,6141,6150,True
2024.11.13_00-42-08_Sussex_e2hex,6152,6165,True
2024.11.13_00-42-08_Sussex_e2hex,6167,6189,True
2024.11.13_00-42-08_Sussex_e2hex,6192,6196,True
2024.11.13_00-42-08_Sussex_e2hex,6198,6201,True
2024.11.13_00-42-08_Sussex_e2hex,6203,6205,True
2024.11.13_00-42-08_Sussex_e2hex,6207,6284,True
2024.11.13_00-42-08_Sussex_e2hex,6286,6288,True
2024.11.13_00-42-08_Sussex_e2hex,6293,6294,True
2024.11.13_00-42-08_Sussex_e2hex,6296,6298,True
2024.11.13_00-42-08_Sussex_e2hex,6300,8993,True
2024.10.08_10-27-14_Biarmipes_G224_no_odor,3,422,True
2024.10.08_10-27-14_Biarmipes_G224_no_odor,454,454,True
2024.10.08_10-27-14_Biarmipes_G224_no_odor,467,470,True
2024.10.08_10-27-14_Biarmipes_G224_no_odor,874,1269,True
2024.10.08_10-27-14_Biarmipes_G224_no_odor,1271,1287,True
2024.10.08_10-27-14_Biarmipes_G224_no_odor,1289,1290,True
2024.10.08_10-27-14_Biarmipes_G224_no_odor,1853,1853,True
2024.10.08_10-27-14_Biarmipes_G224_no_odor,1855,1858,True
2024.10.08_10-27-14_Biarmipes_G224_no_odor,1860,1884,True
2024.10.08_10-27-14_Biarmipes_G224_no_odor,1886,2072,True
2024.10.08_10-27-14_Biarmipes_G224_no_odor,2074,2079,True
2024.10.08_10-27-14_Biarmipes_G224_no_odor,2081,2090,True
2024.10.08_10-27-14_Biarmipes_G224_no_odor,2105,2106,True
2024.10.08_10-27-14_Biarmipes_G224_no_odor,2108,2113,True
2024.10.08_10-27-14_Biarmipes_G224_no_odor,2117,2300,True
2024.10.08_10-27-14_Biarmipes_G224_no_odor,2893,3138,True
2024.10.08_10-27-14_Biarmipes_G224_no_odor,3140,3157,True
2024.10.08_10-27-14_Biarmipes_G224_no_odor,3162,3554,True
2024.10.08_10-27-14_Biarmipes_G224_no_odor,3963,5119,True
2024.10.08_10-27-14_Biarmipes_G224_no_odor,5338,5339,True
2024.10.08_10-27-14_Biarmipes_G224_no_odor,5343,5378,True
2024.10.08_10-27-14_Biarmipes_G224_no_odor,5384,5416,True
2024.10.08_10-27-14_Biarmipes_G224_no_odor,5418,6253,True
2024.12.19_13-58-15_Biarmipes_G224_no_odor,1052,1077,True
2024.12.19_13-58-15_Biarmipes_G224_no_odor,2008,2163,True
2024.12.19_13-58-15_Biarmipes_G224_no_odor,2165,2170,True
2024.12.19_13-58-15_Biarmipes_G224_no_odor,2172,2175,True
2024.12.19_13-58-15_Biarmipes_G224_no_odor,2183,2183,True
2024.12.19_13-58-15_Biarmipes_G224_no_odor,2186,2190,True
2024.12.19_13-58-15_Biarmipes_G224_no_odor,2192,2195,True
2024.12.19_13-58-15_Biarmipes_G224_no_odor,2197,2198,True
2024.12.19_13-58-15_Biarmipes_G224_no_odor,2201,2203,True
2024.12.19_13-58-15_Biarmipes_G224_no_odor,2205,2238,True
2024.12.19_13-58-15_Biarmipes_G224_no_odor,2240,2427,True
2024.12.19_13-58-15_Biarmipes_G224_no_odor,2737,2993,True
2024.12.19_13-58-15_Biarmipes_G224_no_odor,3012,3013,True
2024.12.19_13-58-15_Biarmipes_G224_no_odor,3018,3018,True
2024.12.19_13-58-15_Biarmipes_G224_no_odor,3026,3029,True
2024.12.19_13-58-15_Biarmipes_G224_no_odor,3038,3038,True
2024.12.19_13-58-15_Biarmipes_G224_no_odor,3041,3042,True
2024.12.19_13-58-15_Biarmipes_G224_no_odor,3050,3063,True
2024.12.19_13-58-15_Biarmipes_G224_no_odor,3065,3089,True
2024.12.19_13-58-15_Biarmipes_G224_no_odor,3092,3101,True
2024.12.19_13-58-15_Biarmipes_G224_no_odor,3151,3158,True
2024.12.19_13-58-15_Biarmipes_G224_no_odor,3173,3194,True
2024.12.19_13-58-15_Biarmipes_G224_no_odor,3201,3201,True
2024.12.19_13-58-15_Biarmipes_G224_no_odor,3203,3205,True
2024.12.19_13-58-15_Biarmipes_G224_no_odor,3207,3311,True
2024.12.19_13-58-15_Biarmipes_G224_no_odor,3313,3315,True
2024.12.19_13-58-15_Biarmipes_G224_no_odor,3317,3321,True
2024.12.19_13-58-15_Biarmipes_G224_no_odor,3323,3333,True
2024.12.19_13-58-15_Biarmipes_G224_no_odor,3335,3335,True
2024.12.19_13-58-15_Biarmipes_G224_no_odor,3337,3339,True
2024.12.19_13-58-15_Biarmipes_G224_no_odor,3341,5672,True
2024.12.19_13-58-15_Biarmipes_G224_no_odor,7895,7895,True
2024.12.19_13-58-15_Biarmipes_G224_no_odor,7897,7902,True
2024.12.19_13-58-15_Biarmipes_G224_no_odor,7904,7906,True
2024.12.19_13-58-15_Biarmipes_G224_no_odor,7924,7925,True
2024.12.19_13-58-15_Biarmipes_G224_no_odor,7927,7929,True
2024.12.19_13-58-15_Biarmipes_G224_no_odor,7936,7937,True
2024.12.19_13-58-15_Biarmipes_G224_no_odor,7945,7945,True
2024.12.19_13-58-15_Biarmipes_G224_no_odor,7949,7949,True
2024.12.19_13-58-15_Biarmipes_G224_no_odor,7955,7955,True
2024.12.19_13-58-15_Biarmipes_G224_no_odor,7966,7966,True
2024.12.19_13-58-15_Biarmipes_G224_no_odor,8008,8009,True
2024.12.19_13-58-15_Biarmipes_G224_no_odor,8273,8288,True
2024.12.19_13-58-15_Biarmipes_G224_no_odor,8534,8543,True
2024.12.19_13-58-15_Biarmipes_G224_no_odor,8553,8558,True
2024.12.19_13-58-15_Biarmipes_G224_no_odor,8562,8565,True
2024.12.19_13-58-15_Biarmipes_G224_no_odor,8567,8669,True
2024.12.19_13-58-15_Biarmipes_G224_no_odor,8803,8941,True
2024.11.01_08-05-24_Yakuba7_e2hex,3,1519,True
2024.11.01_08-05-24_Yakuba7_e2hex,1767,2499,True
2024.11.01_08-05-24_Yakuba7_e2hex,5396,5396,True
2024.11.01_08-05-24_Yakuba7_e2hex,5402,5402,True
2024.11.01_08-05-24_Yakuba7_e2hex,5410,5410,True
2024.11.01_08-05-24_Yakuba7_e2hex,5413,5413,True
2024.11.01_08-05-24_Yakuba7_e2hex,5415,5416,True
2024.11.01_08-05-24_Yakuba7_e2hex,5423,5425,True
2024.11.01_08-05-24_Yakuba7_e2hex,5427,5427,True
2024.11.01_08-05-24_Yakuba7_e2hex,5434,5434,True
2024.11.01_08-05-24_Yakuba7_e2hex,5437,5439,True
2024.11.01_08-05-24_Yakuba7_e2hex,5450,5450,True
2024.11.01_08-05-24_Yakuba7_e2hex,5452,5452,True
2024.11.01_08-05-24_Yakuba7_e2hex,5462,5464,True
2024.11.01_08-05-24_Yakuba7_e2hex,5467,5467,True
2024.11.01_08-05-24_Yakuba7_e2hex,5476,5476,True
2024.11.01_08-05-24_Yakuba7_e2hex,5479,5479,True
2024.11.01_08-05-24_Yakuba7_e2hex,5481,5483,True
2024.11.01_08-05-24_Yakuba7_e2hex,5488,5488,True
2024.11.01_08-05-24_Yakuba7_e2hex,5492,5493,True
2024.11.01_08-05-24_Yakuba7_e2hex,5497,5497,True
2024.11.01_08-05-24_Yakuba7_e2hex,5499,5499,True
2024.11.01_08-05-24_Yakuba7_e2hex,5512,5514,True
2024.11.01_08-05-24_Yakuba7_e2hex,5518,5519,True
2024.11.01_08-05-24_Yakuba7_e2hex,5523,5523,True
2024.11.01_08-05-24_Yakuba7_e2hex,5533,5533,True
2024.11.01_08-05-24_Yakuba7_e2hex,5538,5540,True
2024.11.01_08-05-24_Yakuba7_e2hex,5544,5544,True
2024.11.01_08-05-24_Yakuba7_e2hex,5549,5549,True
2024.11.01_08-05-24_Yakuba7_e2hex,5551,5552,True
2024.11.01_08-05-24_Yakuba7_e2hex,5554,5554,True
2024.11.01_08-05-24_Yakuba7_e2hex,5557,5558,True
2024.11.01_08-05-24_Yakuba7_e2hex,5560,5563,True
2024.11.01_08-05-24_Yakuba7_e2hex,5565,5567,True
2024.11.01_08-05-24_Yakuba7_e2hex,5927,5927,True
2024.11.01_08-05-24_Yakuba7_e2hex,5933,5933,True
2024.11.01_08-05-24_Yakuba7_e2hex,5943,5943,True
2024.11.01_08-05-24_Yakuba7_e2hex,6060,6061,True
2024.11.01_08-05-24_Yakuba7_e2hex,6063,6067,True
2024.11.01_08-05-24_Yakuba7_e2hex,6069,6078,True
2024.11.01_08-05-24_Yakuba7_e2hex,6081,6106,True
2024.11.01_08-05-24_Yakuba7_e2hex,6108,6111,True
2024.11.01_08-05-24_Yakuba7_e2hex,6113,6113,True
2024.11.01_08-05-24_Yakuba7_e2hex,6115,6120,True
2024.11.01_08-05-24_Yakuba7_e2hex,6122,6122,True
2024.11.01_08-05-24_Yakuba7_e2hex,6125,6126,True
2024.11.01_08-05-24_Yakuba7_e2hex,6133,6138,True
2024.11.01_08-05-24_Yakuba7_e2hex,6141,6144,True
2024.11.01_08-05-24_Yakuba7_e2hex,6149,6149,True
2024.11.01_08-05-24_Yakuba7_e2hex,6151,6156,True
2024.11.01_08-05-24_Yakuba7_e2hex,6158,6161,True
2024.11.01_08-05-24_Yakuba7_e2hex,6163,6176,True
2024.11.01_08-05-24_Yakuba7_e2hex,6178,6182,True
2024.11.01_08-05-24_Yakuba7_e2hex,6184,6184,True
2024.11.01_08-05-24_Yakuba7_e2hex,6186,6186,True
2024.11.01_08-05-24_Yakuba7_e2hex,6189,6189,True
2024.11.01_08-05-24_Yakuba7_e2hex,6195,6197,True
2024.11.01_08-05-24_Yakuba7_e2hex,6296,6296,True
2024.11.01_08-05-24_Yakuba7_e2hex,6298,6301,True
2024.11.01_08-05-24_Yakuba7_e2hex,6303,6318,True
2024.11.01_08-05-24_Yakuba7_e2hex,6465,6465,True
2024.11.01_08-05-24_Yakuba7_e2hex,6499,6503,True
2024.11.01_08-05-24_Yakuba7_e2hex,6507,6507,True
2024.11.01_08-05-24_Yakuba7_e2hex,6521,6521,True
2024.11.01_08-05-24_Yakuba7_e2hex,6526,6527,True
2024.11.01_08-05-24_Yakuba7_e2hex,6530,6534,True
2024.11.01_08-05-24_Yakuba7_e2hex,6536,6545,True
2024.11.01_08-05-24_Yakuba7_e2hex,6548,6551,True
2024.11.01_08-05-24_Yakuba7_e2hex,6553,6555,True
2024.11.01_08-05-24_Yakuba7_e2hex,6557,6558,True
2024.11.01_08-05-24_Yakuba7_e2hex,6560,6565,True
2024.11.01_08-05-24_Yakuba7_e2hex,6570,6570,True
2024.11.01_08-05-24_Yakuba7_e2hex,6572,6575,True
2024.11.01_08-05-24_Yakuba7_e2hex,6580,6582,True
2024.11.01_08-05-24_Yakuba7_e2hex,6585,6590,True
2024.11.01_08-05-24_Yakuba7_e2hex,6592,6597,True
2024.11.01_08-05-24_Yakuba7_e2hex,6603,6605,True
2024.11.01_08-05-24_Yakuba7_e2hex,6607,6607,True
2024.11.01_08-05-24_Yakuba7_e2hex,6609,6617,True
2024.11.01_08-05-24_Yakuba7_e2hex,6619,6624,True
2024.11.01_08-05-24_Yakuba7_e2hex,6628,6633,True
2024.11.01_08-05-24_Yakuba7_e2hex,6635,6640,True
2024.11.01_08-05-24_Yakuba7_e2hex,6643,6652,True
2024.11.01_08-05-24_Yakuba7_e2hex,6655,6659,True
2024.11.01_08-05-24_Yakuba7_e2hex,6663,8211,True
2024.11.01_08-05-24_Yakuba7_e2hex,8370,8893,True
2024.10.17_08-39-45_Sto_car_2hexanol,3,914,True
2024.10.17_08-39-45_Sto_car_2hexanol,916,1503,True
2024.10.17_08-39-45_Sto_car_2hexanol,1505,1508,True
2024.10.17_08-39-45_Sto_car_2hexanol,1510,1543,True
2024.10.17_08-39-45_Sto_car_2hexanol,1545,1560,True
2024.10.17_08-39-45_Sto_car_2hexanol,1575,1833,True
2024.10.17_08-39-45_Sto_car_2hexanol,1835,2000,True
2024.10.17_08-39-45_Sto_car_2hexanol,2002,2004,True
2024.10.17_08-39-45_Sto_car_2hexanol,2006,2007,True
2024.10.17_08-39-45_Sto_car_2hexanol,2009,2235,True
2024.10.17_08-39-45_Sto_car_2hexanol,2237,2250,True
2024.10.17_08-39-45_Sto_car_2hexanol,2252,2254,True
2024.10.17_08-39-45_Sto_car_2hexanol,2256,2256,True
2024.10.17_08-39-45_Sto_car_2hexanol,2267,2334,True
2024.10.17_08-39-45_Sto_car_2hexanol,2336,2352,True
2024.10.17_08-39-45_Sto_car_2hexanol,2361,2404,True
2024.10.17_08-39-45_Sto_car_2hexanol,2986,3568,True
2024.10.17_08-39-45_Sto_car_2hexanol,3570,3822,True
2024.10.17_08-39-45_Sto_car_2hexanol,3845,4074,True
2024.10.17_08-39-45_Sto_car_2hexanol,4076,4076,True
2024.10.17_08-39-45_Sto_car_2hexanol,4078,4547,True
2024.10.17_08-39-45_Sto_car_2hexanol,4556,4559,True
2024.10.17_08-39-45_Sto_car_2hexanol,4563,4734,True
2024.10.17_08-39-45_Sto_car_2hexanol,4777,4825,True
2024.10.17_08-39-45_Sto_car_2hexanol,4827,4833,True
2024.10.17_08-39-45_Sto_car_2hexanol,4843,4900,True
2024.10.17_08-39-45_Sto_car_2hexanol,5853,5864,True
2024.10.17_08-39-45_Sto_car_2hexanol,5919,5948,True
2024.10.17_08-39-45_Sto_car_2hexanol,6441,6461,True
2024.10.17_08-39-45_Sto_car_2hexanol,6508,6564,True
2024.10.17_08-39-45_Sto_car_2hexanol,6566,6566,True
2024.10.17_08-39-45_Sto_car_2hexanol,6615,6622,True
2024.10.17_08-39-45_Sto_car_2hexanol,6626,7084,True
2024.10.17_08-39-45_Sto_car_2hexanol,7151,7205,True
2024.10.17_08-39-45_Sto_car_2hexanol,7207,7241,True
2024.10.17_08-39-45_Sto_car_2hexanol,7948,8451,True
2024.10.17_08-39-45_Sto_car_2hexanol,8758,8999,True
2024.10.02_13-28-06_Riverside_metbut,3,510,True
2024.10.02_13-28-06_Riverside_metbut,1049,2805,True
2024.10.02_13-28-06_Riverside_metbut,3621,3628,True
2024.10.02_13-28-06_Riverside_metbut,3723,3727,True
2024.10.02_13-28-06_Riverside_metbut,3734,3734,True
2024.10.02_13-28-06_Riverside_metbut,3738,3738,True
2024.10.02_13-28-06_Riverside_metbut,3740,3740,True
2024.10.02_13-28-06_Riverside_metbut,3742,3965,True
2024.10.02_13-28-06_Riverside_metbut,3967,3967,True
2024.10.02_13-28-06_Riverside_metbut,3974,3974,True
2024.10.02_13-28-06_Riverside_metbut,3978,3978,True
2024.10.02_13-28-06_Riverside_metbut,3981,4169,True
2024.10.02_13-28-06_Riverside_metbut,4523,4530,True
2024.10.02_13-28-06_Riverside_metbut,4532,4532,True
2024.10.02_13-28-06_Riverside_metbut,4543,4543,True
2024.10.02_13-28-06_Riverside_metbut,4549,4549,True
2024.10.02_13-28-06_Riverside_metbut,5553,6237,True
2024.10.02_13-28-06_Riverside_metbut,6384,6459,True
2024.10.02_13-28-06_Riverside_metbut,6461,6474,True
2024.10.02_13-28-06_Riverside_metbut,6482,6482,True
2024.10.02_13-28-06_Riverside_metbut,6484,6485,True
2024.10.02_13-28-06_Riverside_metbut,6491,6491,True
2024.10.02_13-28-06_Riverside_metbut,6494,6494,True
2024.10.02_13-28-06_Riverside_metbut,6496,7511,True
2024.10.02_13-28-06_Riverside_metbut,7709,8272,True
2024.10.02_13-28-06_Riverside_metbut,8545,8628,True
2024.10.25_08-43-37_Sussex_metben,1045,1474,True
2024.10.25_08-43-37_Sussex_metben,1549,1662,True
2024.10.25_08-43-37_Sussex_metben,1664,1674,True
2024.10.25_08-43-37_Sussex_metben,1676,1680,True
2024.10.25_08-43-37_Sussex_metben,1683,1685,True
2024.10.25_08-43-37_Sussex_metben,1688,1690,True
2024.10.25_08-43-37_Sussex_metben,1692,1707,True
2024.10.25_08-43-37_Sussex_metben,1709,1712,True
2024.10.25_08-43-37_Sussex_metben,1714,1761,True
2024.10.25_08-43-37_Sussex_metben,1764,1800,True
2024.10.25_08-43-37_Sussex_metben,2833,3059,True
2024.10.25_08-43-37_Sussex_metben,3148,3489,True
2024.10.25_08-43-37_Sussex_metben,3702,3705,True
2024.10.25_08-43-37_Sussex_metben,3707,4881,True
2024.10.25_08-43-37_Sussex_metben,6277,6281,True
2024.10.25_08-43-37_Sussex_metben,6283,6296,True
2024.10.25_08-43-37_Sussex_metben,6298,6418,True
2024.10.25_08-43-37_Sussex_metben,6675,6677,True
2024.10.25_08-43-37_Sussex_metben,6679,6679,True
2024.10.25_08-43-37_Sussex_metben,6690,6690,True
2024.10.25_08-43-37_Sussex_metben,6692,6694,True
2024.10.25_08-43-37_Sussex_metben,6703,6703,True
2024.10.25_08-43-37_Sussex_metben,6706,6706,True
2024.10.25_08-43-37_Sussex_metben,6708,6712,True
2024.10.25_08-43-37_Sussex_metben,6736,6743,True
2024.10.25_08-43-37_Sussex_metben,6745,6746,True
2024.10.25_08-43-37_Sussex_metben,6757,6766,True
2024.10.25_08-43-37_Sussex_metben,6768,6774,True
2024.10.25_08-43-37_Sussex_metben,6779,6779,True
2024.10.25_08-43-37_Sussex_metben,6782,6782,True
2024.10.25_08-43-37_Sussex_metben,6791,6791,True
2024.10.25_08-43-37_Sussex_metben,6803,6804,True
2024.10.25_08-43-37_Sussex_metben,6808,6815,True
2024.10.25_08-43-37_Sussex_metben,6818,6821,True
2024.10.25_08-43-37_Sussex_metben,6823,6824,True
2024.10.25_08-43-37_Sussex_metben,6958,6973,True
2024.10.25_08-43-37_Sussex_metben,6975,6975,True
2024.10.25_08-43-37_Sussex_metben,6980,6981,True
2024.10.25_08-43-37_Sussex_metben,6983,6983,True
2024.10.25_08-43-37_Sussex_metben,6986,7002,True
2024.10.25_08-43-37_Sussex_metben,7004,7004,True
2024.10.25_08-43-37_Sussex_metben,7006,7008,True
2024.10.25_08-43-37_Sussex_metben,7010,7010,True
2024.10.25_08-43-37_Sussex_metben,7013,8970,True
2024.11.13_23-46-07_Sussex_e2hex,3,823,True
2024.11.13_23-46-07_Sussex_e2hex,1205,1206,True
2024.11.13_23-46-07_Sussex_e2hex,2287,2957,True
2024.11.13_23-46-07_Sussex_e2hex,4107,4979,True
2024.11.13_23-46-07_Sussex_e2hex,5054,5056,True
2024.11.13_23-46-07_Sussex_e2hex,5061,5062,True
2024.11.13_23-46-07_Sussex_e2hex,5068,5114,True
2024.11.13_23-46-07_Sussex_e2hex,5116,5156,True
2024.11.13_23-46-07_Sussex_e2hex,5158,5189,True
2024.11.13_23-46-07_Sussex_e2hex,6262,6265,True
2024.11.13_23-46-07_Sussex_e2hex,6273,6330,True
2024.11.13_23-46-07_Sussex_e2hex,6356,6360,True
2024.11.13_23-46-07_Sussex_e2hex,6372,6400,True
2024.11.13_23-46-07_Sussex_e2hex,6723,8075,True
2024.10.11_11-44-45_Sto_car_2hexanol,3,737,True
2024.10.11_11-44-45_Sto_car_2hexanol,2152,2160,True
2024.10.11_11-44-45_Sto_car_2hexanol,2725,2848,True
2024.10.11_11-44-45_Sto_car_2hexanol,3287,3359,True
2024.10.11_11-44-45_Sto_car_2hexanol,3361,3369,True
2024.10.11_11-44-45_Sto_car_2hexanol,3383,3383,True
2024.10.11_11-44-45_Sto_car_2hexanol,3386,3386,True
2024.10.11_11-44-45_Sto_car_2hexanol,3389,3389,True
2024.10.11_11-44-45_Sto_car_2hexanol,3391,3411,True
2024.10.11_11-44-45_Sto_car_2hexanol,3413,3693,True
2024.10.11_11-44-45_Sto_car_2hexanol,3700,3973,True
2024.10.11_11-44-45_Sto_car_2hexanol,3976,4156,True
2024.10.11_11-44-45_Sto_car_2hexanol,4167,4167,True
2024.10.11_11-44-45_Sto_car_2hexanol,4169,4266,True
2024.10.11_11-44-45_Sto_car_2hexanol,4279,4628,True
2024.10.11_11-44-45_Sto_car_2hexanol,4630,4644,True
2024.10.11_11-44-45_Sto_car_2hexanol,5024,5024,True
2024.10.11_11-44-45_Sto_car_2hexanol,5028,5028,True
2024.10.11_11-44-45_Sto_car_2hexanol,5030,5030,True
2024.10.11_11-44-45_Sto_car_2hexanol,5033,5033,True
2024.10.11_11-44-45_Sto_car_2hexanol,5035,5042,True
2024.10.11_11-44-45_Sto_car_2hexanol,5045,5048,True
2024.10.11_11-44-45_Sto_car_2hexanol,5050,5690,True
2024.10.11_11-44-45_Sto_car_2hexanol,5692,5693,True
2024.10.11_11-44-45_Sto_car_2hexanol,5698,5698,True
2024.10.11_11-44-45_Sto_car_2hexanol,5702,5742,True
2024.10.11_11-44-45_Sto_car_2hexanol,5744,5747,True
2024.10.11_11-44-45_Sto_car_2hexanol,5749,5749,True
2024.10.11_11-44-45_Sto_car_2hexanol,5751,5752,True
2024.10.11_11-44-45_Sto_car_2hexanol,5757,6058,True
2024.10.11_11-44-45_Sto_car_2hexanol,6074,6186,True
2024.10.11_11-44-45_Sto_car_2hexanol,7178,7793,True
2024.10.11_11-44-45_Sto_car_2hexanol,8551,8586,True
2024.10.11_11-44-45_Sto_car_2hexanol,8601,8603,True
2024.10.25_06-03-07_Yakuba7_prenac,3,570,True
2024.10.25_06-03-07_Yakuba7_prenac,584,2216,True
2024.10.25_06-03-07_Yakuba7_prenac,5537,5537,True
2024.10.25_06-03-07_Yakuba7_prenac,5567,5567,True
2024.10.25_06-03-07_Yakuba7_prenac,5570,5573,True
2024.10.25_06-03-07_Yakuba7_prenac,5575,5583,True
2024.10.25_06-03-07_Yakuba7_prenac,5585,5596,True
2024.10.25_06-03-07_Yakuba7_prenac,5620,5621,True
2024.10.25_06-03-07_Yakuba7_prenac,5626,5626,True
2024.10.25_06-03-07_Yakuba7_prenac,5631,5631,True
2024.10.25_06-03-07_Yakuba7_prenac,5633,5633,True
2024.10.25_06-03-07_Yakuba7_prenac,5635,5636,True
2024.10.25_06-03-07_Yakuba7_prenac,5639,5639,True
2024.10.25_06-03-07_Yakuba7_prenac,5641,5642,True
2024.10.25_06-03-07_Yakuba7_prenac,5644,5645,True
2024.10.25_06-03-07_Yakuba7_prenac,5649,5649,True
2024.10.25_06-03-07_Yakuba7_prenac,5672,5672,True
2024.10.25_06-03-07_Yakuba7_prenac,5973,5973,True
2024.10.25_06-03-07_Yakuba7_prenac,5983,5984,True
2024.10.25_06-03-07_Yakuba7_prenac,5989,5989,True
2024.10.25_06-03-07_Yakuba7_prenac,5992,5992,True
2024.10.25_06-03-07_Yakuba7_prenac,6058,6059,True
2024.10.25_06-03-07_Yakuba7_prenac,6072,6072,True
2024.10.25_06-03-07_Yakuba7_prenac,6076,6076,True
2024.10.25_06-03-07_Yakuba7_prenac,6084,6084,True
2024.10.25_06-03-07_Yakuba7_prenac,6087,6105,True
2024.10.25_06-03-07_Yakuba7_prenac,6107,6136,True
2024.10.25_06-03-07_Yakuba7_prenac,6138,6160,True
2024.10.25_06-03-07_Yakuba7_prenac,6162,6164,True
2024.10.25_06-03-07_Yakuba7_prenac,6166,6167,True
2024.10.25_06-03-07_Yakuba7_prenac,6169,6172,True
2024.10.25_06-03-07_Yakuba7_prenac,6174,6192,True
2024.10.25_06-03-07_Yakuba7_prenac,6194,6194,True
2024.10.25_06-03-07_Yakuba7_prenac,6197,6200,True
2024.10.25_06-03-07_Yakuba7_prenac,6202,6202,True
2024.10.25_06-03-07_Yakuba7_prenac,6204,6209,True
2024.10.25_06-03-07_Yakuba7_prenac,6211,6211,True
2024.10.25_06-03-07_Yakuba7_prenac,6213,6216,True
2024.10.25_06-03-07_Yakuba7_prenac,6218,6220,True
2024.10.25_06-03-07_Yakuba7_prenac,6222,6252,True
2024.10.25_06-03-07_Yakuba7_prenac,6254,6668,True
2024.10.25_06-03-07_Yakuba7_prenac,6670,7247,True
2024.10.25_06-03-07_Yakuba7_prenac,7897,7897,True
2024.10.25_06-03-07_Yakuba7_prenac,7899,7899,True
2024.10.25_06-03-07_Yakuba7_prenac,8168,8168,True
2024.10.25_06-03-07_Yakuba7_prenac,8170,8170,True
2024.10.25_06-03-07_Yakuba7_prenac,8177,8178,True
2024.10.25_06-03-07_Yakuba7_prenac,8180,8181,True
2024.10.25_06-03-07_Yakuba7_prenac,8184,8207,True
2024.10.25_06-03-07_Yakuba7_prenac,8209,8211,True
2024.10.25_06-03-07_Yakuba7_prenac,8213,8225,True
2024.10.25_06-03-07_Yakuba7_prenac,8227,8252,True
2024.10.25_06-03-07_Yakuba7_prenac,8254,8274,True
2024.10.25_06-03-07_Yakuba7_prenac,8276,8301,True
2024.10.25_06-03-07_Yakuba7_prenac,8303,8318,True
2024.10.25_06-03-07_Yakuba7_prenac,8327,8329,True
2024.10.25_06-03-07_Yakuba7_prenac,8331,8336,True
2024.10.25_06-03-07_Yakuba7_prenac,8338,8338,True
2024.10.25_06-03-07_Yakuba7_prenac,8340,8344,True
2024.10.25_06-03-07_Yakuba7_prenac,8346,8346,True
2024.10.25_06-03-07_Yakuba7_prenac,8348,8348,True
2024.10.25_06-03-07_Yakuba7_prenac,8353,8359,True
2024.10.25_06-03-07_Yakuba7_prenac,8361,8362,True
2024.10.25_06-03-07_Yakuba7_prenac,8364,8368,True
2024.10.25_06-03-07_Yakuba7_prenac,8370,8370,True
2024.10.25_06-03-07_Yakuba7_prenac,8374,8374,True
2024.10.25_06-03-07_Yakuba7_prenac,8377,8379,True
2024.10.25_06-03-07_Yakuba7_prenac,8382,8384,True
2024.10.25_06-03-07_Yakuba7_prenac,8394,8395,True
2024.10.25_06-03-07_Yakuba7_prenac,8397,8397,True
2024.10.25_06-03-07_Yakuba7_prenac,8403,8403,True
2024.10.25_06-03-07_Yakuba7_prenac,8405,8407,True
2024.10.25_06-03-07_Yakuba7_prenac,8410,8412,True
2024.10.25_06-03-07_Yakuba7_prenac,8417,8417,True
2024.10.25_06-03-07_Yakuba7_prenac,8419,8419,True
2024.10.25_06-03-07_Yakuba7_prenac,8421,8421,True
2024.10.25_06-03-07_Yakuba7_prenac,8423,8423,True
2024.10.25_06-03-07_Yakuba7_prenac,8425,8425,True
2024.10.25_06-03-07_Yakuba7_prenac,8434,8434,True
2024.10.25_06-03-07_Yakuba7_prenac,8440,8440,True
2024.10.25_06-03-07_Yakuba7_prenac,8447,8447,True
2024.10.25_06-03-07_Yakuba7_prenac,8459,8459,True
2024.10.25_06-03-07_Yakuba7_prenac,8463,8463,True
2024.10.25_06-03-07_Yakuba7_prenac,8468,8469,True
2024.10.25_06-03-07_Yakuba7_prenac,8479,8479,True
2024.10.25_06-03-07_Yakuba7_prenac,8485,8487,True
2024.10.25_06-03-07_Yakuba7_prenac,8491,8491,True
2024.10.25_06-03-07_Yakuba7_prenac,8498,8498,True
2024.10.25_06-03-07_Yakuba7_prenac,8521,8521,True
2024.10.25_06-03-07_Yakuba7_prenac,8524,8524,True
2024.10.25_06-03-07_Yakuba7_prenac,8527,8527,True
2024.10.25_06-03-07_Yakuba7_prenac,8530,8530,True
2024.10.25_06-03-07_Yakuba7_prenac,8533,8534,True
2024.10.25_06-03-07_Yakuba7_prenac,8548,8548,True
2024.10.25_06-03-07_Yakuba7_prenac,8550,8551,True
2024.10.25_06-03-07_Yakuba7_prenac,8556,8557,True
2024.10.25_06-03-07_Yakuba7_prenac,8559,8559,True
2024.10.25_06-03-07_Yakuba7_prenac,8562,8562,True
2024.10.25_06-03-07_Yakuba7_prenac,8566,8580,True
2024.10.25_06-03-07_Yakuba7_prenac,8582,8586,True
2024.10.25_06-03-07_Yakuba7_prenac,8593,8598,True
2024.10.25_06-03-07_Yakuba7_prenac,8604,8606,True
2024.10.25_06-03-07_Yakuba7_prenac,8612,8612,True
2024.10.25_06-03-07_Yakuba7_prenac,8616,8623,True
2024.10.25_06-03-07_Yakuba7_prenac,8633,8635,True
2024.10.25_06-03-07_Yakuba7_prenac,8637,8637,True
2024.10.25_06-03-07_Yakuba7_prenac,8639,8639,True
2024.10.25_06-03-07_Yakuba7_prenac,8644,8644,True
2024.10.25_06-03-07_Yakuba7_prenac,8646,8646,True
2024.10.25_06-03-07_Yakuba7_prenac,8648,8648,True
2024.11.13_02-30-14_Biarmipes_G224_e2hex,1413,1414,True
2024.11.13_02-30-14_Biarmipes_G224_e2hex,1456,1469,True
2024.11.13_02-30-14_Biarmipes_G224_e2hex,1663,1663,True
2024.11.13_02-30-14_Biarmipes_G224_e2hex,1669,1669,True
2024.11.13_02-30-14_Biarmipes_G224_e2hex,1671,1671,True
2024.11.13_02-30-14_Biarmipes_G224_e2hex,1700,1700,True
2024.11.13_02-30-14_Biarmipes_G224_e2hex,1702,2503,True
2024.11.13_02-30-14_Biarmipes_G224_e2hex,3378,3386,True
2024.11.13_02-30-14_Biarmipes_G224_e2hex,3418,3420,True
2024.11.13_02-30-14_Biarmipes_G224_e2hex,3422,3422,True
2024.11.13_02-30-14_Biarmipes_G224_e2hex,3424,3425,True
2024.11.13_02-30-14_Biarmipes_G224_e2hex,3430,3456,True
2024.11.13_02-30-14_Biarmipes_G224_e2hex,3460,3460,True
2024.11.13_02-30-14_Biarmipes_G224_e2hex,3463,3463,True
2024.11.13_02-30-14_Biarmipes_G224_e2hex,3465,3536,True
2024.11.13_02-30-14_Biarmipes_G224_e2hex,3538,3560,True
2024.11.13_02-30-14_Biarmipes_G224_e2hex,3564,3602,True
2024.11.13_02-30-14_Biarmipes_G224_e2hex,3604,3613,True
2024.11.13_02-30-14_Biarmipes_G224_e2hex,3615,3616,True
2024.11.13_02-30-14_Biarmipes_G224_e2hex,3618,3620,True
2024.11.13_02-30-14_Biarmipes_G224_e2hex,3622,3622,True
2024.11.13_02-30-14_Biarmipes_G224_e2hex,3626,3723,True
2024.11.13_02-30-14_Biarmipes_G224_e2hex,3759,3765,True
2024.11.13_02-30-14_Biarmipes_G224_e2hex,3927,3927,True
2024.11.13_02-30-14_Biarmipes_G224_e2hex,3930,3930,True
2024.11.13_02-30-14_Biarmipes_G224_e2hex,3933,3933,True
2024.11.13_02-30-14_Biarmipes_G224_e2hex,4770,5876,True
2024.11.13_02-30-14_Biarmipes_G224_e2hex,6705,6707,True
2024.11.13_02-30-14_Biarmipes_G224_e2hex,7412,8021,True
2024.11.13_02-30-14_Biarmipes_G224_e2hex,8023,8025,True
2024.11.13_02-30-14_Biarmipes_G224_e2hex,8031,8031,True
2024.11.13_02-30-14_Biarmipes_G224_e2hex,8048,8161,True
2024.11.13_02-30-14_Biarmipes_G224_e2hex,8562,8575,True
2024.11.13_02-30-14_Biarmipes_G224_e2hex,8797,8867,True
2024.11.13_02-30-14_Biarmipes_G224_e2hex,8917,8920,True
2024.11.13_02-30-14_Biarmipes_G224_e2hex,8922,8925,True
2024.11.13_02-30-14_Biarmipes_G224_e2hex,8941,8961,True
2024.11.13_02-30-14_Biarmipes_G224_e2hex,8968,8968,True
2024.11.13_02-30-14_Biarmipes_G224_e2hex,8972,8977,True
2024.11.13_02-30-14_Biarmipes_G224_e2hex,8981,8999,True
2024.10.25_05-39-42_Yakuba7_prenac,2155,2155,True
2024.10.25_05-39-42_Yakuba7_prenac,2157,2157,True
2024.10.25_05-39-42_Yakuba7_prenac,2161,2161,True
2024.10.25_05-39-42_Yakuba7_prenac,2165,2167,True
2024.10.25_05-39-42_Yakuba7_prenac,2171,2171,True
2024.10.25_05-39-42_Yakuba7_prenac,2177,2177,True
2024.10.25_05-39-42_Yakuba7_prenac,2180,2183,True
2024.10.25_05-39-42_Yakuba7_prenac,2186,2186,True
2024.10.25_05-39-42_Yakuba7_prenac,2190,2190,True
2024.10.25_05-39-42_Yakuba7_prenac,2210,2210,True
2024.10.25_05-39-42_Yakuba7_prenac,2215,2215,True
2024.10.25_05-39-42_Yakuba7_prenac,2224,2224,True
2024.10.25_05-39-42_Yakuba7_prenac,2228,2236,True
2024.10.25_05-39-42_Yakuba7_prenac,2241,2242,True
2024.10.25_05-39-42_Yakuba7_prenac,2256,2256,True
2024.10.25_05-39-42_Yakuba7_prenac,2596,2596,True
2024.10.25_05-39-42_Yakuba7_prenac,2600,2600,True
2024.10.25_05-39-42_Yakuba7_prenac,2630,2630,True
2024.10.25_05-39-42_Yakuba7_prenac,2636,2636,True
2024.10.25_05-39-42_Yakuba7_prenac,2644,2644,True
2024.10.25_05-39-42_Yakuba7_prenac,2710,2710,True
2024.10.25_05-39-42_Yakuba7_prenac,2712,2714,True
2024.10.25_05-39-42_Yakuba7_prenac,2717,3159,True
2024.10.25_05-39-42_Yakuba7_prenac,3161,3161,True
2024.10.25_05-39-42_Yakuba7_prenac,3163,4492,True
2024.10.25_05-39-42_Yakuba7_prenac,4494,6310,True
2024.09.24_16-45-15_Yakuba7_no_odor,1688,1691,True
2024.09.24_16-45-15_Yakuba7_no_odor,1693,1696,True
2024.09.24_16-45-15_Yakuba7_no_odor,1698,1699,True
2024.09.24_16-45-15_Yakuba7_no_odor,1701,1703,True
2024.09.24_16-45-15_Yakuba7_no_odor,1739,1741,True
2024.09.24_16-45-15_Yakuba7_no_odor,1826,1841,True
2024.09.24_16-45-15_Yakuba7_no_odor,1849,1872,True
2024.09.24_16-45-15_Yakuba7_no_odor,2040,3638,True
2024.09.24_16-45-15_Yakuba7_no_odor,8005,8082,True
2024.09.24_16-45-15_Yakuba7_no_odor,8085,8098,True
2024.09.24_16-45-15_Yakuba7_no_odor,8100,8101,True
2024.09.24_16-45-15_Yakuba7_no_odor,8103,8118,True
2024.09.24_16-45-15_Yakuba7_no_odor,8120,8121,True
2024.09.24_16-45-15_Yakuba7_no_odor,8124,8130,True
2024.09.24_16-45-15_Yakuba7_no_odor,8132,8132,True
2024.09.24_16-45-15_Yakuba7_no_odor,8134,8136,True
2024.09.24_16-45-15_Yakuba7_no_odor,8139,8139,True
2024.09.24_16-45-15_Yakuba7_no_odor,8143,8144,True
2024.09.24_16-45-15_Yakuba7_no_odor,8146,8147,True
2024.09.24_16-45-15_Yakuba7_no_odor,8149,8150,True
2024.09.24_16-45-15_Yakuba7_no_odor,8152,8154,True
2024.09.24_16-45-15_Yakuba7_no_odor,8156,8165,True
2024.09.24_16-45-15_Yakuba7_no_odor,8167,8167,True
2024.09.24_16-45-15_Yakuba7_no_odor,8169,8189,True
2024.09.24_16-45-15_Yakuba7_no_odor,8191,8197,True
2024.09.24_16-45-15_Yakuba7_no_odor,8199,8217,True
2024.09.24_16-45-15_Yakuba7_no_odor,8219,8225,True
2024.09.24_16-45-15_Yakuba7_no_odor,8227,8238,True
2024.09.24_16-45-15_Yakuba7_no_odor,8315,8347,True
2024.09.24_16-45-15_Yakuba7_no_odor,8349,8349,True
2024.09.24_16-45-15_Yakuba7_no_odor,8352,8354,True
2024.09.24_16-45-15_Yakuba7_no_odor,8356,8362,True
2024.09.24_16-45-15_Yakuba7_no_odor,8364,8391,True
2024.09.24_16-45-15_Yakuba7_no_odor,8394,8394,True
2024.09.24_16-45-15_Yakuba7_no_odor,8397,8398,True
2024.09.24_16-45-15_Yakuba7_no_odor,8400,8404,True
2024.09.24_16-45-15_Yakuba7_no_odor,8406,8407,True
2024.09.24_16-45-15_Yakuba7_no_odor,8409,8411,True
2024.09.24_16-45-15_Yakuba7_no_odor,8413,8416,True
2024.09.24_16-45-15_Yakuba7_no_odor,8420,8420,True
2024.09.24_16-45-15_Yakuba7_no_odor,8422,8422,True
2024.09.24_16-45-15_Yakuba7_no_odor,8425,8425,True
2024.09.24_16-45-15_Yakuba7_no_odor,8428,8429,True
2024.09.24_16-45-15_Yakuba7_no_odor,8433,8433,True
2024.09.24_16-45-15_Yakuba7_no_odor,8437,8439,True
2024.09.24_16-45-15_Yakuba7_no_odor,8447,8448,True
2024.09.24_16-45-15_Yakuba7_no_odor,8453,8453,True
2024.09.24_16-45-15_Yakuba7_no_odor,8457,8458,True
2024.09.24_16-45-15_Yakuba7_no_odor,8486,8486,True
2024.09.24_16-45-15_Yakuba7_no_odor,8489,8489,True
2024.09.24_16-45-15_Yakuba7_no_odor,8491,8492,True
2024.09.24_16-45-15_Yakuba7_no_odor,8667,8668,True
2024.09.24_16-45-15_Yakuba7_no_odor,8678,8679,True
2024.09.24_16-45-15_Yakuba7_no_odor,8683,8684,True
2024.09.24_16-45-15_Yakuba7_no_odor,8690,8694,True
2024.09.24_16-45-15_Yakuba7_no_odor,8697,8720,True
2024.09.24_16-45-15_Yakuba7_no_odor,8727,8789,True
2024.10.01_09-36-42_Yakuba_cameroon_no_odor,203,212,True
2024.10.01_09-36-42_Yakuba_cameroon_no_odor,214,216,True
2024.10.01_09-36-42_Yakuba_cameroon_no_odor,218,243,True
2024.10.01_09-36-42_Yakuba_cameroon_no_odor,267,267,True
2024.10.01_09-36-42_Yakuba_cameroon_no_odor,269,1036,True
2024.10.01_09-36-42_Yakuba_cameroon_no_odor,2063,2071,True
2024.10.01_09-36-42_Yakuba_cameroon_no_odor,2089,4005,True
2024.10.01_09-36-42_Yakuba_cameroon_no_odor,4983,4988,True
2024.10.01_09-36-42_Yakuba_cameroon_no_odor,4990,4991,True
2024.10.01_09-36-42_Yakuba_cameroon_no_odor,5002,6226,True
2024.10.01_09-36-42_Yakuba_cameroon_no_odor,8594,8594,True
2024.10.01_09-36-42_Yakuba_cameroon_no_odor,8596,8999,True
2024.10.11_15-30-33_Stocago_2hexanol,3,1105,True
2024.10.11_15-30-33_Stocago_2hexanol,1129,1136,True
2024.10.11_15-30-33_Stocago_2hexanol,1154,1410,True
2024.10.11_15-30-33_Stocago_2hexanol,1423,1490,True
2024.10.11_15-30-33_Stocago_2hexanol,1514,1568,True
2024.10.11_15-30-33_Stocago_2hexanol,1573,1733,True
2024.10.11_15-30-33_Stocago_2hexanol,1749,1772,True
2024.10.11_15-30-33_Stocago_2hexanol,1779,1821,True
2024.10.11_15-30-33_Stocago_2hexanol,1853,1862,True
2024.10.11_15-30-33_Stocago_2hexanol,1881,1914,True
2024.10.11_15-30-33_Stocago_2hexanol,1947,1948,True
2024.10.11_15-30-33_Stocago_2hexanol,1950,2123,True
2024.10.11_15-30-33_Stocago_2hexanol,2665,3204,True
2024.10.11_15-30-33_Stocago_2hexanol,3795,4648,True
2024.10.11_15-30-33_Stocago_2hexanol,5283,5793,True
2024.10.11_15-30-33_Stocago_2hexanol,6882,7304,True
2024.10.11_15-30-33_Stocago_2hexanol,7322,7469,True
2024.10.11_15-30-33_Stocago_2hexanol,8146,8261,True
2024.10.11_15-30-33_Stocago_2hexanol,8264,8345,True
2024.10.11_15-30-33_Stocago_2hexanol,8419,8420,True
2024.10.11_15-30-33_Stocago_2hexanol,8621,8625,True
2024.10.11_15-30-33_Stocago_2hexanol,8647,8647,True
2024.12.12_18-29-47_Riverside_no_odor,558,863,True
2024.12.12_18-29-47_Riverside_no_odor,1048,1085,True
2024.12.12_18-29-47_Riverside_no_odor,1131,1211,True
2024.12.12_18-29-47_Riverside_no_odor,1213,1225,True
2024.12.12_18-29-47_Riverside_no_odor,1550,1568,True
2024.12.12_18-29-47_Riverside_no_odor,1570,2038,True
2024.12.12_18-29-47_Riverside_no_odor,2078,2112,True
2024.12.12_18-29-47_Riverside_no_odor,2156,2529,True
2024.12.12_18-29-47_Riverside_no_odor,2531,2638,True
2024.12.12_18-29-47_Riverside_no_odor,2640,2642,True
2024.12.12_18-29-47_Riverside_no_odor,2644,2651,True
2024.12.12_18-29-47_Riverside_no_odor,2653,2657,True
2024.12.12_18-29-47_Riverside_no_odor,3212,3227,True
2024.12.12_18-29-47_Riverside_no_odor,3487,3576,True
2024.12.12_18-29-47_Riverside_no_odor,3867,4255,True
2024.12.12_18-29-47_Riverside_no_odor,4257,4259,True
2024.12.12_18-29-47_Riverside_no_odor,4261,4321,True
2024.12.12_18-29-47_Riverside_no_odor,4323,4329,True
2024.12.12_18-29-47_Riverside_no_odor,4331,4335,True
2024.12.12_18-29-47_Riverside_no_odor,4337,4338,True
2024.12.12_18-29-47_Riverside_no_odor,4405,4405,True
2024.12.12_18-29-47_Riverside_no_odor,4421,4425,True
2024.12.12_18-29-47_Riverside_no_odor,4440,4440,True
2024.12.12_18-29-47_Riverside_no_odor,4442,4452,True
2024.12.12_18-29-47_Riverside_no_odor,4454,4617,True
2024.12.12_18-29-47_Riverside_no_odor,4619,4625,True
2024.12.12_18-29-47_Riverside_no_odor,4627,4628,True
2024.12.12_18-29-47_Riverside_no_odor,4631,4631,True
2024.12.12_18-29-47_Riverside_no_odor,4633,4634,True
2024.12.12_18-29-47_Riverside_no_odor,4637,4637,True
2024.12.12_18-29-47_Riverside_no_odor,4643,4643,True
2024.12.12_18-29-47_Riverside_no_odor,4663,4663,True
2024.12.12_18-29-47_Riverside_no_odor,5126,5126,True
2024.12.12_18-29-47_Riverside_no_odor,5128,5577,True
2024.12.12_18-29-47_Riverside_no_odor,5643,7206,True
2024.12.12_18-29-47_Riverside_no_odor,8205,8618,True
2024.12.12_18-29-47_Riverside_no_odor,8623,8625,True
2024.12.12_18-29-47_Riverside_no_odor,8632,8637,True
2024.09.24_16-20-39_Yakuba7_no_odor,3,803,True
2024.09.24_16-20-39_Yakuba7_no_odor,820,857,True
2024.09.24_16-20-39_Yakuba7_no_odor,888,888,True
2024.09.24_16-20-39_Yakuba7_no_odor,890,891,True
2024.09.24_16-20-39_Yakuba7_no_odor,899,899,True
2024.09.24_16-20-39_Yakuba7_no_odor,902,1069,True
2024.09.24_16-20-39_Yakuba7_no_odor,2004,2850,True
2024.09.24_16-20-39_Yakuba7_no_odor,3918,4653,True
2024.09.24_16-20-39_Yakuba7_no_odor,6395,6399,True
2024.09.24_16-20-39_Yakuba7_no_odor,6401,6401,True
2024.09.24_16-20-39_Yakuba7_no_odor,6403,6444,True
2024.09.24_16-20-39_Yakuba7_no_odor,6448,6450,True
2024.09.24_16-20-39_Yakuba7_no_odor,6453,6455,True
2024.09.24_16-20-39_Yakuba7_no_odor,6487,6493,True
2024.09.24_16-20-39_Yakuba7_no_odor,6495,6524,True
2024.09.24_16-20-39_Yakuba7_no_odor,6529,6529,True
2024.09.24_16-20-39_Yakuba7_no_odor,6531,6531,True
2024.09.24_16-20-39_Yakuba7_no_odor,6533,6533,True
2024.09.24_16-20-39_Yakuba7_no_odor,6535,6535,True
2024.09.24_16-20-39_Yakuba7_no_odor,6538,6643,True
2024.09.24_16-20-39_Yakuba7_no_odor,6645,6718,True
2024.09.24_16-20-39_Yakuba7_no_odor,6840,7323,True
2024.09.24_16-20-39_Yakuba7_no_odor,7325,7403,True
2024.09.24_16-20-39_Yakuba7_no_odor,7405,8368,True
2024.09.24_16-20-39_Yakuba7_no_odor,8370,8742,True
2024.11.05_04-43-48_Yakuba7_e2hex,3,365,True
2024.11.05_04-43-48_Yakuba7_e2hex,1393,2161,True
2024.11.05_04-43-48_Yakuba7_e2hex,2973,3288,True
2024.11.05_04-43-48_Yakuba7_e2hex,4677,4677,True
2024.07.05_16-25-54_Riverside (no odor),3,36,True
2024.07.05_16-25-54_Riverside (no odor),1517,1525,True
2024.07.05_16-25-54_Riverside (no odor),1548,1560,True
2024.07.05_16-25-54_Riverside (no odor),1572,1612,True
2024.07.05_16-25-54_Riverside (no odor),1693,1753,True
2024.07.05_16-25-54_Riverside (no odor),1762,2464,True
2024.07.05_16-25-54_Riverside (no odor),2516,2540,True
2024.07.05_16-25-54_Riverside (no odor),2560,2776,True
2024.07.05_16-25-54_Riverside (no odor),2780,2780,True
2024.07.05_16-25-54_Riverside (no odor),2782,2782,True
2024.07.05_16-25-54_Riverside (no odor),2788,2788,True
2024.07.05_16-25-54_Riverside (no odor),3031,4740,True
2024.07.05_16-25-54_Riverside (no odor),6519,6519,True
2024.07.05_16-25-54_Riverside (no odor),6527,6530,True
2024.07.05_16-25-54_Riverside (no odor),6790,7012,True
2024.07.05_16-25-54_Riverside (no odor),7014,8188,True
2024.10.11_11-18-41_Biarmipes_G224_1hexanol,3,370,True
2024.10.11_11-18-41_Biarmipes_G224_1hexanol,754,1660,True
2024.10.11_11-18-41_Biarmipes_G224_1hexanol,2661,2674,True
2024.10.11_11-18-41_Biarmipes_G224_1hexanol,2751,2751,True
2024.10.11_11-18-41_Biarmipes_G224_1hexanol,2811,2829,True
2024.10.11_11-18-41_Biarmipes_G224_1hexanol,2831,2875,True
2024.10.11_11-18-41_Biarmipes_G224_1hexanol,2993,3001,True
2024.10.11_11-18-41_Biarmipes_G224_1hexanol,3003,3003,True
2024.10.11_11-18-41_Biarmipes_G224_1hexanol,3006,3006,True
2024.10.11_11-18-41_Biarmipes_G224_1hexanol,3015,3028,True
2024.10.11_11-18-41_Biarmipes_G224_1hexanol,3048,3053,True
2024.10.11_11-18-41_Biarmipes_G224_1hexanol,3213,3935,True
2024.10.11_11-18-41_Biarmipes_G224_1hexanol,4028,4094,True
2024.10.11_11-18-41_Biarmipes_G224_1hexanol,4243,4359,True
2024.10.11_11-18-41_Biarmipes_G224_1hexanol,4369,4419,True
2024.10.11_11-18-41_Biarmipes_G224_1hexanol,4561,4616,True
2024.10.11_11-18-41_Biarmipes_G224_1hexanol,4657,4716,True
2024.10.11_11-18-41_Biarmipes_G224_1hexanol,5005,5272,True
2024.10.11_11-18-41_Biarmipes_G224_1hexanol,5946,5946,True
2024.10.11_11-18-41_Biarmipes_G224_1hexanol,5966,5970,True
2024.10.11_11-18-41_Biarmipes_G224_1hexanol,5972,6565,True
2024.10.11_11-18-41_Biarmipes_G224_1hexanol,7484,7534,True
2024.10.11_11-18-41_Biarmipes_G224_1hexanol,7536,7537,True
2024.10.11_11-18-41_Biarmipes_G224_1hexanol,7647,7647,True
2024.10.11_11-18-41_Biarmipes_G224_1hexanol,7658,7662,True
2024.10.11_11-18-41_Biarmipes_G224_1hexanol,7725,7726,True
2024.10.11_11-18-41_Biarmipes_G224_1hexanol,7730,7732,True
2024.10.11_11-18-41_Biarmipes_G224_1hexanol,7980,8061,True
2024.10.11_11-18-41_Biarmipes_G224_1hexanol,8269,8277,True
2024.10.11_11-18-41_Biarmipes_G224_1hexanol,8335,8343,True
2024.10.11_11-18-41_Biarmipes_G224_1hexanol,8829,8844,True
2024.10.11_11-18-41_Biarmipes_G224_1hexanol,8850,8873,True
2024.10.11_11-18-41_Biarmipes_G224_1hexanol,8904,8907,True
2024.10.11_11-18-41_Biarmipes_G224_1hexanol,8930,8932,True
2024.10.11_11-18-41_Biarmipes_G224_1hexanol,8934,8970,True
2024.10.11_11-18-41_Biarmipes_G224_1hexanol,8972,8972,True
2024.10.14_14-26-24_Biarmipes84_1hexanol,3,951,True
2024.10.14_14-26-24_Biarmipes84_1hexanol,1593,2657,True
2024.10.14_14-26-24_Biarmipes84_1hexanol,2660,2724,True
2024.10.14_14-26-24_Biarmipes84_1hexanol,2727,2756,True
2024.10.14_14-26-24_Biarmipes84_1hexanol,2759,3265,True
2024.10.14_14-26-24_Biarmipes84_1hexanol,3267,3324,True
2024.10.14_14-26-24_Biarmipes84_1hexanol,3817,4454,True
2024.10.14_14-26-24_Biarmipes84_1hexanol,4456,4495,True
2024.10.14_14-26-24_Biarmipes84_1hexanol,4498,4639,True
2024.10.14_14-26-24_Biarmipes84_1hexanol,4770,4795,True
2024.10.14_14-26-24_Biarmipes84_1hexanol,5716,5735,True
2024.10.14_14-26-24_Biarmipes84_1hexanol,5788,6676,True
2024.10.14_14-26-24_Biarmipes84_1hexanol,7391,7410,True
2024.10.14_14-26-24_Biarmipes84_1hexanol,7448,7548,True
2024.10.14_14-26-24_Biarmipes84_1hexanol,7627,7642,True
2024.10.14_14-26-24_Biarmipes84_1hexanol,7688,7716,True
2024.10.14_14-26-24_Biarmipes84_1hexanol,7718,8295,True
2025.04.09_16-20-02_Sussex_metbut,3,149,True
2025.04.09_16-20-02_Sussex_metbut,257,742,True
2025.04.09_16-20-02_Sussex_metbut,1765,1781,True
2025.04.09_16-20-02_Sussex_metbut,1983,2258,True
2025.04.09_16-20-02_Sussex_metbut,2263,2708,True
2025.04.09_16-20-02_Sussex_metbut,2710,2714,True
2025.04.09_16-20-02_Sussex_metbut,2716,2742,True
2025.04.09_16-20-02_Sussex_metbut,2744,2854,True
2025.04.09_16-20-02_Sussex_metbut,2857,2878,True
2025.04.09_16-20-02_Sussex_metbut,2880,2897,True
2025.04.09_16-20-02_Sussex_metbut,2902,2902,True
2025.04.09_16-20-02_Sussex_metbut,2906,2909,True
2025.04.09_16-20-02_Sussex_metbut,3398,3409,True
2025.04.09_16-20-02_Sussex_metbut,3472,3540,True
2025.04.09_16-20-02_Sussex_metbut,3970,4013,True
2025.04.09_16-20-02_Sussex_metbut,4015,4030,True
2025.04.09_16-20-02_Sussex_metbut,4032,4037,True
2025.04.09_16-20-02_Sussex_metbut,4042,4042,True
2025.04.09_16-20-02_Sussex_metbut,4048,4048,True
2025.04.09_16-20-02_Sussex_metbut,4051,5025,True
2025.04.09_16-20-02_Sussex_metbut,5044,5098,True
2025.04.09_16-20-02_Sussex_metbut,5100,5106,True
2025.04.09_16-20-02_Sussex_metbut,5120,5122,True
2025.04.09_16-20-02_Sussex_metbut,5938,5941,True
2025.04.09_16-20-02_Sussex_metbut,6546,6837,True
2025.04.09_16-20-02_Sussex_metbut,7428,8022,True
2025.04.09_16-20-02_Sussex_metbut,8437,8999,True
2024.10.11_12-05-05_Sto_car_2hexanol,6,6,True
2024.10.11_12-05-05_Sto_car_2hexanol,9,9,True
2024.10.11_12-05-05_Sto_car_2hexanol,16,17,True
2024.10.11_12-05-05_Sto_car_2hexanol,49,52,True
2024.10.11_12-05-05_Sto_car_2hexanol,54,55,True
2024.10.11_12-05-05_Sto_car_2hexanol,58,59,True
2024.10.11_12-05-05_Sto_car_2hexanol,61,71,True
2024.10.11_12-05-05_Sto_car_2hexanol,73,73,True
2024.10.11_12-05-05_Sto_car_2hexanol,75,82,True
2024.10.11_12-05-05_Sto_car_2hexanol,96,109,True
2024.10.11_12-05-05_Sto_car_2hexanol,146,146,True
2024.10.11_12-05-05_Sto_car_2hexanol,148,148,True
2024.10.11_12-05-05_Sto_car_2hexanol,200,241,True
2024.10.11_12-05-05_Sto_car_2hexanol,251,251,True
2024.10.11_12-05-05_Sto_car_2hexanol,253,295,True
2024.10.11_12-05-05_Sto_car_2hexanol,1302,1326,True
2024.10.11_12-05-05_Sto_car_2hexanol,1379,1414,True
2024.10.11_12-05-05_Sto_car_2hexanol,1519,1522,True
2024.10.11_12-05-05_Sto_car_2hexanol,1989,1991,True
2024.10.11_12-05-05_Sto_car_2hexanol,1995,1995,True
2024.10.11_12-05-05_Sto_car_2hexanol,2002,2066,True
2024.10.11_12-05-05_Sto_car_2hexanol,2219,2262,True
2024.10.11_12-05-05_Sto_car_2hexanol,2276,2360,True
2024.10.11_12-05-05_Sto_car_2hexanol,2746,3677,True
2024.10.11_12-05-05_Sto_car_2hexanol,3972,4338,True
2024.10.11_12-05-05_Sto_car_2hexanol,4340,4340,True
2024.10.11_12-05-05_Sto_car_2hexanol,4348,4461,True
2024.10.11_12-05-05_Sto_car_2hexanol,4463,4463,True
2024.10.11_12-05-05_Sto_car_2hexanol,4488,4531,True
2024.10.11_12-05-05_Sto_car_2hexanol,4555,4616,True
2024.10.11_12-05-05_Sto_car_2hexanol,4618,4619,True
2024.10.11_12-05-05_Sto_car_2hexanol,4621,4621,True
2024.10.11_12-05-05_Sto_car_2hexanol,4623,4623,True
2024.10.11_12-05-05_Sto_car_2hexanol,4636,5183,True
2024.10.11_12-05-05_Sto_car_2hexanol,5186,5204,True
2024.10.11_12-05-05_Sto_car_2hexanol,6683,6940,True
2024.10.11_12-05-05_Sto_car_2hexanol,6988,7052,True
2024.10.11_12-05-05_Sto_car_2hexanol,7056,7056,True
2024.10.11_12-05-05_Sto_car_2hexanol,7062,7798,True
2024.10.11_12-05-05_Sto_car_2hexanol,7810,7865,True
2024.10.11_12-05-05_Sto_car_2hexanol,7869,7869,True
2024.10.11_12-05-05_Sto_car_2hexanol,7875,8782,True
2024.10.11_12-05-05_Sto_car_2hexanol,8910,8916,True
2024.10.11_12-05-05_Sto_car_2hexanol,8918,8919,True
2024.10.11_12-05-05_Sto_car_2hexanol,8921,8999,True
2024.10.30_07-24-33_Stocago_metben,3,186,True
2024.10.30_07-24-33_Stocago_metben,480,1009,True
2024.10.30_07-24-33_Stocago_metben,1011,1101,True
2024.10.30_07-24-33_Stocago_metben,1104,1104,True
2024.10.30_07-24-33_Stocago_metben,1106,1153,True
2024.10.30_07-24-33_Stocago_metben,1156,1180,True
2024.10.30_07-24-33_Stocago_metben,1182,1182,True
2024.10.30_07-24-33_Stocago_metben,1186,1229,True
2024.10.30_07-24-33_Stocago_metben,1231,1232,True
2024.10.30_07-24-33_Stocago_metben,1251,1281,True
2024.10.30_07-24-33_Stocago_metben,1283,1293,True
2024.10.30_07-24-33_Stocago_metben,1297,1999,True
2024.10.30_07-24-33_Stocago_metben,3394,4446,True
2024.10.30_07-24-33_Stocago_metben,4521,4525,True
2024.10.30_07-24-33_Stocago_metben,4527,4529,True
2024.10.30_07-24-33_Stocago_metben,4531,4554,True
2024.10.30_07-24-33_Stocago_metben,4556,4560,True
2024.10.30_07-24-33_Stocago_metben,4576,4908,True
2024.10.30_07-24-33_Stocago_metben,5033,5058,True
2024.10.30_07-24-33_Stocago_metben,5135,5173,True
2024.10.30_07-24-33_Stocago_metben,5249,5278,True
2024.10.30_07-24-33_Stocago_metben,6874,6880,True
2024.10.30_07-24-33_Stocago_metben,6884,6885,True
2024.10.30_07-24-33_Stocago_metben,6887,6902,True
2024.10.30_07-24-33_Stocago_metben,6938,7993,True
2024.10.30_07-24-33_Stocago_metben,7997,7997,True
2024.10.30_07-24-33_Stocago_metben,8000,8069,True
2024.10.30_07-24-33_Stocago_metben,8084,8149,True
2024.10.30_07-24-33_Stocago_metben,8151,8258,True
2024.10.30_07-24-33_Stocago_metben,8260,8268,True
2024.10.30_07-24-33_Stocago_metben,8688,8740,True
2024.10.30_07-24-33_Stocago_metben,8786,8812,True
2024.10.30_07-24-33_Stocago_metben,8844,8881,True
2024.10.30_07-24-33_Stocago_metben,8883,8912,True
2024.10.30_07-24-33_Stocago_metben,8954,8999,True
2024.10.31_08-55-50_sto_car_prenac,1467,2936,True
2024.10.31_08-55-50_sto_car_prenac,4281,5233,True
2024.10.31_08-55-50_sto_car_prenac,7326,7326,True
2024.10.31_08-55-50_sto_car_prenac,7343,7344,True
2024.10.31_08-55-50_sto_car_prenac,7364,7365,True
2024.10.31_08-55-50_sto_car_prenac,7380,7382,True
2024.10.31_08-55-50_sto_car_prenac,7387,7387,True
2024.10.31_08-55-50_sto_car_prenac,7389,7393,True
2024.10.31_08-55-50_sto_car_prenac,7396,7407,True
2024.10.31_08-55-50_sto_car_prenac,7409,7411,True
2024.10.31_08-55-50_sto_car_prenac,7415,7416,True
2024.10.31_08-55-50_sto_car_prenac,7418,7420,True
2024.10.31_08-55-50_sto_car_prenac,7422,7424,True
2024.10.31_08-55-50_sto_car_prenac,7426,7427,True
2024.10.31_08-55-50_sto_car_prenac,7429,7441,True
2024.10.31_08-55-50_sto_car_prenac,7443,7448,True
2024.10.31_08-55-50_sto_car_prenac,7450,7483,True
2024.10.31_08-55-50_sto_car_prenac,7486,7487,True
2024.10.31_08-55-50_sto_car_prenac,7490,7518,True
2024.10.31_08-55-50_sto_car_prenac,7521,7526,True
2024.10.31_08-55-50_sto_car_prenac,7529,7531,True
2024.10.31_08-55-50_sto_car_prenac,7534,7534,True
2024.10.31_08-55-50_sto_car_prenac,7536,7549,True
2024.10.31_08-55-50_sto_car_prenac,7551,7551,True
2024.10.31_08-55-50_sto_car_prenac,7555,7568,True
2024.10.31_08-55-50_sto_car_prenac,7570,7578,True
2024.10.31_08-55-50_sto_car_prenac,7580,7580,True
2024.10.31_08-55-50_sto_car_prenac,7582,7585,True
2024.10.31_08-55-50_sto_car_prenac,7587,7594,True
2024.10.31_08-55-50_sto_car_prenac,7596,7603,True
2024.10.31_08-55-50_sto_car_prenac,7605,7619,True
2024.10.31_08-55-50_sto_car_prenac,7621,7625,True
2024.10.31_08-55-50_sto_car_prenac,7627,7636,True
2024.10.31_08-55-50_sto_car_prenac,7639,7639,True
2024.10.31_08-55-50_sto_car_prenac,7643,7643,True
2024.10.31_08-55-50_sto_car_prenac,7645,7645,True
2024.10.31_08-55-50_sto_car_prenac,7647,7649,True
2024.10.31_08-55-50_sto_car_prenac,7655,7657,True
2024.10.31_08-55-50_sto_car_prenac,7660,7660,True
2024.10.31_08-55-50_sto_car_prenac,7665,7665,True
2024.10.31_08-55-50_sto_car_prenac,7667,7668,True
2024.10.31_08-55-50_sto_car_prenac,7671,7672,True
2024.10.31_08-55-50_sto_car_prenac,7674,7674,True
2024.10.31_08-55-50_sto_car_prenac,7677,7682,True
2024.10.31_08-55-50_sto_car_prenac,7685,7687,True
2024.10.31_08-55-50_sto_car_prenac,7690,7695,True
2024.10.31_08-55-50_sto_car_prenac,7698,7978,True
2024.10.31_08-55-50_sto_car_prenac,7982,7983,True
2024.10.31_08-55-50_sto_car_prenac,7986,7987,True
2024.10.31_08-55-50_sto_car_prenac,7989,7989,True
2024.10.31_08-55-50_sto_car_prenac,7991,8053,True
2024.10.31_08-55-50_sto_car_prenac,8055,8132,True
2024.10.31_08-55-50_sto_car_prenac,8134,8139,True
2024.10.31_08-55-50_sto_car_prenac,8141,8144,True
2024.10.31_08-55-50_sto_car_prenac,8149,8151,True
2024.10.31_08-55-50_sto_car_prenac,8154,8154,True
2024.10.31_08-55-50_sto_car_prenac,8156,8167,True
2024.10.31_08-55-50_sto_car_prenac,8173,8173,True
2024.10.31_08-55-50_sto_car_prenac,8176,8176,True
2024.10.31_08-55-50_sto_car_prenac,8179,8179,True
2024.10.31_08-55-50_sto_car_prenac,8181,8188,True
2024.10.31_08-55-50_sto_car_prenac,8190,8198,True
2024.10.31_08-55-50_sto_car_prenac,8201,8631,True
2024.10.31_08-55-50_sto_car_prenac,8633,8645,True
2024.10.31_08-55-50_sto_car_prenac,8647,8666,True
2024.10.14_11-00-19_Sussex_metbut,1459,2202,True
2024.10.14_11-00-19_Sussex_metbut,3186,3189,True
2024.10.14_11-00-19_Sussex_metbut,3259,3260,True
2024.10.14_11-00-19_Sussex_metbut,3264,5228,True
2024.10.14_11-00-19_Sussex_metbut,7263,8999,True
2024.10.08_11-04-51_Biarmipes_G224_no_odor,3,815,True
2024.10.08_11-04-51_Biarmipes_G224_no_odor,889,966,True
2024.10.08_11-04-51_Biarmipes_G224_no_odor,1004,1018,True
2024.10.08_11-04-51_Biarmipes_G224_no_odor,1020,1318,True
2024.10.08_11-04-51_Biarmipes_G224_no_odor,1797,2103,True
2024.10.08_11-04-51_Biarmipes_G224_no_odor,2105,2109,True
2024.10.08_11-04-51_Biarmipes_G224_no_odor,2121,3105,True
2024.10.08_11-04-51_Biarmipes_G224_no_odor,5041,5047,True
2024.10.08_11-04-51_Biarmipes_G224_no_odor,5050,5054,True
2024.10.08_11-04-51_Biarmipes_G224_no_odor,5058,5064,True
2024.10.08_11-04-51_Biarmipes_G224_no_odor,5067,5072,True
2024.10.08_11-04-51_Biarmipes_G224_no_odor,5074,5076,True
2024.10.08_11-04-51_Biarmipes_G224_no_odor,5078,5078,True
2024.10.08_11-04-51_Biarmipes_G224_no_odor,5080,5081,True
2024.10.08_11-04-51_Biarmipes_G224_no_odor,5084,5085,True
2024.10.08_11-04-51_Biarmipes_G224_no_odor,5087,5090,True
2024.10.08_11-04-51_Biarmipes_G224_no_odor,5092,5092,True
2024.10.08_11-04-51_Biarmipes_G224_no_odor,5094,5096,True
2024.10.08_11-04-51_Biarmipes_G224_no_odor,5098,5106,True
2024.10.08_11-04-51_Biarmipes_G224_no_odor,5110,5110,True
2024.10.08_11-04-51_Biarmipes_G224_no_odor,5112,5112,True
2024.10.08_11-04-51_Biarmipes_G224_no_odor,5115,5115,True
2024.10.08_11-04-51_Biarmipes_G224_no_odor,5119,5120,True
2024.10.08_11-04-51_Biarmipes_G224_no_odor,5123,5127,True
2024.10.08_11-04-51_Biarmipes_G224_no_odor,5132,5132,True
2024.10.08_11-04-51_Biarmipes_G224_no_odor,5134,5135,True
2024.10.08_11-04-51_Biarmipes_G224_no_odor,5137,5141,True
2024.10.08_11-04-51_Biarmipes_G224_no_odor,5143,5144,True
2024.10.08_11-04-51_Biarmipes_G224_no_odor,5146,5158,True
2024.10.08_11-04-51_Biarmipes_G224_no_odor,5160,5162,True
2024.10.08_11-04-51_Biarmipes_G224_no_odor,5166,5168,True
2024.10.08_11-04-51_Biarmipes_G224_no_odor,5171,5172,True
2024.10.08_11-04-51_Biarmipes_G224_no_odor,5174,5177,True
2024.10.08_11-04-51_Biarmipes_G224_no_odor,5179,5183,True
2024.10.08_11-04-51_Biarmipes_G224_no_odor,5185,5185,True
2024.10.08_11-04-51_Biarmipes_G224_no_odor,5187,5188,True
2024.10.08_11-04-51_Biarmipes_G224_no_odor,5190,5190,True
2024.10.08_11-04-51_Biarmipes_G224_no_odor,5193,5197,True
2024.10.08_11-04-51_Biarmipes_G224_no_odor,5199,5205,True
2024.10.08_11-04-51_Biarmipes_G224_no_odor,5208,5218,True
2024.10.08_11-04-51_Biarmipes_G224_no_odor,5221,5221,True
2024.10.08_11-04-51_Biarmipes_G224_no_odor,5223,5224,True
2024.10.08_11-04-51_Biarmipes_G224_no_odor,5226,5226,True
2024.10.08_11-04-51_Biarmipes_G224_no_odor,5228,5233,True
2024.10.08_11-04-51_Biarmipes_G224_no_odor,5235,5239,True
2024.10.08_11-04-51_Biarmipes_G224_no_odor,5242,5243,True
2024.10.08_11-04-51_Biarmipes_G224_no_odor,5245,5285,True
2024.10.08_11-04-51_Biarmipes_G224_no_odor,5287,5298,True
2024.10.08_11-04-51_Biarmipes_G224_no_odor,5300,5303,True
2024.10.08_11-04-51_Biarmipes_G224_no_odor,5305,5309,True
2024.10.08_11-04-51_Biarmipes_G224_no_odor,5311,5313,True
2024.10.08_11-04-51_Biarmipes_G224_no_odor,5315,5315,True
2024.10.08_11-04-51_Biarmipes_G224_no_odor,5317,5320,True
2024.10.08_11-04-51_Biarmipes_G224_no_odor,5322,5322,True
2024.10.08_11-04-51_Biarmipes_G224_no_odor,5324,5326,True
2024.10.08_11-04-51_Biarmipes_G224_no_odor,5329,5356,True
2024.10.08_11-04-51_Biarmipes_G224_no_odor,5359,5366,True
2024.10.08_11-04-51_Biarmipes_G224_no_odor,5368,5380,True
2024.10.08_11-04-51_Biarmipes_G224_no_odor,5382,5384,True
2024.10.08_11-04-51_Biarmipes_G224_no_odor,5494,5504,True
2024.10.08_11-04-51_Biarmipes_G224_no_odor,5506,5525,True
2024.10.08_11-04-51_Biarmipes_G224_no_odor,5527,5587,True
2024.10.08_11-04-51_Biarmipes_G224_no_odor,5589,5603,True
2024.10.08_11-04-51_Biarmipes_G224_no_odor,5605,5607,True
2024.10.08_11-04-51_Biarmipes_G224_no_odor,5611,5611,True
2024.10.08_11-04-51_Biarmipes_G224_no_odor,5613,5618,True
2024.10.08_11-04-51_Biarmipes_G224_no_odor,5620,5630,True
2024.10.08_11-04-51_Biarmipes_G224_no_odor,5632,7845,True
2024.10.31_08-31-22_Biarmipes84_metben,946,947,True
2024.10.31_08-31-22_Biarmipes84_metben,971,3299,True
2024.10.31_08-31-22_Biarmipes84_metben,3301,3304,True
2024.10.31_08-31-22_Biarmipes84_metben,3306,3401,True
2024.10.31_08-31-22_Biarmipes84_metben,3407,3408,True
2024.10.31_08-31-22_Biarmipes84_metben,3410,3876,True
2024.10.31_08-31-22_Biarmipes84_metben,6551,6553,True
2024.10.31_08-31-22_Biarmipes84_metben,6555,6555,True
2024.10.31_08-31-22_Biarmipes84_metben,6558,6559,True
2024.10.31_08-31-22_Biarmipes84_metben,6573,6573,True
2024.10.31_08-31-22_Biarmipes84_metben,6588,6588,True
2024.10.31_08-31-22_Biarmipes84_metben,6590,6592,True
2024.10.31_08-31-22_Biarmipes84_metben,6594,6595,True
2024.10.31_08-31-22_Biarmipes84_metben,6597,6597,True
2024.10.31_08-31-22_Biarmipes84_metben,6600,6600,True
2024.10.31_08-31-22_Biarmipes84_metben,6610,6610,True
2024.10.31_08-31-22_Biarmipes84_metben,6614,6614,True
2024.10.31_08-31-22_Biarmipes84_metben,6616,6617,True
2024.10.31_08-31-22_Biarmipes84_metben,6626,6628,True
2024.10.31_08-31-22_Biarmipes84_metben,6633,6633,True
2024.10.31_08-31-22_Biarmipes84_metben,6646,6669,True
2024.10.31_08-31-22_Biarmipes84_metben,6671,6828,True
2024.10.31_08-31-22_Biarmipes84_metben,6830,6883,True
2024.10.31_08-31-22_Biarmipes84_metben,6903,6927,True
2024.10.31_08-31-22_Biarmipes84_metben,6978,6978,True
2024.10.31_08-31-22_Biarmipes84_metben,6995,6995,True
2024.10.31_08-31-22_Biarmipes84_metben,7260,7261,True
2024.10.31_08-31-22_Biarmipes84_metben,7273,7273,True
2024.10.31_08-31-22_Biarmipes84_metben,7276,7277,True
2024.10.31_08-31-22_Biarmipes84_metben,7279,7279,True
2024.10.31_08-31-22_Biarmipes84_metben,7281,7282,True
2024.10.31_08-31-22_Biarmipes84_metben,7284,7284,True
2024.10.31_08-31-22_Biarmipes84_metben,7286,7287,True
2024.10.31_08-31-22_Biarmipes84_metben,7289,7290,True
2024.10.31_08-31-22_Biarmipes84_metben,7292,7292,True
2024.10.31_08-31-22_Biarmipes84_metben,7294,7295,True
2024.10.31_08-31-22_Biarmipes84_metben,7297,7298,True
2024.10.31_08-31-22_Biarmipes84_metben,7300,7300,True
2024.10.31_08-31-22_Biarmipes84_metben,7302,7302,True
2024.10.31_08-31-22_Biarmipes84_metben,7304,7308,True
2024.10.31_08-31-22_Biarmipes84_metben,7312,7312,True
2024.10.31_08-31-22_Biarmipes84_metben,7314,7318,True
2024.10.31_08-31-22_Biarmipes84_metben,7321,7323,True
2024.10.31_08-31-22_Biarmipes84_metben,7348,7351,True
2024.10.31_08-31-22_Biarmipes84_metben,7353,7354,True
2024.10.31_08-31-22_Biarmipes84_metben,7357,7358,True
2024.10.31_08-31-22_Biarmipes84_metben,7360,7365,True
2024.10.31_08-31-22_Biarmipes84_metben,7367,7367,True
2024.10.31_08-31-22_Biarmipes84_metben,7369,7388,True
2024.10.31_08-31-22_Biarmipes84_metben,7390,7391,True
2024.10.31_08-31-22_Biarmipes84_metben,7394,7411,True
2024.10.31_08-31-22_Biarmipes84_metben,7414,7429,True
2024.10.31_08-31-22_Biarmipes84_metben,7431,7435,True
2024.10.31_08-31-22_Biarmipes84_metben,7437,7455,True
2024.10.31_08-31-22_Biarmipes84_metben,7457,7479,True
2024.10.31_08-31-22_Biarmipes84_metben,7536,7572,True
2024.10.31_08-31-22_Biarmipes84_metben,7574,7594,True
2024.10.31_08-31-22_Biarmipes84_metben,7596,7606,True
2024.10.31_08-31-22_Biarmipes84_metben,7608,7621,True
2024.10.31_08-31-22_Biarmipes84_metben,7623,7646,True
2024.10.31_08-31-22_Biarmipes84_metben,7827,7827,True
2024.10.31_08-31-22_Biarmipes84_metben,7830,7834,True
2024.10.31_08-31-22_Biarmipes84_metben,7836,7836,True
2024.10.31_08-31-22_Biarmipes84_metben,7838,7838,True
2024.10.31_08-31-22_Biarmipes84_metben,7841,7841,True
2024.10.31_08-31-22_Biarmipes84_metben,7862,7863,True
2024.10.31_08-31-22_Biarmipes84_metben,7866,7867,True
2024.10.31_08-31-22_Biarmipes84_metben,7886,7887,True
2024.10.31_08-31-22_Biarmipes84_metben,7896,7944,True
2024.10.31_08-31-22_Biarmipes84_metben,8081,8096,True
2024.10.15_10-46-19_Sussex_prenac,3,900,True
2024.10.15_10-46-19_Sussex_prenac,1035,1797,True
2024.10.15_10-46-19_Sussex_prenac,1799,2904,True
2024.10.15_10-46-19_Sussex_prenac,4118,4229,True
2024.10.15_10-46-19_Sussex_prenac,4231,4232,True
2024.10.15_10-46-19_Sussex_prenac,4234,4253,True
2024.10.15_10-46-19_Sussex_prenac,4255,4258,True
2024.10.15_10-46-19_Sussex_prenac,4260,4409,True
2024.10.15_10-46-19_Sussex_prenac,6558,6592,True
2024.10.15_10-46-19_Sussex_prenac,6594,6599,True
2024.10.15_10-46-19_Sussex_prenac,6601,6601,True
2024.10.15_10-46-19_Sussex_prenac,6604,6605,True
2024.10.15_10-46-19_Sussex_prenac,6610,6610,True
2024.10.15_10-46-19_Sussex_prenac,6612,6615,True
2024.10.15_10-46-19_Sussex_prenac,6621,6662,True
2024.10.15_10-46-19_Sussex_prenac,6664,6747,True
2024.10.15_10-46-19_Sussex_prenac,6749,6775,True
2024.10.15_10-46-19_Sussex_prenac,6777,6777,True
2024.10.15_10-46-19_Sussex_prenac,6779,6800,True
2024.10.15_10-46-19_Sussex_prenac,6802,6805,True
2024.10.15_10-46-19_Sussex_prenac,6808,6812,True
2024.10.15_10-46-19_Sussex_prenac,6814,6817,True
2024.10.15_10-46-19_Sussex_prenac,6819,6823,True
2024.10.15_10-46-19_Sussex_prenac,6825,6839,True
2024.10.15_10-46-19_Sussex_prenac,6841,6841,True
2024.10.15_10-46-19_Sussex_prenac,6843,6843,True
2024.10.15_10-46-19_Sussex_prenac,6845,6845,True
2024.10.15_10-46-19_Sussex_prenac,6848,6848,True
2024.10.15_10-46-19_Sussex_prenac,6853,6853,True
2024.10.15_10-46-19_Sussex_prenac,6858,6858,True
2024.10.15_10-46-19_Sussex_prenac,6863,6863,True
2024.10.15_10-46-19_Sussex_prenac,6866,6866,True
2024.10.15_10-46-19_Sussex_prenac,6870,6870,True
2024.10.15_10-46-19_Sussex_prenac,6872,6873,True
2024.10.15_10-46-19_Sussex_prenac,6875,6875,True
2024.10.15_10-46-19_Sussex_prenac,6878,6878,True
2024.10.15_10-46-19_Sussex_prenac,6883,6884,True
2024.10.15_10-46-19_Sussex_prenac,6888,6888,True
2024.10.15_10-46-19_Sussex_prenac,6890,6891,True
2024.10.15_10-46-19_Sussex_prenac,6895,6895,True
2024.10.15_10-46-19_Sussex_prenac,6920,6922,True
2024.10.15_10-46-19_Sussex_prenac,6925,6925,True
2024.10.15_10-46-19_Sussex_prenac,6930,6930,True
2024.10.15_10-46-19_Sussex_prenac,6941,6941,True
2024.10.15_10-46-19_Sussex_prenac,6946,6946,True
2024.10.15_10-46-19_Sussex_prenac,6957,6958,True
2024.10.15_10-46-19_Sussex_prenac,6964,6964,True
2024.10.15_10-46-19_Sussex_prenac,6974,6974,True
2024.10.15_10-46-19_Sussex_prenac,6984,6984,True
2024.10.15_10-46-19_Sussex_prenac,6991,6991,True
2024.10.15_10-46-19_Sussex_prenac,7028,7028,True
2024.10.15_10-46-19_Sussex_prenac,7036,7036,True
2024.10.15_10-46-19_Sussex_prenac,7046,7046,True
2024.10.15_10-46-19_Sussex_prenac,7050,7050,True
2024.10.15_10-46-19_Sussex_prenac,7077,7077,True
2024.10.15_10-46-19_Sussex_prenac,7079,7080,True
2024.10.15_10-46-19_Sussex_prenac,7083,7085,True
2024.10.15_10-46-19_Sussex_prenac,7090,7090,True
2024.10.15_10-46-19_Sussex_prenac,7093,7094,True
2024.10.15_10-46-19_Sussex_prenac,7097,7097,True
2024.10.15_10-46-19_Sussex_prenac,7134,7134,True
2024.10.15_10-46-19_Sussex_prenac,7231,7231,True
2024.10.15_10-46-19_Sussex_prenac,7238,7238,True
2024.10.15_10-46-19_Sussex_prenac,7242,7242,True
2024.10.15_10-46-19_Sussex_prenac,7259,7259,True
2024.10.15_10-46-19_Sussex_prenac,7262,7262,True
2024.10.15_10-46-19_Sussex_prenac,7264,7264,True
2024.10.15_10-46-19_Sussex_prenac,7266,7266,True
2024.10.15_10-46-19_Sussex_prenac,7268,7268,True
2024.10.15_10-46-19_Sussex_prenac,7274,7274,True
2024.10.15_10-46-19_Sussex_prenac,7279,7279,True
2024.10.15_10-46-19_Sussex_prenac,7281,7281,True
2024.10.15_10-46-19_Sussex_prenac,7283,7289,True
2024.10.15_10-46-19_Sussex_prenac,7291,7294,True
2024.10.15_10-46-19_Sussex_prenac,7296,7296,True
2024.10.15_10-46-19_Sussex_prenac,7299,7301,True
2024.10.15_10-46-19_Sussex_prenac,7304,7304,True
2024.10.15_10-46-19_Sussex_prenac,7306,7933,True
2024.10.15_10-46-19_Sussex_prenac,7935,8124,True
2024.10.15_10-46-19_Sussex_prenac,8126,8739,True
2024.09.24_16-57-51_Yakuba7_no_odor,3,580,True
2024.09.24_16-57-51_Yakuba7_no_odor,3181,3181,True
2024.09.24_16-57-51_Yakuba7_no_odor,3200,3201,True
2024.09.24_16-57-51_Yakuba7_no_odor,3203,3208,True
2024.09.24_16-57-51_Yakuba7_no_odor,3210,3210,True
2024.09.24_16-57-51_Yakuba7_no_odor,3257,3261,True
2024.09.24_16-57-51_Yakuba7_no_odor,3263,3324,True
2024.09.24_16-57-51_Yakuba7_no_odor,3326,3354,True
2024.09.24_16-57-51_Yakuba7_no_odor,3356,3373,True
2024.09.24_16-57-51_Yakuba7_no_odor,3736,3783,True
2024.09.24_16-57-51_Yakuba7_no_odor,3785,3786,True
2024.09.24_16-57-51_Yakuba7_no_odor,4383,4447,True
2024.09.24_16-57-51_Yakuba7_no_odor,4449,4462,True
2024.09.24_16-57-51_Yakuba7_no_odor,4464,4475,True
2024.09.24_16-57-51_Yakuba7_no_odor,4478,4480,True
2024.09.24_16-57-51_Yakuba7_no_odor,4482,4482,True
2024.09.24_16-57-51_Yakuba7_no_odor,4491,4493,True
2024.09.24_16-57-51_Yakuba7_no_odor,4495,4495,True
2024.09.24_16-57-51_Yakuba7_no_odor,4497,4514,True
2024.09.24_16-57-51_Yakuba7_no_odor,4516,4518,True
2024.09.24_16-57-51_Yakuba7_no_odor,4520,4547,True
2024.09.24_16-57-51_Yakuba7_no_odor,4549,4640,True
2024.09.24_16-57-51_Yakuba7_no_odor,4661,4716,True
2024.09.24_16-57-51_Yakuba7_no_odor,4718,4738,True
2024.09.24_16-57-51_Yakuba7_no_odor,4740,4743,True
2024.09.24_16-57-51_Yakuba7_no_odor,4745,4746,True
2024.09.24_16-57-51_Yakuba7_no_odor,4748,4750,True
2024.09.24_16-57-51_Yakuba7_no_odor,4754,4755,True
2024.09.24_16-57-51_Yakuba7_no_odor,4758,4768,True
2024.09.24_16-57-51_Yakuba7_no_odor,4771,4774,True
2024.09.24_16-57-51_Yakuba7_no_odor,4776,4782,True
2024.09.24_16-57-51_Yakuba7_no_odor,4785,4787,True
2024.09.24_16-57-51_Yakuba7_no_odor,4790,4792,True
2024.09.24_16-57-51_Yakuba7_no_odor,4795,4796,True
2024.09.24_16-57-51_Yakuba7_no_odor,4799,4803,True
2024.09.24_16-57-51_Yakuba7_no_odor,4806,4812,True
2024.09.24_16-57-51_Yakuba7_no_odor,4814,4816,True
2024.09.24_16-57-51_Yakuba7_no_odor,4818,4820,True
2024.09.24_16-57-51_Yakuba7_no_odor,4822,4822,True
2024.09.24_16-57-51_Yakuba7_no_odor,4824,4825,True
2024.09.24_16-57-51_Yakuba7_no_odor,4827,4830,True
2024.09.24_16-57-51_Yakuba7_no_odor,4833,4834,True
2024.09.24_16-57-51_Yakuba7_no_odor,6220,6259,True
2024.09.24_16-57-51_Yakuba7_no_odor,6261,6286,True
2024.09.24_16-57-51_Yakuba7_no_odor,6288,6302,True
2024.09.24_16-57-51_Yakuba7_no_odor,6305,6310,True
2024.09.24_16-57-51_Yakuba7_no_odor,6312,6327,True
2024.09.24_16-57-51_Yakuba7_no_odor,6329,6329,True
2024.09.24_16-57-51_Yakuba7_no_odor,6331,6339,True
2024.09.24_16-57-51_Yakuba7_no_odor,6341,6347,True
2024.09.24_16-57-51_Yakuba7_no_odor,6351,6351,True
2024.09.24_16-57-51_Yakuba7_no_odor,6353,6353,True
2024.09.24_16-57-51_Yakuba7_no_odor,6357,6363,True
2024.09.24_16-57-51_Yakuba7_no_odor,6371,6373,True
2024.09.24_16-57-51_Yakuba7_no_odor,6375,6378,True
2024.09.24_16-57-51_Yakuba7_no_odor,6380,6383,True
2024.09.24_16-57-51_Yakuba7_no_odor,6385,6386,True
2024.09.24_16-57-51_Yakuba7_no_odor,6394,6395,True
2024.09.24_16-57-51_Yakuba7_no_odor,6397,6399,True
2024.09.24_16-57-51_Yakuba7_no_odor,6401,6402,True
2024.09.24_16-57-51_Yakuba7_no_odor,6405,6405,True
2024.09.24_16-57-51_Yakuba7_no_odor,6407,6410,True
2024.09.24_16-57-51_Yakuba7_no_odor,6412,6414,True
2024.09.24_16-57-51_Yakuba7_no_odor,6416,6416,True
2024.09.24_16-57-51_Yakuba7_no_odor,6420,6420,True
2024.09.24_16-57-51_Yakuba7_no_odor,6424,6428,True
2024.09.24_16-57-51_Yakuba7_no_odor,6430,6433,True
2024.09.24_16-57-51_Yakuba7_no_odor,6435,6435,True
2024.09.24_16-57-51_Yakuba7_no_odor,6440,6445,True
2024.09.24_16-57-51_Yakuba7_no_odor,6447,6447,True
2024.09.24_16-57-51_Yakuba7_no_odor,6449,6449,True
2024.09.24_16-57-51_Yakuba7_no_odor,6451,6451,True
2024.09.24_16-57-51_Yakuba7_no_odor,6454,6454,True
2024.09.24_16-57-51_Yakuba7_no_odor,6456,6457,True
2024.09.24_16-57-51_Yakuba7_no_odor,6460,6462,True
2024.09.24_16-57-51_Yakuba7_no_odor,6465,6465,True
2024.09.24_16-57-51_Yakuba7_no_odor,6467,6467,True
2024.09.24_16-57-51_Yakuba7_no_odor,6469,6469,True
2024.09.24_16-57-51_Yakuba7_no_odor,6471,6471,True
2024.09.24_16-57-51_Yakuba7_no_odor,6475,6476,True
2024.09.24_16-57-51_Yakuba7_no_odor,6478,6480,True
2024.09.24_16-57-51_Yakuba7_no_odor,6486,6487,True
2024.09.24_16-57-51_Yakuba7_no_odor,6489,6489,True
2024.09.24_16-57-51_Yakuba7_no_odor,6494,6494,True
2024.09.24_16-57-51_Yakuba7_no_odor,6496,6500,True
2024.09.24_16-57-51_Yakuba7_no_odor,6504,6504,True
2024.09.24_16-57-51_Yakuba7_no_odor,6506,6507,True
2024.09.24_16-57-51_Yakuba7_no_odor,6515,6515,True
2024.09.24_16-57-51_Yakuba7_no_odor,6517,6517,True
2024.09.24_16-57-51_Yakuba7_no_odor,6519,6531,True
2024.09.24_16-57-51_Yakuba7_no_odor,6533,6533,True
2024.09.24_16-57-51_Yakuba7_no_odor,6535,6535,True
2024.09.24_16-57-51_Yakuba7_no_odor,6538,6540,True
2024.09.24_16-57-51_Yakuba7_no_odor,6542,6542,True
2024.09.24_16-57-51_Yakuba7_no_odor,6544,6550,True
2024.09.24_16-57-51_Yakuba7_no_odor,6555,6558,True
2024.09.24_16-57-51_Yakuba7_no_odor,6561,6563,True
2024.09.24_16-57-51_Yakuba7_no_odor,6567,6567,True
2024.09.24_16-57-51_Yakuba7_no_odor,6569,6569,True
2024.09.24_16-57-51_Yakuba7_no_odor,6571,6571,True
2024.09.24_16-57-51_Yakuba7_no_odor,6573,6587,True
2024.09.24_16-57-51_Yakuba7_no_odor,6589,6598,True
2024.09.24_16-57-51_Yakuba7_no_odor,6600,6600,True
2024.09.24_16-57-51_Yakuba7_no_odor,6602,6606,True
2024.09.24_16-57-51_Yakuba7_no_odor,6608,6616,True
2024.09.24_16-57-51_Yakuba7_no_odor,6618,6622,True
2024.09.24_16-57-51_Yakuba7_no_odor,6624,6628,True
2024.09.24_16-57-51_Yakuba7_no_odor,6630,6637,True
2024.09.24_16-57-51_Yakuba7_no_odor,6639,6710,True
2024.09.24_16-57-51_Yakuba7_no_odor,6712,6725,True
2024.09.24_16-57-51_Yakuba7_no_odor,6727,6734,True
2024.09.24_16-57-51_Yakuba7_no_odor,6736,6740,True
2024.09.24_16-57-51_Yakuba7_no_odor,6743,6743,True
2024.09.24_16-57-51_Yakuba7_no_odor,6745,6745,True
2024.09.24_16-57-51_Yakuba7_no_odor,6747,6747,True
2024.09.24_16-57-51_Yakuba7_no_odor,6749,6752,True
2024.09.24_16-57-51_Yakuba7_no_odor,6755,6789,True
2024.09.24_16-57-51_Yakuba7_no_odor,6794,6794,True
2024.09.24_16-57-51_Yakuba7_no_odor,6796,6797,True
2024.09.24_16-57-51_Yakuba7_no_odor,6799,6803,True
2024.09.24_16-57-51_Yakuba7_no_odor,6805,6808,True
2024.09.24_16-57-51_Yakuba7_no_odor,6810,6814,True
2024.09.24_16-57-51_Yakuba7_no_odor,6817,6821,True
2024.09.24_16-57-51_Yakuba7_no_odor,6823,6825,True
2024.09.24_16-57-51_Yakuba7_no_odor,6828,6829,True
2024.09.24_16-57-51_Yakuba7_no_odor,6831,6833,True
2024.09.24_16-57-51_Yakuba7_no_odor,6835,6836,True
2024.09.24_16-57-51_Yakuba7_no_odor,6838,6842,True
2024.09.24_16-57-51_Yakuba7_no_odor,6844,6848,True
2024.09.24_16-57-51_Yakuba7_no_odor,6850,6852,True
2024.09.24_16-57-51_Yakuba7_no_odor,6856,6858,True
2024.09.24_16-57-51_Yakuba7_no_odor,6860,6863,True
2024.09.24_16-57-51_Yakuba7_no_odor,6868,6868,True
2024.09.24_16-57-51_Yakuba7_no_odor,6870,6873,True
2024.09.24_16-57-51_Yakuba7_no_odor,6876,6876,True
2024.09.24_16-57-51_Yakuba7_no_odor,6879,6888,True
2024.09.24_16-57-51_Yakuba7_no_odor,6891,6891,True
2024.09.24_16-57-51_Yakuba7_no_odor,6893,6894,True
2024.09.24_16-57-51_Yakuba7_no_odor,6896,6896,True
2024.09.24_16-57-51_Yakuba7_no_odor,6900,6901,True
2024.09.24_16-57-51_Yakuba7_no_odor,6903,6903,True
2024.09.24_16-57-51_Yakuba7_no_odor,6905,6910,True
2024.09.24_16-57-51_Yakuba7_no_odor,6912,6913,True
2024.09.24_16-57-51_Yakuba7_no_odor,6915,6916,True
2024.09.24_16-57-51_Yakuba7_no_odor,6918,6924,True
2024.09.24_16-57-51_Yakuba7_no_odor,6926,6926,True
2024.09.24_16-57-51_Yakuba7_no_odor,6930,6930,True
2024.09.24_16-57-51_Yakuba7_no_odor,6932,6933,True
2024.09.24_16-57-51_Yakuba7_no_odor,6938,6938,True
2024.09.24_16-57-51_Yakuba7_no_odor,6941,6950,True
2024.09.24_16-57-51_Yakuba7_no_odor,6952,6956,True
2024.09.24_16-57-51_Yakuba7_no_odor,6959,6964,True
2024.09.24_16-57-51_Yakuba7_no_odor,6967,6967,True
2024.09.24_16-57-51_Yakuba7_no_odor,6969,6969,True
2024.09.24_16-57-51_Yakuba7_no_odor,6972,6975,True
2024.09.24_16-57-51_Yakuba7_no_odor,6977,6978,True
2024.09.24_16-57-51_Yakuba7_no_odor,6980,6980,True
2024.09.24_16-57-51_Yakuba7_no_odor,6982,6984,True
2024.09.24_16-57-51_Yakuba7_no_odor,6987,6990,True
2024.09.24_16-57-51_Yakuba7_no_odor,6992,6994,True
2024.09.24_16-57-51_Yakuba7_no_odor,6997,6999,True
2024.09.24_16-57-51_Yakuba7_no_odor,7001,7004,True
2024.09.24_16-57-51_Yakuba7_no_odor,7010,7020,True
2024.09.24_16-57-51_Yakuba7_no_odor,7022,7023,True
2024.09.24_16-57-51_Yakuba7_no_odor,7025,7025,True
2024.09.24_16-57-51_Yakuba7_no_odor,7027,7028,True
2024.09.24_16-57-51_Yakuba7_no_odor,7030,7031,True
2024.09.24_16-57-51_Yakuba7_no_odor,7033,7033,True
2024.09.24_16-57-51_Yakuba7_no_odor,7036,7037,True
2024.09.24_16-57-51_Yakuba7_no_odor,7039,7039,True
2024.09.24_16-57-51_Yakuba7_no_odor,7041,7046,True
2024.09.24_16-57-51_Yakuba7_no_odor,7048,7056,True
2024.09.24_16-57-51_Yakuba7_no_odor,7058,7059,True
2024.09.24_16-57-51_Yakuba7_no_odor,7061,7062,True
2024.09.24_16-57-51_Yakuba7_no_odor,7064,7069,True
2024.09.24_16-57-51_Yakuba7_no_odor,7071,7072,True
2024.09.24_16-57-51_Yakuba7_no_odor,7074,7078,True
2024.09.24_16-57-51_Yakuba7_no_odor,7080,7087,True
2024.09.24_16-57-51_Yakuba7_no_odor,7089,7090,True
2024.09.24_16-57-51_Yakuba7_no_odor,7092,7093,True
2024.09.24_16-57-51_Yakuba7_no_odor,7095,7098,True
2024.09.24_16-57-51_Yakuba7_no_odor,7100,7102,True
2024.09.24_16-57-51_Yakuba7_no_odor,7104,7106,True
2024.09.24_16-57-51_Yakuba7_no_odor,7108,7110,True
2024.09.24_16-57-51_Yakuba7_no_odor,7112,7112,True
2024.09.24_16-57-51_Yakuba7_no_odor,7115,7123,True
2024.09.24_16-57-51_Yakuba7_no_odor,7125,7128,True
2024.09.24_16-57-51_Yakuba7_no_odor,7130,7133,True
2024.09.24_16-57-51_Yakuba7_no_odor,7135,7138,True
2024.09.24_16-57-51_Yakuba7_no_odor,7140,7147,True
2024.09.24_16-57-51_Yakuba7_no_odor,7149,7149,True
2024.09.24_16-57-51_Yakuba7_no_odor,7151,7157,True
2024.09.24_16-57-51_Yakuba7_no_odor,7160,7162,True
2024.09.24_16-57-51_Yakuba7_no_odor,7165,7165,True
2024.09.24_16-57-51_Yakuba7_no_odor,7167,7172,True
2024.09.24_16-57-51_Yakuba7_no_odor,7174,7191,True
2024.09.24_16-57-51_Yakuba7_no_odor,7194,7206,True
2024.09.24_16-57-51_Yakuba7_no_odor,7208,7208,True
2024.09.24_16-57-51_Yakuba7_no_odor,7210,7211,True
2024.09.24_16-57-51_Yakuba7_no_odor,7215,7216,True
2024.09.24_16-57-51_Yakuba7_no_odor,7218,7219,True
2024.09.24_16-57-51_Yakuba7_no_odor,7221,7223,True
2024.09.24_16-57-51_Yakuba7_no_odor,7226,7229,True
2024.09.24_16-57-51_Yakuba7_no_odor,7231,7232,True
2024.09.24_16-57-51_Yakuba7_no_odor,7235,7239,True
2024.09.24_16-57-51_Yakuba7_no_odor,7241,7241,True
2024.09.24_16-57-51_Yakuba7_no_odor,7243,7245,True
2024.09.24_16-57-51_Yakuba7_no_odor,7247,7250,True
2024.09.24_16-57-51_Yakuba7_no_odor,7252,7253,True
2024.09.24_16-57-51_Yakuba7_no_odor,7255,7255,True
2024.09.24_16-57-51_Yakuba7_no_odor,7258,7258,True
2024.09.24_16-57-51_Yakuba7_no_odor,7260,7269,True
2024.09.24_16-57-51_Yakuba7_no_odor,7272,7276,True
2024.09.24_16-57-51_Yakuba7_no_odor,7279,7280,True
2024.09.24_16-57-51_Yakuba7_no_odor,7282,7284,True
2024.09.24_16-57-51_Yakuba7_no_odor,7286,7288,True
2024.09.24_16-57-51_Yakuba7_no_odor,7290,7290,True
2024.09.24_16-57-51_Yakuba7_no_odor,7292,7294,True
2024.09.24_16-57-51_Yakuba7_no_odor,7298,7302,True
2024.09.24_16-57-51_Yakuba7_no_odor,7304,7309,True
2024.09.24_16-57-51_Yakuba7_no_odor,7311,7321,True
2024.09.24_16-57-51_Yakuba7_no_odor,7323,7326,True
2024.09.24_16-57-51_Yakuba7_no_odor,7329,7330,True
2024.09.24_16-57-51_Yakuba7_no_odor,7332,7344,True
2024.09.24_16-57-51_Yakuba7_no_odor,7346,7346,True
2024.09.24_16-57-51_Yakuba7_no_odor,7349,7350,True
2024.09.24_16-57-51_Yakuba7_no_odor,7356,7361,True
2024.09.24_16-57-51_Yakuba7_no_odor,7364,7368,True
2024.09.24_16-57-51_Yakuba7_no_odor,7370,7376,True
2024.09.24_16-57-51_Yakuba7_no_odor,7378,7379,True
2024.09.24_16-57-51_Yakuba7_no_odor,7381,7382,True
2024.09.24_16-57-51_Yakuba7_no_odor,7385,7392,True
2024.09.24_16-57-51_Yakuba7_no_odor,7394,7404,True
2024.09.24_16-57-51_Yakuba7_no_odor,7406,7407,True
2024.09.24_16-57-51_Yakuba7_no_odor,7409,7412,True
2024.09.24_16-57-51_Yakuba7_no_odor,7414,7418,True
2024.09.24_16-57-51_Yakuba7_no_odor,7420,7421,True
2024.09.24_16-57-51_Yakuba7_no_odor,7423,7427,True
2024.09.24_16-57-51_Yakuba7_no_odor,7432,7437,True
2024.09.24_16-57-51_Yakuba7_no_odor,7439,7442,True
2024.09.24_16-57-51_Yakuba7_no_odor,7444,7461,True
2024.09.24_16-57-51_Yakuba7_no_odor,7463,7466,True
2024.09.24_16-57-51_Yakuba7_no_odor,7468,7475,True
2024.09.24_16-57-51_Yakuba7_no_odor,7478,7483,True
2024.09.24_16-57-51_Yakuba7_no_odor,7486,7490,True
2024.09.24_16-57-51_Yakuba7_no_odor,7495,7495,True
2024.09.24_16-57-51_Yakuba7_no_odor,7498,7498,True
2024.09.24_16-57-51_Yakuba7_no_odor,7500,7503,True
2024.09.24_16-57-51_Yakuba7_no_odor,7505,7505,True
2024.09.24_16-57-51_Yakuba7_no_odor,7508,7508,True
2024.09.24_16-57-51_Yakuba7_no_odor,7512,7512,True
2024.09.24_16-57-51_Yakuba7_no_odor,7515,7515,True
2024.09.24_16-57-51_Yakuba7_no_odor,7519,7519,True
2024.09.24_16-57-51_Yakuba7_no_odor,7525,7525,True
2024.09.24_16-57-51_Yakuba7_no_odor,7527,7527,True
2024.09.24_16-57-51_Yakuba7_no_odor,7529,7533,True
2024.09.24_16-57-51_Yakuba7_no_odor,7535,7536,True
2024.09.24_16-57-51_Yakuba7_no_odor,7538,7539,True
2024.09.24_16-57-51_Yakuba7_no_odor,7541,7541,True
2024.09.24_16-57-51_Yakuba7_no_odor,7543,7544,True
2024.09.24_16-57-51_Yakuba7_no_odor,7546,7547,True
2024.09.24_16-57-51_Yakuba7_no_odor,7549,7552,True
2024.09.24_16-57-51_Yakuba7_no_odor,7554,7558,True
2024.09.24_16-57-51_Yakuba7_no_odor,7560,7562,True
2024.09.24_16-57-51_Yakuba7_no_odor,7564,7565,True
2024.09.24_16-57-51_Yakuba7_no_odor,7567,7567,True
2024.09.24_16-57-51_Yakuba7_no_odor,7570,7570,True
2024.09.24_16-57-51_Yakuba7_no_odor,7573,7575,True
2024.09.24_16-57-51_Yakuba7_no_odor,7577,7580,True
2024.09.24_16-57-51_Yakuba7_no_odor,7582,7588,True
2024.09.24_16-57-51_Yakuba7_no_odor,7594,7614,True
2024.09.24_16-57-51_Yakuba7_no_odor,7616,7624,True
2024.09.24_16-57-51_Yakuba7_no_odor,7627,7629,True
2024.09.24_16-57-51_Yakuba7_no_odor,7631,7638,True
2024.09.24_16-57-51_Yakuba7_no_odor,7640,7640,True
2024.09.24_16-57-51_Yakuba7_no_odor,7642,7645,True
2024.09.24_16-57-51_Yakuba7_no_odor,7648,7648,True
2024.09.24_16-57-51_Yakuba7_no_odor,7650,7650,True
2024.09.24_16-57-51_Yakuba7_no_odor,7655,7656,True
2024.09.24_16-57-51_Yakuba7_no_odor,7658,7659,True
2024.09.24_16-57-51_Yakuba7_no_odor,7663,7664,True
2024.09.24_16-57-51_Yakuba7_no_odor,7666,7667,True
2024.09.24_16-57-51_Yakuba7_no_odor,7669,7669,True
2024.09.24_16-57-51_Yakuba7_no_odor,7672,7678,True
2024.09.24_16-57-51_Yakuba7_no_odor,7688,7690,True
2024.09.24_16-57-51_Yakuba7_no_odor,7695,7696,True
2024.09.24_16-57-51_Yakuba7_no_odor,7698,7701,True
2024.09.24_16-57-51_Yakuba7_no_odor,7711,7713,True
2024.09.24_16-57-51_Yakuba7_no_odor,7715,7718,True
2024.09.24_16-57-51_Yakuba7_no_odor,7736,7738,True
2024.09.24_16-57-51_Yakuba7_no_odor,7745,7753,True
2024.09.24_16-57-51_Yakuba7_no_odor,7769,7772,True
2024.09.24_16-57-51_Yakuba7_no_odor,7775,7819,True
2024.09.24_16-57-51_Yakuba7_no_odor,7821,7827,True
2024.09.24_16-57-51_Yakuba7_no_odor,7829,7833,True
2024.09.24_16-57-51_Yakuba7_no_odor,7835,7837,True
2024.09.24_16-57-51_Yakuba7_no_odor,7839,7839,True
2024.09.24_16-57-51_Yakuba7_no_odor,7841,7845,True
2024.09.24_16-57-51_Yakuba7_no_odor,7848,7861,True
2024.09.24_16-57-51_Yakuba7_no_odor,7863,7865,True
2024.09.24_16-57-51_Yakuba7_no_odor,7877,7877,True
2024.09.24_16-57-51_Yakuba7_no_odor,7884,7884,True
2024.09.24_16-57-51_Yakuba7_no_odor,7900,7905,True
2024.09.24_16-57-51_Yakuba7_no_odor,7908,7908,True
2024.09.24_16-57-51_Yakuba7_no_odor,7910,7910,True
2024.09.24_16-57-51_Yakuba7_no_odor,7922,7922,True
2024.09.24_16-57-51_Yakuba7_no_odor,7926,7926,True
2024.09.24_16-57-51_Yakuba7_no_odor,7947,8078,True
2024.09.24_16-57-51_Yakuba7_no_odor,8080,8102,True
2024.09.24_16-57-51_Yakuba7_no_odor,8104,8106,True
2024.09.24_16-57-51_Yakuba7_no_odor,8108,8108,True
2024.09.24_16-57-51_Yakuba7_no_odor,8111,8118,True
2024.09.24_16-57-51_Yakuba7_no_odor,8120,8121,True
2024.09.24_16-57-51_Yakuba7_no_odor,8123,8136,True
2024.09.24_16-57-51_Yakuba7_no_odor,8139,8185,True
2024.09.24_16-57-51_Yakuba7_no_odor,8187,8211,True
2024.10.23_07-57-44_Biarmipes84_prenac,702,765,True
2024.10.23_07-57-44_Biarmipes84_prenac,2368,2368,True
2024.10.23_07-57-44_Biarmipes84_prenac,2372,2387,True
2024.10.23_07-57-44_Biarmipes84_prenac,2389,2390,True
2024.10.23_07-57-44_Biarmipes84_prenac,2394,2410,True
2024.10.23_07-57-44_Biarmipes84_prenac,2413,2422,True
2024.10.23_07-57-44_Biarmipes84_prenac,2424,2434,True
2024.10.23_07-57-44_Biarmipes84_prenac,2437,2437,True
2024.10.23_07-57-44_Biarmipes84_prenac,2439,2442,True
2024.10.23_07-57-44_Biarmipes84_prenac,2444,2467,True
2024.10.23_07-57-44_Biarmipes84_prenac,2469,2510,True
2024.10.23_07-57-44_Biarmipes84_prenac,2512,2547,True
2024.10.23_07-57-44_Biarmipes84_prenac,2549,2554,True
2024.10.23_07-57-44_Biarmipes84_prenac,2556,2572,True
2024.10.23_07-57-44_Biarmipes84_prenac,2574,2575,True
2024.10.23_07-57-44_Biarmipes84_prenac,2578,2581,True
2024.10.23_07-57-44_Biarmipes84_prenac,2583,2587,True
2024.10.23_07-57-44_Biarmipes84_prenac,2591,2592,True
2024.10.23_07-57-44_Biarmipes84_prenac,2633,2637,True
2024.10.23_07-57-44_Biarmipes84_prenac,2639,2646,True
2024.10.23_07-57-44_Biarmipes84_prenac,2653,2653,True
2024.10.23_07-57-44_Biarmipes84_prenac,2655,2655,True
2024.10.23_07-57-44_Biarmipes84_prenac,2661,2667,True
2024.10.23_07-57-44_Biarmipes84_prenac,2674,2674,True
2024.10.23_07-57-44_Biarmipes84_prenac,2676,2686,True
2024.10.23_07-57-44_Biarmipes84_prenac,2688,2690,True
2024.10.23_07-57-44_Biarmipes84_prenac,2692,2694,True
2024.10.23_07-57-44_Biarmipes84_prenac,2696,2696,True
2024.10.23_07-57-44_Biarmipes84_prenac,2700,2700,True
2024.10.23_07-57-44_Biarmipes84_prenac,2702,2703,True
2024.10.23_07-57-44_Biarmipes84_prenac,2706,2707,True
2024.10.23_07-57-44_Biarmipes84_prenac,2709,2714,True
2024.10.23_07-57-44_Biarmipes84_prenac,2719,2719,True
2024.10.23_07-57-44_Biarmipes84_prenac,2721,2730,True
2024.10.23_07-57-44_Biarmipes84_prenac,2735,2738,True
2024.10.23_07-57-44_Biarmipes84_prenac,2740,2740,True
2024.10.23_07-57-44_Biarmipes84_prenac,2742,2743,True
2024.10.23_07-57-44_Biarmipes84_prenac,2745,2747,True
2024.10.23_07-57-44_Biarmipes84_prenac,2750,2753,True
2024.10.23_07-57-44_Biarmipes84_prenac,2757,2758,True
2024.10.23_07-57-44_Biarmipes84_prenac,2762,2762,True
2024.10.23_07-57-44_Biarmipes84_prenac,2764,2764,True
2024.10.23_07-57-44_Biarmipes84_prenac,2767,2767,True
2024.10.23_07-57-44_Biarmipes84_prenac,2769,2772,True
2024.10.23_07-57-44_Biarmipes84_prenac,2774,2775,True
2024.10.23_07-57-44_Biarmipes84_prenac,2777,2777,True
2024.10.23_07-57-44_Biarmipes84_prenac,2782,2782,True
2024.10.23_07-57-44_Biarmipes84_prenac,2785,2785,True
2024.10.23_07-57-44_Biarmipes84_prenac,2792,2792,True
2024.10.23_07-57-44_Biarmipes84_prenac,2797,2800,True
2024.10.23_07-57-44_Biarmipes84_prenac,2802,2803,True
2024.10.23_07-57-44_Biarmipes84_prenac,2805,2806,True
2024.10.23_07-57-44_Biarmipes84_prenac,2810,2817,True
2024.10.23_07-57-44_Biarmipes84_prenac,2820,2820,True
2024.10.23_07-57-44_Biarmipes84_prenac,2822,2824,True
2024.10.23_07-57-44_Biarmipes84_prenac,2826,2826,True
2024.10.23_07-57-44_Biarmipes84_prenac,2829,2830,True
2024.10.23_07-57-44_Biarmipes84_prenac,2832,2833,True
2024.10.23_07-57-44_Biarmipes84_prenac,2835,2835,True
2024.10.23_07-57-44_Biarmipes84_prenac,2837,2838,True
2024.10.23_07-57-44_Biarmipes84_prenac,2840,2841,True
2024.10.23_07-57-44_Biarmipes84_prenac,2843,2844,True
2024.10.23_07-57-44_Biarmipes84_prenac,2846,2847,True
2024.10.23_07-57-44_Biarmipes84_prenac,2849,2850,True
2024.10.23_07-57-44_Biarmipes84_prenac,2852,2861,True
2024.10.23_07-57-44_Biarmipes84_prenac,2863,3060,True
2024.10.23_07-57-44_Biarmipes84_prenac,3115,3117,True
2024.10.23_07-57-44_Biarmipes84_prenac,3120,3120,True
2024.10.23_07-57-44_Biarmipes84_prenac,3123,3132,True
2024.10.23_07-57-44_Biarmipes84_prenac,3137,3137,True
2024.10.23_07-57-44_Biarmipes84_prenac,3145,3829,True
2024.10.23_07-57-44_Biarmipes84_prenac,3831,5465,True
2024.10.23_07-57-44_Biarmipes84_prenac,6302,6312,True
2024.10.23_07-57-44_Biarmipes84_prenac,6398,6399,True
2024.10.23_07-57-44_Biarmipes84_prenac,6401,6426,True
2024.10.23_07-57-44_Biarmipes84_prenac,6471,6471,True
2024.10.23_07-57-44_Biarmipes84_prenac,6495,6499,True
2024.10.23_07-57-44_Biarmipes84_prenac,6528,6548,True
2024.10.23_07-57-44_Biarmipes84_prenac,6561,7121,True
2024.10.23_07-57-44_Biarmipes84_prenac,8023,8031,True
2024.10.23_07-57-44_Biarmipes84_prenac,8067,8990,True
2024.11.14_22-01-19_Stocago_e2hex,3,190,True
2024.11.14_22-01-19_Stocago_e2hex,750,764,True
2024.11.14_22-01-19_Stocago_e2hex,801,874,True
2024.11.14_22-01-19_Stocago_e2hex,876,876,True
2024.11.14_22-01-19_Stocago_e2hex,884,1167,True
2024.11.14_22-01-19_Stocago_e2hex,1169,1201,True
2024.11.14_22-01-19_Stocago_e2hex,1240,1273,True
2024.11.14_22-01-19_Stocago_e2hex,1298,1307,True
2024.11.14_22-01-19_Stocago_e2hex,1312,1352,True
2024.11.14_22-01-19_Stocago_e2hex,1413,1417,True
2024.11.14_22-01-19_Stocago_e2hex,1422,1439,True
2024.11.14_22-01-19_Stocago_e2hex,1468,1480,True
2024.11.14_22-01-19_Stocago_e2hex,1485,1566,True
2024.11.14_22-01-19_Stocago_e2hex,2136,2801,True
2024.11.14_22-01-19_Stocago_e2hex,2803,2811,True
2024.11.14_22-01-19_Stocago_e2hex,2813,2920,True
2024.11.14_22-01-19_Stocago_e2hex,3189,3190,True
2024.11.14_22-01-19_Stocago_e2hex,3510,3646,True
2024.11.14_22-01-19_Stocago_e2hex,4244,4584,True
2024.11.14_22-01-19_Stocago_e2hex,5136,5138,True
2024.11.14_22-01-19_Stocago_e2hex,5140,5156,True
2024.11.14_22-01-19_Stocago_e2hex,5158,5344,True
2024.11.14_22-01-19_Stocago_e2hex,5346,5712,True
2024.11.13_22-49-17_Sussex_e2hex,3,544,True
2024.11.13_22-49-17_Sussex_e2hex,850,964,True
2024.11.13_22-49-17_Sussex_e2hex,1134,1135,True
2024.11.13_22-49-17_Sussex_e2hex,1234,1397,True
2024.11.13_22-49-17_Sussex_e2hex,1523,1523,True
2024.11.13_22-49-17_Sussex_e2hex,1525,1526,True
2024.11.13_22-49-17_Sussex_e2hex,1528,1586,True
2024.11.13_22-49-17_Sussex_e2hex,1728,1729,True
2024.11.13_22-49-17_Sussex_e2hex,1731,1731,True
2024.11.13_22-49-17_Sussex_e2hex,1733,2108,True
2024.11.13_22-49-17_Sussex_e2hex,2110,2120,True
2024.11.13_22-49-17_Sussex_e2hex,2122,2343,True
2024.11.13_22-49-17_Sussex_e2hex,2382,2394,True
2024.11.13_22-49-17_Sussex_e2hex,3260,3269,True
2024.11.13_22-49-17_Sussex_e2hex,3361,3361,True
2024.11.13_22-49-17_Sussex_e2hex,3760,3764,True
2024.11.13_22-49-17_Sussex_e2hex,3771,3798,True
2024.11.13_22-49-17_Sussex_e2hex,3838,3838,True
2024.11.13_22-49-17_Sussex_e2hex,3840,3855,True
2024.11.13_22-49-17_Sussex_e2hex,3872,3873,True
2024.11.13_22-49-17_Sussex_e2hex,4236,4237,True
2024.11.13_22-49-17_Sussex_e2hex,4269,4270,True
2024.11.13_22-49-17_Sussex_e2hex,4294,4294,True
2024.11.13_22-49-17_Sussex_e2hex,4296,4296,True
2024.11.13_22-49-17_Sussex_e2hex,4298,4309,True
2024.11.13_22-49-17_Sussex_e2hex,4312,4321,True
2024.11.13_22-49-17_Sussex_e2hex,4324,4329,True
2024.11.13_22-49-17_Sussex_e2hex,4331,4333,True
2024.11.13_22-49-17_Sussex_e2hex,4335,4337,True
2024.11.13_22-49-17_Sussex_e2hex,4339,4936,True
2024.11.13_22-49-17_Sussex_e2hex,4938,5238,True
2024.11.13_22-49-17_Sussex_e2hex,5240,5416,True
2024.11.13_22-49-17_Sussex_e2hex,5418,5418,True
2024.11.13_22-49-17_Sussex_e2hex,5421,5426,True
2024.11.13_22-49-17_Sussex_e2hex,5428,5496,True
2024.11.13_22-49-17_Sussex_e2hex,5498,5498,True
2024.11.13_22-49-17_Sussex_e2hex,5509,5544,True
2024.11.13_22-49-17_Sussex_e2hex,5546,6080,True
2024.11.13_22-49-17_Sussex_e2hex,6085,6086,True
2024.11.13_22-49-17_Sussex_e2hex,6093,6126,True
2024.11.13_22-49-17_Sussex_e2hex,6133,6133,True
2024.11.13_22-49-17_Sussex_e2hex,6135,6135,True
2024.11.13_22-49-17_Sussex_e2hex,6147,6147,True
2024.11.13_22-49-17_Sussex_e2hex,6151,6151,True
2024.11.13_22-49-17_Sussex_e2hex,6153,6154,True
2024.11.13_22-49-17_Sussex_e2hex,6156,6157,True
2024.11.13_22-49-17_Sussex_e2hex,6163,6172,True
2024.11.13_22-49-17_Sussex_e2hex,6174,6177,True
2024.11.13_22-49-17_Sussex_e2hex,7710,7975,True
2024.11.13_22-49-17_Sussex_e2hex,8214,8216,True
2024.11.13_22-49-17_Sussex_e2hex,8218,8224,True
2024.11.13_22-49-17_Sussex_e2hex,8351,8352,True
2024.11.13_22-49-17_Sussex_e2hex,8361,8395,True
2024.11.13_22-49-17_Sussex_e2hex,8610,8999,True
2024.09.30_13-19-46_Yakuba_cameroon_no_odor,38,54,True
2024.09.30_13-19-46_Yakuba_cameroon_no_odor,57,61,True
2024.09.30_13-19-46_Yakuba_cameroon_no_odor,63,66,True
2024.09.30_13-19-46_Yakuba_cameroon_no_odor,68,70,True
2024.09.30_13-19-46_Yakuba_cameroon_no_odor,72,72,True
2024.09.30_13-19-46_Yakuba_cameroon_no_odor,74,78,True
2024.09.30_13-19-46_Yakuba_cameroon_no_odor,80,80,True
2024.09.30_13-19-46_Yakuba_cameroon_no_odor,86,87,True
2024.09.30_13-19-46_Yakuba_cameroon_no_odor,90,91,True
2024.09.30_13-19-46_Yakuba_cameroon_no_odor,97,102,True
2024.09.30_13-19-46_Yakuba_cameroon_no_odor,104,111,True
2024.09.30_13-19-46_Yakuba_cameroon_no_odor,113,113,True
2024.09.30_13-19-46_Yakuba_cameroon_no_odor,115,115,True
2024.09.30_13-19-46_Yakuba_cameroon_no_odor,117,119,True
2024.09.30_13-19-46_Yakuba_cameroon_no_odor,121,124,True
2024.09.30_13-19-46_Yakuba_cameroon_no_odor,126,126,True
2024.09.30_13-19-46_Yakuba_cameroon_no_odor,128,133,True
2024.09.30_13-19-46_Yakuba_cameroon_no_odor,135,136,True
2024.09.30_13-19-46_Yakuba_cameroon_no_odor,138,144,True
2024.09.30_13-19-46_Yakuba_cameroon_no_odor,146,146,True
2024.09.30_13-19-46_Yakuba_cameroon_no_odor,148,159,True
2024.09.30_13-19-46_Yakuba_cameroon_no_odor,161,809,True
2024.09.30_13-19-46_Yakuba_cameroon_no_odor,1614,1614,True
2024.09.30_13-19-46_Yakuba_cameroon_no_odor,1616,1616,True
2024.09.30_13-19-46_Yakuba_cameroon_no_odor,1636,1636,True
2024.09.30_13-19-46_Yakuba_cameroon_no_odor,1638,1762,True
2024.09.30_13-19-46_Yakuba_cameroon_no_odor,1765,1804,True
2024.09.30_13-19-46_Yakuba_cameroon_no_odor,1806,1811,True
2024.09.30_13-19-46_Yakuba_cameroon_no_odor,1814,1817,True
2024.09.30_13-19-46_Yakuba_cameroon_no_odor,1819,1820,True
2024.09.30_13-19-46_Yakuba_cameroon_no_odor,1823,1833,True
2024.09.30_13-19-46_Yakuba_cameroon_no_odor,1835,1843,True
2024.09.30_13-19-46_Yakuba_cameroon_no_odor,1845,1856,True
2024.09.30_13-19-46_Yakuba_cameroon_no_odor,1858,2491,True
2025.04.08_10-08-19_CantonS_metbut,3,341,True
2025.04.08_10-08-19_CantonS_metbut,1248,1248,True
2025.04.08_10-08-19_CantonS_metbut,1254,1260,True
2025.04.08_10-08-19_CantonS_metbut,1682,3360,True
2025.04.08_10-08-19_CantonS_metbut,4988,6260,True
2025.04.08_10-08-19_CantonS_metbut,6262,6877,True
2024.10.24_10-02-06_Biarmipes_G224_metben,3,401,True
2024.10.24_10-02-06_Biarmipes_G224_metben,1800,2486,True
2024.10.24_10-02-06_Biarmipes_G224_metben,2488,2557,True
2024.10.24_10-02-06_Biarmipes_G224_metben,2559,3016,True
2024.10.24_10-02-06_Biarmipes_G224_metben,3018,3155,True
2024.10.24_10-02-06_Biarmipes_G224_metben,3157,3281,True
2024.10.24_10-02-06_Biarmipes_G224_metben,3284,3286,True
2024.10.24_10-02-06_Biarmipes_G224_metben,3306,3306,True
2024.10.24_10-02-06_Biarmipes_G224_metben,3309,3534,True
2024.10.24_10-02-06_Biarmipes_G224_metben,3593,3657,True
2024.10.24_10-02-06_Biarmipes_G224_metben,4601,4603,True
2024.10.24_10-02-06_Biarmipes_G224_metben,4605,4607,True
2024.10.24_10-02-06_Biarmipes_G224_metben,5011,5013,True
2024.10.24_10-02-06_Biarmipes_G224_metben,5015,5048,True
2024.10.24_10-02-06_Biarmipes_G224_metben,5088,5090,True
2024.10.24_10-02-06_Biarmipes_G224_metben,5119,5124,True
2024.10.24_10-02-06_Biarmipes_G224_metben,5126,5640,True
2024.10.24_10-02-06_Biarmipes_G224_metben,5655,5665,True
2024.10.24_10-02-06_Biarmipes_G224_metben,5667,5716,True
2024.10.24_10-02-06_Biarmipes_G224_metben,5719,5810,True
2024.10.24_10-02-06_Biarmipes_G224_metben,5812,5938,True
2024.10.24_10-02-06_Biarmipes_G224_metben,5940,5941,True
2024.10.24_10-02-06_Biarmipes_G224_metben,5981,6036,True
2024.10.24_10-02-06_Biarmipes_G224_metben,6582,7231,True
2024.10.24_10-02-06_Biarmipes_G224_metben,8223,8282,True
2024.10.24_10-02-06_Biarmipes_G224_metben,8284,8285,True
2024.10.24_10-02-06_Biarmipes_G224_metben,8291,8372,True
2024.10.24_10-02-06_Biarmipes_G224_metben,8374,8403,True
2024.10.24_10-02-06_Biarmipes_G224_metben,8405,8407,True
2024.10.24_10-02-06_Biarmipes_G224_metben,8430,8507,True
2024.10.24_10-02-06_Biarmipes_G224_metben,8789,8910,True
2024.10.02_10-32-31_Biarmipes_G224_no_odor,281,282,True
2024.10.02_10-32-31_Biarmipes_G224_no_odor,305,557,True
2024.10.02_10-32-31_Biarmipes_G224_no_odor,834,834,True
2024.10.02_10-32-31_Biarmipes_G224_no_odor,845,847,True
2024.10.02_10-32-31_Biarmipes_G224_no_odor,849,849,True
2024.10.02_10-32-31_Biarmipes_G224_no_odor,854,1016,True
2024.10.02_10-32-31_Biarmipes_G224_no_odor,1033,1177,True
2024.10.02_10-32-31_Biarmipes_G224_no_odor,1180,1180,True
2024.10.02_10-32-31_Biarmipes_G224_no_odor,1219,1222,True
2024.10.02_10-32-31_Biarmipes_G224_no_odor,1224,1363,True
2024.10.02_10-32-31_Biarmipes_G224_no_odor,1367,1368,True
2024.10.02_10-32-31_Biarmipes_G224_no_odor,1391,1392,True
2024.10.02_10-32-31_Biarmipes_G224_no_odor,1396,1396,True
2024.10.02_10-32-31_Biarmipes_G224_no_odor,1398,1399,True
2024.10.02_10-32-31_Biarmipes_G224_no_odor,1401,1406,True
2024.10.02_10-32-31_Biarmipes_G224_no_odor,1409,1417,True
2024.10.02_10-32-31_Biarmipes_G224_no_odor,1676,1748,True
2024.10.02_10-32-31_Biarmipes_G224_no_odor,1938,1938,True
2024.10.02_10-32-31_Biarmipes_G224_no_odor,1957,1957,True
2024.10.02_10-32-31_Biarmipes_G224_no_odor,1959,2149,True
2024.10.02_10-32-31_Biarmipes_G224_no_odor,2842,2861,True
2024.10.02_10-32-31_Biarmipes_G224_no_odor,2864,2865,True
2024.10.02_10-32-31_Biarmipes_G224_no_odor,2892,3679,True
2024.10.02_10-32-31_Biarmipes_G224_no_odor,4720,5119,True
2024.10.02_10-32-31_Biarmipes_G224_no_odor,5121,5122,True
2024.10.02_10-32-31_Biarmipes_G224_no_odor,5124,5124,True
2024.10.02_10-32-31_Biarmipes_G224_no_odor,5128,5128,True
2024.10.02_10-32-31_Biarmipes_G224_no_odor,5130,5130,True
2024.10.02_10-32-31_Biarmipes_G224_no_odor,5133,5133,True
2024.10.02_10-32-31_Biarmipes_G224_no_odor,5138,5138,True
2024.10.02_10-32-31_Biarmipes_G224_no_odor,5148,5149,True
2024.10.02_10-32-31_Biarmipes_G224_no_odor,5151,5151,True
2024.10.02_10-32-31_Biarmipes_G224_no_odor,5153,5154,True
2024.10.02_10-32-31_Biarmipes_G224_no_odor,5542,5542,True
2024.10.02_10-32-31_Biarmipes_G224_no_odor,5545,5547,True
2024.10.02_10-32-31_Biarmipes_G224_no_odor,5559,6761,True
2024.10.02_10-32-31_Biarmipes_G224_no_odor,6763,7207,True
2024.10.02_10-32-31_Biarmipes_G224_no_odor,8697,8697,True
2024.10.02_10-32-31_Biarmipes_G224_no_odor,8719,8719,True
2024.10.02_10-32-31_Biarmipes_G224_no_odor,8725,8725,True
2024.10.02_10-32-31_Biarmipes_G224_no_odor,8730,8730,True
2024.10.02_10-32-31_Biarmipes_G224_no_odor,8746,8746,True
2024.10.02_10-32-31_Biarmipes_G224_no_odor,8789,8790,True
2024.10.02_10-32-31_Biarmipes_G224_no_odor,8796,8797,True
2024.10.02_10-32-31_Biarmipes_G224_no_odor,8800,8801,True
2024.10.02_10-32-31_Biarmipes_G224_no_odor,8805,8805,True
2024.10.02_10-32-31_Biarmipes_G224_no_odor,8818,8818,True
2024.10.02_10-32-31_Biarmipes_G224_no_odor,8821,8822,True
2024.10.02_10-32-31_Biarmipes_G224_no_odor,8824,8826,True
2024.10.02_10-32-31_Biarmipes_G224_no_odor,8828,8829,True
2024.10.02_10-32-31_Biarmipes_G224_no_odor,8831,8831,True
2024.10.02_10-32-31_Biarmipes_G224_no_odor,8834,8835,True
2024.10.02_10-32-31_Biarmipes_G224_no_odor,8840,8842,True
2024.10.02_10-32-31_Biarmipes_G224_no_odor,8882,8882,True
2024.10.02_10-32-31_Biarmipes_G224_no_odor,8887,8887,True
2024.10.02_10-32-31_Biarmipes_G224_no_odor,8889,8889,True
2024.10.28_07-03-50_stocago_metben,2086,2107,True
2024.10.28_07-03-50_stocago_metben,2626,2906,True
2024.10.28_07-03-50_stocago_metben,3814,4463,True
2024.10.28_07-03-50_stocago_metben,4466,4873,True
2024.10.28_07-03-50_stocago_metben,4878,4878,True
2024.10.28_07-03-50_stocago_metben,4880,5092,True
2024.10.28_07-03-50_stocago_metben,5097,5417,True
2024.10.28_07-03-50_stocago_metben,5436,5443,True
2024.10.28_07-03-50_stocago_metben,5479,6242,True
2024.10.28_07-03-50_stocago_metben,7559,7559,True
2024.10.28_07-03-50_stocago_metben,7571,8116,True
2024.10.28_07-03-50_stocago_metben,8230,8345,True
2024.10.28_07-03-50_stocago_metben,8377,8411,True
2024.10.28_07-03-50_stocago_metben,8645,8650,True
2024.10.28_07-03-50_stocago_metben,8653,8713,True
2024.10.28_07-03-50_stocago_metben,8716,8721,True
2024.10.28_07-03-50_stocago_metben,8723,8723,True
2024.10.28_07-03-50_stocago_metben,8725,8791,True
2024.10.28_07-03-50_stocago_metben,8803,8851,True
2024.10.23_11-08-40_Stocago_prenac,1098,2366,True
2024.10.23_11-08-40_Stocago_prenac,3492,3782,True
2024.10.23_11-08-40_Stocago_prenac,3784,4154,True
2024.10.23_11-08-40_Stocago_prenac,4613,4629,True
2024.10.23_11-08-40_Stocago_prenac,4631,4643,True
2024.10.23_11-08-40_Stocago_prenac,4645,4646,True
2024.10.23_11-08-40_Stocago_prenac,4648,4648,True
2024.10.23_11-08-40_Stocago_prenac,4650,4707,True
2024.10.23_11-08-40_Stocago_prenac,4709,4712,True
2024.10.23_11-08-40_Stocago_prenac,4714,4716,True
2024.10.23_11-08-40_Stocago_prenac,4718,4994,True
2024.10.23_11-08-40_Stocago_prenac,5316,5691,True
2024.10.23_11-08-40_Stocago_prenac,8744,8744,True
2024.10.23_11-08-40_Stocago_prenac,8748,8748,True
2024.10.23_11-08-40_Stocago_prenac,8754,8756,True
2024.10.23_11-08-40_Stocago_prenac,8762,8762,True
2024.10.23_11-08-40_Stocago_prenac,8770,8770,True
2024.10.23_11-08-40_Stocago_prenac,8777,8779,True
2024.10.23_11-08-40_Stocago_prenac,8781,8781,True
2024.10.23_11-08-40_Stocago_prenac,8784,8786,True
2024.10.23_11-08-40_Stocago_prenac,8790,8791,True
2024.10.23_11-08-40_Stocago_prenac,8799,8800,True
2024.10.23_11-08-40_Stocago_prenac,8806,8806,True
2024.10.23_11-08-40_Stocago_prenac,8808,8809,True
2024.10.23_11-08-40_Stocago_prenac,8814,8814,True
2024.10.23_11-08-40_Stocago_prenac,8819,8820,True
2024.10.23_11-08-40_Stocago_prenac,8823,8823,True
2024.10.23_11-08-40_Stocago_prenac,8825,8825,True
2024.10.23_11-08-40_Stocago_prenac,8882,8882,True
2025.03.07_08-16-01_CantonS_metbut,3,1681,True
2025.03.07_08-16-01_CantonS_metbut,2912,2912,True
2025.03.07_08-16-01_CantonS_metbut,2914,2940,True
2025.03.07_08-16-01_CantonS_metbut,2943,2978,True
2025.03.07_08-16-01_CantonS_metbut,2981,2981,True
2025.03.07_08-16-01_CantonS_metbut,2983,2983,True
2025.03.07_08-16-01_CantonS_metbut,2985,2987,True
2025.03.07_08-16-01_CantonS_metbut,2989,2990,True
2025.03.07_08-16-01_CantonS_metbut,2992,2994,True
2025.03.07_08-16-01_CantonS_metbut,2997,2997,True
2025.03.07_08-16-01_CantonS_metbut,2999,3000,True
2025.03.07_08-16-01_CantonS_metbut,3002,3002,True
2025.03.07_08-16-01_CantonS_metbut,3004,3005,True
2025.03.07_08-16-01_CantonS_metbut,3016,3017,True
2025.03.07_08-16-01_CantonS_metbut,3022,3028,True
2025.03.07_08-16-01_CantonS_metbut,3042,3043,True
2025.03.07_08-16-01_CantonS_metbut,3047,3052,True
2025.03.07_08-16-01_CantonS_metbut,3054,3054,True
2025.03.07_08-16-01_CantonS_metbut,3057,3069,True
2025.03.07_08-16-01_CantonS_metbut,3071,3951,True
2025.03.07_08-16-01_CantonS_metbut,4409,4409,True
2025.03.07_08-16-01_CantonS_metbut,4428,4430,True
2025.03.07_08-16-01_CantonS_metbut,4433,4436,True
2025.03.07_08-16-01_CantonS_metbut,4439,4441,True
2025.03.07_08-16-01_CantonS_metbut,4455,4457,True
2025.03.07_08-16-01_CantonS_metbut,4480,4489,True
2025.03.07_08-16-01_CantonS_metbut,4492,4492,True
2025.03.07_08-16-01_CantonS_metbut,4494,4498,True
2025.03.07_08-16-01_CantonS_metbut,4500,4536,True
2025.03.07_08-16-01_CantonS_metbut,4538,4539,True
2025.03.07_08-16-01_CantonS_metbut,4584,5401,True
2025.03.07_08-16-01_CantonS_metbut,5621,5949,True
2025.03.07_08-16-01_CantonS_metbut,6655,6657,True
2025.03.07_08-16-01_CantonS_metbut,6659,6665,True
2025.03.07_08-16-01_CantonS_metbut,6667,6668,True
2025.03.07_08-16-01_CantonS_metbut,6670,6673,True
2025.03.07_08-16-01_CantonS_metbut,6687,7264,True
2025.03.07_08-16-01_CantonS_metbut,7905,8308,True
2025.03.07_08-16-01_CantonS_metbut,8338,8900,True
2024.10.30_10-23-32_sussex_metben,925,932,True
2024.10.30_10-23-32_sussex_metben,934,935,True
2024.10.30_10-23-32_sussex_metben,1006,1006,True
2024.10.30_10-23-32_sussex_metben,1008,1011,True
2024.10.30_10-23-32_sussex_metben,1013,1015,True
2024.10.30_10-23-32_sussex_metben,1017,1021,True
2024.10.30_10-23-32_sussex_metben,1023,1026,True
2024.10.30_10-23-32_sussex_metben,1028,1032,True
2024.10.30_10-23-32_sussex_metben,1034,1055,True
2024.10.30_10-23-32_sussex_metben,1060,1061,True
2024.10.30_10-23-32_sussex_metben,1165,1165,True
2024.10.30_10-23-32_sussex_metben,1173,1175,True
2024.10.30_10-23-32_sussex_metben,1177,1205,True
2024.10.30_10-23-32_sussex_metben,1207,2280,True
2024.10.30_10-23-32_sussex_metben,2616,3838,True
2024.10.30_10-23-32_sussex_metben,5658,5661,True
2024.10.30_10-23-32_sussex_metben,5663,5663,True
2024.10.30_10-23-32_sussex_metben,5665,5667,True
2024.10.30_10-23-32_sussex_metben,5675,5675,True
2024.10.30_10-23-32_sussex_metben,5679,5691,True
2024.10.30_10-23-32_sussex_metben,5693,6370,True
2024.10.28_09-16-51_sto_car_metben,3,21,True
2024.10.28_09-16-51_sto_car_metben,23,33,True
2024.10.28_09-16-51_sto_car_metben,35,35,True
2024.10.28_09-16-51_sto_car_metben,37,41,True
2024.10.28_09-16-51_sto_car_metben,43,45,True
2024.10.28_09-16-51_sto_car_metben,47,49,True
2024.10.28_09-16-51_sto_car_metben,51,59,True
2024.10.28_09-16-51_sto_car_metben,61,138,True
2024.10.28_09-16-51_sto_car_metben,140,140,True
2024.10.28_09-16-51_sto_car_metben,142,148,True
2024.10.28_09-16-51_sto_car_metben,150,157,True
2024.10.28_09-16-51_sto_car_metben,159,165,True
2024.10.28_09-16-51_sto_car_metben,167,171,True
2024.10.28_09-16-51_sto_car_metben,173,177,True
2024.10.28_09-16-51_sto_car_metben,179,179,True
2024.10.28_09-16-51_sto_car_metben,182,184,True
2024.10.28_09-16-51_sto_car_metben,186,262,True
2024.10.28_09-16-51_sto_car_metben,294,294,True
2024.10.28_09-16-51_sto_car_metben,305,358,True
2024.10.28_09-16-51_sto_car_metben,363,371,True
2024.10.28_09-16-51_sto_car_metben,403,404,True
2024.10.28_09-16-51_sto_car_metben,927,961,True
2024.10.28_09-16-51_sto_car_metben,963,988,True
2024.10.28_09-16-51_sto_car_metben,1016,1017,True
2024.10.28_09-16-51_sto_car_metben,1021,1025,True
2024.10.28_09-16-51_sto_car_metben,1027,3095,True
2024.10.28_09-16-51_sto_car_metben,4442,4457,True
2024.10.28_09-16-51_sto_car_metben,4524,4532,True
2024.10.28_09-16-51_sto_car_metben,4587,4587,True
2024.10.28_09-16-51_sto_car_metben,4604,4607,True
2024.10.28_09-16-51_sto_car_metben,4793,5749,True
2024.10.28_09-16-51_sto_car_metben,5751,5979,True
2024.11.14_01-23-33_Biarmipes84_e2hex,3,669,True
2024.11.14_01-23-33_Biarmipes84_e2hex,1031,1128,True
2024.11.14_01-23-33_Biarmipes84_e2hex,1130,1437,True
2024.11.14_01-23-33_Biarmipes84_e2hex,2235,2530,True
2024.11.14_01-23-33_Biarmipes84_e2hex,4050,4051,True
2024.11.14_01-23-33_Biarmipes84_e2hex,4053,4053,True
2024.11.14_01-23-33_Biarmipes84_e2hex,4056,4056,True
2024.11.14_01-23-33_Biarmipes84_e2hex,4058,4059,True
2024.11.14_01-23-33_Biarmipes84_e2hex,4061,4063,True
2024.11.14_01-23-33_Biarmipes84_e2hex,4065,4066,True
2024.11.14_01-23-33_Biarmipes84_e2hex,4069,4069,True
2024.11.14_01-23-33_Biarmipes84_e2hex,4071,4072,True
2024.11.14_01-23-33_Biarmipes84_e2hex,4075,4075,True
2024.11.14_01-23-33_Biarmipes84_e2hex,4077,4078,True
2024.11.14_01-23-33_Biarmipes84_e2hex,4081,4081,True
2024.11.14_01-23-33_Biarmipes84_e2hex,4083,4083,True
2024.11.14_01-23-33_Biarmipes84_e2hex,4085,4085,True
2024.11.14_01-23-33_Biarmipes84_e2hex,4093,4093,True
2024.11.14_01-23-33_Biarmipes84_e2hex,4098,4099,True
2024.11.14_01-23-33_Biarmipes84_e2hex,4105,4105,True
2024.11.14_01-23-33_Biarmipes84_e2hex,4108,4108,True
2024.11.14_01-23-33_Biarmipes84_e2hex,4115,4117,True
2024.11.14_01-23-33_Biarmipes84_e2hex,4119,4119,True
2024.11.14_01-23-33_Biarmipes84_e2hex,4121,4121,True
2024.11.14_01-23-33_Biarmipes84_e2hex,4124,4270,True
2024.11.14_01-23-33_Biarmipes84_e2hex,4278,4278,True
2024.11.14_01-23-33_Biarmipes84_e2hex,4281,4281,True
2024.11.14_01-23-33_Biarmipes84_e2hex,4283,4283,True
2024.11.14_01-23-33_Biarmipes84_e2hex,4285,4285,True
2024.11.14_01-23-33_Biarmipes84_e2hex,4287,4318,True
2024.11.14_01-23-33_Biarmipes84_e2hex,4320,4331,True
2024.11.14_01-23-33_Biarmipes84_e2hex,4337,4385,True
2024.11.14_01-23-33_Biarmipes84_e2hex,4389,4391,True
2024.11.14_01-23-33_Biarmipes84_e2hex,4393,4435,True
2024.11.14_01-23-33_Biarmipes84_e2hex,4437,4449,True
2024.11.14_01-23-33_Biarmipes84_e2hex,4451,4464,True
2024.11.14_01-23-33_Biarmipes84_e2hex,4467,4467,True
2024.11.14_01-23-33_Biarmipes84_e2hex,4469,4486,True
2024.11.14_01-23-33_Biarmipes84_e2hex,4488,4493,True
2024.11.14_01-23-33_Biarmipes84_e2hex,4495,4534,True
2024.11.14_01-23-33_Biarmipes84_e2hex,4537,4543,True
2024.11.14_01-23-33_Biarmipes84_e2hex,4545,4547,True
2024.11.14_01-23-33_Biarmipes84_e2hex,4550,4551,True
2024.11.14_01-23-33_Biarmipes84_e2hex,4554,4575,True
2024.11.14_01-23-33_Biarmipes84_e2hex,4577,4577,True
2024.11.14_01-23-33_Biarmipes84_e2hex,4579,4580,True
2024.11.14_01-23-33_Biarmipes84_e2hex,4582,4582,True
2024.11.14_01-23-33_Biarmipes84_e2hex,4585,4585,True
2024.11.14_01-23-33_Biarmipes84_e2hex,4588,4588,True
2024.11.14_01-23-33_Biarmipes84_e2hex,4590,4592,True
2024.11.14_01-23-33_Biarmipes84_e2hex,4594,4605,True
2024.11.14_01-23-33_Biarmipes84_e2hex,4607,4610,True
2024.11.14_01-23-33_Biarmipes84_e2hex,4612,4620,True
2024.11.14_01-23-33_Biarmipes84_e2hex,4622,4628,True
2024.11.14_01-23-33_Biarmipes84_e2hex,4630,4632,True
2024.11.14_01-23-33_Biarmipes84_e2hex,4634,4637,True
2024.11.14_01-23-33_Biarmipes84_e2hex,4639,4640,True
2024.11.14_01-23-33_Biarmipes84_e2hex,4648,4648,True
2024.11.14_01-23-33_Biarmipes84_e2hex,4650,4679,True
2024.11.14_01-23-33_Biarmipes84_e2hex,4681,4682,True
2024.11.14_01-23-33_Biarmipes84_e2hex,4684,4691,True
2024.11.14_01-23-33_Biarmipes84_e2hex,4693,4708,True
2024.11.14_01-23-33_Biarmipes84_e2hex,4710,4721,True
2024.11.14_01-23-33_Biarmipes84_e2hex,4723,4727,True
2024.11.14_01-23-33_Biarmipes84_e2hex,4731,4731,True
2024.11.14_01-23-33_Biarmipes84_e2hex,4733,4733,True
2024.11.14_01-23-33_Biarmipes84_e2hex,4735,4735,True
2024.11.14_01-23-33_Biarmipes84_e2hex,4738,4740,True
2024.11.14_01-23-33_Biarmipes84_e2hex,4746,4746,True
2024.11.14_01-23-33_Biarmipes84_e2hex,4749,4752,True
2024.11.14_01-23-33_Biarmipes84_e2hex,4754,4758,True
2024.11.14_01-23-33_Biarmipes84_e2hex,4760,4760,True
2024.11.14_01-23-33_Biarmipes84_e2hex,4762,4774,True
2024.11.14_01-23-33_Biarmipes84_e2hex,4776,4799,True
2024.11.14_01-23-33_Biarmipes84_e2hex,4801,4809,True
2024.11.14_01-23-33_Biarmipes84_e2hex,4811,5424,True
2024.11.14_01-23-33_Biarmipes84_e2hex,6150,6193,True
2024.11.14_01-23-33_Biarmipes84_e2hex,6258,6326,True
2024.11.14_01-23-33_Biarmipes84_e2hex,6396,6492,True
2024.11.14_01-23-33_Biarmipes84_e2hex,6496,6496,True
2024.11.14_01-23-33_Biarmipes84_e2hex,6498,6514,True
2024.11.14_01-23-33_Biarmipes84_e2hex,6518,6519,True
2024.11.14_01-23-33_Biarmipes84_e2hex,6545,6550,True
2024.11.14_01-23-33_Biarmipes84_e2hex,6579,6581,True
2024.11.14_01-23-33_Biarmipes84_e2hex,6589,6593,True
2024.11.14_01-23-33_Biarmipes84_e2hex,6625,6646,True
2024.11.14_01-23-33_Biarmipes84_e2hex,6710,6737,True
2024.11.14_01-23-33_Biarmipes84_e2hex,6848,6850,True
2024.11.14_01-23-33_Biarmipes84_e2hex,6853,6853,True
2024.11.14_01-23-33_Biarmipes84_e2hex,7022,7022,True
2024.11.14_01-23-33_Biarmipes84_e2hex,7026,7048,True
2024.11.14_01-23-33_Biarmipes84_e2hex,7050,7050,True
2024.11.14_01-23-33_Biarmipes84_e2hex,7052,7052,True
2024.11.14_01-23-33_Biarmipes84_e2hex,7064,7064,True
2024.11.14_01-23-33_Biarmipes84_e2hex,7067,7107,True
2024.11.14_01-23-33_Biarmipes84_e2hex,7110,7110,True
2024.11.14_01-23-33_Biarmipes84_e2hex,7112,7114,True
2024.11.14_01-23-33_Biarmipes84_e2hex,7122,7123,True
2024.11.14_01-23-33_Biarmipes84_e2hex,7125,7128,True
2024.11.14_01-23-33_Biarmipes84_e2hex,7130,7131,True
2024.11.14_01-23-33_Biarmipes84_e2hex,7191,7205,True
2024.11.14_01-23-33_Biarmipes84_e2hex,7207,7220,True
2024.11.14_01-23-33_Biarmipes84_e2hex,7226,7226,True
2024.11.14_01-23-33_Biarmipes84_e2hex,7229,7229,True
2024.11.14_01-23-33_Biarmipes84_e2hex,7231,7231,True
2024.11.14_01-23-33_Biarmipes84_e2hex,7236,7267,True
2024.11.14_01-23-33_Biarmipes84_e2hex,7269,7353,True
2024.11.14_01-23-33_Biarmipes84_e2hex,7355,7361,True
2024.11.14_01-23-33_Biarmipes84_e2hex,7363,7376,True
2024.11.14_01-23-33_Biarmipes84_e2hex,7379,8642,True
2024.10.11_10-23-31_Biarmipes_G224_1hexanol,1172,1509,True
2024.10.11_10-23-31_Biarmipes_G224_1hexanol,1695,1770,True
2024.10.11_10-23-31_Biarmipes_G224_1hexanol,1863,2291,True
2024.10.11_10-23-31_Biarmipes_G224_1hexanol,2687,2694,True
2024.10.11_10-23-31_Biarmipes_G224_1hexanol,2697,2727,True
2024.10.11_10-23-31_Biarmipes_G224_1hexanol,2774,2920,True
2024.10.11_10-23-31_Biarmipes_G224_1hexanol,2922,3195,True
2024.10.11_10-23-31_Biarmipes_G224_1hexanol,3221,3839,True
2024.10.11_10-23-31_Biarmipes_G224_1hexanol,5090,6079,True
2024.10.11_10-23-31_Biarmipes_G224_1hexanol,6875,6875,True
2024.10.11_10-23-31_Biarmipes_G224_1hexanol,7093,7469,True
2024.10.11_10-23-31_Biarmipes_G224_1hexanol,7631,8053,True
2024.10.11_10-23-31_Biarmipes_G224_1hexanol,8565,8586,True
2024.10.03_13-16-19_Yakuba_cameroon_2hex,2617,2617,True
2024.10.03_13-16-19_Yakuba_cameroon_2hex,2619,2619,True
2024.10.03_13-16-19_Yakuba_cameroon_2hex,2845,2875,True
2024.10.03_13-16-19_Yakuba_cameroon_2hex,2883,3014,True
2024.10.03_13-16-19_Yakuba_cameroon_2hex,3732,3813,True
2024.10.03_13-16-19_Yakuba_cameroon_2hex,3835,4296,True
2024.10.03_13-16-19_Yakuba_cameroon_2hex,4316,4748,True
2024.10.03_13-16-19_Yakuba_cameroon_2hex,4750,5092,True
2024.10.03_13-16-19_Yakuba_cameroon_2hex,6459,6461,True
2024.10.03_13-16-19_Yakuba_cameroon_2hex,6477,6477,True
2024.10.03_13-16-19_Yakuba_cameroon_2hex,6479,6976,True
2024.10.03_13-16-19_Yakuba_cameroon_2hex,6981,7102,True
2024.10.03_13-16-19_Yakuba_cameroon_2hex,7106,7106,True
2024.10.03_13-16-19_Yakuba_cameroon_2hex,7126,7230,True
2024.10.03_13-16-19_Yakuba_cameroon_2hex,7853,8407,True
2024.10.03_13-16-19_Yakuba_cameroon_2hex,8673,8693,True
2024.10.03_13-16-19_Yakuba_cameroon_2hex,8695,8696,True
2024.10.03_13-16-19_Yakuba_cameroon_2hex,8698,8698,True
2024.10.03_13-16-19_Yakuba_cameroon_2hex,8702,8999,True
2024.07.05_12-29-58_CantonS (no odor),3,696,True
2024.07.05_12-29-58_CantonS (no odor),1865,2202,True
2024.07.05_12-29-58_CantonS (no odor),3023,3023,True
2024.07.05_12-29-58_CantonS (no odor),3029,3046,True
2024.07.05_12-29-58_CantonS (no odor),3067,4936,True
2024.07.05_12-29-58_CantonS (no odor),5638,5638,True
2024.07.05_12-29-58_CantonS (no odor),5697,5697,True
2024.07.05_12-29-58_CantonS (no odor),5701,5701,True
2024.07.05_12-29-58_CantonS (no odor),5703,5704,True
2024.07.05_12-29-58_CantonS (no odor),5707,5707,True
2024.07.05_12-29-58_CantonS (no odor),5710,5710,True
2024.11.14_01-30-07_Biarmipes_G224_e2hex,4,1348,True
2024.11.14_01-30-07_Biarmipes_G224_e2hex,2901,2925,True
2024.11.14_01-30-07_Biarmipes_G224_e2hex,2955,3068,True
2024.11.14_01-30-07_Biarmipes_G224_e2hex,3070,3074,True
2024.11.14_01-30-07_Biarmipes_G224_e2hex,3076,3080,True
2024.11.14_01-30-07_Biarmipes_G224_e2hex,3273,4380,True
2024.11.14_01-30-07_Biarmipes_G224_e2hex,6338,6338,True
2024.11.14_01-30-07_Biarmipes_G224_e2hex,6364,6368,True
2024.11.14_01-30-07_Biarmipes_G224_e2hex,6394,7066,True
2024.11.14_01-30-07_Biarmipes_G224_e2hex,7719,7799,True
2024.11.14_01-30-07_Biarmipes_G224_e2hex,7890,8249,True
2024.11.14_01-30-07_Biarmipes_G224_e2hex,8322,8329,True
2024.11.14_01-30-07_Biarmipes_G224_e2hex,8346,8359,True
2024.11.14_01-30-07_Biarmipes_G224_e2hex,8361,8927,True
2024.11.14_01-30-07_Biarmipes_G224_e2hex,8930,8930,True
2024.07.09_11-42-03_Riverside (E-2-Hex),3,925,True
2024.07.09_11-42-03_Riverside (E-2-Hex),1532,1977,True
2024.07.09_11-42-03_Riverside (E-2-Hex),1988,2317,True
2024.07.09_11-42-03_Riverside (E-2-Hex),2500,2500,True
2024.07.09_11-42-03_Riverside (E-2-Hex),2551,2551,True
2024.07.09_11-42-03_Riverside (E-2-Hex),3238,3268,True
2024.07.09_11-42-03_Riverside (E-2-Hex),3360,3360,True
2024.07.09_11-42-03_Riverside (E-2-Hex),3436,3438,True
2024.07.09_11-42-03_Riverside (E-2-Hex),3440,3441,True
2024.07.09_11-42-03_Riverside (E-2-Hex),3450,3452,True
2024.07.09_11-42-03_Riverside (E-2-Hex),3456,3456,True
2024.07.09_11-42-03_Riverside (E-2-Hex),3477,4073,True
2024.07.09_11-42-03_Riverside (E-2-Hex),4110,4110,True
2024.07.09_11-42-03_Riverside (E-2-Hex),4112,4369,True
2024.07.09_11-42-03_Riverside (E-2-Hex),4495,4495,True
2024.07.09_11-42-03_Riverside (E-2-Hex),4574,4574,True
2024.07.09_11-42-03_Riverside (E-2-Hex),5656,5656,True
2024.07.09_11-42-03_Riverside (E-2-Hex),5683,5683,True
2024.07.09_11-42-03_Riverside (E-2-Hex),5725,5725,True
2024.07.09_11-42-03_Riverside (E-2-Hex),5731,5738,True
2024.07.09_11-42-03_Riverside (E-2-Hex),5741,6193,True
2024.07.09_11-42-03_Riverside (E-2-Hex),6195,6485,True
2024.07.09_11-42-03_Riverside (E-2-Hex),6830,6831,True
2024.07.09_11-42-03_Riverside (E-2-Hex),6859,6908,True
2024.07.09_11-42-03_Riverside (E-2-Hex),6912,6925,True
2024.07.09_11-42-03_Riverside (E-2-Hex),6932,6933,True
2024.07.09_11-42-03_Riverside (E-2-Hex),6935,6940,True
2024.07.09_11-42-03_Riverside (E-2-Hex),6942,6943,True
2024.07.09_11-42-03_Riverside (E-2-Hex),6945,6956,True
2024.07.09_11-42-03_Riverside (E-2-Hex),6976,7557,True
2024.07.09_11-42-03_Riverside (E-2-Hex),7842,7843,True
2024.07.09_11-42-03_Riverside (E-2-Hex),7886,7888,True
2024.07.09_11-42-03_Riverside (E-2-Hex),8193,8193,True
2024.07.09_11-42-03_Riverside (E-2-Hex),8681,8681,True
2024.07.09_11-42-03_Riverside (E-2-Hex),8692,8696,True
2024.07.09_11-42-03_Riverside (E-2-Hex),8701,8999,True
2024.07.08_13-43-06_Riverside (E-2-Hex),3,576,True
2024.07.08_13-43-06_Riverside (E-2-Hex),606,634,True
2024.07.08_13-43-06_Riverside (E-2-Hex),641,1193,True
2024.07.08_13-43-06_Riverside (E-2-Hex),1239,1328,True
2024.07.08_13-43-06_Riverside (E-2-Hex),1767,1767,True
2024.07.08_13-43-06_Riverside (E-2-Hex),1792,1794,True
2024.07.08_13-43-06_Riverside (E-2-Hex),1817,1817,True
2024.07.08_13-43-06_Riverside (E-2-Hex),1821,1821,True
2024.07.08_13-43-06_Riverside (E-2-Hex),1823,1823,True
2024.07.08_13-43-06_Riverside (E-2-Hex),1826,1827,True
2024.07.08_13-43-06_Riverside (E-2-Hex),1832,1832,True
2024.07.08_13-43-06_Riverside (E-2-Hex),1845,1845,True
2024.07.08_13-43-06_Riverside (E-2-Hex),1870,1870,True
2024.07.08_13-43-06_Riverside (E-2-Hex),1875,1875,True
2024.07.08_13-43-06_Riverside (E-2-Hex),1878,1878,True
2024.07.08_13-43-06_Riverside (E-2-Hex),1880,1880,True
2024.07.08_13-43-06_Riverside (E-2-Hex),1882,1882,True
2024.07.08_13-43-06_Riverside (E-2-Hex),1885,1885,True
2024.07.08_13-43-06_Riverside (E-2-Hex),1889,1889,True
2024.07.08_13-43-06_Riverside (E-2-Hex),1903,1903,True
2024.07.08_13-43-06_Riverside (E-2-Hex),2795,2795,True
2024.07.08_13-43-06_Riverside (E-2-Hex),3602,5250,True
2024.07.08_13-43-06_Riverside (E-2-Hex),5644,6191,True
2024.07.08_13-43-06_Riverside (E-2-Hex),6193,6534,True
2024.07.08_13-43-06_Riverside (E-2-Hex),8597,8999,True
2024.12.18_16-13-27_CantonS_metben,1003,1739,True
2024.12.18_16-13-27_CantonS_metben,1742,1742,True
2024.12.18_16-13-27_CantonS_metben,1744,1860,True
2024.12.18_16-13-27_CantonS_metben,1862,3239,True
2024.12.18_16-13-27_CantonS_metben,3241,3675,True
2024.12.18_16-13-27_CantonS_metben,3677,3696,True
2024.12.18_16-13-27_CantonS_metben,3923,3934,True
2024.12.18_16-13-27_CantonS_metben,3937,3943,True
2024.12.18_16-13-27_CantonS_metben,3945,3952,True
2024.12.18_16-13-27_CantonS_metben,5516,6967,True
2024.12.18_16-13-27_CantonS_metben,8273,8999,True
2024.10.30_09-47-02_Sussex_metben,1607,2106,True
2024.10.30_09-47-02_Sussex_metben,2481,3561,True
2024.10.30_09-47-02_Sussex_metben,5391,5635,True
2024.10.30_09-47-02_Sussex_metben,5638,5638,True
2024.10.30_09-47-02_Sussex_metben,5665,5667,True
2024.10.30_09-47-02_Sussex_metben,5669,5675,True
2024.10.30_09-47-02_Sussex_metben,5677,5690,True
2024.07.10_12-35-26_Riverside (MetBen),3,287,True
2024.07.10_12-35-26_Riverside (MetBen),365,1962,True
2024.07.10_12-35-26_Riverside (MetBen),1967,1967,True
2024.07.10_12-35-26_Riverside (MetBen),2405,3166,True
2024.07.10_12-35-26_Riverside (MetBen),3558,3621,True
2024.07.10_12-35-26_Riverside (MetBen),3624,3624,True
2024.07.10_12-35-26_Riverside (MetBen),3629,3629,True
2024.07.10_12-35-26_Riverside (MetBen),3631,3632,True
2024.07.10_12-35-26_Riverside (MetBen),3654,3654,True
2024.07.10_12-35-26_Riverside (MetBen),3677,3689,True
2024.07.10_12-35-26_Riverside (MetBen),3701,3702,True
2024.07.10_12-35-26_Riverside (MetBen),3732,3732,True
2024.07.10_12-35-26_Riverside (MetBen),3759,3763,True
2024.07.10_12-35-26_Riverside (MetBen),5004,5007,True
2024.07.10_12-35-26_Riverside (MetBen),5198,5213,True
2024.07.10_12-35-26_Riverside (MetBen),5219,5250,True
2024.07.10_12-35-26_Riverside (MetBen),5255,5256,True
2024.07.10_12-35-26_Riverside (MetBen),5270,6455,True
2024.07.10_12-35-26_Riverside (MetBen),6463,6669,True
2024.07.10_12-35-26_Riverside (MetBen),6686,6773,True
2024.07.10_12-35-26_Riverside (MetBen),7039,7039,True
2024.07.10_12-35-26_Riverside (MetBen),7043,7045,True
2024.07.10_12-35-26_Riverside (MetBen),7048,7048,True
2024.07.10_12-35-26_Riverside (MetBen),7050,7050,True
2024.07.10_12-35-26_Riverside (MetBen),7073,7073,True
2024.07.10_12-35-26_Riverside (MetBen),7076,7076,True
2024.07.10_12-35-26_Riverside (MetBen),7639,8629,True
2024.10.17_14-31-46_Riverside_prenac,1460,2234,True
2024.10.17_14-31-46_Riverside_prenac,4242,5074,True
2024.10.17_14-31-46_Riverside_prenac,5494,5673,True
2024.10.17_14-31-46_Riverside_prenac,5870,5876,True
2024.10.17_14-31-46_Riverside_prenac,5878,5878,True
2024.10.02_10-13-56_Biarmipes_G224_no_odor,511,511,True
2024.10.02_10-13-56_Biarmipes_G224_no_odor,527,527,True
2024.10.02_10-13-56_Biarmipes_G224_no_odor,529,530,True
2024.10.02_10-13-56_Biarmipes_G224_no_odor,532,532,True
2024.10.02_10-13-56_Biarmipes_G224_no_odor,534,535,True
2024.10.02_10-13-56_Biarmipes_G224_no_odor,539,546,True
2024.10.02_10-13-56_Biarmipes_G224_no_odor,548,813,True
2024.10.02_10-13-56_Biarmipes_G224_no_odor,815,828,True
2024.10.02_10-13-56_Biarmipes_G224_no_odor,831,1029,True
2024.10.02_10-13-56_Biarmipes_G224_no_odor,1031,1033,True
2024.10.02_10-13-56_Biarmipes_G224_no_odor,1036,1045,True
2024.10.02_10-13-56_Biarmipes_G224_no_odor,1047,1083,True
2024.10.02_10-13-56_Biarmipes_G224_no_odor,1085,1157,True
2024.10.02_10-13-56_Biarmipes_G224_no_odor,1163,1199,True
2024.10.02_10-13-56_Biarmipes_G224_no_odor,1683,1684,True
2024.10.02_10-13-56_Biarmipes_G224_no_odor,1686,1691,True
2024.10.02_10-13-56_Biarmipes_G224_no_odor,1694,1695,True
2024.10.02_10-13-56_Biarmipes_G224_no_odor,1697,1905,True
2024.10.02_10-13-56_Biarmipes_G224_no_odor,1907,2228,True
2024.10.02_10-13-56_Biarmipes_G224_no_odor,2232,2232,True
2024.10.02_10-13-56_Biarmipes_G224_no_odor,2234,2237,True
2024.10.02_10-13-56_Biarmipes_G224_no_odor,2239,2254,True
2024.10.02_10-13-56_Biarmipes_G224_no_odor,2256,2257,True
2024.10.02_10-13-56_Biarmipes_G224_no_odor,2259,2319,True
2024.10.02_10-13-56_Biarmipes_G224_no_odor,3016,3017,True
2024.10.02_10-13-56_Biarmipes_G224_no_odor,3020,3041,True
2024.10.02_10-13-56_Biarmipes_G224_no_odor,3097,3294,True
2024.10.02_10-13-56_Biarmipes_G224_no_odor,3298,3304,True
2024.10.02_10-13-56_Biarmipes_G224_no_odor,3306,3307,True
2024.10.02_10-13-56_Biarmipes_G224_no_odor,3310,3311,True
2024.10.02_10-13-56_Biarmipes_G224_no_odor,3313,3315,True
2024.10.02_10-13-56_Biarmipes_G224_no_odor,3317,3341,True
2024.10.02_10-13-56_Biarmipes_G224_no_odor,3343,3676,True
2024.10.02_10-13-56_Biarmipes_G224_no_odor,5878,6643,True
2024.10.02_10-13-56_Biarmipes_G224_no_odor,6780,7328,True
2024.10.02_10-13-56_Biarmipes_G224_no_odor,8943,8999,True
2024.10.23_13-40-50_Biarmipes_g224_prenac,3,636,True
2024.10.23_13-40-50_Biarmipes_g224_prenac,1225,1534,True
2024.10.23_13-40-50_Biarmipes_g224_prenac,1577,1849,True
2024.10.23_13-40-50_Biarmipes_g224_prenac,3305,3305,True
2024.10.23_13-40-50_Biarmipes_g224_prenac,3310,3311,True
2024.10.23_13-40-50_Biarmipes_g224_prenac,3314,3314,True
2024.10.23_13-40-50_Biarmipes_g224_prenac,3316,3317,True
2024.10.23_13-40-50_Biarmipes_g224_prenac,3321,3322,True
2024.10.23_13-40-50_Biarmipes_g224_prenac,3326,3326,True
2024.10.23_13-40-50_Biarmipes_g224_prenac,3329,3329,True
2024.10.23_13-40-50_Biarmipes_g224_prenac,3331,3331,True
2024.10.23_13-40-50_Biarmipes_g224_prenac,3335,3337,True
2024.10.23_13-40-50_Biarmipes_g224_prenac,3341,3348,True
2024.10.23_13-40-50_Biarmipes_g224_prenac,3350,3350,True
2024.10.23_13-40-50_Biarmipes_g224_prenac,3352,3361,True
2024.10.23_13-40-50_Biarmipes_g224_prenac,3364,3364,True
2024.10.23_13-40-50_Biarmipes_g224_prenac,3463,3468,True
2024.10.23_13-40-50_Biarmipes_g224_prenac,3472,3472,True
2024.10.23_13-40-50_Biarmipes_g224_prenac,3475,3477,True
2024.10.23_13-40-50_Biarmipes_g224_prenac,3480,3480,True
2024.10.23_13-40-50_Biarmipes_g224_prenac,3482,3489,True
2024.10.23_13-40-50_Biarmipes_g224_prenac,3491,3492,True
2024.10.23_13-40-50_Biarmipes_g224_prenac,3496,3497,True
2024.10.23_13-40-50_Biarmipes_g224_prenac,3500,3503,True
2024.10.23_13-40-50_Biarmipes_g224_prenac,3505,3506,True
2024.10.23_13-40-50_Biarmipes_g224_prenac,3509,3509,True
2024.10.23_13-40-50_Biarmipes_g224_prenac,3511,3511,True
2024.10.23_13-40-50_Biarmipes_g224_prenac,3513,3513,True
2024.10.23_13-40-50_Biarmipes_g224_prenac,3516,3516,True
2024.10.23_13-40-50_Biarmipes_g224_prenac,3518,3518,True
2024.10.23_13-40-50_Biarmipes_g224_prenac,3521,3522,True
2024.10.23_13-40-50_Biarmipes_g224_prenac,3524,3530,True
2024.10.23_13-40-50_Biarmipes_g224_prenac,3532,3535,True
2024.10.23_13-40-50_Biarmipes_g224_prenac,3537,3548,True
2024.10.23_13-40-50_Biarmipes_g224_prenac,3550,3553,True
2024.10.23_13-40-50_Biarmipes_g224_prenac,3594,3594,True
2024.10.23_13-40-50_Biarmipes_g224_prenac,3597,3607,True
2024.10.23_13-40-50_Biarmipes_g224_prenac,3613,3620,True
2024.10.23_13-40-50_Biarmipes_g224_prenac,3622,3624,True
2024.10.23_13-40-50_Biarmipes_g224_prenac,3634,3635,True
2024.10.23_13-40-50_Biarmipes_g224_prenac,3637,3640,True
2024.10.23_13-40-50_Biarmipes_g224_prenac,3642,3649,True
2024.10.23_13-40-50_Biarmipes_g224_prenac,3652,3655,True
2024.10.23_13-40-50_Biarmipes_g224_prenac,3657,3680,True
2024.10.23_13-40-50_Biarmipes_g224_prenac,3682,3996,True
2024.10.23_13-40-50_Biarmipes_g224_prenac,3998,3999,True
2024.10.23_13-40-50_Biarmipes_g224_prenac,4006,4038,True
2024.10.23_13-40-50_Biarmipes_g224_prenac,4040,4047,True
2024.10.23_13-40-50_Biarmipes_g224_prenac,4098,4100,True
2024.10.23_13-40-50_Biarmipes_g224_prenac,4571,4571,True
2024.10.23_13-40-50_Biarmipes_g224_prenac,4619,4620,True
2024.10.23_13-40-50_Biarmipes_g224_prenac,4623,4623,True
2024.10.23_13-40-50_Biarmipes_g224_prenac,4628,4628,True
2024.10.23_13-40-50_Biarmipes_g224_prenac,4638,4638,True
2024.10.23_13-40-50_Biarmipes_g224_prenac,4641,4642,True
2024.10.23_13-40-50_Biarmipes_g224_prenac,4652,4652,True
2024.10.23_13-40-50_Biarmipes_g224_prenac,4656,4656,True
2024.10.23_13-40-50_Biarmipes_g224_prenac,4658,4659,True
2024.10.23_13-40-50_Biarmipes_g224_prenac,4665,4666,True
2024.10.23_13-40-50_Biarmipes_g224_prenac,4671,4671,True
2024.10.23_13-40-50_Biarmipes_g224_prenac,4704,4704,True
2024.10.23_13-40-50_Biarmipes_g224_prenac,4750,4750,True
2024.10.23_13-40-50_Biarmipes_g224_prenac,4753,4753,True
2024.10.23_13-40-50_Biarmipes_g224_prenac,4757,4757,True
2024.10.23_13-40-50_Biarmipes_g224_prenac,4761,4761,True
2024.10.23_13-40-50_Biarmipes_g224_prenac,4764,4764,True
2024.10.23_13-40-50_Biarmipes_g224_prenac,4766,4766,True
2024.10.23_13-40-50_Biarmipes_g224_prenac,4772,4772,True
2024.10.23_13-40-50_Biarmipes_g224_prenac,4780,4780,True
2024.10.23_13-40-50_Biarmipes_g224_prenac,4817,4820,True
2024.10.23_13-40-50_Biarmipes_g224_prenac,4823,4823,True
2024.10.23_13-40-50_Biarmipes_g224_prenac,4827,4830,True
2024.10.23_13-40-50_Biarmipes_g224_prenac,4856,4856,True
2024.10.23_13-40-50_Biarmipes_g224_prenac,4858,4859,True
2024.10.23_13-40-50_Biarmipes_g224_prenac,4861,4867,True
2024.10.23_13-40-50_Biarmipes_g224_prenac,4869,4869,True
2024.10.23_13-40-50_Biarmipes_g224_prenac,4871,4871,True
2024.10.23_13-40-50_Biarmipes_g224_prenac,4875,4875,True
2024.10.23_13-40-50_Biarmipes_g224_prenac,4884,4885,True
2024.10.23_13-40-50_Biarmipes_g224_prenac,4888,4888,True
2024.10.23_13-40-50_Biarmipes_g224_prenac,4894,4894,True
2024.10.23_13-40-50_Biarmipes_g224_prenac,4896,4896,True
2024.10.23_13-40-50_Biarmipes_g224_prenac,4898,4898,True
2024.10.23_13-40-50_Biarmipes_g224_prenac,4901,4902,True
2024.10.23_13-40-50_Biarmipes_g224_prenac,4916,4917,True
2024.10.23_13-40-50_Biarmipes_g224_prenac,4920,4920,True
2024.10.23_13-40-50_Biarmipes_g224_prenac,4922,4922,True
2024.10.23_13-40-50_Biarmipes_g224_prenac,4925,4925,True
2024.10.23_13-40-50_Biarmipes_g224_prenac,4956,4957,True
2024.10.23_13-40-50_Biarmipes_g224_prenac,4960,4969,True
2024.10.23_13-40-50_Biarmipes_g224_prenac,5000,5000,True
2024.10.23_13-40-50_Biarmipes_g224_prenac,5006,5006,True
2024.10.23_13-40-50_Biarmipes_g224_prenac,5014,5019,True
2024.10.23_13-40-50_Biarmipes_g224_prenac,5024,5046,True
2024.10.23_13-40-50_Biarmipes_g224_prenac,5049,5086,True
2024.10.23_13-40-50_Biarmipes_g224_prenac,5088,5443,True
2024.10.23_13-40-50_Biarmipes_g224_prenac,5445,5633,True
2024.10.23_13-40-50_Biarmipes_g224_prenac,6505,7497,True
2024.10.23_13-40-50_Biarmipes_g224_prenac,7635,8195,True
2024.11.04_07-22-08_biarmipes84_e2hex,3,551,True
2024.11.04_07-22-08_biarmipes84_e2hex,1090,1406,True
2024.11.04_07-22-08_biarmipes84_e2hex,1423,1449,True
2024.11.04_07-22-08_biarmipes84_e2hex,1475,1501,True
2024.11.04_07-22-08_biarmipes84_e2hex,1524,1530,True
2024.11.04_07-22-08_biarmipes84_e2hex,1533,1902,True
2024.11.04_07-22-08_biarmipes84_e2hex,1904,1954,True
2024.11.04_07-22-08_biarmipes84_e2hex,1957,2124,True
2024.11.04_07-22-08_biarmipes84_e2hex,2924,3266,True
2024.11.04_07-22-08_biarmipes84_e2hex,3389,3593,True
2024.11.04_07-22-08_biarmipes84_e2hex,5188,5207,True
2024.11.04_07-22-08_biarmipes84_e2hex,5209,5210,True
2024.11.04_07-22-08_biarmipes84_e2hex,5359,5359,True
2024.11.04_07-22-08_biarmipes84_e2hex,5470,5470,True
2024.11.04_07-22-08_biarmipes84_e2hex,5485,5485,True
2024.11.04_07-22-08_biarmipes84_e2hex,5496,5496,True
2024.11.04_07-22-08_biarmipes84_e2hex,5500,5500,True
2024.11.04_07-22-08_biarmipes84_e2hex,5502,5502,True
2024.11.04_07-22-08_biarmipes84_e2hex,5509,5509,True
2024.11.04_07-22-08_biarmipes84_e2hex,5511,5511,True
2024.11.04_07-22-08_biarmipes84_e2hex,5514,5514,True
2024.11.04_07-22-08_biarmipes84_e2hex,5517,5517,True
2024.11.04_07-22-08_biarmipes84_e2hex,5519,5523,True
2024.11.04_07-22-08_biarmipes84_e2hex,5532,5616,True
2024.11.04_07-22-08_biarmipes84_e2hex,5618,5641,True
2024.11.04_07-22-08_biarmipes84_e2hex,5643,6876,True
2024.11.04_07-22-08_biarmipes84_e2hex,7427,7926,True
2024.11.04_07-22-08_biarmipes84_e2hex,8012,8013,True
2024.11.04_07-22-08_biarmipes84_e2hex,8015,8038,True
2024.11.04_07-22-08_biarmipes84_e2hex,8070,8071,True
2024.11.04_07-22-08_biarmipes84_e2hex,8073,8114,True
2024.10.29_05-31-45_Biarmipes84_metben,1154,1154,True
2024.10.29_05-31-45_Biarmipes84_metben,1156,1167,True
2024.10.29_05-31-45_Biarmipes84_metben,1170,1172,True
2024.10.29_05-31-45_Biarmipes84_metben,1174,1174,True
2024.10.29_05-31-45_Biarmipes84_metben,1176,1177,True
2024.10.29_05-31-45_Biarmipes84_metben,1179,1180,True
2024.10.29_05-31-45_Biarmipes84_metben,1183,1184,True
2024.10.29_05-31-45_Biarmipes84_metben,1187,1195,True
2024.10.29_05-31-45_Biarmipes84_metben,1197,1233,True
2024.10.29_05-31-45_Biarmipes84_metben,1235,1246,True
2024.10.29_05-31-45_Biarmipes84_metben,1248,1256,True
2024.10.29_05-31-45_Biarmipes84_metben,1258,1266,True
2024.10.29_05-31-45_Biarmipes84_metben,1271,1272,True
2024.10.29_05-31-45_Biarmipes84_metben,1274,1274,True
2024.10.29_05-31-45_Biarmipes84_metben,1278,1279,True
2024.10.29_05-31-45_Biarmipes84_metben,1285,1325,True
2024.10.29_05-31-45_Biarmipes84_metben,1328,1328,True
2024.10.29_05-31-45_Biarmipes84_metben,1330,1347,True
2024.10.29_05-31-45_Biarmipes84_metben,1351,1360,True
2024.10.29_05-31-45_Biarmipes84_metben,1362,1362,True
2024.10.29_05-31-45_Biarmipes84_metben,1374,1374,True
2024.10.29_05-31-45_Biarmipes84_metben,1377,1377,True
2024.10.29_05-31-45_Biarmipes84_metben,1437,1441,True
2024.10.29_05-31-45_Biarmipes84_metben,1444,1473,True
2024.10.29_05-31-45_Biarmipes84_metben,1475,1483,True
2024.10.29_05-31-45_Biarmipes84_metben,1485,1522,True
2024.10.29_05-31-45_Biarmipes84_metben,1524,1527,True
2024.10.29_05-31-45_Biarmipes84_metben,1532,1533,True
2024.10.29_05-31-45_Biarmipes84_metben,1535,1536,True
2024.10.29_05-31-45_Biarmipes84_metben,1540,1540,True
2024.10.29_05-31-45_Biarmipes84_metben,1543,1544,True
2024.10.29_05-31-45_Biarmipes84_metben,1549,1549,True
2024.10.29_05-31-45_Biarmipes84_metben,1556,1556,True
2024.10.29_05-31-45_Biarmipes84_metben,1564,1564,True
2024.10.29_05-31-45_Biarmipes84_metben,1566,1572,True
2024.10.29_05-31-45_Biarmipes84_metben,1582,1590,True
2024.10.29_05-31-45_Biarmipes84_metben,1592,1593,True
2024.10.29_05-31-45_Biarmipes84_metben,1596,1604,True
2024.10.29_05-31-45_Biarmipes84_metben,1607,1607,True
2024.10.29_05-31-45_Biarmipes84_metben,1609,1609,True
2024.10.29_05-31-45_Biarmipes84_metben,1615,1618,True
2024.10.29_05-31-45_Biarmipes84_metben,1626,1630,True
2024.10.29_05-31-45_Biarmipes84_metben,1632,1641,True
2024.10.29_05-31-45_Biarmipes84_metben,1651,1681,True
2024.10.29_05-31-45_Biarmipes84_metben,1694,1857,True
2024.10.29_05-31-45_Biarmipes84_metben,1865,2125,True
2024.10.29_05-31-45_Biarmipes84_metben,2127,2750,True
2024.10.29_05-31-45_Biarmipes84_metben,2769,2777,True
2024.10.29_05-31-45_Biarmipes84_metben,2779,2785,True
2024.10.29_05-31-45_Biarmipes84_metben,2787,2799,True
2024.10.29_05-31-45_Biarmipes84_metben,2801,2809,True
2024.10.29_05-31-45_Biarmipes84_metben,2811,2818,True
2024.10.29_05-31-45_Biarmipes84_metben,2820,2820,True
2024.10.29_05-31-45_Biarmipes84_metben,2822,2822,True
2024.10.29_05-31-45_Biarmipes84_metben,2845,2927,True
2024.10.29_05-31-45_Biarmipes84_metben,3063,3064,True
2024.10.29_05-31-45_Biarmipes84_metben,3066,3067,True
2024.10.29_05-31-45_Biarmipes84_metben,3069,3070,True
2024.10.29_05-31-45_Biarmipes84_metben,3072,3074,True
2024.10.29_05-31-45_Biarmipes84_metben,3076,3077,True
2024.10.29_05-31-45_Biarmipes84_metben,3079,3088,True
2024.10.29_05-31-45_Biarmipes84_metben,3090,3092,True
2024.10.29_05-31-45_Biarmipes84_metben,3095,3096,True
2024.10.29_05-31-45_Biarmipes84_metben,3098,3106,True
2024.10.29_05-31-45_Biarmipes84_metben,3108,3108,True
2024.10.29_05-31-45_Biarmipes84_metben,3110,3132,True
2024.10.29_05-31-45_Biarmipes84_metben,3134,3149,True
2024.10.29_05-31-45_Biarmipes84_metben,3304,3367,True
2024.10.29_05-31-45_Biarmipes84_metben,3375,3378,True
2024.10.29_05-31-45_Biarmipes84_metben,3381,3382,True
2024.10.29_05-31-45_Biarmipes84_metben,3387,3387,True
2024.10.29_05-31-45_Biarmipes84_metben,3389,3389,True
2024.10.29_05-31-45_Biarmipes84_metben,3391,3405,True
2024.10.29_05-31-45_Biarmipes84_metben,3407,3413,True
2024.10.29_05-31-45_Biarmipes84_metben,3415,3460,True
2024.10.29_05-31-45_Biarmipes84_metben,3462,3465,True
2024.10.29_05-31-45_Biarmipes84_metben,3469,3469,True
2024.10.29_05-31-45_Biarmipes84_metben,3472,3474,True
2024.10.29_05-31-45_Biarmipes84_metben,3480,3480,True
2024.10.29_05-31-45_Biarmipes84_metben,3484,3484,True
2024.10.29_05-31-45_Biarmipes84_metben,3487,3487,True
2024.10.29_05-31-45_Biarmipes84_metben,3489,3489,True
2024.10.29_05-31-45_Biarmipes84_metben,3492,3492,True
2024.10.29_05-31-45_Biarmipes84_metben,3498,3499,True
2024.10.29_05-31-45_Biarmipes84_metben,3506,3506,True
2024.10.29_05-31-45_Biarmipes84_metben,3510,3511,True
2024.10.29_05-31-45_Biarmipes84_metben,3513,3513,True
2024.10.29_05-31-45_Biarmipes84_metben,3516,3516,True
2024.10.29_05-31-45_Biarmipes84_metben,3520,3520,True
2024.10.29_05-31-45_Biarmipes84_metben,3522,3522,True
2024.10.29_05-31-45_Biarmipes84_metben,3527,3529,True
2024.10.29_05-31-45_Biarmipes84_metben,3534,3536,True
2024.10.29_05-31-45_Biarmipes84_metben,3538,3538,True
2024.10.29_05-31-45_Biarmipes84_metben,3540,3540,True
2024.10.29_05-31-45_Biarmipes84_metben,3545,3546,True
2024.10.29_05-31-45_Biarmipes84_metben,3548,3549,True
2024.10.29_05-31-45_Biarmipes84_metben,3551,3551,True
2024.10.29_05-31-45_Biarmipes84_metben,3554,3555,True
2024.10.29_05-31-45_Biarmipes84_metben,3557,3557,True
2024.10.29_05-31-45_Biarmipes84_metben,3560,3560,True
2024.10.29_05-31-45_Biarmipes84_metben,3564,3564,True
2024.10.29_05-31-45_Biarmipes84_metben,3573,3573,True
2024.10.29_05-31-45_Biarmipes84_metben,3575,3575,True
2024.10.29_05-31-45_Biarmipes84_metben,3577,3578,True
2024.10.29_05-31-45_Biarmipes84_metben,3583,3583,True
2024.10.29_05-31-45_Biarmipes84_metben,3591,3591,True
2024.10.29_05-31-45_Biarmipes84_metben,3593,3593,True
2024.10.29_05-31-45_Biarmipes84_metben,3595,3595,True
2024.10.29_05-31-45_Biarmipes84_metben,3597,3598,True
2024.10.29_05-31-45_Biarmipes84_metben,3604,3604,True
2024.10.29_05-31-45_Biarmipes84_metben,3606,3606,True
2024.10.29_05-31-45_Biarmipes84_metben,3610,3610,True
2024.10.29_05-31-45_Biarmipes84_metben,3622,3623,True
2024.10.29_05-31-45_Biarmipes84_metben,3625,3625,True
2024.10.29_05-31-45_Biarmipes84_metben,3638,3638,True
2024.10.29_05-31-45_Biarmipes84_metben,3640,3641,True
2024.10.29_05-31-45_Biarmipes84_metben,3644,3647,True
2024.10.29_05-31-45_Biarmipes84_metben,3649,3656,True
2024.10.29_05-31-45_Biarmipes84_metben,3662,3663,True
2024.10.29_05-31-45_Biarmipes84_metben,3666,3667,True
2024.10.29_05-31-45_Biarmipes84_metben,3670,3671,True
2024.10.29_05-31-45_Biarmipes84_metben,3673,3673,True
2024.10.29_05-31-45_Biarmipes84_metben,3675,3675,True
2024.10.29_05-31-45_Biarmipes84_metben,3677,3678,True
2024.10.29_05-31-45_Biarmipes84_metben,3680,3682,True
2024.10.29_05-31-45_Biarmipes84_metben,3684,3684,True
2024.10.29_05-31-45_Biarmipes84_metben,3687,3688,True
2024.10.29_05-31-45_Biarmipes84_metben,3690,3698,True
2024.10.29_05-31-45_Biarmipes84_metben,3700,3733,True
2024.10.29_05-31-45_Biarmipes84_metben,3735,3755,True
2024.10.29_05-31-45_Biarmipes84_metben,3757,3763,True
2024.10.29_05-31-45_Biarmipes84_metben,3766,3771,True
2024.10.29_05-31-45_Biarmipes84_metben,3773,3774,True
2024.10.29_05-31-45_Biarmipes84_metben,3776,3796,True
2024.10.29_05-31-45_Biarmipes84_metben,3798,3813,True
2024.10.29_05-31-45_Biarmipes84_metben,3815,3822,True
2024.10.29_05-31-45_Biarmipes84_metben,3824,3824,True
2024.10.29_05-31-45_Biarmipes84_metben,3826,3827,True
2024.10.29_05-31-45_Biarmipes84_metben,3829,3831,True
2024.10.29_05-31-45_Biarmipes84_metben,3833,3849,True
2024.10.29_05-31-45_Biarmipes84_metben,3851,3858,True
2024.10.29_05-31-45_Biarmipes84_metben,3860,3860,True
2024.10.29_05-31-45_Biarmipes84_metben,3862,3885,True
2024.10.29_05-31-45_Biarmipes84_metben,4112,4115,True
2024.10.29_05-31-45_Biarmipes84_metben,4117,4126,True
2024.10.29_05-31-45_Biarmipes84_metben,4128,4129,True
2024.10.29_05-31-45_Biarmipes84_metben,4131,4133,True
2024.10.29_05-31-45_Biarmipes84_metben,4135,4137,True
2024.10.29_05-31-45_Biarmipes84_metben,4140,4141,True
2024.10.29_05-31-45_Biarmipes84_metben,4143,4148,True
2024.10.29_05-31-45_Biarmipes84_metben,4150,4162,True
2024.10.29_05-31-45_Biarmipes84_metben,4165,4165,True
2024.10.29_05-31-45_Biarmipes84_metben,4167,4174,True
2024.10.29_05-31-45_Biarmipes84_metben,4176,4184,True
2024.10.29_05-31-45_Biarmipes84_metben,4196,4196,True
2024.10.29_05-31-45_Biarmipes84_metben,4199,4203,True
2024.10.29_05-31-45_Biarmipes84_metben,4205,4205,True
2024.10.29_05-31-45_Biarmipes84_metben,4207,4215,True
2024.10.29_05-31-45_Biarmipes84_metben,4217,4219,True
2024.10.29_05-31-45_Biarmipes84_metben,4221,4221,True
2024.10.29_05-31-45_Biarmipes84_metben,4223,4227,True
2024.10.29_05-31-45_Biarmipes84_metben,4229,4234,True
2024.10.29_05-31-45_Biarmipes84_metben,4236,4237,True
2024.10.29_05-31-45_Biarmipes84_metben,4239,4248,True
2024.10.29_05-31-45_Biarmipes84_metben,4250,4274,True
2024.10.29_05-31-45_Biarmipes84_metben,4277,4278,True
2024.10.29_05-31-45_Biarmipes84_metben,4280,4295,True
2024.10.29_05-31-45_Biarmipes84_metben,4297,4308,True
2024.10.29_05-31-45_Biarmipes84_metben,4310,4324,True
2024.10.29_05-31-45_Biarmipes84_metben,4326,4326,True
2024.10.29_05-31-45_Biarmipes84_metben,4328,4329,True
2024.10.29_05-31-45_Biarmipes84_metben,4331,4335,True
2024.10.29_05-31-45_Biarmipes84_metben,4337,4345,True
2024.10.29_05-31-45_Biarmipes84_metben,4356,4366,True
2024.10.29_05-31-45_Biarmipes84_metben,4368,4370,True
2024.10.29_05-31-45_Biarmipes84_metben,4376,4381,True
2024.10.29_05-31-45_Biarmipes84_metben,4383,4415,True
2024.10.29_05-31-45_Biarmipes84_metben,4417,4419,True
2024.10.29_05-31-45_Biarmipes84_metben,4422,4424,True
2024.10.29_05-31-45_Biarmipes84_metben,4426,4430,True
2024.10.29_05-31-45_Biarmipes84_metben,4433,4436,True
2024.10.29_05-31-45_Biarmipes84_metben,4439,4439,True
2024.10.29_05-31-45_Biarmipes84_metben,4441,4441,True
2024.10.29_05-31-45_Biarmipes84_metben,4443,4443,True
2024.10.29_05-31-45_Biarmipes84_metben,4445,4446,True
2024.10.29_05-31-45_Biarmipes84_metben,4448,4449,True
2024.10.29_05-31-45_Biarmipes84_metben,4451,4452,True
2024.10.29_05-31-45_Biarmipes84_metben,4507,4510,True
2024.10.29_05-31-45_Biarmipes84_metben,4512,4514,True
2024.10.29_05-31-45_Biarmipes84_metben,4523,4524,True
2024.10.29_05-31-45_Biarmipes84_metben,4526,4532,True
2024.10.29_05-31-45_Biarmipes84_metben,4534,4534,True
2024.10.29_05-31-45_Biarmipes84_metben,4536,4558,True
2024.10.29_05-31-45_Biarmipes84_metben,4562,4573,True
2024.10.29_05-31-45_Biarmipes84_metben,4575,4655,True
2024.10.29_05-31-45_Biarmipes84_metben,4658,4662,True
2024.10.29_05-31-45_Biarmipes84_metben,4992,4992,True
2024.10.29_05-31-45_Biarmipes84_metben,5057,5070,True
2024.10.29_05-31-45_Biarmipes84_metben,5195,5197,True
2024.10.29_05-31-45_Biarmipes84_metben,5257,5257,True
2024.10.29_05-31-45_Biarmipes84_metben,5264,5266,True
2024.10.29_05-31-45_Biarmipes84_metben,5327,5327,True
2024.10.29_05-31-45_Biarmipes84_metben,5630,5630,True
2024.10.29_05-31-45_Biarmipes84_metben,5638,5639,True
2024.10.29_05-31-45_Biarmipes84_metben,5652,5652,True
2024.10.29_05-31-45_Biarmipes84_metben,5654,5654,True
2024.10.29_05-31-45_Biarmipes84_metben,5656,5656,True
2024.10.29_05-31-45_Biarmipes84_metben,5659,5659,True
2024.10.29_05-31-45_Biarmipes84_metben,5661,5661,True
2024.10.29_05-31-45_Biarmipes84_metben,5665,5666,True
2024.10.29_05-31-45_Biarmipes84_metben,5668,5668,True
2024.10.29_05-31-45_Biarmipes84_metben,5670,5671,True
2024.10.29_05-31-45_Biarmipes84_metben,5673,5673,True
2024.10.29_05-31-45_Biarmipes84_metben,5677,5678,True
2024.10.29_05-31-45_Biarmipes84_metben,5683,5683,True
2024.10.29_05-31-45_Biarmipes84_metben,5685,5685,True
2024.10.29_05-31-45_Biarmipes84_metben,5687,5687,True
2024.10.29_05-31-45_Biarmipes84_metben,5689,5689,True
2024.10.29_05-31-45_Biarmipes84_metben,5692,5693,True
2024.10.29_05-31-45_Biarmipes84_metben,5710,5710,True
2024.10.29_05-31-45_Biarmipes84_metben,5717,5717,True
2024.10.29_05-31-45_Biarmipes84_metben,5722,5723,True
2024.10.29_05-31-45_Biarmipes84_metben,5726,5727,True
2024.10.29_05-31-45_Biarmipes84_metben,5784,5894,True
2024.10.29_05-31-45_Biarmipes84_metben,5896,7896,True
2024.10.29_05-31-45_Biarmipes84_metben,8198,8215,True
2024.10.29_05-31-45_Biarmipes84_metben,8217,8296,True
2024.10.29_05-31-45_Biarmipes84_metben,8314,8340,True
2024.10.29_05-31-45_Biarmipes84_metben,8359,8389,True
2024.10.29_05-31-45_Biarmipes84_metben,8408,8985,True
2024.07.03_17-23-20_riverside (no odor),1364,1701,True
2024.07.03_17-23-20_riverside (no odor),2045,4083,True
2024.07.03_17-23-20_riverside (no odor),6416,6416,True
2024.07.03_17-23-20_riverside (no odor),6423,6423,True
2024.07.03_17-23-20_riverside (no odor),6425,6425,True
2024.07.03_17-23-20_riverside (no odor),6430,6430,True
2024.07.03_17-23-20_riverside (no odor),6436,6436,True
2024.07.03_17-23-20_riverside (no odor),6452,6452,True
2024.07.03_17-23-20_riverside (no odor),6456,6456,True
2024.07.03_17-23-20_riverside (no odor),6466,6466,True
2024.07.03_17-23-20_riverside (no odor),6468,6468,True
2024.07.03_17-23-20_riverside (no odor),6476,6476,True
2024.07.03_17-23-20_riverside (no odor),6480,6480,True
2024.07.03_17-23-20_riverside (no odor),6483,6484,True
2024.07.03_17-23-20_riverside (no odor),6486,6486,True
2024.07.03_17-23-20_riverside (no odor),6507,6507,True
2024.07.03_17-23-20_riverside (no odor),6510,6510,True
2024.07.03_17-23-20_riverside (no odor),6522,6522,True
2024.07.03_17-23-20_riverside (no odor),6524,6525,True
2024.07.03_17-23-20_riverside (no odor),6528,6528,True
2024.07.03_17-23-20_riverside (no odor),6540,6540,True
2024.07.03_17-23-20_riverside (no odor),6543,6543,True
2024.07.03_17-23-20_riverside (no odor),6556,6557,True
2024.07.03_17-23-20_riverside (no odor),6562,6563,True
2024.07.03_17-23-20_riverside (no odor),6570,6570,True
2024.07.03_17-23-20_riverside (no odor),6572,6572,True
2024.10.03_10-16-32_Sto_car_no_odor,9,327,True
2024.10.03_10-16-32_Sto_car_no_odor,330,330,True
2024.10.03_10-16-32_Sto_car_no_odor,473,473,True
2024.10.03_10-16-32_Sto_car_no_odor,476,477,True
2024.10.03_10-16-32_Sto_car_no_odor,480,480,True
2024.10.03_10-16-32_Sto_car_no_odor,482,484,True
2024.10.03_10-16-32_Sto_car_no_odor,553,813,True
2024.10.03_10-16-32_Sto_car_no_odor,815,863,True
2024.10.03_10-16-32_Sto_car_no_odor,865,866,True
2024.10.03_10-16-32_Sto_car_no_odor,878,878,True
2024.10.03_10-16-32_Sto_car_no_odor,1452,2060,True
2024.10.03_10-16-32_Sto_car_no_odor,2062,2062,True
2024.10.03_10-16-32_Sto_car_no_odor,2064,2067,True
2024.10.03_10-16-32_Sto_car_no_odor,2069,2072,True
2024.10.03_10-16-32_Sto_car_no_odor,4266,4267,True
2024.10.03_10-16-32_Sto_car_no_odor,4269,4270,True
2024.10.03_10-16-32_Sto_car_no_odor,4283,4284,True
2024.10.03_10-16-32_Sto_car_no_odor,4296,4300,True
2024.10.03_10-16-32_Sto_car_no_odor,4312,4313,True
2024.10.03_10-16-32_Sto_car_no_odor,4315,4316,True
2024.10.03_10-16-32_Sto_car_no_odor,4319,4320,True
2024.10.03_10-16-32_Sto_car_no_odor,4336,4336,True
2024.10.03_10-16-32_Sto_car_no_odor,4338,4390,True
2024.10.03_10-16-32_Sto_car_no_odor,4392,4397,True
2024.10.03_10-16-32_Sto_car_no_odor,4402,4403,True
2024.10.03_10-16-32_Sto_car_no_odor,4407,4407,True
2024.10.03_10-16-32_Sto_car_no_odor,4420,4420,True
2024.10.03_10-16-32_Sto_car_no_odor,4428,4428,True
2024.10.03_10-16-32_Sto_car_no_odor,4466,4494,True
2024.10.03_10-16-32_Sto_car_no_odor,4496,4497,True
2024.10.03_10-16-32_Sto_car_no_odor,4499,4514,True
2024.10.03_10-16-32_Sto_car_no_odor,4516,4520,True
2024.10.03_10-16-32_Sto_car_no_odor,4527,4533,True
2024.10.03_10-16-32_Sto_car_no_odor,4622,4623,True
2024.10.03_10-16-32_Sto_car_no_odor,4626,4626,True
2024.10.03_10-16-32_Sto_car_no_odor,4631,4631,True
2024.10.03_10-16-32_Sto_car_no_odor,4678,4678,True
2024.10.03_10-16-32_Sto_car_no_odor,4734,4879,True
2024.10.03_10-16-32_Sto_car_no_odor,4881,5652,True
2024.10.03_10-16-32_Sto_car_no_odor,6760,6760,True
2024.10.03_10-16-32_Sto_car_no_odor,6764,6764,True
2024.10.03_10-16-32_Sto_car_no_odor,7045,7052,True
2024.10.03_10-16-32_Sto_car_no_odor,7054,7059,True
2024.10.03_10-16-32_Sto_car_no_odor,7061,7077,True
2024.10.03_10-16-32_Sto_car_no_odor,7079,7085,True
2024.10.03_10-16-32_Sto_car_no_odor,7087,7109,True
2024.10.03_10-16-32_Sto_car_no_odor,7111,7159,True
2024.10.03_10-16-32_Sto_car_no_odor,7161,7163,True
2024.10.03_10-16-32_Sto_car_no_odor,7165,7174,True
2024.10.03_10-16-32_Sto_car_no_odor,7176,7177,True
2024.10.03_10-16-32_Sto_car_no_odor,7179,7183,True
2024.10.03_10-16-32_Sto_car_no_odor,7185,7192,True
2024.10.03_10-16-32_Sto_car_no_odor,7194,7237,True
2024.10.03_10-16-32_Sto_car_no_odor,7239,7240,True
2024.10.03_10-16-32_Sto_car_no_odor,7242,8866,True
2024.11.13_21-58-25_Yakuba_cameroon_e2hex,3,2205,True
2024.11.13_21-58-25_Yakuba_cameroon_e2hex,2373,2450,True
2024.11.13_21-58-25_Yakuba_cameroon_e2hex,2525,2546,True
2024.11.13_21-58-25_Yakuba_cameroon_e2hex,2550,2550,True
2024.11.13_21-58-25_Yakuba_cameroon_e2hex,2567,2567,True
2024.11.13_21-58-25_Yakuba_cameroon_e2hex,2570,2850,True
2024.11.13_21-58-25_Yakuba_cameroon_e2hex,2857,2966,True
2024.11.13_21-58-25_Yakuba_cameroon_e2hex,2968,3138,True
2024.11.13_21-58-25_Yakuba_cameroon_e2hex,4190,6085,True
2024.11.13_21-58-25_Yakuba_cameroon_e2hex,8632,8998,True
2024.10.25_07-10-10_CantonS_metben,4766,4767,True
2024.10.25_07-10-10_CantonS_metben,4769,5164,True
2024.10.25_07-10-10_CantonS_metben,5166,5241,True
2024.10.25_07-10-10_CantonS_metben,5244,5244,True
2024.10.25_07-10-10_CantonS_metben,5247,5248,True
2024.10.25_07-10-10_CantonS_metben,5250,5252,True
2024.10.25_07-10-10_CantonS_metben,5254,5258,True
2024.10.25_07-10-10_CantonS_metben,5260,5264,True
2024.10.25_07-10-10_CantonS_metben,5266,5280,True
2024.10.25_07-10-10_CantonS_metben,5282,7139,True
2024.10.11_11-24-51_Biarmipes_G224_1hexanol,695,714,True
2024.10.11_11-24-51_Biarmipes_G224_1hexanol,716,1661,True
2024.10.11_11-24-51_Biarmipes_G224_1hexanol,2758,3178,True
2024.10.11_11-24-51_Biarmipes_G224_1hexanol,3714,3997,True
2024.10.11_11-24-51_Biarmipes_G224_1hexanol,4438,4763,True
2024.10.11_11-24-51_Biarmipes_G224_1hexanol,4780,4795,True
2024.10.11_11-24-51_Biarmipes_G224_1hexanol,4816,4933,True
2024.10.11_11-24-51_Biarmipes_G224_1hexanol,5684,5684,True
2024.10.11_11-24-51_Biarmipes_G224_1hexanol,5687,5702,True
2024.10.11_11-24-51_Biarmipes_G224_1hexanol,5992,5996,True
2024.10.11_11-24-51_Biarmipes_G224_1hexanol,6020,6340,True
2024.10.11_11-24-51_Biarmipes_G224_1hexanol,6459,6614,True
2024.10.11_11-24-51_Biarmipes_G224_1hexanol,6956,7637,True
2024.10.11_11-24-51_Biarmipes_G224_1hexanol,8168,8733,True
2024.10.11_09-42-54_Biarmipes_G224_1hexanol,3100,3100,True
2024.10.11_09-42-54_Biarmipes_G224_1hexanol,3153,3153,True
2024.10.11_09-42-54_Biarmipes_G224_1hexanol,3160,3161,True
2024.10.11_09-42-54_Biarmipes_G224_1hexanol,3163,3163,True
2024.10.11_09-42-54_Biarmipes_G224_1hexanol,3165,3168,True
2024.10.11_09-42-54_Biarmipes_G224_1hexanol,3170,3170,True
2024.10.11_09-42-54_Biarmipes_G224_1hexanol,3173,3176,True
2024.10.11_09-42-54_Biarmipes_G224_1hexanol,3178,3178,True
2024.10.11_09-42-54_Biarmipes_G224_1hexanol,3181,3183,True
2024.10.11_09-42-54_Biarmipes_G224_1hexanol,3245,3245,True
2024.10.11_09-42-54_Biarmipes_G224_1hexanol,3340,3340,True
2024.10.11_09-42-54_Biarmipes_G224_1hexanol,3345,3346,True
2024.10.11_09-42-54_Biarmipes_G224_1hexanol,3348,3349,True
2024.10.11_09-42-54_Biarmipes_G224_1hexanol,3354,3355,True
2024.10.11_09-42-54_Biarmipes_G224_1hexanol,3359,3359,True
2024.10.11_09-42-54_Biarmipes_G224_1hexanol,3368,3368,True
2024.10.11_09-42-54_Biarmipes_G224_1hexanol,3377,3377,True
2024.10.11_09-42-54_Biarmipes_G224_1hexanol,3394,3394,True
2024.10.11_09-42-54_Biarmipes_G224_1hexanol,3399,3401,True
2024.10.11_09-42-54_Biarmipes_G224_1hexanol,3409,3411,True
2024.10.11_09-42-54_Biarmipes_G224_1hexanol,3413,3415,True
2024.10.11_09-42-54_Biarmipes_G224_1hexanol,3429,3429,True
2024.10.11_09-42-54_Biarmipes_G224_1hexanol,3431,3431,True
2024.10.11_09-42-54_Biarmipes_G224_1hexanol,3433,3434,True
2024.10.11_09-42-54_Biarmipes_G224_1hexanol,3436,3441,True
2024.10.11_09-42-54_Biarmipes_G224_1hexanol,3443,3463,True
2024.10.11_09-42-54_Biarmipes_G224_1hexanol,3465,3476,True
2024.10.11_09-42-54_Biarmipes_G224_1hexanol,3478,5708,True
2024.10.11_09-42-54_Biarmipes_G224_1hexanol,5710,6768,True
2024.10.11_09-42-54_Biarmipes_G224_1hexanol,7698,8042,True
2024.10.11_09-42-54_Biarmipes_G224_1hexanol,8426,8916,True
2024.10.14_14-19-06_Biarmipes84_1hexanol,1736,1736,True
2024.10.14_14-19-06_Biarmipes84_1hexanol,1758,1759,True
2024.10.14_14-19-06_Biarmipes84_1hexanol,1764,1764,True
2024.10.14_14-19-06_Biarmipes84_1hexanol,1768,1770,True
2024.10.14_14-19-06_Biarmipes84_1hexanol,1774,1774,True
2024.10.14_14-19-06_Biarmipes84_1hexanol,1779,1781,True
2024.10.14_14-19-06_Biarmipes84_1hexanol,1783,1783,True
2024.10.14_14-19-06_Biarmipes84_1hexanol,1785,1785,True
2024.10.14_14-19-06_Biarmipes84_1hexanol,1787,1789,True
2024.10.14_14-19-06_Biarmipes84_1hexanol,1791,1791,True
2024.10.14_14-19-06_Biarmipes84_1hexanol,1794,1794,True
2024.10.14_14-19-06_Biarmipes84_1hexanol,1797,1800,True
2024.10.14_14-19-06_Biarmipes84_1hexanol,1809,1809,True
2024.10.14_14-19-06_Biarmipes84_1hexanol,1811,1811,True
2024.10.14_14-19-06_Biarmipes84_1hexanol,1815,1817,True
2024.10.14_14-19-06_Biarmipes84_1hexanol,1820,1820,True
2024.10.14_14-19-06_Biarmipes84_1hexanol,1822,1825,True
2024.10.14_14-19-06_Biarmipes84_1hexanol,1828,1893,True
2024.10.14_14-19-06_Biarmipes84_1hexanol,1895,1895,True
2024.10.14_14-19-06_Biarmipes84_1hexanol,1897,1915,True
2024.10.14_14-19-06_Biarmipes84_1hexanol,1917,1919,True
2024.10.14_14-19-06_Biarmipes84_1hexanol,1922,1981,True
2024.10.14_14-19-06_Biarmipes84_1hexanol,1983,1984,True
2024.10.14_14-19-06_Biarmipes84_1hexanol,1986,1990,True
2024.10.14_14-19-06_Biarmipes84_1hexanol,1992,1992,True
2024.10.14_14-19-06_Biarmipes84_1hexanol,1994,2010,True
2024.10.14_14-19-06_Biarmipes84_1hexanol,2012,2015,True
2024.10.14_14-19-06_Biarmipes84_1hexanol,2018,2026,True
2024.10.14_14-19-06_Biarmipes84_1hexanol,2032,2032,True
2024.10.14_14-19-06_Biarmipes84_1hexanol,2034,2041,True
2024.10.14_14-19-06_Biarmipes84_1hexanol,2045,2053,True
2024.10.14_14-19-06_Biarmipes84_1hexanol,2055,2062,True
2024.10.14_14-19-06_Biarmipes84_1hexanol,2064,2065,True
2024.10.14_14-19-06_Biarmipes84_1hexanol,2067,2357,True
2024.10.14_14-19-06_Biarmipes84_1hexanol,2359,2361,True
2024.10.14_14-19-06_Biarmipes84_1hexanol,2363,2371,True
2024.10.14_14-19-06_Biarmipes84_1hexanol,2373,2379,True
2024.10.14_14-19-06_Biarmipes84_1hexanol,2381,2452,True
2024.10.14_14-19-06_Biarmipes84_1hexanol,2454,2457,True
2024.10.14_14-19-06_Biarmipes84_1hexanol,2459,2934,True
2024.10.14_14-19-06_Biarmipes84_1hexanol,2950,3049,True
2024.10.14_14-19-06_Biarmipes84_1hexanol,3932,3981,True
2024.10.14_14-19-06_Biarmipes84_1hexanol,4476,4487,True
2024.10.14_14-19-06_Biarmipes84_1hexanol,4557,4557,True
2024.10.14_14-19-06_Biarmipes84_1hexanol,4611,4611,True
2024.10.14_14-19-06_Biarmipes84_1hexanol,4613,4624,True
2024.10.14_14-19-06_Biarmipes84_1hexanol,4630,4721,True
2024.10.14_14-19-06_Biarmipes84_1hexanol,4805,4943,True
2024.10.14_14-19-06_Biarmipes84_1hexanol,5166,5411,True
2024.10.14_14-19-06_Biarmipes84_1hexanol,5540,6442,True
2024.10.14_14-19-06_Biarmipes84_1hexanol,6444,7462,True
2024.10.25_04-38-39_Yakuba7_prenac,899,906,True
2024.10.25_04-38-39_Yakuba7_prenac,912,917,True
2024.10.25_04-38-39_Yakuba7_prenac,921,932,True
2024.10.25_04-38-39_Yakuba7_prenac,1113,1386,True
2024.10.25_04-38-39_Yakuba7_prenac,3577,3577,True
2024.10.25_04-38-39_Yakuba7_prenac,3580,3580,True
2024.10.25_04-38-39_Yakuba7_prenac,3589,3590,True
2024.10.25_04-38-39_Yakuba7_prenac,3593,3593,True
2024.10.25_04-38-39_Yakuba7_prenac,3596,3597,True
2024.10.25_04-38-39_Yakuba7_prenac,3600,3601,True
2024.10.25_04-38-39_Yakuba7_prenac,3603,3603,True
2024.10.25_04-38-39_Yakuba7_prenac,3605,3605,True
2024.10.25_04-38-39_Yakuba7_prenac,3612,3612,True
2024.10.25_04-38-39_Yakuba7_prenac,3636,3642,True
2024.10.25_04-38-39_Yakuba7_prenac,3644,3644,True
2024.10.25_04-38-39_Yakuba7_prenac,3646,3648,True
2024.10.25_04-38-39_Yakuba7_prenac,3653,3653,True
2024.10.25_04-38-39_Yakuba7_prenac,3656,3667,True
2024.10.25_04-38-39_Yakuba7_prenac,3669,3675,True
2024.10.25_04-38-39_Yakuba7_prenac,3678,3696,True
2024.10.25_04-38-39_Yakuba7_prenac,3698,3698,True
2024.10.25_04-38-39_Yakuba7_prenac,3700,3711,True
2024.10.25_04-38-39_Yakuba7_prenac,3713,3719,True
2024.10.25_04-38-39_Yakuba7_prenac,3721,3723,True
2024.10.25_04-38-39_Yakuba7_prenac,3725,3737,True
2024.10.25_04-38-39_Yakuba7_prenac,3739,3746,True
2024.10.25_04-38-39_Yakuba7_prenac,3748,3749,True
2024.10.25_04-38-39_Yakuba7_prenac,3751,3751,True
2024.10.25_04-38-39_Yakuba7_prenac,3754,3754,True
2024.10.25_04-38-39_Yakuba7_prenac,3761,3761,True
2024.10.25_04-38-39_Yakuba7_prenac,3764,3764,True
2024.10.25_04-38-39_Yakuba7_prenac,3766,3770,True
2024.10.25_04-38-39_Yakuba7_prenac,3772,3774,True
2024.10.25_04-38-39_Yakuba7_prenac,3776,3779,True
2024.10.25_04-38-39_Yakuba7_prenac,3781,3782,True
2024.10.25_04-38-39_Yakuba7_prenac,3785,3785,True
2024.10.25_04-38-39_Yakuba7_prenac,3787,3815,True
2024.10.25_04-38-39_Yakuba7_prenac,3817,3845,True
2024.10.25_04-38-39_Yakuba7_prenac,3847,3847,True
2024.10.25_04-38-39_Yakuba7_prenac,3849,3878,True
2024.10.25_04-38-39_Yakuba7_prenac,3880,3880,True
2024.10.25_04-38-39_Yakuba7_prenac,3882,3896,True
2024.10.25_04-38-39_Yakuba7_prenac,3898,3900,True
2024.10.25_04-38-39_Yakuba7_prenac,3902,3906,True
2024.10.25_04-38-39_Yakuba7_prenac,3910,3911,True
2024.10.25_04-38-39_Yakuba7_prenac,3913,3919,True
2024.10.25_04-38-39_Yakuba7_prenac,3921,3925,True
2024.10.25_04-38-39_Yakuba7_prenac,3927,3978,True
2024.10.25_04-38-39_Yakuba7_prenac,3980,3980,True
2024.10.25_04-38-39_Yakuba7_prenac,3982,3996,True
2024.10.25_04-38-39_Yakuba7_prenac,3998,4019,True
2024.10.25_04-38-39_Yakuba7_prenac,4021,4324,True
2024.10.25_04-38-39_Yakuba7_prenac,4326,4329,True
2024.10.25_04-38-39_Yakuba7_prenac,4331,4349,True
2024.10.25_04-38-39_Yakuba7_prenac,4351,4365,True
2024.10.25_04-38-39_Yakuba7_prenac,4367,4372,True
2024.10.25_04-38-39_Yakuba7_prenac,4374,4375,True
2024.10.25_04-38-39_Yakuba7_prenac,4377,4380,True
2024.10.25_04-38-39_Yakuba7_prenac,4382,4383,True
2024.10.25_04-38-39_Yakuba7_prenac,4385,4386,True
2024.10.25_04-38-39_Yakuba7_prenac,4388,4397,True
2024.10.25_04-38-39_Yakuba7_prenac,4399,4401,True
2024.10.25_04-38-39_Yakuba7_prenac,4403,4407,True
2024.10.25_04-38-39_Yakuba7_prenac,4409,4448,True
2024.10.25_04-38-39_Yakuba7_prenac,4450,5402,True
2024.10.25_04-38-39_Yakuba7_prenac,6400,6404,True
2024.10.25_04-38-39_Yakuba7_prenac,6406,6415,True
2024.10.25_04-38-39_Yakuba7_prenac,6446,6459,True
2024.10.25_04-38-39_Yakuba7_prenac,6461,6470,True
2024.10.25_04-38-39_Yakuba7_prenac,6472,6474,True
2024.10.25_04-38-39_Yakuba7_prenac,6476,6497,True
2024.10.25_04-38-39_Yakuba7_prenac,6499,6503,True
2024.10.25_04-38-39_Yakuba7_prenac,6507,6507,True
2024.10.25_04-38-39_Yakuba7_prenac,6509,6523,True
2024.10.25_04-38-39_Yakuba7_prenac,6525,6526,True
2024.10.25_04-38-39_Yakuba7_prenac,6529,6529,True
2024.10.25_04-38-39_Yakuba7_prenac,6535,6535,True
2024.10.25_04-38-39_Yakuba7_prenac,6537,6538,True
2024.10.25_04-38-39_Yakuba7_prenac,6540,6540,True
2024.10.25_04-38-39_Yakuba7_prenac,6542,6542,True
2024.10.25_04-38-39_Yakuba7_prenac,6551,6552,True
2024.10.25_04-38-39_Yakuba7_prenac,6554,6554,True
2024.10.25_04-38-39_Yakuba7_prenac,6562,6564,True
2024.10.25_04-38-39_Yakuba7_prenac,6566,6567,True
2024.10.25_04-38-39_Yakuba7_prenac,6573,6574,True
2024.10.25_04-38-39_Yakuba7_prenac,6589,6589,True
2024.10.25_04-38-39_Yakuba7_prenac,6591,6597,True
2024.10.25_04-38-39_Yakuba7_prenac,6599,6599,True
2024.10.25_04-38-39_Yakuba7_prenac,6602,6602,True
2024.10.25_04-38-39_Yakuba7_prenac,6615,6616,True
2024.10.25_04-38-39_Yakuba7_prenac,6619,6619,True
2024.10.25_04-38-39_Yakuba7_prenac,6622,6622,True
2024.10.25_04-38-39_Yakuba7_prenac,6624,6627,True
2024.10.25_04-38-39_Yakuba7_prenac,6629,6633,True
2024.10.25_04-38-39_Yakuba7_prenac,6635,6635,True
2024.10.25_04-38-39_Yakuba7_prenac,6637,6639,True
2024.10.25_04-38-39_Yakuba7_prenac,6664,6665,True
2024.10.25_04-38-39_Yakuba7_prenac,6681,6681,True
2024.10.25_04-38-39_Yakuba7_prenac,6683,6691,True
2024.10.25_04-38-39_Yakuba7_prenac,6693,6693,True
2024.10.25_04-38-39_Yakuba7_prenac,6699,6699,True
2024.10.25_04-38-39_Yakuba7_prenac,6710,6715,True
2024.10.25_04-38-39_Yakuba7_prenac,6717,6719,True
2024.10.25_04-38-39_Yakuba7_prenac,6721,6721,True
2024.10.25_04-38-39_Yakuba7_prenac,6724,6732,True
2024.10.25_04-38-39_Yakuba7_prenac,6734,6736,True
2024.10.25_04-38-39_Yakuba7_prenac,6739,6764,True
2024.10.25_04-38-39_Yakuba7_prenac,6769,6770,True
2024.10.25_04-38-39_Yakuba7_prenac,6795,6795,True
2024.10.25_04-38-39_Yakuba7_prenac,6799,6799,True
2024.10.25_04-38-39_Yakuba7_prenac,6810,6811,True
2024.10.25_04-38-39_Yakuba7_prenac,6818,6818,True
2024.10.25_04-38-39_Yakuba7_prenac,6825,6830,True
2024.10.25_04-38-39_Yakuba7_prenac,6832,6839,True
2024.10.25_04-38-39_Yakuba7_prenac,6841,6841,True
2024.10.25_04-38-39_Yakuba7_prenac,6843,6843,True
2024.10.25_04-38-39_Yakuba7_prenac,6845,6845,True
2024.10.25_04-38-39_Yakuba7_prenac,6847,6848,True
2024.10.25_04-38-39_Yakuba7_prenac,6850,6874,True
2024.10.25_04-38-39_Yakuba7_prenac,6876,6924,True
2024.10.25_04-38-39_Yakuba7_prenac,6926,6965,True
2024.10.25_04-38-39_Yakuba7_prenac,6967,6967,True
2024.10.25_04-38-39_Yakuba7_prenac,6969,6970,True
2024.10.25_04-38-39_Yakuba7_prenac,6972,6975,True
2024.10.25_04-38-39_Yakuba7_prenac,6982,6991,True
2024.10.25_04-38-39_Yakuba7_prenac,6993,6999,True
2024.10.25_04-38-39_Yakuba7_prenac,7045,7049,True
2024.10.25_04-38-39_Yakuba7_prenac,7064,7064,True
2024.10.25_04-38-39_Yakuba7_prenac,7070,7070,True
2024.10.25_04-38-39_Yakuba7_prenac,7073,7073,True
2024.10.25_04-38-39_Yakuba7_prenac,7086,7086,True
2024.10.25_04-38-39_Yakuba7_prenac,7088,7088,True
2024.10.25_04-38-39_Yakuba7_prenac,7090,7093,True
2024.10.25_04-38-39_Yakuba7_prenac,7096,7096,True
2024.10.25_04-38-39_Yakuba7_prenac,7098,7098,True
2024.10.25_04-38-39_Yakuba7_prenac,7102,7102,True
2024.10.25_04-38-39_Yakuba7_prenac,7119,7120,True
2024.10.25_04-38-39_Yakuba7_prenac,7128,7129,True
2024.10.25_04-38-39_Yakuba7_prenac,7133,7133,True
2024.10.25_04-38-39_Yakuba7_prenac,7135,7135,True
2024.10.25_04-38-39_Yakuba7_prenac,7137,7137,True
2024.10.25_04-38-39_Yakuba7_prenac,7145,7145,True
2024.10.25_04-38-39_Yakuba7_prenac,7154,7154,True
2024.10.25_04-38-39_Yakuba7_prenac,7161,7169,True
2024.10.25_04-38-39_Yakuba7_prenac,7174,7174,True
2024.10.25_04-38-39_Yakuba7_prenac,7360,7360,True
2024.10.25_04-38-39_Yakuba7_prenac,7364,7364,True
2024.10.25_04-38-39_Yakuba7_prenac,7369,7370,True
2024.10.25_04-38-39_Yakuba7_prenac,7395,7397,True
2024.10.25_04-38-39_Yakuba7_prenac,7409,7413,True
2024.10.25_04-38-39_Yakuba7_prenac,7415,7415,True
2024.10.25_04-38-39_Yakuba7_prenac,7417,7418,True
2024.10.25_04-38-39_Yakuba7_prenac,7420,7420,True
2024.10.25_04-38-39_Yakuba7_prenac,7423,7427,True
2024.10.25_04-38-39_Yakuba7_prenac,7430,7430,True
2024.10.25_04-38-39_Yakuba7_prenac,7434,7434,True
2024.10.25_04-38-39_Yakuba7_prenac,7436,7440,True
2024.10.25_04-38-39_Yakuba7_prenac,7442,7443,True
2024.10.25_04-38-39_Yakuba7_prenac,7448,7471,True
2024.10.25_04-38-39_Yakuba7_prenac,7474,7499,True
2024.10.25_04-38-39_Yakuba7_prenac,7501,7505,True
2024.10.25_04-38-39_Yakuba7_prenac,7507,7605,True
2024.10.25_04-38-39_Yakuba7_prenac,7607,7645,True
2024.10.25_04-38-39_Yakuba7_prenac,7647,7662,True
2024.10.25_04-38-39_Yakuba7_prenac,7664,7667,True
2024.10.25_04-38-39_Yakuba7_prenac,7669,7672,True
2024.10.25_04-38-39_Yakuba7_prenac,7674,8844,True
2024.10.30_10-09-39_sussex_metben,437,585,True
2024.10.30_10-09-39_sussex_metben,1878,3537,True
2024.10.30_10-09-39_sussex_metben,6532,6688,True
2024.10.30_10-09-39_sussex_metben,7317,7318,True
2024.10.30_10-09-39_sussex_metben,7325,7325,True
2024.10.30_10-09-39_sussex_metben,7327,7327,True
2024.10.30_10-09-39_sussex_metben,7345,7347,True
2024.10.30_10-09-39_sussex_metben,7349,7350,True
2024.10.30_10-09-39_sussex_metben,7352,7356,True
2024.10.30_10-09-39_sussex_metben,7358,7359,True
2024.10.30_10-09-39_sussex_metben,7362,7367,True
2024.10.30_10-09-39_sussex_metben,7369,7378,True
2024.10.30_10-09-39_sussex_metben,7381,7381,True
2024.10.30_10-09-39_sussex_metben,7383,7386,True
2024.10.30_10-09-39_sussex_metben,7388,7388,True
2024.10.30_10-09-39_sussex_metben,7390,7399,True
2024.10.30_10-09-39_sussex_metben,7401,7404,True
2024.10.30_10-09-39_sussex_metben,7407,7410,True
2024.10.30_10-09-39_sussex_metben,7412,7416,True
2024.10.30_10-09-39_sussex_metben,7419,7421,True
2024.10.30_10-09-39_sussex_metben,7426,7454,True
2024.10.30_10-09-39_sussex_metben,7457,7458,True
2024.10.30_10-09-39_sussex_metben,7460,7462,True
2024.10.30_10-09-39_sussex_metben,7464,7470,True
2024.10.30_10-09-39_sussex_metben,7474,7477,True
2024.10.30_10-09-39_sussex_metben,7479,7483,True
2024.10.30_10-09-39_sussex_metben,7485,7485,True
2024.10.30_10-09-39_sussex_metben,7487,7487,True
2024.10.30_10-09-39_sussex_metben,7491,7493,True
2024.10.30_10-09-39_sussex_metben,7495,7500,True
2024.10.30_10-09-39_sussex_metben,7502,7504,True
2024.10.30_10-09-39_sussex_metben,7506,7506,True
2024.10.30_10-09-39_sussex_metben,7508,7517,True
2024.10.30_10-09-39_sussex_metben,7519,7520,True
2024.10.30_10-09-39_sussex_metben,7522,7540,True
2024.10.30_10-09-39_sussex_metben,7542,7545,True
2024.10.30_10-09-39_sussex_metben,7547,7575,True
2024.10.30_10-09-39_sussex_metben,7577,7706,True
2024.10.30_10-09-39_sussex_metben,7708,7709,True
2024.10.30_10-09-39_sussex_metben,7711,7729,True
2024.10.30_10-09-39_sussex_metben,7731,7732,True
2024.10.30_10-09-39_sussex_metben,7734,7737,True
2024.10.30_10-09-39_sussex_metben,7739,7742,True
2024.10.30_10-09-39_sussex_metben,7745,7748,True
2024.10.30_10-09-39_sussex_metben,7750,7833,True
2024.10.30_10-09-39_sussex_metben,7835,7856,True
2024.10.30_10-09-39_sussex_metben,7858,7872,True
2024.10.30_10-09-39_sussex_metben,7874,7876,True
2024.10.30_10-09-39_sussex_metben,7894,7911,True
2024.10.23_14-42-52_Biarmipes_g224_prenac,426,959,True
2024.10.23_14-42-52_Biarmipes_g224_prenac,1007,1353,True
2024.10.23_14-42-52_Biarmipes_g224_prenac,1382,1384,True
2024.10.23_14-42-52_Biarmipes_g224_prenac,1387,1665,True
2024.10.23_14-42-52_Biarmipes_g224_prenac,2731,2770,True
2024.10.23_14-42-52_Biarmipes_g224_prenac,2844,3479,True
2024.10.23_14-42-52_Biarmipes_g224_prenac,3481,3691,True
2024.10.23_14-42-52_Biarmipes_g224_prenac,5034,5046,True
2024.10.23_14-42-52_Biarmipes_g224_prenac,5048,5071,True
2024.10.23_14-42-52_Biarmipes_g224_prenac,5073,5085,True
2024.10.23_14-42-52_Biarmipes_g224_prenac,5087,5088,True
2024.10.23_14-42-52_Biarmipes_g224_prenac,5090,5108,True
2024.10.23_14-42-52_Biarmipes_g224_prenac,5110,5116,True
2024.10.23_14-42-52_Biarmipes_g224_prenac,5118,5136,True
2024.10.23_14-42-52_Biarmipes_g224_prenac,5298,5298,True
2024.10.23_14-42-52_Biarmipes_g224_prenac,5305,5306,True
2024.10.23_14-42-52_Biarmipes_g224_prenac,5312,5312,True
2024.10.23_14-42-52_Biarmipes_g224_prenac,5318,5318,True
2024.10.23_14-42-52_Biarmipes_g224_prenac,5322,5328,True
2024.10.23_14-42-52_Biarmipes_g224_prenac,5331,5337,True
2024.10.23_14-42-52_Biarmipes_g224_prenac,5339,5345,True
2024.10.23_14-42-52_Biarmipes_g224_prenac,5347,5359,True
2024.10.23_14-42-52_Biarmipes_g224_prenac,5361,5362,True
2024.10.23_14-42-52_Biarmipes_g224_prenac,5364,5376,True
2024.10.23_14-42-52_Biarmipes_g224_prenac,5379,5382,True
2024.10.23_14-42-52_Biarmipes_g224_prenac,5384,5384,True
2024.10.23_14-42-52_Biarmipes_g224_prenac,5387,5391,True
2024.10.23_14-42-52_Biarmipes_g224_prenac,5396,5396,True
2024.10.23_14-42-52_Biarmipes_g224_prenac,5405,5405,True
2024.10.23_14-42-52_Biarmipes_g224_prenac,5786,5788,True
2024.10.23_14-42-52_Biarmipes_g224_prenac,5790,5797,True
2024.10.23_14-42-52_Biarmipes_g224_prenac,5799,5803,True
2024.10.23_14-42-52_Biarmipes_g224_prenac,5806,5808,True
2024.10.23_14-42-52_Biarmipes_g224_prenac,5811,5813,True
2024.10.23_14-42-52_Biarmipes_g224_prenac,5815,5817,True
2024.10.23_14-42-52_Biarmipes_g224_prenac,5819,5852,True
2024.10.23_14-42-52_Biarmipes_g224_prenac,5854,5858,True
2024.10.23_14-42-52_Biarmipes_g224_prenac,5860,5861,True
2024.10.23_14-42-52_Biarmipes_g224_prenac,5863,5863,True
2024.10.23_14-42-52_Biarmipes_g224_prenac,5867,5868,True
2024.10.23_14-42-52_Biarmipes_g224_prenac,5870,5872,True
2024.10.23_14-42-52_Biarmipes_g224_prenac,5874,5877,True
2024.10.23_14-42-52_Biarmipes_g224_prenac,5879,5880,True
2024.10.23_14-42-52_Biarmipes_g224_prenac,5882,5883,True
2024.10.23_14-42-52_Biarmipes_g224_prenac,5889,5890,True
2024.10.23_14-42-52_Biarmipes_g224_prenac,5894,5899,True
2024.10.23_14-42-52_Biarmipes_g224_prenac,5901,5903,True
2024.10.23_14-42-52_Biarmipes_g224_prenac,5906,5917,True
2024.10.23_14-42-52_Biarmipes_g224_prenac,5919,5922,True
2024.10.23_14-42-52_Biarmipes_g224_prenac,5925,5933,True
2024.10.23_14-42-52_Biarmipes_g224_prenac,5935,5935,True
2024.10.23_14-42-52_Biarmipes_g224_prenac,5937,5938,True
2024.10.23_14-42-52_Biarmipes_g224_prenac,5940,5943,True
2024.10.23_14-42-52_Biarmipes_g224_prenac,5948,5948,True
2024.10.23_14-42-52_Biarmipes_g224_prenac,5950,5950,True
2024.10.23_14-42-52_Biarmipes_g224_prenac,5952,5954,True
2024.10.23_14-42-52_Biarmipes_g224_prenac,5957,5957,True
2024.10.23_14-42-52_Biarmipes_g224_prenac,5959,5960,True
2024.10.23_14-42-52_Biarmipes_g224_prenac,5962,5963,True
2024.10.23_14-42-52_Biarmipes_g224_prenac,5967,5967,True
2024.10.23_14-42-52_Biarmipes_g224_prenac,5969,5969,True
2024.10.23_14-42-52_Biarmipes_g224_prenac,5972,5983,True
2024.10.23_14-42-52_Biarmipes_g224_prenac,5985,5987,True
2024.10.23_14-42-52_Biarmipes_g224_prenac,5995,6002,True
2024.10.23_14-42-52_Biarmipes_g224_prenac,6014,6021,True
2024.10.23_14-42-52_Biarmipes_g224_prenac,6028,6040,True
2024.10.23_14-42-52_Biarmipes_g224_prenac,6050,6067,True
2024.10.23_14-42-52_Biarmipes_g224_prenac,6069,6079,True
2024.10.23_14-42-52_Biarmipes_g224_prenac,6081,6143,True
2024.10.23_14-42-52_Biarmipes_g224_prenac,6149,6150,True
2024.10.23_14-42-52_Biarmipes_g224_prenac,6152,6168,True
2024.10.23_14-42-52_Biarmipes_g224_prenac,6170,7466,True
2024.07.05_16-50-17_Riverside (no odor),1601,1601,True
2024.07.05_16-50-17_Riverside (no odor),1604,1604,True
2024.07.05_16-50-17_Riverside (no odor),1609,1610,True
2024.07.05_16-50-17_Riverside (no odor),1660,1928,True
2024.07.05_16-50-17_Riverside (no odor),2013,2879,True
2024.07.05_16-50-17_Riverside (no odor),2902,3089,True
2024.07.05_16-50-17_Riverside (no odor),4115,4183,True
2024.07.05_16-50-17_Riverside (no odor),4274,4563,True
2024.07.05_16-50-17_Riverside (no odor),7055,7058,True
2024.07.05_16-50-17_Riverside (no odor),7060,7060,True
2024.07.05_16-50-17_Riverside (no odor),7129,7129,True
2024.07.05_16-50-17_Riverside (no odor),7145,7162,True
2024.07.05_16-50-17_Riverside (no odor),7199,7199,True
2024.07.05_16-50-17_Riverside (no odor),7201,7201,True
2024.07.05_16-50-17_Riverside (no odor),7210,7210,True
2024.07.05_16-50-17_Riverside (no odor),7354,7687,True
2024.10.18_12-59-49_Sto_car_prenac,1522,4023,True
2024.10.18_12-59-49_Sto_car_prenac,5159,5223,True
2024.10.18_12-59-49_Sto_car_prenac,5225,6408,True
2024.12.19_14-05-53_Biarmipes_G224_no_odor,1638,1639,True
2024.12.19_14-05-53_Biarmipes_G224_no_odor,1641,1642,True
2024.12.19_14-05-53_Biarmipes_G224_no_odor,1645,1645,True
2024.12.19_14-05-53_Biarmipes_G224_no_odor,1651,1651,True
2024.12.19_14-05-53_Biarmipes_G224_no_odor,1655,1655,True
2024.12.19_14-05-53_Biarmipes_G224_no_odor,1667,1667,True
2024.12.19_14-05-53_Biarmipes_G224_no_odor,1669,1669,True
2024.12.19_14-05-53_Biarmipes_G224_no_odor,1671,1671,True
2024.12.19_14-05-53_Biarmipes_G224_no_odor,1676,1676,True
2024.12.19_14-05-53_Biarmipes_G224_no_odor,1679,1679,True
2024.12.19_14-05-53_Biarmipes_G224_no_odor,1682,1682,True
2024.12.19_14-05-53_Biarmipes_G224_no_odor,1684,1684,True
2024.12.19_14-05-53_Biarmipes_G224_no_odor,1686,1688,True
2024.12.19_14-05-53_Biarmipes_G224_no_odor,1690,1691,True
2024.12.19_14-05-53_Biarmipes_G224_no_odor,1699,1699,True
2024.12.19_14-05-53_Biarmipes_G224_no_odor,1703,1703,True
2024.12.19_14-05-53_Biarmipes_G224_no_odor,1705,1706,True
2024.12.19_14-05-53_Biarmipes_G224_no_odor,1711,1712,True
2024.12.19_14-05-53_Biarmipes_G224_no_odor,1718,1718,True
2024.12.19_14-05-53_Biarmipes_G224_no_odor,1725,1725,True
2024.12.19_14-05-53_Biarmipes_G224_no_odor,1730,1730,True
2024.12.19_14-05-53_Biarmipes_G224_no_odor,1739,1740,True
2024.12.19_14-05-53_Biarmipes_G224_no_odor,1756,1756,True
2024.12.19_14-05-53_Biarmipes_G224_no_odor,1772,1772,True
2024.12.19_14-05-53_Biarmipes_G224_no_odor,1778,1779,True
2024.12.19_14-05-53_Biarmipes_G224_no_odor,2033,2035,True
2024.12.19_14-05-53_Biarmipes_G224_no_odor,2040,2041,True
2024.12.19_14-05-53_Biarmipes_G224_no_odor,2044,2044,True
2024.12.19_14-05-53_Biarmipes_G224_no_odor,2048,2048,True
2024.12.19_14-05-53_Biarmipes_G224_no_odor,2050,2050,True
2024.12.19_14-05-53_Biarmipes_G224_no_odor,2052,2053,True
2024.12.19_14-05-53_Biarmipes_G224_no_odor,2056,2057,True
2024.12.19_14-05-53_Biarmipes_G224_no_odor,2060,2061,True
2024.12.19_14-05-53_Biarmipes_G224_no_odor,2063,2068,True
2024.12.19_14-05-53_Biarmipes_G224_no_odor,2070,2073,True
2024.12.19_14-05-53_Biarmipes_G224_no_odor,2076,2076,True
2024.12.19_14-05-53_Biarmipes_G224_no_odor,2099,2099,True
2024.12.19_14-05-53_Biarmipes_G224_no_odor,2101,2106,True
2024.12.19_14-05-53_Biarmipes_G224_no_odor,2109,2112,True
2024.12.19_14-05-53_Biarmipes_G224_no_odor,2114,2114,True
2024.12.19_14-05-53_Biarmipes_G224_no_odor,2116,2117,True
2024.12.19_14-05-53_Biarmipes_G224_no_odor,2119,2137,True
2024.12.19_14-05-53_Biarmipes_G224_no_odor,2139,2140,True
2024.12.19_14-05-53_Biarmipes_G224_no_odor,2142,2179,True
2024.12.19_14-05-53_Biarmipes_G224_no_odor,2181,2243,True
2024.12.19_14-05-53_Biarmipes_G224_no_odor,2245,2341,True
2024.12.19_14-05-53_Biarmipes_G224_no_odor,2582,2598,True
2024.12.19_14-05-53_Biarmipes_G224_no_odor,2611,2613,True
2024.12.19_14-05-53_Biarmipes_G224_no_odor,2615,2617,True
2024.12.19_14-05-53_Biarmipes_G224_no_odor,2620,2626,True
2024.12.19_14-05-53_Biarmipes_G224_no_odor,2628,2631,True
2024.12.19_14-05-53_Biarmipes_G224_no_odor,2636,2636,True
2024.12.19_14-05-53_Biarmipes_G224_no_odor,2638,2639,True
2024.12.19_14-05-53_Biarmipes_G224_no_odor,2643,2644,True
2024.12.19_14-05-53_Biarmipes_G224_no_odor,2646,2646,True
2024.12.19_14-05-53_Biarmipes_G224_no_odor,2648,2649,True
2024.12.19_14-05-53_Biarmipes_G224_no_odor,2651,2652,True
2024.12.19_14-05-53_Biarmipes_G224_no_odor,2654,2658,True
2024.12.19_14-05-53_Biarmipes_G224_no_odor,2661,2663,True
2024.12.19_14-05-53_Biarmipes_G224_no_odor,2666,2666,True
2024.12.19_14-05-53_Biarmipes_G224_no_odor,2670,2670,True
2024.12.19_14-05-53_Biarmipes_G224_no_odor,2673,2676,True
2024.12.19_14-05-53_Biarmipes_G224_no_odor,2680,2680,True
2024.12.19_14-05-53_Biarmipes_G224_no_odor,2682,2682,True
2024.12.19_14-05-53_Biarmipes_G224_no_odor,2684,2684,True
2024.12.19_14-05-53_Biarmipes_G224_no_odor,2686,2686,True
2024.12.19_14-05-53_Biarmipes_G224_no_odor,2689,2689,True
2024.12.19_14-05-53_Biarmipes_G224_no_odor,2692,2692,True
2024.12.19_14-05-53_Biarmipes_G224_no_odor,2696,2696,True
2024.12.19_14-05-53_Biarmipes_G224_no_odor,2699,2699,True
2024.12.19_14-05-53_Biarmipes_G224_no_odor,2705,2705,True
2024.12.19_14-05-53_Biarmipes_G224_no_odor,2712,2712,True
2024.12.19_14-05-53_Biarmipes_G224_no_odor,2722,2723,True
2024.12.19_14-05-53_Biarmipes_G224_no_odor,2727,2728,True
2024.12.19_14-05-53_Biarmipes_G224_no_odor,2735,2735,True
2024.12.19_14-05-53_Biarmipes_G224_no_odor,2742,2743,True
2024.12.19_14-05-53_Biarmipes_G224_no_odor,2745,2746,True
2024.12.19_14-05-53_Biarmipes_G224_no_odor,2748,2748,True
2024.12.19_14-05-53_Biarmipes_G224_no_odor,2750,2750,True
2024.12.19_14-05-53_Biarmipes_G224_no_odor,2752,2752,True
2024.12.19_14-05-53_Biarmipes_G224_no_odor,2755,2755,True
2024.12.19_14-05-53_Biarmipes_G224_no_odor,2757,2757,True
2024.12.19_14-05-53_Biarmipes_G224_no_odor,2760,2761,True
2024.12.19_14-05-53_Biarmipes_G224_no_odor,2764,2764,True
2024.12.19_14-05-53_Biarmipes_G224_no_odor,2787,2788,True
2024.12.19_14-05-53_Biarmipes_G224_no_odor,2792,2793,True
2024.12.19_14-05-53_Biarmipes_G224_no_odor,2796,2797,True
2024.12.19_14-05-53_Biarmipes_G224_no_odor,2799,2801,True
2024.12.19_14-05-53_Biarmipes_G224_no_odor,2807,2812,True
2024.12.19_14-05-53_Biarmipes_G224_no_odor,2818,2820,True
2024.12.19_14-05-53_Biarmipes_G224_no_odor,2829,2830,True
2024.12.19_14-05-53_Biarmipes_G224_no_odor,2833,2833,True
2024.12.19_14-05-53_Biarmipes_G224_no_odor,2837,2837,True
2024.12.19_14-05-53_Biarmipes_G224_no_odor,2850,2856,True
2024.12.19_14-05-53_Biarmipes_G224_no_odor,2858,2860,True
2024.12.19_14-05-53_Biarmipes_G224_no_odor,2862,2864,True
2024.12.19_14-05-53_Biarmipes_G224_no_odor,2866,2868,True
2024.12.19_14-05-53_Biarmipes_G224_no_odor,2870,2871,True
2024.12.19_14-05-53_Biarmipes_G224_no_odor,2873,2881,True
2024.12.19_14-05-53_Biarmipes_G224_no_odor,2883,2906,True
2024.12.19_14-05-53_Biarmipes_G224_no_odor,2909,2910,True
2024.12.19_14-05-53_Biarmipes_G224_no_odor,2912,3026,True
2024.12.19_14-05-53_Biarmipes_G224_no_odor,3028,3206,True
2024.12.19_14-05-53_Biarmipes_G224_no_odor,3324,3345,True
2024.12.19_14-05-53_Biarmipes_G224_no_odor,3348,3356,True
2024.12.19_14-05-53_Biarmipes_G224_no_odor,3358,3361,True
2024.12.19_14-05-53_Biarmipes_G224_no_odor,3364,3364,True
2024.12.19_14-05-53_Biarmipes_G224_no_odor,3373,3373,True
2024.12.19_14-05-53_Biarmipes_G224_no_odor,3376,3376,True
2024.12.19_14-05-53_Biarmipes_G224_no_odor,3379,3384,True
2024.12.19_14-05-53_Biarmipes_G224_no_odor,3386,3392,True
2024.12.19_14-05-53_Biarmipes_G224_no_odor,3394,3395,True
2024.12.19_14-05-53_Biarmipes_G224_no_odor,3397,3397,True
2024.12.19_14-05-53_Biarmipes_G224_no_odor,3400,3400,True
2024.12.19_14-05-53_Biarmipes_G224_no_odor,3404,3404,True
2024.12.19_14-05-53_Biarmipes_G224_no_odor,3406,3408,True
2024.12.19_14-05-53_Biarmipes_G224_no_odor,3410,3414,True
2024.12.19_14-05-53_Biarmipes_G224_no_odor,3416,3418,True
2024.12.19_14-05-53_Biarmipes_G224_no_odor,3420,3430,True
2024.12.19_14-05-53_Biarmipes_G224_no_odor,3432,3432,True
2024.12.19_14-05-53_Biarmipes_G224_no_odor,3434,3434,True
2024.12.19_14-05-53_Biarmipes_G224_no_odor,3437,3437,True
2024.12.19_14-05-53_Biarmipes_G224_no_odor,3440,3441,True
2024.12.19_14-05-53_Biarmipes_G224_no_odor,3444,3444,True
2024.12.19_14-05-53_Biarmipes_G224_no_odor,3446,3469,True
2024.12.19_14-05-53_Biarmipes_G224_no_odor,3471,3491,True
2024.12.19_14-05-53_Biarmipes_G224_no_odor,3493,3497,True
2024.12.19_14-05-53_Biarmipes_G224_no_odor,3499,3504,True
2024.12.19_14-05-53_Biarmipes_G224_no_odor,3506,4061,True
2024.12.19_14-05-53_Biarmipes_G224_no_odor,4356,4380,True
2024.12.19_14-05-53_Biarmipes_G224_no_odor,4382,4438,True
2024.12.19_14-05-53_Biarmipes_G224_no_odor,4440,4453,True
2024.12.19_14-05-53_Biarmipes_G224_no_odor,4455,4733,True
2024.12.19_14-05-53_Biarmipes_G224_no_odor,4735,4739,True
2024.12.19_14-05-53_Biarmipes_G224_no_odor,4741,4747,True
2024.12.19_14-05-53_Biarmipes_G224_no_odor,4749,4749,True
2024.12.19_14-05-53_Biarmipes_G224_no_odor,4751,4756,True
2024.12.19_14-05-53_Biarmipes_G224_no_odor,4758,4769,True
2024.12.19_14-05-53_Biarmipes_G224_no_odor,4771,4773,True
2024.12.19_14-05-53_Biarmipes_G224_no_odor,4775,4775,True
2024.12.19_14-05-53_Biarmipes_G224_no_odor,4778,4780,True
2024.12.19_14-05-53_Biarmipes_G224_no_odor,4785,4785,True
2024.12.19_14-05-53_Biarmipes_G224_no_odor,4791,4793,True
2024.12.19_14-05-53_Biarmipes_G224_no_odor,4795,4795,True
2024.12.19_14-05-53_Biarmipes_G224_no_odor,4797,4814,True
2024.12.19_14-05-53_Biarmipes_G224_no_odor,4816,4816,True
2024.12.19_14-05-53_Biarmipes_G224_no_odor,4818,4828,True
2024.12.19_14-05-53_Biarmipes_G224_no_odor,4830,4830,True
2024.12.19_14-05-53_Biarmipes_G224_no_odor,4832,4834,True
2024.12.19_14-05-53_Biarmipes_G224_no_odor,4836,4907,True
2024.12.19_14-05-53_Biarmipes_G224_no_odor,4909,4951,True
2024.12.19_14-05-53_Biarmipes_G224_no_odor,4953,4953,True
2024.12.19_14-05-53_Biarmipes_G224_no_odor,4957,4962,True
2024.12.19_14-05-53_Biarmipes_G224_no_odor,4965,4966,True
2024.12.19_14-05-53_Biarmipes_G224_no_odor,4969,4969,True
2024.12.19_14-05-53_Biarmipes_G224_no_odor,4971,4972,True
2024.12.19_14-05-53_Biarmipes_G224_no_odor,4974,4975,True
2024.12.19_14-05-53_Biarmipes_G224_no_odor,4977,4979,True
2024.12.19_14-05-53_Biarmipes_G224_no_odor,4981,4981,True
2024.12.19_14-05-53_Biarmipes_G224_no_odor,4983,4983,True
2024.12.19_14-05-53_Biarmipes_G224_no_odor,4985,4987,True
2024.12.19_14-05-53_Biarmipes_G224_no_odor,4991,4993,True
2024.12.19_14-05-53_Biarmipes_G224_no_odor,4997,4998,True
2024.12.19_14-05-53_Biarmipes_G224_no_odor,5003,5003,True
2024.12.19_14-05-53_Biarmipes_G224_no_odor,5005,5006,True
2024.12.19_14-05-53_Biarmipes_G224_no_odor,5009,5010,True
2024.12.19_14-05-53_Biarmipes_G224_no_odor,5012,5015,True
2024.12.19_14-05-53_Biarmipes_G224_no_odor,5017,5026,True
2024.12.19_14-05-53_Biarmipes_G224_no_odor,5028,5029,True
2024.12.19_14-05-53_Biarmipes_G224_no_odor,5031,5031,True
2024.12.19_14-05-53_Biarmipes_G224_no_odor,5033,5037,True
2024.12.19_14-05-53_Biarmipes_G224_no_odor,5045,5049,True
2024.12.19_14-05-53_Biarmipes_G224_no_odor,5052,5109,True
2024.12.19_14-05-53_Biarmipes_G224_no_odor,5111,5170,True
2024.12.19_14-05-53_Biarmipes_G224_no_odor,5225,5226,True
2024.12.19_14-05-53_Biarmipes_G224_no_odor,5237,5243,True
2024.12.19_14-05-53_Biarmipes_G224_no_odor,5245,5247,True
2024.12.19_14-05-53_Biarmipes_G224_no_odor,5266,5272,True
2024.12.19_14-05-53_Biarmipes_G224_no_odor,5318,5324,True
2024.12.19_14-05-53_Biarmipes_G224_no_odor,5326,5326,True
2024.12.19_14-05-53_Biarmipes_G224_no_odor,5328,5329,True
2024.12.19_14-05-53_Biarmipes_G224_no_odor,5332,5332,True
2024.12.19_14-05-53_Biarmipes_G224_no_odor,5340,5342,True
2024.12.19_14-05-53_Biarmipes_G224_no_odor,5344,5344,True
2024.12.19_14-05-53_Biarmipes_G224_no_odor,5348,5358,True
2024.12.19_14-05-53_Biarmipes_G224_no_odor,5360,5360,True
2024.12.19_14-05-53_Biarmipes_G224_no_odor,5362,5362,True
2024.12.19_14-05-53_Biarmipes_G224_no_odor,5638,5645,True
2024.12.19_14-05-53_Biarmipes_G224_no_odor,5656,5664,True
2024.12.19_14-05-53_Biarmipes_G224_no_odor,5673,5673,True
2024.12.19_14-05-53_Biarmipes_G224_no_odor,5675,5679,True
2024.12.19_14-05-53_Biarmipes_G224_no_odor,5681,5683,True
2024.12.19_14-05-53_Biarmipes_G224_no_odor,5685,5687,True
2024.12.19_14-05-53_Biarmipes_G224_no_odor,5689,5691,True
2024.12.19_14-05-53_Biarmipes_G224_no_odor,5693,5694,True
2024.12.19_14-05-53_Biarmipes_G224_no_odor,5696,5696,True
2024.12.19_14-05-53_Biarmipes_G224_no_odor,5698,5701,True
2024.12.19_14-05-53_Biarmipes_G224_no_odor,5714,5714,True
2024.12.19_14-05-53_Biarmipes_G224_no_odor,5720,5720,True
2024.12.19_14-05-53_Biarmipes_G224_no_odor,5723,5724,True
2024.12.19_14-05-53_Biarmipes_G224_no_odor,5726,5728,True
2024.12.19_14-05-53_Biarmipes_G224_no_odor,5732,5732,True
2024.12.19_14-05-53_Biarmipes_G224_no_odor,5734,5734,True
2024.12.19_14-05-53_Biarmipes_G224_no_odor,5736,5736,True
2024.12.19_14-05-53_Biarmipes_G224_no_odor,5738,5738,True
2024.12.19_14-05-53_Biarmipes_G224_no_odor,5740,5747,True
2024.12.19_14-05-53_Biarmipes_G224_no_odor,5775,5777,True
2024.12.19_14-05-53_Biarmipes_G224_no_odor,5779,5780,True
2024.12.19_14-05-53_Biarmipes_G224_no_odor,5872,5872,True
2024.12.19_14-05-53_Biarmipes_G224_no_odor,5876,5876,True
2024.12.19_14-05-53_Biarmipes_G224_no_odor,5881,5881,True
2024.12.19_14-05-53_Biarmipes_G224_no_odor,5897,5897,True
2024.12.19_14-05-53_Biarmipes_G224_no_odor,5902,5903,True
2024.12.19_14-05-53_Biarmipes_G224_no_odor,5909,5913,True
2024.12.19_14-05-53_Biarmipes_G224_no_odor,5915,5915,True
2024.12.19_14-05-53_Biarmipes_G224_no_odor,5917,5917,True
2024.12.19_14-05-53_Biarmipes_G224_no_odor,5919,5919,True
2024.12.19_14-05-53_Biarmipes_G224_no_odor,5921,5921,True
2024.12.19_14-05-53_Biarmipes_G224_no_odor,5923,5925,True
2024.12.19_14-05-53_Biarmipes_G224_no_odor,5927,5927,True
2024.12.19_14-05-53_Biarmipes_G224_no_odor,5930,5930,True
2024.12.19_14-05-53_Biarmipes_G224_no_odor,5933,5934,True
2024.12.19_14-05-53_Biarmipes_G224_no_odor,5936,5936,True
2024.12.19_14-05-53_Biarmipes_G224_no_odor,5939,5939,True
2024.12.19_14-05-53_Biarmipes_G224_no_odor,5941,5950,True
2024.12.19_14-05-53_Biarmipes_G224_no_odor,5952,5952,True
2024.12.19_14-05-53_Biarmipes_G224_no_odor,5954,5958,True
2024.12.19_14-05-53_Biarmipes_G224_no_odor,5962,5965,True
2024.12.19_14-05-53_Biarmipes_G224_no_odor,5967,5967,True
2024.12.19_14-05-53_Biarmipes_G224_no_odor,5969,6021,True
2024.12.19_14-05-53_Biarmipes_G224_no_odor,6070,6105,True
2024.12.19_14-05-53_Biarmipes_G224_no_odor,6126,6128,True
2024.12.19_14-05-53_Biarmipes_G224_no_odor,6353,6355,True
2024.12.19_14-05-53_Biarmipes_G224_no_odor,6358,6358,True
2024.12.19_14-05-53_Biarmipes_G224_no_odor,6366,6367,True
2024.12.19_14-05-53_Biarmipes_G224_no_odor,6370,6372,True
2024.12.19_14-05-53_Biarmipes_G224_no_odor,6374,6374,True
2024.12.19_14-05-53_Biarmipes_G224_no_odor,6377,6377,True
2024.12.19_14-05-53_Biarmipes_G224_no_odor,6380,6382,True
2024.12.19_14-05-53_Biarmipes_G224_no_odor,6389,6392,True
2024.12.19_14-05-53_Biarmipes_G224_no_odor,6394,6394,True
2024.12.19_14-05-53_Biarmipes_G224_no_odor,6397,6397,True
2024.12.19_14-05-53_Biarmipes_G224_no_odor,6399,6399,True
2024.12.19_14-05-53_Biarmipes_G224_no_odor,6401,6402,True
2024.12.19_14-05-53_Biarmipes_G224_no_odor,6404,6405,True
2024.12.19_14-05-53_Biarmipes_G224_no_odor,6407,6407,True
2024.12.19_14-05-53_Biarmipes_G224_no_odor,6409,6413,True
2024.12.19_14-05-53_Biarmipes_G224_no_odor,6415,6419,True
2024.12.19_14-05-53_Biarmipes_G224_no_odor,6421,6855,True
2024.12.19_14-05-53_Biarmipes_G224_no_odor,6857,6871,True
2024.12.19_14-05-53_Biarmipes_G224_no_odor,6873,6908,True
2024.12.19_14-05-53_Biarmipes_G224_no_odor,6915,6924,True
2024.12.19_14-05-53_Biarmipes_G224_no_odor,6926,6927,True
2024.12.19_14-05-53_Biarmipes_G224_no_odor,6929,6930,True
2024.12.19_14-05-53_Biarmipes_G224_no_odor,6932,6938,True
2024.12.19_14-05-53_Biarmipes_G224_no_odor,6940,6947,True
2024.12.19_14-05-53_Biarmipes_G224_no_odor,6949,6957,True
2024.12.19_14-05-53_Biarmipes_G224_no_odor,6959,6961,True
2024.12.19_14-05-53_Biarmipes_G224_no_odor,6964,6967,True
2024.12.19_14-05-53_Biarmipes_G224_no_odor,6969,6971,True
2024.12.19_14-05-53_Biarmipes_G224_no_odor,6975,7018,True
2024.12.19_14-05-53_Biarmipes_G224_no_odor,7020,7035,True
2024.12.19_14-05-53_Biarmipes_G224_no_odor,7050,7051,True
2024.12.19_14-05-53_Biarmipes_G224_no_odor,7053,7070,True
2024.12.19_14-05-53_Biarmipes_G224_no_odor,7090,7092,True
2024.12.19_14-05-53_Biarmipes_G224_no_odor,7094,7094,True
2024.12.19_14-05-53_Biarmipes_G224_no_odor,7116,7117,True
2024.12.19_14-05-53_Biarmipes_G224_no_odor,7120,7120,True
2024.12.19_14-05-53_Biarmipes_G224_no_odor,7126,7126,True
2024.12.19_14-05-53_Biarmipes_G224_no_odor,7128,7132,True
2024.12.19_14-05-53_Biarmipes_G224_no_odor,7136,7136,True
2024.12.19_14-05-53_Biarmipes_G224_no_odor,7138,7138,True
2024.12.19_14-05-53_Biarmipes_G224_no_odor,7140,7141,True
2024.12.19_14-05-53_Biarmipes_G224_no_odor,7143,7147,True
2024.12.19_14-05-53_Biarmipes_G224_no_odor,7267,7270,True
2024.12.19_14-05-53_Biarmipes_G224_no_odor,7272,7273,True
2024.12.19_14-05-53_Biarmipes_G224_no_odor,7338,7338,True
2024.12.19_14-05-53_Biarmipes_G224_no_odor,7340,7343,True
2024.12.19_14-05-53_Biarmipes_G224_no_odor,7345,7347,True
2024.12.19_14-05-53_Biarmipes_G224_no_odor,7349,7350,True
2024.12.19_14-05-53_Biarmipes_G224_no_odor,7352,7352,True
2024.12.19_14-05-53_Biarmipes_G224_no_odor,7356,7363,True
2024.12.19_14-05-53_Biarmipes_G224_no_odor,7749,7750,True
2024.12.19_14-05-53_Biarmipes_G224_no_odor,7752,7752,True
2024.12.19_14-05-53_Biarmipes_G224_no_odor,7754,7754,True
2024.12.19_14-05-53_Biarmipes_G224_no_odor,7870,7870,True
2024.12.19_14-05-53_Biarmipes_G224_no_odor,7924,7924,True
2024.12.19_14-05-53_Biarmipes_G224_no_odor,7943,7946,True
2024.12.19_14-05-53_Biarmipes_G224_no_odor,7952,7952,True
2024.12.19_14-05-53_Biarmipes_G224_no_odor,7967,7967,True
2024.12.19_14-05-53_Biarmipes_G224_no_odor,7971,7971,True
2024.12.19_14-05-53_Biarmipes_G224_no_odor,7974,7974,True
2024.12.19_14-05-53_Biarmipes_G224_no_odor,7976,7977,True
2024.12.19_14-05-53_Biarmipes_G224_no_odor,7983,7991,True
2024.12.19_14-05-53_Biarmipes_G224_no_odor,7995,7995,True
2024.12.19_14-05-53_Biarmipes_G224_no_odor,7997,8000,True
2024.12.19_14-05-53_Biarmipes_G224_no_odor,8002,8002,True
2024.12.19_14-05-53_Biarmipes_G224_no_odor,8004,8012,True
2024.12.19_14-05-53_Biarmipes_G224_no_odor,8014,8017,True
2024.12.19_14-05-53_Biarmipes_G224_no_odor,8019,8020,True
2024.12.19_14-05-53_Biarmipes_G224_no_odor,8023,8023,True
2024.12.19_14-05-53_Biarmipes_G224_no_odor,8025,8025,True
2024.12.19_14-05-53_Biarmipes_G224_no_odor,8027,8034,True
2024.12.19_14-05-53_Biarmipes_G224_no_odor,8036,8056,True
2024.12.19_14-05-53_Biarmipes_G224_no_odor,8058,8072,True
2024.12.19_14-05-53_Biarmipes_G224_no_odor,8074,8078,True
2024.12.19_14-05-53_Biarmipes_G224_no_odor,8088,8088,True
2024.12.19_14-05-53_Biarmipes_G224_no_odor,8091,8091,True
2024.12.19_14-05-53_Biarmipes_G224_no_odor,8093,8093,True
2024.12.19_14-05-53_Biarmipes_G224_no_odor,8137,8137,True
2024.12.19_14-05-53_Biarmipes_G224_no_odor,8140,8140,True
2024.12.19_14-05-53_Biarmipes_G224_no_odor,8142,8143,True
2024.12.19_14-05-53_Biarmipes_G224_no_odor,8145,8145,True
2024.12.19_14-05-53_Biarmipes_G224_no_odor,8148,8150,True
2024.12.19_14-05-53_Biarmipes_G224_no_odor,8152,8152,True
2024.12.19_14-05-53_Biarmipes_G224_no_odor,8154,8155,True
2024.12.19_14-05-53_Biarmipes_G224_no_odor,8229,8229,True
2024.12.19_14-05-53_Biarmipes_G224_no_odor,8234,8234,True
2024.12.19_14-05-53_Biarmipes_G224_no_odor,8236,8239,True
2024.12.19_14-05-53_Biarmipes_G224_no_odor,8242,8242,True
2024.12.19_14-05-53_Biarmipes_G224_no_odor,8244,8250,True
2024.12.19_14-05-53_Biarmipes_G224_no_odor,8252,8253,True
2024.12.19_14-05-53_Biarmipes_G224_no_odor,8255,8256,True
2024.12.19_14-05-53_Biarmipes_G224_no_odor,8280,8280,True
2024.12.19_14-05-53_Biarmipes_G224_no_odor,8302,8302,True
2024.12.19_14-05-53_Biarmipes_G224_no_odor,8305,8305,True
2024.12.19_14-05-53_Biarmipes_G224_no_odor,8309,8311,True
2024.12.19_14-05-53_Biarmipes_G224_no_odor,8313,8324,True
2024.12.19_14-05-53_Biarmipes_G224_no_odor,8326,8614,True
2024.11.05_05-51-49_CantonS_e2hex,3,157,True
2024.11.05_05-51-49_CantonS_e2hex,747,1325,True
2024.11.05_05-51-49_CantonS_e2hex,2145,2152,True
2024.11.05_05-51-49_CantonS_e2hex,2939,3102,True
2024.11.05_05-51-49_CantonS_e2hex,3791,4166,True
2024.11.05_05-51-49_CantonS_e2hex,4672,5154,True
2024.11.05_05-51-49_CantonS_e2hex,5156,5178,True
2024.11.05_05-51-49_CantonS_e2hex,5184,5194,True
2024.11.05_05-51-49_CantonS_e2hex,5197,5203,True
2024.11.05_05-51-49_CantonS_e2hex,5216,5225,True
2024.11.05_05-51-49_CantonS_e2hex,5233,5476,True
2024.11.05_05-51-49_CantonS_e2hex,5884,6570,True
2024.11.05_05-51-49_CantonS_e2hex,7499,8301,True
2024.11.04_05-39-33_Stocago_e2hex,402,1290,True
2024.11.04_05-39-33_Stocago_e2hex,2025,2392,True
2024.11.04_05-39-33_Stocago_e2hex,2790,2872,True
2024.11.04_05-39-33_Stocago_e2hex,2887,2887,True
2024.11.04_05-39-33_Stocago_e2hex,2889,2889,True
2024.11.04_05-39-33_Stocago_e2hex,2907,2910,True
2024.11.04_05-39-33_Stocago_e2hex,2912,2914,True
2024.11.04_05-39-33_Stocago_e2hex,2916,2916,True
2024.11.04_05-39-33_Stocago_e2hex,2927,2927,True
2024.11.04_05-39-33_Stocago_e2hex,2930,3291,True
2024.11.04_05-39-33_Stocago_e2hex,3455,3517,True
2024.11.04_05-39-33_Stocago_e2hex,3543,3572,True
2024.11.04_05-39-33_Stocago_e2hex,3584,3586,True
2024.11.04_05-39-33_Stocago_e2hex,3589,3589,True
2024.11.04_05-39-33_Stocago_e2hex,3594,3594,True
2024.11.04_05-39-33_Stocago_e2hex,3598,3598,True
2024.11.04_05-39-33_Stocago_e2hex,3600,3600,True
2024.11.04_05-39-33_Stocago_e2hex,3604,3612,True
2024.11.04_05-39-33_Stocago_e2hex,3614,3614,True
2024.11.04_05-39-33_Stocago_e2hex,3620,3620,True
2024.11.04_05-39-33_Stocago_e2hex,3623,4287,True
2024.11.04_05-39-33_Stocago_e2hex,4746,5429,True
2024.11.04_05-39-33_Stocago_e2hex,6383,6385,True
2024.11.04_05-39-33_Stocago_e2hex,6450,6450,True
2024.11.04_05-39-33_Stocago_e2hex,6511,6528,True
2024.11.04_05-39-33_Stocago_e2hex,6790,6790,True
2024.11.04_05-39-33_Stocago_e2hex,6795,6796,True
2024.11.04_05-39-33_Stocago_e2hex,6798,6798,True
2024.11.04_05-39-33_Stocago_e2hex,6800,6801,True
2024.11.04_05-39-33_Stocago_e2hex,6803,6806,True
2024.11.04_05-39-33_Stocago_e2hex,6809,6813,True
2024.11.04_05-39-33_Stocago_e2hex,6815,6839,True
2024.11.04_05-39-33_Stocago_e2hex,6848,6848,True
2024.11.04_05-39-33_Stocago_e2hex,6850,6867,True
2024.11.04_05-39-33_Stocago_e2hex,6869,6871,True
2024.11.04_05-39-33_Stocago_e2hex,6873,6873,True
2024.11.04_05-39-33_Stocago_e2hex,6962,6962,True
2024.11.04_05-39-33_Stocago_e2hex,6967,8522,True
2024.09.30_10-53-30_Stocago_no_odor,481,482,True
2024.09.30_10-53-30_Stocago_no_odor,484,486,True
2024.09.30_10-53-30_Stocago_no_odor,489,493,True
2024.09.30_10-53-30_Stocago_no_odor,496,496,True
2024.09.30_10-53-30_Stocago_no_odor,498,499,True
2024.09.30_10-53-30_Stocago_no_odor,501,512,True
2024.09.30_10-53-30_Stocago_no_odor,517,517,True
2024.09.30_10-53-30_Stocago_no_odor,519,969,True
2024.09.30_10-53-30_Stocago_no_odor,1960,1960,True
2024.09.30_10-53-30_Stocago_no_odor,1974,2278,True
2024.09.30_10-53-30_Stocago_no_odor,2293,2293,True
2024.09.30_10-53-30_Stocago_no_odor,2927,2927,True
2024.09.30_10-53-30_Stocago_no_odor,2929,3690,True
2024.09.30_10-53-30_Stocago_no_odor,5389,7996,True
2024.10.28_07-38-34_stocago_metben,3,329,True
2024.10.28_07-38-34_stocago_metben,1145,1145,True
2024.10.28_07-38-34_stocago_metben,1148,1497,True
2024.10.28_07-38-34_stocago_metben,2066,2311,True
2024.10.28_07-38-34_stocago_metben,2349,2354,True
2024.10.28_07-38-34_stocago_metben,2376,2448,True
2024.10.28_07-38-34_stocago_metben,2456,2522,True
2024.10.28_07-38-34_stocago_metben,2534,2584,True
2024.10.28_07-38-34_stocago_metben,2646,2683,True
2024.10.28_07-38-34_stocago_metben,2687,2687,True
2024.10.28_07-38-34_stocago_metben,2689,3194,True
2024.10.28_07-38-34_stocago_metben,4196,5107,True
2024.10.28_07-38-34_stocago_metben,5767,5771,True
2024.10.28_07-38-34_stocago_metben,5776,5799,True
2024.10.28_07-38-34_stocago_metben,5801,5804,True
2024.10.28_07-38-34_stocago_metben,6178,6179,True
2024.10.28_07-38-34_stocago_metben,6186,6203,True
2024.10.28_07-38-34_stocago_metben,6266,6451,True
2024.10.28_07-38-34_stocago_metben,6551,6551,True
2024.10.28_07-38-34_stocago_metben,6556,6564,True
2024.10.28_07-38-34_stocago_metben,6567,6572,True
2024.10.28_07-38-34_stocago_metben,6577,6681,True
2024.10.28_07-38-34_stocago_metben,6774,6850,True
2024.10.28_07-38-34_stocago_metben,6852,6879,True
2024.10.28_07-38-34_stocago_metben,6883,6891,True
2024.10.28_07-38-34_stocago_metben,6913,6941,True
2024.10.28_07-38-34_stocago_metben,6943,7805,True
2024.10.28_07-38-34_stocago_metben,7807,7864,True
2024.10.28_07-38-34_stocago_metben,7892,8051,True
2024.10.28_07-38-34_stocago_metben,8062,8178,True
2024.10.28_07-38-34_stocago_metben,8475,8482,True
2024.10.28_07-38-34_stocago_metben,8484,8494,True
2024.10.28_07-38-34_stocago_metben,8725,8999,True
2024.10.15_14-28-53_Sechellia_2hept,1086,1324,True
2024.10.15_14-28-53_Sechellia_2hept,1369,1493,True
2024.10.15_14-28-53_Sechellia_2hept,1495,1539,True
2024.10.15_14-28-53_Sechellia_2hept,1541,1543,True
2024.10.15_14-28-53_Sechellia_2hept,1545,1618,True
2024.10.15_14-28-53_Sechellia_2hept,1620,1621,True
2024.10.15_14-28-53_Sechellia_2hept,1623,1685,True
2024.10.15_14-28-53_Sechellia_2hept,1687,1690,True
2024.10.15_14-28-53_Sechellia_2hept,1692,1692,True
2024.10.15_14-28-53_Sechellia_2hept,1694,1694,True
2024.10.15_14-28-53_Sechellia_2hept,1696,1696,True
2024.10.15_14-28-53_Sechellia_2hept,1698,1702,True
2024.10.15_14-28-53_Sechellia_2hept,1704,1708,True
2024.10.15_14-28-53_Sechellia_2hept,1710,1723,True
2024.10.15_14-28-53_Sechellia_2hept,1725,1733,True
2024.10.15_14-28-53_Sechellia_2hept,1735,1741,True
2024.10.15_14-28-53_Sechellia_2hept,1743,1747,True
2024.10.15_14-28-53_Sechellia_2hept,1749,1749,True
2024.10.15_14-28-53_Sechellia_2hept,1751,1751,True
2024.10.15_14-28-53_Sechellia_2hept,1753,1754,True
2024.10.15_14-28-53_Sechellia_2hept,1756,1766,True
2024.10.15_14-28-53_Sechellia_2hept,1768,1768,True
2024.10.15_14-28-53_Sechellia_2hept,1770,1770,True
2024.10.15_14-28-53_Sechellia_2hept,1773,1781,True
2024.10.15_14-28-53_Sechellia_2hept,1783,1788,True
2024.10.15_14-28-53_Sechellia_2hept,1790,1790,True
2024.10.15_14-28-53_Sechellia_2hept,1792,1794,True
2024.10.15_14-28-53_Sechellia_2hept,1796,1812,True
2024.10.15_14-28-53_Sechellia_2hept,1814,1816,True
2024.10.15_14-28-53_Sechellia_2hept,1818,1870,True
2024.10.15_14-28-53_Sechellia_2hept,1872,1874,True
2024.10.15_14-28-53_Sechellia_2hept,1876,1876,True
2024.10.15_14-28-53_Sechellia_2hept,1878,1879,True
2024.10.15_14-28-53_Sechellia_2hept,1881,1904,True
2024.10.15_14-28-53_Sechellia_2hept,1906,1914,True
2024.10.15_14-28-53_Sechellia_2hept,1916,1975,True
2024.10.15_14-28-53_Sechellia_2hept,1977,2008,True
2024.10.15_14-28-53_Sechellia_2hept,2010,2018,True
2024.10.15_14-28-53_Sechellia_2hept,2020,2028,True
2024.10.15_14-28-53_Sechellia_2hept,2031,2373,True
2024.10.15_14-28-53_Sechellia_2hept,2375,2420,True
2024.10.15_14-28-53_Sechellia_2hept,2422,2449,True
2024.10.15_14-28-53_Sechellia_2hept,2458,2926,True
2024.10.15_14-28-53_Sechellia_2hept,2928,3994,True
2024.10.15_14-28-53_Sechellia_2hept,6785,8200,True
2024.11.13_01-23-08_Sussex_e2hex,3,1387,True
2024.11.13_01-23-08_Sussex_e2hex,3077,3080,True
2024.11.13_01-23-08_Sussex_e2hex,3669,3669,True
2024.11.13_01-23-08_Sussex_e2hex,3672,3690,True
2024.11.13_01-23-08_Sussex_e2hex,3895,4042,True
2024.11.13_01-23-08_Sussex_e2hex,5889,6173,True
2024.11.13_01-23-08_Sussex_e2hex,6559,8999,True
