trial,start_frame,end_frame,is_swapped
2024.11.05_02-10-55_Yakuba7_e2hex,3350.0,3387.0,1.0
2024.11.05_02-10-55_Yakuba7_e2hex,3419.0,4067.0,1.0
2024.11.05_02-10-55_Yakuba7_e2hex,4069.0,4980.0,1.0
2024.11.05_02-10-55_Yakuba7_e2hex,4983.0,5060.0,1.0
2024.11.05_02-10-55_Yakuba7_e2hex,5063.0,5139.0,1.0
2024.11.05_02-10-55_Yakuba7_e2hex,5142.0,5142.0,1.0
2024.11.05_02-10-55_Yakuba7_e2hex,5144.0,5144.0,1.0
2024.11.05_02-10-55_Yakuba7_e2hex,5173.0,5173.0,1.0
2024.11.05_02-10-55_Yakuba7_e2hex,5176.0,5177.0,1.0
2024.11.05_02-10-55_Yakuba7_e2hex,5179.0,8999.0,1.0
2024.10.23_07-57-44_Biarmipes84_prenac,3.0,2387.0,1.0
2024.10.23_07-57-44_Biarmipes84_prenac,2389.0,2390.0,1.0
2024.10.23_07-57-44_Biarmipes84_prenac,2394.0,2410.0,1.0
2024.10.23_07-57-44_Biarmipes84_prenac,2413.0,2422.0,1.0
2024.10.23_07-57-44_Biarmipes84_prenac,2424.0,2434.0,1.0
2024.10.23_07-57-44_Biarmipes84_prenac,2437.0,2437.0,1.0
2024.10.23_07-57-44_Biarmipes84_prenac,2439.0,2442.0,1.0
2024.10.23_07-57-44_Biarmipes84_prenac,2444.0,2467.0,1.0
2024.10.23_07-57-44_Biarmipes84_prenac,2469.0,2510.0,1.0
2024.10.23_07-57-44_Biarmipes84_prenac,2512.0,2547.0,1.0
2024.10.23_07-57-44_Biarmipes84_prenac,2549.0,2554.0,1.0
2024.10.23_07-57-44_Biarmipes84_prenac,2556.0,2572.0,1.0
2024.10.23_07-57-44_Biarmipes84_prenac,2574.0,2575.0,1.0
2024.10.23_07-57-44_Biarmipes84_prenac,2578.0,2581.0,1.0
2024.10.23_07-57-44_Biarmipes84_prenac,2583.0,2587.0,1.0
2024.10.23_07-57-44_Biarmipes84_prenac,2591.0,2592.0,1.0
2024.10.23_07-57-44_Biarmipes84_prenac,2594.0,2608.0,1.0
2024.10.23_07-57-44_Biarmipes84_prenac,2610.0,2621.0,1.0
2024.10.23_07-57-44_Biarmipes84_prenac,2623.0,2623.0,1.0
2024.10.23_07-57-44_Biarmipes84_prenac,2625.0,2631.0,1.0
2024.10.23_07-57-44_Biarmipes84_prenac,2633.0,2637.0,1.0
2024.10.23_07-57-44_Biarmipes84_prenac,2639.0,2646.0,1.0
2024.10.23_07-57-44_Biarmipes84_prenac,2648.0,2648.0,1.0
2024.10.23_07-57-44_Biarmipes84_prenac,2653.0,2653.0,1.0
2024.10.23_07-57-44_Biarmipes84_prenac,2655.0,2655.0,1.0
2024.10.23_07-57-44_Biarmipes84_prenac,2657.0,2667.0,1.0
2024.10.23_07-57-44_Biarmipes84_prenac,2671.0,2672.0,1.0
2024.10.23_07-57-44_Biarmipes84_prenac,2674.0,2674.0,1.0
2024.10.23_07-57-44_Biarmipes84_prenac,2676.0,2686.0,1.0
2024.10.23_07-57-44_Biarmipes84_prenac,2688.0,2694.0,1.0
2024.10.23_07-57-44_Biarmipes84_prenac,2696.0,2696.0,1.0
2024.10.23_07-57-44_Biarmipes84_prenac,2699.0,2700.0,1.0
2024.10.23_07-57-44_Biarmipes84_prenac,2702.0,2703.0,1.0
2024.10.23_07-57-44_Biarmipes84_prenac,2706.0,2707.0,1.0
2024.10.23_07-57-44_Biarmipes84_prenac,2709.0,2714.0,1.0
2024.10.23_07-57-44_Biarmipes84_prenac,2716.0,2719.0,1.0
2024.10.23_07-57-44_Biarmipes84_prenac,2721.0,2730.0,1.0
2024.10.23_07-57-44_Biarmipes84_prenac,2733.0,2733.0,1.0
2024.10.23_07-57-44_Biarmipes84_prenac,2735.0,2738.0,1.0
2024.10.23_07-57-44_Biarmipes84_prenac,2740.0,2740.0,1.0
2024.10.23_07-57-44_Biarmipes84_prenac,2742.0,2743.0,1.0
2024.10.23_07-57-44_Biarmipes84_prenac,2745.0,2747.0,1.0
2024.10.23_07-57-44_Biarmipes84_prenac,2750.0,2753.0,1.0
2024.10.23_07-57-44_Biarmipes84_prenac,2756.0,2758.0,1.0
2024.10.23_07-57-44_Biarmipes84_prenac,2762.0,2762.0,1.0
2024.10.23_07-57-44_Biarmipes84_prenac,2764.0,2764.0,1.0
2024.10.23_07-57-44_Biarmipes84_prenac,2767.0,2767.0,1.0
2024.10.23_07-57-44_Biarmipes84_prenac,2769.0,2772.0,1.0
2024.10.23_07-57-44_Biarmipes84_prenac,2774.0,2775.0,1.0
2024.10.23_07-57-44_Biarmipes84_prenac,2777.0,2777.0,1.0
2024.10.23_07-57-44_Biarmipes84_prenac,2782.0,2782.0,1.0
2024.10.23_07-57-44_Biarmipes84_prenac,2785.0,2785.0,1.0
2024.10.23_07-57-44_Biarmipes84_prenac,2792.0,2792.0,1.0
2024.10.23_07-57-44_Biarmipes84_prenac,2795.0,2795.0,1.0
2024.10.23_07-57-44_Biarmipes84_prenac,2797.0,2800.0,1.0
2024.10.23_07-57-44_Biarmipes84_prenac,2802.0,2803.0,1.0
2024.10.23_07-57-44_Biarmipes84_prenac,2805.0,2806.0,1.0
2024.10.23_07-57-44_Biarmipes84_prenac,2810.0,2817.0,1.0
2024.10.23_07-57-44_Biarmipes84_prenac,2820.0,2820.0,1.0
2024.10.23_07-57-44_Biarmipes84_prenac,2822.0,2824.0,1.0
2024.10.23_07-57-44_Biarmipes84_prenac,2826.0,2826.0,1.0
2024.10.23_07-57-44_Biarmipes84_prenac,2829.0,2830.0,1.0
2024.10.23_07-57-44_Biarmipes84_prenac,2832.0,2833.0,1.0
2024.10.23_07-57-44_Biarmipes84_prenac,2835.0,2835.0,1.0
2024.10.23_07-57-44_Biarmipes84_prenac,2837.0,2838.0,1.0
2024.10.23_07-57-44_Biarmipes84_prenac,2840.0,2841.0,1.0
2024.10.23_07-57-44_Biarmipes84_prenac,2843.0,2844.0,1.0
2024.10.23_07-57-44_Biarmipes84_prenac,2846.0,2847.0,1.0
2024.10.23_07-57-44_Biarmipes84_prenac,2849.0,2850.0,1.0
2024.10.23_07-57-44_Biarmipes84_prenac,2852.0,2861.0,1.0
2024.10.23_07-57-44_Biarmipes84_prenac,2863.0,3089.0,1.0
2024.10.23_07-57-44_Biarmipes84_prenac,3091.0,3091.0,1.0
2024.10.23_07-57-44_Biarmipes84_prenac,3093.0,3093.0,1.0
2024.10.23_07-57-44_Biarmipes84_prenac,3095.0,3095.0,1.0
2024.10.23_07-57-44_Biarmipes84_prenac,3102.0,3113.0,1.0
2024.10.23_07-57-44_Biarmipes84_prenac,3115.0,3117.0,1.0
2024.10.23_07-57-44_Biarmipes84_prenac,3120.0,3120.0,1.0
2024.10.23_07-57-44_Biarmipes84_prenac,3123.0,3135.0,1.0
2024.10.23_07-57-44_Biarmipes84_prenac,3137.0,3137.0,1.0
2024.10.23_07-57-44_Biarmipes84_prenac,3140.0,3829.0,1.0
2024.10.23_07-57-44_Biarmipes84_prenac,3831.0,5625.0,1.0
2024.10.23_07-57-44_Biarmipes84_prenac,5627.0,5704.0,1.0
2024.10.23_07-57-44_Biarmipes84_prenac,5706.0,5753.0,1.0
2024.10.23_07-57-44_Biarmipes84_prenac,5760.0,5951.0,1.0
2024.10.23_07-57-44_Biarmipes84_prenac,5953.0,6001.0,1.0
2024.10.23_07-57-44_Biarmipes84_prenac,6003.0,6003.0,1.0
2024.10.23_07-57-44_Biarmipes84_prenac,6008.0,6114.0,1.0
2024.10.23_07-57-44_Biarmipes84_prenac,6116.0,6373.0,1.0
2024.10.23_07-57-44_Biarmipes84_prenac,6375.0,6375.0,1.0
2024.10.23_07-57-44_Biarmipes84_prenac,6378.0,6395.0,1.0
2024.10.23_07-57-44_Biarmipes84_prenac,6398.0,6399.0,1.0
2024.10.23_07-57-44_Biarmipes84_prenac,6401.0,6452.0,1.0
2024.10.23_07-57-44_Biarmipes84_prenac,6454.0,6469.0,1.0
2024.10.23_07-57-44_Biarmipes84_prenac,6526.0,6548.0,1.0
2024.10.23_07-57-44_Biarmipes84_prenac,6551.0,6551.0,1.0
2024.10.11_12-42-50_Yakuba_Cameroon_2hexanol,3.0,1234.0,1.0
2024.10.11_12-42-50_Yakuba_Cameroon_2hexanol,1236.0,1323.0,1.0
2024.10.11_12-42-50_Yakuba_Cameroon_2hexanol,1325.0,1333.0,1.0
2024.10.11_12-42-50_Yakuba_Cameroon_2hexanol,1335.0,1335.0,1.0
2024.10.11_12-42-50_Yakuba_Cameroon_2hexanol,1339.0,1356.0,1.0
2024.10.11_12-42-50_Yakuba_Cameroon_2hexanol,1359.0,1366.0,1.0
2024.10.11_12-42-50_Yakuba_Cameroon_2hexanol,1368.0,1379.0,1.0
2024.10.11_12-42-50_Yakuba_Cameroon_2hexanol,1382.0,1382.0,1.0
2024.10.11_12-42-50_Yakuba_Cameroon_2hexanol,1384.0,1390.0,1.0
2024.11.01_08-05-24_Yakuba7_e2hex,6470.0,6470.0,1.0
2024.11.01_08-05-24_Yakuba7_e2hex,6473.0,6473.0,1.0
2024.11.01_08-05-24_Yakuba7_e2hex,6477.0,6477.0,1.0
2024.11.01_08-05-24_Yakuba7_e2hex,6479.0,6479.0,1.0
2024.11.01_08-05-24_Yakuba7_e2hex,6481.0,6482.0,1.0
2024.11.01_08-05-24_Yakuba7_e2hex,6485.0,6485.0,1.0
2024.11.01_08-05-24_Yakuba7_e2hex,6490.0,6491.0,1.0
2024.11.01_08-05-24_Yakuba7_e2hex,6493.0,6494.0,1.0
2024.11.01_08-05-24_Yakuba7_e2hex,6496.0,6503.0,1.0
2024.11.01_08-05-24_Yakuba7_e2hex,6505.0,6516.0,1.0
2024.11.01_08-05-24_Yakuba7_e2hex,6518.0,6521.0,1.0
2024.11.01_08-05-24_Yakuba7_e2hex,6523.0,6523.0,1.0
2024.11.01_08-05-24_Yakuba7_e2hex,6525.0,6534.0,1.0
2024.11.01_08-05-24_Yakuba7_e2hex,6536.0,6551.0,1.0
2024.11.01_08-05-24_Yakuba7_e2hex,6553.0,6558.0,1.0
2024.11.01_08-05-24_Yakuba7_e2hex,6560.0,6570.0,1.0
2024.11.01_08-05-24_Yakuba7_e2hex,6572.0,6576.0,1.0
2024.11.01_08-05-24_Yakuba7_e2hex,6580.0,6582.0,1.0
2024.11.01_08-05-24_Yakuba7_e2hex,6584.0,6590.0,1.0
2024.11.01_08-05-24_Yakuba7_e2hex,6592.0,6597.0,1.0
2024.11.01_08-05-24_Yakuba7_e2hex,6599.0,6605.0,1.0
2024.11.01_08-05-24_Yakuba7_e2hex,6607.0,6617.0,1.0
2024.11.01_08-05-24_Yakuba7_e2hex,6619.0,6624.0,1.0
2024.11.01_08-05-24_Yakuba7_e2hex,6626.0,6633.0,1.0
2024.11.01_08-05-24_Yakuba7_e2hex,6635.0,6640.0,1.0
2024.11.01_08-05-24_Yakuba7_e2hex,6643.0,6653.0,1.0
2024.11.01_08-05-24_Yakuba7_e2hex,6655.0,6660.0,1.0
2024.11.01_08-05-24_Yakuba7_e2hex,6663.0,8893.0,1.0
2024.09.24_16-45-15_Yakuba7_no_odor,3.0,1450.0,1.0
2024.09.24_16-45-15_Yakuba7_no_odor,1452.0,1463.0,1.0
2024.09.24_16-45-15_Yakuba7_no_odor,1465.0,1482.0,1.0
2024.09.24_16-45-15_Yakuba7_no_odor,1484.0,1498.0,1.0
2024.09.24_16-45-15_Yakuba7_no_odor,1500.0,1662.0,1.0
2024.09.24_16-45-15_Yakuba7_no_odor,1665.0,1666.0,1.0
2024.09.24_16-45-15_Yakuba7_no_odor,1668.0,1681.0,1.0
2024.09.24_16-45-15_Yakuba7_no_odor,1684.0,1685.0,1.0
2024.09.24_16-45-15_Yakuba7_no_odor,1688.0,1691.0,1.0
2024.09.24_16-45-15_Yakuba7_no_odor,1693.0,1696.0,1.0
2024.09.24_16-45-15_Yakuba7_no_odor,1698.0,1699.0,1.0
2024.09.24_16-45-15_Yakuba7_no_odor,1701.0,1721.0,1.0
2024.09.24_16-45-15_Yakuba7_no_odor,1725.0,1726.0,1.0
2024.09.24_16-45-15_Yakuba7_no_odor,1729.0,1737.0,1.0
2024.09.24_16-45-15_Yakuba7_no_odor,1739.0,1745.0,1.0
2024.09.24_16-45-15_Yakuba7_no_odor,1747.0,1750.0,1.0
2024.09.24_16-45-15_Yakuba7_no_odor,1752.0,1763.0,1.0
2024.09.24_16-45-15_Yakuba7_no_odor,1765.0,1765.0,1.0
2024.09.24_16-45-15_Yakuba7_no_odor,1767.0,1767.0,1.0
2024.09.24_16-45-15_Yakuba7_no_odor,1769.0,1769.0,1.0
2024.09.24_16-45-15_Yakuba7_no_odor,1774.0,1774.0,1.0
2024.09.24_16-45-15_Yakuba7_no_odor,1776.0,1777.0,1.0
2024.09.24_16-45-15_Yakuba7_no_odor,1780.0,1780.0,1.0
2024.09.24_16-45-15_Yakuba7_no_odor,1782.0,1796.0,1.0
2024.09.24_16-45-15_Yakuba7_no_odor,1799.0,1799.0,1.0
2024.09.24_16-45-15_Yakuba7_no_odor,1801.0,1817.0,1.0
2024.09.24_16-45-15_Yakuba7_no_odor,1819.0,1819.0,1.0
2024.09.24_16-45-15_Yakuba7_no_odor,1821.0,1824.0,1.0
2024.09.24_16-45-15_Yakuba7_no_odor,1826.0,1880.0,1.0
2024.09.24_16-45-15_Yakuba7_no_odor,1891.0,1891.0,1.0
2024.09.24_16-45-15_Yakuba7_no_odor,1896.0,1902.0,1.0
2024.09.24_16-45-15_Yakuba7_no_odor,1906.0,1906.0,1.0
2024.09.24_16-45-15_Yakuba7_no_odor,1909.0,1909.0,1.0
2024.09.24_16-45-15_Yakuba7_no_odor,1911.0,2038.0,1.0
2024.09.24_16-45-15_Yakuba7_no_odor,2040.0,7757.0,1.0
2024.09.24_16-45-15_Yakuba7_no_odor,7759.0,7782.0,1.0
2024.09.24_16-45-15_Yakuba7_no_odor,7784.0,7795.0,1.0
2024.09.24_16-45-15_Yakuba7_no_odor,7797.0,7805.0,1.0
2024.09.24_16-45-15_Yakuba7_no_odor,7807.0,8082.0,1.0
2024.09.24_16-45-15_Yakuba7_no_odor,8085.0,8098.0,1.0
2024.09.24_16-45-15_Yakuba7_no_odor,8100.0,8101.0,1.0
2024.09.24_16-45-15_Yakuba7_no_odor,8103.0,8118.0,1.0
2024.09.24_16-45-15_Yakuba7_no_odor,8120.0,8121.0,1.0
2024.09.24_16-45-15_Yakuba7_no_odor,8124.0,8130.0,1.0
2024.09.24_16-45-15_Yakuba7_no_odor,8132.0,8132.0,1.0
2024.09.24_16-45-15_Yakuba7_no_odor,8134.0,8136.0,1.0
2024.09.24_16-45-15_Yakuba7_no_odor,8139.0,8139.0,1.0
2024.09.24_16-45-15_Yakuba7_no_odor,8143.0,8144.0,1.0
2024.09.24_16-45-15_Yakuba7_no_odor,8146.0,8147.0,1.0
2024.09.24_16-45-15_Yakuba7_no_odor,8149.0,8150.0,1.0
2024.09.24_16-45-15_Yakuba7_no_odor,8152.0,8154.0,1.0
2024.09.24_16-45-15_Yakuba7_no_odor,8156.0,8165.0,1.0
2024.09.24_16-45-15_Yakuba7_no_odor,8167.0,8167.0,1.0
2024.09.24_16-45-15_Yakuba7_no_odor,8169.0,8189.0,1.0
2024.09.24_16-45-15_Yakuba7_no_odor,8191.0,8197.0,1.0
2024.09.24_16-45-15_Yakuba7_no_odor,8199.0,8217.0,1.0
2024.09.24_16-45-15_Yakuba7_no_odor,8219.0,8225.0,1.0
2024.09.24_16-45-15_Yakuba7_no_odor,8227.0,8238.0,1.0
2024.09.24_16-45-15_Yakuba7_no_odor,8240.0,8307.0,1.0
2024.09.24_16-45-15_Yakuba7_no_odor,8309.0,8310.0,1.0
2024.09.24_16-45-15_Yakuba7_no_odor,8312.0,8313.0,1.0
2024.09.24_16-45-15_Yakuba7_no_odor,8315.0,8347.0,1.0
2024.09.24_16-45-15_Yakuba7_no_odor,8349.0,8349.0,1.0
2024.09.24_16-45-15_Yakuba7_no_odor,8352.0,8354.0,1.0
2024.09.24_16-45-15_Yakuba7_no_odor,8356.0,8362.0,1.0
2024.09.24_16-45-15_Yakuba7_no_odor,8364.0,8391.0,1.0
2024.09.24_16-45-15_Yakuba7_no_odor,8394.0,8394.0,1.0
2024.09.24_16-45-15_Yakuba7_no_odor,8397.0,8398.0,1.0
2024.09.24_16-45-15_Yakuba7_no_odor,8400.0,8404.0,1.0
2024.09.24_16-45-15_Yakuba7_no_odor,8406.0,8407.0,1.0
2024.09.24_16-45-15_Yakuba7_no_odor,8409.0,8411.0,1.0
2024.09.24_16-45-15_Yakuba7_no_odor,8413.0,8416.0,1.0
2024.09.24_16-45-15_Yakuba7_no_odor,8419.0,8420.0,1.0
2024.09.24_16-45-15_Yakuba7_no_odor,8422.0,8422.0,1.0
2024.09.24_16-45-15_Yakuba7_no_odor,8425.0,8425.0,1.0
2024.09.24_16-45-15_Yakuba7_no_odor,8428.0,8429.0,1.0
2024.09.24_16-45-15_Yakuba7_no_odor,8433.0,8433.0,1.0
2024.09.24_16-45-15_Yakuba7_no_odor,8436.0,8441.0,1.0
2024.09.24_16-45-15_Yakuba7_no_odor,8443.0,8453.0,1.0
2024.09.24_16-45-15_Yakuba7_no_odor,8457.0,8462.0,1.0
2024.09.24_16-45-15_Yakuba7_no_odor,8464.0,8470.0,1.0
2024.09.24_16-45-15_Yakuba7_no_odor,8472.0,8473.0,1.0
2024.09.24_16-45-15_Yakuba7_no_odor,8475.0,8475.0,1.0
2024.09.24_16-45-15_Yakuba7_no_odor,8480.0,8480.0,1.0
2024.09.24_16-45-15_Yakuba7_no_odor,8482.0,8487.0,1.0
2024.09.24_16-45-15_Yakuba7_no_odor,8489.0,8489.0,1.0
2024.09.24_16-45-15_Yakuba7_no_odor,8491.0,8492.0,1.0
2024.09.24_16-45-15_Yakuba7_no_odor,8496.0,8536.0,1.0
2024.09.24_16-45-15_Yakuba7_no_odor,8538.0,8541.0,1.0
2024.09.24_16-45-15_Yakuba7_no_odor,8543.0,8558.0,1.0
2024.09.24_16-45-15_Yakuba7_no_odor,8560.0,8569.0,1.0
2024.09.24_16-45-15_Yakuba7_no_odor,8571.0,8573.0,1.0
2024.09.24_16-45-15_Yakuba7_no_odor,8575.0,8580.0,1.0
2024.09.24_16-45-15_Yakuba7_no_odor,8582.0,8589.0,1.0
2024.09.24_16-45-15_Yakuba7_no_odor,8591.0,8593.0,1.0
2024.09.24_16-45-15_Yakuba7_no_odor,8595.0,8600.0,1.0
2024.09.24_16-45-15_Yakuba7_no_odor,8605.0,8610.0,1.0
2024.09.24_16-45-15_Yakuba7_no_odor,8612.0,8615.0,1.0
2024.09.24_16-45-15_Yakuba7_no_odor,8618.0,8621.0,1.0
2024.09.24_16-45-15_Yakuba7_no_odor,8625.0,8625.0,1.0
2024.09.24_16-45-15_Yakuba7_no_odor,8628.0,8634.0,1.0
2024.09.24_16-45-15_Yakuba7_no_odor,8636.0,8645.0,1.0
2024.09.24_16-45-15_Yakuba7_no_odor,8648.0,8648.0,1.0
2024.09.24_16-45-15_Yakuba7_no_odor,8650.0,8662.0,1.0
2024.09.24_16-45-15_Yakuba7_no_odor,8664.0,8687.0,1.0
2024.09.24_16-45-15_Yakuba7_no_odor,8689.0,8694.0,1.0
2024.09.24_16-45-15_Yakuba7_no_odor,8696.0,8942.0,1.0
2024.10.18_09-33-31_Sussex_prenac,2531.0,2536.0,1.0
2024.10.18_09-33-31_Sussex_prenac,2538.0,8999.0,1.0
2024.10.02_10-38-57_Biarmipes_G224_no_odor,3.0,242.0,1.0
2024.10.02_10-38-57_Biarmipes_G224_no_odor,244.0,244.0,1.0
2024.10.02_10-38-57_Biarmipes_G224_no_odor,246.0,254.0,1.0
2024.10.02_10-38-57_Biarmipes_G224_no_odor,261.0,462.0,1.0
2024.10.02_10-38-57_Biarmipes_G224_no_odor,464.0,465.0,1.0
2024.10.02_10-38-57_Biarmipes_G224_no_odor,467.0,467.0,1.0
2024.10.02_10-38-57_Biarmipes_G224_no_odor,469.0,477.0,1.0
2024.10.28_07-03-50_stocago_metben,3.0,2269.0,1.0
2024.10.16_11-03-48_Yakuba_Cameroon_prenac,1888.0,3471.0,1.0
2024.10.16_11-03-48_Yakuba_Cameroon_prenac,3473.0,3473.0,1.0
2024.10.16_11-03-48_Yakuba_Cameroon_prenac,3476.0,3477.0,1.0
2024.10.16_11-03-48_Yakuba_Cameroon_prenac,3479.0,3482.0,1.0
2024.10.16_11-03-48_Yakuba_Cameroon_prenac,3485.0,3486.0,1.0
2024.10.30_03-27-32_Sechellia28_metben,4691.0,4691.0,1.0
2024.10.30_03-27-32_Sechellia28_metben,4693.0,4693.0,1.0
2024.10.30_03-27-32_Sechellia28_metben,4695.0,4702.0,1.0
2024.10.30_03-27-32_Sechellia28_metben,4704.0,4712.0,1.0
2024.10.30_03-27-32_Sechellia28_metben,4714.0,4729.0,1.0
2024.10.30_03-27-32_Sechellia28_metben,4731.0,4733.0,1.0
2024.10.30_03-27-32_Sechellia28_metben,4739.0,4832.0,1.0
2024.10.30_03-27-32_Sechellia28_metben,4834.0,5829.0,1.0
2024.10.30_03-27-32_Sechellia28_metben,5831.0,5834.0,1.0
2024.10.30_03-27-32_Sechellia28_metben,5836.0,5850.0,1.0
2024.10.30_03-27-32_Sechellia28_metben,5853.0,5870.0,1.0
2024.10.30_03-27-32_Sechellia28_metben,5872.0,5881.0,1.0
2024.10.30_03-27-32_Sechellia28_metben,5883.0,6008.0,1.0
2024.10.30_03-27-32_Sechellia28_metben,6010.0,6017.0,1.0
2024.10.30_03-27-32_Sechellia28_metben,6019.0,6020.0,1.0
2024.10.30_03-27-32_Sechellia28_metben,6022.0,6025.0,1.0
2024.10.30_03-27-32_Sechellia28_metben,6027.0,6027.0,1.0
2024.10.30_03-27-32_Sechellia28_metben,6029.0,6036.0,1.0
2024.10.30_03-27-32_Sechellia28_metben,6038.0,6042.0,1.0
2024.10.30_03-27-32_Sechellia28_metben,6045.0,6081.0,1.0
2024.10.30_03-27-32_Sechellia28_metben,6083.0,6102.0,1.0
2024.10.30_03-27-32_Sechellia28_metben,6104.0,7570.0,1.0
2024.11.04_05-39-33_Stocago_e2hex,2927.0,2927.0,1.0
2024.11.04_05-39-33_Stocago_e2hex,2930.0,3591.0,1.0
2024.11.04_05-39-33_Stocago_e2hex,6967.0,8999.0,1.0
2024.10.15_14-28-53_Sechellia_2hept,3.0,736.0,1.0
2024.10.15_14-28-53_Sechellia_2hept,2458.0,2470.0,1.0
2024.10.15_14-28-53_Sechellia_2hept,2524.0,3069.0,1.0
2024.10.15_14-28-53_Sechellia_2hept,6957.0,8200.0,1.0
2024.10.29_04-30-46_Biarmipes84_metben,5981.0,5989.0,1.0
2024.10.29_04-30-46_Biarmipes84_metben,5992.0,5992.0,1.0
2024.10.29_04-30-46_Biarmipes84_metben,5994.0,5997.0,1.0
2024.10.29_04-30-46_Biarmipes84_metben,5999.0,6000.0,1.0
2024.10.29_04-30-46_Biarmipes84_metben,6002.0,6006.0,1.0
2024.10.29_04-30-46_Biarmipes84_metben,6009.0,6011.0,1.0
2024.10.29_04-30-46_Biarmipes84_metben,6013.0,6018.0,1.0
2024.10.29_04-30-46_Biarmipes84_metben,6020.0,6021.0,1.0
2024.10.29_04-30-46_Biarmipes84_metben,6023.0,6023.0,1.0
2024.10.29_04-30-46_Biarmipes84_metben,6025.0,6025.0,1.0
2024.10.29_04-30-46_Biarmipes84_metben,6027.0,6028.0,1.0
2024.10.29_04-30-46_Biarmipes84_metben,6030.0,6032.0,1.0
2024.10.29_04-30-46_Biarmipes84_metben,6034.0,6036.0,1.0
2024.10.29_04-30-46_Biarmipes84_metben,6039.0,6042.0,1.0
2024.10.29_04-30-46_Biarmipes84_metben,6045.0,6063.0,1.0
2024.10.29_04-30-46_Biarmipes84_metben,6065.0,6066.0,1.0
2024.10.29_04-30-46_Biarmipes84_metben,6068.0,6075.0,1.0
2024.10.29_04-30-46_Biarmipes84_metben,6077.0,6079.0,1.0
2024.10.29_04-30-46_Biarmipes84_metben,6081.0,6082.0,1.0
2024.10.29_04-30-46_Biarmipes84_metben,6084.0,6086.0,1.0
2024.10.29_04-30-46_Biarmipes84_metben,6088.0,6088.0,1.0
2024.10.29_04-30-46_Biarmipes84_metben,6092.0,6093.0,1.0
2024.10.29_04-30-46_Biarmipes84_metben,6096.0,6097.0,1.0
2024.10.29_04-30-46_Biarmipes84_metben,6099.0,6100.0,1.0
2024.10.29_04-30-46_Biarmipes84_metben,6107.0,6112.0,1.0
2024.10.29_04-30-46_Biarmipes84_metben,6115.0,6118.0,1.0
2024.10.29_04-30-46_Biarmipes84_metben,6121.0,6121.0,1.0
2024.10.29_04-30-46_Biarmipes84_metben,6124.0,6127.0,1.0
2024.10.29_04-30-46_Biarmipes84_metben,6133.0,6134.0,1.0
2024.10.29_04-30-46_Biarmipes84_metben,6136.0,6139.0,1.0
2024.10.29_04-30-46_Biarmipes84_metben,6143.0,6143.0,1.0
2024.10.29_04-30-46_Biarmipes84_metben,6148.0,6150.0,1.0
2024.10.29_04-30-46_Biarmipes84_metben,6153.0,6153.0,1.0
2024.10.29_04-30-46_Biarmipes84_metben,6155.0,6156.0,1.0
2024.10.29_04-30-46_Biarmipes84_metben,6163.0,6164.0,1.0
2024.10.29_04-30-46_Biarmipes84_metben,6166.0,6172.0,1.0
2024.10.29_04-30-46_Biarmipes84_metben,6176.0,6178.0,1.0
2024.10.29_04-30-46_Biarmipes84_metben,6180.0,6180.0,1.0
2024.10.29_04-30-46_Biarmipes84_metben,6182.0,6183.0,1.0
2024.10.29_04-30-46_Biarmipes84_metben,6185.0,6185.0,1.0
2024.10.29_04-30-46_Biarmipes84_metben,6189.0,6191.0,1.0
2024.10.29_04-30-46_Biarmipes84_metben,6195.0,6195.0,1.0
2024.10.29_04-30-46_Biarmipes84_metben,6198.0,6198.0,1.0
2024.10.29_04-30-46_Biarmipes84_metben,6200.0,6206.0,1.0
2024.10.29_04-30-46_Biarmipes84_metben,6208.0,6210.0,1.0
2024.10.29_04-30-46_Biarmipes84_metben,6212.0,6213.0,1.0
2024.10.29_04-30-46_Biarmipes84_metben,6215.0,6220.0,1.0
2024.10.29_04-30-46_Biarmipes84_metben,6228.0,6228.0,1.0
2024.10.29_04-30-46_Biarmipes84_metben,6231.0,6234.0,1.0
2024.10.29_04-30-46_Biarmipes84_metben,6236.0,6239.0,1.0
2024.10.29_04-30-46_Biarmipes84_metben,6242.0,6243.0,1.0
2024.10.29_04-30-46_Biarmipes84_metben,6247.0,6247.0,1.0
2024.10.29_04-30-46_Biarmipes84_metben,6250.0,6253.0,1.0
2024.10.29_04-30-46_Biarmipes84_metben,6255.0,6257.0,1.0
2024.10.29_04-30-46_Biarmipes84_metben,6259.0,6260.0,1.0
2024.10.29_04-30-46_Biarmipes84_metben,6262.0,6264.0,1.0
2024.10.29_04-30-46_Biarmipes84_metben,6266.0,6268.0,1.0
2024.10.29_04-30-46_Biarmipes84_metben,6270.0,6273.0,1.0
2024.10.29_04-30-46_Biarmipes84_metben,6275.0,6280.0,1.0
2024.10.29_04-30-46_Biarmipes84_metben,6282.0,6283.0,1.0
2024.10.29_04-30-46_Biarmipes84_metben,6285.0,6289.0,1.0
2024.10.29_04-30-46_Biarmipes84_metben,6291.0,6291.0,1.0
2024.10.29_04-30-46_Biarmipes84_metben,6293.0,6296.0,1.0
2024.10.29_04-30-46_Biarmipes84_metben,6298.0,6307.0,1.0
2024.10.29_04-30-46_Biarmipes84_metben,6309.0,6310.0,1.0
2024.10.29_04-30-46_Biarmipes84_metben,6312.0,6317.0,1.0
2024.10.29_04-30-46_Biarmipes84_metben,6319.0,6332.0,1.0
2024.10.29_04-30-46_Biarmipes84_metben,6334.0,6361.0,1.0
2024.10.29_04-30-46_Biarmipes84_metben,6363.0,6366.0,1.0
2024.10.29_04-30-46_Biarmipes84_metben,6368.0,6368.0,1.0
2024.10.29_04-30-46_Biarmipes84_metben,6370.0,6407.0,1.0
2024.10.29_04-30-46_Biarmipes84_metben,6409.0,6420.0,1.0
2024.10.29_04-30-46_Biarmipes84_metben,6422.0,6430.0,1.0
2024.10.29_04-30-46_Biarmipes84_metben,6432.0,6450.0,1.0
2024.10.29_04-30-46_Biarmipes84_metben,6452.0,6459.0,1.0
2024.10.29_04-30-46_Biarmipes84_metben,6461.0,6470.0,1.0
2024.10.29_04-30-46_Biarmipes84_metben,6472.0,6473.0,1.0
2024.10.29_04-30-46_Biarmipes84_metben,6475.0,6489.0,1.0
2024.10.29_04-30-46_Biarmipes84_metben,6491.0,6492.0,1.0
2024.10.29_04-30-46_Biarmipes84_metben,6494.0,6494.0,1.0
2024.10.29_04-30-46_Biarmipes84_metben,6496.0,6506.0,1.0
2024.10.29_04-30-46_Biarmipes84_metben,6508.0,6511.0,1.0
2024.10.29_04-30-46_Biarmipes84_metben,6513.0,6515.0,1.0
2024.10.29_04-30-46_Biarmipes84_metben,6517.0,6537.0,1.0
2024.10.29_04-30-46_Biarmipes84_metben,6539.0,6547.0,1.0
2024.10.29_04-30-46_Biarmipes84_metben,6549.0,6588.0,1.0
2024.10.29_04-30-46_Biarmipes84_metben,6590.0,6642.0,1.0
2024.10.29_04-30-46_Biarmipes84_metben,6644.0,6651.0,1.0
2024.10.29_04-30-46_Biarmipes84_metben,6653.0,6674.0,1.0
2024.10.29_04-30-46_Biarmipes84_metben,6676.0,6680.0,1.0
2024.10.29_04-30-46_Biarmipes84_metben,6683.0,6728.0,1.0
2024.10.29_04-30-46_Biarmipes84_metben,6730.0,6735.0,1.0
2024.10.29_04-30-46_Biarmipes84_metben,6737.0,6918.0,1.0
2024.10.29_04-30-46_Biarmipes84_metben,6920.0,6921.0,1.0
2024.10.29_04-30-46_Biarmipes84_metben,6924.0,6959.0,1.0
2024.10.29_04-30-46_Biarmipes84_metben,6961.0,7035.0,1.0
2024.10.29_04-30-46_Biarmipes84_metben,7037.0,7037.0,1.0
2024.10.29_04-30-46_Biarmipes84_metben,7039.0,7143.0,1.0
2024.10.29_04-30-46_Biarmipes84_metben,7145.0,7175.0,1.0
2024.10.29_04-30-46_Biarmipes84_metben,7177.0,7218.0,1.0
2024.10.29_04-30-46_Biarmipes84_metben,7220.0,7348.0,1.0
2024.10.29_04-30-46_Biarmipes84_metben,7350.0,7353.0,1.0
2024.10.29_04-30-46_Biarmipes84_metben,7355.0,7380.0,1.0
2024.10.29_04-30-46_Biarmipes84_metben,7382.0,7394.0,1.0
2024.10.29_04-30-46_Biarmipes84_metben,7396.0,7424.0,1.0
2024.10.29_04-30-46_Biarmipes84_metben,7426.0,7499.0,1.0
2024.10.29_04-30-46_Biarmipes84_metben,7501.0,7525.0,1.0
2024.10.29_04-30-46_Biarmipes84_metben,7527.0,7579.0,1.0
2024.10.29_04-30-46_Biarmipes84_metben,7581.0,7590.0,1.0
2024.10.29_04-30-46_Biarmipes84_metben,7592.0,7600.0,1.0
2024.10.29_04-30-46_Biarmipes84_metben,7602.0,7617.0,1.0
2024.10.29_04-30-46_Biarmipes84_metben,7619.0,7804.0,1.0
2024.10.29_04-30-46_Biarmipes84_metben,7806.0,7886.0,1.0
2024.10.29_04-30-46_Biarmipes84_metben,7888.0,8205.0,1.0
2024.10.29_04-30-46_Biarmipes84_metben,8207.0,8871.0,1.0
2024.10.14_09-10-11_Riverside_prenac,2032.0,2256.0,1.0
2024.10.14_09-10-11_Riverside_prenac,2266.0,2268.0,1.0
2024.10.14_09-10-11_Riverside_prenac,2272.0,2272.0,1.0
2024.10.14_09-10-11_Riverside_prenac,2292.0,2292.0,1.0
2024.10.14_09-10-11_Riverside_prenac,2298.0,2299.0,1.0
2024.10.14_09-10-11_Riverside_prenac,2301.0,3540.0,1.0
2024.10.14_09-10-11_Riverside_prenac,3554.0,3684.0,1.0
2024.10.14_09-10-11_Riverside_prenac,3686.0,3686.0,1.0
2024.10.14_09-10-11_Riverside_prenac,3718.0,3740.0,1.0
2024.10.14_09-10-11_Riverside_prenac,3742.0,3847.0,1.0
2024.10.14_09-10-11_Riverside_prenac,3849.0,3858.0,1.0
2024.10.14_09-10-11_Riverside_prenac,3880.0,4095.0,1.0
2024.10.14_09-10-11_Riverside_prenac,4101.0,4310.0,1.0
2024.10.14_09-10-11_Riverside_prenac,4312.0,4316.0,1.0
2024.10.14_09-10-11_Riverside_prenac,4318.0,4318.0,1.0
2024.10.14_09-10-11_Riverside_prenac,4322.0,4322.0,1.0
2024.10.14_09-10-11_Riverside_prenac,4336.0,4336.0,1.0
2024.10.14_09-10-11_Riverside_prenac,4340.0,5049.0,1.0
2024.10.14_09-10-11_Riverside_prenac,5052.0,5052.0,1.0
2024.10.01_13-21-52_CantonS_metbut,8599.0,8615.0,1.0
2024.10.01_13-21-52_CantonS_metbut,8619.0,8999.0,1.0
2024.10.02_12-34-33_CantonS_metbut,6955.0,8999.0,1.0
2024.10.18_12-59-49_Sto_car_prenac,3.0,1954.0,1.0
2024.10.29_04-09-25_Biarmipes84_metben,1444.0,1523.0,1.0
2024.10.29_04-09-25_Biarmipes84_metben,1530.0,1615.0,1.0
2024.10.29_04-09-25_Biarmipes84_metben,1620.0,2141.0,1.0
2024.10.29_04-09-25_Biarmipes84_metben,2147.0,4552.0,1.0
2024.10.29_04-09-25_Biarmipes84_metben,4554.0,4577.0,1.0
2024.10.29_04-09-25_Biarmipes84_metben,4581.0,4581.0,1.0
2024.10.29_04-09-25_Biarmipes84_metben,4583.0,4583.0,1.0
2024.10.29_04-09-25_Biarmipes84_metben,4585.0,4585.0,1.0
2024.10.29_04-09-25_Biarmipes84_metben,4589.0,4589.0,1.0
2024.10.29_04-09-25_Biarmipes84_metben,4596.0,4596.0,1.0
2024.10.29_04-09-25_Biarmipes84_metben,4599.0,4600.0,1.0
2024.10.29_04-09-25_Biarmipes84_metben,4605.0,4610.0,1.0
2024.10.29_04-09-25_Biarmipes84_metben,4614.0,4615.0,1.0
2024.10.29_04-09-25_Biarmipes84_metben,4617.0,4620.0,1.0
2024.10.29_04-09-25_Biarmipes84_metben,4624.0,4625.0,1.0
2024.10.29_04-09-25_Biarmipes84_metben,4628.0,4633.0,1.0
2024.10.29_04-09-25_Biarmipes84_metben,4635.0,4635.0,1.0
2024.10.29_04-09-25_Biarmipes84_metben,4637.0,4640.0,1.0
2024.10.29_04-09-25_Biarmipes84_metben,4643.0,4652.0,1.0
2024.10.29_04-09-25_Biarmipes84_metben,4654.0,4658.0,1.0
2024.10.29_04-09-25_Biarmipes84_metben,4660.0,4662.0,1.0
2024.10.29_04-09-25_Biarmipes84_metben,4664.0,4665.0,1.0
2024.10.29_04-09-25_Biarmipes84_metben,4668.0,4668.0,1.0
2024.10.29_04-09-25_Biarmipes84_metben,4670.0,4673.0,1.0
2024.10.29_04-09-25_Biarmipes84_metben,4677.0,4678.0,1.0
2024.10.29_04-09-25_Biarmipes84_metben,4680.0,4687.0,1.0
2024.10.29_04-09-25_Biarmipes84_metben,4690.0,4692.0,1.0
2024.10.29_04-09-25_Biarmipes84_metben,4694.0,4696.0,1.0
2024.10.29_04-09-25_Biarmipes84_metben,4698.0,4699.0,1.0
2024.10.29_04-09-25_Biarmipes84_metben,4703.0,4703.0,1.0
2024.10.29_04-09-25_Biarmipes84_metben,4705.0,4707.0,1.0
2024.10.29_04-09-25_Biarmipes84_metben,4709.0,4725.0,1.0
2024.10.29_04-09-25_Biarmipes84_metben,4729.0,4755.0,1.0
2024.10.29_04-09-25_Biarmipes84_metben,4758.0,4759.0,1.0
2024.10.29_04-09-25_Biarmipes84_metben,4762.0,4784.0,1.0
2024.10.29_04-09-25_Biarmipes84_metben,4786.0,4879.0,1.0
2024.10.08_11-29-42_Sto_car_no_odor,3.0,22.0,1.0
2024.10.08_11-29-42_Sto_car_no_odor,24.0,28.0,1.0
2024.10.08_11-29-42_Sto_car_no_odor,31.0,52.0,1.0
2024.10.08_11-29-42_Sto_car_no_odor,55.0,157.0,1.0
2024.10.08_11-29-42_Sto_car_no_odor,159.0,798.0,1.0
2024.10.08_11-29-42_Sto_car_no_odor,821.0,821.0,1.0
2024.10.08_11-29-42_Sto_car_no_odor,823.0,837.0,1.0
2024.10.08_11-29-42_Sto_car_no_odor,839.0,852.0,1.0
2024.10.08_11-29-42_Sto_car_no_odor,854.0,1068.0,1.0
2024.10.10_14-21-23_Biarmipes84_1hexanol,3.0,1119.0,1.0
2024.10.10_14-21-23_Biarmipes84_1hexanol,1122.0,1145.0,1.0
2024.10.10_14-21-23_Biarmipes84_1hexanol,1147.0,1289.0,1.0
2024.10.10_14-21-23_Biarmipes84_1hexanol,1292.0,1306.0,1.0
2024.10.10_14-21-23_Biarmipes84_1hexanol,1308.0,1308.0,1.0
2024.10.10_14-21-23_Biarmipes84_1hexanol,1312.0,1329.0,1.0
2024.10.10_14-21-23_Biarmipes84_1hexanol,1331.0,1419.0,1.0
2024.10.10_14-21-23_Biarmipes84_1hexanol,1421.0,1424.0,1.0
2024.10.10_14-21-23_Biarmipes84_1hexanol,1427.0,1455.0,1.0
2024.10.10_14-21-23_Biarmipes84_1hexanol,5254.0,5315.0,1.0
2024.10.10_14-21-23_Biarmipes84_1hexanol,5319.0,5336.0,1.0
2024.10.10_14-21-23_Biarmipes84_1hexanol,5338.0,5340.0,1.0
2024.10.10_14-21-23_Biarmipes84_1hexanol,5342.0,5342.0,1.0
2024.10.10_14-21-23_Biarmipes84_1hexanol,5344.0,5345.0,1.0
2024.10.10_14-21-23_Biarmipes84_1hexanol,5349.0,5349.0,1.0
2024.10.10_14-21-23_Biarmipes84_1hexanol,5352.0,5354.0,1.0
2024.10.10_14-21-23_Biarmipes84_1hexanol,5356.0,5747.0,1.0
2024.10.10_14-21-23_Biarmipes84_1hexanol,5749.0,6914.0,1.0
2024.10.10_14-21-23_Biarmipes84_1hexanol,6916.0,7317.0,1.0
2024.10.10_14-21-23_Biarmipes84_1hexanol,7319.0,8071.0,1.0
2024.10.10_14-21-23_Biarmipes84_1hexanol,8078.0,8990.0,1.0
2024.10.10_14-21-23_Biarmipes84_1hexanol,8999.0,8999.0,1.0
2024.10.15_09-59-45_Sto_car_2hexanol,5848.0,6155.0,1.0
2024.10.15_09-59-45_Sto_car_2hexanol,6158.0,6158.0,1.0
2024.10.15_09-59-45_Sto_car_2hexanol,6160.0,6208.0,1.0
2024.10.15_09-59-45_Sto_car_2hexanol,6210.0,6216.0,1.0
2024.10.15_09-59-45_Sto_car_2hexanol,6219.0,6222.0,1.0
2024.10.15_09-59-45_Sto_car_2hexanol,6224.0,6224.0,1.0
2024.10.15_09-59-45_Sto_car_2hexanol,6248.0,6248.0,1.0
2024.10.15_09-59-45_Sto_car_2hexanol,6250.0,8188.0,1.0
2024.10.15_09-59-45_Sto_car_2hexanol,8190.0,8219.0,1.0
2024.10.15_09-59-45_Sto_car_2hexanol,8221.0,8226.0,1.0
2024.10.15_09-59-45_Sto_car_2hexanol,8228.0,8784.0,1.0
2024.10.15_09-59-45_Sto_car_2hexanol,8786.0,8788.0,1.0
2024.10.15_09-59-45_Sto_car_2hexanol,8790.0,8790.0,1.0
2024.10.15_09-59-45_Sto_car_2hexanol,8793.0,8841.0,1.0
2024.10.15_09-59-45_Sto_car_2hexanol,8848.0,8852.0,1.0
2024.10.15_09-59-45_Sto_car_2hexanol,8856.0,8979.0,1.0
2024.10.15_09-59-45_Sto_car_2hexanol,8985.0,8999.0,1.0
2024.12.18_16-13-27_CantonS_metben,3958.0,3958.0,1.0
2024.12.18_16-13-27_CantonS_metben,3961.0,3961.0,1.0
2024.12.18_16-13-27_CantonS_metben,3963.0,3967.0,1.0
2024.12.18_16-13-27_CantonS_metben,3969.0,3988.0,1.0
2024.12.18_16-13-27_CantonS_metben,3990.0,3990.0,1.0
2024.12.18_16-13-27_CantonS_metben,3996.0,4000.0,1.0
2024.12.18_16-13-27_CantonS_metben,4002.0,4027.0,1.0
2024.12.18_16-13-27_CantonS_metben,4029.0,7335.0,1.0
2024.12.18_16-13-27_CantonS_metben,7337.0,8999.0,1.0
2024.11.13_02-31-36_Sechellia28_e2hex,3.0,1102.0,1.0
2024.11.13_02-31-36_Sechellia28_e2hex,1104.0,1193.0,1.0
2024.11.13_02-31-36_Sechellia28_e2hex,1195.0,1196.0,1.0
2024.11.13_02-31-36_Sechellia28_e2hex,1198.0,1199.0,1.0
2024.11.13_02-31-36_Sechellia28_e2hex,1201.0,1201.0,1.0
2024.11.13_02-31-36_Sechellia28_e2hex,1204.0,1209.0,1.0
2024.11.13_02-31-36_Sechellia28_e2hex,1211.0,1220.0,1.0
2024.11.13_02-31-36_Sechellia28_e2hex,1222.0,1226.0,1.0
2024.11.13_02-31-36_Sechellia28_e2hex,1228.0,1232.0,1.0
2024.11.13_02-31-36_Sechellia28_e2hex,1235.0,1235.0,1.0
2024.11.13_02-31-36_Sechellia28_e2hex,1245.0,1245.0,1.0
2024.11.13_02-31-36_Sechellia28_e2hex,1274.0,1275.0,1.0
2024.11.13_02-31-36_Sechellia28_e2hex,1279.0,1280.0,1.0
2024.11.13_02-31-36_Sechellia28_e2hex,1283.0,1285.0,1.0
2024.11.13_02-31-36_Sechellia28_e2hex,1290.0,1290.0,1.0
2024.11.13_02-31-36_Sechellia28_e2hex,1292.0,1293.0,1.0
2024.11.13_02-31-36_Sechellia28_e2hex,1295.0,1295.0,1.0
2024.11.13_02-31-36_Sechellia28_e2hex,1328.0,1333.0,1.0
2024.11.13_02-31-36_Sechellia28_e2hex,1335.0,1337.0,1.0
2024.11.13_02-31-36_Sechellia28_e2hex,1339.0,1356.0,1.0
2024.11.13_02-31-36_Sechellia28_e2hex,1358.0,1358.0,1.0
2024.11.13_02-31-36_Sechellia28_e2hex,1360.0,1361.0,1.0
2024.11.13_02-31-36_Sechellia28_e2hex,1363.0,1364.0,1.0
2024.11.13_02-31-36_Sechellia28_e2hex,1393.0,1395.0,1.0
2024.11.13_02-31-36_Sechellia28_e2hex,1401.0,1408.0,1.0
2024.11.13_02-31-36_Sechellia28_e2hex,1410.0,1410.0,1.0
2024.11.13_02-31-36_Sechellia28_e2hex,1416.0,1416.0,1.0
2024.11.13_02-31-36_Sechellia28_e2hex,1419.0,1420.0,1.0
2024.11.13_02-31-36_Sechellia28_e2hex,1422.0,1423.0,1.0
2024.11.13_02-31-36_Sechellia28_e2hex,1425.0,1426.0,1.0
2024.11.13_02-31-36_Sechellia28_e2hex,1429.0,1429.0,1.0
2024.11.13_02-31-36_Sechellia28_e2hex,1431.0,1431.0,1.0
2024.11.13_02-31-36_Sechellia28_e2hex,1433.0,1433.0,1.0
2024.11.13_02-31-36_Sechellia28_e2hex,1435.0,1467.0,1.0
2024.11.13_02-31-36_Sechellia28_e2hex,1469.0,1478.0,1.0
2024.11.13_02-31-36_Sechellia28_e2hex,1505.0,1506.0,1.0
2024.11.13_02-31-36_Sechellia28_e2hex,1508.0,1509.0,1.0
2024.11.13_02-31-36_Sechellia28_e2hex,1512.0,1512.0,1.0
2024.11.13_02-31-36_Sechellia28_e2hex,1517.0,1524.0,1.0
2024.11.13_02-31-36_Sechellia28_e2hex,1526.0,1526.0,1.0
2024.11.13_02-31-36_Sechellia28_e2hex,1528.0,1530.0,1.0
2024.11.13_02-31-36_Sechellia28_e2hex,1532.0,1532.0,1.0
2024.11.13_02-31-36_Sechellia28_e2hex,1534.0,1539.0,1.0
2024.11.13_02-31-36_Sechellia28_e2hex,1541.0,1543.0,1.0
2024.11.13_02-31-36_Sechellia28_e2hex,1545.0,1546.0,1.0
2024.11.13_02-31-36_Sechellia28_e2hex,1552.0,1553.0,1.0
2024.11.13_02-31-36_Sechellia28_e2hex,1555.0,1572.0,1.0
2024.11.13_02-31-36_Sechellia28_e2hex,1576.0,1576.0,1.0
2024.11.13_02-31-36_Sechellia28_e2hex,1578.0,1578.0,1.0
2024.11.13_02-31-36_Sechellia28_e2hex,1588.0,1589.0,1.0
2024.11.13_02-31-36_Sechellia28_e2hex,1591.0,1592.0,1.0
2024.11.13_02-31-36_Sechellia28_e2hex,1595.0,1595.0,1.0
2024.11.13_02-31-36_Sechellia28_e2hex,1598.0,1599.0,1.0
2024.11.13_02-31-36_Sechellia28_e2hex,1604.0,1612.0,1.0
2024.11.13_02-31-36_Sechellia28_e2hex,1615.0,1615.0,1.0
2024.11.13_02-31-36_Sechellia28_e2hex,1617.0,2253.0,1.0
2024.11.13_02-31-36_Sechellia28_e2hex,2255.0,2264.0,1.0
2024.11.13_02-31-36_Sechellia28_e2hex,2266.0,2268.0,1.0
2024.11.13_02-31-36_Sechellia28_e2hex,2270.0,2277.0,1.0
2024.11.13_02-31-36_Sechellia28_e2hex,2279.0,2283.0,1.0
2024.11.13_02-31-36_Sechellia28_e2hex,2285.0,2289.0,1.0
2024.11.13_02-31-36_Sechellia28_e2hex,2294.0,2296.0,1.0
2024.11.13_02-31-36_Sechellia28_e2hex,2298.0,2307.0,1.0
2024.11.13_02-31-36_Sechellia28_e2hex,2309.0,2320.0,1.0
2024.11.13_02-31-36_Sechellia28_e2hex,2322.0,2326.0,1.0
2024.11.13_02-31-36_Sechellia28_e2hex,2328.0,2347.0,1.0
2024.11.13_02-31-36_Sechellia28_e2hex,2349.0,2349.0,1.0
2024.11.13_02-31-36_Sechellia28_e2hex,2351.0,2352.0,1.0
2024.11.13_02-31-36_Sechellia28_e2hex,2356.0,2361.0,1.0
2024.11.13_02-31-36_Sechellia28_e2hex,2363.0,2363.0,1.0
2024.11.13_02-31-36_Sechellia28_e2hex,2365.0,2368.0,1.0
2024.11.13_02-31-36_Sechellia28_e2hex,2370.0,2385.0,1.0
2024.11.13_02-31-36_Sechellia28_e2hex,2387.0,2389.0,1.0
2024.11.13_02-31-36_Sechellia28_e2hex,2391.0,2394.0,1.0
2024.11.13_02-31-36_Sechellia28_e2hex,2396.0,2398.0,1.0
2024.11.13_02-31-36_Sechellia28_e2hex,2400.0,2405.0,1.0
2024.11.13_02-31-36_Sechellia28_e2hex,2407.0,2408.0,1.0
2024.11.13_02-31-36_Sechellia28_e2hex,2410.0,2432.0,1.0
2024.11.13_02-31-36_Sechellia28_e2hex,2434.0,2439.0,1.0
2024.11.13_02-31-36_Sechellia28_e2hex,2441.0,2443.0,1.0
2024.11.13_02-31-36_Sechellia28_e2hex,2445.0,2455.0,1.0
2024.11.13_02-31-36_Sechellia28_e2hex,2457.0,2461.0,1.0
2024.11.13_02-31-36_Sechellia28_e2hex,2463.0,2465.0,1.0
2024.11.13_02-31-36_Sechellia28_e2hex,2467.0,2471.0,1.0
2024.11.13_02-31-36_Sechellia28_e2hex,2473.0,2475.0,1.0
2024.11.13_02-31-36_Sechellia28_e2hex,2477.0,2480.0,1.0
2024.11.13_02-31-36_Sechellia28_e2hex,2482.0,2487.0,1.0
2024.11.13_02-31-36_Sechellia28_e2hex,2490.0,2492.0,1.0
2024.11.13_02-31-36_Sechellia28_e2hex,2494.0,2495.0,1.0
2024.11.13_02-31-36_Sechellia28_e2hex,2497.0,2507.0,1.0
2024.11.13_02-31-36_Sechellia28_e2hex,2509.0,2519.0,1.0
2024.11.13_02-31-36_Sechellia28_e2hex,2521.0,2530.0,1.0
2024.11.13_02-31-36_Sechellia28_e2hex,2532.0,2540.0,1.0
2024.11.13_02-31-36_Sechellia28_e2hex,2543.0,2547.0,1.0
2024.11.13_02-31-36_Sechellia28_e2hex,2549.0,2553.0,1.0
2024.11.13_02-31-36_Sechellia28_e2hex,2557.0,2559.0,1.0
2024.11.13_02-31-36_Sechellia28_e2hex,2562.0,2565.0,1.0
2024.11.13_02-31-36_Sechellia28_e2hex,2573.0,2573.0,1.0
2024.11.13_02-31-36_Sechellia28_e2hex,2577.0,2578.0,1.0
2024.11.13_02-31-36_Sechellia28_e2hex,2580.0,2580.0,1.0
2024.11.13_02-31-36_Sechellia28_e2hex,2582.0,2582.0,1.0
2024.11.13_02-31-36_Sechellia28_e2hex,2585.0,2585.0,1.0
2024.11.13_02-31-36_Sechellia28_e2hex,2587.0,2587.0,1.0
2024.11.13_02-31-36_Sechellia28_e2hex,2592.0,2592.0,1.0
2024.11.13_02-31-36_Sechellia28_e2hex,2595.0,2595.0,1.0
2024.11.13_02-31-36_Sechellia28_e2hex,2598.0,2600.0,1.0
2024.11.13_02-31-36_Sechellia28_e2hex,2602.0,2602.0,1.0
2024.11.13_02-31-36_Sechellia28_e2hex,2604.0,2605.0,1.0
2024.11.13_02-31-36_Sechellia28_e2hex,2607.0,2608.0,1.0
2024.11.13_02-31-36_Sechellia28_e2hex,2610.0,2613.0,1.0
2024.11.13_02-31-36_Sechellia28_e2hex,2615.0,2615.0,1.0
2024.11.13_02-31-36_Sechellia28_e2hex,2617.0,2617.0,1.0
2024.11.13_02-31-36_Sechellia28_e2hex,2621.0,2622.0,1.0
2024.11.13_02-31-36_Sechellia28_e2hex,2626.0,2626.0,1.0
2024.11.13_02-31-36_Sechellia28_e2hex,2631.0,2634.0,1.0
2024.11.13_02-31-36_Sechellia28_e2hex,2636.0,2636.0,1.0
2024.11.13_02-31-36_Sechellia28_e2hex,2638.0,2640.0,1.0
2024.11.13_02-31-36_Sechellia28_e2hex,2645.0,2645.0,1.0
2024.11.13_02-31-36_Sechellia28_e2hex,2648.0,2648.0,1.0
2024.11.13_02-31-36_Sechellia28_e2hex,2651.0,2652.0,1.0
2024.11.13_02-31-36_Sechellia28_e2hex,2654.0,2654.0,1.0
2024.11.13_02-31-36_Sechellia28_e2hex,2656.0,2656.0,1.0
2024.11.13_02-31-36_Sechellia28_e2hex,2658.0,2659.0,1.0
2024.11.13_02-31-36_Sechellia28_e2hex,2670.0,2680.0,1.0
2024.11.13_02-31-36_Sechellia28_e2hex,2682.0,2683.0,1.0
2024.11.13_02-31-36_Sechellia28_e2hex,2686.0,2686.0,1.0
2024.11.13_02-31-36_Sechellia28_e2hex,2694.0,2694.0,1.0
2024.11.13_02-31-36_Sechellia28_e2hex,2697.0,2698.0,1.0
2024.11.13_02-31-36_Sechellia28_e2hex,2700.0,2701.0,1.0
2024.11.13_02-31-36_Sechellia28_e2hex,2704.0,2708.0,1.0
2024.11.13_02-31-36_Sechellia28_e2hex,2710.0,2711.0,1.0
2024.11.13_02-31-36_Sechellia28_e2hex,2713.0,2719.0,1.0
2024.11.13_02-31-36_Sechellia28_e2hex,2721.0,2721.0,1.0
2024.11.13_02-31-36_Sechellia28_e2hex,2723.0,2723.0,1.0
2024.11.13_02-31-36_Sechellia28_e2hex,2727.0,2731.0,1.0
2024.11.13_02-31-36_Sechellia28_e2hex,2734.0,2734.0,1.0
2024.11.13_02-31-36_Sechellia28_e2hex,2736.0,2736.0,1.0
2024.11.13_02-31-36_Sechellia28_e2hex,2738.0,2738.0,1.0
2024.11.13_02-31-36_Sechellia28_e2hex,2741.0,2741.0,1.0
2024.11.13_02-31-36_Sechellia28_e2hex,2744.0,2745.0,1.0
2024.11.13_02-31-36_Sechellia28_e2hex,2747.0,2749.0,1.0
2024.11.13_02-31-36_Sechellia28_e2hex,2751.0,2754.0,1.0
2024.11.13_02-31-36_Sechellia28_e2hex,2759.0,2763.0,1.0
2024.11.13_02-31-36_Sechellia28_e2hex,2767.0,2770.0,1.0
2024.11.13_02-31-36_Sechellia28_e2hex,2772.0,2803.0,1.0
2024.11.13_02-31-36_Sechellia28_e2hex,2805.0,2830.0,1.0
2024.11.13_02-31-36_Sechellia28_e2hex,2832.0,2860.0,1.0
2024.11.13_02-31-36_Sechellia28_e2hex,2862.0,2866.0,1.0
2024.11.13_02-31-36_Sechellia28_e2hex,2868.0,2869.0,1.0
2024.11.13_02-31-36_Sechellia28_e2hex,2871.0,2874.0,1.0
2024.11.13_02-31-36_Sechellia28_e2hex,2877.0,2877.0,1.0
2024.11.13_02-31-36_Sechellia28_e2hex,2879.0,2882.0,1.0
2024.11.13_02-31-36_Sechellia28_e2hex,2884.0,2886.0,1.0
2024.11.13_02-31-36_Sechellia28_e2hex,2888.0,2888.0,1.0
2024.11.13_02-31-36_Sechellia28_e2hex,2893.0,2893.0,1.0
2024.11.13_02-31-36_Sechellia28_e2hex,2899.0,2899.0,1.0
2024.11.13_02-31-36_Sechellia28_e2hex,2901.0,2904.0,1.0
2024.11.13_02-31-36_Sechellia28_e2hex,2906.0,2906.0,1.0
2024.11.13_02-31-36_Sechellia28_e2hex,2910.0,2912.0,1.0
2024.11.13_02-31-36_Sechellia28_e2hex,2914.0,2916.0,1.0
2024.11.13_02-31-36_Sechellia28_e2hex,2919.0,2920.0,1.0
2024.11.13_02-31-36_Sechellia28_e2hex,2922.0,2923.0,1.0
2024.11.13_02-31-36_Sechellia28_e2hex,2925.0,2926.0,1.0
2024.11.13_02-31-36_Sechellia28_e2hex,2930.0,2930.0,1.0
2024.11.13_02-31-36_Sechellia28_e2hex,2932.0,2932.0,1.0
2024.11.13_02-31-36_Sechellia28_e2hex,2934.0,2934.0,1.0
2024.11.13_02-31-36_Sechellia28_e2hex,2937.0,2938.0,1.0
2024.11.13_02-31-36_Sechellia28_e2hex,2942.0,2945.0,1.0
2024.11.13_02-31-36_Sechellia28_e2hex,2950.0,2951.0,1.0
2024.11.13_02-31-36_Sechellia28_e2hex,2953.0,2954.0,1.0
2024.11.13_02-31-36_Sechellia28_e2hex,2957.0,2958.0,1.0
2024.11.13_02-31-36_Sechellia28_e2hex,2961.0,2965.0,1.0
2024.11.13_02-31-36_Sechellia28_e2hex,2968.0,2968.0,1.0
2024.11.13_02-31-36_Sechellia28_e2hex,2970.0,2970.0,1.0
2024.11.13_02-31-36_Sechellia28_e2hex,2976.0,2979.0,1.0
2024.11.13_02-31-36_Sechellia28_e2hex,2986.0,2986.0,1.0
2024.11.13_02-31-36_Sechellia28_e2hex,2988.0,2988.0,1.0
2024.11.13_02-31-36_Sechellia28_e2hex,2990.0,2990.0,1.0
2024.11.13_02-31-36_Sechellia28_e2hex,2992.0,3039.0,1.0
2024.11.13_02-31-36_Sechellia28_e2hex,3041.0,3044.0,1.0
2024.11.13_02-31-36_Sechellia28_e2hex,3047.0,3068.0,1.0
2024.11.13_02-31-36_Sechellia28_e2hex,3070.0,3094.0,1.0
2024.11.13_02-31-36_Sechellia28_e2hex,3096.0,3129.0,1.0
2024.11.13_02-31-36_Sechellia28_e2hex,3131.0,3139.0,1.0
2024.11.13_02-31-36_Sechellia28_e2hex,3141.0,3146.0,1.0
2024.11.13_02-31-36_Sechellia28_e2hex,3148.0,3150.0,1.0
2024.11.13_02-31-36_Sechellia28_e2hex,3152.0,3154.0,1.0
2024.11.13_02-31-36_Sechellia28_e2hex,3156.0,3157.0,1.0
2024.11.13_02-31-36_Sechellia28_e2hex,3160.0,3160.0,1.0
2024.11.13_02-31-36_Sechellia28_e2hex,3162.0,3165.0,1.0
2024.11.13_02-31-36_Sechellia28_e2hex,3167.0,3168.0,1.0
2024.11.13_02-31-36_Sechellia28_e2hex,3170.0,3171.0,1.0
2024.11.13_02-31-36_Sechellia28_e2hex,3173.0,3185.0,1.0
2024.11.13_02-31-36_Sechellia28_e2hex,3187.0,3187.0,1.0
2024.11.13_02-31-36_Sechellia28_e2hex,3189.0,3193.0,1.0
2024.11.13_02-31-36_Sechellia28_e2hex,3195.0,3197.0,1.0
2024.11.13_02-31-36_Sechellia28_e2hex,3199.0,3202.0,1.0
2024.11.13_02-31-36_Sechellia28_e2hex,3204.0,3215.0,1.0
2024.11.13_02-31-36_Sechellia28_e2hex,3217.0,3218.0,1.0
2024.11.13_02-31-36_Sechellia28_e2hex,3220.0,3220.0,1.0
2024.11.13_02-31-36_Sechellia28_e2hex,3223.0,3223.0,1.0
2024.11.13_02-31-36_Sechellia28_e2hex,3225.0,3226.0,1.0
2024.11.13_02-31-36_Sechellia28_e2hex,3229.0,3229.0,1.0
2024.11.13_02-31-36_Sechellia28_e2hex,3232.0,3236.0,1.0
2024.11.13_02-31-36_Sechellia28_e2hex,3238.0,3243.0,1.0
2024.11.13_02-31-36_Sechellia28_e2hex,3245.0,3248.0,1.0
2024.11.13_02-31-36_Sechellia28_e2hex,3250.0,3252.0,1.0
2024.11.13_02-31-36_Sechellia28_e2hex,3255.0,3258.0,1.0
2024.11.13_02-31-36_Sechellia28_e2hex,3261.0,3264.0,1.0
2024.11.13_02-31-36_Sechellia28_e2hex,3266.0,3270.0,1.0
2024.11.13_02-31-36_Sechellia28_e2hex,3273.0,3278.0,1.0
2024.11.13_02-31-36_Sechellia28_e2hex,3280.0,3280.0,1.0
2024.11.13_02-31-36_Sechellia28_e2hex,3282.0,3282.0,1.0
2024.11.13_02-31-36_Sechellia28_e2hex,3284.0,3284.0,1.0
2024.11.13_02-31-36_Sechellia28_e2hex,3287.0,3289.0,1.0
2024.11.13_02-31-36_Sechellia28_e2hex,3291.0,3293.0,1.0
2024.11.13_02-31-36_Sechellia28_e2hex,3295.0,3296.0,1.0
2024.11.13_02-31-36_Sechellia28_e2hex,3298.0,3302.0,1.0
2024.11.13_02-31-36_Sechellia28_e2hex,3304.0,3304.0,1.0
2024.11.13_02-31-36_Sechellia28_e2hex,3306.0,3306.0,1.0
2024.11.13_02-31-36_Sechellia28_e2hex,3308.0,3312.0,1.0
2024.11.13_02-31-36_Sechellia28_e2hex,3315.0,3317.0,1.0
2024.11.13_02-31-36_Sechellia28_e2hex,3320.0,3324.0,1.0
2024.11.13_02-31-36_Sechellia28_e2hex,3326.0,3330.0,1.0
2024.11.13_02-31-36_Sechellia28_e2hex,3333.0,3333.0,1.0
2024.11.13_02-31-36_Sechellia28_e2hex,3337.0,3340.0,1.0
2024.11.13_02-31-36_Sechellia28_e2hex,3343.0,3343.0,1.0
2024.10.31_08-55-50_sto_car_prenac,1601.0,7052.0,1.0
2024.10.31_08-55-50_sto_car_prenac,7054.0,7225.0,1.0
2024.10.31_08-55-50_sto_car_prenac,7227.0,7281.0,1.0
2024.10.31_08-55-50_sto_car_prenac,7283.0,7299.0,1.0
2024.10.31_08-55-50_sto_car_prenac,7301.0,7302.0,1.0
2024.10.31_08-55-50_sto_car_prenac,7304.0,7309.0,1.0
2024.10.31_08-55-50_sto_car_prenac,7311.0,7311.0,1.0
2024.10.31_08-55-50_sto_car_prenac,7315.0,7320.0,1.0
2024.10.31_08-55-50_sto_car_prenac,7322.0,7322.0,1.0
2024.10.31_08-55-50_sto_car_prenac,7324.0,7326.0,1.0
2024.10.31_08-55-50_sto_car_prenac,7329.0,7329.0,1.0
2024.10.31_08-55-50_sto_car_prenac,7331.0,7331.0,1.0
2024.10.31_08-55-50_sto_car_prenac,7333.0,7340.0,1.0
2024.10.31_08-55-50_sto_car_prenac,7343.0,7359.0,1.0
2024.10.31_08-55-50_sto_car_prenac,7363.0,7365.0,1.0
2024.10.31_08-55-50_sto_car_prenac,7367.0,7372.0,1.0
2024.10.31_08-55-50_sto_car_prenac,7374.0,7376.0,1.0
2024.10.31_08-55-50_sto_car_prenac,7378.0,7382.0,1.0
2024.10.31_08-55-50_sto_car_prenac,7387.0,7387.0,1.0
2024.10.31_08-55-50_sto_car_prenac,7389.0,7393.0,1.0
2024.10.31_08-55-50_sto_car_prenac,7396.0,7407.0,1.0
2024.10.31_08-55-50_sto_car_prenac,7409.0,7411.0,1.0
2024.10.31_08-55-50_sto_car_prenac,7415.0,7416.0,1.0
2024.10.31_08-55-50_sto_car_prenac,7418.0,7420.0,1.0
2024.10.31_08-55-50_sto_car_prenac,7422.0,7424.0,1.0
2024.10.31_08-55-50_sto_car_prenac,7426.0,7427.0,1.0
2024.10.31_08-55-50_sto_car_prenac,7429.0,7441.0,1.0
2024.10.31_08-55-50_sto_car_prenac,7443.0,7448.0,1.0
2024.10.31_08-55-50_sto_car_prenac,7450.0,7483.0,1.0
2024.10.31_08-55-50_sto_car_prenac,7486.0,7487.0,1.0
2024.10.31_08-55-50_sto_car_prenac,7490.0,7518.0,1.0
2024.10.31_08-55-50_sto_car_prenac,7521.0,7526.0,1.0
2024.10.31_08-55-50_sto_car_prenac,7529.0,7531.0,1.0
2024.10.31_08-55-50_sto_car_prenac,7534.0,7534.0,1.0
2024.10.31_08-55-50_sto_car_prenac,7536.0,7549.0,1.0
2024.10.31_08-55-50_sto_car_prenac,7551.0,7551.0,1.0
2024.10.31_08-55-50_sto_car_prenac,7555.0,7568.0,1.0
2024.10.31_08-55-50_sto_car_prenac,7570.0,7578.0,1.0
2024.10.31_08-55-50_sto_car_prenac,7580.0,7580.0,1.0
2024.10.31_08-55-50_sto_car_prenac,7582.0,7585.0,1.0
2024.10.31_08-55-50_sto_car_prenac,7587.0,7594.0,1.0
2024.10.31_08-55-50_sto_car_prenac,7596.0,7603.0,1.0
2024.10.31_08-55-50_sto_car_prenac,7605.0,7619.0,1.0
2024.10.31_08-55-50_sto_car_prenac,7621.0,7625.0,1.0
2024.10.31_08-55-50_sto_car_prenac,7627.0,7636.0,1.0
2024.10.31_08-55-50_sto_car_prenac,7639.0,7639.0,1.0
2024.10.31_08-55-50_sto_car_prenac,7643.0,7643.0,1.0
2024.10.31_08-55-50_sto_car_prenac,7645.0,7645.0,1.0
2024.10.31_08-55-50_sto_car_prenac,7647.0,7649.0,1.0
2024.10.31_08-55-50_sto_car_prenac,7655.0,7657.0,1.0
2024.10.31_08-55-50_sto_car_prenac,7660.0,7660.0,1.0
2024.10.31_08-55-50_sto_car_prenac,7665.0,7665.0,1.0
2024.10.31_08-55-50_sto_car_prenac,7667.0,7668.0,1.0
2024.10.31_08-55-50_sto_car_prenac,7671.0,7672.0,1.0
2024.10.31_08-55-50_sto_car_prenac,7674.0,7674.0,1.0
2024.10.31_08-55-50_sto_car_prenac,7677.0,7682.0,1.0
2024.10.31_08-55-50_sto_car_prenac,7685.0,7687.0,1.0
2024.10.31_08-55-50_sto_car_prenac,7690.0,7695.0,1.0
2024.10.31_08-55-50_sto_car_prenac,7698.0,7978.0,1.0
2024.10.31_08-55-50_sto_car_prenac,7982.0,7983.0,1.0
2024.10.31_08-55-50_sto_car_prenac,7986.0,7987.0,1.0
2024.10.31_08-55-50_sto_car_prenac,7989.0,7989.0,1.0
2024.10.31_08-55-50_sto_car_prenac,7991.0,8053.0,1.0
2024.10.31_08-55-50_sto_car_prenac,8055.0,8132.0,1.0
2024.10.31_08-55-50_sto_car_prenac,8134.0,8139.0,1.0
2024.10.31_08-55-50_sto_car_prenac,8141.0,8144.0,1.0
2024.10.31_08-55-50_sto_car_prenac,8149.0,8151.0,1.0
2024.10.31_08-55-50_sto_car_prenac,8154.0,8154.0,1.0
2024.10.31_08-55-50_sto_car_prenac,8156.0,8167.0,1.0
2024.10.31_08-55-50_sto_car_prenac,8173.0,8173.0,1.0
2024.10.31_08-55-50_sto_car_prenac,8176.0,8176.0,1.0
2024.10.31_08-55-50_sto_car_prenac,8179.0,8179.0,1.0
2024.10.31_08-55-50_sto_car_prenac,8181.0,8188.0,1.0
2024.10.31_08-55-50_sto_car_prenac,8190.0,8198.0,1.0
2024.10.31_08-55-50_sto_car_prenac,8201.0,8631.0,1.0
2024.10.31_08-55-50_sto_car_prenac,8633.0,8645.0,1.0
2024.10.31_08-55-50_sto_car_prenac,8647.0,8666.0,1.0
2024.10.14_14-26-24_Biarmipes84_1hexanol,1117.0,1277.0,1.0
2024.10.14_14-26-24_Biarmipes84_1hexanol,4829.0,5393.0,1.0
2024.10.14_14-26-24_Biarmipes84_1hexanol,5395.0,5395.0,1.0
2024.10.14_14-26-24_Biarmipes84_1hexanol,5397.0,5735.0,1.0
2024.10.14_14-26-24_Biarmipes84_1hexanol,7300.0,7387.0,1.0
2024.10.14_14-26-24_Biarmipes84_1hexanol,7389.0,7445.0,1.0
2024.10.14_14-26-24_Biarmipes84_1hexanol,7448.0,7665.0,1.0
2024.10.14_14-26-24_Biarmipes84_1hexanol,7669.0,7716.0,1.0
2024.10.14_14-26-24_Biarmipes84_1hexanol,7718.0,8295.0,1.0
2024.09.30_11-38-39_Sussex_no_odor,3.0,109.0,1.0
2024.09.30_11-38-39_Sussex_no_odor,111.0,3872.0,1.0
2024.09.30_11-38-39_Sussex_no_odor,3874.0,3893.0,1.0
2024.09.30_11-38-39_Sussex_no_odor,3895.0,4235.0,1.0
2024.09.30_11-38-39_Sussex_no_odor,4237.0,4269.0,1.0
2024.09.30_11-38-39_Sussex_no_odor,4271.0,4287.0,1.0
2024.09.30_11-38-39_Sussex_no_odor,4289.0,4569.0,1.0
2024.09.30_11-38-39_Sussex_no_odor,4571.0,4639.0,1.0
2024.09.30_11-38-39_Sussex_no_odor,4641.0,4660.0,1.0
2024.09.30_11-38-39_Sussex_no_odor,4662.0,4666.0,1.0
2024.09.30_11-38-39_Sussex_no_odor,4670.0,4671.0,1.0
2024.09.30_11-38-39_Sussex_no_odor,4673.0,4674.0,1.0
2024.09.30_11-38-39_Sussex_no_odor,4676.0,4690.0,1.0
2024.09.30_11-38-39_Sussex_no_odor,4692.0,4710.0,1.0
2024.09.30_11-38-39_Sussex_no_odor,4713.0,4749.0,1.0
2024.09.30_11-38-39_Sussex_no_odor,4751.0,4777.0,1.0
2024.09.30_11-38-39_Sussex_no_odor,4779.0,4784.0,1.0
2024.09.30_11-38-39_Sussex_no_odor,4786.0,4787.0,1.0
2024.09.30_11-38-39_Sussex_no_odor,4789.0,4792.0,1.0
2024.09.30_11-38-39_Sussex_no_odor,4794.0,4802.0,1.0
2024.09.30_11-38-39_Sussex_no_odor,4805.0,4809.0,1.0
2024.09.30_11-38-39_Sussex_no_odor,4811.0,4811.0,1.0
2024.09.30_11-38-39_Sussex_no_odor,4813.0,4816.0,1.0
2024.09.30_11-38-39_Sussex_no_odor,4821.0,4835.0,1.0
2024.09.30_11-38-39_Sussex_no_odor,4839.0,4843.0,1.0
2024.09.30_11-38-39_Sussex_no_odor,4845.0,4849.0,1.0
2024.09.30_11-38-39_Sussex_no_odor,4851.0,4853.0,1.0
2024.09.30_11-38-39_Sussex_no_odor,4856.0,4857.0,1.0
2024.09.30_11-38-39_Sussex_no_odor,4864.0,4864.0,1.0
2024.09.30_11-38-39_Sussex_no_odor,4866.0,4866.0,1.0
2024.09.30_11-38-39_Sussex_no_odor,4869.0,4870.0,1.0
2024.09.30_11-38-39_Sussex_no_odor,4872.0,4872.0,1.0
2024.09.30_11-38-39_Sussex_no_odor,4874.0,4875.0,1.0
2024.09.30_11-38-39_Sussex_no_odor,4877.0,4880.0,1.0
2024.09.30_11-38-39_Sussex_no_odor,4883.0,4885.0,1.0
2024.09.30_11-38-39_Sussex_no_odor,4888.0,4888.0,1.0
2024.09.30_11-38-39_Sussex_no_odor,4891.0,4891.0,1.0
2024.09.30_11-38-39_Sussex_no_odor,4894.0,4894.0,1.0
2024.09.30_11-38-39_Sussex_no_odor,4900.0,4904.0,1.0
2024.09.30_11-38-39_Sussex_no_odor,4907.0,4908.0,1.0
2024.09.30_11-38-39_Sussex_no_odor,4912.0,4913.0,1.0
2024.09.30_11-38-39_Sussex_no_odor,4915.0,4915.0,1.0
2024.09.30_11-38-39_Sussex_no_odor,4917.0,4921.0,1.0
2024.09.30_11-38-39_Sussex_no_odor,4923.0,4923.0,1.0
2024.09.30_11-38-39_Sussex_no_odor,4925.0,4930.0,1.0
2024.09.30_11-38-39_Sussex_no_odor,4932.0,4933.0,1.0
2024.09.30_11-38-39_Sussex_no_odor,4936.0,4937.0,1.0
2024.09.30_11-38-39_Sussex_no_odor,4939.0,4941.0,1.0
2024.09.30_11-38-39_Sussex_no_odor,4943.0,5212.0,1.0
2024.09.30_11-38-39_Sussex_no_odor,5214.0,5214.0,1.0
2024.09.30_11-38-39_Sussex_no_odor,5216.0,5224.0,1.0
2024.09.30_11-38-39_Sussex_no_odor,5226.0,5227.0,1.0
2024.09.30_11-38-39_Sussex_no_odor,5229.0,5231.0,1.0
2024.09.30_11-38-39_Sussex_no_odor,5234.0,5719.0,1.0
2024.09.30_11-38-39_Sussex_no_odor,5721.0,5721.0,1.0
2024.09.30_11-38-39_Sussex_no_odor,5723.0,5724.0,1.0
2024.09.30_11-38-39_Sussex_no_odor,5726.0,5726.0,1.0
2024.09.30_11-38-39_Sussex_no_odor,5728.0,5729.0,1.0
2024.09.30_11-38-39_Sussex_no_odor,5731.0,5738.0,1.0
2024.09.30_11-38-39_Sussex_no_odor,5741.0,5742.0,1.0
2024.09.30_11-38-39_Sussex_no_odor,5745.0,5745.0,1.0
2024.09.30_11-38-39_Sussex_no_odor,5749.0,5749.0,1.0
2024.09.30_11-38-39_Sussex_no_odor,5754.0,5754.0,1.0
2024.09.30_11-38-39_Sussex_no_odor,5757.0,5757.0,1.0
2024.09.30_11-38-39_Sussex_no_odor,5759.0,5759.0,1.0
2024.09.30_11-38-39_Sussex_no_odor,5761.0,5761.0,1.0
2024.09.30_11-38-39_Sussex_no_odor,5763.0,5764.0,1.0
2024.09.30_11-38-39_Sussex_no_odor,5770.0,5772.0,1.0
2024.09.30_11-38-39_Sussex_no_odor,5774.0,5774.0,1.0
2024.09.30_11-38-39_Sussex_no_odor,5776.0,5776.0,1.0
2024.09.30_11-38-39_Sussex_no_odor,5778.0,5778.0,1.0
2024.09.30_11-38-39_Sussex_no_odor,5790.0,5790.0,1.0
2024.09.30_11-38-39_Sussex_no_odor,5793.0,5793.0,1.0
2024.09.30_11-38-39_Sussex_no_odor,5795.0,5795.0,1.0
2024.09.30_11-38-39_Sussex_no_odor,5798.0,5798.0,1.0
2024.09.30_11-38-39_Sussex_no_odor,5800.0,5800.0,1.0
2024.09.30_11-38-39_Sussex_no_odor,5805.0,5805.0,1.0
2024.09.30_11-38-39_Sussex_no_odor,5809.0,5809.0,1.0
2024.09.30_11-38-39_Sussex_no_odor,5812.0,5812.0,1.0
2024.09.30_11-38-39_Sussex_no_odor,5816.0,5816.0,1.0
2024.09.30_11-38-39_Sussex_no_odor,5819.0,5819.0,1.0
2024.09.30_11-38-39_Sussex_no_odor,5821.0,5821.0,1.0
2024.09.30_11-38-39_Sussex_no_odor,5823.0,5824.0,1.0
2024.09.30_11-38-39_Sussex_no_odor,5826.0,5827.0,1.0
2024.09.30_11-38-39_Sussex_no_odor,5831.0,5832.0,1.0
2024.09.30_11-38-39_Sussex_no_odor,5834.0,5834.0,1.0
2024.09.30_11-38-39_Sussex_no_odor,5836.0,5837.0,1.0
2024.09.30_11-38-39_Sussex_no_odor,5839.0,5839.0,1.0
2024.09.30_11-38-39_Sussex_no_odor,5841.0,5847.0,1.0
2024.09.30_11-38-39_Sussex_no_odor,5849.0,5849.0,1.0
2024.09.30_11-38-39_Sussex_no_odor,5852.0,5853.0,1.0
2024.09.30_11-38-39_Sussex_no_odor,5857.0,5863.0,1.0
2024.09.30_11-38-39_Sussex_no_odor,5865.0,5869.0,1.0
2024.09.30_11-38-39_Sussex_no_odor,5871.0,5875.0,1.0
2024.09.30_11-38-39_Sussex_no_odor,5877.0,5879.0,1.0
2024.09.30_11-38-39_Sussex_no_odor,5882.0,5882.0,1.0
2024.09.30_11-38-39_Sussex_no_odor,5885.0,5886.0,1.0
2024.09.30_11-38-39_Sussex_no_odor,5888.0,5890.0,1.0
2024.09.30_11-38-39_Sussex_no_odor,5892.0,5912.0,1.0
2024.09.30_11-38-39_Sussex_no_odor,5914.0,5977.0,1.0
2024.09.30_11-38-39_Sussex_no_odor,5979.0,5982.0,1.0
2024.09.30_11-38-39_Sussex_no_odor,5984.0,5984.0,1.0
2024.09.30_11-38-39_Sussex_no_odor,5986.0,5989.0,1.0
2024.09.30_11-38-39_Sussex_no_odor,5991.0,5995.0,1.0
2024.09.30_11-38-39_Sussex_no_odor,5997.0,6000.0,1.0
2024.09.30_11-38-39_Sussex_no_odor,6002.0,6002.0,1.0
2024.09.30_11-38-39_Sussex_no_odor,6004.0,6006.0,1.0
2024.09.30_11-38-39_Sussex_no_odor,6008.0,6016.0,1.0
2024.09.30_11-38-39_Sussex_no_odor,6018.0,6019.0,1.0
2024.09.30_11-38-39_Sussex_no_odor,6021.0,6029.0,1.0
2024.09.30_11-38-39_Sussex_no_odor,6031.0,6068.0,1.0
2024.09.30_11-38-39_Sussex_no_odor,6070.0,6077.0,1.0
2024.09.30_11-38-39_Sussex_no_odor,6079.0,6082.0,1.0
2024.09.30_11-38-39_Sussex_no_odor,6085.0,6087.0,1.0
2024.09.30_11-38-39_Sussex_no_odor,6089.0,6089.0,1.0
2024.09.30_11-38-39_Sussex_no_odor,6091.0,6092.0,1.0
2024.09.30_11-38-39_Sussex_no_odor,6094.0,6095.0,1.0
2024.09.30_11-38-39_Sussex_no_odor,6099.0,6100.0,1.0
2024.09.30_11-38-39_Sussex_no_odor,6105.0,6105.0,1.0
2024.09.30_11-38-39_Sussex_no_odor,6108.0,6108.0,1.0
2024.09.30_11-38-39_Sussex_no_odor,6114.0,6116.0,1.0
2024.09.30_11-38-39_Sussex_no_odor,6118.0,6119.0,1.0
2024.09.30_11-38-39_Sussex_no_odor,6121.0,6122.0,1.0
2024.09.30_11-38-39_Sussex_no_odor,6125.0,6127.0,1.0
2024.09.30_11-38-39_Sussex_no_odor,6129.0,6135.0,1.0
2024.09.30_11-38-39_Sussex_no_odor,6137.0,6152.0,1.0
2024.09.30_11-38-39_Sussex_no_odor,6154.0,6156.0,1.0
2024.09.30_11-38-39_Sussex_no_odor,6159.0,6168.0,1.0
2024.09.30_11-38-39_Sussex_no_odor,6170.0,6173.0,1.0
2024.09.30_11-38-39_Sussex_no_odor,6175.0,6177.0,1.0
2024.09.30_11-38-39_Sussex_no_odor,6179.0,6179.0,1.0
2024.09.30_11-38-39_Sussex_no_odor,6181.0,6189.0,1.0
2024.09.30_11-38-39_Sussex_no_odor,6193.0,6193.0,1.0
2024.09.30_11-38-39_Sussex_no_odor,6196.0,6196.0,1.0
2024.09.30_11-38-39_Sussex_no_odor,6198.0,6200.0,1.0
2024.09.30_11-38-39_Sussex_no_odor,6202.0,6212.0,1.0
2024.09.30_11-38-39_Sussex_no_odor,6215.0,6221.0,1.0
2024.09.30_11-38-39_Sussex_no_odor,6223.0,6223.0,1.0
2024.09.30_11-38-39_Sussex_no_odor,6225.0,6226.0,1.0
2024.09.30_11-38-39_Sussex_no_odor,6229.0,6233.0,1.0
2024.09.30_11-38-39_Sussex_no_odor,6235.0,6236.0,1.0
2024.09.30_11-38-39_Sussex_no_odor,6238.0,6239.0,1.0
2024.09.30_11-38-39_Sussex_no_odor,6242.0,6243.0,1.0
2024.09.30_11-38-39_Sussex_no_odor,6245.0,6247.0,1.0
2024.09.30_11-38-39_Sussex_no_odor,6249.0,6250.0,1.0
2024.09.30_11-38-39_Sussex_no_odor,6252.0,6252.0,1.0
2024.09.30_11-38-39_Sussex_no_odor,6257.0,6258.0,1.0
2024.09.30_11-38-39_Sussex_no_odor,6261.0,6261.0,1.0
2024.09.30_11-38-39_Sussex_no_odor,6266.0,6266.0,1.0
2024.09.30_11-38-39_Sussex_no_odor,6268.0,6269.0,1.0
2024.09.30_11-38-39_Sussex_no_odor,6271.0,6271.0,1.0
2024.09.30_11-38-39_Sussex_no_odor,6273.0,6273.0,1.0
2024.09.30_11-38-39_Sussex_no_odor,6275.0,6275.0,1.0
2024.09.30_11-38-39_Sussex_no_odor,6277.0,6282.0,1.0
2024.09.30_11-38-39_Sussex_no_odor,6284.0,6285.0,1.0
2024.09.30_11-38-39_Sussex_no_odor,6287.0,6288.0,1.0
2024.09.30_11-38-39_Sussex_no_odor,6290.0,6290.0,1.0
2024.09.30_11-38-39_Sussex_no_odor,6292.0,6292.0,1.0
2024.09.30_11-38-39_Sussex_no_odor,6294.0,6296.0,1.0
2024.09.30_11-38-39_Sussex_no_odor,6298.0,6315.0,1.0
2024.09.30_11-38-39_Sussex_no_odor,6317.0,6333.0,1.0
2024.09.30_11-38-39_Sussex_no_odor,6335.0,6340.0,1.0
2024.09.30_11-38-39_Sussex_no_odor,6342.0,6406.0,1.0
2024.09.30_11-38-39_Sussex_no_odor,6408.0,6430.0,1.0
2024.09.30_11-38-39_Sussex_no_odor,6433.0,6434.0,1.0
2024.09.30_11-38-39_Sussex_no_odor,6436.0,6436.0,1.0
2024.09.30_11-38-39_Sussex_no_odor,6438.0,6463.0,1.0
2024.09.30_11-38-39_Sussex_no_odor,6465.0,6471.0,1.0
2024.09.30_11-38-39_Sussex_no_odor,6474.0,6476.0,1.0
2024.09.30_11-38-39_Sussex_no_odor,6478.0,6479.0,1.0
2024.09.30_11-38-39_Sussex_no_odor,6481.0,6494.0,1.0
2024.09.30_11-38-39_Sussex_no_odor,6496.0,6496.0,1.0
2024.09.30_11-38-39_Sussex_no_odor,6502.0,6509.0,1.0
2024.09.30_11-38-39_Sussex_no_odor,6511.0,6519.0,1.0
2024.07.09_12-22-40_Riverside (E-2-Hex),2888.0,2892.0,1.0
2024.07.09_12-22-40_Riverside (E-2-Hex),2895.0,2896.0,1.0
2024.07.09_12-22-40_Riverside (E-2-Hex),2900.0,3323.0,1.0
2024.07.09_12-22-40_Riverside (E-2-Hex),7135.0,7781.0,1.0
2024.09.24_16-27-35_Yakuba7_no_odor,3.0,8999.0,1.0
2024.10.11_15-17-54_Stocago_2hexanol,3.0,1083.0,1.0
2024.10.11_15-17-54_Stocago_2hexanol,1087.0,1116.0,1.0
2024.10.11_15-17-54_Stocago_2hexanol,1120.0,1163.0,1.0
2024.10.11_15-17-54_Stocago_2hexanol,1168.0,1215.0,1.0
2024.10.11_15-17-54_Stocago_2hexanol,1217.0,1219.0,1.0
2024.10.11_15-17-54_Stocago_2hexanol,1221.0,1268.0,1.0
2024.10.11_15-17-54_Stocago_2hexanol,1274.0,1275.0,1.0
2024.10.11_15-17-54_Stocago_2hexanol,1277.0,1281.0,1.0
2024.10.11_15-17-54_Stocago_2hexanol,1283.0,1283.0,1.0
2024.10.11_15-17-54_Stocago_2hexanol,1285.0,1295.0,1.0
2024.10.11_15-17-54_Stocago_2hexanol,1300.0,1313.0,1.0
2024.11.21_18-59-35_Stocago_e2hex,4584.0,4587.0,1.0
2024.11.21_18-59-35_Stocago_e2hex,4589.0,4681.0,1.0
2024.11.21_18-59-35_Stocago_e2hex,4685.0,4685.0,1.0
2024.11.21_18-59-35_Stocago_e2hex,4687.0,4687.0,1.0
2024.11.21_18-59-35_Stocago_e2hex,4689.0,4727.0,1.0
2024.11.21_18-59-35_Stocago_e2hex,4729.0,4995.0,1.0
2024.11.21_18-59-35_Stocago_e2hex,4997.0,5134.0,1.0
2024.11.21_18-59-35_Stocago_e2hex,5136.0,5355.0,1.0
2024.11.21_18-59-35_Stocago_e2hex,5357.0,5724.0,1.0
2024.11.21_18-59-35_Stocago_e2hex,5726.0,5772.0,1.0
2024.11.21_18-59-35_Stocago_e2hex,5774.0,5811.0,1.0
2024.11.21_18-59-35_Stocago_e2hex,5813.0,5903.0,1.0
2024.11.21_18-59-35_Stocago_e2hex,5908.0,6354.0,1.0
2024.11.21_18-59-35_Stocago_e2hex,6356.0,6508.0,1.0
2024.11.21_18-59-35_Stocago_e2hex,6512.0,6512.0,1.0
2024.11.21_18-59-35_Stocago_e2hex,6542.0,6934.0,1.0
2024.11.21_18-59-35_Stocago_e2hex,6936.0,7011.0,1.0
2024.11.21_18-59-35_Stocago_e2hex,7013.0,7015.0,1.0
2024.11.21_18-59-35_Stocago_e2hex,7017.0,7017.0,1.0
2024.11.21_18-59-35_Stocago_e2hex,7019.0,7019.0,1.0
2024.11.21_18-59-35_Stocago_e2hex,7022.0,7027.0,1.0
2024.11.21_18-59-35_Stocago_e2hex,7032.0,7178.0,1.0
2024.11.21_18-59-35_Stocago_e2hex,7189.0,7189.0,1.0
2024.11.21_18-59-35_Stocago_e2hex,7197.0,7255.0,1.0
2024.11.21_18-59-35_Stocago_e2hex,7258.0,7258.0,1.0
2024.11.21_18-59-35_Stocago_e2hex,7264.0,7322.0,1.0
2024.11.14_20-48-04_Sto_car_e2hex,5361.0,5441.0,1.0
2024.11.14_20-48-04_Sto_car_e2hex,5443.0,6144.0,1.0
2024.11.14_20-48-04_Sto_car_e2hex,6147.0,8371.0,1.0
2024.11.14_20-48-04_Sto_car_e2hex,8373.0,8373.0,1.0
2024.11.14_20-48-04_Sto_car_e2hex,8379.0,8999.0,1.0
2024.10.11_09-42-54_Biarmipes_G224_1hexanol,3.0,2777.0,1.0
2024.10.11_09-42-54_Biarmipes_G224_1hexanol,2779.0,3154.0,1.0
2024.10.11_09-42-54_Biarmipes_G224_1hexanol,3156.0,3157.0,1.0
2024.10.11_09-42-54_Biarmipes_G224_1hexanol,3160.0,3161.0,1.0
2024.10.11_09-42-54_Biarmipes_G224_1hexanol,3163.0,3163.0,1.0
2024.10.11_09-42-54_Biarmipes_G224_1hexanol,3165.0,3168.0,1.0
2024.10.11_09-42-54_Biarmipes_G224_1hexanol,3170.0,3170.0,1.0
2024.10.11_09-42-54_Biarmipes_G224_1hexanol,3173.0,3176.0,1.0
2024.10.11_09-42-54_Biarmipes_G224_1hexanol,3178.0,3178.0,1.0
2024.10.11_09-42-54_Biarmipes_G224_1hexanol,3181.0,3185.0,1.0
2024.10.11_09-42-54_Biarmipes_G224_1hexanol,3188.0,3193.0,1.0
2024.10.11_09-42-54_Biarmipes_G224_1hexanol,3195.0,3197.0,1.0
2024.10.11_09-42-54_Biarmipes_G224_1hexanol,3202.0,3203.0,1.0
2024.10.11_09-42-54_Biarmipes_G224_1hexanol,3205.0,3209.0,1.0
2024.10.11_09-42-54_Biarmipes_G224_1hexanol,3212.0,3212.0,1.0
2024.10.11_09-42-54_Biarmipes_G224_1hexanol,3214.0,3216.0,1.0
2024.10.11_09-42-54_Biarmipes_G224_1hexanol,3222.0,3222.0,1.0
2024.10.11_09-42-54_Biarmipes_G224_1hexanol,3225.0,3225.0,1.0
2024.10.11_09-42-54_Biarmipes_G224_1hexanol,3228.0,3228.0,1.0
2024.10.11_09-42-54_Biarmipes_G224_1hexanol,3230.0,3231.0,1.0
2024.10.11_09-42-54_Biarmipes_G224_1hexanol,3241.0,3246.0,1.0
2024.10.11_09-42-54_Biarmipes_G224_1hexanol,3249.0,3251.0,1.0
2024.10.11_09-42-54_Biarmipes_G224_1hexanol,3257.0,3257.0,1.0
2024.10.11_09-42-54_Biarmipes_G224_1hexanol,3261.0,3263.0,1.0
2024.10.11_09-42-54_Biarmipes_G224_1hexanol,3265.0,3269.0,1.0
2024.10.11_09-42-54_Biarmipes_G224_1hexanol,3272.0,3332.0,1.0
2024.10.11_09-42-54_Biarmipes_G224_1hexanol,3334.0,3334.0,1.0
2024.10.11_09-42-54_Biarmipes_G224_1hexanol,3337.0,3340.0,1.0
2024.10.02_10-13-56_Biarmipes_G224_no_odor,3.0,141.0,1.0
2024.10.02_10-13-56_Biarmipes_G224_no_odor,143.0,143.0,1.0
2024.10.02_10-13-56_Biarmipes_G224_no_odor,146.0,485.0,1.0
2024.10.02_10-13-56_Biarmipes_G224_no_odor,487.0,502.0,1.0
2024.10.02_10-13-56_Biarmipes_G224_no_odor,504.0,505.0,1.0
2024.10.02_10-13-56_Biarmipes_G224_no_odor,507.0,507.0,1.0
2024.10.02_10-13-56_Biarmipes_G224_no_odor,511.0,512.0,1.0
2024.10.02_10-13-56_Biarmipes_G224_no_odor,523.0,523.0,1.0
2024.10.02_10-13-56_Biarmipes_G224_no_odor,1683.0,1684.0,1.0
2024.10.02_10-13-56_Biarmipes_G224_no_odor,1686.0,1691.0,1.0
2024.10.02_10-13-56_Biarmipes_G224_no_odor,1694.0,1695.0,1.0
2024.10.02_10-13-56_Biarmipes_G224_no_odor,1697.0,1905.0,1.0
2024.10.02_10-13-56_Biarmipes_G224_no_odor,1907.0,2228.0,1.0
2024.10.02_10-13-56_Biarmipes_G224_no_odor,2232.0,2232.0,1.0
2024.10.02_10-13-56_Biarmipes_G224_no_odor,2234.0,2237.0,1.0
2024.10.02_10-13-56_Biarmipes_G224_no_odor,2239.0,2254.0,1.0
2024.10.02_10-13-56_Biarmipes_G224_no_odor,2256.0,2257.0,1.0
2024.10.02_10-13-56_Biarmipes_G224_no_odor,2259.0,3077.0,1.0
2024.10.17_09-19-40_Sto_car_prenac,4085.0,4089.0,1.0
2024.10.17_09-19-40_Sto_car_prenac,4093.0,4093.0,1.0
2024.10.17_09-19-40_Sto_car_prenac,4095.0,4097.0,1.0
2024.10.17_09-19-40_Sto_car_prenac,4099.0,4100.0,1.0
2024.10.17_09-19-40_Sto_car_prenac,4102.0,4116.0,1.0
2024.10.17_09-19-40_Sto_car_prenac,4118.0,4141.0,1.0
2024.10.17_09-19-40_Sto_car_prenac,4143.0,4145.0,1.0
2024.10.17_09-19-40_Sto_car_prenac,4147.0,4449.0,1.0
2024.10.17_09-19-40_Sto_car_prenac,4453.0,4463.0,1.0
2024.10.17_09-19-40_Sto_car_prenac,4465.0,4471.0,1.0
2024.10.17_09-19-40_Sto_car_prenac,4474.0,4474.0,1.0
2024.10.17_09-19-40_Sto_car_prenac,4476.0,4492.0,1.0
2024.10.17_09-19-40_Sto_car_prenac,4494.0,4502.0,1.0
2024.10.17_09-19-40_Sto_car_prenac,4504.0,4507.0,1.0
2024.10.17_09-19-40_Sto_car_prenac,4509.0,4511.0,1.0
2024.10.17_09-19-40_Sto_car_prenac,4513.0,4517.0,1.0
2024.10.17_09-19-40_Sto_car_prenac,4519.0,4524.0,1.0
2024.10.17_09-19-40_Sto_car_prenac,4526.0,4528.0,1.0
2024.10.17_09-19-40_Sto_car_prenac,4531.0,4539.0,1.0
2024.10.17_09-19-40_Sto_car_prenac,4541.0,8330.0,1.0
2024.10.17_09-19-40_Sto_car_prenac,8332.0,8834.0,1.0
2024.10.08_12-50-07_Stocago_2hexanol,3.0,1097.0,1.0
2024.10.08_12-50-07_Stocago_2hexanol,1104.0,1395.0,1.0
2024.10.08_12-50-07_Stocago_2hexanol,1397.0,1397.0,1.0
2024.10.08_12-50-07_Stocago_2hexanol,1399.0,1401.0,1.0
2024.10.08_12-50-07_Stocago_2hexanol,1404.0,1404.0,1.0
2024.10.08_12-50-07_Stocago_2hexanol,1406.0,1410.0,1.0
2024.10.08_12-50-07_Stocago_2hexanol,1414.0,1414.0,1.0
2024.10.08_12-50-07_Stocago_2hexanol,1416.0,1422.0,1.0
2024.10.08_12-50-07_Stocago_2hexanol,1425.0,1425.0,1.0
2024.10.08_12-50-07_Stocago_2hexanol,1429.0,1455.0,1.0
2024.10.08_12-50-07_Stocago_2hexanol,1457.0,1469.0,1.0
2024.10.08_12-50-07_Stocago_2hexanol,1480.0,1783.0,1.0
2024.10.08_12-50-07_Stocago_2hexanol,1787.0,1813.0,1.0
2024.10.08_12-50-07_Stocago_2hexanol,1815.0,1816.0,1.0
2024.10.08_12-50-07_Stocago_2hexanol,1820.0,1838.0,1.0
2024.10.08_12-50-07_Stocago_2hexanol,1841.0,1872.0,1.0
2024.10.08_12-50-07_Stocago_2hexanol,1874.0,1893.0,1.0
2024.10.08_12-50-07_Stocago_2hexanol,1895.0,1895.0,1.0
2024.10.04_14-48-37_Biarmipes84_no_odor,4000.0,4040.0,1.0
2024.10.04_14-48-37_Biarmipes84_no_odor,4043.0,4070.0,1.0
2024.10.04_14-48-37_Biarmipes84_no_odor,4072.0,4077.0,1.0
2024.10.04_14-48-37_Biarmipes84_no_odor,4081.0,4090.0,1.0
2024.10.04_14-48-37_Biarmipes84_no_odor,4092.0,4093.0,1.0
2024.10.04_14-48-37_Biarmipes84_no_odor,4096.0,4096.0,1.0
2024.10.04_14-48-37_Biarmipes84_no_odor,4109.0,4110.0,1.0
2024.10.04_14-48-37_Biarmipes84_no_odor,4112.0,4113.0,1.0
2024.10.04_14-48-37_Biarmipes84_no_odor,4117.0,4125.0,1.0
2024.10.04_14-48-37_Biarmipes84_no_odor,4127.0,4130.0,1.0
2024.10.04_14-48-37_Biarmipes84_no_odor,4132.0,4138.0,1.0
2024.10.04_14-48-37_Biarmipes84_no_odor,4141.0,4142.0,1.0
2024.10.04_14-48-37_Biarmipes84_no_odor,4145.0,4146.0,1.0
2024.10.04_14-48-37_Biarmipes84_no_odor,4148.0,4148.0,1.0
2024.10.04_14-48-37_Biarmipes84_no_odor,4151.0,4152.0,1.0
2024.10.04_14-48-37_Biarmipes84_no_odor,4154.0,4156.0,1.0
2024.10.04_14-48-37_Biarmipes84_no_odor,4159.0,4159.0,1.0
2024.10.04_14-48-37_Biarmipes84_no_odor,4162.0,4171.0,1.0
2024.10.04_14-48-37_Biarmipes84_no_odor,4173.0,4181.0,1.0
2024.10.04_14-48-37_Biarmipes84_no_odor,4183.0,4186.0,1.0
2024.10.04_14-48-37_Biarmipes84_no_odor,4188.0,4194.0,1.0
2024.10.04_14-48-37_Biarmipes84_no_odor,4196.0,4201.0,1.0
2024.10.04_14-48-37_Biarmipes84_no_odor,4203.0,4207.0,1.0
2024.10.04_14-48-37_Biarmipes84_no_odor,4209.0,4212.0,1.0
2024.10.04_14-48-37_Biarmipes84_no_odor,4214.0,4223.0,1.0
2024.10.04_14-48-37_Biarmipes84_no_odor,4225.0,4228.0,1.0
2024.10.04_14-48-37_Biarmipes84_no_odor,4230.0,4237.0,1.0
2024.10.04_14-48-37_Biarmipes84_no_odor,4239.0,4246.0,1.0
2024.10.04_14-48-37_Biarmipes84_no_odor,4248.0,4255.0,1.0
2024.10.04_14-48-37_Biarmipes84_no_odor,4257.0,4265.0,1.0
2024.10.04_14-48-37_Biarmipes84_no_odor,4267.0,4281.0,1.0
2024.10.04_14-48-37_Biarmipes84_no_odor,4284.0,4291.0,1.0
2024.10.04_14-48-37_Biarmipes84_no_odor,4294.0,4747.0,1.0
2024.10.04_14-48-37_Biarmipes84_no_odor,4749.0,4798.0,1.0
2024.10.04_14-48-37_Biarmipes84_no_odor,4800.0,6532.0,1.0
2024.10.04_14-48-37_Biarmipes84_no_odor,6534.0,7029.0,1.0
2024.10.04_14-48-37_Biarmipes84_no_odor,7031.0,7077.0,1.0
2024.10.04_14-48-37_Biarmipes84_no_odor,7079.0,7083.0,1.0
2024.10.04_14-48-37_Biarmipes84_no_odor,7085.0,7095.0,1.0
2024.10.04_14-48-37_Biarmipes84_no_odor,7102.0,7248.0,1.0
2024.10.04_14-48-37_Biarmipes84_no_odor,7250.0,7250.0,1.0
2024.10.04_14-48-37_Biarmipes84_no_odor,7252.0,7257.0,1.0
2024.10.04_14-48-37_Biarmipes84_no_odor,7260.0,7260.0,1.0
2024.10.04_14-48-37_Biarmipes84_no_odor,7262.0,7263.0,1.0
2024.10.04_14-48-37_Biarmipes84_no_odor,7267.0,7267.0,1.0
2024.10.04_14-48-37_Biarmipes84_no_odor,7269.0,7297.0,1.0
2024.10.04_14-48-37_Biarmipes84_no_odor,7299.0,7306.0,1.0
2024.10.04_14-48-37_Biarmipes84_no_odor,7308.0,7317.0,1.0
2024.10.04_14-48-37_Biarmipes84_no_odor,7324.0,7324.0,1.0
2024.10.04_14-48-37_Biarmipes84_no_odor,7330.0,7331.0,1.0
2024.10.04_14-48-37_Biarmipes84_no_odor,7333.0,7336.0,1.0
2024.10.04_14-48-37_Biarmipes84_no_odor,7339.0,7340.0,1.0
2024.10.04_14-48-37_Biarmipes84_no_odor,7342.0,7342.0,1.0
2024.10.04_14-48-37_Biarmipes84_no_odor,7344.0,7344.0,1.0
2024.10.04_14-48-37_Biarmipes84_no_odor,7346.0,7346.0,1.0
2024.10.04_14-48-37_Biarmipes84_no_odor,7348.0,7351.0,1.0
2024.10.04_14-48-37_Biarmipes84_no_odor,7368.0,7387.0,1.0
2024.10.04_14-48-37_Biarmipes84_no_odor,7390.0,7394.0,1.0
2024.10.04_14-48-37_Biarmipes84_no_odor,7396.0,7400.0,1.0
2024.10.04_14-48-37_Biarmipes84_no_odor,7402.0,7403.0,1.0
2024.10.04_14-48-37_Biarmipes84_no_odor,7405.0,7407.0,1.0
2024.10.04_14-48-37_Biarmipes84_no_odor,7411.0,7424.0,1.0
2024.10.04_14-48-37_Biarmipes84_no_odor,7426.0,7431.0,1.0
2024.10.04_14-48-37_Biarmipes84_no_odor,7433.0,7442.0,1.0
2024.10.04_14-48-37_Biarmipes84_no_odor,7444.0,7444.0,1.0
2024.10.04_14-48-37_Biarmipes84_no_odor,7446.0,7462.0,1.0
2024.10.04_14-48-37_Biarmipes84_no_odor,7464.0,7476.0,1.0
2024.10.04_14-48-37_Biarmipes84_no_odor,7478.0,7490.0,1.0
2024.10.04_14-48-37_Biarmipes84_no_odor,7492.0,7535.0,1.0
2024.10.04_14-48-37_Biarmipes84_no_odor,7537.0,7542.0,1.0
2024.10.04_14-48-37_Biarmipes84_no_odor,7544.0,7567.0,1.0
2024.10.04_14-48-37_Biarmipes84_no_odor,7569.0,7577.0,1.0
2024.10.04_14-48-37_Biarmipes84_no_odor,7579.0,7584.0,1.0
2024.10.04_14-48-37_Biarmipes84_no_odor,7588.0,7593.0,1.0
2024.10.04_14-48-37_Biarmipes84_no_odor,7595.0,7595.0,1.0
2024.10.04_14-48-37_Biarmipes84_no_odor,7599.0,7609.0,1.0
2024.10.04_14-48-37_Biarmipes84_no_odor,7611.0,7615.0,1.0
2024.10.04_14-48-37_Biarmipes84_no_odor,7617.0,7618.0,1.0
2024.10.04_14-48-37_Biarmipes84_no_odor,7620.0,7623.0,1.0
2024.10.04_14-48-37_Biarmipes84_no_odor,7625.0,7625.0,1.0
2024.10.04_14-48-37_Biarmipes84_no_odor,7627.0,7630.0,1.0
2024.10.04_14-48-37_Biarmipes84_no_odor,7635.0,7635.0,1.0
2024.10.04_14-48-37_Biarmipes84_no_odor,7639.0,7639.0,1.0
2024.10.04_14-48-37_Biarmipes84_no_odor,7641.0,7641.0,1.0
2024.10.04_14-48-37_Biarmipes84_no_odor,7646.0,7646.0,1.0
2024.10.04_14-48-37_Biarmipes84_no_odor,7648.0,7650.0,1.0
2024.10.04_14-48-37_Biarmipes84_no_odor,7655.0,7655.0,1.0
2024.10.04_14-48-37_Biarmipes84_no_odor,7658.0,7658.0,1.0
2024.10.04_14-48-37_Biarmipes84_no_odor,7660.0,7662.0,1.0
2024.10.04_14-48-37_Biarmipes84_no_odor,7664.0,7664.0,1.0
2024.10.04_14-48-37_Biarmipes84_no_odor,7676.0,7676.0,1.0
2024.10.04_14-48-37_Biarmipes84_no_odor,7678.0,7679.0,1.0
2024.10.04_14-48-37_Biarmipes84_no_odor,7688.0,7689.0,1.0
2024.10.04_14-48-37_Biarmipes84_no_odor,7693.0,7693.0,1.0
2024.10.04_14-48-37_Biarmipes84_no_odor,7698.0,7698.0,1.0
2024.10.04_14-48-37_Biarmipes84_no_odor,7702.0,7702.0,1.0
2024.10.04_14-48-37_Biarmipes84_no_odor,7717.0,7717.0,1.0
2024.10.04_14-48-37_Biarmipes84_no_odor,7722.0,7723.0,1.0
2024.10.04_14-48-37_Biarmipes84_no_odor,7727.0,7727.0,1.0
2024.10.04_14-48-37_Biarmipes84_no_odor,7739.0,7739.0,1.0
2024.10.04_14-48-37_Biarmipes84_no_odor,7753.0,7754.0,1.0
2024.10.04_14-48-37_Biarmipes84_no_odor,7757.0,7759.0,1.0
2024.10.04_14-48-37_Biarmipes84_no_odor,7764.0,7767.0,1.0
2024.10.04_14-48-37_Biarmipes84_no_odor,7772.0,7774.0,1.0
2024.10.04_14-48-37_Biarmipes84_no_odor,7786.0,7786.0,1.0
2024.10.04_14-48-37_Biarmipes84_no_odor,7790.0,7794.0,1.0
2024.10.04_14-48-37_Biarmipes84_no_odor,7796.0,7812.0,1.0
2024.10.04_14-48-37_Biarmipes84_no_odor,7814.0,7820.0,1.0
2024.10.04_14-48-37_Biarmipes84_no_odor,7822.0,7844.0,1.0
2024.10.04_14-48-37_Biarmipes84_no_odor,7847.0,7856.0,1.0
2024.10.04_14-48-37_Biarmipes84_no_odor,7861.0,7862.0,1.0
2024.10.04_14-48-37_Biarmipes84_no_odor,7869.0,7869.0,1.0
2024.10.04_14-48-37_Biarmipes84_no_odor,7874.0,7875.0,1.0
2024.10.04_14-48-37_Biarmipes84_no_odor,7883.0,7888.0,1.0
2024.10.04_14-48-37_Biarmipes84_no_odor,7892.0,7892.0,1.0
2024.10.04_14-48-37_Biarmipes84_no_odor,7906.0,7906.0,1.0
2024.10.04_14-48-37_Biarmipes84_no_odor,7909.0,7911.0,1.0
2024.10.04_14-48-37_Biarmipes84_no_odor,7913.0,7913.0,1.0
2024.10.04_14-48-37_Biarmipes84_no_odor,7917.0,7917.0,1.0
2024.10.04_14-48-37_Biarmipes84_no_odor,7921.0,7921.0,1.0
2024.10.04_14-48-37_Biarmipes84_no_odor,7924.0,7924.0,1.0
2024.10.04_14-48-37_Biarmipes84_no_odor,7926.0,7928.0,1.0
2024.10.04_14-48-37_Biarmipes84_no_odor,7931.0,7931.0,1.0
2024.10.04_14-48-37_Biarmipes84_no_odor,7935.0,7935.0,1.0
2024.10.04_14-48-37_Biarmipes84_no_odor,7940.0,7940.0,1.0
2024.10.04_14-48-37_Biarmipes84_no_odor,7945.0,7946.0,1.0
2024.10.04_14-48-37_Biarmipes84_no_odor,7948.0,7950.0,1.0
2024.10.04_14-48-37_Biarmipes84_no_odor,7952.0,7952.0,1.0
2024.10.04_14-48-37_Biarmipes84_no_odor,7954.0,7954.0,1.0
2024.10.04_14-48-37_Biarmipes84_no_odor,7962.0,7971.0,1.0
2024.10.04_14-48-37_Biarmipes84_no_odor,7977.0,7977.0,1.0
2024.10.04_14-48-37_Biarmipes84_no_odor,7982.0,7982.0,1.0
2024.10.04_14-48-37_Biarmipes84_no_odor,7985.0,7985.0,1.0
2024.10.04_14-48-37_Biarmipes84_no_odor,7994.0,7994.0,1.0
2024.10.04_14-48-37_Biarmipes84_no_odor,8000.0,8000.0,1.0
2024.10.04_14-48-37_Biarmipes84_no_odor,8002.0,8002.0,1.0
2024.10.04_14-48-37_Biarmipes84_no_odor,8005.0,8010.0,1.0
2024.10.04_14-48-37_Biarmipes84_no_odor,8012.0,8014.0,1.0
2024.10.04_14-48-37_Biarmipes84_no_odor,8020.0,8027.0,1.0
2024.10.04_14-48-37_Biarmipes84_no_odor,8029.0,8045.0,1.0
2024.10.04_14-48-37_Biarmipes84_no_odor,8050.0,8052.0,1.0
2024.10.04_14-48-37_Biarmipes84_no_odor,8054.0,8074.0,1.0
2024.10.04_14-48-37_Biarmipes84_no_odor,8076.0,8090.0,1.0
2024.10.04_14-48-37_Biarmipes84_no_odor,8092.0,8127.0,1.0
2024.10.04_14-48-37_Biarmipes84_no_odor,8129.0,8129.0,1.0
2024.10.04_14-48-37_Biarmipes84_no_odor,8131.0,8189.0,1.0
2024.10.04_14-48-37_Biarmipes84_no_odor,8191.0,8194.0,1.0
2024.10.04_14-48-37_Biarmipes84_no_odor,8196.0,8198.0,1.0
2024.10.04_14-48-37_Biarmipes84_no_odor,8201.0,8208.0,1.0
2024.10.04_14-48-37_Biarmipes84_no_odor,8213.0,8213.0,1.0
2024.10.04_14-48-37_Biarmipes84_no_odor,8215.0,8215.0,1.0
2024.10.04_14-48-37_Biarmipes84_no_odor,8217.0,8217.0,1.0
2024.10.04_14-48-37_Biarmipes84_no_odor,8219.0,8219.0,1.0
2024.10.04_14-48-37_Biarmipes84_no_odor,8222.0,8223.0,1.0
2024.10.04_14-48-37_Biarmipes84_no_odor,8230.0,8230.0,1.0
2024.10.04_14-48-37_Biarmipes84_no_odor,8233.0,8234.0,1.0
2024.10.04_14-48-37_Biarmipes84_no_odor,8237.0,8243.0,1.0
2024.10.04_14-48-37_Biarmipes84_no_odor,8250.0,8250.0,1.0
2024.10.04_14-48-37_Biarmipes84_no_odor,8252.0,8266.0,1.0
2024.10.04_14-48-37_Biarmipes84_no_odor,8268.0,8275.0,1.0
2024.10.04_14-48-37_Biarmipes84_no_odor,8277.0,8342.0,1.0
2024.10.04_14-48-37_Biarmipes84_no_odor,8344.0,8405.0,1.0
2024.10.04_14-48-37_Biarmipes84_no_odor,8407.0,8409.0,1.0
2024.10.04_14-48-37_Biarmipes84_no_odor,8411.0,8500.0,1.0
2024.10.04_14-48-37_Biarmipes84_no_odor,8502.0,8511.0,1.0
2024.10.04_14-48-37_Biarmipes84_no_odor,8513.0,8515.0,1.0
2024.10.04_14-48-37_Biarmipes84_no_odor,8517.0,8523.0,1.0
2024.10.04_14-48-37_Biarmipes84_no_odor,8525.0,8542.0,1.0
2024.10.04_14-48-37_Biarmipes84_no_odor,8545.0,8545.0,1.0
2024.10.04_14-48-37_Biarmipes84_no_odor,8547.0,8573.0,1.0
2024.10.24_12-10-34_Biarmipes84_prenac,3433.0,3496.0,1.0
2024.10.24_12-10-34_Biarmipes84_prenac,3498.0,3530.0,1.0
2024.10.24_12-10-34_Biarmipes84_prenac,3532.0,3552.0,1.0
2024.10.24_12-10-34_Biarmipes84_prenac,3554.0,3559.0,1.0
2024.10.24_12-10-34_Biarmipes84_prenac,3561.0,3620.0,1.0
2024.10.24_12-10-34_Biarmipes84_prenac,3622.0,3702.0,1.0
2024.10.24_12-10-34_Biarmipes84_prenac,3705.0,3715.0,1.0
2024.10.24_12-10-34_Biarmipes84_prenac,3717.0,3734.0,1.0
2024.10.24_12-10-34_Biarmipes84_prenac,3736.0,3814.0,1.0
2024.10.24_12-10-34_Biarmipes84_prenac,3816.0,3827.0,1.0
2024.10.24_12-10-34_Biarmipes84_prenac,3829.0,3862.0,1.0
2024.10.24_12-10-34_Biarmipes84_prenac,3864.0,3879.0,1.0
2024.10.24_12-10-34_Biarmipes84_prenac,3881.0,3912.0,1.0
2024.10.24_12-10-34_Biarmipes84_prenac,3914.0,3916.0,1.0
2024.10.24_12-10-34_Biarmipes84_prenac,3918.0,3918.0,1.0
2024.10.24_12-10-34_Biarmipes84_prenac,3920.0,3922.0,1.0
2024.10.24_12-10-34_Biarmipes84_prenac,3925.0,3925.0,1.0
2024.10.24_12-10-34_Biarmipes84_prenac,3927.0,3927.0,1.0
2024.10.24_12-10-34_Biarmipes84_prenac,3929.0,3938.0,1.0
2024.10.24_12-10-34_Biarmipes84_prenac,3942.0,3942.0,1.0
2024.10.24_12-10-34_Biarmipes84_prenac,3945.0,3945.0,1.0
2024.10.24_12-10-34_Biarmipes84_prenac,3949.0,3950.0,1.0
2024.10.24_12-10-34_Biarmipes84_prenac,3955.0,3955.0,1.0
2024.10.24_12-10-34_Biarmipes84_prenac,3962.0,3962.0,1.0
2024.10.24_12-10-34_Biarmipes84_prenac,3965.0,3965.0,1.0
2024.10.24_12-10-34_Biarmipes84_prenac,3967.0,3967.0,1.0
2024.10.24_12-10-34_Biarmipes84_prenac,3985.0,3986.0,1.0
2024.10.24_12-10-34_Biarmipes84_prenac,3994.0,3994.0,1.0
2024.10.24_12-10-34_Biarmipes84_prenac,3999.0,3999.0,1.0
2024.10.24_12-10-34_Biarmipes84_prenac,4001.0,4002.0,1.0
2024.10.24_12-10-34_Biarmipes84_prenac,4004.0,4004.0,1.0
2024.10.24_12-10-34_Biarmipes84_prenac,4007.0,4007.0,1.0
2024.10.24_12-10-34_Biarmipes84_prenac,4017.0,4017.0,1.0
2024.10.24_12-10-34_Biarmipes84_prenac,4021.0,4021.0,1.0
2024.10.24_12-10-34_Biarmipes84_prenac,4024.0,4024.0,1.0
2024.10.24_12-10-34_Biarmipes84_prenac,4026.0,4026.0,1.0
2024.10.24_12-10-34_Biarmipes84_prenac,4028.0,4028.0,1.0
2024.10.24_12-10-34_Biarmipes84_prenac,4033.0,4034.0,1.0
2024.10.24_12-10-34_Biarmipes84_prenac,4048.0,4048.0,1.0
2024.10.24_12-10-34_Biarmipes84_prenac,4051.0,4051.0,1.0
2024.10.24_12-10-34_Biarmipes84_prenac,4055.0,4055.0,1.0
2024.10.24_12-10-34_Biarmipes84_prenac,4057.0,4057.0,1.0
2024.10.24_12-10-34_Biarmipes84_prenac,4060.0,4060.0,1.0
2024.10.24_12-10-34_Biarmipes84_prenac,4067.0,4070.0,1.0
2024.10.24_12-10-34_Biarmipes84_prenac,4072.0,4072.0,1.0
2024.10.24_12-10-34_Biarmipes84_prenac,4074.0,4074.0,1.0
2024.10.24_12-10-34_Biarmipes84_prenac,4076.0,4076.0,1.0
2024.10.24_12-10-34_Biarmipes84_prenac,4082.0,4085.0,1.0
2024.10.24_12-10-34_Biarmipes84_prenac,4090.0,4090.0,1.0
2024.10.24_12-10-34_Biarmipes84_prenac,4093.0,4093.0,1.0
2024.10.24_12-10-34_Biarmipes84_prenac,4095.0,4095.0,1.0
2024.10.24_12-10-34_Biarmipes84_prenac,4111.0,4111.0,1.0
2024.10.24_12-10-34_Biarmipes84_prenac,4113.0,4114.0,1.0
2024.10.24_12-10-34_Biarmipes84_prenac,4120.0,4120.0,1.0
2024.10.24_12-10-34_Biarmipes84_prenac,4127.0,4127.0,1.0
2024.10.24_12-10-34_Biarmipes84_prenac,4135.0,4135.0,1.0
2024.10.24_12-10-34_Biarmipes84_prenac,4142.0,4142.0,1.0
2024.10.24_12-10-34_Biarmipes84_prenac,4148.0,4148.0,1.0
2024.10.24_12-10-34_Biarmipes84_prenac,4153.0,4153.0,1.0
2024.10.24_12-10-34_Biarmipes84_prenac,4156.0,4157.0,1.0
2024.10.24_12-10-34_Biarmipes84_prenac,4159.0,4160.0,1.0
2024.10.24_12-10-34_Biarmipes84_prenac,4163.0,4163.0,1.0
2024.10.24_12-10-34_Biarmipes84_prenac,4167.0,4167.0,1.0
2024.10.24_12-10-34_Biarmipes84_prenac,4172.0,4173.0,1.0
2024.10.24_12-10-34_Biarmipes84_prenac,4179.0,4179.0,1.0
2024.10.24_12-10-34_Biarmipes84_prenac,4182.0,4182.0,1.0
2024.10.24_12-10-34_Biarmipes84_prenac,4189.0,4190.0,1.0
2024.10.24_12-10-34_Biarmipes84_prenac,4192.0,4198.0,1.0
2024.10.24_12-10-34_Biarmipes84_prenac,4200.0,4200.0,1.0
2024.10.24_12-10-34_Biarmipes84_prenac,4203.0,4203.0,1.0
2024.10.24_12-10-34_Biarmipes84_prenac,4205.0,4205.0,1.0
2024.10.24_12-10-34_Biarmipes84_prenac,4207.0,4207.0,1.0
2024.10.24_12-10-34_Biarmipes84_prenac,4212.0,4213.0,1.0
2024.10.24_12-10-34_Biarmipes84_prenac,4215.0,4215.0,1.0
2024.10.24_12-10-34_Biarmipes84_prenac,4217.0,4219.0,1.0
2024.10.24_12-10-34_Biarmipes84_prenac,4221.0,4226.0,1.0
2024.10.24_12-10-34_Biarmipes84_prenac,4228.0,4228.0,1.0
2024.10.24_12-10-34_Biarmipes84_prenac,4230.0,4230.0,1.0
2024.10.24_12-10-34_Biarmipes84_prenac,4234.0,4235.0,1.0
2024.10.24_12-10-34_Biarmipes84_prenac,4237.0,4238.0,1.0
2024.10.24_12-10-34_Biarmipes84_prenac,4240.0,4240.0,1.0
2024.10.24_12-10-34_Biarmipes84_prenac,4242.0,4242.0,1.0
2024.10.24_12-10-34_Biarmipes84_prenac,4247.0,4251.0,1.0
2024.10.24_12-10-34_Biarmipes84_prenac,4253.0,4259.0,1.0
2024.10.24_12-10-34_Biarmipes84_prenac,4261.0,4262.0,1.0
2024.10.24_12-10-34_Biarmipes84_prenac,4265.0,4266.0,1.0
2024.10.24_12-10-34_Biarmipes84_prenac,4268.0,4270.0,1.0
2024.10.24_12-10-34_Biarmipes84_prenac,4273.0,4280.0,1.0
2024.10.24_12-10-34_Biarmipes84_prenac,4282.0,4282.0,1.0
2024.10.24_12-10-34_Biarmipes84_prenac,4284.0,4333.0,1.0
2024.10.24_12-10-34_Biarmipes84_prenac,4335.0,4645.0,1.0
2024.10.24_12-10-34_Biarmipes84_prenac,4647.0,4650.0,1.0
2024.10.24_12-10-34_Biarmipes84_prenac,4653.0,7365.0,1.0
2024.10.24_12-10-34_Biarmipes84_prenac,7367.0,7369.0,1.0
2024.10.24_12-10-34_Biarmipes84_prenac,7371.0,7392.0,1.0
2024.10.24_12-10-34_Biarmipes84_prenac,7394.0,7395.0,1.0
2024.10.24_12-10-34_Biarmipes84_prenac,7397.0,7397.0,1.0
2024.10.24_12-10-34_Biarmipes84_prenac,7401.0,7401.0,1.0
2024.10.24_12-10-34_Biarmipes84_prenac,7405.0,7405.0,1.0
2024.10.24_12-10-34_Biarmipes84_prenac,7407.0,7407.0,1.0
2024.10.24_12-10-34_Biarmipes84_prenac,7409.0,7417.0,1.0
2024.10.24_12-10-34_Biarmipes84_prenac,7421.0,7427.0,1.0
2024.10.24_12-10-34_Biarmipes84_prenac,7429.0,7430.0,1.0
2024.10.24_12-10-34_Biarmipes84_prenac,7435.0,7437.0,1.0
2024.10.24_12-10-34_Biarmipes84_prenac,7441.0,7442.0,1.0
2024.10.24_12-10-34_Biarmipes84_prenac,7445.0,7448.0,1.0
2024.10.24_12-10-34_Biarmipes84_prenac,7451.0,7452.0,1.0
2024.10.24_12-10-34_Biarmipes84_prenac,7454.0,7458.0,1.0
2024.10.24_12-10-34_Biarmipes84_prenac,7461.0,7462.0,1.0
2024.10.24_12-10-34_Biarmipes84_prenac,7464.0,7464.0,1.0
2024.10.24_12-10-34_Biarmipes84_prenac,7466.0,7491.0,1.0
2024.10.24_12-10-34_Biarmipes84_prenac,7493.0,7505.0,1.0
2024.10.24_12-10-34_Biarmipes84_prenac,7507.0,7524.0,1.0
2024.10.24_12-10-34_Biarmipes84_prenac,7526.0,7537.0,1.0
2024.10.24_12-10-34_Biarmipes84_prenac,7540.0,7544.0,1.0
2024.10.24_12-10-34_Biarmipes84_prenac,7546.0,7556.0,1.0
2024.10.24_12-10-34_Biarmipes84_prenac,7558.0,7573.0,1.0
2024.10.24_12-10-34_Biarmipes84_prenac,7575.0,7576.0,1.0
2024.10.24_12-10-34_Biarmipes84_prenac,7579.0,7583.0,1.0
2024.10.24_12-10-34_Biarmipes84_prenac,7586.0,7588.0,1.0
2024.10.24_12-10-34_Biarmipes84_prenac,7590.0,7598.0,1.0
2024.10.24_12-10-34_Biarmipes84_prenac,7600.0,7605.0,1.0
2024.10.24_12-10-34_Biarmipes84_prenac,7608.0,7624.0,1.0
2024.10.24_12-10-34_Biarmipes84_prenac,7626.0,7628.0,1.0
2024.10.24_12-10-34_Biarmipes84_prenac,7630.0,7632.0,1.0
2024.10.24_12-10-34_Biarmipes84_prenac,7634.0,7636.0,1.0
2024.10.24_12-10-34_Biarmipes84_prenac,7638.0,7644.0,1.0
2024.10.24_12-10-34_Biarmipes84_prenac,7646.0,7667.0,1.0
2024.10.24_12-10-34_Biarmipes84_prenac,7669.0,7672.0,1.0
2024.10.24_12-10-34_Biarmipes84_prenac,7674.0,7864.0,1.0
2024.10.24_12-10-34_Biarmipes84_prenac,7871.0,7877.0,1.0
2024.10.24_12-10-34_Biarmipes84_prenac,7879.0,7880.0,1.0
2024.10.24_12-10-34_Biarmipes84_prenac,7882.0,7884.0,1.0
2024.10.24_12-10-34_Biarmipes84_prenac,7886.0,7888.0,1.0
2024.10.24_12-10-34_Biarmipes84_prenac,7890.0,8006.0,1.0
2024.10.24_12-10-34_Biarmipes84_prenac,8009.0,8727.0,1.0
2024.10.29_07-16-59_Sto_car_metben,4.0,153.0,1.0
2024.10.29_07-16-59_Sto_car_metben,155.0,155.0,1.0
2024.10.29_07-16-59_Sto_car_metben,157.0,157.0,1.0
2024.10.29_07-16-59_Sto_car_metben,160.0,165.0,1.0
2024.10.29_07-16-59_Sto_car_metben,167.0,167.0,1.0
2024.10.29_07-16-59_Sto_car_metben,169.0,169.0,1.0
2024.10.29_07-16-59_Sto_car_metben,209.0,209.0,1.0
2024.10.29_07-16-59_Sto_car_metben,211.0,216.0,1.0
2024.10.29_07-16-59_Sto_car_metben,218.0,1720.0,1.0
2024.10.29_07-16-59_Sto_car_metben,1722.0,1726.0,1.0
2024.10.29_07-16-59_Sto_car_metben,1728.0,1768.0,1.0
2024.10.29_07-16-59_Sto_car_metben,1770.0,1772.0,1.0
2024.10.29_07-16-59_Sto_car_metben,1774.0,2042.0,1.0
2024.10.29_07-16-59_Sto_car_metben,2060.0,2060.0,1.0
2024.10.29_07-16-59_Sto_car_metben,2069.0,2070.0,1.0
2024.10.29_07-16-59_Sto_car_metben,2075.0,2076.0,1.0
2024.10.14_10-47-44_Riverside_metbut,3.0,2509.0,1.0
2024.10.14_10-47-44_Riverside_metbut,2514.0,2517.0,1.0
2024.10.14_10-47-44_Riverside_metbut,2522.0,2526.0,1.0
2024.10.14_10-47-44_Riverside_metbut,2532.0,2553.0,1.0
2024.11.04_10-01-10_Sechellia28_e2hex,3.0,1104.0,1.0
2024.11.04_10-01-10_Sechellia28_e2hex,1775.0,4299.0,1.0
2024.11.04_10-01-10_Sechellia28_e2hex,5243.0,6036.0,1.0
2024.10.16_09-45-46_Yakuba_Cameroon_prenac,6543.0,6543.0,1.0
2024.10.16_09-45-46_Yakuba_Cameroon_prenac,6547.0,6547.0,1.0
2024.10.16_09-45-46_Yakuba_Cameroon_prenac,6556.0,6556.0,1.0
2024.10.16_09-45-46_Yakuba_Cameroon_prenac,6560.0,6560.0,1.0
2024.10.16_09-45-46_Yakuba_Cameroon_prenac,6562.0,6594.0,1.0
2024.10.16_09-45-46_Yakuba_Cameroon_prenac,6596.0,6609.0,1.0
2024.10.16_09-45-46_Yakuba_Cameroon_prenac,6611.0,8532.0,1.0
2024.10.16_09-45-46_Yakuba_Cameroon_prenac,8534.0,8545.0,1.0
2024.10.16_09-45-46_Yakuba_Cameroon_prenac,8547.0,8556.0,1.0
2024.10.16_09-45-46_Yakuba_Cameroon_prenac,8558.0,8999.0,1.0
2024.10.31_04-34-55_Biarmipes_G224_metben,1875.0,1885.0,1.0
2024.10.31_04-34-55_Biarmipes_G224_metben,1887.0,1899.0,1.0
2024.10.31_04-34-55_Biarmipes_G224_metben,1901.0,1901.0,1.0
2024.10.31_04-34-55_Biarmipes_G224_metben,1903.0,1903.0,1.0
2024.10.31_04-34-55_Biarmipes_G224_metben,1913.0,2020.0,1.0
2024.10.31_04-34-55_Biarmipes_G224_metben,2025.0,2095.0,1.0
2024.10.31_04-34-55_Biarmipes_G224_metben,2097.0,2097.0,1.0
2024.10.31_04-34-55_Biarmipes_G224_metben,2108.0,2178.0,1.0
2024.10.31_04-34-55_Biarmipes_G224_metben,2185.0,2185.0,1.0
2024.10.31_04-34-55_Biarmipes_G224_metben,2189.0,2190.0,1.0
2024.10.31_04-34-55_Biarmipes_G224_metben,3264.0,3346.0,1.0
2024.10.31_04-34-55_Biarmipes_G224_metben,3348.0,3447.0,1.0
2024.10.31_04-34-55_Biarmipes_G224_metben,3459.0,3526.0,1.0
2024.10.31_04-34-55_Biarmipes_G224_metben,3528.0,3592.0,1.0
2024.10.31_04-34-55_Biarmipes_G224_metben,3594.0,3595.0,1.0
2024.10.31_04-34-55_Biarmipes_G224_metben,3611.0,3896.0,1.0
2024.10.31_04-34-55_Biarmipes_G224_metben,3917.0,4789.0,1.0
2024.10.31_04-34-55_Biarmipes_G224_metben,4791.0,4792.0,1.0
2024.10.31_04-34-55_Biarmipes_G224_metben,4794.0,5057.0,1.0
2024.10.31_04-34-55_Biarmipes_G224_metben,5069.0,5069.0,1.0
2024.10.31_04-34-55_Biarmipes_G224_metben,5071.0,5148.0,1.0
2024.10.31_04-34-55_Biarmipes_G224_metben,5151.0,5154.0,1.0
2024.10.31_04-34-55_Biarmipes_G224_metben,5158.0,5304.0,1.0
2024.10.31_04-34-55_Biarmipes_G224_metben,5311.0,5872.0,1.0
2024.10.31_04-34-55_Biarmipes_G224_metben,5874.0,6090.0,1.0
2024.10.31_04-34-55_Biarmipes_G224_metben,6092.0,6146.0,1.0
2024.10.31_04-34-55_Biarmipes_G224_metben,6150.0,6170.0,1.0
2024.10.31_04-34-55_Biarmipes_G224_metben,6172.0,6190.0,1.0
2024.10.31_04-34-55_Biarmipes_G224_metben,6199.0,6207.0,1.0
2024.10.31_04-34-55_Biarmipes_G224_metben,6211.0,6238.0,1.0
2024.10.31_04-34-55_Biarmipes_G224_metben,6241.0,6335.0,1.0
2024.10.31_04-34-55_Biarmipes_G224_metben,6337.0,6337.0,1.0
2024.10.31_04-34-55_Biarmipes_G224_metben,6344.0,6362.0,1.0
2024.10.31_04-34-55_Biarmipes_G224_metben,6364.0,6376.0,1.0
2024.12.01_20-33-51_Riverside_prenac,6855.0,6863.0,1.0
2024.12.01_20-33-51_Riverside_prenac,6865.0,6899.0,1.0
2024.12.01_20-33-51_Riverside_prenac,6901.0,6922.0,1.0
2024.12.01_20-33-51_Riverside_prenac,6925.0,8831.0,1.0
2024.12.01_20-33-51_Riverside_prenac,8833.0,8835.0,1.0
2024.12.01_20-33-51_Riverside_prenac,8837.0,8858.0,1.0
2024.12.01_20-33-51_Riverside_prenac,8860.0,8999.0,1.0
2024.10.23_08-40-24_Biarmipes84_prenac,1436.0,1473.0,1.0
2024.10.23_08-40-24_Biarmipes84_prenac,1475.0,3430.0,1.0
2024.10.23_08-40-24_Biarmipes84_prenac,3432.0,3570.0,1.0
2024.10.23_08-40-24_Biarmipes84_prenac,3572.0,3589.0,1.0
2024.10.23_08-40-24_Biarmipes84_prenac,3592.0,3593.0,1.0
2024.10.23_08-40-24_Biarmipes84_prenac,3595.0,3595.0,1.0
2024.10.23_08-40-24_Biarmipes84_prenac,3599.0,3599.0,1.0
2024.10.23_08-40-24_Biarmipes84_prenac,3606.0,3606.0,1.0
2024.10.23_08-40-24_Biarmipes84_prenac,3610.0,3627.0,1.0
2024.10.23_08-40-24_Biarmipes84_prenac,3630.0,3630.0,1.0
2024.10.23_08-40-24_Biarmipes84_prenac,3633.0,3670.0,1.0
2024.10.23_08-40-24_Biarmipes84_prenac,3672.0,3771.0,1.0
2024.10.23_08-40-24_Biarmipes84_prenac,3773.0,3916.0,1.0
2024.10.23_08-40-24_Biarmipes84_prenac,3918.0,3920.0,1.0
2024.10.23_08-40-24_Biarmipes84_prenac,3922.0,4030.0,1.0
2024.10.15_12-51-51_sechellia_prenac,3.0,213.0,1.0
2024.10.15_12-51-51_sechellia_prenac,215.0,1561.0,1.0
2024.10.15_12-51-51_sechellia_prenac,1563.0,1563.0,1.0
2024.10.15_12-51-51_sechellia_prenac,1565.0,1574.0,1.0
2024.10.15_12-51-51_sechellia_prenac,1578.0,1585.0,1.0
2024.10.15_12-51-51_sechellia_prenac,1587.0,1608.0,1.0
2024.10.23_08-34-30_Biarmipes84_prenac,3.0,1253.0,1.0
2024.10.23_08-34-30_Biarmipes84_prenac,1255.0,1256.0,1.0
2024.10.23_08-34-30_Biarmipes84_prenac,1259.0,1261.0,1.0
2024.10.23_08-34-30_Biarmipes84_prenac,1263.0,1267.0,1.0
2024.10.23_08-34-30_Biarmipes84_prenac,1269.0,1271.0,1.0
2024.10.23_08-34-30_Biarmipes84_prenac,1273.0,1274.0,1.0
2024.10.23_08-34-30_Biarmipes84_prenac,1277.0,1278.0,1.0
2024.10.23_08-34-30_Biarmipes84_prenac,1284.0,1284.0,1.0
2024.10.23_08-34-30_Biarmipes84_prenac,1288.0,1289.0,1.0
2024.10.23_08-34-30_Biarmipes84_prenac,1293.0,1294.0,1.0
2024.10.23_08-34-30_Biarmipes84_prenac,1299.0,1300.0,1.0
2024.10.23_08-34-30_Biarmipes84_prenac,1305.0,1306.0,1.0
2024.10.23_08-34-30_Biarmipes84_prenac,1308.0,1309.0,1.0
2024.10.23_08-34-30_Biarmipes84_prenac,1311.0,1316.0,1.0
2024.10.23_08-34-30_Biarmipes84_prenac,1318.0,1323.0,1.0
2024.10.23_08-34-30_Biarmipes84_prenac,1326.0,1329.0,1.0
2024.10.23_08-34-30_Biarmipes84_prenac,1331.0,1335.0,1.0
2024.10.23_08-34-30_Biarmipes84_prenac,1340.0,1343.0,1.0
2024.10.23_08-34-30_Biarmipes84_prenac,1345.0,1346.0,1.0
2024.10.23_08-34-30_Biarmipes84_prenac,1351.0,1351.0,1.0
2024.10.23_08-34-30_Biarmipes84_prenac,1353.0,1388.0,1.0
2024.10.23_08-34-30_Biarmipes84_prenac,1390.0,1497.0,1.0
2024.10.23_08-34-30_Biarmipes84_prenac,1499.0,1503.0,1.0
2024.10.23_08-34-30_Biarmipes84_prenac,1505.0,1508.0,1.0
2024.10.23_08-34-30_Biarmipes84_prenac,1510.0,1537.0,1.0
2024.10.23_08-34-30_Biarmipes84_prenac,1539.0,1541.0,1.0
2024.10.23_08-34-30_Biarmipes84_prenac,1543.0,1544.0,1.0
2024.10.23_08-34-30_Biarmipes84_prenac,1546.0,1546.0,1.0
2024.10.23_08-34-30_Biarmipes84_prenac,1548.0,1550.0,1.0
2024.10.23_08-34-30_Biarmipes84_prenac,1553.0,1553.0,1.0
2024.10.23_08-34-30_Biarmipes84_prenac,1556.0,1557.0,1.0
2024.10.23_08-34-30_Biarmipes84_prenac,1561.0,1562.0,1.0
2024.10.23_08-34-30_Biarmipes84_prenac,1564.0,1564.0,1.0
2024.10.23_08-34-30_Biarmipes84_prenac,1569.0,1570.0,1.0
2024.10.23_08-34-30_Biarmipes84_prenac,1572.0,1572.0,1.0
2024.10.23_08-34-30_Biarmipes84_prenac,1575.0,1575.0,1.0
2024.10.23_08-34-30_Biarmipes84_prenac,1577.0,1577.0,1.0
2024.10.23_08-34-30_Biarmipes84_prenac,1586.0,1586.0,1.0
2024.10.23_08-34-30_Biarmipes84_prenac,1589.0,1590.0,1.0
2024.10.23_08-34-30_Biarmipes84_prenac,1594.0,1594.0,1.0
2024.10.23_08-34-30_Biarmipes84_prenac,1597.0,1597.0,1.0
2024.10.23_08-34-30_Biarmipes84_prenac,1601.0,1602.0,1.0
2024.10.23_08-34-30_Biarmipes84_prenac,1604.0,1604.0,1.0
2024.10.23_08-34-30_Biarmipes84_prenac,1612.0,1614.0,1.0
2024.10.23_08-34-30_Biarmipes84_prenac,1617.0,1617.0,1.0
2024.10.23_08-34-30_Biarmipes84_prenac,1619.0,1619.0,1.0
2024.10.23_08-34-30_Biarmipes84_prenac,1623.0,1626.0,1.0
2024.10.23_08-34-30_Biarmipes84_prenac,1630.0,1630.0,1.0
2024.10.23_08-34-30_Biarmipes84_prenac,1636.0,1636.0,1.0
2024.10.23_08-34-30_Biarmipes84_prenac,1638.0,1638.0,1.0
2024.10.23_08-34-30_Biarmipes84_prenac,1640.0,1641.0,1.0
2024.10.23_08-34-30_Biarmipes84_prenac,1643.0,1646.0,1.0
2024.10.23_08-34-30_Biarmipes84_prenac,1649.0,1650.0,1.0
2024.10.23_08-34-30_Biarmipes84_prenac,1654.0,1655.0,1.0
2024.10.23_08-34-30_Biarmipes84_prenac,1657.0,1657.0,1.0
2024.10.23_08-34-30_Biarmipes84_prenac,1662.0,1662.0,1.0
2024.10.23_08-34-30_Biarmipes84_prenac,1668.0,1669.0,1.0
2024.10.23_08-34-30_Biarmipes84_prenac,1672.0,1673.0,1.0
2024.10.23_08-34-30_Biarmipes84_prenac,1675.0,1677.0,1.0
2024.10.23_08-34-30_Biarmipes84_prenac,1679.0,1831.0,1.0
2024.10.23_08-34-30_Biarmipes84_prenac,1834.0,1842.0,1.0
2024.10.23_08-34-30_Biarmipes84_prenac,1844.0,1847.0,1.0
2024.10.23_08-34-30_Biarmipes84_prenac,1849.0,1850.0,1.0
2024.10.23_08-34-30_Biarmipes84_prenac,1852.0,1853.0,1.0
2024.10.23_08-34-30_Biarmipes84_prenac,1855.0,1900.0,1.0
2024.10.23_08-34-30_Biarmipes84_prenac,1902.0,1904.0,1.0
2024.10.23_08-34-30_Biarmipes84_prenac,1906.0,1911.0,1.0
2024.10.23_08-34-30_Biarmipes84_prenac,1913.0,2000.0,1.0
2024.10.29_06-53-07_Yakuba7_metben,3.0,1537.0,1.0
2024.10.29_06-53-07_Yakuba7_metben,1539.0,1547.0,1.0
2024.10.29_06-53-07_Yakuba7_metben,1549.0,1554.0,1.0
2024.10.29_06-53-07_Yakuba7_metben,1556.0,1770.0,1.0
2024.10.29_06-53-07_Yakuba7_metben,1772.0,1782.0,1.0
2024.10.29_06-53-07_Yakuba7_metben,1784.0,2115.0,1.0
2024.10.29_06-53-07_Yakuba7_metben,3852.0,4744.0,1.0
2024.10.29_06-53-07_Yakuba7_metben,4746.0,6102.0,1.0
2024.10.29_06-53-07_Yakuba7_metben,6107.0,6125.0,1.0
2024.10.29_06-53-07_Yakuba7_metben,6127.0,6127.0,1.0
2024.10.29_06-53-07_Yakuba7_metben,6140.0,7227.0,1.0
2024.10.29_06-53-07_Yakuba7_metben,7229.0,7272.0,1.0
2024.10.29_06-53-07_Yakuba7_metben,7274.0,7277.0,1.0
2024.10.15_12-31-51_sechellia_prenac,3.0,3184.0,1.0
2024.10.15_12-31-51_sechellia_prenac,3186.0,3248.0,1.0
2024.10.15_12-31-51_sechellia_prenac,3250.0,3253.0,1.0
2024.10.15_12-31-51_sechellia_prenac,3255.0,3256.0,1.0
2024.10.15_12-31-51_sechellia_prenac,3258.0,3267.0,1.0
2024.10.15_12-31-51_sechellia_prenac,3269.0,3269.0,1.0
2024.10.15_12-31-51_sechellia_prenac,3271.0,3275.0,1.0
2024.10.15_12-31-51_sechellia_prenac,3277.0,3287.0,1.0
2024.10.15_12-31-51_sechellia_prenac,3289.0,3343.0,1.0
2024.10.15_12-31-51_sechellia_prenac,3345.0,3365.0,1.0
2024.10.15_12-31-51_sechellia_prenac,3367.0,3370.0,1.0
2024.10.15_12-31-51_sechellia_prenac,3374.0,3380.0,1.0
2024.10.15_12-31-51_sechellia_prenac,3384.0,3392.0,1.0
2024.10.15_12-31-51_sechellia_prenac,3394.0,3394.0,1.0
2024.10.15_12-31-51_sechellia_prenac,3396.0,3396.0,1.0
2024.10.15_12-31-51_sechellia_prenac,3399.0,3399.0,1.0
2024.10.15_12-31-51_sechellia_prenac,3401.0,3409.0,1.0
2024.10.15_12-31-51_sechellia_prenac,3411.0,3412.0,1.0
2024.10.15_12-31-51_sechellia_prenac,3414.0,3416.0,1.0
2024.10.15_12-31-51_sechellia_prenac,3418.0,3419.0,1.0
2024.10.15_12-31-51_sechellia_prenac,3421.0,3422.0,1.0
2024.10.15_12-31-51_sechellia_prenac,3424.0,3430.0,1.0
2024.10.15_12-31-51_sechellia_prenac,3434.0,3435.0,1.0
2024.10.15_12-31-51_sechellia_prenac,3437.0,3450.0,1.0
2024.10.15_12-31-51_sechellia_prenac,3452.0,3453.0,1.0
2024.10.15_12-31-51_sechellia_prenac,3455.0,3456.0,1.0
2024.10.15_12-31-51_sechellia_prenac,3459.0,3468.0,1.0
2024.10.15_12-31-51_sechellia_prenac,3471.0,3472.0,1.0
2024.10.15_12-31-51_sechellia_prenac,3474.0,3475.0,1.0
2024.10.15_12-31-51_sechellia_prenac,3478.0,3479.0,1.0
2024.10.15_12-31-51_sechellia_prenac,3481.0,3481.0,1.0
2024.10.15_12-31-51_sechellia_prenac,3484.0,3484.0,1.0
2024.10.15_12-31-51_sechellia_prenac,3486.0,3488.0,1.0
2024.10.15_12-31-51_sechellia_prenac,3490.0,3493.0,1.0
2024.10.15_12-31-51_sechellia_prenac,3495.0,3516.0,1.0
2024.10.15_12-31-51_sechellia_prenac,3518.0,3519.0,1.0
2024.10.15_12-31-51_sechellia_prenac,3521.0,3522.0,1.0
2024.10.15_12-31-51_sechellia_prenac,3525.0,3527.0,1.0
2024.10.15_12-31-51_sechellia_prenac,3529.0,3539.0,1.0
2024.10.15_12-31-51_sechellia_prenac,3541.0,3542.0,1.0
2024.10.15_12-31-51_sechellia_prenac,3544.0,3545.0,1.0
2024.10.15_12-31-51_sechellia_prenac,3548.0,3555.0,1.0
2024.10.15_12-31-51_sechellia_prenac,3557.0,3558.0,1.0
2024.10.15_12-31-51_sechellia_prenac,3560.0,3561.0,1.0
2024.10.15_12-31-51_sechellia_prenac,3565.0,3566.0,1.0
2024.10.15_12-31-51_sechellia_prenac,3568.0,3568.0,1.0
2024.10.15_12-31-51_sechellia_prenac,3570.0,3570.0,1.0
2024.10.15_12-31-51_sechellia_prenac,3572.0,3596.0,1.0
2024.10.15_12-31-51_sechellia_prenac,3598.0,3609.0,1.0
2024.10.15_12-31-51_sechellia_prenac,3611.0,3615.0,1.0
2024.10.15_12-31-51_sechellia_prenac,3617.0,3659.0,1.0
2024.10.15_12-31-51_sechellia_prenac,3661.0,3722.0,1.0
2024.10.03_12-30-01_Yakuba_cameroon_2hex,2667.0,2753.0,1.0
2024.10.03_12-30-01_Yakuba_cameroon_2hex,2757.0,3218.0,1.0
2024.10.03_12-30-01_Yakuba_cameroon_2hex,3220.0,3247.0,1.0
2024.10.03_12-30-01_Yakuba_cameroon_2hex,3249.0,3369.0,1.0
2024.10.03_12-30-01_Yakuba_cameroon_2hex,3371.0,3371.0,1.0
2024.10.03_12-30-01_Yakuba_cameroon_2hex,3375.0,3469.0,1.0
2024.10.03_12-30-01_Yakuba_cameroon_2hex,3477.0,3526.0,1.0
2025.03.07_11-49-04_Sussex_metbut,2267.0,2292.0,1.0
2025.03.07_11-49-04_Sussex_metbut,2294.0,2299.0,1.0
2025.03.07_11-49-04_Sussex_metbut,2305.0,2399.0,1.0
2025.03.07_11-49-04_Sussex_metbut,2441.0,2446.0,1.0
2025.03.07_11-49-04_Sussex_metbut,2450.0,2467.0,1.0
2025.03.07_11-49-04_Sussex_metbut,2469.0,2471.0,1.0
2025.03.07_11-49-04_Sussex_metbut,2475.0,2477.0,1.0
2025.03.07_11-49-04_Sussex_metbut,2479.0,8999.0,1.0
2024.11.05_05-23-08_CantonS_e2hex,7392.0,7826.0,1.0
2024.11.05_05-23-08_CantonS_e2hex,7828.0,7834.0,1.0
2024.11.05_05-23-08_CantonS_e2hex,7861.0,7861.0,1.0
2024.11.05_05-23-08_CantonS_e2hex,7863.0,7864.0,1.0
2024.11.05_05-23-08_CantonS_e2hex,7866.0,8999.0,1.0
2024.10.18_12-41-12_Sto_car_prenac,3.0,107.0,1.0
2024.10.18_12-41-12_Sto_car_prenac,109.0,1053.0,1.0
2024.10.18_12-41-12_Sto_car_prenac,1055.0,1056.0,1.0
2024.10.18_12-41-12_Sto_car_prenac,1058.0,1098.0,1.0
2024.10.18_12-41-12_Sto_car_prenac,1104.0,1107.0,1.0
2024.10.18_12-41-12_Sto_car_prenac,1109.0,1109.0,1.0
2024.10.18_12-41-12_Sto_car_prenac,1112.0,1115.0,1.0
2024.10.18_12-41-12_Sto_car_prenac,1118.0,1123.0,1.0
2024.10.24_11-51-34_Biarmipes84_prenac,3.0,2915.0,1.0
2024.10.24_11-51-34_Biarmipes84_prenac,2917.0,2919.0,1.0
2024.10.24_11-51-34_Biarmipes84_prenac,2921.0,3074.0,1.0
2024.10.24_11-51-34_Biarmipes84_prenac,3076.0,3091.0,1.0
2024.10.24_11-51-34_Biarmipes84_prenac,3093.0,3103.0,1.0
2024.10.24_11-51-34_Biarmipes84_prenac,3105.0,3105.0,1.0
2024.10.24_11-51-34_Biarmipes84_prenac,3108.0,3109.0,1.0
2024.10.24_11-51-34_Biarmipes84_prenac,3111.0,3120.0,1.0
2024.10.24_11-51-34_Biarmipes84_prenac,3122.0,3126.0,1.0
2024.10.24_11-51-34_Biarmipes84_prenac,3128.0,3128.0,1.0
2024.10.24_11-51-34_Biarmipes84_prenac,3133.0,3141.0,1.0
2024.10.24_11-51-34_Biarmipes84_prenac,3143.0,3147.0,1.0
2024.10.24_11-51-34_Biarmipes84_prenac,3149.0,3149.0,1.0
2024.10.24_11-51-34_Biarmipes84_prenac,3152.0,3157.0,1.0
2024.10.24_11-51-34_Biarmipes84_prenac,3161.0,3163.0,1.0
2024.10.24_11-51-34_Biarmipes84_prenac,3165.0,3167.0,1.0
2024.10.24_11-51-34_Biarmipes84_prenac,3169.0,3169.0,1.0
2024.10.24_11-51-34_Biarmipes84_prenac,3171.0,3173.0,1.0
2024.10.24_11-51-34_Biarmipes84_prenac,3175.0,3175.0,1.0
2024.10.24_11-51-34_Biarmipes84_prenac,3177.0,3178.0,1.0
2024.10.24_11-51-34_Biarmipes84_prenac,3180.0,3180.0,1.0
2024.10.24_11-51-34_Biarmipes84_prenac,3184.0,3185.0,1.0
2024.10.24_11-51-34_Biarmipes84_prenac,3187.0,3187.0,1.0
2024.10.24_11-51-34_Biarmipes84_prenac,3190.0,3198.0,1.0
2024.10.24_11-51-34_Biarmipes84_prenac,3200.0,3202.0,1.0
2024.10.24_11-51-34_Biarmipes84_prenac,3204.0,3210.0,1.0
2024.10.24_11-51-34_Biarmipes84_prenac,3213.0,3214.0,1.0
2024.10.24_11-51-34_Biarmipes84_prenac,3217.0,3217.0,1.0
2024.10.24_11-51-34_Biarmipes84_prenac,3219.0,3219.0,1.0
2024.10.24_11-51-34_Biarmipes84_prenac,3221.0,3233.0,1.0
2024.10.24_11-51-34_Biarmipes84_prenac,3235.0,3246.0,1.0
2024.10.24_11-51-34_Biarmipes84_prenac,3248.0,3253.0,1.0
2024.10.24_11-51-34_Biarmipes84_prenac,3256.0,3256.0,1.0
2024.10.24_11-51-34_Biarmipes84_prenac,3258.0,3269.0,1.0
2024.10.24_11-51-34_Biarmipes84_prenac,3271.0,3271.0,1.0
2024.10.24_11-51-34_Biarmipes84_prenac,3273.0,3275.0,1.0
2024.10.24_11-51-34_Biarmipes84_prenac,3277.0,3277.0,1.0
2024.10.24_11-51-34_Biarmipes84_prenac,3279.0,3290.0,1.0
2024.10.24_11-51-34_Biarmipes84_prenac,3292.0,3296.0,1.0
2024.10.24_11-51-34_Biarmipes84_prenac,3298.0,3313.0,1.0
2024.10.24_11-51-34_Biarmipes84_prenac,3315.0,3330.0,1.0
2024.10.24_11-51-34_Biarmipes84_prenac,3332.0,3338.0,1.0
2024.10.24_11-51-34_Biarmipes84_prenac,3341.0,3344.0,1.0
2024.10.24_11-51-34_Biarmipes84_prenac,3346.0,3366.0,1.0
2024.10.24_11-51-34_Biarmipes84_prenac,3368.0,3404.0,1.0
2024.10.24_11-51-34_Biarmipes84_prenac,3406.0,3406.0,1.0
2024.10.24_11-51-34_Biarmipes84_prenac,3408.0,3587.0,1.0
2024.10.24_11-51-34_Biarmipes84_prenac,3589.0,3591.0,1.0
2024.10.24_11-51-34_Biarmipes84_prenac,3593.0,3597.0,1.0
2024.10.24_11-51-34_Biarmipes84_prenac,3599.0,3898.0,1.0
2024.10.24_11-51-34_Biarmipes84_prenac,3900.0,3912.0,1.0
2024.10.24_11-51-34_Biarmipes84_prenac,3914.0,3915.0,1.0
2024.09.25_14-33-42_Yakuba7_no_odor,4324.0,4325.0,1.0
2024.09.25_14-33-42_Yakuba7_no_odor,4327.0,5825.0,1.0
2024.09.25_14-33-42_Yakuba7_no_odor,5827.0,6049.0,1.0
2024.09.25_14-33-42_Yakuba7_no_odor,6051.0,8950.0,1.0
2024.10.01_09-49-07_Yakuba_cameroon_no_odor,1182.0,1185.0,1.0
2024.10.01_09-49-07_Yakuba_cameroon_no_odor,1187.0,1195.0,1.0
2024.10.01_09-49-07_Yakuba_cameroon_no_odor,1198.0,1198.0,1.0
2024.10.01_09-49-07_Yakuba_cameroon_no_odor,1201.0,1201.0,1.0
2024.10.01_09-49-07_Yakuba_cameroon_no_odor,1203.0,1203.0,1.0
2024.10.01_09-49-07_Yakuba_cameroon_no_odor,1206.0,1206.0,1.0
2024.10.01_09-49-07_Yakuba_cameroon_no_odor,1209.0,1341.0,1.0
2024.10.01_09-49-07_Yakuba_cameroon_no_odor,1354.0,2989.0,1.0
2024.10.01_09-49-07_Yakuba_cameroon_no_odor,2991.0,2994.0,1.0
2024.10.01_09-49-07_Yakuba_cameroon_no_odor,2996.0,3035.0,1.0
2024.10.01_09-49-07_Yakuba_cameroon_no_odor,3037.0,3069.0,1.0
2024.10.01_09-49-07_Yakuba_cameroon_no_odor,3072.0,3072.0,1.0
2024.10.01_09-49-07_Yakuba_cameroon_no_odor,3074.0,3075.0,1.0
2024.10.01_09-49-07_Yakuba_cameroon_no_odor,4805.0,4807.0,1.0
2024.10.01_09-49-07_Yakuba_cameroon_no_odor,4809.0,4821.0,1.0
2024.10.01_09-49-07_Yakuba_cameroon_no_odor,4823.0,6268.0,1.0
2024.10.01_09-49-07_Yakuba_cameroon_no_odor,6271.0,6441.0,1.0
2024.10.01_09-49-07_Yakuba_cameroon_no_odor,6443.0,6469.0,1.0
2024.10.01_09-49-07_Yakuba_cameroon_no_odor,6471.0,6473.0,1.0
2024.10.01_09-49-07_Yakuba_cameroon_no_odor,6475.0,6582.0,1.0
2024.10.01_09-49-07_Yakuba_cameroon_no_odor,6584.0,6610.0,1.0
2024.10.01_09-49-07_Yakuba_cameroon_no_odor,6614.0,6615.0,1.0
2024.10.01_09-49-07_Yakuba_cameroon_no_odor,6617.0,6624.0,1.0
2024.10.01_09-49-07_Yakuba_cameroon_no_odor,6626.0,6639.0,1.0
2024.10.01_09-49-07_Yakuba_cameroon_no_odor,6643.0,6651.0,1.0
2024.10.01_09-49-07_Yakuba_cameroon_no_odor,6653.0,6653.0,1.0
2024.10.01_09-49-07_Yakuba_cameroon_no_odor,6655.0,6655.0,1.0
2024.10.01_09-49-07_Yakuba_cameroon_no_odor,6658.0,6658.0,1.0
2024.10.01_09-49-07_Yakuba_cameroon_no_odor,6660.0,6660.0,1.0
2024.10.01_09-49-07_Yakuba_cameroon_no_odor,6662.0,6662.0,1.0
2024.10.01_09-49-07_Yakuba_cameroon_no_odor,6664.0,6665.0,1.0
2024.10.01_09-49-07_Yakuba_cameroon_no_odor,6668.0,6671.0,1.0
2024.10.01_09-49-07_Yakuba_cameroon_no_odor,6677.0,6678.0,1.0
2024.10.01_09-49-07_Yakuba_cameroon_no_odor,6683.0,6685.0,1.0
2024.10.01_09-49-07_Yakuba_cameroon_no_odor,6688.0,6688.0,1.0
2024.10.01_09-49-07_Yakuba_cameroon_no_odor,6694.0,6697.0,1.0
2024.10.01_09-49-07_Yakuba_cameroon_no_odor,6700.0,6700.0,1.0
2024.10.01_09-49-07_Yakuba_cameroon_no_odor,6702.0,6703.0,1.0
2024.10.01_09-49-07_Yakuba_cameroon_no_odor,6705.0,6706.0,1.0
2024.10.01_09-49-07_Yakuba_cameroon_no_odor,6708.0,6709.0,1.0
2024.10.01_09-49-07_Yakuba_cameroon_no_odor,6718.0,6718.0,1.0
2024.10.01_09-49-07_Yakuba_cameroon_no_odor,6720.0,6720.0,1.0
2024.10.17_08-39-45_Sto_car_2hexanol,5113.0,5114.0,1.0
2024.10.17_08-39-45_Sto_car_2hexanol,5120.0,5122.0,1.0
2024.10.17_08-39-45_Sto_car_2hexanol,5127.0,5135.0,1.0
2024.10.17_08-39-45_Sto_car_2hexanol,5137.0,5141.0,1.0
2024.10.17_08-39-45_Sto_car_2hexanol,5143.0,5145.0,1.0
2024.10.17_08-39-45_Sto_car_2hexanol,5147.0,5851.0,1.0
2024.10.17_08-39-45_Sto_car_2hexanol,5853.0,5917.0,1.0
2024.10.17_08-39-45_Sto_car_2hexanol,5919.0,5959.0,1.0
2024.10.17_08-39-45_Sto_car_2hexanol,5961.0,5963.0,1.0
2024.10.17_08-39-45_Sto_car_2hexanol,5965.0,5975.0,1.0
2024.10.17_08-39-45_Sto_car_2hexanol,5980.0,6064.0,1.0
2024.10.17_08-39-45_Sto_car_2hexanol,6074.0,6401.0,1.0
2024.10.17_08-39-45_Sto_car_2hexanol,6403.0,6432.0,1.0
2024.10.17_08-39-45_Sto_car_2hexanol,6434.0,6435.0,1.0
2024.10.17_08-39-45_Sto_car_2hexanol,6441.0,6499.0,1.0
2024.10.17_08-39-45_Sto_car_2hexanol,6508.0,6564.0,1.0
2024.10.17_08-39-45_Sto_car_2hexanol,6566.0,6566.0,1.0
2024.10.11_15-24-22_Stocago_2hexanol,3.0,1163.0,1.0
2024.10.11_15-24-22_Stocago_2hexanol,1178.0,2060.0,1.0
2024.10.11_15-24-22_Stocago_2hexanol,2062.0,2069.0,1.0
2024.10.11_15-24-22_Stocago_2hexanol,2072.0,2831.0,1.0
2024.11.01_07-39-43_Yakuba7_e2hex,7355.0,7376.0,1.0
2024.11.01_07-39-43_Yakuba7_e2hex,7378.0,7459.0,1.0
2024.11.01_07-39-43_Yakuba7_e2hex,7461.0,8747.0,1.0
2024.12.11_20-41-41_yakuba7_2hex,3.0,1138.0,1.0
2024.12.11_20-41-41_yakuba7_2hex,1140.0,1140.0,1.0
2024.12.11_20-41-41_yakuba7_2hex,1144.0,1173.0,1.0
2024.12.11_20-41-41_yakuba7_2hex,1175.0,1175.0,1.0
2024.07.08_13-43-06_Riverside (E-2-Hex),1202.0,1328.0,1.0
2024.10.24_10-10-18_Biarmipes_G224_metben,5825.0,5825.0,1.0
2024.10.24_10-10-18_Biarmipes_G224_metben,5827.0,5855.0,1.0
2024.10.24_10-10-18_Biarmipes_G224_metben,5857.0,6519.0,1.0
2024.10.24_10-10-18_Biarmipes_G224_metben,6551.0,6830.0,1.0
2024.10.24_10-10-18_Biarmipes_G224_metben,6832.0,7304.0,1.0
2024.10.24_10-10-18_Biarmipes_G224_metben,7306.0,8999.0,1.0
2024.10.30_09-33-52_Sussex_metben,5830.0,5848.0,1.0
2024.10.30_09-33-52_Sussex_metben,5850.0,5851.0,1.0
2024.10.30_09-33-52_Sussex_metben,5854.0,8393.0,1.0
2024.10.30_09-33-52_Sussex_metben,8395.0,8414.0,1.0
2024.10.30_09-33-52_Sussex_metben,8416.0,8416.0,1.0
2024.10.30_09-33-52_Sussex_metben,8418.0,8418.0,1.0
2024.10.30_09-33-52_Sussex_metben,8422.0,8423.0,1.0
2024.10.30_09-33-52_Sussex_metben,8425.0,8426.0,1.0
2024.10.30_09-33-52_Sussex_metben,8429.0,8438.0,1.0
2024.10.30_09-33-52_Sussex_metben,8440.0,8442.0,1.0
2024.10.30_09-33-52_Sussex_metben,8444.0,8445.0,1.0
2024.10.30_09-33-52_Sussex_metben,8447.0,8449.0,1.0
2024.10.30_09-33-52_Sussex_metben,8451.0,8460.0,1.0
2024.10.30_09-33-52_Sussex_metben,8462.0,8470.0,1.0
2024.10.30_09-33-52_Sussex_metben,8472.0,8493.0,1.0
2024.10.30_09-33-52_Sussex_metben,8495.0,8515.0,1.0
2024.10.30_09-33-52_Sussex_metben,8517.0,8547.0,1.0
2024.10.30_09-33-52_Sussex_metben,8549.0,8553.0,1.0
2024.10.30_09-33-52_Sussex_metben,8555.0,8594.0,1.0
2024.10.30_09-33-52_Sussex_metben,8596.0,8682.0,1.0
2024.10.30_09-33-52_Sussex_metben,8684.0,8685.0,1.0
2024.10.30_09-33-52_Sussex_metben,8690.0,8691.0,1.0
2024.10.30_09-33-52_Sussex_metben,8694.0,8694.0,1.0
2024.10.30_09-33-52_Sussex_metben,8696.0,8701.0,1.0
2024.10.30_09-33-52_Sussex_metben,8707.0,8709.0,1.0
2024.10.30_09-33-52_Sussex_metben,8711.0,8824.0,1.0
2024.10.30_09-33-52_Sussex_metben,8826.0,8991.0,1.0
2024.11.01_04-43-54_CantonS_metben,3.0,3086.0,1.0
2024.11.01_04-43-54_CantonS_metben,3088.0,3092.0,1.0
2024.11.01_04-43-54_CantonS_metben,3094.0,3133.0,1.0
2024.11.01_04-43-54_CantonS_metben,3135.0,3177.0,1.0
2024.11.01_04-43-54_CantonS_metben,3179.0,3318.0,1.0
2024.11.01_04-43-54_CantonS_metben,3321.0,3321.0,1.0
2024.11.01_04-43-54_CantonS_metben,3323.0,3330.0,1.0
2024.10.23_12-31-20_Yakuba_Cameroon_prenac,7973.0,7990.0,1.0
2024.10.23_12-31-20_Yakuba_Cameroon_prenac,7992.0,8990.0,1.0
2024.10.03_10-16-32_Sto_car_no_odor,4734.0,4879.0,1.0
2024.10.03_10-16-32_Sto_car_no_odor,4881.0,6392.0,1.0
2024.10.03_10-16-32_Sto_car_no_odor,6394.0,6401.0,1.0
2024.10.03_10-16-32_Sto_car_no_odor,6403.0,6428.0,1.0
2024.10.03_10-16-32_Sto_car_no_odor,6430.0,6437.0,1.0
2024.10.03_10-16-32_Sto_car_no_odor,6439.0,6442.0,1.0
2024.10.03_10-16-32_Sto_car_no_odor,6445.0,6448.0,1.0
2024.10.03_10-16-32_Sto_car_no_odor,6450.0,6498.0,1.0
2024.10.03_10-16-32_Sto_car_no_odor,6502.0,6502.0,1.0
2024.10.03_10-16-32_Sto_car_no_odor,6506.0,6512.0,1.0
2024.10.03_10-16-32_Sto_car_no_odor,6514.0,6516.0,1.0
2024.10.03_10-16-32_Sto_car_no_odor,6519.0,6520.0,1.0
2024.10.03_10-16-32_Sto_car_no_odor,6522.0,6537.0,1.0
2024.10.03_10-16-32_Sto_car_no_odor,6539.0,6540.0,1.0
2024.10.03_10-16-32_Sto_car_no_odor,6542.0,6546.0,1.0
2024.10.03_10-16-32_Sto_car_no_odor,6548.0,6548.0,1.0
2024.10.03_10-16-32_Sto_car_no_odor,6550.0,6554.0,1.0
2024.10.03_10-16-32_Sto_car_no_odor,6556.0,6557.0,1.0
2024.10.03_10-16-32_Sto_car_no_odor,6559.0,6561.0,1.0
2024.10.03_10-16-32_Sto_car_no_odor,6565.0,6566.0,1.0
2024.10.03_10-16-32_Sto_car_no_odor,6568.0,6568.0,1.0
2024.10.03_10-16-32_Sto_car_no_odor,6584.0,6584.0,1.0
2024.10.03_10-16-32_Sto_car_no_odor,6587.0,6589.0,1.0
2024.10.03_10-16-32_Sto_car_no_odor,6595.0,6595.0,1.0
2024.10.03_10-16-32_Sto_car_no_odor,6598.0,6598.0,1.0
2024.10.03_10-16-32_Sto_car_no_odor,6605.0,6605.0,1.0
2024.10.03_10-16-32_Sto_car_no_odor,6613.0,6613.0,1.0
2024.10.03_10-16-32_Sto_car_no_odor,6729.0,6729.0,1.0
2024.10.03_10-16-32_Sto_car_no_odor,6760.0,6760.0,1.0
2024.10.03_10-16-32_Sto_car_no_odor,6764.0,6764.0,1.0
2024.10.03_10-16-32_Sto_car_no_odor,6767.0,6768.0,1.0
2024.10.03_10-16-32_Sto_car_no_odor,6770.0,6775.0,1.0
2024.10.03_10-16-32_Sto_car_no_odor,6777.0,6779.0,1.0
2024.10.03_10-16-32_Sto_car_no_odor,6781.0,6788.0,1.0
2024.10.03_10-16-32_Sto_car_no_odor,6790.0,6792.0,1.0
2024.10.03_10-16-32_Sto_car_no_odor,6794.0,6814.0,1.0
2024.10.03_10-16-32_Sto_car_no_odor,6816.0,6836.0,1.0
2024.10.03_10-16-32_Sto_car_no_odor,6838.0,6868.0,1.0
2024.10.03_10-16-32_Sto_car_no_odor,6870.0,6877.0,1.0
2024.10.03_10-16-32_Sto_car_no_odor,6880.0,6882.0,1.0
2024.10.03_10-16-32_Sto_car_no_odor,6884.0,6884.0,1.0
2024.10.03_10-16-32_Sto_car_no_odor,6886.0,6886.0,1.0
2024.10.03_10-16-32_Sto_car_no_odor,6889.0,6889.0,1.0
2024.10.03_10-16-32_Sto_car_no_odor,6891.0,6894.0,1.0
2024.10.03_10-16-32_Sto_car_no_odor,6896.0,6905.0,1.0
2024.10.03_10-16-32_Sto_car_no_odor,6907.0,6907.0,1.0
2024.10.03_10-16-32_Sto_car_no_odor,6909.0,6909.0,1.0
2024.10.03_10-16-32_Sto_car_no_odor,6911.0,6914.0,1.0
2024.10.03_10-16-32_Sto_car_no_odor,6916.0,6924.0,1.0
2024.10.03_10-16-32_Sto_car_no_odor,6927.0,6927.0,1.0
2024.10.03_10-16-32_Sto_car_no_odor,6929.0,6929.0,1.0
2024.10.03_10-16-32_Sto_car_no_odor,6931.0,6932.0,1.0
2024.10.03_10-16-32_Sto_car_no_odor,6934.0,6937.0,1.0
2024.10.03_10-16-32_Sto_car_no_odor,6939.0,6942.0,1.0
2024.10.03_10-16-32_Sto_car_no_odor,6944.0,6969.0,1.0
2024.10.03_10-16-32_Sto_car_no_odor,6971.0,6992.0,1.0
2024.10.03_10-16-32_Sto_car_no_odor,6994.0,7052.0,1.0
2024.10.03_10-16-32_Sto_car_no_odor,7054.0,7059.0,1.0
2024.10.03_10-16-32_Sto_car_no_odor,7061.0,7077.0,1.0
2024.10.03_10-16-32_Sto_car_no_odor,7079.0,7085.0,1.0
2024.10.03_10-16-32_Sto_car_no_odor,7087.0,7109.0,1.0
2024.10.03_10-16-32_Sto_car_no_odor,7111.0,7159.0,1.0
2024.10.03_10-16-32_Sto_car_no_odor,7161.0,7163.0,1.0
2024.10.03_10-16-32_Sto_car_no_odor,7165.0,7174.0,1.0
2024.10.03_10-16-32_Sto_car_no_odor,7176.0,7177.0,1.0
2024.10.03_10-16-32_Sto_car_no_odor,7179.0,7183.0,1.0
2024.10.03_10-16-32_Sto_car_no_odor,7185.0,7192.0,1.0
2024.10.03_10-16-32_Sto_car_no_odor,7194.0,7237.0,1.0
2024.10.03_10-16-32_Sto_car_no_odor,7239.0,7240.0,1.0
2024.10.03_10-16-32_Sto_car_no_odor,7242.0,8866.0,1.0
2024.11.04_09-22-52_Sechellia28_e2hex,6778.0,6778.0,1.0
2024.11.04_09-22-52_Sechellia28_e2hex,6780.0,6783.0,1.0
2024.11.04_09-22-52_Sechellia28_e2hex,6786.0,6786.0,1.0
2024.11.04_09-22-52_Sechellia28_e2hex,6788.0,6790.0,1.0
2024.11.04_09-22-52_Sechellia28_e2hex,6792.0,6793.0,1.0
2024.11.04_09-22-52_Sechellia28_e2hex,6795.0,6795.0,1.0
2024.11.04_09-22-52_Sechellia28_e2hex,6797.0,6797.0,1.0
2024.11.04_09-22-52_Sechellia28_e2hex,6799.0,6799.0,1.0
2024.11.04_09-22-52_Sechellia28_e2hex,6801.0,6804.0,1.0
2024.11.04_09-22-52_Sechellia28_e2hex,6807.0,6822.0,1.0
2024.11.04_09-22-52_Sechellia28_e2hex,6825.0,6830.0,1.0
2024.11.04_09-22-52_Sechellia28_e2hex,6832.0,8944.0,1.0
2024.10.31_04-16-26_Biarmipes_G224_metben,2346.0,2346.0,1.0
2024.10.31_04-16-26_Biarmipes_G224_metben,2348.0,2348.0,1.0
2024.10.31_04-16-26_Biarmipes_G224_metben,2350.0,2647.0,1.0
2024.10.31_04-16-26_Biarmipes_G224_metben,2650.0,2650.0,1.0
2024.10.31_04-16-26_Biarmipes_G224_metben,2654.0,2675.0,1.0
2024.10.31_04-16-26_Biarmipes_G224_metben,2677.0,2684.0,1.0
2024.10.31_04-16-26_Biarmipes_G224_metben,2686.0,2706.0,1.0
2024.10.31_04-16-26_Biarmipes_G224_metben,2708.0,2853.0,1.0
2024.10.31_04-16-26_Biarmipes_G224_metben,2855.0,2896.0,1.0
2024.10.31_04-16-26_Biarmipes_G224_metben,2898.0,2900.0,1.0
2024.10.31_04-16-26_Biarmipes_G224_metben,3323.0,3679.0,1.0
2024.10.31_04-16-26_Biarmipes_G224_metben,3681.0,3724.0,1.0
2024.10.31_04-16-26_Biarmipes_G224_metben,3782.0,3807.0,1.0
2024.10.31_04-16-26_Biarmipes_G224_metben,4788.0,4790.0,1.0
2024.10.31_04-16-26_Biarmipes_G224_metben,4801.0,4833.0,1.0
2024.10.31_04-16-26_Biarmipes_G224_metben,4879.0,5948.0,1.0
2024.10.31_04-16-26_Biarmipes_G224_metben,5950.0,6030.0,1.0
2024.10.31_04-16-26_Biarmipes_G224_metben,6032.0,6032.0,1.0
2024.10.31_04-16-26_Biarmipes_G224_metben,6034.0,6034.0,1.0
2024.10.31_04-16-26_Biarmipes_G224_metben,7355.0,7379.0,1.0
2024.10.31_04-16-26_Biarmipes_G224_metben,7390.0,7392.0,1.0
2024.10.31_04-16-26_Biarmipes_G224_metben,7396.0,7401.0,1.0
2024.10.31_04-16-26_Biarmipes_G224_metben,7403.0,7432.0,1.0
2024.10.31_04-16-26_Biarmipes_G224_metben,7442.0,7464.0,1.0
2024.10.31_04-16-26_Biarmipes_G224_metben,7466.0,7466.0,1.0
2024.10.31_04-16-26_Biarmipes_G224_metben,7468.0,7470.0,1.0
2024.10.31_04-16-26_Biarmipes_G224_metben,7475.0,7475.0,1.0
2024.10.31_04-16-26_Biarmipes_G224_metben,7477.0,7477.0,1.0
2024.10.31_04-16-26_Biarmipes_G224_metben,7479.0,7479.0,1.0
2024.10.31_04-16-26_Biarmipes_G224_metben,7481.0,7481.0,1.0
2024.10.31_04-16-26_Biarmipes_G224_metben,7483.0,7484.0,1.0
2024.10.31_04-16-26_Biarmipes_G224_metben,7487.0,7487.0,1.0
2024.10.31_04-16-26_Biarmipes_G224_metben,7494.0,7494.0,1.0
2024.10.31_04-16-26_Biarmipes_G224_metben,7498.0,7498.0,1.0
2024.10.31_04-16-26_Biarmipes_G224_metben,7519.0,7520.0,1.0
2024.10.31_04-16-26_Biarmipes_G224_metben,7522.0,8195.0,1.0
2024.10.31_04-16-26_Biarmipes_G224_metben,8197.0,8219.0,1.0
2024.10.31_04-16-26_Biarmipes_G224_metben,8225.0,8999.0,1.0
2024.10.25_05-27-32_Yakuba7_prenac,3.0,3.0,1.0
2024.10.25_05-27-32_Yakuba7_prenac,6.0,6.0,1.0
2024.10.25_05-27-32_Yakuba7_prenac,8.0,8.0,1.0
2024.10.25_05-27-32_Yakuba7_prenac,11.0,15.0,1.0
2024.10.25_05-27-32_Yakuba7_prenac,17.0,17.0,1.0
2024.10.25_05-27-32_Yakuba7_prenac,19.0,23.0,1.0
2024.10.25_05-27-32_Yakuba7_prenac,25.0,32.0,1.0
2024.10.25_05-27-32_Yakuba7_prenac,34.0,35.0,1.0
2024.10.25_05-27-32_Yakuba7_prenac,37.0,40.0,1.0
2024.10.25_05-27-32_Yakuba7_prenac,42.0,45.0,1.0
2024.10.25_05-27-32_Yakuba7_prenac,47.0,54.0,1.0
2024.10.25_05-27-32_Yakuba7_prenac,57.0,1405.0,1.0
2024.10.25_05-27-32_Yakuba7_prenac,1408.0,1408.0,1.0
2024.10.25_05-27-32_Yakuba7_prenac,7159.0,8846.0,1.0
2024.10.25_05-27-32_Yakuba7_prenac,8848.0,8897.0,1.0
2024.10.25_05-27-32_Yakuba7_prenac,8902.0,8952.0,1.0
2024.10.14_10-08-20_Riverside_prenac,3.0,2889.0,1.0
2024.10.14_10-08-20_Riverside_prenac,2891.0,2907.0,1.0
2024.10.14_10-08-20_Riverside_prenac,2909.0,2964.0,1.0
2024.10.14_10-08-20_Riverside_prenac,2966.0,2969.0,1.0
2024.10.14_10-08-20_Riverside_prenac,2971.0,2981.0,1.0
2024.10.14_10-08-20_Riverside_prenac,2983.0,2992.0,1.0
2024.10.14_10-08-20_Riverside_prenac,2994.0,2994.0,1.0
2024.10.14_10-08-20_Riverside_prenac,2996.0,3001.0,1.0
2024.10.14_10-08-20_Riverside_prenac,3003.0,3003.0,1.0
2024.10.14_10-08-20_Riverside_prenac,3005.0,3012.0,1.0
2024.10.14_10-08-20_Riverside_prenac,3014.0,3020.0,1.0
2024.10.14_10-08-20_Riverside_prenac,3022.0,3028.0,1.0
2024.10.14_10-08-20_Riverside_prenac,3030.0,3032.0,1.0
2024.10.14_10-08-20_Riverside_prenac,3034.0,3041.0,1.0
2024.10.14_10-08-20_Riverside_prenac,3043.0,3051.0,1.0
2024.10.14_10-08-20_Riverside_prenac,3053.0,3053.0,1.0
2024.10.14_10-08-20_Riverside_prenac,3056.0,3056.0,1.0
2024.10.14_10-08-20_Riverside_prenac,3058.0,3060.0,1.0
2024.10.14_10-08-20_Riverside_prenac,3062.0,3062.0,1.0
2024.10.14_10-08-20_Riverside_prenac,3067.0,3067.0,1.0
2024.10.14_10-08-20_Riverside_prenac,3069.0,3069.0,1.0
2024.10.14_10-08-20_Riverside_prenac,3071.0,3072.0,1.0
2024.10.14_10-08-20_Riverside_prenac,3074.0,3074.0,1.0
2024.10.14_10-08-20_Riverside_prenac,3076.0,3083.0,1.0
2024.10.14_10-08-20_Riverside_prenac,3085.0,3085.0,1.0
2024.10.14_10-08-20_Riverside_prenac,3087.0,3090.0,1.0
2024.10.14_10-08-20_Riverside_prenac,3092.0,3095.0,1.0
2024.10.14_10-08-20_Riverside_prenac,3097.0,3097.0,1.0
2024.10.14_10-08-20_Riverside_prenac,3099.0,3099.0,1.0
2024.10.14_10-08-20_Riverside_prenac,3101.0,3102.0,1.0
2024.10.14_10-08-20_Riverside_prenac,3105.0,3112.0,1.0
2024.10.14_10-08-20_Riverside_prenac,3114.0,3116.0,1.0
2024.10.14_10-08-20_Riverside_prenac,3118.0,3119.0,1.0
2024.10.14_10-08-20_Riverside_prenac,3121.0,3121.0,1.0
2024.10.14_10-08-20_Riverside_prenac,3123.0,3129.0,1.0
2024.10.14_10-08-20_Riverside_prenac,3132.0,3137.0,1.0
2024.10.14_10-08-20_Riverside_prenac,3139.0,3147.0,1.0
2024.10.14_10-08-20_Riverside_prenac,3149.0,3154.0,1.0
2024.10.14_10-08-20_Riverside_prenac,3157.0,3158.0,1.0
2024.10.14_10-08-20_Riverside_prenac,3160.0,3170.0,1.0
2024.10.14_10-08-20_Riverside_prenac,3172.0,3174.0,1.0
2024.10.14_10-08-20_Riverside_prenac,3176.0,3177.0,1.0
2024.10.14_10-08-20_Riverside_prenac,3179.0,3180.0,1.0
2024.10.14_10-08-20_Riverside_prenac,3182.0,3183.0,1.0
2024.10.14_10-08-20_Riverside_prenac,3186.0,3186.0,1.0
2024.10.14_10-08-20_Riverside_prenac,3188.0,3190.0,1.0
2024.10.14_10-08-20_Riverside_prenac,3192.0,3193.0,1.0
2024.10.14_10-08-20_Riverside_prenac,3196.0,3197.0,1.0
2024.10.14_10-08-20_Riverside_prenac,3199.0,3201.0,1.0
2024.10.14_10-08-20_Riverside_prenac,3204.0,3205.0,1.0
2024.10.14_10-08-20_Riverside_prenac,3207.0,3207.0,1.0
2024.10.14_10-08-20_Riverside_prenac,3210.0,3210.0,1.0
2024.10.14_10-08-20_Riverside_prenac,3212.0,3217.0,1.0
2024.10.14_10-08-20_Riverside_prenac,3219.0,3223.0,1.0
2024.10.14_10-08-20_Riverside_prenac,3225.0,3225.0,1.0
2024.10.14_10-08-20_Riverside_prenac,3229.0,3230.0,1.0
2024.10.14_10-08-20_Riverside_prenac,3234.0,3234.0,1.0
2024.10.14_10-08-20_Riverside_prenac,3242.0,3242.0,1.0
2024.10.14_10-08-20_Riverside_prenac,3247.0,3247.0,1.0
2024.10.14_10-08-20_Riverside_prenac,8546.0,8546.0,1.0
2024.10.14_10-08-20_Riverside_prenac,8548.0,8548.0,1.0
2024.10.14_10-08-20_Riverside_prenac,8559.0,8646.0,1.0
2024.10.14_10-08-20_Riverside_prenac,8648.0,8648.0,1.0
2024.10.14_10-08-20_Riverside_prenac,8650.0,8650.0,1.0
2024.10.14_10-08-20_Riverside_prenac,8652.0,8998.0,1.0
2025.04.09_16-13-29_Sussex_metbut,3.0,1067.0,1.0
2025.04.09_16-13-29_Sussex_metbut,1069.0,1075.0,1.0
2025.04.09_16-13-29_Sussex_metbut,1077.0,1113.0,1.0
2025.04.09_16-13-29_Sussex_metbut,1116.0,1116.0,1.0
2025.04.09_16-13-29_Sussex_metbut,7953.0,7959.0,1.0
2025.04.09_16-13-29_Sussex_metbut,7961.0,7961.0,1.0
2025.04.09_16-13-29_Sussex_metbut,7963.0,7976.0,1.0
2025.04.09_16-13-29_Sussex_metbut,7978.0,7989.0,1.0
2025.04.09_16-13-29_Sussex_metbut,7991.0,8999.0,1.0
2024.10.08_10-51-29_Biarmipes_G224_no_odor,3.0,421.0,1.0
2024.10.08_10-51-29_Biarmipes_G224_no_odor,423.0,737.0,1.0
2024.10.08_10-51-29_Biarmipes_G224_no_odor,739.0,759.0,1.0
2024.10.08_10-51-29_Biarmipes_G224_no_odor,761.0,762.0,1.0
2024.10.08_10-51-29_Biarmipes_G224_no_odor,764.0,770.0,1.0
2024.10.08_10-51-29_Biarmipes_G224_no_odor,772.0,785.0,1.0
2024.10.08_10-51-29_Biarmipes_G224_no_odor,787.0,860.0,1.0
2024.10.08_10-51-29_Biarmipes_G224_no_odor,879.0,908.0,1.0
2024.10.08_10-51-29_Biarmipes_G224_no_odor,910.0,912.0,1.0
2024.10.08_10-51-29_Biarmipes_G224_no_odor,914.0,916.0,1.0
2024.10.08_10-51-29_Biarmipes_G224_no_odor,918.0,922.0,1.0
2024.10.08_10-51-29_Biarmipes_G224_no_odor,924.0,1378.0,1.0
2024.10.08_10-51-29_Biarmipes_G224_no_odor,1380.0,1487.0,1.0
2024.10.08_10-51-29_Biarmipes_G224_no_odor,1504.0,1504.0,1.0
2024.10.08_10-51-29_Biarmipes_G224_no_odor,1506.0,1513.0,1.0
2024.10.08_10-51-29_Biarmipes_G224_no_odor,1515.0,1706.0,1.0
2024.10.08_10-51-29_Biarmipes_G224_no_odor,1714.0,2400.0,1.0
2024.11.14_21-38-38_Stocago_e2hex,3744.0,4200.0,1.0
2024.11.14_21-38-38_Stocago_e2hex,4202.0,8400.0,1.0
2024.11.14_21-38-38_Stocago_e2hex,8402.0,8999.0,1.0
2024.10.30_07-24-33_Stocago_metben,8084.0,8149.0,1.0
2024.10.30_07-24-33_Stocago_metben,8151.0,8258.0,1.0
2024.10.30_07-24-33_Stocago_metben,8260.0,8635.0,1.0
2024.10.30_07-24-33_Stocago_metben,8638.0,8638.0,1.0
2024.10.30_07-24-33_Stocago_metben,8642.0,8740.0,1.0
2024.10.30_07-24-33_Stocago_metben,8743.0,8812.0,1.0
2024.10.30_07-24-33_Stocago_metben,8814.0,8881.0,1.0
2024.10.30_07-24-33_Stocago_metben,8883.0,8929.0,1.0
2024.10.30_07-24-33_Stocago_metben,8931.0,8932.0,1.0
2024.10.30_07-24-33_Stocago_metben,8935.0,8999.0,1.0
2024.10.14_14-19-06_Biarmipes84_1hexanol,5676.0,8200.0,1.0
2024.10.30_09-47-02_Sussex_metben,5665.0,5667.0,1.0
2024.10.30_09-47-02_Sussex_metben,5669.0,5675.0,1.0
2024.10.30_09-47-02_Sussex_metben,5677.0,5690.0,1.0
2024.10.30_09-47-02_Sussex_metben,5718.0,5722.0,1.0
2024.10.30_09-47-02_Sussex_metben,5724.0,5724.0,1.0
2024.10.30_09-47-02_Sussex_metben,5726.0,5728.0,1.0
2024.10.30_09-47-02_Sussex_metben,5730.0,8999.0,1.0
2024.11.13_23-33-54_Sussex_e2hex,3.0,11.0,1.0
2024.11.13_23-33-54_Sussex_e2hex,13.0,1864.0,1.0
2024.11.13_23-33-54_Sussex_e2hex,1872.0,1891.0,1.0
2024.11.13_23-33-54_Sussex_e2hex,1893.0,1900.0,1.0
2024.11.13_23-33-54_Sussex_e2hex,1918.0,1929.0,1.0
2024.11.13_23-33-54_Sussex_e2hex,1932.0,1932.0,1.0
2024.11.13_23-33-54_Sussex_e2hex,1934.0,1934.0,1.0
2024.11.13_23-33-54_Sussex_e2hex,1936.0,1939.0,1.0
2024.11.13_23-33-54_Sussex_e2hex,1941.0,1944.0,1.0
2024.11.13_23-33-54_Sussex_e2hex,1948.0,1977.0,1.0
2024.12.18_15-25-13_Riverside_no_odor,3.0,2093.0,1.0
2024.12.18_15-25-13_Riverside_no_odor,2095.0,2285.0,1.0
2024.12.18_15-25-13_Riverside_no_odor,2287.0,2355.0,1.0
2024.12.18_15-25-13_Riverside_no_odor,2357.0,2490.0,1.0
2024.12.18_15-25-13_Riverside_no_odor,2492.0,2509.0,1.0
2024.12.18_15-25-13_Riverside_no_odor,2512.0,2514.0,1.0
2024.12.18_15-25-13_Riverside_no_odor,2516.0,2584.0,1.0
2024.09.24_15-53-02_Yakuba7_no_odor,3.0,4704.0,1.0
2024.09.24_15-53-02_Yakuba7_no_odor,4721.0,5316.0,1.0
2024.09.24_15-53-02_Yakuba7_no_odor,5318.0,5319.0,1.0
2024.09.24_15-53-02_Yakuba7_no_odor,5321.0,5327.0,1.0
2024.09.24_15-53-02_Yakuba7_no_odor,5329.0,5554.0,1.0
2024.09.24_15-53-02_Yakuba7_no_odor,5556.0,5559.0,1.0
2024.09.24_15-53-02_Yakuba7_no_odor,5561.0,5571.0,1.0
2024.09.24_15-53-02_Yakuba7_no_odor,5573.0,5573.0,1.0
2024.09.24_15-53-02_Yakuba7_no_odor,5575.0,5585.0,1.0
2024.09.24_15-53-02_Yakuba7_no_odor,5587.0,5588.0,1.0
2024.09.24_15-53-02_Yakuba7_no_odor,5591.0,5593.0,1.0
2024.09.24_15-53-02_Yakuba7_no_odor,5598.0,5600.0,1.0
2024.09.24_15-53-02_Yakuba7_no_odor,5603.0,5603.0,1.0
2024.09.24_15-53-02_Yakuba7_no_odor,5605.0,5610.0,1.0
2024.09.24_15-53-02_Yakuba7_no_odor,5614.0,5614.0,1.0
2024.09.24_15-53-02_Yakuba7_no_odor,5618.0,5618.0,1.0
2024.09.24_15-53-02_Yakuba7_no_odor,5620.0,5620.0,1.0
2024.09.24_15-53-02_Yakuba7_no_odor,5622.0,5622.0,1.0
2024.09.24_15-53-02_Yakuba7_no_odor,5629.0,5630.0,1.0
2024.09.24_15-53-02_Yakuba7_no_odor,5632.0,5632.0,1.0
2024.09.24_15-53-02_Yakuba7_no_odor,5635.0,5636.0,1.0
2024.09.24_15-53-02_Yakuba7_no_odor,5638.0,5639.0,1.0
2024.09.24_15-53-02_Yakuba7_no_odor,5641.0,5641.0,1.0
2024.09.24_15-53-02_Yakuba7_no_odor,5645.0,5645.0,1.0
2024.09.24_15-53-02_Yakuba7_no_odor,5647.0,5648.0,1.0
2024.09.24_15-53-02_Yakuba7_no_odor,5650.0,5650.0,1.0
2024.09.24_15-53-02_Yakuba7_no_odor,5652.0,5658.0,1.0
2024.09.24_15-53-02_Yakuba7_no_odor,5662.0,5662.0,1.0
2024.09.24_15-53-02_Yakuba7_no_odor,5667.0,5667.0,1.0
2024.09.24_15-53-02_Yakuba7_no_odor,5669.0,5670.0,1.0
2024.09.24_15-53-02_Yakuba7_no_odor,5672.0,5677.0,1.0
2024.09.24_15-53-02_Yakuba7_no_odor,5679.0,5679.0,1.0
2024.09.24_15-53-02_Yakuba7_no_odor,5682.0,5685.0,1.0
2024.09.24_15-53-02_Yakuba7_no_odor,5688.0,5690.0,1.0
2024.09.24_15-53-02_Yakuba7_no_odor,5694.0,5694.0,1.0
2024.09.24_15-53-02_Yakuba7_no_odor,5696.0,5697.0,1.0
2024.09.24_15-53-02_Yakuba7_no_odor,5700.0,5704.0,1.0
2024.09.24_15-53-02_Yakuba7_no_odor,5707.0,5708.0,1.0
2024.09.24_15-53-02_Yakuba7_no_odor,5712.0,5715.0,1.0
2024.09.24_15-53-02_Yakuba7_no_odor,5718.0,5718.0,1.0
2024.09.24_15-53-02_Yakuba7_no_odor,5720.0,5721.0,1.0
2024.09.24_15-53-02_Yakuba7_no_odor,5723.0,5723.0,1.0
2024.09.24_15-53-02_Yakuba7_no_odor,5726.0,5727.0,1.0
2024.09.24_15-53-02_Yakuba7_no_odor,5729.0,5729.0,1.0
2024.09.24_15-53-02_Yakuba7_no_odor,5734.0,5735.0,1.0
2024.09.24_15-53-02_Yakuba7_no_odor,5737.0,5738.0,1.0
2024.09.24_15-53-02_Yakuba7_no_odor,5743.0,5745.0,1.0
2024.09.24_15-53-02_Yakuba7_no_odor,5747.0,5747.0,1.0
2024.09.24_15-53-02_Yakuba7_no_odor,5750.0,5750.0,1.0
2024.09.24_15-53-02_Yakuba7_no_odor,5752.0,5753.0,1.0
2024.09.24_15-53-02_Yakuba7_no_odor,5757.0,5757.0,1.0
2024.09.24_15-53-02_Yakuba7_no_odor,5759.0,5762.0,1.0
2024.09.24_15-53-02_Yakuba7_no_odor,5764.0,5764.0,1.0
2024.09.24_15-53-02_Yakuba7_no_odor,5767.0,5769.0,1.0
2024.09.24_15-53-02_Yakuba7_no_odor,5772.0,5773.0,1.0
2024.09.24_15-53-02_Yakuba7_no_odor,5777.0,5777.0,1.0
2024.09.24_15-53-02_Yakuba7_no_odor,5790.0,5790.0,1.0
2024.09.24_15-53-02_Yakuba7_no_odor,5793.0,5793.0,1.0
2024.09.24_15-53-02_Yakuba7_no_odor,5800.0,5800.0,1.0
2024.09.24_15-53-02_Yakuba7_no_odor,5805.0,5806.0,1.0
2024.09.24_15-53-02_Yakuba7_no_odor,5809.0,5812.0,1.0
2024.09.24_15-53-02_Yakuba7_no_odor,5818.0,5818.0,1.0
2024.09.24_15-53-02_Yakuba7_no_odor,5820.0,5821.0,1.0
2024.09.24_15-53-02_Yakuba7_no_odor,5824.0,5824.0,1.0
2024.09.24_15-53-02_Yakuba7_no_odor,5826.0,5826.0,1.0
2024.09.24_15-53-02_Yakuba7_no_odor,5830.0,5836.0,1.0
2024.09.24_15-53-02_Yakuba7_no_odor,5838.0,5838.0,1.0
2024.09.24_15-53-02_Yakuba7_no_odor,5843.0,5843.0,1.0
2024.09.24_15-53-02_Yakuba7_no_odor,5846.0,5846.0,1.0
2024.09.24_15-53-02_Yakuba7_no_odor,5849.0,5850.0,1.0
2024.09.24_15-53-02_Yakuba7_no_odor,5880.0,5880.0,1.0
2024.09.24_15-53-02_Yakuba7_no_odor,5890.0,5891.0,1.0
2024.09.24_15-53-02_Yakuba7_no_odor,5894.0,5894.0,1.0
2024.09.24_15-53-02_Yakuba7_no_odor,5896.0,5896.0,1.0
2024.09.24_15-53-02_Yakuba7_no_odor,5898.0,5902.0,1.0
2024.09.24_15-53-02_Yakuba7_no_odor,5905.0,5909.0,1.0
2024.09.24_15-53-02_Yakuba7_no_odor,5913.0,5913.0,1.0
2024.09.24_15-53-02_Yakuba7_no_odor,5917.0,5918.0,1.0
2024.09.24_15-53-02_Yakuba7_no_odor,5920.0,5922.0,1.0
2024.09.24_15-53-02_Yakuba7_no_odor,5926.0,5926.0,1.0
2024.09.24_15-53-02_Yakuba7_no_odor,5928.0,5929.0,1.0
2024.09.24_15-53-02_Yakuba7_no_odor,5934.0,5934.0,1.0
2024.09.24_15-53-02_Yakuba7_no_odor,5938.0,5938.0,1.0
2024.09.24_15-53-02_Yakuba7_no_odor,5940.0,5945.0,1.0
2024.09.24_15-53-02_Yakuba7_no_odor,5947.0,5948.0,1.0
2024.09.24_15-53-02_Yakuba7_no_odor,5951.0,5964.0,1.0
2024.09.24_15-53-02_Yakuba7_no_odor,5966.0,5967.0,1.0
2024.09.24_15-53-02_Yakuba7_no_odor,5969.0,5970.0,1.0
2024.09.24_15-53-02_Yakuba7_no_odor,5973.0,5978.0,1.0
2024.09.24_15-53-02_Yakuba7_no_odor,5981.0,5981.0,1.0
2024.09.24_15-53-02_Yakuba7_no_odor,5984.0,5984.0,1.0
2024.09.24_15-53-02_Yakuba7_no_odor,5987.0,5987.0,1.0
2024.09.24_15-53-02_Yakuba7_no_odor,5991.0,5991.0,1.0
2024.09.24_15-53-02_Yakuba7_no_odor,5993.0,5993.0,1.0
2024.09.24_15-53-02_Yakuba7_no_odor,5997.0,6004.0,1.0
2024.09.24_15-53-02_Yakuba7_no_odor,6006.0,6007.0,1.0
2024.09.24_15-53-02_Yakuba7_no_odor,6009.0,6009.0,1.0
2024.09.24_15-53-02_Yakuba7_no_odor,6011.0,6013.0,1.0
2024.09.24_15-53-02_Yakuba7_no_odor,6015.0,6017.0,1.0
2024.09.24_15-53-02_Yakuba7_no_odor,6019.0,6019.0,1.0
2024.09.24_15-53-02_Yakuba7_no_odor,6023.0,6025.0,1.0
2024.09.24_15-53-02_Yakuba7_no_odor,6029.0,6031.0,1.0
2024.09.24_15-53-02_Yakuba7_no_odor,6033.0,6044.0,1.0
2024.09.24_15-53-02_Yakuba7_no_odor,6047.0,6050.0,1.0
2024.09.24_15-53-02_Yakuba7_no_odor,6052.0,6052.0,1.0
2024.09.24_15-53-02_Yakuba7_no_odor,6055.0,6056.0,1.0
2024.09.24_15-53-02_Yakuba7_no_odor,6060.0,6060.0,1.0
2024.09.24_15-53-02_Yakuba7_no_odor,6062.0,6063.0,1.0
2024.09.24_15-53-02_Yakuba7_no_odor,6068.0,6068.0,1.0
2024.09.24_15-53-02_Yakuba7_no_odor,6070.0,6071.0,1.0
2024.09.24_15-53-02_Yakuba7_no_odor,6073.0,6074.0,1.0
2024.09.24_15-53-02_Yakuba7_no_odor,6076.0,6087.0,1.0
2024.09.24_15-53-02_Yakuba7_no_odor,6090.0,6096.0,1.0
2024.09.24_15-53-02_Yakuba7_no_odor,6098.0,6107.0,1.0
2024.09.24_15-53-02_Yakuba7_no_odor,6109.0,6114.0,1.0
2024.09.24_15-53-02_Yakuba7_no_odor,6116.0,6121.0,1.0
2024.09.24_15-53-02_Yakuba7_no_odor,6123.0,6123.0,1.0
2024.09.24_15-53-02_Yakuba7_no_odor,6125.0,6141.0,1.0
2024.09.24_15-53-02_Yakuba7_no_odor,6143.0,6147.0,1.0
2024.09.24_15-53-02_Yakuba7_no_odor,6149.0,6149.0,1.0
2024.09.24_15-53-02_Yakuba7_no_odor,6151.0,6157.0,1.0
2024.09.24_15-53-02_Yakuba7_no_odor,6159.0,6163.0,1.0
2024.09.24_15-53-02_Yakuba7_no_odor,6165.0,6166.0,1.0
2024.09.24_15-53-02_Yakuba7_no_odor,6170.0,6170.0,1.0
2024.09.24_15-53-02_Yakuba7_no_odor,6174.0,6174.0,1.0
2024.09.24_15-53-02_Yakuba7_no_odor,6177.0,6177.0,1.0
2024.09.24_15-53-02_Yakuba7_no_odor,6181.0,6187.0,1.0
2024.09.24_15-53-02_Yakuba7_no_odor,6189.0,6222.0,1.0
2024.09.24_15-53-02_Yakuba7_no_odor,6226.0,6239.0,1.0
2024.09.24_15-53-02_Yakuba7_no_odor,6241.0,6321.0,1.0
2024.09.24_15-53-02_Yakuba7_no_odor,6323.0,6350.0,1.0
2024.09.24_15-53-02_Yakuba7_no_odor,6352.0,6393.0,1.0
2024.09.24_15-53-02_Yakuba7_no_odor,6395.0,6464.0,1.0
2024.09.24_15-53-02_Yakuba7_no_odor,6467.0,6485.0,1.0
2024.09.24_15-53-02_Yakuba7_no_odor,6487.0,6487.0,1.0
2024.09.24_15-53-02_Yakuba7_no_odor,6489.0,6497.0,1.0
2024.09.24_15-53-02_Yakuba7_no_odor,6499.0,6505.0,1.0
2024.09.24_15-53-02_Yakuba7_no_odor,6508.0,6508.0,1.0
2024.09.24_15-53-02_Yakuba7_no_odor,6513.0,6514.0,1.0
2024.09.24_15-53-02_Yakuba7_no_odor,6552.0,6553.0,1.0
2024.09.24_15-53-02_Yakuba7_no_odor,6556.0,6556.0,1.0
2024.09.24_15-53-02_Yakuba7_no_odor,6560.0,6588.0,1.0
2024.09.24_15-53-02_Yakuba7_no_odor,6590.0,6618.0,1.0
2024.09.24_15-53-02_Yakuba7_no_odor,6620.0,6621.0,1.0
2024.09.24_15-53-02_Yakuba7_no_odor,6623.0,6645.0,1.0
2024.09.24_15-53-02_Yakuba7_no_odor,6647.0,6663.0,1.0
2024.09.24_15-53-02_Yakuba7_no_odor,6665.0,6697.0,1.0
2024.09.24_15-53-02_Yakuba7_no_odor,6699.0,6699.0,1.0
2024.09.24_15-53-02_Yakuba7_no_odor,6707.0,6709.0,1.0
2024.09.24_15-53-02_Yakuba7_no_odor,6712.0,6714.0,1.0
2024.09.24_15-53-02_Yakuba7_no_odor,6718.0,6719.0,1.0
2024.09.24_15-53-02_Yakuba7_no_odor,6721.0,6724.0,1.0
2024.09.24_15-53-02_Yakuba7_no_odor,6726.0,6850.0,1.0
2024.09.24_15-53-02_Yakuba7_no_odor,6852.0,6874.0,1.0
2024.09.24_15-53-02_Yakuba7_no_odor,6876.0,6876.0,1.0
2024.09.24_15-53-02_Yakuba7_no_odor,6878.0,6886.0,1.0
2024.09.24_15-53-02_Yakuba7_no_odor,6888.0,6923.0,1.0
2024.09.24_15-53-02_Yakuba7_no_odor,6925.0,6925.0,1.0
2024.09.24_15-53-02_Yakuba7_no_odor,6927.0,6947.0,1.0
2024.09.24_15-53-02_Yakuba7_no_odor,6949.0,6950.0,1.0
2024.09.24_15-53-02_Yakuba7_no_odor,6952.0,6956.0,1.0
2024.09.24_15-53-02_Yakuba7_no_odor,6958.0,6959.0,1.0
2024.09.24_15-53-02_Yakuba7_no_odor,6961.0,6975.0,1.0
2024.09.24_15-53-02_Yakuba7_no_odor,6977.0,6979.0,1.0
2024.09.24_15-53-02_Yakuba7_no_odor,6981.0,6983.0,1.0
2024.09.24_15-53-02_Yakuba7_no_odor,6985.0,6988.0,1.0
2024.09.24_15-53-02_Yakuba7_no_odor,6996.0,6997.0,1.0
2024.09.24_15-53-02_Yakuba7_no_odor,7001.0,7004.0,1.0
2024.09.24_15-53-02_Yakuba7_no_odor,7006.0,7009.0,1.0
2024.09.24_15-53-02_Yakuba7_no_odor,7011.0,7011.0,1.0
2024.09.24_15-53-02_Yakuba7_no_odor,7016.0,7016.0,1.0
2024.09.24_15-53-02_Yakuba7_no_odor,7020.0,7021.0,1.0
2024.09.24_15-53-02_Yakuba7_no_odor,7023.0,7023.0,1.0
2024.09.24_15-53-02_Yakuba7_no_odor,7026.0,7028.0,1.0
2024.09.24_15-53-02_Yakuba7_no_odor,7031.0,7036.0,1.0
2024.09.24_15-53-02_Yakuba7_no_odor,7039.0,7045.0,1.0
2024.09.24_15-53-02_Yakuba7_no_odor,7047.0,7052.0,1.0
2024.09.24_15-53-02_Yakuba7_no_odor,7055.0,7055.0,1.0
2024.09.24_15-53-02_Yakuba7_no_odor,7057.0,7104.0,1.0
2024.09.24_15-53-02_Yakuba7_no_odor,7106.0,7112.0,1.0
2024.09.24_15-53-02_Yakuba7_no_odor,7116.0,7229.0,1.0
2024.09.24_15-53-02_Yakuba7_no_odor,7231.0,7319.0,1.0
2024.09.24_15-53-02_Yakuba7_no_odor,7321.0,7380.0,1.0
2024.09.24_15-53-02_Yakuba7_no_odor,7382.0,7385.0,1.0
2024.09.24_15-53-02_Yakuba7_no_odor,7387.0,7390.0,1.0
2024.09.24_15-53-02_Yakuba7_no_odor,7392.0,7461.0,1.0
2024.09.24_15-53-02_Yakuba7_no_odor,7463.0,7467.0,1.0
2024.09.24_15-53-02_Yakuba7_no_odor,7472.0,7491.0,1.0
2024.09.24_15-53-02_Yakuba7_no_odor,7493.0,7494.0,1.0
2024.09.24_15-53-02_Yakuba7_no_odor,7503.0,7514.0,1.0
2024.09.24_15-53-02_Yakuba7_no_odor,7516.0,7518.0,1.0
2024.09.24_15-53-02_Yakuba7_no_odor,7520.0,7520.0,1.0
2024.09.24_15-53-02_Yakuba7_no_odor,7527.0,7527.0,1.0
2024.09.24_15-53-02_Yakuba7_no_odor,7530.0,7534.0,1.0
2024.09.24_15-53-02_Yakuba7_no_odor,7544.0,7544.0,1.0
2024.09.24_15-53-02_Yakuba7_no_odor,7546.0,7585.0,1.0
2024.09.24_15-53-02_Yakuba7_no_odor,7588.0,7594.0,1.0
2024.09.24_15-53-02_Yakuba7_no_odor,7596.0,7597.0,1.0
2024.09.24_15-53-02_Yakuba7_no_odor,7599.0,7599.0,1.0
2024.09.24_15-53-02_Yakuba7_no_odor,7601.0,7602.0,1.0
2024.09.24_15-53-02_Yakuba7_no_odor,7605.0,7606.0,1.0
2024.09.24_15-53-02_Yakuba7_no_odor,7609.0,7609.0,1.0
2024.09.24_15-53-02_Yakuba7_no_odor,7611.0,7614.0,1.0
2024.09.24_15-53-02_Yakuba7_no_odor,7618.0,7619.0,1.0
2024.09.24_15-53-02_Yakuba7_no_odor,7622.0,7623.0,1.0
2024.09.24_15-53-02_Yakuba7_no_odor,7625.0,7630.0,1.0
2024.09.24_15-53-02_Yakuba7_no_odor,7633.0,7636.0,1.0
2024.09.24_15-53-02_Yakuba7_no_odor,7638.0,7640.0,1.0
2024.09.24_15-53-02_Yakuba7_no_odor,7650.0,7650.0,1.0
2024.09.24_15-53-02_Yakuba7_no_odor,7665.0,7665.0,1.0
2024.09.24_15-53-02_Yakuba7_no_odor,7668.0,7670.0,1.0
2024.09.24_15-53-02_Yakuba7_no_odor,7672.0,7679.0,1.0
2024.09.24_15-53-02_Yakuba7_no_odor,7681.0,7684.0,1.0
2024.09.24_15-53-02_Yakuba7_no_odor,7686.0,7688.0,1.0
2024.09.24_15-53-02_Yakuba7_no_odor,7695.0,8019.0,1.0
2024.09.24_15-53-02_Yakuba7_no_odor,8021.0,8108.0,1.0
2024.09.24_15-53-02_Yakuba7_no_odor,8110.0,8132.0,1.0
2024.09.24_15-53-02_Yakuba7_no_odor,8134.0,8164.0,1.0
2024.09.24_15-53-02_Yakuba7_no_odor,8166.0,8525.0,1.0
2024.10.18_12-28-12_Sto_car_prenac,3.0,985.0,1.0
2024.10.18_12-28-12_Sto_car_prenac,987.0,999.0,1.0
2024.10.18_12-28-12_Sto_car_prenac,1001.0,1289.0,1.0
2024.10.18_12-28-12_Sto_car_prenac,1291.0,1293.0,1.0
2024.10.18_12-28-12_Sto_car_prenac,1295.0,1296.0,1.0
2024.10.18_12-28-12_Sto_car_prenac,1298.0,1299.0,1.0
2024.11.13_21-14-54_Yakuba_cameroon_e2hex,5747.0,5757.0,1.0
2024.11.13_21-14-54_Yakuba_cameroon_e2hex,5759.0,5764.0,1.0
2024.11.13_21-14-54_Yakuba_cameroon_e2hex,5767.0,6455.0,1.0
2024.11.13_21-14-54_Yakuba_cameroon_e2hex,6457.0,6906.0,1.0
2024.11.13_21-14-54_Yakuba_cameroon_e2hex,6921.0,8999.0,1.0
2024.10.31_03-59-12_Biarmipes_G224_metben,3.0,1948.0,1.0
2024.10.31_03-59-12_Biarmipes_G224_metben,1950.0,2008.0,1.0
2024.10.31_03-59-12_Biarmipes_G224_metben,2010.0,2490.0,1.0
2024.10.31_03-59-12_Biarmipes_G224_metben,2492.0,2534.0,1.0
2024.10.31_03-59-12_Biarmipes_G224_metben,2537.0,2634.0,1.0
2024.10.31_03-59-12_Biarmipes_G224_metben,2636.0,2722.0,1.0
2024.10.31_03-59-12_Biarmipes_G224_metben,2724.0,2724.0,1.0
2024.10.31_03-59-12_Biarmipes_G224_metben,2726.0,2726.0,1.0
2024.10.31_03-59-12_Biarmipes_G224_metben,7128.0,8071.0,1.0
2024.10.31_03-59-12_Biarmipes_G224_metben,8073.0,8076.0,1.0
2024.10.31_03-59-12_Biarmipes_G224_metben,8078.0,8126.0,1.0
2024.10.31_03-59-12_Biarmipes_G224_metben,8130.0,8130.0,1.0
2024.10.31_03-59-12_Biarmipes_G224_metben,8132.0,8169.0,1.0
2024.10.31_03-59-12_Biarmipes_G224_metben,8173.0,8173.0,1.0
2024.10.31_03-59-12_Biarmipes_G224_metben,8193.0,8999.0,1.0
2024.12.18_17-43-00_Biarmipes_G224_prenac,1644.0,2552.0,1.0
2024.12.18_17-43-00_Biarmipes_G224_prenac,3414.0,3503.0,1.0
2024.12.18_17-43-00_Biarmipes_G224_prenac,3505.0,3547.0,1.0
2024.12.18_17-43-00_Biarmipes_G224_prenac,3549.0,3634.0,1.0
2024.12.18_17-43-00_Biarmipes_G224_prenac,3636.0,3636.0,1.0
2024.12.18_17-43-00_Biarmipes_G224_prenac,3638.0,3639.0,1.0
2024.12.18_17-43-00_Biarmipes_G224_prenac,3643.0,3644.0,1.0
2024.12.18_17-43-00_Biarmipes_G224_prenac,3646.0,3646.0,1.0
2024.12.18_17-43-00_Biarmipes_G224_prenac,3648.0,3648.0,1.0
2024.12.18_17-43-00_Biarmipes_G224_prenac,3650.0,3652.0,1.0
2024.12.18_17-43-00_Biarmipes_G224_prenac,3654.0,3654.0,1.0
2024.12.18_17-43-00_Biarmipes_G224_prenac,3656.0,3657.0,1.0
2024.12.18_17-43-00_Biarmipes_G224_prenac,3659.0,3659.0,1.0
2024.12.18_17-43-00_Biarmipes_G224_prenac,3663.0,3663.0,1.0
2024.12.18_17-43-00_Biarmipes_G224_prenac,3668.0,3668.0,1.0
2024.12.18_17-43-00_Biarmipes_G224_prenac,3670.0,3670.0,1.0
2024.12.18_17-43-00_Biarmipes_G224_prenac,3673.0,3673.0,1.0
2024.12.18_17-43-00_Biarmipes_G224_prenac,3676.0,3676.0,1.0
2024.12.18_17-43-00_Biarmipes_G224_prenac,3678.0,3678.0,1.0
2024.12.18_17-43-00_Biarmipes_G224_prenac,3680.0,3680.0,1.0
2024.12.18_17-43-00_Biarmipes_G224_prenac,3682.0,3684.0,1.0
2024.12.18_17-43-00_Biarmipes_G224_prenac,3686.0,3686.0,1.0
2024.12.18_17-43-00_Biarmipes_G224_prenac,3689.0,3689.0,1.0
2024.12.18_17-43-00_Biarmipes_G224_prenac,3691.0,3691.0,1.0
2024.12.18_17-43-00_Biarmipes_G224_prenac,3693.0,3693.0,1.0
2024.12.18_17-43-00_Biarmipes_G224_prenac,3696.0,3699.0,1.0
2024.12.18_17-43-00_Biarmipes_G224_prenac,3701.0,3701.0,1.0
2024.12.18_17-43-00_Biarmipes_G224_prenac,3703.0,3705.0,1.0
2024.12.18_17-43-00_Biarmipes_G224_prenac,3708.0,3708.0,1.0
2024.12.18_17-43-00_Biarmipes_G224_prenac,3710.0,3710.0,1.0
2024.12.18_17-43-00_Biarmipes_G224_prenac,3712.0,3712.0,1.0
2024.12.18_17-43-00_Biarmipes_G224_prenac,3714.0,3714.0,1.0
2024.12.18_17-43-00_Biarmipes_G224_prenac,3717.0,3719.0,1.0
2024.12.18_17-43-00_Biarmipes_G224_prenac,3721.0,3721.0,1.0
2024.12.18_17-43-00_Biarmipes_G224_prenac,3723.0,3723.0,1.0
2024.12.18_17-43-00_Biarmipes_G224_prenac,3725.0,3726.0,1.0
2024.12.18_17-43-00_Biarmipes_G224_prenac,3728.0,3728.0,1.0
2024.12.18_17-43-00_Biarmipes_G224_prenac,3732.0,3732.0,1.0
2024.12.18_17-43-00_Biarmipes_G224_prenac,3737.0,3737.0,1.0
2024.12.18_17-43-00_Biarmipes_G224_prenac,3739.0,3739.0,1.0
2024.12.18_17-43-00_Biarmipes_G224_prenac,3741.0,3741.0,1.0
2024.12.18_17-43-00_Biarmipes_G224_prenac,3743.0,3743.0,1.0
2024.12.18_17-43-00_Biarmipes_G224_prenac,3746.0,3746.0,1.0
2024.12.18_17-43-00_Biarmipes_G224_prenac,3748.0,3748.0,1.0
2024.12.18_17-43-00_Biarmipes_G224_prenac,3750.0,3752.0,1.0
2024.12.18_17-43-00_Biarmipes_G224_prenac,3754.0,3799.0,1.0
2024.12.18_17-43-00_Biarmipes_G224_prenac,3801.0,3801.0,1.0
2024.12.18_17-43-00_Biarmipes_G224_prenac,3803.0,3805.0,1.0
2024.12.18_17-43-00_Biarmipes_G224_prenac,3808.0,3809.0,1.0
2024.12.18_17-43-00_Biarmipes_G224_prenac,3812.0,3829.0,1.0
2024.12.18_17-43-00_Biarmipes_G224_prenac,3831.0,3981.0,1.0
2024.12.18_17-43-00_Biarmipes_G224_prenac,3983.0,4038.0,1.0
2024.12.18_17-43-00_Biarmipes_G224_prenac,4040.0,4084.0,1.0
2024.12.18_17-43-00_Biarmipes_G224_prenac,4086.0,4096.0,1.0
2024.12.18_17-43-00_Biarmipes_G224_prenac,4098.0,4119.0,1.0
2024.12.18_17-43-00_Biarmipes_G224_prenac,4121.0,4123.0,1.0
2024.12.18_17-43-00_Biarmipes_G224_prenac,4125.0,4132.0,1.0
2024.12.18_17-43-00_Biarmipes_G224_prenac,4134.0,4138.0,1.0
2024.12.18_17-43-00_Biarmipes_G224_prenac,4651.0,4846.0,1.0
2024.12.18_17-43-00_Biarmipes_G224_prenac,4848.0,4942.0,1.0
2024.12.18_17-43-00_Biarmipes_G224_prenac,4944.0,6079.0,1.0
2024.11.13_23-46-07_Sussex_e2hex,5061.0,5062.0,1.0
2024.11.13_23-46-07_Sussex_e2hex,5068.0,5114.0,1.0
2024.11.13_23-46-07_Sussex_e2hex,5116.0,5156.0,1.0
2024.11.13_23-46-07_Sussex_e2hex,5158.0,5189.0,1.0
2024.10.29_05-10-03_Biarmipes84_metben,3.0,2071.0,1.0
2024.10.29_05-10-03_Biarmipes84_metben,2073.0,2075.0,1.0
2024.10.29_05-10-03_Biarmipes84_metben,2077.0,2265.0,1.0
2024.10.29_05-10-03_Biarmipes84_metben,2267.0,2268.0,1.0
2024.10.29_05-10-03_Biarmipes84_metben,2270.0,2272.0,1.0
2024.10.29_05-10-03_Biarmipes84_metben,2274.0,2277.0,1.0
2024.12.18_18-03-41_Biarmipes_G224_metben,3.0,277.0,1.0
2024.12.18_18-03-41_Biarmipes_G224_metben,279.0,749.0,1.0
2024.12.18_18-03-41_Biarmipes_G224_metben,763.0,764.0,1.0
2024.12.18_18-03-41_Biarmipes_G224_metben,766.0,766.0,1.0
2024.12.18_18-03-41_Biarmipes_G224_metben,768.0,804.0,1.0
2024.12.18_18-03-41_Biarmipes_G224_metben,806.0,1562.0,1.0
2024.12.18_18-03-41_Biarmipes_G224_metben,1565.0,1566.0,1.0
2024.12.18_18-03-41_Biarmipes_G224_metben,1569.0,1569.0,1.0
2024.12.18_18-03-41_Biarmipes_G224_metben,4714.0,4716.0,1.0
2024.12.18_18-03-41_Biarmipes_G224_metben,8082.0,8157.0,1.0
2024.10.15_10-05-50_Sto_car_2hexanol,3.0,1492.0,1.0
2024.10.15_10-05-50_Sto_car_2hexanol,1494.0,1523.0,1.0
2024.10.15_10-05-50_Sto_car_2hexanol,1525.0,1527.0,1.0
2024.10.15_10-05-50_Sto_car_2hexanol,1532.0,1662.0,1.0
2024.10.15_10-05-50_Sto_car_2hexanol,1664.0,1790.0,1.0
2024.10.15_10-05-50_Sto_car_2hexanol,1797.0,1842.0,1.0
2024.10.15_10-05-50_Sto_car_2hexanol,1844.0,1889.0,1.0
2024.10.15_10-05-50_Sto_car_2hexanol,1901.0,2019.0,1.0
2024.10.15_10-05-50_Sto_car_2hexanol,2021.0,2021.0,1.0
2024.10.15_10-05-50_Sto_car_2hexanol,2023.0,2032.0,1.0
2024.10.15_10-05-50_Sto_car_2hexanol,6290.0,6328.0,1.0
2024.10.15_10-05-50_Sto_car_2hexanol,6332.0,6332.0,1.0
2024.10.15_10-05-50_Sto_car_2hexanol,6335.0,6335.0,1.0
2024.10.15_10-05-50_Sto_car_2hexanol,6338.0,6341.0,1.0
2024.10.15_10-05-50_Sto_car_2hexanol,6345.0,6952.0,1.0
2024.10.15_10-05-50_Sto_car_2hexanol,6954.0,6954.0,1.0
2024.10.15_10-05-50_Sto_car_2hexanol,6956.0,6956.0,1.0
2024.10.15_10-05-50_Sto_car_2hexanol,6962.0,7085.0,1.0
2024.10.15_10-05-50_Sto_car_2hexanol,7102.0,7103.0,1.0
2024.10.15_10-05-50_Sto_car_2hexanol,7105.0,8999.0,1.0
2024.09.30_13-36-07_Yakuba_cameroon_no_odor,2837.0,2838.0,1.0
2024.09.30_13-36-07_Yakuba_cameroon_no_odor,2840.0,2840.0,1.0
2024.09.30_13-36-07_Yakuba_cameroon_no_odor,2843.0,2843.0,1.0
2024.09.30_13-36-07_Yakuba_cameroon_no_odor,2845.0,2845.0,1.0
2024.09.30_13-36-07_Yakuba_cameroon_no_odor,2847.0,4027.0,1.0
2024.09.30_13-36-07_Yakuba_cameroon_no_odor,4030.0,4030.0,1.0
2024.10.04_14-30-57_Sechellia_no_odor,3.0,1466.0,1.0
2024.10.04_14-30-57_Sechellia_no_odor,1468.0,1472.0,1.0
2024.10.04_14-30-57_Sechellia_no_odor,1474.0,1477.0,1.0
2024.10.04_14-30-57_Sechellia_no_odor,1479.0,1488.0,1.0
2024.10.04_14-30-57_Sechellia_no_odor,1490.0,1494.0,1.0
2024.10.04_14-30-57_Sechellia_no_odor,1496.0,1506.0,1.0
2024.10.04_14-30-57_Sechellia_no_odor,1508.0,1511.0,1.0
2024.10.04_14-30-57_Sechellia_no_odor,1514.0,1514.0,1.0
2024.10.04_14-30-57_Sechellia_no_odor,1516.0,1526.0,1.0
2024.10.04_14-30-57_Sechellia_no_odor,1528.0,1529.0,1.0
2024.10.04_14-30-57_Sechellia_no_odor,1531.0,1531.0,1.0
2024.10.04_14-30-57_Sechellia_no_odor,1533.0,1533.0,1.0
2024.10.04_14-30-57_Sechellia_no_odor,1535.0,1536.0,1.0
2024.10.04_14-30-57_Sechellia_no_odor,1538.0,1539.0,1.0
2024.10.04_14-30-57_Sechellia_no_odor,1542.0,1542.0,1.0
2024.10.04_14-30-57_Sechellia_no_odor,1544.0,1544.0,1.0
2024.10.04_14-30-57_Sechellia_no_odor,1546.0,1546.0,1.0
2024.10.04_14-30-57_Sechellia_no_odor,1566.0,1567.0,1.0
2024.10.04_14-30-57_Sechellia_no_odor,1569.0,1572.0,1.0
2024.10.04_14-30-57_Sechellia_no_odor,1575.0,1577.0,1.0
2024.10.04_14-30-57_Sechellia_no_odor,1580.0,1580.0,1.0
2024.10.04_14-30-57_Sechellia_no_odor,1582.0,1586.0,1.0
2024.10.04_14-30-57_Sechellia_no_odor,1588.0,1592.0,1.0
2024.10.04_14-30-57_Sechellia_no_odor,1594.0,1598.0,1.0
2024.10.04_14-30-57_Sechellia_no_odor,1600.0,1600.0,1.0
2024.10.04_14-30-57_Sechellia_no_odor,1603.0,1605.0,1.0
2024.10.04_14-30-57_Sechellia_no_odor,1608.0,1608.0,1.0
2024.10.04_14-30-57_Sechellia_no_odor,1610.0,1613.0,1.0
2024.10.04_14-30-57_Sechellia_no_odor,1615.0,1616.0,1.0
2024.10.04_14-30-57_Sechellia_no_odor,1618.0,1622.0,1.0
2024.10.04_14-30-57_Sechellia_no_odor,1624.0,1627.0,1.0
2024.10.04_14-30-57_Sechellia_no_odor,1630.0,1633.0,1.0
2024.10.04_14-30-57_Sechellia_no_odor,1636.0,1638.0,1.0
2024.10.04_14-30-57_Sechellia_no_odor,1671.0,1671.0,1.0
2024.10.04_14-30-57_Sechellia_no_odor,1674.0,1678.0,1.0
2024.10.04_14-30-57_Sechellia_no_odor,1680.0,1706.0,1.0
2024.10.04_14-30-57_Sechellia_no_odor,1708.0,1708.0,1.0
2024.10.04_14-30-57_Sechellia_no_odor,1710.0,1710.0,1.0
2024.10.04_14-30-57_Sechellia_no_odor,1712.0,1713.0,1.0
2024.10.04_14-30-57_Sechellia_no_odor,1716.0,1716.0,1.0
2024.10.04_14-30-57_Sechellia_no_odor,1732.0,1739.0,1.0
2024.10.04_14-30-57_Sechellia_no_odor,1741.0,1744.0,1.0
2024.10.04_14-30-57_Sechellia_no_odor,1747.0,1755.0,1.0
2024.10.04_14-30-57_Sechellia_no_odor,1759.0,1765.0,1.0
2024.10.04_14-30-57_Sechellia_no_odor,1767.0,1771.0,1.0
2024.10.04_14-30-57_Sechellia_no_odor,1776.0,1776.0,1.0
2024.10.04_14-30-57_Sechellia_no_odor,1778.0,1779.0,1.0
2024.10.04_14-30-57_Sechellia_no_odor,1782.0,1787.0,1.0
2024.10.04_14-30-57_Sechellia_no_odor,1790.0,1790.0,1.0
2024.10.04_14-30-57_Sechellia_no_odor,1792.0,1797.0,1.0
2024.10.04_14-30-57_Sechellia_no_odor,1801.0,1804.0,1.0
2024.10.04_14-30-57_Sechellia_no_odor,1806.0,1812.0,1.0
2024.10.04_14-30-57_Sechellia_no_odor,1815.0,1816.0,1.0
2024.10.04_14-30-57_Sechellia_no_odor,1818.0,1818.0,1.0
2024.10.04_14-30-57_Sechellia_no_odor,1821.0,1823.0,1.0
2024.10.04_14-30-57_Sechellia_no_odor,1828.0,1833.0,1.0
2024.10.04_14-30-57_Sechellia_no_odor,1835.0,1835.0,1.0
2024.10.04_14-30-57_Sechellia_no_odor,1837.0,1839.0,1.0
2024.10.04_14-30-57_Sechellia_no_odor,1841.0,1842.0,1.0
2024.10.04_14-30-57_Sechellia_no_odor,1846.0,1850.0,1.0
2024.10.04_14-30-57_Sechellia_no_odor,1852.0,1858.0,1.0
2024.10.04_14-30-57_Sechellia_no_odor,1860.0,1863.0,1.0
2024.10.04_14-30-57_Sechellia_no_odor,1866.0,1867.0,1.0
2024.10.04_14-30-57_Sechellia_no_odor,1869.0,1870.0,1.0
2024.10.04_14-30-57_Sechellia_no_odor,1872.0,1877.0,1.0
2024.10.04_14-30-57_Sechellia_no_odor,1879.0,1881.0,1.0
2024.10.04_14-30-57_Sechellia_no_odor,1883.0,1890.0,1.0
2024.10.04_14-30-57_Sechellia_no_odor,1892.0,1896.0,1.0
2024.10.04_14-30-57_Sechellia_no_odor,1899.0,1904.0,1.0
2024.10.04_14-30-57_Sechellia_no_odor,1906.0,1906.0,1.0
2024.10.04_14-30-57_Sechellia_no_odor,1908.0,1909.0,1.0
2024.10.04_14-30-57_Sechellia_no_odor,1911.0,1911.0,1.0
2024.10.04_14-30-57_Sechellia_no_odor,1914.0,1916.0,1.0
2024.10.04_14-30-57_Sechellia_no_odor,1918.0,1919.0,1.0
2024.10.04_14-30-57_Sechellia_no_odor,1921.0,1930.0,1.0
2024.10.04_14-30-57_Sechellia_no_odor,1932.0,1934.0,1.0
2024.10.04_14-30-57_Sechellia_no_odor,1936.0,1936.0,1.0
2024.10.04_14-30-57_Sechellia_no_odor,1939.0,1940.0,1.0
2024.10.04_14-30-57_Sechellia_no_odor,1942.0,1942.0,1.0
2024.10.04_14-30-57_Sechellia_no_odor,1945.0,1948.0,1.0
2024.10.04_14-30-57_Sechellia_no_odor,1950.0,1951.0,1.0
2024.10.04_14-30-57_Sechellia_no_odor,1954.0,1955.0,1.0
2024.10.04_14-30-57_Sechellia_no_odor,1957.0,1957.0,1.0
2024.10.04_14-30-57_Sechellia_no_odor,1959.0,1960.0,1.0
2024.10.04_14-30-57_Sechellia_no_odor,1962.0,1962.0,1.0
2024.10.04_14-30-57_Sechellia_no_odor,1964.0,1964.0,1.0
2024.10.04_14-30-57_Sechellia_no_odor,1967.0,1967.0,1.0
2024.10.04_14-30-57_Sechellia_no_odor,1969.0,1982.0,1.0
2024.10.04_14-30-57_Sechellia_no_odor,1984.0,1998.0,1.0
2024.10.04_14-30-57_Sechellia_no_odor,2000.0,2008.0,1.0
2024.10.04_14-30-57_Sechellia_no_odor,2010.0,2019.0,1.0
2024.10.04_14-30-57_Sechellia_no_odor,2021.0,2025.0,1.0
2024.10.04_14-30-57_Sechellia_no_odor,2027.0,2033.0,1.0
2024.10.04_14-30-57_Sechellia_no_odor,2035.0,2036.0,1.0
2024.10.04_14-30-57_Sechellia_no_odor,2039.0,2047.0,1.0
2024.10.04_14-30-57_Sechellia_no_odor,2050.0,2054.0,1.0
2024.10.04_14-30-57_Sechellia_no_odor,2058.0,2059.0,1.0
2024.10.04_14-30-57_Sechellia_no_odor,2061.0,2068.0,1.0
2024.10.04_14-30-57_Sechellia_no_odor,2070.0,2070.0,1.0
2024.10.04_14-30-57_Sechellia_no_odor,2073.0,2078.0,1.0
2024.10.04_14-30-57_Sechellia_no_odor,2080.0,2085.0,1.0
2024.10.04_14-30-57_Sechellia_no_odor,2087.0,2092.0,1.0
2024.10.04_14-30-57_Sechellia_no_odor,2094.0,2097.0,1.0
2024.10.04_14-30-57_Sechellia_no_odor,2099.0,2099.0,1.0
2024.10.04_14-30-57_Sechellia_no_odor,2101.0,2103.0,1.0
2024.10.04_14-30-57_Sechellia_no_odor,2105.0,2110.0,1.0
2024.10.04_14-30-57_Sechellia_no_odor,2112.0,2114.0,1.0
2024.10.04_14-30-57_Sechellia_no_odor,2116.0,2117.0,1.0
2024.10.04_14-30-57_Sechellia_no_odor,2119.0,2128.0,1.0
2024.10.04_14-30-57_Sechellia_no_odor,2132.0,2136.0,1.0
2024.10.04_14-30-57_Sechellia_no_odor,2138.0,2139.0,1.0
2024.10.04_14-30-57_Sechellia_no_odor,2141.0,2141.0,1.0
2024.10.04_14-30-57_Sechellia_no_odor,2144.0,2150.0,1.0
2024.10.04_14-30-57_Sechellia_no_odor,2152.0,2152.0,1.0
2024.10.04_14-30-57_Sechellia_no_odor,2154.0,2156.0,1.0
2024.10.04_14-30-57_Sechellia_no_odor,2159.0,2160.0,1.0
2024.10.04_14-30-57_Sechellia_no_odor,2162.0,2162.0,1.0
2024.10.04_14-30-57_Sechellia_no_odor,2164.0,2164.0,1.0
2024.10.04_14-30-57_Sechellia_no_odor,2169.0,2169.0,1.0
2024.10.04_14-30-57_Sechellia_no_odor,2171.0,2171.0,1.0
2024.10.04_14-30-57_Sechellia_no_odor,2174.0,2174.0,1.0
2024.10.04_14-30-57_Sechellia_no_odor,2176.0,2177.0,1.0
2024.10.04_14-30-57_Sechellia_no_odor,2180.0,2181.0,1.0
2024.10.04_14-30-57_Sechellia_no_odor,2185.0,2186.0,1.0
2024.10.04_14-30-57_Sechellia_no_odor,2188.0,2188.0,1.0
2024.10.04_14-30-57_Sechellia_no_odor,2190.0,2190.0,1.0
2024.10.04_14-30-57_Sechellia_no_odor,2194.0,2194.0,1.0
2024.10.04_14-30-57_Sechellia_no_odor,2196.0,2196.0,1.0
2024.10.04_14-30-57_Sechellia_no_odor,2198.0,2198.0,1.0
2024.10.04_14-30-57_Sechellia_no_odor,2203.0,2203.0,1.0
2024.10.04_14-30-57_Sechellia_no_odor,2208.0,2208.0,1.0
2024.10.04_14-30-57_Sechellia_no_odor,2215.0,2215.0,1.0
2024.10.04_14-30-57_Sechellia_no_odor,2219.0,2219.0,1.0
2024.10.04_14-30-57_Sechellia_no_odor,2222.0,2222.0,1.0
2024.10.04_14-30-57_Sechellia_no_odor,2224.0,2224.0,1.0
2024.10.04_14-30-57_Sechellia_no_odor,2226.0,2226.0,1.0
2024.10.04_14-30-57_Sechellia_no_odor,2228.0,2228.0,1.0
2024.10.04_14-30-57_Sechellia_no_odor,2230.0,2230.0,1.0
2024.10.04_14-30-57_Sechellia_no_odor,2233.0,2235.0,1.0
2024.10.04_14-30-57_Sechellia_no_odor,2237.0,2238.0,1.0
2024.10.04_14-30-57_Sechellia_no_odor,2242.0,2243.0,1.0
2024.10.04_14-30-57_Sechellia_no_odor,2245.0,2246.0,1.0
2024.10.04_14-30-57_Sechellia_no_odor,2248.0,2269.0,1.0
2024.10.04_14-30-57_Sechellia_no_odor,2271.0,2506.0,1.0
2024.10.04_14-30-57_Sechellia_no_odor,2508.0,2508.0,1.0
2024.10.04_14-30-57_Sechellia_no_odor,2510.0,2510.0,1.0
2024.10.04_14-30-57_Sechellia_no_odor,2512.0,2515.0,1.0
2024.10.04_14-30-57_Sechellia_no_odor,2517.0,2518.0,1.0
2024.10.04_14-30-57_Sechellia_no_odor,2520.0,2522.0,1.0
2024.10.04_14-30-57_Sechellia_no_odor,2524.0,2525.0,1.0
2024.10.04_14-30-57_Sechellia_no_odor,2528.0,2534.0,1.0
2024.10.04_14-30-57_Sechellia_no_odor,2536.0,2536.0,1.0
2024.10.04_14-30-57_Sechellia_no_odor,2538.0,2539.0,1.0
2024.10.04_14-30-57_Sechellia_no_odor,2541.0,2542.0,1.0
2024.10.04_14-30-57_Sechellia_no_odor,2545.0,2547.0,1.0
2024.10.04_14-30-57_Sechellia_no_odor,2549.0,2550.0,1.0
2024.10.04_14-30-57_Sechellia_no_odor,2552.0,2559.0,1.0
2024.10.04_14-30-57_Sechellia_no_odor,2561.0,2563.0,1.0
2024.10.04_14-30-57_Sechellia_no_odor,2565.0,2765.0,1.0
2024.10.28_09-16-51_sto_car_metben,3.0,21.0,1.0
2024.10.28_09-16-51_sto_car_metben,23.0,33.0,1.0
2024.10.28_09-16-51_sto_car_metben,35.0,35.0,1.0
2024.10.28_09-16-51_sto_car_metben,37.0,41.0,1.0
2024.10.28_09-16-51_sto_car_metben,43.0,45.0,1.0
2024.10.28_09-16-51_sto_car_metben,47.0,49.0,1.0
2024.10.28_09-16-51_sto_car_metben,51.0,59.0,1.0
2024.10.28_09-16-51_sto_car_metben,61.0,138.0,1.0
2024.10.28_09-16-51_sto_car_metben,140.0,140.0,1.0
2024.10.28_09-16-51_sto_car_metben,142.0,148.0,1.0
2024.10.28_09-16-51_sto_car_metben,150.0,157.0,1.0
2024.10.28_09-16-51_sto_car_metben,159.0,165.0,1.0
2024.10.28_09-16-51_sto_car_metben,167.0,171.0,1.0
2024.10.28_09-16-51_sto_car_metben,173.0,177.0,1.0
2024.10.28_09-16-51_sto_car_metben,179.0,179.0,1.0
2024.10.28_09-16-51_sto_car_metben,182.0,184.0,1.0
2024.10.28_09-16-51_sto_car_metben,186.0,262.0,1.0
2024.10.28_09-16-51_sto_car_metben,293.0,294.0,1.0
2024.10.28_09-16-51_sto_car_metben,305.0,358.0,1.0
2024.10.28_09-16-51_sto_car_metben,360.0,361.0,1.0
2024.10.28_09-16-51_sto_car_metben,363.0,380.0,1.0
2024.10.28_09-16-51_sto_car_metben,382.0,404.0,1.0
2024.10.28_09-16-51_sto_car_metben,443.0,443.0,1.0
2024.10.28_09-16-51_sto_car_metben,446.0,918.0,1.0
2024.10.07_14-55-38_Yakuba7_2hexanol,4258.0,4261.0,1.0
2024.10.07_14-55-38_Yakuba7_2hexanol,4263.0,4265.0,1.0
2024.10.07_14-55-38_Yakuba7_2hexanol,4267.0,4267.0,1.0
2024.10.07_14-55-38_Yakuba7_2hexanol,4271.0,4313.0,1.0
2024.10.07_14-55-38_Yakuba7_2hexanol,4315.0,4346.0,1.0
2024.10.07_14-55-38_Yakuba7_2hexanol,4351.0,4383.0,1.0
2024.11.01_04-31-21_CantonS_metben,3.0,7.0,1.0
2024.11.01_04-31-21_CantonS_metben,10.0,13.0,1.0
2024.11.01_04-31-21_CantonS_metben,15.0,17.0,1.0
2024.11.01_04-31-21_CantonS_metben,19.0,2424.0,1.0
2024.11.01_04-31-21_CantonS_metben,2426.0,2448.0,1.0
2024.11.01_04-31-21_CantonS_metben,2454.0,2457.0,1.0
2024.11.01_04-31-21_CantonS_metben,2460.0,2494.0,1.0
2024.11.01_04-31-21_CantonS_metben,2500.0,2514.0,1.0
2024.11.01_04-31-21_CantonS_metben,2520.0,2536.0,1.0
2024.10.18_11-45-36_Riverside_prenac,1250.0,1256.0,1.0
2024.10.18_11-45-36_Riverside_prenac,1260.0,1260.0,1.0
2024.10.18_11-45-36_Riverside_prenac,1266.0,1267.0,1.0
2024.10.18_11-45-36_Riverside_prenac,1270.0,1270.0,1.0
2024.10.18_11-45-36_Riverside_prenac,1272.0,1273.0,1.0
2024.10.18_11-45-36_Riverside_prenac,1275.0,1394.0,1.0
2024.10.18_11-45-36_Riverside_prenac,1396.0,1528.0,1.0
2024.10.18_11-45-36_Riverside_prenac,1530.0,1530.0,1.0
2024.10.18_11-45-36_Riverside_prenac,1535.0,1927.0,1.0
2024.10.18_11-45-36_Riverside_prenac,1929.0,1933.0,1.0
2024.10.18_11-45-36_Riverside_prenac,1935.0,2507.0,1.0
2024.10.18_11-45-36_Riverside_prenac,2509.0,2510.0,1.0
2024.10.18_11-45-36_Riverside_prenac,2512.0,2512.0,1.0
2024.10.18_11-45-36_Riverside_prenac,2514.0,2524.0,1.0
2024.10.18_11-45-36_Riverside_prenac,2546.0,2617.0,1.0
2024.10.18_11-45-36_Riverside_prenac,2653.0,2774.0,1.0
2024.10.18_11-45-36_Riverside_prenac,2792.0,2877.0,1.0
2024.10.18_11-45-36_Riverside_prenac,2879.0,2881.0,1.0
2024.10.18_11-45-36_Riverside_prenac,2883.0,2884.0,1.0
2024.10.18_11-45-36_Riverside_prenac,2901.0,2975.0,1.0
2024.10.18_11-45-36_Riverside_prenac,2977.0,2979.0,1.0
2024.10.18_11-45-36_Riverside_prenac,8624.0,8657.0,1.0
2024.10.18_11-45-36_Riverside_prenac,8660.0,8660.0,1.0
2024.10.18_11-45-36_Riverside_prenac,8663.0,8665.0,1.0
2024.10.18_11-45-36_Riverside_prenac,8668.0,8668.0,1.0
2024.10.18_11-45-36_Riverside_prenac,8671.0,8671.0,1.0
2024.10.18_11-45-36_Riverside_prenac,8674.0,8674.0,1.0
2024.10.18_11-45-36_Riverside_prenac,8676.0,8677.0,1.0
2024.10.18_11-45-36_Riverside_prenac,8679.0,8680.0,1.0
2024.10.18_11-45-36_Riverside_prenac,8683.0,8683.0,1.0
2024.10.18_11-45-36_Riverside_prenac,8685.0,8687.0,1.0
2024.10.18_11-45-36_Riverside_prenac,8691.0,8691.0,1.0
2024.10.18_11-45-36_Riverside_prenac,8698.0,8698.0,1.0
2024.10.18_11-45-36_Riverside_prenac,8701.0,8701.0,1.0
2024.10.18_11-45-36_Riverside_prenac,8704.0,8705.0,1.0
2024.10.18_11-45-36_Riverside_prenac,8708.0,8708.0,1.0
2024.10.18_11-45-36_Riverside_prenac,8716.0,8729.0,1.0
2024.10.18_11-45-36_Riverside_prenac,8731.0,8762.0,1.0
2024.10.18_11-45-36_Riverside_prenac,8765.0,8767.0,1.0
2024.10.18_11-45-36_Riverside_prenac,8769.0,8879.0,1.0
2024.10.18_11-45-36_Riverside_prenac,8881.0,8882.0,1.0
2024.10.18_11-45-36_Riverside_prenac,8884.0,8892.0,1.0
2024.10.18_11-45-36_Riverside_prenac,8894.0,8924.0,1.0
2024.10.18_11-45-36_Riverside_prenac,8926.0,8928.0,1.0
2024.10.18_11-45-36_Riverside_prenac,8930.0,8986.0,1.0
2024.10.31_08-17-15_Biarmipes84_metben,1155.0,2361.0,1.0
2024.10.31_08-17-15_Biarmipes84_metben,2363.0,2364.0,1.0
2024.10.31_08-17-15_Biarmipes84_metben,2367.0,2371.0,1.0
2024.10.31_08-17-15_Biarmipes84_metben,2373.0,2373.0,1.0
2024.10.31_08-17-15_Biarmipes84_metben,2375.0,2375.0,1.0
2024.10.31_08-17-15_Biarmipes84_metben,2377.0,2378.0,1.0
2024.10.31_08-17-15_Biarmipes84_metben,2381.0,2381.0,1.0
2024.10.31_08-17-15_Biarmipes84_metben,2384.0,2386.0,1.0
2024.10.31_08-17-15_Biarmipes84_metben,2388.0,2392.0,1.0
2024.10.31_08-17-15_Biarmipes84_metben,2394.0,2395.0,1.0
2024.10.31_08-17-15_Biarmipes84_metben,2397.0,2401.0,1.0
2024.10.31_08-17-15_Biarmipes84_metben,2403.0,2411.0,1.0
2024.10.31_08-17-15_Biarmipes84_metben,2413.0,2414.0,1.0
2024.10.31_08-17-15_Biarmipes84_metben,2416.0,2423.0,1.0
2024.10.31_08-17-15_Biarmipes84_metben,2425.0,2429.0,1.0
2024.10.31_08-17-15_Biarmipes84_metben,2431.0,2433.0,1.0
2024.10.31_08-17-15_Biarmipes84_metben,2435.0,3058.0,1.0
2024.10.31_08-17-15_Biarmipes84_metben,3060.0,3076.0,1.0
2024.10.31_08-17-15_Biarmipes84_metben,3078.0,3080.0,1.0
2024.10.31_08-17-15_Biarmipes84_metben,3083.0,3083.0,1.0
2024.10.31_08-17-15_Biarmipes84_metben,3086.0,3086.0,1.0
2024.10.31_08-17-15_Biarmipes84_metben,3091.0,3091.0,1.0
2024.10.31_08-17-15_Biarmipes84_metben,3099.0,3099.0,1.0
2024.10.31_08-17-15_Biarmipes84_metben,3102.0,3102.0,1.0
2024.10.31_08-17-15_Biarmipes84_metben,3113.0,3113.0,1.0
2024.10.31_08-17-15_Biarmipes84_metben,3117.0,3117.0,1.0
2024.10.31_08-17-15_Biarmipes84_metben,3119.0,3120.0,1.0
2024.10.31_08-17-15_Biarmipes84_metben,3122.0,3134.0,1.0
2024.10.31_08-17-15_Biarmipes84_metben,3136.0,3156.0,1.0
2024.10.31_08-17-15_Biarmipes84_metben,3158.0,3162.0,1.0
2024.10.31_08-17-15_Biarmipes84_metben,3165.0,3165.0,1.0
2024.10.31_08-17-15_Biarmipes84_metben,3168.0,3168.0,1.0
2024.10.31_08-17-15_Biarmipes84_metben,3170.0,3172.0,1.0
2024.10.31_08-17-15_Biarmipes84_metben,3174.0,3181.0,1.0
2024.10.31_08-17-15_Biarmipes84_metben,3184.0,3189.0,1.0
2024.10.31_08-17-15_Biarmipes84_metben,3191.0,3201.0,1.0
2024.10.31_08-17-15_Biarmipes84_metben,3203.0,3203.0,1.0
2024.10.31_08-17-15_Biarmipes84_metben,3206.0,3215.0,1.0
2024.10.31_08-17-15_Biarmipes84_metben,4467.0,4599.0,1.0
2024.12.01_20-03-07_Riverside_prenac,3.0,729.0,1.0
2024.12.01_20-03-07_Riverside_prenac,731.0,1779.0,1.0
2024.12.01_20-03-07_Riverside_prenac,1781.0,3335.0,1.0
2024.12.01_20-03-07_Riverside_prenac,3337.0,3374.0,1.0
2024.12.01_20-03-07_Riverside_prenac,3376.0,3377.0,1.0
2024.12.01_20-03-07_Riverside_prenac,3379.0,3439.0,1.0
2024.12.01_20-03-07_Riverside_prenac,3441.0,3441.0,1.0
2024.12.01_20-03-07_Riverside_prenac,3443.0,4254.0,1.0
2024.12.01_20-03-07_Riverside_prenac,4256.0,4256.0,1.0
2024.07.10_12-41-04_Riverside (MetBen),6858.0,8999.0,1.0
2024.10.01_08-52-09_Yakuba_cameroon_no_odor,3.0,771.0,1.0
2024.10.01_08-52-09_Yakuba_cameroon_no_odor,773.0,773.0,1.0
2024.10.01_08-52-09_Yakuba_cameroon_no_odor,775.0,775.0,1.0
2024.10.01_08-52-09_Yakuba_cameroon_no_odor,778.0,783.0,1.0
2024.10.01_08-52-09_Yakuba_cameroon_no_odor,785.0,786.0,1.0
2024.10.01_08-52-09_Yakuba_cameroon_no_odor,788.0,789.0,1.0
2024.10.01_08-52-09_Yakuba_cameroon_no_odor,794.0,794.0,1.0
2024.10.01_08-52-09_Yakuba_cameroon_no_odor,797.0,798.0,1.0
2024.10.01_08-52-09_Yakuba_cameroon_no_odor,811.0,812.0,1.0
2024.10.01_08-52-09_Yakuba_cameroon_no_odor,7719.0,8683.0,1.0
2024.10.01_08-52-09_Yakuba_cameroon_no_odor,8685.0,8685.0,1.0
2024.10.01_08-52-09_Yakuba_cameroon_no_odor,8710.0,8710.0,1.0
2024.10.01_08-52-09_Yakuba_cameroon_no_odor,8712.0,8712.0,1.0
