trial,start_frame,end_frame,is_swapped
2024.11.05_02-10-55_Yakuba7_e2hex,3,975,True
2024.11.05_02-10-55_Yakuba7_e2hex,2571,2617,True
2024.11.05_02-10-55_Yakuba7_e2hex,3419,4067,True
2024.11.05_02-10-55_Yakuba7_e2hex,4069,4980,True
2024.11.05_02-10-55_Yakuba7_e2hex,4983,5011,True
2024.11.05_02-10-55_Yakuba7_e2hex,5142,5142,True
2024.11.05_02-10-55_Yakuba7_e2hex,5144,5144,True
2024.11.05_02-10-55_Yakuba7_e2hex,5173,5173,True
2024.11.05_02-10-55_Yakuba7_e2hex,5176,5177,True
2024.11.05_02-10-55_Yakuba7_e2hex,5179,5819,True
2024.11.05_02-10-55_Yakuba7_e2hex,7490,7596,True
2024.11.05_02-10-55_Yakuba7_e2hex,7610,8999,True
2024.10.23_07-57-44_Biarmipes84_prenac,702,765,True
2024.10.23_07-57-44_Biarmipes84_prenac,2368,2368,True
2024.10.23_07-57-44_Biarmipes84_prenac,2372,2387,True
2024.10.23_07-57-44_Biarmipes84_prenac,2389,2390,True
2024.10.23_07-57-44_Biarmipes84_prenac,2394,2410,True
2024.10.23_07-57-44_Biarmipes84_prenac,2413,2422,True
2024.10.23_07-57-44_Biarmipes84_prenac,2424,2434,True
2024.10.23_07-57-44_Biarmipes84_prenac,2437,2437,True
2024.10.23_07-57-44_Biarmipes84_prenac,2439,2442,True
2024.10.23_07-57-44_Biarmipes84_prenac,2444,2467,True
2024.10.23_07-57-44_Biarmipes84_prenac,2469,2510,True
2024.10.23_07-57-44_Biarmipes84_prenac,2512,2547,True
2024.10.23_07-57-44_Biarmipes84_prenac,2549,2554,True
2024.10.23_07-57-44_Biarmipes84_prenac,2556,2572,True
2024.10.23_07-57-44_Biarmipes84_prenac,2574,2575,True
2024.10.23_07-57-44_Biarmipes84_prenac,2578,2581,True
2024.10.23_07-57-44_Biarmipes84_prenac,2583,2587,True
2024.10.23_07-57-44_Biarmipes84_prenac,2591,2592,True
2024.10.23_07-57-44_Biarmipes84_prenac,2633,2637,True
2024.10.23_07-57-44_Biarmipes84_prenac,2639,2646,True
2024.10.23_07-57-44_Biarmipes84_prenac,2653,2653,True
2024.10.23_07-57-44_Biarmipes84_prenac,2655,2655,True
2024.10.23_07-57-44_Biarmipes84_prenac,2661,2667,True
2024.10.23_07-57-44_Biarmipes84_prenac,2674,2674,True
2024.10.23_07-57-44_Biarmipes84_prenac,2676,2686,True
2024.10.23_07-57-44_Biarmipes84_prenac,2688,2690,True
2024.10.23_07-57-44_Biarmipes84_prenac,2692,2694,True
2024.10.23_07-57-44_Biarmipes84_prenac,2696,2696,True
2024.10.23_07-57-44_Biarmipes84_prenac,2700,2700,True
2024.10.23_07-57-44_Biarmipes84_prenac,2702,2703,True
2024.10.23_07-57-44_Biarmipes84_prenac,2706,2707,True
2024.10.23_07-57-44_Biarmipes84_prenac,2709,2714,True
2024.10.23_07-57-44_Biarmipes84_prenac,2719,2719,True
2024.10.23_07-57-44_Biarmipes84_prenac,2721,2730,True
2024.10.23_07-57-44_Biarmipes84_prenac,2735,2738,True
2024.10.23_07-57-44_Biarmipes84_prenac,2740,2740,True
2024.10.23_07-57-44_Biarmipes84_prenac,2742,2743,True
2024.10.23_07-57-44_Biarmipes84_prenac,2745,2747,True
2024.10.23_07-57-44_Biarmipes84_prenac,2750,2753,True
2024.10.23_07-57-44_Biarmipes84_prenac,2757,2758,True
2024.10.23_07-57-44_Biarmipes84_prenac,2762,2762,True
2024.10.23_07-57-44_Biarmipes84_prenac,2764,2764,True
2024.10.23_07-57-44_Biarmipes84_prenac,2767,2767,True
2024.10.23_07-57-44_Biarmipes84_prenac,2769,2772,True
2024.10.23_07-57-44_Biarmipes84_prenac,2774,2775,True
2024.10.23_07-57-44_Biarmipes84_prenac,2777,2777,True
2024.10.23_07-57-44_Biarmipes84_prenac,2782,2782,True
2024.10.23_07-57-44_Biarmipes84_prenac,2785,2785,True
2024.10.23_07-57-44_Biarmipes84_prenac,2792,2792,True
2024.10.23_07-57-44_Biarmipes84_prenac,2797,2800,True
2024.10.23_07-57-44_Biarmipes84_prenac,2802,2803,True
2024.10.23_07-57-44_Biarmipes84_prenac,2805,2806,True
2024.10.23_07-57-44_Biarmipes84_prenac,2810,2817,True
2024.10.23_07-57-44_Biarmipes84_prenac,2820,2820,True
2024.10.23_07-57-44_Biarmipes84_prenac,2822,2824,True
2024.10.23_07-57-44_Biarmipes84_prenac,2826,2826,True
2024.10.23_07-57-44_Biarmipes84_prenac,2829,2830,True
2024.10.23_07-57-44_Biarmipes84_prenac,2832,2833,True
2024.10.23_07-57-44_Biarmipes84_prenac,2835,2835,True
2024.10.23_07-57-44_Biarmipes84_prenac,2837,2838,True
2024.10.23_07-57-44_Biarmipes84_prenac,2840,2841,True
2024.10.23_07-57-44_Biarmipes84_prenac,2843,2844,True
2024.10.23_07-57-44_Biarmipes84_prenac,2846,2847,True
2024.10.23_07-57-44_Biarmipes84_prenac,2849,2850,True
2024.10.23_07-57-44_Biarmipes84_prenac,2852,2861,True
2024.10.23_07-57-44_Biarmipes84_prenac,2863,3060,True
2024.10.23_07-57-44_Biarmipes84_prenac,3115,3117,True
2024.10.23_07-57-44_Biarmipes84_prenac,3120,3120,True
2024.10.23_07-57-44_Biarmipes84_prenac,3123,3132,True
2024.10.23_07-57-44_Biarmipes84_prenac,3137,3137,True
2024.10.23_07-57-44_Biarmipes84_prenac,3145,3829,True
2024.10.23_07-57-44_Biarmipes84_prenac,3831,5465,True
2024.10.23_07-57-44_Biarmipes84_prenac,6302,6312,True
2024.10.23_07-57-44_Biarmipes84_prenac,6398,6399,True
2024.10.23_07-57-44_Biarmipes84_prenac,6401,6426,True
2024.10.23_07-57-44_Biarmipes84_prenac,6471,6471,True
2024.10.23_07-57-44_Biarmipes84_prenac,6495,6499,True
2024.10.23_07-57-44_Biarmipes84_prenac,6528,6548,True
2024.10.23_07-57-44_Biarmipes84_prenac,6561,7121,True
2024.10.23_07-57-44_Biarmipes84_prenac,8023,8031,True
2024.10.23_07-57-44_Biarmipes84_prenac,8067,8990,True
2024.10.11_12-42-50_Yakuba_Cameroon_2hexanol,3,586,True
2024.10.11_12-42-50_Yakuba_Cameroon_2hexanol,1335,1335,True
2024.10.11_12-42-50_Yakuba_Cameroon_2hexanol,1339,1356,True
2024.10.11_12-42-50_Yakuba_Cameroon_2hexanol,1382,1382,True
2024.10.11_12-42-50_Yakuba_Cameroon_2hexanol,1384,1390,True
2024.10.11_12-42-50_Yakuba_Cameroon_2hexanol,1418,1428,True
2024.10.11_12-42-50_Yakuba_Cameroon_2hexanol,1961,1971,True
2024.10.11_12-42-50_Yakuba_Cameroon_2hexanol,2396,3276,True
2024.10.11_12-42-50_Yakuba_Cameroon_2hexanol,3306,3351,True
2024.10.11_12-42-50_Yakuba_Cameroon_2hexanol,3353,3353,True
2024.10.11_12-42-50_Yakuba_Cameroon_2hexanol,3356,3382,True
2024.10.11_12-42-50_Yakuba_Cameroon_2hexanol,3478,3478,True
2024.10.11_12-42-50_Yakuba_Cameroon_2hexanol,4736,5608,True
2024.10.11_12-42-50_Yakuba_Cameroon_2hexanol,6183,6741,True
2024.10.11_12-42-50_Yakuba_Cameroon_2hexanol,7333,7897,True
2024.10.11_12-42-50_Yakuba_Cameroon_2hexanol,8431,8999,True
2024.11.01_08-05-24_Yakuba7_e2hex,3,1519,True
2024.11.01_08-05-24_Yakuba7_e2hex,1767,2499,True
2024.11.01_08-05-24_Yakuba7_e2hex,5396,5396,True
2024.11.01_08-05-24_Yakuba7_e2hex,5402,5402,True
2024.11.01_08-05-24_Yakuba7_e2hex,5410,5410,True
2024.11.01_08-05-24_Yakuba7_e2hex,5413,5413,True
2024.11.01_08-05-24_Yakuba7_e2hex,5415,5416,True
2024.11.01_08-05-24_Yakuba7_e2hex,5423,5425,True
2024.11.01_08-05-24_Yakuba7_e2hex,5427,5427,True
2024.11.01_08-05-24_Yakuba7_e2hex,5434,5434,True
2024.11.01_08-05-24_Yakuba7_e2hex,5437,5439,True
2024.11.01_08-05-24_Yakuba7_e2hex,5450,5450,True
2024.11.01_08-05-24_Yakuba7_e2hex,5452,5452,True
2024.11.01_08-05-24_Yakuba7_e2hex,5462,5464,True
2024.11.01_08-05-24_Yakuba7_e2hex,5467,5467,True
2024.11.01_08-05-24_Yakuba7_e2hex,5476,5476,True
2024.11.01_08-05-24_Yakuba7_e2hex,5479,5479,True
2024.11.01_08-05-24_Yakuba7_e2hex,5481,5483,True
2024.11.01_08-05-24_Yakuba7_e2hex,5488,5488,True
2024.11.01_08-05-24_Yakuba7_e2hex,5492,5493,True
2024.11.01_08-05-24_Yakuba7_e2hex,5497,5497,True
2024.11.01_08-05-24_Yakuba7_e2hex,5499,5499,True
2024.11.01_08-05-24_Yakuba7_e2hex,5512,5514,True
2024.11.01_08-05-24_Yakuba7_e2hex,5518,5519,True
2024.11.01_08-05-24_Yakuba7_e2hex,5523,5523,True
2024.11.01_08-05-24_Yakuba7_e2hex,5533,5533,True
2024.11.01_08-05-24_Yakuba7_e2hex,5538,5540,True
2024.11.01_08-05-24_Yakuba7_e2hex,5544,5544,True
2024.11.01_08-05-24_Yakuba7_e2hex,5549,5549,True
2024.11.01_08-05-24_Yakuba7_e2hex,5551,5552,True
2024.11.01_08-05-24_Yakuba7_e2hex,5554,5554,True
2024.11.01_08-05-24_Yakuba7_e2hex,5557,5558,True
2024.11.01_08-05-24_Yakuba7_e2hex,5560,5563,True
2024.11.01_08-05-24_Yakuba7_e2hex,5565,5567,True
2024.11.01_08-05-24_Yakuba7_e2hex,5927,5927,True
2024.11.01_08-05-24_Yakuba7_e2hex,5933,5933,True
2024.11.01_08-05-24_Yakuba7_e2hex,5943,5943,True
2024.11.01_08-05-24_Yakuba7_e2hex,6060,6061,True
2024.11.01_08-05-24_Yakuba7_e2hex,6063,6067,True
2024.11.01_08-05-24_Yakuba7_e2hex,6069,6078,True
2024.11.01_08-05-24_Yakuba7_e2hex,6081,6106,True
2024.11.01_08-05-24_Yakuba7_e2hex,6108,6111,True
2024.11.01_08-05-24_Yakuba7_e2hex,6113,6113,True
2024.11.01_08-05-24_Yakuba7_e2hex,6115,6120,True
2024.11.01_08-05-24_Yakuba7_e2hex,6122,6122,True
2024.11.01_08-05-24_Yakuba7_e2hex,6125,6126,True
2024.11.01_08-05-24_Yakuba7_e2hex,6133,6138,True
2024.11.01_08-05-24_Yakuba7_e2hex,6141,6144,True
2024.11.01_08-05-24_Yakuba7_e2hex,6149,6149,True
2024.11.01_08-05-24_Yakuba7_e2hex,6151,6156,True
2024.11.01_08-05-24_Yakuba7_e2hex,6158,6161,True
2024.11.01_08-05-24_Yakuba7_e2hex,6163,6176,True
2024.11.01_08-05-24_Yakuba7_e2hex,6178,6182,True
2024.11.01_08-05-24_Yakuba7_e2hex,6184,6184,True
2024.11.01_08-05-24_Yakuba7_e2hex,6186,6186,True
2024.11.01_08-05-24_Yakuba7_e2hex,6189,6189,True
2024.11.01_08-05-24_Yakuba7_e2hex,6195,6197,True
2024.11.01_08-05-24_Yakuba7_e2hex,6296,6296,True
2024.11.01_08-05-24_Yakuba7_e2hex,6298,6301,True
2024.11.01_08-05-24_Yakuba7_e2hex,6303,6318,True
2024.11.01_08-05-24_Yakuba7_e2hex,6465,6465,True
2024.11.01_08-05-24_Yakuba7_e2hex,6499,6503,True
2024.11.01_08-05-24_Yakuba7_e2hex,6507,6507,True
2024.11.01_08-05-24_Yakuba7_e2hex,6521,6521,True
2024.11.01_08-05-24_Yakuba7_e2hex,6526,6527,True
2024.11.01_08-05-24_Yakuba7_e2hex,6530,6534,True
2024.11.01_08-05-24_Yakuba7_e2hex,6536,6545,True
2024.11.01_08-05-24_Yakuba7_e2hex,6548,6551,True
2024.11.01_08-05-24_Yakuba7_e2hex,6553,6555,True
2024.11.01_08-05-24_Yakuba7_e2hex,6557,6558,True
2024.11.01_08-05-24_Yakuba7_e2hex,6560,6565,True
2024.11.01_08-05-24_Yakuba7_e2hex,6570,6570,True
2024.11.01_08-05-24_Yakuba7_e2hex,6572,6575,True
2024.11.01_08-05-24_Yakuba7_e2hex,6580,6582,True
2024.11.01_08-05-24_Yakuba7_e2hex,6585,6590,True
2024.11.01_08-05-24_Yakuba7_e2hex,6592,6597,True
2024.11.01_08-05-24_Yakuba7_e2hex,6603,6605,True
2024.11.01_08-05-24_Yakuba7_e2hex,6607,6607,True
2024.11.01_08-05-24_Yakuba7_e2hex,6609,6617,True
2024.11.01_08-05-24_Yakuba7_e2hex,6619,6624,True
2024.11.01_08-05-24_Yakuba7_e2hex,6628,6633,True
2024.11.01_08-05-24_Yakuba7_e2hex,6635,6640,True
2024.11.01_08-05-24_Yakuba7_e2hex,6643,6652,True
2024.11.01_08-05-24_Yakuba7_e2hex,6655,6659,True
2024.11.01_08-05-24_Yakuba7_e2hex,6663,8211,True
2024.11.01_08-05-24_Yakuba7_e2hex,8370,8893,True
2024.09.24_16-45-15_Yakuba7_no_odor,1688,1691,True
2024.09.24_16-45-15_Yakuba7_no_odor,1693,1696,True
2024.09.24_16-45-15_Yakuba7_no_odor,1698,1699,True
2024.09.24_16-45-15_Yakuba7_no_odor,1701,1703,True
2024.09.24_16-45-15_Yakuba7_no_odor,1739,1741,True
2024.09.24_16-45-15_Yakuba7_no_odor,1826,1841,True
2024.09.24_16-45-15_Yakuba7_no_odor,1849,1872,True
2024.09.24_16-45-15_Yakuba7_no_odor,2040,3638,True
2024.09.24_16-45-15_Yakuba7_no_odor,8005,8082,True
2024.09.24_16-45-15_Yakuba7_no_odor,8085,8098,True
2024.09.24_16-45-15_Yakuba7_no_odor,8100,8101,True
2024.09.24_16-45-15_Yakuba7_no_odor,8103,8118,True
2024.09.24_16-45-15_Yakuba7_no_odor,8120,8121,True
2024.09.24_16-45-15_Yakuba7_no_odor,8124,8130,True
2024.09.24_16-45-15_Yakuba7_no_odor,8132,8132,True
2024.09.24_16-45-15_Yakuba7_no_odor,8134,8136,True
2024.09.24_16-45-15_Yakuba7_no_odor,8139,8139,True
2024.09.24_16-45-15_Yakuba7_no_odor,8143,8144,True
2024.09.24_16-45-15_Yakuba7_no_odor,8146,8147,True
2024.09.24_16-45-15_Yakuba7_no_odor,8149,8150,True
2024.09.24_16-45-15_Yakuba7_no_odor,8152,8154,True
2024.09.24_16-45-15_Yakuba7_no_odor,8156,8165,True
2024.09.24_16-45-15_Yakuba7_no_odor,8167,8167,True
2024.09.24_16-45-15_Yakuba7_no_odor,8169,8189,True
2024.09.24_16-45-15_Yakuba7_no_odor,8191,8197,True
2024.09.24_16-45-15_Yakuba7_no_odor,8199,8217,True
2024.09.24_16-45-15_Yakuba7_no_odor,8219,8225,True
2024.09.24_16-45-15_Yakuba7_no_odor,8227,8238,True
2024.09.24_16-45-15_Yakuba7_no_odor,8315,8347,True
2024.09.24_16-45-15_Yakuba7_no_odor,8349,8349,True
2024.09.24_16-45-15_Yakuba7_no_odor,8352,8354,True
2024.09.24_16-45-15_Yakuba7_no_odor,8356,8362,True
2024.09.24_16-45-15_Yakuba7_no_odor,8364,8391,True
2024.09.24_16-45-15_Yakuba7_no_odor,8394,8394,True
2024.09.24_16-45-15_Yakuba7_no_odor,8397,8398,True
2024.09.24_16-45-15_Yakuba7_no_odor,8400,8404,True
2024.09.24_16-45-15_Yakuba7_no_odor,8406,8407,True
2024.09.24_16-45-15_Yakuba7_no_odor,8409,8411,True
2024.09.24_16-45-15_Yakuba7_no_odor,8413,8416,True
2024.09.24_16-45-15_Yakuba7_no_odor,8420,8420,True
2024.09.24_16-45-15_Yakuba7_no_odor,8422,8422,True
2024.09.24_16-45-15_Yakuba7_no_odor,8425,8425,True
2024.09.24_16-45-15_Yakuba7_no_odor,8428,8429,True
2024.09.24_16-45-15_Yakuba7_no_odor,8433,8433,True
2024.09.24_16-45-15_Yakuba7_no_odor,8437,8439,True
2024.09.24_16-45-15_Yakuba7_no_odor,8447,8448,True
2024.09.24_16-45-15_Yakuba7_no_odor,8453,8453,True
2024.09.24_16-45-15_Yakuba7_no_odor,8457,8458,True
2024.09.24_16-45-15_Yakuba7_no_odor,8486,8486,True
2024.09.24_16-45-15_Yakuba7_no_odor,8489,8489,True
2024.09.24_16-45-15_Yakuba7_no_odor,8491,8492,True
2024.09.24_16-45-15_Yakuba7_no_odor,8667,8668,True
2024.09.24_16-45-15_Yakuba7_no_odor,8678,8679,True
2024.09.24_16-45-15_Yakuba7_no_odor,8683,8684,True
2024.09.24_16-45-15_Yakuba7_no_odor,8690,8694,True
2024.09.24_16-45-15_Yakuba7_no_odor,8697,8720,True
2024.09.24_16-45-15_Yakuba7_no_odor,8727,8789,True
2024.10.18_09-33-31_Sussex_prenac,5,13,True
2024.10.18_09-33-31_Sussex_prenac,15,17,True
2024.10.18_09-33-31_Sussex_prenac,19,715,True
2024.10.18_09-33-31_Sussex_prenac,2517,2521,True
2024.10.18_09-33-31_Sussex_prenac,2523,2523,True
2024.10.18_09-33-31_Sussex_prenac,2531,2536,True
2024.10.18_09-33-31_Sussex_prenac,2538,3049,True
2024.10.18_09-33-31_Sussex_prenac,4992,5006,True
2024.10.18_09-33-31_Sussex_prenac,5018,8521,True
2024.10.02_10-38-57_Biarmipes_G224_no_odor,235,242,True
2024.10.02_10-38-57_Biarmipes_G224_no_odor,244,244,True
2024.10.02_10-38-57_Biarmipes_G224_no_odor,246,254,True
2024.10.02_10-38-57_Biarmipes_G224_no_odor,261,462,True
2024.10.02_10-38-57_Biarmipes_G224_no_odor,464,465,True
2024.10.02_10-38-57_Biarmipes_G224_no_odor,467,467,True
2024.10.02_10-38-57_Biarmipes_G224_no_odor,469,477,True
2024.10.02_10-38-57_Biarmipes_G224_no_odor,1064,1064,True
2024.10.02_10-38-57_Biarmipes_G224_no_odor,1078,1080,True
2024.10.02_10-38-57_Biarmipes_G224_no_odor,1082,1082,True
2024.10.02_10-38-57_Biarmipes_G224_no_odor,1085,1085,True
2024.10.02_10-38-57_Biarmipes_G224_no_odor,1089,1089,True
2024.10.02_10-38-57_Biarmipes_G224_no_odor,1092,1096,True
2024.10.02_10-38-57_Biarmipes_G224_no_odor,1098,1106,True
2024.10.02_10-38-57_Biarmipes_G224_no_odor,1108,1117,True
2024.10.02_10-38-57_Biarmipes_G224_no_odor,1142,1439,True
2024.10.02_10-38-57_Biarmipes_G224_no_odor,1888,3220,True
2024.10.02_10-38-57_Biarmipes_G224_no_odor,5703,5703,True
2024.10.02_10-38-57_Biarmipes_G224_no_odor,5705,5712,True
2024.10.02_10-38-57_Biarmipes_G224_no_odor,5714,5716,True
2024.10.02_10-38-57_Biarmipes_G224_no_odor,5719,5719,True
2024.10.02_10-38-57_Biarmipes_G224_no_odor,5729,5729,True
2024.10.02_10-38-57_Biarmipes_G224_no_odor,5737,5738,True
2024.10.02_10-38-57_Biarmipes_G224_no_odor,5740,5744,True
2024.10.02_10-38-57_Biarmipes_G224_no_odor,5747,5761,True
2024.10.02_10-38-57_Biarmipes_G224_no_odor,5763,5767,True
2024.10.02_10-38-57_Biarmipes_G224_no_odor,5769,5775,True
2024.10.02_10-38-57_Biarmipes_G224_no_odor,5795,5795,True
2024.10.02_10-38-57_Biarmipes_G224_no_odor,5835,5835,True
2024.10.02_10-38-57_Biarmipes_G224_no_odor,5841,5843,True
2024.10.02_10-38-57_Biarmipes_G224_no_odor,5845,5846,True
2024.10.02_10-38-57_Biarmipes_G224_no_odor,5850,5850,True
2024.10.02_10-38-57_Biarmipes_G224_no_odor,5856,5858,True
2024.10.02_10-38-57_Biarmipes_G224_no_odor,5860,5861,True
2024.10.02_10-38-57_Biarmipes_G224_no_odor,5863,5867,True
2024.10.02_10-38-57_Biarmipes_G224_no_odor,5870,5871,True
2024.10.02_10-38-57_Biarmipes_G224_no_odor,5884,5884,True
2024.10.02_10-38-57_Biarmipes_G224_no_odor,5891,5891,True
2024.10.02_10-38-57_Biarmipes_G224_no_odor,5907,5907,True
2024.10.02_10-38-57_Biarmipes_G224_no_odor,5917,5921,True
2024.10.02_10-38-57_Biarmipes_G224_no_odor,5928,5936,True
2024.10.02_10-38-57_Biarmipes_G224_no_odor,5938,5946,True
2024.10.02_10-38-57_Biarmipes_G224_no_odor,5952,5952,True
2024.10.02_10-38-57_Biarmipes_G224_no_odor,6506,6506,True
2024.10.02_10-38-57_Biarmipes_G224_no_odor,6512,6512,True
2024.10.02_10-38-57_Biarmipes_G224_no_odor,6517,6521,True
2024.10.02_10-38-57_Biarmipes_G224_no_odor,6526,6526,True
2024.10.02_10-38-57_Biarmipes_G224_no_odor,6529,6529,True
2024.10.02_10-38-57_Biarmipes_G224_no_odor,6531,6533,True
2024.10.02_10-38-57_Biarmipes_G224_no_odor,6535,6551,True
2024.10.02_10-38-57_Biarmipes_G224_no_odor,6553,6557,True
2024.10.02_10-38-57_Biarmipes_G224_no_odor,6559,6561,True
2024.10.02_10-38-57_Biarmipes_G224_no_odor,6563,6563,True
2024.10.02_10-38-57_Biarmipes_G224_no_odor,6565,6580,True
2024.10.02_10-38-57_Biarmipes_G224_no_odor,6584,6586,True
2024.10.02_10-38-57_Biarmipes_G224_no_odor,6588,6588,True
2024.10.02_10-38-57_Biarmipes_G224_no_odor,6590,6590,True
2024.10.02_10-38-57_Biarmipes_G224_no_odor,6592,6593,True
2024.10.02_10-38-57_Biarmipes_G224_no_odor,6595,6595,True
2024.10.02_10-38-57_Biarmipes_G224_no_odor,6597,6598,True
2024.10.02_10-38-57_Biarmipes_G224_no_odor,6600,6600,True
2024.10.02_10-38-57_Biarmipes_G224_no_odor,6602,6606,True
2024.10.02_10-38-57_Biarmipes_G224_no_odor,6608,6628,True
2024.10.02_10-38-57_Biarmipes_G224_no_odor,6630,6635,True
2024.10.02_10-38-57_Biarmipes_G224_no_odor,6637,6646,True
2024.10.02_10-38-57_Biarmipes_G224_no_odor,6649,6670,True
2024.10.02_10-38-57_Biarmipes_G224_no_odor,6672,6672,True
2024.10.02_10-38-57_Biarmipes_G224_no_odor,6674,6676,True
2024.10.02_10-38-57_Biarmipes_G224_no_odor,6679,6679,True
2024.10.02_10-38-57_Biarmipes_G224_no_odor,6682,6683,True
2024.10.02_10-38-57_Biarmipes_G224_no_odor,6685,6689,True
2024.10.02_10-38-57_Biarmipes_G224_no_odor,6691,6696,True
2024.10.02_10-38-57_Biarmipes_G224_no_odor,6698,6734,True
2024.10.02_10-38-57_Biarmipes_G224_no_odor,6737,6746,True
2024.10.02_10-38-57_Biarmipes_G224_no_odor,6748,6749,True
2024.10.02_10-38-57_Biarmipes_G224_no_odor,6751,6780,True
2024.10.02_10-38-57_Biarmipes_G224_no_odor,6782,6789,True
2024.10.02_10-38-57_Biarmipes_G224_no_odor,6791,6806,True
2024.10.02_10-38-57_Biarmipes_G224_no_odor,6809,6809,True
2024.10.02_10-38-57_Biarmipes_G224_no_odor,6812,6816,True
2024.10.02_10-38-57_Biarmipes_G224_no_odor,6818,6832,True
2024.10.02_10-38-57_Biarmipes_G224_no_odor,6834,6834,True
2024.10.02_10-38-57_Biarmipes_G224_no_odor,6836,6846,True
2024.10.02_10-38-57_Biarmipes_G224_no_odor,6848,6852,True
2024.10.02_10-38-57_Biarmipes_G224_no_odor,6854,6854,True
2024.10.02_10-38-57_Biarmipes_G224_no_odor,6856,6856,True
2024.10.02_10-38-57_Biarmipes_G224_no_odor,6861,6864,True
2024.10.02_10-38-57_Biarmipes_G224_no_odor,6869,6870,True
2024.10.02_10-38-57_Biarmipes_G224_no_odor,6880,6881,True
2024.10.02_10-38-57_Biarmipes_G224_no_odor,6884,6885,True
2024.10.02_10-38-57_Biarmipes_G224_no_odor,6887,6888,True
2024.10.02_10-38-57_Biarmipes_G224_no_odor,6891,6892,True
2024.10.02_10-38-57_Biarmipes_G224_no_odor,6895,6896,True
2024.10.02_10-38-57_Biarmipes_G224_no_odor,6899,6899,True
2024.10.02_10-38-57_Biarmipes_G224_no_odor,6903,6905,True
2024.10.02_10-38-57_Biarmipes_G224_no_odor,6913,6913,True
2024.10.02_10-38-57_Biarmipes_G224_no_odor,6984,6984,True
2024.10.02_10-38-57_Biarmipes_G224_no_odor,6986,6986,True
2024.10.02_10-38-57_Biarmipes_G224_no_odor,7147,7147,True
2024.10.02_10-38-57_Biarmipes_G224_no_odor,7151,7152,True
2024.10.02_10-38-57_Biarmipes_G224_no_odor,7286,7286,True
2024.10.02_10-38-57_Biarmipes_G224_no_odor,7314,7321,True
2024.10.02_10-38-57_Biarmipes_G224_no_odor,7325,7334,True
2024.10.02_10-38-57_Biarmipes_G224_no_odor,7361,7591,True
2024.10.02_10-38-57_Biarmipes_G224_no_odor,7593,7597,True
2024.10.02_10-38-57_Biarmipes_G224_no_odor,7599,7602,True
2024.10.02_10-38-57_Biarmipes_G224_no_odor,7604,7609,True
2024.10.02_10-38-57_Biarmipes_G224_no_odor,7611,7618,True
2024.10.02_10-38-57_Biarmipes_G224_no_odor,7620,7627,True
2024.10.02_10-38-57_Biarmipes_G224_no_odor,7629,7632,True
2024.10.02_10-38-57_Biarmipes_G224_no_odor,7635,7638,True
2024.10.02_10-38-57_Biarmipes_G224_no_odor,7641,7654,True
2024.10.02_10-38-57_Biarmipes_G224_no_odor,7656,7660,True
2024.10.02_10-38-57_Biarmipes_G224_no_odor,7662,7664,True
2024.10.02_10-38-57_Biarmipes_G224_no_odor,7666,8594,True
2024.10.02_10-38-57_Biarmipes_G224_no_odor,8719,8911,True
2024.10.28_07-03-50_stocago_metben,2086,2107,True
2024.10.28_07-03-50_stocago_metben,2626,2906,True
2024.10.28_07-03-50_stocago_metben,3814,4463,True
2024.10.28_07-03-50_stocago_metben,4466,4873,True
2024.10.28_07-03-50_stocago_metben,4878,4878,True
2024.10.28_07-03-50_stocago_metben,4880,5092,True
2024.10.28_07-03-50_stocago_metben,5097,5417,True
2024.10.28_07-03-50_stocago_metben,5436,5443,True
2024.10.28_07-03-50_stocago_metben,5479,6242,True
2024.10.28_07-03-50_stocago_metben,7559,7559,True
2024.10.28_07-03-50_stocago_metben,7571,8116,True
2024.10.28_07-03-50_stocago_metben,8230,8345,True
2024.10.28_07-03-50_stocago_metben,8377,8411,True
2024.10.28_07-03-50_stocago_metben,8645,8650,True
2024.10.28_07-03-50_stocago_metben,8653,8713,True
2024.10.28_07-03-50_stocago_metben,8716,8721,True
2024.10.28_07-03-50_stocago_metben,8723,8723,True
2024.10.28_07-03-50_stocago_metben,8725,8791,True
2024.10.28_07-03-50_stocago_metben,8803,8851,True
2024.10.16_11-03-48_Yakuba_Cameroon_prenac,1368,1404,True
2024.10.16_11-03-48_Yakuba_Cameroon_prenac,1406,1416,True
2024.10.16_11-03-48_Yakuba_Cameroon_prenac,1424,1856,True
2024.10.16_11-03-48_Yakuba_Cameroon_prenac,2159,2323,True
2024.10.16_11-03-48_Yakuba_Cameroon_prenac,2435,2793,True
2024.10.16_11-03-48_Yakuba_Cameroon_prenac,2816,3471,True
2024.10.16_11-03-48_Yakuba_Cameroon_prenac,3473,3473,True
2024.10.16_11-03-48_Yakuba_Cameroon_prenac,3476,3477,True
2024.10.16_11-03-48_Yakuba_Cameroon_prenac,3479,3481,True
2024.10.16_11-03-48_Yakuba_Cameroon_prenac,3485,3486,True
2024.10.16_11-03-48_Yakuba_Cameroon_prenac,4117,4150,True
2024.10.16_11-03-48_Yakuba_Cameroon_prenac,5902,5910,True
2024.10.16_11-03-48_Yakuba_Cameroon_prenac,5921,5930,True
2024.10.16_11-03-48_Yakuba_Cameroon_prenac,5933,7303,True
2024.10.16_11-03-48_Yakuba_Cameroon_prenac,7305,7332,True
2024.10.16_11-03-48_Yakuba_Cameroon_prenac,7334,7346,True
2024.10.16_11-03-48_Yakuba_Cameroon_prenac,7349,7358,True
2024.10.16_11-03-48_Yakuba_Cameroon_prenac,7360,7377,True
2024.10.16_11-03-48_Yakuba_Cameroon_prenac,7379,7393,True
2024.10.16_11-03-48_Yakuba_Cameroon_prenac,7395,7425,True
2024.10.16_11-03-48_Yakuba_Cameroon_prenac,7427,7578,True
2024.10.16_11-03-48_Yakuba_Cameroon_prenac,7580,7580,True
2024.10.16_11-03-48_Yakuba_Cameroon_prenac,7585,7635,True
2024.10.30_03-27-32_Sechellia28_metben,134,1520,True
2024.10.30_03-27-32_Sechellia28_metben,4690,4690,True
2024.10.30_03-27-32_Sechellia28_metben,5104,5829,True
2024.10.30_03-27-32_Sechellia28_metben,5831,5834,True
2024.10.30_03-27-32_Sechellia28_metben,5836,5850,True
2024.10.30_03-27-32_Sechellia28_metben,5853,5870,True
2024.10.30_03-27-32_Sechellia28_metben,5872,5881,True
2024.10.30_03-27-32_Sechellia28_metben,5883,6008,True
2024.10.30_03-27-32_Sechellia28_metben,6010,6017,True
2024.10.30_03-27-32_Sechellia28_metben,6019,6020,True
2024.10.30_03-27-32_Sechellia28_metben,6022,6025,True
2024.10.30_03-27-32_Sechellia28_metben,6027,6027,True
2024.10.30_03-27-32_Sechellia28_metben,6029,6036,True
2024.10.30_03-27-32_Sechellia28_metben,6038,6042,True
2024.10.30_03-27-32_Sechellia28_metben,6045,6081,True
2024.10.30_03-27-32_Sechellia28_metben,6083,6102,True
2024.10.30_03-27-32_Sechellia28_metben,6104,8228,True
2024.11.04_05-39-33_Stocago_e2hex,402,1290,True
2024.11.04_05-39-33_Stocago_e2hex,2025,2392,True
2024.11.04_05-39-33_Stocago_e2hex,2790,2872,True
2024.11.04_05-39-33_Stocago_e2hex,2887,2887,True
2024.11.04_05-39-33_Stocago_e2hex,2889,2889,True
2024.11.04_05-39-33_Stocago_e2hex,2907,2910,True
2024.11.04_05-39-33_Stocago_e2hex,2912,2914,True
2024.11.04_05-39-33_Stocago_e2hex,2916,2916,True
2024.11.04_05-39-33_Stocago_e2hex,2927,2927,True
2024.11.04_05-39-33_Stocago_e2hex,2930,3291,True
2024.11.04_05-39-33_Stocago_e2hex,3455,3517,True
2024.11.04_05-39-33_Stocago_e2hex,3543,3572,True
2024.11.04_05-39-33_Stocago_e2hex,3584,3586,True
2024.11.04_05-39-33_Stocago_e2hex,3589,3589,True
2024.11.04_05-39-33_Stocago_e2hex,3594,3594,True
2024.11.04_05-39-33_Stocago_e2hex,3598,3598,True
2024.11.04_05-39-33_Stocago_e2hex,3600,3600,True
2024.11.04_05-39-33_Stocago_e2hex,3604,3612,True
2024.11.04_05-39-33_Stocago_e2hex,3614,3614,True
2024.11.04_05-39-33_Stocago_e2hex,3620,3620,True
2024.11.04_05-39-33_Stocago_e2hex,3623,4287,True
2024.11.04_05-39-33_Stocago_e2hex,4746,5429,True
2024.11.04_05-39-33_Stocago_e2hex,6383,6385,True
2024.11.04_05-39-33_Stocago_e2hex,6450,6450,True
2024.11.04_05-39-33_Stocago_e2hex,6511,6528,True
2024.11.04_05-39-33_Stocago_e2hex,6790,6790,True
2024.11.04_05-39-33_Stocago_e2hex,6795,6796,True
2024.11.04_05-39-33_Stocago_e2hex,6798,6798,True
2024.11.04_05-39-33_Stocago_e2hex,6800,6801,True
2024.11.04_05-39-33_Stocago_e2hex,6803,6806,True
2024.11.04_05-39-33_Stocago_e2hex,6809,6813,True
2024.11.04_05-39-33_Stocago_e2hex,6815,6839,True
2024.11.04_05-39-33_Stocago_e2hex,6848,6848,True
2024.11.04_05-39-33_Stocago_e2hex,6850,6867,True
2024.11.04_05-39-33_Stocago_e2hex,6869,6871,True
2024.11.04_05-39-33_Stocago_e2hex,6873,6873,True
2024.11.04_05-39-33_Stocago_e2hex,6962,6962,True
2024.11.04_05-39-33_Stocago_e2hex,6967,8522,True
2024.10.15_14-28-53_Sechellia_2hept,1086,1324,True
2024.10.15_14-28-53_Sechellia_2hept,1369,1493,True
2024.10.15_14-28-53_Sechellia_2hept,1495,1539,True
2024.10.15_14-28-53_Sechellia_2hept,1541,1543,True
2024.10.15_14-28-53_Sechellia_2hept,1545,1618,True
2024.10.15_14-28-53_Sechellia_2hept,1620,1621,True
2024.10.15_14-28-53_Sechellia_2hept,1623,1685,True
2024.10.15_14-28-53_Sechellia_2hept,1687,1690,True
2024.10.15_14-28-53_Sechellia_2hept,1692,1692,True
2024.10.15_14-28-53_Sechellia_2hept,1694,1694,True
2024.10.15_14-28-53_Sechellia_2hept,1696,1696,True
2024.10.15_14-28-53_Sechellia_2hept,1698,1702,True
2024.10.15_14-28-53_Sechellia_2hept,1704,1708,True
2024.10.15_14-28-53_Sechellia_2hept,1710,1723,True
2024.10.15_14-28-53_Sechellia_2hept,1725,1733,True
2024.10.15_14-28-53_Sechellia_2hept,1735,1741,True
2024.10.15_14-28-53_Sechellia_2hept,1743,1747,True
2024.10.15_14-28-53_Sechellia_2hept,1749,1749,True
2024.10.15_14-28-53_Sechellia_2hept,1751,1751,True
2024.10.15_14-28-53_Sechellia_2hept,1753,1754,True
2024.10.15_14-28-53_Sechellia_2hept,1756,1766,True
2024.10.15_14-28-53_Sechellia_2hept,1768,1768,True
2024.10.15_14-28-53_Sechellia_2hept,1770,1770,True
2024.10.15_14-28-53_Sechellia_2hept,1773,1781,True
2024.10.15_14-28-53_Sechellia_2hept,1783,1788,True
2024.10.15_14-28-53_Sechellia_2hept,1790,1790,True
2024.10.15_14-28-53_Sechellia_2hept,1792,1794,True
2024.10.15_14-28-53_Sechellia_2hept,1796,1812,True
2024.10.15_14-28-53_Sechellia_2hept,1814,1816,True
2024.10.15_14-28-53_Sechellia_2hept,1818,1870,True
2024.10.15_14-28-53_Sechellia_2hept,1872,1874,True
2024.10.15_14-28-53_Sechellia_2hept,1876,1876,True
2024.10.15_14-28-53_Sechellia_2hept,1878,1879,True
2024.10.15_14-28-53_Sechellia_2hept,1881,1904,True
2024.10.15_14-28-53_Sechellia_2hept,1906,1914,True
2024.10.15_14-28-53_Sechellia_2hept,1916,1975,True
2024.10.15_14-28-53_Sechellia_2hept,1977,2008,True
2024.10.15_14-28-53_Sechellia_2hept,2010,2018,True
2024.10.15_14-28-53_Sechellia_2hept,2020,2028,True
2024.10.15_14-28-53_Sechellia_2hept,2031,2373,True
2024.10.15_14-28-53_Sechellia_2hept,2375,2420,True
2024.10.15_14-28-53_Sechellia_2hept,2422,2449,True
2024.10.15_14-28-53_Sechellia_2hept,2458,2926,True
2024.10.15_14-28-53_Sechellia_2hept,2928,3994,True
2024.10.15_14-28-53_Sechellia_2hept,6785,8200,True
2024.10.29_04-30-46_Biarmipes84_metben,3,1040,True
2024.10.29_04-30-46_Biarmipes84_metben,5525,5526,True
2024.10.29_04-30-46_Biarmipes84_metben,5528,5528,True
2024.10.29_04-30-46_Biarmipes84_metben,5530,5544,True
2024.10.29_04-30-46_Biarmipes84_metben,5547,5570,True
2024.10.29_04-30-46_Biarmipes84_metben,5572,5579,True
2024.10.29_04-30-46_Biarmipes84_metben,5581,5588,True
2024.10.29_04-30-46_Biarmipes84_metben,5590,5604,True
2024.10.29_04-30-46_Biarmipes84_metben,5606,5610,True
2024.10.29_04-30-46_Biarmipes84_metben,5612,5612,True
2024.10.29_04-30-46_Biarmipes84_metben,5618,5623,True
2024.10.29_04-30-46_Biarmipes84_metben,5626,5626,True
2024.10.29_04-30-46_Biarmipes84_metben,5628,5628,True
2024.10.29_04-30-46_Biarmipes84_metben,5631,5631,True
2024.10.29_04-30-46_Biarmipes84_metben,5634,5634,True
2024.10.29_04-30-46_Biarmipes84_metben,5636,5638,True
2024.10.29_04-30-46_Biarmipes84_metben,5643,5643,True
2024.10.29_04-30-46_Biarmipes84_metben,5653,5653,True
2024.10.29_04-30-46_Biarmipes84_metben,5657,5658,True
2024.10.29_04-30-46_Biarmipes84_metben,5662,5664,True
2024.10.29_04-30-46_Biarmipes84_metben,5666,5669,True
2024.10.29_04-30-46_Biarmipes84_metben,5672,5677,True
2024.10.29_04-30-46_Biarmipes84_metben,5680,5680,True
2024.10.29_04-30-46_Biarmipes84_metben,5682,5683,True
2024.10.29_04-30-46_Biarmipes84_metben,5685,5708,True
2024.10.29_04-30-46_Biarmipes84_metben,5710,5947,True
2024.10.29_04-30-46_Biarmipes84_metben,5949,5964,True
2024.10.29_04-30-46_Biarmipes84_metben,5967,5970,True
2024.10.29_04-30-46_Biarmipes84_metben,5974,5976,True
2024.10.29_04-30-46_Biarmipes84_metben,5978,5980,True
2024.10.29_04-30-46_Biarmipes84_metben,5985,5985,True
2024.10.29_04-30-46_Biarmipes84_metben,6002,6006,True
2024.10.29_04-30-46_Biarmipes84_metben,6013,6016,True
2024.10.29_04-30-46_Biarmipes84_metben,6020,6021,True
2024.10.29_04-30-46_Biarmipes84_metben,6039,6040,True
2024.10.29_04-30-46_Biarmipes84_metben,6055,6063,True
2024.10.29_04-30-46_Biarmipes84_metben,6065,6066,True
2024.10.29_04-30-46_Biarmipes84_metben,6068,6073,True
2024.10.29_04-30-46_Biarmipes84_metben,6075,6075,True
2024.10.29_04-30-46_Biarmipes84_metben,6077,6079,True
2024.10.29_04-30-46_Biarmipes84_metben,6081,6082,True
2024.10.29_04-30-46_Biarmipes84_metben,6084,6084,True
2024.10.29_04-30-46_Biarmipes84_metben,6092,6093,True
2024.10.29_04-30-46_Biarmipes84_metben,6096,6097,True
2024.10.29_04-30-46_Biarmipes84_metben,6107,6111,True
2024.10.29_04-30-46_Biarmipes84_metben,6115,6116,True
2024.10.29_04-30-46_Biarmipes84_metben,6172,6172,True
2024.10.29_04-30-46_Biarmipes84_metben,6176,6176,True
2024.10.29_04-30-46_Biarmipes84_metben,6208,6210,True
2024.10.29_04-30-46_Biarmipes84_metben,6253,6253,True
2024.10.29_04-30-46_Biarmipes84_metben,6259,6260,True
2024.10.29_04-30-46_Biarmipes84_metben,6263,6263,True
2024.10.29_04-30-46_Biarmipes84_metben,6270,6273,True
2024.10.29_04-30-46_Biarmipes84_metben,6275,6280,True
2024.10.29_04-30-46_Biarmipes84_metben,6282,6283,True
2024.10.29_04-30-46_Biarmipes84_metben,6285,6289,True
2024.10.29_04-30-46_Biarmipes84_metben,6293,6296,True
2024.10.29_04-30-46_Biarmipes84_metben,6312,6317,True
2024.10.29_04-30-46_Biarmipes84_metben,6319,6332,True
2024.10.29_04-30-46_Biarmipes84_metben,6334,6354,True
2024.10.29_04-30-46_Biarmipes84_metben,6358,6361,True
2024.10.29_04-30-46_Biarmipes84_metben,6363,6366,True
2024.10.29_04-30-46_Biarmipes84_metben,6368,6368,True
2024.10.29_04-30-46_Biarmipes84_metben,6370,6407,True
2024.10.29_04-30-46_Biarmipes84_metben,6409,6416,True
2024.10.29_04-30-46_Biarmipes84_metben,6425,6430,True
2024.10.29_04-30-46_Biarmipes84_metben,6432,6450,True
2024.10.29_04-30-46_Biarmipes84_metben,6472,6473,True
2024.10.29_04-30-46_Biarmipes84_metben,6475,6489,True
2024.10.29_04-30-46_Biarmipes84_metben,6508,6511,True
2024.10.29_04-30-46_Biarmipes84_metben,6513,6515,True
2024.10.29_04-30-46_Biarmipes84_metben,6518,6537,True
2024.10.29_04-30-46_Biarmipes84_metben,6539,6547,True
2024.10.29_04-30-46_Biarmipes84_metben,6549,6588,True
2024.10.29_04-30-46_Biarmipes84_metben,6590,6642,True
2024.10.29_04-30-46_Biarmipes84_metben,6644,6651,True
2024.10.29_04-30-46_Biarmipes84_metben,6653,6674,True
2024.10.29_04-30-46_Biarmipes84_metben,6676,6680,True
2024.10.29_04-30-46_Biarmipes84_metben,6687,6728,True
2024.10.29_04-30-46_Biarmipes84_metben,6730,6735,True
2024.10.29_04-30-46_Biarmipes84_metben,6737,6918,True
2024.10.29_04-30-46_Biarmipes84_metben,6961,7013,True
2024.10.29_04-30-46_Biarmipes84_metben,7037,7037,True
2024.10.29_04-30-46_Biarmipes84_metben,7145,7175,True
2024.10.29_04-30-46_Biarmipes84_metben,7177,7218,True
2024.10.29_04-30-46_Biarmipes84_metben,7220,7348,True
2024.10.29_04-30-46_Biarmipes84_metben,7350,7353,True
2024.10.29_04-30-46_Biarmipes84_metben,7355,7380,True
2024.10.29_04-30-46_Biarmipes84_metben,7497,7499,True
2024.10.29_04-30-46_Biarmipes84_metben,7501,7525,True
2024.10.29_04-30-46_Biarmipes84_metben,7527,7579,True
2024.10.29_04-30-46_Biarmipes84_metben,7581,7590,True
2024.10.29_04-30-46_Biarmipes84_metben,7592,7600,True
2024.10.29_04-30-46_Biarmipes84_metben,7602,7617,True
2024.10.29_04-30-46_Biarmipes84_metben,7619,7804,True
2024.10.29_04-30-46_Biarmipes84_metben,8003,8205,True
2024.10.29_04-30-46_Biarmipes84_metben,8207,8871,True
2024.10.14_09-10-11_Riverside_prenac,3,858,True
2024.10.14_09-10-11_Riverside_prenac,861,865,True
2024.10.14_09-10-11_Riverside_prenac,1807,2009,True
2024.10.14_09-10-11_Riverside_prenac,2266,2268,True
2024.10.14_09-10-11_Riverside_prenac,2272,2272,True
2024.10.14_09-10-11_Riverside_prenac,2292,2292,True
2024.10.14_09-10-11_Riverside_prenac,2298,2299,True
2024.10.14_09-10-11_Riverside_prenac,2301,2304,True
2024.10.14_09-10-11_Riverside_prenac,3525,3540,True
2024.10.14_09-10-11_Riverside_prenac,3554,3684,True
2024.10.14_09-10-11_Riverside_prenac,3686,3686,True
2024.10.14_09-10-11_Riverside_prenac,3857,3858,True
2024.10.14_09-10-11_Riverside_prenac,4078,4095,True
2024.10.14_09-10-11_Riverside_prenac,4101,4188,True
2024.10.14_09-10-11_Riverside_prenac,4255,4310,True
2024.10.14_09-10-11_Riverside_prenac,4312,4313,True
2024.10.14_09-10-11_Riverside_prenac,4336,4336,True
2024.10.14_09-10-11_Riverside_prenac,4340,4512,True
2024.10.14_09-10-11_Riverside_prenac,4866,4971,True
2024.10.14_09-10-11_Riverside_prenac,5060,5075,True
2024.10.14_09-10-11_Riverside_prenac,5088,5088,True
2024.10.14_09-10-11_Riverside_prenac,5711,5712,True
2024.10.14_09-10-11_Riverside_prenac,5731,5741,True
2024.10.14_09-10-11_Riverside_prenac,5743,6965,True
2024.10.14_09-10-11_Riverside_prenac,7697,8709,True
2024.10.01_13-21-52_CantonS_metbut,3,1328,True
2024.10.01_13-21-52_CantonS_metbut,2560,4784,True
2024.10.01_13-21-52_CantonS_metbut,6491,7773,True
2024.10.01_13-21-52_CantonS_metbut,8706,8999,True
2024.10.02_12-34-33_CantonS_metbut,3,278,True
2024.10.02_12-34-33_CantonS_metbut,280,298,True
2024.10.02_12-34-33_CantonS_metbut,965,2077,True
2024.10.02_12-34-33_CantonS_metbut,2081,2617,True
2024.10.02_12-34-33_CantonS_metbut,6955,7169,True
2024.10.02_12-34-33_CantonS_metbut,7905,8999,True
2024.10.18_12-59-49_Sto_car_prenac,1522,4023,True
2024.10.18_12-59-49_Sto_car_prenac,5159,5223,True
2024.10.18_12-59-49_Sto_car_prenac,5225,6408,True
2024.10.29_04-09-25_Biarmipes84_metben,215,240,True
2024.10.29_04-09-25_Biarmipes84_metben,303,739,True
2024.10.29_04-09-25_Biarmipes84_metben,772,810,True
2024.10.29_04-09-25_Biarmipes84_metben,842,901,True
2024.10.29_04-09-25_Biarmipes84_metben,903,904,True
2024.10.29_04-09-25_Biarmipes84_metben,1530,1540,True
2024.10.29_04-09-25_Biarmipes84_metben,2121,2141,True
2024.10.29_04-09-25_Biarmipes84_metben,2147,3291,True
2024.10.29_04-09-25_Biarmipes84_metben,4596,4596,True
2024.10.29_04-09-25_Biarmipes84_metben,4599,4600,True
2024.10.29_04-09-25_Biarmipes84_metben,4605,4605,True
2024.10.29_04-09-25_Biarmipes84_metben,4608,4610,True
2024.10.29_04-09-25_Biarmipes84_metben,4614,4615,True
2024.10.29_04-09-25_Biarmipes84_metben,4617,4620,True
2024.10.29_04-09-25_Biarmipes84_metben,4628,4633,True
2024.10.29_04-09-25_Biarmipes84_metben,4635,4635,True
2024.10.29_04-09-25_Biarmipes84_metben,4637,4640,True
2024.10.29_04-09-25_Biarmipes84_metben,4643,4652,True
2024.10.29_04-09-25_Biarmipes84_metben,4654,4658,True
2024.10.29_04-09-25_Biarmipes84_metben,4660,4662,True
2024.10.29_04-09-25_Biarmipes84_metben,4664,4665,True
2024.10.29_04-09-25_Biarmipes84_metben,4668,4668,True
2024.10.29_04-09-25_Biarmipes84_metben,4670,4673,True
2024.10.29_04-09-25_Biarmipes84_metben,4677,4678,True
2024.10.29_04-09-25_Biarmipes84_metben,4680,4687,True
2024.10.29_04-09-25_Biarmipes84_metben,4694,4696,True
2024.10.29_04-09-25_Biarmipes84_metben,4703,4703,True
2024.10.29_04-09-25_Biarmipes84_metben,4710,4725,True
2024.10.29_04-09-25_Biarmipes84_metben,4729,4755,True
2024.10.29_04-09-25_Biarmipes84_metben,4758,4759,True
2024.10.29_04-09-25_Biarmipes84_metben,4764,4784,True
2024.10.29_04-09-25_Biarmipes84_metben,4786,4879,True
2024.10.29_04-09-25_Biarmipes84_metben,5920,5920,True
2024.10.29_04-09-25_Biarmipes84_metben,5925,5925,True
2024.10.29_04-09-25_Biarmipes84_metben,5966,5966,True
2024.10.29_04-09-25_Biarmipes84_metben,6056,6056,True
2024.10.29_04-09-25_Biarmipes84_metben,7129,7150,True
2024.10.29_04-09-25_Biarmipes84_metben,7152,7169,True
2024.10.29_04-09-25_Biarmipes84_metben,7171,7376,True
2024.10.29_04-09-25_Biarmipes84_metben,7378,7387,True
2024.10.29_04-09-25_Biarmipes84_metben,7389,7749,True
2024.10.29_04-09-25_Biarmipes84_metben,7959,8343,True
2024.10.08_11-29-42_Sto_car_no_odor,24,28,True
2024.10.08_11-29-42_Sto_car_no_odor,31,52,True
2024.10.08_11-29-42_Sto_car_no_odor,55,157,True
2024.10.08_11-29-42_Sto_car_no_odor,159,797,True
2024.10.08_11-29-42_Sto_car_no_odor,1847,3831,True
2024.10.08_11-29-42_Sto_car_no_odor,8025,8318,True
2024.10.10_14-21-23_Biarmipes84_1hexanol,3,631,True
2024.10.10_14-21-23_Biarmipes84_1hexanol,1144,1145,True
2024.10.10_14-21-23_Biarmipes84_1hexanol,1147,1289,True
2024.10.10_14-21-23_Biarmipes84_1hexanol,1312,1329,True
2024.10.10_14-21-23_Biarmipes84_1hexanol,1331,1419,True
2024.10.10_14-21-23_Biarmipes84_1hexanol,1421,1424,True
2024.10.10_14-21-23_Biarmipes84_1hexanol,1427,1457,True
2024.10.10_14-21-23_Biarmipes84_1hexanol,1462,1572,True
2024.10.10_14-21-23_Biarmipes84_1hexanol,1670,1797,True
2024.10.10_14-21-23_Biarmipes84_1hexanol,1938,1955,True
2024.10.10_14-21-23_Biarmipes84_1hexanol,2461,2461,True
2024.10.10_14-21-23_Biarmipes84_1hexanol,2464,2475,True
2024.10.10_14-21-23_Biarmipes84_1hexanol,2862,3279,True
2024.10.10_14-21-23_Biarmipes84_1hexanol,3284,3320,True
2024.10.10_14-21-23_Biarmipes84_1hexanol,3331,3337,True
2024.10.10_14-21-23_Biarmipes84_1hexanol,3339,3364,True
2024.10.10_14-21-23_Biarmipes84_1hexanol,3368,3387,True
2024.10.10_14-21-23_Biarmipes84_1hexanol,3389,3389,True
2024.10.10_14-21-23_Biarmipes84_1hexanol,3398,4036,True
2024.10.10_14-21-23_Biarmipes84_1hexanol,4560,5194,True
2024.10.10_14-21-23_Biarmipes84_1hexanol,5254,5287,True
2024.10.10_14-21-23_Biarmipes84_1hexanol,5312,5315,True
2024.10.10_14-21-23_Biarmipes84_1hexanol,5319,5336,True
2024.10.10_14-21-23_Biarmipes84_1hexanol,5338,5340,True
2024.10.10_14-21-23_Biarmipes84_1hexanol,5342,5342,True
2024.10.10_14-21-23_Biarmipes84_1hexanol,5344,5345,True
2024.10.10_14-21-23_Biarmipes84_1hexanol,5349,5349,True
2024.10.10_14-21-23_Biarmipes84_1hexanol,5352,5354,True
2024.10.10_14-21-23_Biarmipes84_1hexanol,5356,5562,True
2024.10.10_14-21-23_Biarmipes84_1hexanol,6916,7317,True
2024.10.10_14-21-23_Biarmipes84_1hexanol,7319,7567,True
2024.10.10_14-21-23_Biarmipes84_1hexanol,8078,8086,True
2024.10.10_14-21-23_Biarmipes84_1hexanol,8117,8134,True
2024.10.10_14-21-23_Biarmipes84_1hexanol,8331,8990,True
2024.10.10_14-21-23_Biarmipes84_1hexanol,8999,8999,True
2024.10.15_09-59-45_Sto_car_2hexanol,3,10,True
2024.10.15_09-59-45_Sto_car_2hexanol,12,147,True
2024.10.15_09-59-45_Sto_car_2hexanol,149,450,True
2024.10.15_09-59-45_Sto_car_2hexanol,462,708,True
2024.10.15_09-59-45_Sto_car_2hexanol,1109,1109,True
2024.10.15_09-59-45_Sto_car_2hexanol,1113,1113,True
2024.10.15_09-59-45_Sto_car_2hexanol,1118,1118,True
2024.10.15_09-59-45_Sto_car_2hexanol,1122,1233,True
2024.10.15_09-59-45_Sto_car_2hexanol,1235,1235,True
2024.10.15_09-59-45_Sto_car_2hexanol,1243,1328,True
2024.10.15_09-59-45_Sto_car_2hexanol,1330,3727,True
2024.10.15_09-59-45_Sto_car_2hexanol,3729,3986,True
2024.10.15_09-59-45_Sto_car_2hexanol,3988,3990,True
2024.10.15_09-59-45_Sto_car_2hexanol,4015,4054,True
2024.10.15_09-59-45_Sto_car_2hexanol,4079,4117,True
2024.10.15_09-59-45_Sto_car_2hexanol,4119,4334,True
2024.10.15_09-59-45_Sto_car_2hexanol,4336,4336,True
2024.10.15_09-59-45_Sto_car_2hexanol,6158,6158,True
2024.10.15_09-59-45_Sto_car_2hexanol,6160,6168,True
2024.10.15_09-59-45_Sto_car_2hexanol,6213,6213,True
2024.10.15_09-59-45_Sto_car_2hexanol,6248,6248,True
2024.10.15_09-59-45_Sto_car_2hexanol,6250,7294,True
2024.10.15_09-59-45_Sto_car_2hexanol,8225,8226,True
2024.10.15_09-59-45_Sto_car_2hexanol,8228,8258,True
2024.12.18_16-13-27_CantonS_metben,1003,1739,True
2024.12.18_16-13-27_CantonS_metben,1742,1742,True
2024.12.18_16-13-27_CantonS_metben,1744,1860,True
2024.12.18_16-13-27_CantonS_metben,1862,3239,True
2024.12.18_16-13-27_CantonS_metben,3241,3675,True
2024.12.18_16-13-27_CantonS_metben,3677,3696,True
2024.12.18_16-13-27_CantonS_metben,3923,3934,True
2024.12.18_16-13-27_CantonS_metben,3937,3943,True
2024.12.18_16-13-27_CantonS_metben,3945,3952,True
2024.12.18_16-13-27_CantonS_metben,5516,6967,True
2024.12.18_16-13-27_CantonS_metben,8273,8999,True
2024.11.13_02-31-36_Sechellia28_e2hex,1274,1275,True
2024.11.13_02-31-36_Sechellia28_e2hex,1279,1280,True
2024.11.13_02-31-36_Sechellia28_e2hex,1283,1285,True
2024.11.13_02-31-36_Sechellia28_e2hex,1290,1290,True
2024.11.13_02-31-36_Sechellia28_e2hex,1292,1293,True
2024.11.13_02-31-36_Sechellia28_e2hex,1295,1295,True
2024.11.13_02-31-36_Sechellia28_e2hex,1328,1333,True
2024.11.13_02-31-36_Sechellia28_e2hex,1335,1337,True
2024.11.13_02-31-36_Sechellia28_e2hex,1339,1356,True
2024.11.13_02-31-36_Sechellia28_e2hex,1358,1358,True
2024.11.13_02-31-36_Sechellia28_e2hex,1360,1360,True
2024.11.13_02-31-36_Sechellia28_e2hex,1364,1364,True
2024.11.13_02-31-36_Sechellia28_e2hex,1402,1402,True
2024.11.13_02-31-36_Sechellia28_e2hex,1407,1408,True
2024.11.13_02-31-36_Sechellia28_e2hex,1416,1416,True
2024.11.13_02-31-36_Sechellia28_e2hex,1419,1420,True
2024.11.13_02-31-36_Sechellia28_e2hex,1422,1423,True
2024.11.13_02-31-36_Sechellia28_e2hex,1425,1426,True
2024.11.13_02-31-36_Sechellia28_e2hex,1429,1429,True
2024.11.13_02-31-36_Sechellia28_e2hex,1431,1431,True
2024.11.13_02-31-36_Sechellia28_e2hex,1433,1433,True
2024.11.13_02-31-36_Sechellia28_e2hex,1435,1467,True
2024.11.13_02-31-36_Sechellia28_e2hex,1469,1478,True
2024.11.13_02-31-36_Sechellia28_e2hex,1505,1506,True
2024.11.13_02-31-36_Sechellia28_e2hex,1508,1509,True
2024.11.13_02-31-36_Sechellia28_e2hex,1512,1512,True
2024.11.13_02-31-36_Sechellia28_e2hex,1518,1518,True
2024.11.13_02-31-36_Sechellia28_e2hex,1520,1524,True
2024.11.13_02-31-36_Sechellia28_e2hex,1526,1526,True
2024.11.13_02-31-36_Sechellia28_e2hex,1528,1528,True
2024.11.13_02-31-36_Sechellia28_e2hex,1541,1543,True
2024.11.13_02-31-36_Sechellia28_e2hex,1552,1552,True
2024.11.13_02-31-36_Sechellia28_e2hex,1555,1555,True
2024.11.13_02-31-36_Sechellia28_e2hex,1558,1562,True
2024.11.13_02-31-36_Sechellia28_e2hex,1564,1572,True
2024.11.13_02-31-36_Sechellia28_e2hex,1576,1576,True
2024.11.13_02-31-36_Sechellia28_e2hex,1595,1595,True
2024.11.13_02-31-36_Sechellia28_e2hex,1599,1599,True
2024.11.13_02-31-36_Sechellia28_e2hex,1610,1612,True
2024.11.13_02-31-36_Sechellia28_e2hex,1670,2253,True
2024.11.13_02-31-36_Sechellia28_e2hex,2255,2264,True
2024.11.13_02-31-36_Sechellia28_e2hex,2266,2268,True
2024.11.13_02-31-36_Sechellia28_e2hex,2270,2277,True
2024.11.13_02-31-36_Sechellia28_e2hex,2279,2283,True
2024.11.13_02-31-36_Sechellia28_e2hex,2285,2289,True
2024.11.13_02-31-36_Sechellia28_e2hex,2294,2296,True
2024.11.13_02-31-36_Sechellia28_e2hex,2298,2307,True
2024.11.13_02-31-36_Sechellia28_e2hex,2309,2320,True
2024.11.13_02-31-36_Sechellia28_e2hex,2322,2326,True
2024.11.13_02-31-36_Sechellia28_e2hex,2328,2347,True
2024.11.13_02-31-36_Sechellia28_e2hex,2349,2349,True
2024.11.13_02-31-36_Sechellia28_e2hex,2351,2352,True
2024.11.13_02-31-36_Sechellia28_e2hex,2356,2361,True
2024.11.13_02-31-36_Sechellia28_e2hex,2363,2363,True
2024.11.13_02-31-36_Sechellia28_e2hex,2365,2368,True
2024.11.13_02-31-36_Sechellia28_e2hex,2370,2385,True
2024.11.13_02-31-36_Sechellia28_e2hex,2387,2389,True
2024.11.13_02-31-36_Sechellia28_e2hex,2391,2394,True
2024.11.13_02-31-36_Sechellia28_e2hex,2396,2398,True
2024.11.13_02-31-36_Sechellia28_e2hex,2400,2405,True
2024.11.13_02-31-36_Sechellia28_e2hex,2407,2408,True
2024.11.13_02-31-36_Sechellia28_e2hex,2410,2432,True
2024.11.13_02-31-36_Sechellia28_e2hex,2434,2439,True
2024.11.13_02-31-36_Sechellia28_e2hex,2441,2443,True
2024.11.13_02-31-36_Sechellia28_e2hex,2445,2455,True
2024.11.13_02-31-36_Sechellia28_e2hex,2457,2461,True
2024.11.13_02-31-36_Sechellia28_e2hex,2463,2465,True
2024.11.13_02-31-36_Sechellia28_e2hex,2467,2471,True
2024.11.13_02-31-36_Sechellia28_e2hex,2473,2475,True
2024.11.13_02-31-36_Sechellia28_e2hex,2477,2480,True
2024.11.13_02-31-36_Sechellia28_e2hex,2482,2487,True
2024.11.13_02-31-36_Sechellia28_e2hex,2490,2492,True
2024.11.13_02-31-36_Sechellia28_e2hex,2494,2495,True
2024.11.13_02-31-36_Sechellia28_e2hex,2497,2507,True
2024.11.13_02-31-36_Sechellia28_e2hex,2509,2519,True
2024.11.13_02-31-36_Sechellia28_e2hex,2521,2530,True
2024.11.13_02-31-36_Sechellia28_e2hex,2532,2540,True
2024.11.13_02-31-36_Sechellia28_e2hex,2543,2547,True
2024.11.13_02-31-36_Sechellia28_e2hex,2549,2553,True
2024.11.13_02-31-36_Sechellia28_e2hex,2557,2559,True
2024.11.13_02-31-36_Sechellia28_e2hex,2562,2565,True
2024.11.13_02-31-36_Sechellia28_e2hex,2573,2573,True
2024.11.13_02-31-36_Sechellia28_e2hex,2577,2578,True
2024.11.13_02-31-36_Sechellia28_e2hex,2580,2580,True
2024.11.13_02-31-36_Sechellia28_e2hex,2582,2582,True
2024.11.13_02-31-36_Sechellia28_e2hex,2585,2585,True
2024.11.13_02-31-36_Sechellia28_e2hex,2587,2587,True
2024.11.13_02-31-36_Sechellia28_e2hex,2592,2592,True
2024.11.13_02-31-36_Sechellia28_e2hex,2595,2595,True
2024.11.13_02-31-36_Sechellia28_e2hex,2598,2600,True
2024.11.13_02-31-36_Sechellia28_e2hex,2602,2602,True
2024.11.13_02-31-36_Sechellia28_e2hex,2604,2605,True
2024.11.13_02-31-36_Sechellia28_e2hex,2607,2608,True
2024.11.13_02-31-36_Sechellia28_e2hex,2610,2613,True
2024.11.13_02-31-36_Sechellia28_e2hex,2615,2615,True
2024.11.13_02-31-36_Sechellia28_e2hex,2617,2617,True
2024.11.13_02-31-36_Sechellia28_e2hex,2621,2622,True
2024.11.13_02-31-36_Sechellia28_e2hex,2626,2626,True
2024.11.13_02-31-36_Sechellia28_e2hex,2631,2634,True
2024.11.13_02-31-36_Sechellia28_e2hex,2636,2636,True
2024.11.13_02-31-36_Sechellia28_e2hex,2638,2640,True
2024.11.13_02-31-36_Sechellia28_e2hex,2645,2645,True
2024.11.13_02-31-36_Sechellia28_e2hex,2648,2648,True
2024.11.13_02-31-36_Sechellia28_e2hex,2651,2652,True
2024.11.13_02-31-36_Sechellia28_e2hex,2654,2654,True
2024.11.13_02-31-36_Sechellia28_e2hex,2656,2656,True
2024.11.13_02-31-36_Sechellia28_e2hex,2658,2659,True
2024.11.13_02-31-36_Sechellia28_e2hex,2670,2680,True
2024.11.13_02-31-36_Sechellia28_e2hex,2682,2683,True
2024.11.13_02-31-36_Sechellia28_e2hex,2686,2686,True
2024.11.13_02-31-36_Sechellia28_e2hex,2694,2694,True
2024.11.13_02-31-36_Sechellia28_e2hex,2697,2698,True
2024.11.13_02-31-36_Sechellia28_e2hex,2700,2701,True
2024.11.13_02-31-36_Sechellia28_e2hex,2704,2708,True
2024.11.13_02-31-36_Sechellia28_e2hex,2710,2711,True
2024.11.13_02-31-36_Sechellia28_e2hex,2713,2719,True
2024.11.13_02-31-36_Sechellia28_e2hex,2721,2721,True
2024.11.13_02-31-36_Sechellia28_e2hex,2723,2723,True
2024.11.13_02-31-36_Sechellia28_e2hex,2727,2731,True
2024.11.13_02-31-36_Sechellia28_e2hex,2734,2734,True
2024.11.13_02-31-36_Sechellia28_e2hex,2736,2736,True
2024.11.13_02-31-36_Sechellia28_e2hex,2738,2738,True
2024.11.13_02-31-36_Sechellia28_e2hex,2741,2741,True
2024.11.13_02-31-36_Sechellia28_e2hex,2744,2745,True
2024.11.13_02-31-36_Sechellia28_e2hex,2747,2749,True
2024.11.13_02-31-36_Sechellia28_e2hex,2751,2754,True
2024.11.13_02-31-36_Sechellia28_e2hex,2759,2763,True
2024.11.13_02-31-36_Sechellia28_e2hex,2767,2770,True
2024.11.13_02-31-36_Sechellia28_e2hex,2772,2803,True
2024.11.13_02-31-36_Sechellia28_e2hex,2805,2830,True
2024.11.13_02-31-36_Sechellia28_e2hex,2832,2860,True
2024.11.13_02-31-36_Sechellia28_e2hex,2862,2866,True
2024.11.13_02-31-36_Sechellia28_e2hex,2868,2869,True
2024.11.13_02-31-36_Sechellia28_e2hex,2871,2874,True
2024.11.13_02-31-36_Sechellia28_e2hex,2877,2877,True
2024.11.13_02-31-36_Sechellia28_e2hex,2879,2882,True
2024.11.13_02-31-36_Sechellia28_e2hex,2884,2886,True
2024.11.13_02-31-36_Sechellia28_e2hex,2888,2888,True
2024.11.13_02-31-36_Sechellia28_e2hex,2893,2893,True
2024.11.13_02-31-36_Sechellia28_e2hex,2899,2899,True
2024.11.13_02-31-36_Sechellia28_e2hex,2902,2904,True
2024.11.13_02-31-36_Sechellia28_e2hex,2910,2912,True
2024.11.13_02-31-36_Sechellia28_e2hex,2914,2916,True
2024.11.13_02-31-36_Sechellia28_e2hex,2919,2920,True
2024.11.13_02-31-36_Sechellia28_e2hex,2922,2923,True
2024.11.13_02-31-36_Sechellia28_e2hex,2925,2926,True
2024.11.13_02-31-36_Sechellia28_e2hex,2930,2930,True
2024.11.13_02-31-36_Sechellia28_e2hex,2932,2932,True
2024.11.13_02-31-36_Sechellia28_e2hex,2934,2934,True
2024.11.13_02-31-36_Sechellia28_e2hex,2937,2938,True
2024.11.13_02-31-36_Sechellia28_e2hex,2942,2945,True
2024.11.13_02-31-36_Sechellia28_e2hex,2950,2951,True
2024.11.13_02-31-36_Sechellia28_e2hex,2953,2954,True
2024.11.13_02-31-36_Sechellia28_e2hex,2957,2958,True
2024.11.13_02-31-36_Sechellia28_e2hex,2961,2965,True
2024.11.13_02-31-36_Sechellia28_e2hex,2968,2968,True
2024.11.13_02-31-36_Sechellia28_e2hex,2970,2970,True
2024.11.13_02-31-36_Sechellia28_e2hex,2976,2979,True
2024.11.13_02-31-36_Sechellia28_e2hex,2988,2988,True
2024.11.13_02-31-36_Sechellia28_e2hex,2990,2990,True
2024.11.13_02-31-36_Sechellia28_e2hex,2992,3020,True
2024.11.13_02-31-36_Sechellia28_e2hex,3036,3039,True
2024.11.13_02-31-36_Sechellia28_e2hex,3041,3044,True
2024.11.13_02-31-36_Sechellia28_e2hex,3047,3068,True
2024.11.13_02-31-36_Sechellia28_e2hex,3070,3094,True
2024.11.13_02-31-36_Sechellia28_e2hex,3096,3129,True
2024.11.13_02-31-36_Sechellia28_e2hex,3131,3139,True
2024.11.13_02-31-36_Sechellia28_e2hex,3141,3146,True
2024.11.13_02-31-36_Sechellia28_e2hex,3148,3150,True
2024.11.13_02-31-36_Sechellia28_e2hex,3152,3154,True
2024.11.13_02-31-36_Sechellia28_e2hex,3156,3157,True
2024.11.13_02-31-36_Sechellia28_e2hex,3160,3160,True
2024.11.13_02-31-36_Sechellia28_e2hex,3162,3165,True
2024.11.13_02-31-36_Sechellia28_e2hex,3167,3168,True
2024.11.13_02-31-36_Sechellia28_e2hex,3170,3171,True
2024.11.13_02-31-36_Sechellia28_e2hex,3173,3185,True
2024.11.13_02-31-36_Sechellia28_e2hex,3187,3187,True
2024.11.13_02-31-36_Sechellia28_e2hex,3189,3193,True
2024.11.13_02-31-36_Sechellia28_e2hex,3195,3197,True
2024.11.13_02-31-36_Sechellia28_e2hex,3199,3202,True
2024.11.13_02-31-36_Sechellia28_e2hex,3204,3215,True
2024.11.13_02-31-36_Sechellia28_e2hex,3217,3218,True
2024.11.13_02-31-36_Sechellia28_e2hex,3220,3220,True
2024.11.13_02-31-36_Sechellia28_e2hex,3223,3223,True
2024.11.13_02-31-36_Sechellia28_e2hex,3225,3226,True
2024.11.13_02-31-36_Sechellia28_e2hex,3229,3229,True
2024.11.13_02-31-36_Sechellia28_e2hex,3232,3236,True
2024.11.13_02-31-36_Sechellia28_e2hex,3238,3243,True
2024.11.13_02-31-36_Sechellia28_e2hex,3245,3248,True
2024.11.13_02-31-36_Sechellia28_e2hex,3250,3252,True
2024.11.13_02-31-36_Sechellia28_e2hex,3255,3258,True
2024.11.13_02-31-36_Sechellia28_e2hex,3261,3264,True
2024.11.13_02-31-36_Sechellia28_e2hex,3266,3270,True
2024.11.13_02-31-36_Sechellia28_e2hex,3273,3278,True
2024.11.13_02-31-36_Sechellia28_e2hex,3280,3280,True
2024.11.13_02-31-36_Sechellia28_e2hex,3282,3282,True
2024.11.13_02-31-36_Sechellia28_e2hex,3284,3284,True
2024.11.13_02-31-36_Sechellia28_e2hex,3287,3289,True
2024.11.13_02-31-36_Sechellia28_e2hex,3291,3293,True
2024.11.13_02-31-36_Sechellia28_e2hex,3295,3296,True
2024.11.13_02-31-36_Sechellia28_e2hex,3298,3302,True
2024.11.13_02-31-36_Sechellia28_e2hex,3304,3304,True
2024.11.13_02-31-36_Sechellia28_e2hex,3306,3306,True
2024.11.13_02-31-36_Sechellia28_e2hex,3308,3312,True
2024.11.13_02-31-36_Sechellia28_e2hex,3315,3317,True
2024.11.13_02-31-36_Sechellia28_e2hex,3320,3324,True
2024.11.13_02-31-36_Sechellia28_e2hex,3326,3330,True
2024.11.13_02-31-36_Sechellia28_e2hex,3333,3333,True
2024.11.13_02-31-36_Sechellia28_e2hex,3337,3340,True
2024.11.13_02-31-36_Sechellia28_e2hex,3343,3343,True
2024.11.13_02-31-36_Sechellia28_e2hex,3761,3768,True
2024.11.13_02-31-36_Sechellia28_e2hex,3770,3770,True
2024.11.13_02-31-36_Sechellia28_e2hex,3772,3774,True
2024.11.13_02-31-36_Sechellia28_e2hex,3776,3779,True
2024.11.13_02-31-36_Sechellia28_e2hex,3781,3781,True
2024.11.13_02-31-36_Sechellia28_e2hex,3792,3792,True
2024.11.13_02-31-36_Sechellia28_e2hex,3794,3796,True
2024.11.13_02-31-36_Sechellia28_e2hex,3800,3800,True
2024.11.13_02-31-36_Sechellia28_e2hex,3802,3802,True
2024.11.13_02-31-36_Sechellia28_e2hex,3923,3923,True
2024.11.13_02-31-36_Sechellia28_e2hex,3925,3926,True
2024.11.13_02-31-36_Sechellia28_e2hex,3929,3930,True
2024.11.13_02-31-36_Sechellia28_e2hex,3932,3932,True
2024.11.13_02-31-36_Sechellia28_e2hex,3941,3948,True
2024.11.13_02-31-36_Sechellia28_e2hex,3950,3953,True
2024.11.13_02-31-36_Sechellia28_e2hex,4024,4024,True
2024.11.13_02-31-36_Sechellia28_e2hex,4031,4073,True
2024.11.13_02-31-36_Sechellia28_e2hex,4076,4080,True
2024.11.13_02-31-36_Sechellia28_e2hex,4082,4110,True
2024.11.13_02-31-36_Sechellia28_e2hex,4112,4115,True
2024.11.13_02-31-36_Sechellia28_e2hex,4117,4131,True
2024.11.13_02-31-36_Sechellia28_e2hex,4134,4138,True
2024.11.13_02-31-36_Sechellia28_e2hex,4140,4145,True
2024.11.13_02-31-36_Sechellia28_e2hex,4149,4150,True
2024.11.13_02-31-36_Sechellia28_e2hex,4152,4153,True
2024.11.13_02-31-36_Sechellia28_e2hex,4156,4161,True
2024.11.13_02-31-36_Sechellia28_e2hex,4165,4165,True
2024.11.13_02-31-36_Sechellia28_e2hex,4168,4168,True
2024.11.13_02-31-36_Sechellia28_e2hex,4171,4175,True
2024.11.13_02-31-36_Sechellia28_e2hex,4177,4179,True
2024.11.13_02-31-36_Sechellia28_e2hex,4181,4182,True
2024.11.13_02-31-36_Sechellia28_e2hex,4185,4187,True
2024.11.13_02-31-36_Sechellia28_e2hex,4189,4190,True
2024.11.13_02-31-36_Sechellia28_e2hex,4195,4195,True
2024.11.13_02-31-36_Sechellia28_e2hex,4197,4199,True
2024.11.13_02-31-36_Sechellia28_e2hex,4201,4203,True
2024.11.13_02-31-36_Sechellia28_e2hex,4205,4210,True
2024.11.13_02-31-36_Sechellia28_e2hex,4212,4212,True
2024.11.13_02-31-36_Sechellia28_e2hex,4217,4217,True
2024.11.13_02-31-36_Sechellia28_e2hex,4219,4220,True
2024.11.13_02-31-36_Sechellia28_e2hex,4225,4228,True
2024.11.13_02-31-36_Sechellia28_e2hex,4230,4236,True
2024.11.13_02-31-36_Sechellia28_e2hex,4239,4240,True
2024.11.13_02-31-36_Sechellia28_e2hex,4242,4242,True
2024.11.13_02-31-36_Sechellia28_e2hex,4244,4248,True
2024.11.13_02-31-36_Sechellia28_e2hex,4250,4253,True
2024.11.13_02-31-36_Sechellia28_e2hex,4255,4264,True
2024.11.13_02-31-36_Sechellia28_e2hex,4267,4294,True
2024.11.13_02-31-36_Sechellia28_e2hex,4296,4330,True
2024.11.13_02-31-36_Sechellia28_e2hex,4373,4373,True
2024.11.13_02-31-36_Sechellia28_e2hex,4375,4388,True
2024.11.13_02-31-36_Sechellia28_e2hex,4498,4507,True
2024.11.13_02-31-36_Sechellia28_e2hex,4509,4517,True
2024.11.13_02-31-36_Sechellia28_e2hex,4520,4520,True
2024.11.13_02-31-36_Sechellia28_e2hex,4526,4529,True
2024.11.13_02-31-36_Sechellia28_e2hex,4531,4538,True
2024.11.13_02-31-36_Sechellia28_e2hex,4540,4540,True
2024.11.13_02-31-36_Sechellia28_e2hex,4542,4542,True
2024.11.13_02-31-36_Sechellia28_e2hex,4544,4544,True
2024.11.13_02-31-36_Sechellia28_e2hex,4564,4564,True
2024.11.13_02-31-36_Sechellia28_e2hex,4590,4590,True
2024.11.13_02-31-36_Sechellia28_e2hex,4592,4593,True
2024.11.13_02-31-36_Sechellia28_e2hex,4595,4598,True
2024.11.13_02-31-36_Sechellia28_e2hex,4600,4602,True
2024.11.13_02-31-36_Sechellia28_e2hex,4604,4604,True
2024.11.13_02-31-36_Sechellia28_e2hex,4931,4954,True
2024.11.13_02-31-36_Sechellia28_e2hex,4998,5022,True
2024.11.13_02-31-36_Sechellia28_e2hex,6035,6035,True
2024.11.13_02-31-36_Sechellia28_e2hex,6129,6137,True
2024.11.13_02-31-36_Sechellia28_e2hex,6529,6549,True
2024.11.13_02-31-36_Sechellia28_e2hex,6623,6626,True
2024.11.13_02-31-36_Sechellia28_e2hex,6651,6704,True
2024.11.13_02-31-36_Sechellia28_e2hex,6706,6805,True
2024.11.13_02-31-36_Sechellia28_e2hex,6897,6903,True
2024.11.13_02-31-36_Sechellia28_e2hex,6945,6946,True
2024.11.13_02-31-36_Sechellia28_e2hex,6948,6953,True
2024.11.13_02-31-36_Sechellia28_e2hex,6988,6991,True
2024.11.13_02-31-36_Sechellia28_e2hex,7004,7012,True
2024.11.13_02-31-36_Sechellia28_e2hex,7017,7017,True
2024.11.13_02-31-36_Sechellia28_e2hex,7019,7019,True
2024.11.13_02-31-36_Sechellia28_e2hex,7064,7080,True
2024.11.13_02-31-36_Sechellia28_e2hex,7091,7113,True
2024.11.13_02-31-36_Sechellia28_e2hex,7187,7192,True
2024.11.13_02-31-36_Sechellia28_e2hex,7194,7194,True
2024.11.13_02-31-36_Sechellia28_e2hex,7196,7205,True
2024.11.13_02-31-36_Sechellia28_e2hex,7208,7228,True
2024.11.13_02-31-36_Sechellia28_e2hex,7230,7230,True
2024.11.13_02-31-36_Sechellia28_e2hex,7232,7261,True
2024.11.13_02-31-36_Sechellia28_e2hex,7263,7270,True
2024.11.13_02-31-36_Sechellia28_e2hex,7272,7285,True
2024.11.13_02-31-36_Sechellia28_e2hex,7287,7289,True
2024.11.13_02-31-36_Sechellia28_e2hex,7291,7292,True
2024.11.13_02-31-36_Sechellia28_e2hex,7294,7313,True
2024.11.13_02-31-36_Sechellia28_e2hex,7315,7320,True
2024.11.13_02-31-36_Sechellia28_e2hex,7322,7361,True
2024.11.13_02-31-36_Sechellia28_e2hex,7363,7364,True
2024.11.13_02-31-36_Sechellia28_e2hex,7366,7413,True
2024.11.13_02-31-36_Sechellia28_e2hex,7415,7422,True
2024.11.13_02-31-36_Sechellia28_e2hex,7425,7433,True
2024.11.13_02-31-36_Sechellia28_e2hex,7435,7436,True
2024.11.13_02-31-36_Sechellia28_e2hex,7442,7442,True
2024.11.13_02-31-36_Sechellia28_e2hex,7444,7669,True
2024.11.13_02-31-36_Sechellia28_e2hex,7727,7732,True
2024.11.13_02-31-36_Sechellia28_e2hex,7734,7743,True
2024.11.13_02-31-36_Sechellia28_e2hex,7769,7775,True
2024.11.13_02-31-36_Sechellia28_e2hex,7799,7825,True
2024.11.13_02-31-36_Sechellia28_e2hex,7827,7851,True
2024.11.13_02-31-36_Sechellia28_e2hex,7853,7917,True
2024.11.13_02-31-36_Sechellia28_e2hex,7919,7921,True
2024.11.13_02-31-36_Sechellia28_e2hex,7923,7926,True
2024.11.13_02-31-36_Sechellia28_e2hex,7928,7929,True
2024.11.13_02-31-36_Sechellia28_e2hex,7931,7932,True
2024.11.13_02-31-36_Sechellia28_e2hex,7934,7951,True
2024.11.13_02-31-36_Sechellia28_e2hex,7953,7966,True
2024.11.13_02-31-36_Sechellia28_e2hex,7968,8718,True
2024.11.13_02-31-36_Sechellia28_e2hex,8720,8755,True
2024.11.13_02-31-36_Sechellia28_e2hex,8758,8760,True
2024.11.13_02-31-36_Sechellia28_e2hex,8763,8763,True
2024.11.13_02-31-36_Sechellia28_e2hex,8765,8771,True
2024.11.13_02-31-36_Sechellia28_e2hex,8774,8774,True
2024.11.13_02-31-36_Sechellia28_e2hex,8776,8784,True
2024.10.31_08-55-50_sto_car_prenac,1467,2936,True
2024.10.31_08-55-50_sto_car_prenac,4281,5233,True
2024.10.31_08-55-50_sto_car_prenac,7326,7326,True
2024.10.31_08-55-50_sto_car_prenac,7343,7344,True
2024.10.31_08-55-50_sto_car_prenac,7364,7365,True
2024.10.31_08-55-50_sto_car_prenac,7380,7382,True
2024.10.31_08-55-50_sto_car_prenac,7387,7387,True
2024.10.31_08-55-50_sto_car_prenac,7389,7393,True
2024.10.31_08-55-50_sto_car_prenac,7396,7407,True
2024.10.31_08-55-50_sto_car_prenac,7409,7411,True
2024.10.31_08-55-50_sto_car_prenac,7415,7416,True
2024.10.31_08-55-50_sto_car_prenac,7418,7420,True
2024.10.31_08-55-50_sto_car_prenac,7422,7424,True
2024.10.31_08-55-50_sto_car_prenac,7426,7427,True
2024.10.31_08-55-50_sto_car_prenac,7429,7441,True
2024.10.31_08-55-50_sto_car_prenac,7443,7448,True
2024.10.31_08-55-50_sto_car_prenac,7450,7483,True
2024.10.31_08-55-50_sto_car_prenac,7486,7487,True
2024.10.31_08-55-50_sto_car_prenac,7490,7518,True
2024.10.31_08-55-50_sto_car_prenac,7521,7526,True
2024.10.31_08-55-50_sto_car_prenac,7529,7531,True
2024.10.31_08-55-50_sto_car_prenac,7534,7534,True
2024.10.31_08-55-50_sto_car_prenac,7536,7549,True
2024.10.31_08-55-50_sto_car_prenac,7551,7551,True
2024.10.31_08-55-50_sto_car_prenac,7555,7568,True
2024.10.31_08-55-50_sto_car_prenac,7570,7578,True
2024.10.31_08-55-50_sto_car_prenac,7580,7580,True
2024.10.31_08-55-50_sto_car_prenac,7582,7585,True
2024.10.31_08-55-50_sto_car_prenac,7587,7594,True
2024.10.31_08-55-50_sto_car_prenac,7596,7603,True
2024.10.31_08-55-50_sto_car_prenac,7605,7619,True
2024.10.31_08-55-50_sto_car_prenac,7621,7625,True
2024.10.31_08-55-50_sto_car_prenac,7627,7636,True
2024.10.31_08-55-50_sto_car_prenac,7639,7639,True
2024.10.31_08-55-50_sto_car_prenac,7643,7643,True
2024.10.31_08-55-50_sto_car_prenac,7645,7645,True
2024.10.31_08-55-50_sto_car_prenac,7647,7649,True
2024.10.31_08-55-50_sto_car_prenac,7655,7657,True
2024.10.31_08-55-50_sto_car_prenac,7660,7660,True
2024.10.31_08-55-50_sto_car_prenac,7665,7665,True
2024.10.31_08-55-50_sto_car_prenac,7667,7668,True
2024.10.31_08-55-50_sto_car_prenac,7671,7672,True
2024.10.31_08-55-50_sto_car_prenac,7674,7674,True
2024.10.31_08-55-50_sto_car_prenac,7677,7682,True
2024.10.31_08-55-50_sto_car_prenac,7685,7687,True
2024.10.31_08-55-50_sto_car_prenac,7690,7695,True
2024.10.31_08-55-50_sto_car_prenac,7698,7978,True
2024.10.31_08-55-50_sto_car_prenac,7982,7983,True
2024.10.31_08-55-50_sto_car_prenac,7986,7987,True
2024.10.31_08-55-50_sto_car_prenac,7989,7989,True
2024.10.31_08-55-50_sto_car_prenac,7991,8053,True
2024.10.31_08-55-50_sto_car_prenac,8055,8132,True
2024.10.31_08-55-50_sto_car_prenac,8134,8139,True
2024.10.31_08-55-50_sto_car_prenac,8141,8144,True
2024.10.31_08-55-50_sto_car_prenac,8149,8151,True
2024.10.31_08-55-50_sto_car_prenac,8154,8154,True
2024.10.31_08-55-50_sto_car_prenac,8156,8167,True
2024.10.31_08-55-50_sto_car_prenac,8173,8173,True
2024.10.31_08-55-50_sto_car_prenac,8176,8176,True
2024.10.31_08-55-50_sto_car_prenac,8179,8179,True
2024.10.31_08-55-50_sto_car_prenac,8181,8188,True
2024.10.31_08-55-50_sto_car_prenac,8190,8198,True
2024.10.31_08-55-50_sto_car_prenac,8201,8631,True
2024.10.31_08-55-50_sto_car_prenac,8633,8645,True
2024.10.31_08-55-50_sto_car_prenac,8647,8666,True
2024.09.25_16-11-57_Sto_cago_no_odor,1505,1586,True
2024.09.25_16-11-57_Sto_cago_no_odor,1588,2404,True
2024.09.25_16-11-57_Sto_cago_no_odor,2406,2407,True
2024.09.25_16-11-57_Sto_cago_no_odor,2412,2413,True
2024.09.25_16-11-57_Sto_cago_no_odor,2416,2416,True
2024.09.25_16-11-57_Sto_cago_no_odor,2420,2420,True
2024.09.25_16-11-57_Sto_cago_no_odor,2425,2426,True
2024.09.25_16-11-57_Sto_cago_no_odor,2428,4508,True
2024.10.14_14-26-24_Biarmipes84_1hexanol,3,951,True
2024.10.14_14-26-24_Biarmipes84_1hexanol,1593,2657,True
2024.10.14_14-26-24_Biarmipes84_1hexanol,2660,2724,True
2024.10.14_14-26-24_Biarmipes84_1hexanol,2727,2756,True
2024.10.14_14-26-24_Biarmipes84_1hexanol,2759,3265,True
2024.10.14_14-26-24_Biarmipes84_1hexanol,3267,3324,True
2024.10.14_14-26-24_Biarmipes84_1hexanol,3817,4454,True
2024.10.14_14-26-24_Biarmipes84_1hexanol,4456,4495,True
2024.10.14_14-26-24_Biarmipes84_1hexanol,4498,4639,True
2024.10.14_14-26-24_Biarmipes84_1hexanol,4770,4795,True
2024.10.14_14-26-24_Biarmipes84_1hexanol,5716,5735,True
2024.10.14_14-26-24_Biarmipes84_1hexanol,5788,6676,True
2024.10.14_14-26-24_Biarmipes84_1hexanol,7391,7410,True
2024.10.14_14-26-24_Biarmipes84_1hexanol,7448,7548,True
2024.10.14_14-26-24_Biarmipes84_1hexanol,7627,7642,True
2024.10.14_14-26-24_Biarmipes84_1hexanol,7688,7716,True
2024.10.14_14-26-24_Biarmipes84_1hexanol,7718,8295,True
2024.09.30_11-38-39_Sussex_no_odor,4485,4569,True
2024.09.30_11-38-39_Sussex_no_odor,4571,4639,True
2024.09.30_11-38-39_Sussex_no_odor,4641,4660,True
2024.09.30_11-38-39_Sussex_no_odor,4662,4666,True
2024.09.30_11-38-39_Sussex_no_odor,4670,4671,True
2024.09.30_11-38-39_Sussex_no_odor,4673,4674,True
2024.09.30_11-38-39_Sussex_no_odor,4676,4690,True
2024.09.30_11-38-39_Sussex_no_odor,4692,4710,True
2024.09.30_11-38-39_Sussex_no_odor,4713,4749,True
2024.09.30_11-38-39_Sussex_no_odor,4794,4802,True
2024.09.30_11-38-39_Sussex_no_odor,4805,4809,True
2024.09.30_11-38-39_Sussex_no_odor,4811,4811,True
2024.09.30_11-38-39_Sussex_no_odor,4813,4816,True
2024.09.30_11-38-39_Sussex_no_odor,4821,4835,True
2024.09.30_11-38-39_Sussex_no_odor,5204,5212,True
2024.09.30_11-38-39_Sussex_no_odor,5214,5214,True
2024.09.30_11-38-39_Sussex_no_odor,5216,5224,True
2024.09.30_11-38-39_Sussex_no_odor,5226,5227,True
2024.09.30_11-38-39_Sussex_no_odor,5235,5242,True
2024.09.30_11-38-39_Sussex_no_odor,5304,5719,True
2024.09.30_11-38-39_Sussex_no_odor,5721,5721,True
2024.09.30_11-38-39_Sussex_no_odor,5723,5724,True
2024.09.30_11-38-39_Sussex_no_odor,5728,5729,True
2024.09.30_11-38-39_Sussex_no_odor,5731,5734,True
2024.09.30_11-38-39_Sussex_no_odor,5745,5745,True
2024.09.30_11-38-39_Sussex_no_odor,5749,5749,True
2024.09.30_11-38-39_Sussex_no_odor,5759,5759,True
2024.09.30_11-38-39_Sussex_no_odor,5761,5761,True
2024.09.30_11-38-39_Sussex_no_odor,5770,5772,True
2024.09.30_11-38-39_Sussex_no_odor,5774,5774,True
2024.09.30_11-38-39_Sussex_no_odor,5776,5776,True
2024.09.30_11-38-39_Sussex_no_odor,5778,5778,True
2024.09.30_11-38-39_Sussex_no_odor,5790,5790,True
2024.09.30_11-38-39_Sussex_no_odor,5793,5793,True
2024.09.30_11-38-39_Sussex_no_odor,5795,5795,True
2024.09.30_11-38-39_Sussex_no_odor,5798,5798,True
2024.09.30_11-38-39_Sussex_no_odor,5800,5800,True
2024.09.30_11-38-39_Sussex_no_odor,5805,5805,True
2024.09.30_11-38-39_Sussex_no_odor,5809,5809,True
2024.09.30_11-38-39_Sussex_no_odor,5812,5812,True
2024.09.30_11-38-39_Sussex_no_odor,5816,5816,True
2024.09.30_11-38-39_Sussex_no_odor,5819,5819,True
2024.09.30_11-38-39_Sussex_no_odor,5821,5821,True
2024.09.30_11-38-39_Sussex_no_odor,5823,5824,True
2024.09.30_11-38-39_Sussex_no_odor,5826,5827,True
2024.09.30_11-38-39_Sussex_no_odor,5831,5832,True
2024.09.30_11-38-39_Sussex_no_odor,5834,5834,True
2024.09.30_11-38-39_Sussex_no_odor,5836,5837,True
2024.09.30_11-38-39_Sussex_no_odor,5839,5839,True
2024.09.30_11-38-39_Sussex_no_odor,5841,5847,True
2024.09.30_11-38-39_Sussex_no_odor,5849,5849,True
2024.09.30_11-38-39_Sussex_no_odor,5852,5853,True
2024.09.30_11-38-39_Sussex_no_odor,5857,5863,True
2024.09.30_11-38-39_Sussex_no_odor,5865,5869,True
2024.09.30_11-38-39_Sussex_no_odor,5871,5875,True
2024.09.30_11-38-39_Sussex_no_odor,5877,5879,True
2024.09.30_11-38-39_Sussex_no_odor,5882,5882,True
2024.09.30_11-38-39_Sussex_no_odor,5885,5886,True
2024.09.30_11-38-39_Sussex_no_odor,5888,5890,True
2024.09.30_11-38-39_Sussex_no_odor,5892,5912,True
2024.09.30_11-38-39_Sussex_no_odor,5914,5977,True
2024.09.30_11-38-39_Sussex_no_odor,5979,5982,True
2024.09.30_11-38-39_Sussex_no_odor,5984,5984,True
2024.09.30_11-38-39_Sussex_no_odor,5986,5989,True
2024.09.30_11-38-39_Sussex_no_odor,5991,5995,True
2024.09.30_11-38-39_Sussex_no_odor,5997,6000,True
2024.09.30_11-38-39_Sussex_no_odor,6002,6002,True
2024.09.30_11-38-39_Sussex_no_odor,6004,6006,True
2024.09.30_11-38-39_Sussex_no_odor,6008,6016,True
2024.09.30_11-38-39_Sussex_no_odor,6018,6019,True
2024.09.30_11-38-39_Sussex_no_odor,6021,6029,True
2024.09.30_11-38-39_Sussex_no_odor,6031,6068,True
2024.09.30_11-38-39_Sussex_no_odor,6070,6077,True
2024.09.30_11-38-39_Sussex_no_odor,6079,6082,True
2024.09.30_11-38-39_Sussex_no_odor,6085,6087,True
2024.09.30_11-38-39_Sussex_no_odor,6089,6089,True
2024.09.30_11-38-39_Sussex_no_odor,6091,6092,True
2024.09.30_11-38-39_Sussex_no_odor,6094,6095,True
2024.09.30_11-38-39_Sussex_no_odor,6099,6100,True
2024.09.30_11-38-39_Sussex_no_odor,6105,6105,True
2024.09.30_11-38-39_Sussex_no_odor,6108,6108,True
2024.09.30_11-38-39_Sussex_no_odor,6114,6116,True
2024.09.30_11-38-39_Sussex_no_odor,6118,6119,True
2024.09.30_11-38-39_Sussex_no_odor,6121,6122,True
2024.09.30_11-38-39_Sussex_no_odor,6125,6127,True
2024.09.30_11-38-39_Sussex_no_odor,6129,6135,True
2024.09.30_11-38-39_Sussex_no_odor,6137,6152,True
2024.09.30_11-38-39_Sussex_no_odor,6154,6156,True
2024.09.30_11-38-39_Sussex_no_odor,6159,6168,True
2024.09.30_11-38-39_Sussex_no_odor,6170,6173,True
2024.09.30_11-38-39_Sussex_no_odor,6175,6177,True
2024.09.30_11-38-39_Sussex_no_odor,6179,6179,True
2024.09.30_11-38-39_Sussex_no_odor,6181,6189,True
2024.09.30_11-38-39_Sussex_no_odor,6193,6193,True
2024.09.30_11-38-39_Sussex_no_odor,6196,6196,True
2024.09.30_11-38-39_Sussex_no_odor,6198,6200,True
2024.09.30_11-38-39_Sussex_no_odor,6202,6212,True
2024.09.30_11-38-39_Sussex_no_odor,6215,6221,True
2024.09.30_11-38-39_Sussex_no_odor,6223,6223,True
2024.09.30_11-38-39_Sussex_no_odor,6225,6226,True
2024.09.30_11-38-39_Sussex_no_odor,6229,6233,True
2024.09.30_11-38-39_Sussex_no_odor,6235,6236,True
2024.09.30_11-38-39_Sussex_no_odor,6238,6239,True
2024.09.30_11-38-39_Sussex_no_odor,6242,6243,True
2024.09.30_11-38-39_Sussex_no_odor,6245,6247,True
2024.09.30_11-38-39_Sussex_no_odor,6249,6250,True
2024.09.30_11-38-39_Sussex_no_odor,6252,6252,True
2024.09.30_11-38-39_Sussex_no_odor,6257,6258,True
2024.09.30_11-38-39_Sussex_no_odor,6261,6261,True
2024.09.30_11-38-39_Sussex_no_odor,6266,6266,True
2024.09.30_11-38-39_Sussex_no_odor,6268,6269,True
2024.09.30_11-38-39_Sussex_no_odor,6271,6271,True
2024.09.30_11-38-39_Sussex_no_odor,6273,6273,True
2024.09.30_11-38-39_Sussex_no_odor,6275,6275,True
2024.09.30_11-38-39_Sussex_no_odor,6277,6282,True
2024.09.30_11-38-39_Sussex_no_odor,6284,6285,True
2024.09.30_11-38-39_Sussex_no_odor,6287,6288,True
2024.09.30_11-38-39_Sussex_no_odor,6290,6290,True
2024.09.30_11-38-39_Sussex_no_odor,6292,6292,True
2024.09.30_11-38-39_Sussex_no_odor,6294,6296,True
2024.09.30_11-38-39_Sussex_no_odor,6298,6313,True
2024.09.30_11-38-39_Sussex_no_odor,6326,6326,True
2024.09.30_11-38-39_Sussex_no_odor,6337,6337,True
2024.09.30_11-38-39_Sussex_no_odor,6340,6340,True
2024.09.30_11-38-39_Sussex_no_odor,6342,6361,True
2024.09.30_11-38-39_Sussex_no_odor,6364,6406,True
2024.09.30_11-38-39_Sussex_no_odor,6408,6430,True
2024.09.30_11-38-39_Sussex_no_odor,6433,6434,True
2024.09.30_11-38-39_Sussex_no_odor,6436,6436,True
2024.09.30_11-38-39_Sussex_no_odor,6438,6463,True
2024.09.30_11-38-39_Sussex_no_odor,6465,6471,True
2024.09.30_11-38-39_Sussex_no_odor,6474,6476,True
2024.09.30_11-38-39_Sussex_no_odor,6478,6479,True
2024.09.30_11-38-39_Sussex_no_odor,6481,6489,True
2024.09.30_11-38-39_Sussex_no_odor,6496,6496,True
2024.09.30_11-38-39_Sussex_no_odor,6502,6504,True
2024.09.30_11-38-39_Sussex_no_odor,6516,6516,True
2024.09.30_11-38-39_Sussex_no_odor,6528,6533,True
2024.09.30_11-38-39_Sussex_no_odor,6536,6536,True
2024.09.30_11-38-39_Sussex_no_odor,6541,6543,True
2024.09.30_11-38-39_Sussex_no_odor,6547,6548,True
2024.09.30_11-38-39_Sussex_no_odor,6550,6551,True
2024.09.30_11-38-39_Sussex_no_odor,6558,6559,True
2024.09.30_11-38-39_Sussex_no_odor,6561,6561,True
2024.09.30_11-38-39_Sussex_no_odor,6563,6563,True
2024.09.30_11-38-39_Sussex_no_odor,6567,6569,True
2024.09.30_11-38-39_Sussex_no_odor,6573,6573,True
2024.09.30_11-38-39_Sussex_no_odor,6575,6575,True
2024.09.30_11-38-39_Sussex_no_odor,6577,6591,True
2024.09.30_11-38-39_Sussex_no_odor,6593,6595,True
2024.09.30_11-38-39_Sussex_no_odor,6597,6597,True
2024.09.30_11-38-39_Sussex_no_odor,6599,6603,True
2024.09.30_11-38-39_Sussex_no_odor,6605,6607,True
2024.09.30_11-38-39_Sussex_no_odor,6609,6610,True
2024.09.30_11-38-39_Sussex_no_odor,6612,6612,True
2024.09.30_11-38-39_Sussex_no_odor,6614,6616,True
2024.09.30_11-38-39_Sussex_no_odor,6618,6631,True
2024.09.30_11-38-39_Sussex_no_odor,6633,7639,True
2024.09.30_11-38-39_Sussex_no_odor,8048,8125,True
2024.09.30_11-38-39_Sussex_no_odor,8421,8423,True
2024.09.30_11-38-39_Sussex_no_odor,8425,8425,True
2024.09.30_11-38-39_Sussex_no_odor,8437,8437,True
2024.09.30_11-38-39_Sussex_no_odor,8439,8979,True
2024.07.09_12-22-40_Riverside (E-2-Hex),306,306,True
2024.07.09_12-22-40_Riverside (E-2-Hex),324,348,True
2024.07.09_12-22-40_Riverside (E-2-Hex),351,351,True
2024.07.09_12-22-40_Riverside (E-2-Hex),356,356,True
2024.07.09_12-22-40_Riverside (E-2-Hex),378,378,True
2024.07.09_12-22-40_Riverside (E-2-Hex),382,382,True
2024.07.09_12-22-40_Riverside (E-2-Hex),423,423,True
2024.07.09_12-22-40_Riverside (E-2-Hex),465,465,True
2024.07.09_12-22-40_Riverside (E-2-Hex),470,470,True
2024.07.09_12-22-40_Riverside (E-2-Hex),482,482,True
2024.07.09_12-22-40_Riverside (E-2-Hex),513,513,True
2024.07.09_12-22-40_Riverside (E-2-Hex),522,522,True
2024.07.09_12-22-40_Riverside (E-2-Hex),535,535,True
2024.07.09_12-22-40_Riverside (E-2-Hex),547,547,True
2024.07.09_12-22-40_Riverside (E-2-Hex),563,563,True
2024.07.09_12-22-40_Riverside (E-2-Hex),574,574,True
2024.07.09_12-22-40_Riverside (E-2-Hex),743,1122,True
2024.07.09_12-22-40_Riverside (E-2-Hex),1124,1124,True
2024.07.09_12-22-40_Riverside (E-2-Hex),1189,1860,True
2024.07.09_12-22-40_Riverside (E-2-Hex),1973,2225,True
2024.07.09_12-22-40_Riverside (E-2-Hex),2303,2303,True
2024.07.09_12-22-40_Riverside (E-2-Hex),2828,2828,True
2024.07.09_12-22-40_Riverside (E-2-Hex),2863,2864,True
2024.07.09_12-22-40_Riverside (E-2-Hex),2884,2885,True
2024.07.09_12-22-40_Riverside (E-2-Hex),2890,2892,True
2024.07.09_12-22-40_Riverside (E-2-Hex),2894,2895,True
2024.07.09_12-22-40_Riverside (E-2-Hex),2898,2898,True
2024.07.09_12-22-40_Riverside (E-2-Hex),2954,2954,True
2024.07.09_12-22-40_Riverside (E-2-Hex),3149,3285,True
2024.07.09_12-22-40_Riverside (E-2-Hex),3289,3323,True
2024.07.09_12-22-40_Riverside (E-2-Hex),3331,3331,True
2024.07.09_12-22-40_Riverside (E-2-Hex),3335,3789,True
2024.07.09_12-22-40_Riverside (E-2-Hex),3976,3979,True
2024.07.09_12-22-40_Riverside (E-2-Hex),4019,4039,True
2024.07.09_12-22-40_Riverside (E-2-Hex),4478,4478,True
2024.07.09_12-22-40_Riverside (E-2-Hex),4536,4537,True
2024.07.09_12-22-40_Riverside (E-2-Hex),4937,4959,True
2024.07.09_12-22-40_Riverside (E-2-Hex),5021,6707,True
2024.07.09_12-22-40_Riverside (E-2-Hex),7027,7027,True
2024.07.09_12-22-40_Riverside (E-2-Hex),7029,7029,True
2024.07.09_12-22-40_Riverside (E-2-Hex),7031,7032,True
2024.07.09_12-22-40_Riverside (E-2-Hex),7034,7035,True
2024.07.09_12-22-40_Riverside (E-2-Hex),7040,7041,True
2024.07.09_12-22-40_Riverside (E-2-Hex),7043,7044,True
2024.07.09_12-22-40_Riverside (E-2-Hex),7125,7125,True
2024.07.09_12-22-40_Riverside (E-2-Hex),7128,7128,True
2024.07.09_12-22-40_Riverside (E-2-Hex),7141,7141,True
2024.07.09_12-22-40_Riverside (E-2-Hex),7146,7146,True
2024.07.09_12-22-40_Riverside (E-2-Hex),7149,7149,True
2024.07.09_12-22-40_Riverside (E-2-Hex),7151,7151,True
2024.07.09_12-22-40_Riverside (E-2-Hex),7154,7154,True
2024.07.09_12-22-40_Riverside (E-2-Hex),7156,7158,True
2024.07.09_12-22-40_Riverside (E-2-Hex),7161,7161,True
2024.07.09_12-22-40_Riverside (E-2-Hex),7163,7163,True
2024.07.09_12-22-40_Riverside (E-2-Hex),7166,7166,True
2024.07.09_12-22-40_Riverside (E-2-Hex),7169,7169,True
2024.07.09_12-22-40_Riverside (E-2-Hex),7171,7171,True
2024.07.09_12-22-40_Riverside (E-2-Hex),7188,7188,True
2024.07.09_12-22-40_Riverside (E-2-Hex),7191,7191,True
2024.07.09_12-22-40_Riverside (E-2-Hex),7202,7202,True
2024.07.09_12-22-40_Riverside (E-2-Hex),7204,7204,True
2024.07.09_12-22-40_Riverside (E-2-Hex),7206,7207,True
2024.07.09_12-22-40_Riverside (E-2-Hex),7578,7588,True
2024.07.09_12-22-40_Riverside (E-2-Hex),7640,7641,True
2024.07.09_12-22-40_Riverside (E-2-Hex),7757,7758,True
2024.07.09_12-22-40_Riverside (E-2-Hex),7760,7761,True
2024.07.09_12-22-40_Riverside (E-2-Hex),7764,7766,True
2024.07.09_12-22-40_Riverside (E-2-Hex),7768,7769,True
2024.07.09_12-22-40_Riverside (E-2-Hex),7892,7925,True
2024.07.09_12-22-40_Riverside (E-2-Hex),7957,7960,True
2024.07.09_12-22-40_Riverside (E-2-Hex),7978,7979,True
2024.07.09_12-22-40_Riverside (E-2-Hex),8002,8003,True
2024.07.09_12-22-40_Riverside (E-2-Hex),8005,8007,True
2024.07.09_12-22-40_Riverside (E-2-Hex),8028,8049,True
2024.07.09_12-22-40_Riverside (E-2-Hex),8051,8992,True
2024.09.24_16-27-35_Yakuba7_no_odor,3,818,True
2024.09.24_16-27-35_Yakuba7_no_odor,2616,4259,True
2024.09.24_16-27-35_Yakuba7_no_odor,4947,6593,True
2024.10.11_15-17-54_Stocago_2hexanol,3,649,True
2024.10.11_15-17-54_Stocago_2hexanol,1215,1215,True
2024.10.11_15-17-54_Stocago_2hexanol,1217,1219,True
2024.10.11_15-17-54_Stocago_2hexanol,1221,1268,True
2024.10.11_15-17-54_Stocago_2hexanol,1306,1313,True
2024.10.11_15-17-54_Stocago_2hexanol,1317,1392,True
2024.10.11_15-17-54_Stocago_2hexanol,1702,2903,True
2024.10.11_15-17-54_Stocago_2hexanol,3461,4002,True
2024.10.11_15-17-54_Stocago_2hexanol,4888,4888,True
2024.10.11_15-17-54_Stocago_2hexanol,4893,4900,True
2024.10.11_15-17-54_Stocago_2hexanol,5096,5096,True
2024.10.11_15-17-54_Stocago_2hexanol,5098,5098,True
2024.10.11_15-17-54_Stocago_2hexanol,5100,5124,True
2024.10.11_15-17-54_Stocago_2hexanol,5133,5837,True
2024.10.11_15-17-54_Stocago_2hexanol,6341,6861,True
2024.10.11_15-17-54_Stocago_2hexanol,7389,8028,True
2024.10.11_15-17-54_Stocago_2hexanol,8632,8653,True
2024.10.11_15-17-54_Stocago_2hexanol,8655,8657,True
2024.10.11_15-17-54_Stocago_2hexanol,8659,8999,True
2024.11.21_18-59-35_Stocago_e2hex,1691,1711,True
2024.11.21_18-59-35_Stocago_e2hex,1713,1719,True
2024.11.21_18-59-35_Stocago_e2hex,1796,1878,True
2024.11.21_18-59-35_Stocago_e2hex,1895,1952,True
2024.11.21_18-59-35_Stocago_e2hex,1954,2077,True
2024.11.21_18-59-35_Stocago_e2hex,2080,2115,True
2024.11.21_18-59-35_Stocago_e2hex,2165,2416,True
2024.11.21_18-59-35_Stocago_e2hex,2504,2543,True
2024.11.21_18-59-35_Stocago_e2hex,2637,2668,True
2024.11.21_18-59-35_Stocago_e2hex,2670,2687,True
2024.11.21_18-59-35_Stocago_e2hex,3282,3300,True
2024.11.21_18-59-35_Stocago_e2hex,3591,4554,True
2024.11.21_18-59-35_Stocago_e2hex,4556,4569,True
2024.11.21_18-59-35_Stocago_e2hex,4571,4573,True
2024.11.21_18-59-35_Stocago_e2hex,4584,4587,True
2024.11.21_18-59-35_Stocago_e2hex,4589,4681,True
2024.11.21_18-59-35_Stocago_e2hex,4687,4687,True
2024.11.21_18-59-35_Stocago_e2hex,4694,4725,True
2024.11.21_18-59-35_Stocago_e2hex,4738,4995,True
2024.11.21_18-59-35_Stocago_e2hex,4997,5090,True
2024.11.21_18-59-35_Stocago_e2hex,5903,5903,True
2024.11.21_18-59-35_Stocago_e2hex,5908,6354,True
2024.11.21_18-59-35_Stocago_e2hex,6356,6508,True
2024.11.21_18-59-35_Stocago_e2hex,6512,6512,True
2024.11.21_18-59-35_Stocago_e2hex,7017,7017,True
2024.11.21_18-59-35_Stocago_e2hex,7022,7027,True
2024.11.21_18-59-35_Stocago_e2hex,7189,7189,True
2024.11.21_18-59-35_Stocago_e2hex,7195,7195,True
2024.11.21_18-59-35_Stocago_e2hex,7264,7270,True
2024.11.21_18-59-35_Stocago_e2hex,7325,7329,True
2024.11.21_18-59-35_Stocago_e2hex,7331,7335,True
2024.11.21_18-59-35_Stocago_e2hex,7338,7343,True
2024.11.21_18-59-35_Stocago_e2hex,7345,7345,True
2024.11.21_18-59-35_Stocago_e2hex,7757,7778,True
2024.11.21_18-59-35_Stocago_e2hex,8123,8159,True
2024.11.21_18-59-35_Stocago_e2hex,8169,8171,True
2024.11.21_18-59-35_Stocago_e2hex,8173,8177,True
2024.11.21_18-59-35_Stocago_e2hex,8179,8769,True
2024.11.14_20-48-04_Sto_car_e2hex,4505,4505,True
2024.11.14_20-48-04_Sto_car_e2hex,4507,4507,True
2024.11.14_20-48-04_Sto_car_e2hex,4521,4521,True
2024.11.14_20-48-04_Sto_car_e2hex,4602,4606,True
2024.11.14_20-48-04_Sto_car_e2hex,4653,4655,True
2024.11.14_20-48-04_Sto_car_e2hex,4657,4684,True
2024.11.14_20-48-04_Sto_car_e2hex,5035,5441,True
2024.11.14_20-48-04_Sto_car_e2hex,5443,6144,True
2024.11.14_20-48-04_Sto_car_e2hex,6147,6347,True
2024.11.14_20-48-04_Sto_car_e2hex,6848,7546,True
2024.11.14_20-48-04_Sto_car_e2hex,8368,8368,True
2024.11.14_20-48-04_Sto_car_e2hex,8373,8373,True
2024.11.14_20-48-04_Sto_car_e2hex,8379,8999,True
2024.10.11_09-42-54_Biarmipes_G224_1hexanol,3100,3100,True
2024.10.11_09-42-54_Biarmipes_G224_1hexanol,3153,3153,True
2024.10.11_09-42-54_Biarmipes_G224_1hexanol,3160,3161,True
2024.10.11_09-42-54_Biarmipes_G224_1hexanol,3163,3163,True
2024.10.11_09-42-54_Biarmipes_G224_1hexanol,3165,3168,True
2024.10.11_09-42-54_Biarmipes_G224_1hexanol,3170,3170,True
2024.10.11_09-42-54_Biarmipes_G224_1hexanol,3173,3176,True
2024.10.11_09-42-54_Biarmipes_G224_1hexanol,3178,3178,True
2024.10.11_09-42-54_Biarmipes_G224_1hexanol,3181,3183,True
2024.10.11_09-42-54_Biarmipes_G224_1hexanol,3245,3245,True
2024.10.11_09-42-54_Biarmipes_G224_1hexanol,3340,3340,True
2024.10.11_09-42-54_Biarmipes_G224_1hexanol,3345,3346,True
2024.10.11_09-42-54_Biarmipes_G224_1hexanol,3348,3349,True
2024.10.11_09-42-54_Biarmipes_G224_1hexanol,3354,3355,True
2024.10.11_09-42-54_Biarmipes_G224_1hexanol,3359,3359,True
2024.10.11_09-42-54_Biarmipes_G224_1hexanol,3368,3368,True
2024.10.11_09-42-54_Biarmipes_G224_1hexanol,3377,3377,True
2024.10.11_09-42-54_Biarmipes_G224_1hexanol,3394,3394,True
2024.10.11_09-42-54_Biarmipes_G224_1hexanol,3399,3401,True
2024.10.11_09-42-54_Biarmipes_G224_1hexanol,3409,3411,True
2024.10.11_09-42-54_Biarmipes_G224_1hexanol,3413,3415,True
2024.10.11_09-42-54_Biarmipes_G224_1hexanol,3429,3429,True
2024.10.11_09-42-54_Biarmipes_G224_1hexanol,3431,3431,True
2024.10.11_09-42-54_Biarmipes_G224_1hexanol,3433,3434,True
2024.10.11_09-42-54_Biarmipes_G224_1hexanol,3436,3441,True
2024.10.11_09-42-54_Biarmipes_G224_1hexanol,3443,3463,True
2024.10.11_09-42-54_Biarmipes_G224_1hexanol,3465,3476,True
2024.10.11_09-42-54_Biarmipes_G224_1hexanol,3478,5708,True
2024.10.11_09-42-54_Biarmipes_G224_1hexanol,5710,6768,True
2024.10.11_09-42-54_Biarmipes_G224_1hexanol,7698,8042,True
2024.10.11_09-42-54_Biarmipes_G224_1hexanol,8426,8916,True
2024.10.02_10-13-56_Biarmipes_G224_no_odor,511,511,True
2024.10.02_10-13-56_Biarmipes_G224_no_odor,527,527,True
2024.10.02_10-13-56_Biarmipes_G224_no_odor,529,530,True
2024.10.02_10-13-56_Biarmipes_G224_no_odor,532,532,True
2024.10.02_10-13-56_Biarmipes_G224_no_odor,534,535,True
2024.10.02_10-13-56_Biarmipes_G224_no_odor,539,546,True
2024.10.02_10-13-56_Biarmipes_G224_no_odor,548,813,True
2024.10.02_10-13-56_Biarmipes_G224_no_odor,815,828,True
2024.10.02_10-13-56_Biarmipes_G224_no_odor,831,1029,True
2024.10.02_10-13-56_Biarmipes_G224_no_odor,1031,1033,True
2024.10.02_10-13-56_Biarmipes_G224_no_odor,1036,1045,True
2024.10.02_10-13-56_Biarmipes_G224_no_odor,1047,1083,True
2024.10.02_10-13-56_Biarmipes_G224_no_odor,1085,1157,True
2024.10.02_10-13-56_Biarmipes_G224_no_odor,1163,1199,True
2024.10.02_10-13-56_Biarmipes_G224_no_odor,1683,1684,True
2024.10.02_10-13-56_Biarmipes_G224_no_odor,1686,1691,True
2024.10.02_10-13-56_Biarmipes_G224_no_odor,1694,1695,True
2024.10.02_10-13-56_Biarmipes_G224_no_odor,1697,1905,True
2024.10.02_10-13-56_Biarmipes_G224_no_odor,1907,2228,True
2024.10.02_10-13-56_Biarmipes_G224_no_odor,2232,2232,True
2024.10.02_10-13-56_Biarmipes_G224_no_odor,2234,2237,True
2024.10.02_10-13-56_Biarmipes_G224_no_odor,2239,2254,True
2024.10.02_10-13-56_Biarmipes_G224_no_odor,2256,2257,True
2024.10.02_10-13-56_Biarmipes_G224_no_odor,2259,2319,True
2024.10.02_10-13-56_Biarmipes_G224_no_odor,3016,3017,True
2024.10.02_10-13-56_Biarmipes_G224_no_odor,3020,3041,True
2024.10.02_10-13-56_Biarmipes_G224_no_odor,3097,3294,True
2024.10.02_10-13-56_Biarmipes_G224_no_odor,3298,3304,True
2024.10.02_10-13-56_Biarmipes_G224_no_odor,3306,3307,True
2024.10.02_10-13-56_Biarmipes_G224_no_odor,3310,3311,True
2024.10.02_10-13-56_Biarmipes_G224_no_odor,3313,3315,True
2024.10.02_10-13-56_Biarmipes_G224_no_odor,3317,3341,True
2024.10.02_10-13-56_Biarmipes_G224_no_odor,3343,3676,True
2024.10.02_10-13-56_Biarmipes_G224_no_odor,5878,6643,True
2024.10.02_10-13-56_Biarmipes_G224_no_odor,6780,7328,True
2024.10.02_10-13-56_Biarmipes_G224_no_odor,8943,8999,True
2024.10.17_09-19-40_Sto_car_prenac,3,237,True
2024.10.17_09-19-40_Sto_car_prenac,3464,3472,True
2024.10.17_09-19-40_Sto_car_prenac,3481,3486,True
2024.10.17_09-19-40_Sto_car_prenac,3488,3493,True
2024.10.17_09-19-40_Sto_car_prenac,3506,3506,True
2024.10.17_09-19-40_Sto_car_prenac,3514,3514,True
2024.10.17_09-19-40_Sto_car_prenac,3522,3524,True
2024.10.17_09-19-40_Sto_car_prenac,3531,3531,True
2024.10.17_09-19-40_Sto_car_prenac,3537,3538,True
2024.10.17_09-19-40_Sto_car_prenac,3541,3542,True
2024.10.17_09-19-40_Sto_car_prenac,3548,3548,True
2024.10.17_09-19-40_Sto_car_prenac,3553,3554,True
2024.10.17_09-19-40_Sto_car_prenac,3558,3558,True
2024.10.17_09-19-40_Sto_car_prenac,3574,3574,True
2024.10.17_09-19-40_Sto_car_prenac,3578,3578,True
2024.10.17_09-19-40_Sto_car_prenac,3587,3587,True
2024.10.17_09-19-40_Sto_car_prenac,3590,3591,True
2024.10.17_09-19-40_Sto_car_prenac,3595,3599,True
2024.10.17_09-19-40_Sto_car_prenac,3605,3607,True
2024.10.17_09-19-40_Sto_car_prenac,3609,3609,True
2024.10.17_09-19-40_Sto_car_prenac,3611,3613,True
2024.10.17_09-19-40_Sto_car_prenac,3615,3619,True
2024.10.17_09-19-40_Sto_car_prenac,3629,3630,True
2024.10.17_09-19-40_Sto_car_prenac,3638,3639,True
2024.10.17_09-19-40_Sto_car_prenac,3654,3663,True
2024.10.17_09-19-40_Sto_car_prenac,3690,3690,True
2024.10.17_09-19-40_Sto_car_prenac,3705,3705,True
2024.10.17_09-19-40_Sto_car_prenac,3720,3720,True
2024.10.17_09-19-40_Sto_car_prenac,3726,3726,True
2024.10.17_09-19-40_Sto_car_prenac,3728,3728,True
2024.10.17_09-19-40_Sto_car_prenac,3732,3739,True
2024.10.17_09-19-40_Sto_car_prenac,3783,3783,True
2024.10.17_09-19-40_Sto_car_prenac,3791,3791,True
2024.10.17_09-19-40_Sto_car_prenac,3793,3794,True
2024.10.17_09-19-40_Sto_car_prenac,3798,3799,True
2024.10.17_09-19-40_Sto_car_prenac,3804,3805,True
2024.10.17_09-19-40_Sto_car_prenac,3807,3811,True
2024.10.17_09-19-40_Sto_car_prenac,3814,3814,True
2024.10.17_09-19-40_Sto_car_prenac,3816,3816,True
2024.10.17_09-19-40_Sto_car_prenac,3818,3830,True
2024.10.17_09-19-40_Sto_car_prenac,3832,3842,True
2024.10.17_09-19-40_Sto_car_prenac,3933,3935,True
2024.10.17_09-19-40_Sto_car_prenac,3938,3940,True
2024.10.17_09-19-40_Sto_car_prenac,3942,3944,True
2024.10.17_09-19-40_Sto_car_prenac,3953,3958,True
2024.10.17_09-19-40_Sto_car_prenac,3960,3960,True
2024.10.17_09-19-40_Sto_car_prenac,3962,3962,True
2024.10.17_09-19-40_Sto_car_prenac,3964,3967,True
2024.10.17_09-19-40_Sto_car_prenac,3969,3969,True
2024.10.17_09-19-40_Sto_car_prenac,3973,3980,True
2024.10.17_09-19-40_Sto_car_prenac,3982,3983,True
2024.10.17_09-19-40_Sto_car_prenac,3985,3985,True
2024.10.17_09-19-40_Sto_car_prenac,3990,3994,True
2024.10.17_09-19-40_Sto_car_prenac,3996,3998,True
2024.10.17_09-19-40_Sto_car_prenac,4001,4002,True
2024.10.17_09-19-40_Sto_car_prenac,4006,4013,True
2024.10.17_09-19-40_Sto_car_prenac,4015,4017,True
2024.10.17_09-19-40_Sto_car_prenac,4055,4058,True
2024.10.17_09-19-40_Sto_car_prenac,4061,4072,True
2024.10.17_09-19-40_Sto_car_prenac,4081,4081,True
2024.10.17_09-19-40_Sto_car_prenac,4085,4087,True
2024.10.17_09-19-40_Sto_car_prenac,4089,4089,True
2024.10.17_09-19-40_Sto_car_prenac,4104,4104,True
2024.10.17_09-19-40_Sto_car_prenac,4111,4113,True
2024.10.17_09-19-40_Sto_car_prenac,4118,4141,True
2024.10.17_09-19-40_Sto_car_prenac,4147,4449,True
2024.10.17_09-19-40_Sto_car_prenac,4453,4463,True
2024.10.17_09-19-40_Sto_car_prenac,4465,4471,True
2024.10.17_09-19-40_Sto_car_prenac,4474,4474,True
2024.10.17_09-19-40_Sto_car_prenac,4476,4492,True
2024.10.17_09-19-40_Sto_car_prenac,4494,4502,True
2024.10.17_09-19-40_Sto_car_prenac,4504,4507,True
2024.10.17_09-19-40_Sto_car_prenac,4509,4511,True
2024.10.17_09-19-40_Sto_car_prenac,4513,4517,True
2024.10.17_09-19-40_Sto_car_prenac,4519,4524,True
2024.10.17_09-19-40_Sto_car_prenac,4526,4528,True
2024.10.17_09-19-40_Sto_car_prenac,4531,4539,True
2024.10.17_09-19-40_Sto_car_prenac,4541,8307,True
2024.10.08_12-50-07_Stocago_2hexanol,3,608,True
2024.10.08_12-50-07_Stocago_2hexanol,1030,1097,True
2024.10.08_12-50-07_Stocago_2hexanol,1104,1395,True
2024.10.08_12-50-07_Stocago_2hexanol,1397,1397,True
2024.10.08_12-50-07_Stocago_2hexanol,1399,1401,True
2024.10.08_12-50-07_Stocago_2hexanol,1404,1404,True
2024.10.08_12-50-07_Stocago_2hexanol,1406,1410,True
2024.10.08_12-50-07_Stocago_2hexanol,1414,1414,True
2024.10.08_12-50-07_Stocago_2hexanol,1416,1422,True
2024.10.08_12-50-07_Stocago_2hexanol,1425,1425,True
2024.10.08_12-50-07_Stocago_2hexanol,1429,1455,True
2024.10.08_12-50-07_Stocago_2hexanol,1457,1469,True
2024.10.08_12-50-07_Stocago_2hexanol,1480,1783,True
2024.10.08_12-50-07_Stocago_2hexanol,1787,1813,True
2024.10.08_12-50-07_Stocago_2hexanol,1820,1838,True
2024.10.08_12-50-07_Stocago_2hexanol,1841,1872,True
2024.10.08_12-50-07_Stocago_2hexanol,1874,1893,True
2024.10.08_12-50-07_Stocago_2hexanol,1895,1895,True
2024.10.08_12-50-07_Stocago_2hexanol,1898,1914,True
2024.10.08_12-50-07_Stocago_2hexanol,1918,2545,True
2024.10.08_12-50-07_Stocago_2hexanol,3271,3748,True
2024.10.08_12-50-07_Stocago_2hexanol,4252,5008,True
2024.10.08_12-50-07_Stocago_2hexanol,5786,6234,True
2024.10.08_12-50-07_Stocago_2hexanol,7306,8452,True
2024.10.08_12-50-07_Stocago_2hexanol,8456,8722,True
2024.10.04_14-48-37_Biarmipes84_no_odor,1260,1260,True
2024.10.04_14-48-37_Biarmipes84_no_odor,1277,1279,True
2024.10.04_14-48-37_Biarmipes84_no_odor,1284,1284,True
2024.10.04_14-48-37_Biarmipes84_no_odor,1286,1286,True
2024.10.04_14-48-37_Biarmipes84_no_odor,1289,1290,True
2024.10.04_14-48-37_Biarmipes84_no_odor,1295,1298,True
2024.10.04_14-48-37_Biarmipes84_no_odor,1300,1301,True
2024.10.04_14-48-37_Biarmipes84_no_odor,1303,1307,True
2024.10.04_14-48-37_Biarmipes84_no_odor,1309,1314,True
2024.10.04_14-48-37_Biarmipes84_no_odor,1319,1319,True
2024.10.04_14-48-37_Biarmipes84_no_odor,1342,1342,True
2024.10.04_14-48-37_Biarmipes84_no_odor,1351,1365,True
2024.10.04_14-48-37_Biarmipes84_no_odor,1367,1368,True
2024.10.04_14-48-37_Biarmipes84_no_odor,1370,1371,True
2024.10.04_14-48-37_Biarmipes84_no_odor,1374,1374,True
2024.10.04_14-48-37_Biarmipes84_no_odor,1379,1380,True
2024.10.04_14-48-37_Biarmipes84_no_odor,1453,1453,True
2024.10.04_14-48-37_Biarmipes84_no_odor,1457,1457,True
2024.10.04_14-48-37_Biarmipes84_no_odor,1460,1460,True
2024.10.04_14-48-37_Biarmipes84_no_odor,1463,1463,True
2024.10.04_14-48-37_Biarmipes84_no_odor,1470,1470,True
2024.10.04_14-48-37_Biarmipes84_no_odor,1474,1474,True
2024.10.04_14-48-37_Biarmipes84_no_odor,1479,1479,True
2024.10.04_14-48-37_Biarmipes84_no_odor,1484,1486,True
2024.10.04_14-48-37_Biarmipes84_no_odor,1488,1488,True
2024.10.04_14-48-37_Biarmipes84_no_odor,1496,1496,True
2024.10.04_14-48-37_Biarmipes84_no_odor,1498,1499,True
2024.10.04_14-48-37_Biarmipes84_no_odor,1504,1505,True
2024.10.04_14-48-37_Biarmipes84_no_odor,1513,1513,True
2024.10.04_14-48-37_Biarmipes84_no_odor,1516,1517,True
2024.10.04_14-48-37_Biarmipes84_no_odor,1529,1529,True
2024.10.04_14-48-37_Biarmipes84_no_odor,1532,1532,True
2024.10.04_14-48-37_Biarmipes84_no_odor,1539,1540,True
2024.10.04_14-48-37_Biarmipes84_no_odor,1606,1606,True
2024.10.04_14-48-37_Biarmipes84_no_odor,1645,1645,True
2024.10.04_14-48-37_Biarmipes84_no_odor,1658,1659,True
2024.10.04_14-48-37_Biarmipes84_no_odor,1673,1673,True
2024.10.04_14-48-37_Biarmipes84_no_odor,1800,1800,True
2024.10.04_14-48-37_Biarmipes84_no_odor,1807,1807,True
2024.10.04_14-48-37_Biarmipes84_no_odor,1811,1811,True
2024.10.04_14-48-37_Biarmipes84_no_odor,1822,1822,True
2024.10.04_14-48-37_Biarmipes84_no_odor,1825,1826,True
2024.10.04_14-48-37_Biarmipes84_no_odor,1828,1828,True
2024.10.04_14-48-37_Biarmipes84_no_odor,1830,1830,True
2024.10.04_14-48-37_Biarmipes84_no_odor,1832,1834,True
2024.10.04_14-48-37_Biarmipes84_no_odor,1841,1841,True
2024.10.04_14-48-37_Biarmipes84_no_odor,1854,1854,True
2024.10.04_14-48-37_Biarmipes84_no_odor,1865,1866,True
2024.10.04_14-48-37_Biarmipes84_no_odor,1868,1868,True
2024.10.04_14-48-37_Biarmipes84_no_odor,1870,1873,True
2024.10.04_14-48-37_Biarmipes84_no_odor,1877,1877,True
2024.10.04_14-48-37_Biarmipes84_no_odor,1879,1879,True
2024.10.04_14-48-37_Biarmipes84_no_odor,1882,1883,True
2024.10.04_14-48-37_Biarmipes84_no_odor,1886,1888,True
2024.10.04_14-48-37_Biarmipes84_no_odor,1891,1893,True
2024.10.04_14-48-37_Biarmipes84_no_odor,1904,1905,True
2024.10.04_14-48-37_Biarmipes84_no_odor,1915,1915,True
2024.10.04_14-48-37_Biarmipes84_no_odor,1918,1920,True
2024.10.04_14-48-37_Biarmipes84_no_odor,1957,1957,True
2024.10.04_14-48-37_Biarmipes84_no_odor,1968,1968,True
2024.10.04_14-48-37_Biarmipes84_no_odor,2029,2029,True
2024.10.04_14-48-37_Biarmipes84_no_odor,2037,2037,True
2024.10.04_14-48-37_Biarmipes84_no_odor,2048,2048,True
2024.10.04_14-48-37_Biarmipes84_no_odor,2056,2057,True
2024.10.04_14-48-37_Biarmipes84_no_odor,2060,2061,True
2024.10.04_14-48-37_Biarmipes84_no_odor,2063,2063,True
2024.10.04_14-48-37_Biarmipes84_no_odor,2066,2069,True
2024.10.04_14-48-37_Biarmipes84_no_odor,2071,2072,True
2024.10.04_14-48-37_Biarmipes84_no_odor,2074,2085,True
2024.10.04_14-48-37_Biarmipes84_no_odor,2087,2093,True
2024.10.04_14-48-37_Biarmipes84_no_odor,2322,2323,True
2024.10.04_14-48-37_Biarmipes84_no_odor,2325,2341,True
2024.10.04_14-48-37_Biarmipes84_no_odor,2343,2359,True
2024.10.04_14-48-37_Biarmipes84_no_odor,2361,2363,True
2024.10.04_14-48-37_Biarmipes84_no_odor,2365,2386,True
2024.10.04_14-48-37_Biarmipes84_no_odor,2393,2444,True
2024.10.04_14-48-37_Biarmipes84_no_odor,2446,2446,True
2024.10.04_14-48-37_Biarmipes84_no_odor,2448,2469,True
2024.10.04_14-48-37_Biarmipes84_no_odor,2662,2752,True
2024.10.04_14-48-37_Biarmipes84_no_odor,2754,2781,True
2024.10.04_14-48-37_Biarmipes84_no_odor,2932,2932,True
2024.10.04_14-48-37_Biarmipes84_no_odor,3277,3279,True
2024.10.04_14-48-37_Biarmipes84_no_odor,3451,3451,True
2024.10.04_14-48-37_Biarmipes84_no_odor,4000,4040,True
2024.10.04_14-48-37_Biarmipes84_no_odor,4043,4070,True
2024.10.04_14-48-37_Biarmipes84_no_odor,4072,4077,True
2024.10.04_14-48-37_Biarmipes84_no_odor,4081,4090,True
2024.10.04_14-48-37_Biarmipes84_no_odor,4092,4093,True
2024.10.04_14-48-37_Biarmipes84_no_odor,4096,4096,True
2024.10.04_14-48-37_Biarmipes84_no_odor,4109,4110,True
2024.10.04_14-48-37_Biarmipes84_no_odor,4112,4113,True
2024.10.04_14-48-37_Biarmipes84_no_odor,4117,4125,True
2024.10.04_14-48-37_Biarmipes84_no_odor,4127,4130,True
2024.10.04_14-48-37_Biarmipes84_no_odor,4132,4138,True
2024.10.04_14-48-37_Biarmipes84_no_odor,4141,4142,True
2024.10.04_14-48-37_Biarmipes84_no_odor,4145,4146,True
2024.10.04_14-48-37_Biarmipes84_no_odor,4148,4148,True
2024.10.04_14-48-37_Biarmipes84_no_odor,4151,4152,True
2024.10.04_14-48-37_Biarmipes84_no_odor,4154,4156,True
2024.10.04_14-48-37_Biarmipes84_no_odor,4159,4159,True
2024.10.04_14-48-37_Biarmipes84_no_odor,4162,4171,True
2024.10.04_14-48-37_Biarmipes84_no_odor,4173,4181,True
2024.10.04_14-48-37_Biarmipes84_no_odor,4183,4186,True
2024.10.04_14-48-37_Biarmipes84_no_odor,4188,4194,True
2024.10.04_14-48-37_Biarmipes84_no_odor,4196,4201,True
2024.10.04_14-48-37_Biarmipes84_no_odor,4203,4207,True
2024.10.04_14-48-37_Biarmipes84_no_odor,4209,4212,True
2024.10.04_14-48-37_Biarmipes84_no_odor,4214,4223,True
2024.10.04_14-48-37_Biarmipes84_no_odor,4225,4228,True
2024.10.04_14-48-37_Biarmipes84_no_odor,4230,4237,True
2024.10.04_14-48-37_Biarmipes84_no_odor,4239,4246,True
2024.10.04_14-48-37_Biarmipes84_no_odor,4248,4255,True
2024.10.04_14-48-37_Biarmipes84_no_odor,4257,4265,True
2024.10.04_14-48-37_Biarmipes84_no_odor,4267,4281,True
2024.10.04_14-48-37_Biarmipes84_no_odor,4284,4291,True
2024.10.04_14-48-37_Biarmipes84_no_odor,4294,4747,True
2024.10.04_14-48-37_Biarmipes84_no_odor,4749,4798,True
2024.10.04_14-48-37_Biarmipes84_no_odor,4800,6354,True
2024.10.04_14-48-37_Biarmipes84_no_odor,7336,7336,True
2024.10.04_14-48-37_Biarmipes84_no_odor,7339,7340,True
2024.10.04_14-48-37_Biarmipes84_no_odor,7342,7342,True
2024.10.04_14-48-37_Biarmipes84_no_odor,7344,7344,True
2024.10.04_14-48-37_Biarmipes84_no_odor,7346,7346,True
2024.10.04_14-48-37_Biarmipes84_no_odor,7348,7351,True
2024.10.04_14-48-37_Biarmipes84_no_odor,7371,7387,True
2024.10.04_14-48-37_Biarmipes84_no_odor,7390,7394,True
2024.10.04_14-48-37_Biarmipes84_no_odor,7396,7400,True
2024.10.04_14-48-37_Biarmipes84_no_odor,7402,7403,True
2024.10.04_14-48-37_Biarmipes84_no_odor,7405,7407,True
2024.10.04_14-48-37_Biarmipes84_no_odor,7412,7424,True
2024.10.04_14-48-37_Biarmipes84_no_odor,7427,7431,True
2024.10.04_14-48-37_Biarmipes84_no_odor,7433,7442,True
2024.10.04_14-48-37_Biarmipes84_no_odor,7444,7444,True
2024.10.04_14-48-37_Biarmipes84_no_odor,7446,7462,True
2024.10.04_14-48-37_Biarmipes84_no_odor,7464,7476,True
2024.10.04_14-48-37_Biarmipes84_no_odor,7478,7490,True
2024.10.04_14-48-37_Biarmipes84_no_odor,7492,7535,True
2024.10.04_14-48-37_Biarmipes84_no_odor,7544,7556,True
2024.10.04_14-48-37_Biarmipes84_no_odor,7569,7570,True
2024.10.04_14-48-37_Biarmipes84_no_odor,7595,7595,True
2024.10.04_14-48-37_Biarmipes84_no_odor,7621,7623,True
2024.10.04_14-48-37_Biarmipes84_no_odor,7625,7625,True
2024.10.04_14-48-37_Biarmipes84_no_odor,7627,7630,True
2024.10.04_14-48-37_Biarmipes84_no_odor,7635,7635,True
2024.10.04_14-48-37_Biarmipes84_no_odor,7639,7639,True
2024.10.04_14-48-37_Biarmipes84_no_odor,7641,7641,True
2024.10.04_14-48-37_Biarmipes84_no_odor,7646,7646,True
2024.10.04_14-48-37_Biarmipes84_no_odor,7648,7650,True
2024.10.04_14-48-37_Biarmipes84_no_odor,7655,7655,True
2024.10.04_14-48-37_Biarmipes84_no_odor,7658,7658,True
2024.10.04_14-48-37_Biarmipes84_no_odor,7660,7662,True
2024.10.04_14-48-37_Biarmipes84_no_odor,7664,7664,True
2024.10.04_14-48-37_Biarmipes84_no_odor,7676,7676,True
2024.10.04_14-48-37_Biarmipes84_no_odor,7678,7679,True
2024.10.04_14-48-37_Biarmipes84_no_odor,7688,7689,True
2024.10.04_14-48-37_Biarmipes84_no_odor,7698,7698,True
2024.10.04_14-48-37_Biarmipes84_no_odor,7702,7702,True
2024.10.04_14-48-37_Biarmipes84_no_odor,7717,7717,True
2024.10.04_14-48-37_Biarmipes84_no_odor,7722,7723,True
2024.10.04_14-48-37_Biarmipes84_no_odor,7727,7727,True
2024.10.04_14-48-37_Biarmipes84_no_odor,7739,7739,True
2024.10.04_14-48-37_Biarmipes84_no_odor,7753,7754,True
2024.10.04_14-48-37_Biarmipes84_no_odor,7757,7759,True
2024.10.04_14-48-37_Biarmipes84_no_odor,7764,7766,True
2024.10.04_14-48-37_Biarmipes84_no_odor,7772,7774,True
2024.10.04_14-48-37_Biarmipes84_no_odor,7786,7786,True
2024.10.04_14-48-37_Biarmipes84_no_odor,7790,7794,True
2024.10.04_14-48-37_Biarmipes84_no_odor,7796,7812,True
2024.10.04_14-48-37_Biarmipes84_no_odor,7814,7820,True
2024.10.04_14-48-37_Biarmipes84_no_odor,7822,7842,True
2024.10.04_14-48-37_Biarmipes84_no_odor,7844,7844,True
2024.10.04_14-48-37_Biarmipes84_no_odor,7847,7856,True
2024.10.04_14-48-37_Biarmipes84_no_odor,7861,7862,True
2024.10.04_14-48-37_Biarmipes84_no_odor,7874,7875,True
2024.10.04_14-48-37_Biarmipes84_no_odor,7883,7887,True
2024.10.04_14-48-37_Biarmipes84_no_odor,7892,7892,True
2024.10.04_14-48-37_Biarmipes84_no_odor,7906,7906,True
2024.10.04_14-48-37_Biarmipes84_no_odor,7909,7909,True
2024.10.04_14-48-37_Biarmipes84_no_odor,7913,7913,True
2024.10.04_14-48-37_Biarmipes84_no_odor,7917,7917,True
2024.10.04_14-48-37_Biarmipes84_no_odor,7928,7928,True
2024.10.04_14-48-37_Biarmipes84_no_odor,7931,7931,True
2024.10.04_14-48-37_Biarmipes84_no_odor,7935,7935,True
2024.10.04_14-48-37_Biarmipes84_no_odor,7940,7940,True
2024.10.04_14-48-37_Biarmipes84_no_odor,7962,7971,True
2024.10.04_14-48-37_Biarmipes84_no_odor,7977,7977,True
2024.10.04_14-48-37_Biarmipes84_no_odor,7982,7982,True
2024.10.04_14-48-37_Biarmipes84_no_odor,7985,7985,True
2024.10.04_14-48-37_Biarmipes84_no_odor,7994,7994,True
2024.10.04_14-48-37_Biarmipes84_no_odor,8000,8000,True
2024.10.04_14-48-37_Biarmipes84_no_odor,8002,8002,True
2024.10.04_14-48-37_Biarmipes84_no_odor,8020,8020,True
2024.10.04_14-48-37_Biarmipes84_no_odor,8038,8045,True
2024.10.04_14-48-37_Biarmipes84_no_odor,8050,8052,True
2024.10.04_14-48-37_Biarmipes84_no_odor,8054,8074,True
2024.10.04_14-48-37_Biarmipes84_no_odor,8076,8090,True
2024.10.04_14-48-37_Biarmipes84_no_odor,8092,8126,True
2024.10.04_14-48-37_Biarmipes84_no_odor,8129,8129,True
2024.10.04_14-48-37_Biarmipes84_no_odor,8131,8174,True
2024.10.04_14-48-37_Biarmipes84_no_odor,8186,8188,True
2024.10.04_14-48-37_Biarmipes84_no_odor,8192,8193,True
2024.10.04_14-48-37_Biarmipes84_no_odor,8196,8198,True
2024.10.04_14-48-37_Biarmipes84_no_odor,8201,8208,True
2024.10.04_14-48-37_Biarmipes84_no_odor,8215,8215,True
2024.10.04_14-48-37_Biarmipes84_no_odor,8222,8222,True
2024.10.04_14-48-37_Biarmipes84_no_odor,8234,8234,True
2024.10.04_14-48-37_Biarmipes84_no_odor,8443,8463,True
2024.10.04_14-48-37_Biarmipes84_no_odor,8493,8500,True
2024.10.24_12-10-34_Biarmipes84_prenac,1499,1500,True
2024.10.24_12-10-34_Biarmipes84_prenac,1502,1505,True
2024.10.24_12-10-34_Biarmipes84_prenac,1508,1512,True
2024.10.24_12-10-34_Biarmipes84_prenac,1514,1514,True
2024.10.24_12-10-34_Biarmipes84_prenac,1516,1517,True
2024.10.24_12-10-34_Biarmipes84_prenac,1519,1520,True
2024.10.24_12-10-34_Biarmipes84_prenac,1522,1524,True
2024.10.24_12-10-34_Biarmipes84_prenac,1526,1526,True
2024.10.24_12-10-34_Biarmipes84_prenac,1528,1528,True
2024.10.24_12-10-34_Biarmipes84_prenac,1533,1533,True
2024.10.24_12-10-34_Biarmipes84_prenac,1535,1540,True
2024.10.24_12-10-34_Biarmipes84_prenac,1546,1546,True
2024.10.24_12-10-34_Biarmipes84_prenac,1551,1551,True
2024.10.24_12-10-34_Biarmipes84_prenac,1588,1590,True
2024.10.24_12-10-34_Biarmipes84_prenac,1596,1596,True
2024.10.24_12-10-34_Biarmipes84_prenac,1630,1630,True
2024.10.24_12-10-34_Biarmipes84_prenac,1633,1633,True
2024.10.24_12-10-34_Biarmipes84_prenac,1642,1643,True
2024.10.24_12-10-34_Biarmipes84_prenac,1651,1652,True
2024.10.24_12-10-34_Biarmipes84_prenac,1654,1655,True
2024.10.24_12-10-34_Biarmipes84_prenac,1657,1658,True
2024.10.24_12-10-34_Biarmipes84_prenac,1660,1661,True
2024.10.24_12-10-34_Biarmipes84_prenac,1663,1663,True
2024.10.24_12-10-34_Biarmipes84_prenac,1665,1668,True
2024.10.24_12-10-34_Biarmipes84_prenac,1672,1674,True
2024.10.24_12-10-34_Biarmipes84_prenac,1677,1679,True
2024.10.24_12-10-34_Biarmipes84_prenac,1692,1692,True
2024.10.24_12-10-34_Biarmipes84_prenac,1694,1694,True
2024.10.24_12-10-34_Biarmipes84_prenac,1697,1699,True
2024.10.24_12-10-34_Biarmipes84_prenac,1703,1703,True
2024.10.24_12-10-34_Biarmipes84_prenac,1706,1706,True
2024.10.24_12-10-34_Biarmipes84_prenac,1712,1714,True
2024.10.24_12-10-34_Biarmipes84_prenac,1719,1722,True
2024.10.24_12-10-34_Biarmipes84_prenac,1798,1798,True
2024.10.24_12-10-34_Biarmipes84_prenac,1807,1807,True
2024.10.24_12-10-34_Biarmipes84_prenac,1810,1811,True
2024.10.24_12-10-34_Biarmipes84_prenac,1832,1837,True
2024.10.24_12-10-34_Biarmipes84_prenac,1839,1840,True
2024.10.24_12-10-34_Biarmipes84_prenac,1842,1842,True
2024.10.24_12-10-34_Biarmipes84_prenac,1862,1862,True
2024.10.24_12-10-34_Biarmipes84_prenac,1869,1876,True
2024.10.24_12-10-34_Biarmipes84_prenac,1894,1895,True
2024.10.24_12-10-34_Biarmipes84_prenac,1897,1897,True
2024.10.24_12-10-34_Biarmipes84_prenac,1902,1902,True
2024.10.24_12-10-34_Biarmipes84_prenac,1912,1912,True
2024.10.24_12-10-34_Biarmipes84_prenac,1922,1923,True
2024.10.24_12-10-34_Biarmipes84_prenac,1939,1940,True
2024.10.24_12-10-34_Biarmipes84_prenac,1946,1946,True
2024.10.24_12-10-34_Biarmipes84_prenac,1948,1948,True
2024.10.24_12-10-34_Biarmipes84_prenac,1954,1954,True
2024.10.24_12-10-34_Biarmipes84_prenac,1956,1956,True
2024.10.24_12-10-34_Biarmipes84_prenac,1961,1961,True
2024.10.24_12-10-34_Biarmipes84_prenac,1964,1964,True
2024.10.24_12-10-34_Biarmipes84_prenac,1968,1970,True
2024.10.24_12-10-34_Biarmipes84_prenac,1977,1977,True
2024.10.24_12-10-34_Biarmipes84_prenac,1981,1983,True
2024.10.24_12-10-34_Biarmipes84_prenac,1985,1986,True
2024.10.24_12-10-34_Biarmipes84_prenac,1988,1991,True
2024.10.24_12-10-34_Biarmipes84_prenac,1994,1996,True
2024.10.24_12-10-34_Biarmipes84_prenac,1998,2002,True
2024.10.24_12-10-34_Biarmipes84_prenac,2006,2013,True
2024.10.24_12-10-34_Biarmipes84_prenac,2016,2018,True
2024.10.24_12-10-34_Biarmipes84_prenac,2020,2023,True
2024.10.24_12-10-34_Biarmipes84_prenac,2025,2027,True
2024.10.24_12-10-34_Biarmipes84_prenac,2029,2033,True
2024.10.24_12-10-34_Biarmipes84_prenac,2036,2037,True
2024.10.24_12-10-34_Biarmipes84_prenac,2039,2040,True
2024.10.24_12-10-34_Biarmipes84_prenac,2042,2045,True
2024.10.24_12-10-34_Biarmipes84_prenac,2047,2047,True
2024.10.24_12-10-34_Biarmipes84_prenac,2051,2053,True
2024.10.24_12-10-34_Biarmipes84_prenac,2055,2055,True
2024.10.24_12-10-34_Biarmipes84_prenac,2057,2057,True
2024.10.24_12-10-34_Biarmipes84_prenac,2060,2062,True
2024.10.24_12-10-34_Biarmipes84_prenac,2064,2064,True
2024.10.24_12-10-34_Biarmipes84_prenac,2066,2066,True
2024.10.24_12-10-34_Biarmipes84_prenac,2068,2070,True
2024.10.24_12-10-34_Biarmipes84_prenac,2072,2074,True
2024.10.24_12-10-34_Biarmipes84_prenac,2076,2084,True
2024.10.24_12-10-34_Biarmipes84_prenac,2086,2156,True
2024.10.24_12-10-34_Biarmipes84_prenac,2158,2175,True
2024.10.24_12-10-34_Biarmipes84_prenac,2177,2183,True
2024.10.24_12-10-34_Biarmipes84_prenac,2185,2185,True
2024.10.24_12-10-34_Biarmipes84_prenac,2187,2190,True
2024.10.24_12-10-34_Biarmipes84_prenac,2192,2205,True
2024.10.24_12-10-34_Biarmipes84_prenac,2207,2207,True
2024.10.24_12-10-34_Biarmipes84_prenac,2209,2213,True
2024.10.24_12-10-34_Biarmipes84_prenac,2215,2221,True
2024.10.24_12-10-34_Biarmipes84_prenac,2223,2226,True
2024.10.24_12-10-34_Biarmipes84_prenac,2228,2230,True
2024.10.24_12-10-34_Biarmipes84_prenac,2232,2250,True
2024.10.24_12-10-34_Biarmipes84_prenac,2252,2253,True
2024.10.24_12-10-34_Biarmipes84_prenac,2255,2257,True
2024.10.24_12-10-34_Biarmipes84_prenac,2259,2265,True
2024.10.24_12-10-34_Biarmipes84_prenac,2273,2275,True
2024.10.24_12-10-34_Biarmipes84_prenac,2289,2289,True
2024.10.24_12-10-34_Biarmipes84_prenac,2425,2426,True
2024.10.24_12-10-34_Biarmipes84_prenac,2428,2442,True
2024.10.24_12-10-34_Biarmipes84_prenac,2444,2473,True
2024.10.24_12-10-34_Biarmipes84_prenac,2476,2478,True
2024.10.24_12-10-34_Biarmipes84_prenac,2480,2483,True
2024.10.24_12-10-34_Biarmipes84_prenac,2485,2485,True
2024.10.24_12-10-34_Biarmipes84_prenac,2487,2488,True
2024.10.24_12-10-34_Biarmipes84_prenac,2490,2501,True
2024.10.24_12-10-34_Biarmipes84_prenac,2503,2503,True
2024.10.24_12-10-34_Biarmipes84_prenac,2506,2512,True
2024.10.24_12-10-34_Biarmipes84_prenac,2514,2515,True
2024.10.24_12-10-34_Biarmipes84_prenac,2517,2517,True
2024.10.24_12-10-34_Biarmipes84_prenac,2522,2522,True
2024.10.24_12-10-34_Biarmipes84_prenac,2524,2524,True
2024.10.24_12-10-34_Biarmipes84_prenac,2526,2528,True
2024.10.24_12-10-34_Biarmipes84_prenac,2530,2536,True
2024.10.24_12-10-34_Biarmipes84_prenac,2538,2540,True
2024.10.24_12-10-34_Biarmipes84_prenac,2542,2542,True
2024.10.24_12-10-34_Biarmipes84_prenac,2544,2544,True
2024.10.24_12-10-34_Biarmipes84_prenac,2546,2548,True
2024.10.24_12-10-34_Biarmipes84_prenac,2551,2551,True
2024.10.24_12-10-34_Biarmipes84_prenac,2553,2553,True
2024.10.24_12-10-34_Biarmipes84_prenac,2555,2557,True
2024.10.24_12-10-34_Biarmipes84_prenac,2574,2574,True
2024.10.24_12-10-34_Biarmipes84_prenac,2601,2601,True
2024.10.24_12-10-34_Biarmipes84_prenac,2604,2604,True
2024.10.24_12-10-34_Biarmipes84_prenac,2606,2608,True
2024.10.24_12-10-34_Biarmipes84_prenac,2610,2615,True
2024.10.24_12-10-34_Biarmipes84_prenac,2621,2621,True
2024.10.24_12-10-34_Biarmipes84_prenac,2628,2828,True
2024.10.24_12-10-34_Biarmipes84_prenac,2837,2837,True
2024.10.24_12-10-34_Biarmipes84_prenac,2839,2864,True
2024.10.24_12-10-34_Biarmipes84_prenac,2866,2866,True
2024.10.24_12-10-34_Biarmipes84_prenac,2874,2924,True
2024.10.24_12-10-34_Biarmipes84_prenac,2949,2951,True
2024.10.24_12-10-34_Biarmipes84_prenac,2954,2955,True
2024.10.24_12-10-34_Biarmipes84_prenac,2958,2959,True
2024.10.24_12-10-34_Biarmipes84_prenac,2962,2967,True
2024.10.24_12-10-34_Biarmipes84_prenac,2970,2970,True
2024.10.24_12-10-34_Biarmipes84_prenac,2972,2973,True
2024.10.24_12-10-34_Biarmipes84_prenac,2981,2985,True
2024.10.24_12-10-34_Biarmipes84_prenac,2987,2987,True
2024.10.24_12-10-34_Biarmipes84_prenac,2989,2989,True
2024.10.24_12-10-34_Biarmipes84_prenac,2993,2993,True
2024.10.24_12-10-34_Biarmipes84_prenac,2995,2995,True
2024.10.24_12-10-34_Biarmipes84_prenac,2999,3000,True
2024.10.24_12-10-34_Biarmipes84_prenac,3003,3004,True
2024.10.24_12-10-34_Biarmipes84_prenac,3010,3013,True
2024.10.24_12-10-34_Biarmipes84_prenac,3021,3021,True
2024.10.24_12-10-34_Biarmipes84_prenac,3032,3032,True
2024.10.24_12-10-34_Biarmipes84_prenac,3043,3046,True
2024.10.24_12-10-34_Biarmipes84_prenac,3052,3052,True
2024.10.24_12-10-34_Biarmipes84_prenac,3076,3076,True
2024.10.24_12-10-34_Biarmipes84_prenac,3089,3089,True
2024.10.24_12-10-34_Biarmipes84_prenac,3103,3103,True
2024.10.24_12-10-34_Biarmipes84_prenac,3125,3125,True
2024.10.24_12-10-34_Biarmipes84_prenac,3162,3163,True
2024.10.24_12-10-34_Biarmipes84_prenac,3171,3171,True
2024.10.24_12-10-34_Biarmipes84_prenac,3176,3176,True
2024.10.24_12-10-34_Biarmipes84_prenac,3189,3190,True
2024.10.24_12-10-34_Biarmipes84_prenac,3199,3204,True
2024.10.24_12-10-34_Biarmipes84_prenac,3264,3267,True
2024.10.24_12-10-34_Biarmipes84_prenac,3273,3273,True
2024.10.24_12-10-34_Biarmipes84_prenac,3281,3283,True
2024.10.24_12-10-34_Biarmipes84_prenac,3289,3289,True
2024.10.24_12-10-34_Biarmipes84_prenac,3291,3291,True
2024.10.24_12-10-34_Biarmipes84_prenac,3293,3295,True
2024.10.24_12-10-34_Biarmipes84_prenac,3336,3410,True
2024.10.24_12-10-34_Biarmipes84_prenac,3433,3496,True
2024.10.24_12-10-34_Biarmipes84_prenac,3498,3530,True
2024.10.24_12-10-34_Biarmipes84_prenac,3532,3552,True
2024.10.24_12-10-34_Biarmipes84_prenac,3554,3559,True
2024.10.24_12-10-34_Biarmipes84_prenac,3588,3620,True
2024.10.24_12-10-34_Biarmipes84_prenac,3622,3702,True
2024.10.24_12-10-34_Biarmipes84_prenac,3918,3918,True
2024.10.24_12-10-34_Biarmipes84_prenac,3920,3922,True
2024.10.24_12-10-34_Biarmipes84_prenac,3925,3925,True
2024.10.24_12-10-34_Biarmipes84_prenac,3927,3927,True
2024.10.24_12-10-34_Biarmipes84_prenac,3929,3938,True
2024.10.24_12-10-34_Biarmipes84_prenac,3942,3942,True
2024.10.24_12-10-34_Biarmipes84_prenac,3945,3945,True
2024.10.24_12-10-34_Biarmipes84_prenac,3949,3950,True
2024.10.24_12-10-34_Biarmipes84_prenac,3955,3955,True
2024.10.24_12-10-34_Biarmipes84_prenac,3962,3962,True
2024.10.24_12-10-34_Biarmipes84_prenac,3965,3965,True
2024.10.24_12-10-34_Biarmipes84_prenac,3967,3967,True
2024.10.24_12-10-34_Biarmipes84_prenac,3985,3986,True
2024.10.24_12-10-34_Biarmipes84_prenac,3994,3994,True
2024.10.24_12-10-34_Biarmipes84_prenac,3999,3999,True
2024.10.24_12-10-34_Biarmipes84_prenac,4001,4002,True
2024.10.24_12-10-34_Biarmipes84_prenac,4004,4004,True
2024.10.24_12-10-34_Biarmipes84_prenac,4007,4007,True
2024.10.24_12-10-34_Biarmipes84_prenac,4017,4017,True
2024.10.24_12-10-34_Biarmipes84_prenac,4021,4021,True
2024.10.24_12-10-34_Biarmipes84_prenac,4024,4024,True
2024.10.24_12-10-34_Biarmipes84_prenac,4026,4026,True
2024.10.24_12-10-34_Biarmipes84_prenac,4028,4028,True
2024.10.24_12-10-34_Biarmipes84_prenac,4033,4034,True
2024.10.24_12-10-34_Biarmipes84_prenac,4048,4048,True
2024.10.24_12-10-34_Biarmipes84_prenac,4051,4051,True
2024.10.24_12-10-34_Biarmipes84_prenac,4055,4055,True
2024.10.24_12-10-34_Biarmipes84_prenac,4057,4057,True
2024.10.24_12-10-34_Biarmipes84_prenac,4060,4060,True
2024.10.24_12-10-34_Biarmipes84_prenac,4067,4070,True
2024.10.24_12-10-34_Biarmipes84_prenac,4072,4072,True
2024.10.24_12-10-34_Biarmipes84_prenac,4074,4074,True
2024.10.24_12-10-34_Biarmipes84_prenac,4076,4076,True
2024.10.24_12-10-34_Biarmipes84_prenac,4082,4085,True
2024.10.24_12-10-34_Biarmipes84_prenac,4090,4090,True
2024.10.24_12-10-34_Biarmipes84_prenac,4093,4093,True
2024.10.24_12-10-34_Biarmipes84_prenac,4095,4095,True
2024.10.24_12-10-34_Biarmipes84_prenac,4111,4111,True
2024.10.24_12-10-34_Biarmipes84_prenac,4113,4114,True
2024.10.24_12-10-34_Biarmipes84_prenac,4120,4120,True
2024.10.24_12-10-34_Biarmipes84_prenac,4127,4127,True
2024.10.24_12-10-34_Biarmipes84_prenac,4135,4135,True
2024.10.24_12-10-34_Biarmipes84_prenac,4142,4142,True
2024.10.24_12-10-34_Biarmipes84_prenac,4148,4148,True
2024.10.24_12-10-34_Biarmipes84_prenac,4159,4160,True
2024.10.24_12-10-34_Biarmipes84_prenac,4167,4167,True
2024.10.24_12-10-34_Biarmipes84_prenac,4172,4173,True
2024.10.24_12-10-34_Biarmipes84_prenac,4179,4179,True
2024.10.24_12-10-34_Biarmipes84_prenac,4182,4182,True
2024.10.24_12-10-34_Biarmipes84_prenac,4189,4190,True
2024.10.24_12-10-34_Biarmipes84_prenac,4196,4198,True
2024.10.24_12-10-34_Biarmipes84_prenac,4203,4203,True
2024.10.24_12-10-34_Biarmipes84_prenac,4207,4207,True
2024.10.24_12-10-34_Biarmipes84_prenac,4212,4213,True
2024.10.24_12-10-34_Biarmipes84_prenac,4215,4215,True
2024.10.24_12-10-34_Biarmipes84_prenac,4221,4226,True
2024.10.24_12-10-34_Biarmipes84_prenac,4234,4235,True
2024.10.24_12-10-34_Biarmipes84_prenac,4237,4238,True
2024.10.24_12-10-34_Biarmipes84_prenac,4240,4240,True
2024.10.24_12-10-34_Biarmipes84_prenac,4242,4242,True
2024.10.24_12-10-34_Biarmipes84_prenac,4247,4251,True
2024.10.24_12-10-34_Biarmipes84_prenac,4253,4259,True
2024.10.24_12-10-34_Biarmipes84_prenac,4261,4262,True
2024.10.24_12-10-34_Biarmipes84_prenac,4268,4270,True
2024.10.24_12-10-34_Biarmipes84_prenac,4273,4280,True
2024.10.24_12-10-34_Biarmipes84_prenac,4282,4282,True
2024.10.24_12-10-34_Biarmipes84_prenac,4284,4333,True
2024.10.24_12-10-34_Biarmipes84_prenac,4335,4645,True
2024.10.24_12-10-34_Biarmipes84_prenac,4648,4650,True
2024.10.24_12-10-34_Biarmipes84_prenac,4653,6539,True
2024.10.24_12-10-34_Biarmipes84_prenac,7405,7405,True
2024.10.24_12-10-34_Biarmipes84_prenac,7407,7407,True
2024.10.24_12-10-34_Biarmipes84_prenac,7409,7415,True
2024.10.24_12-10-34_Biarmipes84_prenac,7422,7427,True
2024.10.24_12-10-34_Biarmipes84_prenac,7429,7430,True
2024.10.24_12-10-34_Biarmipes84_prenac,7435,7437,True
2024.10.24_12-10-34_Biarmipes84_prenac,7441,7442,True
2024.10.24_12-10-34_Biarmipes84_prenac,7445,7448,True
2024.10.24_12-10-34_Biarmipes84_prenac,7451,7452,True
2024.10.24_12-10-34_Biarmipes84_prenac,7454,7454,True
2024.10.24_12-10-34_Biarmipes84_prenac,7489,7489,True
2024.10.24_12-10-34_Biarmipes84_prenac,7544,7544,True
2024.10.24_12-10-34_Biarmipes84_prenac,7550,7554,True
2024.10.24_12-10-34_Biarmipes84_prenac,7556,7556,True
2024.10.24_12-10-34_Biarmipes84_prenac,7558,7573,True
2024.10.24_12-10-34_Biarmipes84_prenac,7586,7588,True
2024.10.24_12-10-34_Biarmipes84_prenac,7590,7598,True
2024.10.24_12-10-34_Biarmipes84_prenac,7603,7605,True
2024.10.24_12-10-34_Biarmipes84_prenac,7608,7608,True
2024.10.24_12-10-34_Biarmipes84_prenac,7622,7624,True
2024.10.24_12-10-34_Biarmipes84_prenac,7627,7628,True
2024.10.24_12-10-34_Biarmipes84_prenac,7634,7636,True
2024.10.24_12-10-34_Biarmipes84_prenac,7642,7644,True
2024.10.24_12-10-34_Biarmipes84_prenac,7651,7660,True
2024.10.24_12-10-34_Biarmipes84_prenac,7665,7667,True
2024.10.24_12-10-34_Biarmipes84_prenac,7882,7884,True
2024.10.24_12-10-34_Biarmipes84_prenac,7890,8006,True
2024.10.24_12-10-34_Biarmipes84_prenac,8009,8727,True
2024.10.29_07-16-59_Sto_car_metben,209,209,True
2024.10.29_07-16-59_Sto_car_metben,211,216,True
2024.10.29_07-16-59_Sto_car_metben,218,961,True
2024.10.29_07-16-59_Sto_car_metben,2084,2084,True
2024.10.29_07-16-59_Sto_car_metben,2086,2086,True
2024.10.29_07-16-59_Sto_car_metben,2088,2088,True
2024.10.29_07-16-59_Sto_car_metben,2113,2117,True
2024.10.29_07-16-59_Sto_car_metben,2121,2122,True
2024.10.29_07-16-59_Sto_car_metben,2125,2125,True
2024.10.29_07-16-59_Sto_car_metben,2131,2168,True
2024.10.29_07-16-59_Sto_car_metben,2170,2180,True
2024.10.29_07-16-59_Sto_car_metben,2182,3238,True
2024.10.29_07-16-59_Sto_car_metben,4217,5172,True
2024.10.29_07-16-59_Sto_car_metben,6535,7928,True
2024.10.29_07-16-59_Sto_car_metben,8124,8172,True
2024.10.29_07-16-59_Sto_car_metben,8225,8313,True
2024.10.14_10-47-44_Riverside_metbut,3,1757,True
2024.10.14_10-47-44_Riverside_metbut,2475,2487,True
2024.10.14_10-47-44_Riverside_metbut,2514,2517,True
2024.10.14_10-47-44_Riverside_metbut,2522,2526,True
2024.10.14_10-47-44_Riverside_metbut,2532,2552,True
2024.10.14_10-47-44_Riverside_metbut,2562,3576,True
2024.10.14_10-47-44_Riverside_metbut,3589,3589,True
2024.10.14_10-47-44_Riverside_metbut,3591,3725,True
2024.10.14_10-47-44_Riverside_metbut,5502,7034,True
2024.10.14_10-47-44_Riverside_metbut,7340,7356,True
2024.10.14_10-47-44_Riverside_metbut,7365,7390,True
2024.10.14_10-47-44_Riverside_metbut,7410,7410,True
2024.10.14_10-47-44_Riverside_metbut,7412,7961,True
2024.11.04_10-01-10_Sechellia28_e2hex,1105,2599,True
2024.11.04_10-01-10_Sechellia28_e2hex,2608,3280,True
2024.11.04_10-01-10_Sechellia28_e2hex,3287,4079,True
2024.11.04_10-01-10_Sechellia28_e2hex,4731,5842,True
2024.11.04_10-01-10_Sechellia28_e2hex,6059,6060,True
2024.11.04_10-01-10_Sechellia28_e2hex,7402,7415,True
2024.11.04_10-01-10_Sechellia28_e2hex,7449,7766,True
2024.10.16_09-45-46_Yakuba_Cameroon_prenac,3,2383,True
2024.10.16_09-45-46_Yakuba_Cameroon_prenac,3811,5232,True
2024.10.16_09-45-46_Yakuba_Cameroon_prenac,6066,6368,True
2024.10.16_09-45-46_Yakuba_Cameroon_prenac,6459,6488,True
2024.10.16_09-45-46_Yakuba_Cameroon_prenac,6502,6524,True
2024.10.16_09-45-46_Yakuba_Cameroon_prenac,6526,6528,True
2024.10.16_09-45-46_Yakuba_Cameroon_prenac,6530,6533,True
2024.10.16_09-45-46_Yakuba_Cameroon_prenac,6537,6537,True
2024.10.16_09-45-46_Yakuba_Cameroon_prenac,6539,6540,True
2024.10.16_09-45-46_Yakuba_Cameroon_prenac,6547,6547,True
2024.10.16_09-45-46_Yakuba_Cameroon_prenac,6556,6556,True
2024.10.16_09-45-46_Yakuba_Cameroon_prenac,6560,6560,True
2024.10.16_09-45-46_Yakuba_Cameroon_prenac,6562,6594,True
2024.10.16_09-45-46_Yakuba_Cameroon_prenac,6596,6609,True
2024.10.16_09-45-46_Yakuba_Cameroon_prenac,6611,7415,True
2024.10.31_04-34-55_Biarmipes_G224_metben,3,733,True
2024.10.31_04-34-55_Biarmipes_G224_metben,758,804,True
2024.10.31_04-34-55_Biarmipes_G224_metben,1880,1885,True
2024.10.31_04-34-55_Biarmipes_G224_metben,1893,1899,True
2024.10.31_04-34-55_Biarmipes_G224_metben,1903,1903,True
2024.10.31_04-34-55_Biarmipes_G224_metben,1913,1978,True
2024.10.31_04-34-55_Biarmipes_G224_metben,2012,2020,True
2024.10.31_04-34-55_Biarmipes_G224_metben,2025,2073,True
2024.10.31_04-34-55_Biarmipes_G224_metben,2097,2097,True
2024.10.31_04-34-55_Biarmipes_G224_metben,2108,2178,True
2024.10.31_04-34-55_Biarmipes_G224_metben,2185,2185,True
2024.10.31_04-34-55_Biarmipes_G224_metben,2189,2190,True
2024.10.31_04-34-55_Biarmipes_G224_metben,2228,2229,True
2024.10.31_04-34-55_Biarmipes_G224_metben,2231,2233,True
2024.10.31_04-34-55_Biarmipes_G224_metben,2236,2950,True
2024.10.31_04-34-55_Biarmipes_G224_metben,3240,3253,True
2024.10.31_04-34-55_Biarmipes_G224_metben,3348,3364,True
2024.10.31_04-34-55_Biarmipes_G224_metben,3595,3595,True
2024.10.31_04-34-55_Biarmipes_G224_metben,3611,3850,True
2024.10.31_04-34-55_Biarmipes_G224_metben,4296,4299,True
2024.10.31_04-34-55_Biarmipes_G224_metben,4977,5030,True
2024.10.31_04-34-55_Biarmipes_G224_metben,5032,5057,True
2024.10.31_04-34-55_Biarmipes_G224_metben,5069,5069,True
2024.10.31_04-34-55_Biarmipes_G224_metben,5071,5148,True
2024.10.31_04-34-55_Biarmipes_G224_metben,5151,5154,True
2024.10.31_04-34-55_Biarmipes_G224_metben,5158,5304,True
2024.10.31_04-34-55_Biarmipes_G224_metben,5311,5872,True
2024.10.31_04-34-55_Biarmipes_G224_metben,5874,6090,True
2024.10.31_04-34-55_Biarmipes_G224_metben,6092,6146,True
2024.10.31_04-34-55_Biarmipes_G224_metben,6150,6170,True
2024.10.31_04-34-55_Biarmipes_G224_metben,6172,6190,True
2024.10.31_04-34-55_Biarmipes_G224_metben,6320,6335,True
2024.10.31_04-34-55_Biarmipes_G224_metben,6337,6337,True
2024.10.31_04-34-55_Biarmipes_G224_metben,6356,6362,True
2024.10.31_04-34-55_Biarmipes_G224_metben,6364,6376,True
2024.10.31_04-34-55_Biarmipes_G224_metben,6382,6382,True
2024.10.31_04-34-55_Biarmipes_G224_metben,6385,6389,True
2024.10.31_04-34-55_Biarmipes_G224_metben,6391,6413,True
2024.10.31_04-34-55_Biarmipes_G224_metben,6415,6443,True
2024.10.31_04-34-55_Biarmipes_G224_metben,6938,6939,True
2024.10.31_04-34-55_Biarmipes_G224_metben,6963,7211,True
2024.10.31_04-34-55_Biarmipes_G224_metben,7558,7568,True
2024.10.31_04-34-55_Biarmipes_G224_metben,7571,7584,True
2024.10.31_04-34-55_Biarmipes_G224_metben,7590,7619,True
2024.10.31_04-34-55_Biarmipes_G224_metben,7635,7639,True
2024.10.31_04-34-55_Biarmipes_G224_metben,7646,7691,True
2024.10.31_04-34-55_Biarmipes_G224_metben,7716,7722,True
2024.10.31_04-34-55_Biarmipes_G224_metben,7730,7754,True
2024.10.31_04-34-55_Biarmipes_G224_metben,7848,7859,True
2024.10.31_04-34-55_Biarmipes_G224_metben,7866,7936,True
2024.10.31_04-34-55_Biarmipes_G224_metben,7942,7949,True
2024.10.31_04-34-55_Biarmipes_G224_metben,7951,7951,True
2024.10.31_04-34-55_Biarmipes_G224_metben,7955,7957,True
2024.10.31_04-34-55_Biarmipes_G224_metben,7961,7961,True
2024.10.31_04-34-55_Biarmipes_G224_metben,7963,7967,True
2024.10.31_04-34-55_Biarmipes_G224_metben,7974,7974,True
2024.10.31_04-34-55_Biarmipes_G224_metben,7977,7989,True
2024.10.31_04-34-55_Biarmipes_G224_metben,7994,7995,True
2024.10.31_04-34-55_Biarmipes_G224_metben,8004,8042,True
2024.10.31_04-34-55_Biarmipes_G224_metben,8044,8044,True
2024.10.31_04-34-55_Biarmipes_G224_metben,8077,8505,True
2024.10.31_04-34-55_Biarmipes_G224_metben,8530,8552,True
2024.10.31_04-34-55_Biarmipes_G224_metben,8554,8554,True
2024.10.31_04-34-55_Biarmipes_G224_metben,8562,8638,True
2024.10.31_04-34-55_Biarmipes_G224_metben,8801,8845,True
2024.10.31_04-34-55_Biarmipes_G224_metben,8847,8847,True
2024.10.31_04-34-55_Biarmipes_G224_metben,8850,8863,True
2024.10.31_04-34-55_Biarmipes_G224_metben,8865,8885,True
2024.10.31_04-34-55_Biarmipes_G224_metben,8903,8980,True
2024.12.01_20-33-51_Riverside_prenac,465,490,True
2024.12.01_20-33-51_Riverside_prenac,492,1984,True
2024.12.01_20-33-51_Riverside_prenac,2407,2408,True
2024.12.01_20-33-51_Riverside_prenac,2410,2418,True
2024.12.01_20-33-51_Riverside_prenac,2420,2422,True
2024.12.01_20-33-51_Riverside_prenac,2424,2424,True
2024.12.01_20-33-51_Riverside_prenac,2428,2428,True
2024.12.01_20-33-51_Riverside_prenac,2432,2541,True
2024.12.01_20-33-51_Riverside_prenac,2711,2747,True
2024.12.01_20-33-51_Riverside_prenac,2784,2944,True
2024.12.01_20-33-51_Riverside_prenac,2950,2950,True
2024.12.01_20-33-51_Riverside_prenac,4125,4125,True
2024.12.01_20-33-51_Riverside_prenac,4136,4145,True
2024.12.01_20-33-51_Riverside_prenac,4198,4198,True
2024.12.01_20-33-51_Riverside_prenac,6327,6468,True
2024.12.01_20-33-51_Riverside_prenac,6567,6567,True
2024.12.01_20-33-51_Riverside_prenac,6569,6589,True
2024.12.01_20-33-51_Riverside_prenac,6626,6664,True
2024.12.01_20-33-51_Riverside_prenac,6855,6863,True
2024.12.01_20-33-51_Riverside_prenac,6865,6899,True
2024.12.01_20-33-51_Riverside_prenac,6901,6922,True
2024.12.01_20-33-51_Riverside_prenac,6925,8237,True
2024.12.01_20-33-51_Riverside_prenac,8596,8642,True
2024.12.01_20-33-51_Riverside_prenac,8663,8678,True
2024.12.01_20-33-51_Riverside_prenac,8815,8831,True
2024.12.01_20-33-51_Riverside_prenac,8833,8833,True
2024.10.23_08-40-24_Biarmipes84_prenac,393,404,True
2024.10.23_08-40-24_Biarmipes84_prenac,409,411,True
2024.10.23_08-40-24_Biarmipes84_prenac,413,414,True
2024.10.23_08-40-24_Biarmipes84_prenac,426,1235,True
2024.10.23_08-40-24_Biarmipes84_prenac,1237,1303,True
2024.10.23_08-40-24_Biarmipes84_prenac,1338,1391,True
2024.10.23_08-40-24_Biarmipes84_prenac,1393,1416,True
2024.10.23_08-40-24_Biarmipes84_prenac,1422,1422,True
2024.10.23_08-40-24_Biarmipes84_prenac,1425,1425,True
2024.10.23_08-40-24_Biarmipes84_prenac,1429,1429,True
2024.10.23_08-40-24_Biarmipes84_prenac,1436,1473,True
2024.10.23_08-40-24_Biarmipes84_prenac,1475,1785,True
2024.10.23_08-40-24_Biarmipes84_prenac,3595,3595,True
2024.10.23_08-40-24_Biarmipes84_prenac,3918,3920,True
2024.10.23_08-40-24_Biarmipes84_prenac,3922,4030,True
2024.10.23_08-40-24_Biarmipes84_prenac,4089,4206,True
2024.10.23_08-40-24_Biarmipes84_prenac,4208,4213,True
2024.10.23_08-40-24_Biarmipes84_prenac,4215,4255,True
2024.10.23_08-40-24_Biarmipes84_prenac,4268,4274,True
2024.10.23_08-40-24_Biarmipes84_prenac,4277,4280,True
2024.10.23_08-40-24_Biarmipes84_prenac,4283,4288,True
2024.10.23_08-40-24_Biarmipes84_prenac,4291,4311,True
2024.10.23_08-40-24_Biarmipes84_prenac,4316,4325,True
2024.10.23_08-40-24_Biarmipes84_prenac,4358,4365,True
2024.10.23_08-40-24_Biarmipes84_prenac,4465,4465,True
2024.10.23_08-40-24_Biarmipes84_prenac,4614,4622,True
2024.10.23_08-40-24_Biarmipes84_prenac,4624,4749,True
2024.10.23_08-40-24_Biarmipes84_prenac,4751,4795,True
2024.10.23_08-40-24_Biarmipes84_prenac,4797,7292,True
2024.10.23_08-40-24_Biarmipes84_prenac,7705,7853,True
2024.10.23_08-40-24_Biarmipes84_prenac,8951,8963,True
2024.10.15_12-51-51_sechellia_prenac,1544,1548,True
2024.10.15_12-51-51_sechellia_prenac,1550,1552,True
2024.10.15_12-51-51_sechellia_prenac,1563,1563,True
2024.10.15_12-51-51_sechellia_prenac,1565,1567,True
2024.10.15_12-51-51_sechellia_prenac,1570,1574,True
2024.10.15_12-51-51_sechellia_prenac,1581,1585,True
2024.10.15_12-51-51_sechellia_prenac,1587,1608,True
2024.10.15_12-51-51_sechellia_prenac,1634,1634,True
2024.10.15_12-51-51_sechellia_prenac,1636,1637,True
2024.10.15_12-51-51_sechellia_prenac,1639,1641,True
2024.10.15_12-51-51_sechellia_prenac,1643,1643,True
2024.10.15_12-51-51_sechellia_prenac,1645,1649,True
2024.10.15_12-51-51_sechellia_prenac,1651,1651,True
2024.10.15_12-51-51_sechellia_prenac,1656,1656,True
2024.10.15_12-51-51_sechellia_prenac,1658,1692,True
2024.10.15_12-51-51_sechellia_prenac,1729,1839,True
2024.10.15_12-51-51_sechellia_prenac,1891,1912,True
2024.10.15_12-51-51_sechellia_prenac,1936,1944,True
2024.10.15_12-51-51_sechellia_prenac,2276,2358,True
2024.10.15_12-51-51_sechellia_prenac,2360,2388,True
2024.10.15_12-51-51_sechellia_prenac,2390,2535,True
2024.10.15_12-51-51_sechellia_prenac,2537,2537,True
2024.10.15_12-51-51_sechellia_prenac,2539,2545,True
2024.10.15_12-51-51_sechellia_prenac,2547,2548,True
2024.10.15_12-51-51_sechellia_prenac,2550,2550,True
2024.10.15_12-51-51_sechellia_prenac,2552,2553,True
2024.10.15_12-51-51_sechellia_prenac,2555,2844,True
2024.10.15_12-51-51_sechellia_prenac,3359,3363,True
2024.10.15_12-51-51_sechellia_prenac,3370,3370,True
2024.10.15_12-51-51_sechellia_prenac,3373,3376,True
2024.10.15_12-51-51_sechellia_prenac,3378,3386,True
2024.10.15_12-51-51_sechellia_prenac,3388,3396,True
2024.10.15_12-51-51_sechellia_prenac,3399,3412,True
2024.10.15_12-51-51_sechellia_prenac,3415,3418,True
2024.10.15_12-51-51_sechellia_prenac,3420,3428,True
2024.10.15_12-51-51_sechellia_prenac,3431,3449,True
2024.10.15_12-51-51_sechellia_prenac,3451,3454,True
2024.10.15_12-51-51_sechellia_prenac,3456,3465,True
2024.10.15_12-51-51_sechellia_prenac,3467,3475,True
2024.10.15_12-51-51_sechellia_prenac,3477,3477,True
2024.10.15_12-51-51_sechellia_prenac,3479,3484,True
2024.10.15_12-51-51_sechellia_prenac,3486,3498,True
2024.10.15_12-51-51_sechellia_prenac,3500,3501,True
2024.10.15_12-51-51_sechellia_prenac,3503,3503,True
2024.10.15_12-51-51_sechellia_prenac,3505,3507,True
2024.10.15_12-51-51_sechellia_prenac,3510,3513,True
2024.10.15_12-51-51_sechellia_prenac,3515,3526,True
2024.10.15_12-51-51_sechellia_prenac,3531,3535,True
2024.10.15_12-51-51_sechellia_prenac,3538,3539,True
2024.10.15_12-51-51_sechellia_prenac,3542,3544,True
2024.10.15_12-51-51_sechellia_prenac,3546,3546,True
2024.10.15_12-51-51_sechellia_prenac,3548,3552,True
2024.10.15_12-51-51_sechellia_prenac,3554,3554,True
2024.10.15_12-51-51_sechellia_prenac,3556,3556,True
2024.10.15_12-51-51_sechellia_prenac,3576,3577,True
2024.10.15_12-51-51_sechellia_prenac,3579,3582,True
2024.10.15_12-51-51_sechellia_prenac,3590,3593,True
2024.10.15_12-51-51_sechellia_prenac,3662,3686,True
2024.10.15_12-51-51_sechellia_prenac,3691,3693,True
2024.10.15_12-51-51_sechellia_prenac,3695,3695,True
2024.10.15_12-51-51_sechellia_prenac,3699,3699,True
2024.10.15_12-51-51_sechellia_prenac,3705,3706,True
2024.10.15_12-51-51_sechellia_prenac,3717,3717,True
2024.10.15_12-51-51_sechellia_prenac,3719,3725,True
2024.10.15_12-51-51_sechellia_prenac,3727,3727,True
2024.10.15_12-51-51_sechellia_prenac,3757,3758,True
2024.10.15_12-51-51_sechellia_prenac,3760,3777,True
2024.10.15_12-51-51_sechellia_prenac,3779,3779,True
2024.10.15_12-51-51_sechellia_prenac,3782,3788,True
2024.10.15_12-51-51_sechellia_prenac,3791,3831,True
2024.10.15_12-51-51_sechellia_prenac,3878,3880,True
2024.10.15_12-51-51_sechellia_prenac,3894,3895,True
2024.10.15_12-51-51_sechellia_prenac,3898,3898,True
2024.10.15_12-51-51_sechellia_prenac,3902,3902,True
2024.10.15_12-51-51_sechellia_prenac,3904,3904,True
2024.10.15_12-51-51_sechellia_prenac,3906,3909,True
2024.10.15_12-51-51_sechellia_prenac,3921,3921,True
2024.10.15_12-51-51_sechellia_prenac,3923,3923,True
2024.10.15_12-51-51_sechellia_prenac,3925,3925,True
2024.10.15_12-51-51_sechellia_prenac,3930,3930,True
2024.10.15_12-51-51_sechellia_prenac,3935,3935,True
2024.10.15_12-51-51_sechellia_prenac,3941,3941,True
2024.10.15_12-51-51_sechellia_prenac,3945,3945,True
2024.10.15_12-51-51_sechellia_prenac,3947,3951,True
2024.10.15_12-51-51_sechellia_prenac,3953,3953,True
2024.10.15_12-51-51_sechellia_prenac,3956,3956,True
2024.10.15_12-51-51_sechellia_prenac,3958,3958,True
2024.10.15_12-51-51_sechellia_prenac,3962,3962,True
2024.10.15_12-51-51_sechellia_prenac,3967,3969,True
2024.10.15_12-51-51_sechellia_prenac,3971,3972,True
2024.10.15_12-51-51_sechellia_prenac,3975,3975,True
2024.10.15_12-51-51_sechellia_prenac,3979,3979,True
2024.10.15_12-51-51_sechellia_prenac,3984,3985,True
2024.10.15_12-51-51_sechellia_prenac,3988,3990,True
2024.10.15_12-51-51_sechellia_prenac,3994,3994,True
2024.10.15_12-51-51_sechellia_prenac,3996,3996,True
2024.10.15_12-51-51_sechellia_prenac,3998,3998,True
2024.10.15_12-51-51_sechellia_prenac,4001,4001,True
2024.10.15_12-51-51_sechellia_prenac,4006,4006,True
2024.10.15_12-51-51_sechellia_prenac,4022,4022,True
2024.10.15_12-51-51_sechellia_prenac,4031,4031,True
2024.10.15_12-51-51_sechellia_prenac,4041,4043,True
2024.10.15_12-51-51_sechellia_prenac,4051,4051,True
2024.10.15_12-51-51_sechellia_prenac,4062,4062,True
2024.10.15_12-51-51_sechellia_prenac,4064,4064,True
2024.10.15_12-51-51_sechellia_prenac,4066,4066,True
2024.10.15_12-51-51_sechellia_prenac,4072,4074,True
2024.10.15_12-51-51_sechellia_prenac,4087,4090,True
2024.10.15_12-51-51_sechellia_prenac,4092,4093,True
2024.10.15_12-51-51_sechellia_prenac,4101,4101,True
2024.10.15_12-51-51_sechellia_prenac,4105,4106,True
2024.10.15_12-51-51_sechellia_prenac,4114,4114,True
2024.10.15_12-51-51_sechellia_prenac,4116,4122,True
2024.10.15_12-51-51_sechellia_prenac,4128,4131,True
2024.10.15_12-51-51_sechellia_prenac,4141,4142,True
2024.10.15_12-51-51_sechellia_prenac,4151,4151,True
2024.10.15_12-51-51_sechellia_prenac,4154,4158,True
2024.10.15_12-51-51_sechellia_prenac,4160,4163,True
2024.10.15_12-51-51_sechellia_prenac,4167,4196,True
2024.10.15_12-51-51_sechellia_prenac,4213,4757,True
2024.10.15_12-51-51_sechellia_prenac,4759,4765,True
2024.10.15_12-51-51_sechellia_prenac,4772,4777,True
2024.10.15_12-51-51_sechellia_prenac,4779,4779,True
2024.10.15_12-51-51_sechellia_prenac,4782,4790,True
2024.10.15_12-51-51_sechellia_prenac,4792,4793,True
2024.10.15_12-51-51_sechellia_prenac,4813,4813,True
2024.10.15_12-51-51_sechellia_prenac,4818,4819,True
2024.10.15_12-51-51_sechellia_prenac,4821,4821,True
2024.10.15_12-51-51_sechellia_prenac,4826,4832,True
2024.10.15_12-51-51_sechellia_prenac,4834,4839,True
2024.10.15_12-51-51_sechellia_prenac,4841,4848,True
2024.10.15_12-51-51_sechellia_prenac,4872,4872,True
2024.10.15_12-51-51_sechellia_prenac,4875,4876,True
2024.10.15_12-51-51_sechellia_prenac,4879,4879,True
2024.10.15_12-51-51_sechellia_prenac,4881,4882,True
2024.10.15_12-51-51_sechellia_prenac,4884,4886,True
2024.10.15_12-51-51_sechellia_prenac,4907,4910,True
2024.10.15_12-51-51_sechellia_prenac,4912,4913,True
2024.10.15_12-51-51_sechellia_prenac,4939,4943,True
2024.10.15_12-51-51_sechellia_prenac,4945,4945,True
2024.10.15_12-51-51_sechellia_prenac,4954,4954,True
2024.10.15_12-51-51_sechellia_prenac,4963,5009,True
2024.10.15_12-51-51_sechellia_prenac,5015,5098,True
2024.10.15_12-51-51_sechellia_prenac,5115,5133,True
2024.10.15_12-51-51_sechellia_prenac,5135,5156,True
2024.10.15_12-51-51_sechellia_prenac,5158,5159,True
2024.10.15_12-51-51_sechellia_prenac,5161,5197,True
2024.10.15_12-51-51_sechellia_prenac,5199,5200,True
2024.10.15_12-51-51_sechellia_prenac,5202,5206,True
2024.10.15_12-51-51_sechellia_prenac,5243,5243,True
2024.10.15_12-51-51_sechellia_prenac,5256,5256,True
2024.10.15_12-51-51_sechellia_prenac,5258,5258,True
2024.10.15_12-51-51_sechellia_prenac,5261,5261,True
2024.10.15_12-51-51_sechellia_prenac,5273,5273,True
2024.10.15_12-51-51_sechellia_prenac,5284,5314,True
2024.10.15_12-51-51_sechellia_prenac,5316,5319,True
2024.10.15_12-51-51_sechellia_prenac,5324,5351,True
2024.10.15_12-51-51_sechellia_prenac,5353,5354,True
2024.10.15_12-51-51_sechellia_prenac,5356,5358,True
2024.10.15_12-51-51_sechellia_prenac,5360,8678,True
2024.10.15_12-51-51_sechellia_prenac,8680,8891,True
2024.10.23_08-34-30_Biarmipes84_prenac,1263,1267,True
2024.10.23_08-34-30_Biarmipes84_prenac,1269,1271,True
2024.10.23_08-34-30_Biarmipes84_prenac,1273,1274,True
2024.10.23_08-34-30_Biarmipes84_prenac,1277,1278,True
2024.10.23_08-34-30_Biarmipes84_prenac,1284,1284,True
2024.10.23_08-34-30_Biarmipes84_prenac,1288,1289,True
2024.10.23_08-34-30_Biarmipes84_prenac,1293,1294,True
2024.10.23_08-34-30_Biarmipes84_prenac,1299,1300,True
2024.10.23_08-34-30_Biarmipes84_prenac,1305,1306,True
2024.10.23_08-34-30_Biarmipes84_prenac,1308,1309,True
2024.10.23_08-34-30_Biarmipes84_prenac,1311,1316,True
2024.10.23_08-34-30_Biarmipes84_prenac,1318,1318,True
2024.10.23_08-34-30_Biarmipes84_prenac,1321,1323,True
2024.10.23_08-34-30_Biarmipes84_prenac,1326,1329,True
2024.10.23_08-34-30_Biarmipes84_prenac,1332,1335,True
2024.10.23_08-34-30_Biarmipes84_prenac,1340,1343,True
2024.10.23_08-34-30_Biarmipes84_prenac,1345,1346,True
2024.10.23_08-34-30_Biarmipes84_prenac,1351,1351,True
2024.10.23_08-34-30_Biarmipes84_prenac,1353,1388,True
2024.10.23_08-34-30_Biarmipes84_prenac,1390,1497,True
2024.10.23_08-34-30_Biarmipes84_prenac,1505,1508,True
2024.10.23_08-34-30_Biarmipes84_prenac,1510,1527,True
2024.10.23_08-34-30_Biarmipes84_prenac,1539,1541,True
2024.10.23_08-34-30_Biarmipes84_prenac,1543,1544,True
2024.10.23_08-34-30_Biarmipes84_prenac,1604,1604,True
2024.10.23_08-34-30_Biarmipes84_prenac,1636,1636,True
2024.10.23_08-34-30_Biarmipes84_prenac,1640,1641,True
2024.10.23_08-34-30_Biarmipes84_prenac,1650,1650,True
2024.10.23_08-34-30_Biarmipes84_prenac,1679,1679,True
2024.10.23_08-34-30_Biarmipes84_prenac,1681,1830,True
2024.10.23_08-34-30_Biarmipes84_prenac,1855,1869,True
2024.10.23_08-34-30_Biarmipes84_prenac,1902,1904,True
2024.10.23_08-34-30_Biarmipes84_prenac,2001,2546,True
2024.10.23_08-34-30_Biarmipes84_prenac,3107,3108,True
2024.10.23_08-34-30_Biarmipes84_prenac,3125,3135,True
2024.10.23_08-34-30_Biarmipes84_prenac,3137,3148,True
2024.10.23_08-34-30_Biarmipes84_prenac,3665,3848,True
2024.10.23_08-34-30_Biarmipes84_prenac,5397,5397,True
2024.10.23_08-34-30_Biarmipes84_prenac,5456,5457,True
2024.10.23_08-34-30_Biarmipes84_prenac,5459,5465,True
2024.10.23_08-34-30_Biarmipes84_prenac,5467,5467,True
2024.10.23_08-34-30_Biarmipes84_prenac,5469,5474,True
2024.10.23_08-34-30_Biarmipes84_prenac,5476,5480,True
2024.10.23_08-34-30_Biarmipes84_prenac,5482,5484,True
2024.10.23_08-34-30_Biarmipes84_prenac,5486,5486,True
2024.10.23_08-34-30_Biarmipes84_prenac,5488,5499,True
2024.10.23_08-34-30_Biarmipes84_prenac,5506,5508,True
2024.10.23_08-34-30_Biarmipes84_prenac,5510,5511,True
2024.10.23_08-34-30_Biarmipes84_prenac,5516,5517,True
2024.10.23_08-34-30_Biarmipes84_prenac,5521,5521,True
2024.10.23_08-34-30_Biarmipes84_prenac,5527,5527,True
2024.10.23_08-34-30_Biarmipes84_prenac,5529,5530,True
2024.10.23_08-34-30_Biarmipes84_prenac,5534,5534,True
2024.10.23_08-34-30_Biarmipes84_prenac,5540,5543,True
2024.10.23_08-34-30_Biarmipes84_prenac,5545,5545,True
2024.10.23_08-34-30_Biarmipes84_prenac,5547,5549,True
2024.10.23_08-34-30_Biarmipes84_prenac,5551,5551,True
2024.10.23_08-34-30_Biarmipes84_prenac,5553,5554,True
2024.10.23_08-34-30_Biarmipes84_prenac,5559,5559,True
2024.10.23_08-34-30_Biarmipes84_prenac,5563,5563,True
2024.10.23_08-34-30_Biarmipes84_prenac,5565,5566,True
2024.10.23_08-34-30_Biarmipes84_prenac,5581,5581,True
2024.10.23_08-34-30_Biarmipes84_prenac,5586,5587,True
2024.10.23_08-34-30_Biarmipes84_prenac,5598,5598,True
2024.10.23_08-34-30_Biarmipes84_prenac,5602,5602,True
2024.10.23_08-34-30_Biarmipes84_prenac,5605,5605,True
2024.10.23_08-34-30_Biarmipes84_prenac,5618,5629,True
2024.10.23_08-34-30_Biarmipes84_prenac,5637,5639,True
2024.10.23_08-34-30_Biarmipes84_prenac,6861,6896,True
2024.10.23_08-34-30_Biarmipes84_prenac,7374,7375,True
2024.10.23_08-34-30_Biarmipes84_prenac,7378,7378,True
2024.10.23_08-34-30_Biarmipes84_prenac,7616,7630,True
2024.10.23_08-34-30_Biarmipes84_prenac,8250,8275,True
2024.10.23_08-34-30_Biarmipes84_prenac,8277,8281,True
2024.10.23_08-34-30_Biarmipes84_prenac,8287,8287,True
2024.10.23_08-34-30_Biarmipes84_prenac,8308,8312,True
2024.10.23_08-34-30_Biarmipes84_prenac,8314,8314,True
2024.10.23_08-34-30_Biarmipes84_prenac,8318,8325,True
2024.10.23_08-34-30_Biarmipes84_prenac,8424,8431,True
2024.10.23_08-34-30_Biarmipes84_prenac,8434,8435,True
2024.10.23_08-34-30_Biarmipes84_prenac,8437,8573,True
2024.10.23_08-34-30_Biarmipes84_prenac,8582,8705,True
2024.10.29_06-53-07_Yakuba7_metben,1539,1547,True
2024.10.29_06-53-07_Yakuba7_metben,1556,1569,True
2024.10.29_06-53-07_Yakuba7_metben,2116,2116,True
2024.10.29_06-53-07_Yakuba7_metben,2314,2314,True
2024.10.29_06-53-07_Yakuba7_metben,2349,2349,True
2024.10.29_06-53-07_Yakuba7_metben,2361,2368,True
2024.10.29_06-53-07_Yakuba7_metben,2370,2371,True
2024.10.29_06-53-07_Yakuba7_metben,2373,2898,True
2024.10.29_06-53-07_Yakuba7_metben,4067,4744,True
2024.10.29_06-53-07_Yakuba7_metben,4746,6097,True
2024.10.29_06-53-07_Yakuba7_metben,6107,6125,True
2024.10.29_06-53-07_Yakuba7_metben,6127,6127,True
2024.10.29_06-53-07_Yakuba7_metben,6140,6566,True
2024.10.29_06-53-07_Yakuba7_metben,7361,8230,True
2024.10.29_06-53-07_Yakuba7_metben,8254,8270,True
2024.10.29_06-53-07_Yakuba7_metben,8320,8338,True
2024.10.29_06-53-07_Yakuba7_metben,8362,8362,True
2024.10.29_06-53-07_Yakuba7_metben,8364,8364,True
2024.10.29_06-53-07_Yakuba7_metben,8367,8383,True
2024.10.15_12-31-51_sechellia_prenac,3206,3207,True
2024.10.15_12-31-51_sechellia_prenac,3210,3239,True
2024.10.15_12-31-51_sechellia_prenac,3243,3248,True
2024.10.15_12-31-51_sechellia_prenac,3250,3253,True
2024.10.15_12-31-51_sechellia_prenac,3255,3256,True
2024.10.15_12-31-51_sechellia_prenac,3258,3267,True
2024.10.15_12-31-51_sechellia_prenac,3269,3269,True
2024.10.15_12-31-51_sechellia_prenac,3271,3275,True
2024.10.15_12-31-51_sechellia_prenac,3277,3287,True
2024.10.15_12-31-51_sechellia_prenac,3289,3343,True
2024.10.15_12-31-51_sechellia_prenac,3345,3365,True
2024.10.15_12-31-51_sechellia_prenac,3367,3370,True
2024.10.15_12-31-51_sechellia_prenac,3374,3380,True
2024.10.15_12-31-51_sechellia_prenac,3384,3392,True
2024.10.15_12-31-51_sechellia_prenac,3394,3394,True
2024.10.15_12-31-51_sechellia_prenac,3396,3396,True
2024.10.15_12-31-51_sechellia_prenac,3399,3399,True
2024.10.15_12-31-51_sechellia_prenac,3401,3409,True
2024.10.15_12-31-51_sechellia_prenac,3411,3412,True
2024.10.15_12-31-51_sechellia_prenac,3414,3416,True
2024.10.15_12-31-51_sechellia_prenac,3418,3419,True
2024.10.15_12-31-51_sechellia_prenac,3421,3422,True
2024.10.15_12-31-51_sechellia_prenac,3424,3430,True
2024.10.15_12-31-51_sechellia_prenac,3434,3435,True
2024.10.15_12-31-51_sechellia_prenac,3437,3450,True
2024.10.15_12-31-51_sechellia_prenac,3452,3453,True
2024.10.15_12-31-51_sechellia_prenac,3455,3456,True
2024.10.15_12-31-51_sechellia_prenac,3459,3468,True
2024.10.15_12-31-51_sechellia_prenac,3471,3472,True
2024.10.15_12-31-51_sechellia_prenac,3474,3475,True
2024.10.15_12-31-51_sechellia_prenac,3478,3479,True
2024.10.15_12-31-51_sechellia_prenac,3481,3481,True
2024.10.15_12-31-51_sechellia_prenac,3484,3484,True
2024.10.15_12-31-51_sechellia_prenac,3486,3488,True
2024.10.15_12-31-51_sechellia_prenac,3490,3493,True
2024.10.15_12-31-51_sechellia_prenac,3495,3516,True
2024.10.15_12-31-51_sechellia_prenac,3518,3519,True
2024.10.15_12-31-51_sechellia_prenac,3521,3522,True
2024.10.15_12-31-51_sechellia_prenac,3525,3527,True
2024.10.15_12-31-51_sechellia_prenac,3529,3539,True
2024.10.15_12-31-51_sechellia_prenac,3541,3542,True
2024.10.15_12-31-51_sechellia_prenac,3544,3545,True
2024.10.15_12-31-51_sechellia_prenac,3548,3555,True
2024.10.15_12-31-51_sechellia_prenac,3557,3558,True
2024.10.15_12-31-51_sechellia_prenac,3560,3561,True
2024.10.15_12-31-51_sechellia_prenac,3565,3566,True
2024.10.15_12-31-51_sechellia_prenac,3568,3568,True
2024.10.15_12-31-51_sechellia_prenac,3570,3570,True
2024.10.15_12-31-51_sechellia_prenac,3572,3596,True
2024.10.15_12-31-51_sechellia_prenac,3598,3609,True
2024.10.15_12-31-51_sechellia_prenac,3611,3615,True
2024.10.15_12-31-51_sechellia_prenac,3617,3659,True
2024.10.15_12-31-51_sechellia_prenac,3661,3722,True
2024.10.15_12-31-51_sechellia_prenac,4133,4138,True
2024.10.15_12-31-51_sechellia_prenac,4208,4211,True
2024.10.15_12-31-51_sechellia_prenac,4214,4374,True
2024.10.15_12-31-51_sechellia_prenac,4376,4945,True
2024.10.15_12-31-51_sechellia_prenac,6208,7437,True
2024.10.15_12-31-51_sechellia_prenac,8758,8758,True
2024.10.15_12-31-51_sechellia_prenac,8786,8786,True
2024.10.15_12-31-51_sechellia_prenac,8788,8788,True
2024.10.15_12-31-51_sechellia_prenac,8792,8792,True
2024.10.15_12-31-51_sechellia_prenac,8794,8795,True
2024.10.15_12-31-51_sechellia_prenac,8798,8802,True
2024.10.15_12-31-51_sechellia_prenac,8804,8805,True
2024.10.15_12-31-51_sechellia_prenac,8809,8809,True
2024.10.15_12-31-51_sechellia_prenac,8812,8813,True
2024.10.15_12-31-51_sechellia_prenac,8816,8821,True
2024.10.15_12-31-51_sechellia_prenac,8823,8824,True
2024.10.15_12-31-51_sechellia_prenac,8829,8830,True
2024.10.15_12-31-51_sechellia_prenac,8832,8832,True
2024.10.15_12-31-51_sechellia_prenac,8839,8842,True
2024.10.15_12-31-51_sechellia_prenac,8848,8848,True
2024.10.15_12-31-51_sechellia_prenac,8850,8851,True
2024.10.15_12-31-51_sechellia_prenac,8853,8854,True
2024.10.15_12-31-51_sechellia_prenac,8857,8858,True
2024.10.15_12-31-51_sechellia_prenac,8863,8863,True
2024.10.15_12-31-51_sechellia_prenac,8868,8871,True
2024.10.15_12-31-51_sechellia_prenac,8875,8880,True
2024.10.15_12-31-51_sechellia_prenac,8884,8888,True
2024.10.15_12-31-51_sechellia_prenac,8890,8891,True
2024.10.15_12-31-51_sechellia_prenac,8893,8894,True
2024.10.15_12-31-51_sechellia_prenac,8896,8903,True
2024.10.15_12-31-51_sechellia_prenac,8905,8905,True
2024.10.15_12-31-51_sechellia_prenac,8908,8909,True
2024.10.15_12-31-51_sechellia_prenac,8912,8912,True
2024.10.15_12-31-51_sechellia_prenac,8917,8918,True
2024.10.15_12-31-51_sechellia_prenac,8923,8923,True
2024.10.15_12-31-51_sechellia_prenac,8927,8927,True
2024.10.15_12-31-51_sechellia_prenac,8932,8932,True
2024.10.15_12-31-51_sechellia_prenac,8938,8947,True
2024.10.15_12-31-51_sechellia_prenac,8953,8955,True
2024.10.15_12-31-51_sechellia_prenac,8957,8957,True
2024.10.15_12-31-51_sechellia_prenac,8959,8959,True
2024.10.15_12-31-51_sechellia_prenac,8962,8963,True
2024.10.15_12-31-51_sechellia_prenac,8967,8967,True
2024.10.15_12-31-51_sechellia_prenac,8977,8978,True
2024.10.03_12-30-01_Yakuba_cameroon_2hex,3,1947,True
2024.10.03_12-30-01_Yakuba_cameroon_2hex,3039,3053,True
2024.10.03_12-30-01_Yakuba_cameroon_2hex,3218,3218,True
2024.10.03_12-30-01_Yakuba_cameroon_2hex,3220,3240,True
2024.10.03_12-30-01_Yakuba_cameroon_2hex,3371,3371,True
2024.10.03_12-30-01_Yakuba_cameroon_2hex,3375,3385,True
2024.10.03_12-30-01_Yakuba_cameroon_2hex,3520,3524,True
2024.10.03_12-30-01_Yakuba_cameroon_2hex,3533,3543,True
2024.10.03_12-30-01_Yakuba_cameroon_2hex,4107,4107,True
2024.10.03_12-30-01_Yakuba_cameroon_2hex,4112,4118,True
2024.10.03_12-30-01_Yakuba_cameroon_2hex,4201,4203,True
2024.10.03_12-30-01_Yakuba_cameroon_2hex,4478,5913,True
2024.10.03_12-30-01_Yakuba_cameroon_2hex,6999,7260,True
2024.10.03_12-30-01_Yakuba_cameroon_2hex,7268,7999,True
2024.10.03_12-30-01_Yakuba_cameroon_2hex,8001,8453,True
2025.03.07_11-49-04_Sussex_metbut,1058,1100,True
2025.03.07_11-49-04_Sussex_metbut,1102,1184,True
2025.03.07_11-49-04_Sussex_metbut,1187,2112,True
2025.03.07_11-49-04_Sussex_metbut,2178,2185,True
2025.03.07_11-49-04_Sussex_metbut,2188,2188,True
2025.03.07_11-49-04_Sussex_metbut,2190,2190,True
2025.03.07_11-49-04_Sussex_metbut,2192,2239,True
2025.03.07_11-49-04_Sussex_metbut,2241,2263,True
2025.03.07_11-49-04_Sussex_metbut,2441,2446,True
2025.03.07_11-49-04_Sussex_metbut,2450,2467,True
2025.03.07_11-49-04_Sussex_metbut,2475,2477,True
2025.03.07_11-49-04_Sussex_metbut,6031,7473,True
2025.03.07_11-49-04_Sussex_metbut,8705,8999,True
2024.11.05_05-23-08_CantonS_e2hex,3,620,True
2024.11.05_05-23-08_CantonS_e2hex,2832,2853,True
2024.11.05_05-23-08_CantonS_e2hex,2941,3817,True
2024.11.05_05-23-08_CantonS_e2hex,3819,3863,True
2024.11.05_05-23-08_CantonS_e2hex,3866,3868,True
2024.11.05_05-23-08_CantonS_e2hex,3876,3876,True
2024.11.05_05-23-08_CantonS_e2hex,3879,5193,True
2024.11.05_05-23-08_CantonS_e2hex,5195,5207,True
2024.11.05_05-23-08_CantonS_e2hex,5209,5756,True
2024.11.05_05-23-08_CantonS_e2hex,5758,5804,True
2024.11.05_05-23-08_CantonS_e2hex,5806,5806,True
2024.11.05_05-23-08_CantonS_e2hex,7782,7794,True
2024.11.05_05-23-08_CantonS_e2hex,7818,7826,True
2024.11.05_05-23-08_CantonS_e2hex,7861,7861,True
2024.11.05_05-23-08_CantonS_e2hex,7863,7864,True
2024.11.05_05-23-08_CantonS_e2hex,7866,8999,True
2024.10.18_12-41-12_Sto_car_prenac,3,107,True
2024.10.18_12-41-12_Sto_car_prenac,109,815,True
2024.10.18_12-41-12_Sto_car_prenac,896,1020,True
2024.10.18_12-41-12_Sto_car_prenac,1022,1022,True
2024.10.18_12-41-12_Sto_car_prenac,1026,1053,True
2024.10.18_12-41-12_Sto_car_prenac,1055,1056,True
2024.10.18_12-41-12_Sto_car_prenac,1058,1098,True
2024.10.18_12-41-12_Sto_car_prenac,1104,1107,True
2024.10.18_12-41-12_Sto_car_prenac,1109,1109,True
2024.10.18_12-41-12_Sto_car_prenac,1112,1115,True
2024.10.18_12-41-12_Sto_car_prenac,1118,1123,True
2024.10.18_12-41-12_Sto_car_prenac,1877,2064,True
2024.10.18_12-41-12_Sto_car_prenac,2098,2101,True
2024.10.18_12-41-12_Sto_car_prenac,2103,2117,True
2024.10.18_12-41-12_Sto_car_prenac,2119,2120,True
2024.10.18_12-41-12_Sto_car_prenac,2141,2142,True
2024.10.18_12-41-12_Sto_car_prenac,2144,2155,True
2024.10.18_12-41-12_Sto_car_prenac,2158,3714,True
2024.10.18_12-41-12_Sto_car_prenac,3800,4772,True
2024.10.24_11-51-34_Biarmipes84_prenac,579,1561,True
2024.10.24_11-51-34_Biarmipes84_prenac,3915,3915,True
2024.10.24_11-51-34_Biarmipes84_prenac,3917,3917,True
2024.10.24_11-51-34_Biarmipes84_prenac,4013,5757,True
2024.10.24_11-51-34_Biarmipes84_prenac,6748,6748,True
2024.10.24_11-51-34_Biarmipes84_prenac,6750,6750,True
2024.10.24_11-51-34_Biarmipes84_prenac,6752,6754,True
2024.10.24_11-51-34_Biarmipes84_prenac,6758,6761,True
2024.10.24_11-51-34_Biarmipes84_prenac,6763,6763,True
2024.10.24_11-51-34_Biarmipes84_prenac,6765,6766,True
2024.10.24_11-51-34_Biarmipes84_prenac,6770,6771,True
2024.10.24_11-51-34_Biarmipes84_prenac,6774,6774,True
2024.10.24_11-51-34_Biarmipes84_prenac,6778,6779,True
2024.10.24_11-51-34_Biarmipes84_prenac,6783,6784,True
2024.10.24_11-51-34_Biarmipes84_prenac,6786,6787,True
2024.10.24_11-51-34_Biarmipes84_prenac,6789,6789,True
2024.10.24_11-51-34_Biarmipes84_prenac,6797,6797,True
2024.10.24_11-51-34_Biarmipes84_prenac,6800,6800,True
2024.10.24_11-51-34_Biarmipes84_prenac,6813,6813,True
2024.10.24_11-51-34_Biarmipes84_prenac,6817,6817,True
2024.10.24_11-51-34_Biarmipes84_prenac,6838,6838,True
2024.10.24_11-51-34_Biarmipes84_prenac,6842,6842,True
2024.10.24_11-51-34_Biarmipes84_prenac,6862,6863,True
2024.10.24_11-51-34_Biarmipes84_prenac,6885,6885,True
2024.10.24_11-51-34_Biarmipes84_prenac,6891,6891,True
2024.10.24_11-51-34_Biarmipes84_prenac,6942,6942,True
2024.10.24_11-51-34_Biarmipes84_prenac,6946,6947,True
2024.10.24_11-51-34_Biarmipes84_prenac,6973,6974,True
2024.10.24_11-51-34_Biarmipes84_prenac,7132,7133,True
2024.10.24_11-51-34_Biarmipes84_prenac,7135,7137,True
2024.10.24_11-51-34_Biarmipes84_prenac,7251,7331,True
2024.10.24_11-51-34_Biarmipes84_prenac,7333,8881,True
2024.09.25_14-33-42_Yakuba7_no_odor,3,725,True
2024.09.25_14-33-42_Yakuba7_no_odor,727,728,True
2024.09.25_14-33-42_Yakuba7_no_odor,730,880,True
2024.09.25_14-33-42_Yakuba7_no_odor,884,1207,True
2024.09.25_14-33-42_Yakuba7_no_odor,2382,4236,True
2024.09.25_14-33-42_Yakuba7_no_odor,4293,4299,True
2024.09.25_14-33-42_Yakuba7_no_odor,4303,4303,True
2024.09.25_14-33-42_Yakuba7_no_odor,4316,4316,True
2024.09.25_14-33-42_Yakuba7_no_odor,4319,4319,True
2024.09.25_14-33-42_Yakuba7_no_odor,4321,4321,True
2024.09.25_14-33-42_Yakuba7_no_odor,6985,8950,True
2024.10.01_09-49-07_Yakuba_cameroon_no_odor,3,1140,True
2024.10.01_09-49-07_Yakuba_cameroon_no_odor,1142,1147,True
2024.10.01_09-49-07_Yakuba_cameroon_no_odor,1149,1149,True
2024.10.01_09-49-07_Yakuba_cameroon_no_odor,1154,1154,True
2024.10.01_09-49-07_Yakuba_cameroon_no_odor,1175,1175,True
2024.10.01_09-49-07_Yakuba_cameroon_no_odor,1178,1180,True
2024.10.01_09-49-07_Yakuba_cameroon_no_odor,1203,1203,True
2024.10.01_09-49-07_Yakuba_cameroon_no_odor,1221,1254,True
2024.10.01_09-49-07_Yakuba_cameroon_no_odor,3106,3106,True
2024.10.01_09-49-07_Yakuba_cameroon_no_odor,3121,3354,True
2024.10.01_09-49-07_Yakuba_cameroon_no_odor,4805,4806,True
2024.10.01_09-49-07_Yakuba_cameroon_no_odor,4809,4812,True
2024.10.01_09-49-07_Yakuba_cameroon_no_odor,4814,4815,True
2024.10.01_09-49-07_Yakuba_cameroon_no_odor,4817,4821,True
2024.10.01_09-49-07_Yakuba_cameroon_no_odor,4823,5023,True
2024.10.01_09-49-07_Yakuba_cameroon_no_odor,6266,6268,True
2024.10.01_09-49-07_Yakuba_cameroon_no_odor,6620,6620,True
2024.10.01_09-49-07_Yakuba_cameroon_no_odor,6636,6636,True
2024.10.01_09-49-07_Yakuba_cameroon_no_odor,6644,6644,True
2024.10.01_09-49-07_Yakuba_cameroon_no_odor,6647,6648,True
2024.10.01_09-49-07_Yakuba_cameroon_no_odor,6650,6650,True
2024.10.01_09-49-07_Yakuba_cameroon_no_odor,6653,6653,True
2024.10.01_09-49-07_Yakuba_cameroon_no_odor,6658,6658,True
2024.10.01_09-49-07_Yakuba_cameroon_no_odor,6660,6660,True
2024.10.01_09-49-07_Yakuba_cameroon_no_odor,6668,6671,True
2024.10.01_09-49-07_Yakuba_cameroon_no_odor,6677,6678,True
2024.10.01_09-49-07_Yakuba_cameroon_no_odor,6683,6683,True
2024.10.01_09-49-07_Yakuba_cameroon_no_odor,6696,6697,True
2024.10.01_09-49-07_Yakuba_cameroon_no_odor,6708,6708,True
2024.10.01_09-49-07_Yakuba_cameroon_no_odor,6718,6718,True
2024.10.01_09-49-07_Yakuba_cameroon_no_odor,6720,6720,True
2024.10.01_09-49-07_Yakuba_cameroon_no_odor,6728,6728,True
2024.10.01_09-49-07_Yakuba_cameroon_no_odor,6736,6736,True
2024.10.01_09-49-07_Yakuba_cameroon_no_odor,6739,6741,True
2024.10.01_09-49-07_Yakuba_cameroon_no_odor,6743,6743,True
2024.10.01_09-49-07_Yakuba_cameroon_no_odor,6745,6747,True
2024.10.01_09-49-07_Yakuba_cameroon_no_odor,6749,6755,True
2024.10.01_09-49-07_Yakuba_cameroon_no_odor,6762,6765,True
2024.10.01_09-49-07_Yakuba_cameroon_no_odor,6767,6769,True
2024.10.01_09-49-07_Yakuba_cameroon_no_odor,6775,6775,True
2024.10.01_09-49-07_Yakuba_cameroon_no_odor,6778,6779,True
2024.10.01_09-49-07_Yakuba_cameroon_no_odor,6784,6787,True
2024.10.01_09-49-07_Yakuba_cameroon_no_odor,6791,6794,True
2024.10.01_09-49-07_Yakuba_cameroon_no_odor,6798,6804,True
2024.10.01_09-49-07_Yakuba_cameroon_no_odor,6807,6809,True
2024.10.01_09-49-07_Yakuba_cameroon_no_odor,6813,6830,True
2024.10.01_09-49-07_Yakuba_cameroon_no_odor,6832,6837,True
2024.10.01_09-49-07_Yakuba_cameroon_no_odor,6839,6839,True
2024.10.01_09-49-07_Yakuba_cameroon_no_odor,6842,6844,True
2024.10.01_09-49-07_Yakuba_cameroon_no_odor,6846,6846,True
2024.10.01_09-49-07_Yakuba_cameroon_no_odor,6848,6848,True
2024.10.01_09-49-07_Yakuba_cameroon_no_odor,6851,6851,True
2024.10.01_09-49-07_Yakuba_cameroon_no_odor,6856,6857,True
2024.10.01_09-49-07_Yakuba_cameroon_no_odor,6876,6876,True
2024.10.01_09-49-07_Yakuba_cameroon_no_odor,6885,6885,True
2024.10.01_09-49-07_Yakuba_cameroon_no_odor,6990,6990,True
2024.10.01_09-49-07_Yakuba_cameroon_no_odor,7050,7050,True
2024.10.01_09-49-07_Yakuba_cameroon_no_odor,7107,7107,True
2024.10.01_09-49-07_Yakuba_cameroon_no_odor,7345,7345,True
2024.10.01_09-49-07_Yakuba_cameroon_no_odor,7886,7889,True
2024.10.01_09-49-07_Yakuba_cameroon_no_odor,7917,7917,True
2024.10.01_09-49-07_Yakuba_cameroon_no_odor,7919,7920,True
2024.10.01_09-49-07_Yakuba_cameroon_no_odor,7925,7925,True
2024.10.01_09-49-07_Yakuba_cameroon_no_odor,7927,7927,True
2024.10.01_09-49-07_Yakuba_cameroon_no_odor,7930,7930,True
2024.10.01_09-49-07_Yakuba_cameroon_no_odor,7933,7933,True
2024.10.01_09-49-07_Yakuba_cameroon_no_odor,7938,7938,True
2024.10.01_09-49-07_Yakuba_cameroon_no_odor,7940,7940,True
2024.10.01_09-49-07_Yakuba_cameroon_no_odor,7942,7949,True
2024.10.01_09-49-07_Yakuba_cameroon_no_odor,7952,7953,True
2024.10.01_09-49-07_Yakuba_cameroon_no_odor,7971,7971,True
2024.10.01_09-49-07_Yakuba_cameroon_no_odor,7975,7975,True
2024.10.01_09-49-07_Yakuba_cameroon_no_odor,7977,8120,True
2024.10.01_09-49-07_Yakuba_cameroon_no_odor,8276,8324,True
2024.10.01_09-49-07_Yakuba_cameroon_no_odor,8326,8328,True
2024.10.01_09-49-07_Yakuba_cameroon_no_odor,8330,8333,True
2024.10.01_09-49-07_Yakuba_cameroon_no_odor,8335,8346,True
2024.10.01_09-49-07_Yakuba_cameroon_no_odor,8349,8410,True
2024.10.01_09-49-07_Yakuba_cameroon_no_odor,8412,8412,True
2024.10.01_09-49-07_Yakuba_cameroon_no_odor,8415,8416,True
2024.10.01_09-49-07_Yakuba_cameroon_no_odor,8418,8420,True
2024.10.01_09-49-07_Yakuba_cameroon_no_odor,8423,8424,True
2024.10.01_09-49-07_Yakuba_cameroon_no_odor,8426,8430,True
2024.10.01_09-49-07_Yakuba_cameroon_no_odor,8433,8435,True
2024.10.01_09-49-07_Yakuba_cameroon_no_odor,8437,8438,True
2024.10.01_09-49-07_Yakuba_cameroon_no_odor,8440,8442,True
2024.10.01_09-49-07_Yakuba_cameroon_no_odor,8444,8450,True
2024.10.01_09-49-07_Yakuba_cameroon_no_odor,8452,8755,True
2024.10.17_08-39-45_Sto_car_2hexanol,3,914,True
2024.10.17_08-39-45_Sto_car_2hexanol,916,1503,True
2024.10.17_08-39-45_Sto_car_2hexanol,1505,1508,True
2024.10.17_08-39-45_Sto_car_2hexanol,1510,1543,True
2024.10.17_08-39-45_Sto_car_2hexanol,1545,1560,True
2024.10.17_08-39-45_Sto_car_2hexanol,1575,1833,True
2024.10.17_08-39-45_Sto_car_2hexanol,1835,2000,True
2024.10.17_08-39-45_Sto_car_2hexanol,2002,2004,True
2024.10.17_08-39-45_Sto_car_2hexanol,2006,2007,True
2024.10.17_08-39-45_Sto_car_2hexanol,2009,2235,True
2024.10.17_08-39-45_Sto_car_2hexanol,2237,2250,True
2024.10.17_08-39-45_Sto_car_2hexanol,2252,2254,True
2024.10.17_08-39-45_Sto_car_2hexanol,2256,2256,True
2024.10.17_08-39-45_Sto_car_2hexanol,2267,2334,True
2024.10.17_08-39-45_Sto_car_2hexanol,2336,2352,True
2024.10.17_08-39-45_Sto_car_2hexanol,2361,2404,True
2024.10.17_08-39-45_Sto_car_2hexanol,2986,3568,True
2024.10.17_08-39-45_Sto_car_2hexanol,3570,3822,True
2024.10.17_08-39-45_Sto_car_2hexanol,3845,4074,True
2024.10.17_08-39-45_Sto_car_2hexanol,4076,4076,True
2024.10.17_08-39-45_Sto_car_2hexanol,4078,4547,True
2024.10.17_08-39-45_Sto_car_2hexanol,4556,4559,True
2024.10.17_08-39-45_Sto_car_2hexanol,4563,4734,True
2024.10.17_08-39-45_Sto_car_2hexanol,4777,4825,True
2024.10.17_08-39-45_Sto_car_2hexanol,4827,4833,True
2024.10.17_08-39-45_Sto_car_2hexanol,4843,4900,True
2024.10.17_08-39-45_Sto_car_2hexanol,5853,5864,True
2024.10.17_08-39-45_Sto_car_2hexanol,5919,5948,True
2024.10.17_08-39-45_Sto_car_2hexanol,6441,6461,True
2024.10.17_08-39-45_Sto_car_2hexanol,6508,6564,True
2024.10.17_08-39-45_Sto_car_2hexanol,6566,6566,True
2024.10.17_08-39-45_Sto_car_2hexanol,6615,6622,True
2024.10.17_08-39-45_Sto_car_2hexanol,6626,7084,True
2024.10.17_08-39-45_Sto_car_2hexanol,7151,7205,True
2024.10.17_08-39-45_Sto_car_2hexanol,7207,7241,True
2024.10.17_08-39-45_Sto_car_2hexanol,7948,8451,True
2024.10.17_08-39-45_Sto_car_2hexanol,8758,8999,True
2024.10.11_15-24-22_Stocago_2hexanol,3,559,True
2024.10.11_15-24-22_Stocago_2hexanol,1332,1979,True
2024.10.11_15-24-22_Stocago_2hexanol,2795,2831,True
2024.10.11_15-24-22_Stocago_2hexanol,2839,2844,True
2024.10.11_15-24-22_Stocago_2hexanol,2846,2850,True
2024.10.11_15-24-22_Stocago_2hexanol,2852,2867,True
2024.10.11_15-24-22_Stocago_2hexanol,2869,2873,True
2024.10.11_15-24-22_Stocago_2hexanol,2875,3461,True
2024.10.11_15-24-22_Stocago_2hexanol,3809,4728,True
2024.10.11_15-24-22_Stocago_2hexanol,5772,7244,True
2024.07.05_12-29-58_CantonS (no odor),3,696,True
2024.07.05_12-29-58_CantonS (no odor),1865,2202,True
2024.07.05_12-29-58_CantonS (no odor),3023,3023,True
2024.07.05_12-29-58_CantonS (no odor),3029,3046,True
2024.07.05_12-29-58_CantonS (no odor),3067,4936,True
2024.07.05_12-29-58_CantonS (no odor),5638,5638,True
2024.07.05_12-29-58_CantonS (no odor),5697,5697,True
2024.07.05_12-29-58_CantonS (no odor),5701,5701,True
2024.07.05_12-29-58_CantonS (no odor),5703,5704,True
2024.07.05_12-29-58_CantonS (no odor),5707,5707,True
2024.07.05_12-29-58_CantonS (no odor),5710,5710,True
2024.11.01_07-39-43_Yakuba7_e2hex,1062,1062,True
2024.11.01_07-39-43_Yakuba7_e2hex,1070,1070,True
2024.11.01_07-39-43_Yakuba7_e2hex,1145,1146,True
2024.11.01_07-39-43_Yakuba7_e2hex,1159,1160,True
2024.11.01_07-39-43_Yakuba7_e2hex,1162,2198,True
2024.11.01_07-39-43_Yakuba7_e2hex,2200,2649,True
2024.11.01_07-39-43_Yakuba7_e2hex,4508,4508,True
2024.11.01_07-39-43_Yakuba7_e2hex,4519,4519,True
2024.11.01_07-39-43_Yakuba7_e2hex,4521,4526,True
2024.11.01_07-39-43_Yakuba7_e2hex,4552,4552,True
2024.11.01_07-39-43_Yakuba7_e2hex,4575,4575,True
2024.11.01_07-39-43_Yakuba7_e2hex,4579,4579,True
2024.11.01_07-39-43_Yakuba7_e2hex,4586,4586,True
2024.11.01_07-39-43_Yakuba7_e2hex,4599,4599,True
2024.11.01_07-39-43_Yakuba7_e2hex,4629,4629,True
2024.11.01_07-39-43_Yakuba7_e2hex,4691,4691,True
2024.11.01_07-39-43_Yakuba7_e2hex,4696,4696,True
2024.11.01_07-39-43_Yakuba7_e2hex,4709,4709,True
2024.11.01_07-39-43_Yakuba7_e2hex,4716,4724,True
2024.11.01_07-39-43_Yakuba7_e2hex,4727,4727,True
2024.11.01_07-39-43_Yakuba7_e2hex,4742,4743,True
2024.11.01_07-39-43_Yakuba7_e2hex,4750,4761,True
2024.11.01_07-39-43_Yakuba7_e2hex,4772,4774,True
2024.11.01_07-39-43_Yakuba7_e2hex,4777,4779,True
2024.11.01_07-39-43_Yakuba7_e2hex,4784,4784,True
2024.11.01_07-39-43_Yakuba7_e2hex,4787,4787,True
2024.11.01_07-39-43_Yakuba7_e2hex,4793,4794,True
2024.11.01_07-39-43_Yakuba7_e2hex,4805,4805,True
2024.11.01_07-39-43_Yakuba7_e2hex,4816,4816,True
2024.11.01_07-39-43_Yakuba7_e2hex,4825,4825,True
2024.11.01_07-39-43_Yakuba7_e2hex,4848,4848,True
2024.11.01_07-39-43_Yakuba7_e2hex,4875,4875,True
2024.11.01_07-39-43_Yakuba7_e2hex,5119,5121,True
2024.11.01_07-39-43_Yakuba7_e2hex,5882,5882,True
2024.11.01_07-39-43_Yakuba7_e2hex,5899,5899,True
2024.11.01_07-39-43_Yakuba7_e2hex,5912,5913,True
2024.11.01_07-39-43_Yakuba7_e2hex,5915,5916,True
2024.11.01_07-39-43_Yakuba7_e2hex,5927,5927,True
2024.11.01_07-39-43_Yakuba7_e2hex,5936,5938,True
2024.11.01_07-39-43_Yakuba7_e2hex,5941,5941,True
2024.11.01_07-39-43_Yakuba7_e2hex,5990,5990,True
2024.11.01_07-39-43_Yakuba7_e2hex,6068,6068,True
2024.11.01_07-39-43_Yakuba7_e2hex,6073,6073,True
2024.11.01_07-39-43_Yakuba7_e2hex,6077,6082,True
2024.11.01_07-39-43_Yakuba7_e2hex,6084,6091,True
2024.11.01_07-39-43_Yakuba7_e2hex,6922,6922,True
2024.11.01_07-39-43_Yakuba7_e2hex,6936,6938,True
2024.11.01_07-39-43_Yakuba7_e2hex,6958,6958,True
2024.11.01_07-39-43_Yakuba7_e2hex,6960,6960,True
2024.11.01_07-39-43_Yakuba7_e2hex,6964,6964,True
2024.11.01_07-39-43_Yakuba7_e2hex,6971,6971,True
2024.11.01_07-39-43_Yakuba7_e2hex,6974,6975,True
2024.11.01_07-39-43_Yakuba7_e2hex,7033,7033,True
2024.11.01_07-39-43_Yakuba7_e2hex,7045,7045,True
2024.11.01_07-39-43_Yakuba7_e2hex,7052,7052,True
2024.11.01_07-39-43_Yakuba7_e2hex,7155,7171,True
2024.11.01_07-39-43_Yakuba7_e2hex,7173,7177,True
2024.11.01_07-39-43_Yakuba7_e2hex,7181,7181,True
2024.11.01_07-39-43_Yakuba7_e2hex,7184,7188,True
2024.11.01_07-39-43_Yakuba7_e2hex,7190,7192,True
2024.11.01_07-39-43_Yakuba7_e2hex,7195,7210,True
2024.11.01_07-39-43_Yakuba7_e2hex,7213,7222,True
2024.11.01_07-39-43_Yakuba7_e2hex,7224,7224,True
2024.11.01_07-39-43_Yakuba7_e2hex,7227,7230,True
2024.11.01_07-39-43_Yakuba7_e2hex,7232,7232,True
2024.11.01_07-39-43_Yakuba7_e2hex,7235,7237,True
2024.11.01_07-39-43_Yakuba7_e2hex,7239,7243,True
2024.11.01_07-39-43_Yakuba7_e2hex,7246,7250,True
2024.11.01_07-39-43_Yakuba7_e2hex,7252,7252,True
2024.11.01_07-39-43_Yakuba7_e2hex,7254,7266,True
2024.11.01_07-39-43_Yakuba7_e2hex,7269,7273,True
2024.11.01_07-39-43_Yakuba7_e2hex,7276,7280,True
2024.11.01_07-39-43_Yakuba7_e2hex,7282,7288,True
2024.11.01_07-39-43_Yakuba7_e2hex,7290,7300,True
2024.11.01_07-39-43_Yakuba7_e2hex,7302,7318,True
2024.11.01_07-39-43_Yakuba7_e2hex,7320,7323,True
2024.11.01_07-39-43_Yakuba7_e2hex,7325,7327,True
2024.11.01_07-39-43_Yakuba7_e2hex,7330,7334,True
2024.11.01_07-39-43_Yakuba7_e2hex,7337,7341,True
2024.11.01_07-39-43_Yakuba7_e2hex,7355,7376,True
2024.11.01_07-39-43_Yakuba7_e2hex,7378,7459,True
2024.11.01_07-39-43_Yakuba7_e2hex,7461,8747,True
2024.12.11_20-41-41_yakuba7_2hex,322,1138,True
2024.12.11_20-41-41_yakuba7_2hex,1140,1142,True
2024.12.11_20-41-41_yakuba7_2hex,1145,1173,True
2024.12.11_20-41-41_yakuba7_2hex,1175,1175,True
2024.12.11_20-41-41_yakuba7_2hex,1212,1266,True
2024.12.11_20-41-41_yakuba7_2hex,1282,1374,True
2024.12.11_20-41-41_yakuba7_2hex,1376,1379,True
2024.12.11_20-41-41_yakuba7_2hex,1381,1436,True
2024.12.11_20-41-41_yakuba7_2hex,1439,1542,True
2024.12.11_20-41-41_yakuba7_2hex,1546,1806,True
2024.12.11_20-41-41_yakuba7_2hex,1808,1809,True
2024.12.11_20-41-41_yakuba7_2hex,1812,1819,True
2024.12.11_20-41-41_yakuba7_2hex,1821,2257,True
2024.12.11_20-41-41_yakuba7_2hex,6059,6061,True
2024.12.11_20-41-41_yakuba7_2hex,6065,6067,True
2024.12.11_20-41-41_yakuba7_2hex,6071,6073,True
2024.12.11_20-41-41_yakuba7_2hex,6075,6077,True
2024.12.11_20-41-41_yakuba7_2hex,6152,6153,True
2024.12.11_20-41-41_yakuba7_2hex,6155,6156,True
2024.12.11_20-41-41_yakuba7_2hex,6158,6159,True
2024.12.11_20-41-41_yakuba7_2hex,6169,6169,True
2024.12.11_20-41-41_yakuba7_2hex,6197,6197,True
2024.12.11_20-41-41_yakuba7_2hex,6199,6200,True
2024.12.11_20-41-41_yakuba7_2hex,6204,6204,True
2024.12.11_20-41-41_yakuba7_2hex,6206,6206,True
2024.12.11_20-41-41_yakuba7_2hex,6210,6210,True
2024.12.11_20-41-41_yakuba7_2hex,6213,6213,True
2024.12.11_20-41-41_yakuba7_2hex,6216,6216,True
2024.12.11_20-41-41_yakuba7_2hex,6223,6225,True
2024.12.11_20-41-41_yakuba7_2hex,6227,6228,True
2024.12.11_20-41-41_yakuba7_2hex,6230,6230,True
2024.12.11_20-41-41_yakuba7_2hex,6232,6232,True
2024.12.11_20-41-41_yakuba7_2hex,6236,6236,True
2024.12.11_20-41-41_yakuba7_2hex,6240,6240,True
2024.12.11_20-41-41_yakuba7_2hex,6246,6249,True
2024.12.11_20-41-41_yakuba7_2hex,6257,6257,True
2024.12.11_20-41-41_yakuba7_2hex,6259,6259,True
2024.12.11_20-41-41_yakuba7_2hex,6266,6266,True
2024.12.11_20-41-41_yakuba7_2hex,6272,6272,True
2024.12.11_20-41-41_yakuba7_2hex,6275,6275,True
2024.12.11_20-41-41_yakuba7_2hex,6278,6278,True
2024.12.11_20-41-41_yakuba7_2hex,6280,6280,True
2024.12.11_20-41-41_yakuba7_2hex,6284,6284,True
2024.12.11_20-41-41_yakuba7_2hex,6290,6290,True
2024.12.11_20-41-41_yakuba7_2hex,6303,6303,True
2024.12.11_20-41-41_yakuba7_2hex,6305,6307,True
2024.12.11_20-41-41_yakuba7_2hex,6309,6309,True
2024.12.11_20-41-41_yakuba7_2hex,6312,6328,True
2024.12.11_20-41-41_yakuba7_2hex,6331,6331,True
2024.12.11_20-41-41_yakuba7_2hex,6333,6338,True
2024.12.11_20-41-41_yakuba7_2hex,6340,6345,True
2024.12.11_20-41-41_yakuba7_2hex,6347,6348,True
2024.12.11_20-41-41_yakuba7_2hex,6351,6352,True
2024.12.11_20-41-41_yakuba7_2hex,6355,6362,True
2024.12.11_20-41-41_yakuba7_2hex,6364,6367,True
2024.12.11_20-41-41_yakuba7_2hex,6369,6372,True
2024.12.11_20-41-41_yakuba7_2hex,6379,6379,True
2024.12.11_20-41-41_yakuba7_2hex,6389,6389,True
2024.12.11_20-41-41_yakuba7_2hex,6394,6394,True
2024.12.11_20-41-41_yakuba7_2hex,6399,6399,True
2024.12.11_20-41-41_yakuba7_2hex,6422,6422,True
2024.12.11_20-41-41_yakuba7_2hex,6464,6467,True
2024.12.11_20-41-41_yakuba7_2hex,6479,6480,True
2024.12.11_20-41-41_yakuba7_2hex,6491,6493,True
2024.12.11_20-41-41_yakuba7_2hex,6507,6508,True
2024.12.11_20-41-41_yakuba7_2hex,6510,6510,True
2024.12.11_20-41-41_yakuba7_2hex,6516,6519,True
2024.12.11_20-41-41_yakuba7_2hex,6525,6527,True
2024.12.11_20-41-41_yakuba7_2hex,6530,6531,True
2024.12.11_20-41-41_yakuba7_2hex,6533,6533,True
2024.12.11_20-41-41_yakuba7_2hex,6535,6535,True
2024.12.11_20-41-41_yakuba7_2hex,6555,6555,True
2024.12.11_20-41-41_yakuba7_2hex,6560,6560,True
2024.12.11_20-41-41_yakuba7_2hex,6565,6565,True
2024.12.11_20-41-41_yakuba7_2hex,6569,6569,True
2024.12.11_20-41-41_yakuba7_2hex,6580,6581,True
2024.12.11_20-41-41_yakuba7_2hex,6726,6726,True
2024.12.11_20-41-41_yakuba7_2hex,6750,6752,True
2024.12.11_20-41-41_yakuba7_2hex,6754,6755,True
2024.12.11_20-41-41_yakuba7_2hex,6757,6762,True
2024.12.11_20-41-41_yakuba7_2hex,6766,6766,True
2024.12.11_20-41-41_yakuba7_2hex,6769,6771,True
2024.12.11_20-41-41_yakuba7_2hex,6773,6774,True
2024.12.11_20-41-41_yakuba7_2hex,6776,6777,True
2024.12.11_20-41-41_yakuba7_2hex,6779,6789,True
2024.12.11_20-41-41_yakuba7_2hex,6791,6791,True
2024.12.11_20-41-41_yakuba7_2hex,6793,6793,True
2024.12.11_20-41-41_yakuba7_2hex,6795,6799,True
2024.12.11_20-41-41_yakuba7_2hex,6803,6804,True
2024.12.11_20-41-41_yakuba7_2hex,6807,6807,True
2024.12.11_20-41-41_yakuba7_2hex,6809,6811,True
2024.12.11_20-41-41_yakuba7_2hex,6813,6813,True
2024.12.11_20-41-41_yakuba7_2hex,6815,6817,True
2024.12.11_20-41-41_yakuba7_2hex,6822,6822,True
2024.12.11_20-41-41_yakuba7_2hex,6825,6825,True
2024.12.11_20-41-41_yakuba7_2hex,6828,6829,True
2024.12.11_20-41-41_yakuba7_2hex,6831,6831,True
2024.12.11_20-41-41_yakuba7_2hex,6843,6843,True
2024.12.11_20-41-41_yakuba7_2hex,6858,6858,True
2024.12.11_20-41-41_yakuba7_2hex,6861,6862,True
2024.12.11_20-41-41_yakuba7_2hex,6867,6867,True
2024.12.11_20-41-41_yakuba7_2hex,6871,6871,True
2024.12.11_20-41-41_yakuba7_2hex,6873,6873,True
2024.12.11_20-41-41_yakuba7_2hex,6880,6882,True
2024.12.11_20-41-41_yakuba7_2hex,6885,6885,True
2024.12.11_20-41-41_yakuba7_2hex,6890,6890,True
2024.12.11_20-41-41_yakuba7_2hex,6896,6896,True
2024.12.11_20-41-41_yakuba7_2hex,6901,6901,True
2024.12.11_20-41-41_yakuba7_2hex,6903,6904,True
2024.12.11_20-41-41_yakuba7_2hex,6914,6916,True
2024.12.11_20-41-41_yakuba7_2hex,6920,6922,True
2024.12.11_20-41-41_yakuba7_2hex,6924,6927,True
2024.12.11_20-41-41_yakuba7_2hex,6934,6936,True
2024.12.11_20-41-41_yakuba7_2hex,6939,7188,True
2024.12.11_20-41-41_yakuba7_2hex,7192,7199,True
2024.12.11_20-41-41_yakuba7_2hex,7201,7201,True
2024.12.11_20-41-41_yakuba7_2hex,7203,7206,True
2024.12.11_20-41-41_yakuba7_2hex,7212,7215,True
2024.12.11_20-41-41_yakuba7_2hex,7224,7225,True
2024.12.11_20-41-41_yakuba7_2hex,7227,7228,True
2024.12.11_20-41-41_yakuba7_2hex,7233,7234,True
2024.12.11_20-41-41_yakuba7_2hex,7236,7237,True
2024.12.11_20-41-41_yakuba7_2hex,7240,7240,True
2024.12.11_20-41-41_yakuba7_2hex,7242,7242,True
2024.12.11_20-41-41_yakuba7_2hex,7244,7246,True
2024.12.11_20-41-41_yakuba7_2hex,7248,7255,True
2024.12.11_20-41-41_yakuba7_2hex,7257,7260,True
2024.12.11_20-41-41_yakuba7_2hex,7262,7288,True
2024.12.11_20-41-41_yakuba7_2hex,7290,7319,True
2024.12.11_20-41-41_yakuba7_2hex,7322,7322,True
2024.12.11_20-41-41_yakuba7_2hex,7329,7331,True
2024.12.11_20-41-41_yakuba7_2hex,7336,7342,True
2024.12.11_20-41-41_yakuba7_2hex,7409,7430,True
2024.12.11_20-41-41_yakuba7_2hex,7453,7493,True
2024.12.11_20-41-41_yakuba7_2hex,7495,7496,True
2024.12.11_20-41-41_yakuba7_2hex,7501,7506,True
2024.12.11_20-41-41_yakuba7_2hex,7522,7527,True
2024.12.11_20-41-41_yakuba7_2hex,8188,8526,True
2024.12.11_20-41-41_yakuba7_2hex,8528,8528,True
2024.12.11_20-41-41_yakuba7_2hex,8530,8531,True
2024.12.11_20-41-41_yakuba7_2hex,8533,8553,True
2024.12.11_20-41-41_yakuba7_2hex,8555,8555,True
2024.12.11_20-41-41_yakuba7_2hex,8557,8567,True
2024.12.11_20-41-41_yakuba7_2hex,8569,8575,True
2024.12.11_20-41-41_yakuba7_2hex,8577,8578,True
2024.12.11_20-41-41_yakuba7_2hex,8580,8584,True
2024.12.11_20-41-41_yakuba7_2hex,8586,8602,True
2024.12.11_20-41-41_yakuba7_2hex,8605,8619,True
2024.12.11_20-41-41_yakuba7_2hex,8621,8621,True
2024.12.11_20-41-41_yakuba7_2hex,8624,8626,True
2024.12.11_20-41-41_yakuba7_2hex,8631,8631,True
2024.12.11_20-41-41_yakuba7_2hex,8633,8636,True
2024.12.11_20-41-41_yakuba7_2hex,8638,8642,True
2024.12.11_20-41-41_yakuba7_2hex,8644,8648,True
2024.12.11_20-41-41_yakuba7_2hex,8650,8661,True
2024.12.11_20-41-41_yakuba7_2hex,8663,8672,True
2024.12.11_20-41-41_yakuba7_2hex,8682,8688,True
2024.12.11_20-41-41_yakuba7_2hex,8691,8694,True
2024.12.11_20-41-41_yakuba7_2hex,8696,8698,True
2024.12.11_20-41-41_yakuba7_2hex,8701,8717,True
2024.12.11_20-41-41_yakuba7_2hex,8719,8729,True
2024.12.11_20-41-41_yakuba7_2hex,8731,8731,True
2024.12.11_20-41-41_yakuba7_2hex,8733,8748,True
2024.12.11_20-41-41_yakuba7_2hex,8750,8768,True
2024.12.11_20-41-41_yakuba7_2hex,8770,8774,True
2024.12.11_20-41-41_yakuba7_2hex,8777,8805,True
2024.12.11_20-41-41_yakuba7_2hex,8807,8809,True
2024.12.11_20-41-41_yakuba7_2hex,8812,8818,True
2024.12.11_20-41-41_yakuba7_2hex,8820,8834,True
2024.12.11_20-41-41_yakuba7_2hex,8836,8862,True
2024.12.11_20-41-41_yakuba7_2hex,8864,8873,True
2024.12.11_20-41-41_yakuba7_2hex,8876,8878,True
2024.12.11_20-41-41_yakuba7_2hex,8881,8883,True
2024.12.11_20-41-41_yakuba7_2hex,8885,8886,True
2024.12.11_20-41-41_yakuba7_2hex,8888,8890,True
2024.12.11_20-41-41_yakuba7_2hex,8892,8893,True
2024.12.11_20-41-41_yakuba7_2hex,8895,8897,True
2024.12.11_20-41-41_yakuba7_2hex,8900,8900,True
2024.12.11_20-41-41_yakuba7_2hex,8902,8903,True
2024.12.11_20-41-41_yakuba7_2hex,8910,8910,True
2024.12.11_20-41-41_yakuba7_2hex,8914,8915,True
2024.12.11_20-41-41_yakuba7_2hex,8917,8922,True
2024.12.11_20-41-41_yakuba7_2hex,8924,8926,True
2024.12.11_20-41-41_yakuba7_2hex,8928,8931,True
2024.12.11_20-41-41_yakuba7_2hex,8933,8933,True
2024.12.11_20-41-41_yakuba7_2hex,8936,8940,True
2024.12.11_20-41-41_yakuba7_2hex,8944,8948,True
2024.12.11_20-41-41_yakuba7_2hex,8950,8951,True
2024.12.11_20-41-41_yakuba7_2hex,8954,8957,True
2024.12.11_20-41-41_yakuba7_2hex,8959,8959,True
2024.12.11_20-41-41_yakuba7_2hex,8961,8965,True
2024.12.11_20-41-41_yakuba7_2hex,8967,8967,True
2024.12.11_20-41-41_yakuba7_2hex,8969,8970,True
2024.12.11_20-41-41_yakuba7_2hex,8972,8973,True
2024.12.11_20-41-41_yakuba7_2hex,8975,8981,True
2024.12.11_20-41-41_yakuba7_2hex,8983,8983,True
2024.07.08_13-43-06_Riverside (E-2-Hex),3,576,True
2024.07.08_13-43-06_Riverside (E-2-Hex),606,634,True
2024.07.08_13-43-06_Riverside (E-2-Hex),641,1193,True
2024.07.08_13-43-06_Riverside (E-2-Hex),1239,1328,True
2024.07.08_13-43-06_Riverside (E-2-Hex),1767,1767,True
2024.07.08_13-43-06_Riverside (E-2-Hex),1792,1794,True
2024.07.08_13-43-06_Riverside (E-2-Hex),1817,1817,True
2024.07.08_13-43-06_Riverside (E-2-Hex),1821,1821,True
2024.07.08_13-43-06_Riverside (E-2-Hex),1823,1823,True
2024.07.08_13-43-06_Riverside (E-2-Hex),1826,1827,True
2024.07.08_13-43-06_Riverside (E-2-Hex),1832,1832,True
2024.07.08_13-43-06_Riverside (E-2-Hex),1845,1845,True
2024.07.08_13-43-06_Riverside (E-2-Hex),1870,1870,True
2024.07.08_13-43-06_Riverside (E-2-Hex),1875,1875,True
2024.07.08_13-43-06_Riverside (E-2-Hex),1878,1878,True
2024.07.08_13-43-06_Riverside (E-2-Hex),1880,1880,True
2024.07.08_13-43-06_Riverside (E-2-Hex),1882,1882,True
2024.07.08_13-43-06_Riverside (E-2-Hex),1885,1885,True
2024.07.08_13-43-06_Riverside (E-2-Hex),1889,1889,True
2024.07.08_13-43-06_Riverside (E-2-Hex),1903,1903,True
2024.07.08_13-43-06_Riverside (E-2-Hex),2795,2795,True
2024.07.08_13-43-06_Riverside (E-2-Hex),3602,5250,True
2024.07.08_13-43-06_Riverside (E-2-Hex),5644,6191,True
2024.07.08_13-43-06_Riverside (E-2-Hex),6193,6534,True
2024.07.08_13-43-06_Riverside (E-2-Hex),8597,8999,True
2024.10.24_10-10-18_Biarmipes_G224_metben,1613,1614,True
2024.10.24_10-10-18_Biarmipes_G224_metben,1616,1616,True
2024.10.24_10-10-18_Biarmipes_G224_metben,1618,2009,True
2024.10.24_10-10-18_Biarmipes_G224_metben,3110,3110,True
2024.10.24_10-10-18_Biarmipes_G224_metben,3115,3152,True
2024.10.24_10-10-18_Biarmipes_G224_metben,4156,4180,True
2024.10.24_10-10-18_Biarmipes_G224_metben,4184,4184,True
2024.10.24_10-10-18_Biarmipes_G224_metben,4212,4775,True
2024.10.24_10-10-18_Biarmipes_G224_metben,4777,4807,True
2024.10.24_10-10-18_Biarmipes_G224_metben,5390,5404,True
2024.10.24_10-10-18_Biarmipes_G224_metben,5657,5659,True
2024.10.24_10-10-18_Biarmipes_G224_metben,5661,5764,True
2024.10.24_10-10-18_Biarmipes_G224_metben,5825,5825,True
2024.10.24_10-10-18_Biarmipes_G224_metben,5827,5855,True
2024.10.24_10-10-18_Biarmipes_G224_metben,5857,6233,True
2024.10.24_10-10-18_Biarmipes_G224_metben,8307,8999,True
2024.10.30_09-33-52_Sussex_metben,24,24,True
2024.10.30_09-33-52_Sussex_metben,27,27,True
2024.10.30_09-33-52_Sussex_metben,31,32,True
2024.10.30_09-33-52_Sussex_metben,34,34,True
2024.10.30_09-33-52_Sussex_metben,37,39,True
2024.10.30_09-33-52_Sussex_metben,43,43,True
2024.10.30_09-33-52_Sussex_metben,50,50,True
2024.10.30_09-33-52_Sussex_metben,59,59,True
2024.10.30_09-33-52_Sussex_metben,61,73,True
2024.10.30_09-33-52_Sussex_metben,76,76,True
2024.10.30_09-33-52_Sussex_metben,79,80,True
2024.10.30_09-33-52_Sussex_metben,83,83,True
2024.10.30_09-33-52_Sussex_metben,93,93,True
2024.10.30_09-33-52_Sussex_metben,97,99,True
2024.10.30_09-33-52_Sussex_metben,101,103,True
2024.10.30_09-33-52_Sussex_metben,105,105,True
2024.10.30_09-33-52_Sussex_metben,107,107,True
2024.10.30_09-33-52_Sussex_metben,109,109,True
2024.10.30_09-33-52_Sussex_metben,111,113,True
2024.10.30_09-33-52_Sussex_metben,118,121,True
2024.10.30_09-33-52_Sussex_metben,125,126,True
2024.10.30_09-33-52_Sussex_metben,129,129,True
2024.10.30_09-33-52_Sussex_metben,136,1345,True
2024.10.30_09-33-52_Sussex_metben,1438,1475,True
2024.10.30_09-33-52_Sussex_metben,4041,4045,True
2024.10.30_09-33-52_Sussex_metben,4047,4100,True
2024.10.30_09-33-52_Sussex_metben,4102,4102,True
2024.10.30_09-33-52_Sussex_metben,4117,4118,True
2024.10.30_09-33-52_Sussex_metben,4120,4120,True
2024.10.30_09-33-52_Sussex_metben,4123,4123,True
2024.10.30_09-33-52_Sussex_metben,4216,4235,True
2024.10.30_09-33-52_Sussex_metben,4350,4353,True
2024.10.30_09-33-52_Sussex_metben,4355,4380,True
2024.10.30_09-33-52_Sussex_metben,4412,5824,True
2024.10.30_09-33-52_Sussex_metben,5826,5827,True
2024.10.30_09-33-52_Sussex_metben,5830,5848,True
2024.10.30_09-33-52_Sussex_metben,5850,5851,True
2024.10.30_09-33-52_Sussex_metben,5854,6557,True
2024.10.30_09-33-52_Sussex_metben,8781,8824,True
2024.10.30_09-33-52_Sussex_metben,8826,8991,True
2024.11.01_04-43-54_CantonS_metben,3356,3356,True
2024.11.01_04-43-54_CantonS_metben,3358,3361,True
2024.11.01_04-43-54_CantonS_metben,3365,3371,True
2024.11.01_04-43-54_CantonS_metben,3373,3448,True
2024.11.01_04-43-54_CantonS_metben,3450,3531,True
2024.11.01_04-43-54_CantonS_metben,3533,3552,True
2024.11.01_04-43-54_CantonS_metben,3554,6413,True
2024.10.23_12-31-20_Yakuba_Cameroon_prenac,4115,4116,True
2024.10.23_12-31-20_Yakuba_Cameroon_prenac,4118,4118,True
2024.10.23_12-31-20_Yakuba_Cameroon_prenac,4123,4123,True
2024.10.23_12-31-20_Yakuba_Cameroon_prenac,4127,5040,True
2024.10.23_12-31-20_Yakuba_Cameroon_prenac,5042,5043,True
2024.10.23_12-31-20_Yakuba_Cameroon_prenac,5045,5046,True
2024.10.23_12-31-20_Yakuba_Cameroon_prenac,5048,5051,True
2024.10.23_12-31-20_Yakuba_Cameroon_prenac,5054,5055,True
2024.10.23_12-31-20_Yakuba_Cameroon_prenac,5057,5057,True
2024.10.23_12-31-20_Yakuba_Cameroon_prenac,5059,5068,True
2024.10.23_12-31-20_Yakuba_Cameroon_prenac,5070,5071,True
2024.10.23_12-31-20_Yakuba_Cameroon_prenac,5075,5075,True
2024.10.23_12-31-20_Yakuba_Cameroon_prenac,5079,5081,True
2024.10.23_12-31-20_Yakuba_Cameroon_prenac,5083,5089,True
2024.10.23_12-31-20_Yakuba_Cameroon_prenac,5091,5093,True
2024.10.23_12-31-20_Yakuba_Cameroon_prenac,5095,5097,True
2024.10.23_12-31-20_Yakuba_Cameroon_prenac,5101,5102,True
2024.10.23_12-31-20_Yakuba_Cameroon_prenac,5107,5107,True
2024.10.23_12-31-20_Yakuba_Cameroon_prenac,5110,5110,True
2024.10.23_12-31-20_Yakuba_Cameroon_prenac,5112,5113,True
2024.10.23_12-31-20_Yakuba_Cameroon_prenac,5124,5125,True
2024.10.23_12-31-20_Yakuba_Cameroon_prenac,5139,5139,True
2024.10.23_12-31-20_Yakuba_Cameroon_prenac,5141,5141,True
2024.10.23_12-31-20_Yakuba_Cameroon_prenac,5151,5151,True
2024.10.23_12-31-20_Yakuba_Cameroon_prenac,5155,5155,True
2024.10.23_12-31-20_Yakuba_Cameroon_prenac,5157,5157,True
2024.10.23_12-31-20_Yakuba_Cameroon_prenac,5165,5165,True
2024.10.23_12-31-20_Yakuba_Cameroon_prenac,5174,5174,True
2024.10.23_12-31-20_Yakuba_Cameroon_prenac,5184,5187,True
2024.10.23_12-31-20_Yakuba_Cameroon_prenac,5189,5190,True
2024.10.23_12-31-20_Yakuba_Cameroon_prenac,5193,5195,True
2024.10.23_12-31-20_Yakuba_Cameroon_prenac,5198,6600,True
2024.10.23_12-31-20_Yakuba_Cameroon_prenac,6602,6624,True
2024.10.23_12-31-20_Yakuba_Cameroon_prenac,6626,6627,True
2024.10.23_12-31-20_Yakuba_Cameroon_prenac,6629,6633,True
2024.10.23_12-31-20_Yakuba_Cameroon_prenac,6635,6641,True
2024.10.23_12-31-20_Yakuba_Cameroon_prenac,6643,6644,True
2024.10.23_12-31-20_Yakuba_Cameroon_prenac,6646,6710,True
2024.10.23_12-31-20_Yakuba_Cameroon_prenac,6712,6726,True
2024.10.23_12-31-20_Yakuba_Cameroon_prenac,6728,6755,True
2024.10.23_12-31-20_Yakuba_Cameroon_prenac,6757,7132,True
2024.10.23_12-31-20_Yakuba_Cameroon_prenac,7171,7240,True
2024.10.23_12-31-20_Yakuba_Cameroon_prenac,7285,7489,True
2024.10.23_12-31-20_Yakuba_Cameroon_prenac,7491,7492,True
2024.10.23_12-31-20_Yakuba_Cameroon_prenac,7499,7499,True
2024.10.23_12-31-20_Yakuba_Cameroon_prenac,7517,7518,True
2024.10.23_12-31-20_Yakuba_Cameroon_prenac,7970,7970,True
2024.10.23_12-31-20_Yakuba_Cameroon_prenac,8891,8972,True
2024.10.03_10-16-32_Sto_car_no_odor,9,327,True
2024.10.03_10-16-32_Sto_car_no_odor,330,330,True
2024.10.03_10-16-32_Sto_car_no_odor,473,473,True
2024.10.03_10-16-32_Sto_car_no_odor,476,477,True
2024.10.03_10-16-32_Sto_car_no_odor,480,480,True
2024.10.03_10-16-32_Sto_car_no_odor,482,484,True
2024.10.03_10-16-32_Sto_car_no_odor,553,813,True
2024.10.03_10-16-32_Sto_car_no_odor,815,863,True
2024.10.03_10-16-32_Sto_car_no_odor,865,866,True
2024.10.03_10-16-32_Sto_car_no_odor,878,878,True
2024.10.03_10-16-32_Sto_car_no_odor,1452,2060,True
2024.10.03_10-16-32_Sto_car_no_odor,2062,2062,True
2024.10.03_10-16-32_Sto_car_no_odor,2064,2067,True
2024.10.03_10-16-32_Sto_car_no_odor,2069,2072,True
2024.10.03_10-16-32_Sto_car_no_odor,4266,4267,True
2024.10.03_10-16-32_Sto_car_no_odor,4269,4270,True
2024.10.03_10-16-32_Sto_car_no_odor,4283,4284,True
2024.10.03_10-16-32_Sto_car_no_odor,4296,4300,True
2024.10.03_10-16-32_Sto_car_no_odor,4312,4313,True
2024.10.03_10-16-32_Sto_car_no_odor,4315,4316,True
2024.10.03_10-16-32_Sto_car_no_odor,4319,4320,True
2024.10.03_10-16-32_Sto_car_no_odor,4336,4336,True
2024.10.03_10-16-32_Sto_car_no_odor,4338,4390,True
2024.10.03_10-16-32_Sto_car_no_odor,4392,4397,True
2024.10.03_10-16-32_Sto_car_no_odor,4402,4403,True
2024.10.03_10-16-32_Sto_car_no_odor,4407,4407,True
2024.10.03_10-16-32_Sto_car_no_odor,4420,4420,True
2024.10.03_10-16-32_Sto_car_no_odor,4428,4428,True
2024.10.03_10-16-32_Sto_car_no_odor,4466,4494,True
2024.10.03_10-16-32_Sto_car_no_odor,4496,4497,True
2024.10.03_10-16-32_Sto_car_no_odor,4499,4514,True
2024.10.03_10-16-32_Sto_car_no_odor,4516,4520,True
2024.10.03_10-16-32_Sto_car_no_odor,4527,4533,True
2024.10.03_10-16-32_Sto_car_no_odor,4622,4623,True
2024.10.03_10-16-32_Sto_car_no_odor,4626,4626,True
2024.10.03_10-16-32_Sto_car_no_odor,4631,4631,True
2024.10.03_10-16-32_Sto_car_no_odor,4678,4678,True
2024.10.03_10-16-32_Sto_car_no_odor,4734,4879,True
2024.10.03_10-16-32_Sto_car_no_odor,4881,5652,True
2024.10.03_10-16-32_Sto_car_no_odor,6760,6760,True
2024.10.03_10-16-32_Sto_car_no_odor,6764,6764,True
2024.10.03_10-16-32_Sto_car_no_odor,7045,7052,True
2024.10.03_10-16-32_Sto_car_no_odor,7054,7059,True
2024.10.03_10-16-32_Sto_car_no_odor,7061,7077,True
2024.10.03_10-16-32_Sto_car_no_odor,7079,7085,True
2024.10.03_10-16-32_Sto_car_no_odor,7087,7109,True
2024.10.03_10-16-32_Sto_car_no_odor,7111,7159,True
2024.10.03_10-16-32_Sto_car_no_odor,7161,7163,True
2024.10.03_10-16-32_Sto_car_no_odor,7165,7174,True
2024.10.03_10-16-32_Sto_car_no_odor,7176,7177,True
2024.10.03_10-16-32_Sto_car_no_odor,7179,7183,True
2024.10.03_10-16-32_Sto_car_no_odor,7185,7192,True
2024.10.03_10-16-32_Sto_car_no_odor,7194,7237,True
2024.10.03_10-16-32_Sto_car_no_odor,7239,7240,True
2024.10.03_10-16-32_Sto_car_no_odor,7242,8866,True
2024.11.04_09-22-52_Sechellia28_e2hex,390,1436,True
2024.11.04_09-22-52_Sechellia28_e2hex,1932,2549,True
2024.11.04_09-22-52_Sechellia28_e2hex,4380,4727,True
2024.11.04_09-22-52_Sechellia28_e2hex,5064,5459,True
2024.11.04_09-22-52_Sechellia28_e2hex,6769,6769,True
2024.11.04_09-22-52_Sechellia28_e2hex,6778,6778,True
2024.11.04_09-22-52_Sechellia28_e2hex,6780,6783,True
2024.11.04_09-22-52_Sechellia28_e2hex,6786,6786,True
2024.11.04_09-22-52_Sechellia28_e2hex,6788,6790,True
2024.11.04_09-22-52_Sechellia28_e2hex,6792,6793,True
2024.11.04_09-22-52_Sechellia28_e2hex,6795,6795,True
2024.11.04_09-22-52_Sechellia28_e2hex,6797,6797,True
2024.11.04_09-22-52_Sechellia28_e2hex,6799,6799,True
2024.11.04_09-22-52_Sechellia28_e2hex,6801,6802,True
2024.11.04_09-22-52_Sechellia28_e2hex,6832,8944,True
2024.10.31_04-16-26_Biarmipes_G224_metben,7,8,True
2024.10.31_04-16-26_Biarmipes_G224_metben,10,523,True
2024.10.31_04-16-26_Biarmipes_G224_metben,1669,1669,True
2024.10.31_04-16-26_Biarmipes_G224_metben,1777,1792,True
2024.10.31_04-16-26_Biarmipes_G224_metben,1794,2046,True
2024.10.31_04-16-26_Biarmipes_G224_metben,2048,2084,True
2024.10.31_04-16-26_Biarmipes_G224_metben,2095,2218,True
2024.10.31_04-16-26_Biarmipes_G224_metben,2225,2225,True
2024.10.31_04-16-26_Biarmipes_G224_metben,2228,2228,True
2024.10.31_04-16-26_Biarmipes_G224_metben,2230,2230,True
2024.10.31_04-16-26_Biarmipes_G224_metben,2232,2245,True
2024.10.31_04-16-26_Biarmipes_G224_metben,2268,2279,True
2024.10.31_04-16-26_Biarmipes_G224_metben,2629,2647,True
2024.10.31_04-16-26_Biarmipes_G224_metben,2650,2650,True
2024.10.31_04-16-26_Biarmipes_G224_metben,2857,2874,True
2024.10.31_04-16-26_Biarmipes_G224_metben,2889,2891,True
2024.10.31_04-16-26_Biarmipes_G224_metben,2952,2952,True
2024.10.31_04-16-26_Biarmipes_G224_metben,2954,3152,True
2024.10.31_04-16-26_Biarmipes_G224_metben,3155,3251,True
2024.10.31_04-16-26_Biarmipes_G224_metben,3272,3276,True
2024.10.31_04-16-26_Biarmipes_G224_metben,3780,3780,True
2024.10.31_04-16-26_Biarmipes_G224_metben,3787,3807,True
2024.10.31_04-16-26_Biarmipes_G224_metben,3839,3839,True
2024.10.31_04-16-26_Biarmipes_G224_metben,3841,4140,True
2024.10.31_04-16-26_Biarmipes_G224_metben,4145,4250,True
2024.10.31_04-16-26_Biarmipes_G224_metben,4271,4330,True
2024.10.31_04-16-26_Biarmipes_G224_metben,4334,4339,True
2024.10.31_04-16-26_Biarmipes_G224_metben,4576,4595,True
2024.10.31_04-16-26_Biarmipes_G224_metben,4603,4603,True
2024.10.31_04-16-26_Biarmipes_G224_metben,4626,4665,True
2024.10.31_04-16-26_Biarmipes_G224_metben,4667,4671,True
2024.10.31_04-16-26_Biarmipes_G224_metben,4801,4833,True
2024.10.31_04-16-26_Biarmipes_G224_metben,4879,5638,True
2024.10.31_04-16-26_Biarmipes_G224_metben,6042,6102,True
2024.10.31_04-16-26_Biarmipes_G224_metben,6111,6425,True
2024.10.31_04-16-26_Biarmipes_G224_metben,6427,6614,True
2024.10.31_04-16-26_Biarmipes_G224_metben,6622,6623,True
2024.10.31_04-16-26_Biarmipes_G224_metben,7000,7000,True
2024.10.31_04-16-26_Biarmipes_G224_metben,7008,7014,True
2024.10.31_04-16-26_Biarmipes_G224_metben,7212,7215,True
2024.10.31_04-16-26_Biarmipes_G224_metben,7229,7229,True
2024.10.31_04-16-26_Biarmipes_G224_metben,7282,7283,True
2024.10.31_04-16-26_Biarmipes_G224_metben,7289,7289,True
2024.10.31_04-16-26_Biarmipes_G224_metben,7331,7341,True
2024.10.31_04-16-26_Biarmipes_G224_metben,7346,7348,True
2024.10.31_04-16-26_Biarmipes_G224_metben,7359,7359,True
2024.10.31_04-16-26_Biarmipes_G224_metben,7420,7432,True
2024.10.31_04-16-26_Biarmipes_G224_metben,7442,7464,True
2024.10.31_04-16-26_Biarmipes_G224_metben,7466,7466,True
2024.10.31_04-16-26_Biarmipes_G224_metben,7468,7470,True
2024.10.31_04-16-26_Biarmipes_G224_metben,7475,7475,True
2024.10.31_04-16-26_Biarmipes_G224_metben,7477,7477,True
2024.10.31_04-16-26_Biarmipes_G224_metben,7479,7479,True
2024.10.31_04-16-26_Biarmipes_G224_metben,7481,7481,True
2024.10.31_04-16-26_Biarmipes_G224_metben,7483,7484,True
2024.10.31_04-16-26_Biarmipes_G224_metben,7494,7494,True
2024.10.31_04-16-26_Biarmipes_G224_metben,7498,7498,True
2024.10.31_04-16-26_Biarmipes_G224_metben,7519,7520,True
2024.10.31_04-16-26_Biarmipes_G224_metben,7522,7958,True
2024.10.31_04-16-26_Biarmipes_G224_metben,7986,8195,True
2024.10.31_04-16-26_Biarmipes_G224_metben,8197,8219,True
2024.10.31_04-16-26_Biarmipes_G224_metben,8225,8927,True
2024.10.25_05-27-32_Yakuba7_prenac,1316,1316,True
2024.10.25_05-27-32_Yakuba7_prenac,1318,1318,True
2024.10.25_05-27-32_Yakuba7_prenac,1321,1405,True
2024.10.25_05-27-32_Yakuba7_prenac,1408,1408,True
2024.10.25_05-27-32_Yakuba7_prenac,1434,1434,True
2024.10.25_05-27-32_Yakuba7_prenac,1436,2278,True
2024.10.25_05-27-32_Yakuba7_prenac,2281,2287,True
2024.10.25_05-27-32_Yakuba7_prenac,2289,2443,True
2024.10.25_05-27-32_Yakuba7_prenac,4355,4364,True
2024.10.25_05-27-32_Yakuba7_prenac,4368,4373,True
2024.10.25_05-27-32_Yakuba7_prenac,4380,4384,True
2024.10.25_05-27-32_Yakuba7_prenac,4403,4417,True
2024.10.25_05-27-32_Yakuba7_prenac,4420,4438,True
2024.10.25_05-27-32_Yakuba7_prenac,4462,4477,True
2024.10.25_05-27-32_Yakuba7_prenac,4497,4503,True
2024.10.25_05-27-32_Yakuba7_prenac,4506,4507,True
2024.10.25_05-27-32_Yakuba7_prenac,4514,4516,True
2024.10.25_05-27-32_Yakuba7_prenac,4522,4532,True
2024.10.25_05-27-32_Yakuba7_prenac,4534,4535,True
2024.10.25_05-27-32_Yakuba7_prenac,4547,4553,True
2024.10.25_05-27-32_Yakuba7_prenac,4560,4565,True
2024.10.25_05-27-32_Yakuba7_prenac,4567,4567,True
2024.10.25_05-27-32_Yakuba7_prenac,4571,4574,True
2024.10.25_05-27-32_Yakuba7_prenac,4578,4593,True
2024.10.25_05-27-32_Yakuba7_prenac,4641,4642,True
2024.10.25_05-27-32_Yakuba7_prenac,4649,4659,True
2024.10.25_05-27-32_Yakuba7_prenac,4697,4715,True
2024.10.25_05-27-32_Yakuba7_prenac,4721,4794,True
2024.10.25_05-27-32_Yakuba7_prenac,4796,4807,True
2024.10.25_05-27-32_Yakuba7_prenac,4825,4838,True
2024.10.25_05-27-32_Yakuba7_prenac,4840,4886,True
2024.10.25_05-27-32_Yakuba7_prenac,4888,5019,True
2024.10.25_05-27-32_Yakuba7_prenac,5021,5021,True
2024.10.25_05-27-32_Yakuba7_prenac,5025,5030,True
2024.10.25_05-27-32_Yakuba7_prenac,5032,5034,True
2024.10.25_05-27-32_Yakuba7_prenac,5038,5038,True
2024.10.25_05-27-32_Yakuba7_prenac,5049,5049,True
2024.10.25_05-27-32_Yakuba7_prenac,5053,5053,True
2024.10.25_05-27-32_Yakuba7_prenac,5056,5056,True
2024.10.25_05-27-32_Yakuba7_prenac,5058,5058,True
2024.10.25_05-27-32_Yakuba7_prenac,5060,5062,True
2024.10.25_05-27-32_Yakuba7_prenac,5075,5075,True
2024.10.25_05-27-32_Yakuba7_prenac,5079,5080,True
2024.10.25_05-27-32_Yakuba7_prenac,5082,5083,True
2024.10.25_05-27-32_Yakuba7_prenac,5091,5093,True
2024.10.25_05-27-32_Yakuba7_prenac,5098,5102,True
2024.10.25_05-27-32_Yakuba7_prenac,5105,5105,True
2024.10.25_05-27-32_Yakuba7_prenac,5108,5108,True
2024.10.25_05-27-32_Yakuba7_prenac,5110,5110,True
2024.10.25_05-27-32_Yakuba7_prenac,5112,5122,True
2024.10.25_05-27-32_Yakuba7_prenac,5124,5133,True
2024.10.25_05-27-32_Yakuba7_prenac,5135,5137,True
2024.10.25_05-27-32_Yakuba7_prenac,5139,5144,True
2024.10.25_05-27-32_Yakuba7_prenac,5146,7045,True
2024.10.25_05-27-32_Yakuba7_prenac,8858,8858,True
2024.10.25_05-27-32_Yakuba7_prenac,8896,8897,True
2024.10.14_10-08-20_Riverside_prenac,3210,3210,True
2024.10.14_10-08-20_Riverside_prenac,3219,3223,True
2024.10.14_10-08-20_Riverside_prenac,3225,3225,True
2024.10.14_10-08-20_Riverside_prenac,3229,3230,True
2024.10.14_10-08-20_Riverside_prenac,3234,3234,True
2024.10.14_10-08-20_Riverside_prenac,3242,3242,True
2024.10.14_10-08-20_Riverside_prenac,3247,3247,True
2024.10.14_10-08-20_Riverside_prenac,3317,3321,True
2024.10.14_10-08-20_Riverside_prenac,3323,3328,True
2024.10.14_10-08-20_Riverside_prenac,3330,3330,True
2024.10.14_10-08-20_Riverside_prenac,3332,3335,True
2024.10.14_10-08-20_Riverside_prenac,3337,3337,True
2024.10.14_10-08-20_Riverside_prenac,3339,3341,True
2024.10.14_10-08-20_Riverside_prenac,3343,3348,True
2024.10.14_10-08-20_Riverside_prenac,3350,3351,True
2024.10.14_10-08-20_Riverside_prenac,3353,3354,True
2024.10.14_10-08-20_Riverside_prenac,3356,3356,True
2024.10.14_10-08-20_Riverside_prenac,3360,3362,True
2024.10.14_10-08-20_Riverside_prenac,3364,3369,True
2024.10.14_10-08-20_Riverside_prenac,3371,3372,True
2024.10.14_10-08-20_Riverside_prenac,3374,3376,True
2024.10.14_10-08-20_Riverside_prenac,3378,3378,True
2024.10.14_10-08-20_Riverside_prenac,3380,3384,True
2024.10.14_10-08-20_Riverside_prenac,3387,3401,True
2024.10.14_10-08-20_Riverside_prenac,3404,3405,True
2024.10.14_10-08-20_Riverside_prenac,3408,3410,True
2024.10.14_10-08-20_Riverside_prenac,3412,3412,True
2024.10.14_10-08-20_Riverside_prenac,3416,3417,True
2024.10.14_10-08-20_Riverside_prenac,3419,3423,True
2024.10.14_10-08-20_Riverside_prenac,3426,3431,True
2024.10.14_10-08-20_Riverside_prenac,3433,3452,True
2024.10.14_10-08-20_Riverside_prenac,3454,6723,True
2024.10.14_10-08-20_Riverside_prenac,7078,7079,True
2024.10.14_10-08-20_Riverside_prenac,7125,7125,True
2024.10.14_10-08-20_Riverside_prenac,7127,7899,True
2024.10.14_10-08-20_Riverside_prenac,8416,8416,True
2024.10.14_10-08-20_Riverside_prenac,8418,8419,True
2024.10.14_10-08-20_Riverside_prenac,8546,8546,True
2024.10.14_10-08-20_Riverside_prenac,8548,8548,True
2024.10.14_10-08-20_Riverside_prenac,8559,8646,True
2024.10.14_10-08-20_Riverside_prenac,8648,8648,True
2024.10.14_10-08-20_Riverside_prenac,8650,8650,True
2024.10.14_10-08-20_Riverside_prenac,8652,8784,True
2025.04.09_16-13-29_Sussex_metbut,1116,1116,True
2025.04.09_16-13-29_Sussex_metbut,1125,1137,True
2025.04.09_16-13-29_Sussex_metbut,1140,1145,True
2025.04.09_16-13-29_Sussex_metbut,1147,1154,True
2025.04.09_16-13-29_Sussex_metbut,2450,2450,True
2025.04.09_16-13-29_Sussex_metbut,2452,2454,True
2025.04.09_16-13-29_Sussex_metbut,2500,2530,True
2025.04.09_16-13-29_Sussex_metbut,3297,6220,True
2025.04.09_16-13-29_Sussex_metbut,7226,7233,True
2025.04.09_16-13-29_Sussex_metbut,7235,7235,True
2025.04.09_16-13-29_Sussex_metbut,7237,7870,True
2025.04.09_16-13-29_Sussex_metbut,7872,7892,True
2025.04.09_16-13-29_Sussex_metbut,7894,7894,True
2025.04.09_16-13-29_Sussex_metbut,7912,7920,True
2025.04.09_16-13-29_Sussex_metbut,8475,8999,True
2024.10.08_10-51-29_Biarmipes_G224_no_odor,859,860,True
2024.10.08_10-51-29_Biarmipes_G224_no_odor,879,908,True
2024.10.08_10-51-29_Biarmipes_G224_no_odor,910,912,True
2024.10.08_10-51-29_Biarmipes_G224_no_odor,914,916,True
2024.10.08_10-51-29_Biarmipes_G224_no_odor,918,922,True
2024.10.08_10-51-29_Biarmipes_G224_no_odor,924,1378,True
2024.10.08_10-51-29_Biarmipes_G224_no_odor,1380,1408,True
2024.10.08_10-51-29_Biarmipes_G224_no_odor,1731,2092,True
2024.10.08_10-51-29_Biarmipes_G224_no_odor,2410,2433,True
2024.10.08_10-51-29_Biarmipes_G224_no_odor,2438,2438,True
2024.10.08_10-51-29_Biarmipes_G224_no_odor,2440,2440,True
2024.10.08_10-51-29_Biarmipes_G224_no_odor,2646,2924,True
2024.10.08_10-51-29_Biarmipes_G224_no_odor,3064,3065,True
2024.10.08_10-51-29_Biarmipes_G224_no_odor,3093,3118,True
2024.10.08_10-51-29_Biarmipes_G224_no_odor,3563,3665,True
2024.10.08_10-51-29_Biarmipes_G224_no_odor,4415,5176,True
2024.10.08_10-51-29_Biarmipes_G224_no_odor,6802,6802,True
2024.10.08_10-51-29_Biarmipes_G224_no_odor,6816,6816,True
2024.10.08_10-51-29_Biarmipes_G224_no_odor,6821,6821,True
2024.10.08_10-51-29_Biarmipes_G224_no_odor,6826,6826,True
2024.10.08_10-51-29_Biarmipes_G224_no_odor,6834,6834,True
2024.10.08_10-51-29_Biarmipes_G224_no_odor,6836,6836,True
2024.10.08_10-51-29_Biarmipes_G224_no_odor,6841,6841,True
2024.10.08_10-51-29_Biarmipes_G224_no_odor,6844,6844,True
2024.10.08_10-51-29_Biarmipes_G224_no_odor,6846,6846,True
2024.10.08_10-51-29_Biarmipes_G224_no_odor,6852,6855,True
2024.10.08_10-51-29_Biarmipes_G224_no_odor,6858,6860,True
2024.10.08_10-51-29_Biarmipes_G224_no_odor,6862,6865,True
2024.10.08_10-51-29_Biarmipes_G224_no_odor,6867,6868,True
2024.10.08_10-51-29_Biarmipes_G224_no_odor,6873,6873,True
2024.10.08_10-51-29_Biarmipes_G224_no_odor,6875,6877,True
2024.10.08_10-51-29_Biarmipes_G224_no_odor,6882,6882,True
2024.10.08_10-51-29_Biarmipes_G224_no_odor,6884,6884,True
2024.10.08_10-51-29_Biarmipes_G224_no_odor,6891,6892,True
2024.10.08_10-51-29_Biarmipes_G224_no_odor,6894,6894,True
2024.10.08_10-51-29_Biarmipes_G224_no_odor,6896,6896,True
2024.10.08_10-51-29_Biarmipes_G224_no_odor,6899,6899,True
2024.10.08_10-51-29_Biarmipes_G224_no_odor,6901,6901,True
2024.10.08_10-51-29_Biarmipes_G224_no_odor,6914,6915,True
2024.10.08_10-51-29_Biarmipes_G224_no_odor,6926,6926,True
2024.10.08_10-51-29_Biarmipes_G224_no_odor,6933,6933,True
2024.10.08_10-51-29_Biarmipes_G224_no_odor,6943,6943,True
2024.10.08_10-51-29_Biarmipes_G224_no_odor,6947,6973,True
2024.10.08_10-51-29_Biarmipes_G224_no_odor,6989,6989,True
2024.10.08_10-51-29_Biarmipes_G224_no_odor,6993,6997,True
2024.10.08_10-51-29_Biarmipes_G224_no_odor,6999,7002,True
2024.10.08_10-51-29_Biarmipes_G224_no_odor,7004,7044,True
2024.10.08_10-51-29_Biarmipes_G224_no_odor,7046,7261,True
2024.10.08_10-51-29_Biarmipes_G224_no_odor,7263,7266,True
2024.10.08_10-51-29_Biarmipes_G224_no_odor,7268,7269,True
2024.10.08_10-51-29_Biarmipes_G224_no_odor,7272,7285,True
2024.10.08_10-51-29_Biarmipes_G224_no_odor,7287,7291,True
2024.10.08_10-51-29_Biarmipes_G224_no_odor,7293,7313,True
2024.10.08_10-51-29_Biarmipes_G224_no_odor,7315,7318,True
2024.10.08_10-51-29_Biarmipes_G224_no_odor,7321,7328,True
2024.10.08_10-51-29_Biarmipes_G224_no_odor,7330,7336,True
2024.10.08_10-51-29_Biarmipes_G224_no_odor,7338,7354,True
2024.10.08_10-51-29_Biarmipes_G224_no_odor,7357,7375,True
2024.10.08_10-51-29_Biarmipes_G224_no_odor,7377,7427,True
2024.10.08_10-51-29_Biarmipes_G224_no_odor,7429,7430,True
2024.10.08_10-51-29_Biarmipes_G224_no_odor,7432,7434,True
2024.10.08_10-51-29_Biarmipes_G224_no_odor,7436,7454,True
2024.10.08_10-51-29_Biarmipes_G224_no_odor,7456,7519,True
2024.10.08_10-51-29_Biarmipes_G224_no_odor,7521,8910,True
2024.11.14_21-38-38_Stocago_e2hex,1038,1042,True
2024.11.14_21-38-38_Stocago_e2hex,1044,1044,True
2024.11.14_21-38-38_Stocago_e2hex,1046,1549,True
2024.11.14_21-38-38_Stocago_e2hex,1566,1566,True
2024.11.14_21-38-38_Stocago_e2hex,2363,2364,True
2024.11.14_21-38-38_Stocago_e2hex,2366,2372,True
2024.11.14_21-38-38_Stocago_e2hex,2374,2375,True
2024.11.14_21-38-38_Stocago_e2hex,2378,2772,True
2024.11.14_21-38-38_Stocago_e2hex,2774,2774,True
2024.11.14_21-38-38_Stocago_e2hex,2777,2779,True
2024.11.14_21-38-38_Stocago_e2hex,2781,2781,True
2024.11.14_21-38-38_Stocago_e2hex,2783,2783,True
2024.11.14_21-38-38_Stocago_e2hex,2785,2805,True
2024.11.14_21-38-38_Stocago_e2hex,2807,2813,True
2024.11.14_21-38-38_Stocago_e2hex,2816,2824,True
2024.11.14_21-38-38_Stocago_e2hex,2826,2829,True
2024.11.14_21-38-38_Stocago_e2hex,2832,2834,True
2024.11.14_21-38-38_Stocago_e2hex,2837,2846,True
2024.11.14_21-38-38_Stocago_e2hex,2848,2854,True
2024.11.14_21-38-38_Stocago_e2hex,2856,2856,True
2024.11.14_21-38-38_Stocago_e2hex,2858,2859,True
2024.11.14_21-38-38_Stocago_e2hex,2862,2862,True
2024.11.14_21-38-38_Stocago_e2hex,2866,2867,True
2024.11.14_21-38-38_Stocago_e2hex,2870,2872,True
2024.11.14_21-38-38_Stocago_e2hex,2875,2875,True
2024.11.14_21-38-38_Stocago_e2hex,2879,2883,True
2024.11.14_21-38-38_Stocago_e2hex,2885,2885,True
2024.11.14_21-38-38_Stocago_e2hex,2889,2892,True
2024.11.14_21-38-38_Stocago_e2hex,2894,2894,True
2024.11.14_21-38-38_Stocago_e2hex,2896,2896,True
2024.11.14_21-38-38_Stocago_e2hex,2899,2904,True
2024.11.14_21-38-38_Stocago_e2hex,2906,2906,True
2024.11.14_21-38-38_Stocago_e2hex,2909,2910,True
2024.11.14_21-38-38_Stocago_e2hex,2912,2912,True
2024.11.14_21-38-38_Stocago_e2hex,2915,2917,True
2024.11.14_21-38-38_Stocago_e2hex,2919,2919,True
2024.11.14_21-38-38_Stocago_e2hex,2921,2921,True
2024.11.14_21-38-38_Stocago_e2hex,2923,3635,True
2024.11.14_21-38-38_Stocago_e2hex,3676,3714,True
2024.11.14_21-38-38_Stocago_e2hex,4488,5020,True
2024.11.14_21-38-38_Stocago_e2hex,8172,8256,True
2024.11.14_21-38-38_Stocago_e2hex,8309,8400,True
2024.11.14_21-38-38_Stocago_e2hex,8402,8999,True
2024.10.30_07-24-33_Stocago_metben,3,186,True
2024.10.30_07-24-33_Stocago_metben,480,1009,True
2024.10.30_07-24-33_Stocago_metben,1011,1101,True
2024.10.30_07-24-33_Stocago_metben,1104,1104,True
2024.10.30_07-24-33_Stocago_metben,1106,1153,True
2024.10.30_07-24-33_Stocago_metben,1156,1180,True
2024.10.30_07-24-33_Stocago_metben,1182,1182,True
2024.10.30_07-24-33_Stocago_metben,1186,1229,True
2024.10.30_07-24-33_Stocago_metben,1231,1232,True
2024.10.30_07-24-33_Stocago_metben,1251,1281,True
2024.10.30_07-24-33_Stocago_metben,1283,1293,True
2024.10.30_07-24-33_Stocago_metben,1297,1999,True
2024.10.30_07-24-33_Stocago_metben,3394,4446,True
2024.10.30_07-24-33_Stocago_metben,4521,4525,True
2024.10.30_07-24-33_Stocago_metben,4527,4529,True
2024.10.30_07-24-33_Stocago_metben,4531,4554,True
2024.10.30_07-24-33_Stocago_metben,4556,4560,True
2024.10.30_07-24-33_Stocago_metben,4576,4908,True
2024.10.30_07-24-33_Stocago_metben,5033,5058,True
2024.10.30_07-24-33_Stocago_metben,5135,5173,True
2024.10.30_07-24-33_Stocago_metben,5249,5278,True
2024.10.30_07-24-33_Stocago_metben,6874,6880,True
2024.10.30_07-24-33_Stocago_metben,6884,6885,True
2024.10.30_07-24-33_Stocago_metben,6887,6902,True
2024.10.30_07-24-33_Stocago_metben,6938,7993,True
2024.10.30_07-24-33_Stocago_metben,7997,7997,True
2024.10.30_07-24-33_Stocago_metben,8000,8069,True
2024.10.30_07-24-33_Stocago_metben,8084,8149,True
2024.10.30_07-24-33_Stocago_metben,8151,8258,True
2024.10.30_07-24-33_Stocago_metben,8260,8268,True
2024.10.30_07-24-33_Stocago_metben,8688,8740,True
2024.10.30_07-24-33_Stocago_metben,8786,8812,True
2024.10.30_07-24-33_Stocago_metben,8844,8881,True
2024.10.30_07-24-33_Stocago_metben,8883,8912,True
2024.10.30_07-24-33_Stocago_metben,8954,8999,True
2024.10.14_14-19-06_Biarmipes84_1hexanol,1736,1736,True
2024.10.14_14-19-06_Biarmipes84_1hexanol,1758,1759,True
2024.10.14_14-19-06_Biarmipes84_1hexanol,1764,1764,True
2024.10.14_14-19-06_Biarmipes84_1hexanol,1768,1770,True
2024.10.14_14-19-06_Biarmipes84_1hexanol,1774,1774,True
2024.10.14_14-19-06_Biarmipes84_1hexanol,1779,1781,True
2024.10.14_14-19-06_Biarmipes84_1hexanol,1783,1783,True
2024.10.14_14-19-06_Biarmipes84_1hexanol,1785,1785,True
2024.10.14_14-19-06_Biarmipes84_1hexanol,1787,1789,True
2024.10.14_14-19-06_Biarmipes84_1hexanol,1791,1791,True
2024.10.14_14-19-06_Biarmipes84_1hexanol,1794,1794,True
2024.10.14_14-19-06_Biarmipes84_1hexanol,1797,1800,True
2024.10.14_14-19-06_Biarmipes84_1hexanol,1809,1809,True
2024.10.14_14-19-06_Biarmipes84_1hexanol,1811,1811,True
2024.10.14_14-19-06_Biarmipes84_1hexanol,1815,1817,True
2024.10.14_14-19-06_Biarmipes84_1hexanol,1820,1820,True
2024.10.14_14-19-06_Biarmipes84_1hexanol,1822,1825,True
2024.10.14_14-19-06_Biarmipes84_1hexanol,1828,1893,True
2024.10.14_14-19-06_Biarmipes84_1hexanol,1895,1895,True
2024.10.14_14-19-06_Biarmipes84_1hexanol,1897,1915,True
2024.10.14_14-19-06_Biarmipes84_1hexanol,1917,1919,True
2024.10.14_14-19-06_Biarmipes84_1hexanol,1922,1981,True
2024.10.14_14-19-06_Biarmipes84_1hexanol,1983,1984,True
2024.10.14_14-19-06_Biarmipes84_1hexanol,1986,1990,True
2024.10.14_14-19-06_Biarmipes84_1hexanol,1992,1992,True
2024.10.14_14-19-06_Biarmipes84_1hexanol,1994,2010,True
2024.10.14_14-19-06_Biarmipes84_1hexanol,2012,2015,True
2024.10.14_14-19-06_Biarmipes84_1hexanol,2018,2026,True
2024.10.14_14-19-06_Biarmipes84_1hexanol,2032,2032,True
2024.10.14_14-19-06_Biarmipes84_1hexanol,2034,2041,True
2024.10.14_14-19-06_Biarmipes84_1hexanol,2045,2053,True
2024.10.14_14-19-06_Biarmipes84_1hexanol,2055,2062,True
2024.10.14_14-19-06_Biarmipes84_1hexanol,2064,2065,True
2024.10.14_14-19-06_Biarmipes84_1hexanol,2067,2357,True
2024.10.14_14-19-06_Biarmipes84_1hexanol,2359,2361,True
2024.10.14_14-19-06_Biarmipes84_1hexanol,2363,2371,True
2024.10.14_14-19-06_Biarmipes84_1hexanol,2373,2379,True
2024.10.14_14-19-06_Biarmipes84_1hexanol,2381,2452,True
2024.10.14_14-19-06_Biarmipes84_1hexanol,2454,2457,True
2024.10.14_14-19-06_Biarmipes84_1hexanol,2459,2934,True
2024.10.14_14-19-06_Biarmipes84_1hexanol,2950,3049,True
2024.10.14_14-19-06_Biarmipes84_1hexanol,3932,3981,True
2024.10.14_14-19-06_Biarmipes84_1hexanol,4476,4487,True
2024.10.14_14-19-06_Biarmipes84_1hexanol,4557,4557,True
2024.10.14_14-19-06_Biarmipes84_1hexanol,4611,4611,True
2024.10.14_14-19-06_Biarmipes84_1hexanol,4613,4624,True
2024.10.14_14-19-06_Biarmipes84_1hexanol,4630,4721,True
2024.10.14_14-19-06_Biarmipes84_1hexanol,4805,4943,True
2024.10.14_14-19-06_Biarmipes84_1hexanol,5166,5411,True
2024.10.14_14-19-06_Biarmipes84_1hexanol,5540,6442,True
2024.10.14_14-19-06_Biarmipes84_1hexanol,6444,7462,True
2024.10.30_09-47-02_Sussex_metben,1607,2106,True
2024.10.30_09-47-02_Sussex_metben,2481,3561,True
2024.10.30_09-47-02_Sussex_metben,5391,5635,True
2024.10.30_09-47-02_Sussex_metben,5638,5638,True
2024.10.30_09-47-02_Sussex_metben,5665,5667,True
2024.10.30_09-47-02_Sussex_metben,5669,5675,True
2024.10.30_09-47-02_Sussex_metben,5677,5690,True
2024.11.13_23-33-54_Sussex_e2hex,3,11,True
2024.11.13_23-33-54_Sussex_e2hex,13,1695,True
2024.11.13_23-33-54_Sussex_e2hex,1937,1939,True
2024.11.13_23-33-54_Sussex_e2hex,3310,4409,True
2024.11.13_23-33-54_Sussex_e2hex,5688,7170,True
2024.12.18_15-25-13_Riverside_no_odor,2357,2385,True
2024.12.18_15-25-13_Riverside_no_odor,2586,2612,True
2024.12.18_15-25-13_Riverside_no_odor,2614,2727,True
2024.12.18_15-25-13_Riverside_no_odor,3820,3968,True
2024.12.18_15-25-13_Riverside_no_odor,3970,3970,True
2024.12.18_15-25-13_Riverside_no_odor,3987,3991,True
2024.12.18_15-25-13_Riverside_no_odor,3994,3995,True
2024.12.18_15-25-13_Riverside_no_odor,4513,4526,True
2024.12.18_15-25-13_Riverside_no_odor,4869,4869,True
2024.12.18_15-25-13_Riverside_no_odor,4879,4890,True
2024.12.18_15-25-13_Riverside_no_odor,4892,4897,True
2024.12.18_15-25-13_Riverside_no_odor,4899,4906,True
2024.12.18_15-25-13_Riverside_no_odor,4908,4909,True
2024.12.18_15-25-13_Riverside_no_odor,4911,5291,True
2024.12.18_15-25-13_Riverside_no_odor,5937,5937,True
2024.12.18_15-25-13_Riverside_no_odor,5941,5949,True
2024.12.18_15-25-13_Riverside_no_odor,5961,5965,True
2024.12.18_15-25-13_Riverside_no_odor,5967,5973,True
2024.12.18_15-25-13_Riverside_no_odor,5975,5975,True
2024.12.18_15-25-13_Riverside_no_odor,5977,5978,True
2024.12.18_15-25-13_Riverside_no_odor,5981,5981,True
2024.12.18_15-25-13_Riverside_no_odor,5984,5993,True
2024.12.18_15-25-13_Riverside_no_odor,5995,6033,True
2024.12.18_15-25-13_Riverside_no_odor,6035,6063,True
2024.12.18_15-25-13_Riverside_no_odor,6065,6101,True
2024.12.18_15-25-13_Riverside_no_odor,6106,6116,True
2024.12.18_15-25-13_Riverside_no_odor,6123,6165,True
2024.12.18_15-25-13_Riverside_no_odor,6224,6224,True
2024.12.18_15-25-13_Riverside_no_odor,6227,6229,True
2024.12.18_15-25-13_Riverside_no_odor,6248,6280,True
2024.12.18_15-25-13_Riverside_no_odor,6306,6306,True
2024.12.18_15-25-13_Riverside_no_odor,6311,6315,True
2024.12.18_15-25-13_Riverside_no_odor,6355,6355,True
2024.12.18_15-25-13_Riverside_no_odor,6491,6491,True
2024.12.18_15-25-13_Riverside_no_odor,6726,6733,True
2024.12.18_15-25-13_Riverside_no_odor,6804,6815,True
2024.12.18_15-25-13_Riverside_no_odor,7124,7135,True
2024.12.18_15-25-13_Riverside_no_odor,7162,7162,True
2024.12.18_15-25-13_Riverside_no_odor,7229,7229,True
2024.12.18_15-25-13_Riverside_no_odor,7590,7590,True
2024.12.18_15-25-13_Riverside_no_odor,7633,7633,True
2024.12.18_15-25-13_Riverside_no_odor,7682,7682,True
2024.12.18_15-25-13_Riverside_no_odor,7857,7857,True
2024.09.24_15-53-02_Yakuba7_no_odor,1900,2777,True
2024.09.24_15-53-02_Yakuba7_no_odor,4676,4676,True
2024.09.24_15-53-02_Yakuba7_no_odor,5546,5554,True
2024.09.24_15-53-02_Yakuba7_no_odor,5556,5559,True
2024.09.24_15-53-02_Yakuba7_no_odor,5561,5571,True
2024.09.24_15-53-02_Yakuba7_no_odor,5573,5573,True
2024.09.24_15-53-02_Yakuba7_no_odor,5575,5585,True
2024.09.24_15-53-02_Yakuba7_no_odor,5587,5588,True
2024.09.24_15-53-02_Yakuba7_no_odor,5591,5593,True
2024.09.24_15-53-02_Yakuba7_no_odor,5598,5600,True
2024.09.24_15-53-02_Yakuba7_no_odor,5603,5603,True
2024.09.24_15-53-02_Yakuba7_no_odor,5605,5610,True
2024.09.24_15-53-02_Yakuba7_no_odor,5614,5614,True
2024.09.24_15-53-02_Yakuba7_no_odor,5618,5618,True
2024.09.24_15-53-02_Yakuba7_no_odor,5620,5620,True
2024.09.24_15-53-02_Yakuba7_no_odor,5622,5622,True
2024.09.24_15-53-02_Yakuba7_no_odor,5629,5630,True
2024.09.24_15-53-02_Yakuba7_no_odor,5632,5632,True
2024.09.24_15-53-02_Yakuba7_no_odor,5635,5636,True
2024.09.24_15-53-02_Yakuba7_no_odor,5638,5639,True
2024.09.24_15-53-02_Yakuba7_no_odor,5641,5641,True
2024.09.24_15-53-02_Yakuba7_no_odor,5645,5645,True
2024.09.24_15-53-02_Yakuba7_no_odor,5647,5648,True
2024.09.24_15-53-02_Yakuba7_no_odor,5650,5650,True
2024.09.24_15-53-02_Yakuba7_no_odor,5652,5658,True
2024.09.24_15-53-02_Yakuba7_no_odor,5662,5662,True
2024.09.24_15-53-02_Yakuba7_no_odor,5667,5667,True
2024.09.24_15-53-02_Yakuba7_no_odor,5669,5670,True
2024.09.24_15-53-02_Yakuba7_no_odor,5672,5677,True
2024.09.24_15-53-02_Yakuba7_no_odor,5679,5679,True
2024.09.24_15-53-02_Yakuba7_no_odor,5682,5685,True
2024.09.24_15-53-02_Yakuba7_no_odor,5688,5690,True
2024.09.24_15-53-02_Yakuba7_no_odor,5694,5694,True
2024.09.24_15-53-02_Yakuba7_no_odor,5696,5697,True
2024.09.24_15-53-02_Yakuba7_no_odor,5700,5704,True
2024.09.24_15-53-02_Yakuba7_no_odor,5707,5708,True
2024.09.24_15-53-02_Yakuba7_no_odor,5712,5715,True
2024.09.24_15-53-02_Yakuba7_no_odor,5718,5718,True
2024.09.24_15-53-02_Yakuba7_no_odor,5720,5721,True
2024.09.24_15-53-02_Yakuba7_no_odor,5723,5723,True
2024.09.24_15-53-02_Yakuba7_no_odor,5726,5727,True
2024.09.24_15-53-02_Yakuba7_no_odor,5729,5729,True
2024.09.24_15-53-02_Yakuba7_no_odor,5734,5735,True
2024.09.24_15-53-02_Yakuba7_no_odor,5737,5738,True
2024.09.24_15-53-02_Yakuba7_no_odor,5743,5745,True
2024.09.24_15-53-02_Yakuba7_no_odor,5747,5747,True
2024.09.24_15-53-02_Yakuba7_no_odor,5750,5750,True
2024.09.24_15-53-02_Yakuba7_no_odor,5752,5753,True
2024.09.24_15-53-02_Yakuba7_no_odor,5757,5757,True
2024.09.24_15-53-02_Yakuba7_no_odor,5759,5762,True
2024.09.24_15-53-02_Yakuba7_no_odor,5764,5764,True
2024.09.24_15-53-02_Yakuba7_no_odor,5767,5769,True
2024.09.24_15-53-02_Yakuba7_no_odor,5772,5773,True
2024.09.24_15-53-02_Yakuba7_no_odor,5777,5777,True
2024.09.24_15-53-02_Yakuba7_no_odor,5790,5790,True
2024.09.24_15-53-02_Yakuba7_no_odor,5793,5793,True
2024.09.24_15-53-02_Yakuba7_no_odor,5800,5800,True
2024.09.24_15-53-02_Yakuba7_no_odor,5805,5806,True
2024.09.24_15-53-02_Yakuba7_no_odor,5809,5812,True
2024.09.24_15-53-02_Yakuba7_no_odor,5818,5818,True
2024.09.24_15-53-02_Yakuba7_no_odor,5820,5821,True
2024.09.24_15-53-02_Yakuba7_no_odor,5824,5824,True
2024.09.24_15-53-02_Yakuba7_no_odor,5826,5826,True
2024.09.24_15-53-02_Yakuba7_no_odor,5830,5836,True
2024.09.24_15-53-02_Yakuba7_no_odor,5838,5838,True
2024.09.24_15-53-02_Yakuba7_no_odor,5843,5843,True
2024.09.24_15-53-02_Yakuba7_no_odor,5846,5846,True
2024.09.24_15-53-02_Yakuba7_no_odor,5849,5850,True
2024.09.24_15-53-02_Yakuba7_no_odor,5905,5909,True
2024.09.24_15-53-02_Yakuba7_no_odor,5917,5918,True
2024.09.24_15-53-02_Yakuba7_no_odor,5920,5922,True
2024.09.24_15-53-02_Yakuba7_no_odor,5926,5926,True
2024.09.24_15-53-02_Yakuba7_no_odor,5928,5929,True
2024.09.24_15-53-02_Yakuba7_no_odor,5934,5934,True
2024.09.24_15-53-02_Yakuba7_no_odor,5938,5938,True
2024.09.24_15-53-02_Yakuba7_no_odor,5940,5945,True
2024.09.24_15-53-02_Yakuba7_no_odor,5947,5948,True
2024.09.24_15-53-02_Yakuba7_no_odor,5951,5964,True
2024.09.24_15-53-02_Yakuba7_no_odor,5966,5967,True
2024.09.24_15-53-02_Yakuba7_no_odor,5969,5970,True
2024.09.24_15-53-02_Yakuba7_no_odor,5973,5978,True
2024.09.24_15-53-02_Yakuba7_no_odor,5984,5984,True
2024.09.24_15-53-02_Yakuba7_no_odor,5987,5987,True
2024.09.24_15-53-02_Yakuba7_no_odor,5991,5991,True
2024.09.24_15-53-02_Yakuba7_no_odor,5993,5993,True
2024.09.24_15-53-02_Yakuba7_no_odor,5997,6004,True
2024.09.24_15-53-02_Yakuba7_no_odor,6006,6006,True
2024.09.24_15-53-02_Yakuba7_no_odor,6011,6013,True
2024.09.24_15-53-02_Yakuba7_no_odor,6015,6017,True
2024.09.24_15-53-02_Yakuba7_no_odor,6019,6019,True
2024.09.24_15-53-02_Yakuba7_no_odor,6023,6025,True
2024.09.24_15-53-02_Yakuba7_no_odor,6029,6031,True
2024.09.24_15-53-02_Yakuba7_no_odor,6033,6044,True
2024.09.24_15-53-02_Yakuba7_no_odor,6047,6050,True
2024.09.24_15-53-02_Yakuba7_no_odor,6052,6052,True
2024.09.24_15-53-02_Yakuba7_no_odor,6055,6056,True
2024.09.24_15-53-02_Yakuba7_no_odor,6060,6060,True
2024.09.24_15-53-02_Yakuba7_no_odor,6062,6063,True
2024.09.24_15-53-02_Yakuba7_no_odor,6068,6068,True
2024.09.24_15-53-02_Yakuba7_no_odor,6070,6071,True
2024.09.24_15-53-02_Yakuba7_no_odor,6073,6074,True
2024.09.24_15-53-02_Yakuba7_no_odor,6076,6087,True
2024.09.24_15-53-02_Yakuba7_no_odor,6090,6096,True
2024.09.24_15-53-02_Yakuba7_no_odor,6098,6107,True
2024.09.24_15-53-02_Yakuba7_no_odor,6109,6114,True
2024.09.24_15-53-02_Yakuba7_no_odor,6116,6121,True
2024.09.24_15-53-02_Yakuba7_no_odor,6123,6123,True
2024.09.24_15-53-02_Yakuba7_no_odor,6125,6141,True
2024.09.24_15-53-02_Yakuba7_no_odor,6143,6147,True
2024.09.24_15-53-02_Yakuba7_no_odor,6149,6149,True
2024.09.24_15-53-02_Yakuba7_no_odor,6151,6154,True
2024.09.24_15-53-02_Yakuba7_no_odor,6166,6166,True
2024.09.24_15-53-02_Yakuba7_no_odor,6170,6170,True
2024.09.24_15-53-02_Yakuba7_no_odor,6174,6174,True
2024.09.24_15-53-02_Yakuba7_no_odor,6177,6177,True
2024.09.24_15-53-02_Yakuba7_no_odor,6181,6187,True
2024.09.24_15-53-02_Yakuba7_no_odor,6464,6464,True
2024.09.24_15-53-02_Yakuba7_no_odor,6467,6485,True
2024.09.24_15-53-02_Yakuba7_no_odor,6487,6487,True
2024.09.24_15-53-02_Yakuba7_no_odor,6489,6497,True
2024.09.24_15-53-02_Yakuba7_no_odor,6499,6503,True
2024.09.24_15-53-02_Yakuba7_no_odor,6505,6505,True
2024.09.24_15-53-02_Yakuba7_no_odor,6508,6508,True
2024.09.24_15-53-02_Yakuba7_no_odor,6552,6553,True
2024.09.24_15-53-02_Yakuba7_no_odor,6560,6588,True
2024.09.24_15-53-02_Yakuba7_no_odor,6590,6618,True
2024.09.24_15-53-02_Yakuba7_no_odor,6620,6621,True
2024.09.24_15-53-02_Yakuba7_no_odor,6623,6645,True
2024.09.24_15-53-02_Yakuba7_no_odor,6647,6663,True
2024.09.24_15-53-02_Yakuba7_no_odor,6665,6697,True
2024.09.24_15-53-02_Yakuba7_no_odor,6699,6699,True
2024.09.24_15-53-02_Yakuba7_no_odor,6718,6719,True
2024.09.24_15-53-02_Yakuba7_no_odor,6721,6724,True
2024.09.24_15-53-02_Yakuba7_no_odor,6726,6850,True
2024.09.24_15-53-02_Yakuba7_no_odor,6852,6874,True
2024.09.24_15-53-02_Yakuba7_no_odor,6876,6876,True
2024.09.24_15-53-02_Yakuba7_no_odor,6878,6886,True
2024.09.24_15-53-02_Yakuba7_no_odor,6888,6923,True
2024.09.24_15-53-02_Yakuba7_no_odor,6925,6925,True
2024.09.24_15-53-02_Yakuba7_no_odor,6927,6947,True
2024.09.24_15-53-02_Yakuba7_no_odor,6949,6950,True
2024.09.24_15-53-02_Yakuba7_no_odor,6952,6956,True
2024.09.24_15-53-02_Yakuba7_no_odor,6958,6959,True
2024.09.24_15-53-02_Yakuba7_no_odor,6996,6996,True
2024.09.24_15-53-02_Yakuba7_no_odor,7001,7004,True
2024.09.24_15-53-02_Yakuba7_no_odor,7006,7009,True
2024.09.24_15-53-02_Yakuba7_no_odor,7011,7011,True
2024.09.24_15-53-02_Yakuba7_no_odor,7016,7016,True
2024.09.24_15-53-02_Yakuba7_no_odor,7020,7021,True
2024.09.24_15-53-02_Yakuba7_no_odor,7023,7023,True
2024.09.24_15-53-02_Yakuba7_no_odor,7026,7028,True
2024.09.24_15-53-02_Yakuba7_no_odor,7031,7033,True
2024.09.24_15-53-02_Yakuba7_no_odor,7035,7036,True
2024.09.24_15-53-02_Yakuba7_no_odor,7039,7039,True
2024.09.24_15-53-02_Yakuba7_no_odor,7387,7390,True
2024.09.24_15-53-02_Yakuba7_no_odor,7392,7461,True
2024.09.24_15-53-02_Yakuba7_no_odor,7463,7467,True
2024.09.24_15-53-02_Yakuba7_no_odor,7472,7491,True
2024.09.24_15-53-02_Yakuba7_no_odor,7493,7494,True
2024.09.24_15-53-02_Yakuba7_no_odor,7513,7514,True
2024.09.24_15-53-02_Yakuba7_no_odor,7516,7518,True
2024.09.24_15-53-02_Yakuba7_no_odor,7520,7520,True
2024.09.24_15-53-02_Yakuba7_no_odor,7527,7527,True
2024.09.24_15-53-02_Yakuba7_no_odor,7530,7534,True
2024.09.24_15-53-02_Yakuba7_no_odor,7546,7548,True
2024.09.24_15-53-02_Yakuba7_no_odor,7674,7679,True
2024.09.24_15-53-02_Yakuba7_no_odor,7681,7684,True
2024.09.24_15-53-02_Yakuba7_no_odor,7686,7688,True
2024.09.24_15-53-02_Yakuba7_no_odor,7695,8019,True
2024.09.24_15-53-02_Yakuba7_no_odor,8021,8108,True
2024.09.24_15-53-02_Yakuba7_no_odor,8110,8132,True
2024.09.24_15-53-02_Yakuba7_no_odor,8134,8164,True
2024.09.24_15-53-02_Yakuba7_no_odor,8166,8525,True
2024.10.18_12-28-12_Sto_car_prenac,689,801,True
2024.10.18_12-28-12_Sto_car_prenac,816,854,True
2024.10.18_12-28-12_Sto_car_prenac,1247,1289,True
2024.10.18_12-28-12_Sto_car_prenac,1291,1293,True
2024.10.18_12-28-12_Sto_car_prenac,1295,1296,True
2024.10.18_12-28-12_Sto_car_prenac,1298,1298,True
2024.10.18_12-28-12_Sto_car_prenac,1335,1336,True
2024.10.18_12-28-12_Sto_car_prenac,1338,1469,True
2024.10.18_12-28-12_Sto_car_prenac,1811,2473,True
2024.10.18_12-28-12_Sto_car_prenac,2475,2842,True
2024.10.18_12-28-12_Sto_car_prenac,4465,5157,True
2024.10.18_12-28-12_Sto_car_prenac,5641,5919,True
2024.10.18_12-28-12_Sto_car_prenac,6054,8999,True
2024.11.13_21-14-54_Yakuba_cameroon_e2hex,3,1092,True
2024.11.13_21-14-54_Yakuba_cameroon_e2hex,2700,2888,True
2024.11.13_21-14-54_Yakuba_cameroon_e2hex,2890,3030,True
2024.11.13_21-14-54_Yakuba_cameroon_e2hex,3048,3281,True
2024.11.13_21-14-54_Yakuba_cameroon_e2hex,3283,3594,True
2024.11.13_21-14-54_Yakuba_cameroon_e2hex,3605,3891,True
2024.11.13_21-14-54_Yakuba_cameroon_e2hex,4714,5719,True
2024.11.13_21-14-54_Yakuba_cameroon_e2hex,5742,5742,True
2024.11.13_21-14-54_Yakuba_cameroon_e2hex,5745,5745,True
2024.11.13_21-14-54_Yakuba_cameroon_e2hex,5759,5764,True
2024.11.13_21-14-54_Yakuba_cameroon_e2hex,6301,6394,True
2024.11.13_21-14-54_Yakuba_cameroon_e2hex,7935,8999,True
2024.10.31_03-59-12_Biarmipes_G224_metben,3,1142,True
2024.10.31_03-59-12_Biarmipes_G224_metben,2492,2502,True
2024.10.31_03-59-12_Biarmipes_G224_metben,2528,2534,True
2024.10.31_03-59-12_Biarmipes_G224_metben,2537,2572,True
2024.10.31_03-59-12_Biarmipes_G224_metben,2716,2722,True
2024.10.31_03-59-12_Biarmipes_G224_metben,2724,2724,True
2024.10.31_03-59-12_Biarmipes_G224_metben,2726,2726,True
2024.10.31_03-59-12_Biarmipes_G224_metben,2752,2752,True
2024.10.31_03-59-12_Biarmipes_G224_metben,2754,3307,True
2024.10.31_03-59-12_Biarmipes_G224_metben,3891,4573,True
2024.10.31_03-59-12_Biarmipes_G224_metben,5203,5205,True
2024.10.31_03-59-12_Biarmipes_G224_metben,5225,5765,True
2024.10.31_03-59-12_Biarmipes_G224_metben,5767,6036,True
2024.10.31_03-59-12_Biarmipes_G224_metben,6076,6254,True
2024.10.31_03-59-12_Biarmipes_G224_metben,6340,6406,True
2024.10.31_03-59-12_Biarmipes_G224_metben,6428,6869,True
2024.10.31_03-59-12_Biarmipes_G224_metben,7017,7055,True
2024.10.31_03-59-12_Biarmipes_G224_metben,7090,7090,True
2024.10.31_03-59-12_Biarmipes_G224_metben,7093,7093,True
2024.10.31_03-59-12_Biarmipes_G224_metben,8078,8089,True
2024.12.18_17-43-00_Biarmipes_G224_prenac,404,1532,True
2024.12.18_17-43-00_Biarmipes_G224_prenac,3680,3680,True
2024.12.18_17-43-00_Biarmipes_G224_prenac,3691,3691,True
2024.12.18_17-43-00_Biarmipes_G224_prenac,3693,3693,True
2024.12.18_17-43-00_Biarmipes_G224_prenac,3696,3699,True
2024.12.18_17-43-00_Biarmipes_G224_prenac,3701,3701,True
2024.12.18_17-43-00_Biarmipes_G224_prenac,3703,3705,True
2024.12.18_17-43-00_Biarmipes_G224_prenac,3712,3712,True
2024.12.18_17-43-00_Biarmipes_G224_prenac,3725,3725,True
2024.12.18_17-43-00_Biarmipes_G224_prenac,3743,3743,True
2024.12.18_17-43-00_Biarmipes_G224_prenac,3746,3746,True
2024.12.18_17-43-00_Biarmipes_G224_prenac,3748,3748,True
2024.12.18_17-43-00_Biarmipes_G224_prenac,3750,3752,True
2024.12.18_17-43-00_Biarmipes_G224_prenac,3754,3781,True
2024.12.18_17-43-00_Biarmipes_G224_prenac,3783,3783,True
2024.12.18_17-43-00_Biarmipes_G224_prenac,3795,3795,True
2024.12.18_17-43-00_Biarmipes_G224_prenac,3797,3799,True
2024.12.18_17-43-00_Biarmipes_G224_prenac,3801,3801,True
2024.12.18_17-43-00_Biarmipes_G224_prenac,3804,3804,True
2024.12.18_17-43-00_Biarmipes_G224_prenac,3809,3809,True
2024.12.18_17-43-00_Biarmipes_G224_prenac,3812,3813,True
2024.12.18_17-43-00_Biarmipes_G224_prenac,3818,3820,True
2024.12.18_17-43-00_Biarmipes_G224_prenac,3912,3981,True
2024.12.18_17-43-00_Biarmipes_G224_prenac,3983,4038,True
2024.12.18_17-43-00_Biarmipes_G224_prenac,4040,4084,True
2024.12.18_17-43-00_Biarmipes_G224_prenac,4086,4096,True
2024.12.18_17-43-00_Biarmipes_G224_prenac,4098,4111,True
2024.12.18_17-43-00_Biarmipes_G224_prenac,4139,4149,True
2024.12.18_17-43-00_Biarmipes_G224_prenac,4151,4159,True
2024.12.18_17-43-00_Biarmipes_G224_prenac,4161,4165,True
2024.12.18_17-43-00_Biarmipes_G224_prenac,4167,4174,True
2024.12.18_17-43-00_Biarmipes_G224_prenac,4177,4184,True
2024.12.18_17-43-00_Biarmipes_G224_prenac,4186,4195,True
2024.12.18_17-43-00_Biarmipes_G224_prenac,4197,4199,True
2024.12.18_17-43-00_Biarmipes_G224_prenac,4201,4215,True
2024.12.18_17-43-00_Biarmipes_G224_prenac,4221,4221,True
2024.12.18_17-43-00_Biarmipes_G224_prenac,4223,4225,True
2024.12.18_17-43-00_Biarmipes_G224_prenac,4227,4227,True
2024.12.18_17-43-00_Biarmipes_G224_prenac,4230,4232,True
2024.12.18_17-43-00_Biarmipes_G224_prenac,4234,4236,True
2024.12.18_17-43-00_Biarmipes_G224_prenac,4238,4238,True
2024.12.18_17-43-00_Biarmipes_G224_prenac,4241,4362,True
2024.12.18_17-43-00_Biarmipes_G224_prenac,4364,4375,True
2024.12.18_17-43-00_Biarmipes_G224_prenac,4377,4405,True
2024.12.18_17-43-00_Biarmipes_G224_prenac,4407,4407,True
2024.12.18_17-43-00_Biarmipes_G224_prenac,4410,4846,True
2024.12.18_17-43-00_Biarmipes_G224_prenac,4848,4942,True
2024.12.18_17-43-00_Biarmipes_G224_prenac,4944,6047,True
2024.12.18_17-43-00_Biarmipes_G224_prenac,6436,6436,True
2024.12.18_17-43-00_Biarmipes_G224_prenac,6438,6442,True
2024.12.18_17-43-00_Biarmipes_G224_prenac,6475,6483,True
2024.12.18_17-43-00_Biarmipes_G224_prenac,6485,6496,True
2024.12.18_17-43-00_Biarmipes_G224_prenac,6498,6498,True
2024.12.18_17-43-00_Biarmipes_G224_prenac,6500,6501,True
2024.12.18_17-43-00_Biarmipes_G224_prenac,6503,6503,True
2024.12.18_17-43-00_Biarmipes_G224_prenac,6505,6505,True
2024.12.18_17-43-00_Biarmipes_G224_prenac,6507,6511,True
2024.12.18_17-43-00_Biarmipes_G224_prenac,6514,6518,True
2024.12.18_17-43-00_Biarmipes_G224_prenac,6522,6523,True
2024.12.18_17-43-00_Biarmipes_G224_prenac,6525,6525,True
2024.12.18_17-43-00_Biarmipes_G224_prenac,6527,6541,True
2024.12.18_17-43-00_Biarmipes_G224_prenac,6543,6553,True
2024.12.18_17-43-00_Biarmipes_G224_prenac,6555,6557,True
2024.12.18_17-43-00_Biarmipes_G224_prenac,6559,6569,True
2024.12.18_17-43-00_Biarmipes_G224_prenac,6571,6578,True
2024.12.18_17-43-00_Biarmipes_G224_prenac,6580,6583,True
2024.12.18_17-43-00_Biarmipes_G224_prenac,6585,6592,True
2024.12.18_17-43-00_Biarmipes_G224_prenac,6594,6608,True
2024.12.18_17-43-00_Biarmipes_G224_prenac,6610,6615,True
2024.12.18_17-43-00_Biarmipes_G224_prenac,6617,6619,True
2024.12.18_17-43-00_Biarmipes_G224_prenac,6621,6633,True
2024.12.18_17-43-00_Biarmipes_G224_prenac,6636,6640,True
2024.12.18_17-43-00_Biarmipes_G224_prenac,6642,6648,True
2024.12.18_17-43-00_Biarmipes_G224_prenac,6650,6668,True
2024.12.18_17-43-00_Biarmipes_G224_prenac,6670,6671,True
2024.12.18_17-43-00_Biarmipes_G224_prenac,6673,6673,True
2024.12.18_17-43-00_Biarmipes_G224_prenac,6675,6678,True
2024.12.18_17-43-00_Biarmipes_G224_prenac,6680,6680,True
2024.12.18_17-43-00_Biarmipes_G224_prenac,6682,6686,True
2024.12.18_17-43-00_Biarmipes_G224_prenac,6688,6688,True
2024.12.18_17-43-00_Biarmipes_G224_prenac,6690,6698,True
2024.12.18_17-43-00_Biarmipes_G224_prenac,6700,6702,True
2024.12.18_17-43-00_Biarmipes_G224_prenac,6705,6736,True
2024.12.18_17-43-00_Biarmipes_G224_prenac,6738,6739,True
2024.12.18_17-43-00_Biarmipes_G224_prenac,6741,6775,True
2024.12.18_17-43-00_Biarmipes_G224_prenac,6777,6783,True
2024.12.18_17-43-00_Biarmipes_G224_prenac,6785,6941,True
2024.12.18_17-43-00_Biarmipes_G224_prenac,6972,6972,True
2024.12.18_17-43-00_Biarmipes_G224_prenac,6974,6977,True
2024.12.18_17-43-00_Biarmipes_G224_prenac,6997,6998,True
2024.12.18_17-43-00_Biarmipes_G224_prenac,7001,7001,True
2024.12.18_17-43-00_Biarmipes_G224_prenac,7003,7019,True
2024.12.18_17-43-00_Biarmipes_G224_prenac,7021,7022,True
2024.12.18_17-43-00_Biarmipes_G224_prenac,7027,7028,True
2024.12.18_17-43-00_Biarmipes_G224_prenac,7032,7034,True
2024.12.18_17-43-00_Biarmipes_G224_prenac,7067,7068,True
2024.12.18_17-43-00_Biarmipes_G224_prenac,7085,7098,True
2024.12.18_17-43-00_Biarmipes_G224_prenac,7107,7118,True
2024.12.18_17-43-00_Biarmipes_G224_prenac,7123,7137,True
2024.12.18_17-43-00_Biarmipes_G224_prenac,7139,7143,True
2024.12.18_17-43-00_Biarmipes_G224_prenac,7158,7158,True
2024.12.18_17-43-00_Biarmipes_G224_prenac,7161,7168,True
2024.12.18_17-43-00_Biarmipes_G224_prenac,7201,7203,True
2024.12.18_17-43-00_Biarmipes_G224_prenac,7205,7207,True
2024.12.18_17-43-00_Biarmipes_G224_prenac,7210,7212,True
2024.12.18_17-43-00_Biarmipes_G224_prenac,7229,7242,True
2024.12.18_17-43-00_Biarmipes_G224_prenac,7244,7259,True
2024.12.18_17-43-00_Biarmipes_G224_prenac,7261,7325,True
2024.12.18_17-43-00_Biarmipes_G224_prenac,7349,7392,True
2024.12.18_17-43-00_Biarmipes_G224_prenac,7394,7396,True
2024.12.18_17-43-00_Biarmipes_G224_prenac,7398,7476,True
2024.12.18_17-43-00_Biarmipes_G224_prenac,7559,7606,True
2024.12.18_17-43-00_Biarmipes_G224_prenac,7832,7832,True
2024.12.18_17-43-00_Biarmipes_G224_prenac,7836,7837,True
2024.12.18_17-43-00_Biarmipes_G224_prenac,7839,7852,True
2024.12.18_17-43-00_Biarmipes_G224_prenac,7863,7865,True
2024.12.18_17-43-00_Biarmipes_G224_prenac,7872,7876,True
2024.12.18_17-43-00_Biarmipes_G224_prenac,7956,7956,True
2024.12.18_17-43-00_Biarmipes_G224_prenac,7959,7960,True
2024.12.18_17-43-00_Biarmipes_G224_prenac,7964,7965,True
2024.12.18_17-43-00_Biarmipes_G224_prenac,7967,7973,True
2024.12.18_17-43-00_Biarmipes_G224_prenac,7984,7984,True
2024.12.18_17-43-00_Biarmipes_G224_prenac,7986,7990,True
2024.12.18_17-43-00_Biarmipes_G224_prenac,7992,7994,True
2024.12.18_17-43-00_Biarmipes_G224_prenac,7996,8012,True
2024.10.28_05-22-40_Yakuba_cameroon_metben,3,1217,True
2024.10.28_05-22-40_Yakuba_cameroon_metben,3673,5682,True
2024.10.28_05-22-40_Yakuba_cameroon_metben,7252,7281,True
2024.10.28_05-22-40_Yakuba_cameroon_metben,7283,7297,True
2024.10.28_05-22-40_Yakuba_cameroon_metben,7299,7314,True
2024.10.28_05-22-40_Yakuba_cameroon_metben,7343,7350,True
2024.10.28_05-22-40_Yakuba_cameroon_metben,7354,7354,True
2024.10.28_05-22-40_Yakuba_cameroon_metben,7369,7931,True
2024.10.28_05-22-40_Yakuba_cameroon_metben,7933,7945,True
2024.10.28_05-22-40_Yakuba_cameroon_metben,7967,7969,True
2024.10.28_05-22-40_Yakuba_cameroon_metben,7971,8993,True
2024.11.13_23-46-07_Sussex_e2hex,3,823,True
2024.11.13_23-46-07_Sussex_e2hex,1205,1206,True
2024.11.13_23-46-07_Sussex_e2hex,2287,2957,True
2024.11.13_23-46-07_Sussex_e2hex,4107,4979,True
2024.11.13_23-46-07_Sussex_e2hex,5054,5056,True
2024.11.13_23-46-07_Sussex_e2hex,5061,5062,True
2024.11.13_23-46-07_Sussex_e2hex,5068,5114,True
2024.11.13_23-46-07_Sussex_e2hex,5116,5156,True
2024.11.13_23-46-07_Sussex_e2hex,5158,5189,True
2024.11.13_23-46-07_Sussex_e2hex,6262,6265,True
2024.11.13_23-46-07_Sussex_e2hex,6273,6330,True
2024.11.13_23-46-07_Sussex_e2hex,6356,6360,True
2024.11.13_23-46-07_Sussex_e2hex,6372,6400,True
2024.11.13_23-46-07_Sussex_e2hex,6723,8075,True
2024.10.29_05-10-03_Biarmipes84_metben,3,165,True
2024.10.29_05-10-03_Biarmipes84_metben,1533,1607,True
2024.10.29_05-10-03_Biarmipes84_metben,1806,1896,True
2024.10.29_05-10-03_Biarmipes84_metben,2270,2272,True
2024.10.29_05-10-03_Biarmipes84_metben,2274,2277,True
2024.10.29_05-10-03_Biarmipes84_metben,2541,2554,True
2024.10.29_05-10-03_Biarmipes84_metben,2560,2560,True
2024.10.29_05-10-03_Biarmipes84_metben,2562,2565,True
2024.10.29_05-10-03_Biarmipes84_metben,2567,2571,True
2024.10.29_05-10-03_Biarmipes84_metben,2573,2785,True
2024.10.29_05-10-03_Biarmipes84_metben,2787,3107,True
2024.10.29_05-10-03_Biarmipes84_metben,3226,3524,True
2024.10.29_05-10-03_Biarmipes84_metben,3864,3879,True
2024.10.29_05-10-03_Biarmipes84_metben,3881,3889,True
2024.10.29_05-10-03_Biarmipes84_metben,3919,3919,True
2024.10.29_05-10-03_Biarmipes84_metben,4005,4006,True
2024.10.29_05-10-03_Biarmipes84_metben,4008,4008,True
2024.10.29_05-10-03_Biarmipes84_metben,4088,4089,True
2024.10.29_05-10-03_Biarmipes84_metben,4095,4095,True
2024.10.29_05-10-03_Biarmipes84_metben,4196,4199,True
2024.10.29_05-10-03_Biarmipes84_metben,4201,4201,True
2024.10.29_05-10-03_Biarmipes84_metben,4203,4217,True
2024.10.29_05-10-03_Biarmipes84_metben,4220,4223,True
2024.10.29_05-10-03_Biarmipes84_metben,4229,4233,True
2024.10.29_05-10-03_Biarmipes84_metben,4460,4466,True
2024.10.29_05-10-03_Biarmipes84_metben,4575,4575,True
2024.10.29_05-10-03_Biarmipes84_metben,4605,4605,True
2024.10.29_05-10-03_Biarmipes84_metben,4614,4614,True
2024.10.29_05-10-03_Biarmipes84_metben,4617,4617,True
2024.10.29_05-10-03_Biarmipes84_metben,4732,4946,True
2024.10.29_05-10-03_Biarmipes84_metben,4948,4952,True
2024.10.29_05-10-03_Biarmipes84_metben,4955,4955,True
2024.10.29_05-10-03_Biarmipes84_metben,4957,4960,True
2024.10.29_05-10-03_Biarmipes84_metben,4962,4962,True
2024.10.29_05-10-03_Biarmipes84_metben,4964,4973,True
2024.10.29_05-10-03_Biarmipes84_metben,4975,4980,True
2024.10.29_05-10-03_Biarmipes84_metben,4983,6318,True
2024.10.29_05-10-03_Biarmipes84_metben,7072,7115,True
2024.10.29_05-10-03_Biarmipes84_metben,7118,7151,True
2024.10.29_05-10-03_Biarmipes84_metben,7195,7236,True
2024.10.29_05-10-03_Biarmipes84_metben,7253,7273,True
2024.10.29_05-10-03_Biarmipes84_metben,7275,7276,True
2024.10.29_05-10-03_Biarmipes84_metben,7278,7278,True
2024.10.29_05-10-03_Biarmipes84_metben,7280,7281,True
2024.10.29_05-10-03_Biarmipes84_metben,7283,7283,True
2024.10.29_05-10-03_Biarmipes84_metben,7289,7427,True
2024.10.29_05-10-03_Biarmipes84_metben,7708,8589,True
2024.12.18_18-03-41_Biarmipes_G224_metben,3,275,True
2024.12.18_18-03-41_Biarmipes_G224_metben,722,744,True
2024.12.18_18-03-41_Biarmipes_G224_metben,763,764,True
2024.12.18_18-03-41_Biarmipes_G224_metben,766,766,True
2024.12.18_18-03-41_Biarmipes_G224_metben,768,804,True
2024.12.18_18-03-41_Biarmipes_G224_metben,806,990,True
2024.12.18_18-03-41_Biarmipes_G224_metben,1574,1735,True
2024.12.18_18-03-41_Biarmipes_G224_metben,1738,1746,True
2024.12.18_18-03-41_Biarmipes_G224_metben,1748,1803,True
2024.12.18_18-03-41_Biarmipes_G224_metben,1848,2014,True
2024.12.18_18-03-41_Biarmipes_G224_metben,2045,2045,True
2024.12.18_18-03-41_Biarmipes_G224_metben,2048,2048,True
2024.12.18_18-03-41_Biarmipes_G224_metben,2050,2050,True
2024.12.18_18-03-41_Biarmipes_G224_metben,2052,2052,True
2024.12.18_18-03-41_Biarmipes_G224_metben,2054,2054,True
2024.12.18_18-03-41_Biarmipes_G224_metben,2056,2059,True
2024.12.18_18-03-41_Biarmipes_G224_metben,2062,2209,True
2024.12.18_18-03-41_Biarmipes_G224_metben,2527,2534,True
2024.12.18_18-03-41_Biarmipes_G224_metben,2552,3182,True
2024.12.18_18-03-41_Biarmipes_G224_metben,3205,3205,True
2024.12.18_18-03-41_Biarmipes_G224_metben,3207,3283,True
2024.12.18_18-03-41_Biarmipes_G224_metben,3477,3648,True
2024.12.18_18-03-41_Biarmipes_G224_metben,3667,3719,True
2024.12.18_18-03-41_Biarmipes_G224_metben,3744,4020,True
2024.12.18_18-03-41_Biarmipes_G224_metben,5405,5409,True
2024.12.18_18-03-41_Biarmipes_G224_metben,5688,7204,True
2024.10.15_10-05-50_Sto_car_2hexanol,1901,1914,True
2024.10.15_10-05-50_Sto_car_2hexanol,2183,2190,True
2024.10.15_10-05-50_Sto_car_2hexanol,2265,2270,True
2024.10.15_10-05-50_Sto_car_2hexanol,2272,2275,True
2024.10.15_10-05-50_Sto_car_2hexanol,3128,3128,True
2024.10.15_10-05-50_Sto_car_2hexanol,3378,3899,True
2024.10.15_10-05-50_Sto_car_2hexanol,4474,5151,True
2024.10.15_10-05-50_Sto_car_2hexanol,5947,5969,True
2024.10.15_10-05-50_Sto_car_2hexanol,6089,6113,True
2024.10.15_10-05-50_Sto_car_2hexanol,6176,6180,True
2024.10.15_10-05-50_Sto_car_2hexanol,6188,6206,True
2024.10.15_10-05-50_Sto_car_2hexanol,6290,6292,True
2024.10.15_10-05-50_Sto_car_2hexanol,6332,6332,True
2024.10.15_10-05-50_Sto_car_2hexanol,6335,6335,True
2024.10.15_10-05-50_Sto_car_2hexanol,6338,6341,True
2024.10.15_10-05-50_Sto_car_2hexanol,6345,6546,True
2024.10.15_10-05-50_Sto_car_2hexanol,6645,6857,True
2024.10.15_10-05-50_Sto_car_2hexanol,6905,6952,True
2024.10.15_10-05-50_Sto_car_2hexanol,6954,6954,True
2024.10.15_10-05-50_Sto_car_2hexanol,6956,6956,True
2024.10.15_10-05-50_Sto_car_2hexanol,6962,6978,True
2024.10.15_10-05-50_Sto_car_2hexanol,7008,7033,True
2024.10.15_10-05-50_Sto_car_2hexanol,7061,7085,True
2024.10.15_10-05-50_Sto_car_2hexanol,7102,7103,True
2024.10.15_10-05-50_Sto_car_2hexanol,7105,7349,True
2024.10.15_10-05-50_Sto_car_2hexanol,8245,8999,True
2024.09.30_13-36-07_Yakuba_cameroon_no_odor,253,303,True
2024.09.30_13-36-07_Yakuba_cameroon_no_odor,346,353,True
2024.09.30_13-36-07_Yakuba_cameroon_no_odor,355,358,True
2024.09.30_13-36-07_Yakuba_cameroon_no_odor,365,365,True
2024.09.30_13-36-07_Yakuba_cameroon_no_odor,376,383,True
2024.09.30_13-36-07_Yakuba_cameroon_no_odor,385,385,True
2024.09.30_13-36-07_Yakuba_cameroon_no_odor,387,400,True
2024.09.30_13-36-07_Yakuba_cameroon_no_odor,402,422,True
2024.09.30_13-36-07_Yakuba_cameroon_no_odor,424,426,True
2024.09.30_13-36-07_Yakuba_cameroon_no_odor,429,429,True
2024.09.30_13-36-07_Yakuba_cameroon_no_odor,494,501,True
2024.09.30_13-36-07_Yakuba_cameroon_no_odor,503,504,True
2024.09.30_13-36-07_Yakuba_cameroon_no_odor,506,519,True
2024.09.30_13-36-07_Yakuba_cameroon_no_odor,521,537,True
2024.09.30_13-36-07_Yakuba_cameroon_no_odor,540,541,True
2024.09.30_13-36-07_Yakuba_cameroon_no_odor,543,544,True
2024.09.30_13-36-07_Yakuba_cameroon_no_odor,547,550,True
2024.09.30_13-36-07_Yakuba_cameroon_no_odor,552,588,True
2024.09.30_13-36-07_Yakuba_cameroon_no_odor,590,1106,True
2024.09.30_13-36-07_Yakuba_cameroon_no_odor,2187,2725,True
2024.09.30_13-36-07_Yakuba_cameroon_no_odor,2727,2804,True
2024.09.30_13-36-07_Yakuba_cameroon_no_odor,2808,2808,True
2024.09.30_13-36-07_Yakuba_cameroon_no_odor,2835,2835,True
2024.09.30_13-36-07_Yakuba_cameroon_no_odor,3893,3893,True
2024.09.30_13-36-07_Yakuba_cameroon_no_odor,4033,4033,True
2024.09.30_13-36-07_Yakuba_cameroon_no_odor,4051,4051,True
2024.09.30_13-36-07_Yakuba_cameroon_no_odor,4054,6096,True
2024.09.30_13-36-07_Yakuba_cameroon_no_odor,6104,6104,True
2024.09.30_13-36-07_Yakuba_cameroon_no_odor,6129,6129,True
2024.09.30_13-36-07_Yakuba_cameroon_no_odor,6131,6636,True
2024.09.30_13-36-07_Yakuba_cameroon_no_odor,6638,7183,True
2024.09.30_13-36-07_Yakuba_cameroon_no_odor,8839,8999,True
2024.10.04_14-30-57_Sechellia_no_odor,1476,1476,True
2024.10.04_14-30-57_Sechellia_no_odor,1483,1488,True
2024.10.04_14-30-57_Sechellia_no_odor,1490,1490,True
2024.10.04_14-30-57_Sechellia_no_odor,1498,1498,True
2024.10.04_14-30-57_Sechellia_no_odor,1508,1511,True
2024.10.04_14-30-57_Sechellia_no_odor,1514,1514,True
2024.10.04_14-30-57_Sechellia_no_odor,1588,1588,True
2024.10.04_14-30-57_Sechellia_no_odor,1631,1631,True
2024.10.04_14-30-57_Sechellia_no_odor,1676,1676,True
2024.10.04_14-30-57_Sechellia_no_odor,1696,1697,True
2024.10.04_14-30-57_Sechellia_no_odor,1734,1739,True
2024.10.04_14-30-57_Sechellia_no_odor,1741,1744,True
2024.10.04_14-30-57_Sechellia_no_odor,1750,1755,True
2024.10.04_14-30-57_Sechellia_no_odor,1761,1765,True
2024.10.04_14-30-57_Sechellia_no_odor,1767,1771,True
2024.10.04_14-30-57_Sechellia_no_odor,1776,1776,True
2024.10.04_14-30-57_Sechellia_no_odor,1778,1779,True
2024.10.04_14-30-57_Sechellia_no_odor,1782,1787,True
2024.10.04_14-30-57_Sechellia_no_odor,1790,1790,True
2024.10.04_14-30-57_Sechellia_no_odor,1792,1797,True
2024.10.04_14-30-57_Sechellia_no_odor,1801,1804,True
2024.10.04_14-30-57_Sechellia_no_odor,1806,1812,True
2024.10.04_14-30-57_Sechellia_no_odor,1815,1816,True
2024.10.04_14-30-57_Sechellia_no_odor,1818,1818,True
2024.10.04_14-30-57_Sechellia_no_odor,1821,1823,True
2024.10.04_14-30-57_Sechellia_no_odor,1828,1833,True
2024.10.04_14-30-57_Sechellia_no_odor,1835,1835,True
2024.10.04_14-30-57_Sechellia_no_odor,1837,1839,True
2024.10.04_14-30-57_Sechellia_no_odor,1841,1842,True
2024.10.04_14-30-57_Sechellia_no_odor,1846,1850,True
2024.10.04_14-30-57_Sechellia_no_odor,1852,1858,True
2024.10.04_14-30-57_Sechellia_no_odor,1860,1863,True
2024.10.04_14-30-57_Sechellia_no_odor,1866,1867,True
2024.10.04_14-30-57_Sechellia_no_odor,1869,1870,True
2024.10.04_14-30-57_Sechellia_no_odor,1872,1877,True
2024.10.04_14-30-57_Sechellia_no_odor,1879,1881,True
2024.10.04_14-30-57_Sechellia_no_odor,1883,1890,True
2024.10.04_14-30-57_Sechellia_no_odor,1892,1896,True
2024.10.04_14-30-57_Sechellia_no_odor,1899,1904,True
2024.10.04_14-30-57_Sechellia_no_odor,1906,1906,True
2024.10.04_14-30-57_Sechellia_no_odor,1908,1909,True
2024.10.04_14-30-57_Sechellia_no_odor,1911,1911,True
2024.10.04_14-30-57_Sechellia_no_odor,1914,1916,True
2024.10.04_14-30-57_Sechellia_no_odor,1918,1919,True
2024.10.04_14-30-57_Sechellia_no_odor,1921,1930,True
2024.10.04_14-30-57_Sechellia_no_odor,1932,1934,True
2024.10.04_14-30-57_Sechellia_no_odor,1936,1936,True
2024.10.04_14-30-57_Sechellia_no_odor,1939,1940,True
2024.10.04_14-30-57_Sechellia_no_odor,1942,1942,True
2024.10.04_14-30-57_Sechellia_no_odor,1945,1948,True
2024.10.04_14-30-57_Sechellia_no_odor,1950,1951,True
2024.10.04_14-30-57_Sechellia_no_odor,1954,1955,True
2024.10.04_14-30-57_Sechellia_no_odor,1957,1957,True
2024.10.04_14-30-57_Sechellia_no_odor,1959,1960,True
2024.10.04_14-30-57_Sechellia_no_odor,1962,1962,True
2024.10.04_14-30-57_Sechellia_no_odor,1964,1964,True
2024.10.04_14-30-57_Sechellia_no_odor,1967,1967,True
2024.10.04_14-30-57_Sechellia_no_odor,1969,1982,True
2024.10.04_14-30-57_Sechellia_no_odor,1984,1998,True
2024.10.04_14-30-57_Sechellia_no_odor,2000,2008,True
2024.10.04_14-30-57_Sechellia_no_odor,2010,2019,True
2024.10.04_14-30-57_Sechellia_no_odor,2021,2025,True
2024.10.04_14-30-57_Sechellia_no_odor,2027,2033,True
2024.10.04_14-30-57_Sechellia_no_odor,2035,2036,True
2024.10.04_14-30-57_Sechellia_no_odor,2039,2047,True
2024.10.04_14-30-57_Sechellia_no_odor,2058,2059,True
2024.10.04_14-30-57_Sechellia_no_odor,2162,2162,True
2024.10.04_14-30-57_Sechellia_no_odor,2169,2169,True
2024.10.04_14-30-57_Sechellia_no_odor,2171,2171,True
2024.10.04_14-30-57_Sechellia_no_odor,2174,2174,True
2024.10.04_14-30-57_Sechellia_no_odor,2176,2177,True
2024.10.04_14-30-57_Sechellia_no_odor,2180,2181,True
2024.10.04_14-30-57_Sechellia_no_odor,2185,2186,True
2024.10.04_14-30-57_Sechellia_no_odor,2188,2188,True
2024.10.04_14-30-57_Sechellia_no_odor,2190,2190,True
2024.10.04_14-30-57_Sechellia_no_odor,2194,2194,True
2024.10.04_14-30-57_Sechellia_no_odor,2196,2196,True
2024.10.04_14-30-57_Sechellia_no_odor,2198,2198,True
2024.10.04_14-30-57_Sechellia_no_odor,2203,2203,True
2024.10.04_14-30-57_Sechellia_no_odor,2208,2208,True
2024.10.04_14-30-57_Sechellia_no_odor,2215,2215,True
2024.10.04_14-30-57_Sechellia_no_odor,2219,2219,True
2024.10.04_14-30-57_Sechellia_no_odor,2222,2222,True
2024.10.04_14-30-57_Sechellia_no_odor,2224,2224,True
2024.10.04_14-30-57_Sechellia_no_odor,2226,2226,True
2024.10.04_14-30-57_Sechellia_no_odor,2228,2228,True
2024.10.04_14-30-57_Sechellia_no_odor,2230,2230,True
2024.10.04_14-30-57_Sechellia_no_odor,2233,2234,True
2024.10.04_14-30-57_Sechellia_no_odor,2237,2238,True
2024.10.04_14-30-57_Sechellia_no_odor,2242,2243,True
2024.10.04_14-30-57_Sechellia_no_odor,2245,2246,True
2024.10.04_14-30-57_Sechellia_no_odor,2248,2269,True
2024.10.04_14-30-57_Sechellia_no_odor,2271,2506,True
2024.10.04_14-30-57_Sechellia_no_odor,2508,2508,True
2024.10.04_14-30-57_Sechellia_no_odor,2510,2510,True
2024.10.04_14-30-57_Sechellia_no_odor,2512,2515,True
2024.10.04_14-30-57_Sechellia_no_odor,2517,2518,True
2024.10.04_14-30-57_Sechellia_no_odor,2520,2522,True
2024.10.04_14-30-57_Sechellia_no_odor,2524,2525,True
2024.10.04_14-30-57_Sechellia_no_odor,2528,2534,True
2024.10.04_14-30-57_Sechellia_no_odor,2536,2536,True
2024.10.04_14-30-57_Sechellia_no_odor,2538,2539,True
2024.10.04_14-30-57_Sechellia_no_odor,2541,2542,True
2024.10.04_14-30-57_Sechellia_no_odor,2545,2547,True
2024.10.04_14-30-57_Sechellia_no_odor,2549,2550,True
2024.10.04_14-30-57_Sechellia_no_odor,2552,2559,True
2024.10.04_14-30-57_Sechellia_no_odor,2561,2563,True
2024.10.04_14-30-57_Sechellia_no_odor,2565,2765,True
2024.10.04_14-30-57_Sechellia_no_odor,5813,5813,True
2024.10.04_14-30-57_Sechellia_no_odor,5894,5894,True
2024.10.28_09-16-51_sto_car_metben,3,21,True
2024.10.28_09-16-51_sto_car_metben,23,33,True
2024.10.28_09-16-51_sto_car_metben,35,35,True
2024.10.28_09-16-51_sto_car_metben,37,41,True
2024.10.28_09-16-51_sto_car_metben,43,45,True
2024.10.28_09-16-51_sto_car_metben,47,49,True
2024.10.28_09-16-51_sto_car_metben,51,59,True
2024.10.28_09-16-51_sto_car_metben,61,138,True
2024.10.28_09-16-51_sto_car_metben,140,140,True
2024.10.28_09-16-51_sto_car_metben,142,148,True
2024.10.28_09-16-51_sto_car_metben,150,157,True
2024.10.28_09-16-51_sto_car_metben,159,165,True
2024.10.28_09-16-51_sto_car_metben,167,171,True
2024.10.28_09-16-51_sto_car_metben,173,177,True
2024.10.28_09-16-51_sto_car_metben,179,179,True
2024.10.28_09-16-51_sto_car_metben,182,184,True
2024.10.28_09-16-51_sto_car_metben,186,262,True
2024.10.28_09-16-51_sto_car_metben,294,294,True
2024.10.28_09-16-51_sto_car_metben,305,358,True
2024.10.28_09-16-51_sto_car_metben,363,371,True
2024.10.28_09-16-51_sto_car_metben,403,404,True
2024.10.28_09-16-51_sto_car_metben,927,961,True
2024.10.28_09-16-51_sto_car_metben,963,988,True
2024.10.28_09-16-51_sto_car_metben,1016,1017,True
2024.10.28_09-16-51_sto_car_metben,1021,1025,True
2024.10.28_09-16-51_sto_car_metben,1027,3095,True
2024.10.28_09-16-51_sto_car_metben,4442,4457,True
2024.10.28_09-16-51_sto_car_metben,4524,4532,True
2024.10.28_09-16-51_sto_car_metben,4587,4587,True
2024.10.28_09-16-51_sto_car_metben,4604,4607,True
2024.10.28_09-16-51_sto_car_metben,4793,5749,True
2024.10.28_09-16-51_sto_car_metben,5751,5979,True
2024.10.07_14-55-38_Yakuba7_2hexanol,3,963,True
2024.10.07_14-55-38_Yakuba7_2hexanol,3030,3241,True
2024.10.07_14-55-38_Yakuba7_2hexanol,4271,4295,True
2024.10.07_14-55-38_Yakuba7_2hexanol,4351,4366,True
2024.10.07_14-55-38_Yakuba7_2hexanol,5172,7099,True
2024.10.07_14-55-38_Yakuba7_2hexanol,7101,7108,True
2024.10.07_14-55-38_Yakuba7_2hexanol,7110,7110,True
2024.10.07_14-55-38_Yakuba7_2hexanol,8133,8999,True
2024.11.01_04-31-21_CantonS_metben,3,7,True
2024.11.01_04-31-21_CantonS_metben,10,13,True
2024.11.01_04-31-21_CantonS_metben,15,17,True
2024.11.01_04-31-21_CantonS_metben,19,740,True
2024.11.01_04-31-21_CantonS_metben,2542,2542,True
2024.11.01_04-31-21_CantonS_metben,2725,3250,True
2024.11.01_04-31-21_CantonS_metben,3849,4369,True
2024.11.01_04-31-21_CantonS_metben,5287,5288,True
2024.11.01_04-31-21_CantonS_metben,5297,6984,True
2024.10.18_11-45-36_Riverside_prenac,3,197,True
2024.10.18_11-45-36_Riverside_prenac,894,1223,True
2024.10.18_11-45-36_Riverside_prenac,1225,1237,True
2024.10.18_11-45-36_Riverside_prenac,1239,1244,True
2024.10.18_11-45-36_Riverside_prenac,1445,1528,True
2024.10.18_11-45-36_Riverside_prenac,1530,1530,True
2024.10.18_11-45-36_Riverside_prenac,1535,1913,True
2024.10.18_11-45-36_Riverside_prenac,2546,2617,True
2024.10.18_11-45-36_Riverside_prenac,2987,3185,True
2024.10.18_11-45-36_Riverside_prenac,5397,5508,True
2024.10.18_11-45-36_Riverside_prenac,5510,5518,True
2024.10.18_11-45-36_Riverside_prenac,5520,5531,True
2024.10.18_11-45-36_Riverside_prenac,5533,5534,True
2024.10.18_11-45-36_Riverside_prenac,5536,5542,True
2024.10.18_11-45-36_Riverside_prenac,5544,5568,True
2024.10.18_11-45-36_Riverside_prenac,5570,5573,True
2024.10.18_11-45-36_Riverside_prenac,5575,5588,True
2024.10.18_11-45-36_Riverside_prenac,5590,5621,True
2024.10.18_11-45-36_Riverside_prenac,5623,5628,True
2024.10.18_11-45-36_Riverside_prenac,5630,5645,True
2024.10.18_11-45-36_Riverside_prenac,5650,5661,True
2024.10.18_11-45-36_Riverside_prenac,5663,5665,True
2024.10.18_11-45-36_Riverside_prenac,5667,5669,True
2024.10.18_11-45-36_Riverside_prenac,5671,5673,True
2024.10.18_11-45-36_Riverside_prenac,5675,5678,True
2024.10.18_11-45-36_Riverside_prenac,5680,5683,True
2024.10.18_11-45-36_Riverside_prenac,5685,5699,True
2024.10.18_11-45-36_Riverside_prenac,5701,5704,True
2024.10.18_11-45-36_Riverside_prenac,5706,5710,True
2024.10.18_11-45-36_Riverside_prenac,5712,5714,True
2024.10.18_11-45-36_Riverside_prenac,5960,5979,True
2024.10.18_11-45-36_Riverside_prenac,6263,6263,True
2024.10.18_11-45-36_Riverside_prenac,6265,6265,True
2024.10.18_11-45-36_Riverside_prenac,6267,6272,True
2024.10.18_11-45-36_Riverside_prenac,6274,6274,True
2024.10.18_11-45-36_Riverside_prenac,6276,6287,True
2024.10.18_11-45-36_Riverside_prenac,6289,6298,True
2024.10.18_11-45-36_Riverside_prenac,6300,6317,True
2024.10.18_11-45-36_Riverside_prenac,6320,6390,True
2024.10.18_11-45-36_Riverside_prenac,6393,6411,True
2024.10.18_11-45-36_Riverside_prenac,6413,6434,True
2024.10.18_11-45-36_Riverside_prenac,6436,6470,True
2024.10.18_11-45-36_Riverside_prenac,6472,6475,True
2024.10.18_11-45-36_Riverside_prenac,6477,6478,True
2024.10.18_11-45-36_Riverside_prenac,6480,6547,True
2024.10.18_11-45-36_Riverside_prenac,6549,6612,True
2024.10.18_11-45-36_Riverside_prenac,6614,6782,True
2024.10.18_11-45-36_Riverside_prenac,6784,6792,True
2024.10.18_11-45-36_Riverside_prenac,6794,6808,True
2024.10.18_11-45-36_Riverside_prenac,6810,6818,True
2024.10.18_11-45-36_Riverside_prenac,6820,6822,True
2024.10.18_11-45-36_Riverside_prenac,6824,6858,True
2024.10.18_11-45-36_Riverside_prenac,6860,6860,True
2024.10.18_11-45-36_Riverside_prenac,6862,6862,True
2024.10.18_11-45-36_Riverside_prenac,6865,6871,True
2024.10.18_11-45-36_Riverside_prenac,6873,6873,True
2024.10.18_11-45-36_Riverside_prenac,6875,6878,True
2024.10.18_11-45-36_Riverside_prenac,6880,6881,True
2024.10.18_11-45-36_Riverside_prenac,6883,6883,True
2024.10.18_11-45-36_Riverside_prenac,6893,6893,True
2024.10.18_11-45-36_Riverside_prenac,6897,6900,True
2024.10.18_11-45-36_Riverside_prenac,6902,6902,True
2024.10.18_11-45-36_Riverside_prenac,6904,6907,True
2024.10.18_11-45-36_Riverside_prenac,6912,6913,True
2024.10.18_11-45-36_Riverside_prenac,6916,6917,True
2024.10.18_11-45-36_Riverside_prenac,6919,6921,True
2024.10.18_11-45-36_Riverside_prenac,6924,6925,True
2024.10.18_11-45-36_Riverside_prenac,6929,6930,True
2024.10.18_11-45-36_Riverside_prenac,6932,6932,True
2024.10.18_11-45-36_Riverside_prenac,6934,6935,True
2024.10.18_11-45-36_Riverside_prenac,6937,6937,True
2024.10.18_11-45-36_Riverside_prenac,6941,6944,True
2024.10.18_11-45-36_Riverside_prenac,6946,6946,True
2024.10.18_11-45-36_Riverside_prenac,6962,6962,True
2024.10.18_11-45-36_Riverside_prenac,6966,6966,True
2024.10.18_11-45-36_Riverside_prenac,6968,6968,True
2024.10.18_11-45-36_Riverside_prenac,6979,6981,True
2024.10.18_11-45-36_Riverside_prenac,6984,6984,True
2024.10.18_11-45-36_Riverside_prenac,6987,6989,True
2024.10.18_11-45-36_Riverside_prenac,6996,6997,True
2024.10.18_11-45-36_Riverside_prenac,6999,6999,True
2024.10.18_11-45-36_Riverside_prenac,7002,7004,True
2024.10.18_11-45-36_Riverside_prenac,7006,7009,True
2024.10.18_11-45-36_Riverside_prenac,7011,7013,True
2024.10.18_11-45-36_Riverside_prenac,7015,7015,True
2024.10.18_11-45-36_Riverside_prenac,7019,7019,True
2024.10.18_11-45-36_Riverside_prenac,7023,7025,True
2024.10.18_11-45-36_Riverside_prenac,7027,7029,True
2024.10.18_11-45-36_Riverside_prenac,7032,7032,True
2024.10.18_11-45-36_Riverside_prenac,7037,7039,True
2024.10.18_11-45-36_Riverside_prenac,7041,7042,True
2024.10.18_11-45-36_Riverside_prenac,7049,7050,True
2024.10.18_11-45-36_Riverside_prenac,7055,7055,True
2024.10.18_11-45-36_Riverside_prenac,7058,7058,True
2024.10.18_11-45-36_Riverside_prenac,7077,7077,True
2024.10.18_11-45-36_Riverside_prenac,7079,7079,True
2024.10.18_11-45-36_Riverside_prenac,7084,7084,True
2024.10.18_11-45-36_Riverside_prenac,7091,7091,True
2024.10.18_11-45-36_Riverside_prenac,7097,7097,True
2024.10.18_11-45-36_Riverside_prenac,7109,7110,True
2024.10.18_11-45-36_Riverside_prenac,7112,7113,True
2024.10.18_11-45-36_Riverside_prenac,7120,7123,True
2024.10.18_11-45-36_Riverside_prenac,7128,7131,True
2024.10.18_11-45-36_Riverside_prenac,7134,7134,True
2024.10.18_11-45-36_Riverside_prenac,7138,7139,True
2024.10.18_11-45-36_Riverside_prenac,7141,7143,True
2024.10.18_11-45-36_Riverside_prenac,7150,7150,True
2024.10.18_11-45-36_Riverside_prenac,7154,7154,True
2024.10.18_11-45-36_Riverside_prenac,7156,7157,True
2024.10.18_11-45-36_Riverside_prenac,7159,7164,True
2024.10.18_11-45-36_Riverside_prenac,7167,7167,True
2024.10.18_11-45-36_Riverside_prenac,7170,7170,True
2024.10.18_11-45-36_Riverside_prenac,7172,7172,True
2024.10.18_11-45-36_Riverside_prenac,7185,7186,True
2024.10.18_11-45-36_Riverside_prenac,7188,7190,True
2024.10.18_11-45-36_Riverside_prenac,7195,7195,True
2024.10.18_11-45-36_Riverside_prenac,7197,7197,True
2024.10.18_11-45-36_Riverside_prenac,7205,7205,True
2024.10.18_11-45-36_Riverside_prenac,7207,7208,True
2024.10.18_11-45-36_Riverside_prenac,7210,7210,True
2024.10.18_11-45-36_Riverside_prenac,7226,7226,True
2024.10.18_11-45-36_Riverside_prenac,7230,7232,True
2024.10.18_11-45-36_Riverside_prenac,7234,7234,True
2024.10.18_11-45-36_Riverside_prenac,7238,7238,True
2024.10.18_11-45-36_Riverside_prenac,7241,7243,True
2024.10.18_11-45-36_Riverside_prenac,7247,7247,True
2024.10.18_11-45-36_Riverside_prenac,7254,7257,True
2024.10.18_11-45-36_Riverside_prenac,7260,7269,True
2024.10.18_11-45-36_Riverside_prenac,7292,7299,True
2024.10.18_11-45-36_Riverside_prenac,7302,7305,True
2024.10.18_11-45-36_Riverside_prenac,7307,7315,True
2024.10.18_11-45-36_Riverside_prenac,7317,7326,True
2024.10.18_11-45-36_Riverside_prenac,7328,7329,True
2024.10.18_11-45-36_Riverside_prenac,7333,7333,True
2024.10.18_11-45-36_Riverside_prenac,7336,7336,True
2024.10.18_11-45-36_Riverside_prenac,7339,7340,True
2024.10.18_11-45-36_Riverside_prenac,7342,7343,True
2024.10.18_11-45-36_Riverside_prenac,7345,7346,True
2024.10.18_11-45-36_Riverside_prenac,7349,7350,True
2024.10.18_11-45-36_Riverside_prenac,7352,7357,True
2024.10.18_11-45-36_Riverside_prenac,7363,7366,True
2024.10.18_11-45-36_Riverside_prenac,7368,7371,True
2024.10.18_11-45-36_Riverside_prenac,7373,7373,True
2024.10.18_11-45-36_Riverside_prenac,7376,7381,True
2024.10.18_11-45-36_Riverside_prenac,7383,7383,True
2024.10.18_11-45-36_Riverside_prenac,7385,7385,True
2024.10.18_11-45-36_Riverside_prenac,7387,7388,True
2024.10.18_11-45-36_Riverside_prenac,7391,7394,True
2024.10.18_11-45-36_Riverside_prenac,7399,7399,True
2024.10.18_11-45-36_Riverside_prenac,7402,7406,True
2024.10.18_11-45-36_Riverside_prenac,7414,7415,True
2024.10.18_11-45-36_Riverside_prenac,7464,7464,True
2024.10.18_11-45-36_Riverside_prenac,7522,7522,True
2024.10.18_11-45-36_Riverside_prenac,7552,7552,True
2024.10.18_11-45-36_Riverside_prenac,7554,7554,True
2024.10.18_11-45-36_Riverside_prenac,7556,7564,True
2024.10.18_11-45-36_Riverside_prenac,7566,7568,True
2024.10.18_11-45-36_Riverside_prenac,7570,7571,True
2024.10.18_11-45-36_Riverside_prenac,7573,7574,True
2024.10.18_11-45-36_Riverside_prenac,7576,7577,True
2024.10.18_11-45-36_Riverside_prenac,7599,7599,True
2024.10.18_11-45-36_Riverside_prenac,7659,7659,True
2024.10.18_11-45-36_Riverside_prenac,7667,7670,True
2024.10.18_11-45-36_Riverside_prenac,7674,7675,True
2024.10.18_11-45-36_Riverside_prenac,7678,7678,True
2024.10.18_11-45-36_Riverside_prenac,7686,7695,True
2024.10.18_11-45-36_Riverside_prenac,7697,7710,True
2024.10.18_11-45-36_Riverside_prenac,7712,7713,True
2024.10.18_11-45-36_Riverside_prenac,7715,7759,True
2024.10.18_11-45-36_Riverside_prenac,7761,7762,True
2024.10.18_11-45-36_Riverside_prenac,7764,7773,True
2024.10.18_11-45-36_Riverside_prenac,7775,7777,True
2024.10.18_11-45-36_Riverside_prenac,7779,7811,True
2024.10.18_11-45-36_Riverside_prenac,7813,7813,True
2024.10.18_11-45-36_Riverside_prenac,7815,7876,True
2024.10.18_11-45-36_Riverside_prenac,7878,7881,True
2024.10.18_11-45-36_Riverside_prenac,7896,7910,True
2024.10.18_11-45-36_Riverside_prenac,7953,7959,True
2024.10.18_11-45-36_Riverside_prenac,7962,7969,True
2024.10.18_11-45-36_Riverside_prenac,8078,8080,True
2024.10.18_11-45-36_Riverside_prenac,8082,8082,True
2024.10.18_11-45-36_Riverside_prenac,8084,8088,True
2024.10.18_11-45-36_Riverside_prenac,8090,8090,True
2024.10.18_11-45-36_Riverside_prenac,8092,8094,True
2024.10.18_11-45-36_Riverside_prenac,8096,8101,True
2024.10.18_11-45-36_Riverside_prenac,8103,8105,True
2024.10.18_11-45-36_Riverside_prenac,8107,8107,True
2024.10.18_11-45-36_Riverside_prenac,8109,8111,True
2024.10.18_11-45-36_Riverside_prenac,8113,8135,True
2024.10.18_11-45-36_Riverside_prenac,8137,8137,True
2024.10.18_11-45-36_Riverside_prenac,8139,8140,True
2024.10.18_11-45-36_Riverside_prenac,8142,8152,True
2024.10.18_11-45-36_Riverside_prenac,8154,8197,True
2024.10.18_11-45-36_Riverside_prenac,8213,8218,True
2024.10.18_11-45-36_Riverside_prenac,8220,8256,True
2024.10.18_11-45-36_Riverside_prenac,8261,8302,True
2024.10.18_11-45-36_Riverside_prenac,8304,8311,True
2024.10.18_11-45-36_Riverside_prenac,8340,8340,True
2024.10.18_11-45-36_Riverside_prenac,8624,8657,True
2024.10.18_11-45-36_Riverside_prenac,8660,8660,True
2024.10.18_11-45-36_Riverside_prenac,8663,8665,True
2024.10.18_11-45-36_Riverside_prenac,8668,8668,True
2024.10.18_11-45-36_Riverside_prenac,8671,8671,True
2024.10.18_11-45-36_Riverside_prenac,8674,8674,True
2024.10.18_11-45-36_Riverside_prenac,8676,8677,True
2024.10.18_11-45-36_Riverside_prenac,8679,8680,True
2024.10.18_11-45-36_Riverside_prenac,8683,8683,True
2024.10.18_11-45-36_Riverside_prenac,8685,8687,True
2024.10.18_11-45-36_Riverside_prenac,8691,8691,True
2024.10.18_11-45-36_Riverside_prenac,8698,8698,True
2024.10.18_11-45-36_Riverside_prenac,8701,8701,True
2024.10.18_11-45-36_Riverside_prenac,8704,8705,True
2024.10.18_11-45-36_Riverside_prenac,8708,8708,True
2024.10.18_11-45-36_Riverside_prenac,8716,8729,True
2024.10.18_11-45-36_Riverside_prenac,8731,8762,True
2024.10.18_11-45-36_Riverside_prenac,8765,8767,True
2024.10.18_11-45-36_Riverside_prenac,8769,8879,True
2024.10.18_11-45-36_Riverside_prenac,8881,8882,True
2024.10.18_11-45-36_Riverside_prenac,8884,8892,True
2024.10.18_11-45-36_Riverside_prenac,8894,8924,True
2024.10.18_11-45-36_Riverside_prenac,8926,8928,True
2024.10.18_11-45-36_Riverside_prenac,8930,8986,True
2024.10.31_08-17-15_Biarmipes84_metben,2938,3058,True
2024.10.31_08-17-15_Biarmipes84_metben,3060,3076,True
2024.10.31_08-17-15_Biarmipes84_metben,3078,3080,True
2024.10.31_08-17-15_Biarmipes84_metben,3083,3083,True
2024.10.31_08-17-15_Biarmipes84_metben,3086,3086,True
2024.10.31_08-17-15_Biarmipes84_metben,3091,3091,True
2024.10.31_08-17-15_Biarmipes84_metben,3099,3099,True
2024.10.31_08-17-15_Biarmipes84_metben,3102,3102,True
2024.10.31_08-17-15_Biarmipes84_metben,3113,3113,True
2024.10.31_08-17-15_Biarmipes84_metben,3117,3117,True
2024.10.31_08-17-15_Biarmipes84_metben,3119,3120,True
2024.10.31_08-17-15_Biarmipes84_metben,3122,3134,True
2024.10.31_08-17-15_Biarmipes84_metben,3136,3156,True
2024.10.31_08-17-15_Biarmipes84_metben,3158,3162,True
2024.10.31_08-17-15_Biarmipes84_metben,3165,3165,True
2024.10.31_08-17-15_Biarmipes84_metben,3168,3168,True
2024.10.31_08-17-15_Biarmipes84_metben,3170,3172,True
2024.10.31_08-17-15_Biarmipes84_metben,3174,3181,True
2024.10.31_08-17-15_Biarmipes84_metben,3184,3189,True
2024.10.31_08-17-15_Biarmipes84_metben,3191,3201,True
2024.10.31_08-17-15_Biarmipes84_metben,3203,3203,True
2024.10.31_08-17-15_Biarmipes84_metben,3206,3215,True
2024.10.31_08-17-15_Biarmipes84_metben,3275,3277,True
2024.10.31_08-17-15_Biarmipes84_metben,3279,3333,True
2024.10.31_08-17-15_Biarmipes84_metben,3346,3346,True
2024.10.31_08-17-15_Biarmipes84_metben,3389,3392,True
2024.10.31_08-17-15_Biarmipes84_metben,3403,3409,True
2024.10.31_08-17-15_Biarmipes84_metben,3411,3418,True
2024.10.31_08-17-15_Biarmipes84_metben,3598,3599,True
2024.10.31_08-17-15_Biarmipes84_metben,3603,3607,True
2024.10.31_08-17-15_Biarmipes84_metben,3609,3665,True
2024.10.31_08-17-15_Biarmipes84_metben,3667,3671,True
2024.10.31_08-17-15_Biarmipes84_metben,3674,3703,True
2024.10.31_08-17-15_Biarmipes84_metben,3705,3713,True
2024.10.31_08-17-15_Biarmipes84_metben,3716,3720,True
2024.10.31_08-17-15_Biarmipes84_metben,3722,3833,True
2024.10.31_08-17-15_Biarmipes84_metben,3835,3844,True
2024.10.31_08-17-15_Biarmipes84_metben,3846,3963,True
2024.10.31_08-17-15_Biarmipes84_metben,3965,3971,True
2024.10.31_08-17-15_Biarmipes84_metben,3974,6189,True
2024.12.01_20-03-07_Riverside_prenac,3,729,True
2024.12.01_20-03-07_Riverside_prenac,731,1773,True
2024.12.01_20-03-07_Riverside_prenac,4323,4323,True
2024.12.01_20-03-07_Riverside_prenac,4326,4326,True
2024.12.01_20-03-07_Riverside_prenac,4329,4329,True
2024.12.01_20-03-07_Riverside_prenac,4331,4332,True
2024.12.01_20-03-07_Riverside_prenac,4335,4335,True
2024.12.01_20-03-07_Riverside_prenac,4337,7274,True
2024.12.01_20-03-07_Riverside_prenac,7900,7901,True
2024.12.01_20-03-07_Riverside_prenac,7903,8412,True
2024.12.01_20-03-07_Riverside_prenac,8808,8999,True
2024.07.10_12-41-04_Riverside (MetBen),1250,1528,True
2024.07.10_12-41-04_Riverside (MetBen),2094,2094,True
2024.07.10_12-41-04_Riverside (MetBen),2314,2317,True
2024.07.10_12-41-04_Riverside (MetBen),2346,2349,True
2024.07.10_12-41-04_Riverside (MetBen),2353,2354,True
2024.07.10_12-41-04_Riverside (MetBen),2357,2364,True
2024.07.10_12-41-04_Riverside (MetBen),2366,2366,True
2024.07.10_12-41-04_Riverside (MetBen),2371,2371,True
2024.07.10_12-41-04_Riverside (MetBen),2381,2382,True
2024.07.10_12-41-04_Riverside (MetBen),2404,2404,True
2024.07.10_12-41-04_Riverside (MetBen),2446,2446,True
2024.07.10_12-41-04_Riverside (MetBen),2451,2451,True
2024.07.10_12-41-04_Riverside (MetBen),4039,4062,True
2024.07.10_12-41-04_Riverside (MetBen),4095,5331,True
2024.07.10_12-41-04_Riverside (MetBen),6298,6415,True
2024.07.10_12-41-04_Riverside (MetBen),6858,7956,True
2024.10.10_08-35-15_Sto_car_no_odor,1465,1466,True
2024.10.10_08-35-15_Sto_car_no_odor,1468,1474,True
2024.10.10_08-35-15_Sto_car_no_odor,1503,1503,True
2024.10.10_08-35-15_Sto_car_no_odor,1505,2029,True
2024.10.10_08-35-15_Sto_car_no_odor,4371,4528,True
2024.10.10_08-35-15_Sto_car_no_odor,4530,5449,True
2024.10.10_08-35-15_Sto_car_no_odor,7562,8999,True
2024.10.01_08-52-09_Yakuba_cameroon_no_odor,215,771,True
2024.10.01_08-52-09_Yakuba_cameroon_no_odor,773,773,True
2024.10.01_08-52-09_Yakuba_cameroon_no_odor,778,783,True
2024.10.01_08-52-09_Yakuba_cameroon_no_odor,814,814,True
2024.10.01_08-52-09_Yakuba_cameroon_no_odor,1631,2538,True
2024.10.01_08-52-09_Yakuba_cameroon_no_odor,3057,3914,True
2024.10.01_08-52-09_Yakuba_cameroon_no_odor,3916,3916,True
2024.10.01_08-52-09_Yakuba_cameroon_no_odor,3918,3920,True
2024.10.01_08-52-09_Yakuba_cameroon_no_odor,3922,3923,True
2024.10.01_08-52-09_Yakuba_cameroon_no_odor,3951,3951,True
2024.10.01_08-52-09_Yakuba_cameroon_no_odor,3953,4021,True
2024.10.01_08-52-09_Yakuba_cameroon_no_odor,4920,6405,True
2024.10.01_08-52-09_Yakuba_cameroon_no_odor,6439,6452,True
2024.10.01_08-52-09_Yakuba_cameroon_no_odor,6454,6839,True
2024.10.01_08-52-09_Yakuba_cameroon_no_odor,6841,7149,True
2024.10.01_08-52-09_Yakuba_cameroon_no_odor,7713,7713,True
2024.10.01_08-52-09_Yakuba_cameroon_no_odor,7724,8203,True
2024.10.01_08-52-09_Yakuba_cameroon_no_odor,8714,8730,True
2024.10.01_08-52-09_Yakuba_cameroon_no_odor,8732,8733,True
2024.10.01_08-52-09_Yakuba_cameroon_no_odor,8736,8736,True
2024.10.01_08-52-09_Yakuba_cameroon_no_odor,8739,8739,True
2024.10.01_08-52-09_Yakuba_cameroon_no_odor,8742,8742,True
2024.10.01_08-52-09_Yakuba_cameroon_no_odor,8747,8750,True
2024.10.01_08-52-09_Yakuba_cameroon_no_odor,8752,8999,True
