trial,start_frame,end_frame,is_swapped
2024.10.11_10-59-12_Biarmipes_G224_1hexanol,1661.0,3320.0,1.0
2024.10.11_10-59-12_Biarmipes_G224_1hexanol,3322.0,3322.0,1.0
2024.10.11_10-59-12_Biarmipes_G224_1hexanol,3332.0,3353.0,1.0
2024.10.11_10-59-12_Biarmipes_G224_1hexanol,3355.0,3370.0,1.0
2024.10.11_10-59-12_Biarmipes_G224_1hexanol,3374.0,3375.0,1.0
2024.10.11_10-59-12_Biarmipes_G224_1hexanol,3379.0,3392.0,1.0
2024.10.11_10-59-12_Biarmipes_G224_1hexanol,6546.0,6577.0,1.0
2024.10.11_10-59-12_Biarmipes_G224_1hexanol,6579.0,6635.0,1.0
2024.10.11_10-59-12_Biarmipes_G224_1hexanol,6637.0,6637.0,1.0
2024.10.11_10-59-12_Biarmipes_G224_1hexanol,6646.0,6743.0,1.0
2024.10.11_10-59-12_Biarmipes_G224_1hexanol,6745.0,6874.0,1.0
2024.10.11_10-59-12_Biarmipes_G224_1hexanol,6878.0,6911.0,1.0
2024.10.11_10-59-12_Biarmipes_G224_1hexanol,6924.0,6925.0,1.0
2024.10.11_10-59-12_Biarmipes_G224_1hexanol,6934.0,7016.0,1.0
2024.10.11_10-59-12_Biarmipes_G224_1hexanol,7018.0,7018.0,1.0
2024.10.11_10-59-12_Biarmipes_G224_1hexanol,7028.0,8452.0,1.0
2024.10.11_10-59-12_Biarmipes_G224_1hexanol,8455.0,8858.0,1.0
2024.10.11_10-59-12_Biarmipes_G224_1hexanol,8860.0,8864.0,1.0
2024.10.11_10-59-12_Biarmipes_G224_1hexanol,8867.0,8867.0,1.0
2024.10.14_14-19-06_Biarmipes84_1hexanol,5676.0,8200.0,1.0
2024.12.11_20-41-41_yakuba7_2hex,3.0,1138.0,1.0
2024.12.11_20-41-41_yakuba7_2hex,1140.0,1140.0,1.0
2024.12.11_20-41-41_yakuba7_2hex,1144.0,1173.0,1.0
2024.12.11_20-41-41_yakuba7_2hex,1175.0,1175.0,1.0
2024.10.17_09-19-40_Sto_car_prenac,4085.0,4089.0,1.0
2024.10.17_09-19-40_Sto_car_prenac,4093.0,4093.0,1.0
2024.10.17_09-19-40_Sto_car_prenac,4095.0,4097.0,1.0
2024.10.17_09-19-40_Sto_car_prenac,4099.0,4100.0,1.0
2024.10.17_09-19-40_Sto_car_prenac,4102.0,4116.0,1.0
2024.10.17_09-19-40_Sto_car_prenac,4118.0,4141.0,1.0
2024.10.17_09-19-40_Sto_car_prenac,4143.0,4145.0,1.0
2024.10.17_09-19-40_Sto_car_prenac,4147.0,4449.0,1.0
2024.10.17_09-19-40_Sto_car_prenac,4453.0,4463.0,1.0
2024.10.17_09-19-40_Sto_car_prenac,4465.0,4471.0,1.0
2024.10.17_09-19-40_Sto_car_prenac,4474.0,4474.0,1.0
2024.10.17_09-19-40_Sto_car_prenac,4476.0,4492.0,1.0
2024.10.17_09-19-40_Sto_car_prenac,4494.0,4502.0,1.0
2024.10.17_09-19-40_Sto_car_prenac,4504.0,4507.0,1.0
2024.10.17_09-19-40_Sto_car_prenac,4509.0,4511.0,1.0
2024.10.17_09-19-40_Sto_car_prenac,4513.0,4517.0,1.0
2024.10.17_09-19-40_Sto_car_prenac,4519.0,4524.0,1.0
2024.10.17_09-19-40_Sto_car_prenac,4526.0,4528.0,1.0
2024.10.17_09-19-40_Sto_car_prenac,4531.0,4539.0,1.0
2024.10.17_09-19-40_Sto_car_prenac,4541.0,8330.0,1.0
2024.10.17_09-19-40_Sto_car_prenac,8332.0,8834.0,1.0
2024.12.18_16-13-27_CantonS_metben,3958.0,3958.0,1.0
2024.12.18_16-13-27_CantonS_metben,3961.0,3961.0,1.0
2024.12.18_16-13-27_CantonS_metben,3963.0,3967.0,1.0
2024.12.18_16-13-27_CantonS_metben,3969.0,3988.0,1.0
2024.12.18_16-13-27_CantonS_metben,3990.0,3990.0,1.0
2024.12.18_16-13-27_CantonS_metben,3996.0,4000.0,1.0
2024.12.18_16-13-27_CantonS_metben,4002.0,4027.0,1.0
2024.12.18_16-13-27_CantonS_metben,4029.0,7335.0,1.0
2024.12.18_16-13-27_CantonS_metben,7337.0,8999.0,1.0
2024.07.09_11-29-10_Riverside (E-2-Hex),1635.0,1636.0,1.0
2024.07.09_11-29-10_Riverside (E-2-Hex),1642.0,1670.0,1.0
2024.07.09_12-22-40_Riverside (E-2-Hex),2888.0,2892.0,1.0
2024.07.09_12-22-40_Riverside (E-2-Hex),2895.0,2896.0,1.0
2024.07.09_12-22-40_Riverside (E-2-Hex),2900.0,3323.0,1.0
2024.07.09_12-22-40_Riverside (E-2-Hex),7135.0,7781.0,1.0
2024.11.13_04-15-52_Biarmipes84_e2hex,3325.0,3854.0,1.0
2024.11.13_04-15-52_Biarmipes84_e2hex,4560.0,4665.0,1.0
2024.11.13_04-15-52_Biarmipes84_e2hex,4667.0,5023.0,1.0
2024.11.13_04-15-52_Biarmipes84_e2hex,5146.0,6929.0,1.0
2024.11.01_08-55-26_sto_car_e2hex,3.0,658.0,1.0
2024.11.01_08-55-26_sto_car_e2hex,3847.0,4387.0,1.0
2024.11.01_08-55-26_sto_car_e2hex,4389.0,4392.0,1.0
2024.11.01_08-55-26_sto_car_e2hex,4394.0,4404.0,1.0
2024.11.01_08-55-26_sto_car_e2hex,4406.0,4503.0,1.0
2024.11.01_08-55-26_sto_car_e2hex,4505.0,4512.0,1.0
2024.11.01_08-55-26_sto_car_e2hex,4514.0,4514.0,1.0
2024.11.01_08-55-26_sto_car_e2hex,4516.0,4522.0,1.0
2024.11.01_08-55-26_sto_car_e2hex,4524.0,4524.0,1.0
2024.11.01_08-55-26_sto_car_e2hex,4526.0,4528.0,1.0
2024.11.01_08-55-26_sto_car_e2hex,4530.0,4537.0,1.0
2024.11.01_08-55-26_sto_car_e2hex,4539.0,4540.0,1.0
2024.11.01_08-55-26_sto_car_e2hex,4543.0,4551.0,1.0
2024.11.01_08-55-26_sto_car_e2hex,4553.0,4555.0,1.0
2024.11.01_08-55-26_sto_car_e2hex,4557.0,4557.0,1.0
2024.11.01_08-55-26_sto_car_e2hex,4559.0,4563.0,1.0
2024.11.01_08-55-26_sto_car_e2hex,4565.0,4573.0,1.0
2024.11.01_08-55-26_sto_car_e2hex,4575.0,4583.0,1.0
2024.11.01_08-55-26_sto_car_e2hex,4585.0,4585.0,1.0
2024.11.01_08-55-26_sto_car_e2hex,4587.0,4587.0,1.0
2024.11.01_08-55-26_sto_car_e2hex,4590.0,4595.0,1.0
2024.11.01_08-55-26_sto_car_e2hex,4597.0,4597.0,1.0
2024.11.01_08-55-26_sto_car_e2hex,4599.0,4604.0,1.0
2024.11.01_08-55-26_sto_car_e2hex,4607.0,4607.0,1.0
2024.11.01_08-55-26_sto_car_e2hex,4609.0,4610.0,1.0
2024.11.01_08-55-26_sto_car_e2hex,4612.0,4614.0,1.0
2024.11.01_08-55-26_sto_car_e2hex,4616.0,4616.0,1.0
2024.11.01_08-55-26_sto_car_e2hex,4618.0,4621.0,1.0
2024.11.01_08-55-26_sto_car_e2hex,4625.0,4626.0,1.0
2024.11.01_08-55-26_sto_car_e2hex,4628.0,4631.0,1.0
2024.11.01_08-55-26_sto_car_e2hex,4634.0,4683.0,1.0
2024.11.01_08-55-26_sto_car_e2hex,4685.0,4689.0,1.0
2024.11.01_08-55-26_sto_car_e2hex,4691.0,4691.0,1.0
2024.11.01_08-55-26_sto_car_e2hex,4693.0,4693.0,1.0
2024.11.01_08-55-26_sto_car_e2hex,4695.0,4703.0,1.0
2024.11.01_08-55-26_sto_car_e2hex,4707.0,4726.0,1.0
2024.11.01_08-55-26_sto_car_e2hex,4728.0,4740.0,1.0
2024.11.01_08-55-26_sto_car_e2hex,4742.0,4748.0,1.0
2024.11.01_08-55-26_sto_car_e2hex,4750.0,4751.0,1.0
2024.11.01_08-55-26_sto_car_e2hex,4754.0,4755.0,1.0
2024.11.01_08-55-26_sto_car_e2hex,4757.0,4758.0,1.0
2024.11.01_08-55-26_sto_car_e2hex,4766.0,4767.0,1.0
2024.11.01_08-55-26_sto_car_e2hex,4769.0,4769.0,1.0
2024.11.01_08-55-26_sto_car_e2hex,4775.0,4775.0,1.0
2024.11.01_08-55-26_sto_car_e2hex,4777.0,4779.0,1.0
2024.11.01_08-55-26_sto_car_e2hex,4781.0,4782.0,1.0
2024.11.01_08-55-26_sto_car_e2hex,4785.0,4796.0,1.0
2024.11.01_08-55-26_sto_car_e2hex,4798.0,4798.0,1.0
2024.11.01_08-55-26_sto_car_e2hex,4800.0,4802.0,1.0
2024.11.01_08-55-26_sto_car_e2hex,4805.0,4816.0,1.0
2024.11.01_08-55-26_sto_car_e2hex,4819.0,4820.0,1.0
2024.11.01_08-55-26_sto_car_e2hex,4822.0,4836.0,1.0
2024.11.01_08-55-26_sto_car_e2hex,4838.0,4839.0,1.0
2024.11.01_08-55-26_sto_car_e2hex,4842.0,4842.0,1.0
2024.11.01_08-55-26_sto_car_e2hex,4844.0,4849.0,1.0
2024.11.01_08-55-26_sto_car_e2hex,4853.0,4853.0,1.0
2024.11.01_08-55-26_sto_car_e2hex,4855.0,4855.0,1.0
2024.11.01_08-55-26_sto_car_e2hex,4859.0,4859.0,1.0
2024.11.01_08-55-26_sto_car_e2hex,4862.0,4930.0,1.0
2024.11.01_08-55-26_sto_car_e2hex,4932.0,4974.0,1.0
2024.11.01_08-55-26_sto_car_e2hex,4976.0,4978.0,1.0
2024.11.01_08-55-26_sto_car_e2hex,4981.0,4981.0,1.0
2024.11.01_08-55-26_sto_car_e2hex,4983.0,4988.0,1.0
2024.11.01_08-55-26_sto_car_e2hex,4990.0,4990.0,1.0
2024.11.01_08-55-26_sto_car_e2hex,4993.0,4995.0,1.0
2024.11.01_08-55-26_sto_car_e2hex,4997.0,4998.0,1.0
2024.11.01_08-55-26_sto_car_e2hex,5002.0,5002.0,1.0
2024.11.01_08-55-26_sto_car_e2hex,5005.0,5006.0,1.0
2024.11.01_08-55-26_sto_car_e2hex,5009.0,5009.0,1.0
2024.11.01_08-55-26_sto_car_e2hex,5012.0,5012.0,1.0
2024.11.01_08-55-26_sto_car_e2hex,5017.0,5018.0,1.0
2024.11.01_08-55-26_sto_car_e2hex,5020.0,5020.0,1.0
2024.11.01_08-55-26_sto_car_e2hex,5024.0,5024.0,1.0
2024.11.01_08-55-26_sto_car_e2hex,5026.0,5026.0,1.0
2024.11.01_08-55-26_sto_car_e2hex,5029.0,5029.0,1.0
2024.11.01_08-55-26_sto_car_e2hex,5031.0,5031.0,1.0
2024.11.01_08-55-26_sto_car_e2hex,5033.0,5033.0,1.0
2024.11.01_08-55-26_sto_car_e2hex,5037.0,5037.0,1.0
2024.11.01_08-55-26_sto_car_e2hex,5043.0,5045.0,1.0
2024.11.01_08-55-26_sto_car_e2hex,5064.0,5064.0,1.0
2024.11.01_08-55-26_sto_car_e2hex,5068.0,5068.0,1.0
2024.11.01_08-55-26_sto_car_e2hex,5071.0,5071.0,1.0
2024.11.01_08-55-26_sto_car_e2hex,5073.0,5074.0,1.0
2024.11.01_08-55-26_sto_car_e2hex,5077.0,5079.0,1.0
2024.11.01_08-55-26_sto_car_e2hex,5082.0,5082.0,1.0
2024.11.01_08-55-26_sto_car_e2hex,5085.0,5085.0,1.0
2024.11.01_08-55-26_sto_car_e2hex,5087.0,5087.0,1.0
2024.11.01_08-55-26_sto_car_e2hex,5092.0,5093.0,1.0
2024.11.01_08-55-26_sto_car_e2hex,5095.0,5095.0,1.0
2024.11.01_08-55-26_sto_car_e2hex,5097.0,5100.0,1.0
2024.11.01_08-55-26_sto_car_e2hex,5102.0,5102.0,1.0
2024.11.01_08-55-26_sto_car_e2hex,5104.0,5106.0,1.0
2024.11.01_08-55-26_sto_car_e2hex,5108.0,5110.0,1.0
2024.11.01_08-55-26_sto_car_e2hex,5112.0,5121.0,1.0
2024.11.01_08-55-26_sto_car_e2hex,5124.0,5126.0,1.0
2024.11.01_08-55-26_sto_car_e2hex,5128.0,5149.0,1.0
2024.11.01_08-55-26_sto_car_e2hex,5151.0,5152.0,1.0
2024.11.01_08-55-26_sto_car_e2hex,5154.0,5157.0,1.0
2024.11.01_08-55-26_sto_car_e2hex,5159.0,5167.0,1.0
2024.11.01_08-55-26_sto_car_e2hex,5169.0,5187.0,1.0
2024.11.01_08-55-26_sto_car_e2hex,5189.0,5201.0,1.0
2024.11.01_08-55-26_sto_car_e2hex,5206.0,5263.0,1.0
2024.11.01_08-55-26_sto_car_e2hex,5265.0,5291.0,1.0
2024.11.01_08-55-26_sto_car_e2hex,5293.0,5295.0,1.0
2024.11.01_08-55-26_sto_car_e2hex,5297.0,5297.0,1.0
2024.11.01_08-55-26_sto_car_e2hex,5299.0,5299.0,1.0
2024.11.01_08-55-26_sto_car_e2hex,5301.0,5302.0,1.0
2024.11.01_08-55-26_sto_car_e2hex,5305.0,5305.0,1.0
2024.11.01_08-55-26_sto_car_e2hex,5310.0,5341.0,1.0
2024.11.01_08-55-26_sto_car_e2hex,5343.0,5348.0,1.0
2024.11.01_08-55-26_sto_car_e2hex,5350.0,5379.0,1.0
2024.11.01_08-55-26_sto_car_e2hex,5381.0,5390.0,1.0
2024.11.01_08-55-26_sto_car_e2hex,5392.0,5395.0,1.0
2024.11.01_08-55-26_sto_car_e2hex,5397.0,5402.0,1.0
2024.11.01_08-55-26_sto_car_e2hex,5404.0,5404.0,1.0
2024.11.01_08-55-26_sto_car_e2hex,5413.0,5413.0,1.0
2024.11.01_08-55-26_sto_car_e2hex,5417.0,5417.0,1.0
2024.11.01_08-55-26_sto_car_e2hex,5419.0,5419.0,1.0
2024.11.01_08-55-26_sto_car_e2hex,5422.0,5422.0,1.0
2024.11.01_08-55-26_sto_car_e2hex,5424.0,5430.0,1.0
2024.11.01_08-55-26_sto_car_e2hex,5436.0,5438.0,1.0
2024.11.01_08-55-26_sto_car_e2hex,5443.0,5444.0,1.0
2024.11.01_08-55-26_sto_car_e2hex,5449.0,5450.0,1.0
2024.11.01_08-55-26_sto_car_e2hex,5453.0,5453.0,1.0
2024.11.01_08-55-26_sto_car_e2hex,5459.0,5461.0,1.0
2024.11.01_08-55-26_sto_car_e2hex,5463.0,5463.0,1.0
2024.11.01_08-55-26_sto_car_e2hex,5465.0,5466.0,1.0
2024.11.01_08-55-26_sto_car_e2hex,5468.0,5471.0,1.0
2024.11.01_08-55-26_sto_car_e2hex,5477.0,5477.0,1.0
2024.11.01_08-55-26_sto_car_e2hex,5480.0,5486.0,1.0
2024.11.01_08-55-26_sto_car_e2hex,5488.0,5488.0,1.0
2024.11.01_08-55-26_sto_car_e2hex,5493.0,5494.0,1.0
2024.11.01_08-55-26_sto_car_e2hex,5496.0,5496.0,1.0
2024.11.01_08-55-26_sto_car_e2hex,5498.0,5498.0,1.0
2024.11.01_08-55-26_sto_car_e2hex,5507.0,5509.0,1.0
2024.11.01_08-55-26_sto_car_e2hex,5512.0,5512.0,1.0
2024.11.01_08-55-26_sto_car_e2hex,5514.0,5514.0,1.0
2024.11.01_08-55-26_sto_car_e2hex,5516.0,5517.0,1.0
2024.11.01_08-55-26_sto_car_e2hex,5519.0,5521.0,1.0
2024.11.01_08-55-26_sto_car_e2hex,5523.0,5532.0,1.0
2024.11.01_08-55-26_sto_car_e2hex,5534.0,5537.0,1.0
2024.11.01_08-55-26_sto_car_e2hex,5539.0,5539.0,1.0
2024.11.01_08-55-26_sto_car_e2hex,5541.0,5541.0,1.0
2024.11.01_08-55-26_sto_car_e2hex,5545.0,5546.0,1.0
2024.11.01_08-55-26_sto_car_e2hex,5561.0,5561.0,1.0
2024.11.01_08-55-26_sto_car_e2hex,5565.0,5566.0,1.0
2024.11.01_08-55-26_sto_car_e2hex,5585.0,5587.0,1.0
2024.11.01_08-55-26_sto_car_e2hex,5593.0,5593.0,1.0
2024.11.01_08-55-26_sto_car_e2hex,5595.0,5595.0,1.0
2024.11.01_08-55-26_sto_car_e2hex,5607.0,5607.0,1.0
2024.11.01_08-55-26_sto_car_e2hex,5616.0,5620.0,1.0
2024.11.01_08-55-26_sto_car_e2hex,5627.0,5627.0,1.0
2024.11.01_08-55-26_sto_car_e2hex,5629.0,5629.0,1.0
2024.11.01_08-55-26_sto_car_e2hex,5633.0,5637.0,1.0
2024.11.01_08-55-26_sto_car_e2hex,5657.0,5657.0,1.0
2024.11.01_08-55-26_sto_car_e2hex,5667.0,5667.0,1.0
2024.11.01_08-55-26_sto_car_e2hex,5673.0,5673.0,1.0
2024.11.01_08-55-26_sto_car_e2hex,5685.0,5686.0,1.0
2024.11.01_08-55-26_sto_car_e2hex,5689.0,5719.0,1.0
2024.11.01_08-55-26_sto_car_e2hex,5721.0,5740.0,1.0
2024.11.01_08-55-26_sto_car_e2hex,5749.0,5749.0,1.0
2024.11.01_08-55-26_sto_car_e2hex,5751.0,5751.0,1.0
2024.11.01_08-55-26_sto_car_e2hex,5754.0,5814.0,1.0
2024.11.01_08-55-26_sto_car_e2hex,5819.0,5831.0,1.0
2024.11.01_08-55-26_sto_car_e2hex,5833.0,5845.0,1.0
2024.11.01_08-55-26_sto_car_e2hex,5847.0,5849.0,1.0
2024.11.01_08-55-26_sto_car_e2hex,5851.0,5851.0,1.0
2024.11.01_08-55-26_sto_car_e2hex,5853.0,5853.0,1.0
2024.11.01_08-55-26_sto_car_e2hex,5855.0,5855.0,1.0
2024.11.01_08-55-26_sto_car_e2hex,5857.0,5857.0,1.0
2024.11.01_08-55-26_sto_car_e2hex,5859.0,5859.0,1.0
2024.11.01_08-55-26_sto_car_e2hex,5904.0,5904.0,1.0
2024.11.01_08-55-26_sto_car_e2hex,5906.0,5906.0,1.0
2024.11.01_08-55-26_sto_car_e2hex,5911.0,5911.0,1.0
2024.11.01_08-55-26_sto_car_e2hex,5913.0,5913.0,1.0
2024.11.01_08-55-26_sto_car_e2hex,5922.0,5924.0,1.0
2024.11.01_08-55-26_sto_car_e2hex,5930.0,5930.0,1.0
2024.11.01_08-55-26_sto_car_e2hex,5932.0,5932.0,1.0
2024.11.01_08-55-26_sto_car_e2hex,5934.0,5935.0,1.0
2024.11.01_08-55-26_sto_car_e2hex,5937.0,5939.0,1.0
2024.11.01_08-55-26_sto_car_e2hex,5946.0,5949.0,1.0
2024.11.01_08-55-26_sto_car_e2hex,5954.0,5955.0,1.0
2024.11.01_08-55-26_sto_car_e2hex,5965.0,5965.0,1.0
2024.11.01_08-55-26_sto_car_e2hex,5979.0,5983.0,1.0
2024.11.01_08-55-26_sto_car_e2hex,5987.0,5987.0,1.0
2024.11.01_08-55-26_sto_car_e2hex,5989.0,5993.0,1.0
2024.11.01_08-55-26_sto_car_e2hex,5995.0,5999.0,1.0
2024.11.01_08-55-26_sto_car_e2hex,6001.0,6006.0,1.0
2024.11.01_08-55-26_sto_car_e2hex,6009.0,6017.0,1.0
2024.11.01_08-55-26_sto_car_e2hex,6019.0,6019.0,1.0
2024.11.01_08-55-26_sto_car_e2hex,6021.0,6021.0,1.0
2024.11.01_08-55-26_sto_car_e2hex,6029.0,6030.0,1.0
2024.11.01_08-55-26_sto_car_e2hex,6052.0,6071.0,1.0
2024.11.01_08-55-26_sto_car_e2hex,6080.0,6080.0,1.0
2024.11.01_08-55-26_sto_car_e2hex,6084.0,6099.0,1.0
2024.11.01_08-55-26_sto_car_e2hex,6101.0,6102.0,1.0
2024.11.01_08-55-26_sto_car_e2hex,6105.0,6106.0,1.0
2024.11.01_08-55-26_sto_car_e2hex,6115.0,6116.0,1.0
2024.11.01_08-55-26_sto_car_e2hex,6120.0,6120.0,1.0
2024.11.01_08-55-26_sto_car_e2hex,6124.0,6154.0,1.0
2024.11.01_08-55-26_sto_car_e2hex,6159.0,6164.0,1.0
2024.11.01_08-55-26_sto_car_e2hex,6173.0,6173.0,1.0
2024.11.01_08-55-26_sto_car_e2hex,6177.0,6181.0,1.0
2024.11.01_08-55-26_sto_car_e2hex,6186.0,6193.0,1.0
2024.11.01_08-55-26_sto_car_e2hex,6199.0,6202.0,1.0
2024.11.01_08-55-26_sto_car_e2hex,6205.0,6206.0,1.0
2024.11.01_08-55-26_sto_car_e2hex,6210.0,6210.0,1.0
2024.11.01_08-55-26_sto_car_e2hex,6220.0,6220.0,1.0
2024.11.01_08-55-26_sto_car_e2hex,6249.0,6249.0,1.0
2024.11.01_08-55-26_sto_car_e2hex,6254.0,6254.0,1.0
2024.11.01_08-55-26_sto_car_e2hex,6257.0,6270.0,1.0
2024.11.01_08-55-26_sto_car_e2hex,6272.0,6274.0,1.0
2024.11.01_08-55-26_sto_car_e2hex,6278.0,6282.0,1.0
2024.11.01_08-55-26_sto_car_e2hex,6284.0,6285.0,1.0
2024.11.01_08-55-26_sto_car_e2hex,6288.0,6288.0,1.0
2024.11.01_08-55-26_sto_car_e2hex,6292.0,6292.0,1.0
2024.11.01_08-55-26_sto_car_e2hex,6294.0,6296.0,1.0
2024.11.01_08-55-26_sto_car_e2hex,6298.0,6299.0,1.0
2024.11.01_08-55-26_sto_car_e2hex,6302.0,6306.0,1.0
2024.11.01_08-55-26_sto_car_e2hex,6308.0,6309.0,1.0
2024.11.01_08-55-26_sto_car_e2hex,6313.0,6320.0,1.0
2024.11.01_08-55-26_sto_car_e2hex,6323.0,6331.0,1.0
2024.11.01_08-55-26_sto_car_e2hex,6333.0,6356.0,1.0
2024.11.01_08-55-26_sto_car_e2hex,6358.0,6360.0,1.0
2024.11.01_08-55-26_sto_car_e2hex,6362.0,6414.0,1.0
2024.11.01_08-55-26_sto_car_e2hex,6417.0,6429.0,1.0
2024.11.01_08-55-26_sto_car_e2hex,6431.0,6451.0,1.0
2024.11.01_08-55-26_sto_car_e2hex,6456.0,6458.0,1.0
2024.11.01_08-55-26_sto_car_e2hex,6460.0,6489.0,1.0
2024.11.01_08-55-26_sto_car_e2hex,6491.0,6492.0,1.0
2024.11.01_08-55-26_sto_car_e2hex,6495.0,6539.0,1.0
2024.11.01_08-55-26_sto_car_e2hex,6541.0,6541.0,1.0
2024.11.01_08-55-26_sto_car_e2hex,6543.0,6543.0,1.0
2024.11.01_08-55-26_sto_car_e2hex,6545.0,6545.0,1.0
2024.11.01_08-55-26_sto_car_e2hex,6547.0,6599.0,1.0
2024.11.01_08-55-26_sto_car_e2hex,6601.0,6601.0,1.0
2024.11.01_08-55-26_sto_car_e2hex,6608.0,6619.0,1.0
2024.11.01_08-55-26_sto_car_e2hex,6621.0,6623.0,1.0
2024.11.01_08-55-26_sto_car_e2hex,6625.0,6628.0,1.0
2024.11.01_08-55-26_sto_car_e2hex,6635.0,6635.0,1.0
2024.11.01_08-55-26_sto_car_e2hex,6644.0,6652.0,1.0
2024.11.01_08-55-26_sto_car_e2hex,6654.0,6661.0,1.0
2024.11.01_08-55-26_sto_car_e2hex,6663.0,6665.0,1.0
2024.11.01_08-55-26_sto_car_e2hex,6668.0,6668.0,1.0
2024.11.01_08-55-26_sto_car_e2hex,6670.0,6678.0,1.0
2024.11.01_08-55-26_sto_car_e2hex,6680.0,6680.0,1.0
2024.11.01_08-55-26_sto_car_e2hex,6690.0,6690.0,1.0
2024.11.01_08-55-26_sto_car_e2hex,6696.0,6696.0,1.0
2024.11.01_08-55-26_sto_car_e2hex,6705.0,6706.0,1.0
2024.11.01_08-55-26_sto_car_e2hex,6708.0,6709.0,1.0
2024.11.01_08-55-26_sto_car_e2hex,6711.0,6711.0,1.0
2024.11.01_08-55-26_sto_car_e2hex,6713.0,6713.0,1.0
2024.11.01_08-55-26_sto_car_e2hex,6715.0,6716.0,1.0
2024.11.01_08-55-26_sto_car_e2hex,6720.0,6721.0,1.0
2024.11.01_08-55-26_sto_car_e2hex,6724.0,6724.0,1.0
2024.11.01_08-55-26_sto_car_e2hex,6728.0,6732.0,1.0
2024.11.01_08-55-26_sto_car_e2hex,6734.0,6738.0,1.0
2024.11.01_08-55-26_sto_car_e2hex,6740.0,6740.0,1.0
2024.11.01_08-55-26_sto_car_e2hex,6746.0,6751.0,1.0
2024.11.01_08-55-26_sto_car_e2hex,6754.0,6755.0,1.0
2024.11.01_08-55-26_sto_car_e2hex,6760.0,6761.0,1.0
2024.11.01_08-55-26_sto_car_e2hex,6765.0,6785.0,1.0
2024.11.01_08-55-26_sto_car_e2hex,6787.0,6791.0,1.0
2024.11.01_08-55-26_sto_car_e2hex,6793.0,6796.0,1.0
2024.11.01_08-55-26_sto_car_e2hex,6798.0,6804.0,1.0
2024.11.01_08-55-26_sto_car_e2hex,6807.0,6807.0,1.0
2024.11.01_08-55-26_sto_car_e2hex,6811.0,6811.0,1.0
2024.11.01_08-55-26_sto_car_e2hex,6815.0,6815.0,1.0
2024.11.01_08-55-26_sto_car_e2hex,6818.0,6819.0,1.0
2024.11.01_08-55-26_sto_car_e2hex,6829.0,6829.0,1.0
2024.11.01_08-55-26_sto_car_e2hex,6831.0,6832.0,1.0
2024.11.01_08-55-26_sto_car_e2hex,6834.0,6838.0,1.0
2024.11.01_08-55-26_sto_car_e2hex,6841.0,6842.0,1.0
2024.11.01_08-55-26_sto_car_e2hex,6847.0,6847.0,1.0
2024.11.01_08-55-26_sto_car_e2hex,6849.0,6849.0,1.0
2024.11.01_08-55-26_sto_car_e2hex,6864.0,6864.0,1.0
2024.11.01_08-55-26_sto_car_e2hex,6885.0,6885.0,1.0
2024.11.01_08-55-26_sto_car_e2hex,6888.0,6891.0,1.0
2024.11.01_08-55-26_sto_car_e2hex,6895.0,6895.0,1.0
2024.11.01_08-55-26_sto_car_e2hex,6901.0,6902.0,1.0
2024.11.01_08-55-26_sto_car_e2hex,6906.0,6906.0,1.0
2024.11.01_08-55-26_sto_car_e2hex,6912.0,6957.0,1.0
2024.11.01_08-55-26_sto_car_e2hex,6970.0,6974.0,1.0
2024.11.01_08-55-26_sto_car_e2hex,6980.0,6980.0,1.0
2024.11.01_08-55-26_sto_car_e2hex,6987.0,6990.0,1.0
2024.11.01_08-55-26_sto_car_e2hex,6993.0,6994.0,1.0
2024.11.01_08-55-26_sto_car_e2hex,6996.0,6999.0,1.0
2024.11.01_08-55-26_sto_car_e2hex,7001.0,7002.0,1.0
2024.11.01_08-55-26_sto_car_e2hex,7004.0,7004.0,1.0
2024.11.01_08-55-26_sto_car_e2hex,7013.0,7017.0,1.0
2024.11.01_08-55-26_sto_car_e2hex,7027.0,7027.0,1.0
2024.11.01_08-55-26_sto_car_e2hex,7029.0,7029.0,1.0
2024.11.01_08-55-26_sto_car_e2hex,7033.0,7033.0,1.0
2024.11.01_08-55-26_sto_car_e2hex,7035.0,7035.0,1.0
2024.11.01_08-55-26_sto_car_e2hex,7045.0,7046.0,1.0
2024.11.01_08-55-26_sto_car_e2hex,7062.0,7062.0,1.0
2024.11.01_08-55-26_sto_car_e2hex,7065.0,7065.0,1.0
2024.11.01_08-55-26_sto_car_e2hex,7067.0,7070.0,1.0
2024.11.01_08-55-26_sto_car_e2hex,7073.0,7073.0,1.0
2024.11.01_08-55-26_sto_car_e2hex,7076.0,7078.0,1.0
2024.11.01_08-55-26_sto_car_e2hex,7080.0,7081.0,1.0
2024.11.01_08-55-26_sto_car_e2hex,7083.0,7083.0,1.0
2024.11.01_08-55-26_sto_car_e2hex,7085.0,7086.0,1.0
2024.11.01_08-55-26_sto_car_e2hex,7090.0,7094.0,1.0
2024.11.01_08-55-26_sto_car_e2hex,7096.0,7096.0,1.0
2024.11.01_08-55-26_sto_car_e2hex,7098.0,7098.0,1.0
2024.11.01_08-55-26_sto_car_e2hex,7100.0,7101.0,1.0
2024.11.01_08-55-26_sto_car_e2hex,7110.0,7110.0,1.0
2024.11.01_08-55-26_sto_car_e2hex,7112.0,7112.0,1.0
2024.11.01_08-55-26_sto_car_e2hex,7115.0,7115.0,1.0
2024.11.01_08-55-26_sto_car_e2hex,7122.0,7124.0,1.0
2024.11.01_08-55-26_sto_car_e2hex,7126.0,7126.0,1.0
2024.10.30_10-15-34_sussex_metben,3.0,744.0,1.0
2024.10.30_10-15-34_sussex_metben,2718.0,6420.0,1.0
2024.10.30_10-15-34_sussex_metben,6422.0,6423.0,1.0
2024.10.30_10-15-34_sussex_metben,6425.0,6440.0,1.0
2024.10.30_10-15-34_sussex_metben,6442.0,6695.0,1.0
2024.10.30_10-15-34_sussex_metben,6697.0,6764.0,1.0
2024.10.30_10-15-34_sussex_metben,6766.0,6861.0,1.0
2024.10.30_10-15-34_sussex_metben,6863.0,6882.0,1.0
2024.10.30_10-15-34_sussex_metben,6884.0,6890.0,1.0
2024.10.30_10-15-34_sussex_metben,6892.0,6893.0,1.0
2024.10.30_10-15-34_sussex_metben,6895.0,6900.0,1.0
2024.10.30_10-15-34_sussex_metben,6902.0,6902.0,1.0
2024.10.30_10-15-34_sussex_metben,6909.0,6909.0,1.0
2024.10.30_10-15-34_sussex_metben,6911.0,6912.0,1.0
2024.10.30_10-15-34_sussex_metben,6914.0,6917.0,1.0
2024.10.30_10-15-34_sussex_metben,6919.0,6920.0,1.0
2024.10.30_10-15-34_sussex_metben,6922.0,6922.0,1.0
2024.10.30_10-15-34_sussex_metben,6925.0,6926.0,1.0
2024.10.30_10-15-34_sussex_metben,6928.0,6928.0,1.0
2024.10.30_10-15-34_sussex_metben,6930.0,6930.0,1.0
2024.10.30_10-15-34_sussex_metben,6932.0,6932.0,1.0
2024.10.30_10-15-34_sussex_metben,6939.0,6940.0,1.0
2024.10.30_10-15-34_sussex_metben,6942.0,6942.0,1.0
2024.10.30_10-15-34_sussex_metben,6945.0,6945.0,1.0
2024.10.30_10-15-34_sussex_metben,6947.0,6950.0,1.0
2024.10.30_10-15-34_sussex_metben,6954.0,6954.0,1.0
2024.10.30_10-15-34_sussex_metben,6956.0,6956.0,1.0
2024.10.30_10-15-34_sussex_metben,6959.0,6959.0,1.0
2024.10.30_10-15-34_sussex_metben,6965.0,6968.0,1.0
2024.10.30_10-15-34_sussex_metben,6971.0,6979.0,1.0
2024.10.30_10-15-34_sussex_metben,6981.0,7015.0,1.0
2024.10.30_10-15-34_sussex_metben,7017.0,7019.0,1.0
2024.10.30_10-15-34_sussex_metben,7021.0,7040.0,1.0
2024.10.30_10-15-34_sussex_metben,7042.0,7045.0,1.0
2024.10.30_10-15-34_sussex_metben,7047.0,7055.0,1.0
2024.10.30_10-15-34_sussex_metben,7057.0,7201.0,1.0
2024.10.30_10-15-34_sussex_metben,7206.0,7207.0,1.0
2024.10.30_10-15-34_sussex_metben,7210.0,7211.0,1.0
2024.10.30_10-15-34_sussex_metben,7215.0,7221.0,1.0
2024.10.30_10-15-34_sussex_metben,7223.0,7223.0,1.0
2024.10.30_10-15-34_sussex_metben,7225.0,7226.0,1.0
2024.10.30_10-15-34_sussex_metben,7228.0,7229.0,1.0
2024.10.30_10-15-34_sussex_metben,7232.0,7233.0,1.0
2024.10.30_10-15-34_sussex_metben,7235.0,7235.0,1.0
2024.10.30_10-15-34_sussex_metben,7239.0,7242.0,1.0
2024.10.30_10-15-34_sussex_metben,7244.0,7245.0,1.0
2024.10.30_10-15-34_sussex_metben,7247.0,7249.0,1.0
2024.10.30_10-15-34_sussex_metben,7251.0,7252.0,1.0
2024.10.30_10-15-34_sussex_metben,7254.0,8041.0,1.0
2024.10.30_10-15-34_sussex_metben,8043.0,8051.0,1.0
2024.10.30_10-15-34_sussex_metben,8053.0,8067.0,1.0
2024.10.30_10-15-34_sussex_metben,8069.0,8080.0,1.0
2024.10.30_10-15-34_sussex_metben,8083.0,8165.0,1.0
2024.10.30_10-15-34_sussex_metben,8167.0,8283.0,1.0
2024.07.03_12-43-45_CantonS (no odor),3624.0,4017.0,1.0
2024.10.15_09-43-24_sto_car_2hexanol,3.0,1337.0,1.0
2024.10.15_09-43-24_sto_car_2hexanol,1339.0,1349.0,1.0
2024.10.15_09-43-24_sto_car_2hexanol,1351.0,1363.0,1.0
2024.10.15_09-43-24_sto_car_2hexanol,1365.0,1383.0,1.0
2024.10.15_09-43-24_sto_car_2hexanol,1385.0,1389.0,1.0
2024.10.15_09-43-24_sto_car_2hexanol,1391.0,1396.0,1.0
2024.10.15_09-43-24_sto_car_2hexanol,1398.0,1525.0,1.0
2024.10.15_09-43-24_sto_car_2hexanol,1527.0,1533.0,1.0
2024.10.15_09-43-24_sto_car_2hexanol,1535.0,1636.0,1.0
2024.10.15_09-43-24_sto_car_2hexanol,1638.0,1711.0,1.0
2024.10.15_09-43-24_sto_car_2hexanol,1713.0,1713.0,1.0
2024.10.15_09-43-24_sto_car_2hexanol,1715.0,1717.0,1.0
2024.10.15_09-43-24_sto_car_2hexanol,1719.0,1723.0,1.0
2024.10.15_09-43-24_sto_car_2hexanol,1725.0,1726.0,1.0
2024.10.15_09-43-24_sto_car_2hexanol,1729.0,1729.0,1.0
2024.10.15_09-43-24_sto_car_2hexanol,1733.0,1734.0,1.0
2024.10.15_09-43-24_sto_car_2hexanol,1736.0,1736.0,1.0
2024.10.15_09-43-24_sto_car_2hexanol,1749.0,1750.0,1.0
2024.10.15_09-43-24_sto_car_2hexanol,1758.0,1759.0,1.0
2024.10.15_09-43-24_sto_car_2hexanol,1761.0,1761.0,1.0
2024.10.15_09-43-24_sto_car_2hexanol,1763.0,1764.0,1.0
2024.10.15_09-43-24_sto_car_2hexanol,1767.0,1768.0,1.0
2024.10.15_09-43-24_sto_car_2hexanol,1772.0,1773.0,1.0
2024.10.15_09-43-24_sto_car_2hexanol,1776.0,1789.0,1.0
2024.10.15_09-43-24_sto_car_2hexanol,1791.0,1791.0,1.0
2024.10.15_09-43-24_sto_car_2hexanol,1793.0,1797.0,1.0
2024.10.15_09-43-24_sto_car_2hexanol,1800.0,1807.0,1.0
2024.10.15_09-43-24_sto_car_2hexanol,7921.0,8841.0,1.0
2024.11.13_00-06-31_Sussex_e2hex,3594.0,3596.0,1.0
2024.11.13_00-06-31_Sussex_e2hex,3598.0,5057.0,1.0
2024.11.13_00-06-31_Sussex_e2hex,5075.0,5085.0,1.0
2024.11.13_00-06-31_Sussex_e2hex,5088.0,5088.0,1.0
2024.11.01_06-57-56_Yakuba7_metben,6774.0,6821.0,1.0
2024.11.01_06-57-56_Yakuba7_metben,6823.0,6841.0,1.0
2024.11.01_06-57-56_Yakuba7_metben,6843.0,6858.0,1.0
2024.11.01_06-57-56_Yakuba7_metben,6860.0,6863.0,1.0
2024.10.15_12-07-33_sussex_prenac,3.0,549.0,1.0
2024.10.15_12-07-33_sussex_prenac,551.0,553.0,1.0
2024.10.15_12-07-33_sussex_prenac,560.0,860.0,1.0
2024.10.15_12-07-33_sussex_prenac,862.0,945.0,1.0
2024.10.15_12-07-33_sussex_prenac,948.0,996.0,1.0
2024.10.15_12-07-33_sussex_prenac,999.0,1026.0,1.0
2024.10.15_12-07-33_sussex_prenac,1028.0,1030.0,1.0
2024.10.15_12-07-33_sussex_prenac,1043.0,1043.0,1.0
2024.10.15_12-07-33_sussex_prenac,1046.0,1046.0,1.0
2025.04.08_10-42-51_Sussex_metbut,3.0,1159.0,1.0
2025.04.08_10-42-51_Sussex_metbut,1161.0,1161.0,1.0
2024.10.25_06-35-51_CantonS_metben,8452.0,8581.0,1.0
2024.10.25_06-35-51_CantonS_metben,8583.0,8618.0,1.0
2024.10.25_06-35-51_CantonS_metben,8620.0,8971.0,1.0
2024.07.10_13-28-27_Riverside (MetBen),3.0,206.0,1.0
2024.10.29_04-30-46_Biarmipes84_metben,5981.0,5989.0,1.0
2024.10.29_04-30-46_Biarmipes84_metben,5992.0,5992.0,1.0
2024.10.29_04-30-46_Biarmipes84_metben,5994.0,5997.0,1.0
2024.10.29_04-30-46_Biarmipes84_metben,5999.0,6000.0,1.0
2024.10.29_04-30-46_Biarmipes84_metben,6002.0,6006.0,1.0
2024.10.29_04-30-46_Biarmipes84_metben,6009.0,6011.0,1.0
2024.10.29_04-30-46_Biarmipes84_metben,6013.0,6018.0,1.0
2024.10.29_04-30-46_Biarmipes84_metben,6020.0,6021.0,1.0
2024.10.29_04-30-46_Biarmipes84_metben,6023.0,6023.0,1.0
2024.10.29_04-30-46_Biarmipes84_metben,6025.0,6025.0,1.0
2024.10.29_04-30-46_Biarmipes84_metben,6027.0,6028.0,1.0
2024.10.29_04-30-46_Biarmipes84_metben,6030.0,6032.0,1.0
2024.10.29_04-30-46_Biarmipes84_metben,6034.0,6036.0,1.0
2024.10.29_04-30-46_Biarmipes84_metben,6039.0,6042.0,1.0
2024.10.29_04-30-46_Biarmipes84_metben,6045.0,6063.0,1.0
2024.10.29_04-30-46_Biarmipes84_metben,6065.0,6066.0,1.0
2024.10.29_04-30-46_Biarmipes84_metben,6068.0,6075.0,1.0
2024.10.29_04-30-46_Biarmipes84_metben,6077.0,6079.0,1.0
2024.10.29_04-30-46_Biarmipes84_metben,6081.0,6082.0,1.0
2024.10.29_04-30-46_Biarmipes84_metben,6084.0,6086.0,1.0
2024.10.29_04-30-46_Biarmipes84_metben,6088.0,6088.0,1.0
2024.10.29_04-30-46_Biarmipes84_metben,6092.0,6093.0,1.0
2024.10.29_04-30-46_Biarmipes84_metben,6096.0,6097.0,1.0
2024.10.29_04-30-46_Biarmipes84_metben,6099.0,6100.0,1.0
2024.10.29_04-30-46_Biarmipes84_metben,6107.0,6112.0,1.0
2024.10.29_04-30-46_Biarmipes84_metben,6115.0,6118.0,1.0
2024.10.29_04-30-46_Biarmipes84_metben,6121.0,6121.0,1.0
2024.10.29_04-30-46_Biarmipes84_metben,6124.0,6127.0,1.0
2024.10.29_04-30-46_Biarmipes84_metben,6133.0,6134.0,1.0
2024.10.29_04-30-46_Biarmipes84_metben,6136.0,6139.0,1.0
2024.10.29_04-30-46_Biarmipes84_metben,6143.0,6143.0,1.0
2024.10.29_04-30-46_Biarmipes84_metben,6148.0,6150.0,1.0
2024.10.29_04-30-46_Biarmipes84_metben,6153.0,6153.0,1.0
2024.10.29_04-30-46_Biarmipes84_metben,6155.0,6156.0,1.0
2024.10.29_04-30-46_Biarmipes84_metben,6163.0,6164.0,1.0
2024.10.29_04-30-46_Biarmipes84_metben,6166.0,6172.0,1.0
2024.10.29_04-30-46_Biarmipes84_metben,6176.0,6178.0,1.0
2024.10.29_04-30-46_Biarmipes84_metben,6180.0,6180.0,1.0
2024.10.29_04-30-46_Biarmipes84_metben,6182.0,6183.0,1.0
2024.10.29_04-30-46_Biarmipes84_metben,6185.0,6185.0,1.0
2024.10.29_04-30-46_Biarmipes84_metben,6189.0,6191.0,1.0
2024.10.29_04-30-46_Biarmipes84_metben,6195.0,6195.0,1.0
2024.10.29_04-30-46_Biarmipes84_metben,6198.0,6198.0,1.0
2024.10.29_04-30-46_Biarmipes84_metben,6200.0,6206.0,1.0
2024.10.29_04-30-46_Biarmipes84_metben,6208.0,6210.0,1.0
2024.10.29_04-30-46_Biarmipes84_metben,6212.0,6213.0,1.0
2024.10.29_04-30-46_Biarmipes84_metben,6215.0,6220.0,1.0
2024.10.29_04-30-46_Biarmipes84_metben,6228.0,6228.0,1.0
2024.10.29_04-30-46_Biarmipes84_metben,6231.0,6234.0,1.0
2024.10.29_04-30-46_Biarmipes84_metben,6236.0,6239.0,1.0
2024.10.29_04-30-46_Biarmipes84_metben,6242.0,6243.0,1.0
2024.10.29_04-30-46_Biarmipes84_metben,6247.0,6247.0,1.0
2024.10.29_04-30-46_Biarmipes84_metben,6250.0,6253.0,1.0
2024.10.29_04-30-46_Biarmipes84_metben,6255.0,6257.0,1.0
2024.10.29_04-30-46_Biarmipes84_metben,6259.0,6260.0,1.0
2024.10.29_04-30-46_Biarmipes84_metben,6262.0,6264.0,1.0
2024.10.29_04-30-46_Biarmipes84_metben,6266.0,6268.0,1.0
2024.10.29_04-30-46_Biarmipes84_metben,6270.0,6273.0,1.0
2024.10.29_04-30-46_Biarmipes84_metben,6275.0,6280.0,1.0
2024.10.29_04-30-46_Biarmipes84_metben,6282.0,6283.0,1.0
2024.10.29_04-30-46_Biarmipes84_metben,6285.0,6289.0,1.0
2024.10.29_04-30-46_Biarmipes84_metben,6291.0,6291.0,1.0
2024.10.29_04-30-46_Biarmipes84_metben,6293.0,6296.0,1.0
2024.10.29_04-30-46_Biarmipes84_metben,6298.0,6307.0,1.0
2024.10.29_04-30-46_Biarmipes84_metben,6309.0,6310.0,1.0
2024.10.29_04-30-46_Biarmipes84_metben,6312.0,6317.0,1.0
2024.10.29_04-30-46_Biarmipes84_metben,6319.0,6332.0,1.0
2024.10.29_04-30-46_Biarmipes84_metben,6334.0,6361.0,1.0
2024.10.29_04-30-46_Biarmipes84_metben,6363.0,6366.0,1.0
2024.10.29_04-30-46_Biarmipes84_metben,6368.0,6368.0,1.0
2024.10.29_04-30-46_Biarmipes84_metben,6370.0,6407.0,1.0
2024.10.29_04-30-46_Biarmipes84_metben,6409.0,6420.0,1.0
2024.10.29_04-30-46_Biarmipes84_metben,6422.0,6430.0,1.0
2024.10.29_04-30-46_Biarmipes84_metben,6432.0,6450.0,1.0
2024.10.29_04-30-46_Biarmipes84_metben,6452.0,6459.0,1.0
2024.10.29_04-30-46_Biarmipes84_metben,6461.0,6470.0,1.0
2024.10.29_04-30-46_Biarmipes84_metben,6472.0,6473.0,1.0
2024.10.29_04-30-46_Biarmipes84_metben,6475.0,6489.0,1.0
2024.10.29_04-30-46_Biarmipes84_metben,6491.0,6492.0,1.0
2024.10.29_04-30-46_Biarmipes84_metben,6494.0,6494.0,1.0
2024.10.29_04-30-46_Biarmipes84_metben,6496.0,6506.0,1.0
2024.10.29_04-30-46_Biarmipes84_metben,6508.0,6511.0,1.0
2024.10.29_04-30-46_Biarmipes84_metben,6513.0,6515.0,1.0
2024.10.29_04-30-46_Biarmipes84_metben,6517.0,6537.0,1.0
2024.10.29_04-30-46_Biarmipes84_metben,6539.0,6547.0,1.0
2024.10.29_04-30-46_Biarmipes84_metben,6549.0,6588.0,1.0
2024.10.29_04-30-46_Biarmipes84_metben,6590.0,6642.0,1.0
2024.10.29_04-30-46_Biarmipes84_metben,6644.0,6651.0,1.0
2024.10.29_04-30-46_Biarmipes84_metben,6653.0,6674.0,1.0
2024.10.29_04-30-46_Biarmipes84_metben,6676.0,6680.0,1.0
2024.10.29_04-30-46_Biarmipes84_metben,6683.0,6728.0,1.0
2024.10.29_04-30-46_Biarmipes84_metben,6730.0,6735.0,1.0
2024.10.29_04-30-46_Biarmipes84_metben,6737.0,6918.0,1.0
2024.10.29_04-30-46_Biarmipes84_metben,6920.0,6921.0,1.0
2024.10.29_04-30-46_Biarmipes84_metben,6924.0,6959.0,1.0
2024.10.29_04-30-46_Biarmipes84_metben,6961.0,7035.0,1.0
2024.10.29_04-30-46_Biarmipes84_metben,7037.0,7037.0,1.0
2024.10.29_04-30-46_Biarmipes84_metben,7039.0,7143.0,1.0
2024.10.29_04-30-46_Biarmipes84_metben,7145.0,7175.0,1.0
2024.10.29_04-30-46_Biarmipes84_metben,7177.0,7218.0,1.0
2024.10.29_04-30-46_Biarmipes84_metben,7220.0,7348.0,1.0
2024.10.29_04-30-46_Biarmipes84_metben,7350.0,7353.0,1.0
2024.10.29_04-30-46_Biarmipes84_metben,7355.0,7380.0,1.0
2024.10.29_04-30-46_Biarmipes84_metben,7382.0,7394.0,1.0
2024.10.29_04-30-46_Biarmipes84_metben,7396.0,7424.0,1.0
2024.10.29_04-30-46_Biarmipes84_metben,7426.0,7499.0,1.0
2024.10.29_04-30-46_Biarmipes84_metben,7501.0,7525.0,1.0
2024.10.29_04-30-46_Biarmipes84_metben,7527.0,7579.0,1.0
2024.10.29_04-30-46_Biarmipes84_metben,7581.0,7590.0,1.0
2024.10.29_04-30-46_Biarmipes84_metben,7592.0,7600.0,1.0
2024.10.29_04-30-46_Biarmipes84_metben,7602.0,7617.0,1.0
2024.10.29_04-30-46_Biarmipes84_metben,7619.0,7804.0,1.0
2024.10.29_04-30-46_Biarmipes84_metben,7806.0,7886.0,1.0
2024.10.29_04-30-46_Biarmipes84_metben,7888.0,8205.0,1.0
2024.10.29_04-30-46_Biarmipes84_metben,8207.0,8871.0,1.0
2024.11.13_22-30-49_Sussex_e2hex,3.0,31.0,1.0
2024.11.13_22-30-49_Sussex_e2hex,37.0,38.0,1.0
2024.11.13_22-30-49_Sussex_e2hex,44.0,44.0,1.0
2024.11.13_22-30-49_Sussex_e2hex,46.0,46.0,1.0
2024.11.13_22-30-49_Sussex_e2hex,49.0,1244.0,1.0
2024.11.13_22-30-49_Sussex_e2hex,1246.0,1255.0,1.0
2024.11.13_22-30-49_Sussex_e2hex,1258.0,1258.0,1.0
2024.11.13_22-30-49_Sussex_e2hex,1275.0,1876.0,1.0
2024.11.13_22-30-49_Sussex_e2hex,1878.0,2252.0,1.0
2024.11.13_22-30-49_Sussex_e2hex,2254.0,2280.0,1.0
2024.11.13_22-30-49_Sussex_e2hex,2304.0,2975.0,1.0
2024.11.13_22-30-49_Sussex_e2hex,2977.0,3415.0,1.0
2024.11.13_22-30-49_Sussex_e2hex,3417.0,3419.0,1.0
2024.11.13_22-30-49_Sussex_e2hex,3450.0,3450.0,1.0
2024.11.13_22-30-49_Sussex_e2hex,3452.0,3454.0,1.0
2024.11.13_22-30-49_Sussex_e2hex,3456.0,3460.0,1.0
2024.11.13_22-30-49_Sussex_e2hex,3462.0,3487.0,1.0
2024.11.13_22-30-49_Sussex_e2hex,3489.0,3511.0,1.0
2024.11.13_22-30-49_Sussex_e2hex,3513.0,3774.0,1.0
2024.11.13_22-30-49_Sussex_e2hex,3776.0,3776.0,1.0
2024.11.13_22-30-49_Sussex_e2hex,3778.0,3794.0,1.0
2024.12.01_20-03-07_Riverside_prenac,3.0,729.0,1.0
2024.12.01_20-03-07_Riverside_prenac,731.0,1779.0,1.0
2024.12.01_20-03-07_Riverside_prenac,1781.0,3335.0,1.0
2024.12.01_20-03-07_Riverside_prenac,3337.0,3374.0,1.0
2024.12.01_20-03-07_Riverside_prenac,3376.0,3377.0,1.0
2024.12.01_20-03-07_Riverside_prenac,3379.0,3439.0,1.0
2024.12.01_20-03-07_Riverside_prenac,3441.0,3441.0,1.0
2024.12.01_20-03-07_Riverside_prenac,3443.0,4254.0,1.0
2024.12.01_20-03-07_Riverside_prenac,4256.0,4256.0,1.0
2024.10.24_10-10-18_Biarmipes_G224_metben,5825.0,5825.0,1.0
2024.10.24_10-10-18_Biarmipes_G224_metben,5827.0,5855.0,1.0
2024.10.24_10-10-18_Biarmipes_G224_metben,5857.0,6519.0,1.0
2024.10.24_10-10-18_Biarmipes_G224_metben,6551.0,6830.0,1.0
2024.10.24_10-10-18_Biarmipes_G224_metben,6832.0,7304.0,1.0
2024.10.24_10-10-18_Biarmipes_G224_metben,7306.0,8999.0,1.0
2024.10.14_13-44-24_Biarmipes84_1hexanol,3.0,2176.0,1.0
2024.10.14_13-44-24_Biarmipes84_1hexanol,2179.0,2358.0,1.0
2024.10.14_13-44-24_Biarmipes84_1hexanol,2361.0,2361.0,1.0
2024.10.14_13-44-24_Biarmipes84_1hexanol,2363.0,2376.0,1.0
2024.10.14_13-44-24_Biarmipes84_1hexanol,2378.0,2378.0,1.0
2024.10.14_13-44-24_Biarmipes84_1hexanol,2380.0,2380.0,1.0
2024.10.14_13-44-24_Biarmipes84_1hexanol,2388.0,2390.0,1.0
2024.10.14_13-44-24_Biarmipes84_1hexanol,2393.0,2393.0,1.0
2024.10.14_13-44-24_Biarmipes84_1hexanol,2397.0,2397.0,1.0
2024.10.14_13-44-24_Biarmipes84_1hexanol,2407.0,2407.0,1.0
2024.10.14_13-44-24_Biarmipes84_1hexanol,2409.0,2411.0,1.0
2024.10.14_13-44-24_Biarmipes84_1hexanol,2415.0,2420.0,1.0
2024.10.14_13-44-24_Biarmipes84_1hexanol,6475.0,6534.0,1.0
2024.10.14_13-44-24_Biarmipes84_1hexanol,6536.0,6536.0,1.0
2024.10.29_04-36-53_Biarmipes84_metben,3.0,3091.0,1.0
2024.10.29_04-36-53_Biarmipes84_metben,3093.0,3136.0,1.0
2024.10.29_04-36-53_Biarmipes84_metben,3138.0,3225.0,1.0
2024.10.29_04-36-53_Biarmipes84_metben,3227.0,3254.0,1.0
2024.10.29_04-36-53_Biarmipes84_metben,3256.0,3273.0,1.0
2024.10.29_04-36-53_Biarmipes84_metben,3275.0,3295.0,1.0
2024.10.29_04-36-53_Biarmipes84_metben,3297.0,3301.0,1.0
2024.10.29_04-36-53_Biarmipes84_metben,5799.0,5846.0,1.0
2024.10.29_04-36-53_Biarmipes84_metben,5849.0,5868.0,1.0
2024.10.29_04-36-53_Biarmipes84_metben,5870.0,5871.0,1.0
2024.10.29_04-36-53_Biarmipes84_metben,5873.0,5874.0,1.0
2024.10.29_04-36-53_Biarmipes84_metben,5876.0,5906.0,1.0
2025.04.08_10-48-50_Sussex_metbut,1082.0,1088.0,1.0
2025.04.08_10-48-50_Sussex_metbut,1090.0,1090.0,1.0
2025.04.08_10-48-50_Sussex_metbut,1092.0,1328.0,1.0
2025.04.08_10-48-50_Sussex_metbut,1330.0,1330.0,1.0
2025.04.08_10-48-50_Sussex_metbut,5270.0,6885.0,1.0
2025.04.08_10-48-50_Sussex_metbut,6887.0,6888.0,1.0
2025.04.08_10-48-50_Sussex_metbut,6890.0,6908.0,1.0
2025.04.08_10-48-50_Sussex_metbut,6911.0,6913.0,1.0
2025.04.08_10-48-50_Sussex_metbut,6915.0,6936.0,1.0
2025.04.08_10-48-50_Sussex_metbut,6938.0,6956.0,1.0
2025.04.08_10-48-50_Sussex_metbut,6958.0,6960.0,1.0
2025.04.08_10-48-50_Sussex_metbut,6962.0,6970.0,1.0
2025.04.08_10-48-50_Sussex_metbut,6974.0,6976.0,1.0
2025.04.08_10-48-50_Sussex_metbut,6978.0,6978.0,1.0
2025.04.08_10-48-50_Sussex_metbut,6981.0,6982.0,1.0
2025.04.08_10-48-50_Sussex_metbut,6984.0,6985.0,1.0
2025.04.08_10-48-50_Sussex_metbut,6988.0,6990.0,1.0
2025.04.08_10-48-50_Sussex_metbut,6992.0,6992.0,1.0
2025.04.08_10-48-50_Sussex_metbut,6994.0,7008.0,1.0
2025.04.08_10-48-50_Sussex_metbut,7011.0,7014.0,1.0
2025.04.08_10-48-50_Sussex_metbut,7016.0,7018.0,1.0
2025.04.08_10-48-50_Sussex_metbut,7020.0,7021.0,1.0
2025.04.08_10-48-50_Sussex_metbut,7024.0,7060.0,1.0
2025.04.08_10-48-50_Sussex_metbut,7062.0,7073.0,1.0
2025.04.08_10-48-50_Sussex_metbut,7075.0,7086.0,1.0
2025.04.08_10-48-50_Sussex_metbut,7088.0,7100.0,1.0
2025.04.08_10-48-50_Sussex_metbut,7102.0,7102.0,1.0
2025.04.08_10-48-50_Sussex_metbut,7106.0,7106.0,1.0
2025.04.08_10-48-50_Sussex_metbut,7108.0,7108.0,1.0
2025.04.08_10-48-50_Sussex_metbut,7110.0,7111.0,1.0
2025.04.08_10-48-50_Sussex_metbut,7113.0,7114.0,1.0
2025.04.08_10-48-50_Sussex_metbut,7116.0,7126.0,1.0
2025.04.08_10-48-50_Sussex_metbut,7128.0,7130.0,1.0
2025.04.08_10-48-50_Sussex_metbut,7132.0,7132.0,1.0
2025.04.08_10-48-50_Sussex_metbut,7134.0,7137.0,1.0
2025.04.08_10-48-50_Sussex_metbut,7139.0,7142.0,1.0
2025.04.08_10-48-50_Sussex_metbut,7144.0,7147.0,1.0
2025.04.08_10-48-50_Sussex_metbut,7149.0,7150.0,1.0
2025.04.08_10-48-50_Sussex_metbut,7154.0,7154.0,1.0
2025.04.08_10-48-50_Sussex_metbut,7157.0,7157.0,1.0
2025.04.08_10-48-50_Sussex_metbut,7159.0,7159.0,1.0
2025.04.08_10-48-50_Sussex_metbut,7161.0,7162.0,1.0
2025.04.08_10-48-50_Sussex_metbut,7166.0,7166.0,1.0
2025.04.08_10-48-50_Sussex_metbut,7168.0,7169.0,1.0
2025.04.08_10-48-50_Sussex_metbut,7173.0,7174.0,1.0
2025.04.08_10-48-50_Sussex_metbut,7179.0,7179.0,1.0
2025.04.08_10-48-50_Sussex_metbut,7182.0,7182.0,1.0
2025.04.08_10-48-50_Sussex_metbut,7184.0,7185.0,1.0
2025.04.08_10-48-50_Sussex_metbut,7187.0,7188.0,1.0
2025.04.08_10-48-50_Sussex_metbut,7190.0,7190.0,1.0
2025.04.08_10-48-50_Sussex_metbut,7391.0,8924.0,1.0
2024.10.14_12-28-04_CantonS_prenac,2716.0,2719.0,1.0
2024.10.14_12-28-04_CantonS_prenac,2721.0,8999.0,1.0
2024.10.03_11-18-37_CantonS_metbut,2086.0,2086.0,1.0
2024.10.03_11-18-37_CantonS_metbut,2089.0,2092.0,1.0
2024.10.03_11-18-37_CantonS_metbut,2095.0,2097.0,1.0
2024.10.03_11-18-37_CantonS_metbut,2099.0,2120.0,1.0
2024.10.03_11-18-37_CantonS_metbut,2122.0,2122.0,1.0
2024.10.03_11-18-37_CantonS_metbut,2124.0,2126.0,1.0
2024.10.03_11-18-37_CantonS_metbut,2128.0,8999.0,1.0
2024.10.10_13-28-11_Biarmipes84_1hexanol,5580.0,5595.0,1.0
2024.10.10_13-28-11_Biarmipes84_1hexanol,5597.0,5607.0,1.0
2024.10.10_13-28-11_Biarmipes84_1hexanol,5610.0,5797.0,1.0
2024.10.31_03-59-12_Biarmipes_G224_metben,3.0,1948.0,1.0
2024.10.31_03-59-12_Biarmipes_G224_metben,1950.0,2008.0,1.0
2024.10.31_03-59-12_Biarmipes_G224_metben,2010.0,2490.0,1.0
2024.10.31_03-59-12_Biarmipes_G224_metben,2492.0,2534.0,1.0
2024.10.31_03-59-12_Biarmipes_G224_metben,2537.0,2634.0,1.0
2024.10.31_03-59-12_Biarmipes_G224_metben,2636.0,2722.0,1.0
2024.10.31_03-59-12_Biarmipes_G224_metben,2724.0,2724.0,1.0
2024.10.31_03-59-12_Biarmipes_G224_metben,2726.0,2726.0,1.0
2024.10.31_03-59-12_Biarmipes_G224_metben,7128.0,8071.0,1.0
2024.10.31_03-59-12_Biarmipes_G224_metben,8073.0,8076.0,1.0
2024.10.31_03-59-12_Biarmipes_G224_metben,8078.0,8126.0,1.0
2024.10.31_03-59-12_Biarmipes_G224_metben,8130.0,8130.0,1.0
2024.10.31_03-59-12_Biarmipes_G224_metben,8132.0,8169.0,1.0
2024.10.31_03-59-12_Biarmipes_G224_metben,8173.0,8173.0,1.0
2024.10.31_03-59-12_Biarmipes_G224_metben,8193.0,8999.0,1.0
2024.10.17_14-24-51_Riverside_prenac,6820.0,8050.0,1.0
2024.12.01_20-21-59_Riverside_prenac,5372.0,5380.0,1.0
2024.12.01_20-21-59_Riverside_prenac,5382.0,5382.0,1.0
2024.12.01_20-21-59_Riverside_prenac,5384.0,5417.0,1.0
2024.12.01_20-21-59_Riverside_prenac,5419.0,5818.0,1.0
2024.12.01_20-21-59_Riverside_prenac,5821.0,5833.0,1.0
2024.12.01_20-21-59_Riverside_prenac,5835.0,6520.0,1.0
2024.12.01_20-21-59_Riverside_prenac,6522.0,6527.0,1.0
2024.12.01_20-21-59_Riverside_prenac,6530.0,6530.0,1.0
2024.12.01_20-21-59_Riverside_prenac,6532.0,6532.0,1.0
2024.12.01_20-21-59_Riverside_prenac,6535.0,6535.0,1.0
2024.12.01_20-21-59_Riverside_prenac,6538.0,6539.0,1.0
2024.12.01_20-21-59_Riverside_prenac,6541.0,6549.0,1.0
2024.12.01_20-21-59_Riverside_prenac,6552.0,6557.0,1.0
2024.12.01_20-21-59_Riverside_prenac,6559.0,6559.0,1.0
2024.12.01_20-21-59_Riverside_prenac,6561.0,6563.0,1.0
2024.12.01_20-21-59_Riverside_prenac,6565.0,6566.0,1.0
2024.12.01_20-21-59_Riverside_prenac,6568.0,6570.0,1.0
2024.12.01_20-21-59_Riverside_prenac,6572.0,6573.0,1.0
2024.12.01_20-21-59_Riverside_prenac,6575.0,6575.0,1.0
2024.12.01_20-21-59_Riverside_prenac,6577.0,6580.0,1.0
2024.12.01_20-21-59_Riverside_prenac,6583.0,6586.0,1.0
2024.12.01_20-21-59_Riverside_prenac,6589.0,6599.0,1.0
2024.12.01_20-21-59_Riverside_prenac,6601.0,6601.0,1.0
2024.12.01_20-21-59_Riverside_prenac,6604.0,6606.0,1.0
2024.12.01_20-21-59_Riverside_prenac,6608.0,6609.0,1.0
2024.12.01_20-21-59_Riverside_prenac,6612.0,6613.0,1.0
2024.12.01_20-21-59_Riverside_prenac,6615.0,6622.0,1.0
2024.12.01_20-21-59_Riverside_prenac,6624.0,6624.0,1.0
2024.12.01_20-21-59_Riverside_prenac,6626.0,6639.0,1.0
2024.12.01_20-21-59_Riverside_prenac,6642.0,6763.0,1.0
2024.12.01_20-21-59_Riverside_prenac,6765.0,6768.0,1.0
2024.12.01_20-21-59_Riverside_prenac,6770.0,6773.0,1.0
2024.12.01_20-21-59_Riverside_prenac,6777.0,6785.0,1.0
2024.12.01_20-21-59_Riverside_prenac,6788.0,6791.0,1.0
2024.12.01_20-21-59_Riverside_prenac,6793.0,6802.0,1.0
2024.12.01_20-21-59_Riverside_prenac,6804.0,6805.0,1.0
2024.12.01_20-21-59_Riverside_prenac,6815.0,6815.0,1.0
2024.12.01_20-21-59_Riverside_prenac,6817.0,6817.0,1.0
2024.12.01_20-21-59_Riverside_prenac,6820.0,6820.0,1.0
2024.12.01_20-21-59_Riverside_prenac,6826.0,6827.0,1.0
2024.12.01_20-21-59_Riverside_prenac,6832.0,6832.0,1.0
2024.12.01_20-21-59_Riverside_prenac,6839.0,6840.0,1.0
2024.12.01_20-21-59_Riverside_prenac,6844.0,6844.0,1.0
2024.12.01_20-21-59_Riverside_prenac,6847.0,6847.0,1.0
2024.12.01_20-21-59_Riverside_prenac,6850.0,6850.0,1.0
2024.12.01_20-21-59_Riverside_prenac,6854.0,6854.0,1.0
2024.12.01_20-21-59_Riverside_prenac,6856.0,6856.0,1.0
2024.12.01_20-21-59_Riverside_prenac,6861.0,6861.0,1.0
2024.12.01_20-21-59_Riverside_prenac,6866.0,6866.0,1.0
2024.12.01_20-21-59_Riverside_prenac,6869.0,6871.0,1.0
2024.12.01_20-21-59_Riverside_prenac,6874.0,6874.0,1.0
2024.12.01_20-21-59_Riverside_prenac,6896.0,6896.0,1.0
2024.12.01_20-21-59_Riverside_prenac,6925.0,6925.0,1.0
2024.12.01_20-21-59_Riverside_prenac,6932.0,6933.0,1.0
2024.12.01_20-21-59_Riverside_prenac,6935.0,6935.0,1.0
2024.12.01_20-21-59_Riverside_prenac,6944.0,6944.0,1.0
2024.12.01_20-21-59_Riverside_prenac,6946.0,6946.0,1.0
2024.12.01_20-21-59_Riverside_prenac,6948.0,6949.0,1.0
2024.12.01_20-21-59_Riverside_prenac,6952.0,6954.0,1.0
2024.12.01_20-21-59_Riverside_prenac,6956.0,6956.0,1.0
2024.12.01_20-21-59_Riverside_prenac,6958.0,6958.0,1.0
2024.12.01_20-21-59_Riverside_prenac,6960.0,6961.0,1.0
2024.12.01_20-21-59_Riverside_prenac,6964.0,6964.0,1.0
2024.12.01_20-21-59_Riverside_prenac,6970.0,6970.0,1.0
2024.12.01_20-21-59_Riverside_prenac,6973.0,6973.0,1.0
2024.12.01_20-21-59_Riverside_prenac,6975.0,6975.0,1.0
2024.12.01_20-21-59_Riverside_prenac,6977.0,6977.0,1.0
2024.12.01_20-21-59_Riverside_prenac,6982.0,6982.0,1.0
2024.12.01_20-21-59_Riverside_prenac,6984.0,6984.0,1.0
2024.12.01_20-21-59_Riverside_prenac,6990.0,6990.0,1.0
2024.12.01_20-21-59_Riverside_prenac,6994.0,6994.0,1.0
2024.12.01_20-21-59_Riverside_prenac,7003.0,7003.0,1.0
2024.12.01_20-21-59_Riverside_prenac,7018.0,7018.0,1.0
2024.12.01_20-21-59_Riverside_prenac,7020.0,7023.0,1.0
2024.12.01_20-21-59_Riverside_prenac,7030.0,7030.0,1.0
2024.12.01_20-21-59_Riverside_prenac,7035.0,7037.0,1.0
2024.12.01_20-21-59_Riverside_prenac,7039.0,7039.0,1.0
2024.12.01_20-21-59_Riverside_prenac,7045.0,7045.0,1.0
2024.12.01_20-21-59_Riverside_prenac,7071.0,7071.0,1.0
2024.12.01_20-21-59_Riverside_prenac,7073.0,7073.0,1.0
2024.12.01_20-21-59_Riverside_prenac,7075.0,7075.0,1.0
2024.12.01_20-21-59_Riverside_prenac,7077.0,7077.0,1.0
2024.12.01_20-21-59_Riverside_prenac,7083.0,7086.0,1.0
2024.12.01_20-21-59_Riverside_prenac,7100.0,7100.0,1.0
2024.12.01_20-21-59_Riverside_prenac,7102.0,7102.0,1.0
2024.12.01_20-21-59_Riverside_prenac,7106.0,7108.0,1.0
2024.12.01_20-21-59_Riverside_prenac,7111.0,7111.0,1.0
2024.12.01_20-21-59_Riverside_prenac,7117.0,7118.0,1.0
2024.12.01_20-21-59_Riverside_prenac,7121.0,7123.0,1.0
2024.12.01_20-21-59_Riverside_prenac,7125.0,7125.0,1.0
2024.12.01_20-21-59_Riverside_prenac,7127.0,7127.0,1.0
2024.12.01_20-21-59_Riverside_prenac,7136.0,7136.0,1.0
2024.12.01_20-21-59_Riverside_prenac,7138.0,7138.0,1.0
2024.12.01_20-21-59_Riverside_prenac,7142.0,7145.0,1.0
2024.12.01_20-21-59_Riverside_prenac,7147.0,7147.0,1.0
2024.12.01_20-21-59_Riverside_prenac,7152.0,7152.0,1.0
2024.12.01_20-21-59_Riverside_prenac,7154.0,7156.0,1.0
2024.12.01_20-21-59_Riverside_prenac,7158.0,7161.0,1.0
2024.12.01_20-21-59_Riverside_prenac,7165.0,7165.0,1.0
2024.12.01_20-21-59_Riverside_prenac,7168.0,7168.0,1.0
2024.12.01_20-21-59_Riverside_prenac,7170.0,7170.0,1.0
2024.12.01_20-21-59_Riverside_prenac,7172.0,7172.0,1.0
2024.12.01_20-21-59_Riverside_prenac,7177.0,7177.0,1.0
2024.12.01_20-21-59_Riverside_prenac,7181.0,7181.0,1.0
2024.12.01_20-21-59_Riverside_prenac,7185.0,7185.0,1.0
2024.12.01_20-21-59_Riverside_prenac,7189.0,7189.0,1.0
2024.12.01_20-21-59_Riverside_prenac,7192.0,7192.0,1.0
2024.12.01_20-21-59_Riverside_prenac,7195.0,7195.0,1.0
2024.12.01_20-21-59_Riverside_prenac,7199.0,7200.0,1.0
2024.12.01_20-21-59_Riverside_prenac,7202.0,7202.0,1.0
2024.12.01_20-21-59_Riverside_prenac,7211.0,7212.0,1.0
2024.12.01_20-21-59_Riverside_prenac,7215.0,7215.0,1.0
2024.12.01_20-21-59_Riverside_prenac,7217.0,7217.0,1.0
2024.12.01_20-21-59_Riverside_prenac,7219.0,7224.0,1.0
2024.12.01_20-21-59_Riverside_prenac,7226.0,7226.0,1.0
2024.12.01_20-21-59_Riverside_prenac,7228.0,7228.0,1.0
2024.12.01_20-21-59_Riverside_prenac,7230.0,7236.0,1.0
2024.12.01_20-21-59_Riverside_prenac,7238.0,7241.0,1.0
2024.12.01_20-21-59_Riverside_prenac,7243.0,7244.0,1.0
2024.12.01_20-21-59_Riverside_prenac,7246.0,7247.0,1.0
2024.12.01_20-21-59_Riverside_prenac,7251.0,7251.0,1.0
2024.12.01_20-21-59_Riverside_prenac,7261.0,7261.0,1.0
2024.12.01_20-21-59_Riverside_prenac,7264.0,7271.0,1.0
2024.12.01_20-21-59_Riverside_prenac,7273.0,7275.0,1.0
2024.12.01_20-21-59_Riverside_prenac,7277.0,7281.0,1.0
2024.12.01_20-21-59_Riverside_prenac,7285.0,7286.0,1.0
2024.12.01_20-21-59_Riverside_prenac,7288.0,7291.0,1.0
2024.12.01_20-21-59_Riverside_prenac,7293.0,7294.0,1.0
2024.12.01_20-21-59_Riverside_prenac,7296.0,7297.0,1.0
2024.12.01_20-21-59_Riverside_prenac,7299.0,7299.0,1.0
2024.12.01_20-21-59_Riverside_prenac,7301.0,7337.0,1.0
2024.12.01_20-21-59_Riverside_prenac,7340.0,7340.0,1.0
2024.12.01_20-21-59_Riverside_prenac,7342.0,7343.0,1.0
2024.12.01_20-21-59_Riverside_prenac,7348.0,7348.0,1.0
2024.12.01_20-21-59_Riverside_prenac,7350.0,7350.0,1.0
2024.12.01_20-21-59_Riverside_prenac,7352.0,7382.0,1.0
2024.12.01_20-21-59_Riverside_prenac,7384.0,7384.0,1.0
2024.12.01_20-21-59_Riverside_prenac,7386.0,7398.0,1.0
2024.12.01_20-21-59_Riverside_prenac,7412.0,7412.0,1.0
2024.12.01_20-21-59_Riverside_prenac,7418.0,7419.0,1.0
2024.12.01_20-21-59_Riverside_prenac,7443.0,7443.0,1.0
2024.12.01_20-21-59_Riverside_prenac,7457.0,7457.0,1.0
2024.12.01_20-21-59_Riverside_prenac,7462.0,7462.0,1.0
2024.12.01_20-21-59_Riverside_prenac,7464.0,7466.0,1.0
2024.12.01_20-21-59_Riverside_prenac,7469.0,7469.0,1.0
2024.12.01_20-21-59_Riverside_prenac,7471.0,7471.0,1.0
2024.12.01_20-21-59_Riverside_prenac,7473.0,7473.0,1.0
2024.12.01_20-21-59_Riverside_prenac,7478.0,7480.0,1.0
2024.12.01_20-21-59_Riverside_prenac,7503.0,7503.0,1.0
2024.12.01_20-21-59_Riverside_prenac,7505.0,7505.0,1.0
2024.12.01_20-21-59_Riverside_prenac,7507.0,7507.0,1.0
2024.12.01_20-21-59_Riverside_prenac,7509.0,7510.0,1.0
2024.12.01_20-21-59_Riverside_prenac,7512.0,7514.0,1.0
2024.12.01_20-21-59_Riverside_prenac,7516.0,7516.0,1.0
2024.12.01_20-21-59_Riverside_prenac,7521.0,7589.0,1.0
2024.12.01_20-21-59_Riverside_prenac,7591.0,7592.0,1.0
2024.12.01_20-21-59_Riverside_prenac,7594.0,7605.0,1.0
2024.12.01_20-21-59_Riverside_prenac,7608.0,7608.0,1.0
2024.12.01_20-21-59_Riverside_prenac,7610.0,7612.0,1.0
2024.12.01_20-21-59_Riverside_prenac,7614.0,7615.0,1.0
2024.12.01_20-21-59_Riverside_prenac,7617.0,7621.0,1.0
2024.12.01_20-21-59_Riverside_prenac,7623.0,7625.0,1.0
2024.12.01_20-21-59_Riverside_prenac,7630.0,7631.0,1.0
2024.12.01_20-21-59_Riverside_prenac,7633.0,7645.0,1.0
2024.12.01_20-21-59_Riverside_prenac,7647.0,7688.0,1.0
2024.12.01_20-21-59_Riverside_prenac,7690.0,7692.0,1.0
2024.12.01_20-21-59_Riverside_prenac,7695.0,7698.0,1.0
2024.12.01_20-21-59_Riverside_prenac,7701.0,7703.0,1.0
2024.12.01_20-21-59_Riverside_prenac,7706.0,7706.0,1.0
2024.12.01_20-21-59_Riverside_prenac,7708.0,7708.0,1.0
2024.12.01_20-21-59_Riverside_prenac,7710.0,7714.0,1.0
2024.12.01_20-21-59_Riverside_prenac,7716.0,7718.0,1.0
2024.12.01_20-21-59_Riverside_prenac,7720.0,7720.0,1.0
2024.12.01_20-21-59_Riverside_prenac,7722.0,7723.0,1.0
2024.12.01_20-21-59_Riverside_prenac,7725.0,7727.0,1.0
2024.12.01_20-21-59_Riverside_prenac,7730.0,7730.0,1.0
2024.12.01_20-21-59_Riverside_prenac,7732.0,7732.0,1.0
2024.12.01_20-21-59_Riverside_prenac,7734.0,7740.0,1.0
2024.12.01_20-21-59_Riverside_prenac,7742.0,7744.0,1.0
2024.12.01_20-21-59_Riverside_prenac,7749.0,7749.0,1.0
2024.12.01_20-21-59_Riverside_prenac,7757.0,7759.0,1.0
2024.12.01_20-21-59_Riverside_prenac,7761.0,7874.0,1.0
2024.12.01_20-21-59_Riverside_prenac,7876.0,7876.0,1.0
2024.12.01_20-21-59_Riverside_prenac,7878.0,7902.0,1.0
2024.12.01_20-21-59_Riverside_prenac,7904.0,7918.0,1.0
2024.12.01_20-21-59_Riverside_prenac,7920.0,7921.0,1.0
2024.12.01_20-21-59_Riverside_prenac,7923.0,8999.0,1.0
2024.11.12_06-42-36_Yakuba_cameroon_e2hex,6745.0,6796.0,1.0
2024.11.12_06-42-36_Yakuba_cameroon_e2hex,6798.0,6828.0,1.0
2024.11.12_06-42-36_Yakuba_cameroon_e2hex,6832.0,7033.0,1.0
2024.11.12_06-42-36_Yakuba_cameroon_e2hex,7035.0,7035.0,1.0
2024.11.12_06-42-36_Yakuba_cameroon_e2hex,7037.0,7162.0,1.0
2024.11.12_06-42-36_Yakuba_cameroon_e2hex,7170.0,7459.0,1.0
2024.11.12_06-42-36_Yakuba_cameroon_e2hex,7461.0,7546.0,1.0
2024.11.12_06-42-36_Yakuba_cameroon_e2hex,7548.0,7548.0,1.0
2024.11.12_06-42-36_Yakuba_cameroon_e2hex,7550.0,7550.0,1.0
2024.11.12_06-42-36_Yakuba_cameroon_e2hex,7553.0,7553.0,1.0
2024.10.28_08-03-21_biarmipes_g224_metben,4306.0,4328.0,1.0
2024.10.28_08-03-21_biarmipes_g224_metben,4334.0,4350.0,1.0
2024.10.28_08-03-21_biarmipes_g224_metben,4353.0,4358.0,1.0
2024.10.28_08-03-21_biarmipes_g224_metben,4360.0,4360.0,1.0
2024.10.28_08-03-21_biarmipes_g224_metben,4362.0,4362.0,1.0
2024.10.28_08-03-21_biarmipes_g224_metben,4365.0,4380.0,1.0
2024.10.28_08-03-21_biarmipes_g224_metben,4385.0,4568.0,1.0
2024.10.28_08-03-21_biarmipes_g224_metben,4573.0,5447.0,1.0
2024.10.28_08-03-21_biarmipes_g224_metben,5457.0,5827.0,1.0
2024.10.28_08-03-21_biarmipes_g224_metben,5830.0,5878.0,1.0
2024.10.28_08-03-21_biarmipes_g224_metben,5881.0,5963.0,1.0
2024.10.28_08-03-21_biarmipes_g224_metben,8753.0,8756.0,1.0
2024.10.28_08-03-21_biarmipes_g224_metben,8758.0,8779.0,1.0
2024.10.28_08-03-21_biarmipes_g224_metben,8787.0,8858.0,1.0
2024.10.28_08-03-21_biarmipes_g224_metben,8860.0,8863.0,1.0
2024.10.28_08-03-21_biarmipes_g224_metben,8865.0,8868.0,1.0
2024.10.28_08-03-21_biarmipes_g224_metben,8922.0,8927.0,1.0
2024.10.28_08-03-21_biarmipes_g224_metben,8938.0,8943.0,1.0
2024.10.28_08-03-21_biarmipes_g224_metben,8945.0,8958.0,1.0
2024.10.28_08-03-21_biarmipes_g224_metben,8960.0,8991.0,1.0
2024.10.28_08-03-21_biarmipes_g224_metben,8994.0,8999.0,1.0
2024.10.15_10-31-40_Sto_car_2hexanol,6188.0,6207.0,1.0
2024.12.01_19-42-50_Biarmipes84_prenac,7594.0,7594.0,1.0
2024.12.01_19-42-50_Biarmipes84_prenac,7596.0,7604.0,1.0
2024.12.01_19-42-50_Biarmipes84_prenac,7609.0,7614.0,1.0
2024.12.01_19-42-50_Biarmipes84_prenac,7616.0,7616.0,1.0
2024.12.01_19-42-50_Biarmipes84_prenac,7619.0,7790.0,1.0
2024.12.01_19-42-50_Biarmipes84_prenac,7792.0,7806.0,1.0
2024.12.01_19-42-50_Biarmipes84_prenac,7808.0,7808.0,1.0
2024.12.01_19-42-50_Biarmipes84_prenac,7810.0,7811.0,1.0
2024.12.01_19-42-50_Biarmipes84_prenac,7813.0,7815.0,1.0
2024.12.01_19-42-50_Biarmipes84_prenac,7817.0,7835.0,1.0
2024.12.01_19-42-50_Biarmipes84_prenac,7837.0,8911.0,1.0
2024.11.25_17-23-13_Sussex_no_odor,4680.0,4680.0,1.0
2024.11.25_17-23-13_Sussex_no_odor,4683.0,4683.0,1.0
2024.11.25_17-23-13_Sussex_no_odor,4685.0,4685.0,1.0
2024.11.25_17-23-13_Sussex_no_odor,4687.0,4693.0,1.0
2024.11.25_17-23-13_Sussex_no_odor,4695.0,4696.0,1.0
2024.11.25_17-23-13_Sussex_no_odor,4699.0,4705.0,1.0
2024.11.25_17-23-13_Sussex_no_odor,4708.0,4752.0,1.0
2024.11.25_17-23-13_Sussex_no_odor,4754.0,4780.0,1.0
2024.11.25_17-23-13_Sussex_no_odor,4782.0,8921.0,1.0
2024.11.25_17-23-13_Sussex_no_odor,8923.0,8935.0,1.0
2024.11.25_17-23-13_Sussex_no_odor,8937.0,8992.0,1.0
2024.11.25_17-23-13_Sussex_no_odor,8995.0,8997.0,1.0
2024.11.25_17-23-13_Sussex_no_odor,8999.0,8999.0,1.0
2024.10.30_04-42-21_Riverside_metben,2465.0,2757.0,1.0
2024.10.30_04-42-21_Riverside_metben,2759.0,2759.0,1.0
2024.10.30_04-42-21_Riverside_metben,2780.0,3137.0,1.0
2024.10.30_04-42-21_Riverside_metben,3139.0,3144.0,1.0
2024.10.30_04-42-21_Riverside_metben,5261.0,5572.0,1.0
2024.10.30_04-42-21_Riverside_metben,5575.0,5576.0,1.0
2024.10.30_04-42-21_Riverside_metben,5600.0,6391.0,1.0
2024.10.30_04-42-21_Riverside_metben,6393.0,6432.0,1.0
2024.10.30_04-42-21_Riverside_metben,6435.0,6441.0,1.0
2024.10.30_04-42-21_Riverside_metben,6443.0,6443.0,1.0
2024.10.30_04-42-21_Riverside_metben,6445.0,6567.0,1.0
2024.10.30_04-42-21_Riverside_metben,6569.0,6571.0,1.0
2024.10.30_04-42-21_Riverside_metben,6573.0,6578.0,1.0
2024.10.30_04-42-21_Riverside_metben,6581.0,6584.0,1.0
2024.10.30_04-42-21_Riverside_metben,6588.0,6588.0,1.0
2024.10.30_04-42-21_Riverside_metben,6590.0,6590.0,1.0
2024.10.30_04-42-21_Riverside_metben,6593.0,6594.0,1.0
2024.10.30_04-42-21_Riverside_metben,6601.0,6601.0,1.0
2024.10.30_04-42-21_Riverside_metben,6605.0,6609.0,1.0
2024.10.30_04-42-21_Riverside_metben,6611.0,6612.0,1.0
2024.10.30_04-42-21_Riverside_metben,6617.0,6617.0,1.0
2024.10.30_04-42-21_Riverside_metben,6622.0,6622.0,1.0
2024.10.30_04-42-21_Riverside_metben,6625.0,6625.0,1.0
2024.10.30_04-42-21_Riverside_metben,6628.0,6628.0,1.0
2024.10.30_04-42-21_Riverside_metben,6632.0,6632.0,1.0
2024.10.30_04-42-21_Riverside_metben,6635.0,6636.0,1.0
2024.10.30_04-42-21_Riverside_metben,6639.0,6641.0,1.0
2024.10.30_04-42-21_Riverside_metben,6653.0,6653.0,1.0
2024.10.30_04-42-21_Riverside_metben,6687.0,6687.0,1.0
2024.10.30_04-42-21_Riverside_metben,6692.0,6692.0,1.0
2024.10.30_04-42-21_Riverside_metben,6696.0,6697.0,1.0
2024.10.30_04-42-21_Riverside_metben,6701.0,6701.0,1.0
2024.10.30_04-42-21_Riverside_metben,6705.0,6706.0,1.0
2024.10.30_04-42-21_Riverside_metben,6708.0,6708.0,1.0
2024.10.30_04-42-21_Riverside_metben,6710.0,6710.0,1.0
2024.10.30_04-42-21_Riverside_metben,6712.0,6714.0,1.0
2024.10.30_04-42-21_Riverside_metben,6718.0,6719.0,1.0
2024.10.30_04-42-21_Riverside_metben,6721.0,6722.0,1.0
2024.10.30_04-42-21_Riverside_metben,6725.0,6725.0,1.0
2024.10.30_04-42-21_Riverside_metben,6728.0,6729.0,1.0
2024.10.30_04-42-21_Riverside_metben,6734.0,6734.0,1.0
2024.10.30_04-42-21_Riverside_metben,6737.0,6737.0,1.0
2024.10.30_04-42-21_Riverside_metben,6740.0,6741.0,1.0
2024.10.30_04-42-21_Riverside_metben,6751.0,6751.0,1.0
2024.10.30_04-42-21_Riverside_metben,6755.0,6755.0,1.0
2024.10.30_04-42-21_Riverside_metben,6759.0,6759.0,1.0
2024.10.30_04-42-21_Riverside_metben,6761.0,6762.0,1.0
2024.10.30_04-42-21_Riverside_metben,6764.0,6764.0,1.0
2024.10.30_04-42-21_Riverside_metben,6767.0,6768.0,1.0
2024.10.30_04-42-21_Riverside_metben,6771.0,6774.0,1.0
2024.10.30_04-42-21_Riverside_metben,6777.0,6779.0,1.0
2024.10.30_04-42-21_Riverside_metben,6782.0,6784.0,1.0
2024.10.30_04-42-21_Riverside_metben,6787.0,6789.0,1.0
2024.10.30_04-42-21_Riverside_metben,6791.0,6794.0,1.0
2024.10.30_04-42-21_Riverside_metben,6796.0,6797.0,1.0
2024.10.30_04-42-21_Riverside_metben,6799.0,6804.0,1.0
2024.10.30_04-42-21_Riverside_metben,6807.0,6807.0,1.0
2024.10.30_04-42-21_Riverside_metben,6810.0,6810.0,1.0
2024.10.30_04-42-21_Riverside_metben,6812.0,6813.0,1.0
2024.10.30_04-42-21_Riverside_metben,6815.0,6817.0,1.0
2024.10.30_04-42-21_Riverside_metben,6819.0,8356.0,1.0
2024.10.30_04-42-21_Riverside_metben,8358.0,8535.0,1.0
2024.10.30_04-42-21_Riverside_metben,8537.0,8614.0,1.0
2024.10.30_04-42-21_Riverside_metben,8616.0,8820.0,1.0
2024.10.30_04-42-21_Riverside_metben,8822.0,8959.0,1.0
2024.10.24_12-10-34_Biarmipes84_prenac,3433.0,3496.0,1.0
2024.10.24_12-10-34_Biarmipes84_prenac,3498.0,3530.0,1.0
2024.10.24_12-10-34_Biarmipes84_prenac,3532.0,3552.0,1.0
2024.10.24_12-10-34_Biarmipes84_prenac,3554.0,3559.0,1.0
2024.10.24_12-10-34_Biarmipes84_prenac,3561.0,3620.0,1.0
2024.10.24_12-10-34_Biarmipes84_prenac,3622.0,3702.0,1.0
2024.10.24_12-10-34_Biarmipes84_prenac,3705.0,3715.0,1.0
2024.10.24_12-10-34_Biarmipes84_prenac,3717.0,3734.0,1.0
2024.10.24_12-10-34_Biarmipes84_prenac,3736.0,3814.0,1.0
2024.10.24_12-10-34_Biarmipes84_prenac,3816.0,3827.0,1.0
2024.10.24_12-10-34_Biarmipes84_prenac,3829.0,3862.0,1.0
2024.10.24_12-10-34_Biarmipes84_prenac,3864.0,3879.0,1.0
2024.10.24_12-10-34_Biarmipes84_prenac,3881.0,3912.0,1.0
2024.10.24_12-10-34_Biarmipes84_prenac,3914.0,3916.0,1.0
2024.10.24_12-10-34_Biarmipes84_prenac,3918.0,3918.0,1.0
2024.10.24_12-10-34_Biarmipes84_prenac,3920.0,3922.0,1.0
2024.10.24_12-10-34_Biarmipes84_prenac,3925.0,3925.0,1.0
2024.10.24_12-10-34_Biarmipes84_prenac,3927.0,3927.0,1.0
2024.10.24_12-10-34_Biarmipes84_prenac,3929.0,3938.0,1.0
2024.10.24_12-10-34_Biarmipes84_prenac,3942.0,3942.0,1.0
2024.10.24_12-10-34_Biarmipes84_prenac,3945.0,3945.0,1.0
2024.10.24_12-10-34_Biarmipes84_prenac,3949.0,3950.0,1.0
2024.10.24_12-10-34_Biarmipes84_prenac,3955.0,3955.0,1.0
2024.10.24_12-10-34_Biarmipes84_prenac,3962.0,3962.0,1.0
2024.10.24_12-10-34_Biarmipes84_prenac,3965.0,3965.0,1.0
2024.10.24_12-10-34_Biarmipes84_prenac,3967.0,3967.0,1.0
2024.10.24_12-10-34_Biarmipes84_prenac,3985.0,3986.0,1.0
2024.10.24_12-10-34_Biarmipes84_prenac,3994.0,3994.0,1.0
2024.10.24_12-10-34_Biarmipes84_prenac,3999.0,3999.0,1.0
2024.10.24_12-10-34_Biarmipes84_prenac,4001.0,4002.0,1.0
2024.10.24_12-10-34_Biarmipes84_prenac,4004.0,4004.0,1.0
2024.10.24_12-10-34_Biarmipes84_prenac,4007.0,4007.0,1.0
2024.10.24_12-10-34_Biarmipes84_prenac,4017.0,4017.0,1.0
2024.10.24_12-10-34_Biarmipes84_prenac,4021.0,4021.0,1.0
2024.10.24_12-10-34_Biarmipes84_prenac,4024.0,4024.0,1.0
2024.10.24_12-10-34_Biarmipes84_prenac,4026.0,4026.0,1.0
2024.10.24_12-10-34_Biarmipes84_prenac,4028.0,4028.0,1.0
2024.10.24_12-10-34_Biarmipes84_prenac,4033.0,4034.0,1.0
2024.10.24_12-10-34_Biarmipes84_prenac,4048.0,4048.0,1.0
2024.10.24_12-10-34_Biarmipes84_prenac,4051.0,4051.0,1.0
2024.10.24_12-10-34_Biarmipes84_prenac,4055.0,4055.0,1.0
2024.10.24_12-10-34_Biarmipes84_prenac,4057.0,4057.0,1.0
2024.10.24_12-10-34_Biarmipes84_prenac,4060.0,4060.0,1.0
2024.10.24_12-10-34_Biarmipes84_prenac,4067.0,4070.0,1.0
2024.10.24_12-10-34_Biarmipes84_prenac,4072.0,4072.0,1.0
2024.10.24_12-10-34_Biarmipes84_prenac,4074.0,4074.0,1.0
2024.10.24_12-10-34_Biarmipes84_prenac,4076.0,4076.0,1.0
2024.10.24_12-10-34_Biarmipes84_prenac,4082.0,4085.0,1.0
2024.10.24_12-10-34_Biarmipes84_prenac,4090.0,4090.0,1.0
2024.10.24_12-10-34_Biarmipes84_prenac,4093.0,4093.0,1.0
2024.10.24_12-10-34_Biarmipes84_prenac,4095.0,4095.0,1.0
2024.10.24_12-10-34_Biarmipes84_prenac,4111.0,4111.0,1.0
2024.10.24_12-10-34_Biarmipes84_prenac,4113.0,4114.0,1.0
2024.10.24_12-10-34_Biarmipes84_prenac,4120.0,4120.0,1.0
2024.10.24_12-10-34_Biarmipes84_prenac,4127.0,4127.0,1.0
2024.10.24_12-10-34_Biarmipes84_prenac,4135.0,4135.0,1.0
2024.10.24_12-10-34_Biarmipes84_prenac,4142.0,4142.0,1.0
2024.10.24_12-10-34_Biarmipes84_prenac,4148.0,4148.0,1.0
2024.10.24_12-10-34_Biarmipes84_prenac,4153.0,4153.0,1.0
2024.10.24_12-10-34_Biarmipes84_prenac,4156.0,4157.0,1.0
2024.10.24_12-10-34_Biarmipes84_prenac,4159.0,4160.0,1.0
2024.10.24_12-10-34_Biarmipes84_prenac,4163.0,4163.0,1.0
2024.10.24_12-10-34_Biarmipes84_prenac,4167.0,4167.0,1.0
2024.10.24_12-10-34_Biarmipes84_prenac,4172.0,4173.0,1.0
2024.10.24_12-10-34_Biarmipes84_prenac,4179.0,4179.0,1.0
2024.10.24_12-10-34_Biarmipes84_prenac,4182.0,4182.0,1.0
2024.10.24_12-10-34_Biarmipes84_prenac,4189.0,4190.0,1.0
2024.10.24_12-10-34_Biarmipes84_prenac,4192.0,4198.0,1.0
2024.10.24_12-10-34_Biarmipes84_prenac,4200.0,4200.0,1.0
2024.10.24_12-10-34_Biarmipes84_prenac,4203.0,4203.0,1.0
2024.10.24_12-10-34_Biarmipes84_prenac,4205.0,4205.0,1.0
2024.10.24_12-10-34_Biarmipes84_prenac,4207.0,4207.0,1.0
2024.10.24_12-10-34_Biarmipes84_prenac,4212.0,4213.0,1.0
2024.10.24_12-10-34_Biarmipes84_prenac,4215.0,4215.0,1.0
2024.10.24_12-10-34_Biarmipes84_prenac,4217.0,4219.0,1.0
2024.10.24_12-10-34_Biarmipes84_prenac,4221.0,4226.0,1.0
2024.10.24_12-10-34_Biarmipes84_prenac,4228.0,4228.0,1.0
2024.10.24_12-10-34_Biarmipes84_prenac,4230.0,4230.0,1.0
2024.10.24_12-10-34_Biarmipes84_prenac,4234.0,4235.0,1.0
2024.10.24_12-10-34_Biarmipes84_prenac,4237.0,4238.0,1.0
2024.10.24_12-10-34_Biarmipes84_prenac,4240.0,4240.0,1.0
2024.10.24_12-10-34_Biarmipes84_prenac,4242.0,4242.0,1.0
2024.10.24_12-10-34_Biarmipes84_prenac,4247.0,4251.0,1.0
2024.10.24_12-10-34_Biarmipes84_prenac,4253.0,4259.0,1.0
2024.10.24_12-10-34_Biarmipes84_prenac,4261.0,4262.0,1.0
2024.10.24_12-10-34_Biarmipes84_prenac,4265.0,4266.0,1.0
2024.10.24_12-10-34_Biarmipes84_prenac,4268.0,4270.0,1.0
2024.10.24_12-10-34_Biarmipes84_prenac,4273.0,4280.0,1.0
2024.10.24_12-10-34_Biarmipes84_prenac,4282.0,4282.0,1.0
2024.10.24_12-10-34_Biarmipes84_prenac,4284.0,4333.0,1.0
2024.10.24_12-10-34_Biarmipes84_prenac,4335.0,4645.0,1.0
2024.10.24_12-10-34_Biarmipes84_prenac,4647.0,4650.0,1.0
2024.10.24_12-10-34_Biarmipes84_prenac,4653.0,7365.0,1.0
2024.10.24_12-10-34_Biarmipes84_prenac,7367.0,7369.0,1.0
2024.10.24_12-10-34_Biarmipes84_prenac,7371.0,7392.0,1.0
2024.10.24_12-10-34_Biarmipes84_prenac,7394.0,7395.0,1.0
2024.10.24_12-10-34_Biarmipes84_prenac,7397.0,7397.0,1.0
2024.10.24_12-10-34_Biarmipes84_prenac,7401.0,7401.0,1.0
2024.10.24_12-10-34_Biarmipes84_prenac,7405.0,7405.0,1.0
2024.10.24_12-10-34_Biarmipes84_prenac,7407.0,7407.0,1.0
2024.10.24_12-10-34_Biarmipes84_prenac,7409.0,7417.0,1.0
2024.10.24_12-10-34_Biarmipes84_prenac,7421.0,7427.0,1.0
2024.10.24_12-10-34_Biarmipes84_prenac,7429.0,7430.0,1.0
2024.10.24_12-10-34_Biarmipes84_prenac,7435.0,7437.0,1.0
2024.10.24_12-10-34_Biarmipes84_prenac,7441.0,7442.0,1.0
2024.10.24_12-10-34_Biarmipes84_prenac,7445.0,7448.0,1.0
2024.10.24_12-10-34_Biarmipes84_prenac,7451.0,7452.0,1.0
2024.10.24_12-10-34_Biarmipes84_prenac,7454.0,7458.0,1.0
2024.10.24_12-10-34_Biarmipes84_prenac,7461.0,7462.0,1.0
2024.10.24_12-10-34_Biarmipes84_prenac,7464.0,7464.0,1.0
2024.10.24_12-10-34_Biarmipes84_prenac,7466.0,7491.0,1.0
2024.10.24_12-10-34_Biarmipes84_prenac,7493.0,7505.0,1.0
2024.10.24_12-10-34_Biarmipes84_prenac,7507.0,7524.0,1.0
2024.10.24_12-10-34_Biarmipes84_prenac,7526.0,7537.0,1.0
2024.10.24_12-10-34_Biarmipes84_prenac,7540.0,7544.0,1.0
2024.10.24_12-10-34_Biarmipes84_prenac,7546.0,7556.0,1.0
2024.10.24_12-10-34_Biarmipes84_prenac,7558.0,7573.0,1.0
2024.10.24_12-10-34_Biarmipes84_prenac,7575.0,7576.0,1.0
2024.10.24_12-10-34_Biarmipes84_prenac,7579.0,7583.0,1.0
2024.10.24_12-10-34_Biarmipes84_prenac,7586.0,7588.0,1.0
2024.10.24_12-10-34_Biarmipes84_prenac,7590.0,7598.0,1.0
2024.10.24_12-10-34_Biarmipes84_prenac,7600.0,7605.0,1.0
2024.10.24_12-10-34_Biarmipes84_prenac,7608.0,7624.0,1.0
2024.10.24_12-10-34_Biarmipes84_prenac,7626.0,7628.0,1.0
2024.10.24_12-10-34_Biarmipes84_prenac,7630.0,7632.0,1.0
2024.10.24_12-10-34_Biarmipes84_prenac,7634.0,7636.0,1.0
2024.10.24_12-10-34_Biarmipes84_prenac,7638.0,7644.0,1.0
2024.10.24_12-10-34_Biarmipes84_prenac,7646.0,7667.0,1.0
2024.10.24_12-10-34_Biarmipes84_prenac,7669.0,7672.0,1.0
2024.10.24_12-10-34_Biarmipes84_prenac,7674.0,7864.0,1.0
2024.10.24_12-10-34_Biarmipes84_prenac,7871.0,7877.0,1.0
2024.10.24_12-10-34_Biarmipes84_prenac,7879.0,7880.0,1.0
2024.10.24_12-10-34_Biarmipes84_prenac,7882.0,7884.0,1.0
2024.10.24_12-10-34_Biarmipes84_prenac,7886.0,7888.0,1.0
2024.10.24_12-10-34_Biarmipes84_prenac,7890.0,8006.0,1.0
2024.10.24_12-10-34_Biarmipes84_prenac,8009.0,8727.0,1.0
2024.10.31_08-10-47_Biarmipes84_metben,2183.0,2392.0,1.0
2024.10.31_08-10-47_Biarmipes84_metben,3507.0,3619.0,1.0
2024.10.31_08-10-47_Biarmipes84_metben,6115.0,6120.0,1.0
2024.10.31_08-10-47_Biarmipes84_metben,6122.0,6175.0,1.0
2024.10.31_08-10-47_Biarmipes84_metben,6177.0,6398.0,1.0
2024.10.31_08-10-47_Biarmipes84_metben,6400.0,6402.0,1.0
2024.10.31_08-10-47_Biarmipes84_metben,6406.0,6406.0,1.0
2024.10.31_08-10-47_Biarmipes84_metben,6408.0,6417.0,1.0
2024.10.31_08-10-47_Biarmipes84_metben,6419.0,6421.0,1.0
2024.10.31_08-10-47_Biarmipes84_metben,6426.0,6426.0,1.0
2024.10.31_08-10-47_Biarmipes84_metben,6428.0,6428.0,1.0
2024.10.31_08-10-47_Biarmipes84_metben,6431.0,6433.0,1.0
2024.10.31_08-10-47_Biarmipes84_metben,6435.0,6436.0,1.0
2024.10.31_08-10-47_Biarmipes84_metben,6438.0,6440.0,1.0
2024.10.31_08-10-47_Biarmipes84_metben,6442.0,6444.0,1.0
2024.10.31_08-10-47_Biarmipes84_metben,6446.0,6449.0,1.0
2024.10.31_08-10-47_Biarmipes84_metben,6451.0,6455.0,1.0
2024.10.31_08-10-47_Biarmipes84_metben,6457.0,6457.0,1.0
2024.10.31_08-10-47_Biarmipes84_metben,6459.0,6469.0,1.0
2024.10.31_08-10-47_Biarmipes84_metben,6471.0,6477.0,1.0
2024.10.31_08-10-47_Biarmipes84_metben,6479.0,6482.0,1.0
2024.10.31_08-10-47_Biarmipes84_metben,6484.0,6493.0,1.0
2024.10.31_08-10-47_Biarmipes84_metben,6496.0,6499.0,1.0
2024.10.31_08-10-47_Biarmipes84_metben,6501.0,6505.0,1.0
2024.10.31_08-10-47_Biarmipes84_metben,6507.0,6509.0,1.0
2024.10.31_08-10-47_Biarmipes84_metben,6512.0,6516.0,1.0
2024.10.31_08-10-47_Biarmipes84_metben,6519.0,6519.0,1.0
2024.10.31_08-10-47_Biarmipes84_metben,6521.0,6523.0,1.0
2024.10.31_08-10-47_Biarmipes84_metben,6525.0,6539.0,1.0
2024.10.31_08-10-47_Biarmipes84_metben,6541.0,6541.0,1.0
2024.10.31_08-10-47_Biarmipes84_metben,6543.0,6546.0,1.0
2024.10.31_08-10-47_Biarmipes84_metben,6548.0,6555.0,1.0
2024.10.31_08-10-47_Biarmipes84_metben,6557.0,6585.0,1.0
2024.10.31_08-10-47_Biarmipes84_metben,6587.0,6597.0,1.0
2024.10.31_08-10-47_Biarmipes84_metben,6600.0,6600.0,1.0
2024.10.31_08-10-47_Biarmipes84_metben,6602.0,6606.0,1.0
2024.10.31_08-10-47_Biarmipes84_metben,6608.0,6610.0,1.0
2024.10.31_08-10-47_Biarmipes84_metben,6612.0,6612.0,1.0
2024.10.31_08-10-47_Biarmipes84_metben,6617.0,6622.0,1.0
2024.10.31_08-10-47_Biarmipes84_metben,6624.0,6634.0,1.0
2024.10.31_08-10-47_Biarmipes84_metben,6636.0,6819.0,1.0
2024.10.31_08-10-47_Biarmipes84_metben,6821.0,6859.0,1.0
2024.10.31_08-10-47_Biarmipes84_metben,6861.0,6869.0,1.0
2024.10.31_08-10-47_Biarmipes84_metben,6871.0,6872.0,1.0
2024.10.31_08-10-47_Biarmipes84_metben,6875.0,6875.0,1.0
2024.10.31_08-10-47_Biarmipes84_metben,6877.0,6877.0,1.0
2024.10.31_08-10-47_Biarmipes84_metben,6879.0,6888.0,1.0
2024.10.31_08-10-47_Biarmipes84_metben,6890.0,6917.0,1.0
2024.10.31_08-10-47_Biarmipes84_metben,6919.0,8359.0,1.0
2024.11.13_00-19-29_Sussex_e2hex,3.0,1511.0,1.0
2024.11.13_00-19-29_Sussex_e2hex,1513.0,1655.0,1.0
2024.11.13_00-19-29_Sussex_e2hex,1657.0,2055.0,1.0
2024.11.13_00-19-29_Sussex_e2hex,2057.0,2057.0,1.0
2024.11.13_00-19-29_Sussex_e2hex,2075.0,2076.0,1.0
2024.11.13_00-19-29_Sussex_e2hex,2079.0,2079.0,1.0
2024.11.13_00-19-29_Sussex_e2hex,2081.0,2081.0,1.0
2024.11.13_00-19-29_Sussex_e2hex,2083.0,2498.0,1.0
2024.11.13_00-19-29_Sussex_e2hex,2500.0,2522.0,1.0
2024.11.13_00-19-29_Sussex_e2hex,2525.0,2543.0,1.0
2024.11.13_00-19-29_Sussex_e2hex,8408.0,8408.0,1.0
2024.11.13_00-19-29_Sussex_e2hex,8410.0,8411.0,1.0
2024.11.13_00-19-29_Sussex_e2hex,8413.0,8414.0,1.0
2024.11.13_00-19-29_Sussex_e2hex,8416.0,8417.0,1.0
2024.11.13_00-19-29_Sussex_e2hex,8419.0,8439.0,1.0
2024.11.13_00-19-29_Sussex_e2hex,8442.0,8473.0,1.0
2024.11.13_00-19-29_Sussex_e2hex,8475.0,8492.0,1.0
2024.11.13_00-19-29_Sussex_e2hex,8494.0,8999.0,1.0
2024.10.23_07-43-37_Biarmipes84_prenac,7988.0,7988.0,1.0
2024.10.23_07-43-37_Biarmipes84_prenac,7990.0,7991.0,1.0
2024.10.23_07-43-37_Biarmipes84_prenac,7994.0,7994.0,1.0
2024.10.23_07-43-37_Biarmipes84_prenac,7998.0,8003.0,1.0
2024.10.23_07-43-37_Biarmipes84_prenac,8005.0,8013.0,1.0
2024.10.23_07-43-37_Biarmipes84_prenac,8015.0,8015.0,1.0
2024.10.23_07-43-37_Biarmipes84_prenac,8017.0,8017.0,1.0
2024.10.23_07-43-37_Biarmipes84_prenac,8019.0,8019.0,1.0
2024.10.23_07-43-37_Biarmipes84_prenac,8022.0,8025.0,1.0
2024.10.23_07-43-37_Biarmipes84_prenac,8028.0,8028.0,1.0
2024.10.23_07-43-37_Biarmipes84_prenac,8033.0,8036.0,1.0
2024.10.23_07-43-37_Biarmipes84_prenac,8038.0,8040.0,1.0
2024.10.23_07-43-37_Biarmipes84_prenac,8043.0,8910.0,1.0
2024.12.19_16-11-58_Sto_car_2hex,5848.0,5859.0,1.0
2024.12.19_16-11-58_Sto_car_2hex,5865.0,5993.0,1.0
2024.12.19_16-11-58_Sto_car_2hex,6093.0,6096.0,1.0
2024.12.19_16-11-58_Sto_car_2hex,6098.0,6098.0,1.0
2024.12.19_16-11-58_Sto_car_2hex,6100.0,6102.0,1.0
2024.12.19_16-11-58_Sto_car_2hex,6104.0,6132.0,1.0
2024.12.19_16-11-58_Sto_car_2hex,6134.0,7186.0,1.0
2024.12.19_16-11-58_Sto_car_2hex,7188.0,7189.0,1.0
2024.12.19_16-11-58_Sto_car_2hex,7218.0,7219.0,1.0
2024.12.19_16-11-58_Sto_car_2hex,7228.0,8167.0,1.0
2024.12.19_16-11-58_Sto_car_2hex,8169.0,8169.0,1.0
2024.12.19_16-11-58_Sto_car_2hex,8174.0,8214.0,1.0
2024.12.19_16-11-58_Sto_car_2hex,8216.0,8216.0,1.0
2024.12.19_16-11-58_Sto_car_2hex,8218.0,8219.0,1.0
2024.12.19_16-11-58_Sto_car_2hex,8221.0,8224.0,1.0
2024.12.19_16-11-58_Sto_car_2hex,8230.0,8998.0,1.0
2024.10.10_13-41-00_Biarmipes84_1hexanol,46.0,68.0,1.0
2024.10.10_13-41-00_Biarmipes84_1hexanol,7345.0,7345.0,1.0
2024.10.10_13-41-00_Biarmipes84_1hexanol,7347.0,7559.0,1.0
2024.10.10_13-41-00_Biarmipes84_1hexanol,7561.0,7588.0,1.0
2024.10.10_13-41-00_Biarmipes84_1hexanol,7590.0,7611.0,1.0
2024.10.10_13-41-00_Biarmipes84_1hexanol,7613.0,7642.0,1.0
2024.10.10_13-41-00_Biarmipes84_1hexanol,7644.0,7665.0,1.0
2024.10.10_13-41-00_Biarmipes84_1hexanol,7674.0,8503.0,1.0
2024.10.10_13-41-00_Biarmipes84_1hexanol,8505.0,8995.0,1.0
2024.10.23_08-17-31_Biarmipes84_prenac,3.0,2651.0,1.0
2024.10.23_08-17-31_Biarmipes84_prenac,2653.0,2684.0,1.0
2024.10.23_08-17-31_Biarmipes84_prenac,2686.0,2938.0,1.0
2024.10.23_08-17-31_Biarmipes84_prenac,2940.0,2943.0,1.0
2024.10.23_08-17-31_Biarmipes84_prenac,2945.0,2947.0,1.0
2024.10.23_08-17-31_Biarmipes84_prenac,2949.0,2951.0,1.0
2024.10.23_08-17-31_Biarmipes84_prenac,2953.0,2973.0,1.0
2024.10.23_08-17-31_Biarmipes84_prenac,2975.0,2976.0,1.0
2024.10.23_08-17-31_Biarmipes84_prenac,2978.0,2988.0,1.0
2024.10.23_08-17-31_Biarmipes84_prenac,2990.0,2997.0,1.0
2024.10.23_08-17-31_Biarmipes84_prenac,2999.0,3041.0,1.0
2024.10.23_08-17-31_Biarmipes84_prenac,3043.0,3043.0,1.0
2024.10.23_08-17-31_Biarmipes84_prenac,3045.0,3047.0,1.0
2024.10.23_08-17-31_Biarmipes84_prenac,3049.0,3049.0,1.0
2024.10.23_08-17-31_Biarmipes84_prenac,3052.0,3053.0,1.0
2024.10.23_08-17-31_Biarmipes84_prenac,3055.0,3055.0,1.0
2024.10.23_08-17-31_Biarmipes84_prenac,3057.0,3058.0,1.0
2024.10.23_08-17-31_Biarmipes84_prenac,3060.0,3064.0,1.0
2024.10.23_08-17-31_Biarmipes84_prenac,3066.0,3066.0,1.0
2024.10.23_08-17-31_Biarmipes84_prenac,3068.0,3070.0,1.0
2024.10.23_08-17-31_Biarmipes84_prenac,3072.0,3072.0,1.0
2024.10.23_08-17-31_Biarmipes84_prenac,3074.0,3452.0,1.0
2024.10.23_08-17-31_Biarmipes84_prenac,3454.0,3462.0,1.0
2024.10.23_08-17-31_Biarmipes84_prenac,3464.0,3469.0,1.0
2024.10.23_08-17-31_Biarmipes84_prenac,3471.0,3480.0,1.0
2024.10.23_08-17-31_Biarmipes84_prenac,3482.0,3486.0,1.0
2024.10.23_08-17-31_Biarmipes84_prenac,3489.0,3496.0,1.0
2024.10.23_08-17-31_Biarmipes84_prenac,3498.0,3500.0,1.0
2024.10.23_08-17-31_Biarmipes84_prenac,3502.0,3509.0,1.0
2024.10.23_08-17-31_Biarmipes84_prenac,3511.0,3521.0,1.0
2024.10.23_08-17-31_Biarmipes84_prenac,3523.0,3524.0,1.0
2024.10.23_08-17-31_Biarmipes84_prenac,3527.0,3527.0,1.0
2024.10.23_08-17-31_Biarmipes84_prenac,3530.0,3536.0,1.0
2024.10.23_08-17-31_Biarmipes84_prenac,3538.0,3562.0,1.0
2024.10.23_08-17-31_Biarmipes84_prenac,3564.0,3567.0,1.0
2024.10.23_08-17-31_Biarmipes84_prenac,3569.0,3582.0,1.0
2024.10.23_08-17-31_Biarmipes84_prenac,3584.0,3585.0,1.0
2024.10.23_08-17-31_Biarmipes84_prenac,3587.0,3589.0,1.0
2024.10.23_08-17-31_Biarmipes84_prenac,3591.0,3617.0,1.0
2024.10.23_08-17-31_Biarmipes84_prenac,3619.0,3656.0,1.0
2024.10.23_08-17-31_Biarmipes84_prenac,3658.0,3658.0,1.0
2024.10.23_08-17-31_Biarmipes84_prenac,3662.0,3677.0,1.0
2024.10.23_08-17-31_Biarmipes84_prenac,3681.0,3685.0,1.0
2024.10.23_08-17-31_Biarmipes84_prenac,3687.0,3690.0,1.0
2024.10.23_08-17-31_Biarmipes84_prenac,3692.0,3695.0,1.0
2024.10.23_08-17-31_Biarmipes84_prenac,3697.0,3702.0,1.0
2024.10.23_08-17-31_Biarmipes84_prenac,3704.0,3705.0,1.0
2024.10.23_08-17-31_Biarmipes84_prenac,3707.0,3707.0,1.0
2024.10.23_08-17-31_Biarmipes84_prenac,3709.0,3722.0,1.0
2024.10.23_08-17-31_Biarmipes84_prenac,3724.0,3751.0,1.0
2024.10.23_08-17-31_Biarmipes84_prenac,3755.0,3756.0,1.0
2024.10.23_08-17-31_Biarmipes84_prenac,3758.0,3778.0,1.0
2024.10.23_08-17-31_Biarmipes84_prenac,3781.0,3951.0,1.0
2024.10.23_08-17-31_Biarmipes84_prenac,3953.0,3974.0,1.0
2024.10.23_08-17-31_Biarmipes84_prenac,3977.0,3978.0,1.0
2024.10.23_08-17-31_Biarmipes84_prenac,3980.0,3982.0,1.0
2024.10.23_08-17-31_Biarmipes84_prenac,3986.0,3987.0,1.0
2024.10.23_08-17-31_Biarmipes84_prenac,3990.0,3990.0,1.0
2024.10.23_08-17-31_Biarmipes84_prenac,3992.0,3993.0,1.0
2024.10.23_08-17-31_Biarmipes84_prenac,3996.0,3997.0,1.0
2024.10.23_08-17-31_Biarmipes84_prenac,4003.0,4004.0,1.0
2024.10.23_08-17-31_Biarmipes84_prenac,4006.0,4006.0,1.0
2024.10.23_08-17-31_Biarmipes84_prenac,4021.0,4021.0,1.0
2024.10.23_08-17-31_Biarmipes84_prenac,4023.0,4023.0,1.0
2024.10.23_08-17-31_Biarmipes84_prenac,4029.0,4029.0,1.0
2024.10.23_08-17-31_Biarmipes84_prenac,4032.0,4034.0,1.0
2024.10.23_08-17-31_Biarmipes84_prenac,4036.0,4036.0,1.0
2024.10.23_08-17-31_Biarmipes84_prenac,4039.0,4040.0,1.0
2024.10.23_08-17-31_Biarmipes84_prenac,4044.0,4047.0,1.0
2024.10.23_08-17-31_Biarmipes84_prenac,4050.0,4051.0,1.0
2024.10.23_08-17-31_Biarmipes84_prenac,4054.0,4056.0,1.0
2024.10.23_08-17-31_Biarmipes84_prenac,4058.0,4059.0,1.0
2024.10.23_08-17-31_Biarmipes84_prenac,4062.0,4062.0,1.0
2024.10.23_08-17-31_Biarmipes84_prenac,4065.0,4076.0,1.0
2024.10.23_08-17-31_Biarmipes84_prenac,4078.0,4081.0,1.0
2024.10.23_08-17-31_Biarmipes84_prenac,4084.0,4094.0,1.0
2024.10.23_08-17-31_Biarmipes84_prenac,4096.0,4096.0,1.0
2024.10.23_08-17-31_Biarmipes84_prenac,4098.0,4099.0,1.0
2024.10.23_08-17-31_Biarmipes84_prenac,4103.0,4108.0,1.0
2024.10.23_08-17-31_Biarmipes84_prenac,4110.0,4119.0,1.0
2024.10.23_08-17-31_Biarmipes84_prenac,4121.0,4121.0,1.0
2024.10.23_08-17-31_Biarmipes84_prenac,4124.0,4131.0,1.0
2024.10.23_08-17-31_Biarmipes84_prenac,4133.0,4136.0,1.0
2024.10.23_08-17-31_Biarmipes84_prenac,4138.0,4176.0,1.0
2024.10.23_08-17-31_Biarmipes84_prenac,4178.0,4221.0,1.0
2024.10.23_08-17-31_Biarmipes84_prenac,4223.0,4230.0,1.0
2024.10.23_08-17-31_Biarmipes84_prenac,4233.0,4244.0,1.0
2024.10.23_08-17-31_Biarmipes84_prenac,4246.0,4247.0,1.0
2024.10.23_08-17-31_Biarmipes84_prenac,4249.0,4260.0,1.0
2024.10.23_08-17-31_Biarmipes84_prenac,4262.0,4269.0,1.0
2024.10.23_08-17-31_Biarmipes84_prenac,4271.0,4282.0,1.0
2024.10.23_08-17-31_Biarmipes84_prenac,4284.0,4317.0,1.0
2024.10.23_08-17-31_Biarmipes84_prenac,4319.0,4319.0,1.0
2024.10.23_08-17-31_Biarmipes84_prenac,4321.0,4360.0,1.0
2024.10.23_08-17-31_Biarmipes84_prenac,4362.0,4382.0,1.0
2024.10.23_08-17-31_Biarmipes84_prenac,4384.0,4412.0,1.0
2024.10.23_08-17-31_Biarmipes84_prenac,4414.0,4469.0,1.0
2024.10.23_08-17-31_Biarmipes84_prenac,4471.0,4502.0,1.0
2024.10.23_08-17-31_Biarmipes84_prenac,4504.0,4505.0,1.0
2024.10.23_08-17-31_Biarmipes84_prenac,4508.0,4523.0,1.0
2024.10.23_08-17-31_Biarmipes84_prenac,4525.0,4650.0,1.0
2024.10.23_08-17-31_Biarmipes84_prenac,4652.0,4652.0,1.0
2024.10.23_08-17-31_Biarmipes84_prenac,4654.0,4657.0,1.0
2024.10.23_08-17-31_Biarmipes84_prenac,4659.0,4659.0,1.0
2024.10.23_08-17-31_Biarmipes84_prenac,4662.0,4664.0,1.0
2024.10.23_08-17-31_Biarmipes84_prenac,4666.0,4667.0,1.0
2024.10.23_08-17-31_Biarmipes84_prenac,4669.0,4674.0,1.0
2024.10.23_08-17-31_Biarmipes84_prenac,4676.0,4676.0,1.0
2024.10.23_08-17-31_Biarmipes84_prenac,4679.0,4681.0,1.0
2024.10.23_08-17-31_Biarmipes84_prenac,4683.0,4683.0,1.0
2024.10.23_08-17-31_Biarmipes84_prenac,4685.0,4697.0,1.0
2024.10.23_08-17-31_Biarmipes84_prenac,4699.0,4703.0,1.0
2024.10.23_08-17-31_Biarmipes84_prenac,4709.0,4722.0,1.0
2024.10.23_08-17-31_Biarmipes84_prenac,4726.0,4727.0,1.0
2024.10.23_08-17-31_Biarmipes84_prenac,4730.0,4730.0,1.0
2024.10.23_08-17-31_Biarmipes84_prenac,4735.0,4735.0,1.0
2024.10.23_08-17-31_Biarmipes84_prenac,4739.0,4740.0,1.0
2024.10.23_08-17-31_Biarmipes84_prenac,4742.0,4742.0,1.0
2024.10.23_08-17-31_Biarmipes84_prenac,4747.0,4747.0,1.0
2024.10.23_08-17-31_Biarmipes84_prenac,4751.0,4751.0,1.0
2024.10.23_08-17-31_Biarmipes84_prenac,4758.0,4760.0,1.0
2024.10.23_08-17-31_Biarmipes84_prenac,4762.0,4765.0,1.0
2024.10.23_08-17-31_Biarmipes84_prenac,4771.0,4772.0,1.0
2024.10.23_08-17-31_Biarmipes84_prenac,4810.0,4810.0,1.0
2024.10.23_08-17-31_Biarmipes84_prenac,4822.0,4822.0,1.0
2024.10.23_08-17-31_Biarmipes84_prenac,4825.0,4826.0,1.0
2024.10.23_08-17-31_Biarmipes84_prenac,4828.0,4828.0,1.0
2024.10.23_08-17-31_Biarmipes84_prenac,4831.0,4831.0,1.0
2024.10.23_08-17-31_Biarmipes84_prenac,4837.0,4837.0,1.0
2024.10.23_08-17-31_Biarmipes84_prenac,4840.0,4841.0,1.0
2024.10.23_08-17-31_Biarmipes84_prenac,4843.0,4843.0,1.0
2024.10.23_08-17-31_Biarmipes84_prenac,4845.0,4848.0,1.0
2024.10.23_08-17-31_Biarmipes84_prenac,4850.0,4850.0,1.0
2024.10.23_08-17-31_Biarmipes84_prenac,4853.0,4868.0,1.0
2024.10.23_08-17-31_Biarmipes84_prenac,4870.0,4873.0,1.0
2024.10.23_08-17-31_Biarmipes84_prenac,4876.0,4876.0,1.0
2024.10.23_08-17-31_Biarmipes84_prenac,4878.0,4879.0,1.0
2024.10.23_08-17-31_Biarmipes84_prenac,4881.0,4881.0,1.0
2024.10.23_08-17-31_Biarmipes84_prenac,4883.0,4892.0,1.0
2024.10.23_08-17-31_Biarmipes84_prenac,4894.0,4896.0,1.0
2024.10.23_08-17-31_Biarmipes84_prenac,4898.0,4899.0,1.0
2024.10.23_08-17-31_Biarmipes84_prenac,4901.0,4901.0,1.0
2024.10.23_08-17-31_Biarmipes84_prenac,4903.0,4904.0,1.0
2024.10.23_08-17-31_Biarmipes84_prenac,4908.0,4909.0,1.0
2024.10.23_08-17-31_Biarmipes84_prenac,4911.0,4911.0,1.0
2024.10.23_08-17-31_Biarmipes84_prenac,4914.0,4916.0,1.0
2024.10.23_08-17-31_Biarmipes84_prenac,4919.0,4924.0,1.0
2024.10.23_08-17-31_Biarmipes84_prenac,4927.0,4927.0,1.0
2024.10.23_08-17-31_Biarmipes84_prenac,4930.0,4930.0,1.0
2024.10.23_08-17-31_Biarmipes84_prenac,4933.0,4935.0,1.0
2024.10.23_08-17-31_Biarmipes84_prenac,4937.0,4940.0,1.0
2024.10.23_08-17-31_Biarmipes84_prenac,4942.0,4944.0,1.0
2024.10.23_08-17-31_Biarmipes84_prenac,4946.0,4946.0,1.0
2024.10.23_08-17-31_Biarmipes84_prenac,4948.0,4948.0,1.0
2024.10.23_08-17-31_Biarmipes84_prenac,4950.0,4950.0,1.0
2024.10.23_08-17-31_Biarmipes84_prenac,4953.0,4954.0,1.0
2024.10.23_08-17-31_Biarmipes84_prenac,4956.0,4959.0,1.0
2024.10.23_08-17-31_Biarmipes84_prenac,4964.0,4965.0,1.0
2024.10.23_08-17-31_Biarmipes84_prenac,4967.0,5180.0,1.0
2024.10.23_08-17-31_Biarmipes84_prenac,5182.0,5303.0,1.0
2024.10.23_08-17-31_Biarmipes84_prenac,5305.0,5387.0,1.0
2024.10.23_08-17-31_Biarmipes84_prenac,5389.0,5445.0,1.0
2024.10.23_08-17-31_Biarmipes84_prenac,5447.0,5456.0,1.0
2024.10.23_08-17-31_Biarmipes84_prenac,5458.0,5511.0,1.0
2024.10.23_08-17-31_Biarmipes84_prenac,5513.0,5541.0,1.0
2024.10.23_08-17-31_Biarmipes84_prenac,5544.0,5545.0,1.0
2024.10.23_08-17-31_Biarmipes84_prenac,5547.0,5547.0,1.0
2024.10.23_08-17-31_Biarmipes84_prenac,5549.0,5549.0,1.0
2024.10.23_08-17-31_Biarmipes84_prenac,5551.0,5551.0,1.0
2024.10.23_08-17-31_Biarmipes84_prenac,5559.0,5572.0,1.0
2024.10.23_08-17-31_Biarmipes84_prenac,5574.0,5588.0,1.0
2024.10.23_08-17-31_Biarmipes84_prenac,5590.0,5591.0,1.0
2024.10.23_08-17-31_Biarmipes84_prenac,5593.0,5610.0,1.0
2024.10.23_08-17-31_Biarmipes84_prenac,5612.0,5615.0,1.0
2024.10.23_08-17-31_Biarmipes84_prenac,5618.0,5627.0,1.0
2024.10.23_08-17-31_Biarmipes84_prenac,5629.0,5630.0,1.0
2024.10.23_08-17-31_Biarmipes84_prenac,5632.0,5636.0,1.0
2024.10.23_08-17-31_Biarmipes84_prenac,5640.0,5640.0,1.0
2024.10.23_08-17-31_Biarmipes84_prenac,5642.0,5656.0,1.0
2024.10.23_08-17-31_Biarmipes84_prenac,5660.0,5664.0,1.0
2024.10.23_08-17-31_Biarmipes84_prenac,5670.0,5677.0,1.0
2024.10.23_08-17-31_Biarmipes84_prenac,5679.0,5681.0,1.0
2024.10.23_08-17-31_Biarmipes84_prenac,5683.0,5692.0,1.0
2024.10.23_08-17-31_Biarmipes84_prenac,5694.0,5742.0,1.0
2024.10.23_08-17-31_Biarmipes84_prenac,5748.0,5748.0,1.0
2024.10.23_08-17-31_Biarmipes84_prenac,5750.0,5751.0,1.0
2024.10.23_08-17-31_Biarmipes84_prenac,5754.0,5757.0,1.0
2024.10.23_08-17-31_Biarmipes84_prenac,5767.0,5771.0,1.0
2024.10.23_08-17-31_Biarmipes84_prenac,5773.0,5773.0,1.0
2024.10.23_08-17-31_Biarmipes84_prenac,5775.0,5778.0,1.0
2024.10.23_08-17-31_Biarmipes84_prenac,5780.0,5781.0,1.0
2024.10.23_08-17-31_Biarmipes84_prenac,5790.0,5790.0,1.0
2024.10.23_08-17-31_Biarmipes84_prenac,5792.0,5793.0,1.0
2024.10.23_08-17-31_Biarmipes84_prenac,5797.0,5801.0,1.0
2024.10.23_08-17-31_Biarmipes84_prenac,5803.0,5809.0,1.0
2024.10.23_08-17-31_Biarmipes84_prenac,5816.0,5821.0,1.0
2024.10.23_08-17-31_Biarmipes84_prenac,5823.0,5823.0,1.0
2024.10.23_08-17-31_Biarmipes84_prenac,5827.0,5827.0,1.0
2024.10.23_08-17-31_Biarmipes84_prenac,5834.0,5844.0,1.0
2024.10.23_08-17-31_Biarmipes84_prenac,5846.0,5847.0,1.0
2024.10.23_08-17-31_Biarmipes84_prenac,5849.0,5849.0,1.0
2024.10.23_08-17-31_Biarmipes84_prenac,5854.0,5855.0,1.0
2024.10.23_08-17-31_Biarmipes84_prenac,5863.0,5863.0,1.0
2024.10.23_08-17-31_Biarmipes84_prenac,5865.0,5865.0,1.0
2024.10.23_08-17-31_Biarmipes84_prenac,5867.0,5868.0,1.0
2024.10.23_08-17-31_Biarmipes84_prenac,5871.0,5871.0,1.0
2024.10.23_08-17-31_Biarmipes84_prenac,5874.0,5897.0,1.0
2024.10.23_08-17-31_Biarmipes84_prenac,5903.0,5903.0,1.0
2024.10.23_08-17-31_Biarmipes84_prenac,5905.0,5906.0,1.0
2024.10.23_08-17-31_Biarmipes84_prenac,5910.0,5911.0,1.0
2024.10.23_08-17-31_Biarmipes84_prenac,5914.0,5915.0,1.0
2024.10.23_08-17-31_Biarmipes84_prenac,5917.0,5920.0,1.0
2024.10.23_08-17-31_Biarmipes84_prenac,5922.0,5938.0,1.0
2024.10.23_08-17-31_Biarmipes84_prenac,5941.0,5942.0,1.0
2024.10.23_08-17-31_Biarmipes84_prenac,5944.0,5945.0,1.0
2024.10.23_08-17-31_Biarmipes84_prenac,5947.0,5954.0,1.0
2024.10.23_08-17-31_Biarmipes84_prenac,5957.0,5958.0,1.0
2024.10.23_08-17-31_Biarmipes84_prenac,5968.0,5969.0,1.0
2024.10.23_08-17-31_Biarmipes84_prenac,5971.0,5980.0,1.0
2024.10.23_08-17-31_Biarmipes84_prenac,5983.0,6014.0,1.0
2024.10.23_08-17-31_Biarmipes84_prenac,6016.0,6027.0,1.0
2024.10.23_08-17-31_Biarmipes84_prenac,6029.0,6031.0,1.0
2024.10.23_08-17-31_Biarmipes84_prenac,6034.0,6036.0,1.0
2024.10.23_08-17-31_Biarmipes84_prenac,6038.0,6039.0,1.0
2024.10.23_08-17-31_Biarmipes84_prenac,6041.0,6046.0,1.0
2024.10.23_08-17-31_Biarmipes84_prenac,6048.0,6048.0,1.0
2024.10.23_08-17-31_Biarmipes84_prenac,6050.0,6050.0,1.0
2024.10.23_08-17-31_Biarmipes84_prenac,6053.0,6053.0,1.0
2024.10.23_08-17-31_Biarmipes84_prenac,6056.0,6058.0,1.0
2024.10.23_08-17-31_Biarmipes84_prenac,6060.0,6072.0,1.0
2024.10.23_08-17-31_Biarmipes84_prenac,6074.0,6074.0,1.0
2024.10.23_08-17-31_Biarmipes84_prenac,6076.0,6076.0,1.0
2024.10.23_08-17-31_Biarmipes84_prenac,6080.0,6080.0,1.0
2024.10.23_08-17-31_Biarmipes84_prenac,6082.0,6082.0,1.0
2024.10.23_08-17-31_Biarmipes84_prenac,6084.0,6085.0,1.0
2024.10.23_08-17-31_Biarmipes84_prenac,6087.0,6122.0,1.0
2024.10.23_08-17-31_Biarmipes84_prenac,6124.0,6131.0,1.0
2024.10.23_08-17-31_Biarmipes84_prenac,6133.0,6135.0,1.0
2024.10.23_08-17-31_Biarmipes84_prenac,6138.0,6142.0,1.0
2024.10.23_08-17-31_Biarmipes84_prenac,6147.0,6157.0,1.0
2024.10.23_08-17-31_Biarmipes84_prenac,6159.0,6161.0,1.0
2024.10.23_08-17-31_Biarmipes84_prenac,6163.0,6164.0,1.0
2024.10.23_08-17-31_Biarmipes84_prenac,6166.0,6168.0,1.0
2024.10.23_08-17-31_Biarmipes84_prenac,6170.0,6170.0,1.0
2024.10.23_08-17-31_Biarmipes84_prenac,6176.0,6176.0,1.0
2024.10.23_08-17-31_Biarmipes84_prenac,6178.0,6179.0,1.0
2024.10.23_08-17-31_Biarmipes84_prenac,6181.0,6182.0,1.0
2024.10.23_08-17-31_Biarmipes84_prenac,6184.0,6189.0,1.0
2024.10.23_08-17-31_Biarmipes84_prenac,6194.0,6194.0,1.0
2024.10.23_08-17-31_Biarmipes84_prenac,6200.0,6207.0,1.0
2024.10.23_08-17-31_Biarmipes84_prenac,6210.0,6210.0,1.0
2024.10.23_08-17-31_Biarmipes84_prenac,6215.0,6215.0,1.0
2024.10.23_08-17-31_Biarmipes84_prenac,6217.0,6220.0,1.0
2024.10.23_08-17-31_Biarmipes84_prenac,6222.0,6225.0,1.0
2024.10.23_08-17-31_Biarmipes84_prenac,6234.0,6248.0,1.0
2024.10.23_08-17-31_Biarmipes84_prenac,6250.0,6250.0,1.0
2024.10.23_08-17-31_Biarmipes84_prenac,6255.0,6255.0,1.0
2024.10.23_08-17-31_Biarmipes84_prenac,6261.0,6262.0,1.0
2024.10.23_08-17-31_Biarmipes84_prenac,6269.0,6272.0,1.0
2024.10.23_08-17-31_Biarmipes84_prenac,6274.0,6278.0,1.0
2024.10.23_08-17-31_Biarmipes84_prenac,6280.0,6284.0,1.0
2024.10.23_08-17-31_Biarmipes84_prenac,6288.0,6297.0,1.0
2024.10.23_08-17-31_Biarmipes84_prenac,6303.0,6305.0,1.0
2024.10.23_08-17-31_Biarmipes84_prenac,6307.0,6307.0,1.0
2024.10.23_08-17-31_Biarmipes84_prenac,6312.0,6312.0,1.0
2024.10.23_08-17-31_Biarmipes84_prenac,6314.0,6317.0,1.0
2024.10.23_08-17-31_Biarmipes84_prenac,6320.0,6327.0,1.0
2024.10.23_08-17-31_Biarmipes84_prenac,6329.0,6330.0,1.0
2024.10.23_08-17-31_Biarmipes84_prenac,6332.0,6332.0,1.0
2024.10.23_08-17-31_Biarmipes84_prenac,6336.0,6342.0,1.0
2024.10.23_08-17-31_Biarmipes84_prenac,6344.0,6344.0,1.0
2024.10.23_08-17-31_Biarmipes84_prenac,6346.0,6347.0,1.0
2024.10.23_08-17-31_Biarmipes84_prenac,6349.0,6349.0,1.0
2024.10.23_08-17-31_Biarmipes84_prenac,6354.0,6354.0,1.0
2024.10.23_08-17-31_Biarmipes84_prenac,6356.0,6358.0,1.0
2024.10.23_08-17-31_Biarmipes84_prenac,6360.0,6360.0,1.0
2024.10.23_08-17-31_Biarmipes84_prenac,6364.0,6380.0,1.0
2024.10.23_08-17-31_Biarmipes84_prenac,6382.0,6383.0,1.0
2024.10.23_08-17-31_Biarmipes84_prenac,6386.0,6386.0,1.0
2024.10.23_08-17-31_Biarmipes84_prenac,6388.0,6388.0,1.0
2024.10.23_08-17-31_Biarmipes84_prenac,6395.0,6395.0,1.0
2024.10.23_08-17-31_Biarmipes84_prenac,6397.0,6399.0,1.0
2024.10.23_08-17-31_Biarmipes84_prenac,6403.0,6404.0,1.0
2024.10.23_08-17-31_Biarmipes84_prenac,6406.0,6406.0,1.0
2024.10.23_08-17-31_Biarmipes84_prenac,6408.0,6413.0,1.0
2024.10.23_08-17-31_Biarmipes84_prenac,6415.0,6418.0,1.0
2024.10.23_08-17-31_Biarmipes84_prenac,6420.0,6421.0,1.0
2024.10.23_08-17-31_Biarmipes84_prenac,6426.0,6426.0,1.0
2024.10.23_08-17-31_Biarmipes84_prenac,6433.0,6436.0,1.0
2024.10.23_08-17-31_Biarmipes84_prenac,6441.0,6442.0,1.0
2024.10.23_08-17-31_Biarmipes84_prenac,6444.0,6447.0,1.0
2024.10.23_08-17-31_Biarmipes84_prenac,6449.0,6449.0,1.0
2024.10.23_08-17-31_Biarmipes84_prenac,6451.0,6457.0,1.0
2024.10.23_08-17-31_Biarmipes84_prenac,6464.0,6468.0,1.0
2024.10.23_08-17-31_Biarmipes84_prenac,6470.0,6474.0,1.0
2024.10.23_08-17-31_Biarmipes84_prenac,6478.0,6478.0,1.0
2024.10.23_08-17-31_Biarmipes84_prenac,6480.0,6481.0,1.0
2024.10.23_08-17-31_Biarmipes84_prenac,6483.0,6487.0,1.0
2024.10.23_08-17-31_Biarmipes84_prenac,6490.0,6492.0,1.0
2024.10.23_08-17-31_Biarmipes84_prenac,6497.0,6498.0,1.0
2024.10.23_08-17-31_Biarmipes84_prenac,6500.0,6510.0,1.0
2024.10.23_08-17-31_Biarmipes84_prenac,6514.0,6516.0,1.0
2024.10.23_08-17-31_Biarmipes84_prenac,6519.0,6520.0,1.0
2024.10.23_08-17-31_Biarmipes84_prenac,6523.0,6526.0,1.0
2024.10.23_08-17-31_Biarmipes84_prenac,6529.0,6531.0,1.0
2024.10.23_08-17-31_Biarmipes84_prenac,6534.0,6534.0,1.0
2024.10.23_08-17-31_Biarmipes84_prenac,6541.0,6541.0,1.0
2024.10.23_08-17-31_Biarmipes84_prenac,6543.0,6543.0,1.0
2024.10.23_08-17-31_Biarmipes84_prenac,6545.0,6550.0,1.0
2024.10.23_08-17-31_Biarmipes84_prenac,6552.0,6559.0,1.0
2024.10.23_08-17-31_Biarmipes84_prenac,6561.0,6561.0,1.0
2024.10.23_08-17-31_Biarmipes84_prenac,6563.0,6564.0,1.0
2024.10.23_08-17-31_Biarmipes84_prenac,6568.0,6569.0,1.0
2024.10.23_08-17-31_Biarmipes84_prenac,6573.0,6574.0,1.0
2024.10.23_08-17-31_Biarmipes84_prenac,6576.0,6577.0,1.0
2024.10.23_08-17-31_Biarmipes84_prenac,6579.0,6582.0,1.0
2024.10.23_08-17-31_Biarmipes84_prenac,6586.0,6587.0,1.0
2024.10.23_08-17-31_Biarmipes84_prenac,6589.0,6592.0,1.0
2024.10.23_08-17-31_Biarmipes84_prenac,6595.0,6596.0,1.0
2024.10.23_08-17-31_Biarmipes84_prenac,6598.0,6598.0,1.0
2024.10.23_08-17-31_Biarmipes84_prenac,6600.0,6600.0,1.0
2024.10.23_08-17-31_Biarmipes84_prenac,6604.0,6607.0,1.0
2024.10.23_08-17-31_Biarmipes84_prenac,6613.0,6624.0,1.0
2024.10.23_08-17-31_Biarmipes84_prenac,6629.0,6634.0,1.0
2024.10.23_08-17-31_Biarmipes84_prenac,6636.0,6636.0,1.0
2024.10.23_08-17-31_Biarmipes84_prenac,6639.0,6643.0,1.0
2024.10.23_08-17-31_Biarmipes84_prenac,6645.0,6651.0,1.0
2024.10.23_08-17-31_Biarmipes84_prenac,6653.0,6653.0,1.0
2024.10.23_08-17-31_Biarmipes84_prenac,6655.0,6658.0,1.0
2024.10.23_08-17-31_Biarmipes84_prenac,6660.0,6666.0,1.0
2024.10.23_08-17-31_Biarmipes84_prenac,6668.0,6670.0,1.0
2024.10.23_08-17-31_Biarmipes84_prenac,6675.0,6678.0,1.0
2024.10.23_08-17-31_Biarmipes84_prenac,6680.0,6696.0,1.0
2024.10.23_08-17-31_Biarmipes84_prenac,6698.0,6698.0,1.0
2024.10.23_08-17-31_Biarmipes84_prenac,6700.0,6702.0,1.0
2024.10.23_08-17-31_Biarmipes84_prenac,6704.0,6704.0,1.0
2024.10.23_08-17-31_Biarmipes84_prenac,6708.0,6711.0,1.0
2024.10.23_08-17-31_Biarmipes84_prenac,6715.0,6715.0,1.0
2024.10.23_08-17-31_Biarmipes84_prenac,6719.0,6720.0,1.0
2024.10.23_08-17-31_Biarmipes84_prenac,6722.0,6722.0,1.0
2024.10.23_08-17-31_Biarmipes84_prenac,6724.0,6724.0,1.0
2024.10.23_08-17-31_Biarmipes84_prenac,6727.0,6730.0,1.0
2024.10.23_08-17-31_Biarmipes84_prenac,6734.0,6743.0,1.0
2024.10.23_08-17-31_Biarmipes84_prenac,6750.0,6751.0,1.0
2024.10.23_08-17-31_Biarmipes84_prenac,6755.0,6761.0,1.0
2024.10.23_08-17-31_Biarmipes84_prenac,6763.0,6763.0,1.0
2024.10.23_08-17-31_Biarmipes84_prenac,6765.0,6765.0,1.0
2024.10.23_08-17-31_Biarmipes84_prenac,6767.0,6771.0,1.0
2024.10.23_08-17-31_Biarmipes84_prenac,6773.0,6773.0,1.0
2024.10.23_08-17-31_Biarmipes84_prenac,6776.0,6776.0,1.0
2024.10.23_08-17-31_Biarmipes84_prenac,6778.0,6778.0,1.0
2024.10.23_08-17-31_Biarmipes84_prenac,6780.0,6783.0,1.0
2024.10.23_08-17-31_Biarmipes84_prenac,6786.0,6786.0,1.0
2024.10.23_08-17-31_Biarmipes84_prenac,6790.0,6793.0,1.0
2024.10.23_08-17-31_Biarmipes84_prenac,6796.0,6796.0,1.0
2024.10.23_08-17-31_Biarmipes84_prenac,6798.0,6806.0,1.0
2024.10.23_08-17-31_Biarmipes84_prenac,6808.0,6808.0,1.0
2024.10.23_08-17-31_Biarmipes84_prenac,6810.0,6815.0,1.0
2024.10.23_08-17-31_Biarmipes84_prenac,6820.0,6821.0,1.0
2024.10.23_08-17-31_Biarmipes84_prenac,6823.0,6832.0,1.0
2024.10.23_08-17-31_Biarmipes84_prenac,6838.0,6843.0,1.0
2024.10.23_08-17-31_Biarmipes84_prenac,6846.0,6847.0,1.0
2024.10.23_08-17-31_Biarmipes84_prenac,6850.0,6851.0,1.0
2024.10.23_08-17-31_Biarmipes84_prenac,6853.0,6854.0,1.0
2024.10.23_08-17-31_Biarmipes84_prenac,6856.0,6857.0,1.0
2024.10.23_08-17-31_Biarmipes84_prenac,6861.0,6863.0,1.0
2024.10.23_08-17-31_Biarmipes84_prenac,6865.0,6868.0,1.0
2024.10.23_08-17-31_Biarmipes84_prenac,6873.0,6873.0,1.0
2024.10.23_08-17-31_Biarmipes84_prenac,6875.0,6875.0,1.0
2024.10.23_08-17-31_Biarmipes84_prenac,6877.0,6885.0,1.0
2024.10.23_08-17-31_Biarmipes84_prenac,6887.0,6887.0,1.0
2024.10.23_08-17-31_Biarmipes84_prenac,6892.0,6897.0,1.0
2024.10.23_08-17-31_Biarmipes84_prenac,6901.0,6901.0,1.0
2024.10.23_08-17-31_Biarmipes84_prenac,6905.0,6907.0,1.0
2024.10.23_08-17-31_Biarmipes84_prenac,6913.0,6913.0,1.0
2024.10.23_08-17-31_Biarmipes84_prenac,6916.0,6916.0,1.0
2024.10.23_08-17-31_Biarmipes84_prenac,6920.0,6927.0,1.0
2024.10.23_08-17-31_Biarmipes84_prenac,6930.0,6930.0,1.0
2024.10.23_08-17-31_Biarmipes84_prenac,6934.0,6934.0,1.0
2024.10.23_08-17-31_Biarmipes84_prenac,6939.0,6941.0,1.0
2024.10.23_08-17-31_Biarmipes84_prenac,6944.0,6946.0,1.0
2024.10.23_08-17-31_Biarmipes84_prenac,6948.0,6951.0,1.0
2024.10.23_08-17-31_Biarmipes84_prenac,6954.0,6957.0,1.0
2024.10.23_08-17-31_Biarmipes84_prenac,6959.0,6964.0,1.0
2024.10.23_08-17-31_Biarmipes84_prenac,6966.0,6968.0,1.0
2024.10.23_08-17-31_Biarmipes84_prenac,6970.0,6974.0,1.0
2024.10.23_08-17-31_Biarmipes84_prenac,6976.0,6976.0,1.0
2024.10.23_08-17-31_Biarmipes84_prenac,6978.0,6978.0,1.0
2024.10.23_08-17-31_Biarmipes84_prenac,6980.0,6980.0,1.0
2024.10.23_08-17-31_Biarmipes84_prenac,6982.0,6989.0,1.0
2024.10.23_08-17-31_Biarmipes84_prenac,6992.0,6992.0,1.0
2024.10.23_08-17-31_Biarmipes84_prenac,6995.0,6998.0,1.0
2024.10.23_08-17-31_Biarmipes84_prenac,7001.0,7001.0,1.0
2024.10.23_08-17-31_Biarmipes84_prenac,7004.0,7007.0,1.0
2024.10.23_08-17-31_Biarmipes84_prenac,7018.0,7023.0,1.0
2024.10.23_08-17-31_Biarmipes84_prenac,7029.0,7030.0,1.0
2024.10.23_08-17-31_Biarmipes84_prenac,7038.0,7044.0,1.0
2024.10.23_08-17-31_Biarmipes84_prenac,7048.0,7048.0,1.0
2024.10.23_08-17-31_Biarmipes84_prenac,7050.0,7050.0,1.0
2024.10.23_08-17-31_Biarmipes84_prenac,7057.0,7058.0,1.0
2024.10.23_08-17-31_Biarmipes84_prenac,7060.0,7062.0,1.0
2024.10.23_08-17-31_Biarmipes84_prenac,7064.0,7066.0,1.0
2024.10.23_08-17-31_Biarmipes84_prenac,7069.0,7071.0,1.0
2024.10.23_08-17-31_Biarmipes84_prenac,7073.0,7073.0,1.0
2024.10.23_08-17-31_Biarmipes84_prenac,7076.0,7076.0,1.0
2024.10.23_08-17-31_Biarmipes84_prenac,7078.0,7078.0,1.0
2024.10.23_08-17-31_Biarmipes84_prenac,7081.0,7087.0,1.0
2024.10.23_08-17-31_Biarmipes84_prenac,7091.0,7095.0,1.0
2024.10.23_08-17-31_Biarmipes84_prenac,7097.0,7102.0,1.0
2024.10.23_08-17-31_Biarmipes84_prenac,7105.0,7108.0,1.0
2024.10.23_08-17-31_Biarmipes84_prenac,7112.0,7116.0,1.0
2024.10.23_08-17-31_Biarmipes84_prenac,7120.0,7123.0,1.0
2024.10.23_08-17-31_Biarmipes84_prenac,7128.0,7130.0,1.0
2024.10.23_08-17-31_Biarmipes84_prenac,7133.0,7133.0,1.0
2024.10.23_08-17-31_Biarmipes84_prenac,7135.0,7137.0,1.0
2024.10.23_08-17-31_Biarmipes84_prenac,7139.0,7144.0,1.0
2024.10.23_08-17-31_Biarmipes84_prenac,7146.0,7147.0,1.0
2024.10.23_08-17-31_Biarmipes84_prenac,7150.0,7151.0,1.0
2024.10.23_08-17-31_Biarmipes84_prenac,7154.0,7157.0,1.0
2024.10.23_08-17-31_Biarmipes84_prenac,7159.0,7160.0,1.0
2024.10.23_08-17-31_Biarmipes84_prenac,7162.0,7164.0,1.0
2024.10.23_08-17-31_Biarmipes84_prenac,7166.0,7169.0,1.0
2024.10.23_08-17-31_Biarmipes84_prenac,7171.0,7173.0,1.0
2024.10.23_08-17-31_Biarmipes84_prenac,7175.0,7175.0,1.0
2024.10.23_08-17-31_Biarmipes84_prenac,7177.0,7177.0,1.0
2024.10.23_08-17-31_Biarmipes84_prenac,7181.0,7181.0,1.0
2024.10.23_08-17-31_Biarmipes84_prenac,7183.0,7183.0,1.0
2024.10.23_08-17-31_Biarmipes84_prenac,7188.0,7188.0,1.0
2024.10.23_08-17-31_Biarmipes84_prenac,7193.0,7197.0,1.0
2024.10.23_08-17-31_Biarmipes84_prenac,7200.0,7205.0,1.0
2024.10.23_08-17-31_Biarmipes84_prenac,7207.0,7209.0,1.0
2024.10.23_08-17-31_Biarmipes84_prenac,7215.0,7217.0,1.0
2024.10.23_08-17-31_Biarmipes84_prenac,7219.0,7223.0,1.0
2024.10.23_08-17-31_Biarmipes84_prenac,7225.0,7225.0,1.0
2024.10.23_08-17-31_Biarmipes84_prenac,7227.0,7227.0,1.0
2024.10.23_08-17-31_Biarmipes84_prenac,7229.0,7229.0,1.0
2024.10.23_08-17-31_Biarmipes84_prenac,7235.0,7235.0,1.0
2024.10.23_08-17-31_Biarmipes84_prenac,7237.0,7238.0,1.0
2024.10.23_08-17-31_Biarmipes84_prenac,7240.0,7248.0,1.0
2024.10.23_08-17-31_Biarmipes84_prenac,7251.0,7253.0,1.0
2024.10.23_08-17-31_Biarmipes84_prenac,7256.0,7260.0,1.0
2024.10.23_08-17-31_Biarmipes84_prenac,7262.0,7262.0,1.0
2024.10.23_08-17-31_Biarmipes84_prenac,7265.0,7268.0,1.0
2024.10.23_08-17-31_Biarmipes84_prenac,7272.0,7275.0,1.0
2024.10.23_08-17-31_Biarmipes84_prenac,7277.0,7279.0,1.0
2024.10.23_08-17-31_Biarmipes84_prenac,7286.0,7291.0,1.0
2024.10.23_08-17-31_Biarmipes84_prenac,7294.0,7302.0,1.0
2024.10.23_08-17-31_Biarmipes84_prenac,7305.0,7305.0,1.0
2024.10.23_08-17-31_Biarmipes84_prenac,7308.0,7308.0,1.0
2024.10.23_08-17-31_Biarmipes84_prenac,7312.0,7314.0,1.0
2024.10.23_08-17-31_Biarmipes84_prenac,7316.0,7317.0,1.0
2024.10.23_08-17-31_Biarmipes84_prenac,7320.0,7321.0,1.0
2024.10.23_08-17-31_Biarmipes84_prenac,7323.0,7328.0,1.0
2024.10.23_08-17-31_Biarmipes84_prenac,7330.0,7330.0,1.0
2024.10.23_08-17-31_Biarmipes84_prenac,7334.0,7335.0,1.0
2024.10.23_08-17-31_Biarmipes84_prenac,7338.0,7342.0,1.0
2024.10.23_08-17-31_Biarmipes84_prenac,7344.0,7344.0,1.0
2024.10.23_08-17-31_Biarmipes84_prenac,7347.0,7352.0,1.0
2024.10.23_08-17-31_Biarmipes84_prenac,7359.0,7360.0,1.0
2024.10.23_08-17-31_Biarmipes84_prenac,7362.0,7365.0,1.0
2024.10.23_08-17-31_Biarmipes84_prenac,7368.0,7368.0,1.0
2024.10.23_08-17-31_Biarmipes84_prenac,7370.0,7373.0,1.0
2024.10.23_08-17-31_Biarmipes84_prenac,7377.0,7378.0,1.0
2024.10.23_08-17-31_Biarmipes84_prenac,7383.0,7393.0,1.0
2024.10.23_08-17-31_Biarmipes84_prenac,7395.0,7404.0,1.0
2024.10.23_08-17-31_Biarmipes84_prenac,7406.0,7412.0,1.0
2024.10.23_08-17-31_Biarmipes84_prenac,7414.0,7418.0,1.0
2024.10.23_08-17-31_Biarmipes84_prenac,7420.0,7420.0,1.0
2024.10.23_08-17-31_Biarmipes84_prenac,7422.0,7425.0,1.0
2024.10.23_08-17-31_Biarmipes84_prenac,7429.0,7434.0,1.0
2024.10.23_08-17-31_Biarmipes84_prenac,7436.0,7445.0,1.0
2024.10.23_08-17-31_Biarmipes84_prenac,7447.0,7449.0,1.0
2024.10.23_08-17-31_Biarmipes84_prenac,7456.0,7457.0,1.0
2024.10.23_08-17-31_Biarmipes84_prenac,7459.0,7462.0,1.0
2024.10.23_08-17-31_Biarmipes84_prenac,7464.0,7467.0,1.0
2024.10.23_08-17-31_Biarmipes84_prenac,7471.0,7473.0,1.0
2024.10.23_08-17-31_Biarmipes84_prenac,7477.0,7479.0,1.0
2024.10.23_08-17-31_Biarmipes84_prenac,7481.0,7484.0,1.0
2024.10.23_08-17-31_Biarmipes84_prenac,7487.0,7489.0,1.0
2024.10.23_08-17-31_Biarmipes84_prenac,7491.0,7492.0,1.0
2024.10.23_08-17-31_Biarmipes84_prenac,7494.0,7495.0,1.0
2024.10.23_08-17-31_Biarmipes84_prenac,7502.0,7504.0,1.0
2024.10.23_08-17-31_Biarmipes84_prenac,7507.0,7513.0,1.0
2024.10.23_08-17-31_Biarmipes84_prenac,7515.0,7515.0,1.0
2024.10.23_08-17-31_Biarmipes84_prenac,7517.0,7517.0,1.0
2024.10.23_08-17-31_Biarmipes84_prenac,7519.0,7530.0,1.0
2024.10.23_08-17-31_Biarmipes84_prenac,7533.0,7533.0,1.0
2024.10.23_08-17-31_Biarmipes84_prenac,7535.0,7535.0,1.0
2024.10.23_08-17-31_Biarmipes84_prenac,7537.0,7537.0,1.0
2024.10.23_08-17-31_Biarmipes84_prenac,7539.0,7539.0,1.0
2024.10.23_08-17-31_Biarmipes84_prenac,7545.0,7545.0,1.0
2024.10.23_08-17-31_Biarmipes84_prenac,7547.0,7556.0,1.0
2024.10.23_08-17-31_Biarmipes84_prenac,7558.0,7560.0,1.0
2024.10.23_08-17-31_Biarmipes84_prenac,7563.0,7567.0,1.0
2024.10.23_08-17-31_Biarmipes84_prenac,7570.0,7573.0,1.0
2024.10.23_08-17-31_Biarmipes84_prenac,7576.0,7579.0,1.0
2024.10.23_08-17-31_Biarmipes84_prenac,7581.0,7582.0,1.0
2024.10.23_08-17-31_Biarmipes84_prenac,7584.0,7593.0,1.0
2024.10.23_08-17-31_Biarmipes84_prenac,7596.0,7599.0,1.0
2024.10.23_08-17-31_Biarmipes84_prenac,7604.0,7609.0,1.0
2024.10.23_08-17-31_Biarmipes84_prenac,7613.0,7613.0,1.0
2024.10.23_08-17-31_Biarmipes84_prenac,7615.0,7617.0,1.0
2024.10.23_08-17-31_Biarmipes84_prenac,7619.0,7622.0,1.0
2024.10.23_08-17-31_Biarmipes84_prenac,7624.0,7626.0,1.0
2024.10.23_08-17-31_Biarmipes84_prenac,7635.0,7638.0,1.0
2024.10.23_08-17-31_Biarmipes84_prenac,7640.0,7644.0,1.0
2024.10.23_08-17-31_Biarmipes84_prenac,7651.0,7659.0,1.0
2024.10.23_08-17-31_Biarmipes84_prenac,7667.0,7670.0,1.0
2024.10.23_08-17-31_Biarmipes84_prenac,7672.0,7672.0,1.0
2024.10.23_08-17-31_Biarmipes84_prenac,7674.0,7676.0,1.0
2024.10.23_08-17-31_Biarmipes84_prenac,7678.0,7682.0,1.0
2024.10.23_08-17-31_Biarmipes84_prenac,7686.0,7690.0,1.0
2024.10.23_08-17-31_Biarmipes84_prenac,7694.0,7697.0,1.0
2024.10.23_08-17-31_Biarmipes84_prenac,7699.0,7710.0,1.0
2024.10.23_08-17-31_Biarmipes84_prenac,7714.0,7714.0,1.0
2024.10.23_08-17-31_Biarmipes84_prenac,7716.0,7716.0,1.0
2024.10.23_08-17-31_Biarmipes84_prenac,7718.0,7720.0,1.0
2024.10.23_08-17-31_Biarmipes84_prenac,7723.0,7726.0,1.0
2024.10.23_08-17-31_Biarmipes84_prenac,7729.0,7737.0,1.0
2024.10.23_08-17-31_Biarmipes84_prenac,7740.0,7740.0,1.0
2024.10.23_08-17-31_Biarmipes84_prenac,7742.0,7744.0,1.0
2024.10.23_08-17-31_Biarmipes84_prenac,7749.0,7749.0,1.0
2024.10.23_08-17-31_Biarmipes84_prenac,7751.0,7756.0,1.0
2024.10.23_08-17-31_Biarmipes84_prenac,7765.0,7772.0,1.0
2024.10.23_08-17-31_Biarmipes84_prenac,7781.0,7782.0,1.0
2024.10.23_08-17-31_Biarmipes84_prenac,7787.0,7792.0,1.0
2024.10.23_08-17-31_Biarmipes84_prenac,7794.0,7796.0,1.0
2024.10.23_08-17-31_Biarmipes84_prenac,7798.0,7800.0,1.0
2024.10.23_08-17-31_Biarmipes84_prenac,7802.0,7803.0,1.0
2024.10.23_08-17-31_Biarmipes84_prenac,7807.0,7807.0,1.0
2024.10.23_08-17-31_Biarmipes84_prenac,7809.0,7813.0,1.0
2024.10.23_08-17-31_Biarmipes84_prenac,7815.0,7821.0,1.0
2024.10.23_08-17-31_Biarmipes84_prenac,7823.0,7829.0,1.0
2024.10.23_08-17-31_Biarmipes84_prenac,7833.0,7833.0,1.0
2024.10.23_08-17-31_Biarmipes84_prenac,7835.0,7836.0,1.0
2024.10.23_08-17-31_Biarmipes84_prenac,7841.0,7841.0,1.0
2024.10.23_08-17-31_Biarmipes84_prenac,7843.0,7843.0,1.0
2024.10.23_08-17-31_Biarmipes84_prenac,7848.0,7853.0,1.0
2024.10.23_08-17-31_Biarmipes84_prenac,7856.0,7858.0,1.0
2024.10.23_08-17-31_Biarmipes84_prenac,7860.0,7874.0,1.0
2024.10.23_08-17-31_Biarmipes84_prenac,7876.0,7878.0,1.0
2024.10.23_08-17-31_Biarmipes84_prenac,7882.0,7884.0,1.0
2024.10.23_08-17-31_Biarmipes84_prenac,7886.0,7892.0,1.0
2024.10.23_08-17-31_Biarmipes84_prenac,7895.0,7899.0,1.0
2024.10.23_08-17-31_Biarmipes84_prenac,7902.0,7902.0,1.0
2024.10.23_08-17-31_Biarmipes84_prenac,7904.0,7908.0,1.0
2024.10.23_08-17-31_Biarmipes84_prenac,7912.0,7912.0,1.0
2024.10.23_08-17-31_Biarmipes84_prenac,7915.0,7917.0,1.0
2024.10.23_08-17-31_Biarmipes84_prenac,7919.0,7921.0,1.0
2024.10.23_08-17-31_Biarmipes84_prenac,7924.0,7926.0,1.0
2024.10.23_08-17-31_Biarmipes84_prenac,7928.0,7939.0,1.0
2024.10.23_08-17-31_Biarmipes84_prenac,7945.0,7946.0,1.0
2024.10.23_08-17-31_Biarmipes84_prenac,7948.0,7953.0,1.0
2024.10.23_08-17-31_Biarmipes84_prenac,7956.0,7956.0,1.0
2024.10.23_08-17-31_Biarmipes84_prenac,7959.0,7970.0,1.0
2024.10.23_08-17-31_Biarmipes84_prenac,7972.0,7973.0,1.0
2024.10.23_08-17-31_Biarmipes84_prenac,7977.0,7977.0,1.0
2024.10.23_08-17-31_Biarmipes84_prenac,7979.0,7980.0,1.0
2024.10.23_08-17-31_Biarmipes84_prenac,7983.0,7983.0,1.0
2024.10.23_08-17-31_Biarmipes84_prenac,7986.0,7988.0,1.0
2024.10.23_08-17-31_Biarmipes84_prenac,7990.0,7990.0,1.0
2024.10.23_08-17-31_Biarmipes84_prenac,7992.0,7992.0,1.0
2024.10.23_08-17-31_Biarmipes84_prenac,7994.0,7999.0,1.0
2024.10.23_08-17-31_Biarmipes84_prenac,8001.0,8003.0,1.0
2024.10.23_08-17-31_Biarmipes84_prenac,8005.0,8008.0,1.0
2024.10.23_08-17-31_Biarmipes84_prenac,8012.0,8013.0,1.0
2024.10.23_08-17-31_Biarmipes84_prenac,8015.0,8018.0,1.0
2024.10.23_08-17-31_Biarmipes84_prenac,8023.0,8023.0,1.0
2024.10.23_08-17-31_Biarmipes84_prenac,8025.0,8025.0,1.0
2024.10.23_08-17-31_Biarmipes84_prenac,8027.0,8031.0,1.0
2024.10.23_08-17-31_Biarmipes84_prenac,8033.0,8033.0,1.0
2024.10.23_08-17-31_Biarmipes84_prenac,8035.0,8038.0,1.0
2024.10.23_08-17-31_Biarmipes84_prenac,8044.0,8048.0,1.0
2024.10.23_08-17-31_Biarmipes84_prenac,8052.0,8055.0,1.0
2024.10.23_08-17-31_Biarmipes84_prenac,8057.0,8063.0,1.0
2024.10.23_08-17-31_Biarmipes84_prenac,8068.0,8077.0,1.0
2024.10.23_08-17-31_Biarmipes84_prenac,8080.0,8083.0,1.0
2024.10.23_08-17-31_Biarmipes84_prenac,8085.0,8088.0,1.0
2024.10.23_08-17-31_Biarmipes84_prenac,8090.0,8095.0,1.0
2024.10.23_08-17-31_Biarmipes84_prenac,8097.0,8097.0,1.0
2024.10.23_08-17-31_Biarmipes84_prenac,8099.0,8101.0,1.0
2024.10.23_08-17-31_Biarmipes84_prenac,8103.0,8109.0,1.0
2024.10.23_08-17-31_Biarmipes84_prenac,8111.0,8118.0,1.0
2024.10.23_08-17-31_Biarmipes84_prenac,8120.0,8120.0,1.0
2024.10.23_08-17-31_Biarmipes84_prenac,8130.0,8140.0,1.0
2024.10.23_08-17-31_Biarmipes84_prenac,8142.0,8148.0,1.0
2024.10.23_08-17-31_Biarmipes84_prenac,8151.0,8155.0,1.0
2024.10.23_08-17-31_Biarmipes84_prenac,8157.0,8157.0,1.0
2024.10.23_08-17-31_Biarmipes84_prenac,8165.0,8166.0,1.0
2024.10.23_08-17-31_Biarmipes84_prenac,8169.0,8169.0,1.0
2024.10.23_08-17-31_Biarmipes84_prenac,8171.0,8196.0,1.0
2024.10.23_08-17-31_Biarmipes84_prenac,8198.0,8203.0,1.0
2024.10.23_08-17-31_Biarmipes84_prenac,8206.0,8218.0,1.0
2024.10.23_08-17-31_Biarmipes84_prenac,8220.0,8225.0,1.0
2024.10.23_08-17-31_Biarmipes84_prenac,8227.0,8231.0,1.0
2024.10.23_08-17-31_Biarmipes84_prenac,8233.0,8235.0,1.0
2024.10.23_08-17-31_Biarmipes84_prenac,8237.0,8238.0,1.0
2024.10.23_08-17-31_Biarmipes84_prenac,8240.0,8242.0,1.0
2024.10.23_08-17-31_Biarmipes84_prenac,8245.0,8252.0,1.0
2024.10.23_08-17-31_Biarmipes84_prenac,8255.0,8269.0,1.0
2024.10.23_08-17-31_Biarmipes84_prenac,8273.0,8278.0,1.0
2024.10.23_08-17-31_Biarmipes84_prenac,8282.0,8282.0,1.0
2024.10.23_08-17-31_Biarmipes84_prenac,8285.0,8286.0,1.0
2024.10.23_08-17-31_Biarmipes84_prenac,8290.0,8290.0,1.0
2024.10.23_08-17-31_Biarmipes84_prenac,8292.0,8292.0,1.0
2024.10.23_08-17-31_Biarmipes84_prenac,8294.0,8301.0,1.0
2024.10.23_08-17-31_Biarmipes84_prenac,8303.0,8303.0,1.0
2024.10.23_08-17-31_Biarmipes84_prenac,8305.0,8307.0,1.0
2024.10.23_08-17-31_Biarmipes84_prenac,8310.0,8310.0,1.0
2024.10.23_08-17-31_Biarmipes84_prenac,8312.0,8324.0,1.0
2024.10.23_08-17-31_Biarmipes84_prenac,8326.0,8330.0,1.0
2024.09.30_11-54-59_Sussex_no_odor,7041.0,7121.0,1.0
2024.09.30_11-54-59_Sussex_no_odor,7123.0,7125.0,1.0
2024.09.30_11-54-59_Sussex_no_odor,7127.0,7129.0,1.0
2024.09.30_11-54-59_Sussex_no_odor,7151.0,7240.0,1.0
2024.09.30_11-54-59_Sussex_no_odor,7242.0,7248.0,1.0
2024.09.30_11-54-59_Sussex_no_odor,7250.0,7251.0,1.0
2024.09.30_11-54-59_Sussex_no_odor,7257.0,7257.0,1.0
2024.09.30_11-54-59_Sussex_no_odor,7268.0,8999.0,1.0
2024.10.14_13-32-41_Biarmipes84_1hexanol,7527.0,7573.0,1.0
2024.10.14_13-32-41_Biarmipes84_1hexanol,7575.0,7608.0,1.0
2024.10.14_13-32-41_Biarmipes84_1hexanol,7610.0,7618.0,1.0
2024.10.14_13-32-41_Biarmipes84_1hexanol,8233.0,8258.0,1.0
2024.10.14_13-32-41_Biarmipes84_1hexanol,8260.0,8260.0,1.0
2024.10.14_13-32-41_Biarmipes84_1hexanol,8262.0,8287.0,1.0
2024.10.14_13-32-41_Biarmipes84_1hexanol,8289.0,8289.0,1.0
2024.10.14_13-32-41_Biarmipes84_1hexanol,8291.0,8294.0,1.0
2024.10.14_13-32-41_Biarmipes84_1hexanol,8299.0,8316.0,1.0
2024.10.14_13-32-41_Biarmipes84_1hexanol,8319.0,8343.0,1.0
2024.10.14_13-32-41_Biarmipes84_1hexanol,8346.0,8346.0,1.0
2024.10.14_13-32-41_Biarmipes84_1hexanol,8348.0,8349.0,1.0
2024.11.14_02-01-34_Biarmipes_G224_e2hex,3.0,471.0,1.0
2024.11.14_02-01-34_Biarmipes_G224_e2hex,585.0,1152.0,1.0
2024.11.14_02-01-34_Biarmipes_G224_e2hex,1936.0,2005.0,1.0
2024.11.14_02-01-34_Biarmipes_G224_e2hex,2007.0,2047.0,1.0
2024.11.14_02-01-34_Biarmipes_G224_e2hex,2049.0,2049.0,1.0
2024.11.14_02-01-34_Biarmipes_G224_e2hex,3024.0,4026.0,1.0
2024.11.14_02-01-34_Biarmipes_G224_e2hex,6036.0,6239.0,1.0
2024.11.14_02-01-34_Biarmipes_G224_e2hex,6241.0,6318.0,1.0
2024.11.14_02-01-34_Biarmipes_G224_e2hex,6320.0,6347.0,1.0
2024.11.14_02-01-34_Biarmipes_G224_e2hex,6349.0,6362.0,1.0
2024.11.14_02-01-34_Biarmipes_G224_e2hex,6364.0,6365.0,1.0
2024.11.14_02-01-34_Biarmipes_G224_e2hex,6367.0,6376.0,1.0
2024.11.14_02-01-34_Biarmipes_G224_e2hex,6379.0,6387.0,1.0
2024.11.14_02-01-34_Biarmipes_G224_e2hex,6389.0,6391.0,1.0
2024.11.14_02-01-34_Biarmipes_G224_e2hex,6393.0,6406.0,1.0
2024.11.14_02-01-34_Biarmipes_G224_e2hex,6408.0,6414.0,1.0
2024.11.14_02-01-34_Biarmipes_G224_e2hex,6416.0,6432.0,1.0
2024.11.14_02-01-34_Biarmipes_G224_e2hex,6434.0,6438.0,1.0
2024.11.14_02-01-34_Biarmipes_G224_e2hex,6440.0,6441.0,1.0
2024.11.14_02-01-34_Biarmipes_G224_e2hex,6445.0,6453.0,1.0
2024.11.14_02-01-34_Biarmipes_G224_e2hex,6457.0,6457.0,1.0
2024.11.14_02-01-34_Biarmipes_G224_e2hex,6462.0,6470.0,1.0
2024.11.14_02-01-34_Biarmipes_G224_e2hex,6472.0,6472.0,1.0
2024.11.14_02-01-34_Biarmipes_G224_e2hex,6474.0,6474.0,1.0
2024.11.14_02-01-34_Biarmipes_G224_e2hex,6476.0,6476.0,1.0
2024.11.14_02-01-34_Biarmipes_G224_e2hex,6478.0,6481.0,1.0
2024.11.14_02-01-34_Biarmipes_G224_e2hex,6483.0,6487.0,1.0
2024.11.14_02-01-34_Biarmipes_G224_e2hex,6489.0,6492.0,1.0
2024.11.14_02-01-34_Biarmipes_G224_e2hex,6494.0,6498.0,1.0
2024.11.14_02-01-34_Biarmipes_G224_e2hex,6501.0,6502.0,1.0
2024.11.14_02-01-34_Biarmipes_G224_e2hex,6504.0,6504.0,1.0
2024.11.14_02-01-34_Biarmipes_G224_e2hex,6509.0,6509.0,1.0
2024.11.14_02-01-34_Biarmipes_G224_e2hex,6511.0,6515.0,1.0
2024.11.14_02-01-34_Biarmipes_G224_e2hex,6517.0,6519.0,1.0
2024.11.14_02-01-34_Biarmipes_G224_e2hex,6524.0,6524.0,1.0
2024.11.14_02-01-34_Biarmipes_G224_e2hex,6527.0,6536.0,1.0
2024.11.14_02-01-34_Biarmipes_G224_e2hex,6538.0,6541.0,1.0
2024.11.14_02-01-34_Biarmipes_G224_e2hex,6547.0,6552.0,1.0
2024.11.14_02-01-34_Biarmipes_G224_e2hex,6554.0,6559.0,1.0
2024.11.14_02-01-34_Biarmipes_G224_e2hex,6561.0,6561.0,1.0
2024.11.14_02-01-34_Biarmipes_G224_e2hex,6563.0,6569.0,1.0
2024.11.14_02-01-34_Biarmipes_G224_e2hex,6571.0,6573.0,1.0
2024.11.14_02-01-34_Biarmipes_G224_e2hex,6575.0,6575.0,1.0
2024.11.14_02-01-34_Biarmipes_G224_e2hex,6577.0,6577.0,1.0
2024.11.14_02-01-34_Biarmipes_G224_e2hex,6585.0,6585.0,1.0
2024.11.14_02-01-34_Biarmipes_G224_e2hex,6589.0,6589.0,1.0
2024.11.14_02-01-34_Biarmipes_G224_e2hex,6593.0,6593.0,1.0
2024.11.14_02-01-34_Biarmipes_G224_e2hex,6595.0,6595.0,1.0
2024.11.14_02-01-34_Biarmipes_G224_e2hex,6597.0,6599.0,1.0
2024.11.14_02-01-34_Biarmipes_G224_e2hex,6602.0,6602.0,1.0
2024.11.14_02-01-34_Biarmipes_G224_e2hex,6604.0,6605.0,1.0
2024.11.14_02-01-34_Biarmipes_G224_e2hex,6609.0,6609.0,1.0
2024.11.14_02-01-34_Biarmipes_G224_e2hex,6611.0,6618.0,1.0
2024.11.14_02-01-34_Biarmipes_G224_e2hex,6620.0,6621.0,1.0
2024.11.14_02-01-34_Biarmipes_G224_e2hex,6623.0,6628.0,1.0
2024.11.14_02-01-34_Biarmipes_G224_e2hex,6631.0,6658.0,1.0
2024.11.14_02-01-34_Biarmipes_G224_e2hex,6660.0,6660.0,1.0
2024.11.14_02-01-34_Biarmipes_G224_e2hex,6662.0,6675.0,1.0
2024.11.14_02-01-34_Biarmipes_G224_e2hex,6677.0,6677.0,1.0
2024.11.14_02-01-34_Biarmipes_G224_e2hex,6680.0,6682.0,1.0
2024.11.14_02-01-34_Biarmipes_G224_e2hex,6684.0,6684.0,1.0
2024.11.14_02-01-34_Biarmipes_G224_e2hex,6686.0,6690.0,1.0
2024.11.14_02-01-34_Biarmipes_G224_e2hex,6692.0,6699.0,1.0
2024.11.14_02-01-34_Biarmipes_G224_e2hex,6701.0,6704.0,1.0
2024.11.14_02-01-34_Biarmipes_G224_e2hex,6706.0,6706.0,1.0
2024.11.14_02-01-34_Biarmipes_G224_e2hex,6708.0,6709.0,1.0
2024.11.14_02-01-34_Biarmipes_G224_e2hex,6712.0,6722.0,1.0
2024.11.14_02-01-34_Biarmipes_G224_e2hex,6725.0,6725.0,1.0
2024.11.14_02-01-34_Biarmipes_G224_e2hex,6728.0,6728.0,1.0
2024.11.14_02-01-34_Biarmipes_G224_e2hex,6736.0,6737.0,1.0
2024.11.14_02-01-34_Biarmipes_G224_e2hex,6739.0,6739.0,1.0
2024.10.29_05-10-03_Biarmipes84_metben,3.0,2071.0,1.0
2024.10.29_05-10-03_Biarmipes84_metben,2073.0,2075.0,1.0
2024.10.29_05-10-03_Biarmipes84_metben,2077.0,2265.0,1.0
2024.10.29_05-10-03_Biarmipes84_metben,2267.0,2268.0,1.0
2024.10.29_05-10-03_Biarmipes84_metben,2270.0,2272.0,1.0
2024.10.29_05-10-03_Biarmipes84_metben,2274.0,2277.0,1.0
2024.10.14_13-26-12_Biarmipes84_1hexanol,8265.0,8286.0,1.0
2024.10.14_13-26-12_Biarmipes84_1hexanol,8288.0,8339.0,1.0
2024.10.14_13-26-12_Biarmipes84_1hexanol,8341.0,8369.0,1.0
2024.10.14_13-26-12_Biarmipes84_1hexanol,8374.0,8395.0,1.0
2024.10.14_13-26-12_Biarmipes84_1hexanol,8397.0,8399.0,1.0
2024.10.14_13-26-12_Biarmipes84_1hexanol,8401.0,8401.0,1.0
2024.10.14_13-26-12_Biarmipes84_1hexanol,8404.0,8423.0,1.0
2024.11.04_06-23-57_Stocago_e2hex,2374.0,2374.0,1.0
2024.11.04_06-23-57_Stocago_e2hex,2376.0,2377.0,1.0
2024.11.04_06-23-57_Stocago_e2hex,2384.0,2385.0,1.0
2024.11.04_06-23-57_Stocago_e2hex,2387.0,2389.0,1.0
2024.11.04_06-23-57_Stocago_e2hex,2391.0,2392.0,1.0
2024.11.04_06-23-57_Stocago_e2hex,2394.0,2396.0,1.0
2024.11.04_06-23-57_Stocago_e2hex,2398.0,2400.0,1.0
2024.11.04_06-23-57_Stocago_e2hex,2403.0,2421.0,1.0
2024.11.04_06-23-57_Stocago_e2hex,2423.0,2737.0,1.0
2024.11.04_06-23-57_Stocago_e2hex,2739.0,5630.0,1.0
2024.11.04_06-23-57_Stocago_e2hex,5632.0,5634.0,1.0
2024.11.04_06-23-57_Stocago_e2hex,5639.0,5639.0,1.0
2024.11.04_06-23-57_Stocago_e2hex,5642.0,5642.0,1.0
2024.11.04_06-23-57_Stocago_e2hex,5644.0,5654.0,1.0
2024.11.04_06-23-57_Stocago_e2hex,5658.0,5658.0,1.0
2024.11.04_06-23-57_Stocago_e2hex,5661.0,5663.0,1.0
2024.11.04_06-23-57_Stocago_e2hex,5667.0,5678.0,1.0
2024.11.04_06-23-57_Stocago_e2hex,5680.0,5686.0,1.0
2024.11.04_06-23-57_Stocago_e2hex,5689.0,5690.0,1.0
2024.11.04_06-23-57_Stocago_e2hex,5693.0,5699.0,1.0
2024.11.04_06-23-57_Stocago_e2hex,5701.0,5704.0,1.0
2024.11.04_06-23-57_Stocago_e2hex,5706.0,5706.0,1.0
2024.11.04_06-23-57_Stocago_e2hex,5708.0,5709.0,1.0
2024.11.04_06-23-57_Stocago_e2hex,5711.0,5712.0,1.0
2024.11.04_06-23-57_Stocago_e2hex,5714.0,5714.0,1.0
2024.11.04_06-23-57_Stocago_e2hex,5718.0,5720.0,1.0
2024.11.04_06-23-57_Stocago_e2hex,5723.0,5724.0,1.0
2024.11.04_06-23-57_Stocago_e2hex,5727.0,5730.0,1.0
2024.11.04_06-23-57_Stocago_e2hex,5734.0,5734.0,1.0
2024.11.04_06-23-57_Stocago_e2hex,5737.0,5737.0,1.0
2024.11.04_06-23-57_Stocago_e2hex,5739.0,5739.0,1.0
2024.11.04_06-23-57_Stocago_e2hex,5741.0,5741.0,1.0
2024.11.04_06-23-57_Stocago_e2hex,5744.0,5744.0,1.0
2024.11.04_06-23-57_Stocago_e2hex,5747.0,5752.0,1.0
2024.11.04_06-23-57_Stocago_e2hex,5754.0,5754.0,1.0
2024.11.04_06-23-57_Stocago_e2hex,5756.0,5756.0,1.0
2024.11.04_06-23-57_Stocago_e2hex,5758.0,5770.0,1.0
2024.11.04_06-23-57_Stocago_e2hex,5772.0,5774.0,1.0
2024.11.04_06-23-57_Stocago_e2hex,5776.0,5777.0,1.0
2024.11.04_06-23-57_Stocago_e2hex,5779.0,5791.0,1.0
2024.11.04_06-23-57_Stocago_e2hex,5793.0,5797.0,1.0
2024.11.04_06-23-57_Stocago_e2hex,5799.0,5839.0,1.0
2024.11.04_06-23-57_Stocago_e2hex,5841.0,5845.0,1.0
2024.11.04_06-23-57_Stocago_e2hex,5848.0,5848.0,1.0
2024.11.04_06-23-57_Stocago_e2hex,5850.0,5862.0,1.0
2024.11.04_06-23-57_Stocago_e2hex,5864.0,5869.0,1.0
2024.11.04_06-23-57_Stocago_e2hex,5874.0,5874.0,1.0
2024.11.04_06-23-57_Stocago_e2hex,5876.0,5876.0,1.0
2024.11.04_06-23-57_Stocago_e2hex,5882.0,5882.0,1.0
2024.11.04_06-23-57_Stocago_e2hex,5885.0,5886.0,1.0
2024.11.04_06-23-57_Stocago_e2hex,5890.0,5890.0,1.0
2024.11.04_06-23-57_Stocago_e2hex,5895.0,5902.0,1.0
2024.11.04_06-23-57_Stocago_e2hex,5904.0,5910.0,1.0
2024.11.04_06-23-57_Stocago_e2hex,5913.0,5914.0,1.0
2024.11.04_06-23-57_Stocago_e2hex,5917.0,5919.0,1.0
2024.11.04_06-23-57_Stocago_e2hex,5928.0,5928.0,1.0
2024.11.04_06-23-57_Stocago_e2hex,5933.0,5933.0,1.0
2024.11.04_06-23-57_Stocago_e2hex,5952.0,5952.0,1.0
2024.11.04_06-23-57_Stocago_e2hex,5955.0,5955.0,1.0
2024.11.04_06-23-57_Stocago_e2hex,5973.0,5973.0,1.0
2024.11.04_06-23-57_Stocago_e2hex,5975.0,5975.0,1.0
2024.11.04_06-23-57_Stocago_e2hex,5980.0,5980.0,1.0
2024.11.04_06-23-57_Stocago_e2hex,6014.0,6014.0,1.0
2024.11.04_06-23-57_Stocago_e2hex,6031.0,6031.0,1.0
2024.11.04_06-23-57_Stocago_e2hex,6046.0,6046.0,1.0
2024.11.04_06-23-57_Stocago_e2hex,6050.0,6050.0,1.0
2024.11.04_06-23-57_Stocago_e2hex,6056.0,6058.0,1.0
2024.11.04_06-23-57_Stocago_e2hex,6068.0,6068.0,1.0
2024.11.04_06-23-57_Stocago_e2hex,6072.0,6072.0,1.0
2024.11.04_06-23-57_Stocago_e2hex,6074.0,6080.0,1.0
2024.11.04_06-23-57_Stocago_e2hex,6082.0,6082.0,1.0
2024.11.04_06-23-57_Stocago_e2hex,6084.0,6087.0,1.0
2024.11.04_06-23-57_Stocago_e2hex,6089.0,6089.0,1.0
2024.11.04_06-23-57_Stocago_e2hex,6091.0,6091.0,1.0
2024.11.04_06-23-57_Stocago_e2hex,6093.0,6093.0,1.0
2024.11.04_06-23-57_Stocago_e2hex,6097.0,6097.0,1.0
2024.11.04_06-23-57_Stocago_e2hex,6101.0,6101.0,1.0
2024.11.04_06-23-57_Stocago_e2hex,6105.0,6105.0,1.0
2024.11.04_06-23-57_Stocago_e2hex,6107.0,6107.0,1.0
2024.11.04_06-23-57_Stocago_e2hex,6110.0,6111.0,1.0
2024.11.04_06-23-57_Stocago_e2hex,6116.0,6117.0,1.0
2024.11.04_06-23-57_Stocago_e2hex,6121.0,6121.0,1.0
2024.11.04_06-23-57_Stocago_e2hex,6123.0,6123.0,1.0
2024.11.04_06-23-57_Stocago_e2hex,6132.0,6132.0,1.0
2024.11.04_06-23-57_Stocago_e2hex,6152.0,6153.0,1.0
2024.11.04_06-23-57_Stocago_e2hex,6158.0,6158.0,1.0
2024.11.04_06-23-57_Stocago_e2hex,6161.0,6161.0,1.0
2024.11.04_06-23-57_Stocago_e2hex,6164.0,6164.0,1.0
2024.11.04_06-23-57_Stocago_e2hex,6166.0,6168.0,1.0
2024.11.04_06-23-57_Stocago_e2hex,6177.0,6177.0,1.0
2024.11.04_06-23-57_Stocago_e2hex,6179.0,6179.0,1.0
2024.11.04_06-23-57_Stocago_e2hex,6184.0,6184.0,1.0
2024.11.04_06-23-57_Stocago_e2hex,6191.0,6193.0,1.0
2024.11.04_06-23-57_Stocago_e2hex,6196.0,6196.0,1.0
2024.11.04_06-23-57_Stocago_e2hex,6200.0,6200.0,1.0
2024.11.04_06-23-57_Stocago_e2hex,6204.0,6204.0,1.0
2024.11.04_06-23-57_Stocago_e2hex,6207.0,6207.0,1.0
2024.11.04_06-23-57_Stocago_e2hex,6214.0,6216.0,1.0
2024.11.04_06-23-57_Stocago_e2hex,6222.0,6222.0,1.0
2024.11.04_06-23-57_Stocago_e2hex,6226.0,6226.0,1.0
2024.11.04_06-23-57_Stocago_e2hex,6239.0,6239.0,1.0
2024.11.04_06-23-57_Stocago_e2hex,6242.0,6242.0,1.0
2024.11.04_06-23-57_Stocago_e2hex,6244.0,6244.0,1.0
2024.11.04_06-23-57_Stocago_e2hex,6247.0,6247.0,1.0
2024.11.04_06-23-57_Stocago_e2hex,6257.0,6257.0,1.0
2024.11.04_06-23-57_Stocago_e2hex,6262.0,6262.0,1.0
2024.11.04_06-23-57_Stocago_e2hex,6265.0,6265.0,1.0
2024.11.04_06-23-57_Stocago_e2hex,6270.0,6270.0,1.0
2024.11.04_06-23-57_Stocago_e2hex,6281.0,6281.0,1.0
2024.11.04_06-23-57_Stocago_e2hex,6283.0,6283.0,1.0
2024.11.04_06-23-57_Stocago_e2hex,6285.0,6285.0,1.0
2024.11.04_06-23-57_Stocago_e2hex,6287.0,6287.0,1.0
2024.11.04_06-23-57_Stocago_e2hex,6290.0,6290.0,1.0
2024.11.04_06-23-57_Stocago_e2hex,6295.0,6296.0,1.0
2024.11.04_06-23-57_Stocago_e2hex,6298.0,6298.0,1.0
2024.11.04_06-23-57_Stocago_e2hex,6305.0,6305.0,1.0
2024.11.04_06-23-57_Stocago_e2hex,6309.0,6309.0,1.0
2024.11.04_06-23-57_Stocago_e2hex,6311.0,6311.0,1.0
2024.11.04_06-23-57_Stocago_e2hex,6314.0,6314.0,1.0
2024.11.04_06-23-57_Stocago_e2hex,6328.0,6328.0,1.0
2024.11.04_06-23-57_Stocago_e2hex,6334.0,6335.0,1.0
2024.11.04_06-23-57_Stocago_e2hex,6337.0,6337.0,1.0
2024.11.04_06-23-57_Stocago_e2hex,6344.0,6345.0,1.0
2024.11.04_06-23-57_Stocago_e2hex,6352.0,6352.0,1.0
2024.11.04_06-23-57_Stocago_e2hex,6356.0,6357.0,1.0
2024.11.04_06-23-57_Stocago_e2hex,6364.0,6366.0,1.0
2024.11.04_06-23-57_Stocago_e2hex,6374.0,6391.0,1.0
2024.11.04_06-23-57_Stocago_e2hex,6393.0,6393.0,1.0
2024.11.04_06-23-57_Stocago_e2hex,6396.0,6397.0,1.0
2024.11.04_06-23-57_Stocago_e2hex,6400.0,6403.0,1.0
2024.11.04_06-23-57_Stocago_e2hex,6405.0,6407.0,1.0
2024.11.04_06-23-57_Stocago_e2hex,6409.0,6414.0,1.0
2024.11.04_06-23-57_Stocago_e2hex,6417.0,6432.0,1.0
2024.11.04_06-23-57_Stocago_e2hex,6434.0,6437.0,1.0
2024.11.04_06-23-57_Stocago_e2hex,6440.0,6445.0,1.0
2024.11.04_06-23-57_Stocago_e2hex,6447.0,6453.0,1.0
2024.11.04_06-23-57_Stocago_e2hex,6457.0,6475.0,1.0
2024.11.04_06-23-57_Stocago_e2hex,6477.0,6483.0,1.0
2024.11.04_06-23-57_Stocago_e2hex,6486.0,6494.0,1.0
2024.11.04_06-23-57_Stocago_e2hex,6496.0,6503.0,1.0
2024.11.04_06-23-57_Stocago_e2hex,6505.0,6506.0,1.0
2024.11.04_06-23-57_Stocago_e2hex,6509.0,6512.0,1.0
2024.11.04_06-23-57_Stocago_e2hex,6515.0,6517.0,1.0
2024.11.04_06-23-57_Stocago_e2hex,6519.0,6519.0,1.0
2024.11.04_06-23-57_Stocago_e2hex,6521.0,6521.0,1.0
2024.11.04_06-23-57_Stocago_e2hex,6523.0,6527.0,1.0
2024.11.04_06-23-57_Stocago_e2hex,6529.0,6529.0,1.0
2024.11.04_06-23-57_Stocago_e2hex,6531.0,6745.0,1.0
2024.11.04_06-23-57_Stocago_e2hex,6747.0,6750.0,1.0
2024.11.04_06-23-57_Stocago_e2hex,6752.0,6752.0,1.0
2024.11.04_06-23-57_Stocago_e2hex,6754.0,6756.0,1.0
2024.11.04_06-23-57_Stocago_e2hex,6758.0,6767.0,1.0
2024.11.04_06-23-57_Stocago_e2hex,6770.0,6771.0,1.0
2024.11.04_06-23-57_Stocago_e2hex,6774.0,6781.0,1.0
2024.11.04_06-23-57_Stocago_e2hex,6786.0,6786.0,1.0
2024.11.04_06-23-57_Stocago_e2hex,6789.0,6789.0,1.0
2024.11.04_06-23-57_Stocago_e2hex,6791.0,6794.0,1.0
2024.11.04_06-23-57_Stocago_e2hex,6798.0,6798.0,1.0
2024.11.04_06-23-57_Stocago_e2hex,6801.0,6808.0,1.0
2024.11.04_06-23-57_Stocago_e2hex,6810.0,6810.0,1.0
2024.11.04_06-23-57_Stocago_e2hex,6812.0,6813.0,1.0
2024.11.04_06-23-57_Stocago_e2hex,6817.0,6817.0,1.0
2024.11.04_06-23-57_Stocago_e2hex,6819.0,6819.0,1.0
2024.11.04_06-23-57_Stocago_e2hex,6821.0,6821.0,1.0
2024.11.04_06-23-57_Stocago_e2hex,6823.0,6823.0,1.0
2024.11.04_06-23-57_Stocago_e2hex,6827.0,6828.0,1.0
2024.11.04_06-23-57_Stocago_e2hex,6830.0,6834.0,1.0
2024.11.04_05-11-38_Stocago_e2hex,7690.0,7694.0,1.0
2024.11.04_05-11-38_Stocago_e2hex,7696.0,7696.0,1.0
2024.11.04_05-11-38_Stocago_e2hex,7698.0,7698.0,1.0
2024.11.04_05-11-38_Stocago_e2hex,7700.0,7702.0,1.0
2024.11.04_05-11-38_Stocago_e2hex,7704.0,7705.0,1.0
2024.11.04_05-11-38_Stocago_e2hex,7709.0,7715.0,1.0
2024.11.04_05-11-38_Stocago_e2hex,7718.0,7719.0,1.0
2024.11.04_05-11-38_Stocago_e2hex,7721.0,7762.0,1.0
2024.11.04_05-11-38_Stocago_e2hex,7764.0,7773.0,1.0
2024.11.04_05-11-38_Stocago_e2hex,7776.0,7778.0,1.0
2024.11.04_05-11-38_Stocago_e2hex,7781.0,8995.0,1.0
2024.11.04_05-11-38_Stocago_e2hex,8998.0,8999.0,1.0
2024.09.24_17-05-28_Yakuba7_no_odor,3.0,8999.0,1.0
2024.11.25_17-16-46_Sussex_no_odor,3725.0,3725.0,1.0
2024.11.25_17-16-46_Sussex_no_odor,3729.0,3729.0,1.0
2024.11.25_17-16-46_Sussex_no_odor,3731.0,3739.0,1.0
2024.11.25_17-16-46_Sussex_no_odor,3741.0,3747.0,1.0
2024.11.25_17-16-46_Sussex_no_odor,3749.0,3757.0,1.0
2024.11.25_17-16-46_Sussex_no_odor,3759.0,5107.0,1.0
2024.11.25_17-16-46_Sussex_no_odor,5109.0,5124.0,1.0
2024.11.25_17-16-46_Sussex_no_odor,5127.0,5137.0,1.0
2024.11.25_17-16-46_Sussex_no_odor,5139.0,5140.0,1.0
2024.11.25_17-16-46_Sussex_no_odor,5179.0,5179.0,1.0
2024.11.25_17-16-46_Sussex_no_odor,5189.0,5189.0,1.0
2024.11.25_17-16-46_Sussex_no_odor,5193.0,5194.0,1.0
2024.11.25_17-16-46_Sussex_no_odor,5196.0,5197.0,1.0
2024.11.25_17-16-46_Sussex_no_odor,5199.0,5200.0,1.0
2024.11.25_17-16-46_Sussex_no_odor,5204.0,8999.0,1.0
2024.10.14_11-12-12_CantonS_prenac,8545.0,8545.0,1.0
2024.10.14_11-12-12_CantonS_prenac,8556.0,8556.0,1.0
2024.10.14_11-12-12_CantonS_prenac,8565.0,8740.0,1.0
2024.10.17_14-37-33_Riverside_prenac,2111.0,2266.0,1.0
2024.10.17_14-37-33_Riverside_prenac,2268.0,2268.0,1.0
2024.10.17_14-37-33_Riverside_prenac,2271.0,2273.0,1.0
2024.10.17_14-37-33_Riverside_prenac,2281.0,2281.0,1.0
2024.10.17_14-37-33_Riverside_prenac,2283.0,2303.0,1.0
2024.10.17_14-37-33_Riverside_prenac,2305.0,2327.0,1.0
2024.10.17_14-37-33_Riverside_prenac,2329.0,2345.0,1.0
2024.10.17_14-37-33_Riverside_prenac,2347.0,2350.0,1.0
2024.10.17_14-37-33_Riverside_prenac,2356.0,2649.0,1.0
2024.10.17_14-37-33_Riverside_prenac,2651.0,2661.0,1.0
2024.10.17_14-37-33_Riverside_prenac,2663.0,2663.0,1.0
2024.10.17_14-37-33_Riverside_prenac,2677.0,2742.0,1.0
2024.10.17_14-37-33_Riverside_prenac,2757.0,2757.0,1.0
2024.10.17_14-37-33_Riverside_prenac,2759.0,3826.0,1.0
2024.10.17_14-37-33_Riverside_prenac,5169.0,5169.0,1.0
2024.10.17_14-37-33_Riverside_prenac,5178.0,5222.0,1.0
2024.10.17_14-37-33_Riverside_prenac,5259.0,5371.0,1.0
2024.10.17_14-37-33_Riverside_prenac,5381.0,5382.0,1.0
2024.10.17_14-37-33_Riverside_prenac,5384.0,7425.0,1.0
2024.10.17_14-37-33_Riverside_prenac,7427.0,7618.0,1.0
2024.10.17_14-37-33_Riverside_prenac,7620.0,7650.0,1.0
2024.10.17_14-37-33_Riverside_prenac,7653.0,7653.0,1.0
2024.10.17_14-37-33_Riverside_prenac,7661.0,7661.0,1.0
2024.10.17_14-37-33_Riverside_prenac,7664.0,7668.0,1.0
2024.10.17_14-37-33_Riverside_prenac,7671.0,7671.0,1.0
2024.10.17_14-37-33_Riverside_prenac,7673.0,7673.0,1.0
2024.10.17_14-37-33_Riverside_prenac,7679.0,7679.0,1.0
2024.10.17_14-37-33_Riverside_prenac,7689.0,7690.0,1.0
2024.10.17_14-37-33_Riverside_prenac,7695.0,7695.0,1.0
2024.10.17_14-37-33_Riverside_prenac,7699.0,7705.0,1.0
2024.10.17_14-37-33_Riverside_prenac,7709.0,7710.0,1.0
2024.10.17_14-37-33_Riverside_prenac,7712.0,7713.0,1.0
2024.10.17_14-37-33_Riverside_prenac,7715.0,7718.0,1.0
2024.10.17_14-37-33_Riverside_prenac,7721.0,7721.0,1.0
2024.10.17_14-37-33_Riverside_prenac,7725.0,7725.0,1.0
2024.10.17_14-37-33_Riverside_prenac,7727.0,7727.0,1.0
2024.10.17_14-37-33_Riverside_prenac,7729.0,7729.0,1.0
2024.10.17_14-37-33_Riverside_prenac,7736.0,7739.0,1.0
2024.10.17_14-37-33_Riverside_prenac,7741.0,7741.0,1.0
2024.10.17_14-37-33_Riverside_prenac,7744.0,7744.0,1.0
2024.10.17_14-37-33_Riverside_prenac,7746.0,7746.0,1.0
2024.10.17_14-37-33_Riverside_prenac,7749.0,7749.0,1.0
2024.10.17_14-37-33_Riverside_prenac,7752.0,7753.0,1.0
2024.10.17_14-37-33_Riverside_prenac,7766.0,7766.0,1.0
2024.10.17_14-37-33_Riverside_prenac,7769.0,7769.0,1.0
2024.10.17_14-37-33_Riverside_prenac,7771.0,7771.0,1.0
2024.10.17_14-37-33_Riverside_prenac,7774.0,7774.0,1.0
2024.11.05_02-28-29_Yakuba7_e2hex,7247.0,7248.0,1.0
2024.11.05_02-28-29_Yakuba7_e2hex,7250.0,7256.0,1.0
2024.11.05_02-28-29_Yakuba7_e2hex,7258.0,7263.0,1.0
2024.11.05_02-28-29_Yakuba7_e2hex,7277.0,7302.0,1.0
2024.11.05_02-28-29_Yakuba7_e2hex,7304.0,7316.0,1.0
2024.11.05_02-28-29_Yakuba7_e2hex,7318.0,8731.0,1.0
2024.11.05_02-28-29_Yakuba7_e2hex,8733.0,8999.0,1.0
2024.10.24_09-31-22_Biarmipes_G224_metben,7989.0,7990.0,1.0
2024.10.24_09-31-22_Biarmipes_G224_metben,7992.0,7992.0,1.0
2024.10.24_09-31-22_Biarmipes_G224_metben,7995.0,7996.0,1.0
2024.10.24_09-31-22_Biarmipes_G224_metben,7999.0,8006.0,1.0
2024.10.24_09-31-22_Biarmipes_G224_metben,8008.0,8009.0,1.0
2024.10.24_09-31-22_Biarmipes_G224_metben,8012.0,8034.0,1.0
2024.10.24_09-31-22_Biarmipes_G224_metben,8037.0,8040.0,1.0
2024.10.24_09-31-22_Biarmipes_G224_metben,8042.0,8042.0,1.0
2024.10.24_09-31-22_Biarmipes_G224_metben,8046.0,8047.0,1.0
2024.10.24_09-31-22_Biarmipes_G224_metben,8049.0,8051.0,1.0
2024.10.24_09-31-22_Biarmipes_G224_metben,8053.0,8192.0,1.0
2024.10.24_09-31-22_Biarmipes_G224_metben,8194.0,8206.0,1.0
2024.10.24_09-31-22_Biarmipes_G224_metben,8208.0,8222.0,1.0
2024.10.24_09-31-22_Biarmipes_G224_metben,8224.0,8236.0,1.0
2024.10.24_09-31-22_Biarmipes_G224_metben,8238.0,8248.0,1.0
2024.10.24_09-31-22_Biarmipes_G224_metben,8250.0,8250.0,1.0
2024.10.24_09-31-22_Biarmipes_G224_metben,8252.0,8499.0,1.0
2024.10.24_09-31-22_Biarmipes_G224_metben,8501.0,8998.0,1.0
2024.10.31_01-54-42_Yakuba_cameroon_metben,3.0,5.0,1.0
2024.10.31_01-54-42_Yakuba_cameroon_metben,7.0,10.0,1.0
2024.10.31_01-54-42_Yakuba_cameroon_metben,12.0,1665.0,1.0
2024.10.31_01-54-42_Yakuba_cameroon_metben,1667.0,1872.0,1.0
2024.10.08_12-11-30_Sto_car_no_odor,4051.0,8999.0,1.0
2024.10.11_11-24-51_Biarmipes_G224_1hexanol,5611.0,5665.0,1.0
2024.10.11_11-24-51_Biarmipes_G224_1hexanol,5669.0,5682.0,1.0
2024.10.11_11-24-51_Biarmipes_G224_1hexanol,5795.0,8165.0,1.0
2024.10.11_11-24-51_Biarmipes_G224_1hexanol,8168.0,8999.0,1.0
2024.10.28_06-33-08_Stocago_metben,3.0,1862.0,1.0
2024.10.28_06-33-08_Stocago_metben,1864.0,2339.0,1.0
2024.10.28_06-33-08_Stocago_metben,2341.0,2341.0,1.0
2024.10.28_06-33-08_Stocago_metben,8717.0,8717.0,1.0
2024.10.28_06-33-08_Stocago_metben,8721.0,8734.0,1.0
2024.10.28_06-33-08_Stocago_metben,8769.0,8941.0,1.0
2024.10.28_06-33-08_Stocago_metben,8945.0,8968.0,1.0
2024.10.28_06-33-08_Stocago_metben,8970.0,8978.0,1.0
2024.10.28_06-33-08_Stocago_metben,8986.0,8986.0,1.0
2024.10.28_06-33-08_Stocago_metben,8988.0,8989.0,1.0
2024.10.28_06-33-08_Stocago_metben,8991.0,8991.0,1.0
2024.10.28_06-33-08_Stocago_metben,8993.0,8999.0,1.0
2024.11.13_21-34-45_Yakuba_cameroon_e2hex,7559.0,8425.0,1.0
2024.11.13_21-34-45_Yakuba_cameroon_e2hex,8428.0,8496.0,1.0
2024.11.13_21-34-45_Yakuba_cameroon_e2hex,8498.0,8550.0,1.0
2024.11.13_21-34-45_Yakuba_cameroon_e2hex,8556.0,8999.0,1.0
2024.10.28_07-57-15_stocago_metben,7739.0,7743.0,1.0
2024.10.28_07-57-15_stocago_metben,7745.0,8099.0,1.0
2024.10.28_07-57-15_stocago_metben,8101.0,8169.0,1.0
2024.10.28_07-57-15_stocago_metben,8173.0,8999.0,1.0
2024.09.30_12-49-02_Sussex_no_odor,3184.0,3186.0,1.0
2024.09.30_12-49-02_Sussex_no_odor,3188.0,3205.0,1.0
2024.09.30_12-49-02_Sussex_no_odor,3208.0,3211.0,1.0
2024.09.30_12-49-02_Sussex_no_odor,3213.0,5320.0,1.0
2024.09.30_12-49-02_Sussex_no_odor,5322.0,5324.0,1.0
2024.09.30_12-49-02_Sussex_no_odor,5326.0,5332.0,1.0
2024.09.30_12-49-02_Sussex_no_odor,5334.0,5334.0,1.0
2024.09.30_12-49-02_Sussex_no_odor,5336.0,5336.0,1.0
2024.09.30_12-49-02_Sussex_no_odor,5339.0,5339.0,1.0
2024.09.30_12-49-02_Sussex_no_odor,5364.0,5393.0,1.0
2024.09.30_12-49-02_Sussex_no_odor,5395.0,5395.0,1.0
2024.09.30_12-49-02_Sussex_no_odor,5398.0,8423.0,1.0
2024.09.30_12-49-02_Sussex_no_odor,8425.0,8993.0,1.0
2024.10.17_09-46-04_Sto_car_prenac,5746.0,5765.0,1.0
2024.10.17_09-46-04_Sto_car_prenac,5767.0,5773.0,1.0
2024.10.17_09-46-04_Sto_car_prenac,5775.0,5836.0,1.0
2024.10.17_09-46-04_Sto_car_prenac,5838.0,5850.0,1.0
2024.10.17_09-46-04_Sto_car_prenac,5852.0,5875.0,1.0
2024.10.17_09-46-04_Sto_car_prenac,5877.0,5914.0,1.0
2024.10.17_09-46-04_Sto_car_prenac,5917.0,5934.0,1.0
2024.10.17_09-46-04_Sto_car_prenac,5936.0,5936.0,1.0
2024.10.17_09-46-04_Sto_car_prenac,5938.0,5940.0,1.0
2024.10.17_09-46-04_Sto_car_prenac,5942.0,5943.0,1.0
2024.10.17_09-46-04_Sto_car_prenac,5945.0,5947.0,1.0
2024.10.17_09-46-04_Sto_car_prenac,5949.0,5975.0,1.0
2024.10.17_09-46-04_Sto_car_prenac,5977.0,5987.0,1.0
2024.10.17_09-46-04_Sto_car_prenac,5989.0,6002.0,1.0
2024.10.17_09-46-04_Sto_car_prenac,6005.0,6005.0,1.0
2024.10.17_09-46-04_Sto_car_prenac,6007.0,6010.0,1.0
2024.10.17_09-46-04_Sto_car_prenac,6012.0,6012.0,1.0
2024.10.17_09-46-04_Sto_car_prenac,6014.0,6044.0,1.0
2024.10.17_09-46-04_Sto_car_prenac,6046.0,6047.0,1.0
2024.10.17_09-46-04_Sto_car_prenac,6049.0,6049.0,1.0
2024.10.17_09-46-04_Sto_car_prenac,6051.0,6055.0,1.0
2024.10.17_09-46-04_Sto_car_prenac,6058.0,6062.0,1.0
2024.10.17_09-46-04_Sto_car_prenac,6064.0,6077.0,1.0
2024.10.17_09-46-04_Sto_car_prenac,6079.0,6082.0,1.0
2024.10.17_09-46-04_Sto_car_prenac,6084.0,6087.0,1.0
2024.10.17_09-46-04_Sto_car_prenac,6089.0,6100.0,1.0
2024.10.17_09-46-04_Sto_car_prenac,6102.0,6111.0,1.0
2024.10.17_09-46-04_Sto_car_prenac,6113.0,6115.0,1.0
2024.10.17_09-46-04_Sto_car_prenac,6117.0,6131.0,1.0
2024.10.17_09-46-04_Sto_car_prenac,6133.0,6136.0,1.0
2024.10.17_09-46-04_Sto_car_prenac,6138.0,6145.0,1.0
2024.10.17_09-46-04_Sto_car_prenac,6147.0,6156.0,1.0
2024.10.17_09-46-04_Sto_car_prenac,6158.0,6225.0,1.0
2024.10.17_09-46-04_Sto_car_prenac,6227.0,6238.0,1.0
2024.10.17_09-46-04_Sto_car_prenac,6240.0,6353.0,1.0
2024.10.17_09-46-04_Sto_car_prenac,6355.0,6371.0,1.0
2024.10.17_09-46-04_Sto_car_prenac,6373.0,6376.0,1.0
2024.10.17_09-46-04_Sto_car_prenac,6378.0,6411.0,1.0
2024.10.17_09-46-04_Sto_car_prenac,6413.0,6424.0,1.0
2024.10.17_09-46-04_Sto_car_prenac,6426.0,7480.0,1.0
2024.10.17_09-46-04_Sto_car_prenac,7482.0,8998.0,1.0
2024.09.30_16-37-52_Biarmipes84_no_odor,4662.0,4981.0,1.0
2024.09.30_16-37-52_Biarmipes84_no_odor,4983.0,5033.0,1.0
2024.09.30_16-37-52_Biarmipes84_no_odor,5035.0,8566.0,1.0
2024.09.30_16-37-52_Biarmipes84_no_odor,8568.0,8696.0,1.0
2024.09.30_16-37-52_Biarmipes84_no_odor,8698.0,8727.0,1.0
2024.09.30_16-37-52_Biarmipes84_no_odor,8729.0,8786.0,1.0
2024.09.30_16-37-52_Biarmipes84_no_odor,8788.0,8815.0,1.0
2024.09.30_16-37-52_Biarmipes84_no_odor,8817.0,8830.0,1.0
2024.09.30_16-37-52_Biarmipes84_no_odor,8832.0,8861.0,1.0
2024.09.30_16-37-52_Biarmipes84_no_odor,8874.0,8875.0,1.0
2024.09.30_16-37-52_Biarmipes84_no_odor,8877.0,8886.0,1.0
2024.09.30_16-37-52_Biarmipes84_no_odor,8888.0,8955.0,1.0
2024.09.30_16-37-52_Biarmipes84_no_odor,8957.0,8964.0,1.0
2024.09.30_16-37-52_Biarmipes84_no_odor,8966.0,8972.0,1.0
2024.09.30_16-37-52_Biarmipes84_no_odor,8974.0,8998.0,1.0
2024.07.05_16-44-37_Riverside (no odor),3625.0,3658.0,1.0
2024.11.13_01-23-08_Sussex_e2hex,3.0,3070.0,1.0
2024.11.13_01-23-08_Sussex_e2hex,3077.0,3652.0,1.0
2024.11.13_01-23-08_Sussex_e2hex,3654.0,3663.0,1.0
2024.11.13_01-23-08_Sussex_e2hex,3665.0,3665.0,1.0
2024.11.25_18-12-24_Sechellia_no_odor,5980.0,5980.0,1.0
2024.11.25_18-12-24_Sechellia_no_odor,5982.0,8999.0,1.0
2024.11.04_07-03-37_Biarmipes84_e2hex,3509.0,3510.0,1.0
2024.11.04_07-03-37_Biarmipes84_e2hex,3515.0,3515.0,1.0
2024.11.04_07-03-37_Biarmipes84_e2hex,3518.0,3519.0,1.0
2024.11.04_07-03-37_Biarmipes84_e2hex,3521.0,3521.0,1.0
2024.11.04_07-03-37_Biarmipes84_e2hex,3523.0,3525.0,1.0
2024.11.04_07-03-37_Biarmipes84_e2hex,3527.0,3527.0,1.0
2024.11.04_07-03-37_Biarmipes84_e2hex,3529.0,3529.0,1.0
2024.11.04_07-03-37_Biarmipes84_e2hex,3534.0,3534.0,1.0
2024.11.04_07-03-37_Biarmipes84_e2hex,3538.0,3538.0,1.0
2024.11.04_07-03-37_Biarmipes84_e2hex,3540.0,3547.0,1.0
2024.11.04_07-03-37_Biarmipes84_e2hex,3549.0,3549.0,1.0
2024.11.04_07-03-37_Biarmipes84_e2hex,3552.0,3553.0,1.0
2024.11.04_07-03-37_Biarmipes84_e2hex,3555.0,3555.0,1.0
2024.11.04_07-03-37_Biarmipes84_e2hex,3557.0,3557.0,1.0
2024.11.04_07-03-37_Biarmipes84_e2hex,3559.0,3576.0,1.0
2024.11.04_07-03-37_Biarmipes84_e2hex,3579.0,3585.0,1.0
2024.11.04_07-03-37_Biarmipes84_e2hex,3587.0,3587.0,1.0
2024.11.04_07-03-37_Biarmipes84_e2hex,3589.0,3589.0,1.0
2024.11.04_07-03-37_Biarmipes84_e2hex,3591.0,3591.0,1.0
2024.11.04_07-03-37_Biarmipes84_e2hex,3593.0,3596.0,1.0
2024.11.04_07-03-37_Biarmipes84_e2hex,3598.0,3599.0,1.0
2024.11.04_07-03-37_Biarmipes84_e2hex,3601.0,3621.0,1.0
2024.11.04_07-03-37_Biarmipes84_e2hex,3623.0,3623.0,1.0
2024.11.04_07-03-37_Biarmipes84_e2hex,3625.0,3634.0,1.0
2024.11.04_07-03-37_Biarmipes84_e2hex,3636.0,3638.0,1.0
2024.11.04_07-03-37_Biarmipes84_e2hex,3640.0,3648.0,1.0
2024.11.04_07-03-37_Biarmipes84_e2hex,3650.0,3661.0,1.0
2024.11.04_07-03-37_Biarmipes84_e2hex,3663.0,3672.0,1.0
2024.11.04_07-03-37_Biarmipes84_e2hex,3674.0,3674.0,1.0
2024.11.04_07-03-37_Biarmipes84_e2hex,3676.0,3681.0,1.0
2024.11.04_07-03-37_Biarmipes84_e2hex,3683.0,3688.0,1.0
2024.11.04_07-03-37_Biarmipes84_e2hex,3690.0,3690.0,1.0
2024.11.04_07-03-37_Biarmipes84_e2hex,3692.0,3693.0,1.0
2024.11.04_07-03-37_Biarmipes84_e2hex,3695.0,3695.0,1.0
2024.11.04_07-03-37_Biarmipes84_e2hex,3698.0,3698.0,1.0
2024.11.04_07-03-37_Biarmipes84_e2hex,3700.0,3702.0,1.0
2024.11.04_07-03-37_Biarmipes84_e2hex,3705.0,3705.0,1.0
2024.11.04_07-03-37_Biarmipes84_e2hex,3707.0,3713.0,1.0
2024.11.04_07-03-37_Biarmipes84_e2hex,3715.0,3717.0,1.0
2024.11.04_07-03-37_Biarmipes84_e2hex,3720.0,3722.0,1.0
2024.11.04_07-03-37_Biarmipes84_e2hex,3724.0,3724.0,1.0
2024.11.04_07-03-37_Biarmipes84_e2hex,3726.0,3730.0,1.0
2024.11.04_07-03-37_Biarmipes84_e2hex,3733.0,3735.0,1.0
2024.11.04_07-03-37_Biarmipes84_e2hex,3738.0,3744.0,1.0
2024.11.04_07-03-37_Biarmipes84_e2hex,3746.0,5382.0,1.0
2024.11.04_07-03-37_Biarmipes84_e2hex,5384.0,5397.0,1.0
2024.11.04_07-03-37_Biarmipes84_e2hex,5399.0,5524.0,1.0
2024.11.04_07-03-37_Biarmipes84_e2hex,5526.0,5535.0,1.0
2024.11.04_07-03-37_Biarmipes84_e2hex,5537.0,5540.0,1.0
2024.11.04_07-03-37_Biarmipes84_e2hex,5542.0,5542.0,1.0
2024.11.04_07-03-37_Biarmipes84_e2hex,5544.0,5544.0,1.0
2024.11.04_07-03-37_Biarmipes84_e2hex,5558.0,5558.0,1.0
2024.11.04_07-03-37_Biarmipes84_e2hex,5563.0,5571.0,1.0
2024.11.04_07-03-37_Biarmipes84_e2hex,5574.0,5578.0,1.0
2024.11.04_07-03-37_Biarmipes84_e2hex,5580.0,5583.0,1.0
2024.11.04_07-03-37_Biarmipes84_e2hex,5585.0,5599.0,1.0
2024.11.04_07-03-37_Biarmipes84_e2hex,5601.0,5621.0,1.0
2024.11.04_07-03-37_Biarmipes84_e2hex,5623.0,5658.0,1.0
2024.11.04_07-03-37_Biarmipes84_e2hex,5660.0,5660.0,1.0
2024.11.04_07-03-37_Biarmipes84_e2hex,5663.0,5682.0,1.0
2024.11.04_07-03-37_Biarmipes84_e2hex,5687.0,5716.0,1.0
2024.11.04_07-03-37_Biarmipes84_e2hex,5718.0,5726.0,1.0
2024.11.04_07-03-37_Biarmipes84_e2hex,5728.0,5731.0,1.0
2024.11.04_07-03-37_Biarmipes84_e2hex,5733.0,5733.0,1.0
2024.11.04_07-03-37_Biarmipes84_e2hex,5737.0,5737.0,1.0
2024.11.04_07-03-37_Biarmipes84_e2hex,5739.0,5739.0,1.0
2024.11.04_07-03-37_Biarmipes84_e2hex,5742.0,5742.0,1.0
2024.11.04_07-03-37_Biarmipes84_e2hex,5744.0,5749.0,1.0
2024.11.04_07-03-37_Biarmipes84_e2hex,5751.0,5751.0,1.0
2024.11.04_07-03-37_Biarmipes84_e2hex,5754.0,5757.0,1.0
2024.11.04_07-03-37_Biarmipes84_e2hex,5759.0,5762.0,1.0
2024.11.04_07-03-37_Biarmipes84_e2hex,5764.0,5765.0,1.0
2024.11.04_07-03-37_Biarmipes84_e2hex,5767.0,5799.0,1.0
2024.11.04_07-03-37_Biarmipes84_e2hex,5803.0,5804.0,1.0
2024.11.04_07-03-37_Biarmipes84_e2hex,5806.0,5806.0,1.0
2024.11.04_07-03-37_Biarmipes84_e2hex,5808.0,5809.0,1.0
2024.11.04_07-03-37_Biarmipes84_e2hex,5819.0,5841.0,1.0
2024.11.04_07-03-37_Biarmipes84_e2hex,5843.0,5851.0,1.0
2024.11.04_07-03-37_Biarmipes84_e2hex,5853.0,5857.0,1.0
2024.11.04_07-03-37_Biarmipes84_e2hex,5860.0,5862.0,1.0
2024.11.04_07-03-37_Biarmipes84_e2hex,5864.0,5872.0,1.0
2024.11.04_07-03-37_Biarmipes84_e2hex,5876.0,5877.0,1.0
2024.11.04_07-03-37_Biarmipes84_e2hex,5881.0,5891.0,1.0
2024.10.14_09-10-11_Riverside_prenac,2032.0,2256.0,1.0
2024.10.14_09-10-11_Riverside_prenac,2266.0,2268.0,1.0
2024.10.14_09-10-11_Riverside_prenac,2272.0,2272.0,1.0
2024.10.14_09-10-11_Riverside_prenac,2292.0,2292.0,1.0
2024.10.14_09-10-11_Riverside_prenac,2298.0,2299.0,1.0
2024.10.14_09-10-11_Riverside_prenac,2301.0,3540.0,1.0
2024.10.14_09-10-11_Riverside_prenac,3554.0,3684.0,1.0
2024.10.14_09-10-11_Riverside_prenac,3686.0,3686.0,1.0
2024.10.14_09-10-11_Riverside_prenac,3718.0,3740.0,1.0
2024.10.14_09-10-11_Riverside_prenac,3742.0,3847.0,1.0
2024.10.14_09-10-11_Riverside_prenac,3849.0,3858.0,1.0
2024.10.14_09-10-11_Riverside_prenac,3880.0,4095.0,1.0
2024.10.14_09-10-11_Riverside_prenac,4101.0,4310.0,1.0
2024.10.14_09-10-11_Riverside_prenac,4312.0,4316.0,1.0
2024.10.14_09-10-11_Riverside_prenac,4318.0,4318.0,1.0
2024.10.14_09-10-11_Riverside_prenac,4322.0,4322.0,1.0
2024.10.14_09-10-11_Riverside_prenac,4336.0,4336.0,1.0
2024.10.14_09-10-11_Riverside_prenac,4340.0,5049.0,1.0
2024.10.14_09-10-11_Riverside_prenac,5052.0,5052.0,1.0
2025.04.08_11-01-38_Sussex_metbut,3.0,1631.0,1.0
2025.04.08_11-01-38_Sussex_metbut,1636.0,1658.0,1.0
2025.04.08_11-01-38_Sussex_metbut,1660.0,1660.0,1.0
2025.04.08_11-01-38_Sussex_metbut,1663.0,1689.0,1.0
2025.04.08_11-01-38_Sussex_metbut,1693.0,1702.0,1.0
2025.04.08_11-01-38_Sussex_metbut,1704.0,1708.0,1.0
2025.04.08_11-01-38_Sussex_metbut,1713.0,1723.0,1.0
2025.04.08_11-01-38_Sussex_metbut,1728.0,1729.0,1.0
2025.04.08_11-01-38_Sussex_metbut,1731.0,1740.0,1.0
2025.04.08_11-01-38_Sussex_metbut,1748.0,1754.0,1.0
2025.04.08_11-01-38_Sussex_metbut,1757.0,1758.0,1.0
2025.04.08_11-01-38_Sussex_metbut,1767.0,1977.0,1.0
2025.04.08_11-01-38_Sussex_metbut,1979.0,2040.0,1.0
2025.04.08_11-01-38_Sussex_metbut,2042.0,2065.0,1.0
2024.10.02_13-34-23_Riverside_metbut,3.0,2431.0,1.0
2024.10.02_13-34-23_Riverside_metbut,2433.0,2437.0,1.0
2024.10.29_03-30-30_Sechellia_metben,8516.0,8772.0,1.0
2024.10.29_03-30-30_Sechellia_metben,8774.0,8999.0,1.0
2024.10.29_08-07-51_Sto_car_metben,5452.0,5452.0,1.0
2024.10.29_08-07-51_Sto_car_metben,5454.0,5455.0,1.0
2024.10.29_08-07-51_Sto_car_metben,5457.0,7721.0,1.0
2024.10.29_08-07-51_Sto_car_metben,7723.0,7723.0,1.0
2024.10.29_08-07-51_Sto_car_metben,7725.0,7726.0,1.0
2024.10.29_08-07-51_Sto_car_metben,7730.0,7732.0,1.0
2024.10.29_08-07-51_Sto_car_metben,7735.0,7735.0,1.0
2024.10.29_08-07-51_Sto_car_metben,7739.0,7998.0,1.0
2024.10.29_08-07-51_Sto_car_metben,8000.0,8002.0,1.0
2024.10.29_08-07-51_Sto_car_metben,8004.0,8010.0,1.0
2024.10.29_08-07-51_Sto_car_metben,8012.0,8259.0,1.0
2024.10.29_08-07-51_Sto_car_metben,8261.0,8261.0,1.0
2024.10.29_08-07-51_Sto_car_metben,8274.0,8335.0,1.0
2024.10.29_08-07-51_Sto_car_metben,8337.0,8337.0,1.0
2024.10.29_08-07-51_Sto_car_metben,8340.0,8408.0,1.0
2024.10.29_08-07-51_Sto_car_metben,8412.0,8413.0,1.0
2024.10.29_08-07-51_Sto_car_metben,8423.0,8595.0,1.0
2024.10.29_08-07-51_Sto_car_metben,8601.0,8601.0,1.0
2024.10.29_08-07-51_Sto_car_metben,8604.0,8604.0,1.0
2024.10.29_08-07-51_Sto_car_metben,8606.0,8608.0,1.0
2024.10.29_08-07-51_Sto_car_metben,8610.0,8610.0,1.0
2024.10.29_08-07-51_Sto_car_metben,8612.0,8612.0,1.0
2024.10.11_10-23-31_Biarmipes_G224_1hexanol,8512.0,8548.0,1.0
2024.10.11_10-23-31_Biarmipes_G224_1hexanol,8550.0,8559.0,1.0
2024.10.11_10-23-31_Biarmipes_G224_1hexanol,8565.0,8999.0,1.0
2024.07.08_13-31-08_Riverside (E-2-Hex),431.0,458.0,1.0
2024.07.08_13-31-08_Riverside (E-2-Hex),8782.0,8954.0,1.0
2024.07.08_13-31-08_Riverside (E-2-Hex),8965.0,8999.0,1.0
2024.11.14_00-40-35_Sechellia_e2hex,3.0,5.0,1.0
2024.11.14_00-40-35_Sechellia_e2hex,7.0,9.0,1.0
2024.11.14_00-40-35_Sechellia_e2hex,11.0,1998.0,1.0
2024.11.14_00-40-35_Sechellia_e2hex,2000.0,2026.0,1.0
2024.11.14_00-40-35_Sechellia_e2hex,2028.0,2028.0,1.0
2024.11.14_00-40-35_Sechellia_e2hex,2030.0,2052.0,1.0
2024.11.14_00-40-35_Sechellia_e2hex,2054.0,2099.0,1.0
2024.11.14_00-40-35_Sechellia_e2hex,2103.0,2182.0,1.0
2024.11.14_00-40-35_Sechellia_e2hex,2184.0,2312.0,1.0
2024.11.14_00-40-35_Sechellia_e2hex,2314.0,2316.0,1.0
2024.11.14_00-40-35_Sechellia_e2hex,2318.0,2319.0,1.0
2024.11.14_00-40-35_Sechellia_e2hex,2321.0,2331.0,1.0
2024.11.14_00-40-35_Sechellia_e2hex,2333.0,2335.0,1.0
2024.11.14_00-40-35_Sechellia_e2hex,2339.0,2341.0,1.0
2024.11.14_00-40-35_Sechellia_e2hex,2345.0,2345.0,1.0
2024.11.14_00-40-35_Sechellia_e2hex,2351.0,2353.0,1.0
2024.11.14_00-40-35_Sechellia_e2hex,2355.0,2355.0,1.0
2024.11.14_00-40-35_Sechellia_e2hex,2361.0,2361.0,1.0
2024.11.14_00-40-35_Sechellia_e2hex,2364.0,2364.0,1.0
2024.11.14_00-40-35_Sechellia_e2hex,2368.0,2368.0,1.0
2024.11.14_00-40-35_Sechellia_e2hex,2370.0,2372.0,1.0
2024.11.14_00-40-35_Sechellia_e2hex,2397.0,2397.0,1.0
2024.11.14_00-40-35_Sechellia_e2hex,2401.0,2402.0,1.0
2024.10.31_04-16-26_Biarmipes_G224_metben,2346.0,2346.0,1.0
2024.10.31_04-16-26_Biarmipes_G224_metben,2348.0,2348.0,1.0
2024.10.31_04-16-26_Biarmipes_G224_metben,2350.0,2647.0,1.0
2024.10.31_04-16-26_Biarmipes_G224_metben,2650.0,2650.0,1.0
2024.10.31_04-16-26_Biarmipes_G224_metben,2654.0,2675.0,1.0
2024.10.31_04-16-26_Biarmipes_G224_metben,2677.0,2684.0,1.0
2024.10.31_04-16-26_Biarmipes_G224_metben,2686.0,2706.0,1.0
2024.10.31_04-16-26_Biarmipes_G224_metben,2708.0,2853.0,1.0
2024.10.31_04-16-26_Biarmipes_G224_metben,2855.0,2896.0,1.0
2024.10.31_04-16-26_Biarmipes_G224_metben,2898.0,2900.0,1.0
2024.10.31_04-16-26_Biarmipes_G224_metben,3323.0,3679.0,1.0
2024.10.31_04-16-26_Biarmipes_G224_metben,3681.0,3724.0,1.0
2024.10.31_04-16-26_Biarmipes_G224_metben,3782.0,3807.0,1.0
2024.10.31_04-16-26_Biarmipes_G224_metben,4788.0,4790.0,1.0
2024.10.31_04-16-26_Biarmipes_G224_metben,4801.0,4833.0,1.0
2024.10.31_04-16-26_Biarmipes_G224_metben,4879.0,5948.0,1.0
2024.10.31_04-16-26_Biarmipes_G224_metben,5950.0,6030.0,1.0
2024.10.31_04-16-26_Biarmipes_G224_metben,6032.0,6032.0,1.0
2024.10.31_04-16-26_Biarmipes_G224_metben,6034.0,6034.0,1.0
2024.10.31_04-16-26_Biarmipes_G224_metben,7355.0,7379.0,1.0
2024.10.31_04-16-26_Biarmipes_G224_metben,7390.0,7392.0,1.0
2024.10.31_04-16-26_Biarmipes_G224_metben,7396.0,7401.0,1.0
2024.10.31_04-16-26_Biarmipes_G224_metben,7403.0,7432.0,1.0
2024.10.31_04-16-26_Biarmipes_G224_metben,7442.0,7464.0,1.0
2024.10.31_04-16-26_Biarmipes_G224_metben,7466.0,7466.0,1.0
2024.10.31_04-16-26_Biarmipes_G224_metben,7468.0,7470.0,1.0
2024.10.31_04-16-26_Biarmipes_G224_metben,7475.0,7475.0,1.0
2024.10.31_04-16-26_Biarmipes_G224_metben,7477.0,7477.0,1.0
2024.10.31_04-16-26_Biarmipes_G224_metben,7479.0,7479.0,1.0
2024.10.31_04-16-26_Biarmipes_G224_metben,7481.0,7481.0,1.0
2024.10.31_04-16-26_Biarmipes_G224_metben,7483.0,7484.0,1.0
2024.10.31_04-16-26_Biarmipes_G224_metben,7487.0,7487.0,1.0
2024.10.31_04-16-26_Biarmipes_G224_metben,7494.0,7494.0,1.0
2024.10.31_04-16-26_Biarmipes_G224_metben,7498.0,7498.0,1.0
2024.10.31_04-16-26_Biarmipes_G224_metben,7519.0,7520.0,1.0
2024.10.31_04-16-26_Biarmipes_G224_metben,7522.0,8195.0,1.0
2024.10.31_04-16-26_Biarmipes_G224_metben,8197.0,8219.0,1.0
2024.10.31_04-16-26_Biarmipes_G224_metben,8225.0,8999.0,1.0
2024.09.30_14-44-36_Yakuba_cameroon_no_odor,2676.0,2677.0,1.0
2024.09.30_14-44-36_Yakuba_cameroon_no_odor,2679.0,2681.0,1.0
2024.09.30_14-44-36_Yakuba_cameroon_no_odor,2683.0,2684.0,1.0
2024.09.30_14-44-36_Yakuba_cameroon_no_odor,2686.0,2701.0,1.0
2024.09.30_14-44-36_Yakuba_cameroon_no_odor,2703.0,2708.0,1.0
2024.09.30_14-44-36_Yakuba_cameroon_no_odor,2710.0,2717.0,1.0
2024.09.30_14-44-36_Yakuba_cameroon_no_odor,2719.0,2731.0,1.0
2024.09.30_14-44-36_Yakuba_cameroon_no_odor,2733.0,2734.0,1.0
2024.09.30_14-44-36_Yakuba_cameroon_no_odor,2736.0,2761.0,1.0
2024.09.30_14-44-36_Yakuba_cameroon_no_odor,2763.0,2766.0,1.0
2024.09.30_14-44-36_Yakuba_cameroon_no_odor,2768.0,2774.0,1.0
2024.09.30_14-44-36_Yakuba_cameroon_no_odor,2776.0,2778.0,1.0
2024.09.30_14-44-36_Yakuba_cameroon_no_odor,2780.0,2789.0,1.0
2024.09.30_14-44-36_Yakuba_cameroon_no_odor,2791.0,2822.0,1.0
2024.09.30_14-44-36_Yakuba_cameroon_no_odor,2824.0,2829.0,1.0
2024.09.30_14-44-36_Yakuba_cameroon_no_odor,2831.0,2835.0,1.0
2024.09.30_14-44-36_Yakuba_cameroon_no_odor,2838.0,2851.0,1.0
2024.09.30_14-44-36_Yakuba_cameroon_no_odor,2853.0,2862.0,1.0
2024.09.30_14-44-36_Yakuba_cameroon_no_odor,2864.0,2864.0,1.0
2024.09.30_14-44-36_Yakuba_cameroon_no_odor,2866.0,2871.0,1.0
2024.09.30_14-44-36_Yakuba_cameroon_no_odor,2874.0,2881.0,1.0
2024.09.30_14-44-36_Yakuba_cameroon_no_odor,2883.0,2889.0,1.0
2024.09.30_14-44-36_Yakuba_cameroon_no_odor,2891.0,2894.0,1.0
2024.09.30_14-44-36_Yakuba_cameroon_no_odor,2896.0,2931.0,1.0
2024.09.30_14-44-36_Yakuba_cameroon_no_odor,2933.0,3418.0,1.0
2024.09.30_14-44-36_Yakuba_cameroon_no_odor,3420.0,3446.0,1.0
2024.09.30_14-44-36_Yakuba_cameroon_no_odor,3448.0,3499.0,1.0
2024.09.30_14-44-36_Yakuba_cameroon_no_odor,3501.0,3849.0,1.0
2024.09.30_14-44-36_Yakuba_cameroon_no_odor,3851.0,3885.0,1.0
2024.09.30_14-44-36_Yakuba_cameroon_no_odor,3887.0,3887.0,1.0
2024.09.30_14-44-36_Yakuba_cameroon_no_odor,3889.0,5125.0,1.0
2024.09.30_14-44-36_Yakuba_cameroon_no_odor,5127.0,5133.0,1.0
2024.09.30_14-44-36_Yakuba_cameroon_no_odor,5135.0,5211.0,1.0
2024.09.30_14-44-36_Yakuba_cameroon_no_odor,5213.0,5213.0,1.0
2024.09.30_14-44-36_Yakuba_cameroon_no_odor,5215.0,5215.0,1.0
2024.09.30_14-44-36_Yakuba_cameroon_no_odor,5217.0,5239.0,1.0
2024.09.30_14-44-36_Yakuba_cameroon_no_odor,5241.0,5243.0,1.0
2024.12.01_19-16-04_Biarmipes84_prenac,3.0,11.0,1.0
2024.12.01_19-16-04_Biarmipes84_prenac,13.0,21.0,1.0
2024.12.01_19-16-04_Biarmipes84_prenac,23.0,33.0,1.0
2024.12.01_19-16-04_Biarmipes84_prenac,36.0,36.0,1.0
2024.12.01_19-16-04_Biarmipes84_prenac,41.0,47.0,1.0
2024.12.01_19-16-04_Biarmipes84_prenac,51.0,51.0,1.0
2024.12.01_19-16-04_Biarmipes84_prenac,53.0,57.0,1.0
2024.12.01_19-16-04_Biarmipes84_prenac,60.0,61.0,1.0
2024.12.01_19-16-04_Biarmipes84_prenac,65.0,67.0,1.0
2024.12.01_19-16-04_Biarmipes84_prenac,70.0,72.0,1.0
2024.12.01_19-16-04_Biarmipes84_prenac,76.0,77.0,1.0
2024.12.01_19-16-04_Biarmipes84_prenac,79.0,79.0,1.0
2024.12.01_19-16-04_Biarmipes84_prenac,82.0,83.0,1.0
2024.12.01_19-16-04_Biarmipes84_prenac,87.0,87.0,1.0
2024.12.01_19-16-04_Biarmipes84_prenac,89.0,576.0,1.0
2024.12.01_19-16-04_Biarmipes84_prenac,580.0,580.0,1.0
2024.12.01_19-16-04_Biarmipes84_prenac,582.0,2397.0,1.0
2024.12.01_19-16-04_Biarmipes84_prenac,2399.0,2405.0,1.0
2024.12.01_19-16-04_Biarmipes84_prenac,2407.0,2411.0,1.0
2024.12.01_19-16-04_Biarmipes84_prenac,3362.0,3378.0,1.0
2024.12.01_19-16-04_Biarmipes84_prenac,3380.0,3916.0,1.0
2024.12.01_19-16-04_Biarmipes84_prenac,3918.0,3950.0,1.0
2024.12.01_19-16-04_Biarmipes84_prenac,4006.0,4049.0,1.0
2024.12.01_19-16-04_Biarmipes84_prenac,4052.0,4056.0,1.0
2024.12.01_19-16-04_Biarmipes84_prenac,4058.0,4074.0,1.0
2024.10.29_04-09-25_Biarmipes84_metben,1444.0,1523.0,1.0
2024.10.29_04-09-25_Biarmipes84_metben,1530.0,1615.0,1.0
2024.10.29_04-09-25_Biarmipes84_metben,1620.0,2141.0,1.0
2024.10.29_04-09-25_Biarmipes84_metben,2147.0,4552.0,1.0
2024.10.29_04-09-25_Biarmipes84_metben,4554.0,4577.0,1.0
2024.10.29_04-09-25_Biarmipes84_metben,4581.0,4581.0,1.0
2024.10.29_04-09-25_Biarmipes84_metben,4583.0,4583.0,1.0
2024.10.29_04-09-25_Biarmipes84_metben,4585.0,4585.0,1.0
2024.10.29_04-09-25_Biarmipes84_metben,4589.0,4589.0,1.0
2024.10.29_04-09-25_Biarmipes84_metben,4596.0,4596.0,1.0
2024.10.29_04-09-25_Biarmipes84_metben,4599.0,4600.0,1.0
2024.10.29_04-09-25_Biarmipes84_metben,4605.0,4610.0,1.0
2024.10.29_04-09-25_Biarmipes84_metben,4614.0,4615.0,1.0
2024.10.29_04-09-25_Biarmipes84_metben,4617.0,4620.0,1.0
2024.10.29_04-09-25_Biarmipes84_metben,4624.0,4625.0,1.0
2024.10.29_04-09-25_Biarmipes84_metben,4628.0,4633.0,1.0
2024.10.29_04-09-25_Biarmipes84_metben,4635.0,4635.0,1.0
2024.10.29_04-09-25_Biarmipes84_metben,4637.0,4640.0,1.0
2024.10.29_04-09-25_Biarmipes84_metben,4643.0,4652.0,1.0
2024.10.29_04-09-25_Biarmipes84_metben,4654.0,4658.0,1.0
2024.10.29_04-09-25_Biarmipes84_metben,4660.0,4662.0,1.0
2024.10.29_04-09-25_Biarmipes84_metben,4664.0,4665.0,1.0
2024.10.29_04-09-25_Biarmipes84_metben,4668.0,4668.0,1.0
2024.10.29_04-09-25_Biarmipes84_metben,4670.0,4673.0,1.0
2024.10.29_04-09-25_Biarmipes84_metben,4677.0,4678.0,1.0
2024.10.29_04-09-25_Biarmipes84_metben,4680.0,4687.0,1.0
2024.10.29_04-09-25_Biarmipes84_metben,4690.0,4692.0,1.0
2024.10.29_04-09-25_Biarmipes84_metben,4694.0,4696.0,1.0
2024.10.29_04-09-25_Biarmipes84_metben,4698.0,4699.0,1.0
2024.10.29_04-09-25_Biarmipes84_metben,4703.0,4703.0,1.0
2024.10.29_04-09-25_Biarmipes84_metben,4705.0,4707.0,1.0
2024.10.29_04-09-25_Biarmipes84_metben,4709.0,4725.0,1.0
2024.10.29_04-09-25_Biarmipes84_metben,4729.0,4755.0,1.0
2024.10.29_04-09-25_Biarmipes84_metben,4758.0,4759.0,1.0
2024.10.29_04-09-25_Biarmipes84_metben,4762.0,4784.0,1.0
2024.10.29_04-09-25_Biarmipes84_metben,4786.0,4879.0,1.0
2024.11.13_03-13-30_Yakuba7_e2hex,3.0,3093.0,1.0
2024.11.13_03-13-30_Yakuba7_e2hex,3095.0,3117.0,1.0
2024.11.13_03-13-30_Yakuba7_e2hex,3119.0,3134.0,1.0
2024.11.13_03-13-30_Yakuba7_e2hex,3136.0,3151.0,1.0
2024.11.13_03-13-30_Yakuba7_e2hex,3153.0,3231.0,1.0
2024.11.13_03-13-30_Yakuba7_e2hex,3233.0,3255.0,1.0
2024.11.13_03-13-30_Yakuba7_e2hex,3257.0,3260.0,1.0
2024.11.13_03-13-30_Yakuba7_e2hex,3262.0,3293.0,1.0
2024.11.13_03-13-30_Yakuba7_e2hex,3295.0,3297.0,1.0
2024.11.13_03-13-30_Yakuba7_e2hex,3300.0,3302.0,1.0
2024.11.13_03-13-30_Yakuba7_e2hex,3304.0,3304.0,1.0
2024.11.13_03-13-30_Yakuba7_e2hex,3306.0,3312.0,1.0
2024.11.13_03-13-30_Yakuba7_e2hex,3314.0,3320.0,1.0
2024.11.13_03-13-30_Yakuba7_e2hex,3323.0,3349.0,1.0
2024.11.13_03-13-30_Yakuba7_e2hex,3351.0,3351.0,1.0
2024.11.13_03-13-30_Yakuba7_e2hex,3353.0,3360.0,1.0
2024.11.13_03-13-30_Yakuba7_e2hex,3373.0,3373.0,1.0
2024.11.13_03-13-30_Yakuba7_e2hex,3495.0,3495.0,1.0
2024.11.13_03-13-30_Yakuba7_e2hex,3517.0,3517.0,1.0
2024.11.13_03-13-30_Yakuba7_e2hex,3519.0,3519.0,1.0
2024.11.13_03-13-30_Yakuba7_e2hex,3536.0,3536.0,1.0
2024.11.13_03-13-30_Yakuba7_e2hex,3538.0,3538.0,1.0
2024.11.13_03-13-30_Yakuba7_e2hex,3540.0,3542.0,1.0
2024.11.13_03-13-30_Yakuba7_e2hex,3547.0,3547.0,1.0
2024.11.13_03-13-30_Yakuba7_e2hex,3549.0,3550.0,1.0
2024.11.13_03-13-30_Yakuba7_e2hex,3552.0,3552.0,1.0
2024.11.13_03-13-30_Yakuba7_e2hex,3554.0,3554.0,1.0
2024.11.13_03-13-30_Yakuba7_e2hex,3560.0,3560.0,1.0
2024.11.13_03-13-30_Yakuba7_e2hex,3562.0,3562.0,1.0
2024.11.13_03-13-30_Yakuba7_e2hex,3564.0,3565.0,1.0
2024.11.13_03-13-30_Yakuba7_e2hex,3571.0,3573.0,1.0
2024.11.13_03-13-30_Yakuba7_e2hex,3579.0,3580.0,1.0
2024.11.13_03-13-30_Yakuba7_e2hex,3588.0,3588.0,1.0
2024.11.13_03-13-30_Yakuba7_e2hex,3592.0,3592.0,1.0
2024.11.13_03-13-30_Yakuba7_e2hex,3598.0,3598.0,1.0
2024.11.13_03-13-30_Yakuba7_e2hex,3648.0,3648.0,1.0
2024.11.13_03-13-30_Yakuba7_e2hex,3651.0,3651.0,1.0
2024.11.13_03-13-30_Yakuba7_e2hex,3694.0,3694.0,1.0
2024.11.13_03-13-30_Yakuba7_e2hex,3699.0,3699.0,1.0
2024.11.13_03-13-30_Yakuba7_e2hex,3706.0,3707.0,1.0
2024.11.13_03-13-30_Yakuba7_e2hex,3713.0,3713.0,1.0
2024.11.13_03-13-30_Yakuba7_e2hex,3717.0,3718.0,1.0
2024.11.13_03-13-30_Yakuba7_e2hex,3725.0,3726.0,1.0
2024.11.13_03-13-30_Yakuba7_e2hex,3728.0,3733.0,1.0
2024.11.13_03-13-30_Yakuba7_e2hex,3736.0,3736.0,1.0
2024.11.13_03-13-30_Yakuba7_e2hex,3740.0,3742.0,1.0
2024.11.13_03-13-30_Yakuba7_e2hex,3744.0,3746.0,1.0
2024.11.13_03-13-30_Yakuba7_e2hex,3748.0,3748.0,1.0
2024.11.13_03-13-30_Yakuba7_e2hex,3750.0,3753.0,1.0
2024.11.13_03-13-30_Yakuba7_e2hex,3755.0,3761.0,1.0
2024.11.13_03-13-30_Yakuba7_e2hex,3763.0,3768.0,1.0
2024.11.13_03-13-30_Yakuba7_e2hex,3771.0,3771.0,1.0
2024.11.13_03-13-30_Yakuba7_e2hex,3775.0,3777.0,1.0
2024.11.13_03-13-30_Yakuba7_e2hex,3781.0,3782.0,1.0
2024.11.13_03-13-30_Yakuba7_e2hex,3785.0,3786.0,1.0
2024.11.13_03-13-30_Yakuba7_e2hex,3790.0,3792.0,1.0
2024.11.13_03-13-30_Yakuba7_e2hex,3795.0,3796.0,1.0
2024.11.13_03-13-30_Yakuba7_e2hex,3798.0,3798.0,1.0
2024.11.13_03-13-30_Yakuba7_e2hex,3800.0,3801.0,1.0
2024.11.13_03-13-30_Yakuba7_e2hex,3803.0,3803.0,1.0
2024.11.13_03-13-30_Yakuba7_e2hex,3806.0,3809.0,1.0
2024.11.13_03-13-30_Yakuba7_e2hex,3812.0,3812.0,1.0
2024.11.13_03-13-30_Yakuba7_e2hex,3814.0,3814.0,1.0
2024.11.13_03-13-30_Yakuba7_e2hex,3816.0,3816.0,1.0
2024.11.13_03-13-30_Yakuba7_e2hex,3819.0,3819.0,1.0
2024.11.13_03-13-30_Yakuba7_e2hex,3821.0,3822.0,1.0
2024.11.13_03-13-30_Yakuba7_e2hex,3824.0,3828.0,1.0
2024.11.13_03-13-30_Yakuba7_e2hex,3830.0,3831.0,1.0
2024.11.13_03-13-30_Yakuba7_e2hex,3839.0,3839.0,1.0
2024.11.13_03-13-30_Yakuba7_e2hex,3846.0,3846.0,1.0
2024.11.13_03-13-30_Yakuba7_e2hex,3852.0,3852.0,1.0
2024.11.13_03-13-30_Yakuba7_e2hex,3855.0,3855.0,1.0
2024.11.13_03-13-30_Yakuba7_e2hex,3860.0,3861.0,1.0
2024.12.12_19-06-43_Riverside_no_odor,5242.0,5242.0,1.0
2024.12.12_19-06-43_Riverside_no_odor,5244.0,5244.0,1.0
2024.12.12_19-06-43_Riverside_no_odor,5246.0,5246.0,1.0
2024.12.12_19-06-43_Riverside_no_odor,5251.0,5251.0,1.0
2024.12.12_19-06-43_Riverside_no_odor,5256.0,5257.0,1.0
2024.12.12_19-06-43_Riverside_no_odor,5262.0,5266.0,1.0
2024.12.12_19-06-43_Riverside_no_odor,5269.0,5270.0,1.0
2024.12.12_19-06-43_Riverside_no_odor,5273.0,5274.0,1.0
2024.12.12_19-06-43_Riverside_no_odor,5280.0,5280.0,1.0
2024.12.12_19-06-43_Riverside_no_odor,5284.0,5285.0,1.0
2024.12.12_19-06-43_Riverside_no_odor,5287.0,5287.0,1.0
2024.12.12_19-06-43_Riverside_no_odor,5289.0,5290.0,1.0
2024.12.12_19-06-43_Riverside_no_odor,5292.0,5292.0,1.0
2024.12.12_19-06-43_Riverside_no_odor,5294.0,5332.0,1.0
2024.12.12_19-06-43_Riverside_no_odor,5334.0,5618.0,1.0
2024.12.12_19-06-43_Riverside_no_odor,5620.0,5665.0,1.0
2024.12.12_19-06-43_Riverside_no_odor,5667.0,5735.0,1.0
2024.12.12_19-06-43_Riverside_no_odor,5737.0,6440.0,1.0
2024.12.12_19-06-43_Riverside_no_odor,6442.0,6470.0,1.0
2024.12.12_19-06-43_Riverside_no_odor,6472.0,6503.0,1.0
2024.12.12_19-06-43_Riverside_no_odor,6505.0,6505.0,1.0
2024.12.12_19-06-43_Riverside_no_odor,6508.0,6514.0,1.0
2024.12.12_19-06-43_Riverside_no_odor,6516.0,6517.0,1.0
2024.12.12_19-06-43_Riverside_no_odor,6519.0,6592.0,1.0
2024.12.12_19-06-43_Riverside_no_odor,6594.0,6625.0,1.0
2024.12.12_19-06-43_Riverside_no_odor,6627.0,6630.0,1.0
2024.12.12_19-06-43_Riverside_no_odor,6632.0,6633.0,1.0
2024.12.12_19-06-43_Riverside_no_odor,6635.0,6636.0,1.0
2024.12.12_19-06-43_Riverside_no_odor,6638.0,6649.0,1.0
2024.12.12_19-06-43_Riverside_no_odor,6651.0,6667.0,1.0
2024.12.12_19-06-43_Riverside_no_odor,6669.0,6669.0,1.0
2024.12.12_19-06-43_Riverside_no_odor,6672.0,6710.0,1.0
2024.12.12_19-06-43_Riverside_no_odor,6713.0,6716.0,1.0
2024.12.12_19-06-43_Riverside_no_odor,6721.0,6724.0,1.0
2024.12.12_19-06-43_Riverside_no_odor,6726.0,6726.0,1.0
2024.12.12_19-06-43_Riverside_no_odor,6733.0,6733.0,1.0
2024.12.12_19-06-43_Riverside_no_odor,6736.0,6737.0,1.0
2024.12.12_19-06-43_Riverside_no_odor,6740.0,6741.0,1.0
2024.12.12_19-06-43_Riverside_no_odor,6744.0,6760.0,1.0
2024.12.12_19-06-43_Riverside_no_odor,6765.0,6765.0,1.0
2024.12.12_19-06-43_Riverside_no_odor,6767.0,6774.0,1.0
2024.12.12_19-06-43_Riverside_no_odor,6776.0,6777.0,1.0
2024.12.12_19-06-43_Riverside_no_odor,6782.0,6795.0,1.0
2024.12.12_19-06-43_Riverside_no_odor,6797.0,6813.0,1.0
2024.12.12_19-06-43_Riverside_no_odor,6815.0,6816.0,1.0
2024.12.12_19-06-43_Riverside_no_odor,6819.0,6819.0,1.0
2024.12.12_19-06-43_Riverside_no_odor,6821.0,6821.0,1.0
2024.12.12_19-06-43_Riverside_no_odor,6823.0,6826.0,1.0
2024.12.12_19-06-43_Riverside_no_odor,6828.0,6828.0,1.0
2024.12.12_19-06-43_Riverside_no_odor,6831.0,6832.0,1.0
2024.12.12_19-06-43_Riverside_no_odor,6834.0,6837.0,1.0
2024.12.12_19-06-43_Riverside_no_odor,6840.0,6841.0,1.0
2024.12.12_19-06-43_Riverside_no_odor,6843.0,6912.0,1.0
2024.12.12_19-06-43_Riverside_no_odor,6914.0,6926.0,1.0
2024.12.12_19-06-43_Riverside_no_odor,6928.0,6929.0,1.0
2024.12.12_19-06-43_Riverside_no_odor,6932.0,6933.0,1.0
2024.12.12_19-06-43_Riverside_no_odor,6935.0,6939.0,1.0
2024.12.12_19-06-43_Riverside_no_odor,6941.0,6943.0,1.0
2024.12.12_19-06-43_Riverside_no_odor,6945.0,6946.0,1.0
2024.12.12_19-06-43_Riverside_no_odor,6949.0,6950.0,1.0
2024.12.12_19-06-43_Riverside_no_odor,6953.0,6962.0,1.0
2024.12.12_19-06-43_Riverside_no_odor,6964.0,6971.0,1.0
2024.12.12_19-06-43_Riverside_no_odor,6975.0,7122.0,1.0
2024.12.12_19-06-43_Riverside_no_odor,7124.0,7144.0,1.0
2024.12.12_19-06-43_Riverside_no_odor,7148.0,7152.0,1.0
2024.12.12_19-06-43_Riverside_no_odor,7156.0,7168.0,1.0
2024.12.12_19-06-43_Riverside_no_odor,7170.0,7186.0,1.0
2024.12.12_19-06-43_Riverside_no_odor,7188.0,7193.0,1.0
2024.12.12_19-06-43_Riverside_no_odor,7196.0,7276.0,1.0
2024.12.12_19-06-43_Riverside_no_odor,7278.0,7278.0,1.0
2024.12.12_19-06-43_Riverside_no_odor,7280.0,7326.0,1.0
2024.12.12_19-06-43_Riverside_no_odor,7328.0,7346.0,1.0
2024.12.12_19-06-43_Riverside_no_odor,7348.0,8183.0,1.0
2024.12.12_19-06-43_Riverside_no_odor,8185.0,8252.0,1.0
2024.12.12_19-06-43_Riverside_no_odor,8254.0,8258.0,1.0
2024.12.12_19-06-43_Riverside_no_odor,8260.0,8289.0,1.0
2024.12.12_19-06-43_Riverside_no_odor,8291.0,8294.0,1.0
2024.12.12_19-06-43_Riverside_no_odor,8296.0,8303.0,1.0
2024.12.12_19-06-43_Riverside_no_odor,8305.0,8970.0,1.0
2024.10.03_14-19-42_Yakuba7_2hex,3.0,1592.0,1.0
2025.04.08_11-25-49_Sussex_metbut,3.0,389.0,1.0
2025.04.08_11-25-49_Sussex_metbut,392.0,394.0,1.0
2025.04.08_11-25-49_Sussex_metbut,879.0,880.0,1.0
2025.04.08_11-25-49_Sussex_metbut,882.0,882.0,1.0
2025.04.08_11-25-49_Sussex_metbut,884.0,1014.0,1.0
2025.04.08_11-25-49_Sussex_metbut,1017.0,1059.0,1.0
2025.04.08_11-25-49_Sussex_metbut,1062.0,1063.0,1.0
2025.04.08_11-25-49_Sussex_metbut,1065.0,1065.0,1.0
2025.04.08_11-25-49_Sussex_metbut,5011.0,5033.0,1.0
2025.04.08_11-25-49_Sussex_metbut,5035.0,5037.0,1.0
2025.04.08_11-25-49_Sussex_metbut,5039.0,5056.0,1.0
2025.04.08_11-25-49_Sussex_metbut,5058.0,7391.0,1.0
2025.04.08_11-25-49_Sussex_metbut,7393.0,7406.0,1.0
2025.04.08_11-25-49_Sussex_metbut,7408.0,7426.0,1.0
2025.04.08_11-25-49_Sussex_metbut,7428.0,7809.0,1.0
2025.04.08_11-25-49_Sussex_metbut,7811.0,7821.0,1.0
2025.04.08_11-25-49_Sussex_metbut,7823.0,7825.0,1.0
2025.04.08_11-25-49_Sussex_metbut,7827.0,7836.0,1.0
2025.04.08_11-25-49_Sussex_metbut,7838.0,7844.0,1.0
2025.04.08_11-25-49_Sussex_metbut,7846.0,7847.0,1.0
2025.04.08_11-25-49_Sussex_metbut,7849.0,7860.0,1.0
2024.11.04_09-22-52_Sechellia28_e2hex,6778.0,6778.0,1.0
2024.11.04_09-22-52_Sechellia28_e2hex,6780.0,6783.0,1.0
2024.11.04_09-22-52_Sechellia28_e2hex,6786.0,6786.0,1.0
2024.11.04_09-22-52_Sechellia28_e2hex,6788.0,6790.0,1.0
2024.11.04_09-22-52_Sechellia28_e2hex,6792.0,6793.0,1.0
2024.11.04_09-22-52_Sechellia28_e2hex,6795.0,6795.0,1.0
2024.11.04_09-22-52_Sechellia28_e2hex,6797.0,6797.0,1.0
2024.11.04_09-22-52_Sechellia28_e2hex,6799.0,6799.0,1.0
2024.11.04_09-22-52_Sechellia28_e2hex,6801.0,6804.0,1.0
2024.11.04_09-22-52_Sechellia28_e2hex,6807.0,6822.0,1.0
2024.11.04_09-22-52_Sechellia28_e2hex,6825.0,6830.0,1.0
2024.11.04_09-22-52_Sechellia28_e2hex,6832.0,8944.0,1.0
2024.10.02_10-38-57_Biarmipes_G224_no_odor,3.0,242.0,1.0
2024.10.02_10-38-57_Biarmipes_G224_no_odor,244.0,244.0,1.0
2024.10.02_10-38-57_Biarmipes_G224_no_odor,246.0,254.0,1.0
2024.10.02_10-38-57_Biarmipes_G224_no_odor,261.0,462.0,1.0
2024.10.02_10-38-57_Biarmipes_G224_no_odor,464.0,465.0,1.0
2024.10.02_10-38-57_Biarmipes_G224_no_odor,467.0,467.0,1.0
2024.10.02_10-38-57_Biarmipes_G224_no_odor,469.0,477.0,1.0
2024.10.31_04-10-43_Biarmipes_G224_metben,3207.0,4001.0,1.0
2024.10.31_04-10-43_Biarmipes_G224_metben,4003.0,4003.0,1.0
2024.10.31_04-10-43_Biarmipes_G224_metben,4006.0,4007.0,1.0
2024.10.31_04-10-43_Biarmipes_G224_metben,4011.0,4058.0,1.0
2024.10.31_04-10-43_Biarmipes_G224_metben,4067.0,4072.0,1.0
2024.10.31_04-10-43_Biarmipes_G224_metben,4074.0,4076.0,1.0
2024.10.31_04-10-43_Biarmipes_G224_metben,4078.0,4081.0,1.0
2024.10.31_04-10-43_Biarmipes_G224_metben,4092.0,4163.0,1.0
2024.10.31_04-10-43_Biarmipes_G224_metben,4167.0,4175.0,1.0
2024.10.31_04-10-43_Biarmipes_G224_metben,4185.0,4186.0,1.0
2024.10.31_04-10-43_Biarmipes_G224_metben,4188.0,4222.0,1.0
2024.10.31_04-10-43_Biarmipes_G224_metben,4227.0,4239.0,1.0
2024.10.31_04-10-43_Biarmipes_G224_metben,6445.0,6548.0,1.0
2024.10.31_04-10-43_Biarmipes_G224_metben,6560.0,8916.0,1.0
2024.11.13_04-09-32_Biarmipes84_e2hex,3947.0,4009.0,1.0
2024.11.13_04-09-32_Biarmipes84_e2hex,4011.0,4022.0,1.0
2024.11.13_04-09-32_Biarmipes84_e2hex,4025.0,4025.0,1.0
2024.11.13_04-09-32_Biarmipes84_e2hex,4027.0,4029.0,1.0
2024.11.13_04-09-32_Biarmipes84_e2hex,4031.0,4048.0,1.0
2024.11.13_04-09-32_Biarmipes84_e2hex,4050.0,4050.0,1.0
2024.11.13_04-09-32_Biarmipes84_e2hex,4053.0,4366.0,1.0
2024.11.13_04-09-32_Biarmipes84_e2hex,4368.0,4369.0,1.0
2024.11.13_04-09-32_Biarmipes84_e2hex,4371.0,4373.0,1.0
2024.11.13_04-09-32_Biarmipes84_e2hex,4378.0,4384.0,1.0
2024.11.13_04-09-32_Biarmipes84_e2hex,4386.0,4387.0,1.0
2024.11.13_04-09-32_Biarmipes84_e2hex,4393.0,4393.0,1.0
2024.11.13_04-09-32_Biarmipes84_e2hex,4395.0,4395.0,1.0
2024.11.13_04-09-32_Biarmipes84_e2hex,4399.0,4399.0,1.0
2024.11.13_04-09-32_Biarmipes84_e2hex,4404.0,4406.0,1.0
2024.11.13_04-09-32_Biarmipes84_e2hex,4409.0,4409.0,1.0
2024.11.13_04-09-32_Biarmipes84_e2hex,4411.0,4411.0,1.0
2024.11.13_04-09-32_Biarmipes84_e2hex,4419.0,4421.0,1.0
2024.11.13_04-09-32_Biarmipes84_e2hex,4425.0,4425.0,1.0
2024.11.13_04-09-32_Biarmipes84_e2hex,4427.0,4427.0,1.0
2024.11.13_04-09-32_Biarmipes84_e2hex,4430.0,4430.0,1.0
2024.11.13_04-09-32_Biarmipes84_e2hex,4436.0,4436.0,1.0
2024.11.13_04-09-32_Biarmipes84_e2hex,4948.0,4969.0,1.0
2024.10.04_13-19-30_Sussex_no_odor,3.0,1434.0,1.0
2024.10.04_13-19-30_Sussex_no_odor,1436.0,1438.0,1.0
2024.10.04_13-19-30_Sussex_no_odor,1452.0,1452.0,1.0
2024.10.04_13-19-30_Sussex_no_odor,1455.0,2383.0,1.0
2024.10.04_13-19-30_Sussex_no_odor,2385.0,2401.0,1.0
2024.10.04_13-19-30_Sussex_no_odor,2403.0,2404.0,1.0
2024.10.04_13-19-30_Sussex_no_odor,2406.0,2409.0,1.0
2024.10.04_13-19-30_Sussex_no_odor,2420.0,2423.0,1.0
2024.10.04_13-19-30_Sussex_no_odor,2425.0,2428.0,1.0
2024.12.19_14-12-59_Biarmipes_G224_no_odor,2296.0,5027.0,1.0
2024.12.19_14-12-59_Biarmipes_G224_no_odor,5029.0,5060.0,1.0
2024.12.19_14-12-59_Biarmipes_G224_no_odor,5062.0,5066.0,1.0
2024.12.19_14-12-59_Biarmipes_G224_no_odor,5069.0,5079.0,1.0
2024.12.19_14-12-59_Biarmipes_G224_no_odor,5086.0,5086.0,1.0
2024.11.25_19-34-49_Biarmipes84_no_odor,3.0,2347.0,1.0
2024.11.25_19-34-49_Biarmipes84_no_odor,2350.0,2352.0,1.0
2024.11.25_19-34-49_Biarmipes84_no_odor,2354.0,2355.0,1.0
2024.11.25_19-34-49_Biarmipes84_no_odor,2357.0,2358.0,1.0
2024.11.25_19-34-49_Biarmipes84_no_odor,2360.0,2360.0,1.0
2024.11.25_19-34-49_Biarmipes84_no_odor,2362.0,2362.0,1.0
2024.11.25_19-34-49_Biarmipes84_no_odor,2366.0,2366.0,1.0
2024.11.25_19-34-49_Biarmipes84_no_odor,2370.0,2370.0,1.0
2024.11.25_19-34-49_Biarmipes84_no_odor,2374.0,2374.0,1.0
2024.11.25_19-34-49_Biarmipes84_no_odor,2377.0,2378.0,1.0
2024.11.25_19-34-49_Biarmipes84_no_odor,2380.0,2380.0,1.0
2024.11.25_19-34-49_Biarmipes84_no_odor,2383.0,2384.0,1.0
2024.11.25_19-34-49_Biarmipes84_no_odor,2387.0,2390.0,1.0
2024.11.25_19-34-49_Biarmipes84_no_odor,2393.0,2394.0,1.0
2024.11.25_19-34-49_Biarmipes84_no_odor,2397.0,2398.0,1.0
2024.11.25_19-34-49_Biarmipes84_no_odor,2401.0,2401.0,1.0
2024.11.25_19-34-49_Biarmipes84_no_odor,2404.0,2405.0,1.0
2024.11.25_19-34-49_Biarmipes84_no_odor,2407.0,2413.0,1.0
2024.11.25_19-34-49_Biarmipes84_no_odor,2415.0,2510.0,1.0
2024.11.25_19-34-49_Biarmipes84_no_odor,2512.0,2582.0,1.0
2024.11.25_19-34-49_Biarmipes84_no_odor,2584.0,2585.0,1.0
2024.11.25_19-34-49_Biarmipes84_no_odor,2587.0,2596.0,1.0
2024.11.25_19-34-49_Biarmipes84_no_odor,2598.0,2598.0,1.0
2024.11.25_19-34-49_Biarmipes84_no_odor,2601.0,2603.0,1.0
2024.11.25_19-34-49_Biarmipes84_no_odor,2607.0,2614.0,1.0
2024.11.25_19-34-49_Biarmipes84_no_odor,2616.0,2616.0,1.0
2024.11.25_19-34-49_Biarmipes84_no_odor,2622.0,2623.0,1.0
2024.11.25_19-34-49_Biarmipes84_no_odor,2625.0,2626.0,1.0
2024.11.25_19-34-49_Biarmipes84_no_odor,2628.0,2636.0,1.0
2024.11.25_19-34-49_Biarmipes84_no_odor,2638.0,2644.0,1.0
2024.11.25_19-34-49_Biarmipes84_no_odor,2646.0,2649.0,1.0
2024.11.25_19-34-49_Biarmipes84_no_odor,2652.0,2657.0,1.0
2024.11.25_19-34-49_Biarmipes84_no_odor,2659.0,2661.0,1.0
2024.11.25_19-34-49_Biarmipes84_no_odor,2663.0,2670.0,1.0
2024.11.25_19-34-49_Biarmipes84_no_odor,2672.0,2676.0,1.0
2024.11.25_19-34-49_Biarmipes84_no_odor,2678.0,2678.0,1.0
2024.11.25_19-34-49_Biarmipes84_no_odor,2680.0,2681.0,1.0
2024.11.25_19-34-49_Biarmipes84_no_odor,2683.0,2686.0,1.0
2024.11.25_19-34-49_Biarmipes84_no_odor,2690.0,2690.0,1.0
2024.11.25_19-34-49_Biarmipes84_no_odor,2692.0,2693.0,1.0
2024.11.25_19-34-49_Biarmipes84_no_odor,2695.0,2698.0,1.0
2024.11.25_19-34-49_Biarmipes84_no_odor,2700.0,2701.0,1.0
2024.11.25_19-34-49_Biarmipes84_no_odor,2703.0,2707.0,1.0
2024.11.25_19-34-49_Biarmipes84_no_odor,2709.0,2711.0,1.0
2024.11.25_19-34-49_Biarmipes84_no_odor,2713.0,2714.0,1.0
2024.11.25_19-34-49_Biarmipes84_no_odor,2718.0,2718.0,1.0
2024.11.25_19-34-49_Biarmipes84_no_odor,2720.0,2721.0,1.0
2024.11.25_19-34-49_Biarmipes84_no_odor,2723.0,2738.0,1.0
2024.11.25_19-34-49_Biarmipes84_no_odor,2741.0,2743.0,1.0
2024.11.25_19-34-49_Biarmipes84_no_odor,2745.0,2745.0,1.0
2024.11.25_19-34-49_Biarmipes84_no_odor,2748.0,2750.0,1.0
2024.11.25_19-34-49_Biarmipes84_no_odor,2752.0,2753.0,1.0
2024.11.25_19-34-49_Biarmipes84_no_odor,2755.0,2755.0,1.0
2024.11.25_19-34-49_Biarmipes84_no_odor,2757.0,2757.0,1.0
2024.11.25_19-34-49_Biarmipes84_no_odor,2762.0,2763.0,1.0
2024.11.25_19-34-49_Biarmipes84_no_odor,2766.0,2767.0,1.0
2024.11.25_19-34-49_Biarmipes84_no_odor,2769.0,2770.0,1.0
2024.11.25_19-34-49_Biarmipes84_no_odor,2772.0,2773.0,1.0
2024.11.25_19-34-49_Biarmipes84_no_odor,2775.0,2776.0,1.0
2024.11.25_19-34-49_Biarmipes84_no_odor,2779.0,2779.0,1.0
2024.11.25_19-34-49_Biarmipes84_no_odor,2782.0,2782.0,1.0
2024.11.25_19-34-49_Biarmipes84_no_odor,2786.0,2789.0,1.0
2024.11.25_19-34-49_Biarmipes84_no_odor,2791.0,2791.0,1.0
2024.11.25_19-34-49_Biarmipes84_no_odor,2793.0,2796.0,1.0
2024.11.25_19-34-49_Biarmipes84_no_odor,2798.0,2798.0,1.0
2024.11.25_19-34-49_Biarmipes84_no_odor,2800.0,2801.0,1.0
2024.11.25_19-34-49_Biarmipes84_no_odor,2807.0,2807.0,1.0
2024.11.25_19-34-49_Biarmipes84_no_odor,2810.0,2812.0,1.0
2024.11.25_19-34-49_Biarmipes84_no_odor,2816.0,2817.0,1.0
2024.11.25_19-34-49_Biarmipes84_no_odor,2819.0,2823.0,1.0
2024.11.25_19-34-49_Biarmipes84_no_odor,2830.0,2830.0,1.0
2024.11.25_19-34-49_Biarmipes84_no_odor,2832.0,3286.0,1.0
2024.11.25_19-34-49_Biarmipes84_no_odor,3288.0,3334.0,1.0
2024.11.25_19-34-49_Biarmipes84_no_odor,3336.0,3524.0,1.0
2024.11.25_19-34-49_Biarmipes84_no_odor,3526.0,3576.0,1.0
2024.11.25_19-34-49_Biarmipes84_no_odor,3578.0,3595.0,1.0
2024.11.25_19-34-49_Biarmipes84_no_odor,3597.0,3632.0,1.0
2024.11.25_19-34-49_Biarmipes84_no_odor,3634.0,3646.0,1.0
2024.11.25_19-34-49_Biarmipes84_no_odor,3648.0,3665.0,1.0
2024.11.25_19-34-49_Biarmipes84_no_odor,3667.0,3670.0,1.0
2024.11.25_19-34-49_Biarmipes84_no_odor,3672.0,3679.0,1.0
2024.11.25_19-34-49_Biarmipes84_no_odor,3681.0,3681.0,1.0
2024.11.25_19-34-49_Biarmipes84_no_odor,3683.0,3684.0,1.0
2024.11.25_19-34-49_Biarmipes84_no_odor,3686.0,3709.0,1.0
2024.11.25_19-34-49_Biarmipes84_no_odor,3711.0,3723.0,1.0
2024.11.25_19-34-49_Biarmipes84_no_odor,3725.0,3727.0,1.0
2024.11.25_19-34-49_Biarmipes84_no_odor,3729.0,3749.0,1.0
2024.11.25_19-34-49_Biarmipes84_no_odor,3751.0,3982.0,1.0
2024.11.25_19-34-49_Biarmipes84_no_odor,3984.0,4002.0,1.0
2024.11.25_19-34-49_Biarmipes84_no_odor,4004.0,4010.0,1.0
2024.11.25_19-34-49_Biarmipes84_no_odor,4015.0,4036.0,1.0
2024.11.25_19-34-49_Biarmipes84_no_odor,4038.0,4040.0,1.0
2024.11.25_19-34-49_Biarmipes84_no_odor,4042.0,4044.0,1.0
2024.11.25_19-34-49_Biarmipes84_no_odor,4046.0,4047.0,1.0
2024.11.25_19-34-49_Biarmipes84_no_odor,4049.0,4065.0,1.0
2024.11.25_19-34-49_Biarmipes84_no_odor,4067.0,4071.0,1.0
2024.11.25_19-34-49_Biarmipes84_no_odor,4073.0,4080.0,1.0
2024.11.25_19-34-49_Biarmipes84_no_odor,4082.0,4087.0,1.0
2024.11.25_19-34-49_Biarmipes84_no_odor,4089.0,4097.0,1.0
2024.11.25_19-34-49_Biarmipes84_no_odor,4099.0,4139.0,1.0
2024.11.25_19-34-49_Biarmipes84_no_odor,4144.0,4147.0,1.0
2024.11.25_19-34-49_Biarmipes84_no_odor,4150.0,4150.0,1.0
2024.11.25_19-34-49_Biarmipes84_no_odor,4153.0,4157.0,1.0
2024.11.25_19-34-49_Biarmipes84_no_odor,4159.0,4161.0,1.0
2024.11.25_19-34-49_Biarmipes84_no_odor,4164.0,4166.0,1.0
2024.11.25_19-34-49_Biarmipes84_no_odor,4171.0,4181.0,1.0
2024.11.25_19-34-49_Biarmipes84_no_odor,4183.0,4185.0,1.0
2024.11.25_19-34-49_Biarmipes84_no_odor,4187.0,4187.0,1.0
2024.11.25_19-34-49_Biarmipes84_no_odor,4189.0,4284.0,1.0
2024.11.25_19-34-49_Biarmipes84_no_odor,4286.0,4293.0,1.0
2024.11.25_19-34-49_Biarmipes84_no_odor,4295.0,4305.0,1.0
2024.11.25_19-34-49_Biarmipes84_no_odor,4307.0,4313.0,1.0
2024.11.25_19-34-49_Biarmipes84_no_odor,4315.0,4323.0,1.0
2024.11.25_19-34-49_Biarmipes84_no_odor,4325.0,4325.0,1.0
2024.11.25_19-34-49_Biarmipes84_no_odor,4327.0,4328.0,1.0
2024.11.25_19-34-49_Biarmipes84_no_odor,4330.0,4340.0,1.0
2024.11.25_19-34-49_Biarmipes84_no_odor,4342.0,4344.0,1.0
2024.11.25_19-34-49_Biarmipes84_no_odor,4349.0,4349.0,1.0
2024.11.25_19-34-49_Biarmipes84_no_odor,4352.0,4354.0,1.0
2024.11.25_19-34-49_Biarmipes84_no_odor,4358.0,4360.0,1.0
2024.11.25_19-34-49_Biarmipes84_no_odor,4362.0,4368.0,1.0
2024.11.25_19-34-49_Biarmipes84_no_odor,4370.0,4373.0,1.0
2024.11.25_19-34-49_Biarmipes84_no_odor,4375.0,4384.0,1.0
2024.11.25_19-34-49_Biarmipes84_no_odor,4386.0,4522.0,1.0
2024.11.25_19-34-49_Biarmipes84_no_odor,4524.0,4561.0,1.0
2024.11.25_19-34-49_Biarmipes84_no_odor,4563.0,4582.0,1.0
2024.11.25_19-34-49_Biarmipes84_no_odor,4584.0,4726.0,1.0
2024.11.25_19-34-49_Biarmipes84_no_odor,4728.0,4751.0,1.0
2024.11.25_19-34-49_Biarmipes84_no_odor,4753.0,4766.0,1.0
2024.11.25_19-34-49_Biarmipes84_no_odor,4768.0,4768.0,1.0
2024.11.25_19-34-49_Biarmipes84_no_odor,4770.0,4772.0,1.0
2024.11.25_19-34-49_Biarmipes84_no_odor,4774.0,4788.0,1.0
2024.11.25_19-34-49_Biarmipes84_no_odor,4790.0,4796.0,1.0
2024.11.25_19-34-49_Biarmipes84_no_odor,4798.0,4799.0,1.0
2024.11.25_19-34-49_Biarmipes84_no_odor,4801.0,4807.0,1.0
2024.11.25_19-34-49_Biarmipes84_no_odor,4809.0,4812.0,1.0
2024.11.25_19-34-49_Biarmipes84_no_odor,4814.0,4820.0,1.0
2024.11.25_19-34-49_Biarmipes84_no_odor,4823.0,4829.0,1.0
2024.11.25_19-34-49_Biarmipes84_no_odor,4835.0,4837.0,1.0
2024.11.25_19-34-49_Biarmipes84_no_odor,4841.0,4843.0,1.0
2024.11.25_19-34-49_Biarmipes84_no_odor,4846.0,4847.0,1.0
2024.11.25_19-34-49_Biarmipes84_no_odor,4849.0,4850.0,1.0
2024.11.25_19-34-49_Biarmipes84_no_odor,4852.0,4852.0,1.0
2024.11.25_19-34-49_Biarmipes84_no_odor,4854.0,4854.0,1.0
2024.11.25_19-34-49_Biarmipes84_no_odor,4856.0,4856.0,1.0
2024.11.25_19-34-49_Biarmipes84_no_odor,4859.0,4860.0,1.0
2024.11.25_19-34-49_Biarmipes84_no_odor,4862.0,4867.0,1.0
2024.11.25_19-34-49_Biarmipes84_no_odor,4869.0,4887.0,1.0
2024.11.25_19-34-49_Biarmipes84_no_odor,4891.0,4899.0,1.0
2024.11.25_19-34-49_Biarmipes84_no_odor,4902.0,4904.0,1.0
2024.11.25_19-34-49_Biarmipes84_no_odor,4906.0,4906.0,1.0
2024.11.25_19-34-49_Biarmipes84_no_odor,4908.0,4908.0,1.0
2024.11.25_19-34-49_Biarmipes84_no_odor,4915.0,4916.0,1.0
2024.11.25_19-34-49_Biarmipes84_no_odor,4918.0,4918.0,1.0
2024.11.25_19-34-49_Biarmipes84_no_odor,4920.0,4922.0,1.0
2024.11.25_19-34-49_Biarmipes84_no_odor,4927.0,4930.0,1.0
2024.11.25_19-34-49_Biarmipes84_no_odor,4932.0,4932.0,1.0
2024.11.25_19-34-49_Biarmipes84_no_odor,4934.0,4935.0,1.0
2024.11.25_19-34-49_Biarmipes84_no_odor,4938.0,4938.0,1.0
2024.11.25_19-34-49_Biarmipes84_no_odor,4940.0,4940.0,1.0
2024.11.25_19-34-49_Biarmipes84_no_odor,4943.0,4943.0,1.0
2024.11.25_19-34-49_Biarmipes84_no_odor,4945.0,4948.0,1.0
2024.11.25_19-34-49_Biarmipes84_no_odor,4951.0,4960.0,1.0
2024.11.25_19-34-49_Biarmipes84_no_odor,4962.0,4966.0,1.0
2024.11.25_19-34-49_Biarmipes84_no_odor,4971.0,4972.0,1.0
2024.11.25_19-34-49_Biarmipes84_no_odor,4974.0,4976.0,1.0
2024.11.25_19-34-49_Biarmipes84_no_odor,4978.0,4980.0,1.0
2024.11.25_19-34-49_Biarmipes84_no_odor,4982.0,4982.0,1.0
2024.11.25_19-34-49_Biarmipes84_no_odor,4984.0,4984.0,1.0
2024.11.25_19-34-49_Biarmipes84_no_odor,4986.0,4997.0,1.0
2024.11.25_19-34-49_Biarmipes84_no_odor,4999.0,5001.0,1.0
2024.11.25_19-34-49_Biarmipes84_no_odor,5003.0,5017.0,1.0
2024.11.25_19-34-49_Biarmipes84_no_odor,5026.0,5041.0,1.0
2024.11.25_19-34-49_Biarmipes84_no_odor,5043.0,5048.0,1.0
2024.11.25_19-34-49_Biarmipes84_no_odor,5050.0,5058.0,1.0
2024.11.25_19-34-49_Biarmipes84_no_odor,5060.0,5068.0,1.0
2024.11.25_19-34-49_Biarmipes84_no_odor,5071.0,5072.0,1.0
2024.11.25_19-34-49_Biarmipes84_no_odor,5074.0,5090.0,1.0
2024.11.25_19-34-49_Biarmipes84_no_odor,5092.0,5119.0,1.0
2024.11.25_19-34-49_Biarmipes84_no_odor,5121.0,5121.0,1.0
2024.11.25_19-34-49_Biarmipes84_no_odor,5123.0,5125.0,1.0
2024.11.25_19-34-49_Biarmipes84_no_odor,5127.0,5133.0,1.0
2024.11.25_19-34-49_Biarmipes84_no_odor,5136.0,5138.0,1.0
2024.11.25_19-34-49_Biarmipes84_no_odor,5144.0,5145.0,1.0
2024.11.25_19-34-49_Biarmipes84_no_odor,5147.0,5158.0,1.0
2024.11.25_19-34-49_Biarmipes84_no_odor,5160.0,5985.0,1.0
2024.11.25_19-34-49_Biarmipes84_no_odor,5987.0,6064.0,1.0
2024.11.25_19-34-49_Biarmipes84_no_odor,6066.0,6106.0,1.0
2024.11.25_19-34-49_Biarmipes84_no_odor,6108.0,6186.0,1.0
2024.11.25_19-34-49_Biarmipes84_no_odor,6188.0,6202.0,1.0
2024.11.25_19-34-49_Biarmipes84_no_odor,6204.0,6205.0,1.0
2024.11.25_19-34-49_Biarmipes84_no_odor,6207.0,6216.0,1.0
2024.11.25_19-34-49_Biarmipes84_no_odor,6218.0,6219.0,1.0
2024.11.25_19-34-49_Biarmipes84_no_odor,6221.0,6221.0,1.0
2024.11.25_19-34-49_Biarmipes84_no_odor,6223.0,6243.0,1.0
2024.11.25_19-34-49_Biarmipes84_no_odor,6245.0,6245.0,1.0
2024.11.25_19-34-49_Biarmipes84_no_odor,6247.0,6254.0,1.0
2024.11.25_19-34-49_Biarmipes84_no_odor,6256.0,6257.0,1.0
2024.11.25_19-34-49_Biarmipes84_no_odor,6259.0,6259.0,1.0
2024.11.25_19-34-49_Biarmipes84_no_odor,6261.0,6261.0,1.0
2024.11.25_19-34-49_Biarmipes84_no_odor,6263.0,6268.0,1.0
2024.11.25_19-34-49_Biarmipes84_no_odor,6270.0,6278.0,1.0
2024.11.25_19-34-49_Biarmipes84_no_odor,6280.0,6282.0,1.0
2024.11.25_19-34-49_Biarmipes84_no_odor,6284.0,6292.0,1.0
2024.11.25_19-34-49_Biarmipes84_no_odor,6294.0,6302.0,1.0
2024.11.25_19-34-49_Biarmipes84_no_odor,6304.0,6325.0,1.0
2024.11.25_19-34-49_Biarmipes84_no_odor,6327.0,6353.0,1.0
2024.11.25_19-34-49_Biarmipes84_no_odor,6355.0,6368.0,1.0
2024.11.25_19-34-49_Biarmipes84_no_odor,6370.0,6378.0,1.0
2024.11.25_19-34-49_Biarmipes84_no_odor,6380.0,6385.0,1.0
2024.11.25_19-34-49_Biarmipes84_no_odor,6388.0,6401.0,1.0
2024.11.25_19-34-49_Biarmipes84_no_odor,6403.0,6425.0,1.0
2024.11.25_19-34-49_Biarmipes84_no_odor,6427.0,6432.0,1.0
2024.11.25_19-34-49_Biarmipes84_no_odor,6434.0,6482.0,1.0
2024.11.25_19-34-49_Biarmipes84_no_odor,6484.0,6941.0,1.0
2024.11.25_19-34-49_Biarmipes84_no_odor,6943.0,6985.0,1.0
2024.11.25_19-34-49_Biarmipes84_no_odor,6987.0,6995.0,1.0
2024.11.25_19-34-49_Biarmipes84_no_odor,6998.0,7005.0,1.0
2024.11.25_19-34-49_Biarmipes84_no_odor,7007.0,7065.0,1.0
2024.11.25_19-34-49_Biarmipes84_no_odor,7067.0,7075.0,1.0
2024.11.25_19-34-49_Biarmipes84_no_odor,7077.0,7083.0,1.0
2024.11.25_19-34-49_Biarmipes84_no_odor,7086.0,7086.0,1.0
2024.11.25_19-34-49_Biarmipes84_no_odor,7089.0,7089.0,1.0
2024.11.25_19-34-49_Biarmipes84_no_odor,7093.0,7094.0,1.0
2024.11.25_19-34-49_Biarmipes84_no_odor,7098.0,7100.0,1.0
2024.11.25_19-34-49_Biarmipes84_no_odor,7103.0,7103.0,1.0
2024.11.25_19-34-49_Biarmipes84_no_odor,7107.0,7109.0,1.0
2024.11.25_19-34-49_Biarmipes84_no_odor,7112.0,7115.0,1.0
2024.11.25_19-34-49_Biarmipes84_no_odor,7117.0,7117.0,1.0
2024.11.25_19-34-49_Biarmipes84_no_odor,7122.0,7122.0,1.0
2024.11.25_19-34-49_Biarmipes84_no_odor,7128.0,7128.0,1.0
2024.11.25_19-34-49_Biarmipes84_no_odor,7131.0,7132.0,1.0
2024.11.25_19-34-49_Biarmipes84_no_odor,7135.0,7139.0,1.0
2024.11.25_19-34-49_Biarmipes84_no_odor,7141.0,7141.0,1.0
2024.11.25_19-34-49_Biarmipes84_no_odor,7143.0,7143.0,1.0
2024.11.25_19-34-49_Biarmipes84_no_odor,7145.0,7153.0,1.0
2024.11.25_19-34-49_Biarmipes84_no_odor,7155.0,7155.0,1.0
2024.11.25_19-34-49_Biarmipes84_no_odor,7157.0,7172.0,1.0
2024.11.25_19-34-49_Biarmipes84_no_odor,7174.0,7175.0,1.0
2024.11.25_19-34-49_Biarmipes84_no_odor,7177.0,7180.0,1.0
2024.11.25_19-34-49_Biarmipes84_no_odor,7183.0,7183.0,1.0
2024.11.25_19-34-49_Biarmipes84_no_odor,7185.0,7202.0,1.0
2024.11.25_19-34-49_Biarmipes84_no_odor,7204.0,7208.0,1.0
2024.11.25_19-34-49_Biarmipes84_no_odor,7210.0,7211.0,1.0
2024.11.25_19-34-49_Biarmipes84_no_odor,7213.0,7213.0,1.0
2024.11.25_19-34-49_Biarmipes84_no_odor,7215.0,7217.0,1.0
2024.11.25_19-34-49_Biarmipes84_no_odor,7219.0,7221.0,1.0
2024.11.25_19-34-49_Biarmipes84_no_odor,7223.0,7235.0,1.0
2024.11.25_19-34-49_Biarmipes84_no_odor,7237.0,7250.0,1.0
2024.11.25_19-34-49_Biarmipes84_no_odor,7252.0,7285.0,1.0
2024.11.25_19-34-49_Biarmipes84_no_odor,7287.0,7344.0,1.0
2024.11.25_19-34-49_Biarmipes84_no_odor,7346.0,7348.0,1.0
2024.11.25_19-34-49_Biarmipes84_no_odor,7350.0,7386.0,1.0
2024.11.25_19-34-49_Biarmipes84_no_odor,7388.0,7408.0,1.0
2024.11.25_19-34-49_Biarmipes84_no_odor,7410.0,7475.0,1.0
2024.11.25_19-34-49_Biarmipes84_no_odor,7477.0,7479.0,1.0
2024.11.25_19-34-49_Biarmipes84_no_odor,7481.0,7490.0,1.0
2024.11.25_19-34-49_Biarmipes84_no_odor,7492.0,8878.0,1.0
2024.12.18_16-52-35_Riverside_prenac,6975.0,7021.0,1.0
2024.12.18_16-52-35_Riverside_prenac,7023.0,7565.0,1.0
2024.12.18_16-52-35_Riverside_prenac,7567.0,7574.0,1.0
2024.12.18_16-52-35_Riverside_prenac,7576.0,7596.0,1.0
2024.12.18_16-52-35_Riverside_prenac,7598.0,7652.0,1.0
2024.12.18_16-52-35_Riverside_prenac,7654.0,7672.0,1.0
2024.12.18_16-52-35_Riverside_prenac,7674.0,7677.0,1.0
2024.12.18_16-52-35_Riverside_prenac,7680.0,7804.0,1.0
2024.12.18_16-52-35_Riverside_prenac,7806.0,7806.0,1.0
2024.12.18_16-52-35_Riverside_prenac,7808.0,8912.0,1.0
2024.10.08_14-23-02_Sussex_metbut,3.0,2773.0,1.0
2024.10.08_14-23-02_Sussex_metbut,2775.0,2831.0,1.0
2024.10.08_14-23-02_Sussex_metbut,2836.0,2841.0,1.0
2024.10.08_14-23-02_Sussex_metbut,2843.0,2854.0,1.0
2024.10.08_14-23-02_Sussex_metbut,2856.0,2857.0,1.0
