trial,start_frame,end_frame,is_swapped
2024.10.08_11-29-42_Sto_car_no_odor,24,28,True
2024.10.08_11-29-42_Sto_car_no_odor,31,52,True
2024.10.08_11-29-42_Sto_car_no_odor,55,157,True
2024.10.08_11-29-42_Sto_car_no_odor,159,797,True
2024.10.08_11-29-42_Sto_car_no_odor,1847,3831,True
2024.10.08_11-29-42_Sto_car_no_odor,8025,8318,True
2024.11.13_02-42-37_Biarmipes_G224_e2hex,3,676,True
2024.11.13_02-42-37_Biarmipes_G224_e2hex,754,807,True
2024.11.13_02-42-37_Biarmipes_G224_e2hex,1310,1315,True
2024.11.13_02-42-37_Biarmipes_G224_e2hex,1367,1392,True
2024.11.13_02-42-37_Biarmipes_G224_e2hex,1413,1413,True
2024.11.13_02-42-37_Biarmipes_G224_e2hex,1416,1462,True
2024.11.13_02-42-37_Biarmipes_G224_e2hex,1550,1551,True
2024.11.13_02-42-37_Biarmipes_G224_e2hex,1590,1590,True
2024.11.13_02-42-37_Biarmipes_G224_e2hex,1597,1597,True
2024.11.13_02-42-37_Biarmipes_G224_e2hex,1600,2054,True
2024.11.13_02-42-37_Biarmipes_G224_e2hex,2059,2104,True
2024.11.13_02-42-37_Biarmipes_G224_e2hex,2120,2488,True
2024.11.13_02-42-37_Biarmipes_G224_e2hex,2491,2503,True
2024.11.13_02-42-37_Biarmipes_G224_e2hex,2511,2546,True
2024.11.13_02-42-37_Biarmipes_G224_e2hex,2571,2571,True
2024.11.13_02-42-37_Biarmipes_G224_e2hex,2580,2599,True
2024.11.13_02-42-37_Biarmipes_G224_e2hex,2648,2735,True
2024.11.13_02-42-37_Biarmipes_G224_e2hex,2757,2779,True
2024.11.13_02-42-37_Biarmipes_G224_e2hex,2805,2905,True
2024.11.13_02-42-37_Biarmipes_G224_e2hex,3456,3869,True
2024.11.13_02-42-37_Biarmipes_G224_e2hex,3871,3912,True
2024.11.13_02-42-37_Biarmipes_G224_e2hex,3914,4199,True
2024.11.13_02-42-37_Biarmipes_G224_e2hex,4203,4255,True
2024.11.13_02-42-37_Biarmipes_G224_e2hex,4753,4976,True
2024.11.13_02-42-37_Biarmipes_G224_e2hex,4978,5234,True
2024.11.13_02-42-37_Biarmipes_G224_e2hex,5619,5688,True
2024.11.13_02-42-37_Biarmipes_G224_e2hex,5714,5744,True
2024.11.13_02-42-37_Biarmipes_G224_e2hex,5746,5746,True
2024.11.13_02-42-37_Biarmipes_G224_e2hex,5749,5749,True
2024.11.13_02-42-37_Biarmipes_G224_e2hex,5751,5777,True
2024.11.13_02-42-37_Biarmipes_G224_e2hex,5792,5815,True
2024.11.13_02-42-37_Biarmipes_G224_e2hex,5837,5852,True
2024.11.13_02-42-37_Biarmipes_G224_e2hex,5854,5861,True
2024.11.13_02-42-37_Biarmipes_G224_e2hex,5867,5882,True
2024.11.13_02-42-37_Biarmipes_G224_e2hex,5884,5884,True
2024.11.13_02-42-37_Biarmipes_G224_e2hex,5887,5943,True
2024.11.13_02-42-37_Biarmipes_G224_e2hex,6317,6317,True
2024.11.13_02-42-37_Biarmipes_G224_e2hex,6320,6321,True
2024.11.13_02-42-37_Biarmipes_G224_e2hex,6326,6329,True
2024.11.13_02-42-37_Biarmipes_G224_e2hex,6332,6873,True
2024.11.13_02-42-37_Biarmipes_G224_e2hex,6875,6876,True
2024.11.13_02-42-37_Biarmipes_G224_e2hex,6934,6934,True
2024.11.13_02-42-37_Biarmipes_G224_e2hex,6946,6955,True
2024.11.13_02-42-37_Biarmipes_G224_e2hex,6957,6965,True
2024.11.13_02-42-37_Biarmipes_G224_e2hex,6967,6977,True
2024.11.13_02-42-37_Biarmipes_G224_e2hex,6979,6983,True
2024.11.13_02-42-37_Biarmipes_G224_e2hex,6986,6987,True
2024.11.13_02-42-37_Biarmipes_G224_e2hex,6991,6991,True
2024.11.13_02-42-37_Biarmipes_G224_e2hex,6994,7098,True
2024.11.13_02-42-37_Biarmipes_G224_e2hex,7100,7102,True
2024.11.13_02-42-37_Biarmipes_G224_e2hex,7105,7109,True
2024.11.13_02-42-37_Biarmipes_G224_e2hex,7111,7113,True
2024.11.13_02-42-37_Biarmipes_G224_e2hex,7115,7115,True
2024.11.13_02-42-37_Biarmipes_G224_e2hex,7131,7132,True
2024.11.13_02-42-37_Biarmipes_G224_e2hex,7153,7189,True
2024.11.13_02-42-37_Biarmipes_G224_e2hex,7191,7191,True
2024.11.13_02-42-37_Biarmipes_G224_e2hex,7193,7211,True
2024.11.13_02-42-37_Biarmipes_G224_e2hex,7213,7214,True
2024.11.13_02-42-37_Biarmipes_G224_e2hex,7217,7220,True
2024.11.13_02-42-37_Biarmipes_G224_e2hex,7642,7816,True
2024.11.13_02-42-37_Biarmipes_G224_e2hex,7915,7962,True
2024.11.13_02-42-37_Biarmipes_G224_e2hex,8011,8011,True
2024.11.13_02-42-37_Biarmipes_G224_e2hex,8016,8017,True
2024.11.13_02-42-37_Biarmipes_G224_e2hex,8023,8056,True
2024.11.13_02-42-37_Biarmipes_G224_e2hex,8059,8059,True
2024.11.13_02-42-37_Biarmipes_G224_e2hex,8061,8092,True
2024.11.13_02-42-37_Biarmipes_G224_e2hex,8098,8098,True
2024.11.13_02-42-37_Biarmipes_G224_e2hex,8104,8104,True
2024.11.13_02-42-37_Biarmipes_G224_e2hex,8162,8182,True
2024.11.13_02-42-37_Biarmipes_G224_e2hex,8194,8233,True
2024.11.13_02-42-37_Biarmipes_G224_e2hex,8263,8301,True
2024.11.13_02-42-37_Biarmipes_G224_e2hex,8307,8314,True
2024.11.13_02-42-37_Biarmipes_G224_e2hex,8338,8356,True
2024.11.13_02-42-37_Biarmipes_G224_e2hex,8373,8394,True
2024.11.13_02-42-37_Biarmipes_G224_e2hex,8396,8417,True
2024.11.13_02-42-37_Biarmipes_G224_e2hex,8421,8430,True
2024.11.13_02-42-37_Biarmipes_G224_e2hex,8432,8445,True
2024.11.13_02-42-37_Biarmipes_G224_e2hex,8453,8472,True
2024.11.13_02-42-37_Biarmipes_G224_e2hex,8474,8510,True
2024.11.13_02-42-37_Biarmipes_G224_e2hex,8537,8538,True
2024.11.13_02-42-37_Biarmipes_G224_e2hex,8566,8566,True
2024.11.13_02-42-37_Biarmipes_G224_e2hex,8569,8573,True
2024.11.13_02-42-37_Biarmipes_G224_e2hex,8576,8653,True
2024.11.13_02-42-37_Biarmipes_G224_e2hex,8926,8999,True
2024.10.14_13-54-30_Biarmipes84_1hexanol,381,1971,True
2024.10.14_13-54-30_Biarmipes84_1hexanol,2520,2532,True
2024.10.14_13-54-30_Biarmipes84_1hexanol,2558,2585,True
2024.10.14_13-54-30_Biarmipes84_1hexanol,2602,2630,True
2024.10.14_13-54-30_Biarmipes84_1hexanol,2689,2709,True
2024.10.14_13-54-30_Biarmipes84_1hexanol,2794,2796,True
2024.10.14_13-54-30_Biarmipes84_1hexanol,2798,2798,True
2024.10.14_13-54-30_Biarmipes84_1hexanol,3030,3676,True
2024.10.14_13-54-30_Biarmipes84_1hexanol,4406,4728,True
2024.10.14_13-54-30_Biarmipes84_1hexanol,5163,5572,True
2024.10.14_13-54-30_Biarmipes84_1hexanol,6938,7883,True
2024.10.14_13-54-30_Biarmipes84_1hexanol,7885,7904,True
2024.10.14_13-54-30_Biarmipes84_1hexanol,8006,8220,True
2024.10.17_09-19-40_Sto_car_prenac,3,237,True
2024.10.17_09-19-40_Sto_car_prenac,3464,3472,True
2024.10.17_09-19-40_Sto_car_prenac,3481,3486,True
2024.10.17_09-19-40_Sto_car_prenac,3488,3493,True
2024.10.17_09-19-40_Sto_car_prenac,3506,3506,True
2024.10.17_09-19-40_Sto_car_prenac,3514,3514,True
2024.10.17_09-19-40_Sto_car_prenac,3522,3524,True
2024.10.17_09-19-40_Sto_car_prenac,3531,3531,True
2024.10.17_09-19-40_Sto_car_prenac,3537,3538,True
2024.10.17_09-19-40_Sto_car_prenac,3541,3542,True
2024.10.17_09-19-40_Sto_car_prenac,3548,3548,True
2024.10.17_09-19-40_Sto_car_prenac,3553,3554,True
2024.10.17_09-19-40_Sto_car_prenac,3558,3558,True
2024.10.17_09-19-40_Sto_car_prenac,3574,3574,True
2024.10.17_09-19-40_Sto_car_prenac,3578,3578,True
2024.10.17_09-19-40_Sto_car_prenac,3587,3587,True
2024.10.17_09-19-40_Sto_car_prenac,3590,3591,True
2024.10.17_09-19-40_Sto_car_prenac,3595,3599,True
2024.10.17_09-19-40_Sto_car_prenac,3605,3607,True
2024.10.17_09-19-40_Sto_car_prenac,3609,3609,True
2024.10.17_09-19-40_Sto_car_prenac,3611,3613,True
2024.10.17_09-19-40_Sto_car_prenac,3615,3619,True
2024.10.17_09-19-40_Sto_car_prenac,3629,3630,True
2024.10.17_09-19-40_Sto_car_prenac,3638,3639,True
2024.10.17_09-19-40_Sto_car_prenac,3654,3663,True
2024.10.17_09-19-40_Sto_car_prenac,3690,3690,True
2024.10.17_09-19-40_Sto_car_prenac,3705,3705,True
2024.10.17_09-19-40_Sto_car_prenac,3720,3720,True
2024.10.17_09-19-40_Sto_car_prenac,3726,3726,True
2024.10.17_09-19-40_Sto_car_prenac,3728,3728,True
2024.10.17_09-19-40_Sto_car_prenac,3732,3739,True
2024.10.17_09-19-40_Sto_car_prenac,3783,3783,True
2024.10.17_09-19-40_Sto_car_prenac,3791,3791,True
2024.10.17_09-19-40_Sto_car_prenac,3793,3794,True
2024.10.17_09-19-40_Sto_car_prenac,3798,3799,True
2024.10.17_09-19-40_Sto_car_prenac,3804,3805,True
2024.10.17_09-19-40_Sto_car_prenac,3807,3811,True
2024.10.17_09-19-40_Sto_car_prenac,3814,3814,True
2024.10.17_09-19-40_Sto_car_prenac,3816,3816,True
2024.10.17_09-19-40_Sto_car_prenac,3818,3830,True
2024.10.17_09-19-40_Sto_car_prenac,3832,3842,True
2024.10.17_09-19-40_Sto_car_prenac,3933,3935,True
2024.10.17_09-19-40_Sto_car_prenac,3938,3940,True
2024.10.17_09-19-40_Sto_car_prenac,3942,3944,True
2024.10.17_09-19-40_Sto_car_prenac,3953,3958,True
2024.10.17_09-19-40_Sto_car_prenac,3960,3960,True
2024.10.17_09-19-40_Sto_car_prenac,3962,3962,True
2024.10.17_09-19-40_Sto_car_prenac,3964,3967,True
2024.10.17_09-19-40_Sto_car_prenac,3969,3969,True
2024.10.17_09-19-40_Sto_car_prenac,3973,3980,True
2024.10.17_09-19-40_Sto_car_prenac,3982,3983,True
2024.10.17_09-19-40_Sto_car_prenac,3985,3985,True
2024.10.17_09-19-40_Sto_car_prenac,3990,3994,True
2024.10.17_09-19-40_Sto_car_prenac,3996,3998,True
2024.10.17_09-19-40_Sto_car_prenac,4001,4002,True
2024.10.17_09-19-40_Sto_car_prenac,4006,4013,True
2024.10.17_09-19-40_Sto_car_prenac,4015,4017,True
2024.10.17_09-19-40_Sto_car_prenac,4055,4058,True
2024.10.17_09-19-40_Sto_car_prenac,4061,4072,True
2024.10.17_09-19-40_Sto_car_prenac,4081,4081,True
2024.10.17_09-19-40_Sto_car_prenac,4085,4087,True
2024.10.17_09-19-40_Sto_car_prenac,4089,4089,True
2024.10.17_09-19-40_Sto_car_prenac,4104,4104,True
2024.10.17_09-19-40_Sto_car_prenac,4111,4113,True
2024.10.17_09-19-40_Sto_car_prenac,4118,4141,True
2024.10.17_09-19-40_Sto_car_prenac,4147,4449,True
2024.10.17_09-19-40_Sto_car_prenac,4453,4463,True
2024.10.17_09-19-40_Sto_car_prenac,4465,4471,True
2024.10.17_09-19-40_Sto_car_prenac,4474,4474,True
2024.10.17_09-19-40_Sto_car_prenac,4476,4492,True
2024.10.17_09-19-40_Sto_car_prenac,4494,4502,True
2024.10.17_09-19-40_Sto_car_prenac,4504,4507,True
2024.10.17_09-19-40_Sto_car_prenac,4509,4511,True
2024.10.17_09-19-40_Sto_car_prenac,4513,4517,True
2024.10.17_09-19-40_Sto_car_prenac,4519,4524,True
2024.10.17_09-19-40_Sto_car_prenac,4526,4528,True
2024.10.17_09-19-40_Sto_car_prenac,4531,4539,True
2024.10.17_09-19-40_Sto_car_prenac,4541,8307,True
2024.10.08_13-56-40_Stocago_2hexanol,4,1775,True
2024.10.08_13-56-40_Stocago_2hexanol,1777,1778,True
2024.10.08_13-56-40_Stocago_2hexanol,1780,1808,True
2024.10.08_13-56-40_Stocago_2hexanol,1812,1875,True
2024.10.08_13-56-40_Stocago_2hexanol,1877,1878,True
2024.10.08_13-56-40_Stocago_2hexanol,1882,1932,True
2024.10.08_13-56-40_Stocago_2hexanol,1936,1960,True
2024.10.08_13-56-40_Stocago_2hexanol,1965,1989,True
2024.10.08_13-56-40_Stocago_2hexanol,1991,1991,True
2024.10.08_13-56-40_Stocago_2hexanol,2001,2130,True
2024.10.08_13-56-40_Stocago_2hexanol,2134,2134,True
2024.10.08_13-56-40_Stocago_2hexanol,2148,2170,True
2024.10.08_13-56-40_Stocago_2hexanol,2174,2196,True
2024.10.08_13-56-40_Stocago_2hexanol,2203,2257,True
2024.10.08_13-56-40_Stocago_2hexanol,2521,2807,True
2024.10.08_13-56-40_Stocago_2hexanol,3344,3414,True
2024.10.08_13-56-40_Stocago_2hexanol,3416,3955,True
2024.10.08_13-56-40_Stocago_2hexanol,3957,3959,True
2024.10.08_13-56-40_Stocago_2hexanol,3961,4029,True
2024.10.08_13-56-40_Stocago_2hexanol,4033,4307,True
2024.10.08_13-56-40_Stocago_2hexanol,4309,4348,True
2024.10.08_13-56-40_Stocago_2hexanol,4353,4382,True
2024.10.08_13-56-40_Stocago_2hexanol,4386,4409,True
2024.10.08_13-56-40_Stocago_2hexanol,4411,4418,True
2024.10.08_13-56-40_Stocago_2hexanol,4421,4426,True
2024.10.08_13-56-40_Stocago_2hexanol,4428,4468,True
2024.10.08_13-56-40_Stocago_2hexanol,4470,4471,True
2024.10.08_13-56-40_Stocago_2hexanol,4474,4474,True
2024.10.08_13-56-40_Stocago_2hexanol,4481,4520,True
2024.10.08_13-56-40_Stocago_2hexanol,4529,4574,True
2024.10.08_13-56-40_Stocago_2hexanol,4581,4660,True
2024.10.08_13-56-40_Stocago_2hexanol,4662,4669,True
2024.10.08_13-56-40_Stocago_2hexanol,4671,4672,True
2024.10.08_13-56-40_Stocago_2hexanol,4680,4680,True
2024.10.08_13-56-40_Stocago_2hexanol,4683,4717,True
2024.10.08_13-56-40_Stocago_2hexanol,4719,4719,True
2024.10.08_13-56-40_Stocago_2hexanol,4721,5118,True
2024.10.08_13-56-40_Stocago_2hexanol,5709,6627,True
2024.10.08_13-56-40_Stocago_2hexanol,6629,6630,True
2024.10.08_13-56-40_Stocago_2hexanol,6632,6678,True
2024.10.08_13-56-40_Stocago_2hexanol,6682,6698,True
2024.10.08_13-56-40_Stocago_2hexanol,6722,6749,True
2024.10.08_13-56-40_Stocago_2hexanol,6753,6754,True
2024.10.08_13-56-40_Stocago_2hexanol,6756,6797,True
2024.10.08_13-56-40_Stocago_2hexanol,6799,6820,True
2024.10.08_13-56-40_Stocago_2hexanol,6852,6902,True
2024.10.08_13-56-40_Stocago_2hexanol,7413,7419,True
2024.10.08_13-56-40_Stocago_2hexanol,7524,7534,True
2024.10.08_13-56-40_Stocago_2hexanol,7564,7564,True
2024.10.08_13-56-40_Stocago_2hexanol,7567,7567,True
2024.10.08_13-56-40_Stocago_2hexanol,7569,7583,True
2024.10.08_13-56-40_Stocago_2hexanol,7688,7923,True
2024.10.08_13-56-40_Stocago_2hexanol,7925,7925,True
2024.10.08_13-56-40_Stocago_2hexanol,7927,7927,True
2024.10.08_13-56-40_Stocago_2hexanol,7929,7932,True
2024.10.08_13-56-40_Stocago_2hexanol,7934,7957,True
2024.10.08_13-56-40_Stocago_2hexanol,7970,8766,True
2024.12.19_14-05-53_Biarmipes_G224_no_odor,1638,1639,True
2024.12.19_14-05-53_Biarmipes_G224_no_odor,1641,1642,True
2024.12.19_14-05-53_Biarmipes_G224_no_odor,1645,1645,True
2024.12.19_14-05-53_Biarmipes_G224_no_odor,1651,1651,True
2024.12.19_14-05-53_Biarmipes_G224_no_odor,1655,1655,True
2024.12.19_14-05-53_Biarmipes_G224_no_odor,1667,1667,True
2024.12.19_14-05-53_Biarmipes_G224_no_odor,1669,1669,True
2024.12.19_14-05-53_Biarmipes_G224_no_odor,1671,1671,True
2024.12.19_14-05-53_Biarmipes_G224_no_odor,1676,1676,True
2024.12.19_14-05-53_Biarmipes_G224_no_odor,1679,1679,True
2024.12.19_14-05-53_Biarmipes_G224_no_odor,1682,1682,True
2024.12.19_14-05-53_Biarmipes_G224_no_odor,1684,1684,True
2024.12.19_14-05-53_Biarmipes_G224_no_odor,1686,1688,True
2024.12.19_14-05-53_Biarmipes_G224_no_odor,1690,1691,True
2024.12.19_14-05-53_Biarmipes_G224_no_odor,1699,1699,True
2024.12.19_14-05-53_Biarmipes_G224_no_odor,1703,1703,True
2024.12.19_14-05-53_Biarmipes_G224_no_odor,1705,1706,True
2024.12.19_14-05-53_Biarmipes_G224_no_odor,1711,1712,True
2024.12.19_14-05-53_Biarmipes_G224_no_odor,1718,1718,True
2024.12.19_14-05-53_Biarmipes_G224_no_odor,1725,1725,True
2024.12.19_14-05-53_Biarmipes_G224_no_odor,1730,1730,True
2024.12.19_14-05-53_Biarmipes_G224_no_odor,1739,1740,True
2024.12.19_14-05-53_Biarmipes_G224_no_odor,1756,1756,True
2024.12.19_14-05-53_Biarmipes_G224_no_odor,1772,1772,True
2024.12.19_14-05-53_Biarmipes_G224_no_odor,1778,1779,True
2024.12.19_14-05-53_Biarmipes_G224_no_odor,2033,2035,True
2024.12.19_14-05-53_Biarmipes_G224_no_odor,2040,2041,True
2024.12.19_14-05-53_Biarmipes_G224_no_odor,2044,2044,True
2024.12.19_14-05-53_Biarmipes_G224_no_odor,2048,2048,True
2024.12.19_14-05-53_Biarmipes_G224_no_odor,2050,2050,True
2024.12.19_14-05-53_Biarmipes_G224_no_odor,2052,2053,True
2024.12.19_14-05-53_Biarmipes_G224_no_odor,2056,2057,True
2024.12.19_14-05-53_Biarmipes_G224_no_odor,2060,2061,True
2024.12.19_14-05-53_Biarmipes_G224_no_odor,2063,2068,True
2024.12.19_14-05-53_Biarmipes_G224_no_odor,2070,2073,True
2024.12.19_14-05-53_Biarmipes_G224_no_odor,2076,2076,True
2024.12.19_14-05-53_Biarmipes_G224_no_odor,2099,2099,True
2024.12.19_14-05-53_Biarmipes_G224_no_odor,2101,2106,True
2024.12.19_14-05-53_Biarmipes_G224_no_odor,2109,2112,True
2024.12.19_14-05-53_Biarmipes_G224_no_odor,2114,2114,True
2024.12.19_14-05-53_Biarmipes_G224_no_odor,2116,2117,True
2024.12.19_14-05-53_Biarmipes_G224_no_odor,2119,2137,True
2024.12.19_14-05-53_Biarmipes_G224_no_odor,2139,2140,True
2024.12.19_14-05-53_Biarmipes_G224_no_odor,2142,2179,True
2024.12.19_14-05-53_Biarmipes_G224_no_odor,2181,2243,True
2024.12.19_14-05-53_Biarmipes_G224_no_odor,2245,2341,True
2024.12.19_14-05-53_Biarmipes_G224_no_odor,2582,2598,True
2024.12.19_14-05-53_Biarmipes_G224_no_odor,2611,2613,True
2024.12.19_14-05-53_Biarmipes_G224_no_odor,2615,2617,True
2024.12.19_14-05-53_Biarmipes_G224_no_odor,2620,2626,True
2024.12.19_14-05-53_Biarmipes_G224_no_odor,2628,2631,True
2024.12.19_14-05-53_Biarmipes_G224_no_odor,2636,2636,True
2024.12.19_14-05-53_Biarmipes_G224_no_odor,2638,2639,True
2024.12.19_14-05-53_Biarmipes_G224_no_odor,2643,2644,True
2024.12.19_14-05-53_Biarmipes_G224_no_odor,2646,2646,True
2024.12.19_14-05-53_Biarmipes_G224_no_odor,2648,2649,True
2024.12.19_14-05-53_Biarmipes_G224_no_odor,2651,2652,True
2024.12.19_14-05-53_Biarmipes_G224_no_odor,2654,2658,True
2024.12.19_14-05-53_Biarmipes_G224_no_odor,2661,2663,True
2024.12.19_14-05-53_Biarmipes_G224_no_odor,2666,2666,True
2024.12.19_14-05-53_Biarmipes_G224_no_odor,2670,2670,True
2024.12.19_14-05-53_Biarmipes_G224_no_odor,2673,2676,True
2024.12.19_14-05-53_Biarmipes_G224_no_odor,2680,2680,True
2024.12.19_14-05-53_Biarmipes_G224_no_odor,2682,2682,True
2024.12.19_14-05-53_Biarmipes_G224_no_odor,2684,2684,True
2024.12.19_14-05-53_Biarmipes_G224_no_odor,2686,2686,True
2024.12.19_14-05-53_Biarmipes_G224_no_odor,2689,2689,True
2024.12.19_14-05-53_Biarmipes_G224_no_odor,2692,2692,True
2024.12.19_14-05-53_Biarmipes_G224_no_odor,2696,2696,True
2024.12.19_14-05-53_Biarmipes_G224_no_odor,2699,2699,True
2024.12.19_14-05-53_Biarmipes_G224_no_odor,2705,2705,True
2024.12.19_14-05-53_Biarmipes_G224_no_odor,2712,2712,True
2024.12.19_14-05-53_Biarmipes_G224_no_odor,2722,2723,True
2024.12.19_14-05-53_Biarmipes_G224_no_odor,2727,2728,True
2024.12.19_14-05-53_Biarmipes_G224_no_odor,2735,2735,True
2024.12.19_14-05-53_Biarmipes_G224_no_odor,2742,2743,True
2024.12.19_14-05-53_Biarmipes_G224_no_odor,2745,2746,True
2024.12.19_14-05-53_Biarmipes_G224_no_odor,2748,2748,True
2024.12.19_14-05-53_Biarmipes_G224_no_odor,2750,2750,True
2024.12.19_14-05-53_Biarmipes_G224_no_odor,2752,2752,True
2024.12.19_14-05-53_Biarmipes_G224_no_odor,2755,2755,True
2024.12.19_14-05-53_Biarmipes_G224_no_odor,2757,2757,True
2024.12.19_14-05-53_Biarmipes_G224_no_odor,2760,2761,True
2024.12.19_14-05-53_Biarmipes_G224_no_odor,2764,2764,True
2024.12.19_14-05-53_Biarmipes_G224_no_odor,2787,2788,True
2024.12.19_14-05-53_Biarmipes_G224_no_odor,2792,2793,True
2024.12.19_14-05-53_Biarmipes_G224_no_odor,2796,2797,True
2024.12.19_14-05-53_Biarmipes_G224_no_odor,2799,2801,True
2024.12.19_14-05-53_Biarmipes_G224_no_odor,2807,2812,True
2024.12.19_14-05-53_Biarmipes_G224_no_odor,2818,2820,True
2024.12.19_14-05-53_Biarmipes_G224_no_odor,2829,2830,True
2024.12.19_14-05-53_Biarmipes_G224_no_odor,2833,2833,True
2024.12.19_14-05-53_Biarmipes_G224_no_odor,2837,2837,True
2024.12.19_14-05-53_Biarmipes_G224_no_odor,2850,2856,True
2024.12.19_14-05-53_Biarmipes_G224_no_odor,2858,2860,True
2024.12.19_14-05-53_Biarmipes_G224_no_odor,2862,2864,True
2024.12.19_14-05-53_Biarmipes_G224_no_odor,2866,2868,True
2024.12.19_14-05-53_Biarmipes_G224_no_odor,2870,2871,True
2024.12.19_14-05-53_Biarmipes_G224_no_odor,2873,2881,True
2024.12.19_14-05-53_Biarmipes_G224_no_odor,2883,2906,True
2024.12.19_14-05-53_Biarmipes_G224_no_odor,2909,2910,True
2024.12.19_14-05-53_Biarmipes_G224_no_odor,2912,3026,True
2024.12.19_14-05-53_Biarmipes_G224_no_odor,3028,3206,True
2024.12.19_14-05-53_Biarmipes_G224_no_odor,3324,3345,True
2024.12.19_14-05-53_Biarmipes_G224_no_odor,3348,3356,True
2024.12.19_14-05-53_Biarmipes_G224_no_odor,3358,3361,True
2024.12.19_14-05-53_Biarmipes_G224_no_odor,3364,3364,True
2024.12.19_14-05-53_Biarmipes_G224_no_odor,3373,3373,True
2024.12.19_14-05-53_Biarmipes_G224_no_odor,3376,3376,True
2024.12.19_14-05-53_Biarmipes_G224_no_odor,3379,3384,True
2024.12.19_14-05-53_Biarmipes_G224_no_odor,3386,3392,True
2024.12.19_14-05-53_Biarmipes_G224_no_odor,3394,3395,True
2024.12.19_14-05-53_Biarmipes_G224_no_odor,3397,3397,True
2024.12.19_14-05-53_Biarmipes_G224_no_odor,3400,3400,True
2024.12.19_14-05-53_Biarmipes_G224_no_odor,3404,3404,True
2024.12.19_14-05-53_Biarmipes_G224_no_odor,3406,3408,True
2024.12.19_14-05-53_Biarmipes_G224_no_odor,3410,3414,True
2024.12.19_14-05-53_Biarmipes_G224_no_odor,3416,3418,True
2024.12.19_14-05-53_Biarmipes_G224_no_odor,3420,3430,True
2024.12.19_14-05-53_Biarmipes_G224_no_odor,3432,3432,True
2024.12.19_14-05-53_Biarmipes_G224_no_odor,3434,3434,True
2024.12.19_14-05-53_Biarmipes_G224_no_odor,3437,3437,True
2024.12.19_14-05-53_Biarmipes_G224_no_odor,3440,3441,True
2024.12.19_14-05-53_Biarmipes_G224_no_odor,3444,3444,True
2024.12.19_14-05-53_Biarmipes_G224_no_odor,3446,3469,True
2024.12.19_14-05-53_Biarmipes_G224_no_odor,3471,3491,True
2024.12.19_14-05-53_Biarmipes_G224_no_odor,3493,3497,True
2024.12.19_14-05-53_Biarmipes_G224_no_odor,3499,3504,True
2024.12.19_14-05-53_Biarmipes_G224_no_odor,3506,4061,True
2024.12.19_14-05-53_Biarmipes_G224_no_odor,4356,4380,True
2024.12.19_14-05-53_Biarmipes_G224_no_odor,4382,4438,True
2024.12.19_14-05-53_Biarmipes_G224_no_odor,4440,4453,True
2024.12.19_14-05-53_Biarmipes_G224_no_odor,4455,4733,True
2024.12.19_14-05-53_Biarmipes_G224_no_odor,4735,4739,True
2024.12.19_14-05-53_Biarmipes_G224_no_odor,4741,4747,True
2024.12.19_14-05-53_Biarmipes_G224_no_odor,4749,4749,True
2024.12.19_14-05-53_Biarmipes_G224_no_odor,4751,4756,True
2024.12.19_14-05-53_Biarmipes_G224_no_odor,4758,4769,True
2024.12.19_14-05-53_Biarmipes_G224_no_odor,4771,4773,True
2024.12.19_14-05-53_Biarmipes_G224_no_odor,4775,4775,True
2024.12.19_14-05-53_Biarmipes_G224_no_odor,4778,4780,True
2024.12.19_14-05-53_Biarmipes_G224_no_odor,4785,4785,True
2024.12.19_14-05-53_Biarmipes_G224_no_odor,4791,4793,True
2024.12.19_14-05-53_Biarmipes_G224_no_odor,4795,4795,True
2024.12.19_14-05-53_Biarmipes_G224_no_odor,4797,4814,True
2024.12.19_14-05-53_Biarmipes_G224_no_odor,4816,4816,True
2024.12.19_14-05-53_Biarmipes_G224_no_odor,4818,4828,True
2024.12.19_14-05-53_Biarmipes_G224_no_odor,4830,4830,True
2024.12.19_14-05-53_Biarmipes_G224_no_odor,4832,4834,True
2024.12.19_14-05-53_Biarmipes_G224_no_odor,4836,4907,True
2024.12.19_14-05-53_Biarmipes_G224_no_odor,4909,4951,True
2024.12.19_14-05-53_Biarmipes_G224_no_odor,4953,4953,True
2024.12.19_14-05-53_Biarmipes_G224_no_odor,4957,4962,True
2024.12.19_14-05-53_Biarmipes_G224_no_odor,4965,4966,True
2024.12.19_14-05-53_Biarmipes_G224_no_odor,4969,4969,True
2024.12.19_14-05-53_Biarmipes_G224_no_odor,4971,4972,True
2024.12.19_14-05-53_Biarmipes_G224_no_odor,4974,4975,True
2024.12.19_14-05-53_Biarmipes_G224_no_odor,4977,4979,True
2024.12.19_14-05-53_Biarmipes_G224_no_odor,4981,4981,True
2024.12.19_14-05-53_Biarmipes_G224_no_odor,4983,4983,True
2024.12.19_14-05-53_Biarmipes_G224_no_odor,4985,4987,True
2024.12.19_14-05-53_Biarmipes_G224_no_odor,4991,4993,True
2024.12.19_14-05-53_Biarmipes_G224_no_odor,4997,4998,True
2024.12.19_14-05-53_Biarmipes_G224_no_odor,5003,5003,True
2024.12.19_14-05-53_Biarmipes_G224_no_odor,5005,5006,True
2024.12.19_14-05-53_Biarmipes_G224_no_odor,5009,5010,True
2024.12.19_14-05-53_Biarmipes_G224_no_odor,5012,5015,True
2024.12.19_14-05-53_Biarmipes_G224_no_odor,5017,5026,True
2024.12.19_14-05-53_Biarmipes_G224_no_odor,5028,5029,True
2024.12.19_14-05-53_Biarmipes_G224_no_odor,5031,5031,True
2024.12.19_14-05-53_Biarmipes_G224_no_odor,5033,5037,True
2024.12.19_14-05-53_Biarmipes_G224_no_odor,5045,5049,True
2024.12.19_14-05-53_Biarmipes_G224_no_odor,5052,5109,True
2024.12.19_14-05-53_Biarmipes_G224_no_odor,5111,5170,True
2024.12.19_14-05-53_Biarmipes_G224_no_odor,5225,5226,True
2024.12.19_14-05-53_Biarmipes_G224_no_odor,5237,5243,True
2024.12.19_14-05-53_Biarmipes_G224_no_odor,5245,5247,True
2024.12.19_14-05-53_Biarmipes_G224_no_odor,5266,5272,True
2024.12.19_14-05-53_Biarmipes_G224_no_odor,5318,5324,True
2024.12.19_14-05-53_Biarmipes_G224_no_odor,5326,5326,True
2024.12.19_14-05-53_Biarmipes_G224_no_odor,5328,5329,True
2024.12.19_14-05-53_Biarmipes_G224_no_odor,5332,5332,True
2024.12.19_14-05-53_Biarmipes_G224_no_odor,5340,5342,True
2024.12.19_14-05-53_Biarmipes_G224_no_odor,5344,5344,True
2024.12.19_14-05-53_Biarmipes_G224_no_odor,5348,5358,True
2024.12.19_14-05-53_Biarmipes_G224_no_odor,5360,5360,True
2024.12.19_14-05-53_Biarmipes_G224_no_odor,5362,5362,True
2024.12.19_14-05-53_Biarmipes_G224_no_odor,5638,5645,True
2024.12.19_14-05-53_Biarmipes_G224_no_odor,5656,5664,True
2024.12.19_14-05-53_Biarmipes_G224_no_odor,5673,5673,True
2024.12.19_14-05-53_Biarmipes_G224_no_odor,5675,5679,True
2024.12.19_14-05-53_Biarmipes_G224_no_odor,5681,5683,True
2024.12.19_14-05-53_Biarmipes_G224_no_odor,5685,5687,True
2024.12.19_14-05-53_Biarmipes_G224_no_odor,5689,5691,True
2024.12.19_14-05-53_Biarmipes_G224_no_odor,5693,5694,True
2024.12.19_14-05-53_Biarmipes_G224_no_odor,5696,5696,True
2024.12.19_14-05-53_Biarmipes_G224_no_odor,5698,5701,True
2024.12.19_14-05-53_Biarmipes_G224_no_odor,5714,5714,True
2024.12.19_14-05-53_Biarmipes_G224_no_odor,5720,5720,True
2024.12.19_14-05-53_Biarmipes_G224_no_odor,5723,5724,True
2024.12.19_14-05-53_Biarmipes_G224_no_odor,5726,5728,True
2024.12.19_14-05-53_Biarmipes_G224_no_odor,5732,5732,True
2024.12.19_14-05-53_Biarmipes_G224_no_odor,5734,5734,True
2024.12.19_14-05-53_Biarmipes_G224_no_odor,5736,5736,True
2024.12.19_14-05-53_Biarmipes_G224_no_odor,5738,5738,True
2024.12.19_14-05-53_Biarmipes_G224_no_odor,5740,5747,True
2024.12.19_14-05-53_Biarmipes_G224_no_odor,5775,5777,True
2024.12.19_14-05-53_Biarmipes_G224_no_odor,5779,5780,True
2024.12.19_14-05-53_Biarmipes_G224_no_odor,5872,5872,True
2024.12.19_14-05-53_Biarmipes_G224_no_odor,5876,5876,True
2024.12.19_14-05-53_Biarmipes_G224_no_odor,5881,5881,True
2024.12.19_14-05-53_Biarmipes_G224_no_odor,5897,5897,True
2024.12.19_14-05-53_Biarmipes_G224_no_odor,5902,5903,True
2024.12.19_14-05-53_Biarmipes_G224_no_odor,5909,5913,True
2024.12.19_14-05-53_Biarmipes_G224_no_odor,5915,5915,True
2024.12.19_14-05-53_Biarmipes_G224_no_odor,5917,5917,True
2024.12.19_14-05-53_Biarmipes_G224_no_odor,5919,5919,True
2024.12.19_14-05-53_Biarmipes_G224_no_odor,5921,5921,True
2024.12.19_14-05-53_Biarmipes_G224_no_odor,5923,5925,True
2024.12.19_14-05-53_Biarmipes_G224_no_odor,5927,5927,True
2024.12.19_14-05-53_Biarmipes_G224_no_odor,5930,5930,True
2024.12.19_14-05-53_Biarmipes_G224_no_odor,5933,5934,True
2024.12.19_14-05-53_Biarmipes_G224_no_odor,5936,5936,True
2024.12.19_14-05-53_Biarmipes_G224_no_odor,5939,5939,True
2024.12.19_14-05-53_Biarmipes_G224_no_odor,5941,5950,True
2024.12.19_14-05-53_Biarmipes_G224_no_odor,5952,5952,True
2024.12.19_14-05-53_Biarmipes_G224_no_odor,5954,5958,True
2024.12.19_14-05-53_Biarmipes_G224_no_odor,5962,5965,True
2024.12.19_14-05-53_Biarmipes_G224_no_odor,5967,5967,True
2024.12.19_14-05-53_Biarmipes_G224_no_odor,5969,6021,True
2024.12.19_14-05-53_Biarmipes_G224_no_odor,6070,6105,True
2024.12.19_14-05-53_Biarmipes_G224_no_odor,6126,6128,True
2024.12.19_14-05-53_Biarmipes_G224_no_odor,6353,6355,True
2024.12.19_14-05-53_Biarmipes_G224_no_odor,6358,6358,True
2024.12.19_14-05-53_Biarmipes_G224_no_odor,6366,6367,True
2024.12.19_14-05-53_Biarmipes_G224_no_odor,6370,6372,True
2024.12.19_14-05-53_Biarmipes_G224_no_odor,6374,6374,True
2024.12.19_14-05-53_Biarmipes_G224_no_odor,6377,6377,True
2024.12.19_14-05-53_Biarmipes_G224_no_odor,6380,6382,True
2024.12.19_14-05-53_Biarmipes_G224_no_odor,6389,6392,True
2024.12.19_14-05-53_Biarmipes_G224_no_odor,6394,6394,True
2024.12.19_14-05-53_Biarmipes_G224_no_odor,6397,6397,True
2024.12.19_14-05-53_Biarmipes_G224_no_odor,6399,6399,True
2024.12.19_14-05-53_Biarmipes_G224_no_odor,6401,6402,True
2024.12.19_14-05-53_Biarmipes_G224_no_odor,6404,6405,True
2024.12.19_14-05-53_Biarmipes_G224_no_odor,6407,6407,True
2024.12.19_14-05-53_Biarmipes_G224_no_odor,6409,6413,True
2024.12.19_14-05-53_Biarmipes_G224_no_odor,6415,6419,True
2024.12.19_14-05-53_Biarmipes_G224_no_odor,6421,6855,True
2024.12.19_14-05-53_Biarmipes_G224_no_odor,6857,6871,True
2024.12.19_14-05-53_Biarmipes_G224_no_odor,6873,6908,True
2024.12.19_14-05-53_Biarmipes_G224_no_odor,6915,6924,True
2024.12.19_14-05-53_Biarmipes_G224_no_odor,6926,6927,True
2024.12.19_14-05-53_Biarmipes_G224_no_odor,6929,6930,True
2024.12.19_14-05-53_Biarmipes_G224_no_odor,6932,6938,True
2024.12.19_14-05-53_Biarmipes_G224_no_odor,6940,6947,True
2024.12.19_14-05-53_Biarmipes_G224_no_odor,6949,6957,True
2024.12.19_14-05-53_Biarmipes_G224_no_odor,6959,6961,True
2024.12.19_14-05-53_Biarmipes_G224_no_odor,6964,6967,True
2024.12.19_14-05-53_Biarmipes_G224_no_odor,6969,6971,True
2024.12.19_14-05-53_Biarmipes_G224_no_odor,6975,7018,True
2024.12.19_14-05-53_Biarmipes_G224_no_odor,7020,7035,True
2024.12.19_14-05-53_Biarmipes_G224_no_odor,7050,7051,True
2024.12.19_14-05-53_Biarmipes_G224_no_odor,7053,7070,True
2024.12.19_14-05-53_Biarmipes_G224_no_odor,7090,7092,True
2024.12.19_14-05-53_Biarmipes_G224_no_odor,7094,7094,True
2024.12.19_14-05-53_Biarmipes_G224_no_odor,7116,7117,True
2024.12.19_14-05-53_Biarmipes_G224_no_odor,7120,7120,True
2024.12.19_14-05-53_Biarmipes_G224_no_odor,7126,7126,True
2024.12.19_14-05-53_Biarmipes_G224_no_odor,7128,7132,True
2024.12.19_14-05-53_Biarmipes_G224_no_odor,7136,7136,True
2024.12.19_14-05-53_Biarmipes_G224_no_odor,7138,7138,True
2024.12.19_14-05-53_Biarmipes_G224_no_odor,7140,7141,True
2024.12.19_14-05-53_Biarmipes_G224_no_odor,7143,7147,True
2024.12.19_14-05-53_Biarmipes_G224_no_odor,7267,7270,True
2024.12.19_14-05-53_Biarmipes_G224_no_odor,7272,7273,True
2024.12.19_14-05-53_Biarmipes_G224_no_odor,7338,7338,True
2024.12.19_14-05-53_Biarmipes_G224_no_odor,7340,7343,True
2024.12.19_14-05-53_Biarmipes_G224_no_odor,7345,7347,True
2024.12.19_14-05-53_Biarmipes_G224_no_odor,7349,7350,True
2024.12.19_14-05-53_Biarmipes_G224_no_odor,7352,7352,True
2024.12.19_14-05-53_Biarmipes_G224_no_odor,7356,7363,True
2024.12.19_14-05-53_Biarmipes_G224_no_odor,7749,7750,True
2024.12.19_14-05-53_Biarmipes_G224_no_odor,7752,7752,True
2024.12.19_14-05-53_Biarmipes_G224_no_odor,7754,7754,True
2024.12.19_14-05-53_Biarmipes_G224_no_odor,7870,7870,True
2024.12.19_14-05-53_Biarmipes_G224_no_odor,7924,7924,True
2024.12.19_14-05-53_Biarmipes_G224_no_odor,7943,7946,True
2024.12.19_14-05-53_Biarmipes_G224_no_odor,7952,7952,True
2024.12.19_14-05-53_Biarmipes_G224_no_odor,7967,7967,True
2024.12.19_14-05-53_Biarmipes_G224_no_odor,7971,7971,True
2024.12.19_14-05-53_Biarmipes_G224_no_odor,7974,7974,True
2024.12.19_14-05-53_Biarmipes_G224_no_odor,7976,7977,True
2024.12.19_14-05-53_Biarmipes_G224_no_odor,7983,7991,True
2024.12.19_14-05-53_Biarmipes_G224_no_odor,7995,7995,True
2024.12.19_14-05-53_Biarmipes_G224_no_odor,7997,8000,True
2024.12.19_14-05-53_Biarmipes_G224_no_odor,8002,8002,True
2024.12.19_14-05-53_Biarmipes_G224_no_odor,8004,8012,True
2024.12.19_14-05-53_Biarmipes_G224_no_odor,8014,8017,True
2024.12.19_14-05-53_Biarmipes_G224_no_odor,8019,8020,True
2024.12.19_14-05-53_Biarmipes_G224_no_odor,8023,8023,True
2024.12.19_14-05-53_Biarmipes_G224_no_odor,8025,8025,True
2024.12.19_14-05-53_Biarmipes_G224_no_odor,8027,8034,True
2024.12.19_14-05-53_Biarmipes_G224_no_odor,8036,8056,True
2024.12.19_14-05-53_Biarmipes_G224_no_odor,8058,8072,True
2024.12.19_14-05-53_Biarmipes_G224_no_odor,8074,8078,True
2024.12.19_14-05-53_Biarmipes_G224_no_odor,8088,8088,True
2024.12.19_14-05-53_Biarmipes_G224_no_odor,8091,8091,True
2024.12.19_14-05-53_Biarmipes_G224_no_odor,8093,8093,True
2024.12.19_14-05-53_Biarmipes_G224_no_odor,8137,8137,True
2024.12.19_14-05-53_Biarmipes_G224_no_odor,8140,8140,True
2024.12.19_14-05-53_Biarmipes_G224_no_odor,8142,8143,True
2024.12.19_14-05-53_Biarmipes_G224_no_odor,8145,8145,True
2024.12.19_14-05-53_Biarmipes_G224_no_odor,8148,8150,True
2024.12.19_14-05-53_Biarmipes_G224_no_odor,8152,8152,True
2024.12.19_14-05-53_Biarmipes_G224_no_odor,8154,8155,True
2024.12.19_14-05-53_Biarmipes_G224_no_odor,8229,8229,True
2024.12.19_14-05-53_Biarmipes_G224_no_odor,8234,8234,True
2024.12.19_14-05-53_Biarmipes_G224_no_odor,8236,8239,True
2024.12.19_14-05-53_Biarmipes_G224_no_odor,8242,8242,True
2024.12.19_14-05-53_Biarmipes_G224_no_odor,8244,8250,True
2024.12.19_14-05-53_Biarmipes_G224_no_odor,8252,8253,True
2024.12.19_14-05-53_Biarmipes_G224_no_odor,8255,8256,True
2024.12.19_14-05-53_Biarmipes_G224_no_odor,8280,8280,True
2024.12.19_14-05-53_Biarmipes_G224_no_odor,8302,8302,True
2024.12.19_14-05-53_Biarmipes_G224_no_odor,8305,8305,True
2024.12.19_14-05-53_Biarmipes_G224_no_odor,8309,8311,True
2024.12.19_14-05-53_Biarmipes_G224_no_odor,8313,8324,True
2024.12.19_14-05-53_Biarmipes_G224_no_odor,8326,8614,True
2024.10.23_14-37-04_Biarmipes_g224_prenac,781,944,True
2024.10.23_14-37-04_Biarmipes_g224_prenac,1174,1624,True
2024.10.23_14-37-04_Biarmipes_g224_prenac,2802,2817,True
2024.10.23_14-37-04_Biarmipes_g224_prenac,2819,2852,True
2024.10.23_14-37-04_Biarmipes_g224_prenac,2855,2857,True
2024.10.23_14-37-04_Biarmipes_g224_prenac,2859,2867,True
2024.10.23_14-37-04_Biarmipes_g224_prenac,2869,2872,True
2024.10.23_14-37-04_Biarmipes_g224_prenac,2874,2875,True
2024.10.23_14-37-04_Biarmipes_g224_prenac,2877,2877,True
2024.10.23_14-37-04_Biarmipes_g224_prenac,2883,2884,True
2024.10.23_14-37-04_Biarmipes_g224_prenac,2894,2894,True
2024.10.23_14-37-04_Biarmipes_g224_prenac,2914,2914,True
2024.10.23_14-37-04_Biarmipes_g224_prenac,2932,2934,True
2024.10.23_14-37-04_Biarmipes_g224_prenac,2945,2945,True
2024.10.23_14-37-04_Biarmipes_g224_prenac,2947,2950,True
2024.10.23_14-37-04_Biarmipes_g224_prenac,2992,2992,True
2024.10.23_14-37-04_Biarmipes_g224_prenac,3018,3018,True
2024.10.23_14-37-04_Biarmipes_g224_prenac,3020,3020,True
2024.10.23_14-37-04_Biarmipes_g224_prenac,3030,3030,True
2024.10.23_14-37-04_Biarmipes_g224_prenac,3043,3043,True
2024.10.23_14-37-04_Biarmipes_g224_prenac,3045,3045,True
2024.10.23_14-37-04_Biarmipes_g224_prenac,3054,3054,True
2024.10.23_14-37-04_Biarmipes_g224_prenac,3057,3058,True
2024.10.23_14-37-04_Biarmipes_g224_prenac,3060,3060,True
2024.10.23_14-37-04_Biarmipes_g224_prenac,3074,3074,True
2024.10.23_14-37-04_Biarmipes_g224_prenac,3077,3077,True
2024.10.23_14-37-04_Biarmipes_g224_prenac,3610,3610,True
2024.10.23_14-37-04_Biarmipes_g224_prenac,3612,3613,True
2024.10.23_14-37-04_Biarmipes_g224_prenac,3616,3617,True
2024.10.23_14-37-04_Biarmipes_g224_prenac,3625,3628,True
2024.10.23_14-37-04_Biarmipes_g224_prenac,3639,3639,True
2024.10.23_14-37-04_Biarmipes_g224_prenac,3799,3799,True
2024.10.23_14-37-04_Biarmipes_g224_prenac,3806,3822,True
2024.10.23_14-37-04_Biarmipes_g224_prenac,3835,3837,True
2024.10.23_14-37-04_Biarmipes_g224_prenac,3841,3842,True
2024.10.23_14-37-04_Biarmipes_g224_prenac,3844,3845,True
2024.10.23_14-37-04_Biarmipes_g224_prenac,3852,3852,True
2024.10.23_14-37-04_Biarmipes_g224_prenac,3854,3854,True
2024.10.23_14-37-04_Biarmipes_g224_prenac,3857,3857,True
2024.10.23_14-37-04_Biarmipes_g224_prenac,3878,3881,True
2024.10.23_14-37-04_Biarmipes_g224_prenac,3888,3894,True
2024.10.23_14-37-04_Biarmipes_g224_prenac,3898,3898,True
2024.10.23_14-37-04_Biarmipes_g224_prenac,3900,3904,True
2024.10.23_14-37-04_Biarmipes_g224_prenac,3985,4020,True
2024.10.23_14-37-04_Biarmipes_g224_prenac,4037,4053,True
2024.10.23_14-37-04_Biarmipes_g224_prenac,4057,4066,True
2024.10.23_14-37-04_Biarmipes_g224_prenac,4122,4131,True
2024.10.23_14-37-04_Biarmipes_g224_prenac,4185,4187,True
2024.10.23_14-37-04_Biarmipes_g224_prenac,4229,4232,True
2024.10.23_14-37-04_Biarmipes_g224_prenac,4234,4249,True
2024.10.23_14-37-04_Biarmipes_g224_prenac,4253,4261,True
2024.10.23_14-37-04_Biarmipes_g224_prenac,4266,4266,True
2024.10.23_14-37-04_Biarmipes_g224_prenac,4382,4382,True
2024.10.23_14-37-04_Biarmipes_g224_prenac,4386,4391,True
2024.10.23_14-37-04_Biarmipes_g224_prenac,4397,4397,True
2024.10.23_14-37-04_Biarmipes_g224_prenac,4399,4402,True
2024.10.23_14-37-04_Biarmipes_g224_prenac,4425,4428,True
2024.10.23_14-37-04_Biarmipes_g224_prenac,4603,4604,True
2024.10.23_14-37-04_Biarmipes_g224_prenac,4609,4611,True
2024.10.23_14-37-04_Biarmipes_g224_prenac,4615,4621,True
2024.10.23_14-37-04_Biarmipes_g224_prenac,4626,4626,True
2024.10.23_14-37-04_Biarmipes_g224_prenac,4633,4636,True
2024.10.23_14-37-04_Biarmipes_g224_prenac,4642,4642,True
2024.10.23_14-37-04_Biarmipes_g224_prenac,4701,4705,True
2024.10.23_14-37-04_Biarmipes_g224_prenac,4722,4722,True
2024.10.23_14-37-04_Biarmipes_g224_prenac,4736,4739,True
2024.10.23_14-37-04_Biarmipes_g224_prenac,4741,4742,True
2024.10.23_14-37-04_Biarmipes_g224_prenac,4753,4753,True
2024.10.23_14-37-04_Biarmipes_g224_prenac,4755,4755,True
2024.10.23_14-37-04_Biarmipes_g224_prenac,4757,4764,True
2024.10.23_14-37-04_Biarmipes_g224_prenac,4766,4768,True
2024.10.23_14-37-04_Biarmipes_g224_prenac,4771,4773,True
2024.10.23_14-37-04_Biarmipes_g224_prenac,4775,4775,True
2024.10.23_14-37-04_Biarmipes_g224_prenac,4840,4841,True
2024.10.23_14-37-04_Biarmipes_g224_prenac,4871,4872,True
2024.10.23_14-37-04_Biarmipes_g224_prenac,4874,4874,True
2024.10.23_14-37-04_Biarmipes_g224_prenac,4877,4877,True
2024.10.23_14-37-04_Biarmipes_g224_prenac,4879,4879,True
2024.10.23_14-37-04_Biarmipes_g224_prenac,4916,4923,True
2024.10.23_14-37-04_Biarmipes_g224_prenac,4925,4936,True
2024.10.23_14-37-04_Biarmipes_g224_prenac,4941,4941,True
2024.10.23_14-37-04_Biarmipes_g224_prenac,4947,5788,True
2024.10.23_14-37-04_Biarmipes_g224_prenac,7581,7581,True
2024.10.23_14-37-04_Biarmipes_g224_prenac,7583,7589,True
2024.10.23_14-37-04_Biarmipes_g224_prenac,7595,7595,True
2024.10.23_14-37-04_Biarmipes_g224_prenac,7597,7597,True
2024.10.23_14-37-04_Biarmipes_g224_prenac,7599,7600,True
2024.10.23_14-37-04_Biarmipes_g224_prenac,7614,7614,True
2024.10.23_14-37-04_Biarmipes_g224_prenac,7617,7619,True
2024.10.23_14-37-04_Biarmipes_g224_prenac,7621,7622,True
2024.10.23_14-37-04_Biarmipes_g224_prenac,7624,7624,True
2024.10.23_14-37-04_Biarmipes_g224_prenac,7626,7631,True
2024.10.23_14-37-04_Biarmipes_g224_prenac,7657,7657,True
2024.10.23_14-37-04_Biarmipes_g224_prenac,7659,7664,True
2024.10.23_14-37-04_Biarmipes_g224_prenac,7666,7669,True
2024.10.23_14-37-04_Biarmipes_g224_prenac,7673,7673,True
2024.10.23_14-37-04_Biarmipes_g224_prenac,7675,7677,True
2024.10.23_14-37-04_Biarmipes_g224_prenac,7679,7680,True
2024.10.23_14-37-04_Biarmipes_g224_prenac,7686,7688,True
2024.10.23_14-37-04_Biarmipes_g224_prenac,7694,7696,True
2024.10.23_14-37-04_Biarmipes_g224_prenac,7698,7698,True
2024.10.23_14-37-04_Biarmipes_g224_prenac,7702,7705,True
2024.10.23_14-37-04_Biarmipes_g224_prenac,7707,7710,True
2024.10.23_14-37-04_Biarmipes_g224_prenac,7712,7713,True
2024.10.23_14-37-04_Biarmipes_g224_prenac,7716,7716,True
2024.10.23_14-37-04_Biarmipes_g224_prenac,7718,7718,True
2024.10.23_14-37-04_Biarmipes_g224_prenac,7721,7723,True
2024.10.23_14-37-04_Biarmipes_g224_prenac,7731,7731,True
2024.10.23_14-37-04_Biarmipes_g224_prenac,7733,7734,True
2024.10.23_14-37-04_Biarmipes_g224_prenac,7741,7741,True
2024.10.23_14-37-04_Biarmipes_g224_prenac,7749,7759,True
2024.10.23_14-37-04_Biarmipes_g224_prenac,7761,7765,True
2024.10.23_14-37-04_Biarmipes_g224_prenac,7768,7771,True
2024.10.23_14-37-04_Biarmipes_g224_prenac,7774,7804,True
2024.10.23_14-37-04_Biarmipes_g224_prenac,7807,7808,True
2024.10.23_14-37-04_Biarmipes_g224_prenac,7816,7880,True
2024.10.24_09-31-22_Biarmipes_G224_metben,3,1116,True
2024.10.24_09-31-22_Biarmipes_G224_metben,1199,1242,True
2024.10.24_09-31-22_Biarmipes_G224_metben,1456,1505,True
2024.10.24_09-31-22_Biarmipes_G224_metben,1507,1663,True
2024.10.24_09-31-22_Biarmipes_G224_metben,1667,1667,True
2024.10.24_09-31-22_Biarmipes_G224_metben,1671,1671,True
2024.10.24_09-31-22_Biarmipes_G224_metben,1683,1683,True
2024.10.24_09-31-22_Biarmipes_G224_metben,1711,1711,True
2024.10.24_09-31-22_Biarmipes_G224_metben,1714,1715,True
2024.10.24_09-31-22_Biarmipes_G224_metben,1717,1718,True
2024.10.24_09-31-22_Biarmipes_G224_metben,1728,1728,True
2024.10.24_09-31-22_Biarmipes_G224_metben,1734,1980,True
2024.10.24_09-31-22_Biarmipes_G224_metben,2798,2802,True
2024.10.24_09-31-22_Biarmipes_G224_metben,2804,2804,True
2024.10.24_09-31-22_Biarmipes_G224_metben,2808,3626,True
2024.10.24_09-31-22_Biarmipes_G224_metben,3691,3704,True
2024.10.24_09-31-22_Biarmipes_G224_metben,3707,3717,True
2024.10.24_09-31-22_Biarmipes_G224_metben,3719,4042,True
2024.10.24_09-31-22_Biarmipes_G224_metben,4044,4524,True
2024.10.24_09-31-22_Biarmipes_G224_metben,5831,5995,True
2024.10.24_09-31-22_Biarmipes_G224_metben,6581,6757,True
2024.10.24_09-31-22_Biarmipes_G224_metben,7719,7722,True
2024.10.24_09-31-22_Biarmipes_G224_metben,7726,7726,True
2024.10.24_09-31-22_Biarmipes_G224_metben,7728,7728,True
2024.10.24_09-31-22_Biarmipes_G224_metben,7731,7731,True
2024.10.24_09-31-22_Biarmipes_G224_metben,7734,7734,True
2024.10.24_09-31-22_Biarmipes_G224_metben,7791,7792,True
2024.10.24_09-31-22_Biarmipes_G224_metben,7799,7799,True
2024.10.24_09-31-22_Biarmipes_G224_metben,7829,7831,True
2024.10.24_09-31-22_Biarmipes_G224_metben,7833,7833,True
2024.10.24_09-31-22_Biarmipes_G224_metben,7835,7853,True
2024.10.24_09-31-22_Biarmipes_G224_metben,7855,7864,True
2024.10.24_09-31-22_Biarmipes_G224_metben,7866,7875,True
2024.10.24_09-31-22_Biarmipes_G224_metben,7878,7880,True
2024.10.24_09-31-22_Biarmipes_G224_metben,7882,7882,True
2024.10.24_09-31-22_Biarmipes_G224_metben,7887,7887,True
2024.10.24_09-31-22_Biarmipes_G224_metben,7889,7889,True
2024.10.24_09-31-22_Biarmipes_G224_metben,7891,7895,True
2024.10.24_09-31-22_Biarmipes_G224_metben,7897,7898,True
2024.10.24_09-31-22_Biarmipes_G224_metben,7901,7901,True
2024.10.24_09-31-22_Biarmipes_G224_metben,7903,7911,True
2024.10.24_09-31-22_Biarmipes_G224_metben,7913,7951,True
2024.10.24_09-31-22_Biarmipes_G224_metben,7953,7963,True
2024.10.24_09-31-22_Biarmipes_G224_metben,7965,7967,True
2024.10.24_09-31-22_Biarmipes_G224_metben,7974,7974,True
2024.10.24_09-31-22_Biarmipes_G224_metben,7976,7981,True
2024.10.24_09-31-22_Biarmipes_G224_metben,7985,7985,True
2024.10.24_09-31-22_Biarmipes_G224_metben,7995,7995,True
2024.10.24_09-31-22_Biarmipes_G224_metben,8006,8006,True
2024.10.24_09-31-22_Biarmipes_G224_metben,8024,8034,True
2024.10.24_09-31-22_Biarmipes_G224_metben,8037,8040,True
2024.10.24_09-31-22_Biarmipes_G224_metben,8042,8042,True
2024.10.24_09-31-22_Biarmipes_G224_metben,8046,8047,True
2024.10.24_09-31-22_Biarmipes_G224_metben,8049,8051,True
2024.10.24_09-31-22_Biarmipes_G224_metben,8053,8192,True
2024.10.24_09-31-22_Biarmipes_G224_metben,8194,8206,True
2024.10.24_09-31-22_Biarmipes_G224_metben,8208,8222,True
2024.10.24_09-31-22_Biarmipes_G224_metben,8224,8236,True
2024.10.24_09-31-22_Biarmipes_G224_metben,8238,8248,True
2024.10.24_09-31-22_Biarmipes_G224_metben,8250,8250,True
2024.10.24_09-31-22_Biarmipes_G224_metben,8252,8499,True
2024.10.24_09-31-22_Biarmipes_G224_metben,8501,8998,True
2024.09.30_15-33-53_Biarmipes84_no_odor,3,219,True
2024.09.30_15-33-53_Biarmipes84_no_odor,221,450,True
2024.09.30_15-33-53_Biarmipes84_no_odor,3089,3090,True
2024.09.30_15-33-53_Biarmipes84_no_odor,3093,3093,True
2024.09.30_15-33-53_Biarmipes84_no_odor,3095,3095,True
2024.09.30_15-33-53_Biarmipes84_no_odor,3101,3101,True
2024.09.30_15-33-53_Biarmipes84_no_odor,3104,3109,True
2024.09.30_15-33-53_Biarmipes84_no_odor,3111,3116,True
2024.09.30_15-33-53_Biarmipes84_no_odor,3118,3123,True
2024.09.30_15-33-53_Biarmipes84_no_odor,3126,3126,True
2024.09.30_15-33-53_Biarmipes84_no_odor,3129,3151,True
2024.09.30_15-33-53_Biarmipes84_no_odor,3154,3156,True
2024.09.30_15-33-53_Biarmipes84_no_odor,3159,3165,True
2024.09.30_15-33-53_Biarmipes84_no_odor,3167,3167,True
2024.09.30_15-33-53_Biarmipes84_no_odor,3178,3178,True
2024.09.30_15-33-53_Biarmipes84_no_odor,3185,3185,True
2024.09.30_15-33-53_Biarmipes84_no_odor,3239,3239,True
2024.09.30_15-33-53_Biarmipes84_no_odor,3758,3758,True
2024.09.30_15-33-53_Biarmipes84_no_odor,3765,3765,True
2024.09.30_15-33-53_Biarmipes84_no_odor,3775,3775,True
2024.09.30_15-33-53_Biarmipes84_no_odor,3778,3795,True
2024.09.30_15-33-53_Biarmipes84_no_odor,3797,3830,True
2024.09.30_15-33-53_Biarmipes84_no_odor,3833,3851,True
2024.09.30_15-33-53_Biarmipes84_no_odor,3853,3856,True
2024.09.30_15-33-53_Biarmipes84_no_odor,3858,3879,True
2024.09.30_15-33-53_Biarmipes84_no_odor,3882,3912,True
2024.09.30_15-33-53_Biarmipes84_no_odor,3975,4094,True
2024.09.30_15-33-53_Biarmipes84_no_odor,4096,4098,True
2024.09.30_15-33-53_Biarmipes84_no_odor,4100,4211,True
2024.09.30_15-33-53_Biarmipes84_no_odor,4213,4216,True
2024.09.30_15-33-53_Biarmipes84_no_odor,4218,4232,True
2024.09.30_15-33-53_Biarmipes84_no_odor,4234,4257,True
2024.09.30_15-33-53_Biarmipes84_no_odor,4259,4273,True
2024.09.30_15-33-53_Biarmipes84_no_odor,4275,6769,True
2024.10.31_08-37-25_Biarmipes84_metben,3,591,True
2024.10.31_08-37-25_Biarmipes84_metben,2216,3079,True
2024.10.31_08-37-25_Biarmipes84_metben,4664,4766,True
2024.10.31_08-37-25_Biarmipes84_metben,4781,5854,True
2024.10.31_08-37-25_Biarmipes84_metben,6011,6117,True
2024.10.31_08-37-25_Biarmipes84_metben,6537,6540,True
2024.10.31_08-37-25_Biarmipes84_metben,6836,7855,True
2024.10.08_12-50-07_Stocago_2hexanol,3,608,True
2024.10.08_12-50-07_Stocago_2hexanol,1030,1097,True
2024.10.08_12-50-07_Stocago_2hexanol,1104,1395,True
2024.10.08_12-50-07_Stocago_2hexanol,1397,1397,True
2024.10.08_12-50-07_Stocago_2hexanol,1399,1401,True
2024.10.08_12-50-07_Stocago_2hexanol,1404,1404,True
2024.10.08_12-50-07_Stocago_2hexanol,1406,1410,True
2024.10.08_12-50-07_Stocago_2hexanol,1414,1414,True
2024.10.08_12-50-07_Stocago_2hexanol,1416,1422,True
2024.10.08_12-50-07_Stocago_2hexanol,1425,1425,True
2024.10.08_12-50-07_Stocago_2hexanol,1429,1455,True
2024.10.08_12-50-07_Stocago_2hexanol,1457,1469,True
2024.10.08_12-50-07_Stocago_2hexanol,1480,1783,True
2024.10.08_12-50-07_Stocago_2hexanol,1787,1813,True
2024.10.08_12-50-07_Stocago_2hexanol,1820,1838,True
2024.10.08_12-50-07_Stocago_2hexanol,1841,1872,True
2024.10.08_12-50-07_Stocago_2hexanol,1874,1893,True
2024.10.08_12-50-07_Stocago_2hexanol,1895,1895,True
2024.10.08_12-50-07_Stocago_2hexanol,1898,1914,True
2024.10.08_12-50-07_Stocago_2hexanol,1918,2545,True
2024.10.08_12-50-07_Stocago_2hexanol,3271,3748,True
2024.10.08_12-50-07_Stocago_2hexanol,4252,5008,True
2024.10.08_12-50-07_Stocago_2hexanol,5786,6234,True
2024.10.08_12-50-07_Stocago_2hexanol,7306,8452,True
2024.10.08_12-50-07_Stocago_2hexanol,8456,8722,True
2024.10.25_07-10-10_CantonS_metben,4766,4767,True
2024.10.25_07-10-10_CantonS_metben,4769,5164,True
2024.10.25_07-10-10_CantonS_metben,5166,5241,True
2024.10.25_07-10-10_CantonS_metben,5244,5244,True
2024.10.25_07-10-10_CantonS_metben,5247,5248,True
2024.10.25_07-10-10_CantonS_metben,5250,5252,True
2024.10.25_07-10-10_CantonS_metben,5254,5258,True
2024.10.25_07-10-10_CantonS_metben,5260,5264,True
2024.10.25_07-10-10_CantonS_metben,5266,5280,True
2024.10.25_07-10-10_CantonS_metben,5282,7139,True
2024.07.05_12-24-23_CantonS (no odor),1446,1447,True
2024.07.05_12-24-23_CantonS (no odor),1460,1697,True
2024.07.05_12-24-23_CantonS (no odor),2263,2263,True
2024.07.05_12-24-23_CantonS (no odor),2265,2265,True
2024.07.05_12-24-23_CantonS (no odor),2306,2515,True
2024.07.05_12-24-23_CantonS (no odor),4785,5105,True
2024.07.05_12-24-23_CantonS (no odor),6197,6197,True
2024.07.05_12-24-23_CantonS (no odor),6967,6967,True
2024.07.05_12-24-23_CantonS (no odor),7188,7188,True
2024.10.15_11-47-23_sussex_prenac,3,1803,True
2024.10.15_11-47-23_sussex_prenac,1943,2026,True
2024.10.15_11-47-23_sussex_prenac,6085,6085,True
2024.10.15_11-47-23_sussex_prenac,6092,6092,True
2024.10.15_11-47-23_sussex_prenac,6152,6154,True
2024.10.15_11-47-23_sussex_prenac,6156,6173,True
2024.10.15_11-47-23_sussex_prenac,6201,6203,True
2024.10.15_11-47-23_sussex_prenac,6218,6223,True
2024.10.15_11-47-23_sussex_prenac,6225,6227,True
2024.10.15_11-47-23_sussex_prenac,6230,6231,True
2024.10.15_11-47-23_sussex_prenac,6233,6235,True
2024.10.15_11-47-23_sussex_prenac,6237,6242,True
2024.10.15_11-47-23_sussex_prenac,6244,6245,True
2024.10.15_11-47-23_sussex_prenac,6247,6247,True
2024.10.15_11-47-23_sussex_prenac,6249,6249,True
2024.10.15_11-47-23_sussex_prenac,6252,6253,True
2024.10.15_11-47-23_sussex_prenac,6255,6257,True
2024.10.15_11-47-23_sussex_prenac,6260,6260,True
2024.10.15_11-47-23_sussex_prenac,6263,6264,True
2024.10.15_11-47-23_sussex_prenac,6272,6272,True
2024.10.15_11-47-23_sussex_prenac,6278,6278,True
2024.10.15_11-47-23_sussex_prenac,6281,6282,True
2024.10.15_11-47-23_sussex_prenac,6288,6289,True
2024.10.15_11-47-23_sussex_prenac,6291,6293,True
2024.10.15_11-47-23_sussex_prenac,6295,6295,True
2024.10.15_11-47-23_sussex_prenac,6300,6301,True
2024.10.15_11-47-23_sussex_prenac,6310,6312,True
2024.10.15_11-47-23_sussex_prenac,6318,6318,True
2024.10.15_11-47-23_sussex_prenac,6325,6327,True
2024.10.15_11-47-23_sussex_prenac,6330,6330,True
2024.10.15_11-47-23_sussex_prenac,6332,6332,True
2024.10.15_11-47-23_sussex_prenac,6335,6335,True
2024.10.15_11-47-23_sussex_prenac,6339,6339,True
2024.10.15_11-47-23_sussex_prenac,6341,6341,True
2024.10.15_11-47-23_sussex_prenac,6343,6345,True
2024.10.15_11-47-23_sussex_prenac,6355,6355,True
2024.10.15_11-47-23_sussex_prenac,6357,6357,True
2024.10.15_11-47-23_sussex_prenac,6396,6396,True
2024.10.15_11-47-23_sussex_prenac,6399,6399,True
2024.10.15_11-47-23_sussex_prenac,6402,6402,True
2024.10.15_11-47-23_sussex_prenac,6404,6404,True
2024.10.15_11-47-23_sussex_prenac,6406,6406,True
2024.10.15_11-47-23_sussex_prenac,6411,6413,True
2024.10.15_11-47-23_sussex_prenac,6418,6418,True
2024.10.15_11-47-23_sussex_prenac,6420,6421,True
2024.10.15_11-47-23_sussex_prenac,6427,6427,True
2024.10.15_11-47-23_sussex_prenac,6429,6430,True
2024.10.15_11-47-23_sussex_prenac,6434,6434,True
2024.10.15_11-47-23_sussex_prenac,6437,6439,True
2024.10.15_11-47-23_sussex_prenac,6441,6443,True
2024.10.15_11-47-23_sussex_prenac,6445,6451,True
2024.10.15_11-47-23_sussex_prenac,6453,6453,True
2024.10.15_11-47-23_sussex_prenac,6455,6455,True
2024.10.15_11-47-23_sussex_prenac,6457,6458,True
2024.10.15_11-47-23_sussex_prenac,6460,6460,True
2024.10.15_11-47-23_sussex_prenac,6462,6463,True
2024.10.15_11-47-23_sussex_prenac,6468,6468,True
2024.10.15_11-47-23_sussex_prenac,6470,6470,True
2024.10.15_11-47-23_sussex_prenac,6473,6474,True
2024.10.15_11-47-23_sussex_prenac,6477,6478,True
2024.10.15_11-47-23_sussex_prenac,6480,6480,True
2024.10.15_11-47-23_sussex_prenac,6487,6487,True
2024.10.15_11-47-23_sussex_prenac,6492,6493,True
2024.10.15_11-47-23_sussex_prenac,6496,6496,True
2024.10.15_11-47-23_sussex_prenac,6499,6504,True
2024.10.15_11-47-23_sussex_prenac,6513,6513,True
2024.10.15_11-47-23_sussex_prenac,6517,6519,True
2024.10.15_11-47-23_sussex_prenac,6525,6526,True
2024.10.15_11-47-23_sussex_prenac,6528,6528,True
2024.10.15_11-47-23_sussex_prenac,6530,6531,True
2024.10.15_11-47-23_sussex_prenac,6538,6538,True
2024.10.15_11-47-23_sussex_prenac,6540,6540,True
2024.10.15_11-47-23_sussex_prenac,6543,6547,True
2024.10.15_11-47-23_sussex_prenac,6556,6557,True
2024.10.15_11-47-23_sussex_prenac,6560,6560,True
2024.10.15_11-47-23_sussex_prenac,6562,6562,True
2024.10.15_11-47-23_sussex_prenac,6587,6587,True
2024.10.15_11-47-23_sussex_prenac,6661,6661,True
2024.10.15_11-47-23_sussex_prenac,6667,6667,True
2024.10.15_11-47-23_sussex_prenac,6673,6674,True
2024.10.15_11-47-23_sussex_prenac,6677,6677,True
2024.10.15_11-47-23_sussex_prenac,6685,6686,True
2024.10.15_11-47-23_sussex_prenac,6688,6688,True
2024.10.15_11-47-23_sussex_prenac,6690,6690,True
2024.10.15_11-47-23_sussex_prenac,6695,6697,True
2024.10.15_11-47-23_sussex_prenac,6699,6700,True
2024.10.15_11-47-23_sussex_prenac,6705,6705,True
2024.10.15_11-47-23_sussex_prenac,6708,6709,True
2024.10.15_11-47-23_sussex_prenac,6711,6714,True
2024.10.15_11-47-23_sussex_prenac,6716,6716,True
2024.10.15_11-47-23_sussex_prenac,6725,6725,True
2024.10.15_11-47-23_sussex_prenac,6729,6729,True
2024.10.15_11-47-23_sussex_prenac,6734,6735,True
2024.10.15_11-47-23_sussex_prenac,6737,6737,True
2024.10.15_11-47-23_sussex_prenac,6740,6740,True
2024.10.15_11-47-23_sussex_prenac,6743,6743,True
2024.10.15_11-47-23_sussex_prenac,6748,6748,True
2024.10.15_11-47-23_sussex_prenac,6753,6754,True
2024.10.15_11-47-23_sussex_prenac,6758,6758,True
2024.10.15_11-47-23_sussex_prenac,6760,6760,True
2024.10.15_11-47-23_sussex_prenac,6762,6764,True
2024.10.15_11-47-23_sussex_prenac,6769,6769,True
2024.10.15_11-47-23_sussex_prenac,6772,6774,True
2024.10.15_11-47-23_sussex_prenac,6776,6776,True
2024.10.15_11-47-23_sussex_prenac,6779,6781,True
2024.10.15_11-47-23_sussex_prenac,6786,6786,True
2024.10.15_11-47-23_sussex_prenac,6789,6790,True
2024.10.15_11-47-23_sussex_prenac,6792,6792,True
2024.10.15_11-47-23_sussex_prenac,6805,6805,True
2024.10.15_11-47-23_sussex_prenac,6807,6808,True
2024.10.15_11-47-23_sussex_prenac,6811,6811,True
2024.10.15_11-47-23_sussex_prenac,6816,6816,True
2024.10.15_11-47-23_sussex_prenac,6818,6821,True
2024.10.15_11-47-23_sussex_prenac,6823,6823,True
2024.10.15_11-47-23_sussex_prenac,6826,6827,True
2024.10.15_11-47-23_sussex_prenac,6829,6830,True
2024.10.15_11-47-23_sussex_prenac,6832,6833,True
2024.10.15_11-47-23_sussex_prenac,6839,6841,True
2024.10.15_11-47-23_sussex_prenac,7016,7047,True
2024.10.15_11-47-23_sussex_prenac,7049,7049,True
2024.10.15_11-47-23_sussex_prenac,7051,7181,True
2024.10.15_11-47-23_sussex_prenac,7183,7196,True
2024.10.15_11-47-23_sussex_prenac,7198,7201,True
2024.10.15_11-47-23_sussex_prenac,7203,7234,True
2024.10.15_11-47-23_sussex_prenac,7236,7254,True
2024.10.15_11-47-23_sussex_prenac,7256,8999,True
2024.10.02_10-46-18_Biarmipes_G224_no_odor,552,817,True
2024.10.02_10-46-18_Biarmipes_G224_no_odor,819,830,True
2024.10.02_10-46-18_Biarmipes_G224_no_odor,850,850,True
2024.10.02_10-46-18_Biarmipes_G224_no_odor,855,858,True
2024.10.02_10-46-18_Biarmipes_G224_no_odor,896,901,True
2024.10.02_10-46-18_Biarmipes_G224_no_odor,914,936,True
2024.10.02_10-46-18_Biarmipes_G224_no_odor,1019,1041,True
2024.10.02_10-46-18_Biarmipes_G224_no_odor,1043,1049,True
2024.10.02_10-46-18_Biarmipes_G224_no_odor,1051,1051,True
2024.10.02_10-46-18_Biarmipes_G224_no_odor,1056,1056,True
2024.10.02_10-46-18_Biarmipes_G224_no_odor,1060,1222,True
2024.10.02_10-46-18_Biarmipes_G224_no_odor,1224,1808,True
2024.10.02_10-46-18_Biarmipes_G224_no_odor,1989,2485,True
2024.10.02_10-46-18_Biarmipes_G224_no_odor,2515,2661,True
2024.10.02_10-46-18_Biarmipes_G224_no_odor,2663,2705,True
2024.10.02_10-46-18_Biarmipes_G224_no_odor,3355,4384,True
2024.10.02_10-46-18_Biarmipes_G224_no_odor,6322,6341,True
2024.10.02_10-46-18_Biarmipes_G224_no_odor,6343,6346,True
2024.10.02_10-46-18_Biarmipes_G224_no_odor,6349,6349,True
2024.10.02_10-46-18_Biarmipes_G224_no_odor,6379,6379,True
2024.10.02_10-46-18_Biarmipes_G224_no_odor,6400,6400,True
2024.10.02_10-46-18_Biarmipes_G224_no_odor,6404,6404,True
2024.10.02_10-46-18_Biarmipes_G224_no_odor,6409,6409,True
2024.10.02_10-46-18_Biarmipes_G224_no_odor,6414,6414,True
2024.10.02_10-46-18_Biarmipes_G224_no_odor,6420,6422,True
2024.10.02_10-46-18_Biarmipes_G224_no_odor,6427,6427,True
2024.10.02_10-46-18_Biarmipes_G224_no_odor,6430,6432,True
2024.10.02_10-46-18_Biarmipes_G224_no_odor,6447,6478,True
2024.10.02_10-46-18_Biarmipes_G224_no_odor,6480,6481,True
2024.10.02_10-46-18_Biarmipes_G224_no_odor,6483,6484,True
2024.10.02_10-46-18_Biarmipes_G224_no_odor,6486,6511,True
2024.10.02_10-46-18_Biarmipes_G224_no_odor,6513,6516,True
2024.10.02_10-46-18_Biarmipes_G224_no_odor,6734,6734,True
2024.10.02_10-46-18_Biarmipes_G224_no_odor,6886,6886,True
2024.10.02_10-46-18_Biarmipes_G224_no_odor,6896,6896,True
2024.10.02_10-46-18_Biarmipes_G224_no_odor,6902,6905,True
2024.10.02_10-46-18_Biarmipes_G224_no_odor,6908,6908,True
2024.10.02_10-46-18_Biarmipes_G224_no_odor,6934,6934,True
2024.10.02_10-46-18_Biarmipes_G224_no_odor,6938,6938,True
2024.10.02_10-46-18_Biarmipes_G224_no_odor,6942,6942,True
2024.10.02_10-46-18_Biarmipes_G224_no_odor,6947,6947,True
2024.10.02_10-46-18_Biarmipes_G224_no_odor,6949,6949,True
2024.10.02_10-46-18_Biarmipes_G224_no_odor,7038,7046,True
2024.10.02_10-46-18_Biarmipes_G224_no_odor,7059,7059,True
2024.10.02_10-46-18_Biarmipes_G224_no_odor,7066,7067,True
2024.10.02_10-46-18_Biarmipes_G224_no_odor,7194,7194,True
2024.10.02_10-46-18_Biarmipes_G224_no_odor,7247,7247,True
2024.10.02_10-46-18_Biarmipes_G224_no_odor,7249,7252,True
2024.10.02_10-46-18_Biarmipes_G224_no_odor,7254,7259,True
2024.10.02_10-46-18_Biarmipes_G224_no_odor,7261,7266,True
2024.10.02_10-46-18_Biarmipes_G224_no_odor,7268,7296,True
2024.10.02_10-46-18_Biarmipes_G224_no_odor,7299,7303,True
2024.10.02_10-46-18_Biarmipes_G224_no_odor,7305,7308,True
2024.10.02_10-46-18_Biarmipes_G224_no_odor,7310,7315,True
2024.10.02_10-46-18_Biarmipes_G224_no_odor,7317,7345,True
2024.10.02_10-46-18_Biarmipes_G224_no_odor,7347,7350,True
2024.10.02_10-46-18_Biarmipes_G224_no_odor,7352,7352,True
2024.10.02_10-46-18_Biarmipes_G224_no_odor,7355,7355,True
2024.10.02_10-46-18_Biarmipes_G224_no_odor,7357,7369,True
2024.10.02_10-46-18_Biarmipes_G224_no_odor,7371,7371,True
2024.10.02_10-46-18_Biarmipes_G224_no_odor,7375,7376,True
2024.10.02_10-46-18_Biarmipes_G224_no_odor,7380,7381,True
2024.10.02_10-46-18_Biarmipes_G224_no_odor,7423,7424,True
2024.10.02_10-46-18_Biarmipes_G224_no_odor,7438,7438,True
2024.10.02_10-46-18_Biarmipes_G224_no_odor,7453,7453,True
2024.10.02_10-46-18_Biarmipes_G224_no_odor,7469,7481,True
2024.10.02_10-46-18_Biarmipes_G224_no_odor,7483,7486,True
2024.10.02_10-46-18_Biarmipes_G224_no_odor,7488,7488,True
2024.10.02_10-46-18_Biarmipes_G224_no_odor,7490,7492,True
2024.10.02_10-46-18_Biarmipes_G224_no_odor,7494,7503,True
2024.10.02_10-46-18_Biarmipes_G224_no_odor,7505,7511,True
2024.10.02_10-46-18_Biarmipes_G224_no_odor,7513,7520,True
2024.10.02_10-46-18_Biarmipes_G224_no_odor,7522,7523,True
2024.10.02_10-46-18_Biarmipes_G224_no_odor,7525,7533,True
2024.10.02_10-46-18_Biarmipes_G224_no_odor,7536,7556,True
2024.10.02_10-46-18_Biarmipes_G224_no_odor,7558,7571,True
2024.10.02_10-46-18_Biarmipes_G224_no_odor,7573,7576,True
2024.10.02_10-46-18_Biarmipes_G224_no_odor,7578,7580,True
2024.10.02_10-46-18_Biarmipes_G224_no_odor,7582,7587,True
2024.10.02_10-46-18_Biarmipes_G224_no_odor,7589,7608,True
2024.10.02_10-46-18_Biarmipes_G224_no_odor,7610,7619,True
2024.10.02_10-46-18_Biarmipes_G224_no_odor,7892,7899,True
2024.10.02_10-46-18_Biarmipes_G224_no_odor,7911,7911,True
2024.10.02_10-46-18_Biarmipes_G224_no_odor,7938,7939,True
2024.10.02_10-46-18_Biarmipes_G224_no_odor,7942,7942,True
2024.10.02_10-46-18_Biarmipes_G224_no_odor,7945,7946,True
2024.10.02_10-46-18_Biarmipes_G224_no_odor,7948,7950,True
2024.10.02_10-46-18_Biarmipes_G224_no_odor,7952,7954,True
2024.10.02_10-46-18_Biarmipes_G224_no_odor,7957,7957,True
2024.10.02_10-46-18_Biarmipes_G224_no_odor,7975,7975,True
2024.10.02_10-46-18_Biarmipes_G224_no_odor,7984,7984,True
2024.10.02_10-46-18_Biarmipes_G224_no_odor,7989,7989,True
2024.10.02_10-46-18_Biarmipes_G224_no_odor,8003,8004,True
2024.10.02_10-46-18_Biarmipes_G224_no_odor,8008,8008,True
2024.10.02_10-46-18_Biarmipes_G224_no_odor,8011,8015,True
2024.10.02_10-46-18_Biarmipes_G224_no_odor,8017,8021,True
2024.10.02_10-46-18_Biarmipes_G224_no_odor,8025,8065,True
2024.10.02_10-46-18_Biarmipes_G224_no_odor,8070,8075,True
2024.10.02_10-46-18_Biarmipes_G224_no_odor,8081,8081,True
2024.10.02_10-46-18_Biarmipes_G224_no_odor,8099,8100,True
2024.10.02_10-46-18_Biarmipes_G224_no_odor,8104,8104,True
2024.10.02_10-46-18_Biarmipes_G224_no_odor,8106,8106,True
2024.10.02_10-46-18_Biarmipes_G224_no_odor,8108,8114,True
2024.10.02_10-46-18_Biarmipes_G224_no_odor,8116,8327,True
2024.10.02_10-46-18_Biarmipes_G224_no_odor,8329,8407,True
2024.10.02_10-46-18_Biarmipes_G224_no_odor,8410,8446,True
2024.10.02_10-46-18_Biarmipes_G224_no_odor,8448,8448,True
2024.10.02_10-46-18_Biarmipes_G224_no_odor,8450,8451,True
2024.10.02_10-46-18_Biarmipes_G224_no_odor,8454,8464,True
2024.10.02_10-46-18_Biarmipes_G224_no_odor,8466,8474,True
2024.10.02_10-46-18_Biarmipes_G224_no_odor,8477,8482,True
2024.10.02_10-46-18_Biarmipes_G224_no_odor,8484,8510,True
2024.10.02_10-46-18_Biarmipes_G224_no_odor,8564,8635,True
2024.10.02_10-46-18_Biarmipes_G224_no_odor,8638,8644,True
2024.10.02_10-46-18_Biarmipes_G224_no_odor,8646,8647,True
2024.10.02_10-46-18_Biarmipes_G224_no_odor,8649,8649,True
2024.10.02_10-46-18_Biarmipes_G224_no_odor,8651,8660,True
2024.10.02_10-46-18_Biarmipes_G224_no_odor,8662,8663,True
2024.10.02_10-46-18_Biarmipes_G224_no_odor,8665,8668,True
2024.10.02_10-46-18_Biarmipes_G224_no_odor,8671,8671,True
2024.10.02_10-46-18_Biarmipes_G224_no_odor,8676,8676,True
2024.10.02_10-46-18_Biarmipes_G224_no_odor,8683,8685,True
2024.10.02_10-46-18_Biarmipes_G224_no_odor,8689,8692,True
2024.10.02_10-46-18_Biarmipes_G224_no_odor,8695,8695,True
2024.10.02_10-46-18_Biarmipes_G224_no_odor,8699,8699,True
2024.10.02_10-46-18_Biarmipes_G224_no_odor,8701,8845,True
2024.10.02_10-46-18_Biarmipes_G224_no_odor,8847,8854,True
2024.10.02_10-46-18_Biarmipes_G224_no_odor,8856,8913,True
2024.09.24_15-40-27_Yakuba7_no_odor,4927,7960,True
2024.11.12_06-12-26_Yakuba_cameroon_e2hex,3,1366,True
2024.11.12_06-12-26_Yakuba_cameroon_e2hex,3050,3306,True
2024.11.12_06-12-26_Yakuba_cameroon_e2hex,3308,3347,True
2024.11.12_06-12-26_Yakuba_cameroon_e2hex,3349,3422,True
2024.11.12_06-12-26_Yakuba_cameroon_e2hex,3424,3427,True
2024.11.12_06-12-26_Yakuba_cameroon_e2hex,3430,3430,True
2024.11.12_06-12-26_Yakuba_cameroon_e2hex,3658,3789,True
2024.11.12_06-12-26_Yakuba_cameroon_e2hex,3794,3794,True
2024.11.12_06-12-26_Yakuba_cameroon_e2hex,3798,4176,True
2024.11.12_06-12-26_Yakuba_cameroon_e2hex,4178,4178,True
2024.11.12_06-12-26_Yakuba_cameroon_e2hex,4180,4184,True
2024.11.12_06-12-26_Yakuba_cameroon_e2hex,4214,4232,True
2024.11.12_06-12-26_Yakuba_cameroon_e2hex,4235,4235,True
2024.11.12_06-12-26_Yakuba_cameroon_e2hex,5063,5067,True
2024.11.12_06-12-26_Yakuba_cameroon_e2hex,5124,5124,True
2024.11.12_06-12-26_Yakuba_cameroon_e2hex,5126,5127,True
2024.11.12_06-12-26_Yakuba_cameroon_e2hex,5129,5860,True
2024.11.12_06-12-26_Yakuba_cameroon_e2hex,5862,5863,True
2024.11.12_06-12-26_Yakuba_cameroon_e2hex,5882,5926,True
2024.11.12_06-12-26_Yakuba_cameroon_e2hex,5928,5929,True
2024.11.12_06-12-26_Yakuba_cameroon_e2hex,6648,7726,True
2024.11.12_06-12-26_Yakuba_cameroon_e2hex,8772,8772,True
2024.11.12_06-12-26_Yakuba_cameroon_e2hex,8774,8859,True
2024.11.12_06-12-26_Yakuba_cameroon_e2hex,8870,8908,True
2024.11.12_06-12-26_Yakuba_cameroon_e2hex,8910,8911,True
2024.11.12_06-12-26_Yakuba_cameroon_e2hex,8932,8932,True
2024.11.12_06-12-26_Yakuba_cameroon_e2hex,8935,8937,True
2024.11.12_06-12-26_Yakuba_cameroon_e2hex,8939,8939,True
2024.11.12_06-12-26_Yakuba_cameroon_e2hex,8941,8943,True
2024.11.12_06-12-26_Yakuba_cameroon_e2hex,8945,8999,True
2025.04.09_12-09-16_Riverside_metbut,1068,1673,True
2025.04.09_12-09-16_Riverside_metbut,1675,2453,True
2025.04.09_12-09-16_Riverside_metbut,2577,3274,True
2025.04.09_12-09-16_Riverside_metbut,6073,6073,True
2025.04.09_12-09-16_Riverside_metbut,6076,6076,True
2025.04.09_12-09-16_Riverside_metbut,6078,6078,True
2025.04.09_12-09-16_Riverside_metbut,6082,6083,True
2025.04.09_12-09-16_Riverside_metbut,6087,6099,True
2025.04.09_12-09-16_Riverside_metbut,6101,6114,True
2025.04.09_12-09-16_Riverside_metbut,6116,6125,True
2025.04.09_12-09-16_Riverside_metbut,6127,6129,True
2025.04.09_12-09-16_Riverside_metbut,6131,6131,True
2025.04.09_12-09-16_Riverside_metbut,6133,6134,True
2025.04.09_12-09-16_Riverside_metbut,6136,6152,True
2025.04.09_12-09-16_Riverside_metbut,6155,6159,True
2025.04.09_12-09-16_Riverside_metbut,6161,6162,True
2025.04.09_12-09-16_Riverside_metbut,6164,6164,True
2025.04.09_12-09-16_Riverside_metbut,6166,6175,True
2025.04.09_12-09-16_Riverside_metbut,6177,6177,True
2025.04.09_12-09-16_Riverside_metbut,6180,6181,True
2025.04.09_12-09-16_Riverside_metbut,6183,6183,True
2025.04.09_12-09-16_Riverside_metbut,6185,6186,True
2025.04.09_12-09-16_Riverside_metbut,6188,6192,True
2025.04.09_12-09-16_Riverside_metbut,6194,6198,True
2025.04.09_12-09-16_Riverside_metbut,6201,6205,True
2025.04.09_12-09-16_Riverside_metbut,6207,6212,True
2025.04.09_12-09-16_Riverside_metbut,6214,6221,True
2025.04.09_12-09-16_Riverside_metbut,6223,6223,True
2025.04.09_12-09-16_Riverside_metbut,6225,6225,True
2025.04.09_12-09-16_Riverside_metbut,6227,6265,True
2025.04.09_12-09-16_Riverside_metbut,6267,6272,True
2025.04.09_12-09-16_Riverside_metbut,6274,6279,True
2025.04.09_12-09-16_Riverside_metbut,6281,6292,True
2025.04.09_12-09-16_Riverside_metbut,6294,6296,True
2025.04.09_12-09-16_Riverside_metbut,6298,6298,True
2025.04.09_12-09-16_Riverside_metbut,6301,6309,True
2025.04.09_12-09-16_Riverside_metbut,6311,6311,True
2025.04.09_12-09-16_Riverside_metbut,6313,6313,True
2025.04.09_12-09-16_Riverside_metbut,6315,6326,True
2025.04.09_12-09-16_Riverside_metbut,6328,6337,True
2025.04.09_12-09-16_Riverside_metbut,6339,6343,True
2025.04.09_12-09-16_Riverside_metbut,6345,6359,True
2025.04.09_12-09-16_Riverside_metbut,6361,6367,True
2025.04.09_12-09-16_Riverside_metbut,6369,6372,True
2025.04.09_12-09-16_Riverside_metbut,6374,6374,True
2025.04.09_12-09-16_Riverside_metbut,6376,6379,True
2025.04.09_12-09-16_Riverside_metbut,6381,6383,True
2025.04.09_12-09-16_Riverside_metbut,6385,6388,True
2025.04.09_12-09-16_Riverside_metbut,6390,6404,True
2025.04.09_12-09-16_Riverside_metbut,6407,6408,True
2025.04.09_12-09-16_Riverside_metbut,6420,6422,True
2025.04.09_12-09-16_Riverside_metbut,6424,6427,True
2025.04.09_12-09-16_Riverside_metbut,6430,6435,True
2025.04.09_12-09-16_Riverside_metbut,6437,6437,True
2025.04.09_12-09-16_Riverside_metbut,6455,6456,True
2025.04.09_12-09-16_Riverside_metbut,6458,6462,True
2025.04.09_12-09-16_Riverside_metbut,6464,6469,True
2025.04.09_12-09-16_Riverside_metbut,6471,6479,True
2025.04.09_12-09-16_Riverside_metbut,6484,8425,True
2024.07.05_16-50-17_Riverside (no odor),1601,1601,True
2024.07.05_16-50-17_Riverside (no odor),1604,1604,True
2024.07.05_16-50-17_Riverside (no odor),1609,1610,True
2024.07.05_16-50-17_Riverside (no odor),1660,1928,True
2024.07.05_16-50-17_Riverside (no odor),2013,2879,True
2024.07.05_16-50-17_Riverside (no odor),2902,3089,True
2024.07.05_16-50-17_Riverside (no odor),4115,4183,True
2024.07.05_16-50-17_Riverside (no odor),4274,4563,True
2024.07.05_16-50-17_Riverside (no odor),7055,7058,True
2024.07.05_16-50-17_Riverside (no odor),7060,7060,True
2024.07.05_16-50-17_Riverside (no odor),7129,7129,True
2024.07.05_16-50-17_Riverside (no odor),7145,7162,True
2024.07.05_16-50-17_Riverside (no odor),7199,7199,True
2024.07.05_16-50-17_Riverside (no odor),7201,7201,True
2024.07.05_16-50-17_Riverside (no odor),7210,7210,True
2024.07.05_16-50-17_Riverside (no odor),7354,7687,True
2024.10.18_06-37-46_CantonS_prenac,2928,3153,True
2024.10.18_06-37-46_CantonS_prenac,4548,4585,True
2024.10.18_06-37-46_CantonS_prenac,4587,4587,True
2024.10.18_06-37-46_CantonS_prenac,4589,4598,True
2024.10.18_06-37-46_CantonS_prenac,4600,4600,True
2024.10.18_06-37-46_CantonS_prenac,4602,4614,True
2024.10.18_06-37-46_CantonS_prenac,4616,4626,True
2024.10.18_06-37-46_CantonS_prenac,4628,4952,True
2024.10.18_06-37-46_CantonS_prenac,4974,4974,True
2024.10.18_06-37-46_CantonS_prenac,4983,4983,True
2024.10.18_06-37-46_CantonS_prenac,5007,5007,True
2024.10.18_06-37-46_CantonS_prenac,5009,5009,True
2024.10.18_06-37-46_CantonS_prenac,5012,5012,True
2024.10.18_06-37-46_CantonS_prenac,5046,5047,True
2024.10.18_06-37-46_CantonS_prenac,5049,5049,True
2024.10.18_06-37-46_CantonS_prenac,5053,5053,True
2024.10.18_06-37-46_CantonS_prenac,5066,5066,True
2024.10.18_06-37-46_CantonS_prenac,5068,5072,True
2024.10.18_06-37-46_CantonS_prenac,5076,5076,True
2024.10.18_06-37-46_CantonS_prenac,5078,5096,True
2024.10.18_06-37-46_CantonS_prenac,5098,5102,True
2024.10.18_06-37-46_CantonS_prenac,5106,5113,True
2024.10.18_06-37-46_CantonS_prenac,5141,5141,True
2024.10.18_06-37-46_CantonS_prenac,5143,5144,True
2024.10.18_06-37-46_CantonS_prenac,5150,5150,True
2024.10.18_06-37-46_CantonS_prenac,5195,5195,True
2024.10.18_06-37-46_CantonS_prenac,5227,5227,True
2024.10.18_06-37-46_CantonS_prenac,5229,5232,True
2024.10.18_06-37-46_CantonS_prenac,5252,5253,True
2024.10.18_06-37-46_CantonS_prenac,5264,5266,True
2024.10.18_06-37-46_CantonS_prenac,5274,5276,True
2024.10.18_06-37-46_CantonS_prenac,5338,5338,True
2024.10.18_06-37-46_CantonS_prenac,5350,5350,True
2024.10.18_06-37-46_CantonS_prenac,5355,5355,True
2024.10.18_06-37-46_CantonS_prenac,5359,5359,True
2024.10.18_06-37-46_CantonS_prenac,5362,5362,True
2024.10.18_06-37-46_CantonS_prenac,5389,5389,True
2024.10.18_06-37-46_CantonS_prenac,5395,5395,True
2024.10.18_06-37-46_CantonS_prenac,5406,5406,True
2024.10.18_06-37-46_CantonS_prenac,5423,5423,True
2024.10.18_06-37-46_CantonS_prenac,5470,5470,True
2024.10.18_06-37-46_CantonS_prenac,5472,5472,True
2024.10.18_06-37-46_CantonS_prenac,5485,5485,True
2024.10.18_06-37-46_CantonS_prenac,5499,5499,True
2024.10.18_06-37-46_CantonS_prenac,5506,5506,True
2024.10.18_06-37-46_CantonS_prenac,5511,5511,True
2024.10.18_06-37-46_CantonS_prenac,5515,5515,True
2024.10.18_06-37-46_CantonS_prenac,5539,5539,True
2024.10.18_06-37-46_CantonS_prenac,5547,5547,True
2024.10.18_06-37-46_CantonS_prenac,5575,5575,True
2024.10.18_06-37-46_CantonS_prenac,5581,5581,True
2024.10.18_06-37-46_CantonS_prenac,5593,5593,True
2024.10.18_06-37-46_CantonS_prenac,5597,5597,True
2024.10.18_06-37-46_CantonS_prenac,5604,5604,True
2024.10.18_06-37-46_CantonS_prenac,5624,5624,True
2024.10.18_06-37-46_CantonS_prenac,5663,5663,True
2024.10.18_06-37-46_CantonS_prenac,5667,5667,True
2024.10.18_06-37-46_CantonS_prenac,5672,5672,True
2024.10.18_06-37-46_CantonS_prenac,5684,5684,True
2024.10.18_06-37-46_CantonS_prenac,5692,5692,True
2024.10.18_06-37-46_CantonS_prenac,5710,5710,True
2024.10.18_06-37-46_CantonS_prenac,5712,5713,True
2024.10.18_06-37-46_CantonS_prenac,5718,5718,True
2024.10.18_06-37-46_CantonS_prenac,5728,5728,True
2024.10.18_06-37-46_CantonS_prenac,5733,5733,True
2024.10.18_06-37-46_CantonS_prenac,5750,5750,True
2024.10.18_06-37-46_CantonS_prenac,5752,5752,True
2024.10.18_06-37-46_CantonS_prenac,5787,5788,True
2024.10.18_06-37-46_CantonS_prenac,5790,5790,True
2024.10.18_06-37-46_CantonS_prenac,5804,5804,True
2024.10.18_06-37-46_CantonS_prenac,5850,5850,True
2024.10.18_06-37-46_CantonS_prenac,5911,5911,True
2024.10.18_06-37-46_CantonS_prenac,6162,6162,True
2024.10.18_06-37-46_CantonS_prenac,6296,6296,True
2024.10.18_06-37-46_CantonS_prenac,6337,6337,True
2024.10.18_06-37-46_CantonS_prenac,6364,6364,True
2024.10.18_06-37-46_CantonS_prenac,6370,6370,True
2024.10.18_06-37-46_CantonS_prenac,6431,6431,True
2024.10.18_06-37-46_CantonS_prenac,6435,6435,True
2024.10.18_06-37-46_CantonS_prenac,6448,6448,True
2024.10.18_06-37-46_CantonS_prenac,6467,6467,True
2024.10.18_06-37-46_CantonS_prenac,6478,6478,True
2024.10.18_06-37-46_CantonS_prenac,6556,6556,True
2024.10.18_06-37-46_CantonS_prenac,6667,6668,True
2024.10.18_06-37-46_CantonS_prenac,6700,6700,True
2024.10.18_06-37-46_CantonS_prenac,6710,6710,True
2024.10.18_06-37-46_CantonS_prenac,6717,6717,True
2024.10.18_06-37-46_CantonS_prenac,6720,6720,True
2024.10.18_06-37-46_CantonS_prenac,6722,6722,True
2024.10.18_06-37-46_CantonS_prenac,6725,6725,True
2024.10.18_06-37-46_CantonS_prenac,6733,6733,True
2024.10.18_06-37-46_CantonS_prenac,6758,6758,True
2024.10.18_06-37-46_CantonS_prenac,6769,6769,True
2024.10.18_06-37-46_CantonS_prenac,6793,6793,True
2024.10.18_06-37-46_CantonS_prenac,6803,6803,True
2024.10.18_06-37-46_CantonS_prenac,6815,6815,True
2024.10.18_06-37-46_CantonS_prenac,6821,6822,True
2024.10.18_06-37-46_CantonS_prenac,6824,6825,True
2024.10.18_06-37-46_CantonS_prenac,6827,6828,True
2024.10.18_06-37-46_CantonS_prenac,6832,6832,True
2024.10.18_06-37-46_CantonS_prenac,6838,6838,True
2024.10.18_06-37-46_CantonS_prenac,6850,6850,True
2024.10.18_06-37-46_CantonS_prenac,6853,6853,True
2024.10.18_06-37-46_CantonS_prenac,6855,6857,True
2024.10.18_06-37-46_CantonS_prenac,6862,6862,True
2024.10.18_06-37-46_CantonS_prenac,6867,6868,True
2024.10.18_06-37-46_CantonS_prenac,6870,6870,True
2024.10.18_06-37-46_CantonS_prenac,6873,6873,True
2024.10.18_06-37-46_CantonS_prenac,6875,6875,True
2024.10.18_06-37-46_CantonS_prenac,6881,6881,True
2024.10.18_06-37-46_CantonS_prenac,6884,6884,True
2024.10.18_06-37-46_CantonS_prenac,6891,6891,True
2024.10.18_06-37-46_CantonS_prenac,6896,6896,True
2024.10.18_06-37-46_CantonS_prenac,6899,6899,True
2024.10.18_06-37-46_CantonS_prenac,6905,6905,True
2024.10.18_06-37-46_CantonS_prenac,6924,6924,True
2024.10.18_06-37-46_CantonS_prenac,6935,6948,True
2024.10.18_06-37-46_CantonS_prenac,6952,6952,True
2024.10.18_06-37-46_CantonS_prenac,6954,6959,True
2024.10.18_06-37-46_CantonS_prenac,6961,7277,True
2024.10.18_06-37-46_CantonS_prenac,7279,7423,True
2024.10.18_06-37-46_CantonS_prenac,8758,8779,True
2024.11.13_22-18-41_Yakuba_cameroon_e2hex,953,1326,True
2024.11.13_22-18-41_Yakuba_cameroon_e2hex,1468,1504,True
2024.11.13_22-18-41_Yakuba_cameroon_e2hex,2304,2306,True
2024.11.13_22-18-41_Yakuba_cameroon_e2hex,2308,2347,True
2024.11.13_22-18-41_Yakuba_cameroon_e2hex,2363,2402,True
2024.11.13_22-18-41_Yakuba_cameroon_e2hex,2473,2521,True
2024.11.13_22-18-41_Yakuba_cameroon_e2hex,2542,2967,True
2024.11.13_22-18-41_Yakuba_cameroon_e2hex,2970,2996,True
2024.11.13_22-18-41_Yakuba_cameroon_e2hex,3082,3084,True
2024.11.13_22-18-41_Yakuba_cameroon_e2hex,3923,3923,True
2024.11.13_22-18-41_Yakuba_cameroon_e2hex,3949,5114,True
2024.11.13_22-18-41_Yakuba_cameroon_e2hex,5116,5182,True
2024.11.13_22-18-41_Yakuba_cameroon_e2hex,5184,5185,True
2024.11.13_22-18-41_Yakuba_cameroon_e2hex,5187,5188,True
2024.11.13_22-18-41_Yakuba_cameroon_e2hex,5208,5215,True
2024.11.13_22-18-41_Yakuba_cameroon_e2hex,5217,5230,True
2024.11.13_22-18-41_Yakuba_cameroon_e2hex,5242,5271,True
2024.11.13_22-18-41_Yakuba_cameroon_e2hex,5273,5350,True
2024.11.13_22-18-41_Yakuba_cameroon_e2hex,5371,5371,True
2024.11.13_22-18-41_Yakuba_cameroon_e2hex,5374,5375,True
2024.11.13_22-18-41_Yakuba_cameroon_e2hex,5377,5642,True
2024.11.13_22-18-41_Yakuba_cameroon_e2hex,7587,8999,True
2024.11.04_07-41-12_biarmipes84_e2hex,904,918,True
2024.11.04_07-41-12_biarmipes84_e2hex,955,966,True
2024.11.04_07-41-12_biarmipes84_e2hex,1007,1195,True
2024.11.04_07-41-12_biarmipes84_e2hex,1231,1243,True
2024.11.04_07-41-12_biarmipes84_e2hex,1270,1453,True
2024.11.04_07-41-12_biarmipes84_e2hex,1455,1532,True
2024.11.04_07-41-12_biarmipes84_e2hex,1534,1598,True
2024.11.04_07-41-12_biarmipes84_e2hex,1600,1651,True
2024.11.04_07-41-12_biarmipes84_e2hex,1653,1756,True
2024.11.04_07-41-12_biarmipes84_e2hex,1759,1761,True
2024.11.04_07-41-12_biarmipes84_e2hex,1789,2205,True
2024.11.04_07-41-12_biarmipes84_e2hex,3262,3262,True
2024.11.04_07-41-12_biarmipes84_e2hex,3264,3264,True
2024.11.04_07-41-12_biarmipes84_e2hex,3270,3271,True
2024.11.04_07-41-12_biarmipes84_e2hex,3274,3274,True
2024.11.04_07-41-12_biarmipes84_e2hex,3283,3284,True
2024.11.04_07-41-12_biarmipes84_e2hex,3291,3291,True
2024.11.04_07-41-12_biarmipes84_e2hex,3308,3309,True
2024.11.04_07-41-12_biarmipes84_e2hex,3323,3323,True
2024.11.04_07-41-12_biarmipes84_e2hex,3329,3329,True
2024.11.04_07-41-12_biarmipes84_e2hex,3332,3335,True
2024.11.04_07-41-12_biarmipes84_e2hex,3347,3348,True
2024.11.04_07-41-12_biarmipes84_e2hex,3350,3353,True
2024.11.04_07-41-12_biarmipes84_e2hex,3355,3357,True
2024.11.04_07-41-12_biarmipes84_e2hex,3360,3361,True
2024.11.04_07-41-12_biarmipes84_e2hex,3369,3370,True
2024.11.04_07-41-12_biarmipes84_e2hex,3372,3374,True
2024.11.04_07-41-12_biarmipes84_e2hex,3382,3382,True
2024.11.04_07-41-12_biarmipes84_e2hex,3384,3387,True
2024.11.04_07-41-12_biarmipes84_e2hex,3389,3391,True
2024.11.04_07-41-12_biarmipes84_e2hex,3393,3395,True
2024.11.04_07-41-12_biarmipes84_e2hex,3397,3397,True
2024.11.04_07-41-12_biarmipes84_e2hex,3399,3400,True
2024.11.04_07-41-12_biarmipes84_e2hex,3402,3402,True
2024.11.04_07-41-12_biarmipes84_e2hex,3409,3409,True
2024.11.04_07-41-12_biarmipes84_e2hex,3416,3416,True
2024.11.04_07-41-12_biarmipes84_e2hex,3451,3453,True
2024.11.04_07-41-12_biarmipes84_e2hex,3460,3460,True
2024.11.04_07-41-12_biarmipes84_e2hex,3462,3462,True
2024.11.04_07-41-12_biarmipes84_e2hex,3482,3482,True
2024.11.04_07-41-12_biarmipes84_e2hex,3485,3485,True
2024.11.04_07-41-12_biarmipes84_e2hex,3487,3487,True
2024.11.04_07-41-12_biarmipes84_e2hex,3495,3495,True
2024.11.04_07-41-12_biarmipes84_e2hex,3500,3501,True
2024.11.04_07-41-12_biarmipes84_e2hex,3505,3505,True
2024.11.04_07-41-12_biarmipes84_e2hex,3507,3507,True
2024.11.04_07-41-12_biarmipes84_e2hex,3510,3512,True
2024.11.04_07-41-12_biarmipes84_e2hex,3514,3514,True
2024.11.04_07-41-12_biarmipes84_e2hex,3517,3517,True
2024.11.04_07-41-12_biarmipes84_e2hex,3520,3523,True
2024.11.04_07-41-12_biarmipes84_e2hex,3527,3530,True
2024.11.04_07-41-12_biarmipes84_e2hex,3532,3535,True
2024.11.04_07-41-12_biarmipes84_e2hex,3537,3538,True
2024.11.04_07-41-12_biarmipes84_e2hex,3542,3542,True
2024.11.04_07-41-12_biarmipes84_e2hex,3552,3552,True
2024.11.04_07-41-12_biarmipes84_e2hex,3555,3555,True
2024.11.04_07-41-12_biarmipes84_e2hex,3559,3560,True
2024.11.04_07-41-12_biarmipes84_e2hex,3562,3562,True
2024.11.04_07-41-12_biarmipes84_e2hex,3567,3568,True
2024.11.04_07-41-12_biarmipes84_e2hex,3571,3571,True
2024.11.04_07-41-12_biarmipes84_e2hex,3574,3696,True
2024.11.04_07-41-12_biarmipes84_e2hex,3698,3721,True
2024.11.04_07-41-12_biarmipes84_e2hex,3723,3724,True
2024.11.04_07-41-12_biarmipes84_e2hex,3726,3727,True
2024.11.04_07-41-12_biarmipes84_e2hex,3729,3732,True
2024.11.04_07-41-12_biarmipes84_e2hex,3734,3734,True
2024.11.04_07-41-12_biarmipes84_e2hex,3736,3749,True
2024.11.04_07-41-12_biarmipes84_e2hex,3751,3756,True
2024.11.04_07-41-12_biarmipes84_e2hex,3758,3791,True
2024.11.04_07-41-12_biarmipes84_e2hex,3793,3803,True
2024.11.04_07-41-12_biarmipes84_e2hex,3805,3807,True
2024.11.04_07-41-12_biarmipes84_e2hex,3809,3811,True
2024.11.04_07-41-12_biarmipes84_e2hex,3813,4053,True
2024.11.04_07-41-12_biarmipes84_e2hex,4059,4067,True
2024.11.04_07-41-12_biarmipes84_e2hex,4074,4074,True
2024.11.04_07-41-12_biarmipes84_e2hex,4085,4085,True
2024.11.04_07-41-12_biarmipes84_e2hex,4140,4140,True
2024.11.04_07-41-12_biarmipes84_e2hex,4143,4145,True
2024.11.04_07-41-12_biarmipes84_e2hex,4151,4154,True
2024.11.04_07-41-12_biarmipes84_e2hex,4156,4157,True
2024.11.04_07-41-12_biarmipes84_e2hex,4163,4171,True
2024.11.04_07-41-12_biarmipes84_e2hex,4173,4173,True
2024.11.04_07-41-12_biarmipes84_e2hex,4175,4188,True
2024.11.04_07-41-12_biarmipes84_e2hex,4191,4192,True
2024.11.04_07-41-12_biarmipes84_e2hex,4202,4204,True
2024.11.04_07-41-12_biarmipes84_e2hex,4210,4210,True
2024.11.04_07-41-12_biarmipes84_e2hex,4212,4213,True
2024.11.04_07-41-12_biarmipes84_e2hex,4215,4216,True
2024.11.04_07-41-12_biarmipes84_e2hex,4218,4221,True
2024.11.04_07-41-12_biarmipes84_e2hex,4225,4243,True
2024.11.04_07-41-12_biarmipes84_e2hex,4245,4247,True
2024.11.04_07-41-12_biarmipes84_e2hex,4250,4252,True
2024.11.04_07-41-12_biarmipes84_e2hex,4255,4255,True
2024.11.04_07-41-12_biarmipes84_e2hex,4259,4262,True
2024.11.04_07-41-12_biarmipes84_e2hex,4264,4264,True
2024.11.04_07-41-12_biarmipes84_e2hex,4270,4274,True
2024.11.04_07-41-12_biarmipes84_e2hex,4277,4279,True
2024.11.04_07-41-12_biarmipes84_e2hex,4283,4285,True
2024.11.04_07-41-12_biarmipes84_e2hex,4287,4291,True
2024.11.04_07-41-12_biarmipes84_e2hex,4293,4293,True
2024.11.04_07-41-12_biarmipes84_e2hex,4295,4296,True
2024.11.04_07-41-12_biarmipes84_e2hex,4298,4300,True
2024.11.04_07-41-12_biarmipes84_e2hex,4305,4305,True
2024.11.04_07-41-12_biarmipes84_e2hex,4317,4319,True
2024.11.04_07-41-12_biarmipes84_e2hex,4322,4322,True
2024.11.04_07-41-12_biarmipes84_e2hex,4325,4325,True
2024.11.04_07-41-12_biarmipes84_e2hex,4328,4330,True
2024.11.04_07-41-12_biarmipes84_e2hex,4332,4332,True
2024.11.04_07-41-12_biarmipes84_e2hex,4334,4334,True
2024.11.04_07-41-12_biarmipes84_e2hex,4338,4339,True
2024.11.04_07-41-12_biarmipes84_e2hex,4341,4343,True
2024.11.04_07-41-12_biarmipes84_e2hex,4345,4345,True
2024.11.04_07-41-12_biarmipes84_e2hex,4348,4348,True
2024.11.04_07-41-12_biarmipes84_e2hex,4350,4350,True
2024.11.04_07-41-12_biarmipes84_e2hex,4352,4354,True
2024.11.04_07-41-12_biarmipes84_e2hex,4356,4361,True
2024.11.04_07-41-12_biarmipes84_e2hex,4363,4364,True
2024.11.04_07-41-12_biarmipes84_e2hex,4375,4375,True
2024.11.04_07-41-12_biarmipes84_e2hex,4399,4403,True
2024.11.04_07-41-12_biarmipes84_e2hex,4438,4446,True
2024.11.04_07-41-12_biarmipes84_e2hex,4468,4479,True
2024.11.04_07-41-12_biarmipes84_e2hex,5968,5977,True
2024.11.04_07-41-12_biarmipes84_e2hex,5991,5993,True
2024.11.04_07-41-12_biarmipes84_e2hex,8761,8901,True
2024.10.29_04-30-46_Biarmipes84_metben,3,1040,True
2024.10.29_04-30-46_Biarmipes84_metben,5525,5526,True
2024.10.29_04-30-46_Biarmipes84_metben,5528,5528,True
2024.10.29_04-30-46_Biarmipes84_metben,5530,5544,True
2024.10.29_04-30-46_Biarmipes84_metben,5547,5570,True
2024.10.29_04-30-46_Biarmipes84_metben,5572,5579,True
2024.10.29_04-30-46_Biarmipes84_metben,5581,5588,True
2024.10.29_04-30-46_Biarmipes84_metben,5590,5604,True
2024.10.29_04-30-46_Biarmipes84_metben,5606,5610,True
2024.10.29_04-30-46_Biarmipes84_metben,5612,5612,True
2024.10.29_04-30-46_Biarmipes84_metben,5618,5623,True
2024.10.29_04-30-46_Biarmipes84_metben,5626,5626,True
2024.10.29_04-30-46_Biarmipes84_metben,5628,5628,True
2024.10.29_04-30-46_Biarmipes84_metben,5631,5631,True
2024.10.29_04-30-46_Biarmipes84_metben,5634,5634,True
2024.10.29_04-30-46_Biarmipes84_metben,5636,5638,True
2024.10.29_04-30-46_Biarmipes84_metben,5643,5643,True
2024.10.29_04-30-46_Biarmipes84_metben,5653,5653,True
2024.10.29_04-30-46_Biarmipes84_metben,5657,5658,True
2024.10.29_04-30-46_Biarmipes84_metben,5662,5664,True
2024.10.29_04-30-46_Biarmipes84_metben,5666,5669,True
2024.10.29_04-30-46_Biarmipes84_metben,5672,5677,True
2024.10.29_04-30-46_Biarmipes84_metben,5680,5680,True
2024.10.29_04-30-46_Biarmipes84_metben,5682,5683,True
2024.10.29_04-30-46_Biarmipes84_metben,5685,5708,True
2024.10.29_04-30-46_Biarmipes84_metben,5710,5947,True
2024.10.29_04-30-46_Biarmipes84_metben,5949,5964,True
2024.10.29_04-30-46_Biarmipes84_metben,5967,5970,True
2024.10.29_04-30-46_Biarmipes84_metben,5974,5976,True
2024.10.29_04-30-46_Biarmipes84_metben,5978,5980,True
2024.10.29_04-30-46_Biarmipes84_metben,5985,5985,True
2024.10.29_04-30-46_Biarmipes84_metben,6002,6006,True
2024.10.29_04-30-46_Biarmipes84_metben,6013,6016,True
2024.10.29_04-30-46_Biarmipes84_metben,6020,6021,True
2024.10.29_04-30-46_Biarmipes84_metben,6039,6040,True
2024.10.29_04-30-46_Biarmipes84_metben,6055,6063,True
2024.10.29_04-30-46_Biarmipes84_metben,6065,6066,True
2024.10.29_04-30-46_Biarmipes84_metben,6068,6073,True
2024.10.29_04-30-46_Biarmipes84_metben,6075,6075,True
2024.10.29_04-30-46_Biarmipes84_metben,6077,6079,True
2024.10.29_04-30-46_Biarmipes84_metben,6081,6082,True
2024.10.29_04-30-46_Biarmipes84_metben,6084,6084,True
2024.10.29_04-30-46_Biarmipes84_metben,6092,6093,True
2024.10.29_04-30-46_Biarmipes84_metben,6096,6097,True
2024.10.29_04-30-46_Biarmipes84_metben,6107,6111,True
2024.10.29_04-30-46_Biarmipes84_metben,6115,6116,True
2024.10.29_04-30-46_Biarmipes84_metben,6172,6172,True
2024.10.29_04-30-46_Biarmipes84_metben,6176,6176,True
2024.10.29_04-30-46_Biarmipes84_metben,6208,6210,True
2024.10.29_04-30-46_Biarmipes84_metben,6253,6253,True
2024.10.29_04-30-46_Biarmipes84_metben,6259,6260,True
2024.10.29_04-30-46_Biarmipes84_metben,6263,6263,True
2024.10.29_04-30-46_Biarmipes84_metben,6270,6273,True
2024.10.29_04-30-46_Biarmipes84_metben,6275,6280,True
2024.10.29_04-30-46_Biarmipes84_metben,6282,6283,True
2024.10.29_04-30-46_Biarmipes84_metben,6285,6289,True
2024.10.29_04-30-46_Biarmipes84_metben,6293,6296,True
2024.10.29_04-30-46_Biarmipes84_metben,6312,6317,True
2024.10.29_04-30-46_Biarmipes84_metben,6319,6332,True
2024.10.29_04-30-46_Biarmipes84_metben,6334,6354,True
2024.10.29_04-30-46_Biarmipes84_metben,6358,6361,True
2024.10.29_04-30-46_Biarmipes84_metben,6363,6366,True
2024.10.29_04-30-46_Biarmipes84_metben,6368,6368,True
2024.10.29_04-30-46_Biarmipes84_metben,6370,6407,True
2024.10.29_04-30-46_Biarmipes84_metben,6409,6416,True
2024.10.29_04-30-46_Biarmipes84_metben,6425,6430,True
2024.10.29_04-30-46_Biarmipes84_metben,6432,6450,True
2024.10.29_04-30-46_Biarmipes84_metben,6472,6473,True
2024.10.29_04-30-46_Biarmipes84_metben,6475,6489,True
2024.10.29_04-30-46_Biarmipes84_metben,6508,6511,True
2024.10.29_04-30-46_Biarmipes84_metben,6513,6515,True
2024.10.29_04-30-46_Biarmipes84_metben,6518,6537,True
2024.10.29_04-30-46_Biarmipes84_metben,6539,6547,True
2024.10.29_04-30-46_Biarmipes84_metben,6549,6588,True
2024.10.29_04-30-46_Biarmipes84_metben,6590,6642,True
2024.10.29_04-30-46_Biarmipes84_metben,6644,6651,True
2024.10.29_04-30-46_Biarmipes84_metben,6653,6674,True
2024.10.29_04-30-46_Biarmipes84_metben,6676,6680,True
2024.10.29_04-30-46_Biarmipes84_metben,6687,6728,True
2024.10.29_04-30-46_Biarmipes84_metben,6730,6735,True
2024.10.29_04-30-46_Biarmipes84_metben,6737,6918,True
2024.10.29_04-30-46_Biarmipes84_metben,6961,7013,True
2024.10.29_04-30-46_Biarmipes84_metben,7037,7037,True
2024.10.29_04-30-46_Biarmipes84_metben,7145,7175,True
2024.10.29_04-30-46_Biarmipes84_metben,7177,7218,True
2024.10.29_04-30-46_Biarmipes84_metben,7220,7348,True
2024.10.29_04-30-46_Biarmipes84_metben,7350,7353,True
2024.10.29_04-30-46_Biarmipes84_metben,7355,7380,True
2024.10.29_04-30-46_Biarmipes84_metben,7497,7499,True
2024.10.29_04-30-46_Biarmipes84_metben,7501,7525,True
2024.10.29_04-30-46_Biarmipes84_metben,7527,7579,True
2024.10.29_04-30-46_Biarmipes84_metben,7581,7590,True
2024.10.29_04-30-46_Biarmipes84_metben,7592,7600,True
2024.10.29_04-30-46_Biarmipes84_metben,7602,7617,True
2024.10.29_04-30-46_Biarmipes84_metben,7619,7804,True
2024.10.29_04-30-46_Biarmipes84_metben,8003,8205,True
2024.10.29_04-30-46_Biarmipes84_metben,8207,8871,True
2024.09.30_14-44-36_Yakuba_cameroon_no_odor,2868,2868,True
2024.09.30_14-44-36_Yakuba_cameroon_no_odor,4989,5033,True
2024.09.30_14-44-36_Yakuba_cameroon_no_odor,5100,5105,True
2024.09.30_14-44-36_Yakuba_cameroon_no_odor,5108,5125,True
2024.09.30_14-44-36_Yakuba_cameroon_no_odor,5127,5133,True
2024.09.30_14-44-36_Yakuba_cameroon_no_odor,5135,5183,True
2024.09.30_14-44-36_Yakuba_cameroon_no_odor,5185,5195,True
2024.09.30_14-44-36_Yakuba_cameroon_no_odor,5197,5211,True
2024.09.30_14-44-36_Yakuba_cameroon_no_odor,5213,5213,True
2024.09.30_14-44-36_Yakuba_cameroon_no_odor,5215,5215,True
2024.09.30_14-44-36_Yakuba_cameroon_no_odor,5217,5219,True
2024.09.30_14-44-36_Yakuba_cameroon_no_odor,5221,5224,True
2024.09.30_14-44-36_Yakuba_cameroon_no_odor,5226,5226,True
2024.09.30_14-44-36_Yakuba_cameroon_no_odor,5228,5239,True
2024.09.30_14-44-36_Yakuba_cameroon_no_odor,5241,5243,True
2024.09.30_14-44-36_Yakuba_cameroon_no_odor,5246,5246,True
2024.09.30_14-44-36_Yakuba_cameroon_no_odor,5253,5256,True
2024.09.30_14-44-36_Yakuba_cameroon_no_odor,5258,5259,True
2024.09.30_14-44-36_Yakuba_cameroon_no_odor,5286,5291,True
2024.09.30_14-44-36_Yakuba_cameroon_no_odor,5315,5316,True
2024.09.30_14-44-36_Yakuba_cameroon_no_odor,5618,5769,True
2024.09.30_14-44-36_Yakuba_cameroon_no_odor,5876,5891,True
2024.09.30_14-44-36_Yakuba_cameroon_no_odor,6020,6148,True
2024.09.30_14-44-36_Yakuba_cameroon_no_odor,8025,8997,True
2024.10.11_11-24-51_Biarmipes_G224_1hexanol,695,714,True
2024.10.11_11-24-51_Biarmipes_G224_1hexanol,716,1661,True
2024.10.11_11-24-51_Biarmipes_G224_1hexanol,2758,3178,True
2024.10.11_11-24-51_Biarmipes_G224_1hexanol,3714,3997,True
2024.10.11_11-24-51_Biarmipes_G224_1hexanol,4438,4763,True
2024.10.11_11-24-51_Biarmipes_G224_1hexanol,4780,4795,True
2024.10.11_11-24-51_Biarmipes_G224_1hexanol,4816,4933,True
2024.10.11_11-24-51_Biarmipes_G224_1hexanol,5684,5684,True
2024.10.11_11-24-51_Biarmipes_G224_1hexanol,5687,5702,True
2024.10.11_11-24-51_Biarmipes_G224_1hexanol,5992,5996,True
2024.10.11_11-24-51_Biarmipes_G224_1hexanol,6020,6340,True
2024.10.11_11-24-51_Biarmipes_G224_1hexanol,6459,6614,True
2024.10.11_11-24-51_Biarmipes_G224_1hexanol,6956,7637,True
2024.10.11_11-24-51_Biarmipes_G224_1hexanol,8168,8733,True
2024.07.05_16-44-37_Riverside (no odor),1201,1204,True
2024.07.05_16-44-37_Riverside (no odor),1227,1353,True
2024.07.05_16-44-37_Riverside (no odor),1375,1375,True
2024.07.05_16-44-37_Riverside (no odor),1377,1377,True
2024.07.05_16-44-37_Riverside (no odor),1395,1395,True
2024.07.05_16-44-37_Riverside (no odor),1399,1403,True
2024.07.05_16-44-37_Riverside (no odor),1451,2098,True
2024.07.05_16-44-37_Riverside (no odor),2532,2533,True
2024.07.05_16-44-37_Riverside (no odor),2536,2536,True
2024.07.05_16-44-37_Riverside (no odor),2550,2550,True
2024.07.05_16-44-37_Riverside (no odor),2552,2559,True
2024.07.05_16-44-37_Riverside (no odor),2561,2561,True
2024.07.05_16-44-37_Riverside (no odor),2563,2563,True
2024.07.05_16-44-37_Riverside (no odor),2565,2599,True
2024.07.05_16-44-37_Riverside (no odor),2742,3616,True
2024.07.05_16-44-37_Riverside (no odor),3625,3658,True
2024.07.05_16-44-37_Riverside (no odor),3667,3670,True
2024.07.05_16-44-37_Riverside (no odor),3672,3833,True
2024.07.05_16-44-37_Riverside (no odor),3952,3952,True
2024.07.05_16-44-37_Riverside (no odor),4464,4464,True
2024.07.05_16-44-37_Riverside (no odor),5440,5745,True
2024.07.05_16-44-37_Riverside (no odor),5800,5812,True
2024.07.05_16-44-37_Riverside (no odor),5814,5816,True
2024.07.05_16-44-37_Riverside (no odor),6474,8999,True
2024.09.24_16-57-51_Yakuba7_no_odor,3,580,True
2024.09.24_16-57-51_Yakuba7_no_odor,3181,3181,True
2024.09.24_16-57-51_Yakuba7_no_odor,3200,3201,True
2024.09.24_16-57-51_Yakuba7_no_odor,3203,3208,True
2024.09.24_16-57-51_Yakuba7_no_odor,3210,3210,True
2024.09.24_16-57-51_Yakuba7_no_odor,3257,3261,True
2024.09.24_16-57-51_Yakuba7_no_odor,3263,3324,True
2024.09.24_16-57-51_Yakuba7_no_odor,3326,3354,True
2024.09.24_16-57-51_Yakuba7_no_odor,3356,3373,True
2024.09.24_16-57-51_Yakuba7_no_odor,3736,3783,True
2024.09.24_16-57-51_Yakuba7_no_odor,3785,3786,True
2024.09.24_16-57-51_Yakuba7_no_odor,4383,4447,True
2024.09.24_16-57-51_Yakuba7_no_odor,4449,4462,True
2024.09.24_16-57-51_Yakuba7_no_odor,4464,4475,True
2024.09.24_16-57-51_Yakuba7_no_odor,4478,4480,True
2024.09.24_16-57-51_Yakuba7_no_odor,4482,4482,True
2024.09.24_16-57-51_Yakuba7_no_odor,4491,4493,True
2024.09.24_16-57-51_Yakuba7_no_odor,4495,4495,True
2024.09.24_16-57-51_Yakuba7_no_odor,4497,4514,True
2024.09.24_16-57-51_Yakuba7_no_odor,4516,4518,True
2024.09.24_16-57-51_Yakuba7_no_odor,4520,4547,True
2024.09.24_16-57-51_Yakuba7_no_odor,4549,4640,True
2024.09.24_16-57-51_Yakuba7_no_odor,4661,4716,True
2024.09.24_16-57-51_Yakuba7_no_odor,4718,4738,True
2024.09.24_16-57-51_Yakuba7_no_odor,4740,4743,True
2024.09.24_16-57-51_Yakuba7_no_odor,4745,4746,True
2024.09.24_16-57-51_Yakuba7_no_odor,4748,4750,True
2024.09.24_16-57-51_Yakuba7_no_odor,4754,4755,True
2024.09.24_16-57-51_Yakuba7_no_odor,4758,4768,True
2024.09.24_16-57-51_Yakuba7_no_odor,4771,4774,True
2024.09.24_16-57-51_Yakuba7_no_odor,4776,4782,True
2024.09.24_16-57-51_Yakuba7_no_odor,4785,4787,True
2024.09.24_16-57-51_Yakuba7_no_odor,4790,4792,True
2024.09.24_16-57-51_Yakuba7_no_odor,4795,4796,True
2024.09.24_16-57-51_Yakuba7_no_odor,4799,4803,True
2024.09.24_16-57-51_Yakuba7_no_odor,4806,4812,True
2024.09.24_16-57-51_Yakuba7_no_odor,4814,4816,True
2024.09.24_16-57-51_Yakuba7_no_odor,4818,4820,True
2024.09.24_16-57-51_Yakuba7_no_odor,4822,4822,True
2024.09.24_16-57-51_Yakuba7_no_odor,4824,4825,True
2024.09.24_16-57-51_Yakuba7_no_odor,4827,4830,True
2024.09.24_16-57-51_Yakuba7_no_odor,4833,4834,True
2024.09.24_16-57-51_Yakuba7_no_odor,6220,6259,True
2024.09.24_16-57-51_Yakuba7_no_odor,6261,6286,True
2024.09.24_16-57-51_Yakuba7_no_odor,6288,6302,True
2024.09.24_16-57-51_Yakuba7_no_odor,6305,6310,True
2024.09.24_16-57-51_Yakuba7_no_odor,6312,6327,True
2024.09.24_16-57-51_Yakuba7_no_odor,6329,6329,True
2024.09.24_16-57-51_Yakuba7_no_odor,6331,6339,True
2024.09.24_16-57-51_Yakuba7_no_odor,6341,6347,True
2024.09.24_16-57-51_Yakuba7_no_odor,6351,6351,True
2024.09.24_16-57-51_Yakuba7_no_odor,6353,6353,True
2024.09.24_16-57-51_Yakuba7_no_odor,6357,6363,True
2024.09.24_16-57-51_Yakuba7_no_odor,6371,6373,True
2024.09.24_16-57-51_Yakuba7_no_odor,6375,6378,True
2024.09.24_16-57-51_Yakuba7_no_odor,6380,6383,True
2024.09.24_16-57-51_Yakuba7_no_odor,6385,6386,True
2024.09.24_16-57-51_Yakuba7_no_odor,6394,6395,True
2024.09.24_16-57-51_Yakuba7_no_odor,6397,6399,True
2024.09.24_16-57-51_Yakuba7_no_odor,6401,6402,True
2024.09.24_16-57-51_Yakuba7_no_odor,6405,6405,True
2024.09.24_16-57-51_Yakuba7_no_odor,6407,6410,True
2024.09.24_16-57-51_Yakuba7_no_odor,6412,6414,True
2024.09.24_16-57-51_Yakuba7_no_odor,6416,6416,True
2024.09.24_16-57-51_Yakuba7_no_odor,6420,6420,True
2024.09.24_16-57-51_Yakuba7_no_odor,6424,6428,True
2024.09.24_16-57-51_Yakuba7_no_odor,6430,6433,True
2024.09.24_16-57-51_Yakuba7_no_odor,6435,6435,True
2024.09.24_16-57-51_Yakuba7_no_odor,6440,6445,True
2024.09.24_16-57-51_Yakuba7_no_odor,6447,6447,True
2024.09.24_16-57-51_Yakuba7_no_odor,6449,6449,True
2024.09.24_16-57-51_Yakuba7_no_odor,6451,6451,True
2024.09.24_16-57-51_Yakuba7_no_odor,6454,6454,True
2024.09.24_16-57-51_Yakuba7_no_odor,6456,6457,True
2024.09.24_16-57-51_Yakuba7_no_odor,6460,6462,True
2024.09.24_16-57-51_Yakuba7_no_odor,6465,6465,True
2024.09.24_16-57-51_Yakuba7_no_odor,6467,6467,True
2024.09.24_16-57-51_Yakuba7_no_odor,6469,6469,True
2024.09.24_16-57-51_Yakuba7_no_odor,6471,6471,True
2024.09.24_16-57-51_Yakuba7_no_odor,6475,6476,True
2024.09.24_16-57-51_Yakuba7_no_odor,6478,6480,True
2024.09.24_16-57-51_Yakuba7_no_odor,6486,6487,True
2024.09.24_16-57-51_Yakuba7_no_odor,6489,6489,True
2024.09.24_16-57-51_Yakuba7_no_odor,6494,6494,True
2024.09.24_16-57-51_Yakuba7_no_odor,6496,6500,True
2024.09.24_16-57-51_Yakuba7_no_odor,6504,6504,True
2024.09.24_16-57-51_Yakuba7_no_odor,6506,6507,True
2024.09.24_16-57-51_Yakuba7_no_odor,6515,6515,True
2024.09.24_16-57-51_Yakuba7_no_odor,6517,6517,True
2024.09.24_16-57-51_Yakuba7_no_odor,6519,6531,True
2024.09.24_16-57-51_Yakuba7_no_odor,6533,6533,True
2024.09.24_16-57-51_Yakuba7_no_odor,6535,6535,True
2024.09.24_16-57-51_Yakuba7_no_odor,6538,6540,True
2024.09.24_16-57-51_Yakuba7_no_odor,6542,6542,True
2024.09.24_16-57-51_Yakuba7_no_odor,6544,6550,True
2024.09.24_16-57-51_Yakuba7_no_odor,6555,6558,True
2024.09.24_16-57-51_Yakuba7_no_odor,6561,6563,True
2024.09.24_16-57-51_Yakuba7_no_odor,6567,6567,True
2024.09.24_16-57-51_Yakuba7_no_odor,6569,6569,True
2024.09.24_16-57-51_Yakuba7_no_odor,6571,6571,True
2024.09.24_16-57-51_Yakuba7_no_odor,6573,6587,True
2024.09.24_16-57-51_Yakuba7_no_odor,6589,6598,True
2024.09.24_16-57-51_Yakuba7_no_odor,6600,6600,True
2024.09.24_16-57-51_Yakuba7_no_odor,6602,6606,True
2024.09.24_16-57-51_Yakuba7_no_odor,6608,6616,True
2024.09.24_16-57-51_Yakuba7_no_odor,6618,6622,True
2024.09.24_16-57-51_Yakuba7_no_odor,6624,6628,True
2024.09.24_16-57-51_Yakuba7_no_odor,6630,6637,True
2024.09.24_16-57-51_Yakuba7_no_odor,6639,6710,True
2024.09.24_16-57-51_Yakuba7_no_odor,6712,6725,True
2024.09.24_16-57-51_Yakuba7_no_odor,6727,6734,True
2024.09.24_16-57-51_Yakuba7_no_odor,6736,6740,True
2024.09.24_16-57-51_Yakuba7_no_odor,6743,6743,True
2024.09.24_16-57-51_Yakuba7_no_odor,6745,6745,True
2024.09.24_16-57-51_Yakuba7_no_odor,6747,6747,True
2024.09.24_16-57-51_Yakuba7_no_odor,6749,6752,True
2024.09.24_16-57-51_Yakuba7_no_odor,6755,6789,True
2024.09.24_16-57-51_Yakuba7_no_odor,6794,6794,True
2024.09.24_16-57-51_Yakuba7_no_odor,6796,6797,True
2024.09.24_16-57-51_Yakuba7_no_odor,6799,6803,True
2024.09.24_16-57-51_Yakuba7_no_odor,6805,6808,True
2024.09.24_16-57-51_Yakuba7_no_odor,6810,6814,True
2024.09.24_16-57-51_Yakuba7_no_odor,6817,6821,True
2024.09.24_16-57-51_Yakuba7_no_odor,6823,6825,True
2024.09.24_16-57-51_Yakuba7_no_odor,6828,6829,True
2024.09.24_16-57-51_Yakuba7_no_odor,6831,6833,True
2024.09.24_16-57-51_Yakuba7_no_odor,6835,6836,True
2024.09.24_16-57-51_Yakuba7_no_odor,6838,6842,True
2024.09.24_16-57-51_Yakuba7_no_odor,6844,6848,True
2024.09.24_16-57-51_Yakuba7_no_odor,6850,6852,True
2024.09.24_16-57-51_Yakuba7_no_odor,6856,6858,True
2024.09.24_16-57-51_Yakuba7_no_odor,6860,6863,True
2024.09.24_16-57-51_Yakuba7_no_odor,6868,6868,True
2024.09.24_16-57-51_Yakuba7_no_odor,6870,6873,True
2024.09.24_16-57-51_Yakuba7_no_odor,6876,6876,True
2024.09.24_16-57-51_Yakuba7_no_odor,6879,6888,True
2024.09.24_16-57-51_Yakuba7_no_odor,6891,6891,True
2024.09.24_16-57-51_Yakuba7_no_odor,6893,6894,True
2024.09.24_16-57-51_Yakuba7_no_odor,6896,6896,True
2024.09.24_16-57-51_Yakuba7_no_odor,6900,6901,True
2024.09.24_16-57-51_Yakuba7_no_odor,6903,6903,True
2024.09.24_16-57-51_Yakuba7_no_odor,6905,6910,True
2024.09.24_16-57-51_Yakuba7_no_odor,6912,6913,True
2024.09.24_16-57-51_Yakuba7_no_odor,6915,6916,True
2024.09.24_16-57-51_Yakuba7_no_odor,6918,6924,True
2024.09.24_16-57-51_Yakuba7_no_odor,6926,6926,True
2024.09.24_16-57-51_Yakuba7_no_odor,6930,6930,True
2024.09.24_16-57-51_Yakuba7_no_odor,6932,6933,True
2024.09.24_16-57-51_Yakuba7_no_odor,6938,6938,True
2024.09.24_16-57-51_Yakuba7_no_odor,6941,6950,True
2024.09.24_16-57-51_Yakuba7_no_odor,6952,6956,True
2024.09.24_16-57-51_Yakuba7_no_odor,6959,6964,True
2024.09.24_16-57-51_Yakuba7_no_odor,6967,6967,True
2024.09.24_16-57-51_Yakuba7_no_odor,6969,6969,True
2024.09.24_16-57-51_Yakuba7_no_odor,6972,6975,True
2024.09.24_16-57-51_Yakuba7_no_odor,6977,6978,True
2024.09.24_16-57-51_Yakuba7_no_odor,6980,6980,True
2024.09.24_16-57-51_Yakuba7_no_odor,6982,6984,True
2024.09.24_16-57-51_Yakuba7_no_odor,6987,6990,True
2024.09.24_16-57-51_Yakuba7_no_odor,6992,6994,True
2024.09.24_16-57-51_Yakuba7_no_odor,6997,6999,True
2024.09.24_16-57-51_Yakuba7_no_odor,7001,7004,True
2024.09.24_16-57-51_Yakuba7_no_odor,7010,7020,True
2024.09.24_16-57-51_Yakuba7_no_odor,7022,7023,True
2024.09.24_16-57-51_Yakuba7_no_odor,7025,7025,True
2024.09.24_16-57-51_Yakuba7_no_odor,7027,7028,True
2024.09.24_16-57-51_Yakuba7_no_odor,7030,7031,True
2024.09.24_16-57-51_Yakuba7_no_odor,7033,7033,True
2024.09.24_16-57-51_Yakuba7_no_odor,7036,7037,True
2024.09.24_16-57-51_Yakuba7_no_odor,7039,7039,True
2024.09.24_16-57-51_Yakuba7_no_odor,7041,7046,True
2024.09.24_16-57-51_Yakuba7_no_odor,7048,7056,True
2024.09.24_16-57-51_Yakuba7_no_odor,7058,7059,True
2024.09.24_16-57-51_Yakuba7_no_odor,7061,7062,True
2024.09.24_16-57-51_Yakuba7_no_odor,7064,7069,True
2024.09.24_16-57-51_Yakuba7_no_odor,7071,7072,True
2024.09.24_16-57-51_Yakuba7_no_odor,7074,7078,True
2024.09.24_16-57-51_Yakuba7_no_odor,7080,7087,True
2024.09.24_16-57-51_Yakuba7_no_odor,7089,7090,True
2024.09.24_16-57-51_Yakuba7_no_odor,7092,7093,True
2024.09.24_16-57-51_Yakuba7_no_odor,7095,7098,True
2024.09.24_16-57-51_Yakuba7_no_odor,7100,7102,True
2024.09.24_16-57-51_Yakuba7_no_odor,7104,7106,True
2024.09.24_16-57-51_Yakuba7_no_odor,7108,7110,True
2024.09.24_16-57-51_Yakuba7_no_odor,7112,7112,True
2024.09.24_16-57-51_Yakuba7_no_odor,7115,7123,True
2024.09.24_16-57-51_Yakuba7_no_odor,7125,7128,True
2024.09.24_16-57-51_Yakuba7_no_odor,7130,7133,True
2024.09.24_16-57-51_Yakuba7_no_odor,7135,7138,True
2024.09.24_16-57-51_Yakuba7_no_odor,7140,7147,True
2024.09.24_16-57-51_Yakuba7_no_odor,7149,7149,True
2024.09.24_16-57-51_Yakuba7_no_odor,7151,7157,True
2024.09.24_16-57-51_Yakuba7_no_odor,7160,7162,True
2024.09.24_16-57-51_Yakuba7_no_odor,7165,7165,True
2024.09.24_16-57-51_Yakuba7_no_odor,7167,7172,True
2024.09.24_16-57-51_Yakuba7_no_odor,7174,7191,True
2024.09.24_16-57-51_Yakuba7_no_odor,7194,7206,True
2024.09.24_16-57-51_Yakuba7_no_odor,7208,7208,True
2024.09.24_16-57-51_Yakuba7_no_odor,7210,7211,True
2024.09.24_16-57-51_Yakuba7_no_odor,7215,7216,True
2024.09.24_16-57-51_Yakuba7_no_odor,7218,7219,True
2024.09.24_16-57-51_Yakuba7_no_odor,7221,7223,True
2024.09.24_16-57-51_Yakuba7_no_odor,7226,7229,True
2024.09.24_16-57-51_Yakuba7_no_odor,7231,7232,True
2024.09.24_16-57-51_Yakuba7_no_odor,7235,7239,True
2024.09.24_16-57-51_Yakuba7_no_odor,7241,7241,True
2024.09.24_16-57-51_Yakuba7_no_odor,7243,7245,True
2024.09.24_16-57-51_Yakuba7_no_odor,7247,7250,True
2024.09.24_16-57-51_Yakuba7_no_odor,7252,7253,True
2024.09.24_16-57-51_Yakuba7_no_odor,7255,7255,True
2024.09.24_16-57-51_Yakuba7_no_odor,7258,7258,True
2024.09.24_16-57-51_Yakuba7_no_odor,7260,7269,True
2024.09.24_16-57-51_Yakuba7_no_odor,7272,7276,True
2024.09.24_16-57-51_Yakuba7_no_odor,7279,7280,True
2024.09.24_16-57-51_Yakuba7_no_odor,7282,7284,True
2024.09.24_16-57-51_Yakuba7_no_odor,7286,7288,True
2024.09.24_16-57-51_Yakuba7_no_odor,7290,7290,True
2024.09.24_16-57-51_Yakuba7_no_odor,7292,7294,True
2024.09.24_16-57-51_Yakuba7_no_odor,7298,7302,True
2024.09.24_16-57-51_Yakuba7_no_odor,7304,7309,True
2024.09.24_16-57-51_Yakuba7_no_odor,7311,7321,True
2024.09.24_16-57-51_Yakuba7_no_odor,7323,7326,True
2024.09.24_16-57-51_Yakuba7_no_odor,7329,7330,True
2024.09.24_16-57-51_Yakuba7_no_odor,7332,7344,True
2024.09.24_16-57-51_Yakuba7_no_odor,7346,7346,True
2024.09.24_16-57-51_Yakuba7_no_odor,7349,7350,True
2024.09.24_16-57-51_Yakuba7_no_odor,7356,7361,True
2024.09.24_16-57-51_Yakuba7_no_odor,7364,7368,True
2024.09.24_16-57-51_Yakuba7_no_odor,7370,7376,True
2024.09.24_16-57-51_Yakuba7_no_odor,7378,7379,True
2024.09.24_16-57-51_Yakuba7_no_odor,7381,7382,True
2024.09.24_16-57-51_Yakuba7_no_odor,7385,7392,True
2024.09.24_16-57-51_Yakuba7_no_odor,7394,7404,True
2024.09.24_16-57-51_Yakuba7_no_odor,7406,7407,True
2024.09.24_16-57-51_Yakuba7_no_odor,7409,7412,True
2024.09.24_16-57-51_Yakuba7_no_odor,7414,7418,True
2024.09.24_16-57-51_Yakuba7_no_odor,7420,7421,True
2024.09.24_16-57-51_Yakuba7_no_odor,7423,7427,True
2024.09.24_16-57-51_Yakuba7_no_odor,7432,7437,True
2024.09.24_16-57-51_Yakuba7_no_odor,7439,7442,True
2024.09.24_16-57-51_Yakuba7_no_odor,7444,7461,True
2024.09.24_16-57-51_Yakuba7_no_odor,7463,7466,True
2024.09.24_16-57-51_Yakuba7_no_odor,7468,7475,True
2024.09.24_16-57-51_Yakuba7_no_odor,7478,7483,True
2024.09.24_16-57-51_Yakuba7_no_odor,7486,7490,True
2024.09.24_16-57-51_Yakuba7_no_odor,7495,7495,True
2024.09.24_16-57-51_Yakuba7_no_odor,7498,7498,True
2024.09.24_16-57-51_Yakuba7_no_odor,7500,7503,True
2024.09.24_16-57-51_Yakuba7_no_odor,7505,7505,True
2024.09.24_16-57-51_Yakuba7_no_odor,7508,7508,True
2024.09.24_16-57-51_Yakuba7_no_odor,7512,7512,True
2024.09.24_16-57-51_Yakuba7_no_odor,7515,7515,True
2024.09.24_16-57-51_Yakuba7_no_odor,7519,7519,True
2024.09.24_16-57-51_Yakuba7_no_odor,7525,7525,True
2024.09.24_16-57-51_Yakuba7_no_odor,7527,7527,True
2024.09.24_16-57-51_Yakuba7_no_odor,7529,7533,True
2024.09.24_16-57-51_Yakuba7_no_odor,7535,7536,True
2024.09.24_16-57-51_Yakuba7_no_odor,7538,7539,True
2024.09.24_16-57-51_Yakuba7_no_odor,7541,7541,True
2024.09.24_16-57-51_Yakuba7_no_odor,7543,7544,True
2024.09.24_16-57-51_Yakuba7_no_odor,7546,7547,True
2024.09.24_16-57-51_Yakuba7_no_odor,7549,7552,True
2024.09.24_16-57-51_Yakuba7_no_odor,7554,7558,True
2024.09.24_16-57-51_Yakuba7_no_odor,7560,7562,True
2024.09.24_16-57-51_Yakuba7_no_odor,7564,7565,True
2024.09.24_16-57-51_Yakuba7_no_odor,7567,7567,True
2024.09.24_16-57-51_Yakuba7_no_odor,7570,7570,True
2024.09.24_16-57-51_Yakuba7_no_odor,7573,7575,True
2024.09.24_16-57-51_Yakuba7_no_odor,7577,7580,True
2024.09.24_16-57-51_Yakuba7_no_odor,7582,7588,True
2024.09.24_16-57-51_Yakuba7_no_odor,7594,7614,True
2024.09.24_16-57-51_Yakuba7_no_odor,7616,7624,True
2024.09.24_16-57-51_Yakuba7_no_odor,7627,7629,True
2024.09.24_16-57-51_Yakuba7_no_odor,7631,7638,True
2024.09.24_16-57-51_Yakuba7_no_odor,7640,7640,True
2024.09.24_16-57-51_Yakuba7_no_odor,7642,7645,True
2024.09.24_16-57-51_Yakuba7_no_odor,7648,7648,True
2024.09.24_16-57-51_Yakuba7_no_odor,7650,7650,True
2024.09.24_16-57-51_Yakuba7_no_odor,7655,7656,True
2024.09.24_16-57-51_Yakuba7_no_odor,7658,7659,True
2024.09.24_16-57-51_Yakuba7_no_odor,7663,7664,True
2024.09.24_16-57-51_Yakuba7_no_odor,7666,7667,True
2024.09.24_16-57-51_Yakuba7_no_odor,7669,7669,True
2024.09.24_16-57-51_Yakuba7_no_odor,7672,7678,True
2024.09.24_16-57-51_Yakuba7_no_odor,7688,7690,True
2024.09.24_16-57-51_Yakuba7_no_odor,7695,7696,True
2024.09.24_16-57-51_Yakuba7_no_odor,7698,7701,True
2024.09.24_16-57-51_Yakuba7_no_odor,7711,7713,True
2024.09.24_16-57-51_Yakuba7_no_odor,7715,7718,True
2024.09.24_16-57-51_Yakuba7_no_odor,7736,7738,True
2024.09.24_16-57-51_Yakuba7_no_odor,7745,7753,True
2024.09.24_16-57-51_Yakuba7_no_odor,7769,7772,True
2024.09.24_16-57-51_Yakuba7_no_odor,7775,7819,True
2024.09.24_16-57-51_Yakuba7_no_odor,7821,7827,True
2024.09.24_16-57-51_Yakuba7_no_odor,7829,7833,True
2024.09.24_16-57-51_Yakuba7_no_odor,7835,7837,True
2024.09.24_16-57-51_Yakuba7_no_odor,7839,7839,True
2024.09.24_16-57-51_Yakuba7_no_odor,7841,7845,True
2024.09.24_16-57-51_Yakuba7_no_odor,7848,7861,True
2024.09.24_16-57-51_Yakuba7_no_odor,7863,7865,True
2024.09.24_16-57-51_Yakuba7_no_odor,7877,7877,True
2024.09.24_16-57-51_Yakuba7_no_odor,7884,7884,True
2024.09.24_16-57-51_Yakuba7_no_odor,7900,7905,True
2024.09.24_16-57-51_Yakuba7_no_odor,7908,7908,True
2024.09.24_16-57-51_Yakuba7_no_odor,7910,7910,True
2024.09.24_16-57-51_Yakuba7_no_odor,7922,7922,True
2024.09.24_16-57-51_Yakuba7_no_odor,7926,7926,True
2024.09.24_16-57-51_Yakuba7_no_odor,7947,8078,True
2024.09.24_16-57-51_Yakuba7_no_odor,8080,8102,True
2024.09.24_16-57-51_Yakuba7_no_odor,8104,8106,True
2024.09.24_16-57-51_Yakuba7_no_odor,8108,8108,True
2024.09.24_16-57-51_Yakuba7_no_odor,8111,8118,True
2024.09.24_16-57-51_Yakuba7_no_odor,8120,8121,True
2024.09.24_16-57-51_Yakuba7_no_odor,8123,8136,True
2024.09.24_16-57-51_Yakuba7_no_odor,8139,8185,True
2024.09.24_16-57-51_Yakuba7_no_odor,8187,8211,True
2024.10.11_14-52-17_Yakuba_cameroon_2hexanol,147,526,True
2024.10.11_14-52-17_Yakuba_cameroon_2hexanol,528,531,True
2024.10.11_14-52-17_Yakuba_cameroon_2hexanol,543,545,True
2024.10.11_14-52-17_Yakuba_cameroon_2hexanol,547,547,True
2024.10.11_14-52-17_Yakuba_cameroon_2hexanol,550,550,True
2024.10.11_14-52-17_Yakuba_cameroon_2hexanol,554,579,True
2024.10.11_14-52-17_Yakuba_cameroon_2hexanol,582,605,True
2024.10.11_14-52-17_Yakuba_cameroon_2hexanol,607,613,True
2024.10.11_14-52-17_Yakuba_cameroon_2hexanol,615,615,True
2024.10.11_14-52-17_Yakuba_cameroon_2hexanol,619,628,True
2024.10.11_14-52-17_Yakuba_cameroon_2hexanol,913,914,True
2024.10.11_14-52-17_Yakuba_cameroon_2hexanol,963,964,True
2024.10.11_14-52-17_Yakuba_cameroon_2hexanol,1210,1211,True
2024.10.11_14-52-17_Yakuba_cameroon_2hexanol,1218,1219,True
2024.10.11_14-52-17_Yakuba_cameroon_2hexanol,1330,1330,True
2024.10.11_14-52-17_Yakuba_cameroon_2hexanol,1332,1351,True
2024.10.11_14-52-17_Yakuba_cameroon_2hexanol,1361,1361,True
2024.10.11_14-52-17_Yakuba_cameroon_2hexanol,1364,1374,True
2024.10.11_14-52-17_Yakuba_cameroon_2hexanol,1392,1403,True
2024.10.11_14-52-17_Yakuba_cameroon_2hexanol,1405,1408,True
2024.10.11_14-52-17_Yakuba_cameroon_2hexanol,1418,2413,True
2024.10.11_14-52-17_Yakuba_cameroon_2hexanol,3620,4650,True
2024.10.11_14-52-17_Yakuba_cameroon_2hexanol,5777,5793,True
2024.10.11_14-52-17_Yakuba_cameroon_2hexanol,5839,5860,True
2024.10.11_14-52-17_Yakuba_cameroon_2hexanol,5872,5872,True
2024.10.11_14-52-17_Yakuba_cameroon_2hexanol,5874,5875,True
2024.10.11_14-52-17_Yakuba_cameroon_2hexanol,5877,5896,True
2024.10.11_14-52-17_Yakuba_cameroon_2hexanol,6152,6152,True
2024.10.11_14-52-17_Yakuba_cameroon_2hexanol,6154,6154,True
2024.10.11_14-52-17_Yakuba_cameroon_2hexanol,6158,6160,True
2024.10.11_14-52-17_Yakuba_cameroon_2hexanol,6528,6528,True
2024.10.11_14-52-17_Yakuba_cameroon_2hexanol,6532,6541,True
2024.10.11_14-52-17_Yakuba_cameroon_2hexanol,6732,6755,True
2024.10.11_14-52-17_Yakuba_cameroon_2hexanol,6775,7586,True
2024.10.11_14-52-17_Yakuba_cameroon_2hexanol,7606,7606,True
2024.10.11_14-52-17_Yakuba_cameroon_2hexanol,7608,7608,True
2024.10.11_14-52-17_Yakuba_cameroon_2hexanol,7611,8797,True
2024.10.15_10-31-40_Sto_car_2hexanol,167,2250,True
2024.10.15_10-31-40_Sto_car_2hexanol,2688,2739,True
2024.10.15_10-31-40_Sto_car_2hexanol,2841,2872,True
2024.10.15_10-31-40_Sto_car_2hexanol,2941,2941,True
2024.10.15_10-31-40_Sto_car_2hexanol,3131,3445,True
2024.10.15_10-31-40_Sto_car_2hexanol,3451,3451,True
2024.10.15_10-31-40_Sto_car_2hexanol,3456,3936,True
2024.10.15_10-31-40_Sto_car_2hexanol,3938,3952,True
2024.10.15_10-31-40_Sto_car_2hexanol,3954,3955,True
2024.10.15_10-31-40_Sto_car_2hexanol,3957,3957,True
2024.10.15_10-31-40_Sto_car_2hexanol,3968,4052,True
2024.10.15_10-31-40_Sto_car_2hexanol,4055,4136,True
2024.10.15_10-31-40_Sto_car_2hexanol,4138,4139,True
2024.10.15_10-31-40_Sto_car_2hexanol,4175,4181,True
2024.10.15_10-31-40_Sto_car_2hexanol,4197,4619,True
2024.10.15_10-31-40_Sto_car_2hexanol,5595,5598,True
2024.10.15_10-31-40_Sto_car_2hexanol,5600,5602,True
2024.10.15_10-31-40_Sto_car_2hexanol,5608,5620,True
2024.10.15_10-31-40_Sto_car_2hexanol,6229,6229,True
2024.10.15_10-31-40_Sto_car_2hexanol,6231,6235,True
2024.10.15_10-31-40_Sto_car_2hexanol,6238,6243,True
2024.10.15_10-31-40_Sto_car_2hexanol,6245,6246,True
2024.10.15_10-31-40_Sto_car_2hexanol,6248,6253,True
2024.10.15_10-31-40_Sto_car_2hexanol,6256,6256,True
2024.10.15_10-31-40_Sto_car_2hexanol,6258,6258,True
2024.10.15_10-31-40_Sto_car_2hexanol,6419,7538,True
2024.10.15_10-31-40_Sto_car_2hexanol,8461,8771,True
2024.07.10_13-22-47_Riverside (MetBen),3545,6830,True
2024.07.10_13-22-47_Riverside (MetBen),7434,7797,True
2024.07.10_13-22-47_Riverside (MetBen),7974,8999,True
2024.09.25_15-34-50_Sto_cago_no_odor,3,834,True
2024.09.25_15-34-50_Sto_cago_no_odor,1394,1394,True
2024.09.25_15-34-50_Sto_cago_no_odor,1396,1396,True
2024.09.25_15-34-50_Sto_cago_no_odor,1402,1408,True
2024.09.25_15-34-50_Sto_cago_no_odor,1411,2290,True
2024.09.25_15-34-50_Sto_cago_no_odor,2292,2298,True
2024.09.25_15-34-50_Sto_cago_no_odor,2302,2302,True
2024.09.25_15-34-50_Sto_cago_no_odor,2309,2310,True
2024.09.25_15-34-50_Sto_cago_no_odor,2314,2314,True
2024.09.25_15-34-50_Sto_cago_no_odor,3234,4576,True
2024.09.25_15-34-50_Sto_cago_no_odor,5742,6953,True
2024.09.25_15-34-50_Sto_cago_no_odor,7339,7500,True
2024.09.25_15-34-50_Sto_cago_no_odor,8952,8999,True
2024.10.10_13-41-00_Biarmipes84_1hexanol,3,42,True
2024.10.10_13-41-00_Biarmipes84_1hexanol,46,48,True
2024.10.10_13-41-00_Biarmipes84_1hexanol,70,70,True
2024.10.10_13-41-00_Biarmipes84_1hexanol,73,75,True
2024.10.10_13-41-00_Biarmipes84_1hexanol,77,84,True
2024.10.10_13-41-00_Biarmipes84_1hexanol,105,308,True
2024.10.10_13-41-00_Biarmipes84_1hexanol,346,422,True
2024.10.10_13-41-00_Biarmipes84_1hexanol,438,445,True
2024.10.10_13-41-00_Biarmipes84_1hexanol,447,460,True
2024.10.10_13-41-00_Biarmipes84_1hexanol,462,514,True
2024.10.10_13-41-00_Biarmipes84_1hexanol,523,565,True
2024.10.10_13-41-00_Biarmipes84_1hexanol,592,592,True
2024.10.10_13-41-00_Biarmipes84_1hexanol,594,594,True
2024.10.10_13-41-00_Biarmipes84_1hexanol,596,626,True
2024.10.10_13-41-00_Biarmipes84_1hexanol,632,1186,True
2024.10.10_13-41-00_Biarmipes84_1hexanol,1288,1307,True
2024.10.10_13-41-00_Biarmipes84_1hexanol,1431,1458,True
2024.10.10_13-41-00_Biarmipes84_1hexanol,1461,1596,True
2024.10.10_13-41-00_Biarmipes84_1hexanol,1599,1650,True
2024.10.10_13-41-00_Biarmipes84_1hexanol,1655,1781,True
2024.10.10_13-41-00_Biarmipes84_1hexanol,1800,1870,True
2024.10.10_13-41-00_Biarmipes84_1hexanol,1887,1900,True
2024.10.10_13-41-00_Biarmipes84_1hexanol,1904,2023,True
2024.10.10_13-41-00_Biarmipes84_1hexanol,2048,2053,True
2024.10.10_13-41-00_Biarmipes84_1hexanol,2055,2255,True
2024.10.10_13-41-00_Biarmipes84_1hexanol,2257,2303,True
2024.10.10_13-41-00_Biarmipes84_1hexanol,2307,2354,True
2024.10.10_13-41-00_Biarmipes84_1hexanol,2356,2357,True
2024.10.10_13-41-00_Biarmipes84_1hexanol,2360,2395,True
2024.10.10_13-41-00_Biarmipes84_1hexanol,2397,2478,True
2024.10.10_13-41-00_Biarmipes84_1hexanol,2597,2611,True
2024.10.10_13-41-00_Biarmipes84_1hexanol,2830,2839,True
2024.10.10_13-41-00_Biarmipes84_1hexanol,2908,2908,True
2024.10.10_13-41-00_Biarmipes84_1hexanol,2911,2969,True
2024.10.10_13-41-00_Biarmipes84_1hexanol,3040,3061,True
2024.10.10_13-41-00_Biarmipes84_1hexanol,3215,3215,True
2024.10.10_13-41-00_Biarmipes84_1hexanol,3222,3392,True
2024.10.10_13-41-00_Biarmipes84_1hexanol,4838,5180,True
2024.10.10_13-41-00_Biarmipes84_1hexanol,5404,5829,True
2024.10.10_13-41-00_Biarmipes84_1hexanol,5953,6039,True
2024.10.10_13-41-00_Biarmipes84_1hexanol,6041,6082,True
2024.10.10_13-41-00_Biarmipes84_1hexanol,6102,6107,True
2024.10.10_13-41-00_Biarmipes84_1hexanol,6109,6153,True
2024.10.10_13-41-00_Biarmipes84_1hexanol,6160,6179,True
2024.10.10_13-41-00_Biarmipes84_1hexanol,6183,6252,True
2024.10.10_13-41-00_Biarmipes84_1hexanol,6273,6301,True
2024.10.10_13-41-00_Biarmipes84_1hexanol,6304,6556,True
2024.10.10_13-41-00_Biarmipes84_1hexanol,6719,6745,True
2024.10.10_13-41-00_Biarmipes84_1hexanol,6847,6859,True
2024.10.10_13-41-00_Biarmipes84_1hexanol,7217,7228,True
2024.10.10_13-41-00_Biarmipes84_1hexanol,7325,7334,True
2024.10.10_13-41-00_Biarmipes84_1hexanol,8125,8211,True
2024.10.10_13-41-00_Biarmipes84_1hexanol,8229,8503,True
2024.10.10_13-41-00_Biarmipes84_1hexanol,8526,8995,True
2024.07.10_12-35-26_Riverside (MetBen),3,287,True
2024.07.10_12-35-26_Riverside (MetBen),365,1962,True
2024.07.10_12-35-26_Riverside (MetBen),1967,1967,True
2024.07.10_12-35-26_Riverside (MetBen),2405,3166,True
2024.07.10_12-35-26_Riverside (MetBen),3558,3621,True
2024.07.10_12-35-26_Riverside (MetBen),3624,3624,True
2024.07.10_12-35-26_Riverside (MetBen),3629,3629,True
2024.07.10_12-35-26_Riverside (MetBen),3631,3632,True
2024.07.10_12-35-26_Riverside (MetBen),3654,3654,True
2024.07.10_12-35-26_Riverside (MetBen),3677,3689,True
2024.07.10_12-35-26_Riverside (MetBen),3701,3702,True
2024.07.10_12-35-26_Riverside (MetBen),3732,3732,True
2024.07.10_12-35-26_Riverside (MetBen),3759,3763,True
2024.07.10_12-35-26_Riverside (MetBen),5004,5007,True
2024.07.10_12-35-26_Riverside (MetBen),5198,5213,True
2024.07.10_12-35-26_Riverside (MetBen),5219,5250,True
2024.07.10_12-35-26_Riverside (MetBen),5255,5256,True
2024.07.10_12-35-26_Riverside (MetBen),5270,6455,True
2024.07.10_12-35-26_Riverside (MetBen),6463,6669,True
2024.07.10_12-35-26_Riverside (MetBen),6686,6773,True
2024.07.10_12-35-26_Riverside (MetBen),7039,7039,True
2024.07.10_12-35-26_Riverside (MetBen),7043,7045,True
2024.07.10_12-35-26_Riverside (MetBen),7048,7048,True
2024.07.10_12-35-26_Riverside (MetBen),7050,7050,True
2024.07.10_12-35-26_Riverside (MetBen),7073,7073,True
2024.07.10_12-35-26_Riverside (MetBen),7076,7076,True
2024.07.10_12-35-26_Riverside (MetBen),7639,8629,True
2024.10.10_12-36-06_sussex_metbut,3,296,True
2024.10.10_12-36-06_sussex_metbut,3356,3388,True
2024.10.10_12-36-06_sussex_metbut,3390,3412,True
2024.10.10_12-36-06_sussex_metbut,3414,3565,True
2024.10.10_12-36-06_sussex_metbut,3567,3658,True
2024.10.10_12-36-06_sussex_metbut,3660,3666,True
2024.10.10_12-36-06_sussex_metbut,3668,3681,True
2024.10.10_12-36-06_sussex_metbut,3683,3700,True
2024.10.10_12-36-06_sussex_metbut,3702,3710,True
2024.10.10_12-36-06_sussex_metbut,3713,3713,True
2024.10.10_12-36-06_sussex_metbut,3715,3715,True
2024.10.10_12-36-06_sussex_metbut,3717,3718,True
2024.10.10_12-36-06_sussex_metbut,3720,3720,True
2024.10.10_12-36-06_sussex_metbut,3722,3725,True
2024.10.10_12-36-06_sussex_metbut,3727,3734,True
2024.10.10_12-36-06_sussex_metbut,3736,3761,True
2024.10.10_12-36-06_sussex_metbut,3763,3769,True
2024.10.10_12-36-06_sussex_metbut,3771,3772,True
2024.10.10_12-36-06_sussex_metbut,3774,3790,True
2024.10.10_12-36-06_sussex_metbut,3792,3793,True
2024.10.10_12-36-06_sussex_metbut,3795,3809,True
2024.10.10_12-36-06_sussex_metbut,3811,3813,True
2024.10.10_12-36-06_sussex_metbut,3815,3822,True
2024.10.10_12-36-06_sussex_metbut,3824,3825,True
2024.10.10_12-36-06_sussex_metbut,3829,3833,True
2024.10.10_12-36-06_sussex_metbut,3835,3836,True
2024.10.10_12-36-06_sussex_metbut,3838,3838,True
2024.10.10_12-36-06_sussex_metbut,3840,3847,True
2024.10.10_12-36-06_sussex_metbut,3849,3852,True
2024.10.10_12-36-06_sussex_metbut,3855,3856,True
2024.10.10_12-36-06_sussex_metbut,3858,3859,True
2024.10.10_12-36-06_sussex_metbut,3861,3862,True
2024.10.10_12-36-06_sussex_metbut,3864,3864,True
2024.10.10_12-36-06_sussex_metbut,3866,3881,True
2024.10.10_12-36-06_sussex_metbut,3883,3884,True
2024.10.10_12-36-06_sussex_metbut,3886,3907,True
2024.10.10_12-36-06_sussex_metbut,3909,3910,True
2024.10.10_12-36-06_sussex_metbut,3912,3913,True
2024.10.10_12-36-06_sussex_metbut,3916,3918,True
2024.10.10_12-36-06_sussex_metbut,3920,3920,True
2024.10.10_12-36-06_sussex_metbut,3923,3934,True
2024.10.10_12-36-06_sussex_metbut,3936,3942,True
2024.10.10_12-36-06_sussex_metbut,3945,3945,True
2024.10.10_12-36-06_sussex_metbut,3947,3949,True
2024.10.10_12-36-06_sussex_metbut,3951,3951,True
2024.10.10_12-36-06_sussex_metbut,3955,3958,True
2024.10.10_12-36-06_sussex_metbut,3960,3961,True
2024.10.10_12-36-06_sussex_metbut,3964,3964,True
2024.10.10_12-36-06_sussex_metbut,3967,3971,True
2024.10.10_12-36-06_sussex_metbut,3973,3982,True
2024.10.10_12-36-06_sussex_metbut,3984,3989,True
2024.10.10_12-36-06_sussex_metbut,3991,3997,True
2024.10.10_12-36-06_sussex_metbut,4000,4003,True
2024.10.10_12-36-06_sussex_metbut,4005,4009,True
2024.10.10_12-36-06_sussex_metbut,4012,4020,True
2024.10.10_12-36-06_sussex_metbut,4022,4026,True
2024.10.10_12-36-06_sussex_metbut,4028,4045,True
2024.10.10_12-36-06_sussex_metbut,4047,4066,True
2024.10.10_12-36-06_sussex_metbut,4068,4098,True
2024.10.10_12-36-06_sussex_metbut,4100,4318,True
2024.10.10_12-36-06_sussex_metbut,4320,4337,True
2024.10.10_12-36-06_sussex_metbut,4339,4351,True
2024.10.10_12-36-06_sussex_metbut,4353,4361,True
2024.10.10_12-36-06_sussex_metbut,4363,4373,True
2024.10.10_12-36-06_sussex_metbut,4375,4379,True
2024.10.10_12-36-06_sussex_metbut,4381,4382,True
2024.10.10_12-36-06_sussex_metbut,4385,4388,True
2024.10.10_12-36-06_sussex_metbut,4390,4390,True
2024.10.10_12-36-06_sussex_metbut,4392,4398,True
2024.10.10_12-36-06_sussex_metbut,4400,4412,True
2024.10.10_12-36-06_sussex_metbut,4520,4542,True
2024.10.10_12-36-06_sussex_metbut,4549,4549,True
2024.10.10_12-36-06_sussex_metbut,4553,4559,True
2024.10.10_12-36-06_sussex_metbut,4563,4565,True
2024.10.10_12-36-06_sussex_metbut,4568,4568,True
2024.10.10_12-36-06_sussex_metbut,4609,4614,True
2024.10.10_12-36-06_sussex_metbut,4616,4618,True
2024.10.10_12-36-06_sussex_metbut,4620,4623,True
2024.10.10_12-36-06_sussex_metbut,4628,4629,True
2024.10.10_12-36-06_sussex_metbut,4631,4631,True
2024.10.10_12-36-06_sussex_metbut,4633,4633,True
2024.10.10_12-36-06_sussex_metbut,4635,4640,True
2024.10.10_12-36-06_sussex_metbut,4642,4642,True
2024.10.10_12-36-06_sussex_metbut,4644,4644,True
2024.10.10_12-36-06_sussex_metbut,4652,4661,True
2024.10.10_12-36-06_sussex_metbut,4664,4670,True
2024.10.10_12-36-06_sussex_metbut,4672,4673,True
2024.10.10_12-36-06_sussex_metbut,4675,4677,True
2024.10.10_12-36-06_sussex_metbut,4680,4684,True
2024.10.10_12-36-06_sussex_metbut,4687,4689,True
2024.10.10_12-36-06_sussex_metbut,4691,4699,True
2024.10.10_12-36-06_sussex_metbut,4704,4704,True
2024.10.10_12-36-06_sussex_metbut,4706,4716,True
2024.10.10_12-36-06_sussex_metbut,4735,4735,True
2024.10.10_12-36-06_sussex_metbut,4749,4749,True
2024.10.10_12-36-06_sussex_metbut,4758,4758,True
2024.10.10_12-36-06_sussex_metbut,4767,4767,True
2024.10.10_12-36-06_sussex_metbut,4779,4779,True
2024.10.10_12-36-06_sussex_metbut,4783,4785,True
2024.10.10_12-36-06_sussex_metbut,4788,4788,True
2024.10.10_12-36-06_sussex_metbut,4790,4790,True
2024.10.10_12-36-06_sussex_metbut,4792,4797,True
2024.10.10_12-36-06_sussex_metbut,4799,4799,True
2024.10.10_12-36-06_sussex_metbut,4801,4805,True
2024.10.10_12-36-06_sussex_metbut,4807,4810,True
2024.10.10_12-36-06_sussex_metbut,4812,4817,True
2024.10.10_12-36-06_sussex_metbut,4820,4820,True
2024.10.10_12-36-06_sussex_metbut,4822,4826,True
2024.10.10_12-36-06_sussex_metbut,4828,4847,True
2024.10.10_12-36-06_sussex_metbut,4849,4853,True
2024.10.10_12-36-06_sussex_metbut,4855,4907,True
2024.10.10_12-36-06_sussex_metbut,4982,4991,True
2024.10.10_12-36-06_sussex_metbut,5022,5022,True
2024.10.10_12-36-06_sussex_metbut,5024,5037,True
2024.10.10_12-36-06_sussex_metbut,5050,5075,True
2024.10.10_12-36-06_sussex_metbut,5118,5128,True
2024.10.10_12-36-06_sussex_metbut,5130,5140,True
2024.10.10_12-36-06_sussex_metbut,5174,5179,True
2024.10.10_12-36-06_sussex_metbut,5186,5189,True
2024.10.10_12-36-06_sussex_metbut,5194,5195,True
2024.10.10_12-36-06_sussex_metbut,5197,5226,True
2024.10.10_12-36-06_sussex_metbut,5228,5254,True
2024.10.10_12-36-06_sussex_metbut,5256,5275,True
2024.10.10_12-36-06_sussex_metbut,5277,5304,True
2024.10.10_12-36-06_sussex_metbut,5306,5315,True
2024.10.10_12-36-06_sussex_metbut,5317,5326,True
2024.10.10_12-36-06_sussex_metbut,5329,5338,True
2024.10.10_12-36-06_sussex_metbut,5340,5343,True
2024.10.10_12-36-06_sussex_metbut,5345,5375,True
2024.10.10_12-36-06_sussex_metbut,5377,5378,True
2024.10.10_12-36-06_sussex_metbut,5380,5394,True
2024.10.10_12-36-06_sussex_metbut,5417,5431,True
2024.10.10_12-36-06_sussex_metbut,5433,5445,True
2024.10.10_12-36-06_sussex_metbut,5485,5510,True
2024.10.10_12-36-06_sussex_metbut,5512,5522,True
2024.10.10_12-36-06_sussex_metbut,5524,5528,True
2024.10.10_12-36-06_sussex_metbut,5530,5661,True
2024.10.10_12-36-06_sussex_metbut,5663,5704,True
2024.10.10_12-36-06_sussex_metbut,5706,5802,True
2024.10.10_12-36-06_sussex_metbut,5804,5864,True
2024.10.10_12-36-06_sussex_metbut,5866,5916,True
2024.10.10_12-36-06_sussex_metbut,5918,5993,True
2024.10.10_12-36-06_sussex_metbut,5996,5998,True
2024.10.10_12-36-06_sussex_metbut,6723,6727,True
2024.10.10_12-36-06_sussex_metbut,6729,6732,True
2024.10.10_12-36-06_sussex_metbut,6750,6769,True
2024.10.10_12-36-06_sussex_metbut,6771,6792,True
2024.10.10_12-36-06_sussex_metbut,6794,6830,True
2024.10.10_12-36-06_sussex_metbut,6833,6834,True
2024.10.10_12-36-06_sussex_metbut,6839,6840,True
2024.10.10_12-36-06_sussex_metbut,6844,6846,True
2024.10.10_12-36-06_sussex_metbut,6848,6849,True
2024.10.10_12-36-06_sussex_metbut,6851,7003,True
2024.10.10_12-36-06_sussex_metbut,7005,7061,True
2024.10.10_12-36-06_sussex_metbut,7065,7079,True
2024.10.10_12-36-06_sussex_metbut,7083,8949,True
2024.10.10_10-12-04_sechellia28_no_odor,1642,1999,True
2024.10.10_10-12-04_sechellia28_no_odor,2834,2877,True
2024.10.10_10-12-04_sechellia28_no_odor,2974,2980,True
2024.10.10_10-12-04_sechellia28_no_odor,2982,2995,True
2024.10.10_10-12-04_sechellia28_no_odor,3039,3044,True
2024.10.10_10-12-04_sechellia28_no_odor,3046,5895,True
2024.10.10_10-12-04_sechellia28_no_odor,6013,6059,True
2024.10.10_10-12-04_sechellia28_no_odor,7222,8277,True
2024.10.10_10-12-04_sechellia28_no_odor,8279,8663,True
2024.10.10_10-12-04_sechellia28_no_odor,8880,8921,True
2024.10.10_10-12-04_sechellia28_no_odor,8923,8929,True
2024.10.10_10-12-04_sechellia28_no_odor,8965,8971,True
2024.10.10_10-12-04_sechellia28_no_odor,8973,8982,True
2024.10.10_10-12-04_sechellia28_no_odor,8984,8999,True
2024.10.14_10-02-09_Riverside_prenac,136,398,True
2024.10.14_10-02-09_Riverside_prenac,1816,1816,True
2024.10.14_10-02-09_Riverside_prenac,1821,1858,True
2024.10.14_10-02-09_Riverside_prenac,1890,1902,True
2024.10.14_10-02-09_Riverside_prenac,1904,2063,True
2024.10.14_10-02-09_Riverside_prenac,2482,2536,True
2024.10.14_10-02-09_Riverside_prenac,2576,2591,True
2024.10.14_10-02-09_Riverside_prenac,3018,3023,True
2024.10.14_10-02-09_Riverside_prenac,3025,3040,True
2024.10.14_10-02-09_Riverside_prenac,3050,3050,True
2024.10.14_10-02-09_Riverside_prenac,3053,3053,True
2024.10.14_10-02-09_Riverside_prenac,3058,3059,True
2024.10.14_10-02-09_Riverside_prenac,3065,3065,True
2024.10.14_10-02-09_Riverside_prenac,3079,3080,True
2024.10.14_10-02-09_Riverside_prenac,3106,3107,True
2024.10.14_10-02-09_Riverside_prenac,3109,3110,True
2024.10.14_10-02-09_Riverside_prenac,3115,3115,True
2024.10.14_10-02-09_Riverside_prenac,3190,3191,True
2024.10.14_10-02-09_Riverside_prenac,3196,3196,True
2024.10.14_10-02-09_Riverside_prenac,3200,3201,True
2024.10.14_10-02-09_Riverside_prenac,3207,3207,True
2024.10.14_10-02-09_Riverside_prenac,3219,3219,True
2024.10.14_10-02-09_Riverside_prenac,3224,3225,True
2024.10.14_10-02-09_Riverside_prenac,3227,3227,True
2024.10.14_10-02-09_Riverside_prenac,3235,3235,True
2024.10.14_10-02-09_Riverside_prenac,3259,3259,True
2024.10.14_10-02-09_Riverside_prenac,3266,3266,True
2024.10.14_10-02-09_Riverside_prenac,3270,3270,True
2024.10.14_10-02-09_Riverside_prenac,3275,3275,True
2024.10.14_10-02-09_Riverside_prenac,3285,3287,True
2024.10.14_10-02-09_Riverside_prenac,3301,3316,True
2024.10.14_10-02-09_Riverside_prenac,3318,3319,True
2024.10.14_10-02-09_Riverside_prenac,3322,3518,True
2024.10.14_10-02-09_Riverside_prenac,3520,3544,True
2024.10.14_10-02-09_Riverside_prenac,3546,5260,True
2024.10.14_10-02-09_Riverside_prenac,6243,6246,True
2024.10.14_10-02-09_Riverside_prenac,6248,6260,True
2024.10.14_10-02-09_Riverside_prenac,6262,6278,True
2024.10.14_10-02-09_Riverside_prenac,6282,7342,True
2024.10.14_10-02-09_Riverside_prenac,8666,8999,True
2024.10.25_06-44-03_CantonS_metben,3,168,True
2024.10.25_06-44-03_CantonS_metben,1959,2244,True
2024.10.25_06-44-03_CantonS_metben,2394,2588,True
2024.10.25_06-44-03_CantonS_metben,2590,3933,True
2024.10.25_06-44-03_CantonS_metben,4348,5195,True
2024.10.25_06-44-03_CantonS_metben,8530,8564,True
2024.10.25_06-44-03_CantonS_metben,8566,8572,True
2024.10.25_06-44-03_CantonS_metben,8574,8578,True
2024.10.25_06-44-03_CantonS_metben,8581,8583,True
2024.10.25_06-44-03_CantonS_metben,8585,8585,True
2024.10.25_06-44-03_CantonS_metben,8587,8587,True
2024.10.25_06-44-03_CantonS_metben,8589,8593,True
2024.10.25_06-44-03_CantonS_metben,8595,8598,True
2024.10.25_06-44-03_CantonS_metben,8600,8602,True
2024.10.25_06-44-03_CantonS_metben,8604,8605,True
2024.10.25_06-44-03_CantonS_metben,8607,8607,True
2024.10.25_06-44-03_CantonS_metben,8611,8612,True
2024.10.25_06-44-03_CantonS_metben,8615,8616,True
2024.10.25_06-44-03_CantonS_metben,8619,8619,True
2024.10.25_06-44-03_CantonS_metben,8623,8628,True
2024.10.25_06-44-03_CantonS_metben,8633,8636,True
2024.10.25_06-44-03_CantonS_metben,8638,8638,True
2024.10.25_06-44-03_CantonS_metben,8640,8640,True
2024.10.25_06-44-03_CantonS_metben,8642,8651,True
2024.10.25_06-44-03_CantonS_metben,8653,8656,True
2024.10.25_06-44-03_CantonS_metben,8658,8695,True
2024.10.25_06-44-03_CantonS_metben,8697,8708,True
2024.10.25_06-44-03_CantonS_metben,8711,8722,True
2024.10.25_06-44-03_CantonS_metben,8724,8913,True
2024.10.25_06-44-03_CantonS_metben,8915,8920,True
2024.10.25_06-44-03_CantonS_metben,8922,8971,True
2024.10.15_10-46-19_Sussex_prenac,3,900,True
2024.10.15_10-46-19_Sussex_prenac,1035,1797,True
2024.10.15_10-46-19_Sussex_prenac,1799,2904,True
2024.10.15_10-46-19_Sussex_prenac,4118,4229,True
2024.10.15_10-46-19_Sussex_prenac,4231,4232,True
2024.10.15_10-46-19_Sussex_prenac,4234,4253,True
2024.10.15_10-46-19_Sussex_prenac,4255,4258,True
2024.10.15_10-46-19_Sussex_prenac,4260,4409,True
2024.10.15_10-46-19_Sussex_prenac,6558,6592,True
2024.10.15_10-46-19_Sussex_prenac,6594,6599,True
2024.10.15_10-46-19_Sussex_prenac,6601,6601,True
2024.10.15_10-46-19_Sussex_prenac,6604,6605,True
2024.10.15_10-46-19_Sussex_prenac,6610,6610,True
2024.10.15_10-46-19_Sussex_prenac,6612,6615,True
2024.10.15_10-46-19_Sussex_prenac,6621,6662,True
2024.10.15_10-46-19_Sussex_prenac,6664,6747,True
2024.10.15_10-46-19_Sussex_prenac,6749,6775,True
2024.10.15_10-46-19_Sussex_prenac,6777,6777,True
2024.10.15_10-46-19_Sussex_prenac,6779,6800,True
2024.10.15_10-46-19_Sussex_prenac,6802,6805,True
2024.10.15_10-46-19_Sussex_prenac,6808,6812,True
2024.10.15_10-46-19_Sussex_prenac,6814,6817,True
2024.10.15_10-46-19_Sussex_prenac,6819,6823,True
2024.10.15_10-46-19_Sussex_prenac,6825,6839,True
2024.10.15_10-46-19_Sussex_prenac,6841,6841,True
2024.10.15_10-46-19_Sussex_prenac,6843,6843,True
2024.10.15_10-46-19_Sussex_prenac,6845,6845,True
2024.10.15_10-46-19_Sussex_prenac,6848,6848,True
2024.10.15_10-46-19_Sussex_prenac,6853,6853,True
2024.10.15_10-46-19_Sussex_prenac,6858,6858,True
2024.10.15_10-46-19_Sussex_prenac,6863,6863,True
2024.10.15_10-46-19_Sussex_prenac,6866,6866,True
2024.10.15_10-46-19_Sussex_prenac,6870,6870,True
2024.10.15_10-46-19_Sussex_prenac,6872,6873,True
2024.10.15_10-46-19_Sussex_prenac,6875,6875,True
2024.10.15_10-46-19_Sussex_prenac,6878,6878,True
2024.10.15_10-46-19_Sussex_prenac,6883,6884,True
2024.10.15_10-46-19_Sussex_prenac,6888,6888,True
2024.10.15_10-46-19_Sussex_prenac,6890,6891,True
2024.10.15_10-46-19_Sussex_prenac,6895,6895,True
2024.10.15_10-46-19_Sussex_prenac,6920,6922,True
2024.10.15_10-46-19_Sussex_prenac,6925,6925,True
2024.10.15_10-46-19_Sussex_prenac,6930,6930,True
2024.10.15_10-46-19_Sussex_prenac,6941,6941,True
2024.10.15_10-46-19_Sussex_prenac,6946,6946,True
2024.10.15_10-46-19_Sussex_prenac,6957,6958,True
2024.10.15_10-46-19_Sussex_prenac,6964,6964,True
2024.10.15_10-46-19_Sussex_prenac,6974,6974,True
2024.10.15_10-46-19_Sussex_prenac,6984,6984,True
2024.10.15_10-46-19_Sussex_prenac,6991,6991,True
2024.10.15_10-46-19_Sussex_prenac,7028,7028,True
2024.10.15_10-46-19_Sussex_prenac,7036,7036,True
2024.10.15_10-46-19_Sussex_prenac,7046,7046,True
2024.10.15_10-46-19_Sussex_prenac,7050,7050,True
2024.10.15_10-46-19_Sussex_prenac,7077,7077,True
2024.10.15_10-46-19_Sussex_prenac,7079,7080,True
2024.10.15_10-46-19_Sussex_prenac,7083,7085,True
2024.10.15_10-46-19_Sussex_prenac,7090,7090,True
2024.10.15_10-46-19_Sussex_prenac,7093,7094,True
2024.10.15_10-46-19_Sussex_prenac,7097,7097,True
2024.10.15_10-46-19_Sussex_prenac,7134,7134,True
2024.10.15_10-46-19_Sussex_prenac,7231,7231,True
2024.10.15_10-46-19_Sussex_prenac,7238,7238,True
2024.10.15_10-46-19_Sussex_prenac,7242,7242,True
2024.10.15_10-46-19_Sussex_prenac,7259,7259,True
2024.10.15_10-46-19_Sussex_prenac,7262,7262,True
2024.10.15_10-46-19_Sussex_prenac,7264,7264,True
2024.10.15_10-46-19_Sussex_prenac,7266,7266,True
2024.10.15_10-46-19_Sussex_prenac,7268,7268,True
2024.10.15_10-46-19_Sussex_prenac,7274,7274,True
2024.10.15_10-46-19_Sussex_prenac,7279,7279,True
2024.10.15_10-46-19_Sussex_prenac,7281,7281,True
2024.10.15_10-46-19_Sussex_prenac,7283,7289,True
2024.10.15_10-46-19_Sussex_prenac,7291,7294,True
2024.10.15_10-46-19_Sussex_prenac,7296,7296,True
2024.10.15_10-46-19_Sussex_prenac,7299,7301,True
2024.10.15_10-46-19_Sussex_prenac,7304,7304,True
2024.10.15_10-46-19_Sussex_prenac,7306,7933,True
2024.10.15_10-46-19_Sussex_prenac,7935,8124,True
2024.10.15_10-46-19_Sussex_prenac,8126,8739,True
2024.09.30_13-19-46_Yakuba_cameroon_no_odor,38,54,True
2024.09.30_13-19-46_Yakuba_cameroon_no_odor,57,61,True
2024.09.30_13-19-46_Yakuba_cameroon_no_odor,63,66,True
2024.09.30_13-19-46_Yakuba_cameroon_no_odor,68,70,True
2024.09.30_13-19-46_Yakuba_cameroon_no_odor,72,72,True
2024.09.30_13-19-46_Yakuba_cameroon_no_odor,74,78,True
2024.09.30_13-19-46_Yakuba_cameroon_no_odor,80,80,True
2024.09.30_13-19-46_Yakuba_cameroon_no_odor,86,87,True
2024.09.30_13-19-46_Yakuba_cameroon_no_odor,90,91,True
2024.09.30_13-19-46_Yakuba_cameroon_no_odor,97,102,True
2024.09.30_13-19-46_Yakuba_cameroon_no_odor,104,111,True
2024.09.30_13-19-46_Yakuba_cameroon_no_odor,113,113,True
2024.09.30_13-19-46_Yakuba_cameroon_no_odor,115,115,True
2024.09.30_13-19-46_Yakuba_cameroon_no_odor,117,119,True
2024.09.30_13-19-46_Yakuba_cameroon_no_odor,121,124,True
2024.09.30_13-19-46_Yakuba_cameroon_no_odor,126,126,True
2024.09.30_13-19-46_Yakuba_cameroon_no_odor,128,133,True
2024.09.30_13-19-46_Yakuba_cameroon_no_odor,135,136,True
2024.09.30_13-19-46_Yakuba_cameroon_no_odor,138,144,True
2024.09.30_13-19-46_Yakuba_cameroon_no_odor,146,146,True
2024.09.30_13-19-46_Yakuba_cameroon_no_odor,148,159,True
2024.09.30_13-19-46_Yakuba_cameroon_no_odor,161,809,True
2024.09.30_13-19-46_Yakuba_cameroon_no_odor,1614,1614,True
2024.09.30_13-19-46_Yakuba_cameroon_no_odor,1616,1616,True
2024.09.30_13-19-46_Yakuba_cameroon_no_odor,1636,1636,True
2024.09.30_13-19-46_Yakuba_cameroon_no_odor,1638,1762,True
2024.09.30_13-19-46_Yakuba_cameroon_no_odor,1765,1804,True
2024.09.30_13-19-46_Yakuba_cameroon_no_odor,1806,1811,True
2024.09.30_13-19-46_Yakuba_cameroon_no_odor,1814,1817,True
2024.09.30_13-19-46_Yakuba_cameroon_no_odor,1819,1820,True
2024.09.30_13-19-46_Yakuba_cameroon_no_odor,1823,1833,True
2024.09.30_13-19-46_Yakuba_cameroon_no_odor,1835,1843,True
2024.09.30_13-19-46_Yakuba_cameroon_no_odor,1845,1856,True
2024.09.30_13-19-46_Yakuba_cameroon_no_odor,1858,2491,True
2024.10.25_08-49-36_Sussex_metben,3,109,True
2024.10.25_08-49-36_Sussex_metben,288,597,True
2024.10.25_08-49-36_Sussex_metben,599,603,True
2024.10.25_08-49-36_Sussex_metben,605,609,True
2024.10.25_08-49-36_Sussex_metben,611,627,True
2024.10.25_08-49-36_Sussex_metben,629,2007,True
2024.10.25_08-49-36_Sussex_metben,3045,4315,True
2024.10.25_08-49-36_Sussex_metben,4506,4599,True
2024.10.25_08-49-36_Sussex_metben,4601,4767,True
2024.10.25_08-49-36_Sussex_metben,6216,8537,True
2024.11.14_01-11-17_Biarmipes84_e2hex,3,533,True
2024.11.14_01-11-17_Biarmipes84_e2hex,2554,2658,True
2024.11.14_01-11-17_Biarmipes84_e2hex,2660,2683,True
2024.11.14_01-11-17_Biarmipes84_e2hex,2685,3463,True
2024.11.14_01-11-17_Biarmipes84_e2hex,3465,3471,True
2024.11.14_01-11-17_Biarmipes84_e2hex,3473,3487,True
2024.11.14_01-11-17_Biarmipes84_e2hex,3489,5195,True
2024.11.14_01-11-17_Biarmipes84_e2hex,5487,5602,True
2024.11.14_01-11-17_Biarmipes84_e2hex,5639,5670,True
2024.11.14_01-11-17_Biarmipes84_e2hex,5798,5824,True
2024.11.14_01-11-17_Biarmipes84_e2hex,5889,5890,True
2024.11.14_01-11-17_Biarmipes84_e2hex,5897,6429,True
2024.11.14_01-11-17_Biarmipes84_e2hex,6431,6513,True
2024.11.14_01-11-17_Biarmipes84_e2hex,6515,6711,True
2024.11.14_01-11-17_Biarmipes84_e2hex,6718,6852,True
2024.11.14_01-11-17_Biarmipes84_e2hex,6855,6885,True
2024.11.14_01-11-17_Biarmipes84_e2hex,6917,7604,True
2024.07.09_11-29-10_Riverside (E-2-Hex),3,974,True
2024.07.09_11-29-10_Riverside (E-2-Hex),997,1540,True
2024.07.09_11-29-10_Riverside (E-2-Hex),1550,1623,True
2024.07.09_11-29-10_Riverside (E-2-Hex),1631,1633,True
2024.07.09_11-29-10_Riverside (E-2-Hex),1635,1636,True
2024.07.09_11-29-10_Riverside (E-2-Hex),1640,1670,True
2024.07.09_11-29-10_Riverside (E-2-Hex),1684,2026,True
2024.07.09_11-29-10_Riverside (E-2-Hex),2032,2032,True
2024.07.09_11-29-10_Riverside (E-2-Hex),2034,2034,True
2024.07.09_11-29-10_Riverside (E-2-Hex),2061,2061,True
2024.07.09_11-29-10_Riverside (E-2-Hex),2267,2278,True
2024.07.09_11-29-10_Riverside (E-2-Hex),2306,2672,True
2024.07.09_11-29-10_Riverside (E-2-Hex),2686,2703,True
2024.07.09_11-29-10_Riverside (E-2-Hex),2717,3112,True
2024.07.09_11-29-10_Riverside (E-2-Hex),3874,3874,True
2024.07.09_11-29-10_Riverside (E-2-Hex),4391,5481,True
2024.07.09_11-29-10_Riverside (E-2-Hex),6322,6336,True
2024.07.09_11-29-10_Riverside (E-2-Hex),6684,6704,True
2024.07.09_11-29-10_Riverside (E-2-Hex),6715,6734,True
2024.07.09_11-29-10_Riverside (E-2-Hex),6795,6795,True
2024.07.09_11-29-10_Riverside (E-2-Hex),7011,7013,True
2024.07.09_11-29-10_Riverside (E-2-Hex),7720,7807,True
2024.07.09_11-29-10_Riverside (E-2-Hex),7820,7820,True
2024.07.09_11-29-10_Riverside (E-2-Hex),7824,7868,True
2024.07.09_11-29-10_Riverside (E-2-Hex),7889,7904,True
2024.07.09_11-29-10_Riverside (E-2-Hex),7907,7908,True
2024.07.09_11-29-10_Riverside (E-2-Hex),7911,7914,True
2024.07.09_11-29-10_Riverside (E-2-Hex),7917,7923,True
2024.07.09_11-29-10_Riverside (E-2-Hex),7933,7944,True
2024.07.09_11-29-10_Riverside (E-2-Hex),7975,8999,True
2024.10.24_09-18-55_Biarmipes_G224_prenac,3,761,True
2024.10.24_09-18-55_Biarmipes_G224_prenac,763,763,True
2024.10.24_09-18-55_Biarmipes_G224_prenac,766,767,True
2024.10.24_09-18-55_Biarmipes_G224_prenac,789,789,True
2024.10.24_09-18-55_Biarmipes_G224_prenac,792,876,True
2024.10.24_09-18-55_Biarmipes_G224_prenac,1248,1568,True
2024.10.24_09-18-55_Biarmipes_G224_prenac,1572,1572,True
2024.10.24_09-18-55_Biarmipes_G224_prenac,1575,1576,True
2024.10.24_09-18-55_Biarmipes_G224_prenac,1585,1585,True
2024.10.24_09-18-55_Biarmipes_G224_prenac,1609,1609,True
2024.10.24_09-18-55_Biarmipes_G224_prenac,1611,1622,True
2024.10.24_09-18-55_Biarmipes_G224_prenac,1624,1625,True
2024.10.24_09-18-55_Biarmipes_G224_prenac,2048,2378,True
2024.10.24_09-18-55_Biarmipes_G224_prenac,2480,2688,True
2024.10.24_09-18-55_Biarmipes_G224_prenac,2690,2692,True
2024.10.24_09-18-55_Biarmipes_G224_prenac,2709,2709,True
2024.10.24_09-18-55_Biarmipes_G224_prenac,2711,2713,True
2024.10.24_09-18-55_Biarmipes_G224_prenac,2715,2721,True
2024.10.24_09-18-55_Biarmipes_G224_prenac,2723,2903,True
2024.10.24_09-18-55_Biarmipes_G224_prenac,3677,3782,True
2024.10.24_09-18-55_Biarmipes_G224_prenac,4983,4984,True
2024.10.24_09-18-55_Biarmipes_G224_prenac,4987,4987,True
2024.10.24_09-18-55_Biarmipes_G224_prenac,4993,4994,True
2024.10.24_09-18-55_Biarmipes_G224_prenac,5002,5002,True
2024.10.24_09-18-55_Biarmipes_G224_prenac,5005,5005,True
2024.10.24_09-18-55_Biarmipes_G224_prenac,5008,5008,True
2024.10.24_09-18-55_Biarmipes_G224_prenac,5010,5010,True
2024.10.24_09-18-55_Biarmipes_G224_prenac,5012,5012,True
2024.10.24_09-18-55_Biarmipes_G224_prenac,5014,5020,True
2024.10.24_09-18-55_Biarmipes_G224_prenac,5023,5023,True
2024.10.24_09-18-55_Biarmipes_G224_prenac,5025,5025,True
2024.10.24_09-18-55_Biarmipes_G224_prenac,5028,5028,True
2024.10.24_09-18-55_Biarmipes_G224_prenac,5031,5031,True
2024.10.24_09-18-55_Biarmipes_G224_prenac,5035,5035,True
2024.10.24_09-18-55_Biarmipes_G224_prenac,5037,5037,True
2024.10.24_09-18-55_Biarmipes_G224_prenac,5039,5044,True
2024.10.24_09-18-55_Biarmipes_G224_prenac,5047,5048,True
2024.10.24_09-18-55_Biarmipes_G224_prenac,5050,5051,True
2024.10.24_09-18-55_Biarmipes_G224_prenac,5053,5053,True
2024.10.24_09-18-55_Biarmipes_G224_prenac,5055,5058,True
2024.10.24_09-18-55_Biarmipes_G224_prenac,5061,5072,True
2024.10.24_09-18-55_Biarmipes_G224_prenac,5075,5087,True
2024.10.24_09-18-55_Biarmipes_G224_prenac,5089,5091,True
2024.10.24_09-18-55_Biarmipes_G224_prenac,5094,5096,True
2024.10.24_09-18-55_Biarmipes_G224_prenac,5098,5098,True
2024.10.24_09-18-55_Biarmipes_G224_prenac,5101,5104,True
2024.10.24_09-18-55_Biarmipes_G224_prenac,5106,5108,True
2024.10.24_09-18-55_Biarmipes_G224_prenac,5110,5112,True
2024.10.24_09-18-55_Biarmipes_G224_prenac,5115,5122,True
2024.10.24_09-18-55_Biarmipes_G224_prenac,5127,5129,True
2024.10.24_09-18-55_Biarmipes_G224_prenac,5131,5135,True
2024.10.24_09-18-55_Biarmipes_G224_prenac,5137,5145,True
2024.10.24_09-18-55_Biarmipes_G224_prenac,5163,5164,True
2024.10.24_09-18-55_Biarmipes_G224_prenac,5345,5345,True
2024.10.24_09-18-55_Biarmipes_G224_prenac,5371,5371,True
2024.10.24_09-18-55_Biarmipes_G224_prenac,5396,5396,True
2024.10.24_09-18-55_Biarmipes_G224_prenac,5408,5409,True
2024.10.24_09-18-55_Biarmipes_G224_prenac,5416,5423,True
2024.10.24_09-18-55_Biarmipes_G224_prenac,5573,5664,True
2024.10.24_09-18-55_Biarmipes_G224_prenac,5666,5676,True
2024.10.24_09-18-55_Biarmipes_G224_prenac,5678,5678,True
2024.10.24_09-18-55_Biarmipes_G224_prenac,5680,5692,True
2024.10.24_09-18-55_Biarmipes_G224_prenac,5695,5745,True
2024.10.24_09-18-55_Biarmipes_G224_prenac,5747,5750,True
2024.10.24_09-18-55_Biarmipes_G224_prenac,5758,5780,True
2024.10.24_09-18-55_Biarmipes_G224_prenac,5782,5785,True
2024.10.24_09-18-55_Biarmipes_G224_prenac,5787,5787,True
2024.10.24_09-18-55_Biarmipes_G224_prenac,5789,5790,True
2024.10.24_09-18-55_Biarmipes_G224_prenac,5795,5820,True
2024.10.24_09-18-55_Biarmipes_G224_prenac,5836,5851,True
2024.10.24_09-18-55_Biarmipes_G224_prenac,5853,5855,True
2024.10.24_09-18-55_Biarmipes_G224_prenac,5882,5897,True
2024.10.24_09-18-55_Biarmipes_G224_prenac,5899,5903,True
2024.10.24_09-18-55_Biarmipes_G224_prenac,5912,5912,True
2024.10.24_09-18-55_Biarmipes_G224_prenac,5914,5914,True
2024.10.24_09-18-55_Biarmipes_G224_prenac,5916,5941,True
2024.10.24_09-18-55_Biarmipes_G224_prenac,5943,5952,True
2024.10.24_09-18-55_Biarmipes_G224_prenac,5955,5955,True
2024.10.24_09-18-55_Biarmipes_G224_prenac,6016,6017,True
2024.10.24_09-18-55_Biarmipes_G224_prenac,6021,6021,True
2024.10.24_09-18-55_Biarmipes_G224_prenac,6023,6026,True
2024.10.24_09-18-55_Biarmipes_G224_prenac,6028,6047,True
2024.10.24_09-18-55_Biarmipes_G224_prenac,6049,6054,True
2024.10.24_09-18-55_Biarmipes_G224_prenac,6056,6060,True
2024.10.24_09-18-55_Biarmipes_G224_prenac,6068,6068,True
2024.10.24_09-18-55_Biarmipes_G224_prenac,6070,6070,True
2024.10.24_09-18-55_Biarmipes_G224_prenac,6074,6076,True
2024.10.24_09-18-55_Biarmipes_G224_prenac,6079,6079,True
2024.10.24_09-18-55_Biarmipes_G224_prenac,6082,6082,True
2024.10.24_09-18-55_Biarmipes_G224_prenac,6085,6085,True
2024.10.24_09-18-55_Biarmipes_G224_prenac,6087,6088,True
2024.10.24_09-18-55_Biarmipes_G224_prenac,6090,6094,True
2024.10.24_09-18-55_Biarmipes_G224_prenac,6096,6096,True
2024.10.24_09-18-55_Biarmipes_G224_prenac,6099,6099,True
2024.10.24_09-18-55_Biarmipes_G224_prenac,6101,6102,True
2024.10.24_09-18-55_Biarmipes_G224_prenac,6107,6108,True
2024.10.24_09-18-55_Biarmipes_G224_prenac,6110,6110,True
2024.10.24_09-18-55_Biarmipes_G224_prenac,6112,6121,True
2024.10.24_09-18-55_Biarmipes_G224_prenac,6123,6124,True
2024.10.24_09-18-55_Biarmipes_G224_prenac,6131,6131,True
2024.10.24_09-18-55_Biarmipes_G224_prenac,6133,6134,True
2024.10.24_09-18-55_Biarmipes_G224_prenac,6136,6141,True
2024.10.24_09-18-55_Biarmipes_G224_prenac,6143,6144,True
2024.10.24_09-18-55_Biarmipes_G224_prenac,6146,6151,True
2024.10.24_09-18-55_Biarmipes_G224_prenac,6153,6155,True
2024.10.24_09-18-55_Biarmipes_G224_prenac,6160,6167,True
2024.10.24_09-18-55_Biarmipes_G224_prenac,6169,6171,True
2024.10.24_09-18-55_Biarmipes_G224_prenac,6173,6179,True
2024.10.24_09-18-55_Biarmipes_G224_prenac,6181,6182,True
2024.10.24_09-18-55_Biarmipes_G224_prenac,6184,6190,True
2024.10.24_09-18-55_Biarmipes_G224_prenac,6192,6192,True
2024.10.24_09-18-55_Biarmipes_G224_prenac,6194,6216,True
2024.10.24_09-18-55_Biarmipes_G224_prenac,6218,6218,True
2024.10.24_09-18-55_Biarmipes_G224_prenac,6220,6222,True
2024.10.24_09-18-55_Biarmipes_G224_prenac,6232,6252,True
2024.10.24_09-18-55_Biarmipes_G224_prenac,6254,6254,True
2024.10.24_09-18-55_Biarmipes_G224_prenac,6260,6266,True
2024.10.24_09-18-55_Biarmipes_G224_prenac,6269,6272,True
2024.10.24_09-18-55_Biarmipes_G224_prenac,6294,6301,True
2024.10.24_09-18-55_Biarmipes_G224_prenac,6303,6304,True
2024.10.24_09-18-55_Biarmipes_G224_prenac,6306,6325,True
2024.10.24_09-18-55_Biarmipes_G224_prenac,6327,6332,True
2024.10.24_09-18-55_Biarmipes_G224_prenac,6340,6340,True
2024.10.24_09-18-55_Biarmipes_G224_prenac,6343,6345,True
2024.10.24_09-18-55_Biarmipes_G224_prenac,6348,6374,True
2024.10.24_09-18-55_Biarmipes_G224_prenac,6376,6376,True
2024.10.24_09-18-55_Biarmipes_G224_prenac,6504,6504,True
2024.10.24_09-18-55_Biarmipes_G224_prenac,6510,6510,True
2024.10.24_09-18-55_Biarmipes_G224_prenac,6512,6534,True
2024.10.24_09-18-55_Biarmipes_G224_prenac,6536,6540,True
2024.10.24_09-18-55_Biarmipes_G224_prenac,6542,6551,True
2024.10.24_09-18-55_Biarmipes_G224_prenac,6553,6555,True
2024.10.24_09-18-55_Biarmipes_G224_prenac,6565,6565,True
2024.10.24_09-18-55_Biarmipes_G224_prenac,6567,6567,True
2024.10.24_09-18-55_Biarmipes_G224_prenac,6569,6570,True
2024.10.24_09-18-55_Biarmipes_G224_prenac,6572,6575,True
2024.10.24_09-18-55_Biarmipes_G224_prenac,6577,6579,True
2024.10.24_09-18-55_Biarmipes_G224_prenac,6582,6582,True
2024.10.24_09-18-55_Biarmipes_G224_prenac,6584,6590,True
2024.10.24_09-18-55_Biarmipes_G224_prenac,6592,6593,True
2024.10.24_09-18-55_Biarmipes_G224_prenac,6638,6638,True
2024.10.24_09-18-55_Biarmipes_G224_prenac,6689,6689,True
2024.10.24_09-18-55_Biarmipes_G224_prenac,6861,6862,True
2024.10.24_09-18-55_Biarmipes_G224_prenac,6906,6909,True
2024.10.24_09-18-55_Biarmipes_G224_prenac,6915,6915,True
2024.10.24_09-18-55_Biarmipes_G224_prenac,7004,7004,True
2024.10.24_09-18-55_Biarmipes_G224_prenac,7087,7087,True
2024.10.24_09-18-55_Biarmipes_G224_prenac,7091,7092,True
2024.10.24_09-18-55_Biarmipes_G224_prenac,7094,7094,True
2024.10.24_09-18-55_Biarmipes_G224_prenac,7096,7096,True
2024.10.24_09-18-55_Biarmipes_G224_prenac,7099,7099,True
2024.10.24_09-18-55_Biarmipes_G224_prenac,7113,7117,True
2024.10.24_09-18-55_Biarmipes_G224_prenac,7144,7151,True
2024.10.24_09-18-55_Biarmipes_G224_prenac,7183,7194,True
2024.10.24_09-18-55_Biarmipes_G224_prenac,7197,7197,True
2024.10.24_09-18-55_Biarmipes_G224_prenac,7201,7211,True
2024.10.24_09-18-55_Biarmipes_G224_prenac,7379,7386,True
2024.10.24_09-18-55_Biarmipes_G224_prenac,7388,7396,True
2024.10.24_09-18-55_Biarmipes_G224_prenac,7398,7404,True
2024.10.24_09-18-55_Biarmipes_G224_prenac,7406,7418,True
2024.10.24_09-18-55_Biarmipes_G224_prenac,7420,7428,True
2024.10.24_09-18-55_Biarmipes_G224_prenac,7430,7433,True
2024.10.24_09-18-55_Biarmipes_G224_prenac,7453,7458,True
2024.10.24_09-18-55_Biarmipes_G224_prenac,7529,7529,True
2024.10.24_09-18-55_Biarmipes_G224_prenac,7536,7537,True
2024.10.24_09-18-55_Biarmipes_G224_prenac,7561,7573,True
2024.10.24_09-18-55_Biarmipes_G224_prenac,7575,7575,True
2024.10.24_09-18-55_Biarmipes_G224_prenac,7577,7577,True
2024.10.24_09-18-55_Biarmipes_G224_prenac,7598,7612,True
2024.10.24_09-18-55_Biarmipes_G224_prenac,7615,7615,True
2024.10.24_09-18-55_Biarmipes_G224_prenac,7618,7618,True
2024.10.24_09-18-55_Biarmipes_G224_prenac,7620,7621,True
2024.10.24_09-18-55_Biarmipes_G224_prenac,7624,7625,True
2024.10.24_09-18-55_Biarmipes_G224_prenac,7627,7628,True
2024.10.24_09-18-55_Biarmipes_G224_prenac,7631,7631,True
2024.10.24_09-18-55_Biarmipes_G224_prenac,7633,7635,True
2024.10.24_09-18-55_Biarmipes_G224_prenac,7644,7655,True
2024.10.24_09-18-55_Biarmipes_G224_prenac,7657,7661,True
2024.10.24_09-18-55_Biarmipes_G224_prenac,7663,7674,True
2024.10.24_09-18-55_Biarmipes_G224_prenac,7676,7680,True
2024.10.24_09-18-55_Biarmipes_G224_prenac,7686,7688,True
2024.10.24_09-18-55_Biarmipes_G224_prenac,7693,7693,True
2024.10.24_09-18-55_Biarmipes_G224_prenac,7695,7695,True
2024.10.24_09-18-55_Biarmipes_G224_prenac,7702,7702,True
2024.10.24_09-18-55_Biarmipes_G224_prenac,7841,7841,True
2024.10.24_09-18-55_Biarmipes_G224_prenac,7900,7901,True
2024.10.24_09-18-55_Biarmipes_G224_prenac,7905,7915,True
2024.10.24_09-18-55_Biarmipes_G224_prenac,7918,7918,True
2024.10.24_09-18-55_Biarmipes_G224_prenac,7922,7923,True
2024.10.24_09-18-55_Biarmipes_G224_prenac,7925,7925,True
2024.10.24_09-18-55_Biarmipes_G224_prenac,7927,7940,True
2024.10.24_09-18-55_Biarmipes_G224_prenac,7943,7944,True
2024.10.24_09-18-55_Biarmipes_G224_prenac,7946,7946,True
2024.10.24_09-18-55_Biarmipes_G224_prenac,7962,7962,True
2024.10.24_09-18-55_Biarmipes_G224_prenac,7965,7965,True
2024.10.24_09-18-55_Biarmipes_G224_prenac,7970,7982,True
2024.10.24_09-18-55_Biarmipes_G224_prenac,7986,7988,True
2024.10.24_09-18-55_Biarmipes_G224_prenac,7991,7993,True
2024.10.24_09-18-55_Biarmipes_G224_prenac,8002,8003,True
2024.10.24_09-18-55_Biarmipes_G224_prenac,8337,8337,True
2024.10.24_09-18-55_Biarmipes_G224_prenac,8343,8351,True
2024.10.24_09-18-55_Biarmipes_G224_prenac,8353,8356,True
2024.10.24_09-18-55_Biarmipes_G224_prenac,8358,8362,True
2024.10.24_09-18-55_Biarmipes_G224_prenac,8364,8367,True
2024.10.24_09-18-55_Biarmipes_G224_prenac,8371,8426,True
2024.10.24_09-18-55_Biarmipes_G224_prenac,8709,8779,True
2024.10.24_09-18-55_Biarmipes_G224_prenac,8783,8784,True
2024.10.24_09-18-55_Biarmipes_G224_prenac,8790,8790,True
2024.10.24_09-18-55_Biarmipes_G224_prenac,8818,8818,True
2024.10.24_09-18-55_Biarmipes_G224_prenac,8841,8841,True
2024.10.15_08-46-20_Biarmipes_G224_1hexanol,1016,2283,True
2024.10.15_08-46-20_Biarmipes_G224_1hexanol,2285,2413,True
2024.10.15_08-46-20_Biarmipes_G224_1hexanol,2415,2673,True
2024.10.15_08-46-20_Biarmipes_G224_1hexanol,2802,2803,True
2024.10.15_08-46-20_Biarmipes_G224_1hexanol,2805,2824,True
2024.10.15_08-46-20_Biarmipes_G224_1hexanol,3559,3900,True
2024.10.15_08-46-20_Biarmipes_G224_1hexanol,3902,3903,True
2024.10.15_08-46-20_Biarmipes_G224_1hexanol,3910,4247,True
2024.10.15_08-46-20_Biarmipes_G224_1hexanol,4319,4591,True
2024.10.15_08-46-20_Biarmipes_G224_1hexanol,4593,4883,True
2024.10.15_08-46-20_Biarmipes_G224_1hexanol,5333,5707,True
2024.10.15_08-46-20_Biarmipes_G224_1hexanol,6400,6602,True
2024.10.15_08-46-20_Biarmipes_G224_1hexanol,6622,6647,True
2024.10.15_08-46-20_Biarmipes_G224_1hexanol,6729,6938,True
2024.10.15_08-46-20_Biarmipes_G224_1hexanol,7493,7494,True
2024.10.15_08-46-20_Biarmipes_G224_1hexanol,7894,8115,True
2024.10.15_08-46-20_Biarmipes_G224_1hexanol,8117,8550,True
2024.10.15_08-46-20_Biarmipes_G224_1hexanol,8669,8669,True
2024.10.15_08-46-20_Biarmipes_G224_1hexanol,8672,8999,True
2024.07.10_16-32-09_CantonS (E-2-Hex),331,331,True
2024.07.10_16-32-09_CantonS (E-2-Hex),1237,1237,True
2024.07.10_16-32-09_CantonS (E-2-Hex),1285,1285,True
2024.07.10_16-32-09_CantonS (E-2-Hex),1310,1310,True
2024.07.10_16-32-09_CantonS (E-2-Hex),1313,1313,True
2024.07.10_16-32-09_CantonS (E-2-Hex),1333,1333,True
2024.07.10_16-32-09_CantonS (E-2-Hex),1359,1359,True
2024.07.10_16-32-09_CantonS (E-2-Hex),1385,1385,True
2024.07.10_16-32-09_CantonS (E-2-Hex),1448,1448,True
2024.07.10_16-32-09_CantonS (E-2-Hex),1567,1567,True
2024.07.10_16-32-09_CantonS (E-2-Hex),1589,1590,True
2024.07.10_16-32-09_CantonS (E-2-Hex),1666,1666,True
2024.07.10_16-32-09_CantonS (E-2-Hex),1668,1668,True
2024.07.10_16-32-09_CantonS (E-2-Hex),1693,1693,True
2024.07.10_16-32-09_CantonS (E-2-Hex),1696,1696,True
2024.07.10_16-32-09_CantonS (E-2-Hex),1699,1699,True
2024.07.10_16-32-09_CantonS (E-2-Hex),1703,1703,True
2024.07.10_16-32-09_CantonS (E-2-Hex),1745,1746,True
2024.12.01_19-22-44_Biarmipes84_prenac,624,1528,True
2024.12.01_19-22-44_Biarmipes84_prenac,1589,1620,True
2024.12.01_19-22-44_Biarmipes84_prenac,1681,1687,True
2024.12.01_19-22-44_Biarmipes84_prenac,3698,3797,True
2024.12.01_19-22-44_Biarmipes84_prenac,3855,5561,True
2024.12.01_19-22-44_Biarmipes84_prenac,5936,5958,True
2024.12.01_19-22-44_Biarmipes84_prenac,6019,6046,True
2024.12.01_19-22-44_Biarmipes84_prenac,6231,6254,True
2024.12.01_19-22-44_Biarmipes84_prenac,6285,6286,True
2024.12.01_19-22-44_Biarmipes84_prenac,6288,6312,True
2024.12.01_19-22-44_Biarmipes84_prenac,6315,6316,True
2024.12.01_19-22-44_Biarmipes84_prenac,6322,6323,True
2024.12.01_19-22-44_Biarmipes84_prenac,6325,6336,True
2024.12.01_19-22-44_Biarmipes84_prenac,6338,6339,True
2024.12.01_19-22-44_Biarmipes84_prenac,6341,6342,True
2024.12.01_19-22-44_Biarmipes84_prenac,6344,6344,True
2024.12.01_19-22-44_Biarmipes84_prenac,6347,6667,True
2024.12.01_19-22-44_Biarmipes84_prenac,6670,6722,True
2024.12.01_19-22-44_Biarmipes84_prenac,6724,6747,True
2024.12.01_19-22-44_Biarmipes84_prenac,6749,6750,True
2024.12.01_19-22-44_Biarmipes84_prenac,6762,6778,True
2024.12.01_19-22-44_Biarmipes84_prenac,6782,6811,True
2024.12.01_19-22-44_Biarmipes84_prenac,6828,6871,True
2024.12.01_19-22-44_Biarmipes84_prenac,6877,6968,True
2024.12.01_19-22-44_Biarmipes84_prenac,6973,7070,True
2024.12.01_19-22-44_Biarmipes84_prenac,7072,7210,True
2024.12.01_19-22-44_Biarmipes84_prenac,7212,7299,True
2024.12.01_19-22-44_Biarmipes84_prenac,7320,7358,True
2024.12.01_19-22-44_Biarmipes84_prenac,7383,7391,True
2024.12.01_19-22-44_Biarmipes84_prenac,7393,7636,True
2024.12.01_19-22-44_Biarmipes84_prenac,8014,8500,True
2024.11.14_20-55-03_Sto_car_e2hex,3,12,True
2024.11.14_20-55-03_Sto_car_e2hex,15,16,True
2024.11.14_20-55-03_Sto_car_e2hex,18,19,True
2024.11.14_20-55-03_Sto_car_e2hex,22,23,True
2024.11.14_20-55-03_Sto_car_e2hex,25,25,True
2024.11.14_20-55-03_Sto_car_e2hex,31,47,True
2024.11.14_20-55-03_Sto_car_e2hex,49,51,True
2024.11.14_20-55-03_Sto_car_e2hex,53,64,True
2024.11.14_20-55-03_Sto_car_e2hex,66,72,True
2024.11.14_20-55-03_Sto_car_e2hex,74,85,True
2024.11.14_20-55-03_Sto_car_e2hex,87,89,True
2024.11.14_20-55-03_Sto_car_e2hex,91,109,True
2024.11.14_20-55-03_Sto_car_e2hex,111,111,True
2024.11.14_20-55-03_Sto_car_e2hex,113,133,True
2024.11.14_20-55-03_Sto_car_e2hex,135,136,True
2024.11.14_20-55-03_Sto_car_e2hex,138,166,True
2024.11.14_20-55-03_Sto_car_e2hex,168,206,True
2024.11.14_20-55-03_Sto_car_e2hex,208,220,True
2024.11.14_20-55-03_Sto_car_e2hex,222,565,True
2024.11.14_20-55-03_Sto_car_e2hex,4282,4304,True
2024.11.14_20-55-03_Sto_car_e2hex,4306,4314,True
2024.11.14_20-55-03_Sto_car_e2hex,4331,4331,True
2024.11.14_20-55-03_Sto_car_e2hex,4353,4353,True
2024.11.14_20-55-03_Sto_car_e2hex,4357,4359,True
2024.11.14_20-55-03_Sto_car_e2hex,4361,4432,True
2024.11.14_20-55-03_Sto_car_e2hex,4434,4435,True
2024.11.14_20-55-03_Sto_car_e2hex,4438,4441,True
2024.11.14_20-55-03_Sto_car_e2hex,4444,4446,True
2024.11.14_20-55-03_Sto_car_e2hex,4449,4449,True
2024.11.14_20-55-03_Sto_car_e2hex,4453,4453,True
2024.11.14_20-55-03_Sto_car_e2hex,4455,4456,True
2024.11.14_20-55-03_Sto_car_e2hex,4458,4458,True
2024.11.14_20-55-03_Sto_car_e2hex,4461,4461,True
2024.11.14_20-55-03_Sto_car_e2hex,4463,4467,True
2024.11.14_20-55-03_Sto_car_e2hex,4469,4469,True
2024.11.14_20-55-03_Sto_car_e2hex,4473,4476,True
2024.11.14_20-55-03_Sto_car_e2hex,4484,4484,True
2024.11.14_20-55-03_Sto_car_e2hex,4490,4492,True
2024.11.14_20-55-03_Sto_car_e2hex,4494,4494,True
2024.11.14_20-55-03_Sto_car_e2hex,4497,4498,True
2024.11.14_20-55-03_Sto_car_e2hex,4500,4508,True
2024.11.14_20-55-03_Sto_car_e2hex,4513,4515,True
2024.11.14_20-55-03_Sto_car_e2hex,4518,4518,True
2024.11.14_20-55-03_Sto_car_e2hex,4520,4520,True
2024.11.14_20-55-03_Sto_car_e2hex,4522,4522,True
2024.11.14_20-55-03_Sto_car_e2hex,4525,4531,True
2024.11.14_20-55-03_Sto_car_e2hex,4533,4541,True
2024.11.14_20-55-03_Sto_car_e2hex,4543,4545,True
2024.11.14_20-55-03_Sto_car_e2hex,4547,7512,True
2024.11.14_20-55-03_Sto_car_e2hex,7514,7831,True
2024.11.05_02-28-29_Yakuba7_e2hex,3,601,True
2024.11.05_02-28-29_Yakuba7_e2hex,2176,3648,True
2024.11.05_02-28-29_Yakuba7_e2hex,5053,6292,True
2024.11.05_02-28-29_Yakuba7_e2hex,7247,7248,True
2024.11.05_02-28-29_Yakuba7_e2hex,7250,7256,True
2024.11.05_02-28-29_Yakuba7_e2hex,7258,7263,True
2024.11.05_02-28-29_Yakuba7_e2hex,7277,7302,True
2024.11.05_02-28-29_Yakuba7_e2hex,7304,7316,True
2024.11.05_02-28-29_Yakuba7_e2hex,7318,8368,True
2024.11.12_06-49-11_Biarmipes_G224_e2hex,1138,3434,True
2024.11.12_06-49-11_Biarmipes_G224_e2hex,3454,3975,True
2024.11.12_06-49-11_Biarmipes_G224_e2hex,4191,4207,True
2024.11.12_06-49-11_Biarmipes_G224_e2hex,4300,4300,True
2024.11.12_06-49-11_Biarmipes_G224_e2hex,4310,4325,True
2024.11.12_06-49-11_Biarmipes_G224_e2hex,4333,4333,True
2024.11.12_06-49-11_Biarmipes_G224_e2hex,4336,4336,True
2024.11.12_06-49-11_Biarmipes_G224_e2hex,4383,4591,True
2024.11.12_06-49-11_Biarmipes_G224_e2hex,4601,4655,True
2024.11.12_06-49-11_Biarmipes_G224_e2hex,4658,4710,True
2024.11.12_06-49-11_Biarmipes_G224_e2hex,4712,4713,True
2024.11.12_06-49-11_Biarmipes_G224_e2hex,4717,4717,True
2024.11.12_06-49-11_Biarmipes_G224_e2hex,4762,4793,True
2024.11.12_06-49-11_Biarmipes_G224_e2hex,4808,4810,True
2024.11.12_06-49-11_Biarmipes_G224_e2hex,4814,4911,True
2024.11.12_06-49-11_Biarmipes_G224_e2hex,4913,4915,True
2024.11.12_06-49-11_Biarmipes_G224_e2hex,4923,5270,True
2024.11.12_06-49-11_Biarmipes_G224_e2hex,5905,6165,True
2024.11.12_06-49-11_Biarmipes_G224_e2hex,6230,6279,True
2024.11.12_06-49-11_Biarmipes_G224_e2hex,6478,6800,True
2024.11.12_06-49-11_Biarmipes_G224_e2hex,7794,8024,True
2024.11.12_06-49-11_Biarmipes_G224_e2hex,8026,8217,True
2024.11.12_06-49-11_Biarmipes_G224_e2hex,8219,8269,True
2024.11.12_06-49-11_Biarmipes_G224_e2hex,8288,8290,True
2024.11.12_06-49-11_Biarmipes_G224_e2hex,8292,8297,True
2024.11.12_06-49-11_Biarmipes_G224_e2hex,8302,8302,True
2024.11.12_06-49-11_Biarmipes_G224_e2hex,8304,8349,True
2024.11.12_06-49-11_Biarmipes_G224_e2hex,8370,8379,True
2024.11.12_06-49-11_Biarmipes_G224_e2hex,8381,8407,True
2024.11.12_06-49-11_Biarmipes_G224_e2hex,8409,8410,True
2024.11.12_06-49-11_Biarmipes_G224_e2hex,8412,8416,True
2024.11.12_06-49-11_Biarmipes_G224_e2hex,8421,8465,True
2024.11.04_05-11-38_Stocago_e2hex,3,280,True
2024.11.04_05-11-38_Stocago_e2hex,1437,1441,True
2024.11.04_05-11-38_Stocago_e2hex,1446,1460,True
2024.11.04_05-11-38_Stocago_e2hex,1484,1485,True
2024.11.04_05-11-38_Stocago_e2hex,1523,1531,True
2024.11.04_05-11-38_Stocago_e2hex,1593,2333,True
2024.11.04_05-11-38_Stocago_e2hex,3050,3057,True
2024.11.04_05-11-38_Stocago_e2hex,3060,3106,True
2024.11.04_05-11-38_Stocago_e2hex,3136,3163,True
2024.11.04_05-11-38_Stocago_e2hex,3263,3263,True
2024.11.04_05-11-38_Stocago_e2hex,3265,3265,True
2024.11.04_05-11-38_Stocago_e2hex,3275,3275,True
2024.11.04_05-11-38_Stocago_e2hex,3278,3292,True
2024.11.04_05-11-38_Stocago_e2hex,3323,3323,True
2024.11.04_05-11-38_Stocago_e2hex,3375,3390,True
2024.11.04_05-11-38_Stocago_e2hex,3469,3505,True
2024.11.04_05-11-38_Stocago_e2hex,3573,3582,True
2024.11.04_05-11-38_Stocago_e2hex,3591,3642,True
2024.11.04_05-11-38_Stocago_e2hex,3676,3676,True
2024.11.04_05-11-38_Stocago_e2hex,3679,3679,True
2024.11.04_05-11-38_Stocago_e2hex,3681,5186,True
2024.11.04_05-11-38_Stocago_e2hex,6110,6668,True
2024.11.04_05-11-38_Stocago_e2hex,6697,6748,True
2024.11.04_05-11-38_Stocago_e2hex,6750,6756,True
2024.11.04_05-11-38_Stocago_e2hex,6762,6864,True
2024.11.04_05-11-38_Stocago_e2hex,6934,6980,True
2024.11.04_05-11-38_Stocago_e2hex,7101,7124,True
2024.11.04_05-11-38_Stocago_e2hex,7152,7191,True
2024.11.04_05-11-38_Stocago_e2hex,7194,7279,True
2024.11.04_05-11-38_Stocago_e2hex,7315,7324,True
2024.11.04_05-11-38_Stocago_e2hex,7326,7327,True
2024.11.04_05-11-38_Stocago_e2hex,7329,7385,True
2024.11.04_05-11-38_Stocago_e2hex,7401,7420,True
2024.11.04_05-11-38_Stocago_e2hex,7422,7422,True
2024.11.04_05-11-38_Stocago_e2hex,7425,7470,True
2024.11.04_05-11-38_Stocago_e2hex,7502,7651,True
2024.11.04_05-11-38_Stocago_e2hex,7655,7655,True
2024.11.04_05-11-38_Stocago_e2hex,7680,7681,True
2024.11.04_05-11-38_Stocago_e2hex,7683,7686,True
2024.11.04_05-11-38_Stocago_e2hex,7688,7688,True
2024.11.25_17-16-46_Sussex_no_odor,2903,2964,True
2024.11.25_17-16-46_Sussex_no_odor,3725,3725,True
2024.11.25_17-16-46_Sussex_no_odor,3729,3729,True
2024.11.25_17-16-46_Sussex_no_odor,3731,3732,True
2024.11.25_17-16-46_Sussex_no_odor,5131,5132,True
2024.11.25_17-16-46_Sussex_no_odor,5136,5137,True
2024.11.25_17-16-46_Sussex_no_odor,5139,5140,True
2024.11.25_17-16-46_Sussex_no_odor,5179,5179,True
2024.11.25_17-16-46_Sussex_no_odor,5189,5189,True
2024.11.25_17-16-46_Sussex_no_odor,5193,5194,True
2024.11.25_17-16-46_Sussex_no_odor,5196,5197,True
2024.11.25_17-16-46_Sussex_no_odor,5199,5200,True
2024.11.25_17-16-46_Sussex_no_odor,5204,7363,True
2024.12.12_19-13-14_Riverside_metben,2301,2313,True
2024.12.12_19-13-14_Riverside_metben,2315,2319,True
2024.12.12_19-13-14_Riverside_metben,2321,2322,True
2024.12.12_19-13-14_Riverside_metben,2324,2325,True
2024.12.12_19-13-14_Riverside_metben,2327,2331,True
2024.12.12_19-13-14_Riverside_metben,2360,2360,True
2024.12.12_19-13-14_Riverside_metben,2362,2362,True
2024.12.12_19-13-14_Riverside_metben,2364,2365,True
2024.12.12_19-13-14_Riverside_metben,2367,2372,True
2024.12.12_19-13-14_Riverside_metben,2374,2374,True
2024.12.12_19-13-14_Riverside_metben,2376,2377,True
2024.12.12_19-13-14_Riverside_metben,2409,2409,True
2024.12.12_19-13-14_Riverside_metben,2434,2437,True
2024.12.12_19-13-14_Riverside_metben,2439,2443,True
2024.12.12_19-13-14_Riverside_metben,2456,2458,True
2024.12.12_19-13-14_Riverside_metben,2460,2460,True
2024.12.12_19-13-14_Riverside_metben,2545,2545,True
2024.12.12_19-13-14_Riverside_metben,2554,2557,True
2024.12.12_19-13-14_Riverside_metben,2685,2785,True
2024.12.12_19-13-14_Riverside_metben,2787,2802,True
2024.12.12_19-13-14_Riverside_metben,2804,2806,True
2024.12.12_19-13-14_Riverside_metben,2808,2818,True
2024.12.12_19-13-14_Riverside_metben,2820,2828,True
2024.12.12_19-13-14_Riverside_metben,2830,2834,True
2024.12.12_19-13-14_Riverside_metben,2836,2837,True
2024.12.12_19-13-14_Riverside_metben,2839,2891,True
2024.12.12_19-13-14_Riverside_metben,2893,2906,True
2024.12.12_19-13-14_Riverside_metben,2908,2930,True
2024.12.12_19-13-14_Riverside_metben,2977,2983,True
2024.12.12_19-13-14_Riverside_metben,3245,3272,True
2024.12.12_19-13-14_Riverside_metben,3281,3281,True
2024.12.12_19-13-14_Riverside_metben,3289,3289,True
2024.12.12_19-13-14_Riverside_metben,3296,3297,True
2024.12.12_19-13-14_Riverside_metben,3304,3305,True
2024.12.12_19-13-14_Riverside_metben,3311,3312,True
2024.12.12_19-13-14_Riverside_metben,3314,3316,True
2024.12.12_19-13-14_Riverside_metben,3319,3319,True
2024.12.12_19-13-14_Riverside_metben,3321,3335,True
2024.12.12_19-13-14_Riverside_metben,3337,3338,True
2024.12.12_19-13-14_Riverside_metben,3340,3340,True
2024.12.12_19-13-14_Riverside_metben,3344,3344,True
2024.12.12_19-13-14_Riverside_metben,3346,3350,True
2024.12.12_19-13-14_Riverside_metben,3353,3357,True
2024.12.12_19-13-14_Riverside_metben,3359,3361,True
2024.12.12_19-13-14_Riverside_metben,3364,3364,True
2024.12.12_19-13-14_Riverside_metben,3367,3367,True
2024.12.12_19-13-14_Riverside_metben,3369,3369,True
2024.12.12_19-13-14_Riverside_metben,3372,3372,True
2024.12.12_19-13-14_Riverside_metben,3377,3379,True
2024.12.12_19-13-14_Riverside_metben,3381,3385,True
2024.12.12_19-13-14_Riverside_metben,3388,3390,True
2024.12.12_19-13-14_Riverside_metben,3392,3405,True
2024.12.12_19-13-14_Riverside_metben,3407,3411,True
2024.12.12_19-13-14_Riverside_metben,3419,3421,True
2024.12.12_19-13-14_Riverside_metben,3425,3426,True
2024.12.12_19-13-14_Riverside_metben,3428,3428,True
2024.12.12_19-13-14_Riverside_metben,3430,3433,True
2024.12.12_19-13-14_Riverside_metben,3436,3436,True
2024.12.12_19-13-14_Riverside_metben,3442,3443,True
2024.12.12_19-13-14_Riverside_metben,3445,3445,True
2024.12.12_19-13-14_Riverside_metben,3450,3459,True
2024.12.12_19-13-14_Riverside_metben,3463,3572,True
2024.12.12_19-13-14_Riverside_metben,3574,3574,True
2024.12.12_19-13-14_Riverside_metben,3576,3586,True
2024.12.12_19-13-14_Riverside_metben,3588,3593,True
2024.12.12_19-13-14_Riverside_metben,3601,3601,True
2024.12.12_19-13-14_Riverside_metben,3606,3609,True
2024.12.12_19-13-14_Riverside_metben,3611,3618,True
2024.12.12_19-13-14_Riverside_metben,3620,3620,True
2024.12.12_19-13-14_Riverside_metben,3623,3623,True
2024.12.12_19-13-14_Riverside_metben,3626,3626,True
2024.12.12_19-13-14_Riverside_metben,3630,3632,True
2024.12.12_19-13-14_Riverside_metben,3635,3635,True
2024.12.12_19-13-14_Riverside_metben,3637,3637,True
2024.12.12_19-13-14_Riverside_metben,3640,3644,True
2024.12.12_19-13-14_Riverside_metben,3648,3648,True
2024.12.12_19-13-14_Riverside_metben,3650,3650,True
2024.12.12_19-13-14_Riverside_metben,3654,3654,True
2024.12.12_19-13-14_Riverside_metben,3657,3657,True
2024.12.12_19-13-14_Riverside_metben,3661,3662,True
2024.12.12_19-13-14_Riverside_metben,3664,3664,True
2024.12.12_19-13-14_Riverside_metben,3666,3666,True
2024.12.12_19-13-14_Riverside_metben,3670,3670,True
2024.12.12_19-13-14_Riverside_metben,3674,3674,True
2024.12.12_19-13-14_Riverside_metben,3676,3678,True
2024.12.12_19-13-14_Riverside_metben,3680,3680,True
2024.12.12_19-13-14_Riverside_metben,3683,3687,True
2024.12.12_19-13-14_Riverside_metben,3691,3691,True
2024.12.12_19-13-14_Riverside_metben,3695,3697,True
2024.12.12_19-13-14_Riverside_metben,3721,3721,True
2024.12.12_19-13-14_Riverside_metben,3726,3726,True
2024.12.12_19-13-14_Riverside_metben,3731,3732,True
2024.12.12_19-13-14_Riverside_metben,3734,3734,True
2024.12.12_19-13-14_Riverside_metben,3736,3736,True
2024.12.12_19-13-14_Riverside_metben,3739,3739,True
2024.12.12_19-13-14_Riverside_metben,3741,3741,True
2024.12.12_19-13-14_Riverside_metben,3743,3743,True
2024.12.12_19-13-14_Riverside_metben,3746,3746,True
2024.12.12_19-13-14_Riverside_metben,3750,3752,True
2024.12.12_19-13-14_Riverside_metben,3755,3756,True
2024.12.12_19-13-14_Riverside_metben,3758,3760,True
2024.12.12_19-13-14_Riverside_metben,3765,3765,True
2024.12.12_19-13-14_Riverside_metben,3770,3771,True
2024.12.12_19-13-14_Riverside_metben,3784,3784,True
2024.12.12_19-13-14_Riverside_metben,3792,3798,True
2024.12.12_19-13-14_Riverside_metben,3803,3805,True
2024.12.12_19-13-14_Riverside_metben,3807,3807,True
2024.12.12_19-13-14_Riverside_metben,3810,3811,True
2024.12.12_19-13-14_Riverside_metben,3817,3817,True
2024.12.12_19-13-14_Riverside_metben,3820,3821,True
2024.12.12_19-13-14_Riverside_metben,3824,3824,True
2024.12.12_19-13-14_Riverside_metben,3827,3827,True
2024.12.12_19-13-14_Riverside_metben,3864,3864,True
2024.12.12_19-13-14_Riverside_metben,3866,3868,True
2024.12.12_19-13-14_Riverside_metben,3882,3884,True
2024.12.12_19-13-14_Riverside_metben,3892,3894,True
2024.12.12_19-13-14_Riverside_metben,3970,3970,True
2024.12.12_19-13-14_Riverside_metben,3977,3978,True
2024.12.12_19-13-14_Riverside_metben,3980,4030,True
2024.12.12_19-13-14_Riverside_metben,4032,5182,True
2024.12.12_19-13-14_Riverside_metben,5184,6527,True
2024.12.12_19-13-14_Riverside_metben,8312,8313,True
2024.12.12_19-13-14_Riverside_metben,8315,8316,True
2024.12.12_19-13-14_Riverside_metben,8318,8318,True
2024.12.12_19-13-14_Riverside_metben,8324,8325,True
2024.12.12_19-13-14_Riverside_metben,8328,8328,True
2024.12.12_19-13-14_Riverside_metben,8332,8332,True
2024.12.12_19-13-14_Riverside_metben,8335,8335,True
2024.12.12_19-13-14_Riverside_metben,8340,8340,True
2024.12.12_19-13-14_Riverside_metben,8344,8348,True
2024.12.12_19-13-14_Riverside_metben,8358,8358,True
2024.12.12_19-13-14_Riverside_metben,8363,8363,True
2024.12.12_19-13-14_Riverside_metben,8365,8365,True
2024.12.12_19-13-14_Riverside_metben,8370,8371,True
2024.12.12_19-13-14_Riverside_metben,8382,8383,True
2024.12.12_19-13-14_Riverside_metben,8390,8394,True
2024.12.12_19-13-14_Riverside_metben,8397,8398,True
2024.12.12_19-13-14_Riverside_metben,8400,8405,True
2024.12.12_19-13-14_Riverside_metben,8407,8412,True
2024.12.12_19-13-14_Riverside_metben,8418,8418,True
2024.12.12_19-13-14_Riverside_metben,8420,8420,True
2024.12.12_19-13-14_Riverside_metben,8422,8424,True
2024.12.12_19-13-14_Riverside_metben,8429,8431,True
2024.12.12_19-13-14_Riverside_metben,8434,8438,True
2024.12.12_19-13-14_Riverside_metben,8442,8447,True
2024.12.12_19-13-14_Riverside_metben,8458,8459,True
2024.12.12_19-13-14_Riverside_metben,8461,8466,True
2024.12.12_19-13-14_Riverside_metben,8469,8471,True
2024.12.12_19-13-14_Riverside_metben,8474,8476,True
2024.12.12_19-13-14_Riverside_metben,8480,8481,True
2024.12.12_19-13-14_Riverside_metben,8485,8487,True
2024.12.12_19-13-14_Riverside_metben,8499,8499,True
2024.12.12_19-13-14_Riverside_metben,8501,8504,True
2024.12.12_19-13-14_Riverside_metben,8506,8508,True
2024.12.12_19-13-14_Riverside_metben,8528,8528,True
2024.12.12_19-13-14_Riverside_metben,8531,8531,True
2024.12.12_19-13-14_Riverside_metben,8533,8533,True
2024.12.12_19-13-14_Riverside_metben,8535,8537,True
2024.12.12_19-13-14_Riverside_metben,8546,8546,True
2024.12.12_19-13-14_Riverside_metben,8548,8555,True
2024.12.12_19-13-14_Riverside_metben,8576,8576,True
2024.12.12_19-13-14_Riverside_metben,8578,8578,True
2024.12.12_19-13-14_Riverside_metben,8582,8584,True
2024.12.12_19-13-14_Riverside_metben,8598,8598,True
2024.12.12_19-13-14_Riverside_metben,8601,8602,True
2024.12.12_19-13-14_Riverside_metben,8604,8606,True
2024.12.12_19-13-14_Riverside_metben,8609,8611,True
2024.12.12_19-13-14_Riverside_metben,8621,8621,True
2024.12.12_19-13-14_Riverside_metben,8623,8623,True
2024.12.12_19-13-14_Riverside_metben,8625,8625,True
2024.12.12_19-13-14_Riverside_metben,8627,8634,True
2024.12.12_19-13-14_Riverside_metben,8636,8640,True
2024.12.12_19-13-14_Riverside_metben,8642,8642,True
2024.12.12_19-13-14_Riverside_metben,8646,8646,True
2024.12.12_19-13-14_Riverside_metben,8648,8650,True
2024.12.12_19-13-14_Riverside_metben,8657,8657,True
2024.12.12_19-13-14_Riverside_metben,8674,8674,True
2024.12.12_19-13-14_Riverside_metben,8685,8688,True
2024.12.12_19-13-14_Riverside_metben,8695,8700,True
2024.12.12_19-13-14_Riverside_metben,8704,8705,True
2024.12.12_19-13-14_Riverside_metben,8726,8726,True
2024.12.12_19-13-14_Riverside_metben,8739,8741,True
2024.12.12_19-13-14_Riverside_metben,8743,8745,True
2024.12.12_19-13-14_Riverside_metben,8747,8748,True
2024.12.12_19-13-14_Riverside_metben,8750,8751,True
2024.12.12_19-13-14_Riverside_metben,8760,8760,True
2024.12.12_19-13-14_Riverside_metben,8763,8767,True
2024.12.12_19-13-14_Riverside_metben,8770,8775,True
2024.12.12_19-13-14_Riverside_metben,8777,8779,True
2024.12.12_19-13-14_Riverside_metben,8783,8787,True
2024.12.12_19-13-14_Riverside_metben,8789,8790,True
2024.12.12_19-13-14_Riverside_metben,8797,8802,True
2024.12.12_19-13-14_Riverside_metben,8809,8809,True
2024.12.12_19-13-14_Riverside_metben,8811,8814,True
2024.12.12_19-06-43_Riverside_no_odor,1541,1541,True
2024.12.12_19-06-43_Riverside_no_odor,1545,1545,True
2024.12.12_19-06-43_Riverside_no_odor,1555,1555,True
2024.12.12_19-06-43_Riverside_no_odor,1581,1581,True
2024.12.12_19-06-43_Riverside_no_odor,1583,1583,True
2024.12.12_19-06-43_Riverside_no_odor,1586,1586,True
2024.12.12_19-06-43_Riverside_no_odor,1588,1597,True
2024.12.12_19-06-43_Riverside_no_odor,1602,1602,True
2024.12.12_19-06-43_Riverside_no_odor,1606,1606,True
2024.12.12_19-06-43_Riverside_no_odor,1609,1611,True
2024.12.12_19-06-43_Riverside_no_odor,1739,1851,True
2024.12.12_19-06-43_Riverside_no_odor,1948,2070,True
2024.12.12_19-06-43_Riverside_no_odor,2072,2122,True
2024.12.12_19-06-43_Riverside_no_odor,2179,2179,True
2024.12.12_19-06-43_Riverside_no_odor,2191,2193,True
2024.12.12_19-06-43_Riverside_no_odor,2197,2202,True
2024.12.12_19-06-43_Riverside_no_odor,2209,2224,True
2024.12.12_19-06-43_Riverside_no_odor,2226,2231,True
2024.12.12_19-06-43_Riverside_no_odor,2235,2235,True
2024.12.12_19-06-43_Riverside_no_odor,2238,2240,True
2024.12.12_19-06-43_Riverside_no_odor,2243,2245,True
2024.12.12_19-06-43_Riverside_no_odor,2249,2251,True
2024.12.12_19-06-43_Riverside_no_odor,2253,2333,True
2024.12.12_19-06-43_Riverside_no_odor,2335,2342,True
2024.12.12_19-06-43_Riverside_no_odor,2344,2354,True
2024.12.12_19-06-43_Riverside_no_odor,2357,2360,True
2024.12.12_19-06-43_Riverside_no_odor,2363,2381,True
2024.12.12_19-06-43_Riverside_no_odor,2383,4030,True
2024.12.12_19-06-43_Riverside_no_odor,4033,4039,True
2024.12.12_19-06-43_Riverside_no_odor,4061,4085,True
2024.12.12_19-06-43_Riverside_no_odor,4087,4087,True
2024.12.12_19-06-43_Riverside_no_odor,4091,4091,True
2024.12.12_19-06-43_Riverside_no_odor,5192,5194,True
2024.12.12_19-06-43_Riverside_no_odor,5196,5204,True
2024.12.12_19-06-43_Riverside_no_odor,5207,5212,True
2024.12.12_19-06-43_Riverside_no_odor,5214,5222,True
2024.12.12_19-06-43_Riverside_no_odor,5224,5224,True
2024.12.12_19-06-43_Riverside_no_odor,5227,5227,True
2024.12.12_19-06-43_Riverside_no_odor,5231,5231,True
2024.12.12_19-06-43_Riverside_no_odor,5233,5233,True
2024.12.12_19-06-43_Riverside_no_odor,5236,5236,True
2024.12.12_19-06-43_Riverside_no_odor,5238,5239,True
2024.12.12_19-06-43_Riverside_no_odor,5246,5246,True
2024.12.12_19-06-43_Riverside_no_odor,5251,5251,True
2024.12.12_19-06-43_Riverside_no_odor,5478,5618,True
2024.12.12_19-06-43_Riverside_no_odor,5620,5665,True
2024.12.12_19-06-43_Riverside_no_odor,5667,5735,True
2024.12.12_19-06-43_Riverside_no_odor,5737,6279,True
2024.12.12_19-06-43_Riverside_no_odor,6713,6716,True
2024.12.12_19-06-43_Riverside_no_odor,6733,6733,True
2024.12.12_19-06-43_Riverside_no_odor,6756,6760,True
2024.12.12_19-06-43_Riverside_no_odor,6765,6765,True
2024.12.12_19-06-43_Riverside_no_odor,6767,6774,True
2024.12.12_19-06-43_Riverside_no_odor,6776,6777,True
2024.12.12_19-06-43_Riverside_no_odor,6782,6795,True
2024.12.12_19-06-43_Riverside_no_odor,6797,6798,True
2024.12.12_19-06-43_Riverside_no_odor,6815,6815,True
2024.12.12_19-06-43_Riverside_no_odor,6819,6819,True
2024.12.12_19-06-43_Riverside_no_odor,6823,6823,True
2024.12.12_19-06-43_Riverside_no_odor,6840,6840,True
2024.12.12_19-06-43_Riverside_no_odor,6909,6912,True
2024.12.12_19-06-43_Riverside_no_odor,6914,6926,True
2024.12.12_19-06-43_Riverside_no_odor,6928,6929,True
2024.12.12_19-06-43_Riverside_no_odor,6932,6933,True
2024.12.12_19-06-43_Riverside_no_odor,6935,6939,True
2024.12.12_19-06-43_Riverside_no_odor,6941,6943,True
2024.12.12_19-06-43_Riverside_no_odor,6945,6946,True
2024.12.12_19-06-43_Riverside_no_odor,6949,6950,True
2024.12.12_19-06-43_Riverside_no_odor,6953,6962,True
2024.12.12_19-06-43_Riverside_no_odor,6964,6971,True
2024.12.12_19-06-43_Riverside_no_odor,6975,7122,True
2024.12.12_19-06-43_Riverside_no_odor,7124,7144,True
2024.12.12_19-06-43_Riverside_no_odor,7148,7152,True
2024.12.12_19-06-43_Riverside_no_odor,7156,7168,True
2024.12.12_19-06-43_Riverside_no_odor,7170,7186,True
2024.12.12_19-06-43_Riverside_no_odor,7188,7193,True
2024.12.12_19-06-43_Riverside_no_odor,7196,7276,True
2024.12.12_19-06-43_Riverside_no_odor,7278,7278,True
2024.12.12_19-06-43_Riverside_no_odor,7280,7326,True
2024.12.12_19-06-43_Riverside_no_odor,7328,7346,True
2024.12.12_19-06-43_Riverside_no_odor,7348,7898,True
2024.12.12_19-06-43_Riverside_no_odor,8260,8289,True
2024.12.12_19-06-43_Riverside_no_odor,8291,8294,True
2024.12.12_19-06-43_Riverside_no_odor,8296,8302,True
2024.12.12_19-06-43_Riverside_no_odor,8327,8970,True
2024.10.28_06-33-08_Stocago_metben,3,1125,True
2024.10.28_06-33-08_Stocago_metben,2354,2405,True
2024.10.28_06-33-08_Stocago_metben,2408,2414,True
2024.10.28_06-33-08_Stocago_metben,2423,2762,True
2024.10.28_06-33-08_Stocago_metben,5378,7889,True
2024.10.28_06-33-08_Stocago_metben,7910,8135,True
2024.10.28_06-33-08_Stocago_metben,8161,8182,True
2024.10.28_06-33-08_Stocago_metben,8184,8190,True
2024.10.28_06-33-08_Stocago_metben,8212,8430,True
2024.10.28_06-33-08_Stocago_metben,8560,8572,True
2024.10.28_06-33-08_Stocago_metben,8668,8669,True
2024.10.28_06-33-08_Stocago_metben,8671,8672,True
2024.10.28_06-33-08_Stocago_metben,8721,8734,True
2024.10.28_06-33-08_Stocago_metben,8738,8743,True
2024.10.28_06-33-08_Stocago_metben,8745,8756,True
2024.10.28_06-33-08_Stocago_metben,8758,8767,True
2024.10.28_06-33-08_Stocago_metben,8769,8941,True
2024.10.28_06-33-08_Stocago_metben,8966,8968,True
2024.10.28_06-33-08_Stocago_metben,8970,8976,True
2024.10.28_06-33-08_Stocago_metben,8978,8978,True
2024.11.12_07-08-45_Biarmipes_G224_e2hex,3,662,True
2024.11.12_07-08-45_Biarmipes_G224_e2hex,872,872,True
2024.11.12_07-08-45_Biarmipes_G224_e2hex,1257,1261,True
2024.11.12_07-08-45_Biarmipes_G224_e2hex,1263,1461,True
2024.11.12_07-08-45_Biarmipes_G224_e2hex,1665,1708,True
2024.11.12_07-08-45_Biarmipes_G224_e2hex,1728,1785,True
2024.11.12_07-08-45_Biarmipes_G224_e2hex,2243,2254,True
2024.11.12_07-08-45_Biarmipes_G224_e2hex,2321,2328,True
2024.11.12_07-08-45_Biarmipes_G224_e2hex,2392,2394,True
2024.11.12_07-08-45_Biarmipes_G224_e2hex,2397,2731,True
2024.11.12_07-08-45_Biarmipes_G224_e2hex,3391,3644,True
2024.11.12_07-08-45_Biarmipes_G224_e2hex,3657,3725,True
2024.11.12_07-08-45_Biarmipes_G224_e2hex,3727,3840,True
2024.11.12_07-08-45_Biarmipes_G224_e2hex,3845,3854,True
2024.11.12_07-08-45_Biarmipes_G224_e2hex,3859,3859,True
2024.11.12_07-08-45_Biarmipes_G224_e2hex,3861,4049,True
2024.11.12_07-08-45_Biarmipes_G224_e2hex,4419,5075,True
2024.11.12_07-08-45_Biarmipes_G224_e2hex,5127,5238,True
2024.11.12_07-08-45_Biarmipes_G224_e2hex,5294,5395,True
2024.11.12_07-08-45_Biarmipes_G224_e2hex,5397,5406,True
2024.11.12_07-08-45_Biarmipes_G224_e2hex,5408,5408,True
2024.11.12_07-08-45_Biarmipes_G224_e2hex,5411,5412,True
2024.11.12_07-08-45_Biarmipes_G224_e2hex,5414,5417,True
2024.11.12_07-08-45_Biarmipes_G224_e2hex,5420,5599,True
2024.11.12_07-08-45_Biarmipes_G224_e2hex,6080,6103,True
2024.11.12_07-08-45_Biarmipes_G224_e2hex,6140,7095,True
2024.11.12_07-08-45_Biarmipes_G224_e2hex,7104,7104,True
2024.11.12_07-08-45_Biarmipes_G224_e2hex,7106,7168,True
2024.11.12_07-08-45_Biarmipes_G224_e2hex,7267,7289,True
2024.11.12_07-08-45_Biarmipes_G224_e2hex,7376,7526,True
2024.11.12_07-08-45_Biarmipes_G224_e2hex,7753,7753,True
2024.11.12_07-08-45_Biarmipes_G224_e2hex,7924,7933,True
2024.11.12_07-08-45_Biarmipes_G224_e2hex,7935,7946,True
2024.11.12_07-08-45_Biarmipes_G224_e2hex,7951,7959,True
2024.10.15_10-05-50_Sto_car_2hexanol,1901,1914,True
2024.10.15_10-05-50_Sto_car_2hexanol,2183,2190,True
2024.10.15_10-05-50_Sto_car_2hexanol,2265,2270,True
2024.10.15_10-05-50_Sto_car_2hexanol,2272,2275,True
2024.10.15_10-05-50_Sto_car_2hexanol,3128,3128,True
2024.10.15_10-05-50_Sto_car_2hexanol,3378,3899,True
2024.10.15_10-05-50_Sto_car_2hexanol,4474,5151,True
2024.10.15_10-05-50_Sto_car_2hexanol,5947,5969,True
2024.10.15_10-05-50_Sto_car_2hexanol,6089,6113,True
2024.10.15_10-05-50_Sto_car_2hexanol,6176,6180,True
2024.10.15_10-05-50_Sto_car_2hexanol,6188,6206,True
2024.10.15_10-05-50_Sto_car_2hexanol,6290,6292,True
2024.10.15_10-05-50_Sto_car_2hexanol,6332,6332,True
2024.10.15_10-05-50_Sto_car_2hexanol,6335,6335,True
2024.10.15_10-05-50_Sto_car_2hexanol,6338,6341,True
2024.10.15_10-05-50_Sto_car_2hexanol,6345,6546,True
2024.10.15_10-05-50_Sto_car_2hexanol,6645,6857,True
2024.10.15_10-05-50_Sto_car_2hexanol,6905,6952,True
2024.10.15_10-05-50_Sto_car_2hexanol,6954,6954,True
2024.10.15_10-05-50_Sto_car_2hexanol,6956,6956,True
2024.10.15_10-05-50_Sto_car_2hexanol,6962,6978,True
2024.10.15_10-05-50_Sto_car_2hexanol,7008,7033,True
2024.10.15_10-05-50_Sto_car_2hexanol,7061,7085,True
2024.10.15_10-05-50_Sto_car_2hexanol,7102,7103,True
2024.10.15_10-05-50_Sto_car_2hexanol,7105,7349,True
2024.10.15_10-05-50_Sto_car_2hexanol,8245,8999,True
2024.10.31_02-01-01_Yakuba_cameroon_metben,1094,2000,True
2024.10.31_02-01-01_Yakuba_cameroon_metben,2002,3400,True
2024.10.31_02-01-01_Yakuba_cameroon_metben,4971,4971,True
2024.10.31_02-01-01_Yakuba_cameroon_metben,4973,4973,True
2024.10.31_02-01-01_Yakuba_cameroon_metben,4980,4980,True
2024.10.31_02-01-01_Yakuba_cameroon_metben,4983,4984,True
2024.10.31_02-01-01_Yakuba_cameroon_metben,4986,6606,True
2024.10.31_02-01-01_Yakuba_cameroon_metben,6866,6914,True
2024.12.18_14-32-53_Riverside_no_odor,3582,3586,True
2024.12.18_14-32-53_Riverside_no_odor,3615,3616,True
2024.12.18_14-32-53_Riverside_no_odor,3642,3642,True
2024.12.18_14-32-53_Riverside_no_odor,3644,3648,True
2024.12.18_14-32-53_Riverside_no_odor,3655,3655,True
2024.12.18_14-32-53_Riverside_no_odor,3665,3666,True
2024.12.18_14-32-53_Riverside_no_odor,3676,3677,True
2024.12.18_14-32-53_Riverside_no_odor,3704,3712,True
2024.12.18_14-32-53_Riverside_no_odor,3724,3725,True
2024.12.18_14-32-53_Riverside_no_odor,3730,3730,True
2024.12.18_14-32-53_Riverside_no_odor,3732,3732,True
2024.12.18_14-32-53_Riverside_no_odor,3738,3738,True
2024.12.18_14-32-53_Riverside_no_odor,3746,3746,True
2024.12.18_14-32-53_Riverside_no_odor,3748,3748,True
2024.12.18_14-32-53_Riverside_no_odor,3750,3750,True
2024.12.18_14-32-53_Riverside_no_odor,3752,3755,True
2024.12.18_14-32-53_Riverside_no_odor,3761,3792,True
2024.12.18_14-32-53_Riverside_no_odor,3794,3794,True
2024.12.18_14-32-53_Riverside_no_odor,3797,3798,True
2024.12.18_14-32-53_Riverside_no_odor,3806,3806,True
2024.12.18_14-32-53_Riverside_no_odor,3808,3808,True
2024.12.18_14-32-53_Riverside_no_odor,3830,3836,True
2024.12.18_14-32-53_Riverside_no_odor,3838,3959,True
2024.12.18_14-32-53_Riverside_no_odor,3961,3961,True
2024.12.18_14-32-53_Riverside_no_odor,3964,3971,True
2024.12.18_14-32-53_Riverside_no_odor,3973,3997,True
2024.12.18_14-32-53_Riverside_no_odor,3999,4004,True
2024.12.18_14-32-53_Riverside_no_odor,4006,4014,True
2024.12.18_14-32-53_Riverside_no_odor,4016,4038,True
2024.12.18_14-32-53_Riverside_no_odor,4040,4077,True
2024.12.18_14-32-53_Riverside_no_odor,4079,5530,True
2024.12.18_14-32-53_Riverside_no_odor,7141,7141,True
2024.12.18_14-32-53_Riverside_no_odor,7144,7144,True
2024.12.18_14-32-53_Riverside_no_odor,7150,7151,True
2024.12.18_14-32-53_Riverside_no_odor,7170,7173,True
2024.12.18_14-32-53_Riverside_no_odor,7207,7215,True
2024.12.18_14-32-53_Riverside_no_odor,7358,7390,True
2024.12.18_14-32-53_Riverside_no_odor,7398,7403,True
2024.12.18_14-32-53_Riverside_no_odor,7414,7414,True
2024.12.18_14-32-53_Riverside_no_odor,7422,7428,True
2024.12.18_14-32-53_Riverside_no_odor,7430,7446,True
2024.12.18_14-32-53_Riverside_no_odor,7448,7449,True
2024.12.18_14-32-53_Riverside_no_odor,7451,7454,True
2024.12.18_14-32-53_Riverside_no_odor,7456,7456,True
2024.12.18_14-32-53_Riverside_no_odor,7459,7461,True
2024.12.18_14-32-53_Riverside_no_odor,7464,7468,True
2024.12.18_14-32-53_Riverside_no_odor,7475,7490,True
2024.12.18_14-32-53_Riverside_no_odor,7525,7526,True
2024.12.18_14-32-53_Riverside_no_odor,7530,7535,True
2024.12.18_14-32-53_Riverside_no_odor,7541,7542,True
2024.12.18_14-32-53_Riverside_no_odor,7554,7554,True
2024.12.18_14-32-53_Riverside_no_odor,7575,7703,True
2024.12.18_14-32-53_Riverside_no_odor,7705,7768,True
2024.12.18_14-32-53_Riverside_no_odor,7770,7871,True
2024.12.18_14-32-53_Riverside_no_odor,7873,8987,True
2024.10.30_09-00-14_Stocago_metben,3,55,True
2024.10.30_09-00-14_Stocago_metben,57,61,True
2024.10.30_09-00-14_Stocago_metben,63,90,True
2024.10.30_09-00-14_Stocago_metben,92,450,True
2024.10.30_09-00-14_Stocago_metben,470,471,True
2024.10.30_09-00-14_Stocago_metben,473,563,True
2024.10.30_09-00-14_Stocago_metben,925,943,True
2024.10.30_09-00-14_Stocago_metben,1163,2848,True
2024.10.30_09-00-14_Stocago_metben,2988,2992,True
2024.10.30_09-00-14_Stocago_metben,3064,3067,True
2024.10.30_09-00-14_Stocago_metben,3078,3083,True
2024.10.30_09-00-14_Stocago_metben,3089,3101,True
2024.10.30_09-00-14_Stocago_metben,3107,3107,True
2024.10.30_09-00-14_Stocago_metben,3110,3113,True
2024.10.30_09-00-14_Stocago_metben,3165,3170,True
2024.10.30_09-00-14_Stocago_metben,3173,3190,True
2024.10.30_09-00-14_Stocago_metben,3259,3613,True
2024.10.30_09-00-14_Stocago_metben,3615,3637,True
2024.10.30_09-00-14_Stocago_metben,3639,3744,True
2024.10.30_09-00-14_Stocago_metben,3776,3785,True
2024.10.30_09-00-14_Stocago_metben,3787,3854,True
2024.10.30_09-00-14_Stocago_metben,3858,4361,True
2024.10.30_09-00-14_Stocago_metben,4379,4379,True
2024.10.30_09-00-14_Stocago_metben,4386,4427,True
2024.10.30_09-00-14_Stocago_metben,4453,4506,True
2024.10.30_09-00-14_Stocago_metben,4595,4683,True
2024.10.30_09-00-14_Stocago_metben,4685,4701,True
2024.10.30_09-00-14_Stocago_metben,4710,5291,True
2024.10.30_09-00-14_Stocago_metben,5293,5293,True
2024.10.30_09-00-14_Stocago_metben,5295,5296,True
2024.10.30_09-00-14_Stocago_metben,5303,5318,True
2024.10.30_09-00-14_Stocago_metben,5320,5340,True
2024.10.30_09-00-14_Stocago_metben,5342,5344,True
2024.10.30_09-00-14_Stocago_metben,5361,5388,True
2024.10.30_09-00-14_Stocago_metben,6184,6197,True
2024.10.30_09-00-14_Stocago_metben,6201,6201,True
2024.10.30_09-00-14_Stocago_metben,6206,6223,True
2024.10.30_09-00-14_Stocago_metben,6254,6278,True
2024.10.30_09-00-14_Stocago_metben,6316,6336,True
2024.10.30_09-00-14_Stocago_metben,6396,6414,True
2024.10.30_09-00-14_Stocago_metben,6847,6856,True
2024.10.30_09-00-14_Stocago_metben,6890,6899,True
2024.10.30_09-00-14_Stocago_metben,6907,6916,True
2024.10.30_09-00-14_Stocago_metben,7025,7053,True
2024.10.30_09-00-14_Stocago_metben,7055,7068,True
2024.10.30_09-00-14_Stocago_metben,7071,7072,True
2024.10.30_09-00-14_Stocago_metben,7074,7086,True
2024.10.30_09-00-14_Stocago_metben,7091,7828,True
2024.10.30_09-00-14_Stocago_metben,7894,7917,True
2024.10.30_09-00-14_Stocago_metben,7940,7968,True
2024.10.30_09-00-14_Stocago_metben,7976,8095,True
2024.10.30_09-00-14_Stocago_metben,8097,8133,True
2024.10.30_09-00-14_Stocago_metben,8136,8136,True
2024.10.30_09-00-14_Stocago_metben,8148,8217,True
2024.10.30_09-00-14_Stocago_metben,8219,8254,True
2024.10.30_09-00-14_Stocago_metben,8281,8684,True
2024.10.30_09-00-14_Stocago_metben,8686,8999,True
2024.09.30_12-01-09_Sussex_no_odor,1000,1137,True
2024.09.30_12-01-09_Sussex_no_odor,1492,1510,True
2024.09.30_12-01-09_Sussex_no_odor,1512,1519,True
2024.09.30_12-01-09_Sussex_no_odor,1717,1723,True
2024.09.30_12-01-09_Sussex_no_odor,1725,1823,True
2024.09.30_12-01-09_Sussex_no_odor,1825,1827,True
2024.09.30_12-01-09_Sussex_no_odor,1829,1829,True
2024.09.30_12-01-09_Sussex_no_odor,1832,1833,True
2024.09.30_12-01-09_Sussex_no_odor,1835,1836,True
2024.09.30_12-01-09_Sussex_no_odor,1840,1844,True
2024.09.30_12-01-09_Sussex_no_odor,1846,1853,True
2024.09.30_12-01-09_Sussex_no_odor,1855,1856,True
2024.09.30_12-01-09_Sussex_no_odor,1859,1868,True
2024.09.30_12-01-09_Sussex_no_odor,1870,1873,True
2024.09.30_12-01-09_Sussex_no_odor,1875,1889,True
2024.09.30_12-01-09_Sussex_no_odor,1891,3484,True
2024.09.30_12-01-09_Sussex_no_odor,3487,3487,True
2024.09.30_12-01-09_Sussex_no_odor,3489,3490,True
2024.09.30_12-01-09_Sussex_no_odor,3492,3492,True
2024.09.30_12-01-09_Sussex_no_odor,3494,3504,True
2024.09.30_12-01-09_Sussex_no_odor,3506,3506,True
2024.09.30_12-01-09_Sussex_no_odor,3508,3508,True
2024.09.30_12-01-09_Sussex_no_odor,3510,3512,True
2024.09.30_12-01-09_Sussex_no_odor,3514,3514,True
2024.09.30_12-01-09_Sussex_no_odor,3518,3518,True
2024.09.30_12-01-09_Sussex_no_odor,3526,3645,True
2024.09.30_12-01-09_Sussex_no_odor,3647,3932,True
2024.09.30_12-01-09_Sussex_no_odor,3934,3936,True
2024.09.30_12-01-09_Sussex_no_odor,3945,4106,True
2024.09.30_12-01-09_Sussex_no_odor,4108,4123,True
2024.09.30_12-01-09_Sussex_no_odor,4127,4165,True
2024.09.30_12-01-09_Sussex_no_odor,4167,4168,True
2024.09.30_12-01-09_Sussex_no_odor,8895,8951,True
2024.09.30_12-42-45_Sussex_no_odor,1304,1308,True
2024.09.30_12-42-45_Sussex_no_odor,1315,1315,True
2024.09.30_12-42-45_Sussex_no_odor,1350,1350,True
2024.09.30_12-42-45_Sussex_no_odor,1374,1375,True
2024.09.30_12-42-45_Sussex_no_odor,1384,1384,True
2024.09.30_12-42-45_Sussex_no_odor,1386,1386,True
2024.09.30_12-42-45_Sussex_no_odor,1389,1389,True
2024.09.30_12-42-45_Sussex_no_odor,1399,1399,True
2024.09.30_12-42-45_Sussex_no_odor,1401,1402,True
2024.09.30_12-42-45_Sussex_no_odor,1409,1410,True
2024.09.30_12-42-45_Sussex_no_odor,1412,1412,True
2024.09.30_12-42-45_Sussex_no_odor,1414,1452,True
2024.09.30_12-42-45_Sussex_no_odor,1454,1575,True
2024.09.30_12-42-45_Sussex_no_odor,1577,2848,True
2024.09.30_12-42-45_Sussex_no_odor,2850,5766,True
2024.09.30_12-42-45_Sussex_no_odor,7721,7721,True
2024.09.30_12-42-45_Sussex_no_odor,7737,7737,True
2024.09.30_12-42-45_Sussex_no_odor,7755,7756,True
2024.09.30_12-42-45_Sussex_no_odor,7761,7762,True
2024.09.30_12-42-45_Sussex_no_odor,7765,7765,True
2024.09.30_12-42-45_Sussex_no_odor,7769,7785,True
2024.09.30_12-42-45_Sussex_no_odor,7942,7942,True
2024.09.30_12-42-45_Sussex_no_odor,7947,7950,True
2024.09.30_12-42-45_Sussex_no_odor,7956,7956,True
2024.09.30_12-42-45_Sussex_no_odor,7959,7959,True
2024.09.30_12-42-45_Sussex_no_odor,7965,7965,True
2024.09.30_12-42-45_Sussex_no_odor,7970,7971,True
2024.09.30_12-42-45_Sussex_no_odor,7977,7978,True
2024.09.30_12-42-45_Sussex_no_odor,7992,7996,True
2024.09.30_12-42-45_Sussex_no_odor,8000,8000,True
2024.09.30_12-42-45_Sussex_no_odor,8002,8002,True
2024.09.30_12-42-45_Sussex_no_odor,8007,8008,True
2024.09.30_12-42-45_Sussex_no_odor,8020,8021,True
2024.09.30_12-42-45_Sussex_no_odor,8025,8025,True
2024.09.30_12-42-45_Sussex_no_odor,8034,8036,True
2024.09.30_12-42-45_Sussex_no_odor,8040,8042,True
2024.09.30_12-42-45_Sussex_no_odor,8046,8047,True
2024.09.30_12-42-45_Sussex_no_odor,8054,8054,True
2024.09.30_12-42-45_Sussex_no_odor,8057,8058,True
2024.09.30_12-42-45_Sussex_no_odor,8066,8067,True
2024.09.30_12-42-45_Sussex_no_odor,8072,8073,True
2024.09.30_12-42-45_Sussex_no_odor,8082,8083,True
2024.09.30_12-42-45_Sussex_no_odor,8093,8098,True
2024.09.30_12-42-45_Sussex_no_odor,8107,8108,True
2024.09.30_12-42-45_Sussex_no_odor,8115,8115,True
2024.09.30_12-42-45_Sussex_no_odor,8120,8121,True
2024.09.30_12-42-45_Sussex_no_odor,8123,8124,True
2024.09.30_12-42-45_Sussex_no_odor,8126,8126,True
2024.09.30_12-42-45_Sussex_no_odor,8131,8132,True
2024.09.30_12-42-45_Sussex_no_odor,8134,8135,True
2024.09.30_12-42-45_Sussex_no_odor,8141,8145,True
2024.09.30_12-42-45_Sussex_no_odor,8148,8148,True
2024.09.30_12-42-45_Sussex_no_odor,8152,8153,True
2024.09.30_12-42-45_Sussex_no_odor,8157,8157,True
2024.09.30_12-42-45_Sussex_no_odor,8164,8164,True
2024.09.30_12-42-45_Sussex_no_odor,8167,8170,True
2024.09.30_12-42-45_Sussex_no_odor,8193,8194,True
2024.09.30_12-42-45_Sussex_no_odor,8204,8204,True
2024.09.30_12-42-45_Sussex_no_odor,8209,8209,True
2024.09.30_12-42-45_Sussex_no_odor,8211,8213,True
2024.09.30_12-42-45_Sussex_no_odor,8215,8216,True
2024.09.30_12-42-45_Sussex_no_odor,8223,8223,True
2024.09.30_12-42-45_Sussex_no_odor,8225,8226,True
2024.09.30_12-42-45_Sussex_no_odor,8236,8239,True
2024.09.30_12-42-45_Sussex_no_odor,8241,8241,True
2024.09.30_12-42-45_Sussex_no_odor,8247,8247,True
2024.09.30_12-42-45_Sussex_no_odor,8250,8250,True
2024.09.30_12-42-45_Sussex_no_odor,8253,8253,True
2024.09.30_12-42-45_Sussex_no_odor,8270,8274,True
2024.09.30_12-42-45_Sussex_no_odor,8276,8276,True
2024.09.30_12-42-45_Sussex_no_odor,8279,8279,True
2024.09.30_12-42-45_Sussex_no_odor,8282,8282,True
2024.09.30_12-42-45_Sussex_no_odor,8288,8288,True
2024.09.30_12-42-45_Sussex_no_odor,8296,8296,True
2024.09.30_12-42-45_Sussex_no_odor,8300,8300,True
2024.09.30_12-42-45_Sussex_no_odor,8304,8304,True
2024.09.30_12-42-45_Sussex_no_odor,8307,8308,True
2024.09.30_12-42-45_Sussex_no_odor,8330,8330,True
2024.09.30_12-42-45_Sussex_no_odor,8341,8347,True
2024.09.30_12-42-45_Sussex_no_odor,8349,8350,True
2024.09.30_12-42-45_Sussex_no_odor,8362,8362,True
2024.09.30_12-42-45_Sussex_no_odor,8430,8430,True
2024.09.30_12-42-45_Sussex_no_odor,8536,8537,True
2024.09.30_12-42-45_Sussex_no_odor,8540,8546,True
2024.09.30_12-42-45_Sussex_no_odor,8548,8555,True
2024.09.30_12-42-45_Sussex_no_odor,8558,8613,True
2024.09.30_12-42-45_Sussex_no_odor,8615,8618,True
2024.09.30_12-42-45_Sussex_no_odor,8620,8623,True
2024.09.30_12-42-45_Sussex_no_odor,8625,8625,True
2024.09.30_12-42-45_Sussex_no_odor,8627,8633,True
2024.10.10_08-41-22_Sto_car_no_odor,3,761,True
2024.10.10_08-41-22_Sto_car_no_odor,807,807,True
2024.10.10_08-41-22_Sto_car_no_odor,809,845,True
2024.10.10_08-41-22_Sto_car_no_odor,847,915,True
2024.10.10_08-41-22_Sto_car_no_odor,1483,2421,True
2024.10.10_08-41-22_Sto_car_no_odor,8315,8327,True
2024.10.10_08-41-22_Sto_car_no_odor,8329,8334,True
2024.10.10_08-41-22_Sto_car_no_odor,8355,8361,True
2024.10.10_08-41-22_Sto_car_no_odor,8370,8370,True
2024.10.10_08-41-22_Sto_car_no_odor,8391,8394,True
2024.10.10_08-41-22_Sto_car_no_odor,8473,8490,True
2024.10.10_08-41-22_Sto_car_no_odor,8492,8492,True
2024.10.10_08-41-22_Sto_car_no_odor,8494,8499,True
2024.10.10_08-41-22_Sto_car_no_odor,8505,8506,True
2024.10.10_08-41-22_Sto_car_no_odor,8550,8550,True
2024.10.10_08-41-22_Sto_car_no_odor,8585,8585,True
2024.10.10_08-41-22_Sto_car_no_odor,8590,8590,True
2024.10.10_08-41-22_Sto_car_no_odor,8592,8592,True
2024.10.10_08-41-22_Sto_car_no_odor,8696,8696,True
2024.10.10_08-41-22_Sto_car_no_odor,8711,8714,True
2024.10.10_08-41-22_Sto_car_no_odor,8740,8740,True
2024.10.10_08-41-22_Sto_car_no_odor,8763,8766,True
2024.10.10_08-41-22_Sto_car_no_odor,8769,8772,True
2024.10.10_08-41-22_Sto_car_no_odor,8778,8778,True
2024.10.10_08-41-22_Sto_car_no_odor,8782,8782,True
2024.10.10_08-41-22_Sto_car_no_odor,8784,8786,True
2024.10.10_08-41-22_Sto_car_no_odor,8789,8792,True
2024.10.10_08-41-22_Sto_car_no_odor,8795,8800,True
2024.10.10_08-41-22_Sto_car_no_odor,8804,8820,True
2024.10.10_08-41-22_Sto_car_no_odor,8822,8833,True
2024.10.10_08-41-22_Sto_car_no_odor,8835,8865,True
2024.10.10_08-41-22_Sto_car_no_odor,8867,8882,True
2024.10.10_08-41-22_Sto_car_no_odor,8884,8884,True
2024.10.10_08-41-22_Sto_car_no_odor,8886,8891,True
2024.10.10_08-41-22_Sto_car_no_odor,8893,8895,True
2024.10.10_08-41-22_Sto_car_no_odor,8897,8912,True
2024.10.10_08-41-22_Sto_car_no_odor,8914,8927,True
2024.10.10_08-41-22_Sto_car_no_odor,8930,8944,True
2024.10.10_08-41-22_Sto_car_no_odor,8946,8949,True
2024.10.10_08-41-22_Sto_car_no_odor,8951,8973,True
2024.10.10_08-41-22_Sto_car_no_odor,8975,8975,True
2024.10.10_08-41-22_Sto_car_no_odor,8977,8982,True
2024.10.10_08-41-22_Sto_car_no_odor,8984,8988,True
2024.10.10_08-41-22_Sto_car_no_odor,8990,8995,True
2024.10.10_08-41-22_Sto_car_no_odor,8997,8998,True
2024.09.30_10-53-30_Stocago_no_odor,481,482,True
2024.09.30_10-53-30_Stocago_no_odor,484,486,True
2024.09.30_10-53-30_Stocago_no_odor,489,493,True
2024.09.30_10-53-30_Stocago_no_odor,496,496,True
2024.09.30_10-53-30_Stocago_no_odor,498,499,True
2024.09.30_10-53-30_Stocago_no_odor,501,512,True
2024.09.30_10-53-30_Stocago_no_odor,517,517,True
2024.09.30_10-53-30_Stocago_no_odor,519,969,True
2024.09.30_10-53-30_Stocago_no_odor,1960,1960,True
2024.09.30_10-53-30_Stocago_no_odor,1974,2278,True
2024.09.30_10-53-30_Stocago_no_odor,2293,2293,True
2024.09.30_10-53-30_Stocago_no_odor,2927,2927,True
2024.09.30_10-53-30_Stocago_no_odor,2929,3690,True
2024.09.30_10-53-30_Stocago_no_odor,5389,7996,True
2024.10.15_08-40-19_Biarmipes_G224_1hexanol,1250,1260,True
2024.10.15_08-40-19_Biarmipes_G224_1hexanol,1268,1282,True
2024.10.15_08-40-19_Biarmipes_G224_1hexanol,1764,3254,True
2024.10.15_08-40-19_Biarmipes_G224_1hexanol,4556,5141,True
2024.10.15_08-40-19_Biarmipes_G224_1hexanol,5192,5206,True
2024.10.15_08-40-19_Biarmipes_G224_1hexanol,5209,5210,True
2024.10.15_08-40-19_Biarmipes_G224_1hexanol,5249,5263,True
2024.10.15_08-40-19_Biarmipes_G224_1hexanol,5268,5268,True
2024.10.15_08-40-19_Biarmipes_G224_1hexanol,5289,5313,True
2024.10.15_08-40-19_Biarmipes_G224_1hexanol,5319,5322,True
2024.10.15_08-40-19_Biarmipes_G224_1hexanol,5327,5513,True
2024.10.15_08-40-19_Biarmipes_G224_1hexanol,6098,6111,True
2024.10.15_08-40-19_Biarmipes_G224_1hexanol,6113,6114,True
2024.10.15_08-40-19_Biarmipes_G224_1hexanol,6160,6217,True
2024.10.15_08-40-19_Biarmipes_G224_1hexanol,6395,6420,True
2024.10.15_08-40-19_Biarmipes_G224_1hexanol,6423,6424,True
2024.10.15_08-40-19_Biarmipes_G224_1hexanol,6442,6454,True
2024.10.15_08-40-19_Biarmipes_G224_1hexanol,6481,6483,True
2024.10.15_08-40-19_Biarmipes_G224_1hexanol,6513,6521,True
2024.10.15_08-40-19_Biarmipes_G224_1hexanol,6534,7114,True
2024.10.15_08-40-19_Biarmipes_G224_1hexanol,7904,8999,True
2024.11.01_07-39-43_Yakuba7_e2hex,1062,1062,True
2024.11.01_07-39-43_Yakuba7_e2hex,1070,1070,True
2024.11.01_07-39-43_Yakuba7_e2hex,1145,1146,True
2024.11.01_07-39-43_Yakuba7_e2hex,1159,1160,True
2024.11.01_07-39-43_Yakuba7_e2hex,1162,2198,True
2024.11.01_07-39-43_Yakuba7_e2hex,2200,2649,True
2024.11.01_07-39-43_Yakuba7_e2hex,4508,4508,True
2024.11.01_07-39-43_Yakuba7_e2hex,4519,4519,True
2024.11.01_07-39-43_Yakuba7_e2hex,4521,4526,True
2024.11.01_07-39-43_Yakuba7_e2hex,4552,4552,True
2024.11.01_07-39-43_Yakuba7_e2hex,4575,4575,True
2024.11.01_07-39-43_Yakuba7_e2hex,4579,4579,True
2024.11.01_07-39-43_Yakuba7_e2hex,4586,4586,True
2024.11.01_07-39-43_Yakuba7_e2hex,4599,4599,True
2024.11.01_07-39-43_Yakuba7_e2hex,4629,4629,True
2024.11.01_07-39-43_Yakuba7_e2hex,4691,4691,True
2024.11.01_07-39-43_Yakuba7_e2hex,4696,4696,True
2024.11.01_07-39-43_Yakuba7_e2hex,4709,4709,True
2024.11.01_07-39-43_Yakuba7_e2hex,4716,4724,True
2024.11.01_07-39-43_Yakuba7_e2hex,4727,4727,True
2024.11.01_07-39-43_Yakuba7_e2hex,4742,4743,True
2024.11.01_07-39-43_Yakuba7_e2hex,4750,4761,True
2024.11.01_07-39-43_Yakuba7_e2hex,4772,4774,True
2024.11.01_07-39-43_Yakuba7_e2hex,4777,4779,True
2024.11.01_07-39-43_Yakuba7_e2hex,4784,4784,True
2024.11.01_07-39-43_Yakuba7_e2hex,4787,4787,True
2024.11.01_07-39-43_Yakuba7_e2hex,4793,4794,True
2024.11.01_07-39-43_Yakuba7_e2hex,4805,4805,True
2024.11.01_07-39-43_Yakuba7_e2hex,4816,4816,True
2024.11.01_07-39-43_Yakuba7_e2hex,4825,4825,True
2024.11.01_07-39-43_Yakuba7_e2hex,4848,4848,True
2024.11.01_07-39-43_Yakuba7_e2hex,4875,4875,True
2024.11.01_07-39-43_Yakuba7_e2hex,5119,5121,True
2024.11.01_07-39-43_Yakuba7_e2hex,5882,5882,True
2024.11.01_07-39-43_Yakuba7_e2hex,5899,5899,True
2024.11.01_07-39-43_Yakuba7_e2hex,5912,5913,True
2024.11.01_07-39-43_Yakuba7_e2hex,5915,5916,True
2024.11.01_07-39-43_Yakuba7_e2hex,5927,5927,True
2024.11.01_07-39-43_Yakuba7_e2hex,5936,5938,True
2024.11.01_07-39-43_Yakuba7_e2hex,5941,5941,True
2024.11.01_07-39-43_Yakuba7_e2hex,5990,5990,True
2024.11.01_07-39-43_Yakuba7_e2hex,6068,6068,True
2024.11.01_07-39-43_Yakuba7_e2hex,6073,6073,True
2024.11.01_07-39-43_Yakuba7_e2hex,6077,6082,True
2024.11.01_07-39-43_Yakuba7_e2hex,6084,6091,True
2024.11.01_07-39-43_Yakuba7_e2hex,6922,6922,True
2024.11.01_07-39-43_Yakuba7_e2hex,6936,6938,True
2024.11.01_07-39-43_Yakuba7_e2hex,6958,6958,True
2024.11.01_07-39-43_Yakuba7_e2hex,6960,6960,True
2024.11.01_07-39-43_Yakuba7_e2hex,6964,6964,True
2024.11.01_07-39-43_Yakuba7_e2hex,6971,6971,True
2024.11.01_07-39-43_Yakuba7_e2hex,6974,6975,True
2024.11.01_07-39-43_Yakuba7_e2hex,7033,7033,True
2024.11.01_07-39-43_Yakuba7_e2hex,7045,7045,True
2024.11.01_07-39-43_Yakuba7_e2hex,7052,7052,True
2024.11.01_07-39-43_Yakuba7_e2hex,7155,7171,True
2024.11.01_07-39-43_Yakuba7_e2hex,7173,7177,True
2024.11.01_07-39-43_Yakuba7_e2hex,7181,7181,True
2024.11.01_07-39-43_Yakuba7_e2hex,7184,7188,True
2024.11.01_07-39-43_Yakuba7_e2hex,7190,7192,True
2024.11.01_07-39-43_Yakuba7_e2hex,7195,7210,True
2024.11.01_07-39-43_Yakuba7_e2hex,7213,7222,True
2024.11.01_07-39-43_Yakuba7_e2hex,7224,7224,True
2024.11.01_07-39-43_Yakuba7_e2hex,7227,7230,True
2024.11.01_07-39-43_Yakuba7_e2hex,7232,7232,True
2024.11.01_07-39-43_Yakuba7_e2hex,7235,7237,True
2024.11.01_07-39-43_Yakuba7_e2hex,7239,7243,True
2024.11.01_07-39-43_Yakuba7_e2hex,7246,7250,True
2024.11.01_07-39-43_Yakuba7_e2hex,7252,7252,True
2024.11.01_07-39-43_Yakuba7_e2hex,7254,7266,True
2024.11.01_07-39-43_Yakuba7_e2hex,7269,7273,True
2024.11.01_07-39-43_Yakuba7_e2hex,7276,7280,True
2024.11.01_07-39-43_Yakuba7_e2hex,7282,7288,True
2024.11.01_07-39-43_Yakuba7_e2hex,7290,7300,True
2024.11.01_07-39-43_Yakuba7_e2hex,7302,7318,True
2024.11.01_07-39-43_Yakuba7_e2hex,7320,7323,True
2024.11.01_07-39-43_Yakuba7_e2hex,7325,7327,True
2024.11.01_07-39-43_Yakuba7_e2hex,7330,7334,True
2024.11.01_07-39-43_Yakuba7_e2hex,7337,7341,True
2024.11.01_07-39-43_Yakuba7_e2hex,7355,7376,True
2024.11.01_07-39-43_Yakuba7_e2hex,7378,7459,True
2024.11.01_07-39-43_Yakuba7_e2hex,7461,8747,True
2024.10.08_10-27-14_Biarmipes_G224_no_odor,3,422,True
2024.10.08_10-27-14_Biarmipes_G224_no_odor,454,454,True
2024.10.08_10-27-14_Biarmipes_G224_no_odor,467,470,True
2024.10.08_10-27-14_Biarmipes_G224_no_odor,874,1269,True
2024.10.08_10-27-14_Biarmipes_G224_no_odor,1271,1287,True
2024.10.08_10-27-14_Biarmipes_G224_no_odor,1289,1290,True
2024.10.08_10-27-14_Biarmipes_G224_no_odor,1853,1853,True
2024.10.08_10-27-14_Biarmipes_G224_no_odor,1855,1858,True
2024.10.08_10-27-14_Biarmipes_G224_no_odor,1860,1884,True
2024.10.08_10-27-14_Biarmipes_G224_no_odor,1886,2072,True
2024.10.08_10-27-14_Biarmipes_G224_no_odor,2074,2079,True
2024.10.08_10-27-14_Biarmipes_G224_no_odor,2081,2090,True
2024.10.08_10-27-14_Biarmipes_G224_no_odor,2105,2106,True
2024.10.08_10-27-14_Biarmipes_G224_no_odor,2108,2113,True
2024.10.08_10-27-14_Biarmipes_G224_no_odor,2117,2300,True
2024.10.08_10-27-14_Biarmipes_G224_no_odor,2893,3138,True
2024.10.08_10-27-14_Biarmipes_G224_no_odor,3140,3157,True
2024.10.08_10-27-14_Biarmipes_G224_no_odor,3162,3554,True
2024.10.08_10-27-14_Biarmipes_G224_no_odor,3963,5119,True
2024.10.08_10-27-14_Biarmipes_G224_no_odor,5338,5339,True
2024.10.08_10-27-14_Biarmipes_G224_no_odor,5343,5378,True
2024.10.08_10-27-14_Biarmipes_G224_no_odor,5384,5416,True
2024.10.08_10-27-14_Biarmipes_G224_no_odor,5418,6253,True
2024.10.04_14-48-37_Biarmipes84_no_odor,1260,1260,True
2024.10.04_14-48-37_Biarmipes84_no_odor,1277,1279,True
2024.10.04_14-48-37_Biarmipes84_no_odor,1284,1284,True
2024.10.04_14-48-37_Biarmipes84_no_odor,1286,1286,True
2024.10.04_14-48-37_Biarmipes84_no_odor,1289,1290,True
2024.10.04_14-48-37_Biarmipes84_no_odor,1295,1298,True
2024.10.04_14-48-37_Biarmipes84_no_odor,1300,1301,True
2024.10.04_14-48-37_Biarmipes84_no_odor,1303,1307,True
2024.10.04_14-48-37_Biarmipes84_no_odor,1309,1314,True
2024.10.04_14-48-37_Biarmipes84_no_odor,1319,1319,True
2024.10.04_14-48-37_Biarmipes84_no_odor,1342,1342,True
2024.10.04_14-48-37_Biarmipes84_no_odor,1351,1365,True
2024.10.04_14-48-37_Biarmipes84_no_odor,1367,1368,True
2024.10.04_14-48-37_Biarmipes84_no_odor,1370,1371,True
2024.10.04_14-48-37_Biarmipes84_no_odor,1374,1374,True
2024.10.04_14-48-37_Biarmipes84_no_odor,1379,1380,True
2024.10.04_14-48-37_Biarmipes84_no_odor,1453,1453,True
2024.10.04_14-48-37_Biarmipes84_no_odor,1457,1457,True
2024.10.04_14-48-37_Biarmipes84_no_odor,1460,1460,True
2024.10.04_14-48-37_Biarmipes84_no_odor,1463,1463,True
2024.10.04_14-48-37_Biarmipes84_no_odor,1470,1470,True
2024.10.04_14-48-37_Biarmipes84_no_odor,1474,1474,True
2024.10.04_14-48-37_Biarmipes84_no_odor,1479,1479,True
2024.10.04_14-48-37_Biarmipes84_no_odor,1484,1486,True
2024.10.04_14-48-37_Biarmipes84_no_odor,1488,1488,True
2024.10.04_14-48-37_Biarmipes84_no_odor,1496,1496,True
2024.10.04_14-48-37_Biarmipes84_no_odor,1498,1499,True
2024.10.04_14-48-37_Biarmipes84_no_odor,1504,1505,True
2024.10.04_14-48-37_Biarmipes84_no_odor,1513,1513,True
2024.10.04_14-48-37_Biarmipes84_no_odor,1516,1517,True
2024.10.04_14-48-37_Biarmipes84_no_odor,1529,1529,True
2024.10.04_14-48-37_Biarmipes84_no_odor,1532,1532,True
2024.10.04_14-48-37_Biarmipes84_no_odor,1539,1540,True
2024.10.04_14-48-37_Biarmipes84_no_odor,1606,1606,True
2024.10.04_14-48-37_Biarmipes84_no_odor,1645,1645,True
2024.10.04_14-48-37_Biarmipes84_no_odor,1658,1659,True
2024.10.04_14-48-37_Biarmipes84_no_odor,1673,1673,True
2024.10.04_14-48-37_Biarmipes84_no_odor,1800,1800,True
2024.10.04_14-48-37_Biarmipes84_no_odor,1807,1807,True
2024.10.04_14-48-37_Biarmipes84_no_odor,1811,1811,True
2024.10.04_14-48-37_Biarmipes84_no_odor,1822,1822,True
2024.10.04_14-48-37_Biarmipes84_no_odor,1825,1826,True
2024.10.04_14-48-37_Biarmipes84_no_odor,1828,1828,True
2024.10.04_14-48-37_Biarmipes84_no_odor,1830,1830,True
2024.10.04_14-48-37_Biarmipes84_no_odor,1832,1834,True
2024.10.04_14-48-37_Biarmipes84_no_odor,1841,1841,True
2024.10.04_14-48-37_Biarmipes84_no_odor,1854,1854,True
2024.10.04_14-48-37_Biarmipes84_no_odor,1865,1866,True
2024.10.04_14-48-37_Biarmipes84_no_odor,1868,1868,True
2024.10.04_14-48-37_Biarmipes84_no_odor,1870,1873,True
2024.10.04_14-48-37_Biarmipes84_no_odor,1877,1877,True
2024.10.04_14-48-37_Biarmipes84_no_odor,1879,1879,True
2024.10.04_14-48-37_Biarmipes84_no_odor,1882,1883,True
2024.10.04_14-48-37_Biarmipes84_no_odor,1886,1888,True
2024.10.04_14-48-37_Biarmipes84_no_odor,1891,1893,True
2024.10.04_14-48-37_Biarmipes84_no_odor,1904,1905,True
2024.10.04_14-48-37_Biarmipes84_no_odor,1915,1915,True
2024.10.04_14-48-37_Biarmipes84_no_odor,1918,1920,True
2024.10.04_14-48-37_Biarmipes84_no_odor,1957,1957,True
2024.10.04_14-48-37_Biarmipes84_no_odor,1968,1968,True
2024.10.04_14-48-37_Biarmipes84_no_odor,2029,2029,True
2024.10.04_14-48-37_Biarmipes84_no_odor,2037,2037,True
2024.10.04_14-48-37_Biarmipes84_no_odor,2048,2048,True
2024.10.04_14-48-37_Biarmipes84_no_odor,2056,2057,True
2024.10.04_14-48-37_Biarmipes84_no_odor,2060,2061,True
2024.10.04_14-48-37_Biarmipes84_no_odor,2063,2063,True
2024.10.04_14-48-37_Biarmipes84_no_odor,2066,2069,True
2024.10.04_14-48-37_Biarmipes84_no_odor,2071,2072,True
2024.10.04_14-48-37_Biarmipes84_no_odor,2074,2085,True
2024.10.04_14-48-37_Biarmipes84_no_odor,2087,2093,True
2024.10.04_14-48-37_Biarmipes84_no_odor,2322,2323,True
2024.10.04_14-48-37_Biarmipes84_no_odor,2325,2341,True
2024.10.04_14-48-37_Biarmipes84_no_odor,2343,2359,True
2024.10.04_14-48-37_Biarmipes84_no_odor,2361,2363,True
2024.10.04_14-48-37_Biarmipes84_no_odor,2365,2386,True
2024.10.04_14-48-37_Biarmipes84_no_odor,2393,2444,True
2024.10.04_14-48-37_Biarmipes84_no_odor,2446,2446,True
2024.10.04_14-48-37_Biarmipes84_no_odor,2448,2469,True
2024.10.04_14-48-37_Biarmipes84_no_odor,2662,2752,True
2024.10.04_14-48-37_Biarmipes84_no_odor,2754,2781,True
2024.10.04_14-48-37_Biarmipes84_no_odor,2932,2932,True
2024.10.04_14-48-37_Biarmipes84_no_odor,3277,3279,True
2024.10.04_14-48-37_Biarmipes84_no_odor,3451,3451,True
2024.10.04_14-48-37_Biarmipes84_no_odor,4000,4040,True
2024.10.04_14-48-37_Biarmipes84_no_odor,4043,4070,True
2024.10.04_14-48-37_Biarmipes84_no_odor,4072,4077,True
2024.10.04_14-48-37_Biarmipes84_no_odor,4081,4090,True
2024.10.04_14-48-37_Biarmipes84_no_odor,4092,4093,True
2024.10.04_14-48-37_Biarmipes84_no_odor,4096,4096,True
2024.10.04_14-48-37_Biarmipes84_no_odor,4109,4110,True
2024.10.04_14-48-37_Biarmipes84_no_odor,4112,4113,True
2024.10.04_14-48-37_Biarmipes84_no_odor,4117,4125,True
2024.10.04_14-48-37_Biarmipes84_no_odor,4127,4130,True
2024.10.04_14-48-37_Biarmipes84_no_odor,4132,4138,True
2024.10.04_14-48-37_Biarmipes84_no_odor,4141,4142,True
2024.10.04_14-48-37_Biarmipes84_no_odor,4145,4146,True
2024.10.04_14-48-37_Biarmipes84_no_odor,4148,4148,True
2024.10.04_14-48-37_Biarmipes84_no_odor,4151,4152,True
2024.10.04_14-48-37_Biarmipes84_no_odor,4154,4156,True
2024.10.04_14-48-37_Biarmipes84_no_odor,4159,4159,True
2024.10.04_14-48-37_Biarmipes84_no_odor,4162,4171,True
2024.10.04_14-48-37_Biarmipes84_no_odor,4173,4181,True
2024.10.04_14-48-37_Biarmipes84_no_odor,4183,4186,True
2024.10.04_14-48-37_Biarmipes84_no_odor,4188,4194,True
2024.10.04_14-48-37_Biarmipes84_no_odor,4196,4201,True
2024.10.04_14-48-37_Biarmipes84_no_odor,4203,4207,True
2024.10.04_14-48-37_Biarmipes84_no_odor,4209,4212,True
2024.10.04_14-48-37_Biarmipes84_no_odor,4214,4223,True
2024.10.04_14-48-37_Biarmipes84_no_odor,4225,4228,True
2024.10.04_14-48-37_Biarmipes84_no_odor,4230,4237,True
2024.10.04_14-48-37_Biarmipes84_no_odor,4239,4246,True
2024.10.04_14-48-37_Biarmipes84_no_odor,4248,4255,True
2024.10.04_14-48-37_Biarmipes84_no_odor,4257,4265,True
2024.10.04_14-48-37_Biarmipes84_no_odor,4267,4281,True
2024.10.04_14-48-37_Biarmipes84_no_odor,4284,4291,True
2024.10.04_14-48-37_Biarmipes84_no_odor,4294,4747,True
2024.10.04_14-48-37_Biarmipes84_no_odor,4749,4798,True
2024.10.04_14-48-37_Biarmipes84_no_odor,4800,6354,True
2024.10.04_14-48-37_Biarmipes84_no_odor,7336,7336,True
2024.10.04_14-48-37_Biarmipes84_no_odor,7339,7340,True
2024.10.04_14-48-37_Biarmipes84_no_odor,7342,7342,True
2024.10.04_14-48-37_Biarmipes84_no_odor,7344,7344,True
2024.10.04_14-48-37_Biarmipes84_no_odor,7346,7346,True
2024.10.04_14-48-37_Biarmipes84_no_odor,7348,7351,True
2024.10.04_14-48-37_Biarmipes84_no_odor,7371,7387,True
2024.10.04_14-48-37_Biarmipes84_no_odor,7390,7394,True
2024.10.04_14-48-37_Biarmipes84_no_odor,7396,7400,True
2024.10.04_14-48-37_Biarmipes84_no_odor,7402,7403,True
2024.10.04_14-48-37_Biarmipes84_no_odor,7405,7407,True
2024.10.04_14-48-37_Biarmipes84_no_odor,7412,7424,True
2024.10.04_14-48-37_Biarmipes84_no_odor,7427,7431,True
2024.10.04_14-48-37_Biarmipes84_no_odor,7433,7442,True
2024.10.04_14-48-37_Biarmipes84_no_odor,7444,7444,True
2024.10.04_14-48-37_Biarmipes84_no_odor,7446,7462,True
2024.10.04_14-48-37_Biarmipes84_no_odor,7464,7476,True
2024.10.04_14-48-37_Biarmipes84_no_odor,7478,7490,True
2024.10.04_14-48-37_Biarmipes84_no_odor,7492,7535,True
2024.10.04_14-48-37_Biarmipes84_no_odor,7544,7556,True
2024.10.04_14-48-37_Biarmipes84_no_odor,7569,7570,True
2024.10.04_14-48-37_Biarmipes84_no_odor,7595,7595,True
2024.10.04_14-48-37_Biarmipes84_no_odor,7621,7623,True
2024.10.04_14-48-37_Biarmipes84_no_odor,7625,7625,True
2024.10.04_14-48-37_Biarmipes84_no_odor,7627,7630,True
2024.10.04_14-48-37_Biarmipes84_no_odor,7635,7635,True
2024.10.04_14-48-37_Biarmipes84_no_odor,7639,7639,True
2024.10.04_14-48-37_Biarmipes84_no_odor,7641,7641,True
2024.10.04_14-48-37_Biarmipes84_no_odor,7646,7646,True
2024.10.04_14-48-37_Biarmipes84_no_odor,7648,7650,True
2024.10.04_14-48-37_Biarmipes84_no_odor,7655,7655,True
2024.10.04_14-48-37_Biarmipes84_no_odor,7658,7658,True
2024.10.04_14-48-37_Biarmipes84_no_odor,7660,7662,True
2024.10.04_14-48-37_Biarmipes84_no_odor,7664,7664,True
2024.10.04_14-48-37_Biarmipes84_no_odor,7676,7676,True
2024.10.04_14-48-37_Biarmipes84_no_odor,7678,7679,True
2024.10.04_14-48-37_Biarmipes84_no_odor,7688,7689,True
2024.10.04_14-48-37_Biarmipes84_no_odor,7698,7698,True
2024.10.04_14-48-37_Biarmipes84_no_odor,7702,7702,True
2024.10.04_14-48-37_Biarmipes84_no_odor,7717,7717,True
2024.10.04_14-48-37_Biarmipes84_no_odor,7722,7723,True
2024.10.04_14-48-37_Biarmipes84_no_odor,7727,7727,True
2024.10.04_14-48-37_Biarmipes84_no_odor,7739,7739,True
2024.10.04_14-48-37_Biarmipes84_no_odor,7753,7754,True
2024.10.04_14-48-37_Biarmipes84_no_odor,7757,7759,True
2024.10.04_14-48-37_Biarmipes84_no_odor,7764,7766,True
2024.10.04_14-48-37_Biarmipes84_no_odor,7772,7774,True
2024.10.04_14-48-37_Biarmipes84_no_odor,7786,7786,True
2024.10.04_14-48-37_Biarmipes84_no_odor,7790,7794,True
2024.10.04_14-48-37_Biarmipes84_no_odor,7796,7812,True
2024.10.04_14-48-37_Biarmipes84_no_odor,7814,7820,True
2024.10.04_14-48-37_Biarmipes84_no_odor,7822,7842,True
2024.10.04_14-48-37_Biarmipes84_no_odor,7844,7844,True
2024.10.04_14-48-37_Biarmipes84_no_odor,7847,7856,True
2024.10.04_14-48-37_Biarmipes84_no_odor,7861,7862,True
2024.10.04_14-48-37_Biarmipes84_no_odor,7874,7875,True
2024.10.04_14-48-37_Biarmipes84_no_odor,7883,7887,True
2024.10.04_14-48-37_Biarmipes84_no_odor,7892,7892,True
2024.10.04_14-48-37_Biarmipes84_no_odor,7906,7906,True
2024.10.04_14-48-37_Biarmipes84_no_odor,7909,7909,True
2024.10.04_14-48-37_Biarmipes84_no_odor,7913,7913,True
2024.10.04_14-48-37_Biarmipes84_no_odor,7917,7917,True
2024.10.04_14-48-37_Biarmipes84_no_odor,7928,7928,True
2024.10.04_14-48-37_Biarmipes84_no_odor,7931,7931,True
2024.10.04_14-48-37_Biarmipes84_no_odor,7935,7935,True
2024.10.04_14-48-37_Biarmipes84_no_odor,7940,7940,True
2024.10.04_14-48-37_Biarmipes84_no_odor,7962,7971,True
2024.10.04_14-48-37_Biarmipes84_no_odor,7977,7977,True
2024.10.04_14-48-37_Biarmipes84_no_odor,7982,7982,True
2024.10.04_14-48-37_Biarmipes84_no_odor,7985,7985,True
2024.10.04_14-48-37_Biarmipes84_no_odor,7994,7994,True
2024.10.04_14-48-37_Biarmipes84_no_odor,8000,8000,True
2024.10.04_14-48-37_Biarmipes84_no_odor,8002,8002,True
2024.10.04_14-48-37_Biarmipes84_no_odor,8020,8020,True
2024.10.04_14-48-37_Biarmipes84_no_odor,8038,8045,True
2024.10.04_14-48-37_Biarmipes84_no_odor,8050,8052,True
2024.10.04_14-48-37_Biarmipes84_no_odor,8054,8074,True
2024.10.04_14-48-37_Biarmipes84_no_odor,8076,8090,True
2024.10.04_14-48-37_Biarmipes84_no_odor,8092,8126,True
2024.10.04_14-48-37_Biarmipes84_no_odor,8129,8129,True
2024.10.04_14-48-37_Biarmipes84_no_odor,8131,8174,True
2024.10.04_14-48-37_Biarmipes84_no_odor,8186,8188,True
2024.10.04_14-48-37_Biarmipes84_no_odor,8192,8193,True
2024.10.04_14-48-37_Biarmipes84_no_odor,8196,8198,True
2024.10.04_14-48-37_Biarmipes84_no_odor,8201,8208,True
2024.10.04_14-48-37_Biarmipes84_no_odor,8215,8215,True
2024.10.04_14-48-37_Biarmipes84_no_odor,8222,8222,True
2024.10.04_14-48-37_Biarmipes84_no_odor,8234,8234,True
2024.10.04_14-48-37_Biarmipes84_no_odor,8443,8463,True
2024.10.04_14-48-37_Biarmipes84_no_odor,8493,8500,True
2024.10.28_07-03-50_stocago_metben,2086,2107,True
2024.10.28_07-03-50_stocago_metben,2626,2906,True
2024.10.28_07-03-50_stocago_metben,3814,4463,True
2024.10.28_07-03-50_stocago_metben,4466,4873,True
2024.10.28_07-03-50_stocago_metben,4878,4878,True
2024.10.28_07-03-50_stocago_metben,4880,5092,True
2024.10.28_07-03-50_stocago_metben,5097,5417,True
2024.10.28_07-03-50_stocago_metben,5436,5443,True
2024.10.28_07-03-50_stocago_metben,5479,6242,True
2024.10.28_07-03-50_stocago_metben,7559,7559,True
2024.10.28_07-03-50_stocago_metben,7571,8116,True
2024.10.28_07-03-50_stocago_metben,8230,8345,True
2024.10.28_07-03-50_stocago_metben,8377,8411,True
2024.10.28_07-03-50_stocago_metben,8645,8650,True
2024.10.28_07-03-50_stocago_metben,8653,8713,True
2024.10.28_07-03-50_stocago_metben,8716,8721,True
2024.10.28_07-03-50_stocago_metben,8723,8723,True
2024.10.28_07-03-50_stocago_metben,8725,8791,True
2024.10.28_07-03-50_stocago_metben,8803,8851,True
2024.07.05_12-17-09_CantonS (no odor),2007,2007,True
2024.07.05_12-17-09_CantonS (no odor),2016,2017,True
2024.07.05_12-17-09_CantonS (no odor),2025,2025,True
2024.07.05_12-17-09_CantonS (no odor),2028,2031,True
2024.07.05_12-17-09_CantonS (no odor),2061,2413,True
2024.07.05_12-17-09_CantonS (no odor),2422,2422,True
2024.07.05_12-17-09_CantonS (no odor),2437,2437,True
2024.07.05_12-17-09_CantonS (no odor),2448,2448,True
2024.07.05_12-17-09_CantonS (no odor),2451,2451,True
2024.07.05_12-17-09_CantonS (no odor),2460,2461,True
2024.07.05_12-17-09_CantonS (no odor),2488,2488,True
2024.07.05_12-17-09_CantonS (no odor),2494,2494,True
2024.07.05_12-17-09_CantonS (no odor),3187,3210,True
2024.07.05_12-17-09_CantonS (no odor),3237,3815,True
2024.07.05_12-17-09_CantonS (no odor),3840,3840,True
2024.07.05_12-17-09_CantonS (no odor),3857,3857,True
2024.07.05_12-17-09_CantonS (no odor),4075,4083,True
2024.07.05_12-17-09_CantonS (no odor),4092,4093,True
2024.07.05_12-17-09_CantonS (no odor),4096,4096,True
2024.07.05_12-17-09_CantonS (no odor),4099,4101,True
2024.07.05_12-17-09_CantonS (no odor),5523,5528,True
2024.07.05_12-17-09_CantonS (no odor),5538,5540,True
2024.07.05_12-17-09_CantonS (no odor),5568,7508,True
2024.07.05_12-17-09_CantonS (no odor),7645,8205,True
2024.07.05_12-17-09_CantonS (no odor),8207,8223,True
2024.10.03_10-52-43_CantonS_metbut,75,2103,True
2024.10.03_10-52-43_CantonS_metbut,2199,3277,True
2024.10.03_10-52-43_CantonS_metbut,3280,4263,True
2024.10.03_10-52-43_CantonS_metbut,4265,4300,True
2024.10.03_10-52-43_CantonS_metbut,4302,4337,True
2024.10.03_10-52-43_CantonS_metbut,4348,4350,True
2024.10.03_10-52-43_CantonS_metbut,4353,4360,True
2024.10.03_10-52-43_CantonS_metbut,5623,5763,True
2024.10.03_10-52-43_CantonS_metbut,5765,5779,True
2024.10.03_10-52-43_CantonS_metbut,5782,5782,True
2024.10.03_10-52-43_CantonS_metbut,5784,5784,True
2024.10.03_10-52-43_CantonS_metbut,5807,5808,True
2024.10.03_10-52-43_CantonS_metbut,5810,6449,True
2025.03.07_08-09-39_CantonS_metbut,3,877,True
2025.03.07_08-09-39_CantonS_metbut,2291,2800,True
2025.03.07_08-09-39_CantonS_metbut,2833,2932,True
2025.03.07_08-09-39_CantonS_metbut,2936,2936,True
2025.03.07_08-09-39_CantonS_metbut,2939,3350,True
2025.03.07_08-09-39_CantonS_metbut,3823,4469,True
2025.03.07_08-09-39_CantonS_metbut,4846,5693,True
2025.03.07_08-09-39_CantonS_metbut,6747,6965,True
2025.03.07_08-09-39_CantonS_metbut,7279,7281,True
2025.03.07_08-09-39_CantonS_metbut,7286,7299,True
2025.03.07_08-09-39_CantonS_metbut,7360,7367,True
2025.03.07_08-09-39_CantonS_metbut,7369,7369,True
2025.03.07_08-09-39_CantonS_metbut,7371,7378,True
2025.03.07_08-09-39_CantonS_metbut,7380,8220,True
2024.10.03_10-27-18_Sto_car_no_odor,3,5,True
2024.10.03_10-27-18_Sto_car_no_odor,7,18,True
2024.10.03_10-27-18_Sto_car_no_odor,20,67,True
2024.10.03_10-27-18_Sto_car_no_odor,69,203,True
2024.10.03_10-27-18_Sto_car_no_odor,205,206,True
2024.10.03_10-27-18_Sto_car_no_odor,208,214,True
2024.10.03_10-27-18_Sto_car_no_odor,216,216,True
2024.10.03_10-27-18_Sto_car_no_odor,219,219,True
2024.10.03_10-27-18_Sto_car_no_odor,221,221,True
2024.10.03_10-27-18_Sto_car_no_odor,224,224,True
2024.10.03_10-27-18_Sto_car_no_odor,227,227,True
2024.10.03_10-27-18_Sto_car_no_odor,234,234,True
2024.10.03_10-27-18_Sto_car_no_odor,238,239,True
2024.10.03_10-27-18_Sto_car_no_odor,242,242,True
2024.10.03_10-27-18_Sto_car_no_odor,247,247,True
2024.10.03_10-27-18_Sto_car_no_odor,249,249,True
2024.10.03_10-27-18_Sto_car_no_odor,251,253,True
2024.10.03_10-27-18_Sto_car_no_odor,255,255,True
2024.10.03_10-27-18_Sto_car_no_odor,257,257,True
2024.10.03_10-27-18_Sto_car_no_odor,259,264,True
2024.10.03_10-27-18_Sto_car_no_odor,266,267,True
2024.10.03_10-27-18_Sto_car_no_odor,269,273,True
2024.10.03_10-27-18_Sto_car_no_odor,276,286,True
2024.10.03_10-27-18_Sto_car_no_odor,288,288,True
2024.10.03_10-27-18_Sto_car_no_odor,291,295,True
2024.10.03_10-27-18_Sto_car_no_odor,297,305,True
2024.10.03_10-27-18_Sto_car_no_odor,307,317,True
2024.10.03_10-27-18_Sto_car_no_odor,319,324,True
2024.10.03_10-27-18_Sto_car_no_odor,326,329,True
2024.10.03_10-27-18_Sto_car_no_odor,331,332,True
2024.10.03_10-27-18_Sto_car_no_odor,334,334,True
2024.10.03_10-27-18_Sto_car_no_odor,336,365,True
2024.10.03_10-27-18_Sto_car_no_odor,367,582,True
2024.10.03_10-27-18_Sto_car_no_odor,586,586,True
2024.10.03_10-27-18_Sto_car_no_odor,624,624,True
2024.10.03_10-27-18_Sto_car_no_odor,626,628,True
2024.10.03_10-27-18_Sto_car_no_odor,630,630,True
2024.10.03_10-27-18_Sto_car_no_odor,633,633,True
2024.10.03_10-27-18_Sto_car_no_odor,640,640,True
2024.10.03_10-27-18_Sto_car_no_odor,647,648,True
2024.10.03_10-27-18_Sto_car_no_odor,666,666,True
2024.10.03_10-27-18_Sto_car_no_odor,669,670,True
2024.10.03_10-27-18_Sto_car_no_odor,672,673,True
2024.10.03_10-27-18_Sto_car_no_odor,675,681,True
2024.10.03_10-27-18_Sto_car_no_odor,3428,3429,True
2024.10.03_10-27-18_Sto_car_no_odor,3434,3435,True
2024.10.03_10-27-18_Sto_car_no_odor,3437,3442,True
2024.10.03_10-27-18_Sto_car_no_odor,3444,3445,True
2024.10.03_10-27-18_Sto_car_no_odor,3448,3453,True
2024.10.03_10-27-18_Sto_car_no_odor,3455,3456,True
2024.10.03_10-27-18_Sto_car_no_odor,3458,3508,True
2024.10.03_10-27-18_Sto_car_no_odor,3635,3658,True
2024.10.03_10-27-18_Sto_car_no_odor,3662,3662,True
2024.10.03_10-27-18_Sto_car_no_odor,3664,3665,True
2024.10.03_10-27-18_Sto_car_no_odor,3667,3720,True
2024.10.03_10-27-18_Sto_car_no_odor,3756,3902,True
2024.10.03_10-27-18_Sto_car_no_odor,3975,3997,True
2024.10.03_10-27-18_Sto_car_no_odor,4067,4067,True
2024.10.03_10-27-18_Sto_car_no_odor,4873,5146,True
2024.10.03_10-27-18_Sto_car_no_odor,5148,5868,True
2024.10.03_10-27-18_Sto_car_no_odor,6962,6962,True
2024.10.03_10-27-18_Sto_car_no_odor,6982,6983,True
2024.10.03_10-27-18_Sto_car_no_odor,6986,8999,True
2024.09.25_16-11-57_Sto_cago_no_odor,1505,1586,True
2024.09.25_16-11-57_Sto_cago_no_odor,1588,2404,True
2024.09.25_16-11-57_Sto_cago_no_odor,2406,2407,True
2024.09.25_16-11-57_Sto_cago_no_odor,2412,2413,True
2024.09.25_16-11-57_Sto_cago_no_odor,2416,2416,True
2024.09.25_16-11-57_Sto_cago_no_odor,2420,2420,True
2024.09.25_16-11-57_Sto_cago_no_odor,2425,2426,True
2024.09.25_16-11-57_Sto_cago_no_odor,2428,4508,True
2024.09.30_11-54-59_Sussex_no_odor,5164,5215,True
2024.09.30_11-54-59_Sussex_no_odor,5217,5235,True
2024.09.30_11-54-59_Sussex_no_odor,5445,5489,True
2024.09.30_11-54-59_Sussex_no_odor,5491,5494,True
2024.09.30_11-54-59_Sussex_no_odor,5496,5496,True
2024.09.30_11-54-59_Sussex_no_odor,5499,5499,True
2024.09.30_11-54-59_Sussex_no_odor,5501,5501,True
2024.09.30_11-54-59_Sussex_no_odor,5503,5503,True
2024.09.30_11-54-59_Sussex_no_odor,5538,5538,True
2024.09.30_11-54-59_Sussex_no_odor,5540,5541,True
2024.09.30_11-54-59_Sussex_no_odor,5543,5570,True
2024.09.30_11-54-59_Sussex_no_odor,5572,5572,True
2024.09.30_11-54-59_Sussex_no_odor,5574,5578,True
2024.09.30_11-54-59_Sussex_no_odor,5580,5581,True
2024.09.30_11-54-59_Sussex_no_odor,5583,6616,True
2024.09.30_11-54-59_Sussex_no_odor,7123,7125,True
2024.09.30_11-54-59_Sussex_no_odor,7127,7129,True
2024.09.30_11-54-59_Sussex_no_odor,7402,7872,True
2024.09.30_11-54-59_Sussex_no_odor,7888,8999,True
2024.10.29_05-10-03_Biarmipes84_metben,3,165,True
2024.10.29_05-10-03_Biarmipes84_metben,1533,1607,True
2024.10.29_05-10-03_Biarmipes84_metben,1806,1896,True
2024.10.29_05-10-03_Biarmipes84_metben,2270,2272,True
2024.10.29_05-10-03_Biarmipes84_metben,2274,2277,True
2024.10.29_05-10-03_Biarmipes84_metben,2541,2554,True
2024.10.29_05-10-03_Biarmipes84_metben,2560,2560,True
2024.10.29_05-10-03_Biarmipes84_metben,2562,2565,True
2024.10.29_05-10-03_Biarmipes84_metben,2567,2571,True
2024.10.29_05-10-03_Biarmipes84_metben,2573,2785,True
2024.10.29_05-10-03_Biarmipes84_metben,2787,3107,True
2024.10.29_05-10-03_Biarmipes84_metben,3226,3524,True
2024.10.29_05-10-03_Biarmipes84_metben,3864,3879,True
2024.10.29_05-10-03_Biarmipes84_metben,3881,3889,True
2024.10.29_05-10-03_Biarmipes84_metben,3919,3919,True
2024.10.29_05-10-03_Biarmipes84_metben,4005,4006,True
2024.10.29_05-10-03_Biarmipes84_metben,4008,4008,True
2024.10.29_05-10-03_Biarmipes84_metben,4088,4089,True
2024.10.29_05-10-03_Biarmipes84_metben,4095,4095,True
2024.10.29_05-10-03_Biarmipes84_metben,4196,4199,True
2024.10.29_05-10-03_Biarmipes84_metben,4201,4201,True
2024.10.29_05-10-03_Biarmipes84_metben,4203,4217,True
2024.10.29_05-10-03_Biarmipes84_metben,4220,4223,True
2024.10.29_05-10-03_Biarmipes84_metben,4229,4233,True
2024.10.29_05-10-03_Biarmipes84_metben,4460,4466,True
2024.10.29_05-10-03_Biarmipes84_metben,4575,4575,True
2024.10.29_05-10-03_Biarmipes84_metben,4605,4605,True
2024.10.29_05-10-03_Biarmipes84_metben,4614,4614,True
2024.10.29_05-10-03_Biarmipes84_metben,4617,4617,True
2024.10.29_05-10-03_Biarmipes84_metben,4732,4946,True
2024.10.29_05-10-03_Biarmipes84_metben,4948,4952,True
2024.10.29_05-10-03_Biarmipes84_metben,4955,4955,True
2024.10.29_05-10-03_Biarmipes84_metben,4957,4960,True
2024.10.29_05-10-03_Biarmipes84_metben,4962,4962,True
2024.10.29_05-10-03_Biarmipes84_metben,4964,4973,True
2024.10.29_05-10-03_Biarmipes84_metben,4975,4980,True
2024.10.29_05-10-03_Biarmipes84_metben,4983,6318,True
2024.10.29_05-10-03_Biarmipes84_metben,7072,7115,True
2024.10.29_05-10-03_Biarmipes84_metben,7118,7151,True
2024.10.29_05-10-03_Biarmipes84_metben,7195,7236,True
2024.10.29_05-10-03_Biarmipes84_metben,7253,7273,True
2024.10.29_05-10-03_Biarmipes84_metben,7275,7276,True
2024.10.29_05-10-03_Biarmipes84_metben,7278,7278,True
2024.10.29_05-10-03_Biarmipes84_metben,7280,7281,True
2024.10.29_05-10-03_Biarmipes84_metben,7283,7283,True
2024.10.29_05-10-03_Biarmipes84_metben,7289,7427,True
2024.10.29_05-10-03_Biarmipes84_metben,7708,8589,True
2024.07.05_11-33-31_CantonS (no odor),7,7,True
2024.07.05_11-33-31_CantonS (no odor),924,929,True
2024.07.05_11-33-31_CantonS (no odor),931,2473,True
2024.07.05_11-33-31_CantonS (no odor),2476,2478,True
2024.07.05_11-33-31_CantonS (no odor),2484,2484,True
2024.07.05_11-33-31_CantonS (no odor),2489,2489,True
2024.07.05_11-33-31_CantonS (no odor),2509,2509,True
2024.07.05_11-33-31_CantonS (no odor),3104,3104,True
2024.07.05_11-33-31_CantonS (no odor),3146,3756,True
2024.07.05_11-33-31_CantonS (no odor),4677,4677,True
2024.07.05_11-33-31_CantonS (no odor),4816,6370,True
2024.07.05_11-33-31_CantonS (no odor),6414,7270,True
2024.07.05_11-33-31_CantonS (no odor),8827,8827,True
2024.10.08_12-18-13_Sto_car_no_odor,14,471,True
2024.10.08_12-18-13_Sto_car_no_odor,1107,1109,True
2024.10.08_12-18-13_Sto_car_no_odor,1111,1120,True
2024.10.08_12-18-13_Sto_car_no_odor,1141,1142,True
2024.10.08_12-18-13_Sto_car_no_odor,1144,1146,True
2024.10.08_12-18-13_Sto_car_no_odor,1148,1157,True
2024.10.08_12-18-13_Sto_car_no_odor,1159,1162,True
2024.10.08_12-18-13_Sto_car_no_odor,1164,1168,True
2024.10.08_12-18-13_Sto_car_no_odor,1170,1186,True
2024.10.08_12-18-13_Sto_car_no_odor,1188,2066,True
2024.10.08_12-18-13_Sto_car_no_odor,2765,3429,True
2024.10.08_12-18-13_Sto_car_no_odor,7113,7114,True
2024.10.08_12-18-13_Sto_car_no_odor,7118,7120,True
2024.10.08_12-18-13_Sto_car_no_odor,7122,7122,True
2024.10.08_12-18-13_Sto_car_no_odor,7140,7140,True
2024.10.08_12-18-13_Sto_car_no_odor,7145,7145,True
2024.10.08_12-18-13_Sto_car_no_odor,7149,7149,True
2024.10.08_12-18-13_Sto_car_no_odor,7152,7158,True
2024.10.08_12-18-13_Sto_car_no_odor,7163,7164,True
2024.10.08_12-18-13_Sto_car_no_odor,7173,7175,True
2024.10.08_12-18-13_Sto_car_no_odor,7187,7189,True
2024.10.08_12-18-13_Sto_car_no_odor,7213,7213,True
2024.10.08_12-18-13_Sto_car_no_odor,7217,7217,True
2024.10.08_12-18-13_Sto_car_no_odor,7221,7221,True
2024.10.08_12-18-13_Sto_car_no_odor,7223,7223,True
2024.10.08_12-18-13_Sto_car_no_odor,7241,7241,True
2024.10.08_12-18-13_Sto_car_no_odor,7244,7244,True
2024.10.08_12-18-13_Sto_car_no_odor,7252,7252,True
2024.10.08_12-18-13_Sto_car_no_odor,7280,7280,True
2024.10.08_12-18-13_Sto_car_no_odor,7282,7282,True
2024.10.08_12-18-13_Sto_car_no_odor,7287,7287,True
2024.10.08_12-18-13_Sto_car_no_odor,7290,7290,True
2024.10.08_12-18-13_Sto_car_no_odor,7298,7301,True
2024.10.08_12-18-13_Sto_car_no_odor,7308,7308,True
2024.10.08_12-18-13_Sto_car_no_odor,7311,7311,True
2024.10.08_12-18-13_Sto_car_no_odor,7317,7320,True
2024.10.08_12-18-13_Sto_car_no_odor,7323,7323,True
2024.10.08_12-18-13_Sto_car_no_odor,7328,7328,True
2024.10.08_12-18-13_Sto_car_no_odor,7330,7334,True
2024.10.08_12-18-13_Sto_car_no_odor,7342,7342,True
2024.10.08_12-18-13_Sto_car_no_odor,7345,7345,True
2024.10.08_12-18-13_Sto_car_no_odor,7350,7350,True
2024.10.08_12-18-13_Sto_car_no_odor,7366,7368,True
2024.10.08_12-18-13_Sto_car_no_odor,7377,7377,True
2024.10.08_12-18-13_Sto_car_no_odor,7380,7380,True
2024.10.08_12-18-13_Sto_car_no_odor,7393,7393,True
2024.10.08_12-18-13_Sto_car_no_odor,7395,7395,True
2024.10.08_12-18-13_Sto_car_no_odor,7399,7399,True
2024.10.08_12-18-13_Sto_car_no_odor,7408,7408,True
2024.10.08_12-18-13_Sto_car_no_odor,7412,7412,True
2024.10.08_12-18-13_Sto_car_no_odor,7416,7417,True
2024.10.08_12-18-13_Sto_car_no_odor,7431,7431,True
2024.10.08_12-18-13_Sto_car_no_odor,7435,7435,True
2024.10.08_12-18-13_Sto_car_no_odor,7441,7442,True
2024.10.08_12-18-13_Sto_car_no_odor,7448,7449,True
2024.10.08_12-18-13_Sto_car_no_odor,7451,7451,True
2024.10.08_12-18-13_Sto_car_no_odor,7455,7455,True
2024.10.08_12-18-13_Sto_car_no_odor,7457,7457,True
2024.10.08_12-18-13_Sto_car_no_odor,7465,7465,True
2024.10.08_12-18-13_Sto_car_no_odor,7475,7475,True
2024.10.08_12-18-13_Sto_car_no_odor,7481,7481,True
2024.10.08_12-18-13_Sto_car_no_odor,7489,7489,True
2024.10.08_12-18-13_Sto_car_no_odor,7493,7501,True
2024.10.08_12-18-13_Sto_car_no_odor,7505,7555,True
2024.10.08_12-18-13_Sto_car_no_odor,7557,7557,True
2024.10.08_12-18-13_Sto_car_no_odor,7559,7567,True
2024.10.08_12-18-13_Sto_car_no_odor,7569,7679,True
2024.10.08_12-18-13_Sto_car_no_odor,7681,7682,True
2024.10.08_12-18-13_Sto_car_no_odor,7684,7741,True
2024.10.08_12-18-13_Sto_car_no_odor,7743,7744,True
2024.10.08_12-18-13_Sto_car_no_odor,7747,7754,True
2024.10.08_12-18-13_Sto_car_no_odor,7756,7771,True
2024.10.08_12-18-13_Sto_car_no_odor,7773,7775,True
2024.10.08_12-18-13_Sto_car_no_odor,7777,7780,True
2024.10.08_12-18-13_Sto_car_no_odor,7782,7784,True
2024.10.08_12-18-13_Sto_car_no_odor,7786,7792,True
2024.10.08_12-18-13_Sto_car_no_odor,7794,7800,True
2024.10.08_12-18-13_Sto_car_no_odor,7802,7802,True
2024.10.08_12-18-13_Sto_car_no_odor,7804,7806,True
2024.10.08_12-18-13_Sto_car_no_odor,7808,7844,True
2024.10.08_12-18-13_Sto_car_no_odor,7846,7854,True
2024.10.08_12-18-13_Sto_car_no_odor,7856,7864,True
2024.10.08_12-18-13_Sto_car_no_odor,7866,7988,True
2024.10.08_12-18-13_Sto_car_no_odor,7991,7991,True
2024.10.08_12-18-13_Sto_car_no_odor,7993,8004,True
2024.10.08_12-18-13_Sto_car_no_odor,8290,8290,True
2024.10.08_12-18-13_Sto_car_no_odor,8387,8387,True
2024.10.08_12-18-13_Sto_car_no_odor,8488,8489,True
2024.10.08_12-18-13_Sto_car_no_odor,8492,8498,True
2024.10.08_12-18-13_Sto_car_no_odor,8500,8504,True
2024.10.08_12-18-13_Sto_car_no_odor,8509,8509,True
2024.10.08_12-18-13_Sto_car_no_odor,8512,8514,True
2024.10.08_12-18-13_Sto_car_no_odor,8519,8519,True
2024.10.08_12-18-13_Sto_car_no_odor,8521,8523,True
2024.10.08_12-18-13_Sto_car_no_odor,8525,8527,True
2024.10.08_12-18-13_Sto_car_no_odor,8568,8581,True
2024.10.08_12-18-13_Sto_car_no_odor,8584,8584,True
2024.10.08_12-18-13_Sto_car_no_odor,8586,8586,True
2024.10.08_12-18-13_Sto_car_no_odor,8597,8598,True
2024.10.08_12-18-13_Sto_car_no_odor,8600,8600,True
2024.10.08_12-18-13_Sto_car_no_odor,8608,8608,True
2024.10.08_12-18-13_Sto_car_no_odor,8613,8614,True
2024.10.08_12-18-13_Sto_car_no_odor,8616,8616,True
2024.10.08_12-18-13_Sto_car_no_odor,8623,8623,True
2024.10.08_12-18-13_Sto_car_no_odor,8626,8626,True
2024.10.08_12-18-13_Sto_car_no_odor,8628,8628,True
2024.10.08_12-18-13_Sto_car_no_odor,8633,8633,True
2024.10.08_12-18-13_Sto_car_no_odor,8642,8642,True
2024.10.08_12-18-13_Sto_car_no_odor,8644,8645,True
2024.10.08_12-18-13_Sto_car_no_odor,8648,8652,True
2024.10.08_12-18-13_Sto_car_no_odor,8658,8664,True
2024.10.08_12-18-13_Sto_car_no_odor,8671,8671,True
2024.10.08_12-18-13_Sto_car_no_odor,8673,8678,True
2024.10.30_09-47-02_Sussex_metben,1607,2106,True
2024.10.30_09-47-02_Sussex_metben,2481,3561,True
2024.10.30_09-47-02_Sussex_metben,5391,5635,True
2024.10.30_09-47-02_Sussex_metben,5638,5638,True
2024.10.30_09-47-02_Sussex_metben,5665,5667,True
2024.10.30_09-47-02_Sussex_metben,5669,5675,True
2024.10.30_09-47-02_Sussex_metben,5677,5690,True
2024.10.29_03-42-09_Sechellia_metben,5270,5271,True
2024.10.29_03-42-09_Sechellia_metben,5278,5282,True
2024.10.29_03-42-09_Sechellia_metben,5284,5320,True
2024.10.29_03-42-09_Sechellia_metben,5328,5328,True
2024.10.29_03-42-09_Sechellia_metben,5334,5336,True
2024.10.29_03-42-09_Sechellia_metben,5339,5340,True
2024.10.29_03-42-09_Sechellia_metben,5342,5342,True
2024.10.29_03-42-09_Sechellia_metben,5351,5351,True
2024.10.29_03-42-09_Sechellia_metben,5357,5357,True
2024.10.29_03-42-09_Sechellia_metben,5366,5367,True
2024.10.29_03-42-09_Sechellia_metben,5369,5369,True
2024.10.29_03-42-09_Sechellia_metben,5383,5383,True
2024.10.29_03-42-09_Sechellia_metben,5387,5388,True
2024.10.29_03-42-09_Sechellia_metben,5390,5390,True
2024.10.29_03-42-09_Sechellia_metben,5399,5399,True
2024.10.29_03-42-09_Sechellia_metben,5404,5404,True
2024.10.29_03-42-09_Sechellia_metben,5406,5406,True
2024.10.29_03-42-09_Sechellia_metben,5408,5410,True
2024.10.29_03-42-09_Sechellia_metben,5412,5413,True
2024.10.29_03-42-09_Sechellia_metben,5425,5429,True
2024.10.29_03-42-09_Sechellia_metben,5444,5445,True
2024.10.29_03-42-09_Sechellia_metben,5449,5450,True
2024.10.29_03-42-09_Sechellia_metben,5476,5476,True
2024.10.29_03-42-09_Sechellia_metben,5484,5485,True
2024.10.29_03-42-09_Sechellia_metben,5494,5494,True
2024.10.29_03-42-09_Sechellia_metben,5499,5499,True
2024.10.29_03-42-09_Sechellia_metben,5503,5504,True
2024.10.29_03-42-09_Sechellia_metben,5507,5508,True
2024.10.29_03-42-09_Sechellia_metben,5519,5528,True
2024.10.29_03-42-09_Sechellia_metben,5549,5553,True
2024.10.29_03-42-09_Sechellia_metben,5555,5559,True
2024.10.29_03-42-09_Sechellia_metben,5561,5569,True
2024.10.29_03-42-09_Sechellia_metben,5571,5572,True
2024.10.29_03-42-09_Sechellia_metben,5574,5576,True
2024.10.29_03-42-09_Sechellia_metben,5578,5579,True
2024.10.29_03-42-09_Sechellia_metben,5581,5591,True
2024.10.29_03-42-09_Sechellia_metben,5593,8046,True
2024.11.13_04-39-28_Biarmipes84_e2hex,921,922,True
2024.11.13_04-39-28_Biarmipes84_e2hex,926,926,True
2024.11.13_04-39-28_Biarmipes84_e2hex,929,929,True
2024.11.13_04-39-28_Biarmipes84_e2hex,931,932,True
2024.11.13_04-39-28_Biarmipes84_e2hex,934,934,True
2024.11.13_04-39-28_Biarmipes84_e2hex,936,939,True
2024.11.13_04-39-28_Biarmipes84_e2hex,941,944,True
2024.11.13_04-39-28_Biarmipes84_e2hex,946,947,True
2024.11.13_04-39-28_Biarmipes84_e2hex,949,952,True
2024.11.13_04-39-28_Biarmipes84_e2hex,954,955,True
2024.11.13_04-39-28_Biarmipes84_e2hex,958,960,True
2024.11.13_04-39-28_Biarmipes84_e2hex,962,982,True
2024.11.13_04-39-28_Biarmipes84_e2hex,984,987,True
2024.11.13_04-39-28_Biarmipes84_e2hex,989,1014,True
2024.11.13_04-39-28_Biarmipes84_e2hex,1016,1017,True
2024.11.13_04-39-28_Biarmipes84_e2hex,1019,1078,True
2024.11.13_04-39-28_Biarmipes84_e2hex,1080,1087,True
2024.11.13_04-39-28_Biarmipes84_e2hex,1092,1094,True
2024.11.13_04-39-28_Biarmipes84_e2hex,1097,1100,True
2024.11.13_04-39-28_Biarmipes84_e2hex,1103,1106,True
2024.11.13_04-39-28_Biarmipes84_e2hex,1110,1116,True
2024.11.13_04-39-28_Biarmipes84_e2hex,1118,1120,True
2024.11.13_04-39-28_Biarmipes84_e2hex,1122,1128,True
2024.11.13_04-39-28_Biarmipes84_e2hex,1130,1130,True
2024.11.13_04-39-28_Biarmipes84_e2hex,1148,1149,True
2024.11.13_04-39-28_Biarmipes84_e2hex,1153,1153,True
2024.11.13_04-39-28_Biarmipes84_e2hex,1242,1263,True
2024.11.13_04-39-28_Biarmipes84_e2hex,1265,1270,True
2024.11.13_04-39-28_Biarmipes84_e2hex,1272,1275,True
2024.11.13_04-39-28_Biarmipes84_e2hex,1280,1280,True
2024.11.13_04-39-28_Biarmipes84_e2hex,1282,1282,True
2024.11.13_04-39-28_Biarmipes84_e2hex,1313,1315,True
2024.11.13_04-39-28_Biarmipes84_e2hex,1324,1324,True
2024.11.13_04-39-28_Biarmipes84_e2hex,1326,1326,True
2024.11.13_04-39-28_Biarmipes84_e2hex,1329,1333,True
2024.11.13_04-39-28_Biarmipes84_e2hex,1389,1401,True
2024.11.13_04-39-28_Biarmipes84_e2hex,1433,1433,True
2024.11.13_04-39-28_Biarmipes84_e2hex,1483,1486,True
2024.11.13_04-39-28_Biarmipes84_e2hex,1489,1489,True
2024.11.13_04-39-28_Biarmipes84_e2hex,1492,1498,True
2024.11.13_04-39-28_Biarmipes84_e2hex,1500,1500,True
2024.11.13_04-39-28_Biarmipes84_e2hex,1503,1503,True
2024.11.13_04-39-28_Biarmipes84_e2hex,1530,2313,True
2024.11.13_04-39-28_Biarmipes84_e2hex,2965,2970,True
2024.11.13_04-39-28_Biarmipes84_e2hex,2972,2972,True
2024.11.13_04-39-28_Biarmipes84_e2hex,2974,2975,True
2024.11.13_04-39-28_Biarmipes84_e2hex,2982,2988,True
2024.11.13_04-39-28_Biarmipes84_e2hex,2991,2996,True
2024.11.13_04-39-28_Biarmipes84_e2hex,3004,3017,True
2024.11.13_04-39-28_Biarmipes84_e2hex,3039,3041,True
2024.11.13_04-39-28_Biarmipes84_e2hex,3046,3046,True
2024.11.13_04-39-28_Biarmipes84_e2hex,3048,3051,True
2024.11.13_04-39-28_Biarmipes84_e2hex,3053,3055,True
2024.11.13_04-39-28_Biarmipes84_e2hex,3057,3058,True
2024.11.13_04-39-28_Biarmipes84_e2hex,3060,3061,True
2024.11.13_04-39-28_Biarmipes84_e2hex,3068,3070,True
2024.11.13_04-39-28_Biarmipes84_e2hex,3077,3078,True
2024.11.13_04-39-28_Biarmipes84_e2hex,3080,3082,True
2024.11.13_04-39-28_Biarmipes84_e2hex,3085,3089,True
2024.11.13_04-39-28_Biarmipes84_e2hex,3091,3091,True
2024.11.13_04-39-28_Biarmipes84_e2hex,3094,3094,True
2024.11.13_04-39-28_Biarmipes84_e2hex,3096,3103,True
2024.11.13_04-39-28_Biarmipes84_e2hex,3105,3107,True
2024.11.13_04-39-28_Biarmipes84_e2hex,3109,3109,True
2024.11.13_04-39-28_Biarmipes84_e2hex,3155,3157,True
2024.11.13_04-39-28_Biarmipes84_e2hex,3162,3162,True
2024.11.13_04-39-28_Biarmipes84_e2hex,3165,3173,True
2024.11.13_04-39-28_Biarmipes84_e2hex,3175,3176,True
2024.11.13_04-39-28_Biarmipes84_e2hex,3188,3193,True
2024.11.13_04-39-28_Biarmipes84_e2hex,3195,3199,True
2024.11.13_04-39-28_Biarmipes84_e2hex,3201,3203,True
2024.11.13_04-39-28_Biarmipes84_e2hex,3208,3208,True
2024.11.13_04-39-28_Biarmipes84_e2hex,3211,3211,True
2024.11.13_04-39-28_Biarmipes84_e2hex,3214,3216,True
2024.11.13_04-39-28_Biarmipes84_e2hex,3218,3218,True
2024.11.13_04-39-28_Biarmipes84_e2hex,3223,3234,True
2024.11.13_04-39-28_Biarmipes84_e2hex,3248,3248,True
2024.11.13_04-39-28_Biarmipes84_e2hex,3277,3278,True
2024.11.13_04-39-28_Biarmipes84_e2hex,3280,3280,True
2024.11.13_04-39-28_Biarmipes84_e2hex,3285,3285,True
2024.11.13_04-39-28_Biarmipes84_e2hex,3319,3319,True
2024.11.13_04-39-28_Biarmipes84_e2hex,3337,3341,True
2024.11.13_04-39-28_Biarmipes84_e2hex,3343,3343,True
2024.11.13_04-39-28_Biarmipes84_e2hex,3345,3356,True
2024.11.13_04-39-28_Biarmipes84_e2hex,3358,3367,True
2024.11.13_04-39-28_Biarmipes84_e2hex,3369,3370,True
2024.11.13_04-39-28_Biarmipes84_e2hex,3372,3375,True
2024.11.13_04-39-28_Biarmipes84_e2hex,3377,3383,True
2024.11.13_04-39-28_Biarmipes84_e2hex,3385,3408,True
2024.11.13_04-39-28_Biarmipes84_e2hex,3410,3428,True
2024.11.13_04-39-28_Biarmipes84_e2hex,3430,3435,True
2024.11.13_04-39-28_Biarmipes84_e2hex,3437,3665,True
2024.11.13_04-39-28_Biarmipes84_e2hex,3667,3684,True
2024.11.13_04-39-28_Biarmipes84_e2hex,3687,3700,True
2024.11.13_04-39-28_Biarmipes84_e2hex,3702,3703,True
2024.11.13_04-39-28_Biarmipes84_e2hex,3705,3723,True
2024.11.13_04-39-28_Biarmipes84_e2hex,3725,3757,True
2024.11.13_04-39-28_Biarmipes84_e2hex,3759,3759,True
2024.11.13_04-39-28_Biarmipes84_e2hex,3761,3776,True
2024.11.13_04-39-28_Biarmipes84_e2hex,3778,3796,True
2024.11.13_04-39-28_Biarmipes84_e2hex,3798,3799,True
2024.11.13_04-39-28_Biarmipes84_e2hex,3801,3813,True
2024.11.13_04-39-28_Biarmipes84_e2hex,3815,3819,True
2024.11.13_04-39-28_Biarmipes84_e2hex,4120,4149,True
2024.11.13_04-39-28_Biarmipes84_e2hex,4151,4261,True
2024.11.13_04-39-28_Biarmipes84_e2hex,4263,5207,True
2024.11.13_04-39-28_Biarmipes84_e2hex,5931,5932,True
2024.11.13_04-39-28_Biarmipes84_e2hex,5941,5942,True
2024.11.13_04-39-28_Biarmipes84_e2hex,5951,5951,True
2024.11.13_04-39-28_Biarmipes84_e2hex,5964,5965,True
2024.11.13_04-39-28_Biarmipes84_e2hex,5970,5975,True
2024.11.13_04-39-28_Biarmipes84_e2hex,5985,5985,True
2024.11.13_04-39-28_Biarmipes84_e2hex,5990,5995,True
2024.11.13_04-39-28_Biarmipes84_e2hex,5998,6001,True
2024.11.13_04-39-28_Biarmipes84_e2hex,6005,6006,True
2024.11.13_04-39-28_Biarmipes84_e2hex,6008,6008,True
2024.11.13_04-39-28_Biarmipes84_e2hex,6013,6018,True
2024.11.13_04-39-28_Biarmipes84_e2hex,6021,6021,True
2024.11.13_04-39-28_Biarmipes84_e2hex,6028,6032,True
2024.11.13_04-39-28_Biarmipes84_e2hex,6034,6042,True
2024.11.13_04-39-28_Biarmipes84_e2hex,6044,6044,True
2024.11.13_04-39-28_Biarmipes84_e2hex,6046,6073,True
2024.11.13_04-39-28_Biarmipes84_e2hex,6075,6104,True
2024.11.13_04-39-28_Biarmipes84_e2hex,6106,6122,True
2024.11.13_04-39-28_Biarmipes84_e2hex,6125,6131,True
2024.11.13_04-39-28_Biarmipes84_e2hex,6133,6136,True
2024.11.13_04-39-28_Biarmipes84_e2hex,6138,6141,True
2024.11.13_04-39-28_Biarmipes84_e2hex,6143,6144,True
2024.11.13_04-39-28_Biarmipes84_e2hex,6146,6152,True
2024.11.13_04-39-28_Biarmipes84_e2hex,6154,6209,True
2024.11.13_04-39-28_Biarmipes84_e2hex,6211,6216,True
2024.11.13_04-39-28_Biarmipes84_e2hex,6218,6234,True
2024.11.13_04-39-28_Biarmipes84_e2hex,6236,6264,True
2024.11.13_04-39-28_Biarmipes84_e2hex,6266,6276,True
2024.11.13_04-39-28_Biarmipes84_e2hex,6278,6283,True
2024.11.13_04-39-28_Biarmipes84_e2hex,6285,6338,True
2024.11.13_04-39-28_Biarmipes84_e2hex,6340,6341,True
2024.11.13_04-39-28_Biarmipes84_e2hex,6343,6345,True
2024.11.13_04-39-28_Biarmipes84_e2hex,6348,6348,True
2024.11.13_04-39-28_Biarmipes84_e2hex,6350,6356,True
2024.11.13_04-39-28_Biarmipes84_e2hex,6358,6375,True
2024.11.13_04-39-28_Biarmipes84_e2hex,6377,6412,True
2024.11.13_04-39-28_Biarmipes84_e2hex,6415,6416,True
2024.11.13_04-39-28_Biarmipes84_e2hex,6418,6418,True
2024.11.13_04-39-28_Biarmipes84_e2hex,6423,6436,True
2024.11.13_04-39-28_Biarmipes84_e2hex,6441,6461,True
2024.11.13_04-39-28_Biarmipes84_e2hex,6465,6488,True
2024.11.13_04-39-28_Biarmipes84_e2hex,6493,6504,True
2024.11.13_04-39-28_Biarmipes84_e2hex,6543,6544,True
2024.11.13_04-39-28_Biarmipes84_e2hex,6546,6546,True
2024.11.13_04-39-28_Biarmipes84_e2hex,6549,6564,True
2024.11.13_04-39-28_Biarmipes84_e2hex,6566,6573,True
2024.11.13_04-39-28_Biarmipes84_e2hex,6581,6586,True
2024.11.13_04-39-28_Biarmipes84_e2hex,6588,6589,True
2024.11.13_04-39-28_Biarmipes84_e2hex,6591,6591,True
2024.11.13_04-39-28_Biarmipes84_e2hex,6599,6599,True
2024.11.13_04-39-28_Biarmipes84_e2hex,6618,6618,True
2024.11.13_04-39-28_Biarmipes84_e2hex,6637,6637,True
2024.11.13_04-39-28_Biarmipes84_e2hex,6643,6659,True
2024.11.13_04-39-28_Biarmipes84_e2hex,6661,6683,True
2024.11.13_04-39-28_Biarmipes84_e2hex,6685,6718,True
2024.11.13_04-39-28_Biarmipes84_e2hex,6720,6725,True
2024.11.13_04-39-28_Biarmipes84_e2hex,6727,6789,True
2024.11.13_04-39-28_Biarmipes84_e2hex,6791,6825,True
2024.11.13_04-39-28_Biarmipes84_e2hex,6827,6827,True
2024.11.13_04-39-28_Biarmipes84_e2hex,6831,6864,True
2024.11.13_04-39-28_Biarmipes84_e2hex,6866,6867,True
2024.11.13_04-39-28_Biarmipes84_e2hex,6921,6922,True
2024.11.13_04-39-28_Biarmipes84_e2hex,6938,6938,True
2024.11.13_04-39-28_Biarmipes84_e2hex,6972,6972,True
2024.11.13_04-39-28_Biarmipes84_e2hex,6975,6975,True
2024.11.13_04-39-28_Biarmipes84_e2hex,6982,6983,True
2024.11.13_04-39-28_Biarmipes84_e2hex,6985,6989,True
2024.11.13_04-39-28_Biarmipes84_e2hex,6991,6994,True
2024.11.13_04-39-28_Biarmipes84_e2hex,7004,7054,True
2024.11.13_04-39-28_Biarmipes84_e2hex,7056,7065,True
2024.11.13_04-39-28_Biarmipes84_e2hex,7067,7069,True
2024.11.13_04-39-28_Biarmipes84_e2hex,7071,7072,True
2024.11.13_04-39-28_Biarmipes84_e2hex,7075,7079,True
2024.11.13_04-39-28_Biarmipes84_e2hex,7081,7081,True
2024.11.13_04-39-28_Biarmipes84_e2hex,7089,7090,True
2024.11.13_04-39-28_Biarmipes84_e2hex,7101,7103,True
2024.11.13_04-39-28_Biarmipes84_e2hex,7120,7121,True
2024.11.13_04-39-28_Biarmipes84_e2hex,7123,7160,True
2024.11.13_04-39-28_Biarmipes84_e2hex,7162,7162,True
2024.11.13_04-39-28_Biarmipes84_e2hex,7164,7171,True
2024.11.13_04-39-28_Biarmipes84_e2hex,7173,7186,True
2024.11.13_04-39-28_Biarmipes84_e2hex,7189,7198,True
2024.11.13_04-39-28_Biarmipes84_e2hex,7200,7209,True
2024.11.13_04-39-28_Biarmipes84_e2hex,7211,7211,True
2024.11.13_04-39-28_Biarmipes84_e2hex,7213,7218,True
2024.11.13_04-39-28_Biarmipes84_e2hex,7221,7222,True
2024.11.13_04-39-28_Biarmipes84_e2hex,7224,7253,True
2024.11.13_04-39-28_Biarmipes84_e2hex,7255,7304,True
2024.11.13_04-39-28_Biarmipes84_e2hex,7308,7309,True
2024.11.13_04-39-28_Biarmipes84_e2hex,7311,7311,True
2024.11.13_04-39-28_Biarmipes84_e2hex,7314,7319,True
2024.11.13_04-39-28_Biarmipes84_e2hex,7329,7329,True
2024.11.13_04-39-28_Biarmipes84_e2hex,7332,7332,True
2024.11.13_04-39-28_Biarmipes84_e2hex,7335,7339,True
2024.11.13_04-39-28_Biarmipes84_e2hex,7342,7344,True
2024.11.13_04-39-28_Biarmipes84_e2hex,7347,7349,True
2024.11.13_04-39-28_Biarmipes84_e2hex,7351,7354,True
2024.11.13_04-39-28_Biarmipes84_e2hex,7356,7428,True
2024.11.13_04-39-28_Biarmipes84_e2hex,7430,7443,True
2024.11.13_04-39-28_Biarmipes84_e2hex,7445,7477,True
2024.11.13_04-39-28_Biarmipes84_e2hex,7479,7574,True
2024.11.13_04-39-28_Biarmipes84_e2hex,7576,7651,True
2024.11.13_04-39-28_Biarmipes84_e2hex,7707,7708,True
2024.11.13_04-39-28_Biarmipes84_e2hex,7713,7713,True
2024.11.13_04-39-28_Biarmipes84_e2hex,7717,7717,True
2024.11.13_04-39-28_Biarmipes84_e2hex,7719,7729,True
2024.11.13_04-39-28_Biarmipes84_e2hex,7731,7744,True
2024.11.13_04-39-28_Biarmipes84_e2hex,7746,7751,True
2024.11.13_04-39-28_Biarmipes84_e2hex,7753,7832,True
2024.11.13_04-39-28_Biarmipes84_e2hex,7834,7864,True
