trial,start_frame,end_frame,is_swapped
2025.03.07_07-31-53_CantonS_metbut,923,2257,True
2025.03.07_07-31-53_CantonS_metbut,3464,4755,True
2025.03.07_07-31-53_CantonS_metbut,5905,7072,True
2025.03.07_07-31-53_CantonS_metbut,8447,8999,True
2024.12.18_16-13-27_CantonS_metben,1003,1739,True
2024.12.18_16-13-27_CantonS_metben,1742,1742,True
2024.12.18_16-13-27_CantonS_metben,1744,1860,True
2024.12.18_16-13-27_CantonS_metben,1862,3239,True
2024.12.18_16-13-27_CantonS_metben,3241,3675,True
2024.12.18_16-13-27_CantonS_metben,3677,3696,True
2024.12.18_16-13-27_CantonS_metben,3923,3934,True
2024.12.18_16-13-27_CantonS_metben,3937,3943,True
2024.12.18_16-13-27_CantonS_metben,3945,3952,True
2024.12.18_16-13-27_CantonS_metben,5516,6967,True
2024.12.18_16-13-27_CantonS_metben,8273,8999,True
2025.03.07_08-16-01_CantonS_metbut,3,1681,True
2025.03.07_08-16-01_CantonS_metbut,2912,2912,True
2025.03.07_08-16-01_CantonS_metbut,2914,2940,True
2025.03.07_08-16-01_CantonS_metbut,2943,2978,True
2025.03.07_08-16-01_CantonS_metbut,2981,2981,True
2025.03.07_08-16-01_CantonS_metbut,2983,2983,True
2025.03.07_08-16-01_CantonS_metbut,2985,2987,True
2025.03.07_08-16-01_CantonS_metbut,2989,2990,True
2025.03.07_08-16-01_CantonS_metbut,2992,2994,True
2025.03.07_08-16-01_CantonS_metbut,2997,2997,True
2025.03.07_08-16-01_CantonS_metbut,2999,3000,True
2025.03.07_08-16-01_CantonS_metbut,3002,3002,True
2025.03.07_08-16-01_CantonS_metbut,3004,3005,True
2025.03.07_08-16-01_CantonS_metbut,3016,3017,True
2025.03.07_08-16-01_CantonS_metbut,3022,3028,True
2025.03.07_08-16-01_CantonS_metbut,3042,3043,True
2025.03.07_08-16-01_CantonS_metbut,3047,3052,True
2025.03.07_08-16-01_CantonS_metbut,3054,3054,True
2025.03.07_08-16-01_CantonS_metbut,3057,3069,True
2025.03.07_08-16-01_CantonS_metbut,3071,3951,True
2025.03.07_08-16-01_CantonS_metbut,4409,4409,True
2025.03.07_08-16-01_CantonS_metbut,4428,4430,True
2025.03.07_08-16-01_CantonS_metbut,4433,4436,True
2025.03.07_08-16-01_CantonS_metbut,4439,4441,True
2025.03.07_08-16-01_CantonS_metbut,4455,4457,True
2025.03.07_08-16-01_CantonS_metbut,4480,4489,True
2025.03.07_08-16-01_CantonS_metbut,4492,4492,True
2025.03.07_08-16-01_CantonS_metbut,4494,4498,True
2025.03.07_08-16-01_CantonS_metbut,4500,4536,True
2025.03.07_08-16-01_CantonS_metbut,4538,4539,True
2025.03.07_08-16-01_CantonS_metbut,4584,5401,True
2025.03.07_08-16-01_CantonS_metbut,5621,5949,True
2025.03.07_08-16-01_CantonS_metbut,6655,6657,True
2025.03.07_08-16-01_CantonS_metbut,6659,6665,True
2025.03.07_08-16-01_CantonS_metbut,6667,6668,True
2025.03.07_08-16-01_CantonS_metbut,6670,6673,True
2025.03.07_08-16-01_CantonS_metbut,6687,7264,True
2025.03.07_08-16-01_CantonS_metbut,7905,8308,True
2025.03.07_08-16-01_CantonS_metbut,8338,8900,True
2024.10.14_13-54-30_Biarmipes84_1hexanol,381,1971,True
2024.10.14_13-54-30_Biarmipes84_1hexanol,2520,2532,True
2024.10.14_13-54-30_Biarmipes84_1hexanol,2558,2585,True
2024.10.14_13-54-30_Biarmipes84_1hexanol,2602,2630,True
2024.10.14_13-54-30_Biarmipes84_1hexanol,2689,2709,True
2024.10.14_13-54-30_Biarmipes84_1hexanol,2794,2796,True
2024.10.14_13-54-30_Biarmipes84_1hexanol,2798,2798,True
2024.10.14_13-54-30_Biarmipes84_1hexanol,3030,3676,True
2024.10.14_13-54-30_Biarmipes84_1hexanol,4406,4728,True
2024.10.14_13-54-30_Biarmipes84_1hexanol,5163,5572,True
2024.10.14_13-54-30_Biarmipes84_1hexanol,6938,7883,True
2024.10.14_13-54-30_Biarmipes84_1hexanol,7885,7904,True
2024.10.14_13-54-30_Biarmipes84_1hexanol,8006,8220,True
2024.10.24_08-24-41_Sechellia28_prenac,2528,2528,True
2024.10.24_08-24-41_Sechellia28_prenac,2536,2536,True
2024.10.24_08-24-41_Sechellia28_prenac,2543,2543,True
2024.10.24_08-24-41_Sechellia28_prenac,2545,2545,True
2024.10.24_08-24-41_Sechellia28_prenac,2547,2547,True
2024.10.24_08-24-41_Sechellia28_prenac,2549,2550,True
2024.10.24_08-24-41_Sechellia28_prenac,2554,2554,True
2024.10.24_08-24-41_Sechellia28_prenac,2557,2557,True
2024.10.24_08-24-41_Sechellia28_prenac,2560,2560,True
2024.10.24_08-24-41_Sechellia28_prenac,2566,2566,True
2024.10.24_08-24-41_Sechellia28_prenac,2592,2592,True
2024.10.24_08-24-41_Sechellia28_prenac,2613,2613,True
2024.10.24_08-24-41_Sechellia28_prenac,2615,2618,True
2024.10.24_08-24-41_Sechellia28_prenac,2620,2620,True
2024.10.24_08-24-41_Sechellia28_prenac,2622,2622,True
2024.10.24_08-24-41_Sechellia28_prenac,2624,2632,True
2024.10.24_08-24-41_Sechellia28_prenac,2663,2663,True
2024.10.24_08-24-41_Sechellia28_prenac,2705,2786,True
2024.10.24_08-24-41_Sechellia28_prenac,2788,3061,True
2024.10.24_08-24-41_Sechellia28_prenac,3063,3066,True
2024.10.24_08-24-41_Sechellia28_prenac,3068,3074,True
2024.10.24_08-24-41_Sechellia28_prenac,3076,3080,True
2024.10.24_08-24-41_Sechellia28_prenac,3082,3082,True
2024.10.24_08-24-41_Sechellia28_prenac,3084,3110,True
2024.10.24_08-24-41_Sechellia28_prenac,3112,3122,True
2024.10.24_08-24-41_Sechellia28_prenac,3129,3134,True
2024.10.24_08-24-41_Sechellia28_prenac,3137,3139,True
2024.10.24_08-24-41_Sechellia28_prenac,3142,3146,True
2024.10.24_08-24-41_Sechellia28_prenac,3148,3150,True
2024.10.24_08-24-41_Sechellia28_prenac,3152,3160,True
2024.10.24_08-24-41_Sechellia28_prenac,3162,3169,True
2024.10.24_08-24-41_Sechellia28_prenac,3171,3183,True
2024.10.24_08-24-41_Sechellia28_prenac,3185,3186,True
2024.10.24_08-24-41_Sechellia28_prenac,3235,3235,True
2024.10.24_08-24-41_Sechellia28_prenac,3324,3324,True
2024.10.24_08-24-41_Sechellia28_prenac,3339,3340,True
2024.10.24_08-24-41_Sechellia28_prenac,3342,3342,True
2024.10.24_08-24-41_Sechellia28_prenac,3344,3345,True
2024.10.24_08-24-41_Sechellia28_prenac,3347,3350,True
2024.10.24_08-24-41_Sechellia28_prenac,3352,3353,True
2024.10.24_08-24-41_Sechellia28_prenac,3355,3374,True
2024.10.24_08-24-41_Sechellia28_prenac,3376,3383,True
2024.10.24_08-24-41_Sechellia28_prenac,3385,3387,True
2024.10.24_08-24-41_Sechellia28_prenac,3402,3402,True
2024.10.24_08-24-41_Sechellia28_prenac,3404,3404,True
2024.10.24_08-24-41_Sechellia28_prenac,3406,3406,True
2024.10.24_08-24-41_Sechellia28_prenac,3409,3409,True
2024.10.24_08-24-41_Sechellia28_prenac,3429,3433,True
2024.10.24_08-24-41_Sechellia28_prenac,3435,3441,True
2024.10.24_08-24-41_Sechellia28_prenac,3443,3443,True
2024.10.24_08-24-41_Sechellia28_prenac,3456,3456,True
2024.10.24_08-24-41_Sechellia28_prenac,3460,3462,True
2024.10.24_08-24-41_Sechellia28_prenac,3464,3466,True
2024.10.24_08-24-41_Sechellia28_prenac,3468,3468,True
2024.10.24_08-24-41_Sechellia28_prenac,3471,3471,True
2024.10.24_08-24-41_Sechellia28_prenac,3473,3473,True
2024.10.24_08-24-41_Sechellia28_prenac,3475,3476,True
2024.10.24_08-24-41_Sechellia28_prenac,3478,3479,True
2024.10.24_08-24-41_Sechellia28_prenac,3481,3481,True
2024.10.24_08-24-41_Sechellia28_prenac,3483,3483,True
2024.10.24_08-24-41_Sechellia28_prenac,3485,3489,True
2024.10.24_08-24-41_Sechellia28_prenac,3491,3492,True
2024.10.24_08-24-41_Sechellia28_prenac,3494,3496,True
2024.10.24_08-24-41_Sechellia28_prenac,3498,3504,True
2024.10.24_08-24-41_Sechellia28_prenac,3506,3513,True
2024.10.24_08-24-41_Sechellia28_prenac,3515,3515,True
2024.10.24_08-24-41_Sechellia28_prenac,3518,3518,True
2024.10.24_08-24-41_Sechellia28_prenac,3540,3540,True
2024.10.24_08-24-41_Sechellia28_prenac,3542,3547,True
2024.10.24_08-24-41_Sechellia28_prenac,3550,3550,True
2024.10.24_08-24-41_Sechellia28_prenac,3552,3554,True
2024.10.24_08-24-41_Sechellia28_prenac,3557,3562,True
2024.10.24_08-24-41_Sechellia28_prenac,3566,3574,True
2024.10.24_08-24-41_Sechellia28_prenac,3576,3586,True
2024.10.24_08-24-41_Sechellia28_prenac,3589,3592,True
2024.10.24_08-24-41_Sechellia28_prenac,3595,3595,True
2024.10.24_08-24-41_Sechellia28_prenac,3597,3598,True
2024.10.24_08-24-41_Sechellia28_prenac,3600,3627,True
2024.10.24_08-24-41_Sechellia28_prenac,3629,3630,True
2024.10.24_08-24-41_Sechellia28_prenac,3634,3634,True
2024.10.24_08-24-41_Sechellia28_prenac,3646,3647,True
2024.10.24_08-24-41_Sechellia28_prenac,3665,3665,True
2024.10.24_08-24-41_Sechellia28_prenac,3817,3817,True
2024.10.24_08-24-41_Sechellia28_prenac,3823,3823,True
2024.10.24_08-24-41_Sechellia28_prenac,3827,3827,True
2024.10.24_08-24-41_Sechellia28_prenac,3829,3829,True
2024.10.24_08-24-41_Sechellia28_prenac,3831,3831,True
2024.10.24_08-24-41_Sechellia28_prenac,3839,3839,True
2024.10.24_08-24-41_Sechellia28_prenac,3841,3841,True
2024.10.24_08-24-41_Sechellia28_prenac,3843,3844,True
2024.10.24_08-24-41_Sechellia28_prenac,3846,3846,True
2024.10.24_08-24-41_Sechellia28_prenac,3850,3850,True
2024.10.24_08-24-41_Sechellia28_prenac,3855,3855,True
2024.10.24_08-24-41_Sechellia28_prenac,3873,3873,True
2024.10.24_08-24-41_Sechellia28_prenac,3875,3905,True
2024.10.24_08-24-41_Sechellia28_prenac,3907,3907,True
2024.10.24_08-24-41_Sechellia28_prenac,3909,3909,True
2024.10.24_08-24-41_Sechellia28_prenac,3966,3978,True
2024.10.24_08-24-41_Sechellia28_prenac,3983,3983,True
2024.10.24_08-24-41_Sechellia28_prenac,3989,4004,True
2024.10.24_08-24-41_Sechellia28_prenac,4057,4060,True
2024.10.24_08-24-41_Sechellia28_prenac,4093,4093,True
2024.10.24_08-24-41_Sechellia28_prenac,4099,4099,True
2024.10.24_08-24-41_Sechellia28_prenac,4108,4111,True
2024.10.24_08-24-41_Sechellia28_prenac,4114,4114,True
2024.10.24_08-24-41_Sechellia28_prenac,4117,4117,True
2024.10.24_08-24-41_Sechellia28_prenac,4139,4139,True
2024.10.24_08-24-41_Sechellia28_prenac,4242,4242,True
2024.10.24_08-24-41_Sechellia28_prenac,4245,4246,True
2024.10.24_08-24-41_Sechellia28_prenac,4248,4256,True
2024.10.24_08-24-41_Sechellia28_prenac,4258,4259,True
2024.10.24_08-24-41_Sechellia28_prenac,4261,4262,True
2024.10.24_08-24-41_Sechellia28_prenac,4265,4265,True
2024.10.24_08-24-41_Sechellia28_prenac,4288,4288,True
2024.10.24_08-24-41_Sechellia28_prenac,4291,4291,True
2024.10.24_08-24-41_Sechellia28_prenac,4299,4300,True
2024.10.24_08-24-41_Sechellia28_prenac,4312,4314,True
2024.10.24_08-24-41_Sechellia28_prenac,4316,4318,True
2024.10.24_08-24-41_Sechellia28_prenac,4320,4330,True
2024.10.24_08-24-41_Sechellia28_prenac,4333,4339,True
2024.10.24_08-24-41_Sechellia28_prenac,4342,4346,True
2024.10.24_08-24-41_Sechellia28_prenac,4348,4348,True
2024.10.24_08-24-41_Sechellia28_prenac,4350,4350,True
2024.10.24_08-24-41_Sechellia28_prenac,4352,4352,True
2024.10.24_08-24-41_Sechellia28_prenac,4354,4372,True
2024.10.24_08-24-41_Sechellia28_prenac,4375,4379,True
2024.10.24_08-24-41_Sechellia28_prenac,4382,4384,True
2024.10.24_08-24-41_Sechellia28_prenac,4386,4387,True
2024.10.24_08-24-41_Sechellia28_prenac,4389,4394,True
2024.10.24_08-24-41_Sechellia28_prenac,4409,4410,True
2024.10.24_08-24-41_Sechellia28_prenac,4413,4414,True
2024.10.24_08-24-41_Sechellia28_prenac,4418,4418,True
2024.10.24_08-24-41_Sechellia28_prenac,4421,4422,True
2024.10.24_08-24-41_Sechellia28_prenac,4425,4430,True
2024.10.24_08-24-41_Sechellia28_prenac,4432,4432,True
2024.10.24_08-24-41_Sechellia28_prenac,4434,4435,True
2024.10.24_08-24-41_Sechellia28_prenac,4437,4437,True
2024.10.24_08-24-41_Sechellia28_prenac,4439,4443,True
2024.10.24_08-24-41_Sechellia28_prenac,4446,4448,True
2024.10.24_08-24-41_Sechellia28_prenac,4451,4451,True
2024.10.24_08-24-41_Sechellia28_prenac,4454,4454,True
2024.10.24_08-24-41_Sechellia28_prenac,4459,4459,True
2024.10.24_08-24-41_Sechellia28_prenac,4466,4468,True
2024.10.24_08-24-41_Sechellia28_prenac,4474,4474,True
2024.10.24_08-24-41_Sechellia28_prenac,4477,4477,True
2024.10.24_08-24-41_Sechellia28_prenac,4479,4479,True
2024.10.24_08-24-41_Sechellia28_prenac,4484,4484,True
2024.10.24_08-24-41_Sechellia28_prenac,4486,4494,True
2024.10.24_08-24-41_Sechellia28_prenac,4497,4499,True
2024.10.24_08-24-41_Sechellia28_prenac,4505,4505,True
2024.10.24_08-24-41_Sechellia28_prenac,4511,4511,True
2024.10.24_08-24-41_Sechellia28_prenac,4513,4514,True
2024.10.24_08-24-41_Sechellia28_prenac,4516,4516,True
2024.10.24_08-24-41_Sechellia28_prenac,4518,4518,True
2024.10.24_08-24-41_Sechellia28_prenac,4521,4523,True
2024.10.24_08-24-41_Sechellia28_prenac,4547,4547,True
2024.10.24_08-24-41_Sechellia28_prenac,4550,4550,True
2024.10.24_08-24-41_Sechellia28_prenac,4561,4561,True
2024.10.24_08-24-41_Sechellia28_prenac,4566,4580,True
2024.10.24_08-24-41_Sechellia28_prenac,4584,4584,True
2024.10.24_08-24-41_Sechellia28_prenac,4586,4586,True
2024.10.24_08-24-41_Sechellia28_prenac,4589,4589,True
2024.10.24_08-24-41_Sechellia28_prenac,4599,4601,True
2024.10.24_08-24-41_Sechellia28_prenac,4603,4606,True
2024.10.24_08-24-41_Sechellia28_prenac,4608,4610,True
2024.10.24_08-24-41_Sechellia28_prenac,4627,4627,True
2024.10.24_08-24-41_Sechellia28_prenac,4629,4644,True
2024.10.24_08-24-41_Sechellia28_prenac,4646,4649,True
2024.10.24_08-24-41_Sechellia28_prenac,4668,4669,True
2024.10.24_08-24-41_Sechellia28_prenac,4671,4672,True
2024.10.24_08-24-41_Sechellia28_prenac,4679,4679,True
2024.10.24_08-24-41_Sechellia28_prenac,4681,4685,True
2024.10.24_08-24-41_Sechellia28_prenac,4690,4691,True
2024.10.24_08-24-41_Sechellia28_prenac,4693,4694,True
2024.10.24_08-24-41_Sechellia28_prenac,4701,4706,True
2024.10.24_08-24-41_Sechellia28_prenac,4714,4715,True
2024.10.24_08-24-41_Sechellia28_prenac,4719,4721,True
2024.10.24_08-24-41_Sechellia28_prenac,4725,4728,True
2024.10.24_08-24-41_Sechellia28_prenac,4738,4740,True
2024.10.24_08-24-41_Sechellia28_prenac,4750,4750,True
2024.10.24_08-24-41_Sechellia28_prenac,4752,4755,True
2024.10.24_08-24-41_Sechellia28_prenac,4757,4759,True
2024.10.24_08-24-41_Sechellia28_prenac,4773,4773,True
2024.10.24_08-24-41_Sechellia28_prenac,4784,4785,True
2024.10.24_08-24-41_Sechellia28_prenac,4791,4791,True
2024.10.24_08-24-41_Sechellia28_prenac,4804,4804,True
2024.10.24_08-24-41_Sechellia28_prenac,4811,4822,True
2024.10.24_08-24-41_Sechellia28_prenac,4824,4825,True
2024.10.24_08-24-41_Sechellia28_prenac,4844,4846,True
2024.10.24_08-24-41_Sechellia28_prenac,4848,4848,True
2024.10.24_08-24-41_Sechellia28_prenac,4872,4872,True
2024.10.24_08-24-41_Sechellia28_prenac,4874,4877,True
2024.10.24_08-24-41_Sechellia28_prenac,4879,4880,True
2024.10.24_08-24-41_Sechellia28_prenac,4882,4882,True
2024.10.24_08-24-41_Sechellia28_prenac,4884,4887,True
2024.10.24_08-24-41_Sechellia28_prenac,4906,4944,True
2024.10.24_08-24-41_Sechellia28_prenac,4946,4947,True
2024.10.24_08-24-41_Sechellia28_prenac,4954,4954,True
2024.10.24_08-24-41_Sechellia28_prenac,4967,4967,True
2024.10.24_08-24-41_Sechellia28_prenac,4970,4974,True
2024.10.24_08-24-41_Sechellia28_prenac,4976,4976,True
2024.10.24_08-24-41_Sechellia28_prenac,4978,4980,True
2024.10.24_08-24-41_Sechellia28_prenac,4982,4982,True
2024.10.24_08-24-41_Sechellia28_prenac,4984,4984,True
2024.10.24_08-24-41_Sechellia28_prenac,4987,4987,True
2024.10.24_08-24-41_Sechellia28_prenac,4990,4990,True
2024.10.24_08-24-41_Sechellia28_prenac,4994,4994,True
2024.10.24_08-24-41_Sechellia28_prenac,4996,5002,True
2024.10.24_08-24-41_Sechellia28_prenac,5005,5013,True
2024.10.24_08-24-41_Sechellia28_prenac,5015,5015,True
2024.10.24_08-24-41_Sechellia28_prenac,5022,5022,True
2024.10.24_08-24-41_Sechellia28_prenac,5031,5031,True
2024.10.24_08-24-41_Sechellia28_prenac,5034,5036,True
2024.10.24_08-24-41_Sechellia28_prenac,5048,5049,True
2024.10.24_08-24-41_Sechellia28_prenac,5051,5115,True
2024.10.24_08-24-41_Sechellia28_prenac,5117,5127,True
2024.10.24_08-24-41_Sechellia28_prenac,5129,5155,True
2024.10.24_08-24-41_Sechellia28_prenac,5157,5164,True
2024.10.24_08-24-41_Sechellia28_prenac,5166,5169,True
2024.10.24_08-24-41_Sechellia28_prenac,5171,5172,True
2024.10.24_08-24-41_Sechellia28_prenac,5174,5174,True
2024.10.24_08-24-41_Sechellia28_prenac,5176,5176,True
2024.10.24_08-24-41_Sechellia28_prenac,5178,5178,True
2024.10.24_08-24-41_Sechellia28_prenac,5180,5180,True
2024.10.24_08-24-41_Sechellia28_prenac,5183,5183,True
2024.10.24_08-24-41_Sechellia28_prenac,5206,5206,True
2024.10.24_08-24-41_Sechellia28_prenac,5228,5232,True
2024.10.24_08-24-41_Sechellia28_prenac,5234,5234,True
2024.10.24_08-24-41_Sechellia28_prenac,5236,5239,True
2024.10.24_08-24-41_Sechellia28_prenac,5244,5244,True
2024.10.24_08-24-41_Sechellia28_prenac,5276,5278,True
2024.10.24_08-24-41_Sechellia28_prenac,5284,5284,True
2024.10.24_08-24-41_Sechellia28_prenac,5287,5289,True
2024.10.24_08-24-41_Sechellia28_prenac,5292,5292,True
2024.10.24_08-24-41_Sechellia28_prenac,5297,5297,True
2024.10.24_08-24-41_Sechellia28_prenac,5300,5301,True
2024.10.24_08-24-41_Sechellia28_prenac,5307,5307,True
2024.10.24_08-24-41_Sechellia28_prenac,5326,5326,True
2024.10.24_08-24-41_Sechellia28_prenac,5444,5444,True
2024.10.24_08-24-41_Sechellia28_prenac,5449,5450,True
2024.10.24_08-24-41_Sechellia28_prenac,5452,5460,True
2024.10.24_08-24-41_Sechellia28_prenac,5462,5472,True
2024.10.24_08-24-41_Sechellia28_prenac,5474,5485,True
2024.10.24_08-24-41_Sechellia28_prenac,5488,5501,True
2024.10.24_08-24-41_Sechellia28_prenac,5503,5504,True
2024.10.24_08-24-41_Sechellia28_prenac,5506,5516,True
2024.10.24_08-24-41_Sechellia28_prenac,5519,5538,True
2024.10.24_08-24-41_Sechellia28_prenac,5540,5547,True
2024.10.24_08-24-41_Sechellia28_prenac,5550,5552,True
2024.10.24_08-24-41_Sechellia28_prenac,5554,5568,True
2024.10.24_08-24-41_Sechellia28_prenac,5572,5575,True
2024.10.24_08-24-41_Sechellia28_prenac,5578,5578,True
2024.10.24_08-24-41_Sechellia28_prenac,5581,5581,True
2024.10.24_08-24-41_Sechellia28_prenac,5583,5630,True
2024.10.24_08-24-41_Sechellia28_prenac,5632,7865,True
2024.10.24_08-24-41_Sechellia28_prenac,7867,7920,True
2024.10.24_08-24-41_Sechellia28_prenac,7922,7944,True
2024.10.24_08-24-41_Sechellia28_prenac,7946,7974,True
2024.10.24_08-24-41_Sechellia28_prenac,7976,7991,True
2024.10.24_08-24-41_Sechellia28_prenac,7993,7999,True
2024.10.24_08-24-41_Sechellia28_prenac,8001,8003,True
2024.10.24_08-24-41_Sechellia28_prenac,8005,8006,True
2024.10.24_08-24-41_Sechellia28_prenac,8008,8141,True
2024.10.24_08-24-41_Sechellia28_prenac,8143,8150,True
2024.10.24_08-24-41_Sechellia28_prenac,8152,8153,True
2024.10.24_08-24-41_Sechellia28_prenac,8156,8177,True
2024.10.24_08-24-41_Sechellia28_prenac,8179,8181,True
2024.10.24_08-24-41_Sechellia28_prenac,8186,8204,True
2024.10.24_08-24-41_Sechellia28_prenac,8206,8209,True
2024.10.24_08-24-41_Sechellia28_prenac,8211,8220,True
2024.10.24_08-24-41_Sechellia28_prenac,8222,8222,True
2024.10.24_08-24-41_Sechellia28_prenac,8225,8244,True
2024.10.24_08-24-41_Sechellia28_prenac,8247,8253,True
2024.10.24_08-24-41_Sechellia28_prenac,8255,8258,True
2024.10.24_08-24-41_Sechellia28_prenac,8260,8267,True
2024.10.24_08-24-41_Sechellia28_prenac,8269,8275,True
2024.10.24_08-24-41_Sechellia28_prenac,8277,8278,True
2024.10.24_08-24-41_Sechellia28_prenac,8280,8413,True
2024.10.24_08-24-41_Sechellia28_prenac,8415,8430,True
2024.10.24_08-24-41_Sechellia28_prenac,8432,8450,True
2024.10.24_08-24-41_Sechellia28_prenac,8452,8969,True
2024.10.18_12-53-39_Sto_car_prenac,859,887,True
2024.10.18_12-53-39_Sto_car_prenac,2067,3577,True
2024.10.18_12-53-39_Sto_car_prenac,7392,7408,True
2024.10.18_12-53-39_Sto_car_prenac,7447,7447,True
2024.10.18_12-53-39_Sto_car_prenac,7532,7533,True
2024.10.18_12-53-39_Sto_car_prenac,7587,7587,True
2024.10.18_12-53-39_Sto_car_prenac,7621,7624,True
2024.10.18_12-53-39_Sto_car_prenac,7631,7634,True
2024.10.18_12-53-39_Sto_car_prenac,7638,7639,True
2024.10.18_12-53-39_Sto_car_prenac,7648,7654,True
2024.10.18_12-53-39_Sto_car_prenac,7657,7658,True
2024.10.18_12-53-39_Sto_car_prenac,7660,7662,True
2024.10.18_12-53-39_Sto_car_prenac,7666,7667,True
2024.10.18_12-53-39_Sto_car_prenac,7683,7685,True
2024.10.18_12-53-39_Sto_car_prenac,7692,7693,True
2024.10.18_12-53-39_Sto_car_prenac,7695,7695,True
2024.10.18_12-53-39_Sto_car_prenac,7697,7698,True
2024.10.18_12-53-39_Sto_car_prenac,7701,7701,True
2024.10.18_12-53-39_Sto_car_prenac,7710,7710,True
2024.10.18_12-53-39_Sto_car_prenac,7717,7717,True
2024.10.18_12-53-39_Sto_car_prenac,7719,7720,True
2024.10.18_12-53-39_Sto_car_prenac,7723,7724,True
2024.10.18_12-53-39_Sto_car_prenac,7726,7726,True
2024.10.18_12-53-39_Sto_car_prenac,7730,7730,True
2024.10.18_12-53-39_Sto_car_prenac,7737,7738,True
2024.10.18_12-53-39_Sto_car_prenac,7742,7744,True
2024.10.18_12-53-39_Sto_car_prenac,7748,7748,True
2024.10.18_12-53-39_Sto_car_prenac,7765,7765,True
2024.10.18_12-53-39_Sto_car_prenac,7775,7775,True
2024.10.18_12-53-39_Sto_car_prenac,7825,7825,True
2024.10.18_12-53-39_Sto_car_prenac,7829,7829,True
2024.10.18_12-53-39_Sto_car_prenac,7846,7847,True
2024.10.18_12-53-39_Sto_car_prenac,7876,7876,True
2024.10.18_12-53-39_Sto_car_prenac,7905,7905,True
2024.09.24_16-20-39_Yakuba7_no_odor,3,803,True
2024.09.24_16-20-39_Yakuba7_no_odor,820,857,True
2024.09.24_16-20-39_Yakuba7_no_odor,888,888,True
2024.09.24_16-20-39_Yakuba7_no_odor,890,891,True
2024.09.24_16-20-39_Yakuba7_no_odor,899,899,True
2024.09.24_16-20-39_Yakuba7_no_odor,902,1069,True
2024.09.24_16-20-39_Yakuba7_no_odor,2004,2850,True
2024.09.24_16-20-39_Yakuba7_no_odor,3918,4653,True
2024.09.24_16-20-39_Yakuba7_no_odor,6395,6399,True
2024.09.24_16-20-39_Yakuba7_no_odor,6401,6401,True
2024.09.24_16-20-39_Yakuba7_no_odor,6403,6444,True
2024.09.24_16-20-39_Yakuba7_no_odor,6448,6450,True
2024.09.24_16-20-39_Yakuba7_no_odor,6453,6455,True
2024.09.24_16-20-39_Yakuba7_no_odor,6487,6493,True
2024.09.24_16-20-39_Yakuba7_no_odor,6495,6524,True
2024.09.24_16-20-39_Yakuba7_no_odor,6529,6529,True
2024.09.24_16-20-39_Yakuba7_no_odor,6531,6531,True
2024.09.24_16-20-39_Yakuba7_no_odor,6533,6533,True
2024.09.24_16-20-39_Yakuba7_no_odor,6535,6535,True
2024.09.24_16-20-39_Yakuba7_no_odor,6538,6643,True
2024.09.24_16-20-39_Yakuba7_no_odor,6645,6718,True
2024.09.24_16-20-39_Yakuba7_no_odor,6840,7323,True
2024.09.24_16-20-39_Yakuba7_no_odor,7325,7403,True
2024.09.24_16-20-39_Yakuba7_no_odor,7405,8368,True
2024.09.24_16-20-39_Yakuba7_no_odor,8370,8742,True
2024.10.11_10-01-59_Biarmipes_G224_1hexanol,3,340,True
2024.10.11_10-01-59_Biarmipes_G224_1hexanol,1026,1504,True
2024.10.11_10-01-59_Biarmipes_G224_1hexanol,1506,1517,True
2024.10.11_10-01-59_Biarmipes_G224_1hexanol,1519,1565,True
2024.10.11_10-01-59_Biarmipes_G224_1hexanol,1567,1568,True
2024.10.11_10-01-59_Biarmipes_G224_1hexanol,1570,1572,True
2024.10.11_10-01-59_Biarmipes_G224_1hexanol,1574,1574,True
2024.10.11_10-01-59_Biarmipes_G224_1hexanol,1577,1577,True
2024.10.11_10-01-59_Biarmipes_G224_1hexanol,1580,1581,True
2024.10.11_10-01-59_Biarmipes_G224_1hexanol,1583,1583,True
2024.10.11_10-01-59_Biarmipes_G224_1hexanol,1585,1751,True
2024.10.11_10-01-59_Biarmipes_G224_1hexanol,1754,1754,True
2024.10.11_10-01-59_Biarmipes_G224_1hexanol,1758,1789,True
2024.10.11_10-01-59_Biarmipes_G224_1hexanol,1821,2112,True
2024.10.11_10-01-59_Biarmipes_G224_1hexanol,2114,2114,True
2024.10.11_10-01-59_Biarmipes_G224_1hexanol,2116,2116,True
2024.10.11_10-01-59_Biarmipes_G224_1hexanol,2120,2121,True
2024.10.11_10-01-59_Biarmipes_G224_1hexanol,2123,2235,True
2024.10.11_10-01-59_Biarmipes_G224_1hexanol,2534,2587,True
2024.10.11_10-01-59_Biarmipes_G224_1hexanol,3086,3241,True
2024.10.11_10-01-59_Biarmipes_G224_1hexanol,3250,3250,True
2024.10.11_10-01-59_Biarmipes_G224_1hexanol,3255,3256,True
2024.10.11_10-01-59_Biarmipes_G224_1hexanol,3259,3414,True
2024.10.11_10-01-59_Biarmipes_G224_1hexanol,3535,3710,True
2024.10.11_10-01-59_Biarmipes_G224_1hexanol,3712,3766,True
2024.10.11_10-01-59_Biarmipes_G224_1hexanol,4466,4734,True
2024.10.11_10-01-59_Biarmipes_G224_1hexanol,4736,4970,True
2024.10.11_10-01-59_Biarmipes_G224_1hexanol,5739,6353,True
2024.10.11_10-01-59_Biarmipes_G224_1hexanol,6507,6593,True
2024.10.11_10-01-59_Biarmipes_G224_1hexanol,6595,6600,True
2024.10.11_10-01-59_Biarmipes_G224_1hexanol,6602,6603,True
2024.10.11_10-01-59_Biarmipes_G224_1hexanol,6606,6606,True
2024.10.11_10-01-59_Biarmipes_G224_1hexanol,6609,6680,True
2024.10.11_10-01-59_Biarmipes_G224_1hexanol,6690,6858,True
2024.10.11_10-01-59_Biarmipes_G224_1hexanol,6877,6884,True
2024.10.11_10-01-59_Biarmipes_G224_1hexanol,6900,6900,True
2024.10.11_10-01-59_Biarmipes_G224_1hexanol,6906,6920,True
2024.10.11_10-01-59_Biarmipes_G224_1hexanol,6922,6926,True
2024.10.11_10-01-59_Biarmipes_G224_1hexanol,6943,7055,True
2024.10.11_10-01-59_Biarmipes_G224_1hexanol,7157,7350,True
2024.10.11_10-01-59_Biarmipes_G224_1hexanol,7952,8917,True
2024.10.11_10-01-59_Biarmipes_G224_1hexanol,8921,8927,True
2024.10.11_10-01-59_Biarmipes_G224_1hexanol,8929,8999,True
2024.11.01_09-01-40_sto_car_e2hex,1974,1975,True
2024.11.01_09-01-40_sto_car_e2hex,2073,2515,True
2024.11.01_09-01-40_sto_car_e2hex,4112,4116,True
2024.11.01_09-01-40_sto_car_e2hex,4596,4596,True
2024.11.01_09-01-40_sto_car_e2hex,4599,4599,True
2024.11.01_09-01-40_sto_car_e2hex,4607,4607,True
2024.11.01_09-01-40_sto_car_e2hex,4610,4610,True
2024.11.01_09-01-40_sto_car_e2hex,4651,4652,True
2024.11.01_09-01-40_sto_car_e2hex,4654,4654,True
2024.11.01_09-01-40_sto_car_e2hex,4659,4659,True
2024.11.01_09-01-40_sto_car_e2hex,4669,4669,True
2024.11.01_09-01-40_sto_car_e2hex,4675,4675,True
2024.11.01_09-01-40_sto_car_e2hex,4679,4679,True
2024.11.01_09-01-40_sto_car_e2hex,4688,4688,True
2024.11.01_09-01-40_sto_car_e2hex,4702,4702,True
2024.11.01_09-01-40_sto_car_e2hex,4731,4731,True
2024.11.01_09-01-40_sto_car_e2hex,4733,4735,True
2024.11.01_09-01-40_sto_car_e2hex,4742,4742,True
2024.11.01_09-01-40_sto_car_e2hex,4746,4749,True
2024.11.01_09-01-40_sto_car_e2hex,4758,4758,True
2024.11.01_09-01-40_sto_car_e2hex,4768,4768,True
2024.11.01_09-01-40_sto_car_e2hex,4774,4775,True
2024.11.01_09-01-40_sto_car_e2hex,4782,4786,True
2024.11.01_09-01-40_sto_car_e2hex,4873,4876,True
2024.11.01_09-01-40_sto_car_e2hex,4893,4893,True
2024.11.01_09-01-40_sto_car_e2hex,4895,4895,True
2024.11.01_09-01-40_sto_car_e2hex,4901,4903,True
2024.11.01_09-01-40_sto_car_e2hex,4908,4911,True
2024.11.01_09-01-40_sto_car_e2hex,4923,4923,True
2024.11.01_09-01-40_sto_car_e2hex,4925,4925,True
2024.11.01_09-01-40_sto_car_e2hex,4934,4937,True
2024.11.01_09-01-40_sto_car_e2hex,4939,4940,True
2024.11.01_09-01-40_sto_car_e2hex,4946,4946,True
2024.11.01_09-01-40_sto_car_e2hex,4948,4949,True
2024.11.01_09-01-40_sto_car_e2hex,4951,4954,True
2024.11.01_09-01-40_sto_car_e2hex,4956,4960,True
2024.11.01_09-01-40_sto_car_e2hex,4962,4964,True
2024.11.01_09-01-40_sto_car_e2hex,4969,4980,True
2024.11.01_09-01-40_sto_car_e2hex,4982,4988,True
2024.11.01_09-01-40_sto_car_e2hex,4991,4994,True
2024.11.01_09-01-40_sto_car_e2hex,4996,5009,True
2024.11.01_09-01-40_sto_car_e2hex,5011,5016,True
2024.11.01_09-01-40_sto_car_e2hex,5018,5029,True
2024.11.01_09-01-40_sto_car_e2hex,5031,5052,True
2024.11.01_09-01-40_sto_car_e2hex,5054,5055,True
2024.11.01_09-01-40_sto_car_e2hex,5057,5067,True
2024.11.01_09-01-40_sto_car_e2hex,5069,5078,True
2024.11.01_09-01-40_sto_car_e2hex,5081,5088,True
2024.11.01_09-01-40_sto_car_e2hex,5090,5093,True
2024.11.01_09-01-40_sto_car_e2hex,5095,5096,True
2024.11.01_09-01-40_sto_car_e2hex,5098,5106,True
2024.11.01_09-01-40_sto_car_e2hex,5108,5110,True
2024.11.01_09-01-40_sto_car_e2hex,5114,5114,True
2024.11.01_09-01-40_sto_car_e2hex,5116,5146,True
2024.11.01_09-01-40_sto_car_e2hex,5148,5185,True
2024.11.01_09-01-40_sto_car_e2hex,5187,5188,True
2024.11.01_09-01-40_sto_car_e2hex,5190,5193,True
2024.11.01_09-01-40_sto_car_e2hex,5195,5195,True
2024.11.01_09-01-40_sto_car_e2hex,5198,5203,True
2024.11.01_09-01-40_sto_car_e2hex,5205,5215,True
2024.11.01_09-01-40_sto_car_e2hex,5217,5217,True
2024.11.01_09-01-40_sto_car_e2hex,5249,5249,True
2024.11.01_09-01-40_sto_car_e2hex,5253,5254,True
2024.11.01_09-01-40_sto_car_e2hex,5256,5257,True
2024.11.01_09-01-40_sto_car_e2hex,5259,5259,True
2024.11.01_09-01-40_sto_car_e2hex,5264,5264,True
2024.11.01_09-01-40_sto_car_e2hex,5267,5269,True
2024.11.01_09-01-40_sto_car_e2hex,5272,5272,True
2024.11.01_09-01-40_sto_car_e2hex,5275,5278,True
2024.11.01_09-01-40_sto_car_e2hex,5280,5280,True
2024.11.01_09-01-40_sto_car_e2hex,5282,5282,True
2024.11.01_09-01-40_sto_car_e2hex,5290,5397,True
2024.11.01_09-01-40_sto_car_e2hex,5399,7370,True
2024.10.18_12-59-49_Sto_car_prenac,1522,4023,True
2024.10.18_12-59-49_Sto_car_prenac,5159,5223,True
2024.10.18_12-59-49_Sto_car_prenac,5225,6408,True
2024.10.30_07-43-39_Stocago_metben,3,587,True
2024.10.30_07-43-39_Stocago_metben,1055,2120,True
2024.10.30_07-43-39_Stocago_metben,2122,2247,True
2024.10.30_07-43-39_Stocago_metben,2249,2573,True
2024.10.30_07-43-39_Stocago_metben,2575,2576,True
2024.10.30_07-43-39_Stocago_metben,2578,2650,True
2024.10.30_07-43-39_Stocago_metben,2653,2653,True
2024.10.30_07-43-39_Stocago_metben,2656,3318,True
2024.10.30_07-43-39_Stocago_metben,3321,3322,True
2024.10.30_07-43-39_Stocago_metben,3324,3327,True
2024.10.30_07-43-39_Stocago_metben,3329,3329,True
2024.10.30_07-43-39_Stocago_metben,3332,3336,True
2024.10.30_07-43-39_Stocago_metben,3338,3566,True
2024.10.30_07-43-39_Stocago_metben,5216,6853,True
2024.10.30_07-43-39_Stocago_metben,6860,7095,True
2024.10.30_07-43-39_Stocago_metben,7097,7191,True
2024.10.30_07-43-39_Stocago_metben,7194,7204,True
2024.10.30_07-43-39_Stocago_metben,7208,7212,True
2024.10.30_07-43-39_Stocago_metben,7215,7252,True
2024.10.30_07-43-39_Stocago_metben,7254,7291,True
2024.10.30_07-43-39_Stocago_metben,7293,7358,True
2024.10.30_07-43-39_Stocago_metben,7360,7361,True
2024.10.30_07-43-39_Stocago_metben,7363,7712,True
2024.10.30_07-43-39_Stocago_metben,7714,8453,True
2024.10.30_07-43-39_Stocago_metben,8455,8483,True
2024.10.30_07-43-39_Stocago_metben,8492,8501,True
2024.10.30_07-43-39_Stocago_metben,8503,8526,True
2024.10.30_07-43-39_Stocago_metben,8540,8575,True
2024.10.30_07-43-39_Stocago_metben,8588,8616,True
2024.10.03_14-13-23_Yakuba7_2hex,3,1568,True
2024.10.03_14-13-23_Yakuba7_2hex,2450,3172,True
2024.10.03_14-13-23_Yakuba7_2hex,3481,3508,True
2024.10.03_14-13-23_Yakuba7_2hex,3510,3517,True
2024.10.03_14-13-23_Yakuba7_2hex,3551,3562,True
2024.10.03_14-13-23_Yakuba7_2hex,3564,3567,True
2024.10.03_14-13-23_Yakuba7_2hex,4730,4761,True
2024.10.03_14-13-23_Yakuba7_2hex,4766,4773,True
2024.10.03_14-13-23_Yakuba7_2hex,4779,4779,True
2024.10.03_14-13-23_Yakuba7_2hex,4781,5558,True
2024.10.03_14-13-23_Yakuba7_2hex,5560,5578,True
2024.10.03_14-13-23_Yakuba7_2hex,5580,5582,True
2024.10.03_14-13-23_Yakuba7_2hex,5584,5596,True
2024.10.03_14-13-23_Yakuba7_2hex,5598,5606,True
2024.10.03_14-13-23_Yakuba7_2hex,5608,5611,True
2024.10.03_14-13-23_Yakuba7_2hex,5613,5613,True
2024.10.03_14-13-23_Yakuba7_2hex,5615,5617,True
2024.10.03_14-13-23_Yakuba7_2hex,5620,5626,True
2024.10.03_14-13-23_Yakuba7_2hex,5628,6857,True
2024.10.03_14-13-23_Yakuba7_2hex,6859,7427,True
2024.10.03_14-13-23_Yakuba7_2hex,8342,8999,True
2024.10.10_14-21-23_Biarmipes84_1hexanol,3,631,True
2024.10.10_14-21-23_Biarmipes84_1hexanol,1144,1145,True
2024.10.10_14-21-23_Biarmipes84_1hexanol,1147,1289,True
2024.10.10_14-21-23_Biarmipes84_1hexanol,1312,1329,True
2024.10.10_14-21-23_Biarmipes84_1hexanol,1331,1419,True
2024.10.10_14-21-23_Biarmipes84_1hexanol,1421,1424,True
2024.10.10_14-21-23_Biarmipes84_1hexanol,1427,1457,True
2024.10.10_14-21-23_Biarmipes84_1hexanol,1462,1572,True
2024.10.10_14-21-23_Biarmipes84_1hexanol,1670,1797,True
2024.10.10_14-21-23_Biarmipes84_1hexanol,1938,1955,True
2024.10.10_14-21-23_Biarmipes84_1hexanol,2461,2461,True
2024.10.10_14-21-23_Biarmipes84_1hexanol,2464,2475,True
2024.10.10_14-21-23_Biarmipes84_1hexanol,2862,3279,True
2024.10.10_14-21-23_Biarmipes84_1hexanol,3284,3320,True
2024.10.10_14-21-23_Biarmipes84_1hexanol,3331,3337,True
2024.10.10_14-21-23_Biarmipes84_1hexanol,3339,3364,True
2024.10.10_14-21-23_Biarmipes84_1hexanol,3368,3387,True
2024.10.10_14-21-23_Biarmipes84_1hexanol,3389,3389,True
2024.10.10_14-21-23_Biarmipes84_1hexanol,3398,4036,True
2024.10.10_14-21-23_Biarmipes84_1hexanol,4560,5194,True
2024.10.10_14-21-23_Biarmipes84_1hexanol,5254,5287,True
2024.10.10_14-21-23_Biarmipes84_1hexanol,5312,5315,True
2024.10.10_14-21-23_Biarmipes84_1hexanol,5319,5336,True
2024.10.10_14-21-23_Biarmipes84_1hexanol,5338,5340,True
2024.10.10_14-21-23_Biarmipes84_1hexanol,5342,5342,True
2024.10.10_14-21-23_Biarmipes84_1hexanol,5344,5345,True
2024.10.10_14-21-23_Biarmipes84_1hexanol,5349,5349,True
2024.10.10_14-21-23_Biarmipes84_1hexanol,5352,5354,True
2024.10.10_14-21-23_Biarmipes84_1hexanol,5356,5562,True
2024.10.10_14-21-23_Biarmipes84_1hexanol,6916,7317,True
2024.10.10_14-21-23_Biarmipes84_1hexanol,7319,7567,True
2024.10.10_14-21-23_Biarmipes84_1hexanol,8078,8086,True
2024.10.10_14-21-23_Biarmipes84_1hexanol,8117,8134,True
2024.10.10_14-21-23_Biarmipes84_1hexanol,8331,8990,True
2024.10.10_14-21-23_Biarmipes84_1hexanol,8999,8999,True
2024.10.28_06-33-08_Stocago_metben,3,1125,True
2024.10.28_06-33-08_Stocago_metben,2354,2405,True
2024.10.28_06-33-08_Stocago_metben,2408,2414,True
2024.10.28_06-33-08_Stocago_metben,2423,2762,True
2024.10.28_06-33-08_Stocago_metben,5378,7889,True
2024.10.28_06-33-08_Stocago_metben,7910,8135,True
2024.10.28_06-33-08_Stocago_metben,8161,8182,True
2024.10.28_06-33-08_Stocago_metben,8184,8190,True
2024.10.28_06-33-08_Stocago_metben,8212,8430,True
2024.10.28_06-33-08_Stocago_metben,8560,8572,True
2024.10.28_06-33-08_Stocago_metben,8668,8669,True
2024.10.28_06-33-08_Stocago_metben,8671,8672,True
2024.10.28_06-33-08_Stocago_metben,8721,8734,True
2024.10.28_06-33-08_Stocago_metben,8738,8743,True
2024.10.28_06-33-08_Stocago_metben,8745,8756,True
2024.10.28_06-33-08_Stocago_metben,8758,8767,True
2024.10.28_06-33-08_Stocago_metben,8769,8941,True
2024.10.28_06-33-08_Stocago_metben,8966,8968,True
2024.10.28_06-33-08_Stocago_metben,8970,8976,True
2024.10.28_06-33-08_Stocago_metben,8978,8978,True
2024.11.04_05-39-33_Stocago_e2hex,402,1290,True
2024.11.04_05-39-33_Stocago_e2hex,2025,2392,True
2024.11.04_05-39-33_Stocago_e2hex,2790,2872,True
2024.11.04_05-39-33_Stocago_e2hex,2887,2887,True
2024.11.04_05-39-33_Stocago_e2hex,2889,2889,True
2024.11.04_05-39-33_Stocago_e2hex,2907,2910,True
2024.11.04_05-39-33_Stocago_e2hex,2912,2914,True
2024.11.04_05-39-33_Stocago_e2hex,2916,2916,True
2024.11.04_05-39-33_Stocago_e2hex,2927,2927,True
2024.11.04_05-39-33_Stocago_e2hex,2930,3291,True
2024.11.04_05-39-33_Stocago_e2hex,3455,3517,True
2024.11.04_05-39-33_Stocago_e2hex,3543,3572,True
2024.11.04_05-39-33_Stocago_e2hex,3584,3586,True
2024.11.04_05-39-33_Stocago_e2hex,3589,3589,True
2024.11.04_05-39-33_Stocago_e2hex,3594,3594,True
2024.11.04_05-39-33_Stocago_e2hex,3598,3598,True
2024.11.04_05-39-33_Stocago_e2hex,3600,3600,True
2024.11.04_05-39-33_Stocago_e2hex,3604,3612,True
2024.11.04_05-39-33_Stocago_e2hex,3614,3614,True
2024.11.04_05-39-33_Stocago_e2hex,3620,3620,True
2024.11.04_05-39-33_Stocago_e2hex,3623,4287,True
2024.11.04_05-39-33_Stocago_e2hex,4746,5429,True
2024.11.04_05-39-33_Stocago_e2hex,6383,6385,True
2024.11.04_05-39-33_Stocago_e2hex,6450,6450,True
2024.11.04_05-39-33_Stocago_e2hex,6511,6528,True
2024.11.04_05-39-33_Stocago_e2hex,6790,6790,True
2024.11.04_05-39-33_Stocago_e2hex,6795,6796,True
2024.11.04_05-39-33_Stocago_e2hex,6798,6798,True
2024.11.04_05-39-33_Stocago_e2hex,6800,6801,True
2024.11.04_05-39-33_Stocago_e2hex,6803,6806,True
2024.11.04_05-39-33_Stocago_e2hex,6809,6813,True
2024.11.04_05-39-33_Stocago_e2hex,6815,6839,True
2024.11.04_05-39-33_Stocago_e2hex,6848,6848,True
2024.11.04_05-39-33_Stocago_e2hex,6850,6867,True
2024.11.04_05-39-33_Stocago_e2hex,6869,6871,True
2024.11.04_05-39-33_Stocago_e2hex,6873,6873,True
2024.11.04_05-39-33_Stocago_e2hex,6962,6962,True
2024.11.04_05-39-33_Stocago_e2hex,6967,8522,True
2024.09.25_15-20-22_Sto_cago_no_odor,158,192,True
2024.09.25_15-20-22_Sto_cago_no_odor,719,724,True
2024.09.25_15-20-22_Sto_cago_no_odor,726,772,True
2024.09.25_15-20-22_Sto_cago_no_odor,850,850,True
2024.09.25_15-20-22_Sto_cago_no_odor,868,906,True
2024.09.25_15-20-22_Sto_cago_no_odor,908,4072,True
2024.09.25_15-20-22_Sto_cago_no_odor,7951,7951,True
2024.09.25_15-20-22_Sto_cago_no_odor,7968,7968,True
2024.09.25_15-20-22_Sto_cago_no_odor,7975,7975,True
2024.09.25_15-20-22_Sto_cago_no_odor,8002,8005,True
2024.09.25_15-20-22_Sto_cago_no_odor,8009,8009,True
2024.09.25_15-20-22_Sto_cago_no_odor,8016,8017,True
2024.09.25_15-20-22_Sto_cago_no_odor,8022,8025,True
2024.09.25_15-20-22_Sto_cago_no_odor,8027,8027,True
2024.09.25_15-20-22_Sto_cago_no_odor,8030,8031,True
2024.09.25_15-20-22_Sto_cago_no_odor,8035,8037,True
2024.09.25_15-20-22_Sto_cago_no_odor,8039,8039,True
2024.09.25_15-20-22_Sto_cago_no_odor,8041,8043,True
2024.09.25_15-20-22_Sto_cago_no_odor,8045,8047,True
2024.09.25_15-20-22_Sto_cago_no_odor,8049,8049,True
2024.09.25_15-20-22_Sto_cago_no_odor,8052,8052,True
2024.09.25_15-20-22_Sto_cago_no_odor,8059,8060,True
2024.09.25_15-20-22_Sto_cago_no_odor,8063,8063,True
2024.09.25_15-20-22_Sto_cago_no_odor,8065,8065,True
2024.09.25_15-20-22_Sto_cago_no_odor,8073,8073,True
2024.09.25_15-20-22_Sto_cago_no_odor,8079,8080,True
2024.09.25_15-20-22_Sto_cago_no_odor,8096,8097,True
2024.09.25_15-20-22_Sto_cago_no_odor,8119,8119,True
2024.09.25_15-20-22_Sto_cago_no_odor,8138,8138,True
2024.09.25_15-20-22_Sto_cago_no_odor,8145,8145,True
2024.09.25_15-20-22_Sto_cago_no_odor,8155,8155,True
2024.09.25_15-20-22_Sto_cago_no_odor,8157,8157,True
2024.09.25_15-20-22_Sto_cago_no_odor,8160,8162,True
2024.09.25_15-20-22_Sto_cago_no_odor,8167,8168,True
2024.09.25_15-20-22_Sto_cago_no_odor,8171,8171,True
2024.09.25_15-20-22_Sto_cago_no_odor,8173,8174,True
2024.09.25_15-20-22_Sto_cago_no_odor,8178,8178,True
2024.09.25_15-20-22_Sto_cago_no_odor,8180,8180,True
2024.09.25_15-20-22_Sto_cago_no_odor,8183,8183,True
2024.09.25_15-20-22_Sto_cago_no_odor,8186,8186,True
2024.09.25_15-20-22_Sto_cago_no_odor,8192,8192,True
2024.09.25_15-20-22_Sto_cago_no_odor,8198,8198,True
2024.09.25_15-20-22_Sto_cago_no_odor,8200,8200,True
2024.09.25_15-20-22_Sto_cago_no_odor,8204,8204,True
2024.09.25_15-20-22_Sto_cago_no_odor,8209,8211,True
2024.09.25_15-20-22_Sto_cago_no_odor,8213,8213,True
2024.09.25_15-20-22_Sto_cago_no_odor,8216,8216,True
2024.09.25_15-20-22_Sto_cago_no_odor,8221,8224,True
2024.09.25_15-20-22_Sto_cago_no_odor,8227,8228,True
2024.09.25_15-20-22_Sto_cago_no_odor,8233,8233,True
2024.09.25_15-20-22_Sto_cago_no_odor,8235,8238,True
2024.09.25_15-20-22_Sto_cago_no_odor,8240,8242,True
2024.09.25_15-20-22_Sto_cago_no_odor,8246,8250,True
2024.09.25_15-20-22_Sto_cago_no_odor,8252,8255,True
2024.09.25_15-20-22_Sto_cago_no_odor,8257,8265,True
2024.09.25_15-20-22_Sto_cago_no_odor,8267,8270,True
2024.09.25_15-20-22_Sto_cago_no_odor,8272,8289,True
2024.09.25_15-20-22_Sto_cago_no_odor,8297,8298,True
2024.09.25_15-20-22_Sto_cago_no_odor,8302,8303,True
2024.09.25_15-20-22_Sto_cago_no_odor,8316,8326,True
2024.09.25_15-20-22_Sto_cago_no_odor,8353,8362,True
2024.09.25_15-20-22_Sto_cago_no_odor,8426,8557,True
2024.09.25_15-20-22_Sto_cago_no_odor,8559,8561,True
2024.09.25_15-20-22_Sto_cago_no_odor,8563,8563,True
2024.09.25_15-20-22_Sto_cago_no_odor,8565,8661,True
2024.09.25_15-20-22_Sto_cago_no_odor,8663,8855,True
2024.09.25_15-20-22_Sto_cago_no_odor,8857,8864,True
2024.09.25_15-20-22_Sto_cago_no_odor,8866,8877,True
2024.09.25_15-20-22_Sto_cago_no_odor,8879,8882,True
2024.09.25_15-20-22_Sto_cago_no_odor,8884,8889,True
2024.09.25_15-20-22_Sto_cago_no_odor,8891,8891,True
2024.09.25_15-20-22_Sto_cago_no_odor,8893,8901,True
2024.09.25_15-20-22_Sto_cago_no_odor,8905,8909,True
2024.09.25_15-20-22_Sto_cago_no_odor,8911,8912,True
2024.07.08_12-59-02_Riverside (E-2-Hex),3,911,True
2024.07.08_12-59-02_Riverside (E-2-Hex),1772,1772,True
2024.07.08_12-59-02_Riverside (E-2-Hex),1774,1777,True
2024.07.08_12-59-02_Riverside (E-2-Hex),1843,1894,True
2024.07.08_12-59-02_Riverside (E-2-Hex),1898,1899,True
2024.07.08_12-59-02_Riverside (E-2-Hex),1908,1920,True
2024.07.08_12-59-02_Riverside (E-2-Hex),1923,1923,True
2024.07.08_12-59-02_Riverside (E-2-Hex),1928,1962,True
2024.07.08_12-59-02_Riverside (E-2-Hex),1973,1973,True
2024.07.08_12-59-02_Riverside (E-2-Hex),1977,1977,True
2024.07.08_12-59-02_Riverside (E-2-Hex),1999,1999,True
2024.07.08_12-59-02_Riverside (E-2-Hex),2141,2141,True
2024.07.08_12-59-02_Riverside (E-2-Hex),2243,2243,True
2024.07.08_12-59-02_Riverside (E-2-Hex),2266,2711,True
2024.07.08_12-59-02_Riverside (E-2-Hex),2731,2793,True
2024.07.08_12-59-02_Riverside (E-2-Hex),2815,2815,True
2024.07.08_12-59-02_Riverside (E-2-Hex),2841,2842,True
2024.07.08_12-59-02_Riverside (E-2-Hex),4127,4127,True
2024.07.08_12-59-02_Riverside (E-2-Hex),4853,6472,True
2024.07.08_12-59-02_Riverside (E-2-Hex),6816,6925,True
2024.07.08_12-59-02_Riverside (E-2-Hex),6937,6937,True
2024.07.08_12-59-02_Riverside (E-2-Hex),6939,6993,True
2024.07.08_12-59-02_Riverside (E-2-Hex),6996,6996,True
2024.07.08_12-59-02_Riverside (E-2-Hex),7006,7006,True
2024.07.08_12-59-02_Riverside (E-2-Hex),8006,8006,True
2024.07.08_12-59-02_Riverside (E-2-Hex),8029,8030,True
2024.07.08_12-59-02_Riverside (E-2-Hex),8032,8034,True
2024.07.08_12-59-02_Riverside (E-2-Hex),8053,8054,True
2024.07.08_12-59-02_Riverside (E-2-Hex),8082,8086,True
2024.07.08_12-59-02_Riverside (E-2-Hex),8143,8146,True
2024.07.08_12-59-02_Riverside (E-2-Hex),8159,8161,True
2024.07.08_12-59-02_Riverside (E-2-Hex),8364,8367,True
2024.07.08_12-59-02_Riverside (E-2-Hex),8369,8370,True
2024.07.08_12-59-02_Riverside (E-2-Hex),8511,8511,True
2024.07.08_12-59-02_Riverside (E-2-Hex),8533,8539,True
2024.07.08_12-59-02_Riverside (E-2-Hex),8691,8999,True
2024.10.11_12-05-05_Sto_car_2hexanol,6,6,True
2024.10.11_12-05-05_Sto_car_2hexanol,9,9,True
2024.10.11_12-05-05_Sto_car_2hexanol,16,17,True
2024.10.11_12-05-05_Sto_car_2hexanol,49,52,True
2024.10.11_12-05-05_Sto_car_2hexanol,54,55,True
2024.10.11_12-05-05_Sto_car_2hexanol,58,59,True
2024.10.11_12-05-05_Sto_car_2hexanol,61,71,True
2024.10.11_12-05-05_Sto_car_2hexanol,73,73,True
2024.10.11_12-05-05_Sto_car_2hexanol,75,82,True
2024.10.11_12-05-05_Sto_car_2hexanol,96,109,True
2024.10.11_12-05-05_Sto_car_2hexanol,146,146,True
2024.10.11_12-05-05_Sto_car_2hexanol,148,148,True
2024.10.11_12-05-05_Sto_car_2hexanol,200,241,True
2024.10.11_12-05-05_Sto_car_2hexanol,251,251,True
2024.10.11_12-05-05_Sto_car_2hexanol,253,295,True
2024.10.11_12-05-05_Sto_car_2hexanol,1302,1326,True
2024.10.11_12-05-05_Sto_car_2hexanol,1379,1414,True
2024.10.11_12-05-05_Sto_car_2hexanol,1519,1522,True
2024.10.11_12-05-05_Sto_car_2hexanol,1989,1991,True
2024.10.11_12-05-05_Sto_car_2hexanol,1995,1995,True
2024.10.11_12-05-05_Sto_car_2hexanol,2002,2066,True
2024.10.11_12-05-05_Sto_car_2hexanol,2219,2262,True
2024.10.11_12-05-05_Sto_car_2hexanol,2276,2360,True
2024.10.11_12-05-05_Sto_car_2hexanol,2746,3677,True
2024.10.11_12-05-05_Sto_car_2hexanol,3972,4338,True
2024.10.11_12-05-05_Sto_car_2hexanol,4340,4340,True
2024.10.11_12-05-05_Sto_car_2hexanol,4348,4461,True
2024.10.11_12-05-05_Sto_car_2hexanol,4463,4463,True
2024.10.11_12-05-05_Sto_car_2hexanol,4488,4531,True
2024.10.11_12-05-05_Sto_car_2hexanol,4555,4616,True
2024.10.11_12-05-05_Sto_car_2hexanol,4618,4619,True
2024.10.11_12-05-05_Sto_car_2hexanol,4621,4621,True
2024.10.11_12-05-05_Sto_car_2hexanol,4623,4623,True
2024.10.11_12-05-05_Sto_car_2hexanol,4636,5183,True
2024.10.11_12-05-05_Sto_car_2hexanol,5186,5204,True
2024.10.11_12-05-05_Sto_car_2hexanol,6683,6940,True
2024.10.11_12-05-05_Sto_car_2hexanol,6988,7052,True
2024.10.11_12-05-05_Sto_car_2hexanol,7056,7056,True
2024.10.11_12-05-05_Sto_car_2hexanol,7062,7798,True
2024.10.11_12-05-05_Sto_car_2hexanol,7810,7865,True
2024.10.11_12-05-05_Sto_car_2hexanol,7869,7869,True
2024.10.11_12-05-05_Sto_car_2hexanol,7875,8782,True
2024.10.11_12-05-05_Sto_car_2hexanol,8910,8916,True
2024.10.11_12-05-05_Sto_car_2hexanol,8918,8919,True
2024.10.11_12-05-05_Sto_car_2hexanol,8921,8999,True
2024.10.02_09-38-28_Biarmipes_G224_no_odor,4925,5006,True
2024.10.02_09-38-28_Biarmipes_G224_no_odor,5396,5441,True
2024.10.02_09-38-28_Biarmipes_G224_no_odor,5737,6577,True
2024.10.02_09-38-28_Biarmipes_G224_no_odor,6649,7489,True
2024.10.02_09-38-28_Biarmipes_G224_no_odor,8463,8764,True
2024.10.02_09-38-28_Biarmipes_G224_no_odor,8845,8998,True
2024.10.01_09-36-42_Yakuba_cameroon_no_odor,203,212,True
2024.10.01_09-36-42_Yakuba_cameroon_no_odor,214,216,True
2024.10.01_09-36-42_Yakuba_cameroon_no_odor,218,243,True
2024.10.01_09-36-42_Yakuba_cameroon_no_odor,267,267,True
2024.10.01_09-36-42_Yakuba_cameroon_no_odor,269,1036,True
2024.10.01_09-36-42_Yakuba_cameroon_no_odor,2063,2071,True
2024.10.01_09-36-42_Yakuba_cameroon_no_odor,2089,4005,True
2024.10.01_09-36-42_Yakuba_cameroon_no_odor,4983,4988,True
2024.10.01_09-36-42_Yakuba_cameroon_no_odor,4990,4991,True
2024.10.01_09-36-42_Yakuba_cameroon_no_odor,5002,6226,True
2024.10.01_09-36-42_Yakuba_cameroon_no_odor,8594,8594,True
2024.10.01_09-36-42_Yakuba_cameroon_no_odor,8596,8999,True
2024.07.08_13-31-08_Riverside (E-2-Hex),102,102,True
2024.07.08_13-31-08_Riverside (E-2-Hex),108,109,True
2024.07.08_13-31-08_Riverside (E-2-Hex),283,283,True
2024.07.08_13-31-08_Riverside (E-2-Hex),403,460,True
2024.07.08_13-31-08_Riverside (E-2-Hex),462,633,True
2024.07.08_13-31-08_Riverside (E-2-Hex),826,826,True
2024.07.08_13-31-08_Riverside (E-2-Hex),1308,1321,True
2024.07.08_13-31-08_Riverside (E-2-Hex),1332,1333,True
2024.07.08_13-31-08_Riverside (E-2-Hex),1335,1370,True
2024.07.08_13-31-08_Riverside (E-2-Hex),1375,1375,True
2024.07.08_13-31-08_Riverside (E-2-Hex),1406,1479,True
2024.07.08_13-31-08_Riverside (E-2-Hex),1531,1537,True
2024.07.08_13-31-08_Riverside (E-2-Hex),1542,1545,True
2024.07.08_13-31-08_Riverside (E-2-Hex),1556,2009,True
2024.07.08_13-31-08_Riverside (E-2-Hex),2565,2623,True
2024.07.08_13-31-08_Riverside (E-2-Hex),2695,2707,True
2024.07.08_13-31-08_Riverside (E-2-Hex),2709,2719,True
2024.07.08_13-31-08_Riverside (E-2-Hex),2732,3553,True
2024.07.08_13-31-08_Riverside (E-2-Hex),4431,5817,True
2024.07.08_13-31-08_Riverside (E-2-Hex),6798,6799,True
2024.07.08_13-31-08_Riverside (E-2-Hex),6843,7486,True
2024.07.08_13-31-08_Riverside (E-2-Hex),8759,8759,True
2024.07.08_13-31-08_Riverside (E-2-Hex),8782,8782,True
2024.07.08_13-31-08_Riverside (E-2-Hex),8949,8953,True
2024.07.08_13-31-08_Riverside (E-2-Hex),8969,8999,True
2024.12.19_17-03-42_Riverside_prenac,3,1137,True
2024.12.19_17-03-42_Riverside_prenac,2873,3116,True
2024.12.19_17-03-42_Riverside_prenac,3684,4588,True
2024.12.19_17-03-42_Riverside_prenac,5231,8461,True
2024.11.25_19-34-49_Biarmipes84_no_odor,3,300,True
2024.11.25_19-34-49_Biarmipes84_no_odor,2541,2542,True
2024.11.25_19-34-49_Biarmipes84_no_odor,2584,2585,True
2024.11.25_19-34-49_Biarmipes84_no_odor,2587,2596,True
2024.11.25_19-34-49_Biarmipes84_no_odor,2598,2598,True
2024.11.25_19-34-49_Biarmipes84_no_odor,2601,2603,True
2024.11.25_19-34-49_Biarmipes84_no_odor,2607,2614,True
2024.11.25_19-34-49_Biarmipes84_no_odor,2616,2616,True
2024.11.25_19-34-49_Biarmipes84_no_odor,2622,2623,True
2024.11.25_19-34-49_Biarmipes84_no_odor,2628,2636,True
2024.11.25_19-34-49_Biarmipes84_no_odor,2638,2644,True
2024.11.25_19-34-49_Biarmipes84_no_odor,2646,2649,True
2024.11.25_19-34-49_Biarmipes84_no_odor,2652,2657,True
2024.11.25_19-34-49_Biarmipes84_no_odor,2659,2661,True
2024.11.25_19-34-49_Biarmipes84_no_odor,2663,2670,True
2024.11.25_19-34-49_Biarmipes84_no_odor,2672,2676,True
2024.11.25_19-34-49_Biarmipes84_no_odor,2678,2678,True
2024.11.25_19-34-49_Biarmipes84_no_odor,2680,2681,True
2024.11.25_19-34-49_Biarmipes84_no_odor,2683,2686,True
2024.11.25_19-34-49_Biarmipes84_no_odor,2690,2690,True
2024.11.25_19-34-49_Biarmipes84_no_odor,2692,2693,True
2024.11.25_19-34-49_Biarmipes84_no_odor,2695,2698,True
2024.11.25_19-34-49_Biarmipes84_no_odor,2700,2701,True
2024.11.25_19-34-49_Biarmipes84_no_odor,2703,2707,True
2024.11.25_19-34-49_Biarmipes84_no_odor,2709,2711,True
2024.11.25_19-34-49_Biarmipes84_no_odor,2713,2714,True
2024.11.25_19-34-49_Biarmipes84_no_odor,2718,2718,True
2024.11.25_19-34-49_Biarmipes84_no_odor,2720,2721,True
2024.11.25_19-34-49_Biarmipes84_no_odor,2723,2730,True
2024.11.25_19-34-49_Biarmipes84_no_odor,2737,2738,True
2024.11.25_19-34-49_Biarmipes84_no_odor,2745,2745,True
2024.11.25_19-34-49_Biarmipes84_no_odor,2748,2750,True
2024.11.25_19-34-49_Biarmipes84_no_odor,2752,2753,True
2024.11.25_19-34-49_Biarmipes84_no_odor,2755,2755,True
2024.11.25_19-34-49_Biarmipes84_no_odor,2757,2757,True
2024.11.25_19-34-49_Biarmipes84_no_odor,2762,2763,True
2024.11.25_19-34-49_Biarmipes84_no_odor,2766,2767,True
2024.11.25_19-34-49_Biarmipes84_no_odor,2769,2770,True
2024.11.25_19-34-49_Biarmipes84_no_odor,2772,2773,True
2024.11.25_19-34-49_Biarmipes84_no_odor,2775,2776,True
2024.11.25_19-34-49_Biarmipes84_no_odor,2779,2779,True
2024.11.25_19-34-49_Biarmipes84_no_odor,2782,2782,True
2024.11.25_19-34-49_Biarmipes84_no_odor,2786,2789,True
2024.11.25_19-34-49_Biarmipes84_no_odor,2791,2791,True
2024.11.25_19-34-49_Biarmipes84_no_odor,2793,2796,True
2024.11.25_19-34-49_Biarmipes84_no_odor,2798,2798,True
2024.11.25_19-34-49_Biarmipes84_no_odor,2800,2801,True
2024.11.25_19-34-49_Biarmipes84_no_odor,2807,2807,True
2024.11.25_19-34-49_Biarmipes84_no_odor,2810,2812,True
2024.11.25_19-34-49_Biarmipes84_no_odor,2816,2817,True
2024.11.25_19-34-49_Biarmipes84_no_odor,2819,2823,True
2024.11.25_19-34-49_Biarmipes84_no_odor,2830,2830,True
2024.11.25_19-34-49_Biarmipes84_no_odor,2832,3286,True
2024.11.25_19-34-49_Biarmipes84_no_odor,3288,3334,True
2024.11.25_19-34-49_Biarmipes84_no_odor,3336,3524,True
2024.11.25_19-34-49_Biarmipes84_no_odor,3578,3595,True
2024.11.25_19-34-49_Biarmipes84_no_odor,3597,3632,True
2024.11.25_19-34-49_Biarmipes84_no_odor,3634,3643,True
2024.11.25_19-34-49_Biarmipes84_no_odor,3654,3656,True
2024.11.25_19-34-49_Biarmipes84_no_odor,3665,3665,True
2024.11.25_19-34-49_Biarmipes84_no_odor,3667,3668,True
2024.11.25_19-34-49_Biarmipes84_no_odor,3673,3674,True
2024.11.25_19-34-49_Biarmipes84_no_odor,3677,3678,True
2024.11.25_19-34-49_Biarmipes84_no_odor,3681,3681,True
2024.11.25_19-34-49_Biarmipes84_no_odor,3683,3684,True
2024.11.25_19-34-49_Biarmipes84_no_odor,3686,3709,True
2024.11.25_19-34-49_Biarmipes84_no_odor,3711,3723,True
2024.11.25_19-34-49_Biarmipes84_no_odor,3725,3727,True
2024.11.25_19-34-49_Biarmipes84_no_odor,3961,3982,True
2024.11.25_19-34-49_Biarmipes84_no_odor,3984,4002,True
2024.11.25_19-34-49_Biarmipes84_no_odor,4004,4010,True
2024.11.25_19-34-49_Biarmipes84_no_odor,4015,4036,True
2024.11.25_19-34-49_Biarmipes84_no_odor,4038,4040,True
2024.11.25_19-34-49_Biarmipes84_no_odor,4042,4044,True
2024.11.25_19-34-49_Biarmipes84_no_odor,4046,4047,True
2024.11.25_19-34-49_Biarmipes84_no_odor,4049,4065,True
2024.11.25_19-34-49_Biarmipes84_no_odor,4067,4071,True
2024.11.25_19-34-49_Biarmipes84_no_odor,4073,4080,True
2024.11.25_19-34-49_Biarmipes84_no_odor,4082,4087,True
2024.11.25_19-34-49_Biarmipes84_no_odor,4089,4097,True
2024.11.25_19-34-49_Biarmipes84_no_odor,4099,4139,True
2024.11.25_19-34-49_Biarmipes84_no_odor,4144,4147,True
2024.11.25_19-34-49_Biarmipes84_no_odor,4150,4150,True
2024.11.25_19-34-49_Biarmipes84_no_odor,4153,4157,True
2024.11.25_19-34-49_Biarmipes84_no_odor,4159,4161,True
2024.11.25_19-34-49_Biarmipes84_no_odor,4164,4166,True
2024.11.25_19-34-49_Biarmipes84_no_odor,4171,4181,True
2024.11.25_19-34-49_Biarmipes84_no_odor,4183,4185,True
2024.11.25_19-34-49_Biarmipes84_no_odor,4187,4187,True
2024.11.25_19-34-49_Biarmipes84_no_odor,4189,4284,True
2024.11.25_19-34-49_Biarmipes84_no_odor,4286,4293,True
2024.11.25_19-34-49_Biarmipes84_no_odor,4295,4305,True
2024.11.25_19-34-49_Biarmipes84_no_odor,4307,4313,True
2024.11.25_19-34-49_Biarmipes84_no_odor,4315,4323,True
2024.11.25_19-34-49_Biarmipes84_no_odor,4325,4325,True
2024.11.25_19-34-49_Biarmipes84_no_odor,4327,4328,True
2024.11.25_19-34-49_Biarmipes84_no_odor,4330,4340,True
2024.11.25_19-34-49_Biarmipes84_no_odor,4342,4344,True
2024.11.25_19-34-49_Biarmipes84_no_odor,4349,4349,True
2024.11.25_19-34-49_Biarmipes84_no_odor,4352,4354,True
2024.11.25_19-34-49_Biarmipes84_no_odor,4358,4360,True
2024.11.25_19-34-49_Biarmipes84_no_odor,4362,4368,True
2024.11.25_19-34-49_Biarmipes84_no_odor,4370,4373,True
2024.11.25_19-34-49_Biarmipes84_no_odor,4375,4384,True
2024.11.25_19-34-49_Biarmipes84_no_odor,4386,4522,True
2024.11.25_19-34-49_Biarmipes84_no_odor,4524,4561,True
2024.11.25_19-34-49_Biarmipes84_no_odor,4563,4582,True
2024.11.25_19-34-49_Biarmipes84_no_odor,4584,4726,True
2024.11.25_19-34-49_Biarmipes84_no_odor,4728,4751,True
2024.11.25_19-34-49_Biarmipes84_no_odor,4753,4766,True
2024.11.25_19-34-49_Biarmipes84_no_odor,4768,4768,True
2024.11.25_19-34-49_Biarmipes84_no_odor,4770,4772,True
2024.11.25_19-34-49_Biarmipes84_no_odor,4774,4788,True
2024.11.25_19-34-49_Biarmipes84_no_odor,4790,4796,True
2024.11.25_19-34-49_Biarmipes84_no_odor,4798,4799,True
2024.11.25_19-34-49_Biarmipes84_no_odor,4801,4807,True
2024.11.25_19-34-49_Biarmipes84_no_odor,4809,4812,True
2024.11.25_19-34-49_Biarmipes84_no_odor,4814,4820,True
2024.11.25_19-34-49_Biarmipes84_no_odor,4823,4829,True
2024.11.25_19-34-49_Biarmipes84_no_odor,4835,4837,True
2024.11.25_19-34-49_Biarmipes84_no_odor,4841,4843,True
2024.11.25_19-34-49_Biarmipes84_no_odor,4846,4847,True
2024.11.25_19-34-49_Biarmipes84_no_odor,4849,4850,True
2024.11.25_19-34-49_Biarmipes84_no_odor,4852,4852,True
2024.11.25_19-34-49_Biarmipes84_no_odor,4854,4854,True
2024.11.25_19-34-49_Biarmipes84_no_odor,4856,4856,True
2024.11.25_19-34-49_Biarmipes84_no_odor,4859,4860,True
2024.11.25_19-34-49_Biarmipes84_no_odor,4862,4867,True
2024.11.25_19-34-49_Biarmipes84_no_odor,4869,4887,True
2024.11.25_19-34-49_Biarmipes84_no_odor,4891,4899,True
2024.11.25_19-34-49_Biarmipes84_no_odor,4902,4904,True
2024.11.25_19-34-49_Biarmipes84_no_odor,4906,4906,True
2024.11.25_19-34-49_Biarmipes84_no_odor,4908,4908,True
2024.11.25_19-34-49_Biarmipes84_no_odor,4915,4916,True
2024.11.25_19-34-49_Biarmipes84_no_odor,4918,4918,True
2024.11.25_19-34-49_Biarmipes84_no_odor,4920,4922,True
2024.11.25_19-34-49_Biarmipes84_no_odor,4927,4930,True
2024.11.25_19-34-49_Biarmipes84_no_odor,4932,4932,True
2024.11.25_19-34-49_Biarmipes84_no_odor,4934,4935,True
2024.11.25_19-34-49_Biarmipes84_no_odor,4938,4938,True
2024.11.25_19-34-49_Biarmipes84_no_odor,4940,4940,True
2024.11.25_19-34-49_Biarmipes84_no_odor,4943,4943,True
2024.11.25_19-34-49_Biarmipes84_no_odor,4945,4948,True
2024.11.25_19-34-49_Biarmipes84_no_odor,4951,4960,True
2024.11.25_19-34-49_Biarmipes84_no_odor,4962,4966,True
2024.11.25_19-34-49_Biarmipes84_no_odor,4971,4972,True
2024.11.25_19-34-49_Biarmipes84_no_odor,4974,4976,True
2024.11.25_19-34-49_Biarmipes84_no_odor,4978,4980,True
2024.11.25_19-34-49_Biarmipes84_no_odor,4982,4982,True
2024.11.25_19-34-49_Biarmipes84_no_odor,4984,4984,True
2024.11.25_19-34-49_Biarmipes84_no_odor,4986,4997,True
2024.11.25_19-34-49_Biarmipes84_no_odor,4999,5001,True
2024.11.25_19-34-49_Biarmipes84_no_odor,5003,5017,True
2024.11.25_19-34-49_Biarmipes84_no_odor,5026,5041,True
2024.11.25_19-34-49_Biarmipes84_no_odor,5043,5047,True
2024.11.25_19-34-49_Biarmipes84_no_odor,5055,5058,True
2024.11.25_19-34-49_Biarmipes84_no_odor,5060,5068,True
2024.11.25_19-34-49_Biarmipes84_no_odor,5071,5072,True
2024.11.25_19-34-49_Biarmipes84_no_odor,5074,5090,True
2024.11.25_19-34-49_Biarmipes84_no_odor,5092,5119,True
2024.11.25_19-34-49_Biarmipes84_no_odor,5121,5121,True
2024.11.25_19-34-49_Biarmipes84_no_odor,5123,5125,True
2024.11.25_19-34-49_Biarmipes84_no_odor,5127,5133,True
2024.11.25_19-34-49_Biarmipes84_no_odor,5136,5138,True
2024.11.25_19-34-49_Biarmipes84_no_odor,5144,5145,True
2024.11.25_19-34-49_Biarmipes84_no_odor,5147,5158,True
2024.11.25_19-34-49_Biarmipes84_no_odor,5160,5985,True
2024.11.25_19-34-49_Biarmipes84_no_odor,6049,6064,True
2024.11.25_19-34-49_Biarmipes84_no_odor,6078,6106,True
2024.11.25_19-34-49_Biarmipes84_no_odor,6108,6186,True
2024.11.25_19-34-49_Biarmipes84_no_odor,6188,6202,True
2024.11.25_19-34-49_Biarmipes84_no_odor,6204,6205,True
2024.11.25_19-34-49_Biarmipes84_no_odor,6207,6216,True
2024.11.25_19-34-49_Biarmipes84_no_odor,6218,6219,True
2024.11.25_19-34-49_Biarmipes84_no_odor,6223,6243,True
2024.11.25_19-34-49_Biarmipes84_no_odor,6245,6245,True
2024.11.25_19-34-49_Biarmipes84_no_odor,6247,6254,True
2024.11.25_19-34-49_Biarmipes84_no_odor,6256,6257,True
2024.11.25_19-34-49_Biarmipes84_no_odor,6259,6259,True
2024.11.25_19-34-49_Biarmipes84_no_odor,6261,6261,True
2024.11.25_19-34-49_Biarmipes84_no_odor,6263,6268,True
2024.11.25_19-34-49_Biarmipes84_no_odor,6270,6278,True
2024.11.25_19-34-49_Biarmipes84_no_odor,6280,6282,True
2024.11.25_19-34-49_Biarmipes84_no_odor,6284,6292,True
2024.11.25_19-34-49_Biarmipes84_no_odor,6294,6302,True
2024.11.25_19-34-49_Biarmipes84_no_odor,6322,6325,True
2024.11.25_19-34-49_Biarmipes84_no_odor,6327,6334,True
2024.11.25_19-34-49_Biarmipes84_no_odor,6370,6378,True
2024.11.25_19-34-49_Biarmipes84_no_odor,6380,6385,True
2024.11.25_19-34-49_Biarmipes84_no_odor,6388,6401,True
2024.11.25_19-34-49_Biarmipes84_no_odor,6427,6432,True
2024.11.25_19-34-49_Biarmipes84_no_odor,6434,6482,True
2024.11.25_19-34-49_Biarmipes84_no_odor,6484,6837,True
2024.11.25_19-34-49_Biarmipes84_no_odor,6943,6943,True
2024.11.25_19-34-49_Biarmipes84_no_odor,6987,6995,True
2024.11.25_19-34-49_Biarmipes84_no_odor,6998,7005,True
2024.11.25_19-34-49_Biarmipes84_no_odor,7007,7051,True
2024.11.25_19-34-49_Biarmipes84_no_odor,7093,7094,True
2024.11.25_19-34-49_Biarmipes84_no_odor,7098,7100,True
2024.11.25_19-34-49_Biarmipes84_no_odor,7256,7285,True
2024.10.03_10-52-43_CantonS_metbut,75,2103,True
2024.10.03_10-52-43_CantonS_metbut,2199,3277,True
2024.10.03_10-52-43_CantonS_metbut,3280,4263,True
2024.10.03_10-52-43_CantonS_metbut,4265,4300,True
2024.10.03_10-52-43_CantonS_metbut,4302,4337,True
2024.10.03_10-52-43_CantonS_metbut,4348,4350,True
2024.10.03_10-52-43_CantonS_metbut,4353,4360,True
2024.10.03_10-52-43_CantonS_metbut,5623,5763,True
2024.10.03_10-52-43_CantonS_metbut,5765,5779,True
2024.10.03_10-52-43_CantonS_metbut,5782,5782,True
2024.10.03_10-52-43_CantonS_metbut,5784,5784,True
2024.10.03_10-52-43_CantonS_metbut,5807,5808,True
2024.10.03_10-52-43_CantonS_metbut,5810,6449,True
2024.10.25_08-43-37_Sussex_metben,1045,1474,True
2024.10.25_08-43-37_Sussex_metben,1549,1662,True
2024.10.25_08-43-37_Sussex_metben,1664,1674,True
2024.10.25_08-43-37_Sussex_metben,1676,1680,True
2024.10.25_08-43-37_Sussex_metben,1683,1685,True
2024.10.25_08-43-37_Sussex_metben,1688,1690,True
2024.10.25_08-43-37_Sussex_metben,1692,1707,True
2024.10.25_08-43-37_Sussex_metben,1709,1712,True
2024.10.25_08-43-37_Sussex_metben,1714,1761,True
2024.10.25_08-43-37_Sussex_metben,1764,1800,True
2024.10.25_08-43-37_Sussex_metben,2833,3059,True
2024.10.25_08-43-37_Sussex_metben,3148,3489,True
2024.10.25_08-43-37_Sussex_metben,3702,3705,True
2024.10.25_08-43-37_Sussex_metben,3707,4881,True
2024.10.25_08-43-37_Sussex_metben,6277,6281,True
2024.10.25_08-43-37_Sussex_metben,6283,6296,True
2024.10.25_08-43-37_Sussex_metben,6298,6418,True
2024.10.25_08-43-37_Sussex_metben,6675,6677,True
2024.10.25_08-43-37_Sussex_metben,6679,6679,True
2024.10.25_08-43-37_Sussex_metben,6690,6690,True
2024.10.25_08-43-37_Sussex_metben,6692,6694,True
2024.10.25_08-43-37_Sussex_metben,6703,6703,True
2024.10.25_08-43-37_Sussex_metben,6706,6706,True
2024.10.25_08-43-37_Sussex_metben,6708,6712,True
2024.10.25_08-43-37_Sussex_metben,6736,6743,True
2024.10.25_08-43-37_Sussex_metben,6745,6746,True
2024.10.25_08-43-37_Sussex_metben,6757,6766,True
2024.10.25_08-43-37_Sussex_metben,6768,6774,True
2024.10.25_08-43-37_Sussex_metben,6779,6779,True
2024.10.25_08-43-37_Sussex_metben,6782,6782,True
2024.10.25_08-43-37_Sussex_metben,6791,6791,True
2024.10.25_08-43-37_Sussex_metben,6803,6804,True
2024.10.25_08-43-37_Sussex_metben,6808,6815,True
2024.10.25_08-43-37_Sussex_metben,6818,6821,True
2024.10.25_08-43-37_Sussex_metben,6823,6824,True
2024.10.25_08-43-37_Sussex_metben,6958,6973,True
2024.10.25_08-43-37_Sussex_metben,6975,6975,True
2024.10.25_08-43-37_Sussex_metben,6980,6981,True
2024.10.25_08-43-37_Sussex_metben,6983,6983,True
2024.10.25_08-43-37_Sussex_metben,6986,7002,True
2024.10.25_08-43-37_Sussex_metben,7004,7004,True
2024.10.25_08-43-37_Sussex_metben,7006,7008,True
2024.10.25_08-43-37_Sussex_metben,7010,7010,True
2024.10.25_08-43-37_Sussex_metben,7013,8970,True
2024.10.24_12-17-03_Riverside_metben,3,1125,True
2024.10.24_12-17-03_Riverside_metben,1127,1343,True
2024.10.24_12-17-03_Riverside_metben,3685,4350,True
2024.10.24_12-17-03_Riverside_metben,6230,6239,True
2024.10.24_12-17-03_Riverside_metben,6242,6251,True
2024.10.24_12-17-03_Riverside_metben,6253,6253,True
2024.10.24_12-17-03_Riverside_metben,6255,6256,True
2024.10.24_12-17-03_Riverside_metben,6259,6260,True
2024.10.24_12-17-03_Riverside_metben,6262,6266,True
2024.10.24_12-17-03_Riverside_metben,6268,6268,True
2024.10.24_12-17-03_Riverside_metben,6270,6270,True
2024.10.24_12-17-03_Riverside_metben,6272,6283,True
2024.10.24_12-17-03_Riverside_metben,6290,6290,True
2024.10.24_12-17-03_Riverside_metben,6292,6320,True
2024.10.24_12-17-03_Riverside_metben,6333,6347,True
2024.10.24_12-17-03_Riverside_metben,6350,6352,True
2024.10.24_12-17-03_Riverside_metben,6356,6357,True
2024.10.24_12-17-03_Riverside_metben,6363,6364,True
2024.10.24_12-17-03_Riverside_metben,6367,6378,True
2024.10.24_12-17-03_Riverside_metben,6380,6383,True
2024.10.24_12-17-03_Riverside_metben,6387,6392,True
2024.10.24_12-17-03_Riverside_metben,6409,6431,True
2024.10.24_12-17-03_Riverside_metben,6477,6477,True
2024.10.24_12-17-03_Riverside_metben,6498,6498,True
2024.10.24_12-17-03_Riverside_metben,6537,6537,True
2024.10.24_12-17-03_Riverside_metben,6541,6550,True
2024.10.24_12-17-03_Riverside_metben,6552,6553,True
2024.10.24_12-17-03_Riverside_metben,6565,6565,True
2024.10.24_12-17-03_Riverside_metben,6567,6569,True
2024.10.24_12-17-03_Riverside_metben,6571,6595,True
2024.10.24_12-17-03_Riverside_metben,6598,6604,True
2024.10.24_12-17-03_Riverside_metben,6630,6636,True
2024.10.24_12-17-03_Riverside_metben,6640,6642,True
2024.10.24_12-17-03_Riverside_metben,6644,6667,True
2024.10.24_12-17-03_Riverside_metben,6680,6680,True
2024.10.24_12-17-03_Riverside_metben,6840,6842,True
2024.10.24_12-17-03_Riverside_metben,6844,6859,True
2024.10.24_12-17-03_Riverside_metben,6861,6879,True
2024.10.24_12-17-03_Riverside_metben,6914,6916,True
2024.10.24_12-17-03_Riverside_metben,6918,6918,True
2024.10.24_12-17-03_Riverside_metben,6922,6934,True
2024.10.24_12-17-03_Riverside_metben,7169,7169,True
2024.10.24_12-17-03_Riverside_metben,7172,7173,True
2024.10.24_12-17-03_Riverside_metben,7180,7180,True
2024.10.24_12-17-03_Riverside_metben,7221,7224,True
2024.10.24_12-17-03_Riverside_metben,7230,7234,True
2024.10.24_12-17-03_Riverside_metben,7237,7239,True
2024.10.24_12-17-03_Riverside_metben,7241,7246,True
2024.10.24_12-17-03_Riverside_metben,7248,7252,True
2024.10.24_12-17-03_Riverside_metben,7254,7255,True
2024.10.24_12-17-03_Riverside_metben,7257,7262,True
2024.10.24_12-17-03_Riverside_metben,7264,7264,True
2024.10.24_12-17-03_Riverside_metben,7279,7283,True
2024.10.24_12-17-03_Riverside_metben,7285,7287,True
2024.10.24_12-17-03_Riverside_metben,7289,7290,True
2024.10.24_12-17-03_Riverside_metben,7293,7293,True
2024.10.24_12-17-03_Riverside_metben,7295,7300,True
2024.10.24_12-17-03_Riverside_metben,7304,8999,True
2024.10.10_13-28-11_Biarmipes84_1hexanol,1955,2947,True
2024.10.10_13-28-11_Biarmipes84_1hexanol,3159,3546,True
2024.10.10_13-28-11_Biarmipes84_1hexanol,4132,4863,True
2024.10.10_13-28-11_Biarmipes84_1hexanol,4865,4887,True
2024.10.10_13-28-11_Biarmipes84_1hexanol,4917,4968,True
2024.10.10_13-28-11_Biarmipes84_1hexanol,4971,5007,True
2024.10.10_13-28-11_Biarmipes84_1hexanol,5017,5052,True
2024.10.10_13-28-11_Biarmipes84_1hexanol,5070,5079,True
2024.10.10_13-28-11_Biarmipes84_1hexanol,5084,5335,True
2024.10.10_13-28-11_Biarmipes84_1hexanol,5339,5365,True
2024.10.10_13-28-11_Biarmipes84_1hexanol,5368,5369,True
2024.10.10_13-28-11_Biarmipes84_1hexanol,5371,5389,True
2024.10.10_13-28-11_Biarmipes84_1hexanol,5391,5419,True
2024.10.10_13-28-11_Biarmipes84_1hexanol,5421,5421,True
2024.10.10_13-28-11_Biarmipes84_1hexanol,5426,5508,True
2024.10.10_13-28-11_Biarmipes84_1hexanol,5510,5516,True
2024.10.10_13-28-11_Biarmipes84_1hexanol,5534,5577,True
2024.10.10_13-28-11_Biarmipes84_1hexanol,5580,5595,True
2024.10.10_13-28-11_Biarmipes84_1hexanol,5597,5607,True
2024.10.10_13-28-11_Biarmipes84_1hexanol,5610,5842,True
2024.10.10_13-28-11_Biarmipes84_1hexanol,5862,5873,True
2024.10.10_13-28-11_Biarmipes84_1hexanol,5875,5900,True
2024.10.10_13-28-11_Biarmipes84_1hexanol,5921,5936,True
2024.10.10_13-28-11_Biarmipes84_1hexanol,5939,5940,True
2024.10.10_13-28-11_Biarmipes84_1hexanol,5944,5964,True
2024.10.10_13-28-11_Biarmipes84_1hexanol,6549,6613,True
2024.10.10_13-28-11_Biarmipes84_1hexanol,6615,6641,True
2024.10.10_13-28-11_Biarmipes84_1hexanol,6659,6689,True
2024.10.10_13-28-11_Biarmipes84_1hexanol,6692,6725,True
2024.10.10_13-28-11_Biarmipes84_1hexanol,6727,6727,True
2024.10.10_13-28-11_Biarmipes84_1hexanol,6730,6730,True
2024.10.10_13-28-11_Biarmipes84_1hexanol,6732,6865,True
2024.10.10_13-28-11_Biarmipes84_1hexanol,6890,6914,True
2024.10.10_13-28-11_Biarmipes84_1hexanol,6938,6942,True
2024.10.10_13-28-11_Biarmipes84_1hexanol,6944,6972,True
2024.10.10_13-28-11_Biarmipes84_1hexanol,7286,7307,True
2024.10.10_13-28-11_Biarmipes84_1hexanol,7936,8067,True
2024.10.10_13-28-11_Biarmipes84_1hexanol,8083,8174,True
2024.10.10_13-28-11_Biarmipes84_1hexanol,8219,8219,True
2024.10.10_13-28-11_Biarmipes84_1hexanol,8221,8264,True
2024.10.10_13-28-11_Biarmipes84_1hexanol,8269,8813,True
2024.10.10_13-28-11_Biarmipes84_1hexanol,8815,8999,True
2025.04.08_12-19-48_Riverside_metbut,3,726,True
2025.04.08_12-19-48_Riverside_metbut,1066,1068,True
2025.04.08_12-19-48_Riverside_metbut,1070,1070,True
2025.04.08_12-19-48_Riverside_metbut,1072,1087,True
2025.04.08_12-19-48_Riverside_metbut,1090,1091,True
2025.04.08_12-19-48_Riverside_metbut,1099,1101,True
2025.04.08_12-19-48_Riverside_metbut,1103,1769,True
2025.04.08_12-19-48_Riverside_metbut,5343,5562,True
2025.04.08_12-19-48_Riverside_metbut,5566,5987,True
2025.04.08_12-19-48_Riverside_metbut,5989,6261,True
2025.04.08_12-19-48_Riverside_metbut,6263,6314,True
2025.04.08_12-19-48_Riverside_metbut,6317,6318,True
2025.04.08_12-19-48_Riverside_metbut,6320,6384,True
2025.04.08_12-19-48_Riverside_metbut,6386,6655,True
2025.04.08_12-19-48_Riverside_metbut,6660,6672,True
2025.04.08_12-19-48_Riverside_metbut,6679,6685,True
2025.04.08_12-19-48_Riverside_metbut,6697,6705,True
2025.04.08_12-19-48_Riverside_metbut,6707,8999,True
2024.10.30_10-09-39_sussex_metben,437,585,True
2024.10.30_10-09-39_sussex_metben,1878,3537,True
2024.10.30_10-09-39_sussex_metben,6532,6688,True
2024.10.30_10-09-39_sussex_metben,7317,7318,True
2024.10.30_10-09-39_sussex_metben,7325,7325,True
2024.10.30_10-09-39_sussex_metben,7327,7327,True
2024.10.30_10-09-39_sussex_metben,7345,7347,True
2024.10.30_10-09-39_sussex_metben,7349,7350,True
2024.10.30_10-09-39_sussex_metben,7352,7356,True
2024.10.30_10-09-39_sussex_metben,7358,7359,True
2024.10.30_10-09-39_sussex_metben,7362,7367,True
2024.10.30_10-09-39_sussex_metben,7369,7378,True
2024.10.30_10-09-39_sussex_metben,7381,7381,True
2024.10.30_10-09-39_sussex_metben,7383,7386,True
2024.10.30_10-09-39_sussex_metben,7388,7388,True
2024.10.30_10-09-39_sussex_metben,7390,7399,True
2024.10.30_10-09-39_sussex_metben,7401,7404,True
2024.10.30_10-09-39_sussex_metben,7407,7410,True
2024.10.30_10-09-39_sussex_metben,7412,7416,True
2024.10.30_10-09-39_sussex_metben,7419,7421,True
2024.10.30_10-09-39_sussex_metben,7426,7454,True
2024.10.30_10-09-39_sussex_metben,7457,7458,True
2024.10.30_10-09-39_sussex_metben,7460,7462,True
2024.10.30_10-09-39_sussex_metben,7464,7470,True
2024.10.30_10-09-39_sussex_metben,7474,7477,True
2024.10.30_10-09-39_sussex_metben,7479,7483,True
2024.10.30_10-09-39_sussex_metben,7485,7485,True
2024.10.30_10-09-39_sussex_metben,7487,7487,True
2024.10.30_10-09-39_sussex_metben,7491,7493,True
2024.10.30_10-09-39_sussex_metben,7495,7500,True
2024.10.30_10-09-39_sussex_metben,7502,7504,True
2024.10.30_10-09-39_sussex_metben,7506,7506,True
2024.10.30_10-09-39_sussex_metben,7508,7517,True
2024.10.30_10-09-39_sussex_metben,7519,7520,True
2024.10.30_10-09-39_sussex_metben,7522,7540,True
2024.10.30_10-09-39_sussex_metben,7542,7545,True
2024.10.30_10-09-39_sussex_metben,7547,7575,True
2024.10.30_10-09-39_sussex_metben,7577,7706,True
2024.10.30_10-09-39_sussex_metben,7708,7709,True
2024.10.30_10-09-39_sussex_metben,7711,7729,True
2024.10.30_10-09-39_sussex_metben,7731,7732,True
2024.10.30_10-09-39_sussex_metben,7734,7737,True
2024.10.30_10-09-39_sussex_metben,7739,7742,True
2024.10.30_10-09-39_sussex_metben,7745,7748,True
2024.10.30_10-09-39_sussex_metben,7750,7833,True
2024.10.30_10-09-39_sussex_metben,7835,7856,True
2024.10.30_10-09-39_sussex_metben,7858,7872,True
2024.10.30_10-09-39_sussex_metben,7874,7876,True
2024.10.30_10-09-39_sussex_metben,7894,7911,True
2024.10.11_09-55-04_Biarmipes_G224_1hexanol,3,320,True
2024.10.11_09-55-04_Biarmipes_G224_1hexanol,1900,1976,True
2024.10.11_09-55-04_Biarmipes_G224_1hexanol,2103,2126,True
2024.10.11_09-55-04_Biarmipes_G224_1hexanol,2128,2996,True
2024.10.11_09-55-04_Biarmipes_G224_1hexanol,3002,3114,True
2024.10.11_09-55-04_Biarmipes_G224_1hexanol,3116,3134,True
2024.10.11_09-55-04_Biarmipes_G224_1hexanol,3136,3138,True
2024.10.11_09-55-04_Biarmipes_G224_1hexanol,3141,3142,True
2024.10.11_09-55-04_Biarmipes_G224_1hexanol,3144,3155,True
2024.10.11_09-55-04_Biarmipes_G224_1hexanol,3158,3212,True
2024.10.11_09-55-04_Biarmipes_G224_1hexanol,3215,3217,True
2024.10.11_09-55-04_Biarmipes_G224_1hexanol,3219,3261,True
2024.10.11_09-55-04_Biarmipes_G224_1hexanol,3263,3379,True
2024.10.11_09-55-04_Biarmipes_G224_1hexanol,3381,3381,True
2024.10.11_09-55-04_Biarmipes_G224_1hexanol,3385,3485,True
2024.10.11_09-55-04_Biarmipes_G224_1hexanol,3487,3492,True
2024.10.11_09-55-04_Biarmipes_G224_1hexanol,4362,5537,True
2024.10.11_09-55-04_Biarmipes_G224_1hexanol,5540,5540,True
2024.10.11_09-55-04_Biarmipes_G224_1hexanol,5595,5643,True
2024.10.11_09-55-04_Biarmipes_G224_1hexanol,5645,5652,True
2024.10.11_09-55-04_Biarmipes_G224_1hexanol,5655,5932,True
2024.10.11_09-55-04_Biarmipes_G224_1hexanol,5934,5935,True
2024.10.11_09-55-04_Biarmipes_G224_1hexanol,5937,6332,True
2024.10.11_09-55-04_Biarmipes_G224_1hexanol,7036,7109,True
2024.10.11_09-55-04_Biarmipes_G224_1hexanol,7193,7195,True
2024.10.11_09-55-04_Biarmipes_G224_1hexanol,7259,7303,True
2024.10.11_09-55-04_Biarmipes_G224_1hexanol,7305,7368,True
2024.10.11_09-55-04_Biarmipes_G224_1hexanol,7371,7946,True
2024.10.11_09-55-04_Biarmipes_G224_1hexanol,7948,7969,True
2024.10.11_09-55-04_Biarmipes_G224_1hexanol,7972,8064,True
2024.10.11_09-55-04_Biarmipes_G224_1hexanol,8093,8423,True
2024.10.11_09-55-04_Biarmipes_G224_1hexanol,8784,8797,True
2024.10.11_09-55-04_Biarmipes_G224_1hexanol,8799,8799,True
2024.10.11_09-55-04_Biarmipes_G224_1hexanol,8816,8999,True
2024.11.14_01-18-00_Biarmipes_G224_e2hex,295,301,True
2024.11.14_01-18-00_Biarmipes_G224_e2hex,306,306,True
2024.11.14_01-18-00_Biarmipes_G224_e2hex,308,308,True
2024.11.14_01-18-00_Biarmipes_G224_e2hex,310,310,True
2024.11.14_01-18-00_Biarmipes_G224_e2hex,313,327,True
2024.11.14_01-18-00_Biarmipes_G224_e2hex,398,401,True
2024.11.14_01-18-00_Biarmipes_G224_e2hex,404,415,True
2024.11.14_01-18-00_Biarmipes_G224_e2hex,423,423,True
2024.11.14_01-18-00_Biarmipes_G224_e2hex,425,425,True
2024.11.14_01-18-00_Biarmipes_G224_e2hex,434,444,True
2024.11.14_01-18-00_Biarmipes_G224_e2hex,468,1072,True
2024.11.14_01-18-00_Biarmipes_G224_e2hex,1074,1124,True
2024.11.14_01-18-00_Biarmipes_G224_e2hex,1126,1158,True
2024.11.14_01-18-00_Biarmipes_G224_e2hex,1167,1199,True
2024.11.14_01-18-00_Biarmipes_G224_e2hex,1203,1203,True
2024.11.14_01-18-00_Biarmipes_G224_e2hex,1219,1616,True
2024.11.14_01-18-00_Biarmipes_G224_e2hex,1645,1663,True
2024.11.14_01-18-00_Biarmipes_G224_e2hex,1665,1691,True
2024.11.14_01-18-00_Biarmipes_G224_e2hex,1694,1694,True
2024.11.14_01-18-00_Biarmipes_G224_e2hex,1699,1757,True
2024.11.14_01-18-00_Biarmipes_G224_e2hex,1847,1921,True
2024.11.14_01-18-00_Biarmipes_G224_e2hex,1923,1924,True
2024.11.14_01-18-00_Biarmipes_G224_e2hex,1934,2353,True
2024.11.14_01-18-00_Biarmipes_G224_e2hex,2355,2392,True
2024.11.14_01-18-00_Biarmipes_G224_e2hex,2421,2423,True
2024.11.14_01-18-00_Biarmipes_G224_e2hex,2430,2442,True
2024.11.14_01-18-00_Biarmipes_G224_e2hex,2456,2478,True
2024.11.14_01-18-00_Biarmipes_G224_e2hex,2495,2497,True
2024.11.14_01-18-00_Biarmipes_G224_e2hex,2522,2533,True
2024.11.14_01-18-00_Biarmipes_G224_e2hex,2589,2604,True
2024.11.14_01-18-00_Biarmipes_G224_e2hex,2622,2635,True
2024.11.14_01-18-00_Biarmipes_G224_e2hex,2642,2644,True
2024.11.14_01-18-00_Biarmipes_G224_e2hex,2648,2677,True
2024.11.14_01-18-00_Biarmipes_G224_e2hex,2679,3085,True
2024.11.14_01-18-00_Biarmipes_G224_e2hex,4017,4030,True
2024.11.14_01-18-00_Biarmipes_G224_e2hex,4051,4798,True
2024.11.14_01-18-00_Biarmipes_G224_e2hex,5451,6191,True
2024.11.14_01-18-00_Biarmipes_G224_e2hex,6196,6202,True
2024.11.14_01-18-00_Biarmipes_G224_e2hex,6217,6235,True
2024.11.14_01-18-00_Biarmipes_G224_e2hex,6241,6256,True
2024.11.14_01-18-00_Biarmipes_G224_e2hex,6325,6337,True
2024.11.14_01-18-00_Biarmipes_G224_e2hex,6339,6365,True
2024.11.14_01-18-00_Biarmipes_G224_e2hex,6371,6469,True
2024.11.14_01-18-00_Biarmipes_G224_e2hex,6471,6518,True
2024.11.14_01-18-00_Biarmipes_G224_e2hex,6540,6544,True
2024.11.14_01-18-00_Biarmipes_G224_e2hex,6547,6547,True
2024.11.14_01-18-00_Biarmipes_G224_e2hex,6549,6549,True
2024.11.14_01-18-00_Biarmipes_G224_e2hex,6552,6563,True
2024.11.14_01-18-00_Biarmipes_G224_e2hex,6566,6584,True
2024.11.14_01-18-00_Biarmipes_G224_e2hex,6587,6587,True
2024.11.14_01-18-00_Biarmipes_G224_e2hex,6594,6605,True
2024.11.14_01-18-00_Biarmipes_G224_e2hex,6607,6607,True
2024.11.14_01-18-00_Biarmipes_G224_e2hex,7131,7290,True
2024.11.14_01-18-00_Biarmipes_G224_e2hex,7292,8068,True
2024.11.14_01-18-00_Biarmipes_G224_e2hex,8075,8075,True
2024.11.14_01-18-00_Biarmipes_G224_e2hex,8080,8162,True
2024.07.05_15-55-22_Riverside (no odor),7,7,True
2024.07.05_15-55-22_Riverside (no odor),2193,2193,True
2024.07.05_15-55-22_Riverside (no odor),2352,2472,True
2024.07.05_15-55-22_Riverside (no odor),2969,2970,True
2024.07.05_15-55-22_Riverside (no odor),3085,3512,True
2024.07.05_15-55-22_Riverside (no odor),3746,3816,True
2024.07.05_15-55-22_Riverside (no odor),3856,3986,True
2024.07.05_15-55-22_Riverside (no odor),3994,3995,True
2024.07.05_15-55-22_Riverside (no odor),4011,4011,True
2024.07.05_15-55-22_Riverside (no odor),4052,4052,True
2024.07.05_15-55-22_Riverside (no odor),4054,4054,True
2024.07.05_15-55-22_Riverside (no odor),4167,4350,True
2024.07.05_15-55-22_Riverside (no odor),4352,4360,True
2024.07.05_15-55-22_Riverside (no odor),4955,4956,True
2024.07.05_15-55-22_Riverside (no odor),5054,5354,True
2024.07.05_15-55-22_Riverside (no odor),6070,6185,True
2024.07.05_15-55-22_Riverside (no odor),6308,6473,True
2024.07.05_15-55-22_Riverside (no odor),6514,6806,True
2024.07.05_15-55-22_Riverside (no odor),6865,6865,True
2024.07.05_15-55-22_Riverside (no odor),6896,7209,True
2024.07.05_15-55-22_Riverside (no odor),7657,7657,True
2024.07.05_15-55-22_Riverside (no odor),8033,8033,True
2024.07.05_15-55-22_Riverside (no odor),8041,8041,True
2024.07.05_15-55-22_Riverside (no odor),8045,8045,True
2024.07.05_15-55-22_Riverside (no odor),8051,8052,True
2024.07.05_15-55-22_Riverside (no odor),8055,8055,True
2024.07.05_15-55-22_Riverside (no odor),8079,8080,True
2024.07.05_15-55-22_Riverside (no odor),8150,8150,True
2024.11.14_22-01-19_Stocago_e2hex,3,190,True
2024.11.14_22-01-19_Stocago_e2hex,750,764,True
2024.11.14_22-01-19_Stocago_e2hex,801,874,True
2024.11.14_22-01-19_Stocago_e2hex,876,876,True
2024.11.14_22-01-19_Stocago_e2hex,884,1167,True
2024.11.14_22-01-19_Stocago_e2hex,1169,1201,True
2024.11.14_22-01-19_Stocago_e2hex,1240,1273,True
2024.11.14_22-01-19_Stocago_e2hex,1298,1307,True
2024.11.14_22-01-19_Stocago_e2hex,1312,1352,True
2024.11.14_22-01-19_Stocago_e2hex,1413,1417,True
2024.11.14_22-01-19_Stocago_e2hex,1422,1439,True
2024.11.14_22-01-19_Stocago_e2hex,1468,1480,True
2024.11.14_22-01-19_Stocago_e2hex,1485,1566,True
2024.11.14_22-01-19_Stocago_e2hex,2136,2801,True
2024.11.14_22-01-19_Stocago_e2hex,2803,2811,True
2024.11.14_22-01-19_Stocago_e2hex,2813,2920,True
2024.11.14_22-01-19_Stocago_e2hex,3189,3190,True
2024.11.14_22-01-19_Stocago_e2hex,3510,3646,True
2024.11.14_22-01-19_Stocago_e2hex,4244,4584,True
2024.11.14_22-01-19_Stocago_e2hex,5136,5138,True
2024.11.14_22-01-19_Stocago_e2hex,5140,5156,True
2024.11.14_22-01-19_Stocago_e2hex,5158,5344,True
2024.11.14_22-01-19_Stocago_e2hex,5346,5712,True
2024.10.30_09-00-14_Stocago_metben,3,55,True
2024.10.30_09-00-14_Stocago_metben,57,61,True
2024.10.30_09-00-14_Stocago_metben,63,90,True
2024.10.30_09-00-14_Stocago_metben,92,450,True
2024.10.30_09-00-14_Stocago_metben,470,471,True
2024.10.30_09-00-14_Stocago_metben,473,563,True
2024.10.30_09-00-14_Stocago_metben,925,943,True
2024.10.30_09-00-14_Stocago_metben,1163,2848,True
2024.10.30_09-00-14_Stocago_metben,2988,2992,True
2024.10.30_09-00-14_Stocago_metben,3064,3067,True
2024.10.30_09-00-14_Stocago_metben,3078,3083,True
2024.10.30_09-00-14_Stocago_metben,3089,3101,True
2024.10.30_09-00-14_Stocago_metben,3107,3107,True
2024.10.30_09-00-14_Stocago_metben,3110,3113,True
2024.10.30_09-00-14_Stocago_metben,3165,3170,True
2024.10.30_09-00-14_Stocago_metben,3173,3190,True
2024.10.30_09-00-14_Stocago_metben,3259,3613,True
2024.10.30_09-00-14_Stocago_metben,3615,3637,True
2024.10.30_09-00-14_Stocago_metben,3639,3744,True
2024.10.30_09-00-14_Stocago_metben,3776,3785,True
2024.10.30_09-00-14_Stocago_metben,3787,3854,True
2024.10.30_09-00-14_Stocago_metben,3858,4361,True
2024.10.30_09-00-14_Stocago_metben,4379,4379,True
2024.10.30_09-00-14_Stocago_metben,4386,4427,True
2024.10.30_09-00-14_Stocago_metben,4453,4506,True
2024.10.30_09-00-14_Stocago_metben,4595,4683,True
2024.10.30_09-00-14_Stocago_metben,4685,4701,True
2024.10.30_09-00-14_Stocago_metben,4710,5291,True
2024.10.30_09-00-14_Stocago_metben,5293,5293,True
2024.10.30_09-00-14_Stocago_metben,5295,5296,True
2024.10.30_09-00-14_Stocago_metben,5303,5318,True
2024.10.30_09-00-14_Stocago_metben,5320,5340,True
2024.10.30_09-00-14_Stocago_metben,5342,5344,True
2024.10.30_09-00-14_Stocago_metben,5361,5388,True
2024.10.30_09-00-14_Stocago_metben,6184,6197,True
2024.10.30_09-00-14_Stocago_metben,6201,6201,True
2024.10.30_09-00-14_Stocago_metben,6206,6223,True
2024.10.30_09-00-14_Stocago_metben,6254,6278,True
2024.10.30_09-00-14_Stocago_metben,6316,6336,True
2024.10.30_09-00-14_Stocago_metben,6396,6414,True
2024.10.30_09-00-14_Stocago_metben,6847,6856,True
2024.10.30_09-00-14_Stocago_metben,6890,6899,True
2024.10.30_09-00-14_Stocago_metben,6907,6916,True
2024.10.30_09-00-14_Stocago_metben,7025,7053,True
2024.10.30_09-00-14_Stocago_metben,7055,7068,True
2024.10.30_09-00-14_Stocago_metben,7071,7072,True
2024.10.30_09-00-14_Stocago_metben,7074,7086,True
2024.10.30_09-00-14_Stocago_metben,7091,7828,True
2024.10.30_09-00-14_Stocago_metben,7894,7917,True
2024.10.30_09-00-14_Stocago_metben,7940,7968,True
2024.10.30_09-00-14_Stocago_metben,7976,8095,True
2024.10.30_09-00-14_Stocago_metben,8097,8133,True
2024.10.30_09-00-14_Stocago_metben,8136,8136,True
2024.10.30_09-00-14_Stocago_metben,8148,8217,True
2024.10.30_09-00-14_Stocago_metben,8219,8254,True
2024.10.30_09-00-14_Stocago_metben,8281,8684,True
2024.10.30_09-00-14_Stocago_metben,8686,8999,True
2024.10.08_10-57-34_Biarmipes_G224_no_odor,12,29,True
2024.10.08_10-57-34_Biarmipes_G224_no_odor,31,33,True
2024.10.08_10-57-34_Biarmipes_G224_no_odor,35,804,True
2024.10.08_10-57-34_Biarmipes_G224_no_odor,806,812,True
2024.10.08_10-57-34_Biarmipes_G224_no_odor,814,814,True
2024.10.08_10-57-34_Biarmipes_G224_no_odor,1315,1324,True
2024.10.08_10-57-34_Biarmipes_G224_no_odor,1326,1326,True
2024.10.08_10-57-34_Biarmipes_G224_no_odor,1328,1328,True
2024.10.08_10-57-34_Biarmipes_G224_no_odor,1351,1351,True
2024.10.08_10-57-34_Biarmipes_G224_no_odor,1355,1391,True
2024.10.08_10-57-34_Biarmipes_G224_no_odor,1393,1400,True
2024.10.08_10-57-34_Biarmipes_G224_no_odor,1477,2366,True
2024.10.08_10-57-34_Biarmipes_G224_no_odor,2474,2669,True
2024.10.08_10-57-34_Biarmipes_G224_no_odor,2671,2672,True
2024.10.08_10-57-34_Biarmipes_G224_no_odor,2679,2679,True
2024.10.08_10-57-34_Biarmipes_G224_no_odor,2681,2682,True
2024.10.08_10-57-34_Biarmipes_G224_no_odor,2684,2684,True
2024.10.08_10-57-34_Biarmipes_G224_no_odor,2686,2869,True
2024.10.08_10-57-34_Biarmipes_G224_no_odor,4295,6255,True
2024.10.08_10-57-34_Biarmipes_G224_no_odor,8630,8718,True
2024.10.08_13-42-01_Stocago_2hexanol,1071,3152,True
2024.10.08_13-42-01_Stocago_2hexanol,3514,3514,True
2024.10.08_13-42-01_Stocago_2hexanol,3553,3554,True
2024.10.08_13-42-01_Stocago_2hexanol,3635,3648,True
2024.10.08_13-42-01_Stocago_2hexanol,3933,3933,True
2024.10.08_13-42-01_Stocago_2hexanol,3937,4896,True
2024.10.08_13-42-01_Stocago_2hexanol,5562,6131,True
2024.10.08_13-42-01_Stocago_2hexanol,6133,6417,True
2024.10.08_13-42-01_Stocago_2hexanol,6901,7348,True
2024.10.08_13-42-01_Stocago_2hexanol,7363,7437,True
2024.10.08_13-42-01_Stocago_2hexanol,7702,7709,True
2024.10.08_13-42-01_Stocago_2hexanol,7715,7715,True
2024.10.08_13-42-01_Stocago_2hexanol,7717,7919,True
2024.10.08_13-42-01_Stocago_2hexanol,8612,8998,True
2024.09.24_16-45-15_Yakuba7_no_odor,1688,1691,True
2024.09.24_16-45-15_Yakuba7_no_odor,1693,1696,True
2024.09.24_16-45-15_Yakuba7_no_odor,1698,1699,True
2024.09.24_16-45-15_Yakuba7_no_odor,1701,1703,True
2024.09.24_16-45-15_Yakuba7_no_odor,1739,1741,True
2024.09.24_16-45-15_Yakuba7_no_odor,1826,1841,True
2024.09.24_16-45-15_Yakuba7_no_odor,1849,1872,True
2024.09.24_16-45-15_Yakuba7_no_odor,2040,3638,True
2024.09.24_16-45-15_Yakuba7_no_odor,8005,8082,True
2024.09.24_16-45-15_Yakuba7_no_odor,8085,8098,True
2024.09.24_16-45-15_Yakuba7_no_odor,8100,8101,True
2024.09.24_16-45-15_Yakuba7_no_odor,8103,8118,True
2024.09.24_16-45-15_Yakuba7_no_odor,8120,8121,True
2024.09.24_16-45-15_Yakuba7_no_odor,8124,8130,True
2024.09.24_16-45-15_Yakuba7_no_odor,8132,8132,True
2024.09.24_16-45-15_Yakuba7_no_odor,8134,8136,True
2024.09.24_16-45-15_Yakuba7_no_odor,8139,8139,True
2024.09.24_16-45-15_Yakuba7_no_odor,8143,8144,True
2024.09.24_16-45-15_Yakuba7_no_odor,8146,8147,True
2024.09.24_16-45-15_Yakuba7_no_odor,8149,8150,True
2024.09.24_16-45-15_Yakuba7_no_odor,8152,8154,True
2024.09.24_16-45-15_Yakuba7_no_odor,8156,8165,True
2024.09.24_16-45-15_Yakuba7_no_odor,8167,8167,True
2024.09.24_16-45-15_Yakuba7_no_odor,8169,8189,True
2024.09.24_16-45-15_Yakuba7_no_odor,8191,8197,True
2024.09.24_16-45-15_Yakuba7_no_odor,8199,8217,True
2024.09.24_16-45-15_Yakuba7_no_odor,8219,8225,True
2024.09.24_16-45-15_Yakuba7_no_odor,8227,8238,True
2024.09.24_16-45-15_Yakuba7_no_odor,8315,8347,True
2024.09.24_16-45-15_Yakuba7_no_odor,8349,8349,True
2024.09.24_16-45-15_Yakuba7_no_odor,8352,8354,True
2024.09.24_16-45-15_Yakuba7_no_odor,8356,8362,True
2024.09.24_16-45-15_Yakuba7_no_odor,8364,8391,True
2024.09.24_16-45-15_Yakuba7_no_odor,8394,8394,True
2024.09.24_16-45-15_Yakuba7_no_odor,8397,8398,True
2024.09.24_16-45-15_Yakuba7_no_odor,8400,8404,True
2024.09.24_16-45-15_Yakuba7_no_odor,8406,8407,True
2024.09.24_16-45-15_Yakuba7_no_odor,8409,8411,True
2024.09.24_16-45-15_Yakuba7_no_odor,8413,8416,True
2024.09.24_16-45-15_Yakuba7_no_odor,8420,8420,True
2024.09.24_16-45-15_Yakuba7_no_odor,8422,8422,True
2024.09.24_16-45-15_Yakuba7_no_odor,8425,8425,True
2024.09.24_16-45-15_Yakuba7_no_odor,8428,8429,True
2024.09.24_16-45-15_Yakuba7_no_odor,8433,8433,True
2024.09.24_16-45-15_Yakuba7_no_odor,8437,8439,True
2024.09.24_16-45-15_Yakuba7_no_odor,8447,8448,True
2024.09.24_16-45-15_Yakuba7_no_odor,8453,8453,True
2024.09.24_16-45-15_Yakuba7_no_odor,8457,8458,True
2024.09.24_16-45-15_Yakuba7_no_odor,8486,8486,True
2024.09.24_16-45-15_Yakuba7_no_odor,8489,8489,True
2024.09.24_16-45-15_Yakuba7_no_odor,8491,8492,True
2024.09.24_16-45-15_Yakuba7_no_odor,8667,8668,True
2024.09.24_16-45-15_Yakuba7_no_odor,8678,8679,True
2024.09.24_16-45-15_Yakuba7_no_odor,8683,8684,True
2024.09.24_16-45-15_Yakuba7_no_odor,8690,8694,True
2024.09.24_16-45-15_Yakuba7_no_odor,8697,8720,True
2024.09.24_16-45-15_Yakuba7_no_odor,8727,8789,True
2024.11.14_01-30-07_Biarmipes_G224_e2hex,4,1348,True
2024.11.14_01-30-07_Biarmipes_G224_e2hex,2901,2925,True
2024.11.14_01-30-07_Biarmipes_G224_e2hex,2955,3068,True
2024.11.14_01-30-07_Biarmipes_G224_e2hex,3070,3074,True
2024.11.14_01-30-07_Biarmipes_G224_e2hex,3076,3080,True
2024.11.14_01-30-07_Biarmipes_G224_e2hex,3273,4380,True
2024.11.14_01-30-07_Biarmipes_G224_e2hex,6338,6338,True
2024.11.14_01-30-07_Biarmipes_G224_e2hex,6364,6368,True
2024.11.14_01-30-07_Biarmipes_G224_e2hex,6394,7066,True
2024.11.14_01-30-07_Biarmipes_G224_e2hex,7719,7799,True
2024.11.14_01-30-07_Biarmipes_G224_e2hex,7890,8249,True
2024.11.14_01-30-07_Biarmipes_G224_e2hex,8322,8329,True
2024.11.14_01-30-07_Biarmipes_G224_e2hex,8346,8359,True
2024.11.14_01-30-07_Biarmipes_G224_e2hex,8361,8927,True
2024.11.14_01-30-07_Biarmipes_G224_e2hex,8930,8930,True
2024.10.01_09-56-14_Yakuba_cameroon_no_odor,689,912,True
2024.10.01_09-56-14_Yakuba_cameroon_no_odor,1019,1117,True
2024.10.01_09-56-14_Yakuba_cameroon_no_odor,1581,1583,True
2024.10.01_09-56-14_Yakuba_cameroon_no_odor,1588,1589,True
2024.10.01_09-56-14_Yakuba_cameroon_no_odor,1591,1591,True
2024.10.01_09-56-14_Yakuba_cameroon_no_odor,1604,2060,True
2024.10.01_09-56-14_Yakuba_cameroon_no_odor,3714,3813,True
2024.10.01_09-56-14_Yakuba_cameroon_no_odor,4176,4177,True
2024.10.01_09-56-14_Yakuba_cameroon_no_odor,4180,7129,True
2024.10.29_04-03-02_Biarmipes84_metben,1704,1753,True
2024.10.29_04-03-02_Biarmipes84_metben,2076,2366,True
2024.10.29_04-03-02_Biarmipes84_metben,2441,2856,True
2024.10.29_04-03-02_Biarmipes84_metben,2858,3375,True
2024.10.29_04-03-02_Biarmipes84_metben,3399,3441,True
2024.10.29_04-03-02_Biarmipes84_metben,3445,3451,True
2024.10.29_04-03-02_Biarmipes84_metben,3473,3512,True
2024.10.29_04-03-02_Biarmipes84_metben,3515,3517,True
2024.10.29_04-03-02_Biarmipes84_metben,3529,3810,True
2024.10.29_04-03-02_Biarmipes84_metben,4757,6430,True
2024.11.14_01-48-26_Biarmipes_G224_e2hex,595,595,True
2024.11.14_01-48-26_Biarmipes_G224_e2hex,600,616,True
2024.11.14_01-48-26_Biarmipes_G224_e2hex,679,1617,True
2024.11.14_01-48-26_Biarmipes_G224_e2hex,1619,1620,True
2024.11.14_01-48-26_Biarmipes_G224_e2hex,1622,1670,True
2024.11.14_01-48-26_Biarmipes_G224_e2hex,2300,2304,True
2024.11.14_01-48-26_Biarmipes_G224_e2hex,3273,3769,True
2024.11.14_01-48-26_Biarmipes_G224_e2hex,3773,4191,True
2024.11.14_01-48-26_Biarmipes_G224_e2hex,4196,4286,True
2024.11.14_01-48-26_Biarmipes_G224_e2hex,4289,4289,True
2024.11.14_01-48-26_Biarmipes_G224_e2hex,4292,4292,True
2024.11.14_01-48-26_Biarmipes_G224_e2hex,4294,4312,True
2024.11.14_01-48-26_Biarmipes_G224_e2hex,5144,6107,True
2024.11.14_01-48-26_Biarmipes_G224_e2hex,7275,7369,True
2024.11.14_01-48-26_Biarmipes_G224_e2hex,7372,7703,True
2024.10.28_08-03-21_biarmipes_g224_metben,494,745,True
2024.10.28_08-03-21_biarmipes_g224_metben,1168,1257,True
2024.10.28_08-03-21_biarmipes_g224_metben,1266,1279,True
2024.10.28_08-03-21_biarmipes_g224_metben,1299,1348,True
2024.10.28_08-03-21_biarmipes_g224_metben,1350,1430,True
2024.10.28_08-03-21_biarmipes_g224_metben,1452,2534,True
2024.10.28_08-03-21_biarmipes_g224_metben,2825,2825,True
2024.10.28_08-03-21_biarmipes_g224_metben,3346,3352,True
2024.10.28_08-03-21_biarmipes_g224_metben,3458,3459,True
2024.10.28_08-03-21_biarmipes_g224_metben,3755,3978,True
2024.10.28_08-03-21_biarmipes_g224_metben,4222,4222,True
2024.10.28_08-03-21_biarmipes_g224_metben,4224,4230,True
2024.10.28_08-03-21_biarmipes_g224_metben,4285,4286,True
2024.10.28_08-03-21_biarmipes_g224_metben,4334,4349,True
2024.10.28_08-03-21_biarmipes_g224_metben,4385,4464,True
2024.10.28_08-03-21_biarmipes_g224_metben,4568,4568,True
2024.10.28_08-03-21_biarmipes_g224_metben,4573,4729,True
2024.10.28_08-03-21_biarmipes_g224_metben,5358,5388,True
2024.10.28_08-03-21_biarmipes_g224_metben,5421,5439,True
2024.10.28_08-03-21_biarmipes_g224_metben,5444,5447,True
2024.10.28_08-03-21_biarmipes_g224_metben,5457,5471,True
2024.10.28_08-03-21_biarmipes_g224_metben,5505,5716,True
2024.10.28_08-03-21_biarmipes_g224_metben,5759,5815,True
2024.10.28_08-03-21_biarmipes_g224_metben,5847,5878,True
2024.10.28_08-03-21_biarmipes_g224_metben,5881,5903,True
2024.10.28_08-03-21_biarmipes_g224_metben,5997,6000,True
2024.10.28_08-03-21_biarmipes_g224_metben,6002,6026,True
2024.10.28_08-03-21_biarmipes_g224_metben,6110,6126,True
2024.10.28_08-03-21_biarmipes_g224_metben,6130,6193,True
2024.10.28_08-03-21_biarmipes_g224_metben,6200,6200,True
2024.10.28_08-03-21_biarmipes_g224_metben,6203,6204,True
2024.10.28_08-03-21_biarmipes_g224_metben,6206,6206,True
2024.10.28_08-03-21_biarmipes_g224_metben,6208,6209,True
2024.10.28_08-03-21_biarmipes_g224_metben,6221,6221,True
2024.10.28_08-03-21_biarmipes_g224_metben,6223,6674,True
2024.10.28_08-03-21_biarmipes_g224_metben,6676,6781,True
2024.10.28_08-03-21_biarmipes_g224_metben,6783,6838,True
2024.10.28_08-03-21_biarmipes_g224_metben,6853,6995,True
2024.10.28_08-03-21_biarmipes_g224_metben,7423,7903,True
2024.10.28_08-03-21_biarmipes_g224_metben,7908,7996,True
2024.10.28_08-03-21_biarmipes_g224_metben,8017,8090,True
2024.10.28_08-03-21_biarmipes_g224_metben,8093,8093,True
2024.10.28_08-03-21_biarmipes_g224_metben,8097,8195,True
2024.10.28_08-03-21_biarmipes_g224_metben,8244,8653,True
2024.10.28_08-03-21_biarmipes_g224_metben,8657,8657,True
2024.10.28_08-03-21_biarmipes_g224_metben,8659,8682,True
2024.10.28_08-03-21_biarmipes_g224_metben,8694,8733,True
2024.10.28_08-03-21_biarmipes_g224_metben,8742,8751,True
2024.10.28_08-03-21_biarmipes_g224_metben,8753,8756,True
2024.10.28_08-03-21_biarmipes_g224_metben,8758,8779,True
2024.10.28_08-03-21_biarmipes_g224_metben,8812,8858,True
2024.10.28_08-03-21_biarmipes_g224_metben,8860,8863,True
2024.10.28_08-03-21_biarmipes_g224_metben,8869,8872,True
2024.10.28_08-03-21_biarmipes_g224_metben,8874,8897,True
2024.10.28_08-03-21_biarmipes_g224_metben,8901,8918,True
2024.10.28_08-03-21_biarmipes_g224_metben,8923,8927,True
2024.10.28_08-03-21_biarmipes_g224_metben,8938,8943,True
2024.10.28_08-03-21_biarmipes_g224_metben,8945,8958,True
2024.10.28_08-03-21_biarmipes_g224_metben,8960,8989,True
2024.10.16_09-45-46_Yakuba_Cameroon_prenac,3,2383,True
2024.10.16_09-45-46_Yakuba_Cameroon_prenac,3811,5232,True
2024.10.16_09-45-46_Yakuba_Cameroon_prenac,6066,6368,True
2024.10.16_09-45-46_Yakuba_Cameroon_prenac,6459,6488,True
2024.10.16_09-45-46_Yakuba_Cameroon_prenac,6502,6524,True
2024.10.16_09-45-46_Yakuba_Cameroon_prenac,6526,6528,True
2024.10.16_09-45-46_Yakuba_Cameroon_prenac,6530,6533,True
2024.10.16_09-45-46_Yakuba_Cameroon_prenac,6537,6537,True
2024.10.16_09-45-46_Yakuba_Cameroon_prenac,6539,6540,True
2024.10.16_09-45-46_Yakuba_Cameroon_prenac,6547,6547,True
2024.10.16_09-45-46_Yakuba_Cameroon_prenac,6556,6556,True
2024.10.16_09-45-46_Yakuba_Cameroon_prenac,6560,6560,True
2024.10.16_09-45-46_Yakuba_Cameroon_prenac,6562,6594,True
2024.10.16_09-45-46_Yakuba_Cameroon_prenac,6596,6609,True
2024.10.16_09-45-46_Yakuba_Cameroon_prenac,6611,7415,True
2024.11.14_21-38-38_Stocago_e2hex,1038,1042,True
2024.11.14_21-38-38_Stocago_e2hex,1044,1044,True
2024.11.14_21-38-38_Stocago_e2hex,1046,1549,True
2024.11.14_21-38-38_Stocago_e2hex,1566,1566,True
2024.11.14_21-38-38_Stocago_e2hex,2363,2364,True
2024.11.14_21-38-38_Stocago_e2hex,2366,2372,True
2024.11.14_21-38-38_Stocago_e2hex,2374,2375,True
2024.11.14_21-38-38_Stocago_e2hex,2378,2772,True
2024.11.14_21-38-38_Stocago_e2hex,2774,2774,True
2024.11.14_21-38-38_Stocago_e2hex,2777,2779,True
2024.11.14_21-38-38_Stocago_e2hex,2781,2781,True
2024.11.14_21-38-38_Stocago_e2hex,2783,2783,True
2024.11.14_21-38-38_Stocago_e2hex,2785,2805,True
2024.11.14_21-38-38_Stocago_e2hex,2807,2813,True
2024.11.14_21-38-38_Stocago_e2hex,2816,2824,True
2024.11.14_21-38-38_Stocago_e2hex,2826,2829,True
2024.11.14_21-38-38_Stocago_e2hex,2832,2834,True
2024.11.14_21-38-38_Stocago_e2hex,2837,2846,True
2024.11.14_21-38-38_Stocago_e2hex,2848,2854,True
2024.11.14_21-38-38_Stocago_e2hex,2856,2856,True
2024.11.14_21-38-38_Stocago_e2hex,2858,2859,True
2024.11.14_21-38-38_Stocago_e2hex,2862,2862,True
2024.11.14_21-38-38_Stocago_e2hex,2866,2867,True
2024.11.14_21-38-38_Stocago_e2hex,2870,2872,True
2024.11.14_21-38-38_Stocago_e2hex,2875,2875,True
2024.11.14_21-38-38_Stocago_e2hex,2879,2883,True
2024.11.14_21-38-38_Stocago_e2hex,2885,2885,True
2024.11.14_21-38-38_Stocago_e2hex,2889,2892,True
2024.11.14_21-38-38_Stocago_e2hex,2894,2894,True
2024.11.14_21-38-38_Stocago_e2hex,2896,2896,True
2024.11.14_21-38-38_Stocago_e2hex,2899,2904,True
2024.11.14_21-38-38_Stocago_e2hex,2906,2906,True
2024.11.14_21-38-38_Stocago_e2hex,2909,2910,True
2024.11.14_21-38-38_Stocago_e2hex,2912,2912,True
2024.11.14_21-38-38_Stocago_e2hex,2915,2917,True
2024.11.14_21-38-38_Stocago_e2hex,2919,2919,True
2024.11.14_21-38-38_Stocago_e2hex,2921,2921,True
2024.11.14_21-38-38_Stocago_e2hex,2923,3635,True
2024.11.14_21-38-38_Stocago_e2hex,3676,3714,True
2024.11.14_21-38-38_Stocago_e2hex,4488,5020,True
2024.11.14_21-38-38_Stocago_e2hex,8172,8256,True
2024.11.14_21-38-38_Stocago_e2hex,8309,8400,True
2024.11.14_21-38-38_Stocago_e2hex,8402,8999,True
2024.11.01_09-13-56_sto_car_e2hex,428,666,True
2024.11.01_09-13-56_sto_car_e2hex,668,1363,True
2024.11.01_09-13-56_sto_car_e2hex,2531,3520,True
2024.11.01_09-13-56_sto_car_e2hex,6019,6020,True
2024.11.01_09-13-56_sto_car_e2hex,6022,6022,True
2024.11.01_09-13-56_sto_car_e2hex,6024,6041,True
2024.11.01_09-13-56_sto_car_e2hex,6043,6047,True
2024.11.01_09-13-56_sto_car_e2hex,6049,6056,True
2024.11.01_09-13-56_sto_car_e2hex,6058,6058,True
2024.11.01_09-13-56_sto_car_e2hex,6065,6065,True
2024.11.01_09-13-56_sto_car_e2hex,6102,6102,True
2024.11.01_09-13-56_sto_car_e2hex,6108,6110,True
2024.11.01_09-13-56_sto_car_e2hex,6114,6114,True
2024.11.01_09-13-56_sto_car_e2hex,6121,6121,True
2024.11.01_09-13-56_sto_car_e2hex,6123,6123,True
2024.11.01_09-13-56_sto_car_e2hex,6129,6129,True
2024.11.01_09-13-56_sto_car_e2hex,6132,6134,True
2024.11.01_09-13-56_sto_car_e2hex,6136,6138,True
2024.11.01_09-13-56_sto_car_e2hex,6140,6142,True
2024.11.01_09-13-56_sto_car_e2hex,6147,6147,True
2024.11.01_09-13-56_sto_car_e2hex,6150,6150,True
2024.11.01_09-13-56_sto_car_e2hex,6157,6164,True
2024.11.01_09-13-56_sto_car_e2hex,6173,6173,True
2024.11.01_09-13-56_sto_car_e2hex,6175,6176,True
2024.11.01_09-13-56_sto_car_e2hex,6179,6179,True
2024.11.01_09-13-56_sto_car_e2hex,6183,6183,True
2024.11.01_09-13-56_sto_car_e2hex,6186,6186,True
2024.11.01_09-13-56_sto_car_e2hex,6188,6188,True
2024.11.01_09-13-56_sto_car_e2hex,6193,6193,True
2024.11.01_09-13-56_sto_car_e2hex,6196,6196,True
2024.11.01_09-13-56_sto_car_e2hex,6200,6200,True
2024.11.01_09-13-56_sto_car_e2hex,6212,6212,True
2024.11.01_09-13-56_sto_car_e2hex,6214,6214,True
2024.11.01_09-13-56_sto_car_e2hex,6217,6218,True
2024.11.01_09-13-56_sto_car_e2hex,6220,6220,True
2024.11.01_09-13-56_sto_car_e2hex,6222,6222,True
2024.11.01_09-13-56_sto_car_e2hex,6225,6225,True
2024.11.01_09-13-56_sto_car_e2hex,6232,6232,True
2024.11.01_09-13-56_sto_car_e2hex,6236,6237,True
2024.11.01_09-13-56_sto_car_e2hex,6242,6245,True
2024.11.01_09-13-56_sto_car_e2hex,6247,6247,True
2024.11.01_09-13-56_sto_car_e2hex,6251,6251,True
2024.11.01_09-13-56_sto_car_e2hex,6257,6257,True
2024.11.01_09-13-56_sto_car_e2hex,6260,6260,True
2024.11.01_09-13-56_sto_car_e2hex,6263,6264,True
2024.11.01_09-13-56_sto_car_e2hex,6266,6267,True
2024.11.01_09-13-56_sto_car_e2hex,6269,6272,True
2024.11.01_09-13-56_sto_car_e2hex,6274,6287,True
2024.11.01_09-13-56_sto_car_e2hex,6289,6295,True
2024.11.01_09-13-56_sto_car_e2hex,6297,6298,True
2024.11.01_09-13-56_sto_car_e2hex,6300,6306,True
2024.11.01_09-13-56_sto_car_e2hex,6308,6312,True
2024.11.01_09-13-56_sto_car_e2hex,6314,6314,True
2024.11.01_09-13-56_sto_car_e2hex,6316,6322,True
2024.11.01_09-13-56_sto_car_e2hex,6324,6337,True
2024.11.01_09-13-56_sto_car_e2hex,6339,6346,True
2024.11.01_09-13-56_sto_car_e2hex,6349,6350,True
2024.11.01_09-13-56_sto_car_e2hex,6353,6366,True
2024.11.01_09-13-56_sto_car_e2hex,6368,6384,True
2024.11.01_09-13-56_sto_car_e2hex,6386,6406,True
2024.11.01_09-13-56_sto_car_e2hex,6408,6410,True
2024.11.01_09-13-56_sto_car_e2hex,6412,6438,True
2024.11.01_09-13-56_sto_car_e2hex,6440,6442,True
2024.11.01_09-13-56_sto_car_e2hex,6444,6445,True
2024.11.01_09-13-56_sto_car_e2hex,6447,6449,True
2024.11.01_09-13-56_sto_car_e2hex,6451,6516,True
2024.11.01_09-13-56_sto_car_e2hex,6598,6631,True
2024.11.01_09-13-56_sto_car_e2hex,6638,6684,True
2024.11.01_09-13-56_sto_car_e2hex,6686,6776,True
2024.11.01_09-13-56_sto_car_e2hex,6778,6789,True
2024.11.01_09-13-56_sto_car_e2hex,6855,6992,True
2024.11.01_09-13-56_sto_car_e2hex,6994,7083,True
2024.11.01_09-13-56_sto_car_e2hex,7085,7103,True
2024.11.01_09-13-56_sto_car_e2hex,7105,7627,True
2024.11.01_09-13-56_sto_car_e2hex,7629,7634,True
2024.11.01_09-13-56_sto_car_e2hex,7671,8042,True
2024.10.25_07-39-25_Sussex_metben,1534,1536,True
2024.10.25_07-39-25_Sussex_metben,1538,1538,True
2024.10.25_07-39-25_Sussex_metben,1543,1543,True
2024.10.25_07-39-25_Sussex_metben,1545,1545,True
2024.10.25_07-39-25_Sussex_metben,1547,1547,True
2024.10.25_07-39-25_Sussex_metben,1552,1558,True
2024.10.25_07-39-25_Sussex_metben,1560,1566,True
2024.10.25_07-39-25_Sussex_metben,1568,1582,True
2024.10.25_07-39-25_Sussex_metben,1584,1587,True
2024.10.25_07-39-25_Sussex_metben,1591,1591,True
2024.10.25_07-39-25_Sussex_metben,1597,1598,True
2024.10.25_07-39-25_Sussex_metben,1600,1607,True
2024.10.25_07-39-25_Sussex_metben,1611,1612,True
2024.10.25_07-39-25_Sussex_metben,1620,1620,True
2024.10.25_07-39-25_Sussex_metben,1626,1627,True
2024.10.25_07-39-25_Sussex_metben,1629,1629,True
2024.10.25_07-39-25_Sussex_metben,1632,1632,True
2024.10.25_07-39-25_Sussex_metben,1634,1634,True
2024.10.25_07-39-25_Sussex_metben,1640,1642,True
2024.10.25_07-39-25_Sussex_metben,1644,1647,True
2024.10.25_07-39-25_Sussex_metben,1649,1649,True
2024.10.25_07-39-25_Sussex_metben,1652,1652,True
2024.10.25_07-39-25_Sussex_metben,1654,1658,True
2024.10.25_07-39-25_Sussex_metben,1663,1663,True
2024.10.25_07-39-25_Sussex_metben,1665,1665,True
2024.10.25_07-39-25_Sussex_metben,1670,1671,True
2024.10.25_07-39-25_Sussex_metben,1679,1680,True
2024.10.25_07-39-25_Sussex_metben,1683,1683,True
2024.10.25_07-39-25_Sussex_metben,1716,1716,True
2024.10.25_07-39-25_Sussex_metben,1718,1719,True
2024.10.25_07-39-25_Sussex_metben,1721,1721,True
2024.10.25_07-39-25_Sussex_metben,1730,1731,True
2024.10.25_07-39-25_Sussex_metben,1743,1743,True
2024.10.25_07-39-25_Sussex_metben,1747,1747,True
2024.10.25_07-39-25_Sussex_metben,1767,1778,True
2024.10.25_07-39-25_Sussex_metben,2097,2101,True
2024.10.25_07-39-25_Sussex_metben,2103,2104,True
2024.10.25_07-39-25_Sussex_metben,2108,2110,True
2024.10.25_07-39-25_Sussex_metben,2112,2114,True
2024.10.25_07-39-25_Sussex_metben,2118,2118,True
2024.10.25_07-39-25_Sussex_metben,2121,2128,True
2024.10.25_07-39-25_Sussex_metben,2130,2132,True
2024.10.25_07-39-25_Sussex_metben,2134,2140,True
2024.10.25_07-39-25_Sussex_metben,2143,2144,True
2024.10.25_07-39-25_Sussex_metben,2146,2147,True
2024.10.25_07-39-25_Sussex_metben,2149,2149,True
2024.10.25_07-39-25_Sussex_metben,2153,2154,True
2024.10.25_07-39-25_Sussex_metben,2156,2357,True
2024.10.25_07-39-25_Sussex_metben,2360,2371,True
2024.10.25_07-39-25_Sussex_metben,2373,2374,True
2024.10.25_07-39-25_Sussex_metben,2376,2384,True
2024.10.25_07-39-25_Sussex_metben,2386,2387,True
2024.10.25_07-39-25_Sussex_metben,2389,2389,True
2024.10.25_07-39-25_Sussex_metben,2391,2402,True
2024.10.25_07-39-25_Sussex_metben,2404,3264,True
2024.10.25_07-39-25_Sussex_metben,4330,4330,True
2024.10.25_07-39-25_Sussex_metben,4357,4357,True
2024.10.25_07-39-25_Sussex_metben,4361,4362,True
2024.10.25_07-39-25_Sussex_metben,4366,4366,True
2024.10.25_07-39-25_Sussex_metben,4374,4374,True
2024.10.25_07-39-25_Sussex_metben,4376,4377,True
2024.10.25_07-39-25_Sussex_metben,4381,4381,True
2024.10.25_07-39-25_Sussex_metben,4411,4417,True
2024.10.25_07-39-25_Sussex_metben,4419,4420,True
2024.10.25_07-39-25_Sussex_metben,4422,4425,True
2024.10.25_07-39-25_Sussex_metben,4428,4430,True
2024.10.25_07-39-25_Sussex_metben,4433,4435,True
2024.10.25_07-39-25_Sussex_metben,4437,4437,True
2024.10.25_07-39-25_Sussex_metben,4439,4442,True
2024.10.25_07-39-25_Sussex_metben,4471,4471,True
2024.10.25_07-39-25_Sussex_metben,4474,4481,True
2024.10.25_07-39-25_Sussex_metben,4484,4485,True
2024.10.25_07-39-25_Sussex_metben,4502,4502,True
2024.10.25_07-39-25_Sussex_metben,4504,4504,True
2024.10.25_07-39-25_Sussex_metben,4517,4519,True
2024.10.25_07-39-25_Sussex_metben,4525,4525,True
2024.10.25_07-39-25_Sussex_metben,4529,4529,True
2024.10.25_07-39-25_Sussex_metben,4544,4544,True
2024.10.25_07-39-25_Sussex_metben,4547,4549,True
2024.10.25_07-39-25_Sussex_metben,4551,4551,True
2024.10.25_07-39-25_Sussex_metben,4554,4554,True
2024.10.25_07-39-25_Sussex_metben,4556,4557,True
2024.10.25_07-39-25_Sussex_metben,4560,4560,True
2024.10.25_07-39-25_Sussex_metben,4566,4569,True
2024.10.25_07-39-25_Sussex_metben,4573,4573,True
2024.10.25_07-39-25_Sussex_metben,4578,4578,True
2024.10.25_07-39-25_Sussex_metben,4580,4580,True
2024.10.25_07-39-25_Sussex_metben,4593,4596,True
2024.10.25_07-39-25_Sussex_metben,4599,4599,True
2024.10.25_07-39-25_Sussex_metben,4607,4607,True
2024.10.25_07-39-25_Sussex_metben,4612,4613,True
2024.10.25_07-39-25_Sussex_metben,4617,4619,True
2024.10.25_07-39-25_Sussex_metben,4626,4626,True
2024.10.25_07-39-25_Sussex_metben,4635,4636,True
2024.10.25_07-39-25_Sussex_metben,4639,4641,True
2024.10.25_07-39-25_Sussex_metben,4644,4653,True
2024.10.25_07-39-25_Sussex_metben,4655,4655,True
2024.10.25_07-39-25_Sussex_metben,4658,4662,True
2024.10.25_07-39-25_Sussex_metben,4664,4675,True
2024.10.25_07-39-25_Sussex_metben,4678,4755,True
2024.10.25_07-39-25_Sussex_metben,4757,4759,True
2024.10.25_07-39-25_Sussex_metben,4761,4761,True
2024.10.25_07-39-25_Sussex_metben,4763,4767,True
2024.10.25_07-39-25_Sussex_metben,4769,4770,True
2024.10.25_07-39-25_Sussex_metben,4772,4773,True
2024.10.25_07-39-25_Sussex_metben,4776,4776,True
2024.10.25_07-39-25_Sussex_metben,4778,4778,True
2024.10.25_07-39-25_Sussex_metben,4781,4781,True
2024.10.25_07-39-25_Sussex_metben,4783,4783,True
2024.10.25_07-39-25_Sussex_metben,4786,4786,True
2024.10.25_07-39-25_Sussex_metben,4788,4789,True
2024.10.25_07-39-25_Sussex_metben,4792,4797,True
2024.10.25_07-39-25_Sussex_metben,4806,4807,True
2024.10.25_07-39-25_Sussex_metben,4820,4821,True
2024.10.25_07-39-25_Sussex_metben,4829,4831,True
2024.10.25_07-39-25_Sussex_metben,4846,4852,True
2024.10.25_07-39-25_Sussex_metben,4855,4857,True
2024.10.25_07-39-25_Sussex_metben,4966,4969,True
2024.10.25_07-39-25_Sussex_metben,4980,4981,True
2024.10.25_07-39-25_Sussex_metben,4988,4988,True
2024.10.25_07-39-25_Sussex_metben,4990,4990,True
2024.10.25_07-39-25_Sussex_metben,5000,5001,True
2024.10.25_07-39-25_Sussex_metben,5004,5004,True
2024.10.25_07-39-25_Sussex_metben,5007,5007,True
2024.10.25_07-39-25_Sussex_metben,5010,5010,True
2024.10.25_07-39-25_Sussex_metben,5013,5013,True
2024.10.25_07-39-25_Sussex_metben,5037,5038,True
2024.10.25_07-39-25_Sussex_metben,5043,5043,True
2024.10.25_07-39-25_Sussex_metben,5045,5046,True
2024.10.25_07-39-25_Sussex_metben,5054,5055,True
2024.10.25_07-39-25_Sussex_metben,5061,5066,True
2024.10.25_07-39-25_Sussex_metben,5074,5074,True
2024.10.25_07-39-25_Sussex_metben,5078,5079,True
2024.10.25_07-39-25_Sussex_metben,5092,5092,True
2024.10.25_07-39-25_Sussex_metben,5095,5096,True
2024.10.25_07-39-25_Sussex_metben,5100,5100,True
2024.10.25_07-39-25_Sussex_metben,5107,5108,True
2024.10.25_07-39-25_Sussex_metben,5110,5113,True
2024.10.25_07-39-25_Sussex_metben,5131,5131,True
2024.10.25_07-39-25_Sussex_metben,5133,5133,True
2024.10.25_07-39-25_Sussex_metben,5136,5136,True
2024.10.25_07-39-25_Sussex_metben,5140,5142,True
2024.10.25_07-39-25_Sussex_metben,5144,5146,True
2024.10.25_07-39-25_Sussex_metben,5150,5302,True
2024.10.25_07-39-25_Sussex_metben,5304,5347,True
2024.10.25_07-39-25_Sussex_metben,5349,5351,True
2024.10.25_07-39-25_Sussex_metben,5353,5414,True
2024.10.25_07-39-25_Sussex_metben,5416,5575,True
2024.10.25_07-39-25_Sussex_metben,6652,6653,True
2024.10.25_07-39-25_Sussex_metben,6657,6667,True
2024.10.25_07-39-25_Sussex_metben,6669,6839,True
2024.10.25_07-39-25_Sussex_metben,7011,7338,True
2024.10.25_07-39-25_Sussex_metben,7340,7344,True
2024.10.25_07-39-25_Sussex_metben,7346,7346,True
2024.10.25_07-39-25_Sussex_metben,7352,7352,True
2024.10.25_07-39-25_Sussex_metben,7375,7510,True
2024.10.25_07-39-25_Sussex_metben,7523,7523,True
2024.10.25_07-39-25_Sussex_metben,7525,7538,True
2024.10.25_07-39-25_Sussex_metben,7545,7545,True
2024.10.25_07-39-25_Sussex_metben,7547,7550,True
2024.10.25_07-39-25_Sussex_metben,7556,7556,True
2024.10.25_07-39-25_Sussex_metben,7560,7560,True
2024.10.25_07-39-25_Sussex_metben,7567,7567,True
2024.10.25_07-39-25_Sussex_metben,7573,7573,True
2024.10.25_07-39-25_Sussex_metben,7580,7580,True
2024.10.25_07-39-25_Sussex_metben,7585,7585,True
2024.10.25_07-39-25_Sussex_metben,7590,7592,True
2024.10.25_07-39-25_Sussex_metben,7594,7595,True
2024.10.25_07-39-25_Sussex_metben,7597,7599,True
2024.10.25_07-39-25_Sussex_metben,7602,7610,True
2024.10.25_07-39-25_Sussex_metben,7612,7614,True
2024.10.25_07-39-25_Sussex_metben,7616,7617,True
2024.10.25_07-39-25_Sussex_metben,7619,7619,True
2024.10.25_07-39-25_Sussex_metben,7621,7623,True
2024.10.25_07-39-25_Sussex_metben,7626,7642,True
2024.10.25_07-39-25_Sussex_metben,7644,7657,True
2024.10.25_07-39-25_Sussex_metben,7659,7844,True
2024.10.25_07-39-25_Sussex_metben,7846,7846,True
2024.10.25_07-39-25_Sussex_metben,7848,7854,True
2024.10.25_07-39-25_Sussex_metben,7856,7862,True
2024.10.25_07-39-25_Sussex_metben,7864,7865,True
2024.10.25_07-39-25_Sussex_metben,7867,7872,True
2024.10.25_07-39-25_Sussex_metben,7875,7875,True
2024.10.25_07-39-25_Sussex_metben,7927,7927,True
2024.10.25_07-39-25_Sussex_metben,7965,7975,True
2024.10.25_07-39-25_Sussex_metben,8123,8123,True
2024.10.25_07-39-25_Sussex_metben,8134,8135,True
2024.10.25_07-39-25_Sussex_metben,8139,8142,True
2024.10.25_07-39-25_Sussex_metben,8610,8617,True
2024.10.25_07-39-25_Sussex_metben,8620,8620,True
2024.10.25_07-39-25_Sussex_metben,8654,8654,True
2024.10.25_07-39-25_Sussex_metben,8675,8678,True
2024.10.25_07-39-25_Sussex_metben,8682,8682,True
2024.10.25_07-39-25_Sussex_metben,8685,8688,True
2024.10.25_07-39-25_Sussex_metben,8691,8693,True
2024.10.25_07-39-25_Sussex_metben,8695,8695,True
2024.10.25_07-39-25_Sussex_metben,8701,8707,True
2024.10.25_07-39-25_Sussex_metben,8713,8713,True
2024.10.25_07-39-25_Sussex_metben,8720,8721,True
2024.10.25_07-39-25_Sussex_metben,8724,8725,True
2024.10.25_07-39-25_Sussex_metben,8733,8733,True
2024.10.25_07-39-25_Sussex_metben,8736,8736,True
2024.10.25_07-39-25_Sussex_metben,8744,8744,True
2024.10.25_07-39-25_Sussex_metben,8752,8752,True
2024.10.25_07-39-25_Sussex_metben,8755,8755,True
2024.10.25_07-39-25_Sussex_metben,8758,8761,True
2024.10.25_07-39-25_Sussex_metben,8783,8783,True
2024.10.25_07-39-25_Sussex_metben,8785,8785,True
2024.10.25_07-39-25_Sussex_metben,8792,8792,True
2024.10.25_07-39-25_Sussex_metben,8798,8798,True
2024.10.25_07-39-25_Sussex_metben,8802,8804,True
2024.10.25_07-39-25_Sussex_metben,8807,8807,True
2024.10.25_07-39-25_Sussex_metben,8812,8812,True
2024.10.25_07-39-25_Sussex_metben,8814,8814,True
2024.10.25_07-39-25_Sussex_metben,8817,8822,True
2024.10.25_07-39-25_Sussex_metben,8824,8824,True
2024.10.25_07-39-25_Sussex_metben,8831,8831,True
2024.10.25_07-39-25_Sussex_metben,8833,8833,True
2024.10.25_07-39-25_Sussex_metben,8837,8837,True
2024.10.25_07-39-25_Sussex_metben,8839,8840,True
2024.07.05_11-45-17_CantonS (no odor),1231,1507,True
2024.07.05_11-45-17_CantonS (no odor),1949,1953,True
2024.07.05_11-45-17_CantonS (no odor),1956,1956,True
2024.07.05_11-45-17_CantonS (no odor),1959,1960,True
2024.07.05_11-45-17_CantonS (no odor),1962,1963,True
2024.07.05_11-45-17_CantonS (no odor),1965,1967,True
2024.07.05_11-45-17_CantonS (no odor),1982,2578,True
2024.07.05_11-45-17_CantonS (no odor),2794,3824,True
2024.11.13_02-31-36_Sechellia28_e2hex,1274,1275,True
2024.11.13_02-31-36_Sechellia28_e2hex,1279,1280,True
2024.11.13_02-31-36_Sechellia28_e2hex,1283,1285,True
2024.11.13_02-31-36_Sechellia28_e2hex,1290,1290,True
2024.11.13_02-31-36_Sechellia28_e2hex,1292,1293,True
2024.11.13_02-31-36_Sechellia28_e2hex,1295,1295,True
2024.11.13_02-31-36_Sechellia28_e2hex,1328,1333,True
2024.11.13_02-31-36_Sechellia28_e2hex,1335,1337,True
2024.11.13_02-31-36_Sechellia28_e2hex,1339,1356,True
2024.11.13_02-31-36_Sechellia28_e2hex,1358,1358,True
2024.11.13_02-31-36_Sechellia28_e2hex,1360,1360,True
2024.11.13_02-31-36_Sechellia28_e2hex,1364,1364,True
2024.11.13_02-31-36_Sechellia28_e2hex,1402,1402,True
2024.11.13_02-31-36_Sechellia28_e2hex,1407,1408,True
2024.11.13_02-31-36_Sechellia28_e2hex,1416,1416,True
2024.11.13_02-31-36_Sechellia28_e2hex,1419,1420,True
2024.11.13_02-31-36_Sechellia28_e2hex,1422,1423,True
2024.11.13_02-31-36_Sechellia28_e2hex,1425,1426,True
2024.11.13_02-31-36_Sechellia28_e2hex,1429,1429,True
2024.11.13_02-31-36_Sechellia28_e2hex,1431,1431,True
2024.11.13_02-31-36_Sechellia28_e2hex,1433,1433,True
2024.11.13_02-31-36_Sechellia28_e2hex,1435,1467,True
2024.11.13_02-31-36_Sechellia28_e2hex,1469,1478,True
2024.11.13_02-31-36_Sechellia28_e2hex,1505,1506,True
2024.11.13_02-31-36_Sechellia28_e2hex,1508,1509,True
2024.11.13_02-31-36_Sechellia28_e2hex,1512,1512,True
2024.11.13_02-31-36_Sechellia28_e2hex,1518,1518,True
2024.11.13_02-31-36_Sechellia28_e2hex,1520,1524,True
2024.11.13_02-31-36_Sechellia28_e2hex,1526,1526,True
2024.11.13_02-31-36_Sechellia28_e2hex,1528,1528,True
2024.11.13_02-31-36_Sechellia28_e2hex,1541,1543,True
2024.11.13_02-31-36_Sechellia28_e2hex,1552,1552,True
2024.11.13_02-31-36_Sechellia28_e2hex,1555,1555,True
2024.11.13_02-31-36_Sechellia28_e2hex,1558,1562,True
2024.11.13_02-31-36_Sechellia28_e2hex,1564,1572,True
2024.11.13_02-31-36_Sechellia28_e2hex,1576,1576,True
2024.11.13_02-31-36_Sechellia28_e2hex,1595,1595,True
2024.11.13_02-31-36_Sechellia28_e2hex,1599,1599,True
2024.11.13_02-31-36_Sechellia28_e2hex,1610,1612,True
2024.11.13_02-31-36_Sechellia28_e2hex,1670,2253,True
2024.11.13_02-31-36_Sechellia28_e2hex,2255,2264,True
2024.11.13_02-31-36_Sechellia28_e2hex,2266,2268,True
2024.11.13_02-31-36_Sechellia28_e2hex,2270,2277,True
2024.11.13_02-31-36_Sechellia28_e2hex,2279,2283,True
2024.11.13_02-31-36_Sechellia28_e2hex,2285,2289,True
2024.11.13_02-31-36_Sechellia28_e2hex,2294,2296,True
2024.11.13_02-31-36_Sechellia28_e2hex,2298,2307,True
2024.11.13_02-31-36_Sechellia28_e2hex,2309,2320,True
2024.11.13_02-31-36_Sechellia28_e2hex,2322,2326,True
2024.11.13_02-31-36_Sechellia28_e2hex,2328,2347,True
2024.11.13_02-31-36_Sechellia28_e2hex,2349,2349,True
2024.11.13_02-31-36_Sechellia28_e2hex,2351,2352,True
2024.11.13_02-31-36_Sechellia28_e2hex,2356,2361,True
2024.11.13_02-31-36_Sechellia28_e2hex,2363,2363,True
2024.11.13_02-31-36_Sechellia28_e2hex,2365,2368,True
2024.11.13_02-31-36_Sechellia28_e2hex,2370,2385,True
2024.11.13_02-31-36_Sechellia28_e2hex,2387,2389,True
2024.11.13_02-31-36_Sechellia28_e2hex,2391,2394,True
2024.11.13_02-31-36_Sechellia28_e2hex,2396,2398,True
2024.11.13_02-31-36_Sechellia28_e2hex,2400,2405,True
2024.11.13_02-31-36_Sechellia28_e2hex,2407,2408,True
2024.11.13_02-31-36_Sechellia28_e2hex,2410,2432,True
2024.11.13_02-31-36_Sechellia28_e2hex,2434,2439,True
2024.11.13_02-31-36_Sechellia28_e2hex,2441,2443,True
2024.11.13_02-31-36_Sechellia28_e2hex,2445,2455,True
2024.11.13_02-31-36_Sechellia28_e2hex,2457,2461,True
2024.11.13_02-31-36_Sechellia28_e2hex,2463,2465,True
2024.11.13_02-31-36_Sechellia28_e2hex,2467,2471,True
2024.11.13_02-31-36_Sechellia28_e2hex,2473,2475,True
2024.11.13_02-31-36_Sechellia28_e2hex,2477,2480,True
2024.11.13_02-31-36_Sechellia28_e2hex,2482,2487,True
2024.11.13_02-31-36_Sechellia28_e2hex,2490,2492,True
2024.11.13_02-31-36_Sechellia28_e2hex,2494,2495,True
2024.11.13_02-31-36_Sechellia28_e2hex,2497,2507,True
2024.11.13_02-31-36_Sechellia28_e2hex,2509,2519,True
2024.11.13_02-31-36_Sechellia28_e2hex,2521,2530,True
2024.11.13_02-31-36_Sechellia28_e2hex,2532,2540,True
2024.11.13_02-31-36_Sechellia28_e2hex,2543,2547,True
2024.11.13_02-31-36_Sechellia28_e2hex,2549,2553,True
2024.11.13_02-31-36_Sechellia28_e2hex,2557,2559,True
2024.11.13_02-31-36_Sechellia28_e2hex,2562,2565,True
2024.11.13_02-31-36_Sechellia28_e2hex,2573,2573,True
2024.11.13_02-31-36_Sechellia28_e2hex,2577,2578,True
2024.11.13_02-31-36_Sechellia28_e2hex,2580,2580,True
2024.11.13_02-31-36_Sechellia28_e2hex,2582,2582,True
2024.11.13_02-31-36_Sechellia28_e2hex,2585,2585,True
2024.11.13_02-31-36_Sechellia28_e2hex,2587,2587,True
2024.11.13_02-31-36_Sechellia28_e2hex,2592,2592,True
2024.11.13_02-31-36_Sechellia28_e2hex,2595,2595,True
2024.11.13_02-31-36_Sechellia28_e2hex,2598,2600,True
2024.11.13_02-31-36_Sechellia28_e2hex,2602,2602,True
2024.11.13_02-31-36_Sechellia28_e2hex,2604,2605,True
2024.11.13_02-31-36_Sechellia28_e2hex,2607,2608,True
2024.11.13_02-31-36_Sechellia28_e2hex,2610,2613,True
2024.11.13_02-31-36_Sechellia28_e2hex,2615,2615,True
2024.11.13_02-31-36_Sechellia28_e2hex,2617,2617,True
2024.11.13_02-31-36_Sechellia28_e2hex,2621,2622,True
2024.11.13_02-31-36_Sechellia28_e2hex,2626,2626,True
2024.11.13_02-31-36_Sechellia28_e2hex,2631,2634,True
2024.11.13_02-31-36_Sechellia28_e2hex,2636,2636,True
2024.11.13_02-31-36_Sechellia28_e2hex,2638,2640,True
2024.11.13_02-31-36_Sechellia28_e2hex,2645,2645,True
2024.11.13_02-31-36_Sechellia28_e2hex,2648,2648,True
2024.11.13_02-31-36_Sechellia28_e2hex,2651,2652,True
2024.11.13_02-31-36_Sechellia28_e2hex,2654,2654,True
2024.11.13_02-31-36_Sechellia28_e2hex,2656,2656,True
2024.11.13_02-31-36_Sechellia28_e2hex,2658,2659,True
2024.11.13_02-31-36_Sechellia28_e2hex,2670,2680,True
2024.11.13_02-31-36_Sechellia28_e2hex,2682,2683,True
2024.11.13_02-31-36_Sechellia28_e2hex,2686,2686,True
2024.11.13_02-31-36_Sechellia28_e2hex,2694,2694,True
2024.11.13_02-31-36_Sechellia28_e2hex,2697,2698,True
2024.11.13_02-31-36_Sechellia28_e2hex,2700,2701,True
2024.11.13_02-31-36_Sechellia28_e2hex,2704,2708,True
2024.11.13_02-31-36_Sechellia28_e2hex,2710,2711,True
2024.11.13_02-31-36_Sechellia28_e2hex,2713,2719,True
2024.11.13_02-31-36_Sechellia28_e2hex,2721,2721,True
2024.11.13_02-31-36_Sechellia28_e2hex,2723,2723,True
2024.11.13_02-31-36_Sechellia28_e2hex,2727,2731,True
2024.11.13_02-31-36_Sechellia28_e2hex,2734,2734,True
2024.11.13_02-31-36_Sechellia28_e2hex,2736,2736,True
2024.11.13_02-31-36_Sechellia28_e2hex,2738,2738,True
2024.11.13_02-31-36_Sechellia28_e2hex,2741,2741,True
2024.11.13_02-31-36_Sechellia28_e2hex,2744,2745,True
2024.11.13_02-31-36_Sechellia28_e2hex,2747,2749,True
2024.11.13_02-31-36_Sechellia28_e2hex,2751,2754,True
2024.11.13_02-31-36_Sechellia28_e2hex,2759,2763,True
2024.11.13_02-31-36_Sechellia28_e2hex,2767,2770,True
2024.11.13_02-31-36_Sechellia28_e2hex,2772,2803,True
2024.11.13_02-31-36_Sechellia28_e2hex,2805,2830,True
2024.11.13_02-31-36_Sechellia28_e2hex,2832,2860,True
2024.11.13_02-31-36_Sechellia28_e2hex,2862,2866,True
2024.11.13_02-31-36_Sechellia28_e2hex,2868,2869,True
2024.11.13_02-31-36_Sechellia28_e2hex,2871,2874,True
2024.11.13_02-31-36_Sechellia28_e2hex,2877,2877,True
2024.11.13_02-31-36_Sechellia28_e2hex,2879,2882,True
2024.11.13_02-31-36_Sechellia28_e2hex,2884,2886,True
2024.11.13_02-31-36_Sechellia28_e2hex,2888,2888,True
2024.11.13_02-31-36_Sechellia28_e2hex,2893,2893,True
2024.11.13_02-31-36_Sechellia28_e2hex,2899,2899,True
2024.11.13_02-31-36_Sechellia28_e2hex,2902,2904,True
2024.11.13_02-31-36_Sechellia28_e2hex,2910,2912,True
2024.11.13_02-31-36_Sechellia28_e2hex,2914,2916,True
2024.11.13_02-31-36_Sechellia28_e2hex,2919,2920,True
2024.11.13_02-31-36_Sechellia28_e2hex,2922,2923,True
2024.11.13_02-31-36_Sechellia28_e2hex,2925,2926,True
2024.11.13_02-31-36_Sechellia28_e2hex,2930,2930,True
2024.11.13_02-31-36_Sechellia28_e2hex,2932,2932,True
2024.11.13_02-31-36_Sechellia28_e2hex,2934,2934,True
2024.11.13_02-31-36_Sechellia28_e2hex,2937,2938,True
2024.11.13_02-31-36_Sechellia28_e2hex,2942,2945,True
2024.11.13_02-31-36_Sechellia28_e2hex,2950,2951,True
2024.11.13_02-31-36_Sechellia28_e2hex,2953,2954,True
2024.11.13_02-31-36_Sechellia28_e2hex,2957,2958,True
2024.11.13_02-31-36_Sechellia28_e2hex,2961,2965,True
2024.11.13_02-31-36_Sechellia28_e2hex,2968,2968,True
2024.11.13_02-31-36_Sechellia28_e2hex,2970,2970,True
2024.11.13_02-31-36_Sechellia28_e2hex,2976,2979,True
2024.11.13_02-31-36_Sechellia28_e2hex,2988,2988,True
2024.11.13_02-31-36_Sechellia28_e2hex,2990,2990,True
2024.11.13_02-31-36_Sechellia28_e2hex,2992,3020,True
2024.11.13_02-31-36_Sechellia28_e2hex,3036,3039,True
2024.11.13_02-31-36_Sechellia28_e2hex,3041,3044,True
2024.11.13_02-31-36_Sechellia28_e2hex,3047,3068,True
2024.11.13_02-31-36_Sechellia28_e2hex,3070,3094,True
2024.11.13_02-31-36_Sechellia28_e2hex,3096,3129,True
2024.11.13_02-31-36_Sechellia28_e2hex,3131,3139,True
2024.11.13_02-31-36_Sechellia28_e2hex,3141,3146,True
2024.11.13_02-31-36_Sechellia28_e2hex,3148,3150,True
2024.11.13_02-31-36_Sechellia28_e2hex,3152,3154,True
2024.11.13_02-31-36_Sechellia28_e2hex,3156,3157,True
2024.11.13_02-31-36_Sechellia28_e2hex,3160,3160,True
2024.11.13_02-31-36_Sechellia28_e2hex,3162,3165,True
2024.11.13_02-31-36_Sechellia28_e2hex,3167,3168,True
2024.11.13_02-31-36_Sechellia28_e2hex,3170,3171,True
2024.11.13_02-31-36_Sechellia28_e2hex,3173,3185,True
2024.11.13_02-31-36_Sechellia28_e2hex,3187,3187,True
2024.11.13_02-31-36_Sechellia28_e2hex,3189,3193,True
2024.11.13_02-31-36_Sechellia28_e2hex,3195,3197,True
2024.11.13_02-31-36_Sechellia28_e2hex,3199,3202,True
2024.11.13_02-31-36_Sechellia28_e2hex,3204,3215,True
2024.11.13_02-31-36_Sechellia28_e2hex,3217,3218,True
2024.11.13_02-31-36_Sechellia28_e2hex,3220,3220,True
2024.11.13_02-31-36_Sechellia28_e2hex,3223,3223,True
2024.11.13_02-31-36_Sechellia28_e2hex,3225,3226,True
2024.11.13_02-31-36_Sechellia28_e2hex,3229,3229,True
2024.11.13_02-31-36_Sechellia28_e2hex,3232,3236,True
2024.11.13_02-31-36_Sechellia28_e2hex,3238,3243,True
2024.11.13_02-31-36_Sechellia28_e2hex,3245,3248,True
2024.11.13_02-31-36_Sechellia28_e2hex,3250,3252,True
2024.11.13_02-31-36_Sechellia28_e2hex,3255,3258,True
2024.11.13_02-31-36_Sechellia28_e2hex,3261,3264,True
2024.11.13_02-31-36_Sechellia28_e2hex,3266,3270,True
2024.11.13_02-31-36_Sechellia28_e2hex,3273,3278,True
2024.11.13_02-31-36_Sechellia28_e2hex,3280,3280,True
2024.11.13_02-31-36_Sechellia28_e2hex,3282,3282,True
2024.11.13_02-31-36_Sechellia28_e2hex,3284,3284,True
2024.11.13_02-31-36_Sechellia28_e2hex,3287,3289,True
2024.11.13_02-31-36_Sechellia28_e2hex,3291,3293,True
2024.11.13_02-31-36_Sechellia28_e2hex,3295,3296,True
2024.11.13_02-31-36_Sechellia28_e2hex,3298,3302,True
2024.11.13_02-31-36_Sechellia28_e2hex,3304,3304,True
2024.11.13_02-31-36_Sechellia28_e2hex,3306,3306,True
2024.11.13_02-31-36_Sechellia28_e2hex,3308,3312,True
2024.11.13_02-31-36_Sechellia28_e2hex,3315,3317,True
2024.11.13_02-31-36_Sechellia28_e2hex,3320,3324,True
2024.11.13_02-31-36_Sechellia28_e2hex,3326,3330,True
2024.11.13_02-31-36_Sechellia28_e2hex,3333,3333,True
2024.11.13_02-31-36_Sechellia28_e2hex,3337,3340,True
2024.11.13_02-31-36_Sechellia28_e2hex,3343,3343,True
2024.11.13_02-31-36_Sechellia28_e2hex,3761,3768,True
2024.11.13_02-31-36_Sechellia28_e2hex,3770,3770,True
2024.11.13_02-31-36_Sechellia28_e2hex,3772,3774,True
2024.11.13_02-31-36_Sechellia28_e2hex,3776,3779,True
2024.11.13_02-31-36_Sechellia28_e2hex,3781,3781,True
2024.11.13_02-31-36_Sechellia28_e2hex,3792,3792,True
2024.11.13_02-31-36_Sechellia28_e2hex,3794,3796,True
2024.11.13_02-31-36_Sechellia28_e2hex,3800,3800,True
2024.11.13_02-31-36_Sechellia28_e2hex,3802,3802,True
2024.11.13_02-31-36_Sechellia28_e2hex,3923,3923,True
2024.11.13_02-31-36_Sechellia28_e2hex,3925,3926,True
2024.11.13_02-31-36_Sechellia28_e2hex,3929,3930,True
2024.11.13_02-31-36_Sechellia28_e2hex,3932,3932,True
2024.11.13_02-31-36_Sechellia28_e2hex,3941,3948,True
2024.11.13_02-31-36_Sechellia28_e2hex,3950,3953,True
2024.11.13_02-31-36_Sechellia28_e2hex,4024,4024,True
2024.11.13_02-31-36_Sechellia28_e2hex,4031,4073,True
2024.11.13_02-31-36_Sechellia28_e2hex,4076,4080,True
2024.11.13_02-31-36_Sechellia28_e2hex,4082,4110,True
2024.11.13_02-31-36_Sechellia28_e2hex,4112,4115,True
2024.11.13_02-31-36_Sechellia28_e2hex,4117,4131,True
2024.11.13_02-31-36_Sechellia28_e2hex,4134,4138,True
2024.11.13_02-31-36_Sechellia28_e2hex,4140,4145,True
2024.11.13_02-31-36_Sechellia28_e2hex,4149,4150,True
2024.11.13_02-31-36_Sechellia28_e2hex,4152,4153,True
2024.11.13_02-31-36_Sechellia28_e2hex,4156,4161,True
2024.11.13_02-31-36_Sechellia28_e2hex,4165,4165,True
2024.11.13_02-31-36_Sechellia28_e2hex,4168,4168,True
2024.11.13_02-31-36_Sechellia28_e2hex,4171,4175,True
2024.11.13_02-31-36_Sechellia28_e2hex,4177,4179,True
2024.11.13_02-31-36_Sechellia28_e2hex,4181,4182,True
2024.11.13_02-31-36_Sechellia28_e2hex,4185,4187,True
2024.11.13_02-31-36_Sechellia28_e2hex,4189,4190,True
2024.11.13_02-31-36_Sechellia28_e2hex,4195,4195,True
2024.11.13_02-31-36_Sechellia28_e2hex,4197,4199,True
2024.11.13_02-31-36_Sechellia28_e2hex,4201,4203,True
2024.11.13_02-31-36_Sechellia28_e2hex,4205,4210,True
2024.11.13_02-31-36_Sechellia28_e2hex,4212,4212,True
2024.11.13_02-31-36_Sechellia28_e2hex,4217,4217,True
2024.11.13_02-31-36_Sechellia28_e2hex,4219,4220,True
2024.11.13_02-31-36_Sechellia28_e2hex,4225,4228,True
2024.11.13_02-31-36_Sechellia28_e2hex,4230,4236,True
2024.11.13_02-31-36_Sechellia28_e2hex,4239,4240,True
2024.11.13_02-31-36_Sechellia28_e2hex,4242,4242,True
2024.11.13_02-31-36_Sechellia28_e2hex,4244,4248,True
2024.11.13_02-31-36_Sechellia28_e2hex,4250,4253,True
2024.11.13_02-31-36_Sechellia28_e2hex,4255,4264,True
2024.11.13_02-31-36_Sechellia28_e2hex,4267,4294,True
2024.11.13_02-31-36_Sechellia28_e2hex,4296,4330,True
2024.11.13_02-31-36_Sechellia28_e2hex,4373,4373,True
2024.11.13_02-31-36_Sechellia28_e2hex,4375,4388,True
2024.11.13_02-31-36_Sechellia28_e2hex,4498,4507,True
2024.11.13_02-31-36_Sechellia28_e2hex,4509,4517,True
2024.11.13_02-31-36_Sechellia28_e2hex,4520,4520,True
2024.11.13_02-31-36_Sechellia28_e2hex,4526,4529,True
2024.11.13_02-31-36_Sechellia28_e2hex,4531,4538,True
2024.11.13_02-31-36_Sechellia28_e2hex,4540,4540,True
2024.11.13_02-31-36_Sechellia28_e2hex,4542,4542,True
2024.11.13_02-31-36_Sechellia28_e2hex,4544,4544,True
2024.11.13_02-31-36_Sechellia28_e2hex,4564,4564,True
2024.11.13_02-31-36_Sechellia28_e2hex,4590,4590,True
2024.11.13_02-31-36_Sechellia28_e2hex,4592,4593,True
2024.11.13_02-31-36_Sechellia28_e2hex,4595,4598,True
2024.11.13_02-31-36_Sechellia28_e2hex,4600,4602,True
2024.11.13_02-31-36_Sechellia28_e2hex,4604,4604,True
2024.11.13_02-31-36_Sechellia28_e2hex,4931,4954,True
2024.11.13_02-31-36_Sechellia28_e2hex,4998,5022,True
2024.11.13_02-31-36_Sechellia28_e2hex,6035,6035,True
2024.11.13_02-31-36_Sechellia28_e2hex,6129,6137,True
2024.11.13_02-31-36_Sechellia28_e2hex,6529,6549,True
2024.11.13_02-31-36_Sechellia28_e2hex,6623,6626,True
2024.11.13_02-31-36_Sechellia28_e2hex,6651,6704,True
2024.11.13_02-31-36_Sechellia28_e2hex,6706,6805,True
2024.11.13_02-31-36_Sechellia28_e2hex,6897,6903,True
2024.11.13_02-31-36_Sechellia28_e2hex,6945,6946,True
2024.11.13_02-31-36_Sechellia28_e2hex,6948,6953,True
2024.11.13_02-31-36_Sechellia28_e2hex,6988,6991,True
2024.11.13_02-31-36_Sechellia28_e2hex,7004,7012,True
2024.11.13_02-31-36_Sechellia28_e2hex,7017,7017,True
2024.11.13_02-31-36_Sechellia28_e2hex,7019,7019,True
2024.11.13_02-31-36_Sechellia28_e2hex,7064,7080,True
2024.11.13_02-31-36_Sechellia28_e2hex,7091,7113,True
2024.11.13_02-31-36_Sechellia28_e2hex,7187,7192,True
2024.11.13_02-31-36_Sechellia28_e2hex,7194,7194,True
2024.11.13_02-31-36_Sechellia28_e2hex,7196,7205,True
2024.11.13_02-31-36_Sechellia28_e2hex,7208,7228,True
2024.11.13_02-31-36_Sechellia28_e2hex,7230,7230,True
2024.11.13_02-31-36_Sechellia28_e2hex,7232,7261,True
2024.11.13_02-31-36_Sechellia28_e2hex,7263,7270,True
2024.11.13_02-31-36_Sechellia28_e2hex,7272,7285,True
2024.11.13_02-31-36_Sechellia28_e2hex,7287,7289,True
2024.11.13_02-31-36_Sechellia28_e2hex,7291,7292,True
2024.11.13_02-31-36_Sechellia28_e2hex,7294,7313,True
2024.11.13_02-31-36_Sechellia28_e2hex,7315,7320,True
2024.11.13_02-31-36_Sechellia28_e2hex,7322,7361,True
2024.11.13_02-31-36_Sechellia28_e2hex,7363,7364,True
2024.11.13_02-31-36_Sechellia28_e2hex,7366,7413,True
2024.11.13_02-31-36_Sechellia28_e2hex,7415,7422,True
2024.11.13_02-31-36_Sechellia28_e2hex,7425,7433,True
2024.11.13_02-31-36_Sechellia28_e2hex,7435,7436,True
2024.11.13_02-31-36_Sechellia28_e2hex,7442,7442,True
2024.11.13_02-31-36_Sechellia28_e2hex,7444,7669,True
2024.11.13_02-31-36_Sechellia28_e2hex,7727,7732,True
2024.11.13_02-31-36_Sechellia28_e2hex,7734,7743,True
2024.11.13_02-31-36_Sechellia28_e2hex,7769,7775,True
2024.11.13_02-31-36_Sechellia28_e2hex,7799,7825,True
2024.11.13_02-31-36_Sechellia28_e2hex,7827,7851,True
2024.11.13_02-31-36_Sechellia28_e2hex,7853,7917,True
2024.11.13_02-31-36_Sechellia28_e2hex,7919,7921,True
2024.11.13_02-31-36_Sechellia28_e2hex,7923,7926,True
2024.11.13_02-31-36_Sechellia28_e2hex,7928,7929,True
2024.11.13_02-31-36_Sechellia28_e2hex,7931,7932,True
2024.11.13_02-31-36_Sechellia28_e2hex,7934,7951,True
2024.11.13_02-31-36_Sechellia28_e2hex,7953,7966,True
2024.11.13_02-31-36_Sechellia28_e2hex,7968,8718,True
2024.11.13_02-31-36_Sechellia28_e2hex,8720,8755,True
2024.11.13_02-31-36_Sechellia28_e2hex,8758,8760,True
2024.11.13_02-31-36_Sechellia28_e2hex,8763,8763,True
2024.11.13_02-31-36_Sechellia28_e2hex,8765,8771,True
2024.11.13_02-31-36_Sechellia28_e2hex,8774,8774,True
2024.11.13_02-31-36_Sechellia28_e2hex,8776,8784,True
2024.12.12_19-06-43_Riverside_no_odor,1541,1541,True
2024.12.12_19-06-43_Riverside_no_odor,1545,1545,True
2024.12.12_19-06-43_Riverside_no_odor,1555,1555,True
2024.12.12_19-06-43_Riverside_no_odor,1581,1581,True
2024.12.12_19-06-43_Riverside_no_odor,1583,1583,True
2024.12.12_19-06-43_Riverside_no_odor,1586,1586,True
2024.12.12_19-06-43_Riverside_no_odor,1588,1597,True
2024.12.12_19-06-43_Riverside_no_odor,1602,1602,True
2024.12.12_19-06-43_Riverside_no_odor,1606,1606,True
2024.12.12_19-06-43_Riverside_no_odor,1609,1611,True
2024.12.12_19-06-43_Riverside_no_odor,1739,1851,True
2024.12.12_19-06-43_Riverside_no_odor,1948,2070,True
2024.12.12_19-06-43_Riverside_no_odor,2072,2122,True
2024.12.12_19-06-43_Riverside_no_odor,2179,2179,True
2024.12.12_19-06-43_Riverside_no_odor,2191,2193,True
2024.12.12_19-06-43_Riverside_no_odor,2197,2202,True
2024.12.12_19-06-43_Riverside_no_odor,2209,2224,True
2024.12.12_19-06-43_Riverside_no_odor,2226,2231,True
2024.12.12_19-06-43_Riverside_no_odor,2235,2235,True
2024.12.12_19-06-43_Riverside_no_odor,2238,2240,True
2024.12.12_19-06-43_Riverside_no_odor,2243,2245,True
2024.12.12_19-06-43_Riverside_no_odor,2249,2251,True
2024.12.12_19-06-43_Riverside_no_odor,2253,2333,True
2024.12.12_19-06-43_Riverside_no_odor,2335,2342,True
2024.12.12_19-06-43_Riverside_no_odor,2344,2354,True
2024.12.12_19-06-43_Riverside_no_odor,2357,2360,True
2024.12.12_19-06-43_Riverside_no_odor,2363,2381,True
2024.12.12_19-06-43_Riverside_no_odor,2383,4030,True
2024.12.12_19-06-43_Riverside_no_odor,4033,4039,True
2024.12.12_19-06-43_Riverside_no_odor,4061,4085,True
2024.12.12_19-06-43_Riverside_no_odor,4087,4087,True
2024.12.12_19-06-43_Riverside_no_odor,4091,4091,True
2024.12.12_19-06-43_Riverside_no_odor,5192,5194,True
2024.12.12_19-06-43_Riverside_no_odor,5196,5204,True
2024.12.12_19-06-43_Riverside_no_odor,5207,5212,True
2024.12.12_19-06-43_Riverside_no_odor,5214,5222,True
2024.12.12_19-06-43_Riverside_no_odor,5224,5224,True
2024.12.12_19-06-43_Riverside_no_odor,5227,5227,True
2024.12.12_19-06-43_Riverside_no_odor,5231,5231,True
2024.12.12_19-06-43_Riverside_no_odor,5233,5233,True
2024.12.12_19-06-43_Riverside_no_odor,5236,5236,True
2024.12.12_19-06-43_Riverside_no_odor,5238,5239,True
2024.12.12_19-06-43_Riverside_no_odor,5246,5246,True
2024.12.12_19-06-43_Riverside_no_odor,5251,5251,True
2024.12.12_19-06-43_Riverside_no_odor,5478,5618,True
2024.12.12_19-06-43_Riverside_no_odor,5620,5665,True
2024.12.12_19-06-43_Riverside_no_odor,5667,5735,True
2024.12.12_19-06-43_Riverside_no_odor,5737,6279,True
2024.12.12_19-06-43_Riverside_no_odor,6713,6716,True
2024.12.12_19-06-43_Riverside_no_odor,6733,6733,True
2024.12.12_19-06-43_Riverside_no_odor,6756,6760,True
2024.12.12_19-06-43_Riverside_no_odor,6765,6765,True
2024.12.12_19-06-43_Riverside_no_odor,6767,6774,True
2024.12.12_19-06-43_Riverside_no_odor,6776,6777,True
2024.12.12_19-06-43_Riverside_no_odor,6782,6795,True
2024.12.12_19-06-43_Riverside_no_odor,6797,6798,True
2024.12.12_19-06-43_Riverside_no_odor,6815,6815,True
2024.12.12_19-06-43_Riverside_no_odor,6819,6819,True
2024.12.12_19-06-43_Riverside_no_odor,6823,6823,True
2024.12.12_19-06-43_Riverside_no_odor,6840,6840,True
2024.12.12_19-06-43_Riverside_no_odor,6909,6912,True
2024.12.12_19-06-43_Riverside_no_odor,6914,6926,True
2024.12.12_19-06-43_Riverside_no_odor,6928,6929,True
2024.12.12_19-06-43_Riverside_no_odor,6932,6933,True
2024.12.12_19-06-43_Riverside_no_odor,6935,6939,True
2024.12.12_19-06-43_Riverside_no_odor,6941,6943,True
2024.12.12_19-06-43_Riverside_no_odor,6945,6946,True
2024.12.12_19-06-43_Riverside_no_odor,6949,6950,True
2024.12.12_19-06-43_Riverside_no_odor,6953,6962,True
2024.12.12_19-06-43_Riverside_no_odor,6964,6971,True
2024.12.12_19-06-43_Riverside_no_odor,6975,7122,True
2024.12.12_19-06-43_Riverside_no_odor,7124,7144,True
2024.12.12_19-06-43_Riverside_no_odor,7148,7152,True
2024.12.12_19-06-43_Riverside_no_odor,7156,7168,True
2024.12.12_19-06-43_Riverside_no_odor,7170,7186,True
2024.12.12_19-06-43_Riverside_no_odor,7188,7193,True
2024.12.12_19-06-43_Riverside_no_odor,7196,7276,True
2024.12.12_19-06-43_Riverside_no_odor,7278,7278,True
2024.12.12_19-06-43_Riverside_no_odor,7280,7326,True
2024.12.12_19-06-43_Riverside_no_odor,7328,7346,True
2024.12.12_19-06-43_Riverside_no_odor,7348,7898,True
2024.12.12_19-06-43_Riverside_no_odor,8260,8289,True
2024.12.12_19-06-43_Riverside_no_odor,8291,8294,True
2024.12.12_19-06-43_Riverside_no_odor,8296,8302,True
2024.12.12_19-06-43_Riverside_no_odor,8327,8970,True
2024.11.05_04-43-48_Yakuba7_e2hex,3,365,True
2024.11.05_04-43-48_Yakuba7_e2hex,1393,2161,True
2024.11.05_04-43-48_Yakuba7_e2hex,2973,3288,True
2024.11.05_04-43-48_Yakuba7_e2hex,4677,4677,True
2024.10.17_14-37-33_Riverside_prenac,473,827,True
2024.10.17_14-37-33_Riverside_prenac,1297,1710,True
2024.10.17_14-37-33_Riverside_prenac,1750,1958,True
2024.10.17_14-37-33_Riverside_prenac,1960,1990,True
2024.10.17_14-37-33_Riverside_prenac,1992,2015,True
2024.10.17_14-37-33_Riverside_prenac,2017,2027,True
2024.10.17_14-37-33_Riverside_prenac,2029,2048,True
2024.10.17_14-37-33_Riverside_prenac,2050,2053,True
2024.10.17_14-37-33_Riverside_prenac,2055,2055,True
2024.10.17_14-37-33_Riverside_prenac,2058,2058,True
2024.10.17_14-37-33_Riverside_prenac,2067,2067,True
2024.10.17_14-37-33_Riverside_prenac,2073,2073,True
2024.10.17_14-37-33_Riverside_prenac,2078,2078,True
2024.10.17_14-37-33_Riverside_prenac,2080,2084,True
2024.10.17_14-37-33_Riverside_prenac,2086,2087,True
2024.10.17_14-37-33_Riverside_prenac,2111,2266,True
2024.10.17_14-37-33_Riverside_prenac,2268,2268,True
2024.10.17_14-37-33_Riverside_prenac,2271,2273,True
2024.10.17_14-37-33_Riverside_prenac,2757,2757,True
2024.10.17_14-37-33_Riverside_prenac,2759,3826,True
2024.10.17_14-37-33_Riverside_prenac,4719,4753,True
2024.10.17_14-37-33_Riverside_prenac,4776,4776,True
2024.10.17_14-37-33_Riverside_prenac,4778,4780,True
2024.10.17_14-37-33_Riverside_prenac,4782,4836,True
2024.10.17_14-37-33_Riverside_prenac,4931,4965,True
2024.10.17_14-37-33_Riverside_prenac,5169,5169,True
2024.10.17_14-37-33_Riverside_prenac,5178,5222,True
2024.10.17_14-37-33_Riverside_prenac,5259,5371,True
2024.10.17_14-37-33_Riverside_prenac,5381,5382,True
2024.10.17_14-37-33_Riverside_prenac,7414,7425,True
2024.10.17_14-37-33_Riverside_prenac,7427,7618,True
2024.10.17_14-37-33_Riverside_prenac,7620,7650,True
2024.10.17_14-37-33_Riverside_prenac,7661,7661,True
2024.10.17_14-37-33_Riverside_prenac,7664,7665,True
2024.10.17_14-37-33_Riverside_prenac,7671,7671,True
2024.10.17_14-37-33_Riverside_prenac,7700,7705,True
2024.10.17_14-37-33_Riverside_prenac,7709,7710,True
2024.10.17_14-37-33_Riverside_prenac,7712,7713,True
2024.10.17_14-37-33_Riverside_prenac,7715,7718,True
2024.10.17_14-37-33_Riverside_prenac,7721,7721,True
2024.10.17_14-37-33_Riverside_prenac,7736,7738,True
2024.10.17_14-37-33_Riverside_prenac,7771,7771,True
2024.09.30_14-57-53_Sussex_no_odor,1431,1559,True
2024.09.30_14-57-53_Sussex_no_odor,1699,1713,True
2024.09.30_14-57-53_Sussex_no_odor,1715,1718,True
2024.09.30_14-57-53_Sussex_no_odor,1720,1737,True
2024.09.30_14-57-53_Sussex_no_odor,1739,1740,True
2024.09.30_14-57-53_Sussex_no_odor,1742,1757,True
2024.09.30_14-57-53_Sussex_no_odor,1759,1760,True
2024.09.30_14-57-53_Sussex_no_odor,1763,1772,True
2024.09.30_14-57-53_Sussex_no_odor,1775,1775,True
2024.09.30_14-57-53_Sussex_no_odor,1778,1778,True
2024.09.30_14-57-53_Sussex_no_odor,1803,1803,True
2024.09.30_14-57-53_Sussex_no_odor,1808,1859,True
2024.09.30_14-57-53_Sussex_no_odor,1871,1871,True
2024.09.30_14-57-53_Sussex_no_odor,1883,2082,True
2024.09.30_14-57-53_Sussex_no_odor,3095,3099,True
2024.09.30_14-57-53_Sussex_no_odor,3101,3108,True
2024.09.30_14-57-53_Sussex_no_odor,3110,3131,True
2024.09.30_14-57-53_Sussex_no_odor,3133,3136,True
2024.09.30_14-57-53_Sussex_no_odor,3139,3171,True
2024.09.30_14-57-53_Sussex_no_odor,3503,3503,True
2024.09.30_14-57-53_Sussex_no_odor,3506,3506,True
2024.09.30_14-57-53_Sussex_no_odor,3513,3513,True
2024.09.30_14-57-53_Sussex_no_odor,3515,3516,True
2024.09.30_14-57-53_Sussex_no_odor,3519,3519,True
2024.09.30_14-57-53_Sussex_no_odor,3521,3521,True
2024.09.30_14-57-53_Sussex_no_odor,3523,3523,True
2024.09.30_14-57-53_Sussex_no_odor,3551,3554,True
2024.09.30_14-57-53_Sussex_no_odor,3556,3564,True
2024.09.30_14-57-53_Sussex_no_odor,3566,4471,True
2024.09.30_14-57-53_Sussex_no_odor,5288,5303,True
2024.09.30_14-57-53_Sussex_no_odor,5305,5316,True
2024.09.30_14-57-53_Sussex_no_odor,5318,5321,True
2024.09.30_14-57-53_Sussex_no_odor,5323,5336,True
2024.09.30_14-57-53_Sussex_no_odor,5338,5361,True
2024.09.30_14-57-53_Sussex_no_odor,5363,5365,True
2024.09.30_14-57-53_Sussex_no_odor,5367,5369,True
2024.09.30_14-57-53_Sussex_no_odor,5371,5373,True
2024.09.30_14-57-53_Sussex_no_odor,5375,5382,True
2024.09.30_14-57-53_Sussex_no_odor,5385,5385,True
2024.09.30_14-57-53_Sussex_no_odor,5387,5389,True
2024.09.30_14-57-53_Sussex_no_odor,5393,5406,True
2024.09.30_14-57-53_Sussex_no_odor,5408,5410,True
2024.09.30_14-57-53_Sussex_no_odor,5503,6053,True
2024.09.30_14-57-53_Sussex_no_odor,8430,8432,True
2024.09.30_14-57-53_Sussex_no_odor,8434,8503,True
2024.09.30_14-57-53_Sussex_no_odor,8587,8592,True
2024.09.30_14-57-53_Sussex_no_odor,8597,8658,True
2024.09.30_14-57-53_Sussex_no_odor,8821,8841,True
2024.09.30_14-57-53_Sussex_no_odor,8848,8848,True
2024.09.30_14-57-53_Sussex_no_odor,8850,8852,True
2024.09.30_14-57-53_Sussex_no_odor,8855,8872,True
2024.09.30_14-57-53_Sussex_no_odor,8874,8886,True
2024.09.30_14-57-53_Sussex_no_odor,8889,8999,True
2024.10.23_11-58-52_Stocago_prenac,879,1941,True
2024.10.23_11-58-52_Stocago_prenac,1943,1991,True
2024.10.23_11-58-52_Stocago_prenac,1993,2083,True
2024.10.23_11-58-52_Stocago_prenac,2180,2243,True
2024.10.23_11-58-52_Stocago_prenac,2245,2361,True
2024.10.23_11-58-52_Stocago_prenac,2412,2461,True
2024.10.23_11-58-52_Stocago_prenac,2466,2514,True
2024.10.23_11-58-52_Stocago_prenac,2534,2559,True
2024.10.23_11-58-52_Stocago_prenac,2565,2800,True
2024.10.23_11-58-52_Stocago_prenac,2805,3057,True
2024.10.23_11-58-52_Stocago_prenac,3397,3397,True
2024.10.23_11-58-52_Stocago_prenac,3400,3400,True
2024.10.23_11-58-52_Stocago_prenac,3447,3448,True
2024.10.23_11-58-52_Stocago_prenac,3450,3455,True
2024.10.23_11-58-52_Stocago_prenac,3566,3779,True
2024.10.23_11-58-52_Stocago_prenac,4198,4205,True
2024.10.23_11-58-52_Stocago_prenac,4244,4270,True
2024.10.23_11-58-52_Stocago_prenac,4297,4298,True
2024.10.23_11-58-52_Stocago_prenac,4307,4307,True
2024.10.23_11-58-52_Stocago_prenac,4309,4322,True
2024.10.23_11-58-52_Stocago_prenac,5032,6009,True
2024.10.23_11-58-52_Stocago_prenac,6710,6716,True
2024.10.23_11-58-52_Stocago_prenac,6748,6748,True
2024.10.23_11-58-52_Stocago_prenac,6752,6752,True
2024.10.23_11-58-52_Stocago_prenac,6756,8569,True
2024.10.15_08-22-34_Biarmipes_G224_1hexanol,142,1697,True
2024.10.15_08-22-34_Biarmipes_G224_1hexanol,3418,3433,True
2024.10.15_08-22-34_Biarmipes_G224_1hexanol,3967,5138,True
2024.10.15_08-22-34_Biarmipes_G224_1hexanol,5140,5140,True
2024.10.15_08-22-34_Biarmipes_G224_1hexanol,5142,5142,True
2024.10.15_08-22-34_Biarmipes_G224_1hexanol,5153,5410,True
2024.10.15_08-22-34_Biarmipes_G224_1hexanol,5412,5417,True
2024.10.15_08-22-34_Biarmipes_G224_1hexanol,5419,5423,True
2024.10.15_08-22-34_Biarmipes_G224_1hexanol,5426,5435,True
2024.10.15_08-22-34_Biarmipes_G224_1hexanol,5438,5521,True
2024.10.15_08-22-34_Biarmipes_G224_1hexanol,5523,5523,True
2024.10.15_08-22-34_Biarmipes_G224_1hexanol,5525,5826,True
2024.10.15_08-22-34_Biarmipes_G224_1hexanol,5831,5831,True
2024.10.15_08-22-34_Biarmipes_G224_1hexanol,5838,5874,True
2024.10.15_08-22-34_Biarmipes_G224_1hexanol,6886,7562,True
2024.10.15_08-22-34_Biarmipes_G224_1hexanol,7564,7791,True
2024.10.15_08-22-34_Biarmipes_G224_1hexanol,7897,7910,True
2024.10.15_08-22-34_Biarmipes_G224_1hexanol,7934,7939,True
2024.10.15_08-22-34_Biarmipes_G224_1hexanol,7942,7942,True
2024.10.15_08-22-34_Biarmipes_G224_1hexanol,7944,7946,True
2024.10.15_08-22-34_Biarmipes_G224_1hexanol,7948,7970,True
2024.10.15_08-22-34_Biarmipes_G224_1hexanol,7973,7974,True
2024.10.15_08-22-34_Biarmipes_G224_1hexanol,7976,7995,True
2024.10.15_08-22-34_Biarmipes_G224_1hexanol,8001,8034,True
2024.10.15_08-22-34_Biarmipes_G224_1hexanol,8038,8039,True
2024.10.15_08-22-34_Biarmipes_G224_1hexanol,8046,8053,True
2024.10.15_08-22-34_Biarmipes_G224_1hexanol,8091,8105,True
2024.10.15_08-22-34_Biarmipes_G224_1hexanol,8108,8129,True
2024.10.15_08-22-34_Biarmipes_G224_1hexanol,8131,8257,True
2024.10.15_08-22-34_Biarmipes_G224_1hexanol,8373,8635,True
2024.10.15_08-22-34_Biarmipes_G224_1hexanol,8637,8845,True
2024.11.21_19-07-28_Stocago_e2hex,3,1171,True
2024.11.21_19-07-28_Stocago_e2hex,1173,1173,True
2024.11.21_19-07-28_Stocago_e2hex,1175,1515,True
2024.11.21_19-07-28_Stocago_e2hex,1548,1614,True
2024.11.21_19-07-28_Stocago_e2hex,1616,1623,True
2024.11.21_19-07-28_Stocago_e2hex,1625,1633,True
2024.11.21_19-07-28_Stocago_e2hex,1638,1707,True
2024.11.21_19-07-28_Stocago_e2hex,1760,1763,True
2024.11.21_19-07-28_Stocago_e2hex,1786,1892,True
2024.11.21_19-07-28_Stocago_e2hex,2303,2863,True
2024.11.21_19-07-28_Stocago_e2hex,3722,4346,True
2024.11.21_19-07-28_Stocago_e2hex,4349,4516,True
2024.11.21_19-07-28_Stocago_e2hex,5384,5394,True
2024.11.21_19-07-28_Stocago_e2hex,5396,5428,True
2024.11.21_19-07-28_Stocago_e2hex,5430,5430,True
2024.11.21_19-07-28_Stocago_e2hex,5435,5475,True
2024.11.21_19-07-28_Stocago_e2hex,5477,5479,True
2024.11.21_19-07-28_Stocago_e2hex,5485,5527,True
2024.11.21_19-07-28_Stocago_e2hex,5534,5559,True
2024.11.21_19-07-28_Stocago_e2hex,5570,5576,True
2024.11.21_19-07-28_Stocago_e2hex,5581,5615,True
2024.11.21_19-07-28_Stocago_e2hex,5619,5647,True
2024.11.21_19-07-28_Stocago_e2hex,5681,5681,True
2024.11.21_19-07-28_Stocago_e2hex,5692,5722,True
2024.11.21_19-07-28_Stocago_e2hex,5730,5878,True
2024.11.21_19-07-28_Stocago_e2hex,6407,6407,True
2024.11.21_19-07-28_Stocago_e2hex,6420,6439,True
2024.11.21_19-07-28_Stocago_e2hex,6456,6494,True
2024.11.21_19-07-28_Stocago_e2hex,6512,6514,True
2024.11.21_19-07-28_Stocago_e2hex,6527,6532,True
2024.11.21_19-07-28_Stocago_e2hex,6534,6560,True
2024.11.21_19-07-28_Stocago_e2hex,6562,7174,True
2024.11.21_19-07-28_Stocago_e2hex,7353,7371,True
2024.11.21_19-07-28_Stocago_e2hex,7830,8418,True
2024.11.21_19-07-28_Stocago_e2hex,8682,8707,True
2024.11.21_19-07-28_Stocago_e2hex,8783,8783,True
2024.11.21_19-07-28_Stocago_e2hex,8785,8802,True
2024.09.30_12-29-41_Sussex_no_odor,2356,2356,True
2024.09.30_12-29-41_Sussex_no_odor,2358,2360,True
2024.09.30_12-29-41_Sussex_no_odor,2363,2363,True
2024.09.30_12-29-41_Sussex_no_odor,2367,2369,True
2024.09.30_12-29-41_Sussex_no_odor,2372,2372,True
2024.09.30_12-29-41_Sussex_no_odor,2375,2375,True
2024.09.30_12-29-41_Sussex_no_odor,2377,2378,True
2024.09.30_12-29-41_Sussex_no_odor,2381,2381,True
2024.09.30_12-29-41_Sussex_no_odor,2383,2383,True
2024.09.30_12-29-41_Sussex_no_odor,2388,2388,True
2024.09.30_12-29-41_Sussex_no_odor,2411,2411,True
2024.09.30_12-29-41_Sussex_no_odor,2415,2415,True
2024.09.30_12-29-41_Sussex_no_odor,2417,2422,True
2024.09.30_12-29-41_Sussex_no_odor,2424,2427,True
2024.09.30_12-29-41_Sussex_no_odor,2431,2431,True
2024.09.30_12-29-41_Sussex_no_odor,2433,2433,True
2024.09.30_12-29-41_Sussex_no_odor,2435,2435,True
2024.09.30_12-29-41_Sussex_no_odor,2438,2441,True
2024.09.30_12-29-41_Sussex_no_odor,2444,2447,True
2024.09.30_12-29-41_Sussex_no_odor,2453,2453,True
2024.09.30_12-29-41_Sussex_no_odor,2457,2457,True
2024.09.30_12-29-41_Sussex_no_odor,2463,2463,True
2024.09.30_12-29-41_Sussex_no_odor,2468,2468,True
2024.09.30_12-29-41_Sussex_no_odor,2482,2483,True
2024.09.30_12-29-41_Sussex_no_odor,2487,2492,True
2024.09.30_12-29-41_Sussex_no_odor,2494,2494,True
2024.09.30_12-29-41_Sussex_no_odor,2501,2502,True
2024.09.30_12-29-41_Sussex_no_odor,2520,2521,True
2024.09.30_12-29-41_Sussex_no_odor,2523,2523,True
2024.09.30_12-29-41_Sussex_no_odor,2525,2527,True
2024.09.30_12-29-41_Sussex_no_odor,2529,2530,True
2024.09.30_12-29-41_Sussex_no_odor,2536,2543,True
2024.09.30_12-29-41_Sussex_no_odor,2545,2546,True
2024.09.30_12-29-41_Sussex_no_odor,2548,2548,True
2024.09.30_12-29-41_Sussex_no_odor,2551,2553,True
2024.09.30_12-29-41_Sussex_no_odor,2557,2559,True
2024.09.30_12-29-41_Sussex_no_odor,2561,2561,True
2024.09.30_12-29-41_Sussex_no_odor,2564,2566,True
2024.09.30_12-29-41_Sussex_no_odor,2569,2569,True
2024.09.30_12-29-41_Sussex_no_odor,2572,2574,True
2024.09.30_12-29-41_Sussex_no_odor,2585,2585,True
2024.09.30_12-29-41_Sussex_no_odor,2587,2589,True
2024.09.30_12-29-41_Sussex_no_odor,2592,2593,True
2024.09.30_12-29-41_Sussex_no_odor,2602,2602,True
2024.09.30_12-29-41_Sussex_no_odor,2606,2606,True
2024.09.30_12-29-41_Sussex_no_odor,2610,2610,True
2024.09.30_12-29-41_Sussex_no_odor,2613,2614,True
2024.09.30_12-29-41_Sussex_no_odor,2616,2616,True
2024.09.30_12-29-41_Sussex_no_odor,2618,2618,True
2024.09.30_12-29-41_Sussex_no_odor,2622,2625,True
2024.09.30_12-29-41_Sussex_no_odor,2627,2627,True
2024.09.30_12-29-41_Sussex_no_odor,2630,2630,True
2024.09.30_12-29-41_Sussex_no_odor,2634,2635,True
2024.09.30_12-29-41_Sussex_no_odor,2640,2640,True
2024.09.30_12-29-41_Sussex_no_odor,2644,2644,True
2024.09.30_12-29-41_Sussex_no_odor,2659,2659,True
2024.09.30_12-29-41_Sussex_no_odor,2664,2664,True
2024.09.30_12-29-41_Sussex_no_odor,2674,2674,True
2024.09.30_12-29-41_Sussex_no_odor,2677,2678,True
2024.09.30_12-29-41_Sussex_no_odor,2687,2689,True
2024.09.30_12-29-41_Sussex_no_odor,2707,2707,True
2024.09.30_12-29-41_Sussex_no_odor,2709,2711,True
2024.09.30_12-29-41_Sussex_no_odor,2713,2714,True
2024.09.30_12-29-41_Sussex_no_odor,2717,2717,True
2024.09.30_12-29-41_Sussex_no_odor,2724,2725,True
2024.09.30_12-29-41_Sussex_no_odor,2734,2734,True
2024.09.30_12-29-41_Sussex_no_odor,2736,2739,True
2024.09.30_12-29-41_Sussex_no_odor,2743,2743,True
2024.09.30_12-29-41_Sussex_no_odor,2745,2746,True
2024.09.30_12-29-41_Sussex_no_odor,2757,2758,True
2024.09.30_12-29-41_Sussex_no_odor,2760,2760,True
2024.09.30_12-29-41_Sussex_no_odor,2763,2764,True
2024.09.30_12-29-41_Sussex_no_odor,2767,2767,True
2024.09.30_12-29-41_Sussex_no_odor,2777,2777,True
2024.09.30_12-29-41_Sussex_no_odor,2780,2781,True
2024.09.30_12-29-41_Sussex_no_odor,2829,2829,True
2024.09.30_12-29-41_Sussex_no_odor,2843,2844,True
2024.09.30_12-29-41_Sussex_no_odor,2846,2846,True
2024.09.30_12-29-41_Sussex_no_odor,2848,2848,True
2024.09.30_12-29-41_Sussex_no_odor,2858,2858,True
2024.09.30_12-29-41_Sussex_no_odor,2867,2867,True
2024.09.30_12-29-41_Sussex_no_odor,2873,2874,True
2024.09.30_12-29-41_Sussex_no_odor,2879,2880,True
2024.09.30_12-29-41_Sussex_no_odor,2882,2882,True
2024.09.30_12-29-41_Sussex_no_odor,2890,2890,True
2024.09.30_12-29-41_Sussex_no_odor,2896,2896,True
2024.09.30_12-29-41_Sussex_no_odor,2899,2899,True
2024.09.30_12-29-41_Sussex_no_odor,2901,2902,True
2024.09.30_12-29-41_Sussex_no_odor,2906,2914,True
2024.09.30_12-29-41_Sussex_no_odor,2920,2921,True
2024.09.30_12-29-41_Sussex_no_odor,2925,2928,True
2024.09.30_12-29-41_Sussex_no_odor,2932,2933,True
2024.09.30_12-29-41_Sussex_no_odor,2939,2942,True
2024.09.30_12-29-41_Sussex_no_odor,2947,2949,True
2024.09.30_12-29-41_Sussex_no_odor,2952,2952,True
2024.09.30_12-29-41_Sussex_no_odor,2956,2961,True
2024.09.30_12-29-41_Sussex_no_odor,2963,2964,True
2024.09.30_12-29-41_Sussex_no_odor,2981,2981,True
2024.09.30_12-29-41_Sussex_no_odor,3044,3045,True
2024.09.30_12-29-41_Sussex_no_odor,3047,3048,True
2024.09.30_12-29-41_Sussex_no_odor,3056,3057,True
2024.09.30_12-29-41_Sussex_no_odor,3062,3062,True
2024.09.30_12-29-41_Sussex_no_odor,3067,3071,True
2024.09.30_12-29-41_Sussex_no_odor,3077,3081,True
2024.09.30_12-29-41_Sussex_no_odor,3084,3084,True
2024.09.30_12-29-41_Sussex_no_odor,3086,3086,True
2024.09.30_12-29-41_Sussex_no_odor,3092,3092,True
2024.09.30_12-29-41_Sussex_no_odor,3094,3095,True
2024.09.30_12-29-41_Sussex_no_odor,3104,3104,True
2024.09.30_12-29-41_Sussex_no_odor,3111,3113,True
2024.09.30_12-29-41_Sussex_no_odor,3123,3123,True
2024.09.30_12-29-41_Sussex_no_odor,3132,3133,True
2024.09.30_12-29-41_Sussex_no_odor,3138,3138,True
2024.09.30_12-29-41_Sussex_no_odor,3147,3147,True
2024.09.30_12-29-41_Sussex_no_odor,3168,3169,True
2024.09.30_12-29-41_Sussex_no_odor,3181,3181,True
2024.09.30_12-29-41_Sussex_no_odor,3186,3187,True
2024.09.30_12-29-41_Sussex_no_odor,3191,3192,True
2024.09.30_12-29-41_Sussex_no_odor,3208,3212,True
2024.09.30_12-29-41_Sussex_no_odor,3214,3221,True
2024.09.30_12-29-41_Sussex_no_odor,3223,3223,True
2024.09.30_12-29-41_Sussex_no_odor,3240,3242,True
2024.09.30_12-29-41_Sussex_no_odor,3245,3248,True
2024.09.30_12-29-41_Sussex_no_odor,3252,3253,True
2024.09.30_12-29-41_Sussex_no_odor,3255,3255,True
2024.09.30_12-29-41_Sussex_no_odor,3257,3257,True
2024.09.30_12-29-41_Sussex_no_odor,3281,3281,True
2024.09.30_12-29-41_Sussex_no_odor,3294,3294,True
2024.09.30_12-29-41_Sussex_no_odor,3299,3299,True
2024.09.30_12-29-41_Sussex_no_odor,3307,3308,True
2024.09.30_12-29-41_Sussex_no_odor,3311,3313,True
2024.09.30_12-29-41_Sussex_no_odor,3330,3331,True
2024.09.30_12-29-41_Sussex_no_odor,3333,3333,True
2024.09.30_12-29-41_Sussex_no_odor,3335,3337,True
2024.09.30_12-29-41_Sussex_no_odor,3339,3339,True
2024.09.30_12-29-41_Sussex_no_odor,3344,3347,True
2024.09.30_12-29-41_Sussex_no_odor,3349,3351,True
2024.09.30_12-29-41_Sussex_no_odor,3354,3355,True
2024.09.30_12-29-41_Sussex_no_odor,3360,3360,True
2024.09.30_12-29-41_Sussex_no_odor,3363,3363,True
2024.09.30_12-29-41_Sussex_no_odor,3373,3377,True
2024.09.30_12-29-41_Sussex_no_odor,3381,3381,True
2024.09.30_12-29-41_Sussex_no_odor,3385,3386,True
2024.09.30_12-29-41_Sussex_no_odor,3390,3390,True
2024.09.30_12-29-41_Sussex_no_odor,3392,3394,True
2024.09.30_12-29-41_Sussex_no_odor,3404,3404,True
2024.09.30_12-29-41_Sussex_no_odor,3417,3417,True
2024.09.30_12-29-41_Sussex_no_odor,3431,3432,True
2024.09.30_12-29-41_Sussex_no_odor,3440,3440,True
2024.09.30_12-29-41_Sussex_no_odor,3442,3442,True
2024.09.30_12-29-41_Sussex_no_odor,3444,3444,True
2024.09.30_12-29-41_Sussex_no_odor,3447,3448,True
2024.09.30_12-29-41_Sussex_no_odor,3465,3465,True
2024.09.30_12-29-41_Sussex_no_odor,3521,3522,True
2024.09.30_12-29-41_Sussex_no_odor,3528,3528,True
2024.09.30_12-29-41_Sussex_no_odor,3532,3533,True
2024.09.30_12-29-41_Sussex_no_odor,3536,3536,True
2024.09.30_12-29-41_Sussex_no_odor,3551,3551,True
2024.09.30_12-29-41_Sussex_no_odor,3561,3561,True
2024.09.30_12-29-41_Sussex_no_odor,3571,3572,True
2024.09.30_12-29-41_Sussex_no_odor,3586,3591,True
2024.09.30_12-29-41_Sussex_no_odor,3593,3594,True
2024.09.30_12-29-41_Sussex_no_odor,3603,3607,True
2024.09.30_12-29-41_Sussex_no_odor,3619,3620,True
2024.09.30_12-29-41_Sussex_no_odor,3631,3631,True
2024.09.30_12-29-41_Sussex_no_odor,3658,3658,True
2024.09.30_12-29-41_Sussex_no_odor,3667,3667,True
2024.09.30_12-29-41_Sussex_no_odor,3673,3673,True
2024.09.30_12-29-41_Sussex_no_odor,3686,3686,True
2024.09.30_12-29-41_Sussex_no_odor,3700,3701,True
2024.09.30_12-29-41_Sussex_no_odor,3704,3704,True
2024.09.30_12-29-41_Sussex_no_odor,3712,3712,True
2024.09.30_12-29-41_Sussex_no_odor,3714,3714,True
2024.09.30_12-29-41_Sussex_no_odor,3726,3726,True
2024.09.30_12-29-41_Sussex_no_odor,3728,3729,True
2024.09.30_12-29-41_Sussex_no_odor,3734,3734,True
2024.09.30_12-29-41_Sussex_no_odor,3737,3737,True
2024.09.30_12-29-41_Sussex_no_odor,3744,3750,True
2024.09.30_12-29-41_Sussex_no_odor,3787,3787,True
2024.09.30_12-29-41_Sussex_no_odor,3805,3805,True
2024.09.30_12-29-41_Sussex_no_odor,3807,3807,True
2024.09.30_12-29-41_Sussex_no_odor,3810,3811,True
2024.09.30_12-29-41_Sussex_no_odor,3815,3817,True
2024.09.30_12-29-41_Sussex_no_odor,3819,3819,True
2024.09.30_12-29-41_Sussex_no_odor,3824,3824,True
2024.09.30_12-29-41_Sussex_no_odor,3826,3827,True
2024.09.30_12-29-41_Sussex_no_odor,3829,3830,True
2024.09.30_12-29-41_Sussex_no_odor,3832,3832,True
2024.09.30_12-29-41_Sussex_no_odor,3835,3835,True
2024.09.30_12-29-41_Sussex_no_odor,3837,3837,True
2024.09.30_12-29-41_Sussex_no_odor,3841,4407,True
2024.09.30_12-29-41_Sussex_no_odor,4409,4951,True
2024.09.30_12-29-41_Sussex_no_odor,4997,5620,True
2024.09.30_12-29-41_Sussex_no_odor,5961,6004,True
2024.09.30_12-29-41_Sussex_no_odor,6401,6401,True
2024.09.30_12-29-41_Sussex_no_odor,6405,6412,True
2024.09.30_12-29-41_Sussex_no_odor,6415,6415,True
2024.09.30_12-29-41_Sussex_no_odor,6421,6432,True
2024.09.30_12-29-41_Sussex_no_odor,6441,6443,True
2024.09.30_12-29-41_Sussex_no_odor,6549,6549,True
2024.09.30_12-29-41_Sussex_no_odor,6651,6655,True
2024.09.30_12-29-41_Sussex_no_odor,6657,6658,True
2024.09.30_12-29-41_Sussex_no_odor,6662,6662,True
2024.09.30_12-29-41_Sussex_no_odor,6665,6665,True
2024.09.30_12-29-41_Sussex_no_odor,6678,6678,True
2024.09.30_12-29-41_Sussex_no_odor,6691,6692,True
2024.09.30_12-29-41_Sussex_no_odor,6723,6723,True
2024.09.30_12-29-41_Sussex_no_odor,6757,6757,True
2024.09.30_12-29-41_Sussex_no_odor,6771,6772,True
2024.09.30_12-29-41_Sussex_no_odor,6774,6774,True
2024.09.30_12-29-41_Sussex_no_odor,6777,6777,True
2024.09.30_12-29-41_Sussex_no_odor,6779,6780,True
2024.09.30_12-29-41_Sussex_no_odor,6784,6785,True
2024.09.30_12-29-41_Sussex_no_odor,6787,6788,True
2024.09.30_12-29-41_Sussex_no_odor,6803,6807,True
2024.09.30_12-29-41_Sussex_no_odor,6819,6819,True
2024.09.30_12-29-41_Sussex_no_odor,6824,6824,True
2024.09.30_12-29-41_Sussex_no_odor,6832,6832,True
2024.09.30_12-29-41_Sussex_no_odor,6837,6839,True
2024.09.30_12-29-41_Sussex_no_odor,6850,6850,True
2024.09.30_12-29-41_Sussex_no_odor,6853,6854,True
2024.09.30_12-29-41_Sussex_no_odor,6862,6862,True
2024.09.30_12-29-41_Sussex_no_odor,6864,6864,True
2024.09.30_12-29-41_Sussex_no_odor,6886,6886,True
2024.09.30_12-29-41_Sussex_no_odor,6897,6897,True
2024.09.30_12-29-41_Sussex_no_odor,6955,6961,True
2024.09.30_12-29-41_Sussex_no_odor,6963,6968,True
2024.09.30_12-29-41_Sussex_no_odor,6970,6972,True
2024.09.30_12-29-41_Sussex_no_odor,6974,6976,True
2024.09.30_12-29-41_Sussex_no_odor,6978,6985,True
2024.09.30_12-29-41_Sussex_no_odor,6989,6989,True
2024.09.30_12-29-41_Sussex_no_odor,6991,6991,True
2024.09.30_12-29-41_Sussex_no_odor,6993,6995,True
2024.09.30_12-29-41_Sussex_no_odor,6997,6999,True
2024.09.30_12-29-41_Sussex_no_odor,7001,7004,True
2024.09.30_12-29-41_Sussex_no_odor,7006,7007,True
2024.09.30_12-29-41_Sussex_no_odor,7009,7011,True
2024.09.30_12-29-41_Sussex_no_odor,7013,7015,True
2024.09.30_12-29-41_Sussex_no_odor,7018,7020,True
2024.09.30_12-29-41_Sussex_no_odor,7023,7025,True
2024.09.30_12-29-41_Sussex_no_odor,7027,7029,True
2024.09.30_12-29-41_Sussex_no_odor,7031,7031,True
2024.09.30_12-29-41_Sussex_no_odor,7033,7046,True
2024.09.30_12-29-41_Sussex_no_odor,7048,7051,True
2024.09.30_12-29-41_Sussex_no_odor,7053,7054,True
2024.09.30_12-29-41_Sussex_no_odor,7057,7058,True
2024.09.30_12-29-41_Sussex_no_odor,7060,7060,True
2024.09.30_12-29-41_Sussex_no_odor,7065,7067,True
2024.09.30_12-29-41_Sussex_no_odor,7070,7070,True
2024.09.30_12-29-41_Sussex_no_odor,7072,7072,True
2024.09.30_12-29-41_Sussex_no_odor,7074,7077,True
2024.09.30_12-29-41_Sussex_no_odor,7079,7083,True
2024.09.30_12-29-41_Sussex_no_odor,7085,7085,True
2024.09.30_12-29-41_Sussex_no_odor,7089,7090,True
2024.09.30_12-29-41_Sussex_no_odor,7094,7099,True
2024.09.30_12-29-41_Sussex_no_odor,7101,7101,True
2024.09.30_12-29-41_Sussex_no_odor,7103,7104,True
2024.09.30_12-29-41_Sussex_no_odor,7108,7111,True
2024.09.30_12-29-41_Sussex_no_odor,7114,7114,True
2024.09.30_12-29-41_Sussex_no_odor,7116,7116,True
2024.09.30_12-29-41_Sussex_no_odor,7118,7118,True
2024.09.30_12-29-41_Sussex_no_odor,7122,7122,True
2024.09.30_12-29-41_Sussex_no_odor,7151,7151,True
2024.09.30_12-29-41_Sussex_no_odor,7153,7154,True
2024.09.30_12-29-41_Sussex_no_odor,7156,7156,True
2024.09.30_12-29-41_Sussex_no_odor,7158,7159,True
2024.09.30_12-29-41_Sussex_no_odor,7164,7165,True
2024.09.30_12-29-41_Sussex_no_odor,7167,7168,True
2024.09.30_12-29-41_Sussex_no_odor,7172,7174,True
2024.09.30_12-29-41_Sussex_no_odor,7177,7178,True
2024.09.30_12-29-41_Sussex_no_odor,7189,7189,True
2024.09.30_12-29-41_Sussex_no_odor,7201,7201,True
2024.09.30_12-29-41_Sussex_no_odor,7204,7204,True
2024.09.30_12-29-41_Sussex_no_odor,7207,7207,True
2024.09.30_12-29-41_Sussex_no_odor,7223,7223,True
2024.09.30_12-29-41_Sussex_no_odor,7234,7235,True
2024.09.30_12-29-41_Sussex_no_odor,7239,7239,True
2024.09.30_12-29-41_Sussex_no_odor,7279,7279,True
2024.09.30_12-29-41_Sussex_no_odor,7296,7298,True
2024.09.30_12-29-41_Sussex_no_odor,7301,7302,True
2024.09.30_12-29-41_Sussex_no_odor,7369,7369,True
2024.09.30_12-29-41_Sussex_no_odor,7514,7514,True
2024.09.30_12-29-41_Sussex_no_odor,7542,7545,True
2024.09.30_12-29-41_Sussex_no_odor,7583,7584,True
2024.09.30_12-29-41_Sussex_no_odor,7608,7612,True
2024.09.30_12-29-41_Sussex_no_odor,7626,7626,True
2024.09.30_12-29-41_Sussex_no_odor,7630,7630,True
2024.09.30_12-29-41_Sussex_no_odor,7633,7750,True
2024.09.30_12-29-41_Sussex_no_odor,7786,7791,True
2024.09.30_12-29-41_Sussex_no_odor,7793,7795,True
2024.09.30_12-29-41_Sussex_no_odor,7797,7797,True
2024.09.30_12-29-41_Sussex_no_odor,7799,7801,True
2024.09.30_12-29-41_Sussex_no_odor,7803,7803,True
2024.09.30_12-29-41_Sussex_no_odor,7805,7806,True
2024.09.30_12-29-41_Sussex_no_odor,7808,7809,True
2024.09.30_12-29-41_Sussex_no_odor,7811,7821,True
2024.09.30_12-29-41_Sussex_no_odor,7823,7825,True
2024.09.30_12-29-41_Sussex_no_odor,7827,7832,True
2024.09.30_12-29-41_Sussex_no_odor,7840,7840,True
2024.09.30_12-29-41_Sussex_no_odor,7843,7874,True
2024.09.30_12-29-41_Sussex_no_odor,7878,7878,True
2024.09.30_12-29-41_Sussex_no_odor,7880,7993,True
2024.10.24_12-35-03_Riverside_metben,1027,1039,True
2024.10.24_12-35-03_Riverside_metben,1278,1278,True
2024.10.24_12-35-03_Riverside_metben,1280,1280,True
2024.10.24_12-35-03_Riverside_metben,1282,1283,True
2024.10.24_12-35-03_Riverside_metben,1285,1285,True
2024.10.24_12-35-03_Riverside_metben,1289,1866,True
2024.10.24_12-35-03_Riverside_metben,2471,2557,True
2024.10.24_12-35-03_Riverside_metben,2559,2559,True
2024.10.24_12-35-03_Riverside_metben,2564,2873,True
2024.10.24_12-35-03_Riverside_metben,2919,2956,True
2024.10.24_12-35-03_Riverside_metben,2971,2981,True
2024.10.24_12-35-03_Riverside_metben,4249,4267,True
2024.10.24_12-35-03_Riverside_metben,4283,4287,True
2024.10.24_12-35-03_Riverside_metben,4289,4294,True
2024.10.24_12-35-03_Riverside_metben,4299,4302,True
2024.10.24_12-35-03_Riverside_metben,4305,4557,True
2024.10.24_12-35-03_Riverside_metben,4559,5765,True
2024.10.24_12-35-03_Riverside_metben,7525,7526,True
2024.10.24_12-35-03_Riverside_metben,7554,7554,True
2024.10.24_12-35-03_Riverside_metben,7593,7593,True
2024.10.24_12-35-03_Riverside_metben,7962,7962,True
2024.10.24_12-35-03_Riverside_metben,7983,7983,True
2024.10.24_12-35-03_Riverside_metben,8024,8024,True
2024.10.24_12-35-03_Riverside_metben,8034,8034,True
2024.10.24_12-35-03_Riverside_metben,8074,8077,True
2024.10.24_12-35-03_Riverside_metben,8079,8079,True
2024.10.24_12-35-03_Riverside_metben,8087,8374,True
2024.10.24_12-35-03_Riverside_metben,8827,8828,True
2024.10.24_12-35-03_Riverside_metben,8830,8831,True
2024.10.24_12-35-03_Riverside_metben,8835,8836,True
2024.10.24_12-35-03_Riverside_metben,8847,8848,True
2024.10.24_12-35-03_Riverside_metben,8852,8855,True
2024.10.24_12-35-03_Riverside_metben,8858,8858,True
2024.10.28_05-22-40_Yakuba_cameroon_metben,3,1217,True
2024.10.28_05-22-40_Yakuba_cameroon_metben,3673,5682,True
2024.10.28_05-22-40_Yakuba_cameroon_metben,7252,7281,True
2024.10.28_05-22-40_Yakuba_cameroon_metben,7283,7297,True
2024.10.28_05-22-40_Yakuba_cameroon_metben,7299,7314,True
2024.10.28_05-22-40_Yakuba_cameroon_metben,7343,7350,True
2024.10.28_05-22-40_Yakuba_cameroon_metben,7354,7354,True
2024.10.28_05-22-40_Yakuba_cameroon_metben,7369,7931,True
2024.10.28_05-22-40_Yakuba_cameroon_metben,7933,7945,True
2024.10.28_05-22-40_Yakuba_cameroon_metben,7967,7969,True
2024.10.28_05-22-40_Yakuba_cameroon_metben,7971,8993,True
2024.10.29_03-36-18_Sechellia_metben,3,476,True
2024.10.29_03-36-18_Sechellia_metben,4687,4687,True
2024.10.29_03-36-18_Sechellia_metben,4707,4707,True
2024.10.29_03-36-18_Sechellia_metben,4728,4733,True
2024.10.29_03-36-18_Sechellia_metben,4787,4788,True
2024.10.29_03-36-18_Sechellia_metben,4886,4891,True
2024.10.29_03-36-18_Sechellia_metben,4895,4896,True
2024.10.29_03-36-18_Sechellia_metben,4898,4899,True
2024.10.29_03-36-18_Sechellia_metben,4902,4902,True
2024.10.29_03-36-18_Sechellia_metben,4904,4904,True
2024.10.29_03-36-18_Sechellia_metben,4908,4908,True
2024.10.29_03-36-18_Sechellia_metben,4910,4922,True
2024.10.29_03-36-18_Sechellia_metben,4924,4924,True
2024.10.29_03-36-18_Sechellia_metben,4928,4934,True
2024.10.29_03-36-18_Sechellia_metben,4936,4936,True
2024.10.29_03-36-18_Sechellia_metben,4938,4945,True
2024.10.29_03-36-18_Sechellia_metben,4990,4997,True
2024.10.29_03-36-18_Sechellia_metben,4999,5000,True
2024.10.29_03-36-18_Sechellia_metben,5003,5003,True
2024.10.29_03-36-18_Sechellia_metben,5007,5007,True
2024.10.29_03-36-18_Sechellia_metben,5009,5011,True
2024.10.29_03-36-18_Sechellia_metben,5016,5022,True
2024.10.29_03-36-18_Sechellia_metben,5024,5025,True
2024.10.29_03-36-18_Sechellia_metben,5027,5028,True
2024.10.29_03-36-18_Sechellia_metben,5030,5031,True
2024.10.29_03-36-18_Sechellia_metben,5033,5053,True
2024.10.29_03-36-18_Sechellia_metben,5057,5059,True
2024.10.29_03-36-18_Sechellia_metben,5065,5073,True
2024.10.29_03-36-18_Sechellia_metben,5075,5078,True
2024.10.29_03-36-18_Sechellia_metben,5080,5080,True
2024.10.29_03-36-18_Sechellia_metben,5082,5082,True
2024.10.29_03-36-18_Sechellia_metben,5085,5085,True
2024.10.29_03-36-18_Sechellia_metben,5087,5087,True
2024.10.29_03-36-18_Sechellia_metben,5090,5092,True
2024.10.29_03-36-18_Sechellia_metben,5100,5101,True
2024.10.29_03-36-18_Sechellia_metben,5104,5105,True
2024.10.29_03-36-18_Sechellia_metben,5112,5113,True
2024.10.29_03-36-18_Sechellia_metben,5117,5118,True
2024.10.29_03-36-18_Sechellia_metben,5120,5121,True
2024.10.29_03-36-18_Sechellia_metben,5125,5129,True
2024.10.29_03-36-18_Sechellia_metben,5131,5133,True
2024.10.29_03-36-18_Sechellia_metben,5138,5138,True
2024.10.29_03-36-18_Sechellia_metben,5141,5147,True
2024.10.29_03-36-18_Sechellia_metben,5160,5160,True
2024.10.29_03-36-18_Sechellia_metben,5165,5165,True
2024.10.29_03-36-18_Sechellia_metben,5171,5173,True
2024.10.29_03-36-18_Sechellia_metben,5178,5179,True
2024.10.29_03-36-18_Sechellia_metben,5181,5181,True
2024.10.29_03-36-18_Sechellia_metben,5187,5187,True
2024.10.29_03-36-18_Sechellia_metben,5190,5192,True
2024.10.29_03-36-18_Sechellia_metben,5210,5210,True
2024.10.29_03-36-18_Sechellia_metben,5235,5235,True
2024.10.29_03-36-18_Sechellia_metben,5251,5251,True
2024.10.29_03-36-18_Sechellia_metben,5269,5271,True
2024.10.29_03-36-18_Sechellia_metben,5397,5406,True
2024.10.29_03-36-18_Sechellia_metben,5433,5433,True
2024.10.29_03-36-18_Sechellia_metben,5476,5476,True
2024.10.29_03-36-18_Sechellia_metben,5516,5517,True
2024.10.29_03-36-18_Sechellia_metben,5520,5520,True
2024.10.29_03-36-18_Sechellia_metben,5523,5523,True
2024.10.29_03-36-18_Sechellia_metben,5525,5525,True
2024.10.29_03-36-18_Sechellia_metben,5527,5768,True
2024.10.29_03-36-18_Sechellia_metben,5770,5770,True
2024.10.29_03-36-18_Sechellia_metben,5772,5772,True
2024.10.29_03-36-18_Sechellia_metben,5774,5775,True
2024.10.29_03-36-18_Sechellia_metben,5777,5779,True
2024.10.29_03-36-18_Sechellia_metben,5781,5781,True
2024.10.29_03-36-18_Sechellia_metben,5783,5795,True
2024.10.29_03-36-18_Sechellia_metben,5797,5808,True
2024.10.29_03-36-18_Sechellia_metben,5810,5824,True
2024.10.29_03-36-18_Sechellia_metben,5826,7460,True
2024.10.02_13-28-06_Riverside_metbut,3,510,True
2024.10.02_13-28-06_Riverside_metbut,1049,2805,True
2024.10.02_13-28-06_Riverside_metbut,3621,3628,True
2024.10.02_13-28-06_Riverside_metbut,3723,3727,True
2024.10.02_13-28-06_Riverside_metbut,3734,3734,True
2024.10.02_13-28-06_Riverside_metbut,3738,3738,True
2024.10.02_13-28-06_Riverside_metbut,3740,3740,True
2024.10.02_13-28-06_Riverside_metbut,3742,3965,True
2024.10.02_13-28-06_Riverside_metbut,3967,3967,True
2024.10.02_13-28-06_Riverside_metbut,3974,3974,True
2024.10.02_13-28-06_Riverside_metbut,3978,3978,True
2024.10.02_13-28-06_Riverside_metbut,3981,4169,True
2024.10.02_13-28-06_Riverside_metbut,4523,4530,True
2024.10.02_13-28-06_Riverside_metbut,4532,4532,True
2024.10.02_13-28-06_Riverside_metbut,4543,4543,True
2024.10.02_13-28-06_Riverside_metbut,4549,4549,True
2024.10.02_13-28-06_Riverside_metbut,5553,6237,True
2024.10.02_13-28-06_Riverside_metbut,6384,6459,True
2024.10.02_13-28-06_Riverside_metbut,6461,6474,True
2024.10.02_13-28-06_Riverside_metbut,6482,6482,True
2024.10.02_13-28-06_Riverside_metbut,6484,6485,True
2024.10.02_13-28-06_Riverside_metbut,6491,6491,True
2024.10.02_13-28-06_Riverside_metbut,6494,6494,True
2024.10.02_13-28-06_Riverside_metbut,6496,7511,True
2024.10.02_13-28-06_Riverside_metbut,7709,8272,True
2024.10.02_13-28-06_Riverside_metbut,8545,8628,True
2024.10.31_02-01-01_Yakuba_cameroon_metben,1094,2000,True
2024.10.31_02-01-01_Yakuba_cameroon_metben,2002,3400,True
2024.10.31_02-01-01_Yakuba_cameroon_metben,4971,4971,True
2024.10.31_02-01-01_Yakuba_cameroon_metben,4973,4973,True
2024.10.31_02-01-01_Yakuba_cameroon_metben,4980,4980,True
2024.10.31_02-01-01_Yakuba_cameroon_metben,4983,4984,True
2024.10.31_02-01-01_Yakuba_cameroon_metben,4986,6606,True
2024.10.31_02-01-01_Yakuba_cameroon_metben,6866,6914,True
2024.12.01_18-42-48_Biarmipes84_no_odor,2231,2234,True
2024.12.01_18-42-48_Biarmipes84_no_odor,2414,2414,True
2024.12.01_18-42-48_Biarmipes84_no_odor,3014,3028,True
2024.12.01_18-42-48_Biarmipes84_no_odor,3030,3037,True
2024.12.01_18-42-48_Biarmipes84_no_odor,3039,3042,True
2024.12.01_18-42-48_Biarmipes84_no_odor,3044,3048,True
2024.12.01_18-42-48_Biarmipes84_no_odor,3050,3052,True
2024.12.01_18-42-48_Biarmipes84_no_odor,3054,3065,True
2024.12.01_18-42-48_Biarmipes84_no_odor,3069,3074,True
2024.12.01_18-42-48_Biarmipes84_no_odor,3076,3078,True
2024.12.01_18-42-48_Biarmipes84_no_odor,3080,3087,True
2024.12.01_18-42-48_Biarmipes84_no_odor,3089,3089,True
2024.12.01_18-42-48_Biarmipes84_no_odor,3123,3123,True
2024.12.01_18-42-48_Biarmipes84_no_odor,3130,3130,True
2024.12.01_18-42-48_Biarmipes84_no_odor,3144,3145,True
2024.12.01_18-42-48_Biarmipes84_no_odor,3150,3154,True
2024.12.01_18-42-48_Biarmipes84_no_odor,3156,3157,True
2024.12.01_18-42-48_Biarmipes84_no_odor,3159,3160,True
2024.12.01_18-42-48_Biarmipes84_no_odor,3165,3165,True
2024.12.01_18-42-48_Biarmipes84_no_odor,3170,3170,True
2024.12.01_18-42-48_Biarmipes84_no_odor,3173,3174,True
2024.12.01_18-42-48_Biarmipes84_no_odor,3177,3179,True
2024.12.01_18-42-48_Biarmipes84_no_odor,3181,3181,True
2024.12.01_18-42-48_Biarmipes84_no_odor,3184,3185,True
2024.12.01_18-42-48_Biarmipes84_no_odor,3188,3188,True
2024.12.01_18-42-48_Biarmipes84_no_odor,3192,3192,True
2024.12.01_18-42-48_Biarmipes84_no_odor,3202,3202,True
2024.12.01_18-42-48_Biarmipes84_no_odor,3204,3206,True
2024.12.01_18-42-48_Biarmipes84_no_odor,3211,3211,True
2024.12.01_18-42-48_Biarmipes84_no_odor,3235,3236,True
2024.12.01_18-42-48_Biarmipes84_no_odor,3238,3538,True
2024.12.01_18-42-48_Biarmipes84_no_odor,3540,3559,True
2024.12.01_18-42-48_Biarmipes84_no_odor,3561,3576,True
2024.12.01_18-42-48_Biarmipes84_no_odor,3888,3910,True
2024.12.01_18-42-48_Biarmipes84_no_odor,3912,3923,True
2024.12.01_18-42-48_Biarmipes84_no_odor,3949,3949,True
2024.12.01_18-42-48_Biarmipes84_no_odor,3961,3961,True
2024.12.01_18-42-48_Biarmipes84_no_odor,3963,3965,True
2024.12.01_18-42-48_Biarmipes84_no_odor,3968,3971,True
2024.12.01_18-42-48_Biarmipes84_no_odor,3973,3984,True
2024.12.01_18-42-48_Biarmipes84_no_odor,3986,3990,True
2024.12.01_18-42-48_Biarmipes84_no_odor,3993,3993,True
2024.12.01_18-42-48_Biarmipes84_no_odor,3995,4026,True
2024.12.01_18-42-48_Biarmipes84_no_odor,4030,4030,True
2024.12.01_18-42-48_Biarmipes84_no_odor,4032,4034,True
2024.12.01_18-42-48_Biarmipes84_no_odor,4037,4037,True
2024.12.01_18-42-48_Biarmipes84_no_odor,4039,4040,True
2024.12.01_18-42-48_Biarmipes84_no_odor,4042,4052,True
2024.12.01_18-42-48_Biarmipes84_no_odor,4057,4057,True
2024.12.01_18-42-48_Biarmipes84_no_odor,4060,4062,True
2024.12.01_18-42-48_Biarmipes84_no_odor,4066,4068,True
2024.12.01_18-42-48_Biarmipes84_no_odor,4070,4071,True
2024.12.01_18-42-48_Biarmipes84_no_odor,4073,4073,True
2024.12.01_18-42-48_Biarmipes84_no_odor,4075,4075,True
2024.12.01_18-42-48_Biarmipes84_no_odor,4090,4090,True
2024.12.01_18-42-48_Biarmipes84_no_odor,4092,4092,True
2024.12.01_18-42-48_Biarmipes84_no_odor,4094,4094,True
2024.12.01_18-42-48_Biarmipes84_no_odor,4096,4096,True
2024.12.01_18-42-48_Biarmipes84_no_odor,4098,4098,True
2024.12.01_18-42-48_Biarmipes84_no_odor,4102,4103,True
2024.12.01_18-42-48_Biarmipes84_no_odor,4105,4105,True
2024.12.01_18-42-48_Biarmipes84_no_odor,4108,4108,True
2024.12.01_18-42-48_Biarmipes84_no_odor,4111,4118,True
2024.12.01_18-42-48_Biarmipes84_no_odor,4120,4147,True
2024.12.01_18-42-48_Biarmipes84_no_odor,4149,4151,True
2024.12.01_18-42-48_Biarmipes84_no_odor,4153,4153,True
2024.12.01_18-42-48_Biarmipes84_no_odor,4162,4162,True
2024.12.01_18-42-48_Biarmipes84_no_odor,4164,4166,True
2024.12.01_18-42-48_Biarmipes84_no_odor,4168,4169,True
2024.12.01_18-42-48_Biarmipes84_no_odor,4171,4171,True
2024.12.01_18-42-48_Biarmipes84_no_odor,4173,4173,True
2024.12.01_18-42-48_Biarmipes84_no_odor,4177,4177,True
2024.12.01_18-42-48_Biarmipes84_no_odor,4182,4182,True
2024.12.01_18-42-48_Biarmipes84_no_odor,4186,4186,True
2024.12.01_18-42-48_Biarmipes84_no_odor,4191,4191,True
2024.12.01_18-42-48_Biarmipes84_no_odor,4193,4195,True
2024.12.01_18-42-48_Biarmipes84_no_odor,4199,4200,True
2024.12.01_18-42-48_Biarmipes84_no_odor,4202,4202,True
2024.12.01_18-42-48_Biarmipes84_no_odor,4208,4210,True
2024.12.01_18-42-48_Biarmipes84_no_odor,4216,4216,True
2024.12.01_18-42-48_Biarmipes84_no_odor,4219,4220,True
2024.12.01_18-42-48_Biarmipes84_no_odor,4222,4223,True
2024.12.01_18-42-48_Biarmipes84_no_odor,4226,4226,True
2024.12.01_18-42-48_Biarmipes84_no_odor,4229,4230,True
2024.12.01_18-42-48_Biarmipes84_no_odor,4232,4237,True
2024.12.01_18-42-48_Biarmipes84_no_odor,4240,4241,True
2024.12.01_18-42-48_Biarmipes84_no_odor,4243,4245,True
2024.12.01_18-42-48_Biarmipes84_no_odor,4247,4249,True
2024.12.01_18-42-48_Biarmipes84_no_odor,4253,4254,True
2024.12.01_18-42-48_Biarmipes84_no_odor,4257,4259,True
2024.12.01_18-42-48_Biarmipes84_no_odor,4265,4265,True
2024.12.01_18-42-48_Biarmipes84_no_odor,4267,4267,True
2024.12.01_18-42-48_Biarmipes84_no_odor,4269,4272,True
2024.12.01_18-42-48_Biarmipes84_no_odor,4274,4277,True
2024.12.01_18-42-48_Biarmipes84_no_odor,4280,4281,True
2024.12.01_18-42-48_Biarmipes84_no_odor,4292,4298,True
2024.12.01_18-42-48_Biarmipes84_no_odor,4300,4307,True
2024.12.01_18-42-48_Biarmipes84_no_odor,4309,4318,True
2024.12.01_18-42-48_Biarmipes84_no_odor,4320,4320,True
2024.12.01_18-42-48_Biarmipes84_no_odor,4323,4324,True
2024.12.01_18-42-48_Biarmipes84_no_odor,4339,4343,True
2024.12.01_18-42-48_Biarmipes84_no_odor,4346,4398,True
2024.12.01_18-42-48_Biarmipes84_no_odor,4400,4442,True
2024.12.01_18-42-48_Biarmipes84_no_odor,4446,4446,True
2024.12.01_18-42-48_Biarmipes84_no_odor,4448,4448,True
2024.12.01_18-42-48_Biarmipes84_no_odor,4452,4452,True
2024.12.01_18-42-48_Biarmipes84_no_odor,4455,4456,True
2024.12.01_18-42-48_Biarmipes84_no_odor,4458,4458,True
2024.12.01_18-42-48_Biarmipes84_no_odor,4462,4559,True
2024.12.01_18-42-48_Biarmipes84_no_odor,4725,4733,True
2024.12.01_18-42-48_Biarmipes84_no_odor,4745,4757,True
2024.12.01_18-42-48_Biarmipes84_no_odor,4840,4843,True
2024.12.01_18-42-48_Biarmipes84_no_odor,4845,4846,True
2024.12.01_18-42-48_Biarmipes84_no_odor,4859,4860,True
2024.12.01_18-42-48_Biarmipes84_no_odor,4865,4866,True
2024.12.01_18-42-48_Biarmipes84_no_odor,4870,4870,True
2024.12.01_18-42-48_Biarmipes84_no_odor,4893,4901,True
2024.12.01_18-42-48_Biarmipes84_no_odor,4946,4948,True
2024.12.01_18-42-48_Biarmipes84_no_odor,4957,4961,True
2024.12.01_18-42-48_Biarmipes84_no_odor,4964,4965,True
2024.12.01_18-42-48_Biarmipes84_no_odor,4971,4972,True
2024.12.01_18-42-48_Biarmipes84_no_odor,4976,4979,True
2024.12.01_18-42-48_Biarmipes84_no_odor,4981,4982,True
2024.12.01_18-42-48_Biarmipes84_no_odor,4989,4990,True
2024.12.01_18-42-48_Biarmipes84_no_odor,4992,4993,True
2024.12.01_18-42-48_Biarmipes84_no_odor,4995,5003,True
2024.12.01_18-42-48_Biarmipes84_no_odor,5005,5009,True
2024.12.01_18-42-48_Biarmipes84_no_odor,5011,5012,True
2024.12.01_18-42-48_Biarmipes84_no_odor,5033,5036,True
2024.12.01_18-42-48_Biarmipes84_no_odor,5038,5045,True
2024.12.01_18-42-48_Biarmipes84_no_odor,5049,5051,True
2024.12.01_18-42-48_Biarmipes84_no_odor,5053,5054,True
2024.12.01_18-42-48_Biarmipes84_no_odor,5056,5056,True
2024.12.01_18-42-48_Biarmipes84_no_odor,5058,5058,True
2024.12.01_18-42-48_Biarmipes84_no_odor,5060,5071,True
2024.12.01_18-42-48_Biarmipes84_no_odor,5073,5073,True
2024.12.01_18-42-48_Biarmipes84_no_odor,5075,5077,True
2024.12.01_18-42-48_Biarmipes84_no_odor,5080,5080,True
2024.12.01_18-42-48_Biarmipes84_no_odor,5082,5082,True
2024.12.01_18-42-48_Biarmipes84_no_odor,5090,5090,True
2024.12.01_18-42-48_Biarmipes84_no_odor,5092,5093,True
2024.12.01_18-42-48_Biarmipes84_no_odor,5095,5095,True
2024.12.01_18-42-48_Biarmipes84_no_odor,5098,5099,True
2024.12.01_18-42-48_Biarmipes84_no_odor,5104,5105,True
2024.12.01_18-42-48_Biarmipes84_no_odor,5108,5111,True
2024.12.01_18-42-48_Biarmipes84_no_odor,5119,5119,True
2024.12.01_18-42-48_Biarmipes84_no_odor,5124,5124,True
2024.12.01_18-42-48_Biarmipes84_no_odor,5127,5127,True
2024.12.01_18-42-48_Biarmipes84_no_odor,5131,5132,True
2024.12.01_18-42-48_Biarmipes84_no_odor,5140,5142,True
2024.12.01_18-42-48_Biarmipes84_no_odor,5145,5146,True
2024.12.01_18-42-48_Biarmipes84_no_odor,5148,5149,True
2024.12.01_18-42-48_Biarmipes84_no_odor,5152,5154,True
2024.12.01_18-42-48_Biarmipes84_no_odor,5156,5156,True
2024.12.01_18-42-48_Biarmipes84_no_odor,5159,5163,True
2024.12.01_18-42-48_Biarmipes84_no_odor,5175,5181,True
2024.12.01_18-42-48_Biarmipes84_no_odor,5183,5184,True
2024.12.01_18-42-48_Biarmipes84_no_odor,5187,5188,True
2024.12.01_18-42-48_Biarmipes84_no_odor,5191,5191,True
2024.12.01_18-42-48_Biarmipes84_no_odor,5205,5206,True
2024.12.01_18-42-48_Biarmipes84_no_odor,5208,5208,True
2024.12.01_18-42-48_Biarmipes84_no_odor,5211,5211,True
2024.12.01_18-42-48_Biarmipes84_no_odor,5225,5227,True
2024.12.01_18-42-48_Biarmipes84_no_odor,5229,5237,True
2024.12.01_18-42-48_Biarmipes84_no_odor,5239,5241,True
2024.12.01_18-42-48_Biarmipes84_no_odor,5256,5265,True
2024.12.01_18-42-48_Biarmipes84_no_odor,5270,5270,True
2024.12.01_18-42-48_Biarmipes84_no_odor,5273,5275,True
2024.12.01_18-42-48_Biarmipes84_no_odor,5277,5277,True
2024.12.01_18-42-48_Biarmipes84_no_odor,5279,5281,True
2024.12.01_18-42-48_Biarmipes84_no_odor,5289,5293,True
2024.12.01_18-42-48_Biarmipes84_no_odor,5295,5296,True
2024.12.01_18-42-48_Biarmipes84_no_odor,5299,5299,True
2024.12.01_18-42-48_Biarmipes84_no_odor,5304,5305,True
2024.12.01_18-42-48_Biarmipes84_no_odor,5309,5310,True
2024.12.01_18-42-48_Biarmipes84_no_odor,5317,5320,True
2024.12.01_18-42-48_Biarmipes84_no_odor,5326,5335,True
2024.12.01_18-42-48_Biarmipes84_no_odor,5337,5338,True
2024.12.01_18-42-48_Biarmipes84_no_odor,5343,5346,True
2024.12.01_18-42-48_Biarmipes84_no_odor,5348,5360,True
2024.12.01_18-42-48_Biarmipes84_no_odor,5387,5422,True
2024.12.01_18-42-48_Biarmipes84_no_odor,5428,5446,True
2024.12.01_18-42-48_Biarmipes84_no_odor,5464,5476,True
2024.12.01_18-42-48_Biarmipes84_no_odor,5495,5574,True
2024.12.01_18-42-48_Biarmipes84_no_odor,5585,5602,True
2024.12.01_18-42-48_Biarmipes84_no_odor,5621,5624,True
2024.12.01_18-42-48_Biarmipes84_no_odor,5644,5656,True
2024.12.01_18-42-48_Biarmipes84_no_odor,5663,5677,True
2024.12.01_18-42-48_Biarmipes84_no_odor,5691,5696,True
2024.12.01_18-42-48_Biarmipes84_no_odor,5698,5704,True
2024.12.01_18-42-48_Biarmipes84_no_odor,5725,5739,True
2024.12.01_18-42-48_Biarmipes84_no_odor,5741,5743,True
2024.12.01_18-42-48_Biarmipes84_no_odor,5752,5781,True
2024.12.01_18-42-48_Biarmipes84_no_odor,5789,5815,True
2024.12.01_18-42-48_Biarmipes84_no_odor,5830,5839,True
2024.12.01_18-42-48_Biarmipes84_no_odor,5856,5871,True
2024.12.01_18-42-48_Biarmipes84_no_odor,5888,5895,True
2024.12.01_18-42-48_Biarmipes84_no_odor,5916,5926,True
2024.12.01_18-42-48_Biarmipes84_no_odor,5937,5943,True
2024.12.01_18-42-48_Biarmipes84_no_odor,5945,5985,True
2024.12.01_18-42-48_Biarmipes84_no_odor,5994,6011,True
2024.12.01_18-42-48_Biarmipes84_no_odor,6022,6031,True
2024.12.01_18-42-48_Biarmipes84_no_odor,6033,6117,True
2024.12.01_18-42-48_Biarmipes84_no_odor,6119,6136,True
2024.12.01_18-42-48_Biarmipes84_no_odor,6143,6144,True
2024.12.01_18-42-48_Biarmipes84_no_odor,6146,6152,True
2024.12.01_18-42-48_Biarmipes84_no_odor,6154,6158,True
2024.12.01_18-42-48_Biarmipes84_no_odor,6165,6201,True
2024.12.01_18-42-48_Biarmipes84_no_odor,6203,6213,True
2024.12.01_18-42-48_Biarmipes84_no_odor,6221,6221,True
2024.12.01_18-42-48_Biarmipes84_no_odor,6226,6228,True
2024.12.01_18-42-48_Biarmipes84_no_odor,6230,6230,True
2024.12.01_18-42-48_Biarmipes84_no_odor,6232,6237,True
2024.12.01_18-42-48_Biarmipes84_no_odor,6240,6241,True
2024.12.01_18-42-48_Biarmipes84_no_odor,6243,6243,True
2024.12.01_18-42-48_Biarmipes84_no_odor,6247,6247,True
2024.12.01_18-42-48_Biarmipes84_no_odor,6252,6252,True
2024.12.01_18-42-48_Biarmipes84_no_odor,6256,6257,True
2024.12.01_18-42-48_Biarmipes84_no_odor,6259,6259,True
2024.12.01_18-42-48_Biarmipes84_no_odor,6263,6266,True
2024.12.01_18-42-48_Biarmipes84_no_odor,6274,6275,True
2024.12.01_18-42-48_Biarmipes84_no_odor,6277,6279,True
2024.12.01_18-42-48_Biarmipes84_no_odor,6282,6283,True
2024.12.01_18-42-48_Biarmipes84_no_odor,6285,6285,True
2024.12.01_18-42-48_Biarmipes84_no_odor,6287,6289,True
2024.12.01_18-42-48_Biarmipes84_no_odor,6292,6292,True
2024.12.01_18-42-48_Biarmipes84_no_odor,6298,6298,True
2024.12.01_18-42-48_Biarmipes84_no_odor,6313,6313,True
2024.12.01_18-42-48_Biarmipes84_no_odor,6320,6320,True
2024.12.01_18-42-48_Biarmipes84_no_odor,6322,6323,True
2024.12.01_18-42-48_Biarmipes84_no_odor,6332,6332,True
2024.12.01_18-42-48_Biarmipes84_no_odor,6344,6345,True
2024.12.01_18-42-48_Biarmipes84_no_odor,6347,6348,True
2024.12.01_18-42-48_Biarmipes84_no_odor,6351,6351,True
2024.12.01_18-42-48_Biarmipes84_no_odor,6353,6355,True
2024.12.01_18-42-48_Biarmipes84_no_odor,6357,6358,True
2024.12.01_18-42-48_Biarmipes84_no_odor,6360,6362,True
2024.12.01_18-42-48_Biarmipes84_no_odor,6371,6372,True
2024.12.01_18-42-48_Biarmipes84_no_odor,6378,6379,True
2024.12.01_18-42-48_Biarmipes84_no_odor,6382,6382,True
2024.12.01_18-42-48_Biarmipes84_no_odor,6388,6391,True
2024.12.01_18-42-48_Biarmipes84_no_odor,6393,6398,True
2024.12.01_18-42-48_Biarmipes84_no_odor,6400,6401,True
2024.12.01_18-42-48_Biarmipes84_no_odor,6406,6406,True
2024.12.01_18-42-48_Biarmipes84_no_odor,6413,6413,True
2024.12.01_18-42-48_Biarmipes84_no_odor,6415,6415,True
2024.12.01_18-42-48_Biarmipes84_no_odor,6418,6419,True
2024.12.01_18-42-48_Biarmipes84_no_odor,6421,6423,True
2024.12.01_18-42-48_Biarmipes84_no_odor,6426,6426,True
2024.12.01_18-42-48_Biarmipes84_no_odor,6431,6434,True
2024.12.01_18-42-48_Biarmipes84_no_odor,6438,6439,True
2024.12.01_18-42-48_Biarmipes84_no_odor,6441,6441,True
2024.12.01_18-42-48_Biarmipes84_no_odor,6446,6449,True
2024.12.01_18-42-48_Biarmipes84_no_odor,6453,6454,True
2024.12.01_18-42-48_Biarmipes84_no_odor,6456,6464,True
2024.12.01_18-42-48_Biarmipes84_no_odor,6471,6471,True
2024.12.01_18-42-48_Biarmipes84_no_odor,6486,6486,True
2024.12.01_18-42-48_Biarmipes84_no_odor,6489,6490,True
2024.12.01_18-42-48_Biarmipes84_no_odor,6493,6493,True
2024.12.01_18-42-48_Biarmipes84_no_odor,6495,6496,True
2024.12.01_18-42-48_Biarmipes84_no_odor,6501,6501,True
2024.12.01_18-42-48_Biarmipes84_no_odor,6507,6507,True
2024.12.01_18-42-48_Biarmipes84_no_odor,6509,6509,True
2024.12.01_18-42-48_Biarmipes84_no_odor,6512,6512,True
2024.12.01_18-42-48_Biarmipes84_no_odor,6514,6517,True
2024.12.01_18-42-48_Biarmipes84_no_odor,6548,6549,True
2024.12.01_18-42-48_Biarmipes84_no_odor,6551,6551,True
2024.12.01_18-42-48_Biarmipes84_no_odor,6553,6553,True
2024.12.01_18-42-48_Biarmipes84_no_odor,6560,6562,True
2024.12.01_18-42-48_Biarmipes84_no_odor,6564,6593,True
2024.12.01_18-42-48_Biarmipes84_no_odor,6608,6626,True
2024.12.01_18-42-48_Biarmipes84_no_odor,6658,6658,True
2024.12.01_18-42-48_Biarmipes84_no_odor,6661,6707,True
2024.12.01_18-42-48_Biarmipes84_no_odor,6710,6726,True
2024.12.01_18-42-48_Biarmipes84_no_odor,6741,6742,True
2024.12.01_18-42-48_Biarmipes84_no_odor,6751,6758,True
2024.12.01_18-42-48_Biarmipes84_no_odor,6775,6783,True
2024.12.01_18-42-48_Biarmipes84_no_odor,6811,6813,True
2024.12.01_18-42-48_Biarmipes84_no_odor,6866,6867,True
2024.12.01_18-42-48_Biarmipes84_no_odor,6880,6881,True
2024.12.01_18-42-48_Biarmipes84_no_odor,6883,6884,True
2024.12.01_18-42-48_Biarmipes84_no_odor,6887,6890,True
2024.12.01_18-42-48_Biarmipes84_no_odor,6893,6896,True
2024.12.01_18-42-48_Biarmipes84_no_odor,6937,7001,True
2024.12.01_18-42-48_Biarmipes84_no_odor,7003,7069,True
2024.12.01_18-42-48_Biarmipes84_no_odor,7336,7341,True
2024.12.01_18-42-48_Biarmipes84_no_odor,7359,7361,True
2024.12.01_18-42-48_Biarmipes84_no_odor,7369,7372,True
2024.12.01_18-42-48_Biarmipes84_no_odor,7378,7384,True
2024.12.01_18-42-48_Biarmipes84_no_odor,7386,7386,True
2024.12.01_18-42-48_Biarmipes84_no_odor,7455,7458,True
2024.12.01_18-42-48_Biarmipes84_no_odor,7471,7479,True
2024.12.01_18-42-48_Biarmipes84_no_odor,7481,7482,True
2024.12.01_18-42-48_Biarmipes84_no_odor,7484,7485,True
2024.12.01_18-42-48_Biarmipes84_no_odor,7487,7490,True
2024.12.01_18-42-48_Biarmipes84_no_odor,7508,7508,True
2024.12.01_18-42-48_Biarmipes84_no_odor,7512,7514,True
2024.12.01_18-42-48_Biarmipes84_no_odor,7516,7517,True
2024.12.01_18-42-48_Biarmipes84_no_odor,7519,7519,True
2024.12.01_18-42-48_Biarmipes84_no_odor,7522,7522,True
2024.12.01_18-42-48_Biarmipes84_no_odor,7524,7539,True
2024.12.01_18-42-48_Biarmipes84_no_odor,7541,7544,True
2024.12.01_18-42-48_Biarmipes84_no_odor,7546,7546,True
2024.12.01_18-42-48_Biarmipes84_no_odor,7549,7554,True
2024.12.01_18-42-48_Biarmipes84_no_odor,7559,7559,True
2024.12.01_18-42-48_Biarmipes84_no_odor,7561,7569,True
2024.12.01_18-42-48_Biarmipes84_no_odor,7571,7571,True
2024.12.01_18-42-48_Biarmipes84_no_odor,7573,7593,True
2024.12.01_18-42-48_Biarmipes84_no_odor,7595,7597,True
2024.12.01_18-42-48_Biarmipes84_no_odor,7601,7601,True
2024.12.01_18-42-48_Biarmipes84_no_odor,7607,7607,True
2024.12.01_18-42-48_Biarmipes84_no_odor,7613,7613,True
2024.12.01_18-42-48_Biarmipes84_no_odor,7641,7641,True
2024.12.01_18-42-48_Biarmipes84_no_odor,7644,7646,True
2024.12.01_18-42-48_Biarmipes84_no_odor,7648,7654,True
2024.12.01_18-42-48_Biarmipes84_no_odor,7656,7659,True
2024.12.01_18-42-48_Biarmipes84_no_odor,7663,7670,True
2024.12.01_18-42-48_Biarmipes84_no_odor,7673,7673,True
2024.12.01_18-42-48_Biarmipes84_no_odor,7675,7682,True
2024.12.01_18-42-48_Biarmipes84_no_odor,7686,7695,True
2024.12.01_18-42-48_Biarmipes84_no_odor,7700,7702,True
2024.12.01_18-42-48_Biarmipes84_no_odor,7708,7712,True
2024.12.01_18-42-48_Biarmipes84_no_odor,7718,7718,True
2024.12.01_18-42-48_Biarmipes84_no_odor,7725,7732,True
2024.12.01_18-42-48_Biarmipes84_no_odor,7737,7737,True
2024.12.01_18-42-48_Biarmipes84_no_odor,7768,7768,True
2024.12.01_18-42-48_Biarmipes84_no_odor,7817,7817,True
2024.12.01_18-42-48_Biarmipes84_no_odor,7844,7844,True
2024.12.01_18-42-48_Biarmipes84_no_odor,7859,7859,True
2024.12.01_18-42-48_Biarmipes84_no_odor,7874,7874,True
2024.12.01_18-42-48_Biarmipes84_no_odor,7877,7877,True
2024.12.01_18-42-48_Biarmipes84_no_odor,7897,7897,True
2024.12.01_18-42-48_Biarmipes84_no_odor,7902,7902,True
2024.12.01_18-42-48_Biarmipes84_no_odor,7911,7911,True
2024.12.01_18-42-48_Biarmipes84_no_odor,7914,7914,True
2024.12.01_18-42-48_Biarmipes84_no_odor,7917,7917,True
2024.12.01_18-42-48_Biarmipes84_no_odor,7920,7920,True
2024.12.01_18-42-48_Biarmipes84_no_odor,7922,7923,True
2024.12.01_18-42-48_Biarmipes84_no_odor,7926,7926,True
2024.12.01_18-42-48_Biarmipes84_no_odor,7928,7928,True
2024.12.01_18-42-48_Biarmipes84_no_odor,7934,7934,True
2024.12.01_18-42-48_Biarmipes84_no_odor,7938,7941,True
2024.12.01_18-42-48_Biarmipes84_no_odor,7945,7945,True
2024.12.01_18-42-48_Biarmipes84_no_odor,7947,7950,True
2024.12.01_18-42-48_Biarmipes84_no_odor,7952,7955,True
2024.12.01_18-42-48_Biarmipes84_no_odor,7957,7958,True
2024.12.01_18-42-48_Biarmipes84_no_odor,7970,7976,True
2024.12.01_18-42-48_Biarmipes84_no_odor,7978,7983,True
2024.12.01_18-42-48_Biarmipes84_no_odor,7985,7997,True
2024.12.01_18-42-48_Biarmipes84_no_odor,7999,8003,True
2024.12.01_18-42-48_Biarmipes84_no_odor,8005,8008,True
2024.12.01_18-42-48_Biarmipes84_no_odor,8010,8010,True
2024.12.01_18-42-48_Biarmipes84_no_odor,8015,8017,True
2024.12.01_18-42-48_Biarmipes84_no_odor,8019,8021,True
2024.12.01_18-42-48_Biarmipes84_no_odor,8023,8027,True
2024.12.01_18-42-48_Biarmipes84_no_odor,8030,8039,True
2024.12.01_18-42-48_Biarmipes84_no_odor,8043,8046,True
2024.12.01_18-42-48_Biarmipes84_no_odor,8049,8049,True
2024.12.01_18-42-48_Biarmipes84_no_odor,8061,8068,True
2024.12.01_18-42-48_Biarmipes84_no_odor,8077,8086,True
2024.12.01_18-42-48_Biarmipes84_no_odor,8089,8097,True
2024.12.01_18-42-48_Biarmipes84_no_odor,8102,8109,True
2024.12.01_18-42-48_Biarmipes84_no_odor,8112,8114,True
2024.12.01_18-42-48_Biarmipes84_no_odor,8117,8120,True
2024.12.01_18-42-48_Biarmipes84_no_odor,8123,8128,True
2024.12.01_18-42-48_Biarmipes84_no_odor,8131,8132,True
2024.12.01_18-42-48_Biarmipes84_no_odor,8134,8140,True
2024.12.01_18-42-48_Biarmipes84_no_odor,8142,8143,True
2024.12.01_18-42-48_Biarmipes84_no_odor,8146,8149,True
2024.12.01_18-42-48_Biarmipes84_no_odor,8157,8158,True
2024.12.01_18-42-48_Biarmipes84_no_odor,8160,8164,True
2024.12.01_18-42-48_Biarmipes84_no_odor,8166,8167,True
2024.12.01_18-42-48_Biarmipes84_no_odor,8190,8190,True
2024.12.01_18-42-48_Biarmipes84_no_odor,8195,8195,True
2024.12.01_18-42-48_Biarmipes84_no_odor,8197,8198,True
2024.12.01_18-42-48_Biarmipes84_no_odor,8201,8201,True
2024.12.01_18-42-48_Biarmipes84_no_odor,8236,8241,True
2024.12.01_18-42-48_Biarmipes84_no_odor,8243,8244,True
2024.12.01_18-42-48_Biarmipes84_no_odor,8246,8246,True
2024.12.01_18-42-48_Biarmipes84_no_odor,8248,8250,True
2024.12.01_18-42-48_Biarmipes84_no_odor,8253,8256,True
2024.12.01_18-42-48_Biarmipes84_no_odor,8258,8258,True
2024.12.01_18-42-48_Biarmipes84_no_odor,8260,8260,True
2024.12.01_18-42-48_Biarmipes84_no_odor,8262,8262,True
2024.12.01_18-42-48_Biarmipes84_no_odor,8264,8273,True
2024.12.01_18-42-48_Biarmipes84_no_odor,8275,8275,True
2024.12.01_18-42-48_Biarmipes84_no_odor,8323,8323,True
2024.12.01_18-42-48_Biarmipes84_no_odor,8340,8342,True
2024.12.01_18-42-48_Biarmipes84_no_odor,8349,8349,True
2024.12.01_18-42-48_Biarmipes84_no_odor,8352,8352,True
2024.12.01_18-42-48_Biarmipes84_no_odor,8365,8365,True
2024.12.01_18-42-48_Biarmipes84_no_odor,8369,8383,True
2024.12.01_18-42-48_Biarmipes84_no_odor,8385,8386,True
2024.12.01_18-42-48_Biarmipes84_no_odor,8388,8389,True
2024.12.01_18-42-48_Biarmipes84_no_odor,8396,8398,True
2024.12.01_18-42-48_Biarmipes84_no_odor,8403,8404,True
2024.12.01_18-42-48_Biarmipes84_no_odor,8408,8408,True
2024.12.01_18-42-48_Biarmipes84_no_odor,8410,8410,True
2024.12.01_18-42-48_Biarmipes84_no_odor,8416,8417,True
2024.12.01_18-42-48_Biarmipes84_no_odor,8421,8422,True
2024.12.01_18-42-48_Biarmipes84_no_odor,8424,8429,True
2024.12.01_18-42-48_Biarmipes84_no_odor,8434,8434,True
2024.12.01_18-42-48_Biarmipes84_no_odor,8440,8440,True
2024.12.01_18-42-48_Biarmipes84_no_odor,8489,8490,True
2024.11.13_02-36-35_Biarmipes_G224_e2hex,3,273,True
2024.11.13_02-36-35_Biarmipes_G224_e2hex,977,1237,True
2024.11.13_02-36-35_Biarmipes_G224_e2hex,2580,2631,True
2024.11.13_02-36-35_Biarmipes_G224_e2hex,2634,2636,True
2024.11.13_02-36-35_Biarmipes_G224_e2hex,2638,2639,True
2024.11.13_02-36-35_Biarmipes_G224_e2hex,2641,2642,True
2024.11.13_02-36-35_Biarmipes_G224_e2hex,2645,2685,True
2024.11.13_02-36-35_Biarmipes_G224_e2hex,2688,2693,True
2024.11.13_02-36-35_Biarmipes_G224_e2hex,2696,2696,True
2024.11.13_02-36-35_Biarmipes_G224_e2hex,2699,2717,True
2024.11.13_02-36-35_Biarmipes_G224_e2hex,2719,2720,True
2024.11.13_02-36-35_Biarmipes_G224_e2hex,2722,2723,True
2024.11.13_02-36-35_Biarmipes_G224_e2hex,2725,2729,True
2024.11.13_02-36-35_Biarmipes_G224_e2hex,2731,2742,True
2024.11.13_02-36-35_Biarmipes_G224_e2hex,2744,2745,True
2024.11.13_02-36-35_Biarmipes_G224_e2hex,2747,2749,True
2024.11.13_02-36-35_Biarmipes_G224_e2hex,2751,2752,True
2024.11.13_02-36-35_Biarmipes_G224_e2hex,2754,2759,True
2024.11.13_02-36-35_Biarmipes_G224_e2hex,2761,2762,True
2024.11.13_02-36-35_Biarmipes_G224_e2hex,2764,2780,True
2024.11.13_02-36-35_Biarmipes_G224_e2hex,2783,2783,True
2024.11.13_02-36-35_Biarmipes_G224_e2hex,2785,2787,True
2024.11.13_02-36-35_Biarmipes_G224_e2hex,2789,2791,True
2024.11.13_02-36-35_Biarmipes_G224_e2hex,2836,2843,True
2024.11.13_02-36-35_Biarmipes_G224_e2hex,2858,2867,True
2024.11.13_02-36-35_Biarmipes_G224_e2hex,2869,2878,True
2024.11.13_02-36-35_Biarmipes_G224_e2hex,2887,2893,True
2024.11.13_02-36-35_Biarmipes_G224_e2hex,2895,2911,True
2024.11.13_02-36-35_Biarmipes_G224_e2hex,2923,2941,True
2024.11.13_02-36-35_Biarmipes_G224_e2hex,2943,2944,True
2024.11.13_02-36-35_Biarmipes_G224_e2hex,2946,2965,True
2024.11.13_02-36-35_Biarmipes_G224_e2hex,2967,2973,True
2024.11.13_02-36-35_Biarmipes_G224_e2hex,2975,2976,True
2024.11.13_02-36-35_Biarmipes_G224_e2hex,2978,2987,True
2024.11.13_02-36-35_Biarmipes_G224_e2hex,3026,3026,True
2024.11.13_02-36-35_Biarmipes_G224_e2hex,3031,3031,True
2024.11.13_02-36-35_Biarmipes_G224_e2hex,3033,3036,True
2024.11.13_02-36-35_Biarmipes_G224_e2hex,3068,3072,True
2024.11.13_02-36-35_Biarmipes_G224_e2hex,3074,3085,True
2024.11.13_02-36-35_Biarmipes_G224_e2hex,3100,3105,True
2024.11.13_02-36-35_Biarmipes_G224_e2hex,3107,3112,True
2024.11.13_02-36-35_Biarmipes_G224_e2hex,3114,3115,True
2024.11.13_02-36-35_Biarmipes_G224_e2hex,3117,3120,True
2024.11.13_02-36-35_Biarmipes_G224_e2hex,3161,3177,True
2024.11.13_02-36-35_Biarmipes_G224_e2hex,3179,3181,True
2024.11.13_02-36-35_Biarmipes_G224_e2hex,3196,3206,True
2024.11.13_02-36-35_Biarmipes_G224_e2hex,3219,3220,True
2024.11.13_02-36-35_Biarmipes_G224_e2hex,3226,3241,True
2024.11.13_02-36-35_Biarmipes_G224_e2hex,3243,3249,True
2024.11.13_02-36-35_Biarmipes_G224_e2hex,3251,3267,True
2024.11.13_02-36-35_Biarmipes_G224_e2hex,3271,3272,True
2024.11.13_02-36-35_Biarmipes_G224_e2hex,3338,3341,True
2024.11.13_02-36-35_Biarmipes_G224_e2hex,4396,4396,True
2024.11.13_02-36-35_Biarmipes_G224_e2hex,4401,4401,True
2024.11.13_02-36-35_Biarmipes_G224_e2hex,4403,4403,True
2024.11.13_02-36-35_Biarmipes_G224_e2hex,4405,4405,True
2024.11.13_02-36-35_Biarmipes_G224_e2hex,4412,4415,True
2024.11.13_02-36-35_Biarmipes_G224_e2hex,4420,4426,True
2024.11.13_02-36-35_Biarmipes_G224_e2hex,4432,4433,True
2024.11.13_02-36-35_Biarmipes_G224_e2hex,4437,4437,True
2024.11.13_02-36-35_Biarmipes_G224_e2hex,4441,4448,True
2024.11.13_02-36-35_Biarmipes_G224_e2hex,4450,4456,True
2024.11.13_02-36-35_Biarmipes_G224_e2hex,4458,4498,True
2024.11.13_02-36-35_Biarmipes_G224_e2hex,4500,4505,True
2024.11.13_02-36-35_Biarmipes_G224_e2hex,4507,4507,True
2024.11.13_02-36-35_Biarmipes_G224_e2hex,4509,4522,True
2024.11.13_02-36-35_Biarmipes_G224_e2hex,4524,4571,True
2024.11.13_02-36-35_Biarmipes_G224_e2hex,4573,4610,True
2024.11.13_02-36-35_Biarmipes_G224_e2hex,4612,4623,True
2024.11.13_02-36-35_Biarmipes_G224_e2hex,4625,4634,True
2024.11.13_02-36-35_Biarmipes_G224_e2hex,4636,4637,True
2024.11.13_02-36-35_Biarmipes_G224_e2hex,4640,4643,True
2024.11.13_02-36-35_Biarmipes_G224_e2hex,4646,4649,True
2024.11.13_02-36-35_Biarmipes_G224_e2hex,4651,4651,True
2024.11.13_02-36-35_Biarmipes_G224_e2hex,4653,4655,True
2024.11.13_02-36-35_Biarmipes_G224_e2hex,4657,4659,True
2024.11.13_02-36-35_Biarmipes_G224_e2hex,4661,4663,True
2024.11.13_02-36-35_Biarmipes_G224_e2hex,4665,4667,True
2024.11.13_02-36-35_Biarmipes_G224_e2hex,4669,4669,True
2024.11.13_02-36-35_Biarmipes_G224_e2hex,4677,4680,True
2024.11.13_02-36-35_Biarmipes_G224_e2hex,4682,4684,True
2024.11.13_02-36-35_Biarmipes_G224_e2hex,4687,4688,True
2024.11.13_02-36-35_Biarmipes_G224_e2hex,4690,4694,True
2024.11.13_02-36-35_Biarmipes_G224_e2hex,4697,4698,True
2024.11.13_02-36-35_Biarmipes_G224_e2hex,4702,4704,True
2024.11.13_02-36-35_Biarmipes_G224_e2hex,4707,4707,True
2024.11.13_02-36-35_Biarmipes_G224_e2hex,4710,4710,True
2024.11.13_02-36-35_Biarmipes_G224_e2hex,4712,4714,True
2024.11.13_02-36-35_Biarmipes_G224_e2hex,4716,4717,True
2024.11.13_02-36-35_Biarmipes_G224_e2hex,4719,4720,True
2024.11.13_02-36-35_Biarmipes_G224_e2hex,4723,4725,True
2024.11.13_02-36-35_Biarmipes_G224_e2hex,4728,4738,True
2024.11.13_02-36-35_Biarmipes_G224_e2hex,4741,4742,True
2024.11.13_02-36-35_Biarmipes_G224_e2hex,4744,4745,True
2024.11.13_02-36-35_Biarmipes_G224_e2hex,4747,4747,True
2024.11.13_02-36-35_Biarmipes_G224_e2hex,4752,4754,True
2024.11.13_02-36-35_Biarmipes_G224_e2hex,4756,4760,True
2024.11.13_02-36-35_Biarmipes_G224_e2hex,4762,4762,True
2024.11.13_02-36-35_Biarmipes_G224_e2hex,4764,4765,True
2024.11.13_02-36-35_Biarmipes_G224_e2hex,4767,4767,True
2024.11.13_02-36-35_Biarmipes_G224_e2hex,4769,4771,True
2024.11.13_02-36-35_Biarmipes_G224_e2hex,4774,4778,True
2024.11.13_02-36-35_Biarmipes_G224_e2hex,4780,4783,True
2024.11.13_02-36-35_Biarmipes_G224_e2hex,4785,4786,True
2024.11.13_02-36-35_Biarmipes_G224_e2hex,4788,4789,True
2024.11.13_02-36-35_Biarmipes_G224_e2hex,4791,4801,True
2024.11.13_02-36-35_Biarmipes_G224_e2hex,4803,4804,True
2024.11.13_02-36-35_Biarmipes_G224_e2hex,4806,4808,True
2024.11.13_02-36-35_Biarmipes_G224_e2hex,4811,4824,True
2024.11.13_02-36-35_Biarmipes_G224_e2hex,5925,5933,True
2024.11.13_02-36-35_Biarmipes_G224_e2hex,5938,5940,True
2024.11.13_02-36-35_Biarmipes_G224_e2hex,5946,5950,True
2024.11.13_02-36-35_Biarmipes_G224_e2hex,5959,5959,True
2024.11.13_02-36-35_Biarmipes_G224_e2hex,5964,5967,True
2024.11.13_02-36-35_Biarmipes_G224_e2hex,5970,5970,True
2024.11.13_02-36-35_Biarmipes_G224_e2hex,5974,5974,True
2024.11.13_02-36-35_Biarmipes_G224_e2hex,6021,6021,True
2024.11.13_02-36-35_Biarmipes_G224_e2hex,6053,6053,True
2024.11.13_02-36-35_Biarmipes_G224_e2hex,6056,6057,True
2024.11.13_02-36-35_Biarmipes_G224_e2hex,6059,6059,True
2024.11.13_02-36-35_Biarmipes_G224_e2hex,6065,6065,True
2024.11.13_02-36-35_Biarmipes_G224_e2hex,6075,6075,True
2024.11.13_02-36-35_Biarmipes_G224_e2hex,6078,6078,True
2024.11.13_02-36-35_Biarmipes_G224_e2hex,6092,6092,True
2024.11.13_02-36-35_Biarmipes_G224_e2hex,6104,6104,True
2024.11.13_02-36-35_Biarmipes_G224_e2hex,6109,6110,True
2024.11.13_02-36-35_Biarmipes_G224_e2hex,6112,6112,True
2024.11.13_02-36-35_Biarmipes_G224_e2hex,6129,6129,True
2024.11.13_02-36-35_Biarmipes_G224_e2hex,6144,6144,True
2024.11.13_02-36-35_Biarmipes_G224_e2hex,6179,6179,True
2024.11.13_02-36-35_Biarmipes_G224_e2hex,6241,6241,True
2024.11.13_02-36-35_Biarmipes_G224_e2hex,6251,6251,True
2024.11.13_02-36-35_Biarmipes_G224_e2hex,6263,6264,True
2024.11.13_02-36-35_Biarmipes_G224_e2hex,6267,6268,True
2024.11.13_02-36-35_Biarmipes_G224_e2hex,6401,6401,True
2024.11.13_02-36-35_Biarmipes_G224_e2hex,6469,6469,True
2024.11.13_02-36-35_Biarmipes_G224_e2hex,6476,6477,True
2024.11.13_02-36-35_Biarmipes_G224_e2hex,6481,6481,True
2024.11.13_02-36-35_Biarmipes_G224_e2hex,6505,6505,True
2024.11.13_02-36-35_Biarmipes_G224_e2hex,6511,6511,True
2024.11.13_02-36-35_Biarmipes_G224_e2hex,6516,6516,True
2024.11.13_02-36-35_Biarmipes_G224_e2hex,6538,6541,True
2024.11.13_02-36-35_Biarmipes_G224_e2hex,6550,6555,True
2024.11.13_02-36-35_Biarmipes_G224_e2hex,6621,6626,True
2024.11.13_02-36-35_Biarmipes_G224_e2hex,6628,6632,True
2024.11.13_02-36-35_Biarmipes_G224_e2hex,6662,6662,True
2024.11.13_02-36-35_Biarmipes_G224_e2hex,6664,6667,True
2024.11.13_02-36-35_Biarmipes_G224_e2hex,6735,6735,True
2024.11.13_02-36-35_Biarmipes_G224_e2hex,7652,7796,True
2024.11.13_02-36-35_Biarmipes_G224_e2hex,7798,7806,True
2024.11.13_02-36-35_Biarmipes_G224_e2hex,7808,7808,True
2024.11.13_02-36-35_Biarmipes_G224_e2hex,7810,8109,True
2024.11.13_02-36-35_Biarmipes_G224_e2hex,8111,8754,True
2024.10.25_06-29-41_CantonS_metben,69,82,True
2024.10.25_06-29-41_CantonS_metben,84,91,True
2024.10.25_06-29-41_CantonS_metben,93,94,True
2024.10.25_06-29-41_CantonS_metben,99,99,True
2024.10.25_06-29-41_CantonS_metben,101,101,True
2024.10.25_06-29-41_CantonS_metben,103,103,True
2024.10.25_06-29-41_CantonS_metben,111,111,True
2024.10.25_06-29-41_CantonS_metben,113,114,True
2024.10.25_06-29-41_CantonS_metben,116,119,True
2024.10.25_06-29-41_CantonS_metben,123,132,True
2024.10.25_06-29-41_CantonS_metben,136,136,True
2024.10.25_06-29-41_CantonS_metben,138,1507,True
2024.10.25_06-29-41_CantonS_metben,1919,1932,True
2024.10.25_06-29-41_CantonS_metben,1966,1967,True
2024.10.25_06-29-41_CantonS_metben,4402,4406,True
2024.10.25_06-29-41_CantonS_metben,4410,4410,True
2024.10.25_06-29-41_CantonS_metben,4423,4424,True
2024.10.25_06-29-41_CantonS_metben,4426,4426,True
2024.10.25_06-29-41_CantonS_metben,4434,4436,True
2024.10.25_06-29-41_CantonS_metben,4445,4446,True
2024.10.25_06-29-41_CantonS_metben,4463,4463,True
2024.10.25_06-29-41_CantonS_metben,4471,4471,True
2024.10.25_06-29-41_CantonS_metben,4473,4473,True
2024.10.25_06-29-41_CantonS_metben,4475,4477,True
2024.10.25_06-29-41_CantonS_metben,4479,4492,True
2024.10.25_06-29-41_CantonS_metben,4495,4500,True
2024.10.25_06-29-41_CantonS_metben,4509,4519,True
2024.10.25_06-29-41_CantonS_metben,4521,4536,True
2024.10.25_06-29-41_CantonS_metben,4538,4538,True
2024.10.25_06-29-41_CantonS_metben,4541,4545,True
2024.10.25_06-29-41_CantonS_metben,4552,4552,True
2024.10.25_06-29-41_CantonS_metben,4585,4585,True
2024.10.25_06-29-41_CantonS_metben,4588,4590,True
2024.10.25_06-29-41_CantonS_metben,4592,4597,True
2024.10.25_06-29-41_CantonS_metben,4601,4734,True
2024.10.25_06-29-41_CantonS_metben,4736,5612,True
2024.10.25_06-29-41_CantonS_metben,6941,6941,True
2024.10.25_06-29-41_CantonS_metben,6960,6960,True
2024.10.25_06-29-41_CantonS_metben,6973,6978,True
2024.10.25_06-29-41_CantonS_metben,6980,6980,True
2024.10.25_06-29-41_CantonS_metben,7011,7012,True
2024.10.25_06-29-41_CantonS_metben,7017,7022,True
2024.10.25_06-29-41_CantonS_metben,7024,7037,True
2024.10.25_06-29-41_CantonS_metben,7041,7041,True
2024.10.25_06-29-41_CantonS_metben,7044,7044,True
2024.10.25_06-29-41_CantonS_metben,7046,7046,True
2024.10.25_06-29-41_CantonS_metben,7053,7053,True
2024.10.25_06-29-41_CantonS_metben,7055,7056,True
2024.10.25_06-29-41_CantonS_metben,7060,7106,True
2024.10.25_06-29-41_CantonS_metben,7108,7128,True
2024.10.25_06-29-41_CantonS_metben,7130,7136,True
2024.10.25_06-29-41_CantonS_metben,7139,7143,True
2024.10.25_06-29-41_CantonS_metben,7145,7151,True
2024.10.25_06-29-41_CantonS_metben,7153,7153,True
2024.10.25_06-29-41_CantonS_metben,7156,7159,True
2024.10.25_06-29-41_CantonS_metben,7161,7163,True
2024.10.25_06-29-41_CantonS_metben,7165,7166,True
2024.10.25_06-29-41_CantonS_metben,7168,7169,True
2024.10.25_06-29-41_CantonS_metben,7172,7172,True
2024.10.25_06-29-41_CantonS_metben,7174,7179,True
2024.10.25_06-29-41_CantonS_metben,7181,7185,True
2024.10.25_06-29-41_CantonS_metben,7189,7190,True
2024.10.25_06-29-41_CantonS_metben,7192,7192,True
2024.10.25_06-29-41_CantonS_metben,7194,7200,True
2024.10.25_06-29-41_CantonS_metben,7202,7218,True
2024.10.25_06-29-41_CantonS_metben,7220,7395,True
2024.10.25_06-29-41_CantonS_metben,7397,7398,True
2024.10.25_06-29-41_CantonS_metben,7400,7435,True
2024.10.25_06-29-41_CantonS_metben,7437,7588,True
2024.10.25_06-29-41_CantonS_metben,7595,7644,True
2024.10.25_06-29-41_CantonS_metben,7646,7654,True
2024.10.25_06-29-41_CantonS_metben,7657,7657,True
2024.10.25_06-29-41_CantonS_metben,7660,7661,True
2024.10.25_06-29-41_CantonS_metben,7663,7664,True
2024.10.25_06-29-41_CantonS_metben,7667,7668,True
2024.10.25_06-29-41_CantonS_metben,7670,7672,True
2024.10.25_06-29-41_CantonS_metben,7674,7674,True
2024.10.25_06-29-41_CantonS_metben,7685,7689,True
2024.10.25_06-29-41_CantonS_metben,8037,8110,True
2024.10.25_06-29-41_CantonS_metben,8119,8119,True
2024.10.25_06-29-41_CantonS_metben,8122,8123,True
2024.10.25_06-29-41_CantonS_metben,8125,8125,True
2024.10.25_06-29-41_CantonS_metben,8127,8130,True
2024.10.25_06-29-41_CantonS_metben,8132,8134,True
2024.10.25_06-29-41_CantonS_metben,8136,8138,True
2024.10.25_06-29-41_CantonS_metben,8140,8141,True
2024.10.25_06-29-41_CantonS_metben,8143,8148,True
2024.10.25_06-29-41_CantonS_metben,8150,8158,True
2024.10.25_06-29-41_CantonS_metben,8160,8167,True
2024.10.25_06-29-41_CantonS_metben,8178,8183,True
2024.10.25_06-29-41_CantonS_metben,8185,8190,True
2024.10.25_06-29-41_CantonS_metben,8192,8193,True
2024.10.25_06-29-41_CantonS_metben,8196,8199,True
2024.10.25_06-29-41_CantonS_metben,8206,8207,True
2024.10.25_06-29-41_CantonS_metben,8223,8224,True
2024.10.25_06-29-41_CantonS_metben,8227,8234,True
2024.10.25_06-29-41_CantonS_metben,8236,8237,True
2024.10.25_06-29-41_CantonS_metben,8239,8245,True
2024.10.25_06-29-41_CantonS_metben,8247,8255,True
2024.10.25_06-29-41_CantonS_metben,8257,8262,True
2024.10.25_06-29-41_CantonS_metben,8264,8265,True
2024.10.25_06-29-41_CantonS_metben,8267,8267,True
2024.10.25_06-29-41_CantonS_metben,8269,8270,True
2024.10.25_06-29-41_CantonS_metben,8272,8273,True
2024.10.25_06-29-41_CantonS_metben,8275,8275,True
2024.10.25_06-29-41_CantonS_metben,8280,8304,True
2024.10.25_06-29-41_CantonS_metben,8306,8310,True
2024.10.25_06-29-41_CantonS_metben,8312,8318,True
2024.10.25_06-29-41_CantonS_metben,8328,8338,True
2024.10.25_06-29-41_CantonS_metben,8340,8340,True
2024.10.25_06-29-41_CantonS_metben,8352,8357,True
2024.10.25_06-29-41_CantonS_metben,8359,8361,True
2024.10.25_06-29-41_CantonS_metben,8365,8379,True
2024.10.25_06-29-41_CantonS_metben,8381,8384,True
2024.10.25_06-29-41_CantonS_metben,8386,8399,True
2024.10.25_06-29-41_CantonS_metben,8401,8401,True
2024.10.25_06-29-41_CantonS_metben,8403,8430,True
2024.10.25_06-29-41_CantonS_metben,8432,8435,True
2024.10.25_06-29-41_CantonS_metben,8437,8442,True
2024.10.25_06-29-41_CantonS_metben,8444,8456,True
2024.10.25_06-29-41_CantonS_metben,8458,8464,True
2024.10.08_14-23-02_Sussex_metbut,854,2773,True
2024.10.08_14-23-02_Sussex_metbut,2795,2817,True
2024.10.08_14-23-02_Sussex_metbut,2836,2836,True
2024.10.08_14-23-02_Sussex_metbut,2845,2854,True
2024.10.08_14-23-02_Sussex_metbut,2859,2860,True
2024.10.08_14-23-02_Sussex_metbut,2862,2862,True
2024.10.08_14-23-02_Sussex_metbut,7051,7163,True
2024.10.08_14-23-02_Sussex_metbut,7165,7178,True
2024.10.08_14-23-02_Sussex_metbut,7180,7198,True
2024.10.08_14-23-02_Sussex_metbut,7200,7228,True
2024.10.08_14-23-02_Sussex_metbut,7230,7620,True
2024.10.08_14-23-02_Sussex_metbut,7622,7626,True
2024.10.08_14-23-02_Sussex_metbut,7628,7643,True
2024.10.08_14-23-02_Sussex_metbut,7647,7672,True
2024.10.08_14-23-02_Sussex_metbut,7675,7733,True
2024.10.08_14-23-02_Sussex_metbut,7737,7747,True
2024.10.08_14-23-02_Sussex_metbut,7948,7950,True
2024.10.08_14-23-02_Sussex_metbut,7977,7977,True
2024.10.08_14-23-02_Sussex_metbut,8042,8043,True
2024.10.08_14-23-02_Sussex_metbut,8094,8094,True
2024.10.08_14-23-02_Sussex_metbut,8100,8100,True
2024.10.08_14-23-02_Sussex_metbut,8149,8150,True
2024.10.08_14-23-02_Sussex_metbut,8612,8612,True
2024.10.29_04-36-53_Biarmipes84_metben,930,2448,True
2024.10.29_04-36-53_Biarmipes84_metben,3093,3113,True
2024.10.29_04-36-53_Biarmipes84_metben,3138,3161,True
2024.10.29_04-36-53_Biarmipes84_metben,3227,3250,True
2024.10.29_04-36-53_Biarmipes84_metben,3777,4559,True
2024.10.29_04-36-53_Biarmipes84_metben,5010,5409,True
2024.10.29_04-36-53_Biarmipes84_metben,5849,5868,True
2024.10.29_04-36-53_Biarmipes84_metben,5876,5900,True
2024.10.29_04-36-53_Biarmipes84_metben,6213,6250,True
2024.10.29_04-36-53_Biarmipes84_metben,6440,7378,True
2024.10.29_04-36-53_Biarmipes84_metben,7778,8171,True
2024.10.29_04-36-53_Biarmipes84_metben,8192,8218,True
2024.10.29_04-36-53_Biarmipes84_metben,8241,8241,True
2024.10.29_04-36-53_Biarmipes84_metben,8243,8735,True
2024.10.29_04-36-53_Biarmipes84_metben,8737,8949,True
2024.10.23_14-21-18_Biarmipes_g224_prenac,943,943,True
2024.10.23_14-21-18_Biarmipes_g224_prenac,971,1324,True
2024.10.23_14-21-18_Biarmipes_g224_prenac,1607,1829,True
2024.10.23_14-21-18_Biarmipes_g224_prenac,2388,2400,True
2024.10.23_14-21-18_Biarmipes_g224_prenac,2430,2430,True
2024.10.23_14-21-18_Biarmipes_g224_prenac,2432,3063,True
2024.10.23_14-21-18_Biarmipes_g224_prenac,4661,4661,True
2024.10.23_14-21-18_Biarmipes_g224_prenac,4669,4669,True
2024.10.23_14-21-18_Biarmipes_g224_prenac,4674,4674,True
2024.10.23_14-21-18_Biarmipes_g224_prenac,4677,4677,True
2024.10.23_14-21-18_Biarmipes_g224_prenac,4681,4682,True
2024.10.23_14-21-18_Biarmipes_g224_prenac,4684,4685,True
2024.10.23_14-21-18_Biarmipes_g224_prenac,4688,4688,True
2024.10.23_14-21-18_Biarmipes_g224_prenac,4690,4691,True
2024.10.23_14-21-18_Biarmipes_g224_prenac,4693,4693,True
2024.10.23_14-21-18_Biarmipes_g224_prenac,4696,4696,True
2024.10.23_14-21-18_Biarmipes_g224_prenac,4699,4699,True
2024.10.23_14-21-18_Biarmipes_g224_prenac,4703,4705,True
2024.10.23_14-21-18_Biarmipes_g224_prenac,4707,4709,True
2024.10.23_14-21-18_Biarmipes_g224_prenac,4711,4715,True
2024.10.23_14-21-18_Biarmipes_g224_prenac,4717,4719,True
2024.10.23_14-21-18_Biarmipes_g224_prenac,4722,4723,True
2024.10.23_14-21-18_Biarmipes_g224_prenac,4726,4729,True
2024.10.23_14-21-18_Biarmipes_g224_prenac,4733,4735,True
2024.10.23_14-21-18_Biarmipes_g224_prenac,4737,4737,True
2024.10.23_14-21-18_Biarmipes_g224_prenac,4740,4740,True
2024.10.23_14-21-18_Biarmipes_g224_prenac,4742,4742,True
2024.10.23_14-21-18_Biarmipes_g224_prenac,4744,4745,True
2024.10.23_14-21-18_Biarmipes_g224_prenac,4747,4749,True
2024.10.23_14-21-18_Biarmipes_g224_prenac,4751,4753,True
2024.10.23_14-21-18_Biarmipes_g224_prenac,4756,4978,True
2024.10.23_14-21-18_Biarmipes_g224_prenac,5005,5007,True
2024.10.23_14-21-18_Biarmipes_g224_prenac,5009,5009,True
2024.10.23_14-21-18_Biarmipes_g224_prenac,5017,5021,True
2024.10.23_14-21-18_Biarmipes_g224_prenac,5023,5023,True
2024.10.23_14-21-18_Biarmipes_g224_prenac,5026,5062,True
2024.10.23_14-21-18_Biarmipes_g224_prenac,5064,5101,True
2024.10.23_14-21-18_Biarmipes_g224_prenac,5103,5105,True
2024.10.23_14-21-18_Biarmipes_g224_prenac,5116,5117,True
2024.10.23_14-21-18_Biarmipes_g224_prenac,5121,5122,True
2024.10.23_14-21-18_Biarmipes_g224_prenac,5133,5133,True
2024.10.23_14-21-18_Biarmipes_g224_prenac,5137,5137,True
2024.10.23_14-21-18_Biarmipes_g224_prenac,5141,5141,True
2024.10.23_14-21-18_Biarmipes_g224_prenac,5150,5150,True
2024.10.23_14-21-18_Biarmipes_g224_prenac,5156,5171,True
2024.10.23_14-21-18_Biarmipes_g224_prenac,5174,5180,True
2024.10.23_14-21-18_Biarmipes_g224_prenac,5182,5189,True
2024.10.23_14-21-18_Biarmipes_g224_prenac,5191,5192,True
2024.10.23_14-21-18_Biarmipes_g224_prenac,5194,5194,True
2024.10.23_14-21-18_Biarmipes_g224_prenac,5196,5197,True
2024.10.23_14-21-18_Biarmipes_g224_prenac,5199,5201,True
2024.10.23_14-21-18_Biarmipes_g224_prenac,5203,5203,True
2024.10.23_14-21-18_Biarmipes_g224_prenac,5205,5205,True
2024.10.23_14-21-18_Biarmipes_g224_prenac,5208,5213,True
2024.10.23_14-21-18_Biarmipes_g224_prenac,5216,5268,True
2024.10.23_14-21-18_Biarmipes_g224_prenac,5270,5309,True
2024.10.23_14-21-18_Biarmipes_g224_prenac,5311,5311,True
2024.10.23_14-21-18_Biarmipes_g224_prenac,5313,5317,True
2024.10.23_14-21-18_Biarmipes_g224_prenac,5319,5331,True
2024.10.23_14-21-18_Biarmipes_g224_prenac,5333,5337,True
2024.10.23_14-21-18_Biarmipes_g224_prenac,5339,5346,True
2024.10.23_14-21-18_Biarmipes_g224_prenac,5350,5350,True
2024.10.23_14-21-18_Biarmipes_g224_prenac,5352,5360,True
2024.10.23_14-21-18_Biarmipes_g224_prenac,5363,5366,True
2024.10.23_14-21-18_Biarmipes_g224_prenac,5388,5388,True
2024.10.23_14-21-18_Biarmipes_g224_prenac,5629,5635,True
2024.10.23_14-21-18_Biarmipes_g224_prenac,5650,5683,True
2024.10.23_14-21-18_Biarmipes_g224_prenac,5702,5733,True
2024.10.23_14-21-18_Biarmipes_g224_prenac,5758,5768,True
2024.10.23_14-21-18_Biarmipes_g224_prenac,5770,5786,True
2024.10.23_14-21-18_Biarmipes_g224_prenac,5788,5790,True
2024.10.23_14-21-18_Biarmipes_g224_prenac,5802,5802,True
2024.10.23_14-21-18_Biarmipes_g224_prenac,5811,5817,True
2024.10.23_14-21-18_Biarmipes_g224_prenac,5881,5891,True
2024.10.23_14-21-18_Biarmipes_g224_prenac,5924,5930,True
2024.10.23_14-21-18_Biarmipes_g224_prenac,5975,5975,True
2024.10.23_14-21-18_Biarmipes_g224_prenac,5981,5983,True
2024.10.23_14-21-18_Biarmipes_g224_prenac,5985,5986,True
2024.10.23_14-21-18_Biarmipes_g224_prenac,5989,6004,True
2024.10.23_14-21-18_Biarmipes_g224_prenac,6006,6007,True
2024.10.23_14-21-18_Biarmipes_g224_prenac,6009,6014,True
2024.10.23_14-21-18_Biarmipes_g224_prenac,6019,6027,True
2024.10.23_14-21-18_Biarmipes_g224_prenac,6029,6046,True
2024.10.23_14-21-18_Biarmipes_g224_prenac,6048,6061,True
2024.10.23_14-21-18_Biarmipes_g224_prenac,6072,6074,True
2024.10.23_14-21-18_Biarmipes_g224_prenac,6076,6082,True
2024.10.23_14-21-18_Biarmipes_g224_prenac,6084,6095,True
2024.10.23_14-21-18_Biarmipes_g224_prenac,6097,6100,True
2024.10.23_14-21-18_Biarmipes_g224_prenac,6117,6119,True
2024.10.23_14-21-18_Biarmipes_g224_prenac,6121,6126,True
2024.10.23_14-21-18_Biarmipes_g224_prenac,6136,6157,True
2024.10.23_14-21-18_Biarmipes_g224_prenac,6217,6239,True
2024.10.23_14-21-18_Biarmipes_g224_prenac,6241,6253,True
2024.10.23_14-21-18_Biarmipes_g224_prenac,6256,6256,True
2024.10.23_14-21-18_Biarmipes_g224_prenac,6258,6259,True
2024.10.23_14-21-18_Biarmipes_g224_prenac,6262,6319,True
2024.10.23_14-21-18_Biarmipes_g224_prenac,6368,6368,True
2024.10.23_14-21-18_Biarmipes_g224_prenac,6373,6373,True
2024.10.23_14-21-18_Biarmipes_g224_prenac,6385,6385,True
2024.10.23_14-21-18_Biarmipes_g224_prenac,6387,6387,True
2024.10.23_14-21-18_Biarmipes_g224_prenac,6396,6396,True
2024.10.23_14-21-18_Biarmipes_g224_prenac,6398,6398,True
2024.10.23_14-21-18_Biarmipes_g224_prenac,6403,6405,True
2024.10.23_14-21-18_Biarmipes_g224_prenac,6428,6428,True
2024.10.23_14-21-18_Biarmipes_g224_prenac,6431,6432,True
2024.10.23_14-21-18_Biarmipes_g224_prenac,6453,6453,True
2024.10.23_14-21-18_Biarmipes_g224_prenac,6458,6458,True
2024.10.23_14-21-18_Biarmipes_g224_prenac,6460,6462,True
2024.10.23_14-21-18_Biarmipes_g224_prenac,6464,6469,True
2024.10.23_14-21-18_Biarmipes_g224_prenac,6478,6478,True
2024.10.23_14-21-18_Biarmipes_g224_prenac,6481,6481,True
2024.10.23_14-21-18_Biarmipes_g224_prenac,6483,6489,True
2024.10.23_14-21-18_Biarmipes_g224_prenac,6549,6549,True
2024.10.23_14-21-18_Biarmipes_g224_prenac,6551,6552,True
2024.10.23_14-21-18_Biarmipes_g224_prenac,6554,6554,True
2024.10.23_14-21-18_Biarmipes_g224_prenac,6558,6560,True
2024.10.23_14-21-18_Biarmipes_g224_prenac,6563,6566,True
2024.10.23_14-21-18_Biarmipes_g224_prenac,6568,6568,True
2024.10.23_14-21-18_Biarmipes_g224_prenac,6615,6627,True
2024.10.23_14-21-18_Biarmipes_g224_prenac,6629,6629,True
2024.10.23_14-21-18_Biarmipes_g224_prenac,6632,6653,True
2024.10.23_14-21-18_Biarmipes_g224_prenac,6656,6656,True
2024.10.23_14-21-18_Biarmipes_g224_prenac,6659,6659,True
2024.10.23_14-21-18_Biarmipes_g224_prenac,6661,6673,True
2024.10.23_14-21-18_Biarmipes_g224_prenac,6675,6705,True
2024.10.23_14-21-18_Biarmipes_g224_prenac,6708,6708,True
2024.10.23_14-21-18_Biarmipes_g224_prenac,6711,6711,True
2024.10.23_14-21-18_Biarmipes_g224_prenac,6724,6725,True
2024.10.23_14-21-18_Biarmipes_g224_prenac,6750,6752,True
2024.10.23_14-21-18_Biarmipes_g224_prenac,6755,6755,True
2024.10.23_14-21-18_Biarmipes_g224_prenac,6774,6774,True
2024.10.23_14-21-18_Biarmipes_g224_prenac,6847,6849,True
2024.10.23_14-21-18_Biarmipes_g224_prenac,6851,6852,True
2024.10.23_14-21-18_Biarmipes_g224_prenac,6858,6860,True
2024.10.23_14-21-18_Biarmipes_g224_prenac,6862,6863,True
2024.10.23_14-21-18_Biarmipes_g224_prenac,6868,6869,True
2024.10.23_14-21-18_Biarmipes_g224_prenac,6873,6873,True
2024.10.23_14-21-18_Biarmipes_g224_prenac,6877,6879,True
2024.10.23_14-21-18_Biarmipes_g224_prenac,6881,6882,True
2024.10.23_14-21-18_Biarmipes_g224_prenac,6907,6908,True
2024.10.23_14-21-18_Biarmipes_g224_prenac,6910,6924,True
2024.10.23_14-21-18_Biarmipes_g224_prenac,6926,7003,True
2024.10.23_14-21-18_Biarmipes_g224_prenac,7005,7008,True
2024.10.23_14-21-18_Biarmipes_g224_prenac,7010,7052,True
2024.10.23_14-21-18_Biarmipes_g224_prenac,7054,7054,True
2024.10.23_14-21-18_Biarmipes_g224_prenac,7340,7734,True
2024.10.23_14-21-18_Biarmipes_g224_prenac,7736,8921,True
2024.10.15_08-02-03_Biarmipes_G224_1hexanol,1541,1547,True
2024.10.15_08-02-03_Biarmipes_G224_1hexanol,1549,1576,True
2024.10.15_08-02-03_Biarmipes_G224_1hexanol,1579,1633,True
2024.10.15_08-02-03_Biarmipes_G224_1hexanol,1635,3492,True
2024.10.15_08-02-03_Biarmipes_G224_1hexanol,3499,3563,True
2024.10.15_08-02-03_Biarmipes_G224_1hexanol,3565,3598,True
2024.10.15_08-02-03_Biarmipes_G224_1hexanol,3601,3642,True
2024.10.15_08-02-03_Biarmipes_G224_1hexanol,3657,3658,True
2024.10.15_08-02-03_Biarmipes_G224_1hexanol,3660,3688,True
2024.10.15_08-02-03_Biarmipes_G224_1hexanol,3692,3708,True
2024.10.15_08-02-03_Biarmipes_G224_1hexanol,3712,3725,True
2024.10.15_08-02-03_Biarmipes_G224_1hexanol,3729,3758,True
2024.10.15_08-02-03_Biarmipes_G224_1hexanol,3760,3760,True
2024.10.15_08-02-03_Biarmipes_G224_1hexanol,3775,3822,True
2024.10.15_08-02-03_Biarmipes_G224_1hexanol,4021,4052,True
2024.10.15_08-02-03_Biarmipes_G224_1hexanol,4054,4283,True
2024.10.15_08-02-03_Biarmipes_G224_1hexanol,4285,4289,True
2024.10.15_08-02-03_Biarmipes_G224_1hexanol,4291,4333,True
2024.10.15_08-02-03_Biarmipes_G224_1hexanol,4335,4365,True
2024.10.15_08-02-03_Biarmipes_G224_1hexanol,4372,4396,True
2024.10.15_08-02-03_Biarmipes_G224_1hexanol,4409,4425,True
2024.10.15_08-02-03_Biarmipes_G224_1hexanol,4427,4447,True
2024.10.15_08-02-03_Biarmipes_G224_1hexanol,4450,4451,True
2024.10.15_08-02-03_Biarmipes_G224_1hexanol,4456,4475,True
2024.10.15_08-02-03_Biarmipes_G224_1hexanol,4481,4481,True
2024.10.15_08-02-03_Biarmipes_G224_1hexanol,4484,4509,True
2024.10.15_08-02-03_Biarmipes_G224_1hexanol,4523,4766,True
2024.10.15_08-02-03_Biarmipes_G224_1hexanol,5962,6322,True
2024.10.15_08-02-03_Biarmipes_G224_1hexanol,6337,6967,True
2024.10.15_08-02-03_Biarmipes_G224_1hexanol,7723,7724,True
2024.10.15_08-02-03_Biarmipes_G224_1hexanol,8038,8055,True
2024.10.15_08-02-03_Biarmipes_G224_1hexanol,8061,8061,True
2024.10.15_08-02-03_Biarmipes_G224_1hexanol,8064,8064,True
2024.10.15_08-02-03_Biarmipes_G224_1hexanol,8084,8084,True
2024.10.15_08-02-03_Biarmipes_G224_1hexanol,8086,8257,True
2024.10.15_08-02-03_Biarmipes_G224_1hexanol,8277,8341,True
2024.10.15_08-02-03_Biarmipes_G224_1hexanol,8357,8999,True
2024.10.07_11-26-58_Biarmipes84_no_odor,3,51,True
2024.10.07_11-26-58_Biarmipes84_no_odor,53,414,True
2024.10.07_11-26-58_Biarmipes84_no_odor,416,416,True
2024.10.07_11-26-58_Biarmipes84_no_odor,748,749,True
2024.10.07_11-26-58_Biarmipes84_no_odor,1899,2180,True
2024.10.07_11-26-58_Biarmipes84_no_odor,5761,5761,True
2024.10.07_11-26-58_Biarmipes84_no_odor,5777,5777,True
2024.10.07_11-26-58_Biarmipes84_no_odor,5779,5779,True
2024.10.07_11-26-58_Biarmipes84_no_odor,5782,5782,True
2024.10.07_11-26-58_Biarmipes84_no_odor,5784,5784,True
2024.10.07_11-26-58_Biarmipes84_no_odor,5791,5791,True
2024.10.07_11-26-58_Biarmipes84_no_odor,5797,5797,True
2024.10.07_11-26-58_Biarmipes84_no_odor,5803,5804,True
2024.10.07_11-26-58_Biarmipes84_no_odor,5813,5813,True
2024.10.07_11-26-58_Biarmipes84_no_odor,5840,5840,True
2024.10.07_11-26-58_Biarmipes84_no_odor,5904,5904,True
2024.10.07_11-26-58_Biarmipes84_no_odor,5915,5915,True
2024.10.07_11-26-58_Biarmipes84_no_odor,5922,5922,True
2024.10.07_11-26-58_Biarmipes84_no_odor,5942,5944,True
2024.10.07_11-26-58_Biarmipes84_no_odor,5946,5946,True
2024.10.07_11-26-58_Biarmipes84_no_odor,5948,5948,True
2024.10.07_11-26-58_Biarmipes84_no_odor,5950,5950,True
2024.10.07_11-26-58_Biarmipes84_no_odor,5963,5963,True
2024.10.07_11-26-58_Biarmipes84_no_odor,5971,5971,True
2024.10.07_11-26-58_Biarmipes84_no_odor,5986,5986,True
2024.10.07_11-26-58_Biarmipes84_no_odor,5988,5988,True
2024.10.07_11-26-58_Biarmipes84_no_odor,5998,5998,True
2024.10.07_11-26-58_Biarmipes84_no_odor,6006,6006,True
2024.10.07_11-26-58_Biarmipes84_no_odor,6008,6008,True
2024.10.07_11-26-58_Biarmipes84_no_odor,6010,6012,True
2024.10.07_11-26-58_Biarmipes84_no_odor,6015,6015,True
2024.10.07_11-26-58_Biarmipes84_no_odor,6017,6017,True
2024.10.07_11-26-58_Biarmipes84_no_odor,6021,6026,True
2024.10.07_11-26-58_Biarmipes84_no_odor,6036,6036,True
2024.10.07_11-26-58_Biarmipes84_no_odor,6040,6040,True
2024.10.07_11-26-58_Biarmipes84_no_odor,6042,6042,True
2024.10.07_11-26-58_Biarmipes84_no_odor,6046,6047,True
2024.10.07_11-26-58_Biarmipes84_no_odor,6055,6055,True
2024.10.07_11-26-58_Biarmipes84_no_odor,6057,6059,True
2024.10.07_11-26-58_Biarmipes84_no_odor,6061,6061,True
2024.10.07_11-26-58_Biarmipes84_no_odor,6070,6074,True
2024.10.07_11-26-58_Biarmipes84_no_odor,6076,6080,True
2024.10.07_11-26-58_Biarmipes84_no_odor,6082,6084,True
2024.10.07_11-26-58_Biarmipes84_no_odor,6089,6091,True
2024.10.07_11-26-58_Biarmipes84_no_odor,6094,6098,True
2024.10.07_11-26-58_Biarmipes84_no_odor,6114,6116,True
2024.10.07_11-26-58_Biarmipes84_no_odor,6127,6130,True
2024.10.07_11-26-58_Biarmipes84_no_odor,6132,6132,True
2024.10.07_11-26-58_Biarmipes84_no_odor,6134,6134,True
2024.10.07_11-26-58_Biarmipes84_no_odor,6142,6145,True
2024.10.07_11-26-58_Biarmipes84_no_odor,6147,6147,True
2024.10.07_11-26-58_Biarmipes84_no_odor,6149,6153,True
2024.10.07_11-26-58_Biarmipes84_no_odor,6155,6158,True
2024.10.07_11-26-58_Biarmipes84_no_odor,6160,6160,True
2024.10.07_11-26-58_Biarmipes84_no_odor,6162,6163,True
2024.10.07_11-26-58_Biarmipes84_no_odor,6165,6175,True
2024.10.07_11-26-58_Biarmipes84_no_odor,6177,6184,True
2024.10.07_11-26-58_Biarmipes84_no_odor,6186,6196,True
2024.10.07_11-26-58_Biarmipes84_no_odor,6199,6199,True
2024.10.07_11-26-58_Biarmipes84_no_odor,6201,6203,True
2024.10.07_11-26-58_Biarmipes84_no_odor,6205,6207,True
2024.10.07_11-26-58_Biarmipes84_no_odor,6214,6214,True
2024.10.07_11-26-58_Biarmipes84_no_odor,6222,6224,True
2024.10.07_11-26-58_Biarmipes84_no_odor,6231,6234,True
2024.10.07_11-26-58_Biarmipes84_no_odor,6236,6238,True
2024.10.07_11-26-58_Biarmipes84_no_odor,6246,6246,True
2024.10.07_11-26-58_Biarmipes84_no_odor,6249,6250,True
2024.10.07_11-26-58_Biarmipes84_no_odor,6255,6256,True
2024.10.07_11-26-58_Biarmipes84_no_odor,6258,6260,True
2024.10.07_11-26-58_Biarmipes84_no_odor,6274,6276,True
2024.10.07_11-26-58_Biarmipes84_no_odor,6282,6286,True
2024.10.07_11-26-58_Biarmipes84_no_odor,6288,6291,True
2024.10.07_11-26-58_Biarmipes84_no_odor,6293,6298,True
2024.10.07_11-26-58_Biarmipes84_no_odor,6300,6301,True
2024.10.07_11-26-58_Biarmipes84_no_odor,6316,6321,True
2024.10.07_11-26-58_Biarmipes84_no_odor,6340,6340,True
2024.10.07_11-26-58_Biarmipes84_no_odor,6342,6348,True
2024.10.07_11-26-58_Biarmipes84_no_odor,6350,6352,True
2024.10.07_11-26-58_Biarmipes84_no_odor,6354,6356,True
2024.10.07_11-26-58_Biarmipes84_no_odor,6381,6386,True
2024.10.07_11-26-58_Biarmipes84_no_odor,6415,6415,True
2024.10.07_11-26-58_Biarmipes84_no_odor,6433,6435,True
2024.10.07_11-26-58_Biarmipes84_no_odor,6451,6451,True
2024.10.07_11-26-58_Biarmipes84_no_odor,6467,6474,True
2024.10.07_11-26-58_Biarmipes84_no_odor,6505,6506,True
2024.10.07_11-26-58_Biarmipes84_no_odor,6508,6517,True
2024.10.07_11-26-58_Biarmipes84_no_odor,6521,6522,True
2024.10.07_11-26-58_Biarmipes84_no_odor,6524,6538,True
2024.10.07_11-26-58_Biarmipes84_no_odor,6540,6544,True
2024.10.07_11-26-58_Biarmipes84_no_odor,6546,6550,True
2024.10.07_11-26-58_Biarmipes84_no_odor,6554,6556,True
2024.10.07_11-26-58_Biarmipes84_no_odor,6560,6560,True
2024.10.07_11-26-58_Biarmipes84_no_odor,6585,6588,True
2024.10.07_11-26-58_Biarmipes84_no_odor,6594,6596,True
2024.10.07_11-26-58_Biarmipes84_no_odor,6598,6600,True
2024.10.07_11-26-58_Biarmipes84_no_odor,6605,6608,True
2024.10.07_11-26-58_Biarmipes84_no_odor,6615,6618,True
2024.10.07_11-26-58_Biarmipes84_no_odor,6639,6642,True
2024.10.07_11-26-58_Biarmipes84_no_odor,6648,6650,True
2024.10.07_11-26-58_Biarmipes84_no_odor,6652,6655,True
2024.10.07_11-26-58_Biarmipes84_no_odor,6658,6658,True
2024.10.07_11-26-58_Biarmipes84_no_odor,6662,6663,True
2024.10.07_11-26-58_Biarmipes84_no_odor,6666,6670,True
2024.10.07_11-26-58_Biarmipes84_no_odor,6674,6674,True
2024.10.07_11-26-58_Biarmipes84_no_odor,6709,6710,True
2024.10.07_11-26-58_Biarmipes84_no_odor,6714,6714,True
2024.10.07_11-26-58_Biarmipes84_no_odor,6716,6719,True
2024.10.07_11-26-58_Biarmipes84_no_odor,6721,6721,True
2024.10.07_11-26-58_Biarmipes84_no_odor,6725,6726,True
2024.10.07_11-26-58_Biarmipes84_no_odor,6728,6728,True
2024.10.07_11-26-58_Biarmipes84_no_odor,6740,6741,True
2024.10.07_11-26-58_Biarmipes84_no_odor,6743,6743,True
2024.10.07_11-26-58_Biarmipes84_no_odor,6745,6746,True
2024.10.07_11-26-58_Biarmipes84_no_odor,6750,6750,True
2024.10.07_11-26-58_Biarmipes84_no_odor,6757,6761,True
2024.10.07_11-26-58_Biarmipes84_no_odor,6768,6772,True
2024.10.07_11-26-58_Biarmipes84_no_odor,6775,6775,True
2024.10.07_11-26-58_Biarmipes84_no_odor,6777,6784,True
2024.10.07_11-26-58_Biarmipes84_no_odor,6787,6788,True
2024.10.07_11-26-58_Biarmipes84_no_odor,6792,6797,True
2024.10.07_11-26-58_Biarmipes84_no_odor,6801,6818,True
2024.10.07_11-26-58_Biarmipes84_no_odor,6820,6825,True
2024.10.07_11-26-58_Biarmipes84_no_odor,6828,6829,True
2024.10.07_11-26-58_Biarmipes84_no_odor,6831,6833,True
2024.10.07_11-26-58_Biarmipes84_no_odor,6841,6848,True
2024.10.07_11-26-58_Biarmipes84_no_odor,6850,6858,True
2024.10.07_11-26-58_Biarmipes84_no_odor,6860,6863,True
2024.10.07_11-26-58_Biarmipes84_no_odor,6865,6872,True
2024.10.07_11-26-58_Biarmipes84_no_odor,6874,6891,True
2024.10.07_11-26-58_Biarmipes84_no_odor,6894,6895,True
2024.10.07_11-26-58_Biarmipes84_no_odor,6927,6931,True
2024.10.07_11-26-58_Biarmipes84_no_odor,6940,6944,True
2024.10.07_11-26-58_Biarmipes84_no_odor,6947,6948,True
2024.10.07_11-26-58_Biarmipes84_no_odor,6951,6952,True
2024.10.07_11-26-58_Biarmipes84_no_odor,6975,6981,True
2024.10.07_11-26-58_Biarmipes84_no_odor,6983,6985,True
2024.10.07_11-26-58_Biarmipes84_no_odor,6987,6989,True
2024.10.07_11-26-58_Biarmipes84_no_odor,6991,6993,True
2024.10.07_11-26-58_Biarmipes84_no_odor,6995,6996,True
2024.10.07_11-26-58_Biarmipes84_no_odor,6998,6998,True
2024.10.07_11-26-58_Biarmipes84_no_odor,7000,7004,True
2024.10.07_11-26-58_Biarmipes84_no_odor,7007,7007,True
2024.10.07_11-26-58_Biarmipes84_no_odor,7031,7034,True
2024.10.07_11-26-58_Biarmipes84_no_odor,7038,7040,True
2024.10.07_11-26-58_Biarmipes84_no_odor,7042,7045,True
2024.10.07_11-26-58_Biarmipes84_no_odor,7047,7049,True
2024.10.07_11-26-58_Biarmipes84_no_odor,7053,7063,True
2024.10.07_11-26-58_Biarmipes84_no_odor,7068,7068,True
2024.10.07_11-26-58_Biarmipes84_no_odor,7074,7075,True
2024.10.07_11-26-58_Biarmipes84_no_odor,7077,7080,True
2024.10.07_11-26-58_Biarmipes84_no_odor,7090,7099,True
2024.10.07_11-26-58_Biarmipes84_no_odor,7101,7104,True
2024.10.07_11-26-58_Biarmipes84_no_odor,7112,7120,True
2024.10.07_11-26-58_Biarmipes84_no_odor,7123,7126,True
2024.10.07_11-26-58_Biarmipes84_no_odor,7128,7130,True
2024.10.07_11-26-58_Biarmipes84_no_odor,7132,7139,True
2024.10.07_11-26-58_Biarmipes84_no_odor,7141,7142,True
2024.10.07_11-26-58_Biarmipes84_no_odor,7144,7146,True
2024.10.07_11-26-58_Biarmipes84_no_odor,7148,7152,True
2024.10.07_11-26-58_Biarmipes84_no_odor,7159,7160,True
2024.10.07_11-26-58_Biarmipes84_no_odor,7163,7172,True
2024.10.07_11-26-58_Biarmipes84_no_odor,7174,7174,True
2024.10.07_11-26-58_Biarmipes84_no_odor,7196,7198,True
2024.10.07_11-26-58_Biarmipes84_no_odor,7202,7202,True
2024.10.07_11-26-58_Biarmipes84_no_odor,7206,7209,True
2024.10.07_11-26-58_Biarmipes84_no_odor,7211,7211,True
2024.10.07_11-26-58_Biarmipes84_no_odor,7215,7217,True
2024.10.07_11-26-58_Biarmipes84_no_odor,7231,7235,True
2024.10.07_11-26-58_Biarmipes84_no_odor,7259,7259,True
2024.10.07_11-26-58_Biarmipes84_no_odor,7269,7269,True
2024.10.07_11-26-58_Biarmipes84_no_odor,7278,7292,True
2024.10.07_11-26-58_Biarmipes84_no_odor,7295,7300,True
2024.10.07_11-26-58_Biarmipes84_no_odor,7302,7303,True
2024.10.07_11-26-58_Biarmipes84_no_odor,7305,7305,True
2024.10.07_11-26-58_Biarmipes84_no_odor,7314,7317,True
2024.10.07_11-26-58_Biarmipes84_no_odor,7320,7321,True
2024.10.07_11-26-58_Biarmipes84_no_odor,7326,7327,True
2024.10.07_11-26-58_Biarmipes84_no_odor,7330,7330,True
2024.10.07_11-26-58_Biarmipes84_no_odor,7333,7336,True
2024.10.07_11-26-58_Biarmipes84_no_odor,7338,7339,True
2024.10.07_11-26-58_Biarmipes84_no_odor,7345,7349,True
2024.10.07_11-26-58_Biarmipes84_no_odor,7356,7376,True
2024.10.07_11-26-58_Biarmipes84_no_odor,7380,7385,True
2024.10.07_11-26-58_Biarmipes84_no_odor,7389,7395,True
2024.10.07_11-26-58_Biarmipes84_no_odor,7402,7402,True
2024.10.07_11-26-58_Biarmipes84_no_odor,7405,7416,True
2024.10.07_11-26-58_Biarmipes84_no_odor,7449,7450,True
2024.10.07_11-26-58_Biarmipes84_no_odor,7481,7481,True
2024.10.07_11-26-58_Biarmipes84_no_odor,7505,7508,True
2024.10.07_11-26-58_Biarmipes84_no_odor,7510,7517,True
2024.10.07_11-26-58_Biarmipes84_no_odor,7547,7547,True
2024.10.07_11-26-58_Biarmipes84_no_odor,7549,7552,True
2024.10.07_11-26-58_Biarmipes84_no_odor,7555,7558,True
2024.10.07_11-26-58_Biarmipes84_no_odor,7560,7567,True
2024.10.07_11-26-58_Biarmipes84_no_odor,7569,7569,True
2024.10.07_11-26-58_Biarmipes84_no_odor,7612,7613,True
2024.10.07_11-26-58_Biarmipes84_no_odor,7615,7615,True
2024.10.07_11-26-58_Biarmipes84_no_odor,7621,7621,True
2024.10.07_11-26-58_Biarmipes84_no_odor,7629,7631,True
2024.10.07_11-26-58_Biarmipes84_no_odor,7667,7672,True
2024.10.07_11-26-58_Biarmipes84_no_odor,7674,7675,True
2024.10.07_11-26-58_Biarmipes84_no_odor,7677,7677,True
2024.10.07_11-26-58_Biarmipes84_no_odor,7680,7681,True
2024.10.07_11-26-58_Biarmipes84_no_odor,7685,7690,True
2024.10.07_11-26-58_Biarmipes84_no_odor,7692,7704,True
2024.10.07_11-26-58_Biarmipes84_no_odor,7706,7712,True
2024.10.07_11-26-58_Biarmipes84_no_odor,7714,7716,True
2024.10.07_11-26-58_Biarmipes84_no_odor,7718,7719,True
2024.10.07_11-26-58_Biarmipes84_no_odor,7721,7731,True
2024.10.07_11-26-58_Biarmipes84_no_odor,7733,7737,True
2024.10.07_11-26-58_Biarmipes84_no_odor,7740,7744,True
2024.10.07_11-26-58_Biarmipes84_no_odor,7746,7748,True
2024.10.07_11-26-58_Biarmipes84_no_odor,7753,7755,True
2024.10.07_11-26-58_Biarmipes84_no_odor,7757,7759,True
2024.10.07_11-26-58_Biarmipes84_no_odor,7762,7770,True
2024.10.07_11-26-58_Biarmipes84_no_odor,7773,7780,True
2024.10.07_11-26-58_Biarmipes84_no_odor,7787,7793,True
2024.10.07_11-26-58_Biarmipes84_no_odor,7796,7800,True
2024.10.07_11-26-58_Biarmipes84_no_odor,7802,7805,True
2024.10.07_11-26-58_Biarmipes84_no_odor,7807,7808,True
2024.10.07_11-26-58_Biarmipes84_no_odor,7814,7825,True
2024.10.07_11-26-58_Biarmipes84_no_odor,7829,7829,True
2024.10.07_11-26-58_Biarmipes84_no_odor,7895,7895,True
2024.10.07_11-26-58_Biarmipes84_no_odor,7899,7904,True
2024.10.07_11-26-58_Biarmipes84_no_odor,7910,7910,True
2024.10.07_11-26-58_Biarmipes84_no_odor,7912,7913,True
2024.10.07_11-26-58_Biarmipes84_no_odor,7918,7920,True
2024.10.07_11-26-58_Biarmipes84_no_odor,7936,7939,True
2024.10.07_11-26-58_Biarmipes84_no_odor,7946,7947,True
2024.10.07_11-26-58_Biarmipes84_no_odor,7957,7957,True
2024.10.07_11-26-58_Biarmipes84_no_odor,7968,7968,True
2024.10.07_11-26-58_Biarmipes84_no_odor,7975,7975,True
2024.10.07_11-26-58_Biarmipes84_no_odor,7987,7994,True
2024.10.07_11-26-58_Biarmipes84_no_odor,7996,7999,True
2024.10.07_11-26-58_Biarmipes84_no_odor,8007,8008,True
2024.10.07_11-26-58_Biarmipes84_no_odor,8010,8010,True
2024.10.07_11-26-58_Biarmipes84_no_odor,8012,8012,True
2024.10.07_11-26-58_Biarmipes84_no_odor,8014,8018,True
2024.10.07_11-26-58_Biarmipes84_no_odor,8032,8033,True
2024.10.07_11-26-58_Biarmipes84_no_odor,8062,8067,True
2024.10.07_11-26-58_Biarmipes84_no_odor,8070,8078,True
2024.10.07_11-26-58_Biarmipes84_no_odor,8081,8083,True
2024.10.07_11-26-58_Biarmipes84_no_odor,8086,8088,True
2024.10.07_11-26-58_Biarmipes84_no_odor,8095,8098,True
2024.10.07_11-26-58_Biarmipes84_no_odor,8105,8106,True
2024.10.07_11-26-58_Biarmipes84_no_odor,8111,8113,True
2024.10.07_11-26-58_Biarmipes84_no_odor,8115,8122,True
2024.10.07_11-26-58_Biarmipes84_no_odor,8127,8130,True
2024.10.07_11-26-58_Biarmipes84_no_odor,8133,8134,True
2024.10.07_11-26-58_Biarmipes84_no_odor,8151,8156,True
2024.10.07_11-26-58_Biarmipes84_no_odor,8172,8172,True
2024.10.07_11-26-58_Biarmipes84_no_odor,8174,8179,True
2024.10.07_11-26-58_Biarmipes84_no_odor,8181,8181,True
2024.10.07_11-26-58_Biarmipes84_no_odor,8183,8184,True
2024.10.07_11-26-58_Biarmipes84_no_odor,8192,8192,True
2024.10.07_11-26-58_Biarmipes84_no_odor,8199,8205,True
2024.10.07_11-26-58_Biarmipes84_no_odor,8215,8215,True
2024.10.07_11-26-58_Biarmipes84_no_odor,8228,8232,True
2024.10.07_11-26-58_Biarmipes84_no_odor,8234,8247,True
2024.10.07_11-26-58_Biarmipes84_no_odor,8251,8253,True
2024.10.07_11-26-58_Biarmipes84_no_odor,8255,8259,True
2024.10.07_11-26-58_Biarmipes84_no_odor,8261,8261,True
2024.10.07_11-26-58_Biarmipes84_no_odor,8267,8274,True
2024.10.07_11-26-58_Biarmipes84_no_odor,8276,8278,True
2024.10.07_11-26-58_Biarmipes84_no_odor,8281,8282,True
2024.10.07_11-26-58_Biarmipes84_no_odor,8285,8290,True
2024.10.07_11-26-58_Biarmipes84_no_odor,8309,8312,True
2024.10.07_11-26-58_Biarmipes84_no_odor,8314,8316,True
2024.10.07_11-26-58_Biarmipes84_no_odor,8318,8319,True
2024.10.07_11-26-58_Biarmipes84_no_odor,8322,8324,True
2024.10.07_11-26-58_Biarmipes84_no_odor,8326,8326,True
2024.10.07_11-26-58_Biarmipes84_no_odor,8329,8331,True
2024.10.07_11-26-58_Biarmipes84_no_odor,8346,8348,True
2024.10.07_11-26-58_Biarmipes84_no_odor,8350,8351,True
2024.10.07_11-26-58_Biarmipes84_no_odor,8353,8357,True
2024.10.07_11-26-58_Biarmipes84_no_odor,8359,8360,True
2024.10.07_11-26-58_Biarmipes84_no_odor,8363,8373,True
2024.10.07_11-26-58_Biarmipes84_no_odor,8376,8377,True
2024.10.07_11-26-58_Biarmipes84_no_odor,8380,8382,True
2024.10.07_11-26-58_Biarmipes84_no_odor,8385,8385,True
2024.10.07_11-26-58_Biarmipes84_no_odor,8387,8390,True
2024.10.07_11-26-58_Biarmipes84_no_odor,8392,8403,True
2024.10.11_14-52-17_Yakuba_cameroon_2hexanol,147,526,True
2024.10.11_14-52-17_Yakuba_cameroon_2hexanol,528,531,True
2024.10.11_14-52-17_Yakuba_cameroon_2hexanol,543,545,True
2024.10.11_14-52-17_Yakuba_cameroon_2hexanol,547,547,True
2024.10.11_14-52-17_Yakuba_cameroon_2hexanol,550,550,True
2024.10.11_14-52-17_Yakuba_cameroon_2hexanol,554,579,True
2024.10.11_14-52-17_Yakuba_cameroon_2hexanol,582,605,True
2024.10.11_14-52-17_Yakuba_cameroon_2hexanol,607,613,True
2024.10.11_14-52-17_Yakuba_cameroon_2hexanol,615,615,True
2024.10.11_14-52-17_Yakuba_cameroon_2hexanol,619,628,True
2024.10.11_14-52-17_Yakuba_cameroon_2hexanol,913,914,True
2024.10.11_14-52-17_Yakuba_cameroon_2hexanol,963,964,True
2024.10.11_14-52-17_Yakuba_cameroon_2hexanol,1210,1211,True
2024.10.11_14-52-17_Yakuba_cameroon_2hexanol,1218,1219,True
2024.10.11_14-52-17_Yakuba_cameroon_2hexanol,1330,1330,True
2024.10.11_14-52-17_Yakuba_cameroon_2hexanol,1332,1351,True
2024.10.11_14-52-17_Yakuba_cameroon_2hexanol,1361,1361,True
2024.10.11_14-52-17_Yakuba_cameroon_2hexanol,1364,1374,True
2024.10.11_14-52-17_Yakuba_cameroon_2hexanol,1392,1403,True
2024.10.11_14-52-17_Yakuba_cameroon_2hexanol,1405,1408,True
2024.10.11_14-52-17_Yakuba_cameroon_2hexanol,1418,2413,True
2024.10.11_14-52-17_Yakuba_cameroon_2hexanol,3620,4650,True
2024.10.11_14-52-17_Yakuba_cameroon_2hexanol,5777,5793,True
2024.10.11_14-52-17_Yakuba_cameroon_2hexanol,5839,5860,True
2024.10.11_14-52-17_Yakuba_cameroon_2hexanol,5872,5872,True
2024.10.11_14-52-17_Yakuba_cameroon_2hexanol,5874,5875,True
2024.10.11_14-52-17_Yakuba_cameroon_2hexanol,5877,5896,True
2024.10.11_14-52-17_Yakuba_cameroon_2hexanol,6152,6152,True
2024.10.11_14-52-17_Yakuba_cameroon_2hexanol,6154,6154,True
2024.10.11_14-52-17_Yakuba_cameroon_2hexanol,6158,6160,True
2024.10.11_14-52-17_Yakuba_cameroon_2hexanol,6528,6528,True
2024.10.11_14-52-17_Yakuba_cameroon_2hexanol,6532,6541,True
2024.10.11_14-52-17_Yakuba_cameroon_2hexanol,6732,6755,True
2024.10.11_14-52-17_Yakuba_cameroon_2hexanol,6775,7586,True
2024.10.11_14-52-17_Yakuba_cameroon_2hexanol,7606,7606,True
2024.10.11_14-52-17_Yakuba_cameroon_2hexanol,7608,7608,True
2024.10.11_14-52-17_Yakuba_cameroon_2hexanol,7611,8797,True
2024.10.30_09-40-02_Sussex_metben,483,510,True
2024.10.30_09-40-02_Sussex_metben,1704,1705,True
2024.10.30_09-40-02_Sussex_metben,1707,1707,True
2024.10.30_09-40-02_Sussex_metben,1709,1712,True
2024.10.30_09-40-02_Sussex_metben,1715,1723,True
2024.10.30_09-40-02_Sussex_metben,1725,2285,True
2024.10.30_09-40-02_Sussex_metben,2790,2814,True
2024.10.30_09-40-02_Sussex_metben,2846,3491,True
2024.10.30_09-40-02_Sussex_metben,3520,3733,True
2024.10.30_09-40-02_Sussex_metben,6605,6608,True
2024.10.30_09-40-02_Sussex_metben,6612,6614,True
2024.10.30_09-40-02_Sussex_metben,6616,6620,True
2024.10.30_09-40-02_Sussex_metben,6622,6622,True
2024.10.30_09-40-02_Sussex_metben,6628,6628,True
2024.10.30_09-40-02_Sussex_metben,6632,6637,True
2024.10.30_09-40-02_Sussex_metben,6731,6734,True
2024.10.30_09-40-02_Sussex_metben,6736,6741,True
2024.10.30_09-40-02_Sussex_metben,6747,6748,True
2024.10.30_09-40-02_Sussex_metben,6751,6759,True
2024.10.30_09-40-02_Sussex_metben,6761,6765,True
2024.10.30_09-40-02_Sussex_metben,6773,6773,True
2024.10.30_09-40-02_Sussex_metben,6775,6775,True
2024.10.30_09-40-02_Sussex_metben,6778,6778,True
2024.10.30_09-40-02_Sussex_metben,6780,6783,True
2024.10.30_09-40-02_Sussex_metben,6788,6788,True
2024.10.30_09-40-02_Sussex_metben,6793,6795,True
2024.10.30_09-40-02_Sussex_metben,6797,6797,True
2024.10.30_09-40-02_Sussex_metben,6799,6810,True
2024.10.30_09-40-02_Sussex_metben,6812,6816,True
2024.10.30_09-40-02_Sussex_metben,6818,6855,True
2024.10.30_09-40-02_Sussex_metben,6857,6960,True
2024.10.30_09-40-02_Sussex_metben,6962,7028,True
2024.10.30_09-40-02_Sussex_metben,7030,8999,True
2024.11.14_01-24-08_Biarmipes_G224_e2hex,3,784,True
2024.11.14_01-24-08_Biarmipes_G224_e2hex,1233,1527,True
2024.11.14_01-24-08_Biarmipes_G224_e2hex,2532,2540,True
2024.11.14_01-24-08_Biarmipes_G224_e2hex,2542,2543,True
2024.11.14_01-24-08_Biarmipes_G224_e2hex,2566,2823,True
2024.11.14_01-24-08_Biarmipes_G224_e2hex,3117,3125,True
2024.11.14_01-24-08_Biarmipes_G224_e2hex,3128,3150,True
2024.11.14_01-24-08_Biarmipes_G224_e2hex,3159,3219,True
2024.11.14_01-24-08_Biarmipes_G224_e2hex,3232,3349,True
2024.11.14_01-24-08_Biarmipes_G224_e2hex,3961,3961,True
2024.11.14_01-24-08_Biarmipes_G224_e2hex,3965,3965,True
2024.11.14_01-24-08_Biarmipes_G224_e2hex,3969,3970,True
2024.11.14_01-24-08_Biarmipes_G224_e2hex,3972,4494,True
2024.11.14_01-24-08_Biarmipes_G224_e2hex,4499,4831,True
2024.11.14_01-24-08_Biarmipes_G224_e2hex,6218,6218,True
2024.11.14_01-24-08_Biarmipes_G224_e2hex,6249,6249,True
2024.11.14_01-24-08_Biarmipes_G224_e2hex,6261,6261,True
2024.11.14_01-24-08_Biarmipes_G224_e2hex,6263,7461,True
2024.11.14_01-24-08_Biarmipes_G224_e2hex,8033,8358,True
2024.11.14_01-24-08_Biarmipes_G224_e2hex,8549,8584,True
2024.11.14_01-24-08_Biarmipes_G224_e2hex,8592,8999,True
2024.10.31_01-54-42_Yakuba_cameroon_metben,1667,1667,True
2024.10.31_01-54-42_Yakuba_cameroon_metben,1766,1776,True
2024.10.31_01-54-42_Yakuba_cameroon_metben,1907,1909,True
2024.10.31_01-54-42_Yakuba_cameroon_metben,1911,1915,True
2024.10.31_01-54-42_Yakuba_cameroon_metben,1919,1919,True
2024.10.31_01-54-42_Yakuba_cameroon_metben,1922,1924,True
2024.10.31_01-54-42_Yakuba_cameroon_metben,1926,1926,True
2024.10.31_01-54-42_Yakuba_cameroon_metben,1928,2460,True
2024.10.31_01-54-42_Yakuba_cameroon_metben,2465,2556,True
2024.10.31_01-54-42_Yakuba_cameroon_metben,3122,3610,True
2024.10.31_01-54-42_Yakuba_cameroon_metben,5325,5678,True
2024.10.31_01-54-42_Yakuba_cameroon_metben,5996,8166,True
2024.10.02_11-00-56_Biarmipes_G224_no_odor,1480,1488,True
2024.10.02_11-00-56_Biarmipes_G224_no_odor,1490,1490,True
2024.10.02_11-00-56_Biarmipes_G224_no_odor,1497,2972,True
2024.10.02_11-00-56_Biarmipes_G224_no_odor,4283,4288,True
2024.10.02_11-00-56_Biarmipes_G224_no_odor,4316,4319,True
2024.10.02_11-00-56_Biarmipes_G224_no_odor,4321,4336,True
2024.10.02_11-00-56_Biarmipes_G224_no_odor,4338,4345,True
2024.10.02_11-00-56_Biarmipes_G224_no_odor,4347,4349,True
2024.10.02_11-00-56_Biarmipes_G224_no_odor,4351,4351,True
2024.10.02_11-00-56_Biarmipes_G224_no_odor,4356,4362,True
2024.10.02_11-00-56_Biarmipes_G224_no_odor,4365,4411,True
2024.10.02_11-00-56_Biarmipes_G224_no_odor,4413,4424,True
2024.10.02_11-00-56_Biarmipes_G224_no_odor,4427,4451,True
2024.10.02_11-00-56_Biarmipes_G224_no_odor,4467,4516,True
2024.10.02_11-00-56_Biarmipes_G224_no_odor,4518,4522,True
2024.10.02_11-00-56_Biarmipes_G224_no_odor,4524,4534,True
2024.10.02_11-00-56_Biarmipes_G224_no_odor,4537,4542,True
2024.10.02_11-00-56_Biarmipes_G224_no_odor,4544,4549,True
2024.10.02_11-00-56_Biarmipes_G224_no_odor,4551,5727,True
2024.10.02_11-00-56_Biarmipes_G224_no_odor,6668,6824,True
2024.10.02_11-00-56_Biarmipes_G224_no_odor,7340,8849,True
2024.10.15_10-20-55_Sto_car_2hexanol,3,1220,True
2024.10.15_10-20-55_Sto_car_2hexanol,1828,1830,True
2024.10.15_10-20-55_Sto_car_2hexanol,3087,3111,True
2024.10.15_10-20-55_Sto_car_2hexanol,3199,3211,True
2024.10.15_10-20-55_Sto_car_2hexanol,3215,3216,True
2024.10.15_10-20-55_Sto_car_2hexanol,3218,3223,True
2024.10.15_10-20-55_Sto_car_2hexanol,3317,3317,True
2024.10.15_10-20-55_Sto_car_2hexanol,3319,3378,True
2024.10.15_10-20-55_Sto_car_2hexanol,3385,3903,True
2024.10.15_10-20-55_Sto_car_2hexanol,3905,3922,True
2024.10.15_10-20-55_Sto_car_2hexanol,5113,5729,True
2024.10.15_10-20-55_Sto_car_2hexanol,5857,5857,True
2024.10.15_10-20-55_Sto_car_2hexanol,5923,5942,True
2024.10.15_10-20-55_Sto_car_2hexanol,5944,5948,True
2024.10.15_10-20-55_Sto_car_2hexanol,5950,5950,True
2024.10.15_10-20-55_Sto_car_2hexanol,5956,5984,True
2024.10.15_10-20-55_Sto_car_2hexanol,5992,5992,True
2024.10.15_10-20-55_Sto_car_2hexanol,5994,5994,True
2024.10.15_10-20-55_Sto_car_2hexanol,5998,5999,True
2024.10.15_10-20-55_Sto_car_2hexanol,6001,6002,True
2024.10.15_10-20-55_Sto_car_2hexanol,6004,6008,True
2024.10.15_10-20-55_Sto_car_2hexanol,6010,6010,True
2024.10.15_10-20-55_Sto_car_2hexanol,6014,6069,True
2024.10.15_10-20-55_Sto_car_2hexanol,6071,6403,True
2024.10.15_10-20-55_Sto_car_2hexanol,6915,7529,True
2024.10.15_10-20-55_Sto_car_2hexanol,8252,8999,True
2024.12.11_19-25-30_Yakuba7_no_odor,2618,2659,True
2024.12.11_19-25-30_Yakuba7_no_odor,2661,2661,True
2024.12.11_19-25-30_Yakuba7_no_odor,2663,2663,True
2024.12.11_19-25-30_Yakuba7_no_odor,2691,5657,True
2024.12.11_19-25-30_Yakuba7_no_odor,8542,8542,True
2024.12.11_19-25-30_Yakuba7_no_odor,8749,8749,True
2024.12.11_19-25-30_Yakuba7_no_odor,8879,8879,True
2024.10.29_05-37-54_Yakuba7_metben,3,19,True
2024.10.29_05-37-54_Yakuba7_metben,21,1627,True
2024.10.29_05-37-54_Yakuba7_metben,1732,1760,True
2024.10.29_05-37-54_Yakuba7_metben,3766,3769,True
2024.10.29_05-37-54_Yakuba7_metben,3771,3781,True
2024.10.29_05-37-54_Yakuba7_metben,3786,3813,True
2024.10.29_05-37-54_Yakuba7_metben,3838,3838,True
2024.10.29_05-37-54_Yakuba7_metben,3841,5500,True
2024.10.29_05-37-54_Yakuba7_metben,5947,5947,True
2024.10.29_05-37-54_Yakuba7_metben,5952,5952,True
2024.10.29_05-37-54_Yakuba7_metben,5954,5965,True
2024.10.29_05-37-54_Yakuba7_metben,5967,6582,True
2024.10.29_05-37-54_Yakuba7_metben,8076,8084,True
2024.10.29_05-37-54_Yakuba7_metben,8114,8152,True
2024.10.29_05-37-54_Yakuba7_metben,8346,8346,True
2024.10.29_05-37-54_Yakuba7_metben,8348,8999,True
2025.04.09_16-20-02_Sussex_metbut,3,149,True
2025.04.09_16-20-02_Sussex_metbut,257,742,True
2025.04.09_16-20-02_Sussex_metbut,1765,1781,True
2025.04.09_16-20-02_Sussex_metbut,1983,2258,True
2025.04.09_16-20-02_Sussex_metbut,2263,2708,True
2025.04.09_16-20-02_Sussex_metbut,2710,2714,True
2025.04.09_16-20-02_Sussex_metbut,2716,2742,True
2025.04.09_16-20-02_Sussex_metbut,2744,2854,True
2025.04.09_16-20-02_Sussex_metbut,2857,2878,True
2025.04.09_16-20-02_Sussex_metbut,2880,2897,True
2025.04.09_16-20-02_Sussex_metbut,2902,2902,True
2025.04.09_16-20-02_Sussex_metbut,2906,2909,True
2025.04.09_16-20-02_Sussex_metbut,3398,3409,True
2025.04.09_16-20-02_Sussex_metbut,3472,3540,True
2025.04.09_16-20-02_Sussex_metbut,3970,4013,True
2025.04.09_16-20-02_Sussex_metbut,4015,4030,True
2025.04.09_16-20-02_Sussex_metbut,4032,4037,True
2025.04.09_16-20-02_Sussex_metbut,4042,4042,True
2025.04.09_16-20-02_Sussex_metbut,4048,4048,True
2025.04.09_16-20-02_Sussex_metbut,4051,5025,True
2025.04.09_16-20-02_Sussex_metbut,5044,5098,True
2025.04.09_16-20-02_Sussex_metbut,5100,5106,True
2025.04.09_16-20-02_Sussex_metbut,5120,5122,True
2025.04.09_16-20-02_Sussex_metbut,5938,5941,True
2025.04.09_16-20-02_Sussex_metbut,6546,6837,True
2025.04.09_16-20-02_Sussex_metbut,7428,8022,True
2025.04.09_16-20-02_Sussex_metbut,8437,8999,True
2024.09.24_15-33-43_Yakuba7_no_odor,3,589,True
2024.09.24_15-33-43_Yakuba7_no_odor,4052,6900,True
2024.09.24_15-33-43_Yakuba7_no_odor,7994,8999,True
2024.10.31_08-04-28_Biarmipes84_metben,3,898,True
2024.10.31_08-04-28_Biarmipes84_metben,2091,2229,True
2024.10.31_08-04-28_Biarmipes84_metben,2231,2232,True
2024.10.31_08-04-28_Biarmipes84_metben,2253,2278,True
2024.10.31_08-04-28_Biarmipes84_metben,2280,3125,True
2024.10.31_08-04-28_Biarmipes84_metben,3459,3813,True
2024.10.31_08-04-28_Biarmipes84_metben,5599,5622,True
2024.10.31_08-04-28_Biarmipes84_metben,5654,6823,True
2024.10.31_08-04-28_Biarmipes84_metben,6825,6901,True
2024.10.31_08-04-28_Biarmipes84_metben,7998,8024,True
2024.10.31_08-04-28_Biarmipes84_metben,8194,8527,True
